# This file is brought to you by Roblox Corporation
# Generated by Roblox Studio

mtllib dfsfsf.mtl

g Handle1

v 2.58676 1.82892 -14.1943 1 1 1 1 
v 2.60559 1.87761 -14.0959 1 1 1 1 
v 2.63195 1.88729 -14.1092 1 1 1 1 
v 2.6137 1.8401 -14.2051 1 1 1 1 
v 2.66211 1.88372 -14.1145 1 1 1 1 
v 2.64406 1.83708 -14.2094 1 1 1 1 
v 2.61032 1.73661 -14.1529 1 1 1 1 
v 2.63149 1.79145 -14.044 1 1 1 1 
v 2.60544 1.80738 -14.0481 1 1 1 1 
v 2.58447 1.75309 -14.1562 1 1 1 1 
v 2.59028 1.83147 -14.0606 1 1 1 1 
v 2.56989 1.77868 -14.1661 1 1 1 1 
v 2.59033 1.85717 -14.0781 1 1 1 1 
v 2.57072 1.80644 -14.1801 1 1 1 1 
v 2.60852 1.87751 -14.091 1 1 1 1 
v 2.64757 1.83957 -14.0752 1 1 1 1 
v 2.63351 1.88669 -14.1036 1 1 1 1 
v 2.66209 1.88331 -14.1086 1 1 1 1 
v 2.63306 1.79584 -14.0418 1 1 1 1 
v 2.60837 1.81094 -14.0457 1 1 1 1 
v 2.594 1.83377 -14.0576 1 1 1 1 
v 2.59406 1.85814 -14.0742 1 1 1 1 
v 2.60559 1.87761 -14.0959 1 1 1 1 
v 2.60852 1.87751 -14.091 1 1 1 1 
v 2.63351 1.88669 -14.1036 1 1 1 1 
v 2.63195 1.88729 -14.1092 1 1 1 1 
v 2.66209 1.88331 -14.1086 1 1 1 1 
v 2.66211 1.88372 -14.1145 1 1 1 1 
v 2.63149 1.79145 -14.044 1 1 1 1 
v 2.63306 1.79584 -14.0418 1 1 1 1 
v 2.60837 1.81094 -14.0457 1 1 1 1 
v 2.60544 1.80738 -14.0481 1 1 1 1 
v 2.594 1.83377 -14.0576 1 1 1 1 
v 2.59028 1.83147 -14.0606 1 1 1 1 
v 2.59406 1.85814 -14.0742 1 1 1 1 
v 2.59033 1.85717 -14.0781 1 1 1 1 
v 2.6845 1.79501 -14.1963 1 1 1 1 
v 2.66991 1.8206 -14.2062 1 1 1 1 
v 2.68817 1.86779 -14.1103 1 1 1 1 
v 2.70333 1.8437 -14.0978 1 1 1 1 
v 2.64069 1.73359 -14.1573 1 1 1 1 
v 2.66165 1.78788 -14.0492 1 1 1 1 
v 2.66763 1.74477 -14.168 1 1 1 1 
v 2.68802 1.79756 -14.0625 1 1 1 1 
v 2.68366 1.76725 -14.1823 1 1 1 1 
v 2.70327 1.81799 -14.0803 1 1 1 1 
v 2.70114 1.84537 -14.0928 1 1 1 1 
v 2.68677 1.86821 -14.1047 1 1 1 1 
v 2.63306 1.79584 -14.0418 1 1 1 1 
v 2.66164 1.79246 -14.0468 1 1 1 1 
v 2.68663 1.80164 -14.0594 1 1 1 1 
v 2.70109 1.82101 -14.0763 1 1 1 1 
v 2.70333 1.8437 -14.0978 1 1 1 1 
v 2.68817 1.86779 -14.1103 1 1 1 1 
v 2.68677 1.86821 -14.1047 1 1 1 1 
v 2.70114 1.84537 -14.0928 1 1 1 1 
v 2.66211 1.88372 -14.1145 1 1 1 1 
v 2.66209 1.88331 -14.1086 1 1 1 1 
v 2.63149 1.79145 -14.044 1 1 1 1 
v 2.66165 1.78788 -14.0492 1 1 1 1 
v 2.66164 1.79246 -14.0468 1 1 1 1 
v 2.63306 1.79584 -14.0418 1 1 1 1 
v 2.68802 1.79756 -14.0625 1 1 1 1 
v 2.68663 1.80164 -14.0594 1 1 1 1 
v 2.70327 1.81799 -14.0803 1 1 1 1 
v 2.70109 1.82101 -14.0763 1 1 1 1 
v 2.64521 1.54132 -14.3375 1 1 1 1 
v 2.60345 1.41701 -14.268 1 1 1 1 
v 2.45728 1.03884 -15.0279 1 1 1 1 
v 2.54673 1.30368 -15.1512 1 1 1 1 
v 2.38587 0.892985 -16.0844 1 1 1 1 
v 2.40942 0.963271 -16.1265 1 1 1 1 
v 2.45375 1.06844 -15.7287 1 1 1 1 
v 2.43281 1.00765 -15.7208 1 1 1 1 
v 2.34471 0.769546 -15.9999 1 1 1 1 
v 2.3653 0.831226 -16.0408 1 1 1 1 
v 2.38186 0.859979 -15.7068 1 1 1 1 
v 2.36771 0.819053 -15.7042 1 1 1 1 
v 2.45482 1.03187 -15.0305 1 1 1 1 
v 2.45199 1.0239 -15.0335 1 1 1 1 
v 2.41019 0.916202 -15.2588 1 1 1 1 
v 2.54073 1.29331 -15.2732 1 1 1 1 
v 2.4178 0.925544 -15.0372 1 1 1 1 
v 2.37907 0.826933 -15.2666 1 1 1 1 
v 2.2117 0.38513 -15.982 1 1 1 1 
v 2.26503 0.515132 -15.5647 1 1 1 1 
v 2.20199 0.336358 -15.6161 1 1 1 1 
v 2.18847 0.316392 -15.951 1 1 1 1 
v 2.23488 0.492611 -15.5621 1 1 1 1 
v 2.26187 0.554125 -15.2753 1 1 1 1 
v 2.2134 0.403121 -15.2971 1 1 1 1 
v 2.19034 0.366247 -15.5975 1 1 1 1 
v 2.34734 0.735949 -15.2752 1 1 1 1 
v 2.39001 0.844455 -15.0198 1 1 1 1 
v 2.35501 0.741583 -14.985 1 1 1 1 
v 2.31607 0.646303 -15.2836 1 1 1 1 
v 2.2659 0.55597 -15.1033 1 1 1 1 
v 2.2638 0.549203 -15.1007 1 1 1 1 
v 2.32146 0.643964 -14.9687 1 1 1 1 
v 2.28364 0.553021 -15.2871 1 1 1 1 
v 2.52639 1.28329 -15.8248 1 1 1 1 
v 2.47361 1.12656 -15.7439 1 1 1 1 
v 2.42733 1.01674 -16.159 1 1 1 1 
v 2.4535 1.09466 -16.2028 1 1 1 1 
v 2.23449 0.450669 -15.9794 1 1 1 1 
v 2.26068 0.526028 -15.9771 1 1 1 1 
v 2.29496 0.607293 -15.668 1 1 1 1 
v 2.28177 0.565659 -15.6047 1 1 1 1 
v 2.28586 0.598469 -15.9748 1 1 1 1 
v 2.31712 0.672694 -15.6951 1 1 1 1 
v 2.42285 1.0134 -15.7068 1 1 1 1 
v 2.44369 1.07392 -15.7148 1 1 1 1 
v 2.35978 1.10303 -15.7131 1 1 1 1 
v 2.33894 1.04251 -15.7052 1 1 1 1 
v 2.37232 0.866955 -15.6927 1 1 1 1 
v 2.28841 0.896064 -15.691 1 1 1 1 
v 2.27421 0.854995 -15.689 1 1 1 1 
v 2.35811 0.825885 -15.6907 1 1 1 1 
v 2.33249 0.770237 -16.0112 1 1 1 1 
v 2.24859 0.799346 -16.0095 1 1 1 1 
v 2.26933 0.861472 -16.0504 1 1 1 1 
v 2.35324 0.832363 -16.052 1 1 1 1 
v 2.39714 0.914499 -15.2701 1 1 1 1 
v 2.31324 0.943608 -15.2684 1 1 1 1 
v 2.44534 1.32523 -15.2828 1 1 1 1 
v 2.52925 1.29612 -15.2845 1 1 1 1 
v 2.36614 0.825616 -15.2785 1 1 1 1 
v 2.28223 0.854725 -15.2768 1 1 1 1 
v 2.31324 0.943608 -15.2684 1 1 1 1 
v 2.39714 0.914499 -15.2701 1 1 1 1 
v 2.17703 0.319413 -15.9636 1 1 1 1 
v 2.09312 0.348522 -15.962 1 1 1 1 
v 2.11547 0.414583 -15.9912 1 1 1 1 
v 2.19938 0.385476 -15.9928 1 1 1 1 
v 2.19542 0.591563 -15.0496 1 1 1 1 
v 2.27906 0.561724 -15.052 1 1 1 1 
v 2.31221 0.651749 -14.9545 1 1 1 1 
v 2.2283 0.680858 -14.9529 1 1 1 1 
v 2.16003 0.518577 -15.5606 1 1 1 1 
v 2.18702 0.580091 -15.2738 1 1 1 1 
v 2.26187 0.554125 -15.2753 1 1 1 1 
v 2.23488 0.492611 -15.5621 1 1 1 1 
v 2.19955 0.398034 -15.3023 1 1 1 1 
v 2.13151 0.421635 -15.3009 1 1 1 1 
v 2.11138 0.380548 -15.5993 1 1 1 1 
v 2.1753 0.358374 -15.6006 1 1 1 1 
v 2.16793 0.291583 -15.9354 1 1 1 1 
v 2.08403 0.320693 -15.9337 1 1 1 1 
v 2.09312 0.348522 -15.962 1 1 1 1 
v 2.30362 0.646348 -15.2954 1 1 1 1 
v 2.21971 0.675458 -15.2937 1 1 1 1 
v 2.25052 0.76379 -15.2854 1 1 1 1 
v 2.33443 0.734681 -15.2871 1 1 1 1 
v 2.38084 0.852671 -15.009 1 1 1 1 
v 2.29693 0.88178 -15.0073 1 1 1 1 
v 2.26159 0.777905 -14.9721 1 1 1 1 
v 2.3455 0.748796 -14.9738 1 1 1 1 
v 2.40883 0.934285 -15.0252 1 1 1 1 
v 2.32492 0.963394 -15.0236 1 1 1 1 
v 2.2283 0.680858 -14.9529 1 1 1 1 
v 2.51744 1.29216 -15.8144 1 1 1 1 
v 2.43353 1.32127 -15.8128 1 1 1 1 
v 2.37968 1.1613 -15.7292 1 1 1 1 
v 2.46358 1.13219 -15.7309 1 1 1 1 
v 2.41558 1.0188 -16.1709 1 1 1 1 
v 2.33167 1.04791 -16.1692 1 1 1 1 
v 2.35671 1.12246 -16.2111 1 1 1 1 
v 2.44062 1.09335 -16.2128 1 1 1 1 
v 2.28539 0.614268 -15.6557 1 1 1 1 
v 2.20148 0.643377 -15.654 1 1 1 1 
v 2.18852 0.60239 -15.5903 1 1 1 1 
v 2.27243 0.573281 -15.592 1 1 1 1 
v 2.2221 0.450874 -15.9908 1 1 1 1 
v 2.13819 0.479983 -15.9892 1 1 1 1 
v 2.16456 0.555859 -15.9868 1 1 1 1 
v 2.24847 0.52675 -15.9885 1 1 1 1 
v 2.27243 0.573281 -15.592 1 1 1 1 
v 2.18852 0.60239 -15.5903 1 1 1 1 
v 2.1717 0.551692 -15.5511 1 1 1 1 
v 2.25561 0.522583 -15.5528 1 1 1 1 
v 2.30744 0.679431 -15.6837 1 1 1 1 
v 2.22354 0.70854 -15.6821 1 1 1 1 
v 2.18973 0.628273 -15.9846 1 1 1 1 
v 2.27364 0.599164 -15.9863 1 1 1 1 
v 2.39759 0.965254 -16.1408 1 1 1 1 
v 2.37401 0.894852 -16.098 1 1 1 1 
v 2.2901 0.923961 -16.0964 1 1 1 1 
v 2.31369 0.994364 -16.1391 1 1 1 1 
v 2.19783 0.358644 -15.5988 1 1 1 1 
v 2.25783 0.511605 -15.5555 1 1 1 1 
v 2.23488 0.492611 -15.5621 1 1 1 1 
v 2.19034 0.366247 -15.5975 1 1 1 1 
v 2.27523 0.553281 -15.0984 1 1 1 1 
v 2.2659 0.55597 -15.1033 1 1 1 1 
v 2.26187 0.554125 -15.2753 1 1 1 1 
v 2.275 0.550073 -15.2948 1 1 1 1 
v 2.18684 0.58066 -15.2931 1 1 1 1 
v 2.275 0.550073 -15.2948 1 1 1 1 
v 2.26187 0.554125 -15.2753 1 1 1 1 
v 2.18702 0.580091 -15.2738 1 1 1 1 
v 2.10766 0.369983 -15.602 1 1 1 1 
v 2.19046 0.341259 -15.6036 1 1 1 1 
v 2.1753 0.358374 -15.6006 1 1 1 1 
v 2.11138 0.380548 -15.5993 1 1 1 1 
v 2.25519 0.559899 -15.0915 1 1 1 1 
v 2.26639 0.556986 -15.0716 1 1 1 1 
v 2.192 0.582831 -15.0694 1 1 1 1 
v 2.19132 0.582058 -15.0903 1 1 1 1 
v 2.25561 0.522583 -15.5528 1 1 1 1 
v 2.16003 0.518577 -15.5606 1 1 1 1 
v 2.23488 0.492611 -15.5621 1 1 1 1 
v 2.25783 0.511605 -15.5555 1 1 1 1 
v 2.58929 1.41112 -14.2624 1 1 1 1 
v 2.50538 1.44023 -14.2607 1 1 1 1 
v 2.35908 1.06171 -15.0214 1 1 1 1 
v 2.44298 1.03261 -15.023 1 1 1 1 
v 2.51059 1.45498 -14.256 1 1 1 1 
v 2.5945 1.42587 -14.2576 1 1 1 1 
v 2.63563 1.54832 -14.3262 1 1 1 1 
v 2.55172 1.57743 -14.3246 1 1 1 1 
v 2.19502 0.31663 -15.6226 1 1 1 1 
v 2.18283 0.299001 -15.931 1 1 1 1 
v 2.29085 0.561208 -15.0653 1 1 1 1 
v 2.1802 0.309315 -15.6252 1 1 1 1 
v 2.09629 0.338424 -15.6235 1 1 1 1 
v 2.08403 0.320693 -15.9337 1 1 1 1 
v 2.16793 0.291583 -15.9354 1 1 1 1 
v 2.10043 0.349507 -15.6086 1 1 1 1 
v 2.18434 0.320398 -15.6103 1 1 1 1 
v 2.19046 0.341259 -15.6036 1 1 1 1 
v 2.10766 0.369983 -15.602 1 1 1 1 
v 2.27445 0.562706 -15.3033 1 1 1 1 
v 2.19054 0.591815 -15.3016 1 1 1 1 
v 2.15158 0.46734 -15.0875 1 1 1 1 
v 2.22159 0.443052 -15.0888 1 1 1 1 
v 2.25519 0.559899 -15.0915 1 1 1 1 
v 2.19132 0.582058 -15.0903 1 1 1 1 
v 2.21739 0.430125 -15.1 1 1 1 1 
v 2.14693 0.454572 -15.0986 1 1 1 1 
v 2.2638 0.549203 -15.1007 1 1 1 1 
v 2.23154 0.437551 -15.1006 1 1 1 1 
v 2.2134 0.403121 -15.2971 1 1 1 1 
v 2.4535 1.09466 -16.2028 1 1 1 1 
v 2.42733 1.01674 -16.159 1 1 1 1 
v 2.41558 1.0188 -16.1709 1 1 1 1 
v 2.44062 1.09335 -16.2128 1 1 1 1 
v 2.40942 0.963271 -16.1265 1 1 1 1 
v 2.39759 0.965254 -16.1408 1 1 1 1 
v 2.63563 1.54832 -14.3262 1 1 1 1 
v 2.5945 1.42587 -14.2576 1 1 1 1 
v 2.60345 1.41701 -14.268 1 1 1 1 
v 2.64521 1.54132 -14.3375 1 1 1 1 
v 2.5945 1.42587 -14.2576 1 1 1 1 
v 2.51059 1.45498 -14.256 1 1 1 1 
v 2.50538 1.44023 -14.2607 1 1 1 1 
v 2.58929 1.41112 -14.2624 1 1 1 1 
v 2.58929 1.41112 -14.2624 1 1 1 1 
v 2.44298 1.03261 -15.023 1 1 1 1 
v 2.45728 1.03884 -15.0279 1 1 1 1 
v 2.60345 1.41701 -14.268 1 1 1 1 
v 2.45199 1.0239 -15.0335 1 1 1 1 
v 2.44298 1.03261 -15.023 1 1 1 1 
v 2.40883 0.934285 -15.0252 1 1 1 1 
v 2.4178 0.925544 -15.0372 1 1 1 1 
v 2.35324 0.832363 -16.052 1 1 1 1 
v 2.37401 0.894852 -16.098 1 1 1 1 
v 2.38587 0.892985 -16.0844 1 1 1 1 
v 2.3653 0.831226 -16.0408 1 1 1 1 
v 2.34471 0.769546 -15.9999 1 1 1 1 
v 2.33249 0.770237 -16.0112 1 1 1 1 
v 2.27364 0.599164 -15.9863 1 1 1 1 
v 2.28586 0.598469 -15.9748 1 1 1 1 
v 2.26068 0.526028 -15.9771 1 1 1 1 
v 2.24847 0.52675 -15.9885 1 1 1 1 
v 2.38084 0.852671 -15.009 1 1 1 1 
v 2.39001 0.844455 -15.0198 1 1 1 1 
v 2.52925 1.29612 -15.2845 1 1 1 1 
v 2.54073 1.29331 -15.2732 1 1 1 1 
v 2.41019 0.916202 -15.2588 1 1 1 1 
v 2.39714 0.914499 -15.2701 1 1 1 1 
v 2.39714 0.914499 -15.2701 1 1 1 1 
v 2.41019 0.916202 -15.2588 1 1 1 1 
v 2.37907 0.826933 -15.2666 1 1 1 1 
v 2.36614 0.825616 -15.2785 1 1 1 1 
v 2.34734 0.735949 -15.2752 1 1 1 1 
v 2.33443 0.734681 -15.2871 1 1 1 1 
v 2.51744 1.29216 -15.8144 1 1 1 1 
v 2.46358 1.13219 -15.7309 1 1 1 1 
v 2.47361 1.12656 -15.7439 1 1 1 1 
v 2.52639 1.28329 -15.8248 1 1 1 1 
v 2.44369 1.07392 -15.7148 1 1 1 1 
v 2.45375 1.06844 -15.7287 1 1 1 1 
v 2.38186 0.859979 -15.7068 1 1 1 1 
v 2.37232 0.866955 -15.6927 1 1 1 1 
v 2.35811 0.825885 -15.6907 1 1 1 1 
v 2.36771 0.819053 -15.7042 1 1 1 1 
v 2.43281 1.00765 -15.7208 1 1 1 1 
v 2.42285 1.0134 -15.7068 1 1 1 1 
v 2.30744 0.679431 -15.6837 1 1 1 1 
v 2.28539 0.614268 -15.6557 1 1 1 1 
v 2.29496 0.607293 -15.668 1 1 1 1 
v 2.31712 0.672694 -15.6951 1 1 1 1 
v 2.2117 0.38513 -15.982 1 1 1 1 
v 2.19938 0.385476 -15.9928 1 1 1 1 
v 2.2221 0.450874 -15.9908 1 1 1 1 
v 2.23449 0.450669 -15.9794 1 1 1 1 
v 2.18847 0.316392 -15.951 1 1 1 1 
v 2.17703 0.319413 -15.9636 1 1 1 1 
v 2.18283 0.299001 -15.931 1 1 1 1 
v 2.16793 0.291583 -15.9354 1 1 1 1 
v 2.26503 0.515132 -15.5647 1 1 1 1 
v 2.25783 0.511605 -15.5555 1 1 1 1 
v 2.19783 0.358644 -15.5988 1 1 1 1 
v 2.20199 0.336358 -15.6161 1 1 1 1 
v 2.26503 0.515132 -15.5647 1 1 1 1 
v 2.28177 0.565659 -15.6047 1 1 1 1 
v 2.27243 0.573281 -15.592 1 1 1 1 
v 2.25561 0.522583 -15.5528 1 1 1 1 
v 2.19783 0.358644 -15.5988 1 1 1 1 
v 2.19034 0.366247 -15.5975 1 1 1 1 
v 2.1753 0.358374 -15.6006 1 1 1 1 
v 2.19046 0.341259 -15.6036 1 1 1 1 
v 2.20199 0.336358 -15.6161 1 1 1 1 
v 2.19046 0.341259 -15.6036 1 1 1 1 
v 2.18434 0.320398 -15.6103 1 1 1 1 
v 2.19502 0.31663 -15.6226 1 1 1 1 
v 2.32146 0.643964 -14.9687 1 1 1 1 
v 2.31221 0.651749 -14.9545 1 1 1 1 
v 2.27906 0.561724 -15.052 1 1 1 1 
v 2.29085 0.561208 -15.0653 1 1 1 1 
v 2.35501 0.741583 -14.985 1 1 1 1 
v 2.3455 0.748796 -14.9738 1 1 1 1 
v 2.27523 0.553281 -15.0984 1 1 1 1 
v 2.26639 0.556986 -15.0716 1 1 1 1 
v 2.25519 0.559899 -15.0915 1 1 1 1 
v 2.2659 0.55597 -15.1033 1 1 1 1 
v 2.27523 0.553281 -15.0984 1 1 1 1 
v 2.275 0.550073 -15.2948 1 1 1 1 
v 2.28364 0.553021 -15.2871 1 1 1 1 
v 2.29085 0.561208 -15.0653 1 1 1 1 
v 2.26639 0.556986 -15.0716 1 1 1 1 
v 2.27906 0.561724 -15.052 1 1 1 1 
v 2.19542 0.591563 -15.0496 1 1 1 1 
v 2.192 0.582831 -15.0694 1 1 1 1 
v 2.18283 0.299001 -15.931 1 1 1 1 
v 2.19502 0.31663 -15.6226 1 1 1 1 
v 2.1802 0.309315 -15.6252 1 1 1 1 
v 2.16793 0.291583 -15.9354 1 1 1 1 
v 2.18434 0.320398 -15.6103 1 1 1 1 
v 2.10043 0.349507 -15.6086 1 1 1 1 
v 2.09629 0.338424 -15.6235 1 1 1 1 
v 2.1802 0.309315 -15.6252 1 1 1 1 
v 2.31607 0.646303 -15.2836 1 1 1 1 
v 2.30362 0.646348 -15.2954 1 1 1 1 
v 2.28364 0.553021 -15.2871 1 1 1 1 
v 2.27445 0.562706 -15.3033 1 1 1 1 
v 2.27445 0.562706 -15.3033 1 1 1 1 
v 2.275 0.550073 -15.2948 1 1 1 1 
v 2.18684 0.58066 -15.2931 1 1 1 1 
v 2.19054 0.591815 -15.3016 1 1 1 1 
v 2.27243 0.573281 -15.592 1 1 1 1 
v 2.28177 0.565659 -15.6047 1 1 1 1 
v 2.23449 0.450669 -15.9794 1 1 1 1 
v 2.2221 0.450874 -15.9908 1 1 1 1 
v 2.14693 0.454572 -15.0986 1 1 1 1 
v 2.21739 0.430125 -15.1 1 1 1 1 
v 2.22159 0.443052 -15.0888 1 1 1 1 
v 2.15158 0.46734 -15.0875 1 1 1 1 
v 2.19034 0.366247 -15.5975 1 1 1 1 
v 2.2134 0.403121 -15.2971 1 1 1 1 
v 2.19955 0.398034 -15.3023 1 1 1 1 
v 2.1753 0.358374 -15.6006 1 1 1 1 
v 2.23154 0.437551 -15.1006 1 1 1 1 
v 2.21739 0.430125 -15.1 1 1 1 1 
v 2.2638 0.549203 -15.1007 1 1 1 1 
v 2.25519 0.559899 -15.0915 1 1 1 1 
v 2.22159 0.443052 -15.0888 1 1 1 1 
v 2.23154 0.437551 -15.1006 1 1 1 1 
v 2.5945 1.42587 -14.2576 1 1 1 1 
v 2.58929 1.41112 -14.2624 1 1 1 1 
v 2.60345 1.41701 -14.268 1 1 1 1 
v 2.45482 1.03187 -15.0305 1 1 1 1 
v 2.45728 1.03884 -15.0279 1 1 1 1 
v 2.44298 1.03261 -15.023 1 1 1 1 
v 2.45199 1.0239 -15.0335 1 1 1 1 
v 2.25783 0.511605 -15.5555 1 1 1 1 
v 2.26503 0.515132 -15.5647 1 1 1 1 
v 2.25561 0.522583 -15.5528 1 1 1 1 
v 2.19783 0.358644 -15.5988 1 1 1 1 
v 2.19046 0.341259 -15.6036 1 1 1 1 
v 2.20199 0.336358 -15.6161 1 1 1 1 
v 2.26639 0.556986 -15.0716 1 1 1 1 
v 2.27523 0.553281 -15.0984 1 1 1 1 
v 2.29085 0.561208 -15.0653 1 1 1 1 
v 2.27906 0.561724 -15.052 1 1 1 1 
v 2.18434 0.320398 -15.6103 1 1 1 1 
v 2.1802 0.309315 -15.6252 1 1 1 1 
v 2.19502 0.31663 -15.6226 1 1 1 1 
v 2.275 0.550073 -15.2948 1 1 1 1 
v 2.27445 0.562706 -15.3033 1 1 1 1 
v 2.28364 0.553021 -15.2871 1 1 1 1 
v 2.25519 0.559899 -15.0915 1 1 1 1 
v 2.2638 0.549203 -15.1007 1 1 1 1 
v 2.2659 0.55597 -15.1033 1 1 1 1 
v 2.22159 0.443052 -15.0888 1 1 1 1 
v 2.21739 0.430125 -15.1 1 1 1 1 
v 2.23154 0.437551 -15.1006 1 1 1 1 
v 2.35151 0.772181 -15.7013 1 1 1 1 
v 2.32093 0.699782 -15.9784 1 1 1 1 
v 2.32093 0.699782 -15.9784 1 1 1 1 
v 2.30871 0.700472 -15.9897 1 1 1 1 
v 2.30871 0.700472 -15.9897 1 1 1 1 
v 2.22481 0.729581 -15.988 1 1 1 1 
v 2.25798 0.808094 -15.6868 1 1 1 1 
v 2.34189 0.778985 -15.6885 1 1 1 1 
v 2.34189 0.778985 -15.6885 1 1 1 1 
v 2.35151 0.772181 -15.7013 1 1 1 1 
v 2.44298 1.03261 -15.023 1 1 1 1 
v 2.35908 1.06171 -15.0214 1 1 1 1 
v 2.45556 1.60711 -14.3337 1 1 1 1 
v 2.35708 1.36947 -15.1475 1 1 1 1 
v 2.26764 1.10463 -15.0242 1 1 1 1 
v 2.4138 1.4828 -14.2643 1 1 1 1 
v 2.2641 1.13423 -15.7249 1 1 1 1 
v 2.21977 1.02906 -16.1227 1 1 1 1 
v 2.19622 0.958778 -16.0806 1 1 1 1 
v 2.24316 1.07344 -15.7171 1 1 1 1 
v 2.15506 0.835339 -15.9962 1 1 1 1 
v 2.17806 0.884846 -15.7005 1 1 1 1 
v 2.19221 0.925771 -15.7031 1 1 1 1 
v 2.17565 0.897019 -16.0371 1 1 1 1 
v 2.35108 1.3591 -15.2695 1 1 1 1 
v 2.26553 1.09868 -15.0264 1 1 1 1 
v 2.22815 0.991336 -15.0335 1 1 1 1 
v 2.26234 1.08969 -15.0298 1 1 1 1 
v 2.22054 0.981995 -15.2551 1 1 1 1 
v 2.18942 0.892725 -15.2629 1 1 1 1 
v 2.01234 0.40215 -15.6123 1 1 1 1 
v 2.07538 0.580925 -15.561 1 1 1 1 
v 2.02205 0.450923 -15.9783 1 1 1 1 
v 1.99882 0.382184 -15.9473 1 1 1 1 
v 2.08518 0.544544 -15.5591 1 1 1 1 
v 2.04064 0.418179 -15.5946 1 1 1 1 
v 2.05595 0.457743 -15.294 1 1 1 1 
v 2.11217 0.606057 -15.2724 1 1 1 1 
v 2.16536 0.807376 -14.9812 1 1 1 1 
v 2.20036 0.910248 -15.016 1 1 1 1 
v 2.15769 0.801741 -15.2715 1 1 1 1 
v 2.12642 0.712095 -15.2799 1 1 1 1 
v 2.11217 0.606057 -15.2724 1 1 1 1 
v 2.05595 0.457743 -15.294 1 1 1 1 
v 2.11375 0.601257 -15.0978 1 1 1 1 
v 2.1162 0.607902 -15.1004 1 1 1 1 
v 2.13181 0.709757 -14.965 1 1 1 1 
v 2.09399 0.618814 -15.2834 1 1 1 1 
v 2.33674 1.34908 -15.8211 1 1 1 1 
v 2.26385 1.16045 -16.1991 1 1 1 1 
v 2.23768 1.08253 -16.1553 1 1 1 1 
v 2.28396 1.19235 -15.7402 1 1 1 1 
v 2.04484 0.516462 -15.9756 1 1 1 1 
v 2.09212 0.631451 -15.6009 1 1 1 1 
v 2.10531 0.673086 -15.6643 1 1 1 1 
v 2.07103 0.591821 -15.9733 1 1 1 1 
v 2.12747 0.738486 -15.6913 1 1 1 1 
v 2.09621 0.664262 -15.9711 1 1 1 1 
v 2.27587 1.13214 -15.7115 1 1 1 1 
v 2.25503 1.07162 -15.7035 1 1 1 1 
v 2.20451 0.925173 -15.6893 1 1 1 1 
v 2.1903 0.884104 -15.6874 1 1 1 1 
v 2.16468 0.828456 -16.0078 1 1 1 1 
v 2.18543 0.890582 -16.0487 1 1 1 1 
v 2.22933 0.972717 -15.2668 1 1 1 1 
v 2.36143 1.35434 -15.2812 1 1 1 1 
v 2.19833 0.883834 -15.2752 1 1 1 1 
v 2.22933 0.972717 -15.2668 1 1 1 1 
v 2.00922 0.377632 -15.9603 1 1 1 1 
v 2.03156 0.443694 -15.9895 1 1 1 1 
v 2.14439 0.709968 -14.9512 1 1 1 1 
v 2.11124 0.619943 -15.0487 1 1 1 1 
v 2.11217 0.606057 -15.2724 1 1 1 1 
v 2.08518 0.544544 -15.5591 1 1 1 1 
v 2.06348 0.445237 -15.2996 1 1 1 1 
v 2.04746 0.402721 -15.5981 1 1 1 1 
v 2.08403 0.320693 -15.9337 1 1 1 1 
v 2.00012 0.349802 -15.9321 1 1 1 1 
v 2.1358 0.704567 -15.2921 1 1 1 1 
v 2.16661 0.792899 -15.2838 1 1 1 1 
v 2.21302 0.91089 -15.0057 1 1 1 1 
v 2.17768 0.807015 -14.9705 1 1 1 1 
v 2.24102 0.992504 -15.0219 1 1 1 1 
v 2.43353 1.32127 -15.8128 1 1 1 1 
v 2.34962 1.35038 -15.8111 1 1 1 1 
v 2.29577 1.19041 -15.7275 1 1 1 1 
v 2.24776 1.07702 -16.1676 1 1 1 1 
v 2.2728 1.15157 -16.2095 1 1 1 1 
v 2.11757 0.672487 -15.6524 1 1 1 1 
v 2.10461 0.6315 -15.5886 1 1 1 1 
v 2.05429 0.509093 -15.9875 1 1 1 1 
v 2.08065 0.584968 -15.9852 1 1 1 1 
v 2.10461 0.6315 -15.5886 1 1 1 1 
v 2.08779 0.580801 -15.5495 1 1 1 1 
v 2.13963 0.73765 -15.6804 1 1 1 1 
v 2.10582 0.657382 -15.983 1 1 1 1 
v 2.2062 0.95307 -16.0947 1 1 1 1 
v 2.22978 1.02347 -16.1375 1 1 1 1 
v 2.08518 0.544544 -15.5591 1 1 1 1 
v 2.07916 0.573591 -15.552 1 1 1 1 
v 2.03001 0.416864 -15.5955 1 1 1 1 
v 2.04064 0.418179 -15.5946 1 1 1 1 
v 2.11217 0.606057 -15.2724 1 1 1 1 
v 2.1162 0.607902 -15.1004 1 1 1 1 
v 2.10739 0.611507 -15.095 1 1 1 1 
v 2.09867 0.611246 -15.2913 1 1 1 1 
v 2.11217 0.606057 -15.2724 1 1 1 1 
v 2.09867 0.611246 -15.2913 1 1 1 1 
v 2.04746 0.402721 -15.5981 1 1 1 1 
v 2.02486 0.398708 -15.6004 1 1 1 1 
v 2.12744 0.604218 -15.089 1 1 1 1 
v 2.11755 0.60862 -15.0687 1 1 1 1 
v 2.08779 0.580801 -15.5495 1 1 1 1 
v 2.1717 0.551692 -15.5511 1 1 1 1 
v 2.42147 1.46934 -14.2591 1 1 1 1 
v 2.27517 1.09082 -15.0197 1 1 1 1 
v 2.46781 1.60654 -14.3229 1 1 1 1 
v 2.42668 1.48409 -14.2543 1 1 1 1 
v 2.51059 1.45498 -14.256 1 1 1 1 
v 2.55172 1.57743 -14.3246 1 1 1 1 
v 1.99318 0.364794 -15.9273 1 1 1 1 
v 2.00537 0.382422 -15.6188 1 1 1 1 
v 2.1012 0.627001 -15.0616 1 1 1 1 
v 2.01238 0.367534 -15.6218 1 1 1 1 
v 2.00012 0.349802 -15.9321 1 1 1 1 
v 2.02486 0.398708 -15.6004 1 1 1 1 
v 2.01652 0.378617 -15.607 1 1 1 1 
v 2.10663 0.620924 -15.3 1 1 1 1 
v 2.12744 0.604218 -15.089 1 1 1 1 
v 2.08157 0.491627 -15.0861 1 1 1 1 
v 2.07646 0.479018 -15.0972 1 1 1 1 
v 2.11375 0.601257 -15.0978 1 1 1 1 
v 2.05595 0.457743 -15.294 1 1 1 1 
v 2.06994 0.493611 -15.0974 1 1 1 1 
v 2.24776 1.07702 -16.1676 1 1 1 1 
v 2.23768 1.08253 -16.1553 1 1 1 1 
v 2.26385 1.16045 -16.1991 1 1 1 1 
v 2.2728 1.15157 -16.2095 1 1 1 1 
v 2.22978 1.02347 -16.1375 1 1 1 1 
v 2.21977 1.02906 -16.1227 1 1 1 1 
v 2.4138 1.4828 -14.2643 1 1 1 1 
v 2.42668 1.48409 -14.2543 1 1 1 1 
v 2.46781 1.60654 -14.3229 1 1 1 1 
v 2.45556 1.60711 -14.3337 1 1 1 1 
v 2.42668 1.48409 -14.2543 1 1 1 1 
v 2.42147 1.46934 -14.2591 1 1 1 1 
v 2.26764 1.10463 -15.0242 1 1 1 1 
v 2.27517 1.09082 -15.0197 1 1 1 1 
v 2.42147 1.46934 -14.2591 1 1 1 1 
v 2.4138 1.4828 -14.2643 1 1 1 1 
v 2.26234 1.08969 -15.0298 1 1 1 1 
v 2.22815 0.991336 -15.0335 1 1 1 1 
v 2.24102 0.992504 -15.0219 1 1 1 1 
v 2.27517 1.09082 -15.0197 1 1 1 1 
v 2.19622 0.958778 -16.0806 1 1 1 1 
v 2.2062 0.95307 -16.0947 1 1 1 1 
v 2.18543 0.890582 -16.0487 1 1 1 1 
v 2.17565 0.897019 -16.0371 1 1 1 1 
v 2.16468 0.828456 -16.0078 1 1 1 1 
v 2.15506 0.835339 -15.9962 1 1 1 1 
v 2.10582 0.657382 -15.983 1 1 1 1 
v 2.08065 0.584968 -15.9852 1 1 1 1 
v 2.07103 0.591821 -15.9733 1 1 1 1 
v 2.09621 0.664262 -15.9711 1 1 1 1 
v 2.20036 0.910248 -15.016 1 1 1 1 
v 2.21302 0.91089 -15.0057 1 1 1 1 
v 2.36143 1.35434 -15.2812 1 1 1 1 
v 2.22933 0.972717 -15.2668 1 1 1 1 
v 2.22054 0.981995 -15.2551 1 1 1 1 
v 2.35108 1.3591 -15.2695 1 1 1 1 
v 2.22933 0.972717 -15.2668 1 1 1 1 
v 2.19833 0.883834 -15.2752 1 1 1 1 
v 2.18942 0.892725 -15.2629 1 1 1 1 
v 2.22054 0.981995 -15.2551 1 1 1 1 
v 2.16661 0.792899 -15.2838 1 1 1 1 
v 2.15769 0.801741 -15.2715 1 1 1 1 
v 2.28396 1.19235 -15.7402 1 1 1 1 
v 2.29577 1.19041 -15.7275 1 1 1 1 
v 2.34962 1.35038 -15.8111 1 1 1 1 
v 2.33674 1.34908 -15.8211 1 1 1 1 
v 2.2641 1.13423 -15.7249 1 1 1 1 
v 2.27587 1.13214 -15.7115 1 1 1 1 
v 2.19221 0.925771 -15.7031 1 1 1 1 
v 2.17806 0.884846 -15.7005 1 1 1 1 
v 2.1903 0.884104 -15.6874 1 1 1 1 
v 2.20451 0.925173 -15.6893 1 1 1 1 
v 2.25503 1.07162 -15.7035 1 1 1 1 
v 2.24316 1.07344 -15.7171 1 1 1 1 
v 2.10531 0.673086 -15.6643 1 1 1 1 
v 2.11757 0.672487 -15.6524 1 1 1 1 
v 2.13963 0.73765 -15.6804 1 1 1 1 
v 2.12747 0.738486 -15.6913 1 1 1 1 
v 2.02205 0.450923 -15.9783 1 1 1 1 
v 2.04484 0.516462 -15.9756 1 1 1 1 
v 2.05429 0.509093 -15.9875 1 1 1 1 
v 2.03156 0.443694 -15.9895 1 1 1 1 
v 2.00922 0.377632 -15.9603 1 1 1 1 
v 1.99882 0.382184 -15.9473 1 1 1 1 
v 2.00012 0.349802 -15.9321 1 1 1 1 
v 1.99318 0.364794 -15.9273 1 1 1 1 
v 2.07538 0.580925 -15.561 1 1 1 1 
v 2.01234 0.40215 -15.6123 1 1 1 1 
v 2.03001 0.416864 -15.5955 1 1 1 1 
v 2.07916 0.573591 -15.552 1 1 1 1 
v 2.10461 0.6315 -15.5886 1 1 1 1 
v 2.09212 0.631451 -15.6009 1 1 1 1 
v 2.07538 0.580925 -15.561 1 1 1 1 
v 2.08779 0.580801 -15.5495 1 1 1 1 
v 2.04746 0.402721 -15.5981 1 1 1 1 
v 2.04064 0.418179 -15.5946 1 1 1 1 
v 2.03001 0.416864 -15.5955 1 1 1 1 
v 2.02486 0.398708 -15.6004 1 1 1 1 
v 2.01234 0.40215 -15.6123 1 1 1 1 
v 2.00537 0.382422 -15.6188 1 1 1 1 
v 2.01652 0.378617 -15.607 1 1 1 1 
v 2.02486 0.398708 -15.6004 1 1 1 1 
v 2.13181 0.709757 -14.965 1 1 1 1 
v 2.1012 0.627001 -15.0616 1 1 1 1 
v 2.11124 0.619943 -15.0487 1 1 1 1 
v 2.14439 0.709968 -14.9512 1 1 1 1 
v 2.17768 0.807015 -14.9705 1 1 1 1 
v 2.16536 0.807376 -14.9812 1 1 1 1 
v 2.10739 0.611507 -15.095 1 1 1 1 
v 2.1162 0.607902 -15.1004 1 1 1 1 
v 2.12744 0.604218 -15.089 1 1 1 1 
v 2.11755 0.60862 -15.0687 1 1 1 1 
v 2.09399 0.618814 -15.2834 1 1 1 1 
v 2.09867 0.611246 -15.2913 1 1 1 1 
v 2.10739 0.611507 -15.095 1 1 1 1 
v 2.1012 0.627001 -15.0616 1 1 1 1 
v 2.11755 0.60862 -15.0687 1 1 1 1 
v 2.192 0.582831 -15.0694 1 1 1 1 
v 2.19542 0.591563 -15.0496 1 1 1 1 
v 2.11124 0.619943 -15.0487 1 1 1 1 
v 2.01238 0.367534 -15.6218 1 1 1 1 
v 2.00537 0.382422 -15.6188 1 1 1 1 
v 1.99318 0.364794 -15.9273 1 1 1 1 
v 2.00012 0.349802 -15.9321 1 1 1 1 
v 2.01652 0.378617 -15.607 1 1 1 1 
v 2.01238 0.367534 -15.6218 1 1 1 1 
v 2.1358 0.704567 -15.2921 1 1 1 1 
v 2.12642 0.712095 -15.2799 1 1 1 1 
v 2.10663 0.620924 -15.3 1 1 1 1 
v 2.09399 0.618814 -15.2834 1 1 1 1 
v 2.10663 0.620924 -15.3 1 1 1 1 
v 2.19054 0.591815 -15.3016 1 1 1 1 
v 2.18684 0.58066 -15.2931 1 1 1 1 
v 2.09867 0.611246 -15.2913 1 1 1 1 
v 2.09212 0.631451 -15.6009 1 1 1 1 
v 2.10461 0.6315 -15.5886 1 1 1 1 
v 2.05429 0.509093 -15.9875 1 1 1 1 
v 2.04484 0.516462 -15.9756 1 1 1 1 
v 2.08157 0.491627 -15.0861 1 1 1 1 
v 2.07646 0.479018 -15.0972 1 1 1 1 
v 2.06348 0.445237 -15.2996 1 1 1 1 
v 2.05595 0.457743 -15.294 1 1 1 1 
v 2.04064 0.418179 -15.5946 1 1 1 1 
v 2.04746 0.402721 -15.5981 1 1 1 1 
v 2.07646 0.479018 -15.0972 1 1 1 1 
v 2.06994 0.493611 -15.0974 1 1 1 1 
v 2.11375 0.601257 -15.0978 1 1 1 1 
v 2.06994 0.493611 -15.0974 1 1 1 1 
v 2.08157 0.491627 -15.0861 1 1 1 1 
v 2.12744 0.604218 -15.089 1 1 1 1 
v 2.42668 1.48409 -14.2543 1 1 1 1 
v 2.4138 1.4828 -14.2643 1 1 1 1 
v 2.42147 1.46934 -14.2591 1 1 1 1 
v 2.26553 1.09868 -15.0264 1 1 1 1 
v 2.26234 1.08969 -15.0298 1 1 1 1 
v 2.27517 1.09082 -15.0197 1 1 1 1 
v 2.26764 1.10463 -15.0242 1 1 1 1 
v 2.07916 0.573591 -15.552 1 1 1 1 
v 2.08779 0.580801 -15.5495 1 1 1 1 
v 2.07538 0.580925 -15.561 1 1 1 1 
v 2.03001 0.416864 -15.5955 1 1 1 1 
v 2.01234 0.40215 -15.6123 1 1 1 1 
v 2.02486 0.398708 -15.6004 1 1 1 1 
v 2.11755 0.60862 -15.0687 1 1 1 1 
v 2.11124 0.619943 -15.0487 1 1 1 1 
v 2.1012 0.627001 -15.0616 1 1 1 1 
v 2.10739 0.611507 -15.095 1 1 1 1 
v 2.01652 0.378617 -15.607 1 1 1 1 
v 2.00537 0.382422 -15.6188 1 1 1 1 
v 2.01238 0.367534 -15.6218 1 1 1 1 
v 2.09867 0.611246 -15.2913 1 1 1 1 
v 2.09399 0.618814 -15.2834 1 1 1 1 
v 2.10663 0.620924 -15.3 1 1 1 1 
v 2.12744 0.604218 -15.089 1 1 1 1 
v 2.1162 0.607902 -15.1004 1 1 1 1 
v 2.11375 0.601257 -15.0978 1 1 1 1 
v 2.08157 0.491627 -15.0861 1 1 1 1 
v 2.06994 0.493611 -15.0974 1 1 1 1 
v 2.07646 0.479018 -15.0972 1 1 1 1 
v 2.16186 0.837974 -15.6976 1 1 1 1 
v 2.13128 0.765575 -15.9746 1 1 1 1 
v 2.1409 0.75869 -15.9864 1 1 1 1 
v 2.13128 0.765575 -15.9746 1 1 1 1 
v 2.1409 0.75869 -15.9864 1 1 1 1 
v 2.17407 0.837203 -15.6852 1 1 1 1 
v 2.16186 0.837974 -15.6976 1 1 1 1 
v 2.17407 0.837203 -15.6852 1 1 1 1 
v 2.27517 1.09082 -15.0197 1 1 1 1 
v 2.08518 0.544544 -15.5591 1 1 1 1 
v 2.07916 0.573591 -15.552 1 1 1 1 
v 2.5294 1.91542 -14.2279 1 1 1 1 
v 2.42671 1.64998 -14.7659 1 1 1 1 
v 2.36523 1.46867 -14.694 1 1 1 1 
v 2.47721 1.75804 -14.106 1 1 1 1 
v 2.3512 1.46659 -15.3696 1 1 1 1 
v 2.34643 1.46279 -15.5448 1 1 1 1 
v 2.28418 1.27711 -15.4347 1 1 1 1 
v 2.26058 1.19789 -15.2378 1 1 1 1 
v 2.27131 1.27532 -16.0564 1 1 1 1 
v 2.25052 1.22225 -16.177 1 1 1 1 
v 2.16759 0.975385 -16.0395 1 1 1 1 
v 2.19136 1.03688 -15.9159 1 1 1 1 
v 2.27801 1.28605 -15.9054 1 1 1 1 
v 2.20954 1.0839 -15.8214 1 1 1 1 
v 2.33596 1.39292 -14.8462 1 1 1 1 
v 2.42397 1.65497 -14.993 1 1 1 1 
v 2.29934 1.35765 -16.0836 1 1 1 1 
v 2.28198 1.31298 -16.178 1 1 1 1 
v 2.29835 1.34509 -15.9126 1 1 1 1 
v 2.3239 1.42118 -15.9554 1 1 1 1 
v 2.38849 1.58813 -15.6171 1 1 1 1 
v 2.36293 1.51203 -15.5743 1 1 1 1 
v 2.39284 1.58935 -15.4176 1 1 1 1 
v 2.45395 1.74732 -15.0976 1 1 1 1 
v 2.47257 1.80548 -15.1764 1 1 1 1 
v 2.4184 1.66545 -15.4604 1 1 1 1 
v 2.62703 1.82466 -14.8552 1 1 1 1 
v 2.58625 1.71922 -15.0683 1 1 1 1 
v 2.48241 1.75525 -15.0662 1 1 1 1 
v 2.52319 1.86069 -14.8531 1 1 1 1 
v 2.5827 2.07611 -14.3524 1 1 1 1 
v 2.4899 1.8363 -14.8399 1 1 1 1 
v 2.45043 1.73426 -15.0464 1 1 1 1 
v 2.55474 1.65175 -15.4798 1 1 1 1 
v 2.52483 1.57443 -15.6365 1 1 1 1 
v 2.42098 1.61046 -15.6344 1 1 1 1 
v 2.45089 1.68778 -15.4777 1 1 1 1 
v 2.52483 1.57443 -15.6365 1 1 1 1 
v 2.46024 1.40749 -15.9748 1 1 1 1 
v 2.3564 1.44351 -15.9727 1 1 1 1 
v 2.42098 1.61046 -15.6344 1 1 1 1 
v 2.46024 1.40749 -15.9748 1 1 1 1 
v 2.43681 1.34689 -16.0969 1 1 1 1 
v 2.33297 1.38291 -16.0949 1 1 1 1 
v 2.3564 1.44351 -15.9727 1 1 1 1 
v 2.45219 1.74079 -15.072 1 1 1 1 
v 2.52319 1.86069 -14.8531 1 1 1 1 
v 2.61438 2.09637 -14.3746 1 1 1 1 
v 2.71822 2.06035 -14.3766 1 1 1 1 
v 2.62703 1.82466 -14.8552 1 1 1 1 
v 2.6632 1.89179 -14.2016 1 1 1 1 
v 2.71646 2.05237 -14.326 1 1 1 1 
v 2.61261 2.0884 -14.3239 1 1 1 1 
v 2.55935 1.92781 -14.1995 1 1 1 1 
v 2.20553 1.00389 -15.8894 1 1 1 1 
v 2.17985 0.937442 -16.023 1 1 1 1 
v 2.28369 0.901417 -16.025 1 1 1 1 
v 2.30938 0.967868 -15.8915 1 1 1 1 
v 2.37097 1.16368 -16.2131 1 1 1 1 
v 2.28772 0.9158 -16.0737 1 1 1 1 
v 2.18388 0.951824 -16.0717 1 1 1 1 
v 2.26713 1.19971 -16.211 1 1 1 1 
v 2.32947 1.01986 -15.787 1 1 1 1 
v 2.22563 1.05588 -15.7849 1 1 1 1 
v 2.20553 1.00389 -15.8894 1 1 1 1 
v 2.30938 0.967868 -15.8915 1 1 1 1 
v 2.4903 1.72224 -14.0847 1 1 1 1 
v 2.37712 1.42964 -14.6774 1 1 1 1 
v 2.48096 1.39362 -14.6794 1 1 1 1 
v 2.59414 1.68621 -14.0867 1 1 1 1 
v 2.55935 1.92781 -14.1995 1 1 1 1 
v 2.50718 1.77048 -14.0776 1 1 1 1 
v 2.61102 1.73445 -14.0796 1 1 1 1 
v 2.6632 1.89179 -14.2016 1 1 1 1 
v 2.39955 1.20112 -15.4217 1 1 1 1 
v 2.37881 1.13227 -15.2621 1 1 1 1 
v 2.27497 1.16829 -15.2601 1 1 1 1 
v 2.29571 1.23714 -15.4197 1 1 1 1 
v 2.34794 1.35416 -14.8291 1 1 1 1 
v 2.27825 1.174 -15.194 1 1 1 1 
v 2.38209 1.13798 -15.1961 1 1 1 1 
v 2.45178 1.31813 -14.8311 1 1 1 1 
v 2.48096 1.39362 -14.6794 1 1 1 1 
v 2.37712 1.42964 -14.6774 1 1 1 1 
v 2.34794 1.35416 -14.8291 1 1 1 1 
v 2.45178 1.31813 -14.8311 1 1 1 1 
v 2.29571 1.23714 -15.4197 1 1 1 1 
v 2.22563 1.05588 -15.7849 1 1 1 1 
v 2.32947 1.01986 -15.787 1 1 1 1 
v 2.39955 1.20112 -15.4217 1 1 1 1 
v 2.58625 1.71922 -15.0683 1 1 1 1 
v 2.60488 1.77739 -15.1471 1 1 1 1 
v 2.50104 1.81341 -15.145 1 1 1 1 
v 2.48241 1.75525 -15.0662 1 1 1 1 
v 2.43681 1.34689 -16.0969 1 1 1 1 
v 2.4206 1.30514 -16.1851 1 1 1 1 
v 2.31675 1.34117 -16.183 1 1 1 1 
v 2.33297 1.38291 -16.0949 1 1 1 1 
v 2.26713 1.19971 -16.211 1 1 1 1 
v 2.29908 1.292 -16.214 1 1 1 1 
v 2.40293 1.25597 -16.216 1 1 1 1 
v 2.37097 1.16368 -16.2131 1 1 1 1 
v 2.45089 1.68778 -15.4777 1 1 1 1 
v 2.50507 1.82781 -15.1937 1 1 1 1 
v 2.60891 1.79179 -15.1958 1 1 1 1 
v 2.55474 1.65175 -15.4798 1 1 1 1 
v 2.5294 1.91542 -14.2279 1 1 1 1 
v 2.55935 1.92781 -14.1995 1 1 1 1 
v 2.61261 2.0884 -14.3239 1 1 1 1 
v 2.5827 2.07611 -14.3524 1 1 1 1 
v 2.52319 1.86069 -14.8531 1 1 1 1 
v 2.4899 1.8363 -14.8399 1 1 1 1 
v 2.5827 2.07611 -14.3524 1 1 1 1 
v 2.61438 2.09637 -14.3746 1 1 1 1 
v 2.71646 2.05237 -14.326 1 1 1 1 
v 2.71822 2.06035 -14.3766 1 1 1 1 
v 2.61438 2.09637 -14.3746 1 1 1 1 
v 2.61261 2.0884 -14.3239 1 1 1 1 
v 2.48241 1.75525 -15.0662 1 1 1 1 
v 2.45043 1.73426 -15.0464 1 1 1 1 
v 2.4899 1.8363 -14.8399 1 1 1 1 
v 2.52319 1.86069 -14.8531 1 1 1 1 
v 2.25052 1.22225 -16.177 1 1 1 1 
v 2.26713 1.19971 -16.211 1 1 1 1 
v 2.18388 0.951824 -16.0717 1 1 1 1 
v 2.16759 0.975385 -16.0395 1 1 1 1 
v 2.17985 0.937442 -16.023 1 1 1 1 
v 2.20553 1.00389 -15.8894 1 1 1 1 
v 2.19136 1.03688 -15.9159 1 1 1 1 
v 2.16759 0.975385 -16.0395 1 1 1 1 
v 2.28772 0.9158 -16.0737 1 1 1 1 
v 2.28369 0.901417 -16.025 1 1 1 1 
v 2.17985 0.937442 -16.023 1 1 1 1 
v 2.18388 0.951824 -16.0717 1 1 1 1 
v 2.20553 1.00389 -15.8894 1 1 1 1 
v 2.22563 1.05588 -15.7849 1 1 1 1 
v 2.20954 1.0839 -15.8214 1 1 1 1 
v 2.19136 1.03688 -15.9159 1 1 1 1 
v 2.59414 1.68621 -14.0867 1 1 1 1 
v 2.61102 1.73445 -14.0796 1 1 1 1 
v 2.50718 1.77048 -14.0776 1 1 1 1 
v 2.4903 1.72224 -14.0847 1 1 1 1 
v 2.47721 1.75804 -14.106 1 1 1 1 
v 2.36523 1.46867 -14.694 1 1 1 1 
v 2.37712 1.42964 -14.6774 1 1 1 1 
v 2.4903 1.72224 -14.0847 1 1 1 1 
v 2.55935 1.92781 -14.1995 1 1 1 1 
v 2.5294 1.91542 -14.2279 1 1 1 1 
v 2.47721 1.75804 -14.106 1 1 1 1 
v 2.50718 1.77048 -14.0776 1 1 1 1 
v 2.37881 1.13227 -15.2621 1 1 1 1 
v 2.38209 1.13798 -15.1961 1 1 1 1 
v 2.27825 1.174 -15.194 1 1 1 1 
v 2.27497 1.16829 -15.2601 1 1 1 1 
v 2.26058 1.19789 -15.2378 1 1 1 1 
v 2.28418 1.27711 -15.4347 1 1 1 1 
v 2.29571 1.23714 -15.4197 1 1 1 1 
v 2.27497 1.16829 -15.2601 1 1 1 1 
v 2.27825 1.174 -15.194 1 1 1 1 
v 2.34794 1.35416 -14.8291 1 1 1 1 
v 2.33596 1.39292 -14.8462 1 1 1 1 
v 2.26058 1.19789 -15.2378 1 1 1 1 
v 2.37712 1.42964 -14.6774 1 1 1 1 
v 2.36523 1.46867 -14.694 1 1 1 1 
v 2.33596 1.39292 -14.8462 1 1 1 1 
v 2.34794 1.35416 -14.8291 1 1 1 1 
v 2.22563 1.05588 -15.7849 1 1 1 1 
v 2.29571 1.23714 -15.4197 1 1 1 1 
v 2.28418 1.27711 -15.4347 1 1 1 1 
v 2.20954 1.0839 -15.8214 1 1 1 1 
v 2.50104 1.81341 -15.145 1 1 1 1 
v 2.47257 1.80548 -15.1764 1 1 1 1 
v 2.45395 1.74732 -15.0976 1 1 1 1 
v 2.48241 1.75525 -15.0662 1 1 1 1 
v 2.25052 1.22225 -16.177 1 1 1 1 
v 2.28198 1.31298 -16.178 1 1 1 1 
v 2.29908 1.292 -16.214 1 1 1 1 
v 2.26713 1.19971 -16.211 1 1 1 1 
v 2.4206 1.30514 -16.1851 1 1 1 1 
v 2.40293 1.25597 -16.216 1 1 1 1 
v 2.29908 1.292 -16.214 1 1 1 1 
v 2.31675 1.34117 -16.183 1 1 1 1 
v 2.29934 1.35765 -16.0836 1 1 1 1 
v 2.33297 1.38291 -16.0949 1 1 1 1 
v 2.31675 1.34117 -16.183 1 1 1 1 
v 2.28198 1.31298 -16.178 1 1 1 1 
v 2.60488 1.77739 -15.1471 1 1 1 1 
v 2.60891 1.79179 -15.1958 1 1 1 1 
v 2.50507 1.82781 -15.1937 1 1 1 1 
v 2.50104 1.81341 -15.145 1 1 1 1 
v 2.45089 1.68778 -15.4777 1 1 1 1 
v 2.4184 1.66545 -15.4604 1 1 1 1 
v 2.47257 1.80548 -15.1764 1 1 1 1 
v 2.50507 1.82781 -15.1937 1 1 1 1 
v 2.42098 1.61046 -15.6344 1 1 1 1 
v 2.38849 1.58813 -15.6171 1 1 1 1 
v 2.4184 1.66545 -15.4604 1 1 1 1 
v 2.45089 1.68778 -15.4777 1 1 1 1 
v 2.3564 1.44351 -15.9727 1 1 1 1 
v 2.3239 1.42118 -15.9554 1 1 1 1 
v 2.33297 1.38291 -16.0949 1 1 1 1 
v 2.29934 1.35765 -16.0836 1 1 1 1 
v 2.3239 1.42118 -15.9554 1 1 1 1 
v 2.3564 1.44351 -15.9727 1 1 1 1 
v 2.61261 2.0884 -14.3239 1 1 1 1 
v 2.61438 2.09637 -14.3746 1 1 1 1 
v 2.5827 2.07611 -14.3524 1 1 1 1 
v 2.18388 0.951824 -16.0717 1 1 1 1 
v 2.17985 0.937442 -16.023 1 1 1 1 
v 2.16759 0.975385 -16.0395 1 1 1 1 
v 2.50718 1.77048 -14.0776 1 1 1 1 
v 2.47721 1.75804 -14.106 1 1 1 1 
v 2.4903 1.72224 -14.0847 1 1 1 1 
v 2.27825 1.174 -15.194 1 1 1 1 
v 2.26058 1.19789 -15.2378 1 1 1 1 
v 2.27497 1.16829 -15.2601 1 1 1 1 
v 2.45219 1.74079 -15.072 1 1 1 1 
v 2.45043 1.73426 -15.0464 1 1 1 1 
v 2.48241 1.75525 -15.0662 1 1 1 1 
v 2.45395 1.74732 -15.0976 1 1 1 1 
v 2.29908 1.292 -16.214 1 1 1 1 
v 2.28198 1.31298 -16.178 1 1 1 1 
v 2.31675 1.34117 -16.183 1 1 1 1 
v 2.50507 1.82781 -15.1937 1 1 1 1 
v 2.47257 1.80548 -15.1764 1 1 1 1 
v 2.50104 1.81341 -15.145 1 1 1 1 
v 2.78187 1.82783 -14.2329 1 1 1 1 
v 2.72967 1.67045 -14.1109 1 1 1 1 
v 2.6177 1.38108 -14.699 1 1 1 1 
v 2.67918 1.56239 -14.7709 1 1 1 1 
v 2.60366 1.37901 -15.3746 1 1 1 1 
v 2.51305 1.11031 -15.2428 1 1 1 1 
v 2.53665 1.18952 -15.4396 1 1 1 1 
v 2.59889 1.37521 -15.5498 1 1 1 1 
v 2.52378 1.18773 -16.0614 1 1 1 1 
v 2.44383 0.949296 -15.9209 1 1 1 1 
v 2.42006 0.887801 -16.0445 1 1 1 1 
v 2.50299 1.13467 -16.182 1 1 1 1 
v 2.53047 1.19846 -15.9104 1 1 1 1 
v 2.462 0.996318 -15.8263 1 1 1 1 
v 2.58842 1.30534 -14.8512 1 1 1 1 
v 2.67644 1.56739 -14.998 1 1 1 1 
v 2.53445 1.2254 -16.183 1 1 1 1 
v 2.5518 1.27007 -16.0885 1 1 1 1 
v 2.55081 1.25751 -15.9176 1 1 1 1 
v 2.57637 1.3336 -15.9604 1 1 1 1 
v 2.64095 1.50054 -15.622 1 1 1 1 
v 2.6154 1.42445 -15.5793 1 1 1 1 
v 2.72504 1.7179 -15.1814 1 1 1 1 
v 2.70641 1.65974 -15.1025 1 1 1 1 
v 2.64531 1.50177 -15.4226 1 1 1 1 
v 2.67086 1.57786 -15.4653 1 1 1 1 
v 2.6901 1.6832 -15.0703 1 1 1 1 
v 2.73087 1.78864 -14.8572 1 1 1 1 
v 2.83516 1.98853 -14.3574 1 1 1 1 
v 2.74236 1.74872 -14.8449 1 1 1 1 
v 2.70289 1.64667 -15.0514 1 1 1 1 
v 2.62867 1.53841 -15.6385 1 1 1 1 
v 2.65858 1.61573 -15.4818 1 1 1 1 
v 2.56409 1.37146 -15.9768 1 1 1 1 
v 2.62867 1.53841 -15.6385 1 1 1 1 
v 2.54066 1.31086 -16.099 1 1 1 1 
v 2.56409 1.37146 -15.9768 1 1 1 1 
v 2.70454 1.6528 -15.0754 1 1 1 1 
v 2.82207 2.02432 -14.3787 1 1 1 1 
v 2.73087 1.78864 -14.8572 1 1 1 1 
v 2.8203 2.01635 -14.328 1 1 1 1 
v 2.71646 2.05237 -14.326 1 1 1 1 
v 2.6632 1.89179 -14.2016 1 1 1 1 
v 2.76704 1.85576 -14.2036 1 1 1 1 
v 2.38753 0.865393 -16.027 1 1 1 1 
v 2.41322 0.931844 -15.8935 1 1 1 1 
v 2.39156 0.879775 -16.0758 1 1 1 1 
v 2.47481 1.12766 -16.2151 1 1 1 1 
v 2.41322 0.931844 -15.8935 1 1 1 1 
v 2.43331 0.983832 -15.789 1 1 1 1 
v 2.5848 1.35759 -14.6815 1 1 1 1 
v 2.69799 1.65019 -14.0888 1 1 1 1 
v 2.71486 1.69843 -14.0817 1 1 1 1 
v 2.76704 1.85576 -14.2036 1 1 1 1 
v 2.48265 1.09624 -15.2642 1 1 1 1 
v 2.50339 1.16509 -15.4237 1 1 1 1 
v 2.48593 1.10195 -15.1981 1 1 1 1 
v 2.55562 1.28211 -14.8332 1 1 1 1 
v 2.55562 1.28211 -14.8332 1 1 1 1 
v 2.5848 1.35759 -14.6815 1 1 1 1 
v 2.43331 0.983832 -15.789 1 1 1 1 
v 2.50339 1.16509 -15.4237 1 1 1 1 
v 2.70872 1.74136 -15.1491 1 1 1 1 
v 2.6901 1.6832 -15.0703 1 1 1 1 
v 2.52444 1.26912 -16.1871 1 1 1 1 
v 2.54066 1.31086 -16.099 1 1 1 1 
v 2.50677 1.21995 -16.2181 1 1 1 1 
v 2.47481 1.12766 -16.2151 1 1 1 1 
v 2.71276 1.75576 -15.1978 1 1 1 1 
v 2.65858 1.61573 -15.4818 1 1 1 1 
v 2.8203 2.01635 -14.328 1 1 1 1 
v 2.76704 1.85576 -14.2036 1 1 1 1 
v 2.78187 1.82783 -14.2329 1 1 1 1 
v 2.83516 1.98853 -14.3574 1 1 1 1 
v 2.83516 1.98853 -14.3574 1 1 1 1 
v 2.74236 1.74872 -14.8449 1 1 1 1 
v 2.73087 1.78864 -14.8572 1 1 1 1 
v 2.82207 2.02432 -14.3787 1 1 1 1 
v 2.82207 2.02432 -14.3787 1 1 1 1 
v 2.8203 2.01635 -14.328 1 1 1 1 
v 2.74236 1.74872 -14.8449 1 1 1 1 
v 2.70289 1.64667 -15.0514 1 1 1 1 
v 2.6901 1.6832 -15.0703 1 1 1 1 
v 2.73087 1.78864 -14.8572 1 1 1 1 
v 2.39156 0.879775 -16.0758 1 1 1 1 
v 2.47481 1.12766 -16.2151 1 1 1 1 
v 2.50299 1.13467 -16.182 1 1 1 1 
v 2.42006 0.887801 -16.0445 1 1 1 1 
v 2.38753 0.865393 -16.027 1 1 1 1 
v 2.42006 0.887801 -16.0445 1 1 1 1 
v 2.44383 0.949296 -15.9209 1 1 1 1 
v 2.41322 0.931844 -15.8935 1 1 1 1 
v 2.38753 0.865393 -16.027 1 1 1 1 
v 2.39156 0.879775 -16.0758 1 1 1 1 
v 2.41322 0.931844 -15.8935 1 1 1 1 
v 2.44383 0.949296 -15.9209 1 1 1 1 
v 2.462 0.996318 -15.8263 1 1 1 1 
v 2.43331 0.983832 -15.789 1 1 1 1 
v 2.71486 1.69843 -14.0817 1 1 1 1 
v 2.69799 1.65019 -14.0888 1 1 1 1 
v 2.72967 1.67045 -14.1109 1 1 1 1 
v 2.69799 1.65019 -14.0888 1 1 1 1 
v 2.5848 1.35759 -14.6815 1 1 1 1 
v 2.6177 1.38108 -14.699 1 1 1 1 
v 2.72967 1.67045 -14.1109 1 1 1 1 
v 2.78187 1.82783 -14.2329 1 1 1 1 
v 2.76704 1.85576 -14.2036 1 1 1 1 
v 2.71486 1.69843 -14.0817 1 1 1 1 
v 2.48593 1.10195 -15.1981 1 1 1 1 
v 2.48265 1.09624 -15.2642 1 1 1 1 
v 2.51305 1.11031 -15.2428 1 1 1 1 
v 2.48265 1.09624 -15.2642 1 1 1 1 
v 2.50339 1.16509 -15.4237 1 1 1 1 
v 2.53665 1.18952 -15.4396 1 1 1 1 
v 2.48593 1.10195 -15.1981 1 1 1 1 
v 2.51305 1.11031 -15.2428 1 1 1 1 
v 2.58842 1.30534 -14.8512 1 1 1 1 
v 2.55562 1.28211 -14.8332 1 1 1 1 
v 2.58842 1.30534 -14.8512 1 1 1 1 
v 2.6177 1.38108 -14.699 1 1 1 1 
v 2.5848 1.35759 -14.6815 1 1 1 1 
v 2.55562 1.28211 -14.8332 1 1 1 1 
v 2.43331 0.983832 -15.789 1 1 1 1 
v 2.462 0.996318 -15.8263 1 1 1 1 
v 2.53665 1.18952 -15.4396 1 1 1 1 
v 2.50339 1.16509 -15.4237 1 1 1 1 
v 2.70641 1.65974 -15.1025 1 1 1 1 
v 2.72504 1.7179 -15.1814 1 1 1 1 
v 2.70872 1.74136 -15.1491 1 1 1 1 
v 2.6901 1.6832 -15.0703 1 1 1 1 
v 2.50299 1.13467 -16.182 1 1 1 1 
v 2.47481 1.12766 -16.2151 1 1 1 1 
v 2.50677 1.21995 -16.2181 1 1 1 1 
v 2.53445 1.2254 -16.183 1 1 1 1 
v 2.50677 1.21995 -16.2181 1 1 1 1 
v 2.52444 1.26912 -16.1871 1 1 1 1 
v 2.52444 1.26912 -16.1871 1 1 1 1 
v 2.54066 1.31086 -16.099 1 1 1 1 
v 2.5518 1.27007 -16.0885 1 1 1 1 
v 2.53445 1.2254 -16.183 1 1 1 1 
v 2.71276 1.75576 -15.1978 1 1 1 1 
v 2.70872 1.74136 -15.1491 1 1 1 1 
v 2.72504 1.7179 -15.1814 1 1 1 1 
v 2.67086 1.57786 -15.4653 1 1 1 1 
v 2.65858 1.61573 -15.4818 1 1 1 1 
v 2.71276 1.75576 -15.1978 1 1 1 1 
v 2.67086 1.57786 -15.4653 1 1 1 1 
v 2.64095 1.50054 -15.622 1 1 1 1 
v 2.62867 1.53841 -15.6385 1 1 1 1 
v 2.65858 1.61573 -15.4818 1 1 1 1 
v 2.57637 1.3336 -15.9604 1 1 1 1 
v 2.56409 1.37146 -15.9768 1 1 1 1 
v 2.57637 1.3336 -15.9604 1 1 1 1 
v 2.5518 1.27007 -16.0885 1 1 1 1 
v 2.54066 1.31086 -16.099 1 1 1 1 
v 2.56409 1.37146 -15.9768 1 1 1 1 
v 2.8203 2.01635 -14.328 1 1 1 1 
v 2.83516 1.98853 -14.3574 1 1 1 1 
v 2.82207 2.02432 -14.3787 1 1 1 1 
v 2.39156 0.879775 -16.0758 1 1 1 1 
v 2.42006 0.887801 -16.0445 1 1 1 1 
v 2.38753 0.865393 -16.027 1 1 1 1 
v 2.71486 1.69843 -14.0817 1 1 1 1 
v 2.69799 1.65019 -14.0888 1 1 1 1 
v 2.72967 1.67045 -14.1109 1 1 1 1 
v 2.48593 1.10195 -15.1981 1 1 1 1 
v 2.48265 1.09624 -15.2642 1 1 1 1 
v 2.51305 1.11031 -15.2428 1 1 1 1 
v 2.6901 1.6832 -15.0703 1 1 1 1 
v 2.70289 1.64667 -15.0514 1 1 1 1 
v 2.70454 1.6528 -15.0754 1 1 1 1 
v 2.70641 1.65974 -15.1025 1 1 1 1 
v 2.50677 1.21995 -16.2181 1 1 1 1 
v 2.52444 1.26912 -16.1871 1 1 1 1 
v 2.53445 1.2254 -16.183 1 1 1 1 
v 2.71276 1.75576 -15.1978 1 1 1 1 
v 2.70872 1.74136 -15.1491 1 1 1 1 
v 2.72504 1.7179 -15.1814 1 1 1 1 
v 2.35387 1.1202 -15.4817 1 1 1 1 
v 2.39306 1.23555 -15.524 1 1 1 1 
v 2.35889 1.13952 -15.5671 1 1 1 1 
v 2.33445 1.06564 -15.5067 1 1 1 1 
v 2.40771 1.23047 -15.5242 1 1 1 1 
v 2.39306 1.23555 -15.524 1 1 1 1 
v 2.35387 1.1202 -15.4817 1 1 1 1 
v 2.36853 1.11512 -15.482 1 1 1 1 
v 2.33985 1.07852 -15.4594 1 1 1 1 
v 2.32486 1.03635 -15.478 1 1 1 1 
v 2.33985 1.07852 -15.4594 1 1 1 1 
v 2.35451 1.07344 -15.4597 1 1 1 1 
v 2.32848 1.04439 -15.4357 1 1 1 1 
v 2.34313 1.03931 -15.436 1 1 1 1 
v 2.32848 1.04439 -15.4357 1 1 1 1 
v 2.32096 1.02311 -15.4426 1 1 1 1 
v 2.32096 1.02311 -15.4426 1 1 1 1 
v 2.32486 1.03635 -15.478 1 1 1 1 
v 2.33951 1.03127 -15.4783 1 1 1 1 
v 2.33561 1.01802 -15.4429 1 1 1 1 
v 2.34911 1.06056 -15.507 1 1 1 1 
v 2.33445 1.06564 -15.5067 1 1 1 1 
v 2.32096 1.02311 -15.4426 1 1 1 1 
v 2.33561 1.01802 -15.4429 1 1 1 1 
v 2.34313 1.03931 -15.436 1 1 1 1 
v 2.32848 1.04439 -15.4357 1 1 1 1 
v 2.35889 1.13952 -15.5671 1 1 1 1 
v 2.3735 1.1343 -15.5673 1 1 1 1 
v 2.38318 1.11003 -15.4823 1 1 1 1 
v 2.36376 1.05548 -15.5072 1 1 1 1 
v 2.3882 1.12936 -15.5676 1 1 1 1 
v 2.42237 1.22539 -15.5245 1 1 1 1 
v 2.38318 1.11003 -15.4823 1 1 1 1 
v 2.42237 1.22539 -15.5245 1 1 1 1 
v 2.36916 1.06835 -15.46 1 1 1 1 
v 2.35417 1.02619 -15.4786 1 1 1 1 
v 2.36916 1.06835 -15.46 1 1 1 1 
v 2.35779 1.03422 -15.4363 1 1 1 1 
v 2.35779 1.03422 -15.4363 1 1 1 1 
v 2.35027 1.01294 -15.4432 1 1 1 1 
v 2.35417 1.02619 -15.4786 1 1 1 1 
v 2.35027 1.01294 -15.4432 1 1 1 1 
v 2.34911 1.06056 -15.507 1 1 1 1 
v 2.36376 1.05548 -15.5072 1 1 1 1 
v 2.35027 1.01294 -15.4432 1 1 1 1 
v 2.35779 1.03422 -15.4363 1 1 1 1 
v 2.3735 1.1343 -15.5673 1 1 1 1 
v 2.3882 1.12936 -15.5676 1 1 1 1 
v 2.392 1.14017 -14.7318 1 1 1 1 
v 2.33199 1.161 -14.7306 1 1 1 1 
v 2.27463 1.01269 -15.0304 1 1 1 1 
v 2.33464 0.991853 -15.0316 1 1 1 1 
v 2.35513 1.05286 -15.0659 1 1 1 1 
v 2.33464 0.991853 -15.0316 1 1 1 1 
v 2.27463 1.01269 -15.0304 1 1 1 1 
v 2.28696 1.07653 -15.0646 1 1 1 1 
v 2.27463 1.01269 -15.0304 1 1 1 1 
v 2.33199 1.161 -14.7306 1 1 1 1 
v 2.34455 1.22552 -14.7651 1 1 1 1 
v 2.28696 1.07653 -15.0646 1 1 1 1 
v 2.46636 1.4442 -14.2758 1 1 1 1 
v 2.50215 1.43181 -14.2765 1 1 1 1 
v 2.5058 1.44268 -14.2826 1 1 1 1 
v 2.45732 1.45947 -14.2816 1 1 1 1 
v 2.46984 1.34441 -14.3773 1 1 1 1 
v 2.50215 1.43181 -14.2765 1 1 1 1 
v 2.46636 1.4442 -14.2758 1 1 1 1 
v 2.41952 1.36186 -14.3763 1 1 1 1 
v 2.42042 1.40614 -14.3985 1 1 1 1 
v 2.41952 1.36186 -14.3763 1 1 1 1 
v 2.46636 1.4442 -14.2758 1 1 1 1 
v 2.45732 1.45947 -14.2816 1 1 1 1 
v 2.37492 1.25416 -14.5527 1 1 1 1 
v 2.4286 1.23555 -14.5538 1 1 1 1 
v 2.37936 1.31559 -14.5841 1 1 1 1 
v 2.37492 1.25416 -14.5527 1 1 1 1 
v 2.39466 0.971049 -15.0328 1 1 1 1 
v 2.45202 1.11936 -14.733 1 1 1 1 
v 2.392 1.14017 -14.7318 1 1 1 1 
v 2.33464 0.991853 -15.0316 1 1 1 1 
v 2.42331 1.02923 -15.0672 1 1 1 1 
v 2.39466 0.971049 -15.0328 1 1 1 1 
v 2.4809 1.17822 -14.7678 1 1 1 1 
v 2.45202 1.11936 -14.733 1 1 1 1 
v 2.39466 0.971049 -15.0328 1 1 1 1 
v 2.42331 1.02923 -15.0672 1 1 1 1 
v 2.5058 1.44268 -14.2826 1 1 1 1 
v 2.50215 1.43181 -14.2765 1 1 1 1 
v 2.53792 1.41938 -14.2772 1 1 1 1 
v 2.55425 1.42584 -14.2835 1 1 1 1 
v 2.46984 1.34441 -14.3773 1 1 1 1 
v 2.52015 1.32694 -14.3783 1 1 1 1 
v 2.53792 1.41938 -14.2772 1 1 1 1 
v 2.50215 1.43181 -14.2765 1 1 1 1 
v 2.54608 1.36255 -14.401 1 1 1 1 
v 2.55425 1.42584 -14.2835 1 1 1 1 
v 2.53792 1.41938 -14.2772 1 1 1 1 
v 2.52015 1.32694 -14.3783 1 1 1 1 
v 2.48227 1.21692 -14.5548 1 1 1 1 
v 2.4286 1.23555 -14.5538 1 1 1 1 
v 2.51571 1.26828 -14.5868 1 1 1 1 
v 2.48227 1.21692 -14.5548 1 1 1 1 
v 2.40645 1.38908 -16.1647 1 1 1 1 
v 2.45899 1.52509 -15.893 1 1 1 1 
v 2.49796 1.51159 -15.8937 1 1 1 1 
v 2.44542 1.37558 -16.1655 1 1 1 1 
v 2.42679 1.32012 -16.1343 1 1 1 1 
v 2.37075 1.33955 -16.1332 1 1 1 1 
v 2.40645 1.38908 -16.1647 1 1 1 1 
v 2.44542 1.37558 -16.1655 1 1 1 1 
v 2.42308 1.47495 -15.8611 1 1 1 1 
v 2.45899 1.52509 -15.893 1 1 1 1 
v 2.40645 1.38908 -16.1647 1 1 1 1 
v 2.37075 1.33955 -16.1332 1 1 1 1 
v 2.59247 1.74875 -15.2728 1 1 1 1 
v 2.59578 1.75863 -15.2784 1 1 1 1 
v 2.57256 1.7667 -15.278 1 1 1 1 
v 2.55263 1.76259 -15.2721 1 1 1 1 
v 2.57721 1.71404 -15.436 1 1 1 1 
v 2.54455 1.72539 -15.4354 1 1 1 1 
v 2.57256 1.7667 -15.278 1 1 1 1 
v 2.59578 1.75863 -15.2784 1 1 1 1 
v 2.51337 1.69566 -15.4146 1 1 1 1 
v 2.55263 1.76259 -15.2721 1 1 1 1 
v 2.57256 1.7667 -15.278 1 1 1 1 
v 2.54455 1.72539 -15.4354 1 1 1 1 
v 2.50389 1.62855 -15.6699 1 1 1 1 
v 2.53874 1.61646 -15.6706 1 1 1 1 
v 2.46548 1.58464 -15.6406 1 1 1 1 
v 2.50389 1.62855 -15.6699 1 1 1 1 
v 2.45899 1.52509 -15.893 1 1 1 1 
v 2.49796 1.51159 -15.8937 1 1 1 1 
v 2.45899 1.52509 -15.893 1 1 1 1 
v 2.42308 1.47495 -15.8611 1 1 1 1 
v 2.49796 1.51159 -15.8937 1 1 1 1 
v 2.53691 1.49806 -15.8945 1 1 1 1 
v 2.48438 1.36205 -16.1662 1 1 1 1 
v 2.44542 1.37558 -16.1655 1 1 1 1 
v 2.48438 1.36205 -16.1662 1 1 1 1 
v 2.48283 1.30067 -16.1354 1 1 1 1 
v 2.48438 1.36205 -16.1662 1 1 1 1 
v 2.53691 1.49806 -15.8945 1 1 1 1 
v 2.53516 1.43606 -15.8633 1 1 1 1 
v 2.48283 1.30067 -16.1354 1 1 1 1 
v 2.61902 1.75059 -15.2789 1 1 1 1 
v 2.63231 1.73495 -15.2736 1 1 1 1 
v 2.57721 1.71404 -15.436 1 1 1 1 
v 2.59578 1.75863 -15.2784 1 1 1 1 
v 2.61902 1.75059 -15.2789 1 1 1 1 
v 2.60988 1.70272 -15.4366 1 1 1 1 
v 2.61667 1.65983 -15.4166 1 1 1 1 
v 2.60988 1.70272 -15.4366 1 1 1 1 
v 2.61902 1.75059 -15.2789 1 1 1 1 
v 2.63231 1.73495 -15.2736 1 1 1 1 
v 2.57358 1.60438 -15.6713 1 1 1 1 
v 2.53874 1.61646 -15.6706 1 1 1 1 
v 2.57756 1.54576 -15.6429 1 1 1 1 
v 2.57358 1.60438 -15.6713 1 1 1 1 
v 2.53691 1.49806 -15.8945 1 1 1 1 
v 2.49796 1.51159 -15.8937 1 1 1 1 
v 2.53691 1.49806 -15.8945 1 1 1 1 
v 2.53516 1.43606 -15.8633 1 1 1 1 
v 2.68708 2.10047 -14.4777 1 1 1 1 
v 2.6697 2.05402 -14.5418 1 1 1 1 
v 2.65708 2.03544 -14.5231 1 1 1 1 
v 2.67595 2.0853 -14.443 1 1 1 1 
v 2.68708 2.10047 -14.4777 1 1 1 1 
v 2.67595 2.0853 -14.443 1 1 1 1 
v 2.72022 2.06993 -14.4439 1 1 1 1 
v 2.72551 2.08713 -14.4785 1 1 1 1 
v 2.69002 2.05925 -14.5736 1 1 1 1 
v 2.70559 2.10229 -14.5417 1 1 1 1 
v 2.72694 2.09487 -14.5422 1 1 1 1 
v 2.71138 2.05183 -14.574 1 1 1 1 
v 2.55125 1.74658 -15.1403 1 1 1 1 
v 2.53878 1.72886 -15.1291 1 1 1 1 
v 2.54204 1.73729 -15.1122 1 1 1 1 
v 2.55458 1.75518 -15.1231 1 1 1 1 
v 2.55125 1.74658 -15.1403 1 1 1 1 
v 2.55458 1.75518 -15.1231 1 1 1 1 
v 2.593 1.74184 -15.1238 1 1 1 1 
v 2.58968 1.73324 -15.1411 1 1 1 1 
v 2.67699 2.02434 -14.6204 1 1 1 1 
v 2.69835 2.01693 -14.6208 1 1 1 1 
v 2.68363 1.97884 -14.6973 1 1 1 1 
v 2.66228 1.98627 -14.6969 1 1 1 1 
v 2.6387 1.97283 -14.6857 1 1 1 1 
v 2.62622 1.9551 -14.6744 1 1 1 1 
v 2.64119 1.99393 -14.5984 1 1 1 1 
v 2.65391 2.01237 -14.61 1 1 1 1 
v 2.72694 2.09487 -14.5422 1 1 1 1 
v 2.70559 2.10229 -14.5417 1 1 1 1 
v 2.70559 2.10229 -14.5417 1 1 1 1 
v 2.69002 2.05925 -14.5736 1 1 1 1 
v 2.6697 2.05402 -14.5418 1 1 1 1 
v 2.68708 2.10047 -14.4777 1 1 1 1 
v 2.67699 2.02434 -14.6204 1 1 1 1 
v 2.66228 1.98627 -14.6969 1 1 1 1 
v 2.6387 1.97283 -14.6857 1 1 1 1 
v 2.65391 2.01237 -14.61 1 1 1 1 
v 2.58115 1.77633 -15.1179 1 1 1 1 
v 2.64809 1.94957 -14.7706 1 1 1 1 
v 2.66945 1.94216 -14.771 1 1 1 1 
v 2.6025 1.76891 -15.1183 1 1 1 1 
v 2.55458 1.75518 -15.1231 1 1 1 1 
v 2.54204 1.73729 -15.1122 1 1 1 1 
v 2.61204 1.91841 -14.7482 1 1 1 1 
v 2.62452 1.93613 -14.7594 1 1 1 1 
v 2.62452 1.93613 -14.7594 1 1 1 1 
v 2.64809 1.94957 -14.7706 1 1 1 1 
v 2.58115 1.77633 -15.1179 1 1 1 1 
v 2.55458 1.75518 -15.1231 1 1 1 1 
v 2.58115 1.77633 -15.1179 1 1 1 1 
v 2.6025 1.76891 -15.1183 1 1 1 1 
v 2.593 1.74184 -15.1238 1 1 1 1 
v 2.55458 1.75518 -15.1231 1 1 1 1 
v 2.66945 1.94216 -14.771 1 1 1 1 
v 2.64809 1.94957 -14.7706 1 1 1 1 
v 2.62452 1.93613 -14.7594 1 1 1 1 
v 2.61204 1.91841 -14.7482 1 1 1 1 
v 2.64809 1.94957 -14.7706 1 1 1 1 
v 2.62452 1.93613 -14.7594 1 1 1 1 
v 2.66164 2.06268 -14.4069 1 1 1 1 
v 2.64462 2.05044 -14.3857 1 1 1 1 
v 2.70707 2.02878 -14.387 1 1 1 1 
v 2.71232 2.0451 -14.4079 1 1 1 1 
v 2.66164 2.06268 -14.4069 1 1 1 1 
v 2.64256 2.01331 -14.5061 1 1 1 1 
v 2.62377 1.9965 -14.4941 1 1 1 1 
v 2.64462 2.05044 -14.3857 1 1 1 1 
v 2.60847 1.95692 -14.5737 1 1 1 1 
v 2.62726 1.97373 -14.5857 1 1 1 1 
v 2.59377 1.91888 -14.6502 1 1 1 1 
v 2.61255 1.93568 -14.6621 1 1 1 1 
v 2.57959 1.8822 -14.7239 1 1 1 1 
v 2.59837 1.899 -14.7359 1 1 1 1 
v 2.50945 1.70073 -15.0886 1 1 1 1 
v 2.57959 1.8822 -14.7239 1 1 1 1 
v 2.59837 1.899 -14.7359 1 1 1 1 
v 2.52827 1.71762 -15.1004 1 1 1 1 
v 2.50632 1.69264 -15.1048 1 1 1 1 
v 2.50945 1.70073 -15.0886 1 1 1 1 
v 2.52827 1.71762 -15.1004 1 1 1 1 
v 2.52511 1.70944 -15.1168 1 1 1 1 
v 2.58305 1.7135 -15.13 1 1 1 1 
v 2.53878 1.72886 -15.1291 1 1 1 1 
v 2.55125 1.74658 -15.1403 1 1 1 1 
v 2.58968 1.73324 -15.1411 1 1 1 1 
v 2.67595 2.0853 -14.443 1 1 1 1 
v 2.65708 2.03544 -14.5231 1 1 1 1 
v 2.64256 2.01331 -14.5061 1 1 1 1 
v 2.66164 2.06268 -14.4069 1 1 1 1 
v 2.62726 1.97373 -14.5857 1 1 1 1 
v 2.64119 1.99393 -14.5984 1 1 1 1 
v 2.61255 1.93568 -14.6621 1 1 1 1 
v 2.62622 1.9551 -14.6744 1 1 1 1 
v 2.59837 1.899 -14.7359 1 1 1 1 
v 2.61204 1.91841 -14.7482 1 1 1 1 
v 2.52827 1.71762 -15.1004 1 1 1 1 
v 2.59837 1.899 -14.7359 1 1 1 1 
v 2.61204 1.91841 -14.7482 1 1 1 1 
v 2.54204 1.73729 -15.1122 1 1 1 1 
v 2.53878 1.72886 -15.1291 1 1 1 1 
v 2.52511 1.70944 -15.1168 1 1 1 1 
v 2.52827 1.71762 -15.1004 1 1 1 1 
v 2.54204 1.73729 -15.1122 1 1 1 1 
v 2.56877 1.67097 -15.1061 1 1 1 1 
v 2.50632 1.69264 -15.1048 1 1 1 1 
v 2.52511 1.70944 -15.1168 1 1 1 1 
v 2.57579 1.69186 -15.1178 1 1 1 1 
v 2.57579 1.69186 -15.1178 1 1 1 1 
v 2.52511 1.70944 -15.1168 1 1 1 1 
v 2.74563 2.00472 -14.5248 1 1 1 1 
v 2.74656 2.02736 -14.5433 1 1 1 1 
v 2.76394 2.07381 -14.4792 1 1 1 1 
v 2.7645 2.05458 -14.4448 1 1 1 1 
v 2.72022 2.06993 -14.4439 1 1 1 1 
v 2.7645 2.05458 -14.4448 1 1 1 1 
v 2.76394 2.07381 -14.4792 1 1 1 1 
v 2.72551 2.08713 -14.4785 1 1 1 1 
v 2.72694 2.09487 -14.5422 1 1 1 1 
v 2.7483 2.08747 -14.5426 1 1 1 1 
v 2.73274 2.04443 -14.5744 1 1 1 1 
v 2.71138 2.05183 -14.574 1 1 1 1 
v 2.63058 1.70657 -15.1139 1 1 1 1 
v 2.62733 1.69814 -15.1309 1 1 1 1 
v 2.62812 1.71992 -15.1418 1 1 1 1 
v 2.63144 1.72851 -15.1246 1 1 1 1 
v 2.593 1.74184 -15.1238 1 1 1 1 
v 2.63144 1.72851 -15.1246 1 1 1 1 
v 2.62812 1.71992 -15.1418 1 1 1 1 
v 2.58968 1.73324 -15.1411 1 1 1 1 
v 2.68363 1.97884 -14.6973 1 1 1 1 
v 2.69835 2.01693 -14.6208 1 1 1 1 
v 2.71971 2.00952 -14.6213 1 1 1 1 
v 2.70499 1.97145 -14.6977 1 1 1 1 
v 2.72974 1.96321 -14.6002 1 1 1 1 
v 2.71477 1.92438 -14.6762 1 1 1 1 
v 2.71556 1.94616 -14.6872 1 1 1 1 
v 2.73077 1.98571 -14.6115 1 1 1 1 
v 2.7483 2.08747 -14.5426 1 1 1 1 
v 2.72694 2.09487 -14.5422 1 1 1 1 
v 2.74656 2.02736 -14.5433 1 1 1 1 
v 2.73274 2.04443 -14.5744 1 1 1 1 
v 2.7483 2.08747 -14.5426 1 1 1 1 
v 2.76394 2.07381 -14.4792 1 1 1 1 
v 2.71556 1.94616 -14.6872 1 1 1 1 
v 2.70499 1.97145 -14.6977 1 1 1 1 
v 2.71971 2.00952 -14.6213 1 1 1 1 
v 2.73077 1.98571 -14.6115 1 1 1 1 
v 2.66945 1.94216 -14.771 1 1 1 1 
v 2.69081 1.93475 -14.7715 1 1 1 1 
v 2.62386 1.76151 -15.1187 1 1 1 1 
v 2.6025 1.76891 -15.1183 1 1 1 1 
v 2.70059 1.88769 -14.7499 1 1 1 1 
v 2.63058 1.70657 -15.1139 1 1 1 1 
v 2.63144 1.72851 -15.1246 1 1 1 1 
v 2.70138 1.90947 -14.7609 1 1 1 1 
v 2.70138 1.90947 -14.7609 1 1 1 1 
v 2.63144 1.72851 -15.1246 1 1 1 1 
v 2.62386 1.76151 -15.1187 1 1 1 1 
v 2.69081 1.93475 -14.7715 1 1 1 1 
v 2.593 1.74184 -15.1238 1 1 1 1 
v 2.6025 1.76891 -15.1183 1 1 1 1 
v 2.62386 1.76151 -15.1187 1 1 1 1 
v 2.63144 1.72851 -15.1246 1 1 1 1 
v 2.66945 1.94216 -14.771 1 1 1 1 
v 2.69081 1.93475 -14.7715 1 1 1 1 
v 2.70059 1.88769 -14.7499 1 1 1 1 
v 2.70138 1.90947 -14.7609 1 1 1 1 
v 2.70138 1.90947 -14.7609 1 1 1 1 
v 2.69081 1.93475 -14.7715 1 1 1 1 
v 2.763 2.02752 -14.4089 1 1 1 1 
v 2.71232 2.0451 -14.4079 1 1 1 1 
v 2.70707 2.02878 -14.387 1 1 1 1 
v 2.76952 2.00711 -14.3882 1 1 1 1 
v 2.74867 1.95317 -14.4966 1 1 1 1 
v 2.74391 1.97815 -14.5081 1 1 1 1 
v 2.763 2.02752 -14.4089 1 1 1 1 
v 2.76952 2.00711 -14.3882 1 1 1 1 
v 2.73337 1.91358 -14.5762 1 1 1 1 
v 2.72861 1.93856 -14.5877 1 1 1 1 
v 2.71867 1.87555 -14.6526 1 1 1 1 
v 2.71391 1.90052 -14.6641 1 1 1 1 
v 2.70449 1.83887 -14.7263 1 1 1 1 
v 2.69973 1.86383 -14.7379 1 1 1 1 
v 2.69973 1.86383 -14.7379 1 1 1 1 
v 2.70449 1.83887 -14.7263 1 1 1 1 
v 2.63435 1.6574 -15.091 1 1 1 1 
v 2.62962 1.68246 -15.1024 1 1 1 1 
v 2.62962 1.68246 -15.1024 1 1 1 1 
v 2.63435 1.6574 -15.091 1 1 1 1 
v 2.63122 1.64931 -15.1073 1 1 1 1 
v 2.62646 1.67428 -15.1188 1 1 1 1 
v 2.62812 1.71992 -15.1418 1 1 1 1 
v 2.62733 1.69814 -15.1309 1 1 1 1 
v 2.74391 1.97815 -14.5081 1 1 1 1 
v 2.74563 2.00472 -14.5248 1 1 1 1 
v 2.7645 2.05458 -14.4448 1 1 1 1 
v 2.763 2.02752 -14.4089 1 1 1 1 
v 2.72861 1.93856 -14.5877 1 1 1 1 
v 2.72974 1.96321 -14.6002 1 1 1 1 
v 2.71391 1.90052 -14.6641 1 1 1 1 
v 2.71477 1.92438 -14.6762 1 1 1 1 
v 2.69973 1.86383 -14.7379 1 1 1 1 
v 2.70059 1.88769 -14.7499 1 1 1 1 
v 2.70059 1.88769 -14.7499 1 1 1 1 
v 2.69973 1.86383 -14.7379 1 1 1 1 
v 2.62962 1.68246 -15.1024 1 1 1 1 
v 2.63058 1.70657 -15.1139 1 1 1 1 
v 2.62733 1.69814 -15.1309 1 1 1 1 
v 2.63058 1.70657 -15.1139 1 1 1 1 
v 2.62962 1.68246 -15.1024 1 1 1 1 
v 2.62646 1.67428 -15.1188 1 1 1 1 
v 2.62646 1.67428 -15.1188 1 1 1 1 
v 2.63122 1.64931 -15.1073 1 1 1 1 
v 2.62646 1.67428 -15.1188 1 1 1 1 
v 2.53489 1.67338 -14.0883 1 1 1 1 
v 2.56177 1.68439 -14.099 1 1 1 1 
v 2.51222 1.55626 -14.3575 1 1 1 1 
v 2.48528 1.54508 -14.3468 1 1 1 1 
v 2.59211 1.6813 -14.1033 1 1 1 1 
v 2.54259 1.55324 -14.3618 1 1 1 1 
v 2.55869 1.58178 -14.0473 1 1 1 1 
v 2.53282 1.5982 -14.0505 1 1 1 1 
v 2.483 1.46925 -14.3086 1 1 1 1 
v 2.50885 1.45277 -14.3053 1 1 1 1 
v 2.51818 1.62362 -14.0603 1 1 1 1 
v 2.46841 1.49484 -14.3185 1 1 1 1 
v 2.51893 1.65113 -14.0742 1 1 1 1 
v 2.46925 1.52259 -14.3325 1 1 1 1 
v 2.5377 1.67299 -14.084 1 1 1 1 
v 2.57648 1.63434 -14.0697 1 1 1 1 
v 2.56318 1.68343 -14.0941 1 1 1 1 
v 2.59194 1.68051 -14.0982 1 1 1 1 
v 2.56025 1.58615 -14.0452 1 1 1 1 
v 2.53574 1.60171 -14.0482 1 1 1 1 
v 2.52186 1.62581 -14.0575 1 1 1 1 
v 2.52258 1.6519 -14.0706 1 1 1 1 
v 2.5377 1.67299 -14.084 1 1 1 1 
v 2.56318 1.68343 -14.0941 1 1 1 1 
v 2.56177 1.68439 -14.099 1 1 1 1 
v 2.53489 1.67338 -14.0883 1 1 1 1 
v 2.59194 1.68051 -14.0982 1 1 1 1 
v 2.59211 1.6813 -14.1033 1 1 1 1 
v 2.56025 1.58615 -14.0452 1 1 1 1 
v 2.53574 1.60171 -14.0482 1 1 1 1 
v 2.53282 1.5982 -14.0505 1 1 1 1 
v 2.55869 1.58178 -14.0473 1 1 1 1 
v 2.52186 1.62581 -14.0575 1 1 1 1 
v 2.51818 1.62362 -14.0603 1 1 1 1 
v 2.52258 1.6519 -14.0706 1 1 1 1 
v 2.51893 1.65113 -14.0742 1 1 1 1 
v 2.56844 1.53676 -14.3586 1 1 1 1 
v 2.61798 1.66488 -14.1001 1 1 1 1 
v 2.63263 1.63947 -14.0902 1 1 1 1 
v 2.58303 1.51117 -14.3487 1 1 1 1 
v 2.54259 1.55324 -14.3618 1 1 1 1 
v 2.59211 1.6813 -14.1033 1 1 1 1 
v 2.53922 1.44974 -14.3097 1 1 1 1 
v 2.58904 1.5787 -14.0516 1 1 1 1 
v 2.55869 1.58178 -14.0473 1 1 1 1 
v 2.50885 1.45277 -14.3053 1 1 1 1 
v 2.56615 1.46093 -14.3204 1 1 1 1 
v 2.61592 1.58971 -14.0623 1 1 1 1 
v 2.58219 1.48341 -14.3347 1 1 1 1 
v 2.63187 1.61195 -14.0764 1 1 1 1 
v 2.63033 1.64085 -14.0858 1 1 1 1 
v 2.61645 1.66495 -14.0952 1 1 1 1 
v 2.589 1.58324 -14.0493 1 1 1 1 
v 2.61448 1.59368 -14.0593 1 1 1 1 
v 2.62961 1.61477 -14.0727 1 1 1 1 
v 2.61798 1.66488 -14.1001 1 1 1 1 
v 2.61645 1.66495 -14.0952 1 1 1 1 
v 2.63033 1.64085 -14.0858 1 1 1 1 
v 2.63263 1.63947 -14.0902 1 1 1 1 
v 2.58904 1.5787 -14.0516 1 1 1 1 
v 2.589 1.58324 -14.0493 1 1 1 1 
v 2.61592 1.58971 -14.0623 1 1 1 1 
v 2.61448 1.59368 -14.0593 1 1 1 1 
v 2.63187 1.61195 -14.0764 1 1 1 1 
v 2.62961 1.61477 -14.0727 1 1 1 1 
v 2.59985 1.98584 -14.3488 1 1 1 1 
v 2.63178 2.06839 -14.1818 1 1 1 1 
v 2.67649 2.08481 -14.2044 1 1 1 1 
v 2.64553 2.0048 -14.367 1 1 1 1 
v 2.72781 2.0787 -14.2133 1 1 1 1 
v 2.6972 1.99962 -14.3743 1 1 1 1 
v 2.63998 1.82925 -14.2786 1 1 1 1 
v 2.67589 1.92224 -14.0938 1 1 1 1 
v 2.63153 1.94932 -14.1008 1 1 1 1 
v 2.59598 1.85726 -14.284 1 1 1 1 
v 2.60582 1.99016 -14.122 1 1 1 1 
v 2.57125 1.90065 -14.3009 1 1 1 1 
v 2.60592 2.03375 -14.1517 1 1 1 1 
v 2.57266 1.94771 -14.3246 1 1 1 1 
v 2.63675 2.06823 -14.1736 1 1 1 1 
v 2.70315 2.00384 -14.1468 1 1 1 1 
v 2.67913 2.08379 -14.195 1 1 1 1 
v 2.72776 2.078 -14.2034 1 1 1 1 
v 2.67854 1.92969 -14.0901 1 1 1 1 
v 2.63651 1.95535 -14.0968 1 1 1 1 
v 2.61214 1.99407 -14.1169 1 1 1 1 
v 2.61223 2.03538 -14.145 1 1 1 1 
v 2.63178 2.06839 -14.1818 1 1 1 1 
v 2.63675 2.06823 -14.1736 1 1 1 1 
v 2.67913 2.08379 -14.195 1 1 1 1 
v 2.67649 2.08481 -14.2044 1 1 1 1 
v 2.72776 2.078 -14.2034 1 1 1 1 
v 2.72781 2.0787 -14.2133 1 1 1 1 
v 2.67589 1.92224 -14.0938 1 1 1 1 
v 2.67854 1.92969 -14.0901 1 1 1 1 
v 2.63651 1.95535 -14.0968 1 1 1 1 
v 2.63153 1.94932 -14.1008 1 1 1 1 
v 2.61214 1.99407 -14.1169 1 1 1 1 
v 2.60582 1.99016 -14.122 1 1 1 1 
v 2.61223 2.03538 -14.145 1 1 1 1 
v 2.60592 2.03375 -14.1517 1 1 1 1 
v 2.76594 1.92822 -14.352 1 1 1 1 
v 2.7412 1.97161 -14.3689 1 1 1 1 
v 2.77217 2.05162 -14.2063 1 1 1 1 
v 2.79787 2.01078 -14.1851 1 1 1 1 
v 2.6972 1.99962 -14.3743 1 1 1 1 
v 2.72781 2.0787 -14.2133 1 1 1 1 
v 2.63998 1.82925 -14.2786 1 1 1 1 
v 2.69165 1.82407 -14.2859 1 1 1 1 
v 2.7272 1.91612 -14.1027 1 1 1 1 
v 2.67589 1.92224 -14.0938 1 1 1 1 
v 2.73733 1.84303 -14.3041 1 1 1 1 
v 2.77191 1.93254 -14.1253 1 1 1 1 
v 2.76452 1.88115 -14.3283 1 1 1 1 
v 2.79777 1.96719 -14.1554 1 1 1 1 
v 2.79416 2.01362 -14.1767 1 1 1 1 
v 2.7698 2.05234 -14.1967 1 1 1 1 
v 2.72717 1.9239 -14.0986 1 1 1 1 
v 2.76955 1.93946 -14.12 1 1 1 1 
v 2.79407 1.9723 -14.1486 1 1 1 1 
v 2.79787 2.01078 -14.1851 1 1 1 1 
v 2.77217 2.05162 -14.2063 1 1 1 1 
v 2.7698 2.05234 -14.1967 1 1 1 1 
v 2.79416 2.01362 -14.1767 1 1 1 1 
v 2.67589 1.92224 -14.0938 1 1 1 1 
v 2.7272 1.91612 -14.1027 1 1 1 1 
v 2.72717 1.9239 -14.0986 1 1 1 1 
v 2.67854 1.92969 -14.0901 1 1 1 1 
v 2.77191 1.93254 -14.1253 1 1 1 1 
v 2.76955 1.93946 -14.12 1 1 1 1 
v 2.79777 1.96719 -14.1554 1 1 1 1 
v 2.79407 1.9723 -14.1486 1 1 1 1 
v 2.68542 1.52302 -15.0122 1 1 1 1 
v 2.63135 1.37022 -15.0659 1 1 1 1 
v 2.52327 1.40772 -15.0637 1 1 1 1 
v 2.57734 1.56052 -15.0101 1 1 1 1 
v 2.60543 1.2931 -15.0235 1 1 1 1 
v 2.75843 1.68896 -14.228 1 1 1 1 
v 2.65036 1.72645 -14.2258 1 1 1 1 
v 2.49735 1.33059 -15.0214 1 1 1 1 
v 2.77678 1.74357 -14.2587 1 1 1 1 
v 2.8173 1.86423 -14.3265 1 1 1 1 
v 2.70922 1.90173 -14.3244 1 1 1 1 
v 2.6687 1.78107 -14.2565 1 1 1 1 
v 2.8173 1.86423 -14.3265 1 1 1 1 
v 2.68542 1.52302 -15.0122 1 1 1 1 
v 2.57734 1.56052 -15.0101 1 1 1 1 
v 2.70922 1.90173 -14.3244 1 1 1 1 
v 2.71295 1.48852 -15.0003 1 1 1 1 
v 2.84086 1.81945 -14.3353 1 1 1 1 
v 2.80783 1.72109 -14.28 1 1 1 1 
v 2.65898 1.33601 -15.0542 1 1 1 1 
v 2.75843 1.68896 -14.228 1 1 1 1 
v 2.65036 1.72645 -14.2258 1 1 1 1 
v 2.7943 1.68083 -14.2573 1 1 1 1 
v 2.64528 1.29528 -15.0322 1 1 1 1 
v 2.59588 1.27845 -15.2503 1 1 1 1 
v 2.5701 1.2017 -15.2072 1 1 1 1 
v 2.46202 1.23919 -15.205 1 1 1 1 
v 2.4878 1.31594 -15.2482 1 1 1 1 
v 2.63135 1.37022 -15.0659 1 1 1 1 
v 2.59588 1.27845 -15.2503 1 1 1 1 
v 2.4878 1.31594 -15.2482 1 1 1 1 
v 2.52327 1.40772 -15.0637 1 1 1 1 
v 2.61404 1.21445 -15.1948 1 1 1 1 
v 2.62772 1.2552 -15.2177 1 1 1 1 
v 2.46202 1.23919 -15.205 1 1 1 1 
v 2.5701 1.2017 -15.2072 1 1 1 1 
v 2.68542 1.52302 -15.0122 1 1 1 1 
v 2.8173 1.86423 -14.3265 1 1 1 1 
v 2.84086 1.81945 -14.3353 1 1 1 1 
v 2.71295 1.48852 -15.0003 1 1 1 1 
v 2.77678 1.74357 -14.2587 1 1 1 1 
v 2.80783 1.72109 -14.28 1 1 1 1 
v 2.84086 1.81945 -14.3353 1 1 1 1 
v 2.8173 1.86423 -14.3265 1 1 1 1 
v 2.63135 1.37022 -15.0659 1 1 1 1 
v 2.68542 1.52302 -15.0122 1 1 1 1 
v 2.71295 1.48852 -15.0003 1 1 1 1 
v 2.65898 1.33601 -15.0542 1 1 1 1 
v 2.77678 1.74357 -14.2587 1 1 1 1 
v 2.75843 1.68896 -14.228 1 1 1 1 
v 2.7943 1.68083 -14.2573 1 1 1 1 
v 2.80783 1.72109 -14.28 1 1 1 1 
v 2.60543 1.2931 -15.0235 1 1 1 1 
v 2.64528 1.29528 -15.0322 1 1 1 1 
v 2.7943 1.68083 -14.2573 1 1 1 1 
v 2.75843 1.68896 -14.228 1 1 1 1 
v 2.60543 1.2931 -15.0235 1 1 1 1 
v 2.5701 1.2017 -15.2072 1 1 1 1 
v 2.61404 1.21445 -15.1948 1 1 1 1 
v 2.64528 1.29528 -15.0322 1 1 1 1 
v 2.5701 1.2017 -15.2072 1 1 1 1 
v 2.59588 1.27845 -15.2503 1 1 1 1 
v 2.62772 1.2552 -15.2177 1 1 1 1 
v 2.61404 1.21445 -15.1948 1 1 1 1 
v 2.63135 1.37022 -15.0659 1 1 1 1 
v 2.65898 1.33601 -15.0542 1 1 1 1 
v 2.62772 1.2552 -15.2177 1 1 1 1 
v 2.59588 1.27845 -15.2503 1 1 1 1 
v 2.61583 1.34557 -15.3901 1 1 1 1 
v 2.66913 1.4962 -15.3371 1 1 1 1 
v 2.56259 1.53316 -15.335 1 1 1 1 
v 2.50929 1.38253 -15.388 1 1 1 1 
v 2.69468 1.57223 -15.3789 1 1 1 1 
v 2.54385 1.182 -16.1631 1 1 1 1 
v 2.43731 1.21896 -16.161 1 1 1 1 
v 2.58814 1.60919 -15.3768 1 1 1 1 
v 2.52577 1.12816 -16.1329 1 1 1 1 
v 2.48582 1.00921 -16.066 1 1 1 1 
v 2.37928 1.04618 -16.0639 1 1 1 1 
v 2.41922 1.16512 -16.1308 1 1 1 1 
v 2.48582 1.00921 -16.066 1 1 1 1 
v 2.61583 1.34557 -15.3901 1 1 1 1 
v 2.50929 1.38253 -15.388 1 1 1 1 
v 2.37928 1.04618 -16.0639 1 1 1 1 
v 2.65777 1.35562 -15.4031 1 1 1 1 
v 2.53529 1.03874 -16.0399 1 1 1 1 
v 2.56785 1.1357 -16.0944 1 1 1 1 
v 2.71097 1.50597 -15.35 1 1 1 1 
v 2.54385 1.182 -16.1631 1 1 1 1 
v 2.43731 1.21896 -16.161 1 1 1 1 
v 2.58118 1.17539 -16.1167 1 1 1 1 
v 2.72447 1.54611 -15.3716 1 1 1 1 
v 2.7041 1.58668 -15.1553 1 1 1 1 
v 2.7295 1.66233 -15.1978 1 1 1 1 
v 2.62296 1.69929 -15.1957 1 1 1 1 
v 2.59756 1.62364 -15.1532 1 1 1 1 
v 2.66913 1.4962 -15.3371 1 1 1 1 
v 2.7041 1.58668 -15.1553 1 1 1 1 
v 2.59756 1.62364 -15.1532 1 1 1 1 
v 2.56259 1.53316 -15.335 1 1 1 1 
v 2.75527 1.6258 -15.2114 1 1 1 1 
v 2.74178 1.58562 -15.1888 1 1 1 1 
v 2.62296 1.69929 -15.1957 1 1 1 1 
v 2.7295 1.66233 -15.1978 1 1 1 1 
v 2.61583 1.34557 -15.3901 1 1 1 1 
v 2.48582 1.00921 -16.066 1 1 1 1 
v 2.53529 1.03874 -16.0399 1 1 1 1 
v 2.65777 1.35562 -15.4031 1 1 1 1 
v 2.52577 1.12816 -16.1329 1 1 1 1 
v 2.56785 1.1357 -16.0944 1 1 1 1 
v 2.53529 1.03874 -16.0399 1 1 1 1 
v 2.48582 1.00921 -16.066 1 1 1 1 
v 2.66913 1.4962 -15.3371 1 1 1 1 
v 2.61583 1.34557 -15.3901 1 1 1 1 
v 2.65777 1.35562 -15.4031 1 1 1 1 
v 2.71097 1.50597 -15.35 1 1 1 1 
v 2.52577 1.12816 -16.1329 1 1 1 1 
v 2.54385 1.182 -16.1631 1 1 1 1 
v 2.58118 1.17539 -16.1167 1 1 1 1 
v 2.56785 1.1357 -16.0944 1 1 1 1 
v 2.69468 1.57223 -15.3789 1 1 1 1 
v 2.72447 1.54611 -15.3716 1 1 1 1 
v 2.58118 1.17539 -16.1167 1 1 1 1 
v 2.54385 1.182 -16.1631 1 1 1 1 
v 2.69468 1.57223 -15.3789 1 1 1 1 
v 2.7295 1.66233 -15.1978 1 1 1 1 
v 2.75527 1.6258 -15.2114 1 1 1 1 
v 2.72447 1.54611 -15.3716 1 1 1 1 
v 2.7295 1.66233 -15.1978 1 1 1 1 
v 2.7041 1.58668 -15.1553 1 1 1 1 
v 2.74178 1.58562 -15.1888 1 1 1 1 
v 2.75527 1.6258 -15.2114 1 1 1 1 
v 2.66913 1.4962 -15.3371 1 1 1 1 
v 2.71097 1.50597 -15.35 1 1 1 1 
v 2.74178 1.58562 -15.1888 1 1 1 1 
v 2.7041 1.58668 -15.1553 1 1 1 1 
v 2.44298 1.43557 -15.0622 1 1 1 1 
v 2.3349 1.47307 -15.06 1 1 1 1 
v 2.38897 1.62587 -15.0063 1 1 1 1 
v 2.49704 1.58837 -15.0085 1 1 1 1 
v 2.57006 1.75431 -14.2242 1 1 1 1 
v 2.46198 1.7918 -14.2221 1 1 1 1 
v 2.30898 1.39594 -15.0176 1 1 1 1 
v 2.41705 1.35845 -15.0198 1 1 1 1 
v 2.62892 1.92958 -14.3228 1 1 1 1 
v 2.52085 1.96708 -14.3206 1 1 1 1 
v 2.48033 1.84642 -14.2528 1 1 1 1 
v 2.5884 1.80892 -14.2549 1 1 1 1 
v 2.49704 1.58837 -15.0085 1 1 1 1 
v 2.38897 1.62587 -15.0063 1 1 1 1 
v 2.52085 1.96708 -14.3206 1 1 1 1 
v 2.62892 1.92958 -14.3228 1 1 1 1 
v 2.34642 1.61568 -14.9931 1 1 1 1 
v 2.29245 1.46316 -15.0469 1 1 1 1 
v 2.4413 1.84824 -14.2728 1 1 1 1 
v 2.47433 1.9466 -14.328 1 1 1 1 
v 2.46198 1.7918 -14.2221 1 1 1 1 
v 2.57006 1.75431 -14.2242 1 1 1 1 
v 2.27875 1.42244 -15.025 1 1 1 1 
v 2.42777 1.80798 -14.2501 1 1 1 1 
v 2.38173 1.26705 -15.2034 1 1 1 1 
v 2.27365 1.30454 -15.2013 1 1 1 1 
v 2.29942 1.38129 -15.2445 1 1 1 1 
v 2.4075 1.3438 -15.2466 1 1 1 1 
v 2.4075 1.3438 -15.2466 1 1 1 1 
v 2.29942 1.38129 -15.2445 1 1 1 1 
v 2.3349 1.47307 -15.06 1 1 1 1 
v 2.44298 1.43557 -15.0622 1 1 1 1 
v 2.26119 1.38235 -15.2105 1 1 1 1 
v 2.24751 1.3416 -15.1876 1 1 1 1 
v 2.27365 1.30454 -15.2013 1 1 1 1 
v 2.38173 1.26705 -15.2034 1 1 1 1 
v 2.38897 1.62587 -15.0063 1 1 1 1 
v 2.34642 1.61568 -14.9931 1 1 1 1 
v 2.47433 1.9466 -14.328 1 1 1 1 
v 2.52085 1.96708 -14.3206 1 1 1 1 
v 2.47433 1.9466 -14.328 1 1 1 1 
v 2.4413 1.84824 -14.2728 1 1 1 1 
v 2.48033 1.84642 -14.2528 1 1 1 1 
v 2.52085 1.96708 -14.3206 1 1 1 1 
v 2.3349 1.47307 -15.06 1 1 1 1 
v 2.29245 1.46316 -15.0469 1 1 1 1 
v 2.34642 1.61568 -14.9931 1 1 1 1 
v 2.38897 1.62587 -15.0063 1 1 1 1 
v 2.48033 1.84642 -14.2528 1 1 1 1 
v 2.4413 1.84824 -14.2728 1 1 1 1 
v 2.42777 1.80798 -14.2501 1 1 1 1 
v 2.46198 1.7918 -14.2221 1 1 1 1 
v 2.42777 1.80798 -14.2501 1 1 1 1 
v 2.27875 1.42244 -15.025 1 1 1 1 
v 2.30898 1.39594 -15.0176 1 1 1 1 
v 2.46198 1.7918 -14.2221 1 1 1 1 
v 2.30898 1.39594 -15.0176 1 1 1 1 
v 2.27875 1.42244 -15.025 1 1 1 1 
v 2.24751 1.3416 -15.1876 1 1 1 1 
v 2.27365 1.30454 -15.2013 1 1 1 1 
v 2.27365 1.30454 -15.2013 1 1 1 1 
v 2.24751 1.3416 -15.1876 1 1 1 1 
v 2.26119 1.38235 -15.2105 1 1 1 1 
v 2.29942 1.38129 -15.2445 1 1 1 1 
v 2.26119 1.38235 -15.2105 1 1 1 1 
v 2.29245 1.46316 -15.0469 1 1 1 1 
v 2.3349 1.47307 -15.06 1 1 1 1 
v 2.29942 1.38129 -15.2445 1 1 1 1 
v 2.48025 1.56172 -15.3334 1 1 1 1 
v 2.37371 1.59868 -15.3313 1 1 1 1 
v 2.32042 1.44806 -15.3842 1 1 1 1 
v 2.42696 1.4111 -15.3863 1 1 1 1 
v 2.35497 1.24752 -16.1594 1 1 1 1 
v 2.24843 1.28448 -16.1573 1 1 1 1 
v 2.39927 1.67472 -15.3731 1 1 1 1 
v 2.50581 1.63776 -15.3752 1 1 1 1 
v 2.29695 1.07474 -16.0623 1 1 1 1 
v 2.19041 1.1117 -16.0602 1 1 1 1 
v 2.23035 1.23064 -16.127 1 1 1 1 
v 2.33689 1.19368 -16.1291 1 1 1 1 
v 2.42696 1.4111 -15.3863 1 1 1 1 
v 2.32042 1.44806 -15.3842 1 1 1 1 
v 2.19041 1.1117 -16.0602 1 1 1 1 
v 2.29695 1.07474 -16.0623 1 1 1 1 
v 2.29327 1.48207 -15.3959 1 1 1 1 
v 2.34648 1.63242 -15.3429 1 1 1 1 
v 2.20336 1.26215 -16.0872 1 1 1 1 
v 2.17079 1.16519 -16.0327 1 1 1 1 
v 2.24843 1.28448 -16.1573 1 1 1 1 
v 2.35497 1.24752 -16.1594 1 1 1 1 
v 2.35998 1.67256 -15.3645 1 1 1 1 
v 2.21669 1.30184 -16.1096 1 1 1 1 
v 2.54063 1.72786 -15.1941 1 1 1 1 
v 2.43409 1.76482 -15.192 1 1 1 1 
v 2.40868 1.68916 -15.1495 1 1 1 1 
v 2.51522 1.6522 -15.1516 1 1 1 1 
v 2.51522 1.6522 -15.1516 1 1 1 1 
v 2.40868 1.68916 -15.1495 1 1 1 1 
v 2.37371 1.59868 -15.3313 1 1 1 1 
v 2.48025 1.56172 -15.3334 1 1 1 1 
v 2.37729 1.71207 -15.1816 1 1 1 1 
v 2.39078 1.75225 -15.2042 1 1 1 1 
v 2.43409 1.76482 -15.192 1 1 1 1 
v 2.54063 1.72786 -15.1941 1 1 1 1 
v 2.32042 1.44806 -15.3842 1 1 1 1 
v 2.29327 1.48207 -15.3959 1 1 1 1 
v 2.17079 1.16519 -16.0327 1 1 1 1 
v 2.19041 1.1117 -16.0602 1 1 1 1 
v 2.17079 1.16519 -16.0327 1 1 1 1 
v 2.20336 1.26215 -16.0872 1 1 1 1 
v 2.23035 1.23064 -16.127 1 1 1 1 
v 2.19041 1.1117 -16.0602 1 1 1 1 
v 2.37371 1.59868 -15.3313 1 1 1 1 
v 2.34648 1.63242 -15.3429 1 1 1 1 
v 2.29327 1.48207 -15.3959 1 1 1 1 
v 2.32042 1.44806 -15.3842 1 1 1 1 
v 2.21669 1.30184 -16.1096 1 1 1 1 
v 2.24843 1.28448 -16.1573 1 1 1 1 
v 2.21669 1.30184 -16.1096 1 1 1 1 
v 2.35998 1.67256 -15.3645 1 1 1 1 
v 2.39927 1.67472 -15.3731 1 1 1 1 
v 2.24843 1.28448 -16.1573 1 1 1 1 
v 2.39927 1.67472 -15.3731 1 1 1 1 
v 2.35998 1.67256 -15.3645 1 1 1 1 
v 2.39078 1.75225 -15.2042 1 1 1 1 
v 2.43409 1.76482 -15.192 1 1 1 1 
v 2.43409 1.76482 -15.192 1 1 1 1 
v 2.39078 1.75225 -15.2042 1 1 1 1 
v 2.37729 1.71207 -15.1816 1 1 1 1 
v 2.40868 1.68916 -15.1495 1 1 1 1 
v 2.37729 1.71207 -15.1816 1 1 1 1 
v 2.34648 1.63242 -15.3429 1 1 1 1 
v 2.37371 1.59868 -15.3313 1 1 1 1 
v 2.40868 1.68916 -15.1495 1 1 1 1 

vn -0.677165 0.700787 -0.220472 
vn -0.677165 0.700787 -0.220472 
vn -0.228346 0.889764 -0.393701 
vn -0.228346 0.889764 -0.393701 
vn 0.283465 0.84252 -0.464567 
vn 0.283465 0.84252 -0.464567 
vn -0.283465 -0.834646 0.472441 
vn -0.283465 -0.834646 0.472441 
vn -0.716535 -0.559055 0.417323 
vn -0.716535 -0.559055 0.417323 
vn -0.96063 -0.133858 0.251969 
vn -0.96063 -0.133858 0.251969 
vn -0.944882 0.330709 0.015748 
vn -0.944882 0.330709 0.015748 
vn 0.204724 0.551181 0.811024 
vn 0.204724 0.551181 0.811024 
vn 0.204724 0.551181 0.811024 
vn 0.204724 0.551181 0.811024 
vn 0.204724 0.551181 0.811024 
vn 0.204724 0.551181 0.811024 
vn 0.204724 0.551181 0.811024 
vn 0.204724 0.551181 0.811024 
vn -0.425197 0.866142 0.275591 
vn -0.425197 0.866142 0.275591 
vn -0.0629921 0.992126 0.125984 
vn -0.0629921 0.992126 0.125984 
vn 0.330709 0.944882 0.0708661 
vn 0.330709 0.944882 0.0708661 
vn -0.11811 -0.401575 0.905512 
vn -0.11811 -0.401575 0.905512 
vn -0.496063 -0.165354 0.850394 
vn -0.496063 -0.165354 0.850394 
vn -0.692913 0.204724 0.692913 
vn -0.692913 0.204724 0.692913 
vn -0.661417 0.582677 0.480315 
vn -0.661417 0.582677 0.480315 
vn 0.96063 0.133858 -0.251969 
vn 0.716535 0.566929 -0.417323 
vn 0.716535 0.566929 -0.417323 
vn 0.96063 0.133858 -0.251969 
vn 0.228346 -0.889764 0.401575 
vn 0.228346 -0.889764 0.401575 
vn 0.677165 -0.700787 0.220472 
vn 0.677165 -0.700787 0.220472 
vn 0.944882 -0.330709 -0.015748 
vn 0.944882 -0.330709 -0.015748 
vn 0.204724 0.551181 0.811024 
vn 0.204724 0.551181 0.811024 
vn 0.204724 0.551181 0.811024 
vn 0.204724 0.551181 0.811024 
vn 0.204724 0.551181 0.811024 
vn 0.204724 0.551181 0.811024 
vn 0.874016 0.409449 0.244094 
vn 0.669291 0.732283 0.110236 
vn 0.669291 0.732283 0.110236 
vn 0.874016 0.409449 0.244094 
vn 0.330709 0.944882 0.0708661 
vn 0.330709 0.944882 0.0708661 
vn -0.125984 -0.401575 0.905512 
vn 0.322835 -0.440945 0.834646 
vn 0.322835 -0.440945 0.834646 
vn -0.125984 -0.401575 0.905512 
vn 0.692913 -0.275591 0.669291 
vn 0.692913 -0.275591 0.669291 
vn 0.889764 0.0393701 0.448819 
vn 0.889764 0.0393701 0.448819 
vn 0.944882 -0.330709 -0.015748 
vn 0.944882 -0.330709 -0.015748 
vn 0.944882 -0.330709 -0.015748 
vn 0.944882 -0.330709 -0.015748 
vn 0.944882 -0.330709 -0.015748 
vn 0.944882 -0.330709 -0.015748 
vn 0.944882 -0.330709 -0.015748 
vn 0.944882 -0.330709 -0.015748 
vn 0.944882 -0.330709 -0.015748 
vn 0.944882 -0.330709 -0.015748 
vn 0.944882 -0.330709 -0.015748 
vn 0.944882 -0.330709 -0.015748 
vn 0.944882 -0.330709 -0.015748 
vn 0.944882 -0.330709 -0.015748 
vn 0.944882 -0.330709 -0.015748 
vn 0.944882 -0.330709 -0.015748 
vn 0.944882 -0.330709 -0.015748 
vn 0.944882 -0.330709 -0.015748 
vn 0.944882 -0.330709 -0.015748 
vn 0.944882 -0.330709 -0.015748 
vn 0.944882 -0.330709 -0.015748 
vn 0.944882 -0.330709 -0.015748 
vn 0.952756 -0.314961 -0.0314961 
vn 0.952756 -0.314961 -0.0314961 
vn 0.952756 -0.314961 -0.0314961 
vn 0.952756 -0.314961 -0.0314961 
vn 0.944882 -0.330709 -0.015748 
vn 0.944882 -0.330709 -0.015748 
vn 0.944882 -0.330709 -0.015748 
vn 0.944882 -0.330709 -0.015748 
vn 0.952756 -0.299213 -0.015748 
vn 0.952756 -0.299213 -0.015748 
vn 0.944882 -0.330709 -0.015748 
vn 0.944882 -0.330709 -0.015748 
vn 0.944882 -0.330709 -0.015748 
vn 0.944882 -0.330709 -0.015748 
vn 0.944882 -0.330709 -0.015748 
vn 0.944882 -0.330709 -0.015748 
vn 0.944882 -0.330709 -0.015748 
vn 0.944882 -0.330709 -0.015748 
vn 0.944882 -0.330709 -0.015748 
vn 0.944882 -0.330709 -0.015748 
vn 0.944882 -0.330709 -0.015748 
vn 0.944882 -0.330709 -0.015748 
vn 0.0551181 0.0944882 0.992126 
vn 0.0787402 0.173228 0.984252 
vn 0.0787402 0.173228 0.984252 
vn 0.0551181 0.0944882 0.992126 
vn 0.0393701 0.0551181 1 
vn 0.0393701 0.0551181 1 
vn 0.0314961 0.0393701 1 
vn 0.0314961 0.0393701 1 
vn -0.149606 -0.377953 -0.913386 
vn -0.149606 -0.377953 -0.913386 
vn -0.19685 -0.519685 -0.834646 
vn -0.19685 -0.519685 -0.834646 
vn -0.0314961 -0.023622 -1 
vn -0.0314961 -0.023622 -1 
vn -0.0314961 -0.023622 -1 
vn -0.0314961 -0.023622 -1 
vn 0.00787402 0.0866142 -0.992126 
vn 0.00787402 0.0866142 -0.992126 
vn 0.00787402 0.0866142 -0.992126 
vn 0.00787402 0.0866142 -0.992126 
vn -0.19685 -0.511811 -0.834646 
vn -0.19685 -0.511811 -0.834646 
vn -0.0787402 -0.165354 -0.984252 
vn -0.0787402 -0.165354 -0.984252 
vn -0.220472 -0.677165 0.700787 
vn -0.220472 -0.677165 0.700787 
vn -0.0787402 -0.291339 0.952756 
vn -0.0787402 -0.291339 0.952756 
vn 0.314961 0.92126 -0.228346 
vn 0.314961 0.92126 -0.228346 
vn 0.314961 0.92126 -0.228346 
vn 0.314961 0.92126 -0.228346 
vn -0.322835 -0.937008 0.149606 
vn -0.322835 -0.937008 0.149606 
vn -0.322835 -0.937008 0.149606 
vn -0.322835 -0.937008 0.149606 
vn -0.23622 -0.653543 -0.716535 
vn -0.23622 -0.653543 -0.716535 
vn -0.19685 -0.511811 -0.834646 
vn 0.00787402 0.0866142 -0.992126 
vn 0.00787402 0.0866142 -0.992126 
vn 0.00787402 0.0866142 -0.992126 
vn 0.00787402 0.0866142 -0.992126 
vn 0.0944882 0.228346 0.968504 
vn 0.0944882 0.228346 0.968504 
vn 0.0944882 0.228346 0.968504 
vn 0.0944882 0.228346 0.968504 
vn 0.0472441 0.0708661 1 
vn 0.0472441 0.0708661 1 
vn -0.0787402 -0.291339 0.952756 
vn 0.165354 0.417323 0.897638 
vn 0.165354 0.417323 0.897638 
vn 0.133858 0.322835 0.937008 
vn 0.133858 0.322835 0.937008 
vn -0.173228 -0.440945 -0.88189 
vn -0.173228 -0.440945 -0.88189 
vn -0.173228 -0.440945 -0.88189 
vn -0.173228 -0.440945 -0.88189 
vn 0.220472 0.590551 0.779528 
vn 0.220472 0.590551 0.779528 
vn 0.283465 0.779528 0.559055 
vn 0.283465 0.779528 0.559055 
vn -0.00787402 0.0314961 -1 
vn -0.00787402 0.0314961 -1 
vn -0.00787402 0.0314961 -1 
vn -0.00787402 0.0314961 -1 
vn 0.204724 0.551181 0.80315 
vn 0.204724 0.551181 0.80315 
vn 0.204724 0.551181 0.80315 
vn 0.204724 0.551181 0.80315 
vn 0.0866142 0.19685 0.976378 
vn 0.0866142 0.19685 0.976378 
vn -0.015748 0.00787402 -1 
vn -0.015748 0.00787402 -1 
vn -0.173228 -0.448819 -0.874016 
vn -0.188976 -0.503937 -0.84252 
vn -0.188976 -0.503937 -0.84252 
vn -0.173228 -0.448819 -0.874016 
vn -0.0787402 -0.244094 0.968504 
vn -0.0787402 -0.244094 0.968504 
vn -0.0787402 -0.244094 0.968504 
vn -0.0787402 -0.244094 0.968504 
vn -0.275591 -0.96063 0.015748 
vn -0.275591 -0.96063 0.015748 
vn -0.275591 -0.96063 0.015748 
vn -0.275591 -0.96063 0.015748 
vn -0.330709 -0.944882 -0.023622 
vn -0.330709 -0.944882 -0.023622 
vn -0.330709 -0.944882 -0.023622 
vn -0.330709 -0.944882 -0.023622 
vn -0.0629921 -0.228346 0.976378 
vn -0.0629921 -0.228346 0.976378 
vn -0.0629921 -0.228346 0.976378 
vn -0.0629921 -0.228346 0.976378 
vn -0.322835 -0.944882 0.0472441 
vn -0.322835 -0.944882 0.0472441 
vn -0.322835 -0.944882 0.0472441 
vn -0.322835 -0.944882 0.0472441 
vn -0.0708661 -0.251969 0.968504 
vn -0.0708661 -0.251969 0.968504 
vn -0.0708661 -0.251969 0.968504 
vn -0.0708661 -0.251969 0.968504 
vn -0.283465 -0.834646 0.472441 
vn -0.283465 -0.834646 0.472441 
vn -0.283465 -0.834646 0.472441 
vn -0.283465 -0.834646 0.472441 
vn 0.165354 0.440945 0.88189 
vn 0.165354 0.440945 0.88189 
vn 0.165354 0.440945 0.88189 
vn 0.165354 0.440945 0.88189 
vn 0.944882 -0.330709 -0.015748 
vn 0.944882 -0.330709 -0.015748 
vn 0.944882 -0.330709 -0.015748 
vn -0.322835 -0.944882 0.0629921 
vn -0.322835 -0.944882 0.0629921 
vn -0.322835 -0.944882 0.0629921 
vn -0.322835 -0.944882 0.0629921 
vn -0.0787402 -0.283465 0.952756 
vn -0.0787402 -0.283465 0.952756 
vn -0.0787402 -0.283465 0.952756 
vn -0.0787402 -0.283465 0.952756 
vn 0.00787402 0.0866142 -0.992126 
vn 0.00787402 0.0866142 -0.992126 
vn 0.023622 0.015748 1 
vn 0.023622 0.015748 1 
vn 0.023622 0.015748 1 
vn 0.023622 0.015748 1 
vn -0.322835 -0.929134 0.173228 
vn -0.322835 -0.929134 0.173228 
vn 0.96063 -0.275591 -0.0393701 
vn 0.96063 -0.275591 -0.0393701 
vn 0.96063 -0.275591 -0.0393701 
vn 0.551181 -0.543307 -0.637795 
vn 0.559055 -0.543307 -0.622047 
vn 0.559055 -0.543307 -0.622047 
vn 0.551181 -0.543307 -0.637795 
vn 0.590551 -0.551181 -0.590551 
vn 0.590551 -0.551181 -0.590551 
vn 0.787402 0.0787402 0.614173 
vn 0.787402 0.0787402 0.614173 
vn 0.787402 0.0787402 0.614173 
vn 0.787402 0.0787402 0.614173 
vn -0.0787402 -0.283465 0.952756 
vn -0.0787402 -0.283465 0.952756 
vn -0.0787402 -0.283465 0.952756 
vn -0.0787402 -0.283465 0.952756 
vn 0.472441 -0.826772 0.322835 
vn 0.472441 -0.826772 0.322835 
vn 0.472441 -0.826772 0.322835 
vn 0.472441 -0.826772 0.322835 
vn 0.653543 -0.251969 0.716535 
vn 0.653543 -0.251969 0.716535 
vn 0.692913 -0.181102 0.692913 
vn 0.692913 -0.181102 0.692913 
vn 0.535433 -0.590551 -0.606299 
vn 0.566929 -0.574803 -0.582677 
vn 0.566929 -0.574803 -0.582677 
vn 0.535433 -0.590551 -0.606299 
vn 0.566929 -0.503937 -0.653543 
vn 0.566929 -0.503937 -0.653543 
vn 0.653543 -0.228346 -0.716535 
vn 0.653543 -0.228346 -0.716535 
vn 0.661417 -0.204724 -0.716535 
vn 0.661417 -0.204724 -0.716535 
vn 0.740157 -0.0708661 0.669291 
vn 0.740157 -0.0708661 0.669291 
vn 0.645669 -0.251969 -0.716535 
vn 0.645669 -0.251969 -0.716535 
vn 0.645669 -0.251969 -0.716535 
vn 0.645669 -0.251969 -0.716535 
vn 0.669291 -0.165354 -0.724409 
vn 0.669291 -0.165354 -0.724409 
vn 0.669291 -0.165354 -0.724409 
vn 0.669291 -0.165354 -0.724409 
vn 0.677165 -0.165354 -0.716535 
vn 0.677165 -0.165354 -0.716535 
vn 0.795276 0.0472441 0.606299 
vn 0.787402 -0.023622 0.614173 
vn 0.787402 -0.023622 0.614173 
vn 0.795276 0.0472441 0.606299 
vn 0.771654 -0.141732 0.622047 
vn 0.771654 -0.141732 0.622047 
vn 0.755906 -0.212598 0.622047 
vn 0.755906 -0.212598 0.622047 
vn 0.740157 -0.220472 0.637795 
vn 0.740157 -0.220472 0.637795 
vn 0.76378 -0.188976 0.622047 
vn 0.76378 -0.188976 0.622047 
vn 0.748031 -0.102362 0.661417 
vn 0.826772 0.188976 0.535433 
vn 0.826772 0.188976 0.535433 
vn 0.748031 -0.102362 0.661417 
vn 0.622047 -0.346457 -0.700787 
vn 0.622047 -0.346457 -0.700787 
vn 0.653543 -0.204724 -0.732283 
vn 0.653543 -0.204724 -0.732283 
vn 0.527559 -0.606299 -0.598425 
vn 0.527559 -0.606299 -0.598425 
vn 0.456693 -0.716535 -0.527559 
vn 0.456693 -0.716535 -0.527559 
vn 0.685039 -0.425197 0.590551 
vn 0.685039 -0.425197 0.590551 
vn 0.685039 -0.425197 0.590551 
vn 0.685039 -0.425197 0.590551 
vn 0.826772 0.149606 0.543307 
vn 0.826772 0.149606 0.543307 
vn 0.826772 0.149606 0.543307 
vn 0.826772 0.149606 0.543307 
vn -0.0708661 -0.23622 0.968504 
vn -0.0708661 -0.23622 0.968504 
vn -0.0708661 -0.23622 0.968504 
vn -0.0708661 -0.23622 0.968504 
vn 0.598425 -0.417323 0.685039 
vn 0.598425 -0.417323 0.685039 
vn 0.598425 -0.417323 0.685039 
vn 0.598425 -0.417323 0.685039 
vn 0.614173 -0.472441 0.629921 
vn 0.614173 -0.472441 0.629921 
vn 0.401575 -0.748031 0.535433 
vn 0.401575 -0.748031 0.535433 
vn 0.755906 -0.0866142 0.653543 
vn 0.755906 -0.0866142 0.653543 
vn -0.299213 -0.952756 0.0314961 
vn -0.299213 -0.952756 0.0314961 
vn -0.299213 -0.952756 0.0314961 
vn -0.299213 -0.952756 0.0314961 
vn 0.385827 -0.92126 0.015748 
vn 0.385827 -0.92126 0.015748 
vn 0.385827 -0.92126 0.015748 
vn 0.385827 -0.92126 0.015748 
vn -0.291339 -0.866142 0.417323 
vn -0.291339 -0.866142 0.417323 
vn -0.291339 -0.866142 0.417323 
vn -0.291339 -0.866142 0.417323 
vn 0.440945 -0.897638 0.0314961 
vn 0.440945 -0.897638 0.0314961 
vn 0.440945 -0.897638 0.0314961 
vn 0.440945 -0.897638 0.0314961 
vn -0.244094 -0.740157 0.622047 
vn -0.244094 -0.740157 0.622047 
vn -0.244094 -0.740157 0.622047 
vn -0.244094 -0.740157 0.622047 
vn 0.708661 -0.188976 -0.685039 
vn 0.708661 -0.188976 -0.685039 
vn 0.732283 -0.212598 -0.645669 
vn 0.732283 -0.212598 -0.645669 
vn -0.204724 -0.551181 -0.811024 
vn -0.204724 -0.551181 -0.811024 
vn -0.204724 -0.551181 -0.811024 
vn -0.204724 -0.551181 -0.811024 
vn 0.834646 0.370079 0.409449 
vn 0.834646 0.370079 0.409449 
vn 0.661417 -0.204724 -0.716535 
vn 0.661417 -0.204724 -0.716535 
vn -0.19685 -0.606299 0.771654 
vn -0.19685 -0.606299 0.771654 
vn -0.19685 -0.606299 0.771654 
vn -0.19685 -0.606299 0.771654 
vn 0.440945 -0.897638 0.0787402 
vn 0.440945 -0.897638 0.0787402 
vn 0.440945 -0.897638 0.0787402 
vn 0.440945 -0.897638 0.0787402 
vn 0.322835 -0.937008 0.133858 
vn 0.322835 -0.937008 0.133858 
vn 0.661417 -0.181102 0.724409 
vn 0.661417 -0.181102 0.724409 
vn 0.661417 -0.181102 0.724409 
vn 0.661417 -0.181102 0.724409 
vn 0.480315 -0.417323 0.771654 
vn 0.480315 -0.417323 0.771654 
vn 0.480315 -0.417323 0.771654 
vn 0.456693 -0.448819 0.76378 
vn 0.456693 -0.448819 0.76378 
vn 0.456693 -0.448819 0.76378 
vn 0.456693 -0.448819 0.76378 
vn 0.787402 0.00787402 0.614173 
vn 0.787402 0.00787402 0.614173 
vn 0.787402 0.00787402 0.614173 
vn 0.566929 -0.433071 0.700787 
vn 0.566929 -0.433071 0.700787 
vn 0.566929 -0.433071 0.700787 
vn 0.125984 -0.976378 0.165354 
vn 0.125984 -0.976378 0.165354 
vn 0.125984 -0.976378 0.165354 
vn 0.125984 -0.976378 0.165354 
vn 0.307087 -0.80315 0.511811 
vn 0.307087 -0.80315 0.511811 
vn 0.307087 -0.80315 0.511811 
vn 0.685039 -0.385827 -0.622047 
vn 0.685039 -0.385827 -0.622047 
vn 0.685039 -0.385827 -0.622047 
vn 0.740157 0.023622 0.669291 
vn 0.740157 0.023622 0.669291 
vn 0.740157 0.023622 0.669291 
vn 0.377953 -0.669291 0.637795 
vn 0.377953 -0.669291 0.637795 
vn 0.377953 -0.669291 0.637795 
vn 0.944882 -0.330709 -0.015748 
vn 0.944882 -0.330709 -0.015748 
vn 0.629921 -0.330709 -0.700787 
vn 0.629921 -0.330709 -0.700787 
vn -0.0708661 -0.141732 -0.984252 
vn -0.0708661 -0.141732 -0.984252 
vn 0.0314961 0.0393701 1 
vn 0.0314961 0.0393701 1 
vn 0.716535 -0.212598 0.661417 
vn 0.716535 -0.212598 0.661417 
vn 0.00787402 -0.023622 1 
vn 0.00787402 -0.023622 1 
vn -0.944882 0.330709 0.015748 
vn -0.944882 0.330709 0.015748 
vn -0.944882 0.330709 0.015748 
vn -0.944882 0.330709 0.015748 
vn -0.944882 0.330709 0.015748 
vn -0.944882 0.330709 0.015748 
vn -0.944882 0.330709 0.015748 
vn -0.944882 0.330709 0.015748 
vn -0.944882 0.330709 0.015748 
vn -0.944882 0.330709 0.015748 
vn -0.944882 0.330709 0.015748 
vn -0.944882 0.330709 0.015748 
vn -0.944882 0.330709 0.015748 
vn -0.944882 0.330709 0.015748 
vn -0.944882 0.330709 0.015748 
vn -0.944882 0.330709 0.015748 
vn -0.944882 0.330709 0.015748 
vn -0.944882 0.330709 0.015748 
vn -0.944882 0.330709 0.015748 
vn -0.944882 0.330709 0.015748 
vn -0.944882 0.330709 0.015748 
vn -0.944882 0.330709 0.015748 
vn -0.937008 0.346457 0.00787402 
vn -0.937008 0.346457 0.00787402 
vn -0.937008 0.346457 0.00787402 
vn -0.937008 0.346457 0.00787402 
vn -0.944882 0.330709 0.015748 
vn -0.944882 0.330709 0.015748 
vn -0.944882 0.330709 0.015748 
vn -0.944882 0.330709 0.015748 
vn -0.937008 0.354331 0.015748 
vn -0.937008 0.354331 0.015748 
vn -0.937008 0.354331 0.015748 
vn -0.937008 0.354331 0.015748 
vn -0.944882 0.330709 0.015748 
vn -0.944882 0.330709 0.015748 
vn -0.944882 0.330709 0.015748 
vn -0.944882 0.330709 0.015748 
vn -0.944882 0.330709 0.015748 
vn -0.944882 0.330709 0.015748 
vn -0.944882 0.330709 0.015748 
vn -0.944882 0.330709 0.015748 
vn -0.944882 0.330709 0.015748 
vn -0.944882 0.330709 0.015748 
vn -0.944882 0.330709 0.015748 
vn -0.944882 0.330709 0.015748 
vn 0.0787402 0.173228 0.984252 
vn 0.0551181 0.0944882 0.992126 
vn 0.0393701 0.0551181 1 
vn 0.0314961 0.0393701 1 
vn -0.149606 -0.377953 -0.913386 
vn -0.19685 -0.519685 -0.834646 
vn -0.0314961 -0.023622 -1 
vn -0.0314961 -0.023622 -1 
vn 0.00787402 0.0866142 -0.992126 
vn 0.00787402 0.0866142 -0.992126 
vn -0.19685 -0.511811 -0.834646 
vn -0.0787402 -0.165354 -0.984252 
vn -0.0787402 -0.291339 0.952756 
vn -0.220472 -0.677165 0.700787 
vn 0.314961 0.92126 -0.228346 
vn 0.314961 0.92126 -0.228346 
vn -0.322835 -0.937008 0.149606 
vn -0.322835 -0.937008 0.149606 
vn -0.244094 -0.653543 -0.716535 
vn -0.244094 -0.653543 -0.716535 
vn 0.00787402 0.0866142 -0.992126 
vn 0.00787402 0.0866142 -0.992126 
vn 0.0944882 0.228346 0.968504 
vn 0.0944882 0.228346 0.968504 
vn 0.0472441 0.0708661 1 
vn 0.15748 0.417323 0.897638 
vn 0.15748 0.417323 0.897638 
vn 0.133858 0.322835 0.937008 
vn -0.173228 -0.440945 -0.88189 
vn -0.173228 -0.440945 -0.88189 
vn 0.220472 0.590551 0.779528 
vn 0.283465 0.779528 0.559055 
vn -0.00787402 0.0314961 -1 
vn -0.00787402 0.0314961 -1 
vn 0.204724 0.551181 0.80315 
vn 0.204724 0.551181 0.80315 
vn 0.0866142 0.19685 0.976378 
vn -0.015748 0.00787402 -1 
vn -0.188976 -0.503937 -0.84252 
vn -0.173228 -0.448819 -0.874016 
vn -0.0551181 -0.251969 0.968504 
vn -0.0551181 -0.251969 0.968504 
vn -0.0551181 -0.251969 0.968504 
vn -0.0551181 -0.251969 0.968504 
vn -0.377953 -0.929134 0.015748 
vn -0.377953 -0.929134 0.015748 
vn -0.377953 -0.929134 0.015748 
vn -0.377953 -0.929134 0.015748 
vn -0.330709 -0.944882 -0.023622 
vn -0.330709 -0.944882 -0.023622 
vn -0.0629921 -0.228346 0.976378 
vn -0.0629921 -0.228346 0.976378 
vn -0.322835 -0.944882 0.0472441 
vn -0.322835 -0.944882 0.0472441 
vn -0.0708661 -0.251969 0.968504 
vn -0.0708661 -0.251969 0.968504 
vn -0.283465 -0.834646 0.472441 
vn -0.283465 -0.834646 0.472441 
vn 0.173228 0.440945 0.88189 
vn 0.173228 0.440945 0.88189 
vn 0.173228 0.440945 0.88189 
vn 0.173228 0.440945 0.88189 
vn -0.944882 0.330709 0.015748 
vn -0.944882 0.330709 0.015748 
vn -0.944882 0.330709 0.015748 
vn -0.322835 -0.944882 0.0629921 
vn -0.322835 -0.944882 0.0629921 
vn -0.0787402 -0.283465 0.952756 
vn -0.0787402 -0.283465 0.952756 
vn 0.00787402 0.0866142 -0.992126 
vn 0.023622 0.015748 1 
vn 0.023622 0.015748 1 
vn -0.322835 -0.929134 0.173228 
vn -0.929134 0.377953 0 
vn -0.929134 0.377953 0 
vn -0.929134 0.377953 0 
vn -0.80315 -0.0708661 -0.598425 
vn -0.80315 -0.0708661 -0.598425 
vn -0.787402 -0.0787402 -0.614173 
vn -0.787402 -0.0787402 -0.614173 
vn -0.818898 -0.0629921 -0.566929 
vn -0.818898 -0.0629921 -0.566929 
vn -0.543307 0.543307 0.637795 
vn -0.543307 0.543307 0.637795 
vn -0.543307 0.543307 0.637795 
vn -0.543307 0.543307 0.637795 
vn -0.0787402 -0.283465 0.952756 
vn -0.0787402 -0.283465 0.952756 
vn -0.866142 -0.362205 0.346457 
vn -0.866142 -0.362205 0.346457 
vn -0.866142 -0.362205 0.346457 
vn -0.866142 -0.362205 0.346457 
vn -0.637795 0.19685 0.740157 
vn -0.637795 0.283465 0.724409 
vn -0.637795 0.283465 0.724409 
vn -0.637795 0.19685 0.740157 
vn -0.826772 -0.0944882 -0.559055 
vn -0.826772 -0.0944882 -0.559055 
vn -0.80315 -0.125984 -0.574803 
vn -0.80315 -0.125984 -0.574803 
vn -0.779528 -0.0314961 -0.622047 
vn -0.779528 -0.0314961 -0.622047 
vn -0.685039 0.23622 -0.692913 
vn -0.677165 0.251969 -0.692913 
vn -0.677165 0.251969 -0.692913 
vn -0.685039 0.23622 -0.692913 
vn -0.606299 0.393701 0.692913 
vn -0.606299 0.393701 0.692913 
vn -0.692913 0.212598 -0.692913 
vn -0.692913 0.212598 -0.692913 
vn -0.692913 0.212598 -0.692913 
vn -0.692913 0.212598 -0.692913 
vn -0.653543 0.291339 -0.700787 
vn -0.653543 0.291339 -0.692913 
vn -0.653543 0.291339 -0.692913 
vn -0.653543 0.291339 -0.700787 
vn -0.661417 0.299213 -0.692913 
vn -0.661417 0.299213 -0.692913 
vn -0.614173 0.456693 0.645669 
vn -0.614173 0.456693 0.645669 
vn -0.566929 0.519685 0.637795 
vn -0.566929 0.519685 0.637795 
vn -0.669291 0.362205 0.645669 
vn -0.669291 0.362205 0.645669 
vn -0.700787 0.291339 0.653543 
vn -0.692913 0.275591 0.661417 
vn -0.692913 0.275591 0.661417 
vn -0.700787 0.291339 0.653543 
vn -0.692913 0.314961 0.645669 
vn -0.692913 0.314961 0.645669 
vn -0.511811 0.653543 0.559055 
vn -0.511811 0.653543 0.559055 
vn -0.622047 0.370079 0.685039 
vn -0.622047 0.370079 0.685039 
vn -0.732283 0.11811 -0.677165 
vn -0.661417 0.251969 -0.700787 
vn -0.661417 0.251969 -0.700787 
vn -0.732283 0.11811 -0.677165 
vn -0.811024 -0.141732 -0.574803 
vn -0.811024 -0.141732 -0.574803 
vn -0.818898 -0.267717 -0.503937 
vn -0.818898 -0.267717 -0.503937 
vn -0.779528 0.0866142 0.622047 
vn -0.779528 0.0866142 0.622047 
vn -0.779528 0.0866142 0.622047 
vn -0.779528 0.0866142 0.622047 
vn -0.543307 0.622047 0.566929 
vn -0.543307 0.622047 0.566929 
vn -0.543307 0.622047 0.566929 
vn -0.543307 0.622047 0.566929 
vn -0.0551181 -0.244094 0.968504 
vn -0.0551181 -0.244094 0.968504 
vn -0.0551181 -0.244094 0.968504 
vn -0.0551181 -0.244094 0.968504 
vn -0.700787 0.0393701 0.708661 
vn -0.700787 0.0393701 0.708661 
vn -0.700787 0.0393701 0.708661 
vn -0.700787 0.0393701 0.708661 
vn -0.755906 0 0.653543 
vn -0.755906 -0.346457 0.559055 
vn -0.755906 -0.346457 0.559055 
vn -0.755906 0 0.653543 
vn -0.622047 0.393701 0.677165 
vn -0.622047 0.393701 0.677165 
vn -0.354331 -0.937008 0.0393701 
vn -0.354331 -0.937008 0.0393701 
vn -0.354331 -0.937008 0.0393701 
vn -0.354331 -0.937008 0.0393701 
vn -0.874016 -0.488189 0.0472441 
vn -0.874016 -0.488189 0.0472441 
vn -0.874016 -0.488189 0.0472441 
vn -0.874016 -0.488189 0.0472441 
vn -0.291339 -0.866142 0.417323 
vn -0.291339 -0.866142 0.417323 
vn -0.291339 -0.866142 0.417323 
vn -0.291339 -0.866142 0.417323 
vn -0.897638 -0.433071 0.0629921 
vn -0.897638 -0.433071 0.0629921 
vn -0.897638 -0.433071 0.0629921 
vn -0.897638 -0.433071 0.0629921 
vn -0.244094 -0.740157 0.622047 
vn -0.244094 -0.740157 0.622047 
vn -0.692913 0.299213 -0.653543 
vn -0.692913 0.299213 -0.653543 
vn -0.732283 0.291339 -0.614173 
vn -0.732283 0.291339 -0.614173 
vn -0.204724 -0.551181 -0.811024 
vn -0.204724 -0.551181 -0.811024 
vn -0.204724 -0.551181 -0.811024 
vn -0.204724 -0.551181 -0.811024 
vn -0.409449 0.80315 0.433071 
vn -0.409449 0.80315 0.433071 
vn -0.677165 0.251969 -0.692913 
vn -0.677165 0.251969 -0.692913 
vn -0.19685 -0.606299 0.771654 
vn -0.19685 -0.606299 0.771654 
vn -0.897638 -0.433071 0.110236 
vn -0.897638 -0.433071 0.110236 
vn -0.897638 -0.433071 0.110236 
vn -0.897638 -0.433071 0.110236 
vn -0.826772 -0.543307 0.15748 
vn -0.826772 -0.543307 0.15748 
vn -0.606299 0.259843 0.755906 
vn -0.606299 0.259843 0.755906 
vn -0.606299 0.259843 0.755906 
vn -0.606299 0.259843 0.755906 
vn -0.606299 -0.0393701 0.795276 
vn -0.606299 -0.0393701 0.795276 
vn -0.606299 -0.0393701 0.795276 
vn -0.614173 -0.0787402 0.787402 
vn -0.614173 -0.0787402 0.787402 
vn -0.614173 -0.0787402 0.787402 
vn -0.614173 -0.0787402 0.787402 
vn -0.590551 0.488189 0.645669 
vn -0.590551 0.488189 0.645669 
vn -0.590551 0.488189 0.645669 
vn -0.692913 0 0.724409 
vn -0.692913 0 0.724409 
vn -0.692913 0 0.724409 
vn -0.700787 -0.692913 0.181102 
vn -0.700787 -0.692913 0.181102 
vn -0.700787 -0.692913 0.181102 
vn -0.700787 -0.692913 0.181102 
vn -0.716535 -0.448819 0.535433 
vn -0.716535 -0.448819 0.535433 
vn -0.716535 -0.448819 0.535433 
vn -0.795276 0.125984 -0.590551 
vn -0.795276 0.125984 -0.590551 
vn -0.795276 0.125984 -0.590551 
vn -0.543307 0.472441 0.692913 
vn -0.543307 0.472441 0.692913 
vn -0.543307 0.472441 0.692913 
vn -0.692913 -0.299213 0.661417 
vn -0.692913 -0.299213 0.661417 
vn -0.692913 -0.299213 0.661417 
vn -0.944882 0.330709 0.015748 
vn -0.944882 0.330709 0.015748 
vn -0.724409 0.133858 -0.677165 
vn -0.724409 0.133858 -0.677165 
vn -0.0708661 -0.141732 -0.984252 
vn 0.0314961 0.0393701 1 
vn -0.669291 0.267717 0.692913 
vn -0.669291 0.267717 0.692913 
vn 0.00787402 -0.023622 1 
vn -0.0708661 -0.251969 0.968504 
vn -0.0708661 -0.251969 0.968504 
vn -0.944882 0.330709 0.015748 
vn -0.944882 0.330709 0.015748 
vn -0.944882 0.330709 0.015748 
vn -0.944882 0.330709 0.015748 
vn -0.944882 0.330709 0.015748 
vn -0.944882 0.330709 0.015748 
vn -0.944882 0.330709 0.015748 
vn -0.944882 0.330709 0.015748 
vn -0.944882 0.330709 0.015748 
vn -0.944882 0.330709 0.015748 
vn -0.944882 0.330709 0.015748 
vn -0.944882 0.330709 0.015748 
vn -0.944882 0.330709 0.015748 
vn -0.944882 0.330709 0.015748 
vn -0.944882 0.330709 0.015748 
vn -0.944882 0.330709 0.015748 
vn -0.944882 0.330709 0.015748 
vn -0.944882 0.330709 0.015748 
vn -0.944882 0.330709 0.015748 
vn -0.944882 0.330709 0.015748 
vn -0.944882 0.330709 0.015748 
vn -0.944882 0.330709 0.015748 
vn -0.944882 0.330709 0.015748 
vn -0.944882 0.330709 0.015748 
vn -0.944882 0.330709 0.015748 
vn -0.944882 0.330709 0.015748 
vn 0.283465 0.834646 -0.464567 
vn 0.283465 0.834646 -0.464567 
vn 0.283465 0.834646 -0.464567 
vn 0.283465 0.834646 -0.464567 
vn -0.944882 0.330709 0.015748 
vn -0.944882 0.330709 0.015748 
vn -0.944882 0.330709 0.015748 
vn 0.283465 0.834646 -0.464567 
vn 0.283465 0.834646 -0.464567 
vn 0.283465 0.834646 -0.464567 
vn 0.283465 0.834646 -0.464567 
vn 0.283465 0.834646 -0.464567 
vn 0.283465 0.834646 -0.464567 
vn 0.283465 0.834646 -0.464567 
vn 0.283465 0.834646 -0.464567 
vn 0.283465 0.834646 -0.472441 
vn 0.283465 0.834646 -0.472441 
vn 0.283465 0.834646 -0.472441 
vn 0.283465 0.834646 -0.472441 
vn -0.944882 0.330709 0.015748 
vn 0.283465 0.84252 -0.464567 
vn 0.283465 0.84252 -0.464567 
vn 0.283465 0.84252 -0.464567 
vn 0.283465 0.84252 -0.464567 
vn 0.204724 0.559055 0.80315 
vn 0.204724 0.559055 0.80315 
vn 0.204724 0.559055 0.80315 
vn 0.204724 0.559055 0.80315 
vn -0.283465 -0.834646 0.472441 
vn -0.283465 -0.834646 0.472441 
vn -0.283465 -0.834646 0.472441 
vn -0.283465 -0.834646 0.472441 
vn -0.173228 -0.440945 -0.88189 
vn -0.173228 -0.440945 -0.88189 
vn -0.173228 -0.440945 -0.88189 
vn -0.173228 -0.440945 -0.88189 
vn -0.283465 -0.834646 0.472441 
vn -0.283465 -0.834646 0.472441 
vn -0.283465 -0.834646 0.472441 
vn -0.283465 -0.834646 0.472441 
vn -0.283465 -0.834646 0.464567 
vn -0.283465 -0.834646 0.464567 
vn -0.283465 -0.834646 0.464567 
vn -0.283465 -0.834646 0.464567 
vn 0.204724 0.559055 0.80315 
vn 0.204724 0.559055 0.80315 
vn 0.204724 0.559055 0.80315 
vn 0.204724 0.559055 0.80315 
vn -0.307087 -0.858268 -0.409449 
vn -0.307087 -0.858268 -0.409449 
vn -0.307087 -0.858268 -0.409449 
vn -0.307087 -0.858268 -0.409449 
vn -0.283465 -0.834646 0.464567 
vn -0.283465 -0.834646 0.464567 
vn -0.283465 -0.834646 0.464567 
vn -0.283465 -0.834646 0.464567 
vn -0.283465 -0.834646 0.472441 
vn -0.283465 -0.834646 0.472441 
vn -0.283465 -0.834646 0.472441 
vn -0.283465 -0.834646 0.472441 
vn -0.283465 -0.834646 0.472441 
vn -0.283465 -0.834646 0.472441 
vn -0.283465 -0.834646 0.472441 
vn -0.283465 -0.834646 0.472441 
vn 0.267717 0.740157 0.614173 
vn 0.267717 0.740157 0.614173 
vn 0.267717 0.740157 0.614173 
vn 0.267717 0.740157 0.614173 
vn 0.283465 0.84252 -0.448819 
vn 0.283465 0.84252 -0.448819 
vn 0.283465 0.84252 -0.448819 
vn 0.283465 0.84252 -0.448819 
vn -0.0314961 -0.023622 -1 
vn -0.0314961 -0.023622 -1 
vn -0.0314961 -0.023622 -1 
vn -0.0314961 -0.023622 -1 
vn 0.283465 0.834646 -0.464567 
vn 0.283465 0.834646 -0.464567 
vn 0.283465 0.834646 -0.464567 
vn 0.283465 0.834646 -0.464567 
vn -0.677165 0.582677 0.456693 
vn -0.677165 0.582677 0.456693 
vn -0.677165 0.582677 0.456693 
vn -0.677165 0.582677 0.456693 
vn -0.637795 0.732283 -0.244094 
vn -0.637795 0.732283 -0.244094 
vn -0.637795 0.732283 -0.244094 
vn -0.637795 0.732283 -0.244094 
vn 0.322835 0.929134 0.15748 
vn 0.322835 0.929134 0.15748 
vn 0.322835 0.929134 0.15748 
vn 0.322835 0.929134 0.15748 
vn -0.629921 0.732283 -0.244094 
vn -0.629921 0.732283 -0.244094 
vn -0.629921 0.732283 -0.244094 
vn -0.629921 0.732283 -0.244094 
vn -0.88189 0.0393701 -0.464567 
vn -0.88189 0.0393701 -0.464567 
vn -0.88189 0.0393701 -0.464567 
vn -0.88189 0.0393701 -0.464567 
vn -0.944882 -0.188976 0.275591 
vn -0.944882 -0.188976 0.275591 
vn -0.944882 -0.188976 0.275591 
vn -0.944882 -0.188976 0.275591 
vn -0.322835 -0.897638 -0.291339 
vn -0.322835 -0.897638 -0.291339 
vn -0.322835 -0.897638 -0.291339 
vn -0.322835 -0.897638 -0.291339 
vn -0.944882 -0.188976 0.275591 
vn -0.944882 -0.188976 0.275591 
vn -0.944882 -0.188976 0.275591 
vn -0.944882 -0.188976 0.275591 
vn -0.0314961 -0.133858 0.992126 
vn -0.0314961 -0.133858 0.992126 
vn -0.0314961 -0.133858 0.992126 
vn -0.0314961 -0.133858 0.992126 
vn -0.944882 -0.181102 0.267717 
vn -0.944882 -0.181102 0.267717 
vn -0.944882 -0.181102 0.267717 
vn -0.944882 -0.181102 0.267717 
vn -0.677165 0.582677 0.456693 
vn -0.677165 0.582677 0.456693 
vn -0.677165 0.582677 0.456693 
vn -0.677165 0.582677 0.456693 
vn -0.322835 -0.944882 0.0944882 
vn -0.322835 -0.944882 0.0944882 
vn -0.322835 -0.944882 0.0944882 
vn -0.322835 -0.944882 0.0944882 
vn -0.913386 -0.314961 -0.244094 
vn -0.913386 -0.314961 -0.244094 
vn -0.913386 -0.314961 -0.244094 
vn -0.913386 -0.314961 -0.244094 
vn -0.944882 -0.181102 0.275591 
vn -0.944882 -0.181102 0.275591 
vn -0.944882 -0.181102 0.275591 
vn -0.944882 -0.181102 0.275591 
vn -0.944882 -0.173228 0.267717 
vn -0.944882 -0.173228 0.267717 
vn -0.944882 -0.173228 0.267717 
vn -0.944882 -0.173228 0.267717 
vn -0.944882 -0.181102 0.267717 
vn -0.944882 -0.181102 0.267717 
vn -0.944882 -0.181102 0.267717 
vn -0.944882 -0.181102 0.267717 
vn -0.606299 0.700787 0.377953 
vn -0.606299 0.700787 0.377953 
vn -0.606299 0.700787 0.377953 
vn -0.606299 0.700787 0.377953 
vn -0.795276 0.259843 -0.543307 
vn -0.795276 0.259843 -0.543307 
vn -0.795276 0.259843 -0.543307 
vn -0.795276 0.259843 -0.543307 
vn 0.149606 0.488189 -0.858268 
vn 0.149606 0.488189 -0.858268 
vn 0.149606 0.488189 -0.858268 
vn 0.149606 0.488189 -0.858268 
vn -0.629921 0.740157 -0.23622 
vn -0.629921 0.740157 -0.23622 
vn -0.629921 0.740157 -0.23622 
vn -0.629921 0.740157 -0.23622 
vn 0.314961 0.905512 0.291339 
vn 0.314961 0.905512 0.291339 
vn 0.314961 0.905512 0.291339 
vn 0.314961 0.905512 0.291339 
vn -0.629921 0.732283 -0.244094 
vn -0.629921 0.732283 -0.244094 
vn -0.629921 0.732283 -0.244094 
vn -0.629921 0.732283 -0.244094 
vn -0.629921 0.732283 -0.244094 
vn -0.629921 0.732283 -0.244094 
vn -0.629921 0.732283 -0.244094 
vn -0.629921 0.732283 -0.244094 
vn -0.629921 0.732283 -0.244094 
vn -0.629921 0.732283 -0.244094 
vn -0.629921 0.732283 -0.244094 
vn -0.629921 0.732283 -0.244094 
vn -0.629921 0.732283 -0.244094 
vn -0.629921 0.732283 -0.244094 
vn -0.472441 0.874016 0.11811 
vn -0.472441 0.874016 0.11811 
vn -0.472441 0.874016 0.11811 
vn -0.905512 -0.377953 -0.188976 
vn -0.905512 -0.377953 -0.188976 
vn -0.905512 -0.377953 -0.188976 
vn -0.708661 0.149606 0.685039 
vn -0.708661 0.149606 0.685039 
vn -0.708661 0.149606 0.685039 
vn -0.866142 -0.488189 0.0866142 
vn -0.866142 -0.488189 0.0866142 
vn -0.866142 -0.488189 0.0866142 
vn -0.448819 0.874016 0.188976 
vn -0.448819 0.874016 0.188976 
vn -0.448819 0.874016 0.188976 
vn -0.448819 0.874016 0.188976 
vn -0.551181 0.574803 -0.598425 
vn -0.551181 0.574803 -0.598425 
vn -0.551181 0.574803 -0.598425 
vn -0.472441 0.858268 0.212598 
vn -0.472441 0.858268 0.212598 
vn -0.472441 0.858268 0.212598 
vn 0.944882 -0.330709 -0.015748 
vn 0.944882 -0.330709 -0.015748 
vn 0.944882 -0.330709 -0.015748 
vn 0.944882 -0.330709 -0.015748 
vn 0.944882 -0.330709 -0.015748 
vn 0.944882 -0.330709 -0.015748 
vn 0.944882 -0.330709 -0.015748 
vn 0.944882 -0.330709 -0.015748 
vn 0.944882 -0.330709 -0.015748 
vn 0.944882 -0.330709 -0.015748 
vn 0.944882 -0.330709 -0.015748 
vn 0.944882 -0.330709 -0.015748 
vn 0.944882 -0.330709 -0.015748 
vn 0.944882 -0.330709 -0.015748 
vn 0.944882 -0.330709 -0.015748 
vn 0.944882 -0.330709 -0.015748 
vn 0.944882 -0.330709 -0.015748 
vn 0.944882 -0.330709 -0.015748 
vn 0.944882 -0.330709 -0.015748 
vn 0.944882 -0.330709 -0.015748 
vn 0.944882 -0.330709 -0.015748 
vn 0.944882 -0.330709 -0.015748 
vn 0.944882 -0.330709 -0.015748 
vn 0.944882 -0.330709 -0.015748 
vn 0.944882 -0.330709 -0.015748 
vn 0.944882 -0.330709 -0.015748 
vn 0.283465 0.834646 -0.464567 
vn 0.283465 0.834646 -0.464567 
vn 0.944882 -0.330709 -0.015748 
vn 0.944882 -0.330709 -0.015748 
vn 0.944882 -0.330709 -0.015748 
vn 0.283465 0.834646 -0.464567 
vn 0.283465 0.834646 -0.464567 
vn 0.283465 0.834646 -0.464567 
vn 0.283465 0.834646 -0.464567 
vn 0.283465 0.834646 -0.472441 
vn 0.283465 0.834646 -0.472441 
vn 0.944882 -0.330709 -0.015748 
vn 0.283465 0.84252 -0.464567 
vn 0.283465 0.84252 -0.464567 
vn 0.212598 0.551181 0.80315 
vn 0.212598 0.551181 0.80315 
vn 0.212598 0.551181 0.80315 
vn 0.212598 0.551181 0.80315 
vn -0.283465 -0.834646 0.472441 
vn -0.283465 -0.834646 0.472441 
vn -0.173228 -0.440945 -0.88189 
vn -0.173228 -0.440945 -0.88189 
vn -0.283465 -0.834646 0.472441 
vn -0.283465 -0.834646 0.472441 
vn -0.283465 -0.834646 0.464567 
vn -0.283465 -0.834646 0.464567 
vn 0.204724 0.559055 0.80315 
vn 0.204724 0.559055 0.80315 
vn -0.307087 -0.858268 -0.409449 
vn -0.307087 -0.858268 -0.409449 
vn -0.283465 -0.834646 0.464567 
vn -0.283465 -0.834646 0.464567 
vn -0.283465 -0.834646 0.472441 
vn -0.283465 -0.834646 0.472441 
vn -0.283465 -0.834646 0.472441 
vn -0.283465 -0.834646 0.472441 
vn 0.267717 0.740157 0.614173 
vn 0.267717 0.740157 0.614173 
vn 0.283465 0.84252 -0.448819 
vn 0.283465 0.84252 -0.448819 
vn -0.0314961 -0.023622 -1 
vn -0.0314961 -0.023622 -1 
vn 0.283465 0.834646 -0.464567 
vn 0.283465 0.834646 -0.464567 
vn 0.905512 0.0314961 0.425197 
vn 0.905512 0.0314961 0.425197 
vn 0.905512 0.0314961 0.425197 
vn 0.905512 0.0314961 0.425197 
vn 0.944882 0.188976 -0.267717 
vn 0.944882 0.188976 -0.267717 
vn 0.944882 0.188976 -0.267717 
vn 0.944882 0.188976 -0.267717 
vn 0.322835 0.929134 0.15748 
vn 0.322835 0.929134 0.15748 
vn 0.944882 0.188976 -0.275591 
vn 0.944882 0.188976 -0.275591 
vn 0.944882 0.188976 -0.275591 
vn 0.944882 0.188976 -0.275591 
vn 0.700787 -0.511811 -0.496063 
vn 0.700787 -0.511811 -0.496063 
vn 0.700787 -0.511811 -0.496063 
vn 0.700787 -0.511811 -0.496063 
vn 0.637795 -0.732283 0.244094 
vn 0.637795 -0.732283 0.244094 
vn 0.637795 -0.732283 0.244094 
vn 0.637795 -0.732283 0.244094 
vn -0.322835 -0.897638 -0.291339 
vn -0.322835 -0.897638 -0.291339 
vn 0.637795 -0.732283 0.244094 
vn 0.637795 -0.732283 0.244094 
vn 0.637795 -0.732283 0.244094 
vn 0.637795 -0.732283 0.244094 
vn -0.0314961 -0.133858 0.992126 
vn -0.0314961 -0.133858 0.992126 
vn 0.637795 -0.732283 0.23622 
vn 0.637795 -0.732283 0.23622 
vn 0.637795 -0.732283 0.23622 
vn 0.637795 -0.732283 0.23622 
vn 0.905512 0.0314961 0.425197 
vn 0.905512 0.0314961 0.425197 
vn 0.905512 0.0314961 0.425197 
vn 0.905512 0.0314961 0.425197 
vn -0.322835 -0.944882 0.0944882 
vn -0.322835 -0.944882 0.0944882 
vn 0.511811 -0.811024 -0.275591 
vn 0.511811 -0.811024 -0.275591 
vn 0.511811 -0.811024 -0.275591 
vn 0.511811 -0.811024 -0.275591 
vn 0.637795 -0.732283 0.244094 
vn 0.637795 -0.732283 0.244094 
vn 0.637795 -0.732283 0.244094 
vn 0.637795 -0.732283 0.244094 
vn 0.645669 -0.724409 0.23622 
vn 0.645669 -0.724409 0.23622 
vn 0.645669 -0.724409 0.23622 
vn 0.645669 -0.724409 0.23622 
vn 0.637795 -0.732283 0.23622 
vn 0.637795 -0.732283 0.23622 
vn 0.637795 -0.732283 0.23622 
vn 0.637795 -0.732283 0.23622 
vn 0.92126 0.173228 0.346457 
vn 0.92126 0.173228 0.346457 
vn 0.92126 0.173228 0.346457 
vn 0.92126 0.173228 0.346457 
vn 0.76378 -0.275591 -0.574803 
vn 0.76378 -0.275591 -0.574803 
vn 0.76378 -0.275591 -0.574803 
vn 0.76378 -0.275591 -0.574803 
vn 0.149606 0.488189 -0.858268 
vn 0.149606 0.488189 -0.858268 
vn 0.944882 0.188976 -0.267717 
vn 0.944882 0.188976 -0.267717 
vn 0.944882 0.188976 -0.267717 
vn 0.944882 0.188976 -0.267717 
vn 0.314961 0.905512 0.291339 
vn 0.314961 0.905512 0.291339 
vn 0.944882 0.188976 -0.275591 
vn 0.944882 0.188976 -0.275591 
vn 0.944882 0.188976 -0.275591 
vn 0.944882 0.188976 -0.275591 
vn 0.944882 0.188976 -0.275591 
vn 0.944882 0.188976 -0.275591 
vn 0.944882 0.188976 -0.275591 
vn 0.944882 0.188976 -0.275591 
vn 0.944882 0.188976 -0.275591 
vn 0.944882 0.188976 -0.275591 
vn 0.944882 0.188976 -0.275591 
vn 0.944882 0.188976 -0.275591 
vn 0.944882 0.188976 -0.275591 
vn 0.944882 0.188976 -0.275591 
vn 0.913386 0.393701 0.0944882 
vn 0.913386 0.393701 0.0944882 
vn 0.913386 0.393701 0.0944882 
vn 0.472441 -0.850394 -0.212598 
vn 0.472441 -0.850394 -0.212598 
vn 0.472441 -0.850394 -0.212598 
vn 0.677165 -0.330709 0.661417 
vn 0.677165 -0.330709 0.661417 
vn 0.677165 -0.330709 0.661417 
vn 0.385827 -0.92126 0.0629921 
vn 0.385827 -0.92126 0.0629921 
vn 0.385827 -0.92126 0.0629921 
vn 0.897638 0.401575 0.165354 
vn 0.897638 0.401575 0.165354 
vn 0.897638 0.401575 0.165354 
vn 0.897638 0.401575 0.165354 
vn 0.771654 0.11811 -0.629921 
vn 0.771654 0.11811 -0.629921 
vn 0.771654 0.11811 -0.629921 
vn 0.905512 0.377953 0.188976 
vn 0.905512 0.377953 0.188976 
vn 0.905512 0.377953 0.188976 
vn -0.944882 0.330709 0.015748 
vn -0.944882 0.330709 0.015748 
vn -0.944882 0.330709 0.015748 
vn -0.944882 0.330709 0.015748 
vn 0.125984 0.307087 0.944882 
vn 0.125984 0.307087 0.944882 
vn 0.141732 0.362205 0.92126 
vn 0.141732 0.362205 0.92126 
vn -0.944882 0.330709 0.015748 
vn -0.944882 0.330709 0.015748 
vn 0.181102 0.472441 0.866142 
vn 0.181102 0.472441 0.866142 
vn 0.19685 0.511811 0.834646 
vn 0.19685 0.511811 0.834646 
vn -0.944882 0.330709 0.015748 
vn -0.944882 0.330709 0.015748 
vn -0.314961 -0.874016 -0.362205 
vn -0.275591 -0.748031 -0.598425 
vn -0.275591 -0.748031 -0.598425 
vn -0.314961 -0.874016 -0.362205 
vn -0.228346 -0.606299 -0.76378 
vn -0.228346 -0.606299 -0.76378 
vn -0.0787402 -0.283465 0.952756 
vn -0.0787402 -0.283465 0.952756 
vn -0.0787402 -0.283465 0.952756 
vn -0.0787402 -0.283465 0.952756 
vn -0.220472 -0.574803 -0.787402 
vn -0.220472 -0.574803 -0.787402 
vn 0.944882 -0.330709 -0.015748 
vn 0.944882 -0.330709 -0.015748 
vn 0.944882 -0.330709 -0.015748 
vn 0.944882 -0.330709 -0.015748 
vn 0.141732 0.362205 0.92126 
vn 0.125984 0.307087 0.944882 
vn 0.944882 -0.330709 -0.015748 
vn 0.944882 -0.330709 -0.015748 
vn 0.181102 0.472441 0.866142 
vn 0.19685 0.511811 0.834646 
vn 0.944882 -0.330709 -0.015748 
vn 0.944882 -0.330709 -0.015748 
vn -0.275591 -0.748031 -0.598425 
vn -0.314961 -0.874016 -0.362205 
vn -0.220472 -0.606299 -0.76378 
vn -0.220472 -0.606299 -0.76378 
vn -0.0787402 -0.283465 0.952756 
vn -0.0787402 -0.283465 0.952756 
vn -0.212598 -0.574803 -0.787402 
vn -0.212598 -0.574803 -0.787402 
vn -0.275591 -0.826772 0.480315 
vn -0.275591 -0.826772 0.480315 
vn -0.283465 -0.834646 0.464567 
vn -0.283465 -0.834646 0.464567 
vn -0.173228 -0.440945 -0.88189 
vn -0.173228 -0.440945 -0.88189 
vn -0.173228 -0.440945 -0.88189 
vn -0.173228 -0.440945 -0.88189 
vn -0.968504 0.228346 0.0708661 
vn -0.976378 0.212598 0.0944882 
vn -0.976378 0.212598 0.0944882 
vn -0.968504 0.228346 0.0708661 
vn 0.173228 0.440945 0.88189 
vn 0.173228 0.440945 0.88189 
vn 0.173228 0.440945 0.88189 
vn 0.173228 0.440945 0.88189 
vn -0.244094 -0.748031 0.614173 
vn -0.228346 -0.700787 0.677165 
vn -0.228346 -0.700787 0.677165 
vn -0.244094 -0.748031 0.614173 
vn -0.96063 0.0787402 0.251969 
vn -0.96063 0.0787402 0.251969 
vn -0.937008 0.0314961 0.338583 
vn -0.937008 0.0314961 0.338583 
vn -0.267717 -0.811024 0.527559 
vn -0.267717 -0.811024 0.527559 
vn -0.976378 0.15748 0.133858 
vn -0.976378 0.15748 0.133858 
vn -0.283465 -0.834646 0.464567 
vn -0.275591 -0.826772 0.480315 
vn -0.275591 -0.826772 0.480315 
vn -0.283465 -0.834646 0.464567 
vn -0.173228 -0.440945 -0.88189 
vn -0.173228 -0.440945 -0.88189 
vn 0.897638 -0.440945 0.0551181 
vn 0.897638 -0.440945 0.0551181 
vn 0.905512 -0.425197 0.0393701 
vn 0.905512 -0.425197 0.0393701 
vn 0.173228 0.440945 0.88189 
vn 0.173228 0.440945 0.88189 
vn 0.173228 0.440945 0.88189 
vn 0.173228 0.440945 0.88189 
vn -0.244094 -0.748031 0.614173 
vn -0.244094 -0.748031 0.614173 
vn -0.228346 -0.700787 0.677165 
vn -0.228346 -0.700787 0.677165 
vn 0.818898 -0.535433 0.220472 
vn 0.771654 -0.559055 0.307087 
vn 0.771654 -0.559055 0.307087 
vn 0.818898 -0.535433 0.220472 
vn -0.267717 -0.811024 0.527559 
vn -0.267717 -0.811024 0.527559 
vn 0.874016 -0.480315 0.102362 
vn 0.874016 -0.480315 0.102362 
vn 0.283465 0.834646 -0.472441 
vn 0.283465 0.834646 -0.472441 
vn 0.283465 0.834646 -0.472441 
vn 0.283465 0.834646 -0.472441 
vn -0.173228 -0.440945 -0.88189 
vn -0.173228 -0.440945 -0.88189 
vn -0.173228 -0.440945 -0.88189 
vn -0.173228 -0.440945 -0.88189 
vn -0.834646 0.535433 -0.102362 
vn -0.834646 0.535433 -0.102362 
vn -0.834646 0.535433 -0.102362 
vn -0.834646 0.535433 -0.102362 
vn 0.173228 0.440945 0.88189 
vn 0.173228 0.440945 0.88189 
vn 0.173228 0.440945 0.88189 
vn 0.173228 0.440945 0.88189 
vn 0.307087 0.889764 -0.338583 
vn 0.307087 0.889764 -0.338583 
vn 0.307087 0.905512 -0.291339 
vn 0.307087 0.905512 -0.291339 
vn -0.685039 0.716535 -0.141732 
vn -0.598425 0.787402 -0.149606 
vn -0.598425 0.787402 -0.149606 
vn -0.685039 0.716535 -0.141732 
vn 0.291339 0.866142 -0.409449 
vn 0.291339 0.866142 -0.409449 
vn -0.787402 0.606299 -0.11811 
vn -0.787402 0.606299 -0.11811 
vn 0.291339 0.858268 -0.433071 
vn 0.291339 0.858268 -0.433071 
vn -0.811024 0.574803 -0.102362 
vn -0.811024 0.574803 -0.102362 
vn 0.283465 0.834646 -0.472441 
vn 0.283465 0.834646 -0.472441 
vn 0.283465 0.834646 -0.472441 
vn 0.283465 0.834646 -0.472441 
vn -0.173228 -0.440945 -0.88189 
vn -0.173228 -0.440945 -0.88189 
vn 0.984252 -0.0944882 -0.141732 
vn 0.984252 -0.0944882 -0.141732 
vn 0.984252 -0.0944882 -0.141732 
vn 0.984252 -0.0944882 -0.141732 
vn 0.173228 0.440945 0.88189 
vn 0.173228 0.440945 0.88189 
vn 0.299213 0.889764 -0.338583 
vn 0.307087 0.905512 -0.291339 
vn 0.307087 0.905512 -0.291339 
vn 0.299213 0.889764 -0.338583 
vn 0.976378 0.141732 -0.173228 
vn 0.976378 0.141732 -0.173228 
vn 0.952756 0.251969 -0.181102 
vn 0.952756 0.251969 -0.181102 
vn 0.291339 0.866142 -0.409449 
vn 0.291339 0.866142 -0.409449 
vn 0.992126 -0.015748 -0.149606 
vn 0.992126 -0.015748 -0.149606 
vn 0.291339 0.850394 -0.433071 
vn 0.291339 0.850394 -0.433071 
vn 0.992126 -0.0472441 -0.141732 
vn 0.992126 -0.0472441 -0.141732 
vn -0.874016 0.472441 -0.0944882 
vn -0.866142 0.488189 -0.0944882 
vn -0.866142 0.488189 -0.0944882 
vn -0.874016 0.472441 -0.0944882 
vn 0.299213 0.834646 0.464567 
vn 0.299213 0.834646 0.464567 
vn 0.299213 0.834646 0.464567 
vn 0.299213 0.834646 0.464567 
vn 0.212598 0.653543 -0.732283 
vn 0.173228 0.543307 -0.818898 
vn 0.173228 0.543307 -0.818898 
vn 0.212598 0.653543 -0.732283 
vn -0.84252 0.527559 -0.102362 
vn -0.84252 0.527559 -0.102362 
vn -0.84252 0.527559 -0.102362 
vn -0.84252 0.527559 -0.102362 
vn 0.283465 0.834646 -0.472441 
vn 0.283465 0.834646 -0.472441 
vn 0.283465 0.834646 -0.472441 
vn 0.283465 0.834646 -0.472441 
vn 0.267717 0.795276 -0.551181 
vn 0.267717 0.795276 -0.551181 
vn 0.283465 0.834646 -0.472441 
vn 0.283465 0.834646 -0.472441 
vn -0.84252 0.527559 -0.102362 
vn -0.84252 0.527559 -0.102362 
vn -0.850394 0.511811 -0.102362 
vn -0.850394 0.511811 -0.102362 
vn 0.330709 0.937008 0.11811 
vn 0.330709 0.937008 0.11811 
vn -0.771654 0.574803 -0.267717 
vn -0.692913 0.653543 -0.299213 
vn -0.692913 0.653543 -0.299213 
vn -0.771654 0.574803 -0.267717 
vn -0.582677 0.748031 -0.307087 
vn -0.566929 0.779528 -0.283465 
vn -0.566929 0.779528 -0.283465 
vn -0.582677 0.748031 -0.307087 
vn 0.283465 0.834646 -0.472441 
vn 0.283465 0.834646 -0.472441 
vn 0.283465 0.834646 -0.472441 
vn 0.283465 0.834646 -0.472441 
vn -0.84252 0.527559 -0.102362 
vn -0.84252 0.527559 -0.102362 
vn -0.84252 0.527559 -0.102362 
vn -0.84252 0.527559 -0.102362 
vn -0.566929 0.771654 -0.275591 
vn -0.566929 0.771654 -0.275591 
vn -0.566929 0.771654 -0.275591 
vn -0.566929 0.771654 -0.275591 
vn 0.0472441 0.181102 -0.984252 
vn 0.0472441 0.181102 -0.984252 
vn 0.0472441 0.181102 -0.984252 
vn 0.0472441 0.181102 -0.984252 
vn 0.283465 0.834646 -0.472441 
vn 0.283465 0.834646 -0.472441 
vn -0.84252 0.527559 -0.102362 
vn -0.84252 0.527559 -0.102362 
vn -0.574803 0.771654 -0.275591 
vn -0.574803 0.771654 -0.275591 
vn 0.267717 0.724409 0.629921 
vn 0.267717 0.724409 0.629921 
vn 0.267717 0.724409 0.629921 
vn 0.267717 0.724409 0.629921 
vn -0.716535 0.669291 -0.19685 
vn -0.716535 0.669291 -0.19685 
vn -0.716535 0.669291 -0.19685 
vn -0.716535 0.669291 -0.19685 
vn -0.716535 0.669291 -0.19685 
vn -0.716535 0.669291 -0.19685 
vn -0.716535 0.669291 -0.19685 
vn -0.716535 0.669291 -0.19685 
vn -0.716535 0.669291 -0.19685 
vn -0.716535 0.669291 -0.19685 
vn -0.716535 0.669291 -0.19685 
vn -0.716535 0.669291 -0.19685 
vn -0.716535 0.669291 -0.19685 
vn -0.716535 0.669291 -0.19685 
vn -0.716535 0.669291 -0.19685 
vn -0.716535 0.669291 -0.19685 
vn -0.716535 0.669291 -0.19685 
vn -0.716535 0.669291 -0.19685 
vn -0.173228 -0.440945 -0.88189 
vn -0.173228 -0.440945 -0.88189 
vn -0.173228 -0.440945 -0.88189 
vn -0.173228 -0.440945 -0.88189 
vn -0.874016 0.472441 -0.0787402 
vn -0.866142 0.488189 -0.0866142 
vn -0.866142 0.488189 -0.0866142 
vn -0.874016 0.472441 -0.0787402 
vn -0.850394 0.519685 -0.0944882 
vn -0.850394 0.519685 -0.0944882 
vn -0.84252 0.527559 -0.102362 
vn -0.84252 0.527559 -0.102362 
vn -0.84252 0.527559 -0.102362 
vn -0.84252 0.527559 -0.102362 
vn -0.84252 0.527559 -0.102362 
vn -0.84252 0.527559 -0.102362 
vn -0.84252 0.527559 -0.102362 
vn -0.84252 0.527559 -0.102362 
vn -0.84252 0.527559 -0.102362 
vn -0.84252 0.527559 -0.102362 
vn -0.84252 0.527559 -0.102362 
vn -0.84252 0.527559 -0.102362 
vn -0.173228 -0.440945 -0.88189 
vn -0.173228 -0.440945 -0.88189 
vn -0.173228 -0.440945 -0.88189 
vn -0.173228 -0.440945 -0.88189 
vn -0.173228 -0.440945 -0.88189 
vn -0.173228 -0.440945 -0.88189 
vn 0.976378 -0.15748 -0.133858 
vn 0.976378 -0.15748 -0.133858 
vn 0.976378 -0.173228 -0.125984 
vn 0.976378 -0.173228 -0.125984 
vn 0.299213 0.834646 0.464567 
vn 0.299213 0.834646 0.464567 
vn 0.299213 0.834646 0.464567 
vn 0.299213 0.834646 0.464567 
vn 0.173228 0.543307 -0.818898 
vn 0.173228 0.543307 -0.818898 
vn 0.212598 0.653543 -0.732283 
vn 0.212598 0.653543 -0.732283 
vn 0.984252 -0.102362 -0.133858 
vn 0.984252 -0.102362 -0.133858 
vn 0.984252 -0.102362 -0.133858 
vn 0.984252 -0.102362 -0.133858 
vn 0.283465 0.834646 -0.472441 
vn 0.283465 0.834646 -0.472441 
vn 0.283465 0.834646 -0.472441 
vn 0.283465 0.834646 -0.472441 
vn 0.283465 0.834646 -0.472441 
vn 0.267717 0.795276 -0.551181 
vn 0.267717 0.795276 -0.551181 
vn 0.283465 0.834646 -0.472441 
vn 0.984252 -0.125984 -0.141732 
vn 0.984252 -0.110236 -0.133858 
vn 0.984252 -0.110236 -0.133858 
vn 0.984252 -0.125984 -0.141732 
vn 0.330709 0.937008 0.11811 
vn 0.330709 0.937008 0.11811 
vn 0.937008 0.0866142 -0.330709 
vn 0.937008 0.0866142 -0.330709 
vn 0.952756 -0.023622 -0.307087 
vn 0.952756 -0.023622 -0.307087 
vn 0.913386 0.259843 -0.307087 
vn 0.913386 0.259843 -0.307087 
vn 0.913386 0.23622 -0.338583 
vn 0.913386 0.23622 -0.338583 
vn 0.283465 0.834646 -0.472441 
vn 0.283465 0.834646 -0.472441 
vn 0.283465 0.834646 -0.472441 
vn 0.283465 0.834646 -0.472441 
vn 0.984252 -0.102362 -0.133858 
vn 0.984252 -0.102362 -0.133858 
vn 0.984252 -0.102362 -0.133858 
vn 0.984252 -0.102362 -0.133858 
vn 0.913386 0.259843 -0.307087 
vn 0.913386 0.259843 -0.307087 
vn 0.913386 0.259843 -0.307087 
vn 0.913386 0.259843 -0.307087 
vn 0.0472441 0.181102 -0.984252 
vn 0.0472441 0.181102 -0.984252 
vn 0.0472441 0.181102 -0.984252 
vn 0.0472441 0.181102 -0.984252 
vn 0.283465 0.834646 -0.472441 
vn 0.283465 0.834646 -0.472441 
vn 0.984252 -0.102362 -0.133858 
vn 0.984252 -0.102362 -0.133858 
vn 0.92126 0.259843 -0.307087 
vn 0.92126 0.259843 -0.307087 
vn 0.267717 0.724409 0.629921 
vn 0.267717 0.724409 0.629921 
vn 0.267717 0.724409 0.629921 
vn 0.267717 0.724409 0.629921 
vn 0.968504 0.0787402 -0.228346 
vn 0.968504 0.0787402 -0.228346 
vn 0.968504 0.0787402 -0.228346 
vn 0.968504 0.0787402 -0.228346 
vn 0.968504 0.0787402 -0.228346 
vn 0.968504 0.0787402 -0.228346 
vn 0.968504 0.0787402 -0.228346 
vn 0.968504 0.0787402 -0.228346 
vn 0.968504 0.0787402 -0.228346 
vn 0.968504 0.0787402 -0.228346 
vn 0.968504 0.0787402 -0.228346 
vn 0.968504 0.0787402 -0.228346 
vn 0.968504 0.0787402 -0.228346 
vn 0.968504 0.0787402 -0.228346 
vn 0.968504 0.0787402 -0.228346 
vn 0.968504 0.0787402 -0.228346 
vn 0.968504 0.0787402 -0.228346 
vn 0.968504 0.0787402 -0.228346 
vn -0.173228 -0.440945 -0.88189 
vn -0.173228 -0.440945 -0.88189 
vn 0.984252 -0.149606 -0.11811 
vn 0.984252 -0.149606 -0.11811 
vn 0.976378 -0.173228 -0.110236 
vn 0.976378 -0.173228 -0.110236 
vn 0.984252 -0.11811 -0.133858 
vn 0.984252 -0.11811 -0.133858 
vn 0.984252 -0.110236 -0.133858 
vn 0.984252 -0.110236 -0.133858 
vn 0.984252 -0.102362 -0.133858 
vn 0.984252 -0.102362 -0.133858 
vn 0.984252 -0.102362 -0.133858 
vn 0.984252 -0.102362 -0.133858 
vn 0.984252 -0.102362 -0.133858 
vn 0.984252 -0.102362 -0.133858 
vn 0.984252 -0.102362 -0.133858 
vn 0.984252 -0.102362 -0.133858 
vn 0.984252 -0.102362 -0.133858 
vn 0.984252 -0.102362 -0.133858 
vn -0.173228 -0.440945 -0.88189 
vn -0.173228 -0.440945 -0.88189 
vn -0.173228 -0.440945 -0.88189 
vn -0.677165 0.700787 -0.220472 
vn -0.228346 0.889764 -0.393701 
vn -0.228346 0.889764 -0.393701 
vn -0.677165 0.700787 -0.220472 
vn 0.283465 0.834646 -0.472441 
vn 0.283465 0.834646 -0.472441 
vn -0.283465 -0.834646 0.472441 
vn -0.716535 -0.559055 0.417323 
vn -0.716535 -0.559055 0.417323 
vn -0.283465 -0.834646 0.472441 
vn -0.96063 -0.133858 0.251969 
vn -0.96063 -0.133858 0.251969 
vn -0.944882 0.330709 0.015748 
vn -0.944882 0.330709 0.015748 
vn 0.141732 0.464567 0.874016 
vn 0.165354 0.440945 0.88189 
vn 0.15748 0.472441 0.866142 
vn 0.181102 0.472441 0.866142 
vn 0.15748 0.401575 0.897638 
vn 0.141732 0.417323 0.897638 
vn 0.133858 0.433071 0.889764 
vn 0.133858 0.448819 0.88189 
vn -0.433071 0.826772 0.362205 
vn -0.0787402 0.976378 0.212598 
vn -0.0787402 0.976378 0.212598 
vn -0.433071 0.826772 0.362205 
vn 0.322835 0.929134 0.15748 
vn 0.322835 0.929134 0.15748 
vn -0.11811 -0.401575 0.905512 
vn -0.464567 -0.181102 0.866142 
vn -0.464567 -0.181102 0.866142 
vn -0.11811 -0.401575 0.905512 
vn -0.653543 0.15748 0.740157 
vn -0.653543 0.15748 0.740157 
vn -0.645669 0.527559 0.551181 
vn -0.645669 0.527559 0.551181 
vn 0.716535 0.559055 -0.417323 
vn 0.716535 0.559055 -0.417323 
vn 0.96063 0.133858 -0.251969 
vn 0.96063 0.133858 -0.251969 
vn 0.283465 0.834646 -0.472441 
vn 0.283465 0.834646 -0.472441 
vn 0.228346 -0.889764 0.401575 
vn 0.228346 -0.889764 0.401575 
vn -0.283465 -0.834646 0.472441 
vn -0.283465 -0.834646 0.472441 
vn 0.677165 -0.700787 0.220472 
vn 0.677165 -0.700787 0.220472 
vn 0.944882 -0.330709 -0.015748 
vn 0.944882 -0.330709 -0.015748 
vn 0.204724 0.440945 0.874016 
vn 0.19685 0.464567 0.866142 
vn 0.181102 0.401575 0.897638 
vn 0.19685 0.409449 0.889764 
vn 0.204724 0.425197 0.88189 
vn 0.669291 0.716535 0.204724 
vn 0.669291 0.716535 0.204724 
vn 0.866142 0.377953 0.338583 
vn 0.866142 0.377953 0.338583 
vn 0.283465 -0.440945 0.850394 
vn 0.283465 -0.440945 0.850394 
vn 0.637795 -0.291339 0.708661 
vn 0.637795 -0.291339 0.708661 
vn 0.850394 0.00787402 0.519685 
vn 0.850394 0.00787402 0.519685 
vn -0.677165 0.700787 -0.220472 
vn -0.677165 0.700787 -0.220472 
vn -0.228346 0.889764 -0.393701 
vn -0.228346 0.889764 -0.393701 
vn 0.0314961 0.897638 -0.448819 
vn 0.0314961 0.897638 -0.448819 
vn -0.511811 -0.724409 0.464567 
vn -0.511811 -0.724409 0.464567 
vn -0.716535 -0.559055 0.417323 
vn -0.716535 -0.559055 0.417323 
vn -0.96063 -0.133858 0.251969 
vn -0.96063 -0.133858 0.251969 
vn -0.944882 0.330709 0.015748 
vn -0.944882 0.330709 0.015748 
vn 0.204724 0.551181 0.811024 
vn 0.204724 0.551181 0.811024 
vn 0.204724 0.551181 0.811024 
vn 0.204724 0.551181 0.811024 
vn 0.204724 0.551181 0.811024 
vn 0.204724 0.551181 0.811024 
vn 0.204724 0.551181 0.811024 
vn 0.204724 0.551181 0.811024 
vn -0.425197 0.866142 0.275591 
vn -0.425197 0.866142 0.275591 
vn -0.0629921 0.992126 0.125984 
vn -0.0629921 0.992126 0.125984 
vn 0.133858 0.992126 0.0708661 
vn 0.133858 0.992126 0.0708661 
vn -0.330709 -0.314961 0.889764 
vn -0.330709 -0.314961 0.889764 
vn -0.496063 -0.165354 0.850394 
vn -0.496063 -0.165354 0.850394 
vn -0.692913 0.204724 0.692913 
vn -0.692913 0.204724 0.692913 
vn -0.661417 0.582677 0.480315 
vn -0.661417 0.582677 0.480315 
vn 0.96063 0.133858 -0.251969 
vn 0.716535 0.566929 -0.417323 
vn 0.716535 0.566929 -0.417323 
vn 0.96063 0.133858 -0.251969 
vn 0.0314961 0.897638 -0.448819 
vn 0.0314961 0.897638 -0.448819 
vn -0.023622 -0.889764 0.456693 
vn 0.228346 -0.889764 0.401575 
vn 0.228346 -0.889764 0.401575 
vn -0.023622 -0.889764 0.456693 
vn 0.677165 -0.700787 0.220472 
vn 0.677165 -0.700787 0.220472 
vn 0.944882 -0.330709 -0.015748 
vn 0.944882 -0.330709 -0.015748 
vn 0.204724 0.551181 0.811024 
vn 0.204724 0.551181 0.811024 
vn 0.204724 0.551181 0.811024 
vn 0.204724 0.551181 0.811024 
vn 0.204724 0.551181 0.811024 
vn 0.874016 0.409449 0.244094 
vn 0.669291 0.732283 0.110236 
vn 0.669291 0.732283 0.110236 
vn 0.874016 0.409449 0.244094 
vn 0.0944882 -0.464567 0.88189 
vn 0.322835 -0.440945 0.834646 
vn 0.322835 -0.440945 0.834646 
vn 0.0944882 -0.464567 0.88189 
vn 0.692913 -0.275591 0.669291 
vn 0.692913 -0.275591 0.669291 
vn 0.889764 0.0393701 0.448819 
vn 0.889764 0.0393701 0.448819 
vn 0.0866142 0.307087 -0.952756 
vn 0.0866142 0.307087 -0.952756 
vn 0.0866142 0.307087 -0.952756 
vn 0.0866142 0.307087 -0.952756 
vn -0.283465 -0.834646 0.472441 
vn -0.283465 -0.834646 0.472441 
vn -0.283465 -0.834646 0.472441 
vn -0.283465 -0.834646 0.472441 
vn 0.173228 0.440945 0.88189 
vn 0.173228 0.440945 0.88189 
vn 0.173228 0.440945 0.88189 
vn 0.173228 0.440945 0.88189 
vn 0.283465 0.834646 -0.472441 
vn 0.283465 0.834646 -0.472441 
vn 0.283465 0.834646 -0.472441 
vn 0.283465 0.834646 -0.472441 
vn 0.944882 -0.330709 -0.015748 
vn 0.944882 -0.330709 -0.015748 
vn 0.944882 -0.330709 -0.015748 
vn 0.944882 -0.330709 -0.015748 
vn 0.173228 0.440945 0.88189 
vn 0.173228 0.440945 0.88189 
vn 0.944882 -0.330709 -0.015748 
vn 0.944882 -0.330709 -0.015748 
vn -0.173228 -0.440945 -0.88189 
vn -0.173228 -0.440945 -0.88189 
vn -0.173228 -0.440945 -0.88189 
vn -0.173228 -0.440945 -0.88189 
vn 0.283465 0.834646 -0.472441 
vn 0.283465 0.834646 -0.472441 
vn 0.283465 0.834646 -0.472441 
vn 0.283465 0.834646 -0.472441 
vn 0.944882 -0.330709 -0.015748 
vn 0.944882 -0.330709 -0.015748 
vn -0.283465 -0.834646 0.472441 
vn -0.283465 -0.834646 0.472441 
vn 0.779528 0.488189 -0.393701 
vn 0.779528 0.488189 -0.393701 
vn 0.779528 0.488189 -0.393701 
vn 0.779528 0.488189 -0.393701 
vn 0.645669 0.19685 0.732283 
vn 0.645669 0.19685 0.732283 
vn 0.645669 0.19685 0.732283 
vn 0.645669 0.19685 0.732283 
vn 0.511811 0.11811 -0.850394 
vn 0.511811 0.11811 -0.850394 
vn 0.511811 0.11811 -0.850394 
vn 0.511811 0.11811 -0.850394 
vn 0.645669 0.19685 0.732283 
vn 0.645669 0.19685 0.732283 
vn 0.645669 0.19685 0.732283 
vn 0.645669 0.19685 0.732283 
vn 0.141732 -0.897638 0.417323 
vn 0.141732 -0.897638 0.417323 
vn 0.141732 -0.897638 0.417323 
vn 0.141732 -0.897638 0.417323 
vn 0.141732 -0.897638 0.417323 
vn 0.141732 -0.897638 0.417323 
vn 0.141732 -0.897638 0.417323 
vn 0.141732 -0.897638 0.417323 
vn 0.370079 -0.543307 -0.748031 
vn 0.370079 -0.543307 -0.748031 
vn 0.370079 -0.543307 -0.748031 
vn 0.370079 -0.543307 -0.748031 
vn 0.771654 0.496063 -0.393701 
vn 0.771654 0.496063 -0.393701 
vn 0.771654 0.496063 -0.393701 
vn 0.771654 0.496063 -0.393701 
vn -0.0866142 -0.307087 0.952756 
vn -0.0866142 -0.307087 0.952756 
vn -0.0866142 -0.307087 0.952756 
vn -0.0866142 -0.307087 0.952756 
vn 0.283465 0.834646 -0.472441 
vn 0.283465 0.834646 -0.472441 
vn 0.283465 0.834646 -0.472441 
vn 0.283465 0.834646 -0.472441 
vn -0.173228 -0.440945 -0.88189 
vn -0.173228 -0.440945 -0.88189 
vn -0.173228 -0.440945 -0.88189 
vn -0.173228 -0.440945 -0.88189 
vn -0.283465 -0.834646 0.472441 
vn -0.283465 -0.834646 0.472441 
vn -0.283465 -0.834646 0.472441 
vn -0.283465 -0.834646 0.472441 
vn 0.944882 -0.330709 -0.015748 
vn 0.944882 -0.330709 -0.015748 
vn 0.944882 -0.330709 -0.015748 
vn 0.944882 -0.330709 -0.015748 
vn -0.173228 -0.440945 -0.88189 
vn -0.173228 -0.440945 -0.88189 
vn 0.944882 -0.330709 -0.015748 
vn 0.944882 -0.330709 -0.015748 
vn 0.173228 0.440945 0.88189 
vn 0.173228 0.440945 0.88189 
vn 0.173228 0.440945 0.88189 
vn 0.173228 0.440945 0.88189 
vn -0.283465 -0.834646 0.472441 
vn -0.283465 -0.834646 0.472441 
vn -0.283465 -0.834646 0.472441 
vn -0.283465 -0.834646 0.472441 
vn 0.944882 -0.330709 -0.015748 
vn 0.944882 -0.330709 -0.015748 
vn 0.283465 0.834646 -0.472441 
vn 0.283465 0.834646 -0.472441 
vn 0.322835 -0.874016 0.370079 
vn 0.322835 -0.874016 0.370079 
vn 0.322835 -0.874016 0.370079 
vn 0.322835 -0.874016 0.370079 
vn 0.622047 -0.535433 -0.574803 
vn 0.622047 -0.535433 -0.574803 
vn 0.622047 -0.535433 -0.574803 
vn 0.622047 -0.535433 -0.574803 
vn 0.354331 -0.417323 0.834646 
vn 0.354331 -0.417323 0.834646 
vn 0.354331 -0.417323 0.834646 
vn 0.354331 -0.417323 0.834646 
vn 0.622047 -0.535433 -0.574803 
vn 0.622047 -0.535433 -0.574803 
vn 0.622047 -0.535433 -0.574803 
vn 0.622047 -0.535433 -0.574803 
vn 0.653543 0.622047 -0.433071 
vn 0.653543 0.622047 -0.433071 
vn 0.653543 0.622047 -0.433071 
vn 0.653543 0.622047 -0.433071 
vn 0.653543 0.622047 -0.433071 
vn 0.653543 0.622047 -0.433071 
vn 0.653543 0.622047 -0.433071 
vn 0.653543 0.622047 -0.433071 
vn 0.653543 0.188976 0.732283 
vn 0.653543 0.188976 0.732283 
vn 0.653543 0.188976 0.732283 
vn 0.653543 0.188976 0.732283 
vn 0.314961 -0.874016 0.370079 
vn 0.314961 -0.874016 0.370079 
vn 0.314961 -0.874016 0.370079 
vn 0.314961 -0.874016 0.370079 
vn 0.0866142 0.307087 -0.952756 
vn 0.0866142 0.307087 -0.952756 
vn 0.0866142 0.307087 -0.952756 
vn 0.0866142 0.307087 -0.952756 
vn -0.283465 -0.834646 0.472441 
vn -0.283465 -0.834646 0.472441 
vn -0.283465 -0.834646 0.472441 
vn -0.283465 -0.834646 0.472441 
vn 0.173228 0.440945 0.88189 
vn 0.173228 0.440945 0.88189 
vn 0.173228 0.440945 0.88189 
vn 0.173228 0.440945 0.88189 
vn 0.283465 0.834646 -0.472441 
vn 0.283465 0.834646 -0.472441 
vn 0.283465 0.834646 -0.472441 
vn 0.283465 0.834646 -0.472441 
vn -0.944882 0.330709 0.015748 
vn -0.944882 0.330709 0.015748 
vn -0.944882 0.330709 0.015748 
vn -0.944882 0.330709 0.015748 
vn 0.173228 0.440945 0.88189 
vn 0.173228 0.440945 0.88189 
vn -0.944882 0.330709 0.015748 
vn -0.944882 0.330709 0.015748 
vn -0.173228 -0.440945 -0.88189 
vn -0.173228 -0.440945 -0.88189 
vn -0.173228 -0.440945 -0.88189 
vn -0.173228 -0.440945 -0.88189 
vn 0.283465 0.834646 -0.472441 
vn 0.283465 0.834646 -0.472441 
vn 0.283465 0.834646 -0.472441 
vn 0.283465 0.834646 -0.472441 
vn -0.944882 0.330709 0.015748 
vn -0.944882 0.330709 0.015748 
vn -0.283465 -0.834646 0.472441 
vn -0.283465 -0.834646 0.472441 
vn -0.322835 0.866142 -0.370079 
vn -0.322835 0.866142 -0.370079 
vn -0.322835 0.866142 -0.370079 
vn -0.322835 0.866142 -0.370079 
vn -0.362205 0.543307 0.755906 
vn -0.362205 0.543307 0.755906 
vn -0.362205 0.543307 0.755906 
vn -0.362205 0.543307 0.755906 
vn -0.354331 0.417323 -0.834646 
vn -0.354331 0.417323 -0.834646 
vn -0.354331 0.417323 -0.834646 
vn -0.354331 0.417323 -0.834646 
vn -0.362205 0.543307 0.755906 
vn -0.362205 0.543307 0.755906 
vn -0.362205 0.543307 0.755906 
vn -0.362205 0.543307 0.755906 
vn -0.653543 -0.622047 0.433071 
vn -0.653543 -0.622047 0.433071 
vn -0.653543 -0.622047 0.433071 
vn -0.653543 -0.622047 0.433071 
vn -0.653543 -0.622047 0.433071 
vn -0.653543 -0.622047 0.433071 
vn -0.653543 -0.622047 0.433071 
vn -0.653543 -0.622047 0.433071 
vn -0.653543 -0.188976 -0.732283 
vn -0.653543 -0.188976 -0.732283 
vn -0.653543 -0.188976 -0.732283 
vn -0.653543 -0.188976 -0.732283 
vn -0.314961 0.874016 -0.370079 
vn -0.314961 0.874016 -0.370079 
vn -0.314961 0.874016 -0.370079 
vn -0.314961 0.874016 -0.370079 
vn -0.0866142 -0.307087 0.952756 
vn -0.0866142 -0.307087 0.952756 
vn -0.0866142 -0.307087 0.952756 
vn -0.0866142 -0.307087 0.952756 
vn 0.283465 0.834646 -0.472441 
vn 0.283465 0.834646 -0.472441 
vn 0.283465 0.834646 -0.472441 
vn 0.283465 0.834646 -0.472441 
vn -0.173228 -0.440945 -0.88189 
vn -0.173228 -0.440945 -0.88189 
vn -0.173228 -0.440945 -0.88189 
vn -0.173228 -0.440945 -0.88189 
vn -0.283465 -0.834646 0.472441 
vn -0.283465 -0.834646 0.472441 
vn -0.283465 -0.834646 0.472441 
vn -0.283465 -0.834646 0.472441 
vn -0.944882 0.330709 0.015748 
vn -0.944882 0.330709 0.015748 
vn -0.944882 0.330709 0.015748 
vn -0.944882 0.330709 0.015748 
vn -0.173228 -0.440945 -0.88189 
vn -0.173228 -0.440945 -0.88189 
vn -0.944882 0.330709 0.015748 
vn -0.944882 0.330709 0.015748 
vn 0.173228 0.440945 0.88189 
vn 0.173228 0.440945 0.88189 
vn 0.173228 0.440945 0.88189 
vn 0.173228 0.440945 0.88189 
vn -0.283465 -0.834646 0.472441 
vn -0.283465 -0.834646 0.472441 
vn -0.283465 -0.834646 0.472441 
vn -0.283465 -0.834646 0.472441 
vn -0.944882 0.330709 0.015748 
vn -0.944882 0.330709 0.015748 
vn 0.283465 0.834646 -0.472441 
vn 0.283465 0.834646 -0.472441 
vn -0.779528 -0.488189 0.393701 
vn -0.779528 -0.488189 0.393701 
vn -0.779528 -0.488189 0.393701 
vn -0.779528 -0.488189 0.393701 
vn -0.834646 -0.023622 -0.543307 
vn -0.834646 -0.023622 -0.543307 
vn -0.834646 -0.023622 -0.543307 
vn -0.834646 -0.023622 -0.543307 
vn -0.511811 -0.11811 0.850394 
vn -0.511811 -0.11811 0.850394 
vn -0.511811 -0.11811 0.850394 
vn -0.511811 -0.11811 0.850394 
vn -0.834646 -0.023622 -0.543307 
vn -0.834646 -0.023622 -0.543307 
vn -0.141732 0.897638 -0.417323 
vn -0.141732 0.897638 -0.417323 
vn -0.141732 0.897638 -0.417323 
vn -0.141732 0.897638 -0.417323 
vn -0.141732 0.897638 -0.417323 
vn -0.141732 0.897638 -0.417323 
vn -0.141732 0.897638 -0.417323 
vn -0.141732 0.897638 -0.417323 
vn -0.370079 0.543307 0.748031 
vn -0.370079 0.543307 0.748031 
vn -0.370079 0.543307 0.748031 
vn -0.370079 0.543307 0.748031 
vn -0.771654 -0.496063 0.393701 
vn -0.771654 -0.496063 0.393701 
vn -0.771654 -0.496063 0.393701 
vn -0.771654 -0.496063 0.393701 

vt 0.806334 0.820565 
vt 0.628147 0.820565 
vt 0.633768 0.869064 
vt 0.806334 0.869064 
vt 0.636285 0.917821 
vt 0.806334 0.917821 
vt 0.806334 0.626809 
vt 0.604923 0.626809 
vt 0.607691 0.675554 
vt 0.806334 0.675554 
vt 0.613374 0.724044 
vt 0.806334 0.724044 
vt 0.620761 0.772305 
vt 0.806334 0.772305 
vt 0.524386 0.867882 
vt 0.597207 0.821181 
vt 0.556866 0.903193 
vt 0.597207 0.916156 
vt 0.597207 0.728863 
vt 0.555518 0.740002 
vt 0.523819 0.775804 
vt 0.51252 0.821752 
vt 0.516419 0.873245 
vt 0.524386 0.867882 
vt 0.556866 0.903193 
vt 0.551836 0.91163 
vt 0.597207 0.916156 
vt 0.597207 0.925932 
vt 0.597207 0.720159 
vt 0.597207 0.728863 
vt 0.555518 0.740002 
vt 0.549807 0.733135 
vt 0.523819 0.775804 
vt 0.515451 0.772488 
vt 0.51252 0.821752 
vt 0.50333 0.822871 
vt 0.806334 0.820565 
vt 0.806334 0.869064 
vt 0.633768 0.869064 
vt 0.628147 0.820565 
vt 0.806334 0.675554 
vt 0.607691 0.675554 
vt 0.806334 0.724044 
vt 0.613374 0.724044 
vt 0.806334 0.772305 
vt 0.620761 0.772305 
vt 0.524386 0.867882 
vt 0.556866 0.903193 
vt 0.597207 0.728863 
vt 0.555518 0.740002 
vt 0.523819 0.775804 
vt 0.51252 0.821752 
vt 0.516419 0.873245 
vt 0.551836 0.91163 
vt 0.556866 0.903193 
vt 0.524386 0.867882 
vt 0.597207 0.925932 
vt 0.597207 0.916156 
vt 0.597207 0.720159 
vt 0.549807 0.733135 
vt 0.555518 0.740002 
vt 0.597207 0.728863 
vt 0.515451 0.772488 
vt 0.523819 0.775804 
vt 0.50333 0.822871 
vt 0.51252 0.821752 
vt 0.925852 0.359353 
vt 0.936972 0.425284 
vt 0.558211 0.582763 
vt 0.543904 0.436216 
vt 0.226731 0.670776 
vt 0.233587 0.709064 
vt 0.051499 0.70073 
vt 0.05609 0.672514 
vt 0.211836 0.600208 
vt 0.219145 0.635335 
vt 0.069356 0.602629 
vt 0.073572 0.583459 
vt 0.555306 0.585372 
vt 0.551986 0.588354 
vt 0.420372 0.589172 
vt 0.483366 0.437468 
vt 0.519849 0.632259 
vt 0.398006 0.625622 
vt 0.245248 0.418198 
vt 0.069566 0.42703 
vt 0.112306 0.360352 
vt 0.243049 0.386366 
vt 0.856683 0.811394 
vt 0.856683 0.636639 
vt 0.945579 0.656176 
vt 0.945579 0.839013 
vt 0.375242 0.660553 
vt 0.502007 0.670736 
vt 0.483435 0.719671 
vt 0.35451 0.693709 
vt 0.877015 0.540034 
vt 0.881563 0.540034 
vt 0.46226 0.759357 
vt 0.339329 0.72906 
vt 0.054318 0.80879 
vt 0.049143 0.728237 
vt 0.238961 0.737677 
vt 0.245292 0.778581 
vt 0.237549 0.449601 
vt 0.226204 0.481806 
vt 0.095693 0.482164 
vt 0.075187 0.451526 
vt 0.220185 0.517183 
vt 0.093419 0.516901 
vt 0.048104 0.67154 
vt 0.043777 0.699613 
vt 0.004825 0.696105 
vt 0.009052 0.666406 
vt 0.061056 0.602452 
vt 0.021743 0.596569 
vt 0.025609 0.577536 
vt 0.065276 0.583346 
vt 0.219784 0.600625 
vt 0.260881 0.598989 
vt 0.264937 0.631762 
vt 0.226649 0.636053 
vt 0.412369 0.588249 
vt 0.376494 0.569317 
vt 0.446549 0.403044 
vt 0.483189 0.418273 
vt 0.390207 0.624206 
vt 0.35612 0.604287 
vt 0.376494 0.569317 
vt 0.412369 0.588249 
vt 0.255589 0.386366 
vt 0.290992 0.386366 
vt 0.291235 0.418198 
vt 0.25347 0.418198 
vt 0.414412 0.811448 
vt 0.417549 0.774494 
vt 0.468955 0.763485 
vt 0.473054 0.803351 
vt 0.81696 0.811394 
vt 0.81696 0.636639 
vt 0.856683 0.636639 
vt 0.856683 0.811394 
vt 0.953805 0.649717 
vt 0.992458 0.649717 
vt 0.992458 0.842381 
vt 0.953805 0.842381 
vt 0.239163 0.368935 
vt 0.239163 0.330366 
vt 0.255589 0.330366 
vt 0.347446 0.692322 
vt 0.31407 0.674857 
vt 0.334328 0.639704 
vt 0.367762 0.659168 
vt 0.509117 0.672957 
vt 0.542947 0.690657 
vt 0.522807 0.737798 
vt 0.489855 0.722237 
vt 0.528344 0.634239 
vt 0.5614 0.63649 
vt 0.502717 0.780704 
vt 0.047156 0.809287 
vt 0.007616 0.810382 
vt 0.003021 0.725456 
vt 0.041646 0.727085 
vt 0.246434 0.738482 
vt 0.284893 0.732046 
vt 0.291235 0.770981 
vt 0.252537 0.777622 
vt 0.087802 0.480916 
vt 0.034592 0.480969 
vt 0.027703 0.450276 
vt 0.068472 0.450201 
vt 0.244794 0.448879 
vt 0.286003 0.452523 
vt 0.275668 0.487887 
vt 0.233596 0.481127 
vt 0.068472 0.450201 
vt 0.027703 0.450276 
vt 0.024847 0.420465 
vt 0.063269 0.425622 
vt 0.08551 0.516219 
vt 0.036646 0.511097 
vt 0.266755 0.520443 
vt 0.227911 0.516406 
vt 0.241813 0.71033 
vt 0.234692 0.672178 
vt 0.271925 0.666332 
vt 0.279652 0.70389 
vt 0.100542 0.363631 
vt 0.066499 0.423282 
vt 0.059991 0.411694 
vt 0.096104 0.362661 
vt 0.400882 0.769135 
vt 0.397345 0.771842 
vt 0.337521 0.738619 
vt 0.33531 0.730773 
vt 0.305121 0.752639 
vt 0.33531 0.730773 
vt 0.337521 0.738619 
vt 0.30996 0.759083 
vt 0.092664 0.314334 
vt 0.105733 0.356712 
vt 0.096933 0.353255 
vt 0.083946 0.31932 
vt 0.399889 0.778856 
vt 0.408976 0.776689 
vt 0.404882 0.810444 
vt 0.395868 0.809084 
vt 0.063269 0.425622 
vt 0.026122 0.405092 
vt 0.059991 0.411694 
vt 0.066499 0.423282 
vt 0.94168 0.431404 
vt 0.958512 0.467764 
vt 0.59059 0.623144 
vt 0.560402 0.590277 
vt 0.986589 0.427085 
vt 0.944168 0.424004 
vt 0.933632 0.359188 
vt 0.983084 0.352901 
vt 0.118624 0.35374 
vt 0.235638 0.375441 
vt 0.414472 0.768971 
vt 0.120655 0.347464 
vt 0.120535 0.309286 
vt 0.239163 0.330366 
vt 0.239163 0.368935 
vt 0.105887 0.30996 
vt 0.113321 0.350372 
vt 0.105733 0.356712 
vt 0.092664 0.314334 
vt 0.331692 0.725952 
vt 0.296421 0.709662 
vt 0.949794 0.50778 
vt 0.949559 0.530321 
vt 0.879322 0.53032 
vt 0.879001 0.50778 
vt 0.953805 0.540035 
vt 0.992458 0.540034 
vt 0.881563 0.540034 
vt 0.945579 0.540035 
vt 0.945579 0.656176 
vt 0.245292 0.778581 
vt 0.238961 0.737677 
vt 0.246434 0.738482 
vt 0.252537 0.777622 
vt 0.233587 0.709064 
vt 0.241813 0.71033 
vt 0.933632 0.359188 
vt 0.944168 0.424004 
vt 0.936972 0.425284 
vt 0.925852 0.359353 
vt 0.944168 0.424004 
vt 0.986589 0.427085 
vt 0.985709 0.435026 
vt 0.94168 0.431404 
vt 0.94168 0.431404 
vt 0.560402 0.590277 
vt 0.558211 0.582763 
vt 0.936972 0.425284 
vt 0.551986 0.588354 
vt 0.560402 0.590277 
vt 0.528344 0.634239 
vt 0.519849 0.632259 
vt 0.226649 0.636053 
vt 0.234692 0.672178 
vt 0.226731 0.670776 
vt 0.219145 0.635335 
vt 0.211836 0.600208 
vt 0.219784 0.600625 
vt 0.227911 0.516406 
vt 0.220185 0.517183 
vt 0.226204 0.481806 
vt 0.233596 0.481127 
vt 0.509117 0.672957 
vt 0.502007 0.670736 
vt 0.483189 0.418273 
vt 0.483366 0.437468 
vt 0.420372 0.589172 
vt 0.412369 0.588249 
vt 0.412369 0.588249 
vt 0.420372 0.589172 
vt 0.398006 0.625622 
vt 0.390207 0.624206 
vt 0.375242 0.660553 
vt 0.367762 0.659168 
vt 0.047156 0.809287 
vt 0.041646 0.727085 
vt 0.049143 0.728237 
vt 0.054318 0.80879 
vt 0.043777 0.699613 
vt 0.051499 0.70073 
vt 0.069356 0.602629 
vt 0.061056 0.602452 
vt 0.065276 0.583346 
vt 0.073572 0.583459 
vt 0.05609 0.672514 
vt 0.048104 0.67154 
vt 0.08551 0.516219 
vt 0.087802 0.480916 
vt 0.095693 0.482164 
vt 0.093419 0.516901 
vt 0.245248 0.418198 
vt 0.25347 0.418198 
vt 0.244794 0.448879 
vt 0.237549 0.449601 
vt 0.243049 0.386366 
vt 0.255589 0.386366 
vt 0.235638 0.375441 
vt 0.239163 0.368935 
vt 0.069566 0.42703 
vt 0.066499 0.423282 
vt 0.100542 0.363631 
vt 0.112306 0.360352 
vt 0.069566 0.42703 
vt 0.075187 0.451526 
vt 0.068472 0.450201 
vt 0.063269 0.425622 
vt 0.100542 0.363631 
vt 0.096104 0.362661 
vt 0.096933 0.353255 
vt 0.105733 0.356712 
vt 0.112306 0.360352 
vt 0.105733 0.356712 
vt 0.113321 0.350372 
vt 0.118624 0.35374 
vt 0.46226 0.759357 
vt 0.468955 0.763485 
vt 0.417549 0.774494 
vt 0.414472 0.768971 
vt 0.483435 0.719671 
vt 0.489855 0.722237 
vt 0.400882 0.769135 
vt 0.408976 0.776689 
vt 0.399889 0.778856 
vt 0.397345 0.771842 
vt 0.400882 0.769135 
vt 0.33531 0.730773 
vt 0.339329 0.72906 
vt 0.414472 0.768971 
vt 0.408976 0.776689 
vt 0.417549 0.774494 
vt 0.414412 0.811448 
vt 0.404882 0.810444 
vt 0.235638 0.375441 
vt 0.118624 0.35374 
vt 0.120655 0.347464 
vt 0.239163 0.368935 
vt 0.113321 0.350372 
vt 0.105887 0.30996 
vt 0.120535 0.309286 
vt 0.120655 0.347464 
vt 0.35451 0.693709 
vt 0.347446 0.692322 
vt 0.339329 0.72906 
vt 0.331692 0.725952 
vt 0.331692 0.725952 
vt 0.33531 0.730773 
vt 0.305121 0.752639 
vt 0.301566 0.747916 
vt 0.068472 0.450201 
vt 0.075187 0.451526 
vt 0.237549 0.449601 
vt 0.244794 0.448879 
vt 0.992458 0.540034 
vt 0.953805 0.540035 
vt 0.949559 0.530321 
vt 0.992458 0.53032 
vt 0.945579 0.839013 
vt 0.945579 0.656176 
vt 0.953805 0.649717 
vt 0.953805 0.842381 
vt 0.945579 0.540035 
vt 0.953805 0.540035 
vt 0.881563 0.540034 
vt 0.879322 0.53032 
vt 0.949559 0.530321 
vt 0.945579 0.540035 
vt 0.944168 0.424004 
vt 0.94168 0.431404 
vt 0.936972 0.425284 
vt 0.555306 0.585372 
vt 0.558211 0.582763 
vt 0.560402 0.590277 
vt 0.551986 0.588354 
vt 0.066499 0.423282 
vt 0.069566 0.42703 
vt 0.063269 0.425622 
vt 0.100542 0.363631 
vt 0.105733 0.356712 
vt 0.112306 0.360352 
vt 0.408976 0.776689 
vt 0.400882 0.769135 
vt 0.414472 0.768971 
vt 0.417549 0.774494 
vt 0.113321 0.350372 
vt 0.120655 0.347464 
vt 0.118624 0.35374 
vt 0.33531 0.730773 
vt 0.331692 0.725952 
vt 0.339329 0.72906 
vt 0.879322 0.53032 
vt 0.881563 0.540034 
vt 0.877015 0.540034 
vt 0.949559 0.530321 
vt 0.953805 0.540035 
vt 0.945579 0.540035 
vt 0.078063 0.56159 
vt 0.211628 0.566469 
vt 0.211628 0.566469 
vt 0.219691 0.5668 
vt 0.219691 0.5668 
vt 0.260418 0.565996 
vt 0.029839 0.555974 
vt 0.069888 0.561004 
vt 0.069888 0.561004 
vt 0.078063 0.56159 
vt 0.560402 0.590277 
vt 0.59059 0.623144 
vt 0.925852 0.359353 
vt 0.543904 0.436216 
vt 0.558211 0.582763 
vt 0.936972 0.425284 
vt 0.051499 0.70073 
vt 0.233587 0.709064 
vt 0.226731 0.670776 
vt 0.05609 0.672514 
vt 0.211836 0.600208 
vt 0.073572 0.583459 
vt 0.069356 0.602629 
vt 0.219145 0.635335 
vt 0.482931 0.438515 
vt 0.555731 0.58499 
vt 0.519849 0.632259 
vt 0.551986 0.588354 
vt 0.420372 0.589172 
vt 0.398006 0.625622 
vt 0.112306 0.360352 
vt 0.069566 0.42703 
vt 0.245248 0.418198 
vt 0.243049 0.386366 
vt 0.856683 0.811394 
vt 0.945579 0.839013 
vt 0.945579 0.656176 
vt 0.856683 0.636639 
vt 0.483435 0.719671 
vt 0.502007 0.670736 
vt 0.375242 0.660553 
vt 0.35451 0.693709 
vt 0.856683 0.636639 
vt 0.945579 0.656176 
vt 0.881563 0.540034 
vt 0.877015 0.540034 
vt 0.46226 0.759357 
vt 0.339329 0.72906 
vt 0.054318 0.80879 
vt 0.245292 0.778581 
vt 0.238961 0.737677 
vt 0.049143 0.728237 
vt 0.237549 0.449601 
vt 0.075187 0.451526 
vt 0.095693 0.482164 
vt 0.226204 0.481806 
vt 0.093419 0.516901 
vt 0.220185 0.517183 
vt 0.043777 0.699613 
vt 0.048104 0.67154 
vt 0.061056 0.602452 
vt 0.065276 0.583346 
vt 0.219784 0.600625 
vt 0.226649 0.636053 
vt 0.412369 0.588249 
vt 0.483189 0.418273 
vt 0.390207 0.624206 
vt 0.412369 0.588249 
vt 0.255589 0.386366 
vt 0.25347 0.418198 
vt 0.468955 0.763485 
vt 0.417549 0.774494 
vt 0.856683 0.636639 
vt 0.856683 0.811394 
vt 0.953805 0.649717 
vt 0.953805 0.842381 
vt 0.239163 0.330366 
vt 0.239163 0.368935 
vt 0.347446 0.692322 
vt 0.367762 0.659168 
vt 0.509117 0.672957 
vt 0.489855 0.722237 
vt 0.528344 0.634239 
vt 0.007616 0.810382 
vt 0.047156 0.809287 
vt 0.041646 0.727085 
vt 0.246434 0.738482 
vt 0.252537 0.777622 
vt 0.087802 0.480916 
vt 0.068472 0.450201 
vt 0.244794 0.448879 
vt 0.233596 0.481127 
vt 0.068472 0.450201 
vt 0.063269 0.425622 
vt 0.08551 0.516219 
vt 0.227911 0.516406 
vt 0.234692 0.672178 
vt 0.241813 0.71033 
vt 0.059991 0.411694 
vt 0.066499 0.423282 
vt 0.100542 0.363631 
vt 0.096104 0.362661 
vt 0.337521 0.738619 
vt 0.397345 0.771842 
vt 0.400882 0.769135 
vt 0.33531 0.730773 
vt 0.337521 0.738619 
vt 0.33531 0.730773 
vt 0.096933 0.353255 
vt 0.105733 0.356712 
vt 0.399889 0.778856 
vt 0.408976 0.776689 
vt 0.063269 0.425622 
vt 0.024847 0.420465 
vt 0.94168 0.431404 
vt 0.560402 0.590277 
vt 0.933632 0.359188 
vt 0.944168 0.424004 
vt 0.986589 0.427085 
vt 0.983084 0.352901 
vt 0.235638 0.375441 
vt 0.118624 0.35374 
vt 0.414472 0.768971 
vt 0.120655 0.347464 
vt 0.239163 0.368935 
vt 0.105733 0.356712 
vt 0.113321 0.350372 
vt 0.331692 0.725952 
vt 0.879322 0.53032 
vt 0.949559 0.530321 
vt 0.953805 0.540035 
vt 0.881563 0.540034 
vt 0.945579 0.656176 
vt 0.945579 0.540035 
vt 0.246434 0.738482 
vt 0.238961 0.737677 
vt 0.245292 0.778581 
vt 0.252537 0.777622 
vt 0.241813 0.71033 
vt 0.233587 0.709064 
vt 0.936972 0.425284 
vt 0.944168 0.424004 
vt 0.933632 0.359188 
vt 0.925852 0.359353 
vt 0.944168 0.424004 
vt 0.94168 0.431404 
vt 0.558211 0.582763 
vt 0.560402 0.590277 
vt 0.94168 0.431404 
vt 0.936972 0.425284 
vt 0.551986 0.588354 
vt 0.519849 0.632259 
vt 0.528344 0.634239 
vt 0.560402 0.590277 
vt 0.226731 0.670776 
vt 0.234692 0.672178 
vt 0.226649 0.636053 
vt 0.219145 0.635335 
vt 0.219784 0.600625 
vt 0.211836 0.600208 
vt 0.227911 0.516406 
vt 0.233596 0.481127 
vt 0.226204 0.481806 
vt 0.220185 0.517183 
vt 0.502007 0.670736 
vt 0.509117 0.672957 
vt 0.483189 0.418273 
vt 0.412369 0.588249 
vt 0.420372 0.589172 
vt 0.482931 0.438515 
vt 0.412369 0.588249 
vt 0.390207 0.624206 
vt 0.398006 0.625622 
vt 0.420372 0.589172 
vt 0.367762 0.659168 
vt 0.375242 0.660553 
vt 0.049143 0.728237 
vt 0.041646 0.727085 
vt 0.047156 0.809287 
vt 0.054318 0.80879 
vt 0.051499 0.70073 
vt 0.043777 0.699613 
vt 0.069356 0.602629 
vt 0.073572 0.583459 
vt 0.065276 0.583346 
vt 0.061056 0.602452 
vt 0.048104 0.67154 
vt 0.05609 0.672514 
vt 0.095693 0.482164 
vt 0.087802 0.480916 
vt 0.08551 0.516219 
vt 0.093419 0.516901 
vt 0.245248 0.418198 
vt 0.237549 0.449601 
vt 0.244794 0.448879 
vt 0.25347 0.418198 
vt 0.255589 0.386366 
vt 0.243049 0.386366 
vt 0.239163 0.368935 
vt 0.235638 0.375441 
vt 0.069566 0.42703 
vt 0.112306 0.360352 
vt 0.100542 0.363631 
vt 0.066499 0.423282 
vt 0.068472 0.450201 
vt 0.075187 0.451526 
vt 0.069566 0.42703 
vt 0.063269 0.425622 
vt 0.096933 0.353255 
vt 0.096104 0.362661 
vt 0.100542 0.363631 
vt 0.105733 0.356712 
vt 0.112306 0.360352 
vt 0.118624 0.35374 
vt 0.113321 0.350372 
vt 0.105733 0.356712 
vt 0.46226 0.759357 
vt 0.414472 0.768971 
vt 0.417549 0.774494 
vt 0.468955 0.763485 
vt 0.489855 0.722237 
vt 0.483435 0.719671 
vt 0.400882 0.769135 
vt 0.397345 0.771842 
vt 0.399889 0.778856 
vt 0.408976 0.776689 
vt 0.339329 0.72906 
vt 0.33531 0.730773 
vt 0.400882 0.769135 
vt 0.414472 0.768971 
vt 0.408976 0.776689 
vt 0.404882 0.810444 
vt 0.414412 0.811448 
vt 0.417549 0.774494 
vt 0.120655 0.347464 
vt 0.118624 0.35374 
vt 0.235638 0.375441 
vt 0.239163 0.368935 
vt 0.113321 0.350372 
vt 0.120655 0.347464 
vt 0.347446 0.692322 
vt 0.35451 0.693709 
vt 0.331692 0.725952 
vt 0.339329 0.72906 
vt 0.331692 0.725952 
vt 0.301566 0.747916 
vt 0.305121 0.752639 
vt 0.33531 0.730773 
vt 0.075187 0.451526 
vt 0.068472 0.450201 
vt 0.244794 0.448879 
vt 0.237549 0.449601 
vt 0.949559 0.530321 
vt 0.953805 0.540035 
vt 0.953805 0.649717 
vt 0.945579 0.656176 
vt 0.945579 0.839013 
vt 0.953805 0.842381 
vt 0.953805 0.540035 
vt 0.945579 0.540035 
vt 0.881563 0.540034 
vt 0.945579 0.540035 
vt 0.949559 0.530321 
vt 0.879322 0.53032 
vt 0.944168 0.424004 
vt 0.936972 0.425284 
vt 0.94168 0.431404 
vt 0.555731 0.58499 
vt 0.551986 0.588354 
vt 0.560402 0.590277 
vt 0.558211 0.582763 
vt 0.066499 0.423282 
vt 0.063269 0.425622 
vt 0.069566 0.42703 
vt 0.100542 0.363631 
vt 0.112306 0.360352 
vt 0.105733 0.356712 
vt 0.408976 0.776689 
vt 0.417549 0.774494 
vt 0.414472 0.768971 
vt 0.400882 0.769135 
vt 0.113321 0.350372 
vt 0.118624 0.35374 
vt 0.120655 0.347464 
vt 0.33531 0.730773 
vt 0.339329 0.72906 
vt 0.331692 0.725952 
vt 0.879322 0.53032 
vt 0.877015 0.540034 
vt 0.881563 0.540034 
vt 0.949559 0.530321 
vt 0.945579 0.540035 
vt 0.953805 0.540035 
vt 0.078063 0.56159 
vt 0.211628 0.566469 
vt 0.219691 0.5668 
vt 0.211628 0.566469 
vt 0.219691 0.5668 
vt 0.069888 0.561004 
vt 0.078063 0.56159 
vt 0.069888 0.561004 
vt 0.560402 0.590277 
vt 0.059991 0.411694 
vt 0.066499 0.423282 
vt 0.071625 0.153893 
vt 0.321139 0.153893 
vt 0.332026 0.064044 
vt 0.062429 0.064044 
vt 0.585295 0.201284 
vt 0.649503 0.222077 
vt 0.649503 0.114101 
vt 0.585295 0.064044 
vt 0.884174 0.249639 
vt 0.933236 0.249555 
vt 0.933236 0.114101 
vt 0.884174 0.114101 
vt 0.8073 0.222077 
vt 0.817815 0.114101 
vt 0.407225 0.064044 
vt 0.407225 0.201284 
vt 0.884174 0.296431 
vt 0.933236 0.296431 
vt 0.8073 0.249639 
vt 0.8073 0.296431 
vt 0.649503 0.296431 
vt 0.649503 0.249639 
vt 0.583946 0.249639 
vt 0.429211 0.249639 
vt 0.449594 0.296431 
vt 0.583946 0.296431 
vt 0.307067 0.301978 
vt 0.407136 0.301978 
vt 0.411572 0.263346 
vt 0.307761 0.263346 
vt 0.085 0.244567 
vt 0.310645 0.244567 
vt 0.4117 0.244567 
vt 0.583946 0.350919 
vt 0.649503 0.350919 
vt 0.649503 0.312623 
vt 0.583946 0.312623 
vt 0.649503 0.350919 
vt 0.8073 0.350919 
vt 0.8073 0.312623 
vt 0.649503 0.312623 
vt 0.8073 0.350919 
vt 0.884174 0.350919 
vt 0.884174 0.312623 
vt 0.8073 0.312623 
vt 0.420456 0.247103 
vt 0.307761 0.263346 
vt 0.087222 0.263346 
vt 0.077952 0.301978 
vt 0.307067 0.301978 
vt 0.00478 0.153893 
vt 0.023061 0.254694 
vt 0.06758 0.244567 
vt 0.04751 0.153893 
vt 0.884174 0.095249 
vt 0.941275 0.095249 
vt 0.943679 0.057488 
vt 0.884174 0.057488 
vt 0.967586 0.249555 
vt 0.967586 0.114101 
vt 0.951608 0.114101 
vt 0.950695 0.249555 
vt 0.8073 0.057488 
vt 0.817815 0.095249 
vt 0.884174 0.095249 
vt 0.884174 0.057488 
vt 0.062997 0.045562 
vt 0.332026 0.045562 
vt 0.332026 0.002693 
vt 0.051158 0.002693 
vt 0.04751 0.153893 
vt 0.044226 0.064044 
vt 0.00478 0.074672 
vt 0.00478 0.153893 
vt 0.647066 0.05463 
vt 0.623134 0.019919 
vt 0.600681 0.056147 
vt 0.650158 0.095249 
vt 0.407225 0.045562 
vt 0.576768 0.045562 
vt 0.577789 0.002693 
vt 0.407225 0.002693 
vt 0.332026 0.002693 
vt 0.332026 0.045562 
vt 0.407225 0.045562 
vt 0.407225 0.002693 
vt 0.650158 0.095249 
vt 0.817815 0.095249 
vt 0.8073 0.057488 
vt 0.651299 0.057488 
vt 0.410584 0.301635 
vt 0.421776 0.317476 
vt 0.433076 0.297536 
vt 0.411572 0.263346 
vt 0.884174 0.350919 
vt 0.927737 0.350919 
vt 0.927737 0.312623 
vt 0.884174 0.312623 
vt 0.950695 0.249555 
vt 0.950695 0.296431 
vt 0.967586 0.296431 
vt 0.967586 0.249555 
vt 0.583946 0.312623 
vt 0.448363 0.312623 
vt 0.449779 0.350919 
vt 0.583946 0.350919 
vt 0.071625 0.153893 
vt 0.04751 0.153893 
vt 0.06758 0.244567 
vt 0.085 0.244567 
vt 0.307761 0.263346 
vt 0.310645 0.244567 
vt 0.085 0.244567 
vt 0.087222 0.263346 
vt 0.054194 0.292265 
vt 0.077952 0.301978 
vt 0.087222 0.263346 
vt 0.06758 0.244567 
vt 0.411572 0.263346 
vt 0.4117 0.244567 
vt 0.310645 0.244567 
vt 0.307761 0.263346 
vt 0.933236 0.249555 
vt 0.950695 0.249555 
vt 0.951608 0.114101 
vt 0.933236 0.114101 
vt 0.941275 0.095249 
vt 0.884174 0.095249 
vt 0.884174 0.114101 
vt 0.933236 0.114101 
vt 0.967586 0.114101 
vt 0.967586 0.095249 
vt 0.941275 0.095249 
vt 0.951608 0.114101 
vt 0.884174 0.095249 
vt 0.817815 0.095249 
vt 0.817815 0.114101 
vt 0.884174 0.114101 
vt 0.051158 0.002693 
vt 0.02972 0.026161 
vt 0.044226 0.064044 
vt 0.062997 0.045562 
vt 0.062429 0.064044 
vt 0.332026 0.064044 
vt 0.332026 0.045562 
vt 0.062997 0.045562 
vt 0.04751 0.153893 
vt 0.071625 0.153893 
vt 0.062429 0.064044 
vt 0.044226 0.064044 
vt 0.623134 0.019919 
vt 0.599373 0.00584501 
vt 0.576768 0.045562 
vt 0.600681 0.056147 
vt 0.585295 0.064044 
vt 0.649503 0.114101 
vt 0.650158 0.095249 
vt 0.600681 0.056147 
vt 0.576768 0.045562 
vt 0.407225 0.045562 
vt 0.407225 0.064044 
vt 0.585295 0.064044 
vt 0.332026 0.045562 
vt 0.332026 0.064044 
vt 0.407225 0.064044 
vt 0.407225 0.045562 
vt 0.817815 0.095249 
vt 0.650158 0.095249 
vt 0.649503 0.114101 
vt 0.817815 0.114101 
vt 0.433076 0.297536 
vt 0.449594 0.296431 
vt 0.429211 0.249639 
vt 0.411572 0.263346 
vt 0.933236 0.249555 
vt 0.933236 0.296431 
vt 0.950695 0.296431 
vt 0.950695 0.249555 
vt 0.967586 0.312623 
vt 0.967586 0.296431 
vt 0.950695 0.296431 
vt 0.927737 0.312623 
vt 0.884174 0.296431 
vt 0.884174 0.312623 
vt 0.927737 0.312623 
vt 0.933236 0.296431 
vt 0.421776 0.317476 
vt 0.443958 0.350919 
vt 0.448363 0.312623 
vt 0.433076 0.297536 
vt 0.583946 0.312623 
vt 0.583946 0.296431 
vt 0.449594 0.296431 
vt 0.448363 0.312623 
vt 0.649503 0.312623 
vt 0.649503 0.296431 
vt 0.583946 0.296431 
vt 0.583946 0.312623 
vt 0.8073 0.312623 
vt 0.8073 0.296431 
vt 0.884174 0.312623 
vt 0.884174 0.296431 
vt 0.8073 0.296431 
vt 0.8073 0.312623 
vt 0.06758 0.244567 
vt 0.087222 0.263346 
vt 0.085 0.244567 
vt 0.951608 0.114101 
vt 0.941275 0.095249 
vt 0.933236 0.114101 
vt 0.044226 0.064044 
vt 0.062429 0.064044 
vt 0.062997 0.045562 
vt 0.576768 0.045562 
vt 0.585295 0.064044 
vt 0.600681 0.056147 
vt 0.420456 0.247103 
vt 0.4117 0.244567 
vt 0.411572 0.263346 
vt 0.429211 0.249639 
vt 0.950695 0.296431 
vt 0.933236 0.296431 
vt 0.927737 0.312623 
vt 0.448363 0.312623 
vt 0.449594 0.296431 
vt 0.433076 0.297536 
vt 0.071625 0.153893 
vt 0.062429 0.064044 
vt 0.332026 0.064044 
vt 0.321139 0.153893 
vt 0.585295 0.201284 
vt 0.585295 0.064044 
vt 0.649503 0.114101 
vt 0.649503 0.222077 
vt 0.884174 0.249639 
vt 0.884174 0.114101 
vt 0.933236 0.114101 
vt 0.933236 0.249555 
vt 0.8073 0.222077 
vt 0.817815 0.114101 
vt 0.407225 0.064044 
vt 0.407225 0.201284 
vt 0.933236 0.296431 
vt 0.884174 0.296431 
vt 0.8073 0.249639 
vt 0.8073 0.296431 
vt 0.649503 0.296431 
vt 0.649503 0.249639 
vt 0.449594 0.296431 
vt 0.429211 0.249639 
vt 0.583946 0.249639 
vt 0.583946 0.296431 
vt 0.411572 0.263346 
vt 0.307761 0.263346 
vt 0.085 0.244567 
vt 0.310645 0.244567 
vt 0.4117 0.244567 
vt 0.649503 0.312623 
vt 0.583946 0.312623 
vt 0.8073 0.312623 
vt 0.649503 0.312623 
vt 0.884174 0.312623 
vt 0.8073 0.312623 
vt 0.419911 0.246945 
vt 0.087222 0.263346 
vt 0.307761 0.263346 
vt 0.06758 0.244567 
vt 0.023061 0.254694 
vt 0.00478 0.153893 
vt 0.04751 0.153893 
vt 0.941275 0.095249 
vt 0.884174 0.095249 
vt 0.951608 0.114101 
vt 0.950695 0.249555 
vt 0.884174 0.095249 
vt 0.817815 0.095249 
vt 0.332026 0.045562 
vt 0.062997 0.045562 
vt 0.044226 0.064044 
vt 0.04751 0.153893 
vt 0.600681 0.056147 
vt 0.650158 0.095249 
vt 0.576768 0.045562 
vt 0.407225 0.045562 
vt 0.407225 0.045562 
vt 0.332026 0.045562 
vt 0.817815 0.095249 
vt 0.650158 0.095249 
vt 0.433076 0.297536 
vt 0.411572 0.263346 
vt 0.927737 0.312623 
vt 0.884174 0.312623 
vt 0.950695 0.296431 
vt 0.950695 0.249555 
vt 0.448363 0.312623 
vt 0.583946 0.312623 
vt 0.06758 0.244567 
vt 0.04751 0.153893 
vt 0.071625 0.153893 
vt 0.085 0.244567 
vt 0.085 0.244567 
vt 0.310645 0.244567 
vt 0.307761 0.263346 
vt 0.087222 0.263346 
vt 0.087222 0.263346 
vt 0.06758 0.244567 
vt 0.310645 0.244567 
vt 0.4117 0.244567 
vt 0.411572 0.263346 
vt 0.307761 0.263346 
vt 0.951608 0.114101 
vt 0.950695 0.249555 
vt 0.933236 0.249555 
vt 0.933236 0.114101 
vt 0.941275 0.095249 
vt 0.933236 0.114101 
vt 0.884174 0.114101 
vt 0.884174 0.095249 
vt 0.941275 0.095249 
vt 0.951608 0.114101 
vt 0.884174 0.095249 
vt 0.884174 0.114101 
vt 0.817815 0.114101 
vt 0.817815 0.095249 
vt 0.044226 0.064044 
vt 0.062997 0.045562 
vt 0.062429 0.064044 
vt 0.062997 0.045562 
vt 0.332026 0.045562 
vt 0.332026 0.064044 
vt 0.062429 0.064044 
vt 0.071625 0.153893 
vt 0.04751 0.153893 
vt 0.044226 0.064044 
vt 0.576768 0.045562 
vt 0.600681 0.056147 
vt 0.585295 0.064044 
vt 0.600681 0.056147 
vt 0.650158 0.095249 
vt 0.649503 0.114101 
vt 0.576768 0.045562 
vt 0.585295 0.064044 
vt 0.407225 0.064044 
vt 0.407225 0.045562 
vt 0.407225 0.064044 
vt 0.332026 0.064044 
vt 0.332026 0.045562 
vt 0.407225 0.045562 
vt 0.817815 0.095249 
vt 0.817815 0.114101 
vt 0.649503 0.114101 
vt 0.650158 0.095249 
vt 0.429211 0.249639 
vt 0.449594 0.296431 
vt 0.433076 0.297536 
vt 0.411572 0.263346 
vt 0.933236 0.249555 
vt 0.950695 0.249555 
vt 0.950695 0.296431 
vt 0.933236 0.296431 
vt 0.950695 0.296431 
vt 0.927737 0.312623 
vt 0.927737 0.312623 
vt 0.884174 0.312623 
vt 0.884174 0.296431 
vt 0.933236 0.296431 
vt 0.448363 0.312623 
vt 0.433076 0.297536 
vt 0.449594 0.296431 
vt 0.583946 0.296431 
vt 0.583946 0.312623 
vt 0.448363 0.312623 
vt 0.583946 0.296431 
vt 0.649503 0.296431 
vt 0.649503 0.312623 
vt 0.583946 0.312623 
vt 0.8073 0.296431 
vt 0.8073 0.312623 
vt 0.8073 0.296431 
vt 0.884174 0.296431 
vt 0.884174 0.312623 
vt 0.8073 0.312623 
vt 0.06758 0.244567 
vt 0.085 0.244567 
vt 0.087222 0.263346 
vt 0.951608 0.114101 
vt 0.933236 0.114101 
vt 0.941275 0.095249 
vt 0.044226 0.064044 
vt 0.062997 0.045562 
vt 0.062429 0.064044 
vt 0.576768 0.045562 
vt 0.600681 0.056147 
vt 0.585295 0.064044 
vt 0.411572 0.263346 
vt 0.4117 0.244567 
vt 0.419911 0.246945 
vt 0.429211 0.249639 
vt 0.950695 0.296431 
vt 0.927737 0.312623 
vt 0.933236 0.296431 
vt 0.448363 0.312623 
vt 0.433076 0.297536 
vt 0.449594 0.296431 
vt 0.369439 0.357611 
vt 0.308678 0.328731 
vt 0.308678 0.406312 
vt 0.36306 0.402271 
vt 0.322073 0.316634 
vt 0.308678 0.328731 
vt 0.369439 0.357611 
vt 0.381611 0.343868 
vt 0.394954 0.366461 
vt 0.386023 0.399234 
vt 0.394954 0.366461 
vt 0.40532 0.351532 
vt 0.419053 0.372399 
vt 0.428292 0.357557 
vt 0.419053 0.372399 
vt 0.41474 0.388538 
vt 0.41474 0.388538 
vt 0.386023 0.399234 
vt 0.393693 0.412374 
vt 0.425286 0.401735 
vt 0.367752 0.416996 
vt 0.36306 0.402271 
vt 0.41474 0.388538 
vt 0.439029 0.391274 
vt 0.443342 0.375135 
vt 0.419053 0.372399 
vt 0.308678 0.406312 
vt 0.311439 0.421621 
vt 0.369439 0.357611 
vt 0.36306 0.402271 
vt 0.308678 0.406312 
vt 0.308678 0.328731 
vt 0.369439 0.357611 
vt 0.308678 0.328731 
vt 0.394954 0.366461 
vt 0.386023 0.399234 
vt 0.394954 0.366461 
vt 0.419053 0.372399 
vt 0.419053 0.372399 
vt 0.41474 0.388538 
vt 0.386023 0.399234 
vt 0.41474 0.388538 
vt 0.367752 0.416996 
vt 0.36306 0.402271 
vt 0.41474 0.388538 
vt 0.419053 0.372399 
vt 0.311439 0.421621 
vt 0.308678 0.406312 
vt 0.117145 0.815959 
vt 0.117145 0.834799 
vt 0.036336 0.834799 
vt 0.036288 0.815959 
vt 0.005892 0.858984 
vt 0.005892 0.834799 
vt 0.036336 0.834799 
vt 0.036405 0.858984 
vt 0.036336 0.834799 
vt 0.117145 0.834799 
vt 0.117145 0.858984 
vt 0.036405 0.858984 
vt 0.367867 0.834799 
vt 0.367867 0.815959 
vt 0.388635 0.815959 
vt 0.388635 0.8348 
vt 0.281896 0.815959 
vt 0.367867 0.815959 
vt 0.367867 0.834799 
vt 0.281896 0.834799 
vt 0.281896 0.858984 
vt 0.281896 0.834799 
vt 0.367867 0.834799 
vt 0.367867 0.858984 
vt 0.188497 0.834799 
vt 0.188497 0.815959 
vt 0.188497 0.858984 
vt 0.188497 0.834799 
vt 0.036336 0.834799 
vt 0.117145 0.834799 
vt 0.117145 0.815959 
vt 0.036288 0.815959 
vt 0.036405 0.858984 
vt 0.036336 0.834799 
vt 0.117145 0.858984 
vt 0.117145 0.834799 
vt 0.036336 0.834799 
vt 0.036405 0.858984 
vt 0.388635 0.815959 
vt 0.367867 0.815959 
vt 0.367867 0.834799 
vt 0.388635 0.8348 
vt 0.281896 0.815959 
vt 0.281896 0.834799 
vt 0.367867 0.834799 
vt 0.367867 0.815959 
vt 0.281896 0.858984 
vt 0.367867 0.858984 
vt 0.367867 0.834799 
vt 0.281896 0.834799 
vt 0.188497 0.834799 
vt 0.188497 0.815959 
vt 0.188497 0.858984 
vt 0.188497 0.834799 
vt 0.036336 0.834799 
vt 0.117145 0.834799 
vt 0.117145 0.815959 
vt 0.036288 0.815959 
vt 0.005892 0.858984 
vt 0.036405 0.858984 
vt 0.036336 0.834799 
vt 0.005892 0.834799 
vt 0.117145 0.858984 
vt 0.117145 0.834799 
vt 0.036336 0.834799 
vt 0.036405 0.858984 
vt 0.388635 0.815959 
vt 0.367867 0.815959 
vt 0.367867 0.834799 
vt 0.388635 0.8348 
vt 0.281896 0.815959 
vt 0.281896 0.834799 
vt 0.367867 0.834799 
vt 0.367867 0.815959 
vt 0.281896 0.858984 
vt 0.367867 0.858984 
vt 0.367867 0.834799 
vt 0.281896 0.834799 
vt 0.188497 0.834799 
vt 0.188497 0.815959 
vt 0.188497 0.858984 
vt 0.188497 0.834799 
vt 0.117145 0.834799 
vt 0.117145 0.815959 
vt 0.117145 0.834799 
vt 0.117145 0.858984 
vt 0.117145 0.815959 
vt 0.117145 0.834799 
vt 0.036336 0.834799 
vt 0.036288 0.815959 
vt 0.036336 0.834799 
vt 0.036405 0.858984 
vt 0.036336 0.834799 
vt 0.117145 0.834799 
vt 0.117145 0.858984 
vt 0.036405 0.858984 
vt 0.367867 0.834799 
vt 0.388635 0.8348 
vt 0.281896 0.815959 
vt 0.367867 0.815959 
vt 0.367867 0.834799 
vt 0.281896 0.834799 
vt 0.281896 0.858984 
vt 0.281896 0.834799 
vt 0.367867 0.834799 
vt 0.367867 0.858984 
vt 0.188497 0.834799 
vt 0.188497 0.815959 
vt 0.188497 0.858984 
vt 0.188497 0.834799 
vt 0.117145 0.834799 
vt 0.117145 0.815959 
vt 0.117145 0.834799 
vt 0.117145 0.858984 
vt 0.469606 0.954246 
vt 0.500365 0.959252 
vt 0.497979 0.970267 
vt 0.461175 0.966825 
vt 0.885985 0.94038 
vt 0.890696 0.910692 
vt 0.855012 0.910686 
vt 0.855012 0.940373 
vt 0.76092 0.941422 
vt 0.78393 0.941425 
vt 0.783929 0.932093 
vt 0.760919 0.932091 
vt 0.762776 0.963736 
vt 0.762735 0.9731 
vt 0.755367 0.973069 
vt 0.755267 0.963704 
vt 0.762776 0.963736 
vt 0.755267 0.963704 
vt 0.755334 0.948094 
vt 0.762844 0.948127 
vt 0.736218 0.941422 
vt 0.736218 0.932091 
vt 0.700448 0.932092 
vt 0.700448 0.941423 
vt 0.565037 0.96285 
vt 0.564988 0.972227 
vt 0.531652 0.971722 
vt 0.531681 0.96201 
vt 0.855009 0.989222 
vt 0.872222 0.989227 
vt 0.489792 0.938653 
vt 0.509215 0.947544 
vt 0.500365 0.959252 
vt 0.469606 0.954246 
vt 0.531869 0.951233 
vt 0.56512 0.951581 
vt 0.565037 0.96285 
vt 0.531681 0.96201 
vt 0.503413 0.941425 
vt 0.665953 0.941423 
vt 0.665952 0.932092 
vt 0.503413 0.932093 
vt 0.755267 0.963704 
vt 0.755367 0.973069 
vt 0.597078 0.972383 
vt 0.597125 0.963018 
vt 0.597125 0.963018 
vt 0.597179 0.951753 
vt 0.748275 0.95253 
vt 0.755267 0.963704 
vt 0.748275 0.95253 
vt 0.75211 0.94475 
vt 0.762166 0.949702 
vt 0.755267 0.963704 
vt 0.665952 0.932092 
vt 0.665953 0.941423 
vt 0.597125 0.963018 
vt 0.597078 0.972383 
vt 0.597179 0.951753 
vt 0.597125 0.963018 
vt 0.895857 0.87685 
vt 0.905346 0.856253 
vt 0.855011 0.856254 
vt 0.855012 0.876846 
vt 0.453708 0.982372 
vt 0.496919 0.982317 
vt 0.496918 0.99305 
vt 0.449725 0.99305 
vt 0.531593 0.99305 
vt 0.53162 0.982365 
vt 0.564893 0.99305 
vt 0.56494 0.982501 
vt 0.596975 0.99305 
vt 0.597027 0.982646 
vt 0.755571 0.99305 
vt 0.596975 0.99305 
vt 0.597027 0.982646 
vt 0.755546 0.98333 
vt 0.762644 0.99305 
vt 0.755571 0.99305 
vt 0.755546 0.98333 
vt 0.762689 0.98336 
vt 0.90235 0.956058 
vt 0.949347 0.956058 
vt 0.943143 0.979731 
vt 0.90235 0.97972 
vt 0.461175 0.966825 
vt 0.497979 0.970267 
vt 0.496919 0.982317 
vt 0.453708 0.982372 
vt 0.53162 0.982365 
vt 0.531652 0.971722 
vt 0.56494 0.982501 
vt 0.564988 0.972227 
vt 0.597027 0.982646 
vt 0.597078 0.972383 
vt 0.755546 0.98333 
vt 0.597027 0.982646 
vt 0.597078 0.972383 
vt 0.755367 0.973069 
vt 0.762735 0.9731 
vt 0.762689 0.98336 
vt 0.755546 0.98333 
vt 0.755367 0.973069 
vt 0.90235 0.905082 
vt 0.968641 0.905082 
vt 0.956144 0.930121 
vt 0.90235 0.930121 
vt 0.90235 0.930121 
vt 0.956144 0.930121 
vt 0.497979 0.970267 
vt 0.500365 0.959252 
vt 0.469606 0.954246 
vt 0.461175 0.966825 
vt 0.855012 0.910686 
vt 0.890696 0.910692 
vt 0.885985 0.94038 
vt 0.855012 0.940373 
vt 0.783929 0.932093 
vt 0.78393 0.941425 
vt 0.76092 0.941422 
vt 0.760919 0.932091 
vt 0.755367 0.973069 
vt 0.762735 0.9731 
vt 0.762776 0.963736 
vt 0.755267 0.963704 
vt 0.755334 0.948094 
vt 0.755267 0.963704 
vt 0.762776 0.963736 
vt 0.762844 0.948127 
vt 0.700448 0.932092 
vt 0.736218 0.932091 
vt 0.736218 0.941422 
vt 0.700448 0.941423 
vt 0.531652 0.971722 
vt 0.564988 0.972227 
vt 0.565037 0.96285 
vt 0.531681 0.96201 
vt 0.872222 0.989227 
vt 0.855009 0.989222 
vt 0.500365 0.959252 
vt 0.509215 0.947544 
vt 0.489792 0.938653 
vt 0.469606 0.954246 
vt 0.565037 0.96285 
vt 0.56512 0.951581 
vt 0.531869 0.951233 
vt 0.531681 0.96201 
vt 0.665952 0.932092 
vt 0.665953 0.941423 
vt 0.503413 0.941425 
vt 0.503413 0.932093 
vt 0.597078 0.972383 
vt 0.755367 0.973069 
vt 0.755267 0.963704 
vt 0.597125 0.963018 
vt 0.597125 0.963018 
vt 0.755267 0.963704 
vt 0.748275 0.95253 
vt 0.597179 0.951753 
vt 0.762166 0.949702 
vt 0.75211 0.94475 
vt 0.748275 0.95253 
vt 0.755267 0.963704 
vt 0.665952 0.932092 
vt 0.665953 0.941423 
vt 0.597078 0.972383 
vt 0.597125 0.963018 
vt 0.597125 0.963018 
vt 0.597179 0.951753 
vt 0.895857 0.87685 
vt 0.855012 0.876846 
vt 0.855011 0.856254 
vt 0.905346 0.856253 
vt 0.496918 0.99305 
vt 0.496919 0.982317 
vt 0.453708 0.982372 
vt 0.449725 0.99305 
vt 0.531593 0.99305 
vt 0.53162 0.982365 
vt 0.564893 0.99305 
vt 0.56494 0.982501 
vt 0.596975 0.99305 
vt 0.597027 0.982646 
vt 0.597027 0.982646 
vt 0.596975 0.99305 
vt 0.755571 0.99305 
vt 0.755546 0.98333 
vt 0.755546 0.98333 
vt 0.755571 0.99305 
vt 0.762644 0.99305 
vt 0.762689 0.98336 
vt 0.943143 0.979731 
vt 0.949347 0.956058 
vt 0.496919 0.982317 
vt 0.497979 0.970267 
vt 0.461175 0.966825 
vt 0.453708 0.982372 
vt 0.53162 0.982365 
vt 0.531652 0.971722 
vt 0.56494 0.982501 
vt 0.564988 0.972227 
vt 0.597027 0.982646 
vt 0.597078 0.972383 
vt 0.597078 0.972383 
vt 0.597027 0.982646 
vt 0.755546 0.98333 
vt 0.755367 0.973069 
vt 0.762735 0.9731 
vt 0.755367 0.973069 
vt 0.755546 0.98333 
vt 0.762689 0.98336 
vt 0.956144 0.930121 
vt 0.968641 0.905082 
vt 0.956144 0.930121 
vt 0.806333 0.820565 
vt 0.806333 0.869063 
vt 0.633768 0.869063 
vt 0.628147 0.820565 
vt 0.806333 0.917821 
vt 0.636285 0.917821 
vt 0.806333 0.626809 
vt 0.806333 0.675554 
vt 0.607691 0.675554 
vt 0.604923 0.626809 
vt 0.806333 0.724044 
vt 0.613374 0.724044 
vt 0.806333 0.772305 
vt 0.620761 0.772305 
vt 0.524128 0.868045 
vt 0.597207 0.821344 
vt 0.556609 0.903356 
vt 0.597207 0.916319 
vt 0.597207 0.729026 
vt 0.555261 0.740165 
vt 0.523561 0.775967 
vt 0.512263 0.821915 
vt 0.524128 0.868045 
vt 0.556609 0.903356 
vt 0.551579 0.911793 
vt 0.516162 0.873408 
vt 0.597207 0.916319 
vt 0.597207 0.926095 
vt 0.597207 0.729026 
vt 0.555261 0.740165 
vt 0.54955 0.733298 
vt 0.597207 0.720322 
vt 0.523561 0.775967 
vt 0.515193 0.772651 
vt 0.512263 0.821915 
vt 0.503072 0.823034 
vt 0.806333 0.869063 
vt 0.633768 0.869063 
vt 0.628147 0.820565 
vt 0.806333 0.820565 
vt 0.806333 0.917821 
vt 0.636285 0.917821 
vt 0.806333 0.675554 
vt 0.607691 0.675554 
vt 0.604923 0.626809 
vt 0.806333 0.626809 
vt 0.806333 0.724044 
vt 0.613374 0.724044 
vt 0.806333 0.772305 
vt 0.620761 0.772305 
vt 0.524128 0.868045 
vt 0.556609 0.903356 
vt 0.555261 0.740165 
vt 0.523561 0.775967 
vt 0.512263 0.821915 
vt 0.551579 0.911793 
vt 0.556609 0.903356 
vt 0.524128 0.868045 
vt 0.516162 0.873408 
vt 0.54955 0.733298 
vt 0.555261 0.740165 
vt 0.515193 0.772651 
vt 0.523561 0.775967 
vt 0.503072 0.823034 
vt 0.512263 0.821915 
vt 0.628147 0.820565 
vt 0.806333 0.820565 
vt 0.806333 0.869063 
vt 0.633768 0.869063 
vt 0.806333 0.917821 
vt 0.636285 0.917821 
vt 0.604923 0.626809 
vt 0.806333 0.626809 
vt 0.806333 0.675554 
vt 0.607691 0.675554 
vt 0.806333 0.724044 
vt 0.613374 0.724044 
vt 0.806333 0.772305 
vt 0.620761 0.772305 
vt 0.524128 0.868045 
vt 0.597207 0.821344 
vt 0.556609 0.903356 
vt 0.597207 0.916319 
vt 0.597207 0.729026 
vt 0.555261 0.740165 
vt 0.523561 0.775967 
vt 0.512263 0.821915 
vt 0.516162 0.873408 
vt 0.524128 0.868045 
vt 0.556609 0.903356 
vt 0.551579 0.911793 
vt 0.597207 0.916319 
vt 0.597207 0.926095 
vt 0.597207 0.720322 
vt 0.597207 0.729026 
vt 0.555261 0.740165 
vt 0.54955 0.733298 
vt 0.523561 0.775967 
vt 0.515193 0.772651 
vt 0.512263 0.821915 
vt 0.503072 0.823034 
vt 0.806333 0.820565 
vt 0.806333 0.869063 
vt 0.633768 0.869063 
vt 0.628147 0.820565 
vt 0.806333 0.917821 
vt 0.636285 0.917821 
vt 0.806333 0.626809 
vt 0.806333 0.675554 
vt 0.607691 0.675554 
vt 0.604923 0.626809 
vt 0.806333 0.724044 
vt 0.613374 0.724044 
vt 0.806333 0.772305 
vt 0.620761 0.772305 
vt 0.524128 0.868045 
vt 0.556609 0.903356 
vt 0.555261 0.740165 
vt 0.523561 0.775967 
vt 0.512263 0.821915 
vt 0.516162 0.873408 
vt 0.551579 0.911793 
vt 0.556609 0.903356 
vt 0.524128 0.868045 
vt 0.597207 0.720322 
vt 0.54955 0.733298 
vt 0.555261 0.740165 
vt 0.597207 0.729026 
vt 0.515193 0.772651 
vt 0.523561 0.775967 
vt 0.503072 0.823034 
vt 0.512263 0.821915 
vt 0.362929 0.988754 
vt 0.391572 0.988754 
vt 0.391572 0.96956 
vt 0.362929 0.96956 
vt 0.046146 0.988754 
vt 0.197406 0.988754 
vt 0.197406 0.96956 
vt 0.046146 0.96956 
vt 0.208358 0.988754 
vt 0.232553 0.988754 
vt 0.232553 0.96956 
vt 0.208358 0.96956 
vt 0.232553 0.988754 
vt 0.362929 0.988754 
vt 0.362929 0.96956 
vt 0.232553 0.96956 
vt 0.144258 0.886071 
vt 0.413064 0.88607 
vt 0.413064 0.929439 
vt 0.099254 0.929439 
vt 0.197406 0.988754 
vt 0.197406 0.96956 
vt 0.413064 0.94635 
vt 0.099254 0.94635 
vt 0.426641 0.988754 
vt 0.442031 0.988754 
vt 0.442031 0.96956 
vt 0.426641 0.96956 
vt 0.391572 0.988754 
vt 0.426641 0.988754 
vt 0.426641 0.96956 
vt 0.391572 0.96956 
vt 0.023535 0.94635 
vt 0.023535 0.929439 
vt 0.011222 0.96956 
vt 0.011222 0.988754 
vt 0.144638 0.86805 
vt 0.430798 0.868051 
vt 0.413064 0.88607 
vt 0.144258 0.886071 
vt 0.430798 0.929439 
vt 0.413064 0.929439 
vt 0.413064 0.88607 
vt 0.430798 0.876855 
vt 0.099254 0.911678 
vt 0.139776 0.86805 
vt 0.144258 0.886071 
vt 0.099254 0.929439 
vt 0.430798 0.929439 
vt 0.430798 0.95306 
vt 0.413064 0.94635 
vt 0.413064 0.929439 
vt 0.099254 0.961856 
vt 0.099254 0.94635 
vt 0.413064 0.94635 
vt 0.430798 0.961856 
vt 0.099254 0.961856 
vt 0.023535 0.961856 
vt 0.023535 0.94635 
vt 0.099254 0.94635 
vt 0.007693 0.953763 
vt 0.007693 0.919605 
vt 0.023535 0.929439 
vt 0.023535 0.94635 
vt 0.099254 0.911678 
vt 0.099254 0.929439 
vt 0.023535 0.929439 
vt 0.023535 0.911678 
vt 0.362929 0.988754 
vt 0.391572 0.988754 
vt 0.391572 0.96956 
vt 0.362929 0.96956 
vt 0.046146 0.988754 
vt 0.197406 0.988754 
vt 0.197406 0.96956 
vt 0.046146 0.96956 
vt 0.208358 0.988754 
vt 0.232553 0.988754 
vt 0.232553 0.96956 
vt 0.208358 0.96956 
vt 0.232553 0.988754 
vt 0.362929 0.988754 
vt 0.362929 0.96956 
vt 0.232553 0.96956 
vt 0.144258 0.886071 
vt 0.413064 0.88607 
vt 0.413064 0.929439 
vt 0.099254 0.929439 
vt 0.197406 0.988754 
vt 0.197406 0.96956 
vt 0.413064 0.94635 
vt 0.099254 0.94635 
vt 0.426641 0.988754 
vt 0.442031 0.988754 
vt 0.442031 0.96956 
vt 0.426641 0.96956 
vt 0.391572 0.988754 
vt 0.426641 0.988754 
vt 0.426641 0.96956 
vt 0.391572 0.96956 
vt 0.023535 0.94635 
vt 0.023535 0.929439 
vt 0.011222 0.96956 
vt 0.011222 0.988754 
vt 0.144638 0.86805 
vt 0.430798 0.868051 
vt 0.413064 0.88607 
vt 0.144258 0.886071 
vt 0.430798 0.929439 
vt 0.413064 0.929439 
vt 0.413064 0.88607 
vt 0.430798 0.876855 
vt 0.099254 0.911678 
vt 0.139776 0.86805 
vt 0.144258 0.886071 
vt 0.099254 0.929439 
vt 0.430798 0.929439 
vt 0.430798 0.95306 
vt 0.413064 0.94635 
vt 0.413064 0.929439 
vt 0.099254 0.961856 
vt 0.099254 0.94635 
vt 0.413064 0.94635 
vt 0.430798 0.961856 
vt 0.099254 0.961856 
vt 0.023535 0.961856 
vt 0.023535 0.94635 
vt 0.099254 0.94635 
vt 0.007693 0.953763 
vt 0.007693 0.919605 
vt 0.023535 0.929439 
vt 0.023535 0.94635 
vt 0.099254 0.911678 
vt 0.099254 0.929439 
vt 0.023535 0.929439 
vt 0.023535 0.911678 
vt 0.391572 0.96956 
vt 0.391572 0.988754 
vt 0.362929 0.988754 
vt 0.362929 0.96956 
vt 0.197406 0.96956 
vt 0.197406 0.988754 
vt 0.046146 0.988754 
vt 0.046146 0.96956 
vt 0.232553 0.96956 
vt 0.232553 0.988754 
vt 0.208358 0.988754 
vt 0.208358 0.96956 
vt 0.362929 0.96956 
vt 0.362929 0.988754 
vt 0.232553 0.988754 
vt 0.232553 0.96956 
vt 0.144258 0.886071 
vt 0.099254 0.929439 
vt 0.413064 0.929439 
vt 0.413064 0.88607 
vt 0.197406 0.988754 
vt 0.197406 0.96956 
vt 0.099254 0.94635 
vt 0.413064 0.94635 
vt 0.442031 0.96956 
vt 0.442031 0.988754 
vt 0.426641 0.988754 
vt 0.426641 0.96956 
vt 0.426641 0.96956 
vt 0.426641 0.988754 
vt 0.391572 0.988754 
vt 0.391572 0.96956 
vt 0.023535 0.929439 
vt 0.023535 0.94635 
vt 0.011222 0.988754 
vt 0.011222 0.96956 
vt 0.144638 0.86805 
vt 0.144258 0.886071 
vt 0.413064 0.88607 
vt 0.430798 0.868051 
vt 0.413064 0.88607 
vt 0.413064 0.929439 
vt 0.430798 0.929439 
vt 0.430798 0.876855 
vt 0.099254 0.911678 
vt 0.099254 0.929439 
vt 0.144258 0.886071 
vt 0.139776 0.86805 
vt 0.430798 0.929439 
vt 0.413064 0.929439 
vt 0.413064 0.94635 
vt 0.430798 0.95306 
vt 0.413064 0.94635 
vt 0.099254 0.94635 
vt 0.099254 0.961856 
vt 0.430798 0.961856 
vt 0.099254 0.961856 
vt 0.099254 0.94635 
vt 0.023535 0.94635 
vt 0.023535 0.961856 
vt 0.007693 0.953763 
vt 0.023535 0.94635 
vt 0.023535 0.929439 
vt 0.007693 0.919605 
vt 0.023535 0.929439 
vt 0.099254 0.929439 
vt 0.099254 0.911678 
vt 0.023535 0.911678 
vt 0.391572 0.96956 
vt 0.391572 0.988754 
vt 0.362929 0.988754 
vt 0.362929 0.96956 
vt 0.197406 0.96956 
vt 0.197406 0.988754 
vt 0.046146 0.988754 
vt 0.046146 0.96956 
vt 0.232553 0.96956 
vt 0.232553 0.988754 
vt 0.208358 0.988754 
vt 0.208358 0.96956 
vt 0.362929 0.96956 
vt 0.362929 0.988754 
vt 0.232553 0.988754 
vt 0.232553 0.96956 
vt 0.144258 0.886071 
vt 0.099254 0.929439 
vt 0.413064 0.929439 
vt 0.413064 0.88607 
vt 0.197406 0.988754 
vt 0.197406 0.96956 
vt 0.099254 0.94635 
vt 0.413064 0.94635 
vt 0.442031 0.96956 
vt 0.442031 0.988754 
vt 0.426641 0.988754 
vt 0.426641 0.96956 
vt 0.426641 0.96956 
vt 0.426641 0.988754 
vt 0.391572 0.988754 
vt 0.391572 0.96956 
vt 0.023535 0.929439 
vt 0.023535 0.94635 
vt 0.011222 0.988754 
vt 0.011222 0.96956 
vt 0.144638 0.86805 
vt 0.144258 0.886071 
vt 0.413064 0.88607 
vt 0.430798 0.868051 
vt 0.413064 0.88607 
vt 0.413064 0.929439 
vt 0.430798 0.929439 
vt 0.430798 0.876855 
vt 0.099254 0.911678 
vt 0.099254 0.929439 
vt 0.144258 0.886071 
vt 0.139776 0.86805 
vt 0.413064 0.94635 
vt 0.430798 0.95306 
vt 0.413064 0.94635 
vt 0.099254 0.94635 
vt 0.099254 0.961856 
vt 0.430798 0.961856 
vt 0.099254 0.961856 
vt 0.099254 0.94635 
vt 0.023535 0.94635 
vt 0.023535 0.961856 
vt 0.007693 0.953763 
vt 0.023535 0.94635 
vt 0.023535 0.929439 
vt 0.007693 0.919605 
vt 0.023535 0.929439 
vt 0.099254 0.929439 
vt 0.099254 0.911678 
vt 0.023535 0.911678 

usemtl Handle1Mtl

f 1/1/1 2/2/2 3/3/3 
f 3/3/3 4/4/4 1/1/1 
f 4/4/4 3/3/3 5/5/5 
f 5/5/5 6/6/6 4/4/4 
f 7/7/7 8/8/8 9/9/9 
f 9/9/9 10/10/10 7/7/7 
f 10/10/10 9/9/9 11/11/11 
f 11/11/11 12/12/12 10/10/10 
f 12/12/12 11/11/11 13/13/13 
f 13/13/13 14/14/14 12/12/12 
f 14/14/14 13/13/13 2/2/2 
f 2/2/2 1/1/1 14/14/14 
f 15/15/15 16/16/16 17/17/17 
f 17/17/17 16/16/16 18/18/18 
f 19/19/19 16/16/16 20/20/20 
f 20/20/20 16/16/16 21/21/21 
f 21/21/21 16/16/16 22/22/22 
f 22/22/22 16/16/16 15/15/15 
f 23/23/23 24/24/24 25/25/25 
f 25/25/25 26/26/26 23/23/23 
f 26/26/26 25/25/25 27/27/27 
f 27/27/27 28/28/28 26/26/26 
f 29/29/29 30/30/30 31/31/31 
f 31/31/31 32/32/32 29/29/29 
f 32/32/32 31/31/31 33/33/33 
f 33/33/33 34/34/34 32/32/32 
f 34/34/34 33/33/33 35/35/35 
f 35/35/35 36/36/36 34/34/34 
f 36/36/36 35/35/35 24/24/24 
f 24/24/24 23/23/23 36/36/36 
f 37/37/37 38/38/38 39/39/39 
f 39/39/39 40/40/40 37/37/37 
f 38/38/38 6/6/6 5/5/5 
f 5/5/5 39/39/39 38/38/38 
f 7/7/7 41/41/41 42/42/42 
f 42/42/42 8/8/8 7/7/7 
f 41/41/41 43/43/43 44/44/44 
f 44/44/44 42/42/42 41/41/41 
f 43/43/43 45/45/45 46/46/46 
f 46/46/46 44/44/44 43/43/43 
f 45/45/45 37/37/37 40/40/40 
f 40/40/40 46/46/46 45/45/45 
f 47/47/47 48/48/48 16/16/16 
f 48/48/48 18/18/18 16/16/16 
f 49/49/49 50/50/50 16/16/16 
f 50/50/50 51/51/51 16/16/16 
f 51/51/51 52/52/52 16/16/16 
f 52/52/52 47/47/47 16/16/16 
f 53/53/53 54/54/54 55/55/55 
f 55/55/55 56/56/56 53/53/53 
f 54/54/54 57/57/57 58/58/58 
f 58/58/58 55/55/55 54/54/54 
f 59/59/59 60/60/60 61/61/61 
f 61/61/61 62/62/62 59/59/59 
f 60/60/60 63/63/63 64/64/64 
f 64/64/64 61/61/61 60/60/60 
f 63/63/63 65/65/65 66/66/66 
f 66/66/66 64/64/64 63/63/63 
f 65/65/65 53/53/53 56/56/56 
f 56/56/56 66/66/66 65/65/65 
f 67/67/67 68/68/68 69/69/69 
f 69/69/69 70/70/70 67/67/67 
f 71/71/71 72/72/72 73/73/73 
f 73/73/73 74/74/74 71/71/71 
f 75/75/75 76/76/76 77/77/77 
f 77/77/77 78/78/78 75/75/75 
f 79/79/79 80/80/80 81/81/81 
f 81/81/81 82/82/82 79/79/79 
f 81/81/81 80/80/80 83/83/83 
f 83/83/83 84/84/84 81/81/81 
f 85/85/85 86/86/86 87/87/87 
f 87/87/87 88/88/88 85/85/85 
f 89/89/89 90/90/90 91/91/91 
f 91/91/91 92/92/92 89/89/89 
f 93/93/93 94/94/94 95/95/95 
f 95/95/95 96/96/96 93/93/93 
f 84/84/84 83/83/83 94/94/94 
f 94/94/94 93/93/93 84/84/84 
f 90/90/90 97/97/97 98/98/98 
f 98/98/98 91/91/91 90/90/90 
f 96/96/96 95/95/95 99/99/99 
f 99/99/99 100/100/100 96/96/96 
f 101/101/101 102/102/102 103/103/103 
f 103/103/103 104/104/104 101/101/101 
f 105/105/105 106/106/106 107/107/107 
f 107/107/107 108/108/108 105/105/105 
f 105/105/105 108/108/108 86/86/86 
f 86/86/86 85/85/85 105/105/105 
f 109/109/109 110/110/110 107/107/107 
f 107/107/107 106/106/106 109/109/109 
f 74/74/74 77/77/77 76/76/76 
f 76/76/76 71/71/71 74/74/74 
f 102/102/102 73/73/73 72/72/72 
f 72/72/72 103/103/103 102/102/102 
f 111/111/111 112/112/112 113/113/113 
f 113/113/113 114/114/114 111/111/111 
f 115/115/115 116/116/116 117/117/117 
f 117/117/117 118/118/118 115/115/115 
f 119/119/119 120/120/120 121/121/121 
f 121/121/121 122/122/122 119/119/119 
f 123/123/123 124/124/124 125/125/125 
f 125/125/125 126/126/126 123/123/123 
f 127/127/127 128/128/128 129/129/129 
f 129/129/129 130/130/130 127/127/127 
f 131/131/131 132/132/132 133/133/133 
f 133/133/133 134/134/134 131/131/131 
f 135/135/135 136/136/136 137/137/137 
f 137/137/137 138/138/138 135/135/135 
f 139/139/139 140/140/140 141/141/141 
f 141/141/141 142/142/142 139/139/139 
f 143/143/143 144/144/144 145/145/145 
f 145/145/145 146/146/146 143/143/143 
f 147/147/147 148/148/148 149/149/149 
f 149/149/149 131/131/131 147/147/147 
f 150/150/150 151/151/151 152/152/152 
f 152/152/152 153/153/153 150/150/150 
f 154/154/154 155/155/155 156/156/156 
f 156/156/156 157/157/157 154/154/154 
f 153/153/153 152/152/152 128/128/128 
f 128/128/128 127/127/127 153/153/153 
f 158/158/158 159/159/159 155/155/155 
f 155/155/155 154/154/154 158/158/158 
f 157/157/157 156/156/156 160/160/160 
f 160/160/160 137/137/137 157/157/157 
f 161/161/161 162/162/162 163/163/163 
f 163/163/163 164/164/164 161/161/161 
f 165/165/165 166/166/166 167/167/167 
f 167/167/167 168/168/168 165/165/165 
f 169/169/169 170/170/170 171/171/171 
f 171/171/171 172/172/172 169/169/169 
f 173/173/173 174/174/174 175/175/175 
f 175/175/175 176/176/176 173/173/173 
f 177/177/177 178/178/178 179/179/179 
f 179/179/179 180/180/180 177/177/177 
f 134/134/134 133/133/133 174/174/174 
f 174/174/174 173/173/173 134/134/134 
f 181/181/181 182/182/182 170/170/170 
f 170/170/170 169/169/169 181/181/181 
f 176/176/176 175/175/175 183/183/183 
f 183/183/183 184/184/184 176/176/176 
f 185/185/185 186/186/186 187/187/187 
f 187/187/187 188/188/188 185/185/185 
f 111/111/111 114/114/114 116/116/116 
f 116/116/116 115/115/115 111/111/111 
f 122/122/122 121/121/121 187/187/187 
f 187/187/187 186/186/186 122/122/122 
f 164/164/164 163/163/163 113/113/113 
f 113/113/113 112/112/112 164/164/164 
f 185/185/185 188/188/188 166/166/166 
f 166/166/166 165/165/165 185/185/185 
f 189/189/189 190/190/190 191/191/191 
f 191/191/191 192/192/192 189/189/189 
f 193/193/193 194/194/194 195/195/195 
f 195/195/195 196/196/196 193/193/193 
f 197/197/197 198/198/198 199/199/199 
f 199/199/199 200/200/200 197/197/197 
f 201/201/201 202/202/202 203/203/203 
f 203/203/203 204/204/204 201/201/201 
f 205/205/205 206/206/206 207/207/207 
f 207/207/207 208/208/208 205/205/205 
f 209/209/209 210/210/210 211/211/211 
f 211/211/211 212/212/212 209/209/209 
f 213/213/213 214/214/214 215/215/215 
f 215/215/215 216/216/216 213/213/213 
f 217/217/217 218/218/218 219/219/219 
f 219/219/219 220/220/220 217/217/217 
f 87/87/87 221/221/221 222/222/222 
f 222/222/222 88/88/88 87/87/87 
f 99/99/99 223/223/223 100/100/100 
f 224/224/224 225/225/225 226/226/226 
f 226/226/226 227/227/227 224/224/224 
f 228/228/228 229/229/229 230/230/230 
f 230/230/230 231/231/231 228/228/228 
f 232/232/232 233/233/233 151/151/151 
f 151/151/151 150/150/150 232/232/232 
f 234/234/234 235/235/235 236/236/236 
f 236/236/236 237/237/237 234/234/234 
f 238/238/238 239/239/239 144/144/144 
f 144/144/144 143/143/143 238/238/238 
f 240/240/240 241/241/241 242/242/242 
f 243/243/243 244/244/244 245/245/245 
f 245/245/245 246/246/246 243/243/243 
f 244/244/244 247/247/247 248/248/248 
f 248/248/248 245/245/245 244/244/244 
f 249/249/249 250/250/250 251/251/251 
f 251/251/251 252/252/252 249/249/249 
f 253/253/253 254/254/254 255/255/255 
f 255/255/255 256/256/256 253/253/253 
f 257/257/257 258/258/258 259/259/259 
f 259/259/259 260/260/260 257/257/257 
f 261/261/261 262/262/262 263/263/263 
f 263/263/263 264/264/264 261/261/261 
f 265/265/265 266/266/266 267/267/267 
f 267/267/267 268/268/268 265/265/265 
f 268/268/268 269/269/269 270/270/270 
f 270/270/270 265/265/265 268/268/268 
f 271/271/271 272/272/272 273/273/273 
f 273/273/273 274/274/274 271/271/271 
f 264/264/264 263/263/263 275/275/275 
f 275/275/275 276/276/276 264/264/264 
f 277/277/277 278/278/278 279/279/279 
f 279/279/279 280/280/280 277/277/277 
f 281/281/281 282/282/282 283/283/283 
f 283/283/283 284/284/284 281/281/281 
f 284/284/284 283/283/283 285/285/285 
f 285/285/285 286/286/286 284/284/284 
f 287/287/287 288/288/288 289/289/289 
f 289/289/289 290/290/290 287/287/287 
f 288/288/288 291/291/291 292/292/292 
f 292/292/292 289/289/289 288/288/288 
f 293/293/293 294/294/294 295/295/295 
f 295/295/295 296/296/296 293/293/293 
f 294/294/294 293/293/293 297/297/297 
f 297/297/297 298/298/298 294/294/294 
f 299/299/299 300/300/300 301/301/301 
f 301/301/301 302/302/302 299/299/299 
f 303/303/303 304/304/304 305/305/305 
f 305/305/305 306/306/306 303/303/303 
f 303/303/303 307/307/307 308/308/308 
f 308/308/308 304/304/304 303/303/303 
f 307/307/307 309/309/309 310/310/310 
f 310/310/310 308/308/308 307/307/307 
f 311/311/311 312/312/312 313/313/313 
f 313/313/313 314/314/314 311/311/311 
f 315/315/315 316/316/316 317/317/317 
f 317/317/317 318/318/318 315/315/315 
f 319/319/319 320/320/320 321/321/321 
f 321/321/321 322/322/322 319/319/319 
f 323/323/323 324/324/324 325/325/325 
f 325/325/325 326/326/326 323/323/323 
f 327/327/327 328/328/328 329/329/329 
f 329/329/329 330/330/330 327/327/327 
f 328/328/328 327/327/327 331/331/331 
f 331/331/331 332/332/332 328/328/328 
f 333/333/333 334/334/334 335/335/335 
f 335/335/335 336/336/336 333/333/333 
f 337/337/337 338/338/338 339/339/339 
f 339/339/339 340/340/340 337/337/337 
f 341/341/341 342/342/342 343/343/343 
f 343/343/343 344/344/344 341/341/341 
f 345/345/345 346/346/346 347/347/347 
f 347/347/347 348/348/348 345/345/345 
f 349/349/349 350/350/350 351/351/351 
f 351/351/351 352/352/352 349/349/349 
f 276/276/276 275/275/275 332/332/332 
f 332/332/332 331/331/331 276/276/276 
f 286/286/286 285/285/285 353/353/353 
f 353/353/353 354/354/354 286/286/286 
f 353/353/353 355/355/355 356/356/356 
f 356/356/356 354/354/354 353/353/353 
f 357/357/357 358/358/358 359/359/359 
f 359/359/359 360/360/360 357/357/357 
f 266/266/266 248/248/248 247/247/247 
f 247/247/247 267/267/267 266/266/266 
f 298/298/298 297/297/297 292/292/292 
f 292/292/292 291/291/291 298/298/298 
f 300/300/300 361/361/361 362/362/362 
f 362/362/362 301/301/301 300/300/300 
f 274/274/274 273/273/273 363/363/363 
f 363/363/363 364/364/364 274/274/274 
f 365/365/365 366/366/366 367/367/367 
f 367/367/367 368/368/368 365/365/365 
f 369/369/369 370/370/370 371/371/371 
f 371/371/371 372/372/372 369/369/369 
f 370/370/370 373/373/373 374/374/374 
f 374/374/374 371/371/371 370/370/370 
f 375/375/375 376/376/376 377/377/377 
f 377/377/377 378/378/378 375/375/375 
f 379/379/379 380/380/380 381/381/381 
f 382/382/382 383/383/383 384/384/384 
f 384/384/384 385/385/385 382/382/382 
f 386/386/386 387/387/387 388/388/388 
f 389/389/389 390/390/390 391/391/391 
f 392/392/392 393/393/393 394/394/394 
f 394/394/394 395/395/395 392/392/392 
f 396/396/396 397/397/397 398/398/398 
f 399/399/399 400/400/400 401/401/401 
f 402/402/402 403/403/403 404/404/404 
f 405/405/405 406/406/406 407/407/407 
f 75/75/75 78/78/78 408/408/408 
f 408/408/408 409/409/409 75/75/75 
f 269/269/269 410/410/410 411/411/411 
f 411/411/411 270/270/270 269/269/269 
f 119/119/119 412/412/412 413/413/413 
f 413/413/413 120/120/120 119/119/119 
f 118/118/118 117/117/117 414/414/414 
f 414/414/414 415/415/415 118/118/118 
f 296/296/296 295/295/295 416/416/416 
f 416/416/416 417/417/417 296/296/296 
f 409/409/409 408/408/408 110/110/110 
f 110/110/110 109/109/109 409/409/409 
f 411/411/411 410/410/410 272/272/272 
f 272/272/272 271/271/271 411/411/411 
f 412/412/412 184/184/184 183/183/183 
f 183/183/183 413/413/413 412/412/412 
f 415/415/415 414/414/414 182/182/182 
f 182/182/182 181/181/181 415/415/415 
f 417/417/417 416/416/416 299/299/299 
f 299/299/299 302/302/302 417/417/417 
f 418/418/418 419/419/419 159/159/159 
f 159/159/159 158/158/158 418/418/418 
f 420/420/420 421/421/421 422/422/422 
f 422/422/422 423/423/423 420/420/420 
f 424/424/424 425/425/425 426/426/426 
f 426/426/426 427/427/427 424/424/424 
f 428/428/428 429/429/429 430/430/430 
f 430/430/430 431/431/431 428/428/428 
f 421/421/421 432/432/432 433/433/433 
f 433/433/433 422/422/422 421/421/421 
f 434/434/434 435/435/435 436/436/436 
f 436/436/436 437/437/437 434/434/434 
f 438/438/438 439/439/439 440/440/440 
f 440/440/440 441/441/441 438/438/438 
f 442/442/442 443/443/443 444/444/444 
f 444/444/444 445/445/445 442/442/442 
f 446/446/446 447/447/447 448/448/448 
f 448/448/448 449/449/449 446/446/446 
f 447/447/447 434/434/434 437/437/437 
f 437/437/437 448/448/448 447/447/447 
f 450/450/450 451/451/451 452/452/452 
f 452/452/452 453/453/453 450/450/450 
f 454/454/454 446/446/446 449/449/449 
f 449/449/449 455/455/455 454/454/454 
f 456/456/456 457/457/457 458/458/458 
f 458/458/458 459/459/459 456/456/456 
f 460/460/460 461/461/461 462/462/462 
f 462/462/462 463/463/463 460/460/460 
f 439/439/439 461/461/461 460/460/460 
f 460/460/460 440/440/440 439/439/439 
f 462/462/462 464/464/464 465/465/465 
f 465/465/465 463/463/463 462/462/462 
f 427/427/427 426/426/426 431/431/431 
f 431/431/431 430/430/430 427/427/427 
f 459/459/459 458/458/458 425/425/425 
f 425/425/425 424/424/424 459/459/459 
f 113/113/113 466/466/466 467/467/467 
f 467/467/467 114/114/114 113/113/113 
f 117/117/117 116/116/116 468/468/468 
f 468/468/468 469/469/469 117/117/117 
f 121/121/121 120/120/120 470/470/470 
f 470/470/470 471/471/471 121/121/121 
f 125/125/125 124/124/124 472/472/472 
f 472/472/472 473/473/473 125/125/125 
f 129/129/129 128/128/128 474/474/474 
f 474/474/474 475/475/475 129/129/129 
f 133/133/133 132/132/132 476/476/476 
f 476/476/476 477/477/477 133/133/133 
f 135/135/135 138/138/138 478/478/478 
f 478/478/478 479/479/479 135/135/135 
f 480/480/480 140/140/140 139/139/139 
f 139/139/139 481/481/481 480/480/480 
f 145/145/145 144/144/144 482/482/482 
f 482/482/482 483/483/483 145/145/145 
f 149/149/149 484/484/484 485/485/485 
f 485/485/485 476/476/476 149/149/149 
f 152/152/152 151/151/151 486/486/486 
f 486/486/486 487/487/487 152/152/152 
f 156/156/156 155/155/155 488/488/488 
f 488/488/488 489/489/489 156/156/156 
f 128/128/128 152/152/152 487/487/487 
f 487/487/487 474/474/474 128/128/128 
f 155/155/155 159/159/159 490/490/490 
f 490/490/490 488/488/488 155/155/155 
f 160/160/160 156/156/156 489/489/489 
f 489/489/489 478/478/478 160/160/160 
f 163/163/163 491/491/491 492/492/492 
f 492/492/492 493/493/493 163/163/163 
f 167/167/167 166/166/166 494/494/494 
f 494/494/494 495/495/495 167/167/167 
f 171/171/171 170/170/170 496/496/496 
f 496/496/496 497/497/497 171/171/171 
f 175/175/175 174/174/174 498/498/498 
f 498/498/498 499/499/499 175/175/175 
f 179/179/179 178/178/178 500/500/500 
f 500/500/500 501/501/501 179/179/179 
f 174/174/174 133/133/133 477/477/477 
f 477/477/477 498/498/498 174/174/174 
f 170/170/170 182/182/182 502/502/502 
f 502/502/502 496/496/496 170/170/170 
f 183/183/183 175/175/175 499/499/499 
f 499/499/499 503/503/503 183/183/183 
f 187/187/187 504/504/504 505/505/505 
f 505/505/505 188/188/188 187/187/187 
f 116/116/116 114/114/114 467/467/467 
f 467/467/467 468/468/468 116/116/116 
f 187/187/187 121/121/121 471/471/471 
f 471/471/471 504/504/504 187/187/187 
f 113/113/113 163/163/163 493/493/493 
f 493/493/493 466/466/466 113/113/113 
f 166/166/166 188/188/188 505/505/505 
f 505/505/505 494/494/494 166/166/166 
f 506/506/506 507/507/507 508/508/508 
f 508/508/508 509/509/509 506/506/506 
f 510/510/510 511/511/511 512/512/512 
f 512/512/512 513/513/513 510/510/510 
f 197/197/197 200/200/200 514/514/514 
f 514/514/514 515/515/515 197/197/197 
f 516/516/516 517/517/517 201/201/201 
f 201/201/201 204/204/204 516/516/516 
f 518/518/518 208/208/208 207/207/207 
f 207/207/207 519/519/519 518/518/518 
f 520/520/520 210/210/210 521/521/521 
f 215/215/215 214/214/214 522/522/522 
f 522/522/522 523/523/523 215/215/215 
f 524/524/524 525/525/525 526/526/526 
f 526/526/526 527/527/527 524/524/524 
f 438/438/438 441/441/441 528/528/528 
f 528/528/528 529/529/529 438/438/438 
f 454/454/454 455/455/455 530/530/530 
f 226/226/226 225/225/225 531/531/531 
f 531/531/531 532/532/532 226/226/226 
f 533/533/533 534/534/534 228/228/228 
f 228/228/228 231/231/231 533/533/533 
f 151/151/151 233/233/233 535/535/535 
f 535/535/535 486/486/486 151/151/151 
f 536/536/536 537/537/537 234/234/234 
f 234/234/234 237/237/237 536/536/536 
f 144/144/144 239/239/239 538/538/538 
f 538/538/538 482/482/482 144/144/144 
f 539/539/539 540/540/540 541/541/541 
f 542/542/542 543/543/543 544/544/544 
f 544/544/544 545/545/545 542/542/542 
f 546/546/546 547/547/547 543/543/543 
f 543/543/543 542/542/542 546/546/546 
f 548/548/548 549/549/549 550/550/550 
f 550/550/550 551/551/551 548/548/548 
f 255/255/255 254/254/254 552/552/552 
f 552/552/552 553/553/553 255/255/255 
f 554/554/554 555/555/555 556/556/556 
f 556/556/556 557/557/557 554/554/554 
f 558/558/558 559/559/559 560/560/560 
f 560/560/560 561/561/561 558/558/558 
f 562/562/562 563/563/563 564/564/564 
f 564/564/564 565/565/565 562/562/562 
f 566/566/566 567/567/567 565/565/565 
f 565/565/565 564/564/564 566/566/566 
f 568/568/568 569/569/569 570/570/570 
f 570/570/570 571/571/571 568/568/568 
f 559/559/559 572/572/572 573/573/573 
f 573/573/573 560/560/560 559/559/559 
f 574/574/574 575/575/575 576/576/576 
f 576/576/576 577/577/577 574/574/574 
f 578/578/578 579/579/579 580/580/580 
f 580/580/580 581/581/581 578/578/578 
f 579/579/579 582/582/582 583/583/583 
f 583/583/583 580/580/580 579/579/579 
f 584/584/584 585/585/585 586/586/586 
f 586/586/586 587/587/587 584/584/584 
f 588/588/588 589/589/589 585/585/585 
f 585/585/585 584/584/584 588/588/588 
f 590/590/590 591/591/591 592/592/592 
f 592/592/592 593/593/593 590/590/590 
f 593/593/593 594/594/594 595/595/595 
f 595/595/595 590/590/590 593/593/593 
f 596/596/596 597/597/597 598/598/598 
f 598/598/598 599/599/599 596/596/596 
f 600/600/600 601/601/601 602/602/602 
f 602/602/602 603/603/603 600/600/600 
f 604/604/604 605/605/605 600/600/600 
f 600/600/600 603/603/603 604/604/604 
f 606/606/606 607/607/607 605/605/605 
f 605/605/605 604/604/604 606/606/606 
f 608/608/608 609/609/609 610/610/610 
f 610/610/610 611/611/611 608/608/608 
f 612/612/612 613/613/613 614/614/614 
f 614/614/614 615/615/615 612/612/612 
f 616/616/616 617/617/617 618/618/618 
f 618/618/618 619/619/619 616/616/616 
f 620/620/620 621/621/621 622/622/622 
f 622/622/622 623/623/623 620/620/620 
f 624/624/624 625/625/625 626/626/626 
f 626/626/626 627/627/627 624/624/624 
f 627/627/627 628/628/628 629/629/629 
f 629/629/629 624/624/624 627/627/627 
f 630/630/630 631/631/631 632/632/632 
f 632/632/632 633/633/633 630/630/630 
f 634/634/634 635/635/635 636/636/636 
f 636/636/636 637/637/637 634/634/634 
f 638/638/638 639/639/639 640/640/640 
f 640/640/640 641/641/641 638/638/638 
f 642/642/642 643/643/643 644/644/644 
f 644/644/644 645/645/645 642/642/642 
f 351/351/351 350/350/350 646/646/646 
f 646/646/646 647/647/647 351/351/351 
f 572/572/572 629/629/629 628/628/628 
f 628/628/628 573/573/573 572/572/572 
f 582/582/582 648/648/648 649/649/649 
f 649/649/649 583/583/583 582/582/582 
f 650/650/650 651/651/651 649/649/649 
f 649/649/649 648/648/648 650/650/650 
f 652/652/652 653/653/653 654/654/654 
f 654/654/654 655/655/655 652/652/652 
f 563/563/563 562/562/562 547/547/547 
f 547/547/547 546/546/546 563/563/563 
f 588/588/588 595/595/595 594/594/594 
f 594/594/594 589/589/589 588/588/588 
f 656/656/656 657/657/657 597/597/597 
f 597/597/597 596/596/596 656/656/656 
f 569/569/569 658/658/658 659/659/659 
f 659/659/659 570/570/570 569/569/569 
f 660/660/660 661/661/661 365/365/365 
f 365/365/365 368/368/368 660/660/660 
f 662/662/662 663/663/663 664/664/664 
f 664/664/664 665/665/665 662/662/662 
f 666/666/666 667/667/667 663/663/663 
f 663/663/663 662/662/662 666/666/666 
f 668/668/668 669/669/669 670/670/670 
f 670/670/670 671/671/671 668/668/668 
f 672/672/672 673/673/673 674/674/674 
f 675/675/675 676/676/676 677/677/677 
f 677/677/677 678/678/678 675/675/675 
f 679/679/679 680/680/680 681/681/681 
f 682/682/682 683/683/683 684/684/684 
f 685/685/685 686/686/686 687/687/687 
f 687/687/687 688/688/688 685/685/685 
f 689/689/689 690/690/690 691/691/691 
f 692/692/692 693/693/693 694/694/694 
f 695/695/695 696/696/696 697/697/697 
f 698/698/698 699/699/699 700/700/700 
f 701/701/701 429/429/429 428/428/428 
f 428/428/428 702/702/702 701/701/701 
f 703/703/703 704/704/704 567/567/567 
f 567/567/567 566/566/566 703/703/703 
f 413/413/413 705/705/705 470/470/470 
f 470/470/470 120/120/120 413/413/413 
f 414/414/414 117/117/117 469/469/469 
f 469/469/469 706/706/706 414/414/414 
f 591/591/591 707/707/707 708/708/708 
f 708/708/708 592/592/592 591/591/591 
f 464/464/464 701/701/701 702/702/702 
f 702/702/702 465/465/465 464/464/464 
f 703/703/703 568/568/568 571/571/571 
f 571/571/571 704/704/704 703/703/703 
f 183/183/183 503/503/503 705/705/705 
f 705/705/705 413/413/413 183/183/183 
f 182/182/182 414/414/414 706/706/706 
f 706/706/706 502/502/502 182/182/182 
f 707/707/707 599/599/599 598/598/598 
f 598/598/598 708/708/708 707/707/707 
f 159/159/159 419/419/419 709/709/709 
f 709/709/709 490/490/490 159/159/159 
f 433/433/433 432/432/432 436/436/436 
f 436/436/436 435/435/435 433/433/433 
f 70/70/70 69/69/69 79/79/79 
f 79/79/79 82/82/82 70/70/70 
f 710/710/710 210/210/210 520/520/520 
f 520/520/520 711/711/711 710/710/710 
f 210/210/210 209/209/209 521/521/521 
f 712/712/712 713/713/713 714/714/714 
f 714/714/714 715/715/715 712/712/712 
f 716/716/716 717/717/717 718/718/718 
f 718/718/718 719/719/719 716/716/716 
f 720/720/720 721/721/721 722/722/722 
f 722/722/722 723/723/723 720/720/720 
f 724/724/724 720/720/720 723/723/723 
f 723/723/723 725/725/725 724/724/724 
f 724/724/724 725/725/725 718/718/718 
f 718/718/718 717/717/717 724/724/724 
f 716/716/716 719/719/719 726/726/726 
f 726/726/726 727/727/727 716/716/716 
f 726/726/726 714/714/714 713/713/713 
f 713/713/713 727/727/727 726/726/726 
f 720/720/720 728/728/728 729/729/729 
f 729/729/729 721/721/721 720/720/720 
f 730/730/730 731/731/731 728/728/728 
f 728/728/728 720/720/720 730/730/730 
f 732/732/732 731/731/731 730/730/730 
f 730/730/730 733/733/733 732/732/732 
f 734/734/734 735/735/735 736/736/736 
f 736/736/736 737/737/737 734/734/734 
f 733/733/733 734/734/734 737/737/737 
f 737/737/737 732/732/732 733/733/733 
f 738/738/738 739/739/739 740/740/740 
f 740/740/740 741/741/741 738/738/738 
f 713/713/713 712/712/712 742/742/742 
f 742/742/742 743/743/743 713/713/713 
f 730/730/730 720/720/720 724/724/724 
f 730/730/730 724/724/724 717/717/717 
f 717/717/717 733/733/733 730/730/730 
f 734/734/734 733/733/733 717/717/717 
f 717/717/717 716/716/716 734/734/734 
f 727/727/727 713/713/713 743/743/743 
f 743/743/743 744/744/744 727/727/727 
f 745/745/745 746/746/746 747/747/747 
f 747/747/747 748/748/748 745/745/745 
f 749/749/749 750/750/750 751/751/751 
f 751/751/751 752/752/752 749/749/749 
f 753/753/753 754/754/754 755/755/755 
f 755/755/755 756/756/756 753/753/753 
f 757/757/757 716/716/716 727/727/727 
f 727/727/727 744/744/744 757/757/757 
f 758/758/758 759/759/759 760/760/760 
f 760/760/760 761/761/761 758/758/758 
f 762/762/762 763/763/763 764/764/764 
f 764/764/764 765/765/765 762/762/762 
f 766/766/766 767/767/767 768/768/768 
f 768/768/768 769/769/769 766/766/766 
f 770/770/770 771/771/771 772/772/772 
f 772/772/772 773/773/773 770/770/770 
f 774/774/774 775/775/775 776/776/776 
f 776/776/776 777/777/777 774/774/774 
f 778/778/778 779/779/779 780/780/780 
f 780/780/780 781/781/781 778/778/778 
f 782/782/782 783/783/783 784/784/784 
f 784/784/784 785/785/785 782/782/782 
f 786/786/786 787/787/787 788/788/788 
f 788/788/788 789/789/789 786/786/786 
f 790/790/790 791/791/791 792/792/792 
f 792/792/792 793/793/793 790/790/790 
f 794/794/794 795/795/795 796/796/796 
f 796/796/796 797/797/797 794/794/794 
f 798/798/798 799/799/799 800/800/800 
f 800/800/800 801/801/801 798/798/798 
f 802/802/802 803/803/803 804/804/804 
f 804/804/804 805/805/805 802/802/802 
f 806/806/806 807/807/807 808/808/808 
f 808/808/808 809/809/809 806/806/806 
f 810/810/810 811/811/811 812/812/812 
f 812/812/812 813/813/813 810/810/810 
f 814/814/814 815/815/815 816/816/816 
f 816/816/816 817/817/817 814/814/814 
f 818/818/818 819/819/819 820/820/820 
f 820/820/820 821/821/821 818/818/818 
f 822/822/822 823/823/823 824/824/824 
f 824/824/824 825/825/825 822/822/822 
f 826/826/826 827/827/827 828/828/828 
f 828/828/828 829/829/829 826/826/826 
f 830/830/830 831/831/831 832/832/832 
f 832/832/832 833/833/833 830/830/830 
f 834/834/834 835/835/835 836/836/836 
f 836/836/836 837/837/837 834/834/834 
f 838/838/838 839/839/839 840/840/840 
f 840/840/840 841/841/841 838/838/838 
f 842/842/842 843/843/843 844/844/844 
f 844/844/844 845/845/845 842/842/842 
f 846/846/846 847/847/847 848/848/848 
f 848/848/848 849/849/849 846/846/846 
f 850/850/850 851/851/851 852/852/852 
f 852/852/852 853/853/853 850/850/850 
f 854/854/854 855/855/855 856/856/856 
f 856/856/856 857/857/857 854/854/854 
f 858/858/858 859/859/859 860/860/860 
f 860/860/860 861/861/861 858/858/858 
f 862/862/862 863/863/863 864/864/864 
f 864/864/864 865/865/865 862/862/862 
f 866/866/866 867/867/867 868/868/868 
f 868/868/868 869/869/869 866/866/866 
f 870/870/870 871/871/871 872/872/872 
f 872/872/872 873/873/873 870/870/870 
f 874/874/874 875/875/875 876/876/876 
f 876/876/876 877/877/877 874/874/874 
f 878/878/878 879/879/879 880/880/880 
f 880/880/880 881/881/881 878/878/878 
f 882/882/882 883/883/883 884/884/884 
f 884/884/884 885/885/885 882/882/882 
f 886/886/886 887/887/887 888/888/888 
f 888/888/888 889/889/889 886/886/886 
f 890/890/890 891/891/891 892/892/892 
f 892/892/892 893/893/893 890/890/890 
f 894/894/894 895/895/895 896/896/896 
f 896/896/896 897/897/897 894/894/894 
f 898/898/898 899/899/899 900/900/900 
f 900/900/900 901/901/901 898/898/898 
f 902/902/902 903/903/903 904/904/904 
f 904/904/904 905/905/905 902/902/902 
f 906/906/906 907/907/907 908/908/908 
f 908/908/908 909/909/909 906/906/906 
f 910/910/910 911/911/911 907/907/907 
f 907/907/907 906/906/906 910/910/910 
f 912/912/912 913/913/913 914/914/914 
f 914/914/914 915/915/915 912/912/912 
f 916/916/916 917/917/917 918/918/918 
f 919/919/919 920/920/920 921/921/921 
f 922/922/922 923/923/923 924/924/924 
f 925/925/925 926/926/926 927/927/927 
f 928/928/928 929/929/929 930/930/930 
f 930/930/930 931/931/931 928/928/928 
f 932/932/932 933/933/933 934/934/934 
f 935/935/935 936/936/936 937/937/937 
f 938/938/938 939/939/939 940/940/940 
f 940/940/940 941/941/941 938/938/938 
f 942/942/942 943/943/943 944/944/944 
f 944/944/944 945/945/945 942/942/942 
f 946/946/946 947/947/947 948/948/948 
f 948/948/948 949/949/949 946/946/946 
f 950/950/950 951/951/951 947/947/947 
f 947/947/947 946/946/946 950/950/950 
f 944/944/944 951/951/951 950/950/950 
f 950/950/950 945/945/945 944/944/944 
f 952/952/952 943/943/943 942/942/942 
f 942/942/942 953/953/953 952/952/952 
f 941/941/941 940/940/940 952/952/952 
f 952/952/952 953/953/953 941/941/941 
f 946/946/946 949/949/949 954/954/954 
f 954/954/954 955/955/955 946/946/946 
f 956/956/956 946/946/946 955/955/955 
f 955/955/955 957/957/957 956/956/956 
f 956/956/956 957/957/957 958/958/958 
f 958/958/958 959/959/959 956/956/956 
f 960/960/960 961/961/961 962/962/962 
f 962/962/962 963/963/963 960/960/960 
f 963/963/963 962/962/962 959/959/959 
f 959/959/959 958/958/958 963/963/963 
f 964/964/964 739/739/739 738/738/738 
f 738/738/738 965/965/965 964/964/964 
f 966/966/966 938/938/938 941/941/941 
f 941/941/941 967/967/967 966/966/966 
f 956/956/956 950/950/950 946/946/946 
f 945/945/945 950/950/950 956/956/956 
f 956/956/956 959/959/959 945/945/945 
f 962/962/962 942/942/942 945/945/945 
f 945/945/945 959/959/959 962/962/962 
f 967/967/967 941/941/941 953/953/953 
f 953/953/953 968/968/968 967/967/967 
f 969/969/969 746/746/746 745/745/745 
f 745/745/745 970/970/970 969/969/969 
f 971/971/971 750/750/750 749/749/749 
f 749/749/749 972/972/972 971/971/971 
f 973/973/973 754/754/754 753/753/753 
f 753/753/753 974/974/974 973/973/973 
f 975/975/975 942/942/942 962/962/962 
f 962/962/962 961/961/961 975/975/975 
f 760/760/760 976/976/976 977/977/977 
f 977/977/977 761/761/761 760/760/760 
f 978/978/978 979/979/979 980/980/980 
f 980/980/980 981/981/981 978/978/978 
f 768/768/768 982/982/982 983/983/983 
f 983/983/983 769/769/769 768/768/768 
f 984/984/984 771/771/771 770/770/770 
f 770/770/770 985/985/985 984/984/984 
f 986/986/986 987/987/987 774/774/774 
f 774/774/774 777/777/777 986/986/986 
f 780/780/780 988/988/988 989/989/989 
f 989/989/989 781/781/781 780/780/780 
f 784/784/784 990/990/990 991/991/991 
f 991/991/991 785/785/785 784/784/784 
f 992/992/992 787/787/787 786/786/786 
f 786/786/786 993/993/993 992/992/992 
f 792/792/792 994/994/994 995/995/995 
f 995/995/995 793/793/793 792/792/792 
f 996/996/996 997/997/997 794/794/794 
f 794/794/794 797/797/797 996/996/996 
f 800/800/800 998/998/998 999/999/999 
f 999/999/999 801/801/801 800/800/800 
f 1000/1000/1000 803/803/803 802/802/802 
f 802/802/802 1001/1001/1001 1000/1000/1000 
f 1002/1002/1002 807/807/807 806/806/806 
f 806/806/806 1003/1003/1003 1002/1002/1002 
f 812/812/812 1004/1004/1004 1005/1005/1005 
f 1005/1005/1005 813/813/813 812/812/812 
f 816/816/816 1006/1006/1006 1007/1007/1007 
f 1007/1007/1007 817/817/817 816/816/816 
f 1008/1008/1008 1009/1009/1009 1010/1010/1010 
f 1010/1010/1010 1011/1011/1011 1008/1008/1008 
f 1012/1012/1012 1013/1013/1013 1014/1014/1014 
f 1014/1014/1014 1015/1015/1015 1012/1012/1012 
f 1016/1016/1016 827/827/827 826/826/826 
f 826/826/826 1017/1017/1017 1016/1016/1016 
f 1018/1018/1018 1019/1019/1019 1020/1020/1020 
f 1020/1020/1020 1021/1021/1021 1018/1018/1018 
f 1022/1022/1022 1023/1023/1023 1024/1024/1024 
f 1024/1024/1024 1025/1025/1025 1022/1022/1022 
f 1026/1026/1026 1027/1027/1027 1028/1028/1028 
f 1028/1028/1028 1029/1029/1029 1026/1026/1026 
f 1030/1030/1030 843/843/843 842/842/842 
f 842/842/842 1031/1031/1031 1030/1030/1030 
f 1032/1032/1032 1033/1033/1033 1034/1034/1034 
f 1034/1034/1034 1035/1035/1035 1032/1032/1032 
f 1036/1036/1036 851/851/851 850/850/850 
f 850/850/850 1037/1037/1037 1036/1036/1036 
f 1038/1038/1038 1039/1039/1039 1040/1040/1040 
f 1040/1040/1040 1041/1041/1041 1038/1038/1038 
f 1042/1042/1042 1043/1043/1043 1044/1044/1044 
f 1044/1044/1044 1045/1045/1045 1042/1042/1042 
f 1046/1046/1046 863/863/863 862/862/862 
f 862/862/862 1047/1047/1047 1046/1046/1046 
f 1048/1048/1048 1049/1049/1049 1050/1050/1050 
f 1050/1050/1050 1051/1051/1051 1048/1048/1048 
f 1052/1052/1052 1053/1053/1053 1054/1054/1054 
f 1054/1054/1054 1055/1055/1055 1052/1052/1052 
f 1056/1056/1056 1057/1057/1057 1058/1058/1058 
f 1058/1058/1058 1059/1059/1059 1056/1056/1056 
f 1060/1060/1060 1061/1061/1061 1062/1062/1062 
f 1062/1062/1062 1063/1063/1063 1060/1060/1060 
f 1064/1064/1064 1065/1065/1065 1066/1066/1066 
f 1066/1066/1066 1067/1067/1067 1064/1064/1064 
f 1068/1068/1068 1069/1069/1069 1070/1070/1070 
f 1070/1070/1070 1071/1071/1071 1068/1068/1068 
f 1072/1072/1072 891/891/891 890/890/890 
f 890/890/890 1073/1073/1073 1072/1072/1072 
f 1074/1074/1074 1075/1075/1075 1076/1076/1076 
f 1076/1076/1076 1077/1077/1077 1074/1074/1074 
f 1078/1078/1078 899/899/899 898/898/898 
f 898/898/898 1079/1079/1079 1078/1078/1078 
f 1080/1080/1080 1081/1081/1081 1082/1082/1082 
f 1082/1082/1082 1083/1083/1083 1080/1080/1080 
f 1084/1084/1084 1085/1085/1085 1086/1086/1086 
f 1086/1086/1086 1087/1087/1087 1084/1084/1084 
f 1085/1085/1085 1088/1088/1088 1089/1089/1089 
f 1089/1089/1089 1086/1086/1086 1085/1085/1085 
f 1090/1090/1090 1091/1091/1091 1092/1092/1092 
f 1092/1092/1092 1093/1093/1093 1090/1090/1090 
f 1094/1094/1094 1095/1095/1095 1096/1096/1096 
f 1097/1097/1097 1098/1098/1098 1099/1099/1099 
f 1100/1100/1100 1101/1101/1101 1102/1102/1102 
f 1103/1103/1103 1104/1104/1104 1105/1105/1105 
f 1106/1106/1106 1107/1107/1107 1108/1108/1108 
f 1108/1108/1108 1109/1109/1109 1106/1106/1106 
f 1110/1110/1110 1111/1111/1111 1112/1112/1112 
f 1113/1113/1113 1114/1114/1114 1115/1115/1115 
f 975/975/975 968/968/968 953/953/953 
f 953/953/953 942/942/942 975/975/975 
f 734/734/734 716/716/716 757/757/757 
f 757/757/757 735/735/735 734/734/734 
f 1116/1116/1116 1117/1117/1117 1118/1118/1118 
f 1118/1118/1118 1119/1119/1119 1116/1116/1116 
f 1120/1120/1120 1121/1121/1121 1122/1122/1122 
f 1122/1122/1122 1123/1123/1123 1120/1120/1120 
f 1124/1124/1124 1116/1116/1116 1119/1119/1119 
f 1119/1119/1119 1125/1125/1125 1124/1124/1124 
f 1123/1123/1123 1122/1122/1122 1126/1126/1126 
f 1126/1126/1126 1127/1127/1127 1123/1123/1123 
f 1127/1127/1127 1126/1126/1126 1128/1128/1128 
f 1128/1128/1128 1129/1129/1129 1127/1127/1127 
f 1130/1130/1130 1124/1124/1124 1125/1125/1125 
f 1125/1125/1125 1131/1131/1131 1130/1130/1130 
f 1132/1132/1132 1133/1133/1133 1134/1134/1134 
f 1134/1134/1134 1135/1135/1135 1132/1132/1132 
f 1136/1136/1136 1134/1134/1134 1133/1133/1133 
f 1133/1133/1133 1137/1137/1137 1136/1136/1136 
f 1138/1138/1138 1139/1139/1139 1140/1140/1140 
f 1140/1140/1140 1141/1141/1141 1138/1138/1138 
f 1142/1142/1142 1143/1143/1143 1136/1136/1136 
f 1136/1136/1136 1137/1137/1137 1142/1142/1142 
f 1144/1144/1144 1145/1145/1145 1146/1146/1146 
f 1146/1146/1146 1147/1147/1147 1144/1144/1144 
f 1148/1148/1148 1149/1149/1149 1120/1120/1120 
f 1120/1120/1120 1123/1123/1123 1148/1148/1148 
f 1150/1150/1150 1151/1151/1151 1145/1145/1145 
f 1145/1145/1145 1144/1144/1144 1150/1150/1150 
f 1152/1152/1152 1148/1148/1148 1123/1123/1123 
f 1123/1123/1123 1127/1127/1127 1152/1152/1152 
f 1153/1153/1153 1152/1152/1152 1127/1127/1127 
f 1127/1127/1127 1129/1129/1129 1153/1153/1153 
f 1154/1154/1154 1155/1155/1155 1151/1151/1151 
f 1151/1151/1151 1150/1150/1150 1154/1154/1154 
f 1134/1134/1134 1156/1156/1156 1157/1157/1157 
f 1157/1157/1157 1135/1135/1135 1134/1134/1134 
f 1156/1156/1156 1134/1134/1134 1158/1158/1158 
f 1158/1158/1158 1159/1159/1159 1156/1156/1156 
f 1140/1140/1140 1139/1139/1139 1160/1160/1160 
f 1160/1160/1160 1161/1161/1161 1140/1140/1140 
f 1158/1158/1158 1162/1162/1162 1163/1163/1163 
f 1163/1163/1163 1159/1159/1159 1158/1158/1158 
f 1164/1164/1164 1165/1165/1165 1166/1166/1166 
f 1166/1166/1166 1167/1167/1167 1164/1164/1164 
f 1168/1168/1168 1169/1169/1169 1170/1170/1170 
f 1170/1170/1170 1171/1171/1171 1168/1168/1168 
f 1172/1172/1172 1173/1173/1173 1174/1174/1174 
f 1174/1174/1174 1175/1175/1175 1172/1172/1172 
f 1176/1176/1176 1177/1177/1177 1178/1178/1178 
f 1178/1178/1178 1179/1179/1179 1176/1176/1176 
f 1180/1180/1180 1181/1181/1181 1182/1182/1182 
f 1182/1182/1182 1183/1183/1183 1180/1180/1180 
f 1184/1184/1184 1185/1185/1185 1186/1186/1186 
f 1186/1186/1186 1187/1187/1187 1184/1184/1184 
f 1180/1180/1180 1183/1183/1183 1188/1188/1188 
f 1188/1188/1188 1189/1189/1189 1180/1180/1180 
f 1190/1190/1190 1191/1191/1191 1185/1185/1185 
f 1185/1185/1185 1184/1184/1184 1190/1190/1190 
f 1164/1164/1164 1189/1189/1189 1188/1188/1188 
f 1188/1188/1188 1165/1165/1165 1164/1164/1164 
f 1174/1174/1174 1173/1173/1173 1191/1191/1191 
f 1191/1191/1191 1190/1190/1190 1174/1174/1174 
f 1192/1192/1192 1193/1193/1193 1194/1194/1194 
f 1194/1194/1194 1195/1195/1195 1192/1192/1192 
f 1168/1168/1168 1196/1196/1196 1197/1197/1197 
f 1197/1197/1197 1169/1169/1169 1168/1168/1168 
f 1198/1198/1198 1199/1199/1199 1200/1200/1200 
f 1200/1200/1200 1201/1201/1201 1198/1198/1198 
f 1202/1202/1202 1203/1203/1203 1204/1204/1204 
f 1204/1204/1204 1205/1205/1205 1202/1202/1202 
f 1206/1206/1206 1207/1207/1207 1208/1208/1208 
f 1208/1208/1208 1209/1209/1209 1206/1206/1206 
f 1210/1210/1210 1211/1211/1211 1212/1212/1212 
f 1212/1212/1212 1213/1213/1213 1210/1210/1210 
f 1214/1214/1214 1207/1207/1207 1206/1206/1206 
f 1206/1206/1206 1215/1215/1215 1214/1214/1214 
f 1216/1216/1216 1210/1210/1210 1213/1213/1213 
f 1213/1213/1213 1217/1217/1217 1216/1216/1216 
f 1194/1194/1194 1193/1193/1193 1214/1214/1214 
f 1214/1214/1214 1215/1215/1215 1194/1194/1194 
f 1198/1198/1198 1216/1216/1216 1217/1217/1217 
f 1217/1217/1217 1199/1199/1199 1198/1198/1198 
f 1218/1218/1218 1219/1219/1219 1220/1220/1220 
f 1220/1220/1220 1221/1221/1221 1218/1218/1218 
f 1222/1222/1222 1223/1223/1223 1224/1224/1224 
f 1224/1224/1224 1225/1225/1225 1222/1222/1222 
f 1226/1226/1226 1227/1227/1227 1228/1228/1228 
f 1228/1228/1228 1229/1229/1229 1226/1226/1226 
f 1230/1230/1230 1231/1231/1231 1232/1232/1232 
f 1232/1232/1232 1233/1233/1233 1230/1230/1230 
f 1234/1234/1234 1235/1235/1235 1236/1236/1236 
f 1236/1236/1236 1237/1237/1237 1234/1234/1234 
f 1238/1238/1238 1239/1239/1239 1240/1240/1240 
f 1240/1240/1240 1241/1241/1241 1238/1238/1238 
f 1242/1242/1242 1235/1235/1235 1234/1234/1234 
f 1234/1234/1234 1243/1243/1243 1242/1242/1242 
f 1244/1244/1244 1238/1238/1238 1241/1241/1241 
f 1241/1241/1241 1245/1245/1245 1244/1244/1244 
f 1246/1246/1246 1242/1242/1242 1243/1243/1243 
f 1243/1243/1243 1247/1247/1247 1246/1246/1246 
f 1244/1244/1244 1245/1245/1245 1248/1248/1248 
f 1248/1248/1248 1249/1249/1249 1244/1244/1244 
f 1250/1250/1250 1251/1251/1251 1252/1252/1252 
f 1252/1252/1252 1253/1253/1253 1250/1250/1250 
f 1222/1222/1222 1225/1225/1225 1254/1254/1254 
f 1254/1254/1254 1255/1255/1255 1222/1222/1222 
f 1256/1256/1256 1257/1257/1257 1258/1258/1258 
f 1258/1258/1258 1259/1259/1259 1256/1256/1256 
f 1260/1260/1260 1231/1231/1231 1230/1230/1230 
f 1230/1230/1230 1261/1261/1261 1260/1260/1260 
f 1262/1262/1262 1263/1263/1263 1264/1264/1264 
f 1264/1264/1264 1265/1265/1265 1262/1262/1262 
f 1266/1266/1266 1267/1267/1267 1268/1268/1268 
f 1268/1268/1268 1269/1269/1269 1266/1266/1266 
f 1262/1262/1262 1265/1265/1265 1270/1270/1270 
f 1270/1270/1270 1271/1271/1271 1262/1262/1262 
f 1272/1272/1272 1273/1273/1273 1267/1267/1267 
f 1267/1267/1267 1266/1266/1266 1272/1272/1272 
f 1271/1271/1271 1270/1270/1270 1274/1274/1274 
f 1274/1274/1274 1275/1275/1275 1271/1271/1271 
f 1276/1276/1276 1273/1273/1273 1272/1272/1272 
f 1272/1272/1272 1277/1277/1277 1276/1276/1276 
f 1278/1278/1278 1279/1279/1279 1280/1280/1280 
f 1280/1280/1280 1281/1281/1281 1278/1278/1278 
f 1282/1282/1282 1283/1283/1283 1284/1284/1284 
f 1284/1284/1284 1285/1285/1285 1282/1282/1282 
f 1286/1286/1286 1287/1287/1287 1288/1288/1288 
f 1288/1288/1288 1289/1289/1289 1286/1286/1286 
f 1290/1290/1290 1291/1291/1291 1292/1292/1292 
f 1292/1292/1292 1293/1293/1293 1290/1290/1290 
f 1294/1294/1294 1295/1295/1295 1296/1296/1296 
f 1296/1296/1296 1297/1297/1297 1294/1294/1294 
f 1298/1298/1298 1299/1299/1299 1300/1300/1300 
f 1300/1300/1300 1301/1301/1301 1298/1298/1298 
f 1302/1302/1302 1303/1303/1303 1304/1304/1304 
f 1304/1304/1304 1305/1305/1305 1302/1302/1302 
f 1285/1285/1285 1306/1306/1306 1307/1307/1307 
f 1307/1307/1307 1282/1282/1282 1285/1285/1285 
f 1308/1308/1308 1309/1309/1309 1310/1310/1310 
f 1310/1310/1310 1311/1311/1311 1308/1308/1308 
f 1312/1312/1312 1313/1313/1313 1314/1314/1314 
f 1314/1314/1314 1315/1315/1315 1312/1312/1312 
f 1316/1316/1316 1317/1317/1317 1318/1318/1318 
f 1318/1318/1318 1319/1319/1319 1316/1316/1316 
f 1320/1320/1320 1321/1321/1321 1322/1322/1322 
f 1322/1322/1322 1323/1323/1323 1320/1320/1320 
f 1324/1324/1324 1325/1325/1325 1326/1326/1326 
f 1326/1326/1326 1327/1327/1327 1324/1324/1324 
f 1328/1328/1328 1329/1329/1329 1330/1330/1330 
f 1330/1330/1330 1331/1331/1331 1328/1328/1328 
f 1298/1298/1298 1286/1286/1286 1289/1289/1289 
f 1289/1289/1289 1299/1299/1299 1298/1298/1298 
f 1279/1279/1279 1305/1305/1305 1304/1304/1304 
f 1304/1304/1304 1280/1280/1280 1279/1279/1279 
f 1309/1309/1309 1312/1312/1312 1315/1315/1315 
f 1315/1315/1315 1310/1310/1310 1309/1309/1309 
f 1301/1301/1301 1300/1300/1300 1332/1332/1332 
f 1332/1332/1332 1333/1333/1333 1301/1301/1301 
f 1334/1334/1334 1335/1335/1335 1303/1303/1303 
f 1303/1303/1303 1302/1302/1302 1334/1334/1334 
f 1336/1336/1336 1337/1337/1337 1314/1314/1314 
f 1314/1314/1314 1313/1313/1313 1336/1336/1336 
f 1338/1338/1338 1339/1339/1339 1340/1340/1340 
f 1340/1340/1340 1341/1341/1341 1338/1338/1338 
f 1342/1342/1342 1343/1343/1343 1344/1344/1344 
f 1344/1344/1344 1345/1345/1345 1342/1342/1342 
f 1346/1346/1346 1344/1344/1344 1343/1343/1343 
f 1343/1343/1343 1347/1347/1347 1346/1346/1346 
f 1348/1348/1348 1346/1346/1346 1347/1347/1347 
f 1347/1347/1347 1349/1349/1349 1348/1348/1348 
f 1350/1350/1350 1348/1348/1348 1349/1349/1349 
f 1349/1349/1349 1351/1351/1351 1350/1350/1350 
f 1352/1352/1352 1353/1353/1353 1354/1354/1354 
f 1354/1354/1354 1355/1355/1355 1352/1352/1352 
f 1356/1356/1356 1357/1357/1357 1358/1358/1358 
f 1358/1358/1358 1359/1359/1359 1356/1356/1356 
f 1360/1360/1360 1361/1361/1361 1362/1362/1362 
f 1362/1362/1362 1363/1363/1363 1360/1360/1360 
f 1283/1283/1283 1338/1338/1338 1341/1341/1341 
f 1341/1341/1341 1284/1284/1284 1283/1283/1283 
f 1364/1364/1364 1365/1365/1365 1366/1366/1366 
f 1366/1366/1366 1367/1367/1367 1364/1364/1364 
f 1368/1368/1368 1366/1366/1366 1365/1365/1365 
f 1365/1365/1365 1369/1369/1369 1368/1368/1368 
f 1370/1370/1370 1368/1368/1368 1369/1369/1369 
f 1369/1369/1369 1371/1371/1371 1370/1370/1370 
f 1372/1372/1372 1370/1370/1370 1371/1371/1371 
f 1371/1371/1371 1373/1373/1373 1372/1372/1372 
f 1374/1374/1374 1375/1375/1375 1376/1376/1376 
f 1376/1376/1376 1377/1377/1377 1374/1374/1374 
f 1378/1378/1378 1379/1379/1379 1380/1380/1380 
f 1380/1380/1380 1381/1381/1381 1378/1378/1378 
f 1382/1382/1382 1383/1383/1383 1384/1384/1384 
f 1384/1384/1384 1385/1385/1385 1382/1382/1382 
f 1386/1386/1386 1387/1387/1387 1361/1361/1361 
f 1361/1361/1361 1360/1360/1360 1386/1386/1386 
f 1388/1388/1388 1389/1389/1389 1390/1390/1390 
f 1390/1390/1390 1391/1391/1391 1388/1388/1388 
f 1392/1392/1392 1393/1393/1393 1394/1394/1394 
f 1394/1394/1394 1395/1395/1395 1392/1392/1392 
f 1396/1396/1396 1397/1397/1397 1398/1398/1398 
f 1398/1398/1398 1399/1399/1399 1396/1396/1396 
f 1400/1400/1400 1401/1401/1401 1402/1402/1402 
f 1402/1402/1402 1403/1403/1403 1400/1400/1400 
f 1404/1404/1404 1405/1405/1405 1406/1406/1406 
f 1406/1406/1406 1407/1407/1407 1404/1404/1404 
f 1408/1408/1408 1409/1409/1409 1410/1410/1410 
f 1410/1410/1410 1411/1411/1411 1408/1408/1408 
f 1412/1412/1412 1413/1413/1413 1414/1414/1414 
f 1414/1414/1414 1415/1415/1415 1412/1412/1412 
f 1395/1395/1395 1394/1394/1394 1416/1416/1416 
f 1416/1416/1416 1417/1417/1417 1395/1395/1395 
f 1418/1418/1418 1419/1419/1419 1420/1420/1420 
f 1420/1420/1420 1421/1421/1421 1418/1418/1418 
f 1422/1422/1422 1423/1423/1423 1424/1424/1424 
f 1424/1424/1424 1425/1425/1425 1422/1422/1422 
f 1426/1426/1426 1427/1427/1427 1428/1428/1428 
f 1428/1428/1428 1429/1429/1429 1426/1426/1426 
f 1430/1430/1430 1431/1431/1431 1432/1432/1432 
f 1432/1432/1432 1433/1433/1433 1430/1430/1430 
f 1434/1434/1434 1435/1435/1435 1436/1436/1436 
f 1436/1436/1436 1437/1437/1437 1434/1434/1434 
f 1438/1438/1438 1439/1439/1439 1440/1440/1440 
f 1440/1440/1440 1441/1441/1441 1438/1438/1438 
f 1399/1399/1399 1398/1398/1398 1410/1410/1410 
f 1410/1410/1410 1409/1409/1409 1399/1399/1399 
f 1389/1389/1389 1388/1388/1388 1412/1412/1412 
f 1412/1412/1412 1415/1415/1415 1389/1389/1389 
f 1419/1419/1419 1418/1418/1418 1425/1425/1425 
f 1425/1425/1425 1424/1424/1424 1419/1419/1419 
f 1442/1442/1442 1408/1408/1408 1411/1411/1411 
f 1411/1411/1411 1443/1443/1443 1442/1442/1442 
f 1413/1413/1413 1444/1444/1444 1445/1445/1445 
f 1445/1445/1445 1414/1414/1414 1413/1413/1413 
f 1422/1422/1422 1446/1446/1446 1447/1447/1447 
f 1447/1447/1447 1423/1423/1423 1422/1422/1422 
f 1448/1448/1448 1449/1449/1449 1450/1450/1450 
f 1450/1450/1450 1451/1451/1451 1448/1448/1448 
f 1452/1452/1452 1453/1453/1453 1454/1454/1454 
f 1454/1454/1454 1455/1455/1455 1452/1452/1452 
f 1453/1453/1453 1452/1452/1452 1456/1456/1456 
f 1456/1456/1456 1457/1457/1457 1453/1453/1453 
f 1457/1457/1457 1456/1456/1456 1458/1458/1458 
f 1458/1458/1458 1459/1459/1459 1457/1457/1457 
f 1459/1459/1459 1458/1458/1458 1460/1460/1460 
f 1460/1460/1460 1461/1461/1461 1459/1459/1459 
f 1462/1462/1462 1463/1463/1463 1464/1464/1464 
f 1464/1464/1464 1465/1465/1465 1462/1462/1462 
f 1466/1466/1466 1467/1467/1467 1468/1468/1468 
f 1468/1468/1468 1469/1469/1469 1466/1466/1466 
f 1360/1360/1360 1363/1363/1363 1470/1470/1470 
f 1470/1470/1470 1471/1471/1471 1360/1360/1360 
f 1393/1393/1393 1392/1392/1392 1449/1449/1449 
f 1449/1449/1449 1448/1448/1448 1393/1393/1393 
f 1472/1472/1472 1473/1473/1473 1474/1474/1474 
f 1474/1474/1474 1475/1475/1475 1472/1472/1472 
f 1473/1473/1473 1472/1472/1472 1476/1476/1476 
f 1476/1476/1476 1477/1477/1477 1473/1473/1473 
f 1477/1477/1477 1476/1476/1476 1478/1478/1478 
f 1478/1478/1478 1479/1479/1479 1477/1477/1477 
f 1479/1479/1479 1478/1478/1478 1480/1480/1480 
f 1480/1480/1480 1481/1481/1481 1479/1479/1479 
f 1482/1482/1482 1483/1483/1483 1484/1484/1484 
f 1484/1484/1484 1485/1485/1485 1482/1482/1482 
f 1486/1486/1486 1487/1487/1487 1488/1488/1488 
f 1488/1488/1488 1489/1489/1489 1486/1486/1486 
f 1382/1382/1382 1385/1385/1385 1490/1490/1490 
f 1490/1490/1490 1491/1491/1491 1382/1382/1382 
f 1386/1386/1386 1360/1360/1360 1471/1471/1471 
f 1471/1471/1471 1492/1492/1492 1386/1386/1386 
f 1493/1493/1493 1494/1494/1494 1495/1495/1495 
f 1495/1495/1495 1496/1496/1496 1493/1493/1493 
f 1494/1494/1494 1497/1497/1497 1498/1498/1498 
f 1498/1498/1498 1495/1495/1495 1494/1494/1494 
f 1499/1499/1499 1500/1500/1500 1501/1501/1501 
f 1501/1501/1501 1502/1502/1502 1499/1499/1499 
f 1500/1500/1500 1503/1503/1503 1504/1504/1504 
f 1504/1504/1504 1501/1501/1501 1500/1500/1500 
f 1503/1503/1503 1505/1505/1505 1506/1506/1506 
f 1506/1506/1506 1504/1504/1504 1503/1503/1503 
f 1505/1505/1505 1493/1493/1493 1496/1496/1496 
f 1496/1496/1496 1506/1506/1506 1505/1505/1505 
f 1507/1507/1507 1508/1508/1508 1509/1509/1509 
f 1509/1509/1509 1508/1508/1508 1510/1510/1510 
f 1511/1511/1511 1508/1508/1508 1512/1512/1512 
f 1512/1512/1512 1508/1508/1508 1513/1513/1513 
f 1513/1513/1513 1508/1508/1508 1514/1514/1514 
f 1514/1514/1514 1508/1508/1508 1507/1507/1507 
f 1515/1515/1515 1516/1516/1516 1517/1517/1517 
f 1517/1517/1517 1518/1518/1518 1515/1515/1515 
f 1516/1516/1516 1519/1519/1519 1520/1520/1520 
f 1520/1520/1520 1517/1517/1517 1516/1516/1516 
f 1521/1521/1521 1522/1522/1522 1523/1523/1523 
f 1523/1523/1523 1524/1524/1524 1521/1521/1521 
f 1522/1522/1522 1525/1525/1525 1526/1526/1526 
f 1526/1526/1526 1523/1523/1523 1522/1522/1522 
f 1525/1525/1525 1527/1527/1527 1528/1528/1528 
f 1528/1528/1528 1526/1526/1526 1525/1525/1525 
f 1527/1527/1527 1515/1515/1515 1518/1518/1518 
f 1518/1518/1518 1528/1528/1528 1527/1527/1527 
f 1529/1529/1529 1530/1530/1530 1531/1531/1531 
f 1531/1531/1531 1532/1532/1532 1529/1529/1529 
f 1533/1533/1533 1534/1534/1534 1530/1530/1530 
f 1530/1530/1530 1529/1529/1529 1533/1533/1533 
f 1535/1535/1535 1536/1536/1536 1537/1537/1537 
f 1537/1537/1537 1538/1538/1538 1535/1535/1535 
f 1539/1539/1539 1540/1540/1540 1536/1536/1536 
f 1536/1536/1536 1535/1535/1535 1539/1539/1539 
f 1541/1541/1541 1542/1542/1542 1540/1540/1540 
f 1540/1540/1540 1539/1539/1539 1541/1541/1541 
f 1532/1532/1532 1531/1531/1531 1542/1542/1542 
f 1542/1542/1542 1541/1541/1541 1532/1532/1532 
f 1543/1543/1543 1544/1544/1544 1508/1508/1508 
f 1544/1544/1544 1510/1510/1510 1508/1508/1508 
f 1511/1511/1511 1545/1545/1545 1508/1508/1508 
f 1545/1545/1545 1546/1546/1546 1508/1508/1508 
f 1546/1546/1546 1547/1547/1547 1508/1508/1508 
f 1547/1547/1547 1543/1543/1543 1508/1508/1508 
f 1548/1548/1548 1549/1549/1549 1550/1550/1550 
f 1550/1550/1550 1551/1551/1551 1548/1548/1548 
f 1520/1520/1520 1519/1519/1519 1549/1549/1549 
f 1549/1549/1549 1548/1548/1548 1520/1520/1520 
f 1552/1552/1552 1553/1553/1553 1521/1521/1521 
f 1521/1521/1521 1524/1524/1524 1552/1552/1552 
f 1554/1554/1554 1555/1555/1555 1553/1553/1553 
f 1553/1553/1553 1552/1552/1552 1554/1554/1554 
f 1556/1556/1556 1557/1557/1557 1555/1555/1555 
f 1555/1555/1555 1554/1554/1554 1556/1556/1556 
f 1551/1551/1551 1550/1550/1550 1557/1557/1557 
f 1557/1557/1557 1556/1556/1556 1551/1551/1551 
f 1558/1558/1558 1559/1559/1559 1560/1560/1560 
f 1560/1560/1560 1561/1561/1561 1558/1558/1558 
f 1561/1561/1561 1560/1560/1560 1562/1562/1562 
f 1562/1562/1562 1563/1563/1563 1561/1561/1561 
f 1564/1564/1564 1565/1565/1565 1566/1566/1566 
f 1566/1566/1566 1567/1567/1567 1564/1564/1564 
f 1567/1567/1567 1566/1566/1566 1568/1568/1568 
f 1568/1568/1568 1569/1569/1569 1567/1567/1567 
f 1569/1569/1569 1568/1568/1568 1570/1570/1570 
f 1570/1570/1570 1571/1571/1571 1569/1569/1569 
f 1571/1571/1571 1570/1570/1570 1559/1559/1559 
f 1559/1559/1559 1558/1558/1558 1571/1571/1571 
f 1572/1572/1572 1573/1573/1573 1574/1574/1574 
f 1574/1574/1574 1573/1573/1573 1575/1575/1575 
f 1576/1576/1576 1573/1573/1573 1577/1577/1577 
f 1577/1577/1577 1573/1573/1573 1578/1578/1578 
f 1578/1578/1578 1573/1573/1573 1579/1579/1579 
f 1579/1579/1579 1573/1573/1573 1572/1572/1572 
f 1580/1580/1580 1581/1581/1581 1582/1582/1582 
f 1582/1582/1582 1583/1583/1583 1580/1580/1580 
f 1583/1583/1583 1582/1582/1582 1584/1584/1584 
f 1584/1584/1584 1585/1585/1585 1583/1583/1583 
f 1586/1586/1586 1587/1587/1587 1588/1588/1588 
f 1588/1588/1588 1589/1589/1589 1586/1586/1586 
f 1589/1589/1589 1588/1588/1588 1590/1590/1590 
f 1590/1590/1590 1591/1591/1591 1589/1589/1589 
f 1591/1591/1591 1590/1590/1590 1592/1592/1592 
f 1592/1592/1592 1593/1593/1593 1591/1591/1591 
f 1593/1593/1593 1592/1592/1592 1581/1581/1581 
f 1581/1581/1581 1580/1580/1580 1593/1593/1593 
f 1594/1594/1594 1595/1595/1595 1596/1596/1596 
f 1596/1596/1596 1597/1597/1597 1594/1594/1594 
f 1595/1595/1595 1598/1598/1598 1599/1599/1599 
f 1599/1599/1599 1596/1596/1596 1595/1595/1595 
f 1600/1600/1600 1601/1601/1601 1602/1602/1602 
f 1602/1602/1602 1603/1603/1603 1600/1600/1600 
f 1601/1601/1601 1604/1604/1604 1605/1605/1605 
f 1605/1605/1605 1602/1602/1602 1601/1601/1601 
f 1604/1604/1604 1606/1606/1606 1607/1607/1607 
f 1607/1607/1607 1605/1605/1605 1604/1604/1604 
f 1606/1606/1606 1594/1594/1594 1597/1597/1597 
f 1597/1597/1597 1607/1607/1607 1606/1606/1606 
f 1608/1608/1608 1609/1609/1609 1573/1573/1573 
f 1609/1609/1609 1575/1575/1575 1573/1573/1573 
f 1576/1576/1576 1610/1610/1610 1573/1573/1573 
f 1610/1610/1610 1611/1611/1611 1573/1573/1573 
f 1611/1611/1611 1612/1612/1612 1573/1573/1573 
f 1612/1612/1612 1608/1608/1608 1573/1573/1573 
f 1613/1613/1613 1614/1614/1614 1615/1615/1615 
f 1615/1615/1615 1616/1616/1616 1613/1613/1613 
f 1614/1614/1614 1585/1585/1585 1584/1584/1584 
f 1584/1584/1584 1615/1615/1615 1614/1614/1614 
f 1617/1617/1617 1618/1618/1618 1619/1619/1619 
f 1619/1619/1619 1620/1620/1620 1617/1617/1617 
f 1618/1618/1618 1621/1621/1621 1622/1622/1622 
f 1622/1622/1622 1619/1619/1619 1618/1618/1618 
f 1621/1621/1621 1623/1623/1623 1624/1624/1624 
f 1624/1624/1624 1622/1622/1622 1621/1621/1621 
f 1623/1623/1623 1613/1613/1613 1616/1616/1616 
f 1616/1616/1616 1624/1624/1624 1623/1623/1623 
f 1625/1625/1625 1626/1626/1626 1627/1627/1627 
f 1627/1627/1627 1628/1628/1628 1625/1625/1625 
f 1629/1629/1629 1630/1630/1630 1631/1631/1631 
f 1631/1631/1631 1632/1632/1632 1629/1629/1629 
f 1633/1633/1633 1634/1634/1634 1635/1635/1635 
f 1635/1635/1635 1636/1636/1636 1633/1633/1633 
f 1637/1637/1637 1638/1638/1638 1639/1639/1639 
f 1639/1639/1639 1640/1640/1640 1637/1637/1637 
f 1641/1641/1641 1642/1642/1642 1643/1643/1643 
f 1643/1643/1643 1644/1644/1644 1641/1641/1641 
f 1645/1645/1645 1633/1633/1633 1636/1636/1636 
f 1636/1636/1636 1646/1646/1646 1645/1645/1645 
f 1643/1643/1643 1647/1647/1647 1648/1648/1648 
f 1648/1648/1648 1644/1644/1644 1643/1643/1643 
f 1649/1649/1649 1650/1650/1650 1651/1651/1651 
f 1651/1651/1651 1652/1652/1652 1649/1649/1649 
f 1653/1653/1653 1654/1654/1654 1655/1655/1655 
f 1655/1655/1655 1656/1656/1656 1653/1653/1653 
f 1648/1648/1648 1657/1657/1657 1658/1658/1658 
f 1658/1658/1658 1644/1644/1644 1648/1648/1648 
f 1632/1632/1632 1659/1659/1659 1660/1660/1660 
f 1660/1660/1660 1629/1629/1629 1632/1632/1632 
f 1661/1661/1661 1662/1662/1662 1663/1663/1663 
f 1663/1663/1663 1664/1664/1664 1661/1661/1661 
f 1665/1665/1665 1666/1666/1666 1667/1667/1667 
f 1667/1667/1667 1668/1668/1668 1665/1665/1665 
f 1669/1669/1669 1670/1670/1670 1671/1671/1671 
f 1671/1671/1671 1672/1672/1672 1669/1669/1669 
f 1673/1673/1673 1674/1674/1674 1675/1675/1675 
f 1675/1675/1675 1676/1676/1676 1673/1673/1673 
f 1677/1677/1677 1678/1678/1678 1679/1679/1679 
f 1679/1679/1679 1680/1680/1680 1677/1677/1677 
f 1681/1681/1681 1682/1682/1682 1683/1683/1683 
f 1683/1683/1683 1684/1684/1684 1681/1681/1681 
f 1685/1685/1685 1686/1686/1686 1687/1687/1687 
f 1687/1687/1687 1688/1688/1688 1685/1685/1685 
f 1689/1689/1689 1690/1690/1690 1691/1691/1691 
f 1691/1691/1691 1692/1692/1692 1689/1689/1689 
f 1693/1693/1693 1694/1694/1694 1695/1695/1695 
f 1695/1695/1695 1696/1696/1696 1693/1693/1693 
f 1697/1697/1697 1698/1698/1698 1699/1699/1699 
f 1699/1699/1699 1700/1700/1700 1697/1697/1697 
f 1701/1701/1701 1702/1702/1702 1703/1703/1703 
f 1703/1703/1703 1704/1704/1704 1701/1701/1701 
f 1705/1705/1705 1706/1706/1706 1707/1707/1707 
f 1707/1707/1707 1708/1708/1708 1705/1705/1705 
f 1709/1709/1709 1710/1710/1710 1711/1711/1711 
f 1711/1711/1711 1712/1712/1712 1709/1709/1709 
f 1713/1713/1713 1701/1701/1701 1704/1704/1704 
f 1704/1704/1704 1714/1714/1714 1713/1713/1713 
f 1711/1711/1711 1715/1715/1715 1716/1716/1716 
f 1716/1716/1716 1712/1712/1712 1711/1711/1711 
f 1717/1717/1717 1718/1718/1718 1719/1719/1719 
f 1719/1719/1719 1720/1720/1720 1717/1717/1717 
f 1721/1721/1721 1722/1722/1722 1723/1723/1723 
f 1723/1723/1723 1724/1724/1724 1721/1721/1721 
f 1716/1716/1716 1725/1725/1725 1726/1726/1726 
f 1726/1726/1726 1712/1712/1712 1716/1716/1716 
f 1700/1700/1700 1727/1727/1727 1728/1728/1728 
f 1728/1728/1728 1697/1697/1697 1700/1700/1700 
f 1729/1729/1729 1730/1730/1730 1731/1731/1731 
f 1731/1731/1731 1732/1732/1732 1729/1729/1729 
f 1733/1733/1733 1734/1734/1734 1735/1735/1735 
f 1735/1735/1735 1736/1736/1736 1733/1733/1733 
f 1737/1737/1737 1738/1738/1738 1739/1739/1739 
f 1739/1739/1739 1740/1740/1740 1737/1737/1737 
f 1741/1741/1741 1742/1742/1742 1743/1743/1743 
f 1743/1743/1743 1744/1744/1744 1741/1741/1741 
f 1745/1745/1745 1746/1746/1746 1747/1747/1747 
f 1747/1747/1747 1748/1748/1748 1745/1745/1745 
f 1749/1749/1749 1750/1750/1750 1751/1751/1751 
f 1751/1751/1751 1752/1752/1752 1749/1749/1749 
f 1753/1753/1753 1754/1754/1754 1755/1755/1755 
f 1755/1755/1755 1756/1756/1756 1753/1753/1753 
f 1757/1757/1757 1758/1758/1758 1759/1759/1759 
f 1759/1759/1759 1760/1760/1760 1757/1757/1757 
f 1761/1761/1761 1762/1762/1762 1763/1763/1763 
f 1763/1763/1763 1764/1764/1764 1761/1761/1761 
f 1765/1765/1765 1766/1766/1766 1767/1767/1767 
f 1767/1767/1767 1768/1768/1768 1765/1765/1765 
f 1769/1769/1769 1770/1770/1770 1771/1771/1771 
f 1771/1771/1771 1772/1772/1772 1769/1769/1769 
f 1773/1773/1773 1774/1774/1774 1775/1775/1775 
f 1775/1775/1775 1776/1776/1776 1773/1773/1773 
f 1777/1777/1777 1778/1778/1778 1779/1779/1779 
f 1779/1779/1779 1780/1780/1780 1777/1777/1777 
f 1772/1772/1772 1771/1771/1771 1781/1781/1781 
f 1781/1781/1781 1782/1782/1782 1772/1772/1772 
f 1783/1783/1783 1784/1784/1784 1779/1779/1779 
f 1779/1779/1779 1778/1778/1778 1783/1783/1783 
f 1785/1785/1785 1786/1786/1786 1787/1787/1787 
f 1787/1787/1787 1788/1788/1788 1785/1785/1785 
f 1789/1789/1789 1790/1790/1790 1791/1791/1791 
f 1791/1791/1791 1792/1792/1792 1789/1789/1789 
f 1793/1793/1793 1794/1794/1794 1783/1783/1783 
f 1783/1783/1783 1778/1778/1778 1793/1793/1793 
f 1795/1795/1795 1796/1796/1796 1768/1768/1768 
f 1768/1768/1768 1767/1767/1767 1795/1795/1795 
f 1797/1797/1797 1798/1798/1798 1799/1799/1799 
f 1799/1799/1799 1800/1800/1800 1797/1797/1797 
f 1801/1801/1801 1802/1802/1802 1803/1803/1803 
f 1803/1803/1803 1804/1804/1804 1801/1801/1801 
f 1805/1805/1805 1806/1806/1806 1807/1807/1807 
f 1807/1807/1807 1808/1808/1808 1805/1805/1805 
f 1809/1809/1809 1810/1810/1810 1811/1811/1811 
f 1811/1811/1811 1812/1812/1812 1809/1809/1809 
f 1813/1813/1813 1814/1814/1814 1815/1815/1815 
f 1815/1815/1815 1816/1816/1816 1813/1813/1813 
f 1817/1817/1817 1818/1818/1818 1819/1819/1819 
f 1819/1819/1819 1820/1820/1820 1817/1817/1817 
f 1821/1821/1821 1822/1822/1822 1823/1823/1823 
f 1823/1823/1823 1824/1824/1824 1821/1821/1821 
f 1825/1825/1825 1826/1826/1826 1827/1827/1827 
f 1827/1827/1827 1828/1828/1828 1825/1825/1825 
f 1829/1829/1829 1830/1830/1830 1831/1831/1831 
f 1831/1831/1831 1832/1832/1832 1829/1829/1829 
f 1833/1833/1833 1834/1834/1834 1835/1835/1835 
f 1835/1835/1835 1836/1836/1836 1833/1833/1833 
f 1837/1837/1837 1838/1838/1838 1839/1839/1839 
f 1839/1839/1839 1840/1840/1840 1837/1837/1837 
f 1841/1841/1841 1842/1842/1842 1843/1843/1843 
f 1843/1843/1843 1844/1844/1844 1841/1841/1841 
f 1845/1845/1845 1846/1846/1846 1847/1847/1847 
f 1847/1847/1847 1848/1848/1848 1845/1845/1845 
f 1840/1840/1840 1839/1839/1839 1849/1849/1849 
f 1849/1849/1849 1850/1850/1850 1840/1840/1840 
f 1851/1851/1851 1852/1852/1852 1847/1847/1847 
f 1847/1847/1847 1846/1846/1846 1851/1851/1851 
f 1853/1853/1853 1854/1854/1854 1855/1855/1855 
f 1855/1855/1855 1856/1856/1856 1853/1853/1853 
f 1857/1857/1857 1858/1858/1858 1859/1859/1859 
f 1859/1859/1859 1860/1860/1860 1857/1857/1857 
f 1861/1861/1861 1862/1862/1862 1851/1851/1851 
f 1851/1851/1851 1846/1846/1846 1861/1861/1861 
f 1863/1863/1863 1864/1864/1864 1836/1836/1836 
f 1836/1836/1836 1835/1835/1835 1863/1863/1863 
f 1865/1865/1865 1866/1866/1866 1867/1867/1867 
f 1867/1867/1867 1868/1868/1868 1865/1865/1865 
f 1869/1869/1869 1870/1870/1870 1871/1871/1871 
f 1871/1871/1871 1872/1872/1872 1869/1869/1869 
f 1873/1873/1873 1874/1874/1874 1875/1875/1875 
f 1875/1875/1875 1876/1876/1876 1873/1873/1873 
f 1871/1871/1871 1870/1870/1870 1877/1877/1877 
f 1877/1877/1877 1878/1878/1878 1871/1871/1871 
f 1879/1879/1879 1880/1880/1880 1881/1881/1881 
f 1881/1881/1881 1882/1882/1882 1879/1879/1879 
f 1883/1883/1883 1884/1884/1884 1885/1885/1885 
f 1885/1885/1885 1886/1886/1886 1883/1883/1883 
f 1887/1887/1887 1888/1888/1888 1889/1889/1889 
f 1889/1889/1889 1890/1890/1890 1887/1887/1887 
f 1891/1891/1891 1892/1892/1892 1893/1893/1893 
f 1893/1893/1893 1894/1894/1894 1891/1891/1891 

