# This file is brought to you by Roblox Corporation
# Generated by Roblox Studio

mtllib house.mtl

g 1

v 33.1618 2.00018 -298.51 1 1 1 1 
v 33.1618 2.00018 -321.71 1 1 1 1 
v 33.1618 0.000172968 -298.51 1 1 1 1 
v 33.1618 0.000172969 -321.71 1 1 1 1 
v 54.1619 2.00018 -321.71 1 1 1 1 
v 33.1618 2.00018 -321.71 1 1 1 1 
v 54.1619 2.00018 -298.51 1 1 1 1 
v 33.1618 2.00018 -298.51 1 1 1 1 
v 33.1618 2.00018 -321.71 1 1 1 1 
v 54.1619 2.00018 -321.71 1 1 1 1 
v 33.1618 0.000172969 -321.71 1 1 1 1 
v 54.1619 0.000172973 -321.71 1 1 1 1 
v 54.1619 2.00018 -321.71 1 1 1 1 
v 54.1619 2.00018 -298.51 1 1 1 1 
v 54.1619 0.000172973 -321.71 1 1 1 1 
v 54.1619 0.000172973 -298.51 1 1 1 1 
v 54.1619 0.000172973 -298.51 1 1 1 1 
v 33.1618 0.000172968 -298.51 1 1 1 1 
v 54.1619 0.000172973 -321.71 1 1 1 1 
v 33.1618 0.000172969 -321.71 1 1 1 1 
v 54.1619 2.00018 -298.51 1 1 1 1 
v 33.1618 2.00018 -298.51 1 1 1 1 
v 54.1619 0.000172973 -298.51 1 1 1 1 
v 33.1618 0.000172968 -298.51 1 1 1 1 

vn -1 0 0 
vn -1 0 0 
vn -1 0 0 
vn -1 0 0 
vn 0 1 0 
vn 0 1 0 
vn 0 1 0 
vn 0 1 0 
vn 0 0 -1 
vn 0 0 -1 
vn 0 0 -1 
vn 0 0 -1 
vn 1 0 0 
vn 1 0 0 
vn 1 0 0 
vn 1 0 0 
vn 0 -1 0 
vn 0 -1 0 
vn 0 -1 0 
vn 0 -1 0 
vn 0 0 1 
vn 0 0 1 
vn 0 0 1 
vn 0 0 1 

vt 10.275 -1.125 
vt 7.375 -1.125 
vt 10.275 -1.375 
vt 7.375 -1.375 
vt 10 -1.125 
vt 7.375 -1.125 
vt 10 -4.025 
vt 7.375 -4.025 
vt 10 -1.125 
vt 7.375 -1.125 
vt 10 -1.375 
vt 7.375 -1.375 
vt 10.275 -1.125 
vt 7.375 -1.125 
vt 10.275 -1.375 
vt 7.375 -1.375 
vt 10 -1.125 
vt 7.375 -1.125 
vt 10 -4.025 
vt 7.375 -4.025 
vt 10 -1.125 
vt 7.375 -1.125 
vt 10 -1.375 
vt 7.375 -1.375 

usemtl 1Mtl

f 1/1/1 2/2/2 3/3/3 
f 3/3/3 2/2/2 4/4/4 
f 5/5/5 6/6/6 7/7/7 
f 7/7/7 6/6/6 8/8/8 
f 9/9/9 10/10/10 11/11/11 
f 11/11/11 10/10/10 12/12/12 
f 13/13/13 14/14/14 15/15/15 
f 15/15/15 14/14/14 16/16/16 
f 17/17/17 18/18/18 19/19/19 
f 19/19/19 18/18/18 20/20/20 
f 21/21/21 22/22/22 23/23/23 
f 23/23/23 22/22/22 24/24/24 

g Part1

v 51.6454 8.60821 -304.297 1 1 1 1 
v 51.4454 8.60821 -304.297 1 1 1 1 
v 51.6453 2.00819 -304.296 1 1 1 1 
v 51.4453 2.00819 -304.296 1 1 1 1 
v 51.4454 8.60818 -304.846 1 1 1 1 
v 51.4454 8.60821 -304.297 1 1 1 1 
v 51.6454 8.60817 -304.846 1 1 1 1 
v 51.6454 8.60821 -304.297 1 1 1 1 
v 51.4454 8.60821 -304.297 1 1 1 1 
v 51.4454 8.60818 -304.846 1 1 1 1 
v 51.4453 2.00819 -304.296 1 1 1 1 
v 51.4453 2.00816 -304.846 1 1 1 1 
v 51.4454 8.60818 -304.846 1 1 1 1 
v 51.6454 8.60817 -304.846 1 1 1 1 
v 51.4453 2.00816 -304.846 1 1 1 1 
v 51.6453 2.00816 -304.846 1 1 1 1 
v 51.6453 2.00816 -304.846 1 1 1 1 
v 51.6453 2.00819 -304.296 1 1 1 1 
v 51.4453 2.00816 -304.846 1 1 1 1 
v 51.4453 2.00819 -304.296 1 1 1 1 
v 51.6454 8.60817 -304.846 1 1 1 1 
v 51.6454 8.60821 -304.297 1 1 1 1 
v 51.6453 2.00816 -304.846 1 1 1 1 
v 51.6453 2.00819 -304.296 1 1 1 1 

vn 0 0 1 
vn 0 0 1 
vn 0 0 1 
vn 0 0 1 
vn 0 1 0 
vn 0 1 0 
vn 0 1 0 
vn 0 1 0 
vn -1 0 0 
vn -1 0 0 
vn -1 0 0 
vn -1 0 0 
vn 0 0 -1 
vn 0 0 -1 
vn 0 0 -1 
vn 0 0 -1 
vn 0 -1 0 
vn 0 -1 0 
vn 0 -1 0 
vn 0 -1 0 
vn 1 0 0 
vn 1 0 0 
vn 1 0 0 
vn 1 0 0 

vt 0.15 0.25 
vt 0.125 0.25 
vt 0.15 -0.575 
vt 0.125 -0.575 
vt 0.19375 0.25 
vt 0.125 0.25 
vt 0.19375 0.225 
vt 0.125 0.225 
vt 0.19375 0.25 
vt 0.125 0.25 
vt 0.19375 -0.575 
vt 0.125 -0.575 
vt 0.15 0.25 
vt 0.125 0.25 
vt 0.15 -0.575 
vt 0.125 -0.575 
vt 0.19375 0.25 
vt 0.125 0.25 
vt 0.19375 0.225 
vt 0.125 0.225 
vt 0.19375 0.25 
vt 0.125 0.25 
vt 0.19375 -0.575 
vt 0.125 -0.575 

usemtl Part1Mtl

f 25/25/25 26/26/26 27/27/27 
f 27/27/27 26/26/26 28/28/28 
f 29/29/29 30/30/30 31/31/31 
f 31/31/31 30/30/30 32/32/32 
f 33/33/33 34/34/34 35/35/35 
f 35/35/35 34/34/34 36/36/36 
f 37/37/37 38/38/38 39/39/39 
f 39/39/39 38/38/38 40/40/40 
f 41/41/41 42/42/42 43/43/43 
f 43/43/43 42/42/42 44/44/44 
f 45/45/45 46/46/46 47/47/47 
f 47/47/47 46/46/46 48/48/48 

g Part2

v 40.4448 8.60808 -314.297 1 1 1 1 
v 36.2448 8.60816 -314.297 1 1 1 1 
v 40.4448 8.40808 -314.297 1 1 1 1 
v 36.2448 8.40816 -314.297 1 1 1 1 
v 36.2448 8.60812 -314.847 1 1 1 1 
v 36.2448 8.60816 -314.297 1 1 1 1 
v 40.4448 8.60804 -314.847 1 1 1 1 
v 40.4448 8.60808 -314.297 1 1 1 1 
v 36.2448 8.60816 -314.297 1 1 1 1 
v 36.2448 8.60812 -314.847 1 1 1 1 
v 36.2448 8.40816 -314.297 1 1 1 1 
v 36.2448 8.40812 -314.847 1 1 1 1 
v 36.2448 8.60812 -314.847 1 1 1 1 
v 40.4448 8.60804 -314.847 1 1 1 1 
v 36.2448 8.40812 -314.847 1 1 1 1 
v 40.4448 8.40804 -314.847 1 1 1 1 
v 40.4448 8.40804 -314.847 1 1 1 1 
v 40.4448 8.40808 -314.297 1 1 1 1 
v 36.2448 8.40812 -314.847 1 1 1 1 
v 36.2448 8.40816 -314.297 1 1 1 1 
v 40.4448 8.60804 -314.847 1 1 1 1 
v 40.4448 8.60808 -314.297 1 1 1 1 
v 40.4448 8.40804 -314.847 1 1 1 1 
v 40.4448 8.40808 -314.297 1 1 1 1 

vn 0 0 1 
vn 0 0 1 
vn 0 0 1 
vn 0 0 1 
vn 0 1 0 
vn 0 1 0 
vn 0 1 0 
vn 0 1 0 
vn -1 0 0 
vn -1 0 0 
vn -1 0 0 
vn -1 0 0 
vn 0 0 -1 
vn 0 0 -1 
vn 0 0 -1 
vn 0 0 -1 
vn 0 -1 0 
vn 0 -1 0 
vn 0 -1 0 
vn 0 -1 0 
vn 1 0 0 
vn 1 0 0 
vn 1 0 0 
vn 1 0 0 

vt 6.15 -6.125 
vt 5.625 -6.125 
vt 6.15 -6.15 
vt 5.625 -6.15 
vt 5.69375 -6.125 
vt 5.625 -6.125 
vt 5.69375 -6.65 
vt 5.625 -6.65 
vt 5.69375 -6.125 
vt 5.625 -6.125 
vt 5.69375 -6.15 
vt 5.625 -6.15 
vt 6.15 -6.125 
vt 5.625 -6.125 
vt 6.15 -6.15 
vt 5.625 -6.15 
vt 5.69375 -6.125 
vt 5.625 -6.125 
vt 5.69375 -6.65 
vt 5.625 -6.65 
vt 5.69375 -6.125 
vt 5.625 -6.125 
vt 5.69375 -6.15 
vt 5.625 -6.15 

usemtl Part1Mtl

f 49/49/49 50/50/50 51/51/51 
f 51/51/51 50/50/50 52/52/52 
f 53/53/53 54/54/54 55/55/55 
f 55/55/55 54/54/54 56/56/56 
f 57/57/57 58/58/58 59/59/59 
f 59/59/59 58/58/58 60/60/60 
f 61/61/61 62/62/62 63/63/63 
f 63/63/63 62/62/62 64/64/64 
f 65/65/65 66/66/66 67/67/67 
f 67/67/67 66/66/66 68/68/68 
f 69/69/69 70/70/70 71/71/71 
f 71/71/71 70/70/70 72/72/72 

g Part3

v 33.1438 11.8082 -315.916 1 1 1 1 
v 33.1438 11.8082 -314.826 1 1 1 1 
v 33.1432 2.00815 -315.916 1 1 1 1 
v 33.1432 2.00815 -314.826 1 1 1 1 
v 32.9638 11.8082 -314.826 1 1 1 1 
v 33.1438 11.8082 -314.826 1 1 1 1 
v 32.9638 11.8082 -315.916 1 1 1 1 
v 33.1438 11.8082 -315.916 1 1 1 1 
v 33.1438 11.8082 -314.826 1 1 1 1 
v 32.9638 11.8082 -314.826 1 1 1 1 
v 33.1432 2.00815 -314.826 1 1 1 1 
v 32.9632 2.00816 -314.826 1 1 1 1 
v 32.9638 11.8082 -314.826 1 1 1 1 
v 32.9638 11.8082 -315.916 1 1 1 1 
v 32.9632 2.00816 -314.826 1 1 1 1 
v 32.9632 2.00816 -315.916 1 1 1 1 
v 32.9632 2.00816 -315.916 1 1 1 1 
v 33.1432 2.00815 -315.916 1 1 1 1 
v 32.9632 2.00816 -314.826 1 1 1 1 
v 33.1432 2.00815 -314.826 1 1 1 1 
v 32.9638 11.8082 -315.916 1 1 1 1 
v 33.1438 11.8082 -315.916 1 1 1 1 
v 32.9632 2.00816 -315.916 1 1 1 1 
v 33.1432 2.00815 -315.916 1 1 1 1 

vn 1 0 0 
vn 1 0 0 
vn 1 0 0 
vn 1 0 0 
vn 0 1 0 
vn 0 1 0 
vn 0 1 0 
vn 0 1 0 
vn 0 0 1 
vn 0 0 1 
vn 0 0 1 
vn 0 0 1 
vn -1 0 0 
vn -1 0 0 
vn -1 0 0 
vn -1 0 0 
vn 0 -1 0 
vn 0 -1 0 
vn 0 -1 0 
vn 0 -1 0 
vn 0 0 -1 
vn 0 0 -1 
vn 0 0 -1 
vn 0 0 -1 

vt 6.51125 -6 
vt 6.375 -6 
vt 6.51125 -7.225 
vt 6.375 -7.225 
vt 6.3975 -6 
vt 6.375 -6 
vt 6.3975 -6.13625 
vt 6.375 -6.13625 
vt 6.3975 -6 
vt 6.375 -6 
vt 6.3975 -7.225 
vt 6.375 -7.225 
vt 6.51125 -6 
vt 6.375 -6 
vt 6.51125 -7.225 
vt 6.375 -7.225 
vt 6.3975 -6 
vt 6.375 -6 
vt 6.3975 -6.13625 
vt 6.375 -6.13625 
vt 6.3975 -6 
vt 6.375 -6 
vt 6.3975 -7.225 
vt 6.375 -7.225 

usemtl Part1Mtl

f 73/73/73 74/74/74 75/75/75 
f 75/75/75 74/74/74 76/76/76 
f 77/77/77 78/78/78 79/79/79 
f 79/79/79 78/78/78 80/80/80 
f 81/81/81 82/82/82 83/83/83 
f 83/83/83 82/82/82 84/84/84 
f 85/85/85 86/86/86 87/87/87 
f 87/87/87 86/86/86 88/88/88 
f 89/89/89 90/90/90 91/91/91 
f 91/91/91 90/90/90 92/92/92 
f 93/93/93 94/94/94 95/95/95 
f 95/95/95 94/94/94 96/96/96 

g Part4

v 33.1488 11.8082 -315.916 1 1 1 1 
v 33.1488 11.8082 -314.826 1 1 1 1 
v 33.1482 2.00815 -315.916 1 1 1 1 
v 33.1482 2.00815 -314.826 1 1 1 1 

vn 1 0 0 
vn 1 0 0 
vn 1 0 0 
vn 1 0 0 

vt 0.545009 1 
vt 0 1 
vt 0.545009 -3.9 
vt 0 -3.9 

usemtl Part4Mtl

f 97/97/97 98/98/98 99/99/99 
f 99/99/99 98/98/98 100/100/100 

g Part5

v 53.9504 9.00766 -298.258 1 1 1 1 
v 51.3204 9.00788 -298.257 1 1 1 1 
v 53.9501 4.40765 -298.258 1 1 1 1 
v 51.32 4.40786 -298.257 1 1 1 1 
v 51.3204 9.00788 -298.507 1 1 1 1 
v 51.3204 9.00788 -298.257 1 1 1 1 
v 53.9504 9.00766 -298.508 1 1 1 1 
v 53.9504 9.00766 -298.258 1 1 1 1 
v 51.3204 9.00788 -298.257 1 1 1 1 
v 51.3204 9.00788 -298.507 1 1 1 1 
v 51.32 4.40786 -298.257 1 1 1 1 
v 51.32 4.40786 -298.507 1 1 1 1 
v 51.3204 9.00788 -298.507 1 1 1 1 
v 53.9504 9.00766 -298.508 1 1 1 1 
v 51.32 4.40786 -298.507 1 1 1 1 
v 53.9501 4.40765 -298.508 1 1 1 1 
v 53.9501 4.40765 -298.508 1 1 1 1 
v 53.9501 4.40765 -298.258 1 1 1 1 
v 51.32 4.40786 -298.507 1 1 1 1 
v 51.32 4.40786 -298.257 1 1 1 1 
v 53.9504 9.00766 -298.508 1 1 1 1 
v 53.9504 9.00766 -298.258 1 1 1 1 
v 53.9501 4.40765 -298.508 1 1 1 1 
v 53.9501 4.40765 -298.258 1 1 1 1 

vn 0 0 1 
vn 0 0 1 
vn 0 0 1 
vn 0 0 1 
vn 0 1 0 
vn 0 1 0 
vn 0 1 0 
vn 0 1 0 
vn -1 0 0 
vn -1 0 0 
vn -1 0 0 
vn -1 0 0 
vn 0 0 -1 
vn 0 0 -1 
vn 0 0 -1 
vn 0 0 -1 
vn 0 -1 0 
vn 0 -1 0 
vn 0 -1 0 
vn 0 -1 0 
vn 1 0 0 
vn 1 0 0 
vn 1 0 0 
vn 1 0 0 

vt 7.82875 0.5 
vt 7.5 0.5 
vt 7.82875 -0.0750005 
vt 7.5 -0.0750005 
vt 7.53125 0.5 
vt 7.5 0.5 
vt 7.53125 0.171248 
vt 7.5 0.171248 
vt 7.53125 0.5 
vt 7.5 0.5 
vt 7.53125 -0.0750005 
vt 7.5 -0.0750005 
vt 7.82875 0.5 
vt 7.5 0.5 
vt 7.82875 -0.0750005 
vt 7.5 -0.0750005 
vt 7.53125 0.5 
vt 7.5 0.5 
vt 7.53125 0.171248 
vt 7.5 0.171248 
vt 7.53125 0.5 
vt 7.5 0.5 
vt 7.53125 -0.0750005 
vt 7.5 -0.0750005 

usemtl Part1Mtl

f 101/101/101 102/102/102 103/103/103 
f 103/103/103 102/102/102 104/104/104 
f 105/105/105 106/106/106 107/107/107 
f 107/107/107 106/106/106 108/108/108 
f 109/109/109 110/110/110 111/111/111 
f 111/111/111 110/110/110 112/112/112 
f 113/113/113 114/114/114 115/115/115 
f 115/115/115 114/114/114 116/116/116 
f 117/117/117 118/118/118 119/119/119 
f 119/119/119 118/118/118 120/120/120 
f 121/121/121 122/122/122 123/123/123 
f 123/123/123 122/122/122 124/124/124 

g Part6

v 51.3204 9.00788 -298.512 1 1 1 1 
v 53.9504 9.00766 -298.513 1 1 1 1 
v 51.32 4.40786 -298.512 1 1 1 1 
v 53.9501 4.40765 -298.513 1 1 1 1 

vn 0 0 -1 
vn 0 0 -1 
vn 0 0 -1 
vn 0 0 -1 

vt 0.438336 1 
vt 0 1 
vt 0.438336 0.233333 
vt 0 0.233333 

usemtl Part6Mtl

f 125/125/125 126/126/126 127/127/127 
f 127/127/127 126/126/126 128/128/128 

g Part7

v 45.5358 11.8073 -297.974 1 1 1 1 
v 32.9557 11.8083 -297.974 1 1 1 1 
v 45.5355 8.8273 -297.974 1 1 1 1 
v 32.9555 8.82832 -297.974 1 1 1 1 
v 32.9557 11.8083 -298.524 1 1 1 1 
v 32.9557 11.8083 -297.974 1 1 1 1 
v 45.5358 11.8073 -298.524 1 1 1 1 
v 45.5358 11.8073 -297.974 1 1 1 1 
v 32.9557 11.8083 -297.974 1 1 1 1 
v 32.9557 11.8083 -298.524 1 1 1 1 
v 32.9555 8.82832 -297.974 1 1 1 1 
v 32.9555 8.82832 -298.524 1 1 1 1 
v 32.9557 11.8083 -298.524 1 1 1 1 
v 45.5358 11.8073 -298.524 1 1 1 1 
v 32.9555 8.82832 -298.524 1 1 1 1 
v 45.5355 8.8273 -298.524 1 1 1 1 
v 45.5355 8.8273 -298.524 1 1 1 1 
v 45.5355 8.8273 -297.974 1 1 1 1 
v 32.9555 8.82832 -298.524 1 1 1 1 
v 32.9555 8.82832 -297.974 1 1 1 1 
v 45.5358 11.8073 -298.524 1 1 1 1 
v 45.5358 11.8073 -297.974 1 1 1 1 
v 45.5355 8.8273 -298.524 1 1 1 1 
v 45.5355 8.8273 -297.974 1 1 1 1 

vn 0 0 1 
vn 0 0 1 
vn 0 0 1 
vn 0 0 1 
vn 0 1 0 
vn 0 1 0 
vn 0 1 0 
vn 0 1 0 
vn -1 0 0 
vn -1 0 0 
vn -1 0 0 
vn -1 0 0 
vn 0 0 -1 
vn 0 0 -1 
vn 0 0 -1 
vn 0 0 -1 
vn 0 -1 0 
vn 0 -1 0 
vn 0 -1 0 
vn 0 -1 0 
vn 1 0 0 
vn 1 0 0 
vn 1 0 0 
vn 1 0 0 

vt 8.4475 -1.5 
vt 6.875 -1.5 
vt 8.4475 -1.8725 
vt 6.875 -1.8725 
vt 6.94375 -1.5 
vt 6.875 -1.5 
vt 6.94375 -3.0725 
vt 6.875 -3.0725 
vt 6.94375 -1.5 
vt 6.875 -1.5 
vt 6.94375 -1.8725 
vt 6.875 -1.8725 
vt 8.4475 -1.5 
vt 6.875 -1.5 
vt 8.4475 -1.8725 
vt 6.875 -1.8725 
vt 6.94375 -1.5 
vt 6.875 -1.5 
vt 6.94375 -3.0725 
vt 6.875 -3.0725 
vt 6.94375 -1.5 
vt 6.875 -1.5 
vt 6.94375 -1.8725 
vt 6.875 -1.8725 

usemtl Part1Mtl

f 129/129/129 130/130/130 131/131/131 
f 131/131/131 130/130/130 132/132/132 
f 133/133/133 134/134/134 135/135/135 
f 135/135/135 134/134/134 136/136/136 
f 137/137/137 138/138/138 139/139/139 
f 139/139/139 138/138/138 140/140/140 
f 141/141/141 142/142/142 143/143/143 
f 143/143/143 142/142/142 144/144/144 
f 145/145/145 146/146/146 147/147/147 
f 147/147/147 146/146/146 148/148/148 
f 149/149/149 150/150/150 151/151/151 
f 151/151/151 150/150/150 152/152/152 

g Part8

v 32.9557 11.8083 -298.529 1 1 1 1 
v 45.5358 11.8073 -298.529 1 1 1 1 
v 32.9555 8.82832 -298.529 1 1 1 1 
v 45.5355 8.8273 -298.529 1 1 1 1 

vn 0 0 -1 
vn 0 0 -1 
vn 0 0 -1 
vn 0 0 -1 

vt 2.09667 1 
vt 0 1 
vt 2.09667 0.503334 
vt 0 0.503334 

usemtl Part8Mtl

f 153/153/153 154/154/154 155/155/155 
f 155/155/155 154/154/154 156/156/156 

g Part9

v 32.6095 11.8073 -298.508 1 1 1 1 
v 32.6092 11.8083 -314.328 1 1 1 1 
v 32.6095 8.82727 -298.508 1 1 1 1 
v 32.6092 8.82825 -314.329 1 1 1 1 
v 33.1592 11.8083 -314.328 1 1 1 1 
v 32.6092 11.8083 -314.328 1 1 1 1 
v 33.1595 11.8073 -298.508 1 1 1 1 
v 32.6095 11.8073 -298.508 1 1 1 1 
v 32.6092 11.8083 -314.328 1 1 1 1 
v 33.1592 11.8083 -314.328 1 1 1 1 
v 32.6092 8.82825 -314.329 1 1 1 1 
v 33.1592 8.82825 -314.329 1 1 1 1 
v 33.1592 11.8083 -314.328 1 1 1 1 
v 33.1595 11.8073 -298.508 1 1 1 1 
v 33.1592 8.82825 -314.329 1 1 1 1 
v 33.1595 8.82727 -298.508 1 1 1 1 
v 33.1595 8.82727 -298.508 1 1 1 1 
v 32.6095 8.82727 -298.508 1 1 1 1 
v 33.1592 8.82825 -314.329 1 1 1 1 
v 32.6092 8.82825 -314.329 1 1 1 1 
v 33.1595 11.8073 -298.508 1 1 1 1 
v 32.6095 11.8073 -298.508 1 1 1 1 
v 33.1595 8.82727 -298.508 1 1 1 1 
v 32.6095 8.82727 -298.508 1 1 1 1 

vn -1 0 0 
vn -1 0 0 
vn -1 0 0 
vn -1 0 0 
vn 0 1 0 
vn 0 1 0 
vn 0 1 0 
vn 0 1 0 
vn 0 0 -1 
vn 0 0 -1 
vn 0 0 -1 
vn 0 0 -1 
vn 1 0 0 
vn 1 0 0 
vn 1 0 0 
vn 1 0 0 
vn 0 -1 0 
vn 0 -1 0 
vn 0 -1 0 
vn 0 -1 0 
vn 0 0 1 
vn 0 0 1 
vn 0 0 1 
vn 0 0 1 

vt 7.4775 -1.375 
vt 5.5 -1.375 
vt 7.4775 -1.7475 
vt 5.5 -1.7475 
vt 5.56875 -1.375 
vt 5.5 -1.375 
vt 5.56875 -3.3525 
vt 5.5 -3.3525 
vt 5.56875 -1.375 
vt 5.5 -1.375 
vt 5.56875 -1.7475 
vt 5.5 -1.7475 
vt 7.4775 -1.375 
vt 5.5 -1.375 
vt 7.4775 -1.7475 
vt 5.5 -1.7475 
vt 5.56875 -1.375 
vt 5.5 -1.375 
vt 5.56875 -3.3525 
vt 5.5 -3.3525 
vt 5.56875 -1.375 
vt 5.5 -1.375 
vt 5.56875 -1.7475 
vt 5.5 -1.7475 

usemtl Part1Mtl

f 157/157/157 158/158/158 159/159/159 
f 159/159/159 158/158/158 160/160/160 
f 161/161/161 162/162/162 163/163/163 
f 163/163/163 162/162/162 164/164/164 
f 165/165/165 166/166/166 167/167/167 
f 167/167/167 166/166/166 168/168/168 
f 169/169/169 170/170/170 171/171/171 
f 171/171/171 170/170/170 172/172/172 
f 173/173/173 174/174/174 175/175/175 
f 175/175/175 174/174/174 176/176/176 
f 177/177/177 178/178/178 179/179/179 
f 179/179/179 178/178/178 180/180/180 

g Part10

v 33.1642 11.8083 -314.328 1 1 1 1 
v 33.1645 11.8073 -298.508 1 1 1 1 
v 33.1642 8.82825 -314.329 1 1 1 1 
v 33.1645 8.82727 -298.508 1 1 1 1 

vn 1 0 0 
vn 1 0 0 
vn 1 0 0 
vn 1 0 0 

vt 2.63667 1 
vt 0 1 
vt 2.63667 0.503334 
vt 0 0.503334 

usemtl Part8Mtl

f 181/181/181 182/182/182 183/183/183 
f 183/183/183 182/182/182 184/184/184 

g Part11

v 32.6096 11.8076 -304.252 1 1 1 1 
v 32.6095 11.808 -310.662 1 1 1 1 
v 32.6096 4.34754 -304.252 1 1 1 1 
v 32.6095 4.34794 -310.662 1 1 1 1 
v 33.1595 11.808 -310.662 1 1 1 1 
v 32.6095 11.808 -310.662 1 1 1 1 
v 33.1596 11.8076 -304.252 1 1 1 1 
v 32.6096 11.8076 -304.252 1 1 1 1 
v 32.6095 11.808 -310.662 1 1 1 1 
v 33.1595 11.808 -310.662 1 1 1 1 
v 32.6095 4.34794 -310.662 1 1 1 1 
v 33.1595 4.34794 -310.662 1 1 1 1 
v 33.1595 11.808 -310.662 1 1 1 1 
v 33.1596 11.8076 -304.252 1 1 1 1 
v 33.1595 4.34794 -310.662 1 1 1 1 
v 33.1596 4.34754 -304.252 1 1 1 1 
v 33.1596 4.34754 -304.252 1 1 1 1 
v 32.6096 4.34754 -304.252 1 1 1 1 
v 33.1595 4.34794 -310.662 1 1 1 1 
v 32.6095 4.34794 -310.662 1 1 1 1 
v 33.1596 11.8076 -304.252 1 1 1 1 
v 32.6096 11.8076 -304.252 1 1 1 1 
v 33.1596 4.34754 -304.252 1 1 1 1 
v 32.6096 4.34754 -304.252 1 1 1 1 

vn -1 0 0 
vn -1 0 0 
vn -1 0 0 
vn -1 0 0 
vn 0 1 0 
vn 0 1 0 
vn 0 1 0 
vn 0 1 0 
vn 0 0 -1 
vn 0 0 -1 
vn 0 0 -1 
vn 0 0 -1 
vn 1 0 0 
vn 1 0 0 
vn 1 0 0 
vn 1 0 0 
vn 0 -1 0 
vn 0 -1 0 
vn 0 -1 0 
vn 0 -1 0 
vn 0 0 1 
vn 0 0 1 
vn 0 0 1 
vn 0 0 1 

vt 4.17625 0.625 
vt 3.375 0.625 
vt 4.17625 -0.3075 
vt 3.375 -0.3075 
vt 3.44375 0.625 
vt 3.375 0.625 
vt 3.44375 -0.176252 
vt 3.375 -0.176252 
vt 3.44375 0.625 
vt 3.375 0.625 
vt 3.44375 -0.3075 
vt 3.375 -0.3075 
vt 4.17625 0.625 
vt 3.375 0.625 
vt 4.17625 -0.3075 
vt 3.375 -0.3075 
vt 3.44375 0.625 
vt 3.375 0.625 
vt 3.44375 -0.176252 
vt 3.375 -0.176252 
vt 3.44375 0.625 
vt 3.375 0.625 
vt 3.44375 -0.3075 
vt 3.375 -0.3075 

usemtl Part1Mtl

f 185/185/185 186/186/186 187/187/187 
f 187/187/187 186/186/186 188/188/188 
f 189/189/189 190/190/190 191/191/191 
f 191/191/191 190/190/190 192/192/192 
f 193/193/193 194/194/194 195/195/195 
f 195/195/195 194/194/194 196/196/196 
f 197/197/197 198/198/198 199/199/199 
f 199/199/199 198/198/198 200/200/200 
f 201/201/201 202/202/202 203/203/203 
f 203/203/203 202/202/202 204/204/204 
f 205/205/205 206/206/206 207/207/207 
f 207/207/207 206/206/206 208/208/208 

g Part12

v 33.1645 11.808 -310.662 1 1 1 1 
v 33.1646 11.8076 -304.252 1 1 1 1 
v 33.1645 4.34794 -310.662 1 1 1 1 
v 33.1646 4.34754 -304.252 1 1 1 1 

vn 1 0 0 
vn 1 0 0 
vn 1 0 0 
vn 1 0 0 

vt 1.06834 1 
vt 0 1 
vt 1.06834 -0.243333 
vt 0 -0.243333 

usemtl Part8Mtl

f 209/209/209 210/210/210 211/211/211 
f 211/211/211 210/210/210 212/212/212 

g Part13

v 54.2886 11.8077 -321.939 1 1 1 1 
v 54.2885 11.8077 -317.189 1 1 1 1 
v 54.288 2.00763 -321.939 1 1 1 1 
v 54.2879 2.00763 -317.189 1 1 1 1 
v 53.9285 11.8077 -317.189 1 1 1 1 
v 54.2885 11.8077 -317.189 1 1 1 1 
v 53.9286 11.8077 -321.939 1 1 1 1 
v 54.2886 11.8077 -321.939 1 1 1 1 
v 54.2885 11.8077 -317.189 1 1 1 1 
v 53.9285 11.8077 -317.189 1 1 1 1 
v 54.2879 2.00763 -317.189 1 1 1 1 
v 53.9279 2.00765 -317.189 1 1 1 1 
v 53.9285 11.8077 -317.189 1 1 1 1 
v 53.9286 11.8077 -321.939 1 1 1 1 
v 53.9279 2.00765 -317.189 1 1 1 1 
v 53.928 2.00765 -321.939 1 1 1 1 
v 53.928 2.00765 -321.939 1 1 1 1 
v 54.288 2.00763 -321.939 1 1 1 1 
v 53.9279 2.00765 -317.189 1 1 1 1 
v 54.2879 2.00763 -317.189 1 1 1 1 
v 53.9286 11.8077 -321.939 1 1 1 1 
v 54.2886 11.8077 -321.939 1 1 1 1 
v 53.928 2.00765 -321.939 1 1 1 1 
v 54.288 2.00763 -321.939 1 1 1 1 

vn 1 0 0 
vn 1 0 0 
vn 1 0 0 
vn 1 0 0 
vn 0 1 0 
vn 0 1 0 
vn 0 1 0 
vn 0 1 0 
vn 0 0 1 
vn 0 0 1 
vn 0 0 1 
vn 0 0 1 
vn -1 0 0 
vn -1 0 0 
vn -1 0 0 
vn -1 0 0 
vn 0 -1 0 
vn 0 -1 0 
vn 0 -1 0 
vn 0 -1 0 
vn 0 0 -1 
vn 0 0 -1 
vn 0 0 -1 
vn 0 0 -1 

vt 5.34375 -5.875 
vt 4.75 -5.875 
vt 5.34375 -7.1 
vt 4.75 -7.1 
vt 4.795 -5.875 
vt 4.75 -5.875 
vt 4.795 -6.46875 
vt 4.75 -6.46875 
vt 4.795 -5.875 
vt 4.75 -5.875 
vt 4.795 -7.1 
vt 4.75 -7.1 
vt 5.34375 -5.875 
vt 4.75 -5.875 
vt 5.34375 -7.1 
vt 4.75 -7.1 
vt 4.795 -5.875 
vt 4.75 -5.875 
vt 4.795 -6.46875 
vt 4.75 -6.46875 
vt 4.795 -5.875 
vt 4.75 -5.875 
vt 4.795 -7.1 
vt 4.75 -7.1 

usemtl Part1Mtl

f 213/213/213 214/214/214 215/215/215 
f 215/215/215 214/214/214 216/216/216 
f 217/217/217 218/218/218 219/219/219 
f 219/219/219 218/218/218 220/220/220 
f 221/221/221 222/222/222 223/223/223 
f 223/223/223 222/222/222 224/224/224 
f 225/225/225 226/226/226 227/227/227 
f 227/227/227 226/226/226 228/228/228 
f 229/229/229 230/230/230 231/231/231 
f 231/231/231 230/230/230 232/232/232 
f 233/233/233 234/234/234 235/235/235 
f 235/235/235 234/234/234 236/236/236 

g Part14

v 53.9235 11.8077 -317.189 1 1 1 1 
v 53.9236 11.8077 -321.939 1 1 1 1 
v 53.9229 2.00765 -317.189 1 1 1 1 
v 53.923 2.00765 -321.939 1 1 1 1 

vn -1 0 0 
vn -1 0 0 
vn -1 0 0 
vn -1 0 0 

vt 0.791666 1 
vt 0 1 
vt 0.791666 -0.633333 
vt 0 -0.633333 

usemtl Part6Mtl

f 237/237/237 238/238/238 239/239/239 
f 239/239/239 238/238/238 240/240/240 

g Part15

v 48.1504 9.00796 -298.257 1 1 1 1 
v 45.9204 9.00814 -298.257 1 1 1 1 
v 48.15 4.40795 -298.257 1 1 1 1 
v 45.92 4.40813 -298.257 1 1 1 1 
v 45.9204 9.00814 -298.507 1 1 1 1 
v 45.9204 9.00814 -298.257 1 1 1 1 
v 48.1504 9.00796 -298.507 1 1 1 1 
v 48.1504 9.00796 -298.257 1 1 1 1 
v 45.9204 9.00814 -298.257 1 1 1 1 
v 45.9204 9.00814 -298.507 1 1 1 1 
v 45.92 4.40813 -298.257 1 1 1 1 
v 45.92 4.40813 -298.507 1 1 1 1 
v 45.9204 9.00814 -298.507 1 1 1 1 
v 48.1504 9.00796 -298.507 1 1 1 1 
v 45.92 4.40813 -298.507 1 1 1 1 
v 48.15 4.40795 -298.507 1 1 1 1 
v 48.15 4.40795 -298.507 1 1 1 1 
v 48.15 4.40795 -298.257 1 1 1 1 
v 45.92 4.40813 -298.507 1 1 1 1 
v 45.92 4.40813 -298.257 1 1 1 1 
v 48.1504 9.00796 -298.507 1 1 1 1 
v 48.1504 9.00796 -298.257 1 1 1 1 
v 48.15 4.40795 -298.507 1 1 1 1 
v 48.15 4.40795 -298.257 1 1 1 1 

vn 0 0 1 
vn 0 0 1 
vn 0 0 1 
vn 0 0 1 
vn 0 1 0 
vn 0 1 0 
vn 0 1 0 
vn 0 1 0 
vn -1 0 0 
vn -1 0 0 
vn -1 0 0 
vn -1 0 0 
vn 0 0 -1 
vn 0 0 -1 
vn 0 0 -1 
vn 0 0 -1 
vn 0 -1 0 
vn 0 -1 0 
vn 0 -1 0 
vn 0 -1 0 
vn 1 0 0 
vn 1 0 0 
vn 1 0 0 
vn 1 0 0 

vt 7.15375 -0.75 
vt 6.875 -0.75 
vt 7.15375 -1.325 
vt 6.875 -1.325 
vt 6.90625 -0.75 
vt 6.875 -0.75 
vt 6.90625 -1.02875 
vt 6.875 -1.02875 
vt 6.90625 -0.75 
vt 6.875 -0.75 
vt 6.90625 -1.325 
vt 6.875 -1.325 
vt 7.15375 -0.75 
vt 6.875 -0.75 
vt 7.15375 -1.325 
vt 6.875 -1.325 
vt 6.90625 -0.75 
vt 6.875 -0.75 
vt 6.90625 -1.02875 
vt 6.875 -1.02875 
vt 6.90625 -0.75 
vt 6.875 -0.75 
vt 6.90625 -1.325 
vt 6.875 -1.325 

usemtl Part1Mtl

f 241/241/241 242/242/242 243/243/243 
f 243/243/243 242/242/242 244/244/244 
f 245/245/245 246/246/246 247/247/247 
f 247/247/247 246/246/246 248/248/248 
f 249/249/249 250/250/250 251/251/251 
f 251/251/251 250/250/250 252/252/252 
f 253/253/253 254/254/254 255/255/255 
f 255/255/255 254/254/254 256/256/256 
f 257/257/257 258/258/258 259/259/259 
f 259/259/259 258/258/258 260/260/260 
f 261/261/261 262/262/262 263/263/263 
f 263/263/263 262/262/262 264/264/264 

g Part16

v 45.9204 9.00814 -298.512 1 1 1 1 
v 48.1504 9.00796 -298.512 1 1 1 1 
v 45.92 4.40813 -298.512 1 1 1 1 
v 48.15 4.40795 -298.512 1 1 1 1 

vn 0 0 -1 
vn 0 0 -1 
vn 0 0 -1 
vn 0 0 -1 

vt 0.371669 1 
vt 0 1 
vt 0.371669 0.233333 
vt 0 0.233333 

usemtl Part6Mtl

f 265/265/265 266/266/266 267/267/267 
f 267/267/267 266/266/266 268/268/268 

g Part17

v 47.5802 8.60821 -304.297 1 1 1 1 
v 47.3802 8.60822 -304.297 1 1 1 1 
v 47.5801 2.0082 -304.296 1 1 1 1 
v 47.3801 2.0082 -304.296 1 1 1 1 
v 47.3802 8.60819 -304.847 1 1 1 1 
v 47.3802 8.60822 -304.297 1 1 1 1 
v 47.5802 8.60818 -304.847 1 1 1 1 
v 47.5802 8.60821 -304.297 1 1 1 1 
v 47.3802 8.60822 -304.297 1 1 1 1 
v 47.3802 8.60819 -304.847 1 1 1 1 
v 47.3801 2.0082 -304.296 1 1 1 1 
v 47.38 2.00817 -304.846 1 1 1 1 
v 47.3802 8.60819 -304.847 1 1 1 1 
v 47.5802 8.60818 -304.847 1 1 1 1 
v 47.38 2.00817 -304.846 1 1 1 1 
v 47.58 2.00816 -304.846 1 1 1 1 
v 47.58 2.00816 -304.846 1 1 1 1 
v 47.5801 2.0082 -304.296 1 1 1 1 
v 47.38 2.00817 -304.846 1 1 1 1 
v 47.3801 2.0082 -304.296 1 1 1 1 
v 47.5802 8.60818 -304.847 1 1 1 1 
v 47.5802 8.60821 -304.297 1 1 1 1 
v 47.58 2.00816 -304.846 1 1 1 1 
v 47.5801 2.0082 -304.296 1 1 1 1 

vn 0 0 1 
vn 0 0 1 
vn 0 0 1 
vn 0 0 1 
vn 0 1 0 
vn 0 1 0 
vn 0 1 0 
vn 0 1 0 
vn -1 0 0 
vn -1 0 0 
vn -1 0 0 
vn -1 0 0 
vn 0 0 -1 
vn 0 0 -1 
vn 0 0 -1 
vn 0 0 -1 
vn 0 -1 0 
vn 0 -1 0 
vn 0 -1 0 
vn 0 -1 0 
vn 1 0 0 
vn 1 0 0 
vn 1 0 0 
vn 1 0 0 

vt 6.65 -2 
vt 6.625 -2 
vt 6.65 -2.825 
vt 6.625 -2.825 
vt 6.69375 -2 
vt 6.625 -2 
vt 6.69375 -2.025 
vt 6.625 -2.025 
vt 6.69375 -2 
vt 6.625 -2 
vt 6.69375 -2.825 
vt 6.625 -2.825 
vt 6.65 -2 
vt 6.625 -2 
vt 6.65 -2.825 
vt 6.625 -2.825 
vt 6.69375 -2 
vt 6.625 -2 
vt 6.69375 -2.025 
vt 6.625 -2.025 
vt 6.69375 -2 
vt 6.625 -2 
vt 6.69375 -2.825 
vt 6.625 -2.825 

usemtl Part1Mtl

f 269/269/269 270/270/270 271/271/271 
f 271/271/271 270/270/270 272/272/272 
f 273/273/273 274/274/274 275/275/275 
f 275/275/275 274/274/274 276/276/276 
f 277/277/277 278/278/278 279/279/279 
f 279/279/279 278/278/278 280/280/280 
f 281/281/281 282/282/282 283/283/283 
f 283/283/283 282/282/282 284/284/284 
f 285/285/285 286/286/286 287/287/287 
f 287/287/287 286/286/286 288/288/288 
f 289/289/289 290/290/290 291/291/291 
f 291/291/291 290/290/290 292/292/292 

g Part18

v 40.4447 8.60811 -314.297 1 1 1 1 
v 40.2447 8.60812 -314.297 1 1 1 1 
v 40.4446 2.00809 -314.297 1 1 1 1 
v 40.2446 2.0081 -314.297 1 1 1 1 
v 40.2447 8.60808 -314.847 1 1 1 1 
v 40.2447 8.60812 -314.297 1 1 1 1 
v 40.4447 8.60808 -314.847 1 1 1 1 
v 40.4447 8.60811 -314.297 1 1 1 1 
v 40.2447 8.60812 -314.297 1 1 1 1 
v 40.2447 8.60808 -314.847 1 1 1 1 
v 40.2446 2.0081 -314.297 1 1 1 1 
v 40.2446 2.00806 -314.846 1 1 1 1 
v 40.2447 8.60808 -314.847 1 1 1 1 
v 40.4447 8.60808 -314.847 1 1 1 1 
v 40.2446 2.00806 -314.846 1 1 1 1 
v 40.4446 2.00806 -314.846 1 1 1 1 
v 40.4446 2.00806 -314.846 1 1 1 1 
v 40.4446 2.00809 -314.297 1 1 1 1 
v 40.2446 2.00806 -314.846 1 1 1 1 
v 40.2446 2.0081 -314.297 1 1 1 1 
v 40.4447 8.60808 -314.847 1 1 1 1 
v 40.4447 8.60811 -314.297 1 1 1 1 
v 40.4446 2.00806 -314.846 1 1 1 1 
v 40.4446 2.00809 -314.297 1 1 1 1 

vn 0 0 1 
vn 0 0 1 
vn 0 0 1 
vn 0 0 1 
vn 0 1 0 
vn 0 1 0 
vn 0 1 0 
vn 0 1 0 
vn -1 0 0 
vn -1 0 0 
vn -1 0 0 
vn -1 0 0 
vn 0 0 -1 
vn 0 0 -1 
vn 0 0 -1 
vn 0 0 -1 
vn 0 -1 0 
vn 0 -1 0 
vn 0 -1 0 
vn 0 -1 0 
vn 1 0 0 
vn 1 0 0 
vn 1 0 0 
vn 1 0 0 

vt 4.15 0.75 
vt 4.125 0.75 
vt 4.15 -0.0750002 
vt 4.125 -0.0750002 
vt 4.19375 0.75 
vt 4.125 0.75 
vt 4.19375 0.725 
vt 4.125 0.725 
vt 4.19375 0.75 
vt 4.125 0.75 
vt 4.19375 -0.0750002 
vt 4.125 -0.0750002 
vt 4.15 0.75 
vt 4.125 0.75 
vt 4.15 -0.0750002 
vt 4.125 -0.0750002 
vt 4.19375 0.75 
vt 4.125 0.75 
vt 4.19375 0.725 
vt 4.125 0.725 
vt 4.19375 0.75 
vt 4.125 0.75 
vt 4.19375 -0.0750002 
vt 4.125 -0.0750002 

usemtl Part1Mtl

f 293/293/293 294/294/294 295/295/295 
f 295/295/295 294/294/294 296/296/296 
f 297/297/297 298/298/298 299/299/299 
f 299/299/299 298/298/298 300/300/300 
f 301/301/301 302/302/302 303/303/303 
f 303/303/303 302/302/302 304/304/304 
f 305/305/305 306/306/306 307/307/307 
f 307/307/307 306/306/306 308/308/308 
f 309/309/309 310/310/310 311/311/311 
f 311/311/311 310/310/310 312/312/312 
f 313/313/313 314/314/314 315/315/315 
f 315/315/315 314/314/314 316/316/316 

g Part19

v 45.5379 8.60826 -305.139 1 1 1 1 
v 45.5379 8.60826 -305.339 1 1 1 1 
v 45.5375 2.00825 -305.139 1 1 1 1 
v 45.5375 2.00825 -305.339 1 1 1 1 
v 46.088 8.60823 -305.339 1 1 1 1 
v 45.5379 8.60826 -305.339 1 1 1 1 
v 46.088 8.60823 -305.139 1 1 1 1 
v 45.5379 8.60826 -305.139 1 1 1 1 
v 45.5379 8.60826 -305.339 1 1 1 1 
v 46.088 8.60823 -305.339 1 1 1 1 
v 45.5375 2.00825 -305.339 1 1 1 1 
v 46.0875 2.00821 -305.339 1 1 1 1 
v 46.088 8.60823 -305.339 1 1 1 1 
v 46.088 8.60823 -305.139 1 1 1 1 
v 46.0875 2.00821 -305.339 1 1 1 1 
v 46.0875 2.00821 -305.139 1 1 1 1 
v 46.0875 2.00821 -305.139 1 1 1 1 
v 45.5375 2.00825 -305.139 1 1 1 1 
v 46.0875 2.00821 -305.339 1 1 1 1 
v 45.5375 2.00825 -305.339 1 1 1 1 
v 46.088 8.60823 -305.139 1 1 1 1 
v 45.5379 8.60826 -305.139 1 1 1 1 
v 46.0875 2.00821 -305.139 1 1 1 1 
v 45.5375 2.00825 -305.139 1 1 1 1 

vn -1 0 0 
vn -1 0 0 
vn -1 0 0 
vn -1 0 0 
vn 0 1 0 
vn 0 1 0 
vn 0 1 0 
vn 0 1 0 
vn 0 0 -1 
vn 0 0 -1 
vn 0 0 -1 
vn 0 0 -1 
vn 1 0 0 
vn 1 0 0 
vn 1 0 0 
vn 1 0 0 
vn 0 -1 0 
vn 0 -1 0 
vn 0 -1 0 
vn 0 -1 0 
vn 0 0 1 
vn 0 0 1 
vn 0 0 1 
vn 0 0 1 

vt 3.775 -5.625 
vt 3.75 -5.625 
vt 3.775 -6.45 
vt 3.75 -6.45 
vt 3.81875 -5.625 
vt 3.75 -5.625 
vt 3.81875 -5.65 
vt 3.75 -5.65 
vt 3.81875 -5.625 
vt 3.75 -5.625 
vt 3.81875 -6.45 
vt 3.75 -6.45 
vt 3.775 -5.625 
vt 3.75 -5.625 
vt 3.775 -6.45 
vt 3.75 -6.45 
vt 3.81875 -5.625 
vt 3.75 -5.625 
vt 3.81875 -5.65 
vt 3.75 -5.65 
vt 3.81875 -5.625 
vt 3.75 -5.625 
vt 3.81875 -6.45 
vt 3.75 -6.45 

usemtl Part1Mtl

f 317/317/317 318/318/318 319/319/319 
f 319/319/319 318/318/318 320/320/320 
f 321/321/321 322/322/322 323/323/323 
f 323/323/323 322/322/322 324/324/324 
f 325/325/325 326/326/326 327/327/327 
f 327/327/327 326/326/326 328/328/328 
f 329/329/329 330/330/330 331/331/331 
f 331/331/331 330/330/330 332/332/332 
f 333/333/333 334/334/334 335/335/335 
f 335/335/335 334/334/334 336/336/336 
f 337/337/337 338/338/338 339/339/339 
f 339/339/339 338/338/338 340/340/340 

g Part20

v 36.38 8.60821 -314.297 1 1 1 1 
v 36.18 8.60821 -314.297 1 1 1 1 
v 36.3799 2.00819 -314.297 1 1 1 1 
v 36.1799 2.00819 -314.297 1 1 1 1 
v 36.18 8.60818 -314.847 1 1 1 1 
v 36.18 8.60821 -314.297 1 1 1 1 
v 36.38 8.60817 -314.847 1 1 1 1 
v 36.38 8.60821 -314.297 1 1 1 1 
v 36.18 8.60821 -314.297 1 1 1 1 
v 36.18 8.60818 -314.847 1 1 1 1 
v 36.1799 2.00819 -314.297 1 1 1 1 
v 36.1799 2.00816 -314.847 1 1 1 1 
v 36.18 8.60818 -314.847 1 1 1 1 
v 36.38 8.60817 -314.847 1 1 1 1 
v 36.1799 2.00816 -314.847 1 1 1 1 
v 36.3799 2.00816 -314.847 1 1 1 1 
v 36.3799 2.00816 -314.847 1 1 1 1 
v 36.3799 2.00819 -314.297 1 1 1 1 
v 36.1799 2.00816 -314.847 1 1 1 1 
v 36.1799 2.00819 -314.297 1 1 1 1 
v 36.38 8.60817 -314.847 1 1 1 1 
v 36.38 8.60821 -314.297 1 1 1 1 
v 36.3799 2.00816 -314.847 1 1 1 1 
v 36.3799 2.00819 -314.297 1 1 1 1 

vn 0 0 1 
vn 0 0 1 
vn 0 0 1 
vn 0 0 1 
vn 0 1 0 
vn 0 1 0 
vn 0 1 0 
vn 0 1 0 
vn -1 0 0 
vn -1 0 0 
vn -1 0 0 
vn -1 0 0 
vn 0 0 -1 
vn 0 0 -1 
vn 0 0 -1 
vn 0 0 -1 
vn 0 -1 0 
vn 0 -1 0 
vn 0 -1 0 
vn 0 -1 0 
vn 1 0 0 
vn 1 0 0 
vn 1 0 0 
vn 1 0 0 

vt 3.275 -6 
vt 3.25 -6 
vt 3.275 -6.825 
vt 3.25 -6.825 
vt 3.31875 -6 
vt 3.25 -6 
vt 3.31875 -6.025 
vt 3.25 -6.025 
vt 3.31875 -6 
vt 3.25 -6 
vt 3.31875 -6.825 
vt 3.25 -6.825 
vt 3.275 -6 
vt 3.25 -6 
vt 3.275 -6.825 
vt 3.25 -6.825 
vt 3.31875 -6 
vt 3.25 -6 
vt 3.31875 -6.025 
vt 3.25 -6.025 
vt 3.31875 -6 
vt 3.25 -6 
vt 3.31875 -6.825 
vt 3.25 -6.825 

usemtl Part1Mtl

f 341/341/341 342/342/342 343/343/343 
f 343/343/343 342/342/342 344/344/344 
f 345/345/345 346/346/346 347/347/347 
f 347/347/347 346/346/346 348/348/348 
f 349/349/349 350/350/350 351/351/351 
f 351/351/351 350/350/350 352/352/352 
f 353/353/353 354/354/354 355/355/355 
f 355/355/355 354/354/354 356/356/356 
f 357/357/357 358/358/358 359/359/359 
f 359/359/359 358/358/358 360/360/360 
f 361/361/361 362/362/362 363/363/363 
f 363/363/363 362/362/362 364/364/364 

g Part21

v 54.2886 11.8076 -317.34 1 1 1 1 
v 54.2886 11.8076 -313.19 1 1 1 1 
v 54.2884 8.00756 -317.34 1 1 1 1 
v 54.2883 8.00756 -313.19 1 1 1 1 
v 53.9286 11.8076 -313.19 1 1 1 1 
v 54.2886 11.8076 -313.19 1 1 1 1 
v 53.9286 11.8076 -317.34 1 1 1 1 
v 54.2886 11.8076 -317.34 1 1 1 1 
v 54.2886 11.8076 -313.19 1 1 1 1 
v 53.9286 11.8076 -313.19 1 1 1 1 
v 54.2883 8.00756 -313.19 1 1 1 1 
v 53.9283 8.00758 -313.19 1 1 1 1 
v 53.9286 11.8076 -313.19 1 1 1 1 
v 53.9286 11.8076 -317.34 1 1 1 1 
v 53.9283 8.00758 -313.19 1 1 1 1 
v 53.9284 8.00758 -317.34 1 1 1 1 
v 53.9284 8.00758 -317.34 1 1 1 1 
v 54.2884 8.00756 -317.34 1 1 1 1 
v 53.9283 8.00758 -313.19 1 1 1 1 
v 54.2883 8.00756 -313.19 1 1 1 1 
v 53.9286 11.8076 -317.34 1 1 1 1 
v 54.2886 11.8076 -317.34 1 1 1 1 
v 53.9284 8.00758 -317.34 1 1 1 1 
v 54.2884 8.00756 -317.34 1 1 1 1 

vn 1 0 0 
vn 1 0 0 
vn 1 0 0 
vn 1 0 0 
vn 0 1 0 
vn 0 1 0 
vn 0 1 0 
vn 0 1 0 
vn 0 0 1 
vn 0 0 1 
vn 0 0 1 
vn 0 0 1 
vn -1 0 0 
vn -1 0 0 
vn -1 0 0 
vn -1 0 0 
vn 0 -1 0 
vn 0 -1 0 
vn 0 -1 0 
vn 0 -1 0 
vn 0 0 -1 
vn 0 0 -1 
vn 0 0 -1 
vn 0 0 -1 

vt 1.89375 -5.875 
vt 1.375 -5.875 
vt 1.89375 -6.35 
vt 1.375 -6.35 
vt 1.42 -5.875 
vt 1.375 -5.875 
vt 1.42 -6.39375 
vt 1.375 -6.39375 
vt 1.42 -5.875 
vt 1.375 -5.875 
vt 1.42 -6.35 
vt 1.375 -6.35 
vt 1.89375 -5.875 
vt 1.375 -5.875 
vt 1.89375 -6.35 
vt 1.375 -6.35 
vt 1.42 -5.875 
vt 1.375 -5.875 
vt 1.42 -6.39375 
vt 1.375 -6.39375 
vt 1.42 -5.875 
vt 1.375 -5.875 
vt 1.42 -6.35 
vt 1.375 -6.35 

usemtl Part1Mtl

f 365/365/365 366/366/366 367/367/367 
f 367/367/367 366/366/366 368/368/368 
f 369/369/369 370/370/370 371/371/371 
f 371/371/371 370/370/370 372/372/372 
f 373/373/373 374/374/374 375/375/375 
f 375/375/375 374/374/374 376/376/376 
f 377/377/377 378/378/378 379/379/379 
f 379/379/379 378/378/378 380/380/380 
f 381/381/381 382/382/382 383/383/383 
f 383/383/383 382/382/382 384/384/384 
f 385/385/385 386/386/386 387/387/387 
f 387/387/387 386/386/386 388/388/388 

g Part22

v 53.9236 11.8076 -313.19 1 1 1 1 
v 53.9236 11.8076 -317.34 1 1 1 1 
v 53.9233 8.00758 -313.19 1 1 1 1 
v 53.9234 8.00758 -317.34 1 1 1 1 

vn -1 0 0 
vn -1 0 0 
vn -1 0 0 
vn -1 0 0 

vt 0.691666 1 
vt 0 1 
vt 0.691666 0.366666 
vt 0 0.366666 

usemtl Part6Mtl

f 389/389/389 390/390/390 391/391/391 
f 391/391/391 390/390/390 392/392/392 

g Part23

v 32.6095 2.00817 -314.303 1 1 1 1 
v 32.6098 2.00723 -298.502 1 1 1 1 
v 32.6095 4.36817 -314.302 1 1 1 1 
v 32.6098 4.36724 -298.502 1 1 1 1 
v 33.1598 2.00723 -298.502 1 1 1 1 
v 32.6098 2.00723 -298.502 1 1 1 1 
v 33.1595 2.00817 -314.303 1 1 1 1 
v 32.6095 2.00817 -314.303 1 1 1 1 
v 32.6098 2.00723 -298.502 1 1 1 1 
v 33.1598 2.00723 -298.502 1 1 1 1 
v 32.6098 4.36724 -298.502 1 1 1 1 
v 33.1598 4.36724 -298.502 1 1 1 1 
v 33.1598 2.00723 -298.502 1 1 1 1 
v 33.1595 2.00817 -314.303 1 1 1 1 
v 33.1598 4.36724 -298.502 1 1 1 1 
v 33.1595 4.36817 -314.302 1 1 1 1 
v 33.1595 4.36817 -314.302 1 1 1 1 
v 32.6095 4.36817 -314.302 1 1 1 1 
v 33.1598 4.36724 -298.502 1 1 1 1 
v 32.6098 4.36724 -298.502 1 1 1 1 
v 33.1595 2.00817 -314.303 1 1 1 1 
v 32.6095 2.00817 -314.303 1 1 1 1 
v 33.1595 4.36817 -314.302 1 1 1 1 
v 32.6095 4.36817 -314.302 1 1 1 1 

vn -1 0 0 
vn -1 0 0 
vn -1 0 0 
vn -1 0 0 
vn 0 -1 0 
vn 0 -1 0 
vn 0 -1 0 
vn 0 -1 0 
vn 0 0 1 
vn 0 0 1 
vn 0 0 1 
vn 0 0 1 
vn 1 0 0 
vn 1 0 0 
vn 1 0 0 
vn 1 0 0 
vn 0 1 0 
vn 0 1 0 
vn 0 1 0 
vn 0 1 0 
vn 0 0 -1 
vn 0 0 -1 
vn 0 0 -1 
vn 0 0 -1 

vt 6.475 -1.375 
vt 4.5 -1.375 
vt 6.475 -1.67 
vt 4.5 -1.67 
vt 4.56875 -1.375 
vt 4.5 -1.375 
vt 4.56875 -3.35 
vt 4.5 -3.35 
vt 4.56875 -1.375 
vt 4.5 -1.375 
vt 4.56875 -1.67 
vt 4.5 -1.67 
vt 6.475 -1.375 
vt 4.5 -1.375 
vt 6.475 -1.67 
vt 4.5 -1.67 
vt 4.56875 -1.375 
vt 4.5 -1.375 
vt 4.56875 -3.35 
vt 4.5 -3.35 
vt 4.56875 -1.375 
vt 4.5 -1.375 
vt 4.56875 -1.67 
vt 4.5 -1.67 

usemtl Part1Mtl

f 393/393/393 394/394/394 395/395/395 
f 395/395/395 394/394/394 396/396/396 
f 397/397/397 398/398/398 399/399/399 
f 399/399/399 398/398/398 400/400/400 
f 401/401/401 402/402/402 403/403/403 
f 403/403/403 402/402/402 404/404/404 
f 405/405/405 406/406/406 407/407/407 
f 407/407/407 406/406/406 408/408/408 
f 409/409/409 410/410/410 411/411/411 
f 411/411/411 410/410/410 412/412/412 
f 413/413/413 414/414/414 415/415/415 
f 415/415/415 414/414/414 416/416/416 

g Part24

v 33.1648 2.00723 -298.502 1 1 1 1 
v 33.1645 2.00817 -314.303 1 1 1 1 
v 33.1648 4.36724 -298.502 1 1 1 1 
v 33.1645 4.36817 -314.302 1 1 1 1 

vn 1 0 0 
vn 1 0 0 
vn 1 0 0 
vn 1 0 0 

vt 2.63334 1 
vt 0 1 
vt 2.63334 0.606667 
vt 0 0.606667 

usemtl Part8Mtl

f 417/417/417 418/418/418 419/419/419 
f 419/419/419 418/418/418 420/420/420 

g Part25

v 53.9382 8.00818 -313.339 1 1 1 1 
v 53.9382 8.00818 -317.339 1 1 1 1 
v 53.9381 7.80818 -313.339 1 1 1 1 
v 53.9382 7.80818 -317.339 1 1 1 1 
v 54.4882 8.00814 -317.339 1 1 1 1 
v 53.9382 8.00818 -317.339 1 1 1 1 
v 54.4882 8.00814 -313.339 1 1 1 1 
v 53.9382 8.00818 -313.339 1 1 1 1 
v 53.9382 8.00818 -317.339 1 1 1 1 
v 54.4882 8.00814 -317.339 1 1 1 1 
v 53.9382 7.80818 -317.339 1 1 1 1 
v 54.4882 7.80814 -317.339 1 1 1 1 
v 54.4882 8.00814 -317.339 1 1 1 1 
v 54.4882 8.00814 -313.339 1 1 1 1 
v 54.4882 7.80814 -317.339 1 1 1 1 
v 54.4882 7.80814 -313.339 1 1 1 1 
v 54.4882 7.80814 -313.339 1 1 1 1 
v 53.9381 7.80818 -313.339 1 1 1 1 
v 54.4882 7.80814 -317.339 1 1 1 1 
v 53.9382 7.80818 -317.339 1 1 1 1 
v 54.4882 8.00814 -313.339 1 1 1 1 
v 53.9382 8.00818 -313.339 1 1 1 1 
v 54.4882 7.80814 -313.339 1 1 1 1 
v 53.9381 7.80818 -313.339 1 1 1 1 

vn -1 0 0 
vn -1 0 0 
vn -1 0 0 
vn -1 0 0 
vn 0 1 0 
vn 0 1 0 
vn 0 1 0 
vn 0 1 0 
vn 0 0 -1 
vn 0 0 -1 
vn 0 0 -1 
vn 0 0 -1 
vn 1 0 0 
vn 1 0 0 
vn 1 0 0 
vn 1 0 0 
vn 0 -1 0 
vn 0 -1 0 
vn 0 -1 0 
vn 0 -1 0 
vn 0 0 1 
vn 0 0 1 
vn 0 0 1 
vn 0 0 1 

vt 7.25 -0.5 
vt 6.75 -0.5 
vt 7.25 -0.525 
vt 6.75 -0.525 
vt 6.81875 -0.5 
vt 6.75 -0.5 
vt 6.81875 -1 
vt 6.75 -1 
vt 6.81875 -0.5 
vt 6.75 -0.5 
vt 6.81875 -0.525 
vt 6.75 -0.525 
vt 7.25 -0.5 
vt 6.75 -0.5 
vt 7.25 -0.525 
vt 6.75 -0.525 
vt 6.81875 -0.5 
vt 6.75 -0.5 
vt 6.81875 -1 
vt 6.75 -1 
vt 6.81875 -0.5 
vt 6.75 -0.5 
vt 6.81875 -0.525 
vt 6.75 -0.525 

usemtl Part1Mtl

f 421/421/421 422/422/422 423/423/423 
f 423/423/423 422/422/422 424/424/424 
f 425/425/425 426/426/426 427/427/427 
f 427/427/427 426/426/426 428/428/428 
f 429/429/429 430/430/430 431/431/431 
f 431/431/431 430/430/430 432/432/432 
f 433/433/433 434/434/434 435/435/435 
f 435/435/435 434/434/434 436/436/436 
f 437/437/437 438/438/438 439/439/439 
f 439/439/439 438/438/438 440/440/440 
f 441/441/441 442/442/442 443/443/443 
f 443/443/443 442/442/442 444/444/444 

g Part26

v 53.9505 9.00769 -321.658 1 1 1 1 
v 51.3204 9.0079 -321.658 1 1 1 1 
v 53.9501 4.40768 -321.658 1 1 1 1 
v 51.3201 4.40789 -321.658 1 1 1 1 
v 51.3204 9.00791 -321.908 1 1 1 1 
v 51.3204 9.0079 -321.658 1 1 1 1 
v 53.9505 9.00769 -321.908 1 1 1 1 
v 53.9505 9.00769 -321.658 1 1 1 1 
v 51.3204 9.0079 -321.658 1 1 1 1 
v 51.3204 9.00791 -321.908 1 1 1 1 
v 51.3201 4.40789 -321.658 1 1 1 1 
v 51.3201 4.40789 -321.908 1 1 1 1 
v 51.3204 9.00791 -321.908 1 1 1 1 
v 53.9505 9.00769 -321.908 1 1 1 1 
v 51.3201 4.40789 -321.908 1 1 1 1 
v 53.9501 4.40768 -321.908 1 1 1 1 
v 53.9501 4.40768 -321.908 1 1 1 1 
v 53.9501 4.40768 -321.658 1 1 1 1 
v 51.3201 4.40789 -321.908 1 1 1 1 
v 51.3201 4.40789 -321.658 1 1 1 1 
v 53.9505 9.00769 -321.908 1 1 1 1 
v 53.9505 9.00769 -321.658 1 1 1 1 
v 53.9501 4.40768 -321.908 1 1 1 1 
v 53.9501 4.40768 -321.658 1 1 1 1 

vn 0 0 1 
vn 0 0 1 
vn 0 0 1 
vn 0 0 1 
vn 0 1 0 
vn 0 1 0 
vn 0 1 0 
vn 0 1 0 
vn -1 0 0 
vn -1 0 0 
vn -1 0 0 
vn -1 0 0 
vn 0 0 -1 
vn 0 0 -1 
vn 0 0 -1 
vn 0 0 -1 
vn 0 -1 0 
vn 0 -1 0 
vn 0 -1 0 
vn 0 -1 0 
vn 1 0 0 
vn 1 0 0 
vn 1 0 0 
vn 1 0 0 

vt 1.07875 -2.375 
vt 0.75 -2.375 
vt 1.07875 -2.95 
vt 0.75 -2.95 
vt 0.78125 -2.375 
vt 0.75 -2.375 
vt 0.78125 -2.70375 
vt 0.75 -2.70375 
vt 0.78125 -2.375 
vt 0.75 -2.375 
vt 0.78125 -2.95 
vt 0.75 -2.95 
vt 1.07875 -2.375 
vt 0.75 -2.375 
vt 1.07875 -2.95 
vt 0.75 -2.95 
vt 0.78125 -2.375 
vt 0.75 -2.375 
vt 0.78125 -2.70375 
vt 0.75 -2.70375 
vt 0.78125 -2.375 
vt 0.75 -2.375 
vt 0.78125 -2.95 
vt 0.75 -2.95 

usemtl Part1Mtl

f 445/445/445 446/446/446 447/447/447 
f 447/447/447 446/446/446 448/448/448 
f 449/449/449 450/450/450 451/451/451 
f 451/451/451 450/450/450 452/452/452 
f 453/453/453 454/454/454 455/455/455 
f 455/455/455 454/454/454 456/456/456 
f 457/457/457 458/458/458 459/459/459 
f 459/459/459 458/458/458 460/460/460 
f 461/461/461 462/462/462 463/463/463 
f 463/463/463 462/462/462 464/464/464 
f 465/465/465 466/466/466 467/467/467 
f 467/467/467 466/466/466 468/468/468 

g Part27

v 53.9505 9.00769 -321.653 1 1 1 1 
v 51.3204 9.0079 -321.653 1 1 1 1 
v 53.9501 4.40768 -321.653 1 1 1 1 
v 51.3201 4.40789 -321.653 1 1 1 1 

vn 0 0 1 
vn 0 0 1 
vn 0 0 1 
vn 0 0 1 

vt 0.438336 1 
vt 0 1 
vt 0.438336 0.233333 
vt 0 0.233333 

usemtl Part6Mtl

f 469/469/469 470/470/470 471/471/471 
f 471/471/471 470/470/470 472/472/472 

g Part28

v 32.9017 2.00826 -297.974 1 1 1 1 
v 45.5718 2.00726 -297.974 1 1 1 1 
v 32.9019 4.36827 -297.974 1 1 1 1 
v 45.572 4.36727 -297.974 1 1 1 1 
v 45.5718 2.00726 -298.524 1 1 1 1 
v 45.5718 2.00726 -297.974 1 1 1 1 
v 32.9017 2.00826 -298.524 1 1 1 1 
v 32.9017 2.00826 -297.974 1 1 1 1 
v 45.5718 2.00726 -297.974 1 1 1 1 
v 45.5718 2.00726 -298.524 1 1 1 1 
v 45.572 4.36727 -297.974 1 1 1 1 
v 45.5719 4.36727 -298.524 1 1 1 1 
v 45.5718 2.00726 -298.524 1 1 1 1 
v 32.9017 2.00826 -298.524 1 1 1 1 
v 45.5719 4.36727 -298.524 1 1 1 1 
v 32.9019 4.36827 -298.524 1 1 1 1 
v 32.9019 4.36827 -298.524 1 1 1 1 
v 32.9019 4.36827 -297.974 1 1 1 1 
v 45.5719 4.36727 -298.524 1 1 1 1 
v 45.572 4.36727 -297.974 1 1 1 1 
v 32.9017 2.00826 -298.524 1 1 1 1 
v 32.9017 2.00826 -297.974 1 1 1 1 
v 32.9019 4.36827 -298.524 1 1 1 1 
v 32.9019 4.36827 -297.974 1 1 1 1 

vn 0 0 1 
vn 0 0 1 
vn 0 0 1 
vn 0 0 1 
vn 0 -1 0 
vn 0 -1 0 
vn 0 -1 0 
vn 0 -1 0 
vn 1 0 0 
vn 1 0 0 
vn 1 0 0 
vn 1 0 0 
vn 0 0 -1 
vn 0 0 -1 
vn 0 0 -1 
vn 0 0 -1 
vn 0 1 0 
vn 0 1 0 
vn 0 1 0 
vn 0 1 0 
vn -1 0 0 
vn -1 0 0 
vn -1 0 0 
vn -1 0 0 

vt 4.70875 -2.25 
vt 3.125 -2.25 
vt 4.70875 -2.545 
vt 3.125 -2.545 
vt 3.19375 -2.25 
vt 3.125 -2.25 
vt 3.19375 -3.83375 
vt 3.125 -3.83375 
vt 3.19375 -2.25 
vt 3.125 -2.25 
vt 3.19375 -2.545 
vt 3.125 -2.545 
vt 4.70875 -2.25 
vt 3.125 -2.25 
vt 4.70875 -2.545 
vt 3.125 -2.545 
vt 3.19375 -2.25 
vt 3.125 -2.25 
vt 3.19375 -3.83375 
vt 3.125 -3.83375 
vt 3.19375 -2.25 
vt 3.125 -2.25 
vt 3.19375 -2.545 
vt 3.125 -2.545 

usemtl Part1Mtl

f 473/473/473 474/474/474 475/475/475 
f 475/475/475 474/474/474 476/476/476 
f 477/477/477 478/478/478 479/479/479 
f 479/479/479 478/478/478 480/480/480 
f 481/481/481 482/482/482 483/483/483 
f 483/483/483 482/482/482 484/484/484 
f 485/485/485 486/486/486 487/487/487 
f 487/487/487 486/486/486 488/488/488 
f 489/489/489 490/490/490 491/491/491 
f 491/491/491 490/490/490 492/492/492 
f 493/493/493 494/494/494 495/495/495 
f 495/495/495 494/494/494 496/496/496 

g Part29

v 45.5718 2.00726 -298.529 1 1 1 1 
v 32.9017 2.00826 -298.529 1 1 1 1 
v 45.5719 4.36727 -298.529 1 1 1 1 
v 32.9019 4.36827 -298.529 1 1 1 1 

vn 0 0 -1 
vn 0 0 -1 
vn 0 0 -1 
vn 0 0 -1 

vt 2.11167 1 
vt 0 1 
vt 2.11167 0.606667 
vt 0 0.606667 

usemtl Part8Mtl

f 497/497/497 498/498/498 499/499/499 
f 499/499/499 498/498/498 500/500/500 

g Part30

v 54.184 11.8076 -304.339 1 1 1 1 
v 54.184 11.8076 -302.889 1 1 1 1 
v 54.1834 2.00755 -304.339 1 1 1 1 
v 54.1834 2.00755 -302.889 1 1 1 1 
v 53.764 11.8076 -302.889 1 1 1 1 
v 54.184 11.8076 -302.889 1 1 1 1 
v 53.764 11.8076 -304.339 1 1 1 1 
v 54.184 11.8076 -304.339 1 1 1 1 
v 54.184 11.8076 -302.889 1 1 1 1 
v 53.764 11.8076 -302.889 1 1 1 1 
v 54.1834 2.00755 -302.889 1 1 1 1 
v 53.7634 2.00757 -302.889 1 1 1 1 
v 53.764 11.8076 -302.889 1 1 1 1 
v 53.764 11.8076 -304.339 1 1 1 1 
v 53.7634 2.00757 -302.889 1 1 1 1 
v 53.7634 2.00757 -304.339 1 1 1 1 
v 53.7634 2.00757 -304.339 1 1 1 1 
v 54.1834 2.00755 -304.339 1 1 1 1 
v 53.7634 2.00757 -302.889 1 1 1 1 
v 54.1834 2.00755 -302.889 1 1 1 1 
v 53.764 11.8076 -304.339 1 1 1 1 
v 54.184 11.8076 -304.339 1 1 1 1 
v 53.7634 2.00757 -304.339 1 1 1 1 
v 54.1834 2.00755 -304.339 1 1 1 1 

vn 1 0 0 
vn 1 0 0 
vn 1 0 0 
vn 1 0 0 
vn 0 1 0 
vn 0 1 0 
vn 0 1 0 
vn 0 1 0 
vn 0 0 1 
vn 0 0 1 
vn 0 0 1 
vn 0 0 1 
vn -1 0 0 
vn -1 0 0 
vn -1 0 0 
vn -1 0 0 
vn 0 -1 0 
vn 0 -1 0 
vn 0 -1 0 
vn 0 -1 0 
vn 0 0 -1 
vn 0 0 -1 
vn 0 0 -1 
vn 0 0 -1 

vt 6.80625 -4.625 
vt 6.625 -4.625 
vt 6.80625 -5.85 
vt 6.625 -5.85 
vt 6.6775 -4.625 
vt 6.625 -4.625 
vt 6.6775 -4.80625 
vt 6.625 -4.80625 
vt 6.6775 -4.625 
vt 6.625 -4.625 
vt 6.6775 -5.85 
vt 6.625 -5.85 
vt 6.80625 -4.625 
vt 6.625 -4.625 
vt 6.80625 -5.85 
vt 6.625 -5.85 
vt 6.6775 -4.625 
vt 6.625 -4.625 
vt 6.6775 -4.80625 
vt 6.625 -4.80625 
vt 6.6775 -4.625 
vt 6.625 -4.625 
vt 6.6775 -5.85 
vt 6.625 -5.85 

usemtl Part1Mtl

f 501/501/501 502/502/502 503/503/503 
f 503/503/503 502/502/502 504/504/504 
f 505/505/505 506/506/506 507/507/507 
f 507/507/507 506/506/506 508/508/508 
f 509/509/509 510/510/510 511/511/511 
f 511/511/511 510/510/510 512/512/512 
f 513/513/513 514/514/514 515/515/515 
f 515/515/515 514/514/514 516/516/516 
f 517/517/517 518/518/518 519/519/519 
f 519/519/519 518/518/518 520/520/520 
f 521/521/521 522/522/522 523/523/523 
f 523/523/523 522/522/522 524/524/524 

g Part31

v 53.759 11.8076 -302.889 1 1 1 1 
v 53.759 11.8076 -304.339 1 1 1 1 
v 53.7584 2.00757 -302.889 1 1 1 1 
v 53.7584 2.00757 -304.339 1 1 1 1 

vn -1 0 0 
vn -1 0 0 
vn -1 0 0 
vn -1 0 0 

vt 0.241669 1 
vt 0 1 
vt 0.241669 -0.633333 
vt 0 -0.633333 

usemtl Part6Mtl

f 525/525/525 526/526/526 527/527/527 
f 527/527/527 526/526/526 528/528/528 

g Part32

v 54.1837 4.40762 -302.93 1 1 1 1 
v 54.1837 4.40762 -299.63 1 1 1 1 
v 54.1835 2.00761 -302.93 1 1 1 1 
v 54.1835 2.00761 -299.63 1 1 1 1 
v 53.7637 4.40765 -299.63 1 1 1 1 
v 54.1837 4.40762 -299.63 1 1 1 1 
v 53.7637 4.40765 -302.93 1 1 1 1 
v 54.1837 4.40762 -302.93 1 1 1 1 
v 54.1837 4.40762 -299.63 1 1 1 1 
v 53.7637 4.40765 -299.63 1 1 1 1 
v 54.1835 2.00761 -299.63 1 1 1 1 
v 53.7635 2.00764 -299.63 1 1 1 1 
v 53.7637 4.40765 -299.63 1 1 1 1 
v 53.7637 4.40765 -302.93 1 1 1 1 
v 53.7635 2.00764 -299.63 1 1 1 1 
v 53.7635 2.00764 -302.93 1 1 1 1 
v 53.7635 2.00764 -302.93 1 1 1 1 
v 54.1835 2.00761 -302.93 1 1 1 1 
v 53.7635 2.00764 -299.63 1 1 1 1 
v 54.1835 2.00761 -299.63 1 1 1 1 
v 53.7637 4.40765 -302.93 1 1 1 1 
v 54.1837 4.40762 -302.93 1 1 1 1 
v 53.7635 2.00764 -302.93 1 1 1 1 
v 54.1835 2.00761 -302.93 1 1 1 1 

vn 1 0 0 
vn 1 0 0 
vn 1 0 0 
vn 1 0 0 
vn 0 1 0 
vn 0 1 0 
vn 0 1 0 
vn 0 1 0 
vn 0 0 1 
vn 0 0 1 
vn 0 0 1 
vn 0 0 1 
vn -1 0 0 
vn -1 0 0 
vn -1 0 0 
vn -1 0 0 
vn 0 -1 0 
vn 0 -1 0 
vn 0 -1 0 
vn 0 -1 0 
vn 0 0 -1 
vn 0 0 -1 
vn 0 0 -1 
vn 0 0 -1 

vt 3.7875 -6.75 
vt 3.375 -6.75 
vt 3.7875 -7.05 
vt 3.375 -7.05 
vt 3.4275 -6.75 
vt 3.375 -6.75 
vt 3.4275 -7.1625 
vt 3.375 -7.1625 
vt 3.4275 -6.75 
vt 3.375 -6.75 
vt 3.4275 -7.05 
vt 3.375 -7.05 
vt 3.7875 -6.75 
vt 3.375 -6.75 
vt 3.7875 -7.05 
vt 3.375 -7.05 
vt 3.4275 -6.75 
vt 3.375 -6.75 
vt 3.4275 -7.1625 
vt 3.375 -7.1625 
vt 3.4275 -6.75 
vt 3.375 -6.75 
vt 3.4275 -7.05 
vt 3.375 -7.05 

usemtl Part1Mtl

f 529/529/529 530/530/530 531/531/531 
f 531/531/531 530/530/530 532/532/532 
f 533/533/533 534/534/534 535/535/535 
f 535/535/535 534/534/534 536/536/536 
f 537/537/537 538/538/538 539/539/539 
f 539/539/539 538/538/538 540/540/540 
f 541/541/541 542/542/542 543/543/543 
f 543/543/543 542/542/542 544/544/544 
f 545/545/545 546/546/546 547/547/547 
f 547/547/547 546/546/546 548/548/548 
f 549/549/549 550/550/550 551/551/551 
f 551/551/551 550/550/550 552/552/552 

g Part33

v 53.7587 4.40765 -299.63 1 1 1 1 
v 53.7587 4.40765 -302.93 1 1 1 1 
v 53.7585 2.00764 -299.63 1 1 1 1 
v 53.7585 2.00764 -302.93 1 1 1 1 

vn -1 0 0 
vn -1 0 0 
vn -1 0 0 
vn -1 0 0 

vt 0.550003 1 
vt 0 1 
vt 0.550003 0.6 
vt 0 0.6 

usemtl Part6Mtl

f 553/553/553 554/554/554 555/555/555 
f 555/555/555 554/554/554 556/556/556 

g Part34

v 54.1509 11.8075 -321.658 1 1 1 1 
v 45.9208 11.8082 -321.658 1 1 1 1 
v 54.1506 8.90749 -321.658 1 1 1 1 
v 45.9206 8.90816 -321.658 1 1 1 1 
v 45.9208 11.8082 -321.908 1 1 1 1 
v 45.9208 11.8082 -321.658 1 1 1 1 
v 54.1509 11.8075 -321.908 1 1 1 1 
v 54.1509 11.8075 -321.658 1 1 1 1 
v 45.9208 11.8082 -321.658 1 1 1 1 
v 45.9208 11.8082 -321.908 1 1 1 1 
v 45.9206 8.90816 -321.658 1 1 1 1 
v 45.9206 8.90816 -321.908 1 1 1 1 
v 45.9208 11.8082 -321.908 1 1 1 1 
v 54.1509 11.8075 -321.908 1 1 1 1 
v 45.9206 8.90816 -321.908 1 1 1 1 
v 54.1506 8.90749 -321.908 1 1 1 1 
v 54.1506 8.90749 -321.908 1 1 1 1 
v 54.1506 8.90749 -321.658 1 1 1 1 
v 45.9206 8.90816 -321.908 1 1 1 1 
v 45.9206 8.90816 -321.658 1 1 1 1 
v 54.1509 11.8075 -321.908 1 1 1 1 
v 54.1509 11.8075 -321.658 1 1 1 1 
v 54.1506 8.90749 -321.908 1 1 1 1 
v 54.1506 8.90749 -321.658 1 1 1 1 

vn 0 0 1 
vn 0 0 1 
vn 0 0 1 
vn 0 0 1 
vn 0 1 0 
vn 0 1 0 
vn 0 1 0 
vn 0 1 0 
vn -1 0 0 
vn -1 0 0 
vn -1 0 0 
vn -1 0 0 
vn 0 0 -1 
vn 0 0 -1 
vn 0 0 -1 
vn 0 0 -1 
vn 0 -1 0 
vn 0 -1 0 
vn 0 -1 0 
vn 0 -1 0 
vn 1 0 0 
vn 1 0 0 
vn 1 0 0 
vn 1 0 0 

vt 1.15375 -1.75 
vt 0.125 -1.75 
vt 1.15375 -2.1125 
vt 0.125 -2.1125 
vt 0.15625 -1.75 
vt 0.125 -1.75 
vt 0.15625 -2.77875 
vt 0.125 -2.77875 
vt 0.15625 -1.75 
vt 0.125 -1.75 
vt 0.15625 -2.1125 
vt 0.125 -2.1125 
vt 1.15375 -1.75 
vt 0.125 -1.75 
vt 1.15375 -2.1125 
vt 0.125 -2.1125 
vt 0.15625 -1.75 
vt 0.125 -1.75 
vt 0.15625 -2.77875 
vt 0.125 -2.77875 
vt 0.15625 -1.75 
vt 0.125 -1.75 
vt 0.15625 -2.1125 
vt 0.125 -2.1125 

usemtl Part1Mtl

f 557/557/557 558/558/558 559/559/559 
f 559/559/559 558/558/558 560/560/560 
f 561/561/561 562/562/562 563/563/563 
f 563/563/563 562/562/562 564/564/564 
f 565/565/565 566/566/566 567/567/567 
f 567/567/567 566/566/566 568/568/568 
f 569/569/569 570/570/570 571/571/571 
f 571/571/571 570/570/570 572/572/572 
f 573/573/573 574/574/574 575/575/575 
f 575/575/575 574/574/574 576/576/576 
f 577/577/577 578/578/578 579/579/579 
f 579/579/579 578/578/578 580/580/580 

g Part35

v 54.1509 11.8075 -321.653 1 1 1 1 
v 45.9208 11.8082 -321.653 1 1 1 1 
v 54.1506 8.90749 -321.653 1 1 1 1 
v 45.9206 8.90816 -321.653 1 1 1 1 

vn 0 0 1 
vn 0 0 1 
vn 0 0 1 
vn 0 0 1 

vt 1.37167 1 
vt 0 1 
vt 1.37167 0.516666 
vt 0 0.516666 

usemtl Part6Mtl

f 581/581/581 582/582/582 583/583/583 
f 583/583/583 582/582/582 584/584/584 

g Part36

v 54.1511 11.8076 -298.257 1 1 1 1 
v 45.9211 11.8083 -298.257 1 1 1 1 
v 54.1509 8.90759 -298.257 1 1 1 1 
v 45.9209 8.90826 -298.257 1 1 1 1 
v 45.9211 11.8083 -298.507 1 1 1 1 
v 45.9211 11.8083 -298.257 1 1 1 1 
v 54.1511 11.8076 -298.507 1 1 1 1 
v 54.1511 11.8076 -298.257 1 1 1 1 
v 45.9211 11.8083 -298.257 1 1 1 1 
v 45.9211 11.8083 -298.507 1 1 1 1 
v 45.9209 8.90826 -298.257 1 1 1 1 
v 45.9209 8.90826 -298.507 1 1 1 1 
v 45.9211 11.8083 -298.507 1 1 1 1 
v 54.1511 11.8076 -298.507 1 1 1 1 
v 45.9209 8.90826 -298.507 1 1 1 1 
v 54.1509 8.90759 -298.507 1 1 1 1 
v 54.1509 8.90759 -298.507 1 1 1 1 
v 54.1509 8.90759 -298.257 1 1 1 1 
v 45.9209 8.90826 -298.507 1 1 1 1 
v 45.9209 8.90826 -298.257 1 1 1 1 
v 54.1511 11.8076 -298.507 1 1 1 1 
v 54.1511 11.8076 -298.257 1 1 1 1 
v 54.1509 8.90759 -298.507 1 1 1 1 
v 54.1509 8.90759 -298.257 1 1 1 1 

vn 0 0 1 
vn 0 0 1 
vn 0 0 1 
vn 0 0 1 
vn 0 1 0 
vn 0 1 0 
vn 0 1 0 
vn 0 1 0 
vn -1 0 0 
vn -1 0 0 
vn -1 0 0 
vn -1 0 0 
vn 0 0 -1 
vn 0 0 -1 
vn 0 0 -1 
vn 0 0 -1 
vn 0 -1 0 
vn 0 -1 0 
vn 0 -1 0 
vn 0 -1 0 
vn 1 0 0 
vn 1 0 0 
vn 1 0 0 
vn 1 0 0 

vt 8.90375 -0.125 
vt 7.875 -0.125 
vt 8.90375 -0.4875 
vt 7.875 -0.4875 
vt 7.90625 -0.125 
vt 7.875 -0.125 
vt 7.90625 -1.15375 
vt 7.875 -1.15375 
vt 7.90625 -0.125 
vt 7.875 -0.125 
vt 7.90625 -0.4875 
vt 7.875 -0.4875 
vt 8.90375 -0.125 
vt 7.875 -0.125 
vt 8.90375 -0.4875 
vt 7.875 -0.4875 
vt 7.90625 -0.125 
vt 7.875 -0.125 
vt 7.90625 -1.15375 
vt 7.875 -1.15375 
vt 7.90625 -0.125 
vt 7.875 -0.125 
vt 7.90625 -0.4875 
vt 7.875 -0.4875 

usemtl Part1Mtl

f 585/585/585 586/586/586 587/587/587 
f 587/587/587 586/586/586 588/588/588 
f 589/589/589 590/590/590 591/591/591 
f 591/591/591 590/590/590 592/592/592 
f 593/593/593 594/594/594 595/595/595 
f 595/595/595 594/594/594 596/596/596 
f 597/597/597 598/598/598 599/599/599 
f 599/599/599 598/598/598 600/600/600 
f 601/601/601 602/602/602 603/603/603 
f 603/603/603 602/602/602 604/604/604 
f 605/605/605 606/606/606 607/607/607 
f 607/607/607 606/606/606 608/608/608 

g Part37

v 45.9211 11.8083 -298.512 1 1 1 1 
v 54.1511 11.8076 -298.512 1 1 1 1 
v 45.9209 8.90826 -298.512 1 1 1 1 
v 54.1509 8.90759 -298.512 1 1 1 1 

vn 0 0 -1 
vn 0 0 -1 
vn 0 0 -1 
vn 0 0 -1 

vt 1.37167 1 
vt 0 1 
vt 1.37167 0.516666 
vt 0 0.516666 

usemtl Part6Mtl

f 609/609/609 610/610/610 611/611/611 
f 611/611/611 610/610/610 612/612/612 

g Part38

v 45.5378 8.60808 -305.139 1 1 1 1 
v 45.5378 8.60808 -310.739 1 1 1 1 
v 45.5378 8.40808 -305.139 1 1 1 1 
v 45.5378 8.40808 -310.739 1 1 1 1 
v 46.0878 8.60804 -310.739 1 1 1 1 
v 45.5378 8.60808 -310.739 1 1 1 1 
v 46.0878 8.60804 -305.139 1 1 1 1 
v 45.5378 8.60808 -305.139 1 1 1 1 
v 45.5378 8.60808 -310.739 1 1 1 1 
v 46.0878 8.60804 -310.739 1 1 1 1 
v 45.5378 8.40808 -310.739 1 1 1 1 
v 46.0878 8.40804 -310.739 1 1 1 1 
v 46.0878 8.60804 -310.739 1 1 1 1 
v 46.0878 8.60804 -305.139 1 1 1 1 
v 46.0878 8.40804 -310.739 1 1 1 1 
v 46.0878 8.40804 -305.139 1 1 1 1 
v 46.0878 8.40804 -305.139 1 1 1 1 
v 45.5378 8.40808 -305.139 1 1 1 1 
v 46.0878 8.40804 -310.739 1 1 1 1 
v 45.5378 8.40808 -310.739 1 1 1 1 
v 46.0878 8.60804 -305.139 1 1 1 1 
v 45.5378 8.60808 -305.139 1 1 1 1 
v 46.0878 8.40804 -305.139 1 1 1 1 
v 45.5378 8.40808 -305.139 1 1 1 1 

vn -1 0 0 
vn -1 0 0 
vn -1 0 0 
vn -1 0 0 
vn 0 1 0 
vn 0 1 0 
vn 0 1 0 
vn 0 1 0 
vn 0 0 -1 
vn 0 0 -1 
vn 0 0 -1 
vn 0 0 -1 
vn 1 0 0 
vn 1 0 0 
vn 1 0 0 
vn 1 0 0 
vn 0 -1 0 
vn 0 -1 0 
vn 0 -1 0 
vn 0 -1 0 
vn 0 0 1 
vn 0 0 1 
vn 0 0 1 
vn 0 0 1 

vt 2.575 -5.375 
vt 1.875 -5.375 
vt 2.575 -5.4 
vt 1.875 -5.4 
vt 1.94375 -5.375 
vt 1.875 -5.375 
vt 1.94375 -6.075 
vt 1.875 -6.075 
vt 1.94375 -5.375 
vt 1.875 -5.375 
vt 1.94375 -5.4 
vt 1.875 -5.4 
vt 2.575 -5.375 
vt 1.875 -5.375 
vt 2.575 -5.4 
vt 1.875 -5.4 
vt 1.94375 -5.375 
vt 1.875 -5.375 
vt 1.94375 -6.075 
vt 1.875 -6.075 
vt 1.94375 -5.375 
vt 1.875 -5.375 
vt 1.94375 -5.4 
vt 1.875 -5.4 

usemtl Part1Mtl

f 613/613/613 614/614/614 615/615/615 
f 615/615/615 614/614/614 616/616/616 
f 617/617/617 618/618/618 619/619/619 
f 619/619/619 618/618/618 620/620/620 
f 621/621/621 622/622/622 623/623/623 
f 623/623/623 622/622/622 624/624/624 
f 625/625/625 626/626/626 627/627/627 
f 627/627/627 626/626/626 628/628/628 
f 629/629/629 630/630/630 631/631/631 
f 631/631/631 630/630/630 632/632/632 
f 633/633/633 634/634/634 635/635/635 
f 635/635/635 634/634/634 636/636/636 

g Part39

v 51.6453 8.60817 -304.297 1 1 1 1 
v 47.4453 8.60825 -304.297 1 1 1 1 
v 51.6453 8.40817 -304.297 1 1 1 1 
v 47.4453 8.40825 -304.297 1 1 1 1 
v 47.4453 8.60821 -304.847 1 1 1 1 
v 47.4453 8.60825 -304.297 1 1 1 1 
v 51.6453 8.60813 -304.847 1 1 1 1 
v 51.6453 8.60817 -304.297 1 1 1 1 
v 47.4453 8.60825 -304.297 1 1 1 1 
v 47.4453 8.60821 -304.847 1 1 1 1 
v 47.4453 8.40825 -304.297 1 1 1 1 
v 47.4453 8.40821 -304.847 1 1 1 1 
v 47.4453 8.60821 -304.847 1 1 1 1 
v 51.6453 8.60813 -304.847 1 1 1 1 
v 47.4453 8.40821 -304.847 1 1 1 1 
v 51.6453 8.40813 -304.847 1 1 1 1 
v 51.6453 8.40813 -304.847 1 1 1 1 
v 51.6453 8.40817 -304.297 1 1 1 1 
v 47.4453 8.40821 -304.847 1 1 1 1 
v 47.4453 8.40825 -304.297 1 1 1 1 
v 51.6453 8.60813 -304.847 1 1 1 1 
v 51.6453 8.60817 -304.297 1 1 1 1 
v 51.6453 8.40813 -304.847 1 1 1 1 
v 51.6453 8.40817 -304.297 1 1 1 1 

vn 0 0 1 
vn 0 0 1 
vn 0 0 1 
vn 0 0 1 
vn 0 1 0 
vn 0 1 0 
vn 0 1 0 
vn 0 1 0 
vn -1 0 0 
vn -1 0 0 
vn -1 0 0 
vn -1 0 0 
vn 0 0 -1 
vn 0 0 -1 
vn 0 0 -1 
vn 0 0 -1 
vn 0 -1 0 
vn 0 -1 0 
vn 0 -1 0 
vn 0 -1 0 
vn 1 0 0 
vn 1 0 0 
vn 1 0 0 
vn 1 0 0 

vt 7.775 -3.5 
vt 7.25 -3.5 
vt 7.775 -3.525 
vt 7.25 -3.525 
vt 7.31875 -3.5 
vt 7.25 -3.5 
vt 7.31875 -4.025 
vt 7.25 -4.025 
vt 7.31875 -3.5 
vt 7.25 -3.5 
vt 7.31875 -3.525 
vt 7.25 -3.525 
vt 7.775 -3.5 
vt 7.25 -3.5 
vt 7.775 -3.525 
vt 7.25 -3.525 
vt 7.31875 -3.5 
vt 7.25 -3.5 
vt 7.31875 -4.025 
vt 7.25 -4.025 
vt 7.31875 -3.5 
vt 7.25 -3.5 
vt 7.31875 -3.525 
vt 7.25 -3.525 

usemtl Part1Mtl

f 637/637/637 638/638/638 639/639/639 
f 639/639/639 638/638/638 640/640/640 
f 641/641/641 642/642/642 643/643/643 
f 643/643/643 642/642/642 644/644/644 
f 645/645/645 646/646/646 647/647/647 
f 647/647/647 646/646/646 648/648/648 
f 649/649/649 650/650/650 651/651/651 
f 651/651/651 650/650/650 652/652/652 
f 653/653/653 654/654/654 655/655/655 
f 655/655/655 654/654/654 656/656/656 
f 657/657/657 658/658/658 659/659/659 
f 659/659/659 658/658/658 660/660/660 

g Part40

v 54.1503 4.41055 -298.257 1 1 1 1 
v 45.9203 4.41122 -298.257 1 1 1 1 
v 54.1501 1.96054 -298.257 1 1 1 1 
v 45.9201 1.96121 -298.257 1 1 1 1 
v 45.9202 4.41122 -298.507 1 1 1 1 
v 45.9203 4.41122 -298.257 1 1 1 1 
v 54.1503 4.41055 -298.507 1 1 1 1 
v 54.1503 4.41055 -298.257 1 1 1 1 
v 45.9203 4.41122 -298.257 1 1 1 1 
v 45.9202 4.41122 -298.507 1 1 1 1 
v 45.9201 1.96121 -298.257 1 1 1 1 
v 45.9201 1.96121 -298.507 1 1 1 1 
v 45.9202 4.41122 -298.507 1 1 1 1 
v 54.1503 4.41055 -298.507 1 1 1 1 
v 45.9201 1.96121 -298.507 1 1 1 1 
v 54.1501 1.96054 -298.507 1 1 1 1 
v 54.1501 1.96054 -298.507 1 1 1 1 
v 54.1501 1.96054 -298.257 1 1 1 1 
v 45.9201 1.96121 -298.507 1 1 1 1 
v 45.9201 1.96121 -298.257 1 1 1 1 
v 54.1503 4.41055 -298.507 1 1 1 1 
v 54.1503 4.41055 -298.257 1 1 1 1 
v 54.1501 1.96054 -298.507 1 1 1 1 
v 54.1501 1.96054 -298.257 1 1 1 1 

vn 0 0 1 
vn 0 0 1 
vn 0 0 1 
vn 0 0 1 
vn 0 1 0 
vn 0 1 0 
vn 0 1 0 
vn 0 1 0 
vn -1 0 0 
vn -1 0 0 
vn -1 0 0 
vn -1 0 0 
vn 0 0 -1 
vn 0 0 -1 
vn 0 0 -1 
vn 0 0 -1 
vn 0 -1 0 
vn 0 -1 0 
vn 0 -1 0 
vn 0 -1 0 
vn 1 0 0 
vn 1 0 0 
vn 1 0 0 
vn 1 0 0 

vt 1.15375 -6.625 
vt 0.125 -6.625 
vt 1.15375 -6.93125 
vt 0.125 -6.93125 
vt 0.15625 -6.625 
vt 0.125 -6.625 
vt 0.15625 -7.65375 
vt 0.125 -7.65375 
vt 0.15625 -6.625 
vt 0.125 -6.625 
vt 0.15625 -6.93125 
vt 0.125 -6.93125 
vt 1.15375 -6.625 
vt 0.125 -6.625 
vt 1.15375 -6.93125 
vt 0.125 -6.93125 
vt 0.15625 -6.625 
vt 0.125 -6.625 
vt 0.15625 -7.65375 
vt 0.125 -7.65375 
vt 0.15625 -6.625 
vt 0.125 -6.625 
vt 0.15625 -6.93125 
vt 0.125 -6.93125 

usemtl Part1Mtl

f 661/661/661 662/662/662 663/663/663 
f 663/663/663 662/662/662 664/664/664 
f 665/665/665 666/666/666 667/667/667 
f 667/667/667 666/666/666 668/668/668 
f 669/669/669 670/670/670 671/671/671 
f 671/671/671 670/670/670 672/672/672 
f 673/673/673 674/674/674 675/675/675 
f 675/675/675 674/674/674 676/676/676 
f 677/677/677 678/678/678 679/679/679 
f 679/679/679 678/678/678 680/680/680 
f 681/681/681 682/682/682 683/683/683 
f 683/683/683 682/682/682 684/684/684 

g Part41

v 45.9202 4.41122 -298.512 1 1 1 1 
v 54.1503 4.41055 -298.512 1 1 1 1 
v 45.9201 1.96121 -298.512 1 1 1 1 
v 54.1501 1.96054 -298.512 1 1 1 1 

vn 0 0 -1 
vn 0 0 -1 
vn 0 0 -1 
vn 0 0 -1 

vt 1.37167 1 
vt 0 1 
vt 1.37167 0.591666 
vt 0 0.591666 

usemtl Part6Mtl

f 685/685/685 686/686/686 687/687/687 
f 687/687/687 686/686/686 688/688/688 

g Part42

v 48.1504 9.00804 -321.658 1 1 1 1 
v 45.9204 9.00822 -321.658 1 1 1 1 
v 48.15 4.40802 -321.658 1 1 1 1 
v 45.92 4.4082 -321.658 1 1 1 1 
v 45.9204 9.00822 -321.908 1 1 1 1 
v 45.9204 9.00822 -321.658 1 1 1 1 
v 48.1504 9.00804 -321.908 1 1 1 1 
v 48.1504 9.00804 -321.658 1 1 1 1 
v 45.9204 9.00822 -321.658 1 1 1 1 
v 45.9204 9.00822 -321.908 1 1 1 1 
v 45.92 4.4082 -321.658 1 1 1 1 
v 45.92 4.4082 -321.908 1 1 1 1 
v 45.9204 9.00822 -321.908 1 1 1 1 
v 48.1504 9.00804 -321.908 1 1 1 1 
v 45.92 4.4082 -321.908 1 1 1 1 
v 48.15 4.40802 -321.908 1 1 1 1 
v 48.15 4.40802 -321.908 1 1 1 1 
v 48.15 4.40802 -321.658 1 1 1 1 
v 45.92 4.4082 -321.908 1 1 1 1 
v 45.92 4.4082 -321.658 1 1 1 1 
v 48.1504 9.00804 -321.908 1 1 1 1 
v 48.1504 9.00804 -321.658 1 1 1 1 
v 48.15 4.40802 -321.908 1 1 1 1 
v 48.15 4.40802 -321.658 1 1 1 1 

vn 0 0 1 
vn 0 0 1 
vn 0 0 1 
vn 0 0 1 
vn 0 1 0 
vn 0 1 0 
vn 0 1 0 
vn 0 1 0 
vn -1 0 0 
vn -1 0 0 
vn -1 0 0 
vn -1 0 0 
vn 0 0 -1 
vn 0 0 -1 
vn 0 0 -1 
vn 0 0 -1 
vn 0 -1 0 
vn 0 -1 0 
vn 0 -1 0 
vn 0 -1 0 
vn 1 0 0 
vn 1 0 0 
vn 1 0 0 
vn 1 0 0 

vt 0.903752 -0.125 
vt 0.625 -0.125 
vt 0.903752 -0.700001 
vt 0.625 -0.700001 
vt 0.65625 -0.125 
vt 0.625 -0.125 
vt 0.65625 -0.403752 
vt 0.625 -0.403752 
vt 0.65625 -0.125 
vt 0.625 -0.125 
vt 0.65625 -0.700001 
vt 0.625 -0.700001 
vt 0.903752 -0.125 
vt 0.625 -0.125 
vt 0.903752 -0.700001 
vt 0.625 -0.700001 
vt 0.65625 -0.125 
vt 0.625 -0.125 
vt 0.65625 -0.403752 
vt 0.625 -0.403752 
vt 0.65625 -0.125 
vt 0.625 -0.125 
vt 0.65625 -0.700001 
vt 0.625 -0.700001 

usemtl Part1Mtl

f 689/689/689 690/690/690 691/691/691 
f 691/691/691 690/690/690 692/692/692 
f 693/693/693 694/694/694 695/695/695 
f 695/695/695 694/694/694 696/696/696 
f 697/697/697 698/698/698 699/699/699 
f 699/699/699 698/698/698 700/700/700 
f 701/701/701 702/702/702 703/703/703 
f 703/703/703 702/702/702 704/704/704 
f 705/705/705 706/706/706 707/707/707 
f 707/707/707 706/706/706 708/708/708 
f 709/709/709 710/710/710 711/711/711 
f 711/711/711 710/710/710 712/712/712 

g Part43

v 48.1504 9.00804 -321.653 1 1 1 1 
v 45.9204 9.00822 -321.653 1 1 1 1 
v 48.15 4.40802 -321.653 1 1 1 1 
v 45.92 4.4082 -321.653 1 1 1 1 

vn 0 0 1 
vn 0 0 1 
vn 0 0 1 
vn 0 0 1 

vt 0.371669 1 
vt 0 1 
vt 0.371669 0.233333 
vt 0 0.233333 

usemtl Part6Mtl

f 713/713/713 714/714/714 715/715/715 
f 715/715/715 714/714/714 716/716/716 

g Part44

v 45.538 8.60824 -310.604 1 1 1 1 
v 45.538 8.60824 -310.804 1 1 1 1 
v 45.5376 2.00822 -310.604 1 1 1 1 
v 45.5376 2.00822 -310.804 1 1 1 1 
v 46.088 8.60821 -310.804 1 1 1 1 
v 45.538 8.60824 -310.804 1 1 1 1 
v 46.088 8.60821 -310.604 1 1 1 1 
v 45.538 8.60824 -310.604 1 1 1 1 
v 45.538 8.60824 -310.804 1 1 1 1 
v 46.088 8.60821 -310.804 1 1 1 1 
v 45.5376 2.00822 -310.804 1 1 1 1 
v 46.0876 2.00819 -310.804 1 1 1 1 
v 46.088 8.60821 -310.804 1 1 1 1 
v 46.088 8.60821 -310.604 1 1 1 1 
v 46.0876 2.00819 -310.804 1 1 1 1 
v 46.0876 2.00819 -310.604 1 1 1 1 
v 46.0876 2.00819 -310.604 1 1 1 1 
v 45.5376 2.00822 -310.604 1 1 1 1 
v 46.0876 2.00819 -310.804 1 1 1 1 
v 45.5376 2.00822 -310.804 1 1 1 1 
v 46.088 8.60821 -310.604 1 1 1 1 
v 45.538 8.60824 -310.604 1 1 1 1 
v 46.0876 2.00819 -310.604 1 1 1 1 
v 45.5376 2.00822 -310.604 1 1 1 1 

vn -1 0 0 
vn -1 0 0 
vn -1 0 0 
vn -1 0 0 
vn 0 1 0 
vn 0 1 0 
vn 0 1 0 
vn 0 1 0 
vn 0 0 -1 
vn 0 0 -1 
vn 0 0 -1 
vn 0 0 -1 
vn 1 0 0 
vn 1 0 0 
vn 1 0 0 
vn 1 0 0 
vn 0 -1 0 
vn 0 -1 0 
vn 0 -1 0 
vn 0 -1 0 
vn 0 0 1 
vn 0 0 1 
vn 0 0 1 
vn 0 0 1 

vt 0.4 -1 
vt 0.375 -1 
vt 0.4 -1.825 
vt 0.375 -1.825 
vt 0.44375 -1 
vt 0.375 -1 
vt 0.44375 -1.025 
vt 0.375 -1.025 
vt 0.44375 -1 
vt 0.375 -1 
vt 0.44375 -1.825 
vt 0.375 -1.825 
vt 0.4 -1 
vt 0.375 -1 
vt 0.4 -1.825 
vt 0.375 -1.825 
vt 0.44375 -1 
vt 0.375 -1 
vt 0.44375 -1.025 
vt 0.375 -1.025 
vt 0.44375 -1 
vt 0.375 -1 
vt 0.44375 -1.825 
vt 0.375 -1.825 

usemtl Part1Mtl

f 717/717/717 718/718/718 719/719/719 
f 719/719/719 718/718/718 720/720/720 
f 721/721/721 722/722/722 723/723/723 
f 723/723/723 722/722/722 724/724/724 
f 725/725/725 726/726/726 727/727/727 
f 727/727/727 726/726/726 728/728/728 
f 729/729/729 730/730/730 731/731/731 
f 731/731/731 730/730/730 732/732/732 
f 733/733/733 734/734/734 735/735/735 
f 735/735/735 734/734/734 736/736/736 
f 737/737/737 738/738/738 739/739/739 
f 739/739/739 738/738/738 740/740/740 

g Part45

v 32.6097 11.8072 -298.487 1 1 1 1 
v 32.6096 11.8074 -301.127 1 1 1 1 
v 32.6097 4.33721 -298.487 1 1 1 1 
v 32.6096 4.33737 -301.128 1 1 1 1 
v 33.1596 11.8074 -301.127 1 1 1 1 
v 32.6096 11.8074 -301.127 1 1 1 1 
v 33.1597 11.8072 -298.487 1 1 1 1 
v 32.6097 11.8072 -298.487 1 1 1 1 
v 32.6096 11.8074 -301.127 1 1 1 1 
v 33.1596 11.8074 -301.127 1 1 1 1 
v 32.6096 4.33737 -301.128 1 1 1 1 
v 33.1596 4.33737 -301.128 1 1 1 1 
v 33.1596 11.8074 -301.127 1 1 1 1 
v 33.1597 11.8072 -298.487 1 1 1 1 
v 33.1596 4.33737 -301.128 1 1 1 1 
v 33.1597 4.33721 -298.487 1 1 1 1 
v 33.1597 4.33721 -298.487 1 1 1 1 
v 32.6097 4.33721 -298.487 1 1 1 1 
v 33.1596 4.33737 -301.128 1 1 1 1 
v 32.6096 4.33737 -301.128 1 1 1 1 
v 33.1597 11.8072 -298.487 1 1 1 1 
v 32.6097 11.8072 -298.487 1 1 1 1 
v 33.1597 4.33721 -298.487 1 1 1 1 
v 32.6097 4.33721 -298.487 1 1 1 1 

vn -1 0 0 
vn -1 0 0 
vn -1 0 0 
vn -1 0 0 
vn 0 1 0 
vn 0 1 0 
vn 0 1 0 
vn 0 1 0 
vn 0 0 -1 
vn 0 0 -1 
vn 0 0 -1 
vn 0 0 -1 
vn 1 0 0 
vn 1 0 0 
vn 1 0 0 
vn 1 0 0 
vn 0 -1 0 
vn 0 -1 0 
vn 0 -1 0 
vn 0 -1 0 
vn 0 0 1 
vn 0 0 1 
vn 0 0 1 
vn 0 0 1 

vt 6.58 -6.25 
vt 6.25 -6.25 
vt 6.58 -7.18375 
vt 6.25 -7.18375 
vt 6.31875 -6.25 
vt 6.25 -6.25 
vt 6.31875 -6.58 
vt 6.25 -6.58 
vt 6.31875 -6.25 
vt 6.25 -6.25 
vt 6.31875 -7.18375 
vt 6.25 -7.18375 
vt 6.58 -6.25 
vt 6.25 -6.25 
vt 6.58 -7.18375 
vt 6.25 -7.18375 
vt 6.31875 -6.25 
vt 6.25 -6.25 
vt 6.31875 -6.58 
vt 6.25 -6.58 
vt 6.31875 -6.25 
vt 6.25 -6.25 
vt 6.31875 -7.18375 
vt 6.25 -7.18375 

usemtl Part1Mtl

f 741/741/741 742/742/742 743/743/743 
f 743/743/743 742/742/742 744/744/744 
f 745/745/745 746/746/746 747/747/747 
f 747/747/747 746/746/746 748/748/748 
f 749/749/749 750/750/750 751/751/751 
f 751/751/751 750/750/750 752/752/752 
f 753/753/753 754/754/754 755/755/755 
f 755/755/755 754/754/754 756/756/756 
f 757/757/757 758/758/758 759/759/759 
f 759/759/759 758/758/758 760/760/760 
f 761/761/761 762/762/762 763/763/763 
f 763/763/763 762/762/762 764/764/764 

g Part46

v 33.1646 11.8074 -301.127 1 1 1 1 
v 33.1647 11.8072 -298.487 1 1 1 1 
v 33.1646 4.33737 -301.128 1 1 1 1 
v 33.1647 4.33721 -298.487 1 1 1 1 

vn 1 0 0 
vn 1 0 0 
vn 1 0 0 
vn 1 0 0 

vt 0.440003 1 
vt 0 1 
vt 0.440003 -0.244999 
vt 0 -0.244999 

usemtl Part8Mtl

f 765/765/765 766/766/766 767/767/767 
f 767/767/767 766/766/766 768/768/768 

g Part47

v 54.1842 11.8076 -299.66 1 1 1 1 
v 54.1842 11.8076 -298.47 1 1 1 1 
v 54.1836 2.00754 -299.66 1 1 1 1 
v 54.1836 2.00754 -298.47 1 1 1 1 
v 53.7642 11.8076 -298.47 1 1 1 1 
v 54.1842 11.8076 -298.47 1 1 1 1 
v 53.7642 11.8076 -299.66 1 1 1 1 
v 54.1842 11.8076 -299.66 1 1 1 1 
v 54.1842 11.8076 -298.47 1 1 1 1 
v 53.7642 11.8076 -298.47 1 1 1 1 
v 54.1836 2.00754 -298.47 1 1 1 1 
v 53.7636 2.00756 -298.47 1 1 1 1 
v 53.7642 11.8076 -298.47 1 1 1 1 
v 53.7642 11.8076 -299.66 1 1 1 1 
v 53.7636 2.00756 -298.47 1 1 1 1 
v 53.7636 2.00756 -299.66 1 1 1 1 
v 53.7636 2.00756 -299.66 1 1 1 1 
v 54.1836 2.00754 -299.66 1 1 1 1 
v 53.7636 2.00756 -298.47 1 1 1 1 
v 54.1836 2.00754 -298.47 1 1 1 1 
v 53.7642 11.8076 -299.66 1 1 1 1 
v 54.1842 11.8076 -299.66 1 1 1 1 
v 53.7636 2.00756 -299.66 1 1 1 1 
v 54.1836 2.00754 -299.66 1 1 1 1 

vn 1 0 0 
vn 1 0 0 
vn 1 0 0 
vn 1 0 0 
vn 0 1 0 
vn 0 1 0 
vn 0 1 0 
vn 0 1 0 
vn 0 0 1 
vn 0 0 1 
vn 0 0 1 
vn 0 0 1 
vn -1 0 0 
vn -1 0 0 
vn -1 0 0 
vn -1 0 0 
vn 0 -1 0 
vn 0 -1 0 
vn 0 -1 0 
vn 0 -1 0 
vn 0 0 -1 
vn 0 0 -1 
vn 0 0 -1 
vn 0 0 -1 

vt 4.77375 0.875 
vt 4.625 0.875 
vt 4.77375 -0.35 
vt 4.625 -0.35 
vt 4.6775 0.875 
vt 4.625 0.875 
vt 4.6775 0.726248 
vt 4.625 0.726248 
vt 4.6775 0.875 
vt 4.625 0.875 
vt 4.6775 -0.35 
vt 4.625 -0.35 
vt 4.77375 0.875 
vt 4.625 0.875 
vt 4.77375 -0.35 
vt 4.625 -0.35 
vt 4.6775 0.875 
vt 4.625 0.875 
vt 4.6775 0.726248 
vt 4.625 0.726248 
vt 4.6775 0.875 
vt 4.625 0.875 
vt 4.6775 -0.35 
vt 4.625 -0.35 

usemtl Part1Mtl

f 769/769/769 770/770/770 771/771/771 
f 771/771/771 770/770/770 772/772/772 
f 773/773/773 774/774/774 775/775/775 
f 775/775/775 774/774/774 776/776/776 
f 777/777/777 778/778/778 779/779/779 
f 779/779/779 778/778/778 780/780/780 
f 781/781/781 782/782/782 783/783/783 
f 783/783/783 782/782/782 784/784/784 
f 785/785/785 786/786/786 787/787/787 
f 787/787/787 786/786/786 788/788/788 
f 789/789/789 790/790/790 791/791/791 
f 791/791/791 790/790/790 792/792/792 

g Part48

v 53.7592 11.8076 -298.47 1 1 1 1 
v 53.7592 11.8076 -299.66 1 1 1 1 
v 53.7586 2.00756 -298.47 1 1 1 1 
v 53.7586 2.00756 -299.66 1 1 1 1 

vn -1 0 0 
vn -1 0 0 
vn -1 0 0 
vn -1 0 0 

vt 0.198336 1 
vt 0 1 
vt 0.198336 -0.633333 
vt 0 -0.633333 

usemtl Part6Mtl

f 793/793/793 794/794/794 795/795/795 
f 795/795/795 794/794/794 796/796/796 

g Part49

v 33.1437 11.8082 -321.754 1 1 1 1 
v 33.1437 11.8082 -319.104 1 1 1 1 
v 33.1431 2.00817 -321.754 1 1 1 1 
v 33.1431 2.00817 -319.104 1 1 1 1 
v 32.9637 11.8082 -319.104 1 1 1 1 
v 33.1437 11.8082 -319.104 1 1 1 1 
v 32.9637 11.8082 -321.754 1 1 1 1 
v 33.1437 11.8082 -321.754 1 1 1 1 
v 33.1437 11.8082 -319.104 1 1 1 1 
v 32.9637 11.8082 -319.104 1 1 1 1 
v 33.1431 2.00817 -319.104 1 1 1 1 
v 32.9631 2.00818 -319.104 1 1 1 1 
v 32.9637 11.8082 -319.104 1 1 1 1 
v 32.9637 11.8082 -321.754 1 1 1 1 
v 32.9631 2.00818 -319.104 1 1 1 1 
v 32.9631 2.00818 -321.754 1 1 1 1 
v 32.9631 2.00818 -321.754 1 1 1 1 
v 33.1431 2.00817 -321.754 1 1 1 1 
v 32.9631 2.00818 -319.104 1 1 1 1 
v 33.1431 2.00817 -319.104 1 1 1 1 
v 32.9637 11.8082 -321.754 1 1 1 1 
v 33.1437 11.8082 -321.754 1 1 1 1 
v 32.9631 2.00818 -321.754 1 1 1 1 
v 33.1431 2.00817 -321.754 1 1 1 1 

vn 1 0 0 
vn 1 0 0 
vn 1 0 0 
vn 1 0 0 
vn 0 1 0 
vn 0 1 0 
vn 0 1 0 
vn 0 1 0 
vn 0 0 1 
vn 0 0 1 
vn 0 0 1 
vn 0 0 1 
vn -1 0 0 
vn -1 0 0 
vn -1 0 0 
vn -1 0 0 
vn 0 -1 0 
vn 0 -1 0 
vn 0 -1 0 
vn 0 -1 0 
vn 0 0 -1 
vn 0 0 -1 
vn 0 0 -1 
vn 0 0 -1 

vt 6.33125 1 
vt 6 1 
vt 6.33125 -0.225 
vt 6 -0.225 
vt 6.0225 1 
vt 6 1 
vt 6.0225 0.668748 
vt 6 0.668748 
vt 6.0225 1 
vt 6 1 
vt 6.0225 -0.225 
vt 6 -0.225 
vt 6.33125 1 
vt 6 1 
vt 6.33125 -0.225 
vt 6 -0.225 
vt 6.0225 1 
vt 6 1 
vt 6.0225 0.668748 
vt 6 0.668748 
vt 6.0225 1 
vt 6 1 
vt 6.0225 -0.225 
vt 6 -0.225 

usemtl Part1Mtl

f 797/797/797 798/798/798 799/799/799 
f 799/799/799 798/798/798 800/800/800 
f 801/801/801 802/802/802 803/803/803 
f 803/803/803 802/802/802 804/804/804 
f 805/805/805 806/806/806 807/807/807 
f 807/807/807 806/806/806 808/808/808 
f 809/809/809 810/810/810 811/811/811 
f 811/811/811 810/810/810 812/812/812 
f 813/813/813 814/814/814 815/815/815 
f 815/815/815 814/814/814 816/816/816 
f 817/817/817 818/818/818 819/819/819 
f 819/819/819 818/818/818 820/820/820 

g Part50

v 33.1487 11.8082 -321.754 1 1 1 1 
v 33.1487 11.8082 -319.104 1 1 1 1 
v 33.1481 2.00817 -321.754 1 1 1 1 
v 33.1481 2.00817 -319.104 1 1 1 1 

vn 1 0 0 
vn 1 0 0 
vn 1 0 0 
vn 1 0 0 

vt 1.32501 1 
vt 0 1 
vt 1.32501 -3.9 
vt 0 -3.9 

usemtl Part4Mtl

f 821/821/821 822/822/822 823/823/823 
f 823/823/823 822/822/822 824/824/824 

g Part51

v 45.5495 11.8074 -321.669 1 1 1 1 
v 45.0995 11.8074 -321.669 1 1 1 1 
v 45.5487 2.00737 -321.669 1 1 1 1 
v 45.0987 2.00741 -321.669 1 1 1 1 
v 45.0995 11.8074 -321.939 1 1 1 1 
v 45.0995 11.8074 -321.669 1 1 1 1 
v 45.5495 11.8074 -321.939 1 1 1 1 
v 45.5495 11.8074 -321.669 1 1 1 1 
v 45.0995 11.8074 -321.669 1 1 1 1 
v 45.0995 11.8074 -321.939 1 1 1 1 
v 45.0987 2.00741 -321.669 1 1 1 1 
v 45.0987 2.00741 -321.939 1 1 1 1 
v 45.0995 11.8074 -321.939 1 1 1 1 
v 45.5495 11.8074 -321.939 1 1 1 1 
v 45.0987 2.00741 -321.939 1 1 1 1 
v 45.5487 2.00737 -321.939 1 1 1 1 
v 45.5487 2.00737 -321.939 1 1 1 1 
v 45.5487 2.00737 -321.669 1 1 1 1 
v 45.0987 2.00741 -321.939 1 1 1 1 
v 45.0987 2.00741 -321.669 1 1 1 1 
v 45.5495 11.8074 -321.939 1 1 1 1 
v 45.5495 11.8074 -321.669 1 1 1 1 
v 45.5487 2.00737 -321.939 1 1 1 1 
v 45.5487 2.00737 -321.669 1 1 1 1 

vn 0 0 1 
vn 0 0 1 
vn 0 0 1 
vn 0 0 1 
vn 0 1 0 
vn 0 1 0 
vn 0 1 0 
vn 0 1 0 
vn -1 0 0 
vn -1 0 0 
vn -1 0 0 
vn -1 0 0 
vn 0 0 -1 
vn 0 0 -1 
vn 0 0 -1 
vn 0 0 -1 
vn 0 -1 0 
vn 0 -1 0 
vn 0 -1 0 
vn 0 -1 0 
vn 1 0 0 
vn 1 0 0 
vn 1 0 0 
vn 1 0 0 

vt 6.30625 0.375 
vt 6.25 0.375 
vt 6.30625 -0.85 
vt 6.25 -0.85 
vt 6.28375 0.375 
vt 6.25 0.375 
vt 6.28375 0.318748 
vt 6.25 0.318748 
vt 6.28375 0.375 
vt 6.25 0.375 
vt 6.28375 -0.85 
vt 6.25 -0.85 
vt 6.30625 0.375 
vt 6.25 0.375 
vt 6.30625 -0.85 
vt 6.25 -0.85 
vt 6.28375 0.375 
vt 6.25 0.375 
vt 6.28375 0.318748 
vt 6.25 0.318748 
vt 6.28375 0.375 
vt 6.25 0.375 
vt 6.28375 -0.85 
vt 6.25 -0.85 

usemtl Part1Mtl

f 825/825/825 826/826/826 827/827/827 
f 827/827/827 826/826/826 828/828/828 
f 829/829/829 830/830/830 831/831/831 
f 831/831/831 830/830/830 832/832/832 
f 833/833/833 834/834/834 835/835/835 
f 835/835/835 834/834/834 836/836/836 
f 837/837/837 838/838/838 839/839/839 
f 839/839/839 838/838/838 840/840/840 
f 841/841/841 842/842/842 843/843/843 
f 843/843/843 842/842/842 844/844/844 
f 845/845/845 846/846/846 847/847/847 
f 847/847/847 846/846/846 848/848/848 

g Part52

v 45.5495 11.8074 -321.664 1 1 1 1 
v 45.0995 11.8074 -321.664 1 1 1 1 
v 45.5487 2.00737 -321.664 1 1 1 1 
v 45.0987 2.00741 -321.664 1 1 1 1 

vn 0 0 1 
vn 0 0 1 
vn 0 0 1 
vn 0 0 1 

vt 0.225008 1 
vt 0 1 
vt 0.225008 -3.9 
vt 0 -3.9 

usemtl Part4Mtl

f 849/849/849 850/850/850 851/851/851 
f 851/851/851 850/850/850 852/852/852 

g Part53

v 35.7521 11.808 -321.669 1 1 1 1 
v 33.1021 11.8082 -321.669 1 1 1 1 
v 35.7513 2.008 -321.669 1 1 1 1 
v 33.1013 2.00821 -321.669 1 1 1 1 
v 33.1021 11.8082 -321.939 1 1 1 1 
v 33.1021 11.8082 -321.669 1 1 1 1 
v 35.7521 11.808 -321.939 1 1 1 1 
v 35.7521 11.808 -321.669 1 1 1 1 
v 33.1021 11.8082 -321.669 1 1 1 1 
v 33.1021 11.8082 -321.939 1 1 1 1 
v 33.1013 2.00821 -321.669 1 1 1 1 
v 33.1013 2.00821 -321.939 1 1 1 1 
v 33.1021 11.8082 -321.939 1 1 1 1 
v 35.7521 11.808 -321.939 1 1 1 1 
v 33.1013 2.00821 -321.939 1 1 1 1 
v 35.7513 2.008 -321.939 1 1 1 1 
v 35.7513 2.008 -321.939 1 1 1 1 
v 35.7513 2.008 -321.669 1 1 1 1 
v 33.1013 2.00821 -321.939 1 1 1 1 
v 33.1013 2.00821 -321.669 1 1 1 1 
v 35.7521 11.808 -321.939 1 1 1 1 
v 35.7521 11.808 -321.669 1 1 1 1 
v 35.7513 2.008 -321.939 1 1 1 1 
v 35.7513 2.008 -321.669 1 1 1 1 

vn 0 0 1 
vn 0 0 1 
vn 0 0 1 
vn 0 0 1 
vn 0 1 0 
vn 0 1 0 
vn 0 1 0 
vn 0 1 0 
vn -1 0 0 
vn -1 0 0 
vn -1 0 0 
vn -1 0 0 
vn 0 0 -1 
vn 0 0 -1 
vn 0 0 -1 
vn 0 0 -1 
vn 0 -1 0 
vn 0 -1 0 
vn 0 -1 0 
vn 0 -1 0 
vn 1 0 0 
vn 1 0 0 
vn 1 0 0 
vn 1 0 0 

vt 6.58125 -2.375 
vt 6.25 -2.375 
vt 6.58125 -3.6 
vt 6.25 -3.6 
vt 6.28375 -2.375 
vt 6.25 -2.375 
vt 6.28375 -2.70625 
vt 6.25 -2.70625 
vt 6.28375 -2.375 
vt 6.25 -2.375 
vt 6.28375 -3.6 
vt 6.25 -3.6 
vt 6.58125 -2.375 
vt 6.25 -2.375 
vt 6.58125 -3.6 
vt 6.25 -3.6 
vt 6.28375 -2.375 
vt 6.25 -2.375 
vt 6.28375 -2.70625 
vt 6.25 -2.70625 
vt 6.28375 -2.375 
vt 6.25 -2.375 
vt 6.28375 -3.6 
vt 6.25 -3.6 

usemtl Part1Mtl

f 853/853/853 854/854/854 855/855/855 
f 855/855/855 854/854/854 856/856/856 
f 857/857/857 858/858/858 859/859/859 
f 859/859/859 858/858/858 860/860/860 
f 861/861/861 862/862/862 863/863/863 
f 863/863/863 862/862/862 864/864/864 
f 865/865/865 866/866/866 867/867/867 
f 867/867/867 866/866/866 868/868/868 
f 869/869/869 870/870/870 871/871/871 
f 871/871/871 870/870/870 872/872/872 
f 873/873/873 874/874/874 875/875/875 
f 875/875/875 874/874/874 876/876/876 

g Part54

v 35.7521 11.808 -321.664 1 1 1 1 
v 33.1021 11.8082 -321.664 1 1 1 1 
v 35.7513 2.008 -321.664 1 1 1 1 
v 33.1013 2.00821 -321.664 1 1 1 1 

vn 0 0 1 
vn 0 0 1 
vn 0 0 1 
vn 0 0 1 

vt 1.32501 1 
vt 0 1 
vt 1.32501 -3.9 
vt 0 -3.9 

usemtl Part4Mtl

f 877/877/877 878/878/878 879/879/879 
f 879/879/879 878/878/878 880/880/880 

g Part55

v 41.9535 11.8076 -321.669 1 1 1 1 
v 38.9634 11.8078 -321.669 1 1 1 1 
v 41.9527 2.00755 -321.669 1 1 1 1 
v 38.9626 2.00779 -321.669 1 1 1 1 
v 38.9634 11.8078 -321.939 1 1 1 1 
v 38.9634 11.8078 -321.669 1 1 1 1 
v 41.9535 11.8076 -321.939 1 1 1 1 
v 41.9535 11.8076 -321.669 1 1 1 1 
v 38.9634 11.8078 -321.669 1 1 1 1 
v 38.9634 11.8078 -321.939 1 1 1 1 
v 38.9626 2.00779 -321.669 1 1 1 1 
v 38.9626 2.00779 -321.939 1 1 1 1 
v 38.9634 11.8078 -321.939 1 1 1 1 
v 41.9535 11.8076 -321.939 1 1 1 1 
v 38.9626 2.00779 -321.939 1 1 1 1 
v 41.9527 2.00755 -321.939 1 1 1 1 
v 41.9527 2.00755 -321.939 1 1 1 1 
v 41.9527 2.00755 -321.669 1 1 1 1 
v 38.9626 2.00779 -321.939 1 1 1 1 
v 38.9626 2.00779 -321.669 1 1 1 1 
v 41.9535 11.8076 -321.939 1 1 1 1 
v 41.9535 11.8076 -321.669 1 1 1 1 
v 41.9527 2.00755 -321.939 1 1 1 1 
v 41.9527 2.00755 -321.669 1 1 1 1 

vn 0 0 1 
vn 0 0 1 
vn 0 0 1 
vn 0 0 1 
vn 0 1 0 
vn 0 1 0 
vn 0 1 0 
vn 0 1 0 
vn -1 0 0 
vn -1 0 0 
vn -1 0 0 
vn -1 0 0 
vn 0 0 -1 
vn 0 0 -1 
vn 0 0 -1 
vn 0 0 -1 
vn 0 -1 0 
vn 0 -1 0 
vn 0 -1 0 
vn 0 -1 0 
vn 1 0 0 
vn 1 0 0 
vn 1 0 0 
vn 1 0 0 

vt 6.87375 -1.625 
vt 6.5 -1.625 
vt 6.87375 -2.85 
vt 6.5 -2.85 
vt 6.53375 -1.625 
vt 6.5 -1.625 
vt 6.53375 -1.99875 
vt 6.5 -1.99875 
vt 6.53375 -1.625 
vt 6.5 -1.625 
vt 6.53375 -2.85 
vt 6.5 -2.85 
vt 6.87375 -1.625 
vt 6.5 -1.625 
vt 6.87375 -2.85 
vt 6.5 -2.85 
vt 6.53375 -1.625 
vt 6.5 -1.625 
vt 6.53375 -1.99875 
vt 6.5 -1.99875 
vt 6.53375 -1.625 
vt 6.5 -1.625 
vt 6.53375 -2.85 
vt 6.5 -2.85 

usemtl Part1Mtl

f 881/881/881 882/882/882 883/883/883 
f 883/883/883 882/882/882 884/884/884 
f 885/885/885 886/886/886 887/887/887 
f 887/887/887 886/886/886 888/888/888 
f 889/889/889 890/890/890 891/891/891 
f 891/891/891 890/890/890 892/892/892 
f 893/893/893 894/894/894 895/895/895 
f 895/895/895 894/894/894 896/896/896 
f 897/897/897 898/898/898 899/899/899 
f 899/899/899 898/898/898 900/900/900 
f 901/901/901 902/902/902 903/903/903 
f 903/903/903 902/902/902 904/904/904 

g Part56

v 41.9535 11.8076 -321.664 1 1 1 1 
v 38.9634 11.8078 -321.664 1 1 1 1 
v 41.9527 2.00755 -321.664 1 1 1 1 
v 38.9626 2.00779 -321.664 1 1 1 1 

vn 0 0 1 
vn 0 0 1 
vn 0 0 1 
vn 0 0 1 

vt 1.49501 1 
vt 0 1 
vt 1.49501 -3.9 
vt 0 -3.9 

usemtl Part4Mtl

f 905/905/905 906/906/906 907/907/907 
f 907/907/907 906/906/906 908/908/908 

g Part57

v 33.1432 4.37811 -321.754 1 1 1 1 
v 33.1431 4.37811 -314.814 1 1 1 1 
v 33.143 2.00811 -321.754 1 1 1 1 
v 33.143 2.00811 -314.814 1 1 1 1 
v 32.9631 4.37813 -314.814 1 1 1 1 
v 33.1431 4.37811 -314.814 1 1 1 1 
v 32.9632 4.37813 -321.754 1 1 1 1 
v 33.1432 4.37811 -321.754 1 1 1 1 
v 33.1431 4.37811 -314.814 1 1 1 1 
v 32.9631 4.37813 -314.814 1 1 1 1 
v 33.143 2.00811 -314.814 1 1 1 1 
v 32.963 2.00812 -314.814 1 1 1 1 
v 32.9631 4.37813 -314.814 1 1 1 1 
v 32.9632 4.37813 -321.754 1 1 1 1 
v 32.963 2.00812 -314.814 1 1 1 1 
v 32.963 2.00812 -321.754 1 1 1 1 
v 32.963 2.00812 -321.754 1 1 1 1 
v 33.143 2.00811 -321.754 1 1 1 1 
v 32.963 2.00812 -314.814 1 1 1 1 
v 33.143 2.00811 -314.814 1 1 1 1 
v 32.9632 4.37813 -321.754 1 1 1 1 
v 33.1432 4.37811 -321.754 1 1 1 1 
v 32.963 2.00812 -321.754 1 1 1 1 
v 33.143 2.00811 -321.754 1 1 1 1 

vn 1 0 0 
vn 1 0 0 
vn 1 0 0 
vn 1 0 0 
vn 0 1 0 
vn 0 1 0 
vn 0 1 0 
vn 0 1 0 
vn 0 0 1 
vn 0 0 1 
vn 0 0 1 
vn 0 0 1 
vn -1 0 0 
vn -1 0 0 
vn -1 0 0 
vn -1 0 0 
vn 0 -1 0 
vn 0 -1 0 
vn 0 -1 0 
vn 0 -1 0 
vn 0 0 -1 
vn 0 0 -1 
vn 0 0 -1 
vn 0 0 -1 

vt 1.4925 -6.375 
vt 0.625 -6.375 
vt 1.4925 -6.67125 
vt 0.625 -6.67125 
vt 0.6475 -6.375 
vt 0.625 -6.375 
vt 0.6475 -7.2425 
vt 0.625 -7.2425 
vt 0.6475 -6.375 
vt 0.625 -6.375 
vt 0.6475 -6.67125 
vt 0.625 -6.67125 
vt 1.4925 -6.375 
vt 0.625 -6.375 
vt 1.4925 -6.67125 
vt 0.625 -6.67125 
vt 0.6475 -6.375 
vt 0.625 -6.375 
vt 0.6475 -7.2425 
vt 0.625 -7.2425 
vt 0.6475 -6.375 
vt 0.625 -6.375 
vt 0.6475 -6.67125 
vt 0.625 -6.67125 

usemtl Part1Mtl

f 909/909/909 910/910/910 911/911/911 
f 911/911/911 910/910/910 912/912/912 
f 913/913/913 914/914/914 915/915/915 
f 915/915/915 914/914/914 916/916/916 
f 917/917/917 918/918/918 919/919/919 
f 919/919/919 918/918/918 920/920/920 
f 921/921/921 922/922/922 923/923/923 
f 923/923/923 922/922/922 924/924/924 
f 925/925/925 926/926/926 927/927/927 
f 927/927/927 926/926/926 928/928/928 
f 929/929/929 930/930/930 931/931/931 
f 931/931/931 930/930/930 932/932/932 

g Part58

v 33.1482 4.37811 -321.754 1 1 1 1 
v 33.1481 4.37811 -314.814 1 1 1 1 
v 33.148 2.00811 -321.754 1 1 1 1 
v 33.148 2.00811 -314.814 1 1 1 1 

vn 1 0 0 
vn 1 0 0 
vn 1 0 0 
vn 1 0 0 

vt 3.47001 1 
vt 0 1 
vt 3.47001 -0.185 
vt 0 -0.185 

usemtl Part4Mtl

f 933/933/933 934/934/934 935/935/935 
f 935/935/935 934/934/934 936/936/936 

g Part59

v 45.573 4.38721 -321.669 1 1 1 1 
v 33.143 4.38822 -321.669 1 1 1 1 
v 45.5728 2.0072 -321.669 1 1 1 1 
v 33.1428 2.00821 -321.669 1 1 1 1 
v 33.143 4.38822 -321.939 1 1 1 1 
v 33.143 4.38822 -321.669 1 1 1 1 
v 45.573 4.38721 -321.939 1 1 1 1 
v 45.573 4.38721 -321.669 1 1 1 1 
v 33.143 4.38822 -321.669 1 1 1 1 
v 33.143 4.38822 -321.939 1 1 1 1 
v 33.1428 2.00821 -321.669 1 1 1 1 
v 33.1428 2.00821 -321.939 1 1 1 1 
v 33.143 4.38822 -321.939 1 1 1 1 
v 45.573 4.38721 -321.939 1 1 1 1 
v 33.1428 2.00821 -321.939 1 1 1 1 
v 45.5728 2.0072 -321.939 1 1 1 1 
v 45.5728 2.0072 -321.939 1 1 1 1 
v 45.5728 2.0072 -321.669 1 1 1 1 
v 33.1428 2.00821 -321.939 1 1 1 1 
v 33.1428 2.00821 -321.669 1 1 1 1 
v 45.573 4.38721 -321.939 1 1 1 1 
v 45.573 4.38721 -321.669 1 1 1 1 
v 45.5728 2.0072 -321.939 1 1 1 1 
v 45.5728 2.0072 -321.669 1 1 1 1 

vn 0 0 1 
vn 0 0 1 
vn 0 0 1 
vn 0 0 1 
vn 0 1 0 
vn 0 1 0 
vn 0 1 0 
vn 0 1 0 
vn -1 0 0 
vn -1 0 0 
vn -1 0 0 
vn -1 0 0 
vn 0 0 -1 
vn 0 0 -1 
vn 0 0 -1 
vn 0 0 -1 
vn 0 -1 0 
vn 0 -1 0 
vn 0 -1 0 
vn 0 -1 0 
vn 1 0 0 
vn 1 0 0 
vn 1 0 0 
vn 1 0 0 

vt 6.67875 -3.375 
vt 5.125 -3.375 
vt 6.67875 -3.6725 
vt 5.125 -3.6725 
vt 5.15875 -3.375 
vt 5.125 -3.375 
vt 5.15875 -4.92875 
vt 5.125 -4.92875 
vt 5.15875 -3.375 
vt 5.125 -3.375 
vt 5.15875 -3.6725 
vt 5.125 -3.6725 
vt 6.67875 -3.375 
vt 5.125 -3.375 
vt 6.67875 -3.6725 
vt 5.125 -3.6725 
vt 5.15875 -3.375 
vt 5.125 -3.375 
vt 5.15875 -4.92875 
vt 5.125 -4.92875 
vt 5.15875 -3.375 
vt 5.125 -3.375 
vt 5.15875 -3.6725 
vt 5.125 -3.6725 

usemtl Part1Mtl

f 937/937/937 938/938/938 939/939/939 
f 939/939/939 938/938/938 940/940/940 
f 941/941/941 942/942/942 943/943/943 
f 943/943/943 942/942/942 944/944/944 
f 945/945/945 946/946/946 947/947/947 
f 947/947/947 946/946/946 948/948/948 
f 949/949/949 950/950/950 951/951/951 
f 951/951/951 950/950/950 952/952/952 
f 953/953/953 954/954/954 955/955/955 
f 955/955/955 954/954/954 956/956/956 
f 957/957/957 958/958/958 959/959/959 
f 959/959/959 958/958/958 960/960/960 

g Part60

v 45.573 4.38721 -321.664 1 1 1 1 
v 33.143 4.38822 -321.664 1 1 1 1 
v 45.5728 2.0072 -321.664 1 1 1 1 
v 33.1428 2.00821 -321.664 1 1 1 1 

vn 0 0 1 
vn 0 0 1 
vn 0 0 1 
vn 0 0 1 

vt 6.21501 1 
vt 0 1 
vt 6.21501 -0.19 
vt 0 -0.19 

usemtl Part4Mtl

f 961/961/961 962/962/962 963/963/963 
f 963/963/963 962/962/962 964/964/964 

g Part61

v 45.5734 11.8626 -321.669 1 1 1 1 
v 33.1433 11.8636 -321.669 1 1 1 1 
v 45.5731 8.8926 -321.669 1 1 1 1 
v 33.1431 8.89361 -321.669 1 1 1 1 
v 33.1433 11.8636 -321.939 1 1 1 1 
v 33.1433 11.8636 -321.669 1 1 1 1 
v 45.5734 11.8626 -321.939 1 1 1 1 
v 45.5734 11.8626 -321.669 1 1 1 1 
v 33.1433 11.8636 -321.669 1 1 1 1 
v 33.1433 11.8636 -321.939 1 1 1 1 
v 33.1431 8.89361 -321.669 1 1 1 1 
v 33.1431 8.89361 -321.939 1 1 1 1 
v 33.1433 11.8636 -321.939 1 1 1 1 
v 45.5734 11.8626 -321.939 1 1 1 1 
v 33.1431 8.89361 -321.939 1 1 1 1 
v 45.5731 8.8926 -321.939 1 1 1 1 
v 45.5731 8.8926 -321.939 1 1 1 1 
v 45.5731 8.8926 -321.669 1 1 1 1 
v 33.1431 8.89361 -321.939 1 1 1 1 
v 33.1431 8.89361 -321.669 1 1 1 1 
v 45.5734 11.8626 -321.939 1 1 1 1 
v 45.5734 11.8626 -321.669 1 1 1 1 
v 45.5731 8.8926 -321.939 1 1 1 1 
v 45.5731 8.8926 -321.669 1 1 1 1 

vn 0 0 1 
vn 0 0 1 
vn 0 0 1 
vn 0 0 1 
vn 0 1 0 
vn 0 1 0 
vn 0 1 0 
vn 0 1 0 
vn -1 0 0 
vn -1 0 0 
vn -1 0 0 
vn -1 0 0 
vn 0 0 -1 
vn 0 0 -1 
vn 0 0 -1 
vn 0 0 -1 
vn 0 -1 0 
vn 0 -1 0 
vn 0 -1 0 
vn 0 -1 0 
vn 1 0 0 
vn 1 0 0 
vn 1 0 0 
vn 1 0 0 

vt 7.80375 1 
vt 6.25 1 
vt 7.80375 0.62875 
vt 6.25 0.62875 
vt 6.28375 1 
vt 6.25 1 
vt 6.28375 -0.553753 
vt 6.25 -0.553753 
vt 6.28375 1 
vt 6.25 1 
vt 6.28375 0.62875 
vt 6.25 0.62875 
vt 7.80375 1 
vt 6.25 1 
vt 7.80375 0.62875 
vt 6.25 0.62875 
vt 6.28375 1 
vt 6.25 1 
vt 6.28375 -0.553753 
vt 6.25 -0.553753 
vt 6.28375 1 
vt 6.25 1 
vt 6.28375 0.62875 
vt 6.25 0.62875 

usemtl Part1Mtl

f 965/965/965 966/966/966 967/967/967 
f 967/967/967 966/966/966 968/968/968 
f 969/969/969 970/970/970 971/971/971 
f 971/971/971 970/970/970 972/972/972 
f 973/973/973 974/974/974 975/975/975 
f 975/975/975 974/974/974 976/976/976 
f 977/977/977 978/978/978 979/979/979 
f 979/979/979 978/978/978 980/980/980 
f 981/981/981 982/982/982 983/983/983 
f 983/983/983 982/982/982 984/984/984 
f 985/985/985 986/986/986 987/987/987 
f 987/987/987 986/986/986 988/988/988 

g Part62

v 45.5734 11.8626 -321.664 1 1 1 1 
v 33.1433 11.8636 -321.664 1 1 1 1 
v 45.5731 8.8926 -321.664 1 1 1 1 
v 33.1431 8.89361 -321.664 1 1 1 1 

vn 0 0 1 
vn 0 0 1 
vn 0 0 1 
vn 0 0 1 

vt 6.21501 1 
vt 0 1 
vt 6.21501 -0.485 
vt 0 -0.485 

usemtl Part4Mtl

f 989/989/989 990/990/990 991/991/991 
f 991/991/991 990/990/990 992/992/992 

g Part63

v 33.1438 11.8421 -321.754 1 1 1 1 
v 33.1438 11.8421 -314.814 1 1 1 1 
v 33.1436 8.90212 -321.754 1 1 1 1 
v 33.1436 8.90212 -314.814 1 1 1 1 
v 32.9638 11.8421 -314.814 1 1 1 1 
v 33.1438 11.8421 -314.814 1 1 1 1 
v 32.9638 11.8421 -321.754 1 1 1 1 
v 33.1438 11.8421 -321.754 1 1 1 1 
v 33.1438 11.8421 -314.814 1 1 1 1 
v 32.9638 11.8421 -314.814 1 1 1 1 
v 33.1436 8.90212 -314.814 1 1 1 1 
v 32.9636 8.90213 -314.814 1 1 1 1 
v 32.9638 11.8421 -314.814 1 1 1 1 
v 32.9638 11.8421 -321.754 1 1 1 1 
v 32.9636 8.90213 -314.814 1 1 1 1 
v 32.9636 8.90213 -321.754 1 1 1 1 
v 32.9636 8.90213 -321.754 1 1 1 1 
v 33.1436 8.90212 -321.754 1 1 1 1 
v 32.9636 8.90213 -314.814 1 1 1 1 
v 33.1436 8.90212 -314.814 1 1 1 1 
v 32.9638 11.8421 -321.754 1 1 1 1 
v 33.1438 11.8421 -321.754 1 1 1 1 
v 32.9636 8.90213 -321.754 1 1 1 1 
v 33.1436 8.90212 -321.754 1 1 1 1 

vn 1 0 0 
vn 1 0 0 
vn 1 0 0 
vn 1 0 0 
vn 0 1 0 
vn 0 1 0 
vn 0 1 0 
vn 0 1 0 
vn 0 0 1 
vn 0 0 1 
vn 0 0 1 
vn 0 0 1 
vn -1 0 0 
vn -1 0 0 
vn -1 0 0 
vn -1 0 0 
vn 0 -1 0 
vn 0 -1 0 
vn 0 -1 0 
vn 0 -1 0 
vn 0 0 -1 
vn 0 0 -1 
vn 0 0 -1 
vn 0 0 -1 

vt 7.6175 0 
vt 6.75 0 
vt 7.6175 -0.3675 
vt 6.75 -0.3675 
vt 6.7725 0 
vt 6.75 0 
vt 6.7725 -0.867503 
vt 6.75 -0.867503 
vt 6.7725 0 
vt 6.75 0 
vt 6.7725 -0.3675 
vt 6.75 -0.3675 
vt 7.6175 0 
vt 6.75 0 
vt 7.6175 -0.3675 
vt 6.75 -0.3675 
vt 6.7725 0 
vt 6.75 0 
vt 6.7725 -0.867503 
vt 6.75 -0.867503 
vt 6.7725 0 
vt 6.75 0 
vt 6.7725 -0.3675 
vt 6.75 -0.3675 

usemtl Part1Mtl

f 993/993/993 994/994/994 995/995/995 
f 995/995/995 994/994/994 996/996/996 
f 997/997/997 998/998/998 999/999/999 
f 999/999/999 998/998/998 1000/1000/1000 
f 1001/1001/1001 1002/1002/1002 1003/1003/1003 
f 1003/1003/1003 1002/1002/1002 1004/1004/1004 
f 1005/1005/1005 1006/1006/1006 1007/1007/1007 
f 1007/1007/1007 1006/1006/1006 1008/1008/1008 
f 1009/1009/1009 1010/1010/1010 1011/1011/1011 
f 1011/1011/1011 1010/1010/1010 1012/1012/1012 
f 1013/1013/1013 1014/1014/1014 1015/1015/1015 
f 1015/1015/1015 1014/1014/1014 1016/1016/1016 

g Part64

v 33.1488 11.8421 -321.754 1 1 1 1 
v 33.1488 11.8421 -314.814 1 1 1 1 
v 33.1486 8.90212 -321.754 1 1 1 1 
v 33.1486 8.90212 -314.814 1 1 1 1 

vn 1 0 0 
vn 1 0 0 
vn 1 0 0 
vn 1 0 0 

vt 3.47001 1 
vt 0 1 
vt 3.47001 -0.47 
vt 0 -0.47 

usemtl Part4Mtl

f 1017/1017/1017 1018/1018/1018 1019/1019/1019 
f 1019/1019/1019 1018/1018/1018 1020/1020/1020 

g Part65

v 54.2885 11.8076 -313.339 1 1 1 1 
v 54.2884 11.8076 -304.789 1 1 1 1 
v 54.2879 2.00756 -313.339 1 1 1 1 
v 54.2878 2.00756 -304.789 1 1 1 1 
v 53.9284 11.8076 -304.789 1 1 1 1 
v 54.2884 11.8076 -304.789 1 1 1 1 
v 53.9285 11.8076 -313.339 1 1 1 1 
v 54.2885 11.8076 -313.339 1 1 1 1 
v 54.2884 11.8076 -304.789 1 1 1 1 
v 53.9284 11.8076 -304.789 1 1 1 1 
v 54.2878 2.00756 -304.789 1 1 1 1 
v 53.9277 2.00758 -304.789 1 1 1 1 
v 53.9284 11.8076 -304.789 1 1 1 1 
v 53.9285 11.8076 -313.339 1 1 1 1 
v 53.9277 2.00758 -304.789 1 1 1 1 
v 53.9279 2.00758 -313.339 1 1 1 1 
v 53.9279 2.00758 -313.339 1 1 1 1 
v 54.2879 2.00756 -313.339 1 1 1 1 
v 53.9277 2.00758 -304.789 1 1 1 1 
v 54.2878 2.00756 -304.789 1 1 1 1 
v 53.9285 11.8076 -313.339 1 1 1 1 
v 54.2885 11.8076 -313.339 1 1 1 1 
v 53.9279 2.00758 -313.339 1 1 1 1 
v 54.2879 2.00756 -313.339 1 1 1 1 

vn 1 0 0 
vn 1 0 0 
vn 1 0 0 
vn 1 0 0 
vn 0 1 0 
vn 0 1 0 
vn 0 1 0 
vn 0 1 0 
vn 0 0 1 
vn 0 0 1 
vn 0 0 1 
vn 0 0 1 
vn -1 0 0 
vn -1 0 0 
vn -1 0 0 
vn -1 0 0 
vn 0 -1 0 
vn 0 -1 0 
vn 0 -1 0 
vn 0 -1 0 
vn 0 0 -1 
vn 0 0 -1 
vn 0 0 -1 
vn 0 0 -1 

vt 6.94375 -1.125 
vt 5.875 -1.125 
vt 6.94375 -2.35 
vt 5.875 -2.35 
vt 5.92 -1.125 
vt 5.875 -1.125 
vt 5.92 -2.19375 
vt 5.875 -2.19375 
vt 5.92 -1.125 
vt 5.875 -1.125 
vt 5.92 -2.35 
vt 5.875 -2.35 
vt 6.94375 -1.125 
vt 5.875 -1.125 
vt 6.94375 -2.35 
vt 5.875 -2.35 
vt 5.92 -1.125 
vt 5.875 -1.125 
vt 5.92 -2.19375 
vt 5.875 -2.19375 
vt 5.92 -1.125 
vt 5.875 -1.125 
vt 5.92 -2.35 
vt 5.875 -2.35 

usemtl Part1Mtl

f 1021/1021/1021 1022/1022/1022 1023/1023/1023 
f 1023/1023/1023 1022/1022/1022 1024/1024/1024 
f 1025/1025/1025 1026/1026/1026 1027/1027/1027 
f 1027/1027/1027 1026/1026/1026 1028/1028/1028 
f 1029/1029/1029 1030/1030/1030 1031/1031/1031 
f 1031/1031/1031 1030/1030/1030 1032/1032/1032 
f 1033/1033/1033 1034/1034/1034 1035/1035/1035 
f 1035/1035/1035 1034/1034/1034 1036/1036/1036 
f 1037/1037/1037 1038/1038/1038 1039/1039/1039 
f 1039/1039/1039 1038/1038/1038 1040/1040/1040 
f 1041/1041/1041 1042/1042/1042 1043/1043/1043 
f 1043/1043/1043 1042/1042/1042 1044/1044/1044 

g Part66

v 53.9234 11.8076 -304.789 1 1 1 1 
v 53.9235 11.8076 -313.339 1 1 1 1 
v 53.9227 2.00758 -304.789 1 1 1 1 
v 53.9229 2.00758 -313.339 1 1 1 1 

vn -1 0 0 
vn -1 0 0 
vn -1 0 0 
vn -1 0 0 

vt 1.425 1 
vt 0 1 
vt 1.425 -0.633333 
vt 0 -0.633333 

usemtl Part6Mtl

f 1045/1045/1045 1046/1046/1046 1047/1047/1047 
f 1047/1047/1047 1046/1046/1046 1048/1048/1048 

g Part67

v 45.538 11.8082 -314.59 1 1 1 1 
v 45.538 11.8082 -321.74 1 1 1 1 
v 45.5374 2.00819 -314.59 1 1 1 1 
v 45.5374 2.00819 -321.74 1 1 1 1 
v 46.088 11.8082 -321.74 1 1 1 1 
v 45.538 11.8082 -321.74 1 1 1 1 
v 46.088 11.8082 -314.59 1 1 1 1 
v 45.538 11.8082 -314.59 1 1 1 1 
v 45.538 11.8082 -321.74 1 1 1 1 
v 46.088 11.8082 -321.74 1 1 1 1 
v 45.5374 2.00819 -321.74 1 1 1 1 
v 46.0874 2.00816 -321.74 1 1 1 1 
v 46.088 11.8082 -321.74 1 1 1 1 
v 46.088 11.8082 -314.59 1 1 1 1 
v 46.0874 2.00816 -321.74 1 1 1 1 
v 46.0874 2.00815 -314.59 1 1 1 1 
v 46.0874 2.00815 -314.59 1 1 1 1 
v 45.5374 2.00819 -314.59 1 1 1 1 
v 46.0874 2.00816 -321.74 1 1 1 1 
v 45.5374 2.00819 -321.74 1 1 1 1 
v 46.088 11.8082 -314.59 1 1 1 1 
v 45.538 11.8082 -314.59 1 1 1 1 
v 46.0874 2.00815 -314.59 1 1 1 1 
v 45.5374 2.00819 -314.59 1 1 1 1 

vn -1 0 0 
vn -1 0 0 
vn -1 0 0 
vn -1 0 0 
vn 0 1 0 
vn 0 1 0 
vn 0 1 0 
vn 0 1 0 
vn 0 0 -1 
vn 0 0 -1 
vn 0 0 -1 
vn 0 0 -1 
vn 1 0 0 
vn 1 0 0 
vn 1 0 0 
vn 1 0 0 
vn 0 -1 0 
vn 0 -1 0 
vn 0 -1 0 
vn 0 -1 0 
vn 0 0 1 
vn 0 0 1 
vn 0 0 1 
vn 0 0 1 

vt 8.51875 -4.625 
vt 7.625 -4.625 
vt 8.51875 -5.85 
vt 7.625 -5.85 
vt 7.69375 -4.625 
vt 7.625 -4.625 
vt 7.69375 -5.51875 
vt 7.625 -5.51875 
vt 7.69375 -4.625 
vt 7.625 -4.625 
vt 7.69375 -5.85 
vt 7.625 -5.85 
vt 8.51875 -4.625 
vt 7.625 -4.625 
vt 8.51875 -5.85 
vt 7.625 -5.85 
vt 7.69375 -4.625 
vt 7.625 -4.625 
vt 7.69375 -5.51875 
vt 7.625 -5.51875 
vt 7.69375 -4.625 
vt 7.625 -4.625 
vt 7.69375 -5.85 
vt 7.625 -5.85 

usemtl Part1Mtl

f 1049/1049/1049 1050/1050/1050 1051/1051/1051 
f 1051/1051/1051 1050/1050/1050 1052/1052/1052 
f 1053/1053/1053 1054/1054/1054 1055/1055/1055 
f 1055/1055/1055 1054/1054/1054 1056/1056/1056 
f 1057/1057/1057 1058/1058/1058 1059/1059/1059 
f 1059/1059/1059 1058/1058/1058 1060/1060/1060 
f 1061/1061/1061 1062/1062/1062 1063/1063/1063 
f 1063/1063/1063 1062/1062/1062 1064/1064/1064 
f 1065/1065/1065 1066/1066/1066 1067/1067/1067 
f 1067/1067/1067 1066/1066/1066 1068/1068/1068 
f 1069/1069/1069 1070/1070/1070 1071/1071/1071 
f 1071/1071/1071 1070/1070/1070 1072/1072/1072 

g Part68

v 45.533 11.8082 -314.59 1 1 1 1 
v 45.533 11.8082 -321.74 1 1 1 1 
v 45.5324 2.00819 -314.59 1 1 1 1 
v 45.5324 2.00819 -321.74 1 1 1 1 

vn -1 0 0 
vn -1 0 0 
vn -1 0 0 
vn -1 0 0 

vt 3.575 1 
vt 0 1 
vt 3.575 -3.9 
vt 0 -3.9 

usemtl Part4Mtl

f 1073/1073/1073 1074/1074/1074 1075/1075/1075 
f 1075/1075/1075 1074/1074/1074 1076/1076/1076 

g Part69

v 46.093 11.8082 -321.74 1 1 1 1 
v 46.093 11.8082 -314.59 1 1 1 1 
v 46.0924 2.00816 -321.74 1 1 1 1 
v 46.0924 2.00815 -314.59 1 1 1 1 

vn 1 0 0 
vn 1 0 0 
vn 1 0 0 
vn 1 0 0 

vt 1.19167 1 
vt 0 1 
vt 1.19167 -0.633333 
vt 0 -0.633333 

usemtl Part6Mtl

f 1077/1077/1077 1078/1078/1078 1079/1079/1079 
f 1079/1079/1079 1078/1078/1078 1080/1080/1080 

g Part70

v 35.7776 11.8079 -297.974 1 1 1 1 
v 32.5975 11.8082 -297.974 1 1 1 1 
v 35.777 4.33792 -297.974 1 1 1 1 
v 32.5969 4.33818 -297.974 1 1 1 1 
v 32.5975 11.8082 -298.524 1 1 1 1 
v 32.5975 11.8082 -297.974 1 1 1 1 
v 35.7775 11.8079 -298.524 1 1 1 1 
v 35.7776 11.8079 -297.974 1 1 1 1 
v 32.5975 11.8082 -297.974 1 1 1 1 
v 32.5975 11.8082 -298.524 1 1 1 1 
v 32.5969 4.33818 -297.974 1 1 1 1 
v 32.5969 4.33818 -298.524 1 1 1 1 
v 32.5975 11.8082 -298.524 1 1 1 1 
v 35.7775 11.8079 -298.524 1 1 1 1 
v 32.5969 4.33818 -298.524 1 1 1 1 
v 35.7769 4.33792 -298.524 1 1 1 1 
v 35.7769 4.33792 -298.524 1 1 1 1 
v 35.777 4.33792 -297.974 1 1 1 1 
v 32.5969 4.33818 -298.524 1 1 1 1 
v 32.5969 4.33818 -297.974 1 1 1 1 
v 35.7775 11.8079 -298.524 1 1 1 1 
v 35.7776 11.8079 -297.974 1 1 1 1 
v 35.7769 4.33792 -298.524 1 1 1 1 
v 35.777 4.33792 -297.974 1 1 1 1 

vn 0 0 1 
vn 0 0 1 
vn 0 0 1 
vn 0 0 1 
vn 0 1 0 
vn 0 1 0 
vn 0 1 0 
vn 0 1 0 
vn -1 0 0 
vn -1 0 0 
vn -1 0 0 
vn -1 0 0 
vn 0 0 -1 
vn 0 0 -1 
vn 0 0 -1 
vn 0 0 -1 
vn 0 -1 0 
vn 0 -1 0 
vn 0 -1 0 
vn 0 -1 0 
vn 1 0 0 
vn 1 0 0 
vn 1 0 0 
vn 1 0 0 

vt 4.3975 -5.25 
vt 4 -5.25 
vt 4.3975 -6.18375 
vt 4 -6.18375 
vt 4.06875 -5.25 
vt 4 -5.25 
vt 4.06875 -5.6475 
vt 4 -5.6475 
vt 4.06875 -5.25 
vt 4 -5.25 
vt 4.06875 -6.18375 
vt 4 -6.18375 
vt 4.3975 -5.25 
vt 4 -5.25 
vt 4.3975 -6.18375 
vt 4 -6.18375 
vt 4.06875 -5.25 
vt 4 -5.25 
vt 4.06875 -5.6475 
vt 4 -5.6475 
vt 4.06875 -5.25 
vt 4 -5.25 
vt 4.06875 -6.18375 
vt 4 -6.18375 

usemtl Part1Mtl

f 1081/1081/1081 1082/1082/1082 1083/1083/1083 
f 1083/1083/1083 1082/1082/1082 1084/1084/1084 
f 1085/1085/1085 1086/1086/1086 1087/1087/1087 
f 1087/1087/1087 1086/1086/1086 1088/1088/1088 
f 1089/1089/1089 1090/1090/1090 1091/1091/1091 
f 1091/1091/1091 1090/1090/1090 1092/1092/1092 
f 1093/1093/1093 1094/1094/1094 1095/1095/1095 
f 1095/1095/1095 1094/1094/1094 1096/1096/1096 
f 1097/1097/1097 1098/1098/1098 1099/1099/1099 
f 1099/1099/1099 1098/1098/1098 1100/1100/1100 
f 1101/1101/1101 1102/1102/1102 1103/1103/1103 
f 1103/1103/1103 1102/1102/1102 1104/1104/1104 

g Part71

v 32.5975 11.8082 -298.529 1 1 1 1 
v 35.7775 11.8079 -298.529 1 1 1 1 
v 32.5969 4.33818 -298.529 1 1 1 1 
v 35.7769 4.33792 -298.529 1 1 1 1 

vn 0 0 -1 
vn 0 0 -1 
vn 0 0 -1 
vn 0 0 -1 

vt 0.530003 1 
vt 0 1 
vt 0.530003 -0.244999 
vt 0 -0.244999 

usemtl Part8Mtl

f 1105/1105/1105 1106/1106/1106 1107/1107/1107 
f 1107/1107/1107 1106/1106/1106 1108/1108/1108 

g Part72

v 36.0376 11.808 -314.839 1 1 1 1 
v 40.5877 11.8076 -314.839 1 1 1 1 
v 36.0374 8.60799 -314.839 1 1 1 1 
v 40.5874 8.60762 -314.839 1 1 1 1 
v 40.5877 11.8076 -314.289 1 1 1 1 
v 40.5877 11.8076 -314.839 1 1 1 1 
v 36.0376 11.808 -314.289 1 1 1 1 
v 36.0376 11.808 -314.839 1 1 1 1 
v 40.5877 11.8076 -314.839 1 1 1 1 
v 40.5877 11.8076 -314.289 1 1 1 1 
v 40.5874 8.60762 -314.839 1 1 1 1 
v 40.5874 8.60761 -314.289 1 1 1 1 
v 40.5877 11.8076 -314.289 1 1 1 1 
v 36.0376 11.808 -314.289 1 1 1 1 
v 40.5874 8.60761 -314.289 1 1 1 1 
v 36.0374 8.60798 -314.289 1 1 1 1 
v 36.0374 8.60798 -314.289 1 1 1 1 
v 36.0374 8.60799 -314.839 1 1 1 1 
v 40.5874 8.60761 -314.289 1 1 1 1 
v 40.5874 8.60762 -314.839 1 1 1 1 
v 36.0376 11.808 -314.289 1 1 1 1 
v 36.0376 11.808 -314.839 1 1 1 1 
v 36.0374 8.60798 -314.289 1 1 1 1 
v 36.0374 8.60799 -314.839 1 1 1 1 

vn 0 0 -1 
vn 0 0 -1 
vn 0 0 -1 
vn 0 0 -1 
vn 0 1 0 
vn 0 1 0 
vn 0 1 0 
vn 0 1 0 
vn 1 0 0 
vn 1 0 0 
vn 1 0 0 
vn 1 0 0 
vn 0 0 1 
vn 0 0 1 
vn 0 0 1 
vn 0 0 1 
vn 0 -1 0 
vn 0 -1 0 
vn 0 -1 0 
vn 0 -1 0 
vn -1 0 0 
vn -1 0 0 
vn -1 0 0 
vn -1 0 0 

vt 2.56875 -5.625 
vt 2 -5.625 
vt 2.56875 -6.025 
vt 2 -6.025 
vt 2.06875 -5.625 
vt 2 -5.625 
vt 2.06875 -6.19375 
vt 2 -6.19375 
vt 2.06875 -5.625 
vt 2 -5.625 
vt 2.06875 -6.025 
vt 2 -6.025 
vt 2.56875 -5.625 
vt 2 -5.625 
vt 2.56875 -6.025 
vt 2 -6.025 
vt 2.06875 -5.625 
vt 2 -5.625 
vt 2.06875 -6.19375 
vt 2 -6.19375 
vt 2.06875 -5.625 
vt 2 -5.625 
vt 2.06875 -6.025 
vt 2 -6.025 

usemtl Part1Mtl

f 1109/1109/1109 1110/1110/1110 1111/1111/1111 
f 1111/1111/1111 1110/1110/1110 1112/1112/1112 
f 1113/1113/1113 1114/1114/1114 1115/1115/1115 
f 1115/1115/1115 1114/1114/1114 1116/1116/1116 
f 1117/1117/1117 1118/1118/1118 1119/1119/1119 
f 1119/1119/1119 1118/1118/1118 1120/1120/1120 
f 1121/1121/1121 1122/1122/1122 1123/1123/1123 
f 1123/1123/1123 1122/1122/1122 1124/1124/1124 
f 1125/1125/1125 1126/1126/1126 1127/1127/1127 
f 1127/1127/1127 1126/1126/1126 1128/1128/1128 
f 1129/1129/1129 1130/1130/1130 1131/1131/1131 
f 1131/1131/1131 1130/1130/1130 1132/1132/1132 

g Part73

v 40.5877 11.8076 -314.284 1 1 1 1 
v 36.0376 11.808 -314.284 1 1 1 1 
v 40.5874 8.60761 -314.284 1 1 1 1 
v 36.0374 8.60798 -314.284 1 1 1 1 

vn 0 0 1 
vn 0 0 1 
vn 0 0 1 
vn 0 0 1 

vt 0.758336 1 
vt 0 1 
vt 0.758336 0.466666 
vt 0 0.466666 

usemtl Part8Mtl

f 1133/1133/1133 1134/1134/1134 1135/1135/1135 
f 1135/1135/1135 1134/1134/1134 1136/1136/1136 

g Part74

v 36.0376 11.808 -314.844 1 1 1 1 
v 40.5877 11.8076 -314.844 1 1 1 1 
v 36.0374 8.60799 -314.844 1 1 1 1 
v 40.5874 8.60762 -314.844 1 1 1 1 

vn 0 0 -1 
vn 0 0 -1 
vn 0 0 -1 
vn 0 0 -1 

vt 2.27501 1 
vt 0 1 
vt 2.27501 -0.600001 
vt 0 -0.600001 

usemtl Part4Mtl

f 1137/1137/1137 1138/1138/1138 1139/1139/1139 
f 1139/1139/1139 1138/1138/1138 1140/1140/1140 

g Part75

v 33.0375 11.8082 -314.839 1 1 1 1 
v 36.1875 11.808 -314.839 1 1 1 1 
v 33.0367 2.00822 -314.839 1 1 1 1 
v 36.1868 2.00796 -314.839 1 1 1 1 
v 36.1876 11.808 -314.289 1 1 1 1 
v 36.1875 11.808 -314.839 1 1 1 1 
v 33.0375 11.8082 -314.289 1 1 1 1 
v 33.0375 11.8082 -314.839 1 1 1 1 
v 36.1875 11.808 -314.839 1 1 1 1 
v 36.1876 11.808 -314.289 1 1 1 1 
v 36.1868 2.00796 -314.839 1 1 1 1 
v 36.1868 2.00796 -314.289 1 1 1 1 
v 36.1876 11.808 -314.289 1 1 1 1 
v 33.0375 11.8082 -314.289 1 1 1 1 
v 36.1868 2.00796 -314.289 1 1 1 1 
v 33.0367 2.00822 -314.289 1 1 1 1 
v 33.0367 2.00822 -314.289 1 1 1 1 
v 33.0367 2.00822 -314.839 1 1 1 1 
v 36.1868 2.00796 -314.289 1 1 1 1 
v 36.1868 2.00796 -314.839 1 1 1 1 
v 33.0375 11.8082 -314.289 1 1 1 1 
v 33.0375 11.8082 -314.839 1 1 1 1 
v 33.0367 2.00822 -314.289 1 1 1 1 
v 33.0367 2.00822 -314.839 1 1 1 1 

vn 0 0 -1 
vn 0 0 -1 
vn 0 0 -1 
vn 0 0 -1 
vn 0 1 0 
vn 0 1 0 
vn 0 1 0 
vn 0 1 0 
vn 1 0 0 
vn 1 0 0 
vn 1 0 0 
vn 1 0 0 
vn 0 0 1 
vn 0 0 1 
vn 0 0 1 
vn 0 0 1 
vn 0 -1 0 
vn 0 -1 0 
vn 0 -1 0 
vn 0 -1 0 
vn -1 0 0 
vn -1 0 0 
vn -1 0 0 
vn -1 0 0 

vt 3.14375 -3.625 
vt 2.75 -3.625 
vt 3.14375 -4.85 
vt 2.75 -4.85 
vt 2.81875 -3.625 
vt 2.75 -3.625 
vt 2.81875 -4.01875 
vt 2.75 -4.01875 
vt 2.81875 -3.625 
vt 2.75 -3.625 
vt 2.81875 -4.85 
vt 2.75 -4.85 
vt 3.14375 -3.625 
vt 2.75 -3.625 
vt 3.14375 -4.85 
vt 2.75 -4.85 
vt 2.81875 -3.625 
vt 2.75 -3.625 
vt 2.81875 -4.01875 
vt 2.75 -4.01875 
vt 2.81875 -3.625 
vt 2.75 -3.625 
vt 2.81875 -4.85 
vt 2.75 -4.85 

usemtl Part1Mtl

f 1141/1141/1141 1142/1142/1142 1143/1143/1143 
f 1143/1143/1143 1142/1142/1142 1144/1144/1144 
f 1145/1145/1145 1146/1146/1146 1147/1147/1147 
f 1147/1147/1147 1146/1146/1146 1148/1148/1148 
f 1149/1149/1149 1150/1150/1150 1151/1151/1151 
f 1151/1151/1151 1150/1150/1150 1152/1152/1152 
f 1153/1153/1153 1154/1154/1154 1155/1155/1155 
f 1155/1155/1155 1154/1154/1154 1156/1156/1156 
f 1157/1157/1157 1158/1158/1158 1159/1159/1159 
f 1159/1159/1159 1158/1158/1158 1160/1160/1160 
f 1161/1161/1161 1162/1162/1162 1163/1163/1163 
f 1163/1163/1163 1162/1162/1162 1164/1164/1164 

g Part76

v 36.1876 11.808 -314.284 1 1 1 1 
v 33.0375 11.8082 -314.284 1 1 1 1 
v 36.1868 2.00796 -314.284 1 1 1 1 
v 33.0367 2.00822 -314.284 1 1 1 1 

vn 0 0 1 
vn 0 0 1 
vn 0 0 1 
vn 0 0 1 

vt 0.525003 1 
vt 0 1 
vt 0.525003 -0.633333 
vt 0 -0.633333 

usemtl Part8Mtl

f 1165/1165/1165 1166/1166/1166 1167/1167/1167 
f 1167/1167/1167 1166/1166/1166 1168/1168/1168 

g Part77

v 33.0375 11.8082 -314.844 1 1 1 1 
v 36.1875 11.808 -314.844 1 1 1 1 
v 33.0367 2.00822 -314.844 1 1 1 1 
v 36.1868 2.00796 -314.844 1 1 1 1 

vn 0 0 -1 
vn 0 0 -1 
vn 0 0 -1 
vn 0 0 -1 

vt 1.57501 1 
vt 0 1 
vt 1.57501 -3.9 
vt 0 -3.9 

usemtl Part4Mtl

f 1169/1169/1169 1170/1170/1170 1171/1171/1171 
f 1171/1171/1171 1170/1170/1170 1172/1172/1172 

g Part78

v 40.4379 11.8078 -314.839 1 1 1 1 
v 45.5879 11.8073 -314.839 1 1 1 1 
v 40.4371 2.00774 -314.839 1 1 1 1 
v 45.5871 2.00732 -314.839 1 1 1 1 
v 45.5879 11.8073 -314.289 1 1 1 1 
v 45.5879 11.8073 -314.839 1 1 1 1 
v 40.4379 11.8078 -314.289 1 1 1 1 
v 40.4379 11.8078 -314.839 1 1 1 1 
v 45.5879 11.8073 -314.839 1 1 1 1 
v 45.5879 11.8073 -314.289 1 1 1 1 
v 45.5871 2.00732 -314.839 1 1 1 1 
v 45.5871 2.00732 -314.289 1 1 1 1 
v 45.5879 11.8073 -314.289 1 1 1 1 
v 40.4379 11.8078 -314.289 1 1 1 1 
v 45.5871 2.00732 -314.289 1 1 1 1 
v 40.4371 2.00774 -314.289 1 1 1 1 
v 40.4371 2.00774 -314.289 1 1 1 1 
v 40.4371 2.00774 -314.839 1 1 1 1 
v 45.5871 2.00732 -314.289 1 1 1 1 
v 45.5871 2.00732 -314.839 1 1 1 1 
v 40.4379 11.8078 -314.289 1 1 1 1 
v 40.4379 11.8078 -314.839 1 1 1 1 
v 40.4371 2.00774 -314.289 1 1 1 1 
v 40.4371 2.00774 -314.839 1 1 1 1 

vn 0 0 -1 
vn 0 0 -1 
vn 0 0 -1 
vn 0 0 -1 
vn 0 1 0 
vn 0 1 0 
vn 0 1 0 
vn 0 1 0 
vn 1 0 0 
vn 1 0 0 
vn 1 0 0 
vn 1 0 0 
vn 0 0 1 
vn 0 0 1 
vn 0 0 1 
vn 0 0 1 
vn 0 -1 0 
vn 0 -1 0 
vn 0 -1 0 
vn 0 -1 0 
vn -1 0 0 
vn -1 0 0 
vn -1 0 0 
vn -1 0 0 

vt 8.14375 -2.25 
vt 7.5 -2.25 
vt 8.14375 -3.475 
vt 7.5 -3.475 
vt 7.56875 -2.25 
vt 7.5 -2.25 
vt 7.56875 -2.89375 
vt 7.5 -2.89375 
vt 7.56875 -2.25 
vt 7.5 -2.25 
vt 7.56875 -3.475 
vt 7.5 -3.475 
vt 8.14375 -2.25 
vt 7.5 -2.25 
vt 8.14375 -3.475 
vt 7.5 -3.475 
vt 7.56875 -2.25 
vt 7.5 -2.25 
vt 7.56875 -2.89375 
vt 7.5 -2.89375 
vt 7.56875 -2.25 
vt 7.5 -2.25 
vt 7.56875 -3.475 
vt 7.5 -3.475 

usemtl Part1Mtl

f 1173/1173/1173 1174/1174/1174 1175/1175/1175 
f 1175/1175/1175 1174/1174/1174 1176/1176/1176 
f 1177/1177/1177 1178/1178/1178 1179/1179/1179 
f 1179/1179/1179 1178/1178/1178 1180/1180/1180 
f 1181/1181/1181 1182/1182/1182 1183/1183/1183 
f 1183/1183/1183 1182/1182/1182 1184/1184/1184 
f 1185/1185/1185 1186/1186/1186 1187/1187/1187 
f 1187/1187/1187 1186/1186/1186 1188/1188/1188 
f 1189/1189/1189 1190/1190/1190 1191/1191/1191 
f 1191/1191/1191 1190/1190/1190 1192/1192/1192 
f 1193/1193/1193 1194/1194/1194 1195/1195/1195 
f 1195/1195/1195 1194/1194/1194 1196/1196/1196 

g Part79

v 45.5879 11.8073 -314.284 1 1 1 1 
v 40.4379 11.8078 -314.284 1 1 1 1 
v 45.5871 2.00732 -314.284 1 1 1 1 
v 40.4371 2.00774 -314.284 1 1 1 1 

vn 0 0 1 
vn 0 0 1 
vn 0 0 1 
vn 0 0 1 

vt 0.858336 1 
vt 0 1 
vt 0.858336 -0.633333 
vt 0 -0.633333 

usemtl Part8Mtl

f 1197/1197/1197 1198/1198/1198 1199/1199/1199 
f 1199/1199/1199 1198/1198/1198 1200/1200/1200 

g Part80

v 40.4379 11.8078 -314.844 1 1 1 1 
v 45.5879 11.8073 -314.844 1 1 1 1 
v 40.4371 2.00774 -314.844 1 1 1 1 
v 45.5871 2.00732 -314.844 1 1 1 1 

vn 0 0 -1 
vn 0 0 -1 
vn 0 0 -1 
vn 0 0 -1 

vt 2.57501 1 
vt 0 1 
vt 2.57501 -3.9 
vt 0 -3.9 

usemtl Part4Mtl

f 1201/1201/1201 1202/1202/1202 1203/1203/1203 
f 1203/1203/1203 1202/1202/1202 1204/1204/1204 

g Part81

v 45.5382 11.8081 -298.389 1 1 1 1 
v 45.5382 11.8081 -304.339 1 1 1 1 
v 45.5376 2.00806 -298.389 1 1 1 1 
v 45.5376 2.00806 -304.339 1 1 1 1 
v 46.0882 11.808 -304.339 1 1 1 1 
v 45.5382 11.8081 -304.339 1 1 1 1 
v 46.0882 11.808 -298.389 1 1 1 1 
v 45.5382 11.8081 -298.389 1 1 1 1 
v 45.5382 11.8081 -304.339 1 1 1 1 
v 46.0882 11.808 -304.339 1 1 1 1 
v 45.5376 2.00806 -304.339 1 1 1 1 
v 46.0876 2.00803 -304.339 1 1 1 1 
v 46.0882 11.808 -304.339 1 1 1 1 
v 46.0882 11.808 -298.389 1 1 1 1 
v 46.0876 2.00803 -304.339 1 1 1 1 
v 46.0876 2.00803 -298.389 1 1 1 1 
v 46.0876 2.00803 -298.389 1 1 1 1 
v 45.5376 2.00806 -298.389 1 1 1 1 
v 46.0876 2.00803 -304.339 1 1 1 1 
v 45.5376 2.00806 -304.339 1 1 1 1 
v 46.0882 11.808 -298.389 1 1 1 1 
v 45.5382 11.8081 -298.389 1 1 1 1 
v 46.0876 2.00803 -298.389 1 1 1 1 
v 45.5376 2.00806 -298.389 1 1 1 1 

vn -1 0 0 
vn -1 0 0 
vn -1 0 0 
vn -1 0 0 
vn 0 1 0 
vn 0 1 0 
vn 0 1 0 
vn 0 1 0 
vn 0 0 -1 
vn 0 0 -1 
vn 0 0 -1 
vn 0 0 -1 
vn 1 0 0 
vn 1 0 0 
vn 1 0 0 
vn 1 0 0 
vn 0 -1 0 
vn 0 -1 0 
vn 0 -1 0 
vn 0 -1 0 
vn 0 0 1 
vn 0 0 1 
vn 0 0 1 
vn 0 0 1 

vt 6.24375 -1.875 
vt 5.5 -1.875 
vt 6.24375 -3.1 
vt 5.5 -3.1 
vt 5.56875 -1.875 
vt 5.5 -1.875 
vt 5.56875 -2.61875 
vt 5.5 -2.61875 
vt 5.56875 -1.875 
vt 5.5 -1.875 
vt 5.56875 -3.1 
vt 5.5 -3.1 
vt 6.24375 -1.875 
vt 5.5 -1.875 
vt 6.24375 -3.1 
vt 5.5 -3.1 
vt 5.56875 -1.875 
vt 5.5 -1.875 
vt 5.56875 -2.61875 
vt 5.5 -2.61875 
vt 5.56875 -1.875 
vt 5.5 -1.875 
vt 5.56875 -3.1 
vt 5.5 -3.1 

usemtl Part1Mtl

f 1205/1205/1205 1206/1206/1206 1207/1207/1207 
f 1207/1207/1207 1206/1206/1206 1208/1208/1208 
f 1209/1209/1209 1210/1210/1210 1211/1211/1211 
f 1211/1211/1211 1210/1210/1210 1212/1212/1212 
f 1213/1213/1213 1214/1214/1214 1215/1215/1215 
f 1215/1215/1215 1214/1214/1214 1216/1216/1216 
f 1217/1217/1217 1218/1218/1218 1219/1219/1219 
f 1219/1219/1219 1218/1218/1218 1220/1220/1220 
f 1221/1221/1221 1222/1222/1222 1223/1223/1223 
f 1223/1223/1223 1222/1222/1222 1224/1224/1224 
f 1225/1225/1225 1226/1226/1226 1227/1227/1227 
f 1227/1227/1227 1226/1226/1226 1228/1228/1228 

g Part82

v 45.5332 11.8081 -298.389 1 1 1 1 
v 45.5332 11.8081 -304.339 1 1 1 1 
v 45.5326 2.00806 -298.389 1 1 1 1 
v 45.5326 2.00806 -304.339 1 1 1 1 

vn -1 0 0 
vn -1 0 0 
vn -1 0 0 
vn -1 0 0 

vt 0.991669 1 
vt 0 1 
vt 0.991669 -0.633333 
vt 0 -0.633333 

usemtl Part8Mtl

f 1229/1229/1229 1230/1230/1230 1231/1231/1231 
f 1231/1231/1231 1230/1230/1230 1232/1232/1232 

g Part83

v 45.5362 11.8074 -297.974 1 1 1 1 
v 45.1462 11.8074 -297.974 1 1 1 1 
v 45.5354 2.00736 -297.974 1 1 1 1 
v 45.1454 2.00739 -297.974 1 1 1 1 
v 45.1462 11.8074 -298.524 1 1 1 1 
v 45.1462 11.8074 -297.974 1 1 1 1 
v 45.5362 11.8074 -298.524 1 1 1 1 
v 45.5362 11.8074 -297.974 1 1 1 1 
v 45.1462 11.8074 -297.974 1 1 1 1 
v 45.1462 11.8074 -298.524 1 1 1 1 
v 45.1454 2.00739 -297.974 1 1 1 1 
v 45.1454 2.00739 -298.524 1 1 1 1 
v 45.1462 11.8074 -298.524 1 1 1 1 
v 45.5362 11.8074 -298.524 1 1 1 1 
v 45.1454 2.00739 -298.524 1 1 1 1 
v 45.5354 2.00736 -298.524 1 1 1 1 
v 45.5354 2.00736 -298.524 1 1 1 1 
v 45.5354 2.00736 -297.974 1 1 1 1 
v 45.1454 2.00739 -298.524 1 1 1 1 
v 45.1454 2.00739 -297.974 1 1 1 1 
v 45.5362 11.8074 -298.524 1 1 1 1 
v 45.5362 11.8074 -297.974 1 1 1 1 
v 45.5354 2.00736 -298.524 1 1 1 1 
v 45.5354 2.00736 -297.974 1 1 1 1 

vn 0 0 1 
vn 0 0 1 
vn 0 0 1 
vn 0 0 1 
vn 0 1 0 
vn 0 1 0 
vn 0 1 0 
vn 0 1 0 
vn -1 0 0 
vn -1 0 0 
vn -1 0 0 
vn -1 0 0 
vn 0 0 -1 
vn 0 0 -1 
vn 0 0 -1 
vn 0 0 -1 
vn 0 -1 0 
vn 0 -1 0 
vn 0 -1 0 
vn 0 -1 0 
vn 1 0 0 
vn 1 0 0 
vn 1 0 0 
vn 1 0 0 

vt 4.79875 -3.375 
vt 4.75 -3.375 
vt 4.79875 -4.6 
vt 4.75 -4.6 
vt 4.81875 -3.375 
vt 4.75 -3.375 
vt 4.81875 -3.42375 
vt 4.75 -3.42375 
vt 4.81875 -3.375 
vt 4.75 -3.375 
vt 4.81875 -4.6 
vt 4.75 -4.6 
vt 4.79875 -3.375 
vt 4.75 -3.375 
vt 4.79875 -4.6 
vt 4.75 -4.6 
vt 4.81875 -3.375 
vt 4.75 -3.375 
vt 4.81875 -3.42375 
vt 4.75 -3.42375 
vt 4.81875 -3.375 
vt 4.75 -3.375 
vt 4.81875 -4.6 
vt 4.75 -4.6 

usemtl Part1Mtl

f 1233/1233/1233 1234/1234/1234 1235/1235/1235 
f 1235/1235/1235 1234/1234/1234 1236/1236/1236 
f 1237/1237/1237 1238/1238/1238 1239/1239/1239 
f 1239/1239/1239 1238/1238/1238 1240/1240/1240 
f 1241/1241/1241 1242/1242/1242 1243/1243/1243 
f 1243/1243/1243 1242/1242/1242 1244/1244/1244 
f 1245/1245/1245 1246/1246/1246 1247/1247/1247 
f 1247/1247/1247 1246/1246/1246 1248/1248/1248 
f 1249/1249/1249 1250/1250/1250 1251/1251/1251 
f 1251/1251/1251 1250/1250/1250 1252/1252/1252 
f 1253/1253/1253 1254/1254/1254 1255/1255/1255 
f 1255/1255/1255 1254/1254/1254 1256/1256/1256 

g Part84

v 45.1462 11.8074 -298.529 1 1 1 1 
v 45.5362 11.8074 -298.529 1 1 1 1 
v 45.1454 2.00739 -298.529 1 1 1 1 
v 45.5354 2.00736 -298.529 1 1 1 1 

vn 0 0 -1 
vn 0 0 -1 
vn 0 0 -1 
vn 0 0 -1 

vt 0.0650029 1 
vt 0 1 
vt 0.0650029 -0.633333 
vt 0 -0.633333 

usemtl Part8Mtl

f 1257/1257/1257 1258/1258/1258 1259/1259/1259 
f 1259/1259/1259 1258/1258/1258 1260/1260/1260 

g Part85

v 53.9377 8.00832 -313.339 1 1 1 1 
v 53.9377 8.00832 -313.539 1 1 1 1 
v 53.9373 2.0083 -313.339 1 1 1 1 
v 53.9373 2.0083 -313.539 1 1 1 1 
v 54.4877 8.00829 -313.539 1 1 1 1 
v 53.9377 8.00832 -313.539 1 1 1 1 
v 54.4877 8.00829 -313.339 1 1 1 1 
v 53.9377 8.00832 -313.339 1 1 1 1 
v 53.9377 8.00832 -313.539 1 1 1 1 
v 54.4877 8.00829 -313.539 1 1 1 1 
v 53.9373 2.0083 -313.539 1 1 1 1 
v 54.4873 2.00827 -313.539 1 1 1 1 
v 54.4877 8.00829 -313.539 1 1 1 1 
v 54.4877 8.00829 -313.339 1 1 1 1 
v 54.4873 2.00827 -313.539 1 1 1 1 
v 54.4873 2.00827 -313.339 1 1 1 1 
v 54.4873 2.00827 -313.339 1 1 1 1 
v 53.9373 2.0083 -313.339 1 1 1 1 
v 54.4873 2.00827 -313.539 1 1 1 1 
v 53.9373 2.0083 -313.539 1 1 1 1 
v 54.4877 8.00829 -313.339 1 1 1 1 
v 53.9377 8.00832 -313.339 1 1 1 1 
v 54.4873 2.00827 -313.339 1 1 1 1 
v 53.9373 2.0083 -313.339 1 1 1 1 

vn -1 0 0 
vn -1 0 0 
vn -1 0 0 
vn -1 0 0 
vn 0 1 0 
vn 0 1 0 
vn 0 1 0 
vn 0 1 0 
vn 0 0 -1 
vn 0 0 -1 
vn 0 0 -1 
vn 0 0 -1 
vn 1 0 0 
vn 1 0 0 
vn 1 0 0 
vn 1 0 0 
vn 0 -1 0 
vn 0 -1 0 
vn 0 -1 0 
vn 0 -1 0 
vn 0 0 1 
vn 0 0 1 
vn 0 0 1 
vn 0 0 1 

vt 0.775 -0.625 
vt 0.75 -0.625 
vt 0.775 -1.375 
vt 0.75 -1.375 
vt 0.81875 -0.625 
vt 0.75 -0.625 
vt 0.81875 -0.65 
vt 0.75 -0.65 
vt 0.81875 -0.625 
vt 0.75 -0.625 
vt 0.81875 -1.375 
vt 0.75 -1.375 
vt 0.775 -0.625 
vt 0.75 -0.625 
vt 0.775 -1.375 
vt 0.75 -1.375 
vt 0.81875 -0.625 
vt 0.75 -0.625 
vt 0.81875 -0.65 
vt 0.75 -0.65 
vt 0.81875 -0.625 
vt 0.75 -0.625 
vt 0.81875 -1.375 
vt 0.75 -1.375 

usemtl Part1Mtl

f 1261/1261/1261 1262/1262/1262 1263/1263/1263 
f 1263/1263/1263 1262/1262/1262 1264/1264/1264 
f 1265/1265/1265 1266/1266/1266 1267/1267/1267 
f 1267/1267/1267 1266/1266/1266 1268/1268/1268 
f 1269/1269/1269 1270/1270/1270 1271/1271/1271 
f 1271/1271/1271 1270/1270/1270 1272/1272/1272 
f 1273/1273/1273 1274/1274/1274 1275/1275/1275 
f 1275/1275/1275 1274/1274/1274 1276/1276/1276 
f 1277/1277/1277 1278/1278/1278 1279/1279/1279 
f 1279/1279/1279 1278/1278/1278 1280/1280/1280 
f 1281/1281/1281 1282/1282/1282 1283/1283/1283 
f 1283/1283/1283 1282/1282/1282 1284/1284/1284 

g Part86

v 32.6094 11.8082 -313.799 1 1 1 1 
v 32.6094 11.8082 -314.389 1 1 1 1 
v 32.6094 2.00819 -313.799 1 1 1 1 
v 32.6094 2.00822 -314.389 1 1 1 1 
v 33.1594 11.8082 -314.389 1 1 1 1 
v 32.6094 11.8082 -314.389 1 1 1 1 
v 33.1594 11.8082 -313.799 1 1 1 1 
v 32.6094 11.8082 -313.799 1 1 1 1 
v 32.6094 11.8082 -314.389 1 1 1 1 
v 33.1594 11.8082 -314.389 1 1 1 1 
v 32.6094 2.00822 -314.389 1 1 1 1 
v 33.1594 2.00822 -314.389 1 1 1 1 
v 33.1594 11.8082 -314.389 1 1 1 1 
v 33.1594 11.8082 -313.799 1 1 1 1 
v 33.1594 2.00822 -314.389 1 1 1 1 
v 33.1594 2.00819 -313.799 1 1 1 1 
v 33.1594 2.00819 -313.799 1 1 1 1 
v 32.6094 2.00819 -313.799 1 1 1 1 
v 33.1594 2.00822 -314.389 1 1 1 1 
v 32.6094 2.00822 -314.389 1 1 1 1 
v 33.1594 11.8082 -313.799 1 1 1 1 
v 32.6094 11.8082 -313.799 1 1 1 1 
v 33.1594 2.00819 -313.799 1 1 1 1 
v 32.6094 2.00819 -313.799 1 1 1 1 

vn -1 0 0 
vn -1 0 0 
vn -1 0 0 
vn -1 0 0 
vn 0 1 0 
vn 0 1 0 
vn 0 1 0 
vn 0 1 0 
vn 0 0 -1 
vn 0 0 -1 
vn 0 0 -1 
vn 0 0 -1 
vn 1 0 0 
vn 1 0 0 
vn 1 0 0 
vn 1 0 0 
vn 0 -1 0 
vn 0 -1 0 
vn 0 -1 0 
vn 0 -1 0 
vn 0 0 1 
vn 0 0 1 
vn 0 0 1 
vn 0 0 1 

vt 1.19875 -3.75 
vt 1.125 -3.75 
vt 1.19875 -4.975 
vt 1.125 -4.975 
vt 1.19375 -3.75 
vt 1.125 -3.75 
vt 1.19375 -3.82375 
vt 1.125 -3.82375 
vt 1.19375 -3.75 
vt 1.125 -3.75 
vt 1.19375 -4.975 
vt 1.125 -4.975 
vt 1.19875 -3.75 
vt 1.125 -3.75 
vt 1.19875 -4.975 
vt 1.125 -4.975 
vt 1.19375 -3.75 
vt 1.125 -3.75 
vt 1.19375 -3.82375 
vt 1.125 -3.82375 
vt 1.19375 -3.75 
vt 1.125 -3.75 
vt 1.19375 -4.975 
vt 1.125 -4.975 

usemtl Part1Mtl

f 1285/1285/1285 1286/1286/1286 1287/1287/1287 
f 1287/1287/1287 1286/1286/1286 1288/1288/1288 
f 1289/1289/1289 1290/1290/1290 1291/1291/1291 
f 1291/1291/1291 1290/1290/1290 1292/1292/1292 
f 1293/1293/1293 1294/1294/1294 1295/1295/1295 
f 1295/1295/1295 1294/1294/1294 1296/1296/1296 
f 1297/1297/1297 1298/1298/1298 1299/1299/1299 
f 1299/1299/1299 1298/1298/1298 1300/1300/1300 
f 1301/1301/1301 1302/1302/1302 1303/1303/1303 
f 1303/1303/1303 1302/1302/1302 1304/1304/1304 
f 1305/1305/1305 1306/1306/1306 1307/1307/1307 
f 1307/1307/1307 1306/1306/1306 1308/1308/1308 

g Part87

v 33.1644 11.8082 -314.389 1 1 1 1 
v 33.1644 11.8082 -313.799 1 1 1 1 
v 33.1644 2.00822 -314.389 1 1 1 1 
v 33.1644 2.00819 -313.799 1 1 1 1 

vn 1 0 0 
vn 1 0 0 
vn 1 0 0 
vn 1 0 0 

vt 0.0983362 1 
vt 0 1 
vt 0.0983362 -0.633333 
vt 0 -0.633333 

usemtl Part8Mtl

f 1309/1309/1309 1310/1310/1310 1311/1311/1311 
f 1311/1311/1311 1310/1310/1310 1312/1312/1312 

g Part88

v 42.0826 11.8077 -297.974 1 1 1 1 
v 38.9326 11.8079 -297.974 1 1 1 1 
v 42.082 4.34764 -297.974 1 1 1 1 
v 38.9319 4.34789 -297.974 1 1 1 1 
v 38.9325 11.8079 -298.524 1 1 1 1 
v 38.9326 11.8079 -297.974 1 1 1 1 
v 42.0826 11.8077 -298.524 1 1 1 1 
v 42.0826 11.8077 -297.974 1 1 1 1 
v 38.9326 11.8079 -297.974 1 1 1 1 
v 38.9325 11.8079 -298.524 1 1 1 1 
v 38.9319 4.34789 -297.974 1 1 1 1 
v 38.9319 4.3479 -298.524 1 1 1 1 
v 38.9325 11.8079 -298.524 1 1 1 1 
v 42.0826 11.8077 -298.524 1 1 1 1 
v 38.9319 4.3479 -298.524 1 1 1 1 
v 42.082 4.34764 -298.524 1 1 1 1 
v 42.082 4.34764 -298.524 1 1 1 1 
v 42.082 4.34764 -297.974 1 1 1 1 
v 38.9319 4.3479 -298.524 1 1 1 1 
v 38.9319 4.34789 -297.974 1 1 1 1 
v 42.0826 11.8077 -298.524 1 1 1 1 
v 42.0826 11.8077 -297.974 1 1 1 1 
v 42.082 4.34764 -298.524 1 1 1 1 
v 42.082 4.34764 -297.974 1 1 1 1 

vn 0 0 1 
vn 0 0 1 
vn 0 0 1 
vn 0 0 1 
vn 0 1 0 
vn 0 1 0 
vn 0 1 0 
vn 0 1 0 
vn -1 0 0 
vn -1 0 0 
vn -1 0 0 
vn -1 0 0 
vn 0 0 -1 
vn 0 0 -1 
vn 0 0 -1 
vn 0 0 -1 
vn 0 -1 0 
vn 0 -1 0 
vn 0 -1 0 
vn 0 -1 0 
vn 1 0 0 
vn 1 0 0 
vn 1 0 0 
vn 1 0 0 

vt 3.64375 -3.5 
vt 3.25 -3.5 
vt 3.64375 -4.4325 
vt 3.25 -4.4325 
vt 3.31875 -3.5 
vt 3.25 -3.5 
vt 3.31875 -3.89375 
vt 3.25 -3.89375 
vt 3.31875 -3.5 
vt 3.25 -3.5 
vt 3.31875 -4.4325 
vt 3.25 -4.4325 
vt 3.64375 -3.5 
vt 3.25 -3.5 
vt 3.64375 -4.4325 
vt 3.25 -4.4325 
vt 3.31875 -3.5 
vt 3.25 -3.5 
vt 3.31875 -3.89375 
vt 3.25 -3.89375 
vt 3.31875 -3.5 
vt 3.25 -3.5 
vt 3.31875 -4.4325 
vt 3.25 -4.4325 

usemtl Part1Mtl

f 1313/1313/1313 1314/1314/1314 1315/1315/1315 
f 1315/1315/1315 1314/1314/1314 1316/1316/1316 
f 1317/1317/1317 1318/1318/1318 1319/1319/1319 
f 1319/1319/1319 1318/1318/1318 1320/1320/1320 
f 1321/1321/1321 1322/1322/1322 1323/1323/1323 
f 1323/1323/1323 1322/1322/1322 1324/1324/1324 
f 1325/1325/1325 1326/1326/1326 1327/1327/1327 
f 1327/1327/1327 1326/1326/1326 1328/1328/1328 
f 1329/1329/1329 1330/1330/1330 1331/1331/1331 
f 1331/1331/1331 1330/1330/1330 1332/1332/1332 
f 1333/1333/1333 1334/1334/1334 1335/1335/1335 
f 1335/1335/1335 1334/1334/1334 1336/1336/1336 

g Part89

v 38.9325 11.8079 -298.529 1 1 1 1 
v 42.0826 11.8077 -298.529 1 1 1 1 
v 38.9319 4.3479 -298.529 1 1 1 1 
v 42.082 4.34764 -298.529 1 1 1 1 

vn 0 0 -1 
vn 0 0 -1 
vn 0 0 -1 
vn 0 0 -1 

vt 0.525003 1 
vt 0 1 
vt 0.525003 -0.243333 
vt 0 -0.243333 

usemtl Part8Mtl

f 1337/1337/1337 1338/1338/1338 1339/1339/1339 
f 1339/1339/1339 1338/1338/1338 1340/1340/1340 

g Part90

v 54.1843 11.8019 -302.93 1 1 1 1 
v 54.1843 11.8019 -299.63 1 1 1 1 
v 54.1841 8.95186 -302.93 1 1 1 1 
v 54.1841 8.95186 -299.63 1 1 1 1 
v 53.7643 11.8019 -299.63 1 1 1 1 
v 54.1843 11.8019 -299.63 1 1 1 1 
v 53.7643 11.8019 -302.93 1 1 1 1 
v 54.1843 11.8019 -302.93 1 1 1 1 
v 54.1843 11.8019 -299.63 1 1 1 1 
v 53.7643 11.8019 -299.63 1 1 1 1 
v 54.1841 8.95186 -299.63 1 1 1 1 
v 53.7641 8.95189 -299.63 1 1 1 1 
v 53.7643 11.8019 -299.63 1 1 1 1 
v 53.7643 11.8019 -302.93 1 1 1 1 
v 53.7641 8.95189 -299.63 1 1 1 1 
v 53.7641 8.95189 -302.93 1 1 1 1 
v 53.7641 8.95189 -302.93 1 1 1 1 
v 54.1841 8.95186 -302.93 1 1 1 1 
v 53.7641 8.95189 -299.63 1 1 1 1 
v 54.1841 8.95186 -299.63 1 1 1 1 
v 53.7643 11.8019 -302.93 1 1 1 1 
v 54.1843 11.8019 -302.93 1 1 1 1 
v 53.7641 8.95189 -302.93 1 1 1 1 
v 54.1841 8.95186 -302.93 1 1 1 1 

vn 1 0 0 
vn 1 0 0 
vn 1 0 0 
vn 1 0 0 
vn 0 1 0 
vn 0 1 0 
vn 0 1 0 
vn 0 1 0 
vn 0 0 1 
vn 0 0 1 
vn 0 0 1 
vn 0 0 1 
vn -1 0 0 
vn -1 0 0 
vn -1 0 0 
vn -1 0 0 
vn 0 -1 0 
vn 0 -1 0 
vn 0 -1 0 
vn 0 -1 0 
vn 0 0 -1 
vn 0 0 -1 
vn 0 0 -1 
vn 0 0 -1 

vt 7.0375 -5.625 
vt 6.625 -5.625 
vt 7.0375 -5.98125 
vt 6.625 -5.98125 
vt 6.6775 -5.625 
vt 6.625 -5.625 
vt 6.6775 -6.0375 
vt 6.625 -6.0375 
vt 6.6775 -5.625 
vt 6.625 -5.625 
vt 6.6775 -5.98125 
vt 6.625 -5.98125 
vt 7.0375 -5.625 
vt 6.625 -5.625 
vt 7.0375 -5.98125 
vt 6.625 -5.98125 
vt 6.6775 -5.625 
vt 6.625 -5.625 
vt 6.6775 -6.0375 
vt 6.625 -6.0375 
vt 6.6775 -5.625 
vt 6.625 -5.625 
vt 6.6775 -5.98125 
vt 6.625 -5.98125 

usemtl Part1Mtl

f 1341/1341/1341 1342/1342/1342 1343/1343/1343 
f 1343/1343/1343 1342/1342/1342 1344/1344/1344 
f 1345/1345/1345 1346/1346/1346 1347/1347/1347 
f 1347/1347/1347 1346/1346/1346 1348/1348/1348 
f 1349/1349/1349 1350/1350/1350 1351/1351/1351 
f 1351/1351/1351 1350/1350/1350 1352/1352/1352 
f 1353/1353/1353 1354/1354/1354 1355/1355/1355 
f 1355/1355/1355 1354/1354/1354 1356/1356/1356 
f 1357/1357/1357 1358/1358/1358 1359/1359/1359 
f 1359/1359/1359 1358/1358/1358 1360/1360/1360 
f 1361/1361/1361 1362/1362/1362 1363/1363/1363 
f 1363/1363/1363 1362/1362/1362 1364/1364/1364 

g Part91

v 53.7593 11.8019 -299.63 1 1 1 1 
v 53.7593 11.8019 -302.93 1 1 1 1 
v 53.7591 8.95189 -299.63 1 1 1 1 
v 53.7591 8.95189 -302.93 1 1 1 1 

vn -1 0 0 
vn -1 0 0 
vn -1 0 0 
vn -1 0 0 

vt 0.550003 1 
vt 0 1 
vt 0.550003 0.525 
vt 0 0.525 

usemtl Part6Mtl

f 1365/1365/1365 1366/1366/1366 1367/1367/1367 
f 1367/1367/1367 1366/1366/1366 1368/1368/1368 

g Part92

v 54.1498 4.41052 -321.658 1 1 1 1 
v 45.9197 4.41119 -321.658 1 1 1 1 
v 54.1496 1.96051 -321.658 1 1 1 1 
v 45.9195 1.96118 -321.658 1 1 1 1 
v 45.9197 4.41119 -321.908 1 1 1 1 
v 45.9197 4.41119 -321.658 1 1 1 1 
v 54.1498 4.41052 -321.908 1 1 1 1 
v 54.1498 4.41052 -321.658 1 1 1 1 
v 45.9197 4.41119 -321.658 1 1 1 1 
v 45.9197 4.41119 -321.908 1 1 1 1 
v 45.9195 1.96118 -321.658 1 1 1 1 
v 45.9195 1.96118 -321.908 1 1 1 1 
v 45.9197 4.41119 -321.908 1 1 1 1 
v 54.1498 4.41052 -321.908 1 1 1 1 
v 45.9195 1.96118 -321.908 1 1 1 1 
v 54.1496 1.96051 -321.908 1 1 1 1 
v 54.1496 1.96051 -321.908 1 1 1 1 
v 54.1496 1.96051 -321.658 1 1 1 1 
v 45.9195 1.96118 -321.908 1 1 1 1 
v 45.9195 1.96118 -321.658 1 1 1 1 
v 54.1498 4.41052 -321.908 1 1 1 1 
v 54.1498 4.41052 -321.658 1 1 1 1 
v 54.1496 1.96051 -321.908 1 1 1 1 
v 54.1496 1.96051 -321.658 1 1 1 1 

vn 0 0 1 
vn 0 0 1 
vn 0 0 1 
vn 0 0 1 
vn 0 1 0 
vn 0 1 0 
vn 0 1 0 
vn 0 1 0 
vn -1 0 0 
vn -1 0 0 
vn -1 0 0 
vn -1 0 0 
vn 0 0 -1 
vn 0 0 -1 
vn 0 0 -1 
vn 0 0 -1 
vn 0 -1 0 
vn 0 -1 0 
vn 0 -1 0 
vn 0 -1 0 
vn 1 0 0 
vn 1 0 0 
vn 1 0 0 
vn 1 0 0 

vt 6.65375 -0.75 
vt 5.625 -0.75 
vt 6.65375 -1.05625 
vt 5.625 -1.05625 
vt 5.65625 -0.75 
vt 5.625 -0.75 
vt 5.65625 -1.77875 
vt 5.625 -1.77875 
vt 5.65625 -0.75 
vt 5.625 -0.75 
vt 5.65625 -1.05625 
vt 5.625 -1.05625 
vt 6.65375 -0.75 
vt 5.625 -0.75 
vt 6.65375 -1.05625 
vt 5.625 -1.05625 
vt 5.65625 -0.75 
vt 5.625 -0.75 
vt 5.65625 -1.77875 
vt 5.625 -1.77875 
vt 5.65625 -0.75 
vt 5.625 -0.75 
vt 5.65625 -1.05625 
vt 5.625 -1.05625 

usemtl Part1Mtl

f 1369/1369/1369 1370/1370/1370 1371/1371/1371 
f 1371/1371/1371 1370/1370/1370 1372/1372/1372 
f 1373/1373/1373 1374/1374/1374 1375/1375/1375 
f 1375/1375/1375 1374/1374/1374 1376/1376/1376 
f 1377/1377/1377 1378/1378/1378 1379/1379/1379 
f 1379/1379/1379 1378/1378/1378 1380/1380/1380 
f 1381/1381/1381 1382/1382/1382 1383/1383/1383 
f 1383/1383/1383 1382/1382/1382 1384/1384/1384 
f 1385/1385/1385 1386/1386/1386 1387/1387/1387 
f 1387/1387/1387 1386/1386/1386 1388/1388/1388 
f 1389/1389/1389 1390/1390/1390 1391/1391/1391 
f 1391/1391/1391 1390/1390/1390 1392/1392/1392 

g Part93

v 54.1498 4.41052 -321.653 1 1 1 1 
v 45.9197 4.41119 -321.653 1 1 1 1 
v 54.1496 1.96051 -321.653 1 1 1 1 
v 45.9195 1.96118 -321.653 1 1 1 1 

vn 0 0 1 
vn 0 0 1 
vn 0 0 1 
vn 0 0 1 

vt 1.37167 1 
vt 0 1 
vt 1.37167 0.591666 
vt 0 0.591666 

usemtl Part6Mtl

f 1393/1393/1393 1394/1394/1394 1395/1395/1395 
f 1395/1395/1395 1394/1394/1394 1396/1396/1396 

g Part94

v 51.6383 11.8078 -304.839 1 1 1 1 
v 53.9884 11.8076 -304.839 1 1 1 1 
v 51.6376 2.00781 -304.839 1 1 1 1 
v 53.9876 2.00762 -304.839 1 1 1 1 
v 53.9884 11.8076 -304.289 1 1 1 1 
v 53.9884 11.8076 -304.839 1 1 1 1 
v 51.6384 11.8078 -304.289 1 1 1 1 
v 51.6383 11.8078 -304.839 1 1 1 1 
v 53.9884 11.8076 -304.839 1 1 1 1 
v 53.9884 11.8076 -304.289 1 1 1 1 
v 53.9876 2.00762 -304.839 1 1 1 1 
v 53.9876 2.00762 -304.289 1 1 1 1 
v 53.9884 11.8076 -304.289 1 1 1 1 
v 51.6384 11.8078 -304.289 1 1 1 1 
v 53.9876 2.00762 -304.289 1 1 1 1 
v 51.6376 2.00781 -304.289 1 1 1 1 
v 51.6376 2.00781 -304.289 1 1 1 1 
v 51.6376 2.00781 -304.839 1 1 1 1 
v 53.9876 2.00762 -304.289 1 1 1 1 
v 53.9876 2.00762 -304.839 1 1 1 1 
v 51.6384 11.8078 -304.289 1 1 1 1 
v 51.6383 11.8078 -304.839 1 1 1 1 
v 51.6376 2.00781 -304.289 1 1 1 1 
v 51.6376 2.00781 -304.839 1 1 1 1 

vn 0 0 -1 
vn 0 0 -1 
vn 0 0 -1 
vn 0 0 -1 
vn 0 1 0 
vn 0 1 0 
vn 0 1 0 
vn 0 1 0 
vn 1 0 0 
vn 1 0 0 
vn 1 0 0 
vn 1 0 0 
vn 0 0 1 
vn 0 0 1 
vn 0 0 1 
vn 0 0 1 
vn 0 -1 0 
vn 0 -1 0 
vn 0 -1 0 
vn 0 -1 0 
vn -1 0 0 
vn -1 0 0 
vn -1 0 0 
vn -1 0 0 

vt 3.29375 -3.875 
vt 3 -3.875 
vt 3.29375 -5.1 
vt 3 -5.1 
vt 3.06875 -3.875 
vt 3 -3.875 
vt 3.06875 -4.16875 
vt 3 -4.16875 
vt 3.06875 -3.875 
vt 3 -3.875 
vt 3.06875 -5.1 
vt 3 -5.1 
vt 3.29375 -3.875 
vt 3 -3.875 
vt 3.29375 -5.1 
vt 3 -5.1 
vt 3.06875 -3.875 
vt 3 -3.875 
vt 3.06875 -4.16875 
vt 3 -4.16875 
vt 3.06875 -3.875 
vt 3 -3.875 
vt 3.06875 -5.1 
vt 3 -5.1 

usemtl Part1Mtl

f 1397/1397/1397 1398/1398/1398 1399/1399/1399 
f 1399/1399/1399 1398/1398/1398 1400/1400/1400 
f 1401/1401/1401 1402/1402/1402 1403/1403/1403 
f 1403/1403/1403 1402/1402/1402 1404/1404/1404 
f 1405/1405/1405 1406/1406/1406 1407/1407/1407 
f 1407/1407/1407 1406/1406/1406 1408/1408/1408 
f 1409/1409/1409 1410/1410/1410 1411/1411/1411 
f 1411/1411/1411 1410/1410/1410 1412/1412/1412 
f 1413/1413/1413 1414/1414/1414 1415/1415/1415 
f 1415/1415/1415 1414/1414/1414 1416/1416/1416 
f 1417/1417/1417 1418/1418/1418 1419/1419/1419 
f 1419/1419/1419 1418/1418/1418 1420/1420/1420 

g Part95

v 51.6383 11.8078 -304.844 1 1 1 1 
v 53.9884 11.8076 -304.844 1 1 1 1 
v 51.6376 2.00781 -304.844 1 1 1 1 
v 53.9876 2.00762 -304.844 1 1 1 1 

vn 0 0 -1 
vn 0 0 -1 
vn 0 0 -1 
vn 0 0 -1 

vt 0.391669 1 
vt 0 1 
vt 0.391669 -0.633333 
vt 0 -0.633333 

usemtl Part6Mtl

f 1421/1421/1421 1422/1422/1422 1423/1423/1423 
f 1423/1423/1423 1422/1422/1422 1424/1424/1424 

g Part96

v 53.9884 11.8076 -304.284 1 1 1 1 
v 51.6384 11.8078 -304.284 1 1 1 1 
v 53.9876 2.00762 -304.284 1 1 1 1 
v 51.6376 2.00781 -304.284 1 1 1 1 

vn 0 0 1 
vn 0 0 1 
vn 0 0 1 
vn 0 0 1 

vt 0.391669 1 
vt 0 1 
vt 0.391669 -0.633333 
vt 0 -0.633333 

usemtl Part6Mtl

f 1425/1425/1425 1426/1426/1426 1427/1427/1427 
f 1427/1427/1427 1426/1426/1426 1428/1428/1428 

g Part97

v 45.5382 11.8082 -304.329 1 1 1 1 
v 45.5382 11.8082 -305.139 1 1 1 1 
v 45.5376 2.0082 -304.329 1 1 1 1 
v 45.5376 2.0082 -305.139 1 1 1 1 
v 46.0882 11.8082 -305.139 1 1 1 1 
v 45.5382 11.8082 -305.139 1 1 1 1 
v 46.0882 11.8082 -304.329 1 1 1 1 
v 45.5382 11.8082 -304.329 1 1 1 1 
v 45.5382 11.8082 -305.139 1 1 1 1 
v 46.0882 11.8082 -305.139 1 1 1 1 
v 45.5376 2.0082 -305.139 1 1 1 1 
v 46.0876 2.00816 -305.139 1 1 1 1 
v 46.0882 11.8082 -305.139 1 1 1 1 
v 46.0882 11.8082 -304.329 1 1 1 1 
v 46.0876 2.00816 -305.139 1 1 1 1 
v 46.0876 2.00816 -304.329 1 1 1 1 
v 46.0876 2.00816 -304.329 1 1 1 1 
v 45.5376 2.0082 -304.329 1 1 1 1 
v 46.0876 2.00816 -305.139 1 1 1 1 
v 45.5376 2.0082 -305.139 1 1 1 1 
v 46.0882 11.8082 -304.329 1 1 1 1 
v 45.5382 11.8082 -304.329 1 1 1 1 
v 46.0876 2.00816 -304.329 1 1 1 1 
v 45.5376 2.0082 -304.329 1 1 1 1 

vn -1 0 0 
vn -1 0 0 
vn -1 0 0 
vn -1 0 0 
vn 0 1 0 
vn 0 1 0 
vn 0 1 0 
vn 0 1 0 
vn 0 0 -1 
vn 0 0 -1 
vn 0 0 -1 
vn 0 0 -1 
vn 1 0 0 
vn 1 0 0 
vn 1 0 0 
vn 1 0 0 
vn 0 -1 0 
vn 0 -1 0 
vn 0 -1 0 
vn 0 -1 0 
vn 0 0 1 
vn 0 0 1 
vn 0 0 1 
vn 0 0 1 

vt 3.60125 -6.5 
vt 3.5 -6.5 
vt 3.60125 -7.725 
vt 3.5 -7.725 
vt 3.56875 -6.5 
vt 3.5 -6.5 
vt 3.56875 -6.60125 
vt 3.5 -6.60125 
vt 3.56875 -6.5 
vt 3.5 -6.5 
vt 3.56875 -7.725 
vt 3.5 -7.725 
vt 3.60125 -6.5 
vt 3.5 -6.5 
vt 3.60125 -7.725 
vt 3.5 -7.725 
vt 3.56875 -6.5 
vt 3.5 -6.5 
vt 3.56875 -6.60125 
vt 3.5 -6.60125 
vt 3.56875 -6.5 
vt 3.5 -6.5 
vt 3.56875 -7.725 
vt 3.5 -7.725 

usemtl Part1Mtl

f 1429/1429/1429 1430/1430/1430 1431/1431/1431 
f 1431/1431/1431 1430/1430/1430 1432/1432/1432 
f 1433/1433/1433 1434/1434/1434 1435/1435/1435 
f 1435/1435/1435 1434/1434/1434 1436/1436/1436 
f 1437/1437/1437 1438/1438/1438 1439/1439/1439 
f 1439/1439/1439 1438/1438/1438 1440/1440/1440 
f 1441/1441/1441 1442/1442/1442 1443/1443/1443 
f 1443/1443/1443 1442/1442/1442 1444/1444/1444 
f 1445/1445/1445 1446/1446/1446 1447/1447/1447 
f 1447/1447/1447 1446/1446/1446 1448/1448/1448 
f 1449/1449/1449 1450/1450/1450 1451/1451/1451 
f 1451/1451/1451 1450/1450/1450 1452/1452/1452 

g Part98

v 46.0932 11.8082 -305.139 1 1 1 1 
v 46.0932 11.8082 -304.329 1 1 1 1 
v 46.0926 2.00816 -305.139 1 1 1 1 
v 46.0926 2.00816 -304.329 1 1 1 1 

vn 1 0 0 
vn 1 0 0 
vn 1 0 0 
vn 1 0 0 

vt 0.135003 1 
vt 0 1 
vt 0.135003 -0.633333 
vt 0 -0.633333 

usemtl Part6Mtl

f 1453/1453/1453 1454/1454/1454 1455/1455/1455 
f 1455/1455/1455 1454/1454/1454 1456/1456/1456 

g Part99

v 45.5332 11.8082 -304.329 1 1 1 1 
v 45.5332 11.8082 -305.139 1 1 1 1 
v 45.5326 2.0082 -304.329 1 1 1 1 
v 45.5326 2.0082 -305.139 1 1 1 1 

vn -1 0 0 
vn -1 0 0 
vn -1 0 0 
vn -1 0 0 

vt 0.135003 1 
vt 0 1 
vt 0.135003 -0.633333 
vt 0 -0.633333 

usemtl Part8Mtl

f 1457/1457/1457 1458/1458/1458 1459/1459/1459 
f 1459/1459/1459 1458/1458/1458 1460/1460/1460 

g Part100

v 46.0384 11.8081 -304.839 1 1 1 1 
v 47.3884 11.808 -304.839 1 1 1 1 
v 46.0376 2.00811 -304.839 1 1 1 1 
v 47.3876 2.008 -304.839 1 1 1 1 
v 47.3884 11.808 -304.289 1 1 1 1 
v 47.3884 11.808 -304.839 1 1 1 1 
v 46.0384 11.8081 -304.289 1 1 1 1 
v 46.0384 11.8081 -304.839 1 1 1 1 
v 47.3884 11.808 -304.839 1 1 1 1 
v 47.3884 11.808 -304.289 1 1 1 1 
v 47.3876 2.008 -304.839 1 1 1 1 
v 47.3876 2.008 -304.289 1 1 1 1 
v 47.3884 11.808 -304.289 1 1 1 1 
v 46.0384 11.8081 -304.289 1 1 1 1 
v 47.3876 2.008 -304.289 1 1 1 1 
v 46.0376 2.00811 -304.289 1 1 1 1 
v 46.0376 2.00811 -304.289 1 1 1 1 
v 46.0376 2.00811 -304.839 1 1 1 1 
v 47.3876 2.008 -304.289 1 1 1 1 
v 47.3876 2.008 -304.839 1 1 1 1 
v 46.0384 11.8081 -304.289 1 1 1 1 
v 46.0384 11.8081 -304.839 1 1 1 1 
v 46.0376 2.00811 -304.289 1 1 1 1 
v 46.0376 2.00811 -304.839 1 1 1 1 

vn 0 0 -1 
vn 0 0 -1 
vn 0 0 -1 
vn 0 0 -1 
vn 0 1 0 
vn 0 1 0 
vn 0 1 0 
vn 0 1 0 
vn 1 0 0 
vn 1 0 0 
vn 1 0 0 
vn 1 0 0 
vn 0 0 1 
vn 0 0 1 
vn 0 0 1 
vn 0 0 1 
vn 0 -1 0 
vn 0 -1 0 
vn 0 -1 0 
vn 0 -1 0 
vn -1 0 0 
vn -1 0 0 
vn -1 0 0 
vn -1 0 0 

vt 0.543752 -4.625 
vt 0.375 -4.625 
vt 0.543752 -5.85 
vt 0.375 -5.85 
vt 0.44375 -4.625 
vt 0.375 -4.625 
vt 0.44375 -4.79375 
vt 0.375 -4.79375 
vt 0.44375 -4.625 
vt 0.375 -4.625 
vt 0.44375 -5.85 
vt 0.375 -5.85 
vt 0.543752 -4.625 
vt 0.375 -4.625 
vt 0.543752 -5.85 
vt 0.375 -5.85 
vt 0.44375 -4.625 
vt 0.375 -4.625 
vt 0.44375 -4.79375 
vt 0.375 -4.79375 
vt 0.44375 -4.625 
vt 0.375 -4.625 
vt 0.44375 -5.85 
vt 0.375 -5.85 

usemtl Part1Mtl

f 1461/1461/1461 1462/1462/1462 1463/1463/1463 
f 1463/1463/1463 1462/1462/1462 1464/1464/1464 
f 1465/1465/1465 1466/1466/1466 1467/1467/1467 
f 1467/1467/1467 1466/1466/1466 1468/1468/1468 
f 1469/1469/1469 1470/1470/1470 1471/1471/1471 
f 1471/1471/1471 1470/1470/1470 1472/1472/1472 
f 1473/1473/1473 1474/1474/1474 1475/1475/1475 
f 1475/1475/1475 1474/1474/1474 1476/1476/1476 
f 1477/1477/1477 1478/1478/1478 1479/1479/1479 
f 1479/1479/1479 1478/1478/1478 1480/1480/1480 
f 1481/1481/1481 1482/1482/1482 1483/1483/1483 
f 1483/1483/1483 1482/1482/1482 1484/1484/1484 

g Part101

v 46.0384 11.8081 -304.844 1 1 1 1 
v 47.3884 11.808 -304.844 1 1 1 1 
v 46.0376 2.00811 -304.844 1 1 1 1 
v 47.3876 2.008 -304.844 1 1 1 1 

vn 0 0 -1 
vn 0 0 -1 
vn 0 0 -1 
vn 0 0 -1 

vt 0.225003 1 
vt 0 1 
vt 0.225003 -0.633333 
vt 0 -0.633333 

usemtl Part6Mtl

f 1485/1485/1485 1486/1486/1486 1487/1487/1487 
f 1487/1487/1487 1486/1486/1486 1488/1488/1488 

g Part102

v 47.3884 11.808 -304.284 1 1 1 1 
v 46.0384 11.8081 -304.284 1 1 1 1 
v 47.3876 2.008 -304.284 1 1 1 1 
v 46.0376 2.00811 -304.284 1 1 1 1 

vn 0 0 1 
vn 0 0 1 
vn 0 0 1 
vn 0 0 1 

vt 0.225003 1 
vt 0 1 
vt 0.225003 -0.633333 
vt 0 -0.633333 

usemtl Part6Mtl

f 1489/1489/1489 1490/1490/1490 1491/1491/1491 
f 1491/1491/1491 1490/1490/1490 1492/1492/1492 

g Part103

v 45.538 11.8082 -304.989 1 1 1 1 
v 45.538 11.8082 -310.939 1 1 1 1 
v 45.5378 8.60816 -304.989 1 1 1 1 
v 45.5378 8.60816 -310.939 1 1 1 1 
v 46.0881 11.8081 -310.939 1 1 1 1 
v 45.538 11.8082 -310.939 1 1 1 1 
v 46.088 11.8081 -304.989 1 1 1 1 
v 45.538 11.8082 -304.989 1 1 1 1 
v 45.538 11.8082 -310.939 1 1 1 1 
v 46.0881 11.8081 -310.939 1 1 1 1 
v 45.5378 8.60816 -310.939 1 1 1 1 
v 46.0879 8.60813 -310.939 1 1 1 1 
v 46.0881 11.8081 -310.939 1 1 1 1 
v 46.088 11.8081 -304.989 1 1 1 1 
v 46.0879 8.60813 -310.939 1 1 1 1 
v 46.0878 8.60813 -304.989 1 1 1 1 
v 46.0878 8.60813 -304.989 1 1 1 1 
v 45.5378 8.60816 -304.989 1 1 1 1 
v 46.0879 8.60813 -310.939 1 1 1 1 
v 45.5378 8.60816 -310.939 1 1 1 1 
v 46.088 11.8081 -304.989 1 1 1 1 
v 45.538 11.8082 -304.989 1 1 1 1 
v 46.0878 8.60813 -304.989 1 1 1 1 
v 45.5378 8.60816 -304.989 1 1 1 1 

vn -1 0 0 
vn -1 0 0 
vn -1 0 0 
vn -1 0 0 
vn 0 1 0 
vn 0 1 0 
vn 0 1 0 
vn 0 1 0 
vn 0 0 -1 
vn 0 0 -1 
vn 0 0 -1 
vn 0 0 -1 
vn 1 0 0 
vn 1 0 0 
vn 1 0 0 
vn 1 0 0 
vn 0 -1 0 
vn 0 -1 0 
vn 0 -1 0 
vn 0 -1 0 
vn 0 0 1 
vn 0 0 1 
vn 0 0 1 
vn 0 0 1 

vt 1.74375 -4.5 
vt 1 -4.5 
vt 1.74375 -4.9 
vt 1 -4.9 
vt 1.06875 -4.5 
vt 1 -4.5 
vt 1.06875 -5.24375 
vt 1 -5.24375 
vt 1.06875 -4.5 
vt 1 -4.5 
vt 1.06875 -4.9 
vt 1 -4.9 
vt 1.74375 -4.5 
vt 1 -4.5 
vt 1.74375 -4.9 
vt 1 -4.9 
vt 1.06875 -4.5 
vt 1 -4.5 
vt 1.06875 -5.24375 
vt 1 -5.24375 
vt 1.06875 -4.5 
vt 1 -4.5 
vt 1.06875 -4.9 
vt 1 -4.9 

usemtl Part1Mtl

f 1493/1493/1493 1494/1494/1494 1495/1495/1495 
f 1495/1495/1495 1494/1494/1494 1496/1496/1496 
f 1497/1497/1497 1498/1498/1498 1499/1499/1499 
f 1499/1499/1499 1498/1498/1498 1500/1500/1500 
f 1501/1501/1501 1502/1502/1502 1503/1503/1503 
f 1503/1503/1503 1502/1502/1502 1504/1504/1504 
f 1505/1505/1505 1506/1506/1506 1507/1507/1507 
f 1507/1507/1507 1506/1506/1506 1508/1508/1508 
f 1509/1509/1509 1510/1510/1510 1511/1511/1511 
f 1511/1511/1511 1510/1510/1510 1512/1512/1512 
f 1513/1513/1513 1514/1514/1514 1515/1515/1515 
f 1515/1515/1515 1514/1514/1514 1516/1516/1516 

g Part104

v 46.0931 11.8081 -310.939 1 1 1 1 
v 46.093 11.8081 -304.989 1 1 1 1 
v 46.0929 8.60813 -310.939 1 1 1 1 
v 46.0928 8.60813 -304.989 1 1 1 1 

vn 1 0 0 
vn 1 0 0 
vn 1 0 0 
vn 1 0 0 

vt 0.991667 1 
vt 0 1 
vt 0.991667 0.466667 
vt 0 0.466667 

usemtl Part6Mtl

f 1517/1517/1517 1518/1518/1518 1519/1519/1519 
f 1519/1519/1519 1518/1518/1518 1520/1520/1520 

g Part105

v 45.533 11.8082 -304.989 1 1 1 1 
v 45.533 11.8082 -310.939 1 1 1 1 
v 45.5328 8.60816 -304.989 1 1 1 1 
v 45.5328 8.60816 -310.939 1 1 1 1 

vn -1 0 0 
vn -1 0 0 
vn -1 0 0 
vn -1 0 0 

vt 0.991667 1 
vt 0 1 
vt 0.991667 0.466667 
vt 0 0.466667 

usemtl Part8Mtl

f 1521/1521/1521 1522/1522/1522 1523/1523/1523 
f 1523/1523/1523 1522/1522/1522 1524/1524/1524 

g Part106

v 47.2384 11.8081 -304.838 1 1 1 1 
v 51.7884 11.8078 -304.838 1 1 1 1 
v 47.2381 8.60813 -304.838 1 1 1 1 
v 51.7882 8.60776 -304.838 1 1 1 1 
v 51.7884 11.8078 -304.288 1 1 1 1 
v 51.7884 11.8078 -304.838 1 1 1 1 
v 47.2384 11.8081 -304.288 1 1 1 1 
v 47.2384 11.8081 -304.838 1 1 1 1 
v 51.7884 11.8078 -304.838 1 1 1 1 
v 51.7884 11.8078 -304.288 1 1 1 1 
v 51.7882 8.60776 -304.838 1 1 1 1 
v 51.7882 8.60776 -304.288 1 1 1 1 
v 51.7884 11.8078 -304.288 1 1 1 1 
v 47.2384 11.8081 -304.288 1 1 1 1 
v 51.7882 8.60776 -304.288 1 1 1 1 
v 47.2382 8.60813 -304.288 1 1 1 1 
v 47.2382 8.60813 -304.288 1 1 1 1 
v 47.2381 8.60813 -304.838 1 1 1 1 
v 51.7882 8.60776 -304.288 1 1 1 1 
v 51.7882 8.60776 -304.838 1 1 1 1 
v 47.2384 11.8081 -304.288 1 1 1 1 
v 47.2384 11.8081 -304.838 1 1 1 1 
v 47.2382 8.60813 -304.288 1 1 1 1 
v 47.2381 8.60813 -304.838 1 1 1 1 

vn 0 0 -1 
vn 0 0 -1 
vn 0 0 -1 
vn 0 0 -1 
vn 0 1 0 
vn 0 1 0 
vn 0 1 0 
vn 0 1 0 
vn 1 0 0 
vn 1 0 0 
vn 1 0 0 
vn 1 0 0 
vn 0 0 1 
vn 0 0 1 
vn 0 0 1 
vn 0 0 1 
vn 0 -1 0 
vn 0 -1 0 
vn 0 -1 0 
vn 0 -1 0 
vn -1 0 0 
vn -1 0 0 
vn -1 0 0 
vn -1 0 0 

vt 5.94375 -6 
vt 5.375 -6 
vt 5.94375 -6.4 
vt 5.375 -6.4 
vt 5.44375 -6 
vt 5.375 -6 
vt 5.44375 -6.56875 
vt 5.375 -6.56875 
vt 5.44375 -6 
vt 5.375 -6 
vt 5.44375 -6.4 
vt 5.375 -6.4 
vt 5.94375 -6 
vt 5.375 -6 
vt 5.94375 -6.4 
vt 5.375 -6.4 
vt 5.44375 -6 
vt 5.375 -6 
vt 5.44375 -6.56875 
vt 5.375 -6.56875 
vt 5.44375 -6 
vt 5.375 -6 
vt 5.44375 -6.4 
vt 5.375 -6.4 

usemtl Part1Mtl

f 1525/1525/1525 1526/1526/1526 1527/1527/1527 
f 1527/1527/1527 1526/1526/1526 1528/1528/1528 
f 1529/1529/1529 1530/1530/1530 1531/1531/1531 
f 1531/1531/1531 1530/1530/1530 1532/1532/1532 
f 1533/1533/1533 1534/1534/1534 1535/1535/1535 
f 1535/1535/1535 1534/1534/1534 1536/1536/1536 
f 1537/1537/1537 1538/1538/1538 1539/1539/1539 
f 1539/1539/1539 1538/1538/1538 1540/1540/1540 
f 1541/1541/1541 1542/1542/1542 1543/1543/1543 
f 1543/1543/1543 1542/1542/1542 1544/1544/1544 
f 1545/1545/1545 1546/1546/1546 1547/1547/1547 
f 1547/1547/1547 1546/1546/1546 1548/1548/1548 

g Part107

v 47.2384 11.8081 -304.843 1 1 1 1 
v 51.7884 11.8078 -304.843 1 1 1 1 
v 47.2381 8.60813 -304.843 1 1 1 1 
v 51.7882 8.60776 -304.843 1 1 1 1 

vn 0 0 -1 
vn 0 0 -1 
vn 0 0 -1 
vn 0 0 -1 

vt 0.758336 1 
vt 0 1 
vt 0.758336 0.466666 
vt 0 0.466666 

usemtl Part6Mtl

f 1549/1549/1549 1550/1550/1550 1551/1551/1551 
f 1551/1551/1551 1550/1550/1550 1552/1552/1552 

g Part108

v 51.7884 11.8078 -304.283 1 1 1 1 
v 47.2384 11.8081 -304.283 1 1 1 1 
v 51.7882 8.60776 -304.283 1 1 1 1 
v 47.2382 8.60813 -304.283 1 1 1 1 

vn 0 0 1 
vn 0 0 1 
vn 0 0 1 
vn 0 0 1 

vt 0.758336 1 
vt 0 1 
vt 0.758336 0.466666 
vt 0 0.466666 

usemtl Part6Mtl

f 1553/1553/1553 1554/1554/1554 1555/1555/1555 
f 1555/1555/1555 1554/1554/1554 1556/1556/1556 

g Part109

v 45.5379 11.8082 -310.789 1 1 1 1 
v 45.5379 11.8082 -314.739 1 1 1 1 
v 45.5373 2.00822 -310.789 1 1 1 1 
v 45.5373 2.00822 -314.739 1 1 1 1 
v 46.0879 11.8082 -314.739 1 1 1 1 
v 45.5379 11.8082 -314.739 1 1 1 1 
v 46.0879 11.8082 -310.789 1 1 1 1 
v 45.5379 11.8082 -310.789 1 1 1 1 
v 45.5379 11.8082 -314.739 1 1 1 1 
v 46.0879 11.8082 -314.739 1 1 1 1 
v 45.5373 2.00822 -314.739 1 1 1 1 
v 46.0873 2.00818 -314.739 1 1 1 1 
v 46.0879 11.8082 -314.739 1 1 1 1 
v 46.0879 11.8082 -310.789 1 1 1 1 
v 46.0873 2.00818 -314.739 1 1 1 1 
v 46.0873 2.00818 -310.789 1 1 1 1 
v 46.0873 2.00818 -310.789 1 1 1 1 
v 45.5373 2.00822 -310.789 1 1 1 1 
v 46.0873 2.00818 -314.739 1 1 1 1 
v 45.5373 2.00822 -314.739 1 1 1 1 
v 46.0879 11.8082 -310.789 1 1 1 1 
v 45.5379 11.8082 -310.789 1 1 1 1 
v 46.0873 2.00818 -310.789 1 1 1 1 
v 45.5373 2.00822 -310.789 1 1 1 1 

vn -1 0 0 
vn -1 0 0 
vn -1 0 0 
vn -1 0 0 
vn 0 1 0 
vn 0 1 0 
vn 0 1 0 
vn 0 1 0 
vn 0 0 -1 
vn 0 0 -1 
vn 0 0 -1 
vn 0 0 -1 
vn 1 0 0 
vn 1 0 0 
vn 1 0 0 
vn 1 0 0 
vn 0 -1 0 
vn 0 -1 0 
vn 0 -1 0 
vn 0 -1 0 
vn 0 0 1 
vn 0 0 1 
vn 0 0 1 
vn 0 0 1 

vt 0.86875 -1.875 
vt 0.375 -1.875 
vt 0.86875 -3.1 
vt 0.375 -3.1 
vt 0.44375 -1.875 
vt 0.375 -1.875 
vt 0.44375 -2.36875 
vt 0.375 -2.36875 
vt 0.44375 -1.875 
vt 0.375 -1.875 
vt 0.44375 -3.1 
vt 0.375 -3.1 
vt 0.86875 -1.875 
vt 0.375 -1.875 
vt 0.86875 -3.1 
vt 0.375 -3.1 
vt 0.44375 -1.875 
vt 0.375 -1.875 
vt 0.44375 -2.36875 
vt 0.375 -2.36875 
vt 0.44375 -1.875 
vt 0.375 -1.875 
vt 0.44375 -3.1 
vt 0.375 -3.1 

usemtl Part1Mtl

f 1557/1557/1557 1558/1558/1558 1559/1559/1559 
f 1559/1559/1559 1558/1558/1558 1560/1560/1560 
f 1561/1561/1561 1562/1562/1562 1563/1563/1563 
f 1563/1563/1563 1562/1562/1562 1564/1564/1564 
f 1565/1565/1565 1566/1566/1566 1567/1567/1567 
f 1567/1567/1567 1566/1566/1566 1568/1568/1568 
f 1569/1569/1569 1570/1570/1570 1571/1571/1571 
f 1571/1571/1571 1570/1570/1570 1572/1572/1572 
f 1573/1573/1573 1574/1574/1574 1575/1575/1575 
f 1575/1575/1575 1574/1574/1574 1576/1576/1576 
f 1577/1577/1577 1578/1578/1578 1579/1579/1579 
f 1579/1579/1579 1578/1578/1578 1580/1580/1580 

g Part110

v 46.0929 11.8082 -314.739 1 1 1 1 
v 46.0929 11.8082 -310.789 1 1 1 1 
v 46.0923 2.00818 -314.739 1 1 1 1 
v 46.0923 2.00818 -310.789 1 1 1 1 

vn 1 0 0 
vn 1 0 0 
vn 1 0 0 
vn 1 0 0 

vt 0.658333 1 
vt 0 1 
vt 0.658333 -0.633333 
vt 0 -0.633333 

usemtl Part6Mtl

f 1581/1581/1581 1582/1582/1582 1583/1583/1583 
f 1583/1583/1583 1582/1582/1582 1584/1584/1584 

g Part111

v 45.5329 11.8082 -310.789 1 1 1 1 
v 45.5329 11.8082 -314.739 1 1 1 1 
v 45.5323 2.00822 -310.789 1 1 1 1 
v 45.5323 2.00822 -314.739 1 1 1 1 

vn -1 0 0 
vn -1 0 0 
vn -1 0 0 
vn -1 0 0 

vt 0.658333 1 
vt 0 1 
vt 0.658333 -0.633333 
vt 0 -0.633333 

usemtl Part8Mtl

f 1585/1585/1585 1586/1586/1586 1587/1587/1587 
f 1587/1587/1587 1586/1586/1586 1588/1588/1588 

g Part112

v 53.9382 8.00826 -316.994 1 1 1 1 
v 53.9382 8.00826 -317.194 1 1 1 1 
v 53.9378 2.00825 -316.994 1 1 1 1 
v 53.9378 2.00825 -317.194 1 1 1 1 
v 54.4882 8.00823 -317.194 1 1 1 1 
v 53.9382 8.00826 -317.194 1 1 1 1 
v 54.4882 8.00823 -316.994 1 1 1 1 
v 53.9382 8.00826 -316.994 1 1 1 1 
v 53.9382 8.00826 -317.194 1 1 1 1 
v 54.4882 8.00823 -317.194 1 1 1 1 
v 53.9378 2.00825 -317.194 1 1 1 1 
v 54.4879 2.00821 -317.194 1 1 1 1 
v 54.4882 8.00823 -317.194 1 1 1 1 
v 54.4882 8.00823 -316.994 1 1 1 1 
v 54.4879 2.00821 -317.194 1 1 1 1 
v 54.4879 2.00821 -316.994 1 1 1 1 
v 54.4879 2.00821 -316.994 1 1 1 1 
v 53.9378 2.00825 -316.994 1 1 1 1 
v 54.4879 2.00821 -317.194 1 1 1 1 
v 53.9378 2.00825 -317.194 1 1 1 1 
v 54.4882 8.00823 -316.994 1 1 1 1 
v 53.9382 8.00826 -316.994 1 1 1 1 
v 54.4879 2.00821 -316.994 1 1 1 1 
v 53.9378 2.00825 -316.994 1 1 1 1 

vn -1 0 0 
vn -1 0 0 
vn -1 0 0 
vn -1 0 0 
vn 0 1 0 
vn 0 1 0 
vn 0 1 0 
vn 0 1 0 
vn 0 0 -1 
vn 0 0 -1 
vn 0 0 -1 
vn 0 0 -1 
vn 1 0 0 
vn 1 0 0 
vn 1 0 0 
vn 1 0 0 
vn 0 -1 0 
vn 0 -1 0 
vn 0 -1 0 
vn 0 -1 0 
vn 0 0 1 
vn 0 0 1 
vn 0 0 1 
vn 0 0 1 

vt 7.4 -1.25 
vt 7.375 -1.25 
vt 7.4 -2 
vt 7.375 -2 
vt 7.44375 -1.25 
vt 7.375 -1.25 
vt 7.44375 -1.275 
vt 7.375 -1.275 
vt 7.44375 -1.25 
vt 7.375 -1.25 
vt 7.44375 -2 
vt 7.375 -2 
vt 7.4 -1.25 
vt 7.375 -1.25 
vt 7.4 -2 
vt 7.375 -2 
vt 7.44375 -1.25 
vt 7.375 -1.25 
vt 7.44375 -1.275 
vt 7.375 -1.275 
vt 7.44375 -1.25 
vt 7.375 -1.25 
vt 7.44375 -2 
vt 7.375 -2 

usemtl Part1Mtl

f 1589/1589/1589 1590/1590/1590 1591/1591/1591 
f 1591/1591/1591 1590/1590/1590 1592/1592/1592 
f 1593/1593/1593 1594/1594/1594 1595/1595/1595 
f 1595/1595/1595 1594/1594/1594 1596/1596/1596 
f 1597/1597/1597 1598/1598/1598 1599/1599/1599 
f 1599/1599/1599 1598/1598/1598 1600/1600/1600 
f 1601/1601/1601 1602/1602/1602 1603/1603/1603 
f 1603/1603/1603 1602/1602/1602 1604/1604/1604 
f 1605/1605/1605 1606/1606/1606 1607/1607/1607 
f 1607/1607/1607 1606/1606/1606 1608/1608/1608 
f 1609/1609/1609 1610/1610/1610 1611/1611/1611 
f 1611/1611/1611 1610/1610/1610 1612/1612/1612 

g Part113

v 32.3747 8.93001 -310.705 1 1 1 1 
v 32.9747 8.92999 -310.705 1 1 1 1 
v 32.3746 4.39999 -310.705 1 1 1 1 
v 32.9746 4.39998 -310.705 1 1 1 1 
v 32.9748 8.92998 -304.305 1 1 1 1 
v 32.9747 8.92999 -310.705 1 1 1 1 
v 32.3748 8.92999 -304.305 1 1 1 1 
v 32.3747 8.93001 -310.705 1 1 1 1 
v 32.9747 8.92999 -310.705 1 1 1 1 
v 32.9748 8.92998 -304.305 1 1 1 1 
v 32.9746 4.39998 -310.705 1 1 1 1 
v 32.9747 4.39997 -304.305 1 1 1 1 
v 32.9748 8.92998 -304.305 1 1 1 1 
v 32.3748 8.92999 -304.305 1 1 1 1 
v 32.9747 4.39997 -304.305 1 1 1 1 
v 32.3747 4.39998 -304.305 1 1 1 1 
v 32.3747 4.39998 -304.305 1 1 1 1 
v 32.3746 4.39999 -310.705 1 1 1 1 
v 32.9747 4.39997 -304.305 1 1 1 1 
v 32.9746 4.39998 -310.705 1 1 1 1 
v 32.3748 8.92999 -304.305 1 1 1 1 
v 32.3747 8.93001 -310.705 1 1 1 1 
v 32.3747 4.39998 -304.305 1 1 1 1 
v 32.3746 4.39999 -310.705 1 1 1 1 

vn 0 0 -1 
vn 0 0 -1 
vn 0 0 -1 
vn 0 0 -1 
vn 0 1 0 
vn 0 1 0 
vn 0 1 0 
vn 0 1 0 
vn 1 0 0 
vn 1 0 0 
vn 1 0 0 
vn 1 0 0 
vn 0 0 1 
vn 0 0 1 
vn 0 0 1 
vn 0 0 1 
vn 0 -1 0 
vn 0 -1 0 
vn 0 -1 0 
vn 0 -1 0 
vn -1 0 0 
vn -1 0 0 
vn -1 0 0 
vn -1 0 0 

vt 7.95 -4 
vt 7.875 -4 
vt 7.95 -4.56625 
vt 7.875 -4.56625 
vt 8.675 -4 
vt 7.875 -4 
vt 8.675 -4.075 
vt 7.875 -4.075 
vt 8.675 -4 
vt 7.875 -4 
vt 8.675 -4.56625 
vt 7.875 -4.56625 
vt 7.95 -4 
vt 7.875 -4 
vt 7.95 -4.56625 
vt 7.875 -4.56625 
vt 8.675 -4 
vt 7.875 -4 
vt 8.675 -4.075 
vt 7.875 -4.075 
vt 8.675 -4 
vt 7.875 -4 
vt 8.675 -4.56625 
vt 7.875 -4.56625 

usemtl Part113Mtl

f 1613/1613/1613 1614/1614/1614 1615/1615/1615 
f 1615/1615/1615 1614/1614/1614 1616/1616/1616 
f 1617/1617/1617 1618/1618/1618 1619/1619/1619 
f 1619/1619/1619 1618/1618/1618 1620/1620/1620 
f 1621/1621/1621 1622/1622/1622 1623/1623/1623 
f 1623/1623/1623 1622/1622/1622 1624/1624/1624 
f 1625/1625/1625 1626/1626/1626 1627/1627/1627 
f 1627/1627/1627 1626/1626/1626 1628/1628/1628 
f 1629/1629/1629 1630/1630/1630 1631/1631/1631 
f 1631/1631/1631 1630/1630/1630 1632/1632/1632 
f 1633/1633/1633 1634/1634/1634 1635/1635/1635 
f 1635/1635/1635 1634/1634/1634 1636/1636/1636 

g Part114

v 32.375 8.93999 -301.104 1 1 1 1 
v 32.975 8.93998 -301.104 1 1 1 1 
v 32.375 4.39998 -301.104 1 1 1 1 
v 32.975 4.39997 -301.104 1 1 1 1 
v 32.9751 8.93997 -298.504 1 1 1 1 
v 32.975 8.93998 -301.104 1 1 1 1 
v 32.3751 8.93999 -298.504 1 1 1 1 
v 32.375 8.93999 -301.104 1 1 1 1 
v 32.975 8.93998 -301.104 1 1 1 1 
v 32.9751 8.93997 -298.504 1 1 1 1 
v 32.975 4.39997 -301.104 1 1 1 1 
v 32.975 4.39996 -298.504 1 1 1 1 
v 32.9751 8.93997 -298.504 1 1 1 1 
v 32.3751 8.93999 -298.504 1 1 1 1 
v 32.975 4.39996 -298.504 1 1 1 1 
v 32.375 4.39997 -298.504 1 1 1 1 
v 32.375 4.39997 -298.504 1 1 1 1 
v 32.375 4.39998 -301.104 1 1 1 1 
v 32.975 4.39996 -298.504 1 1 1 1 
v 32.975 4.39997 -301.104 1 1 1 1 
v 32.3751 8.93999 -298.504 1 1 1 1 
v 32.375 8.93999 -301.104 1 1 1 1 
v 32.375 4.39997 -298.504 1 1 1 1 
v 32.375 4.39998 -301.104 1 1 1 1 

vn 0 0 -1 
vn 0 0 -1 
vn 0 0 -1 
vn 0 0 -1 
vn 0 1 0 
vn 0 1 0 
vn 0 1 0 
vn 0 1 0 
vn 1 0 0 
vn 1 0 0 
vn 1 0 0 
vn 1 0 0 
vn 0 0 1 
vn 0 0 1 
vn 0 0 1 
vn 0 0 1 
vn 0 -1 0 
vn 0 -1 0 
vn 0 -1 0 
vn 0 -1 0 
vn -1 0 0 
vn -1 0 0 
vn -1 0 0 
vn -1 0 0 

vt 4.075 -6.125 
vt 4 -6.125 
vt 4.075 -6.6925 
vt 4 -6.6925 
vt 4.325 -6.125 
vt 4 -6.125 
vt 4.325 -6.2 
vt 4 -6.2 
vt 4.325 -6.125 
vt 4 -6.125 
vt 4.325 -6.6925 
vt 4 -6.6925 
vt 4.075 -6.125 
vt 4 -6.125 
vt 4.075 -6.6925 
vt 4 -6.6925 
vt 4.325 -6.125 
vt 4 -6.125 
vt 4.325 -6.2 
vt 4 -6.2 
vt 4.325 -6.125 
vt 4 -6.125 
vt 4.325 -6.6925 
vt 4 -6.6925 

usemtl Part113Mtl

f 1637/1637/1637 1638/1638/1638 1639/1639/1639 
f 1639/1639/1639 1638/1638/1638 1640/1640/1640 
f 1641/1641/1641 1642/1642/1642 1643/1643/1643 
f 1643/1643/1643 1642/1642/1642 1644/1644/1644 
f 1645/1645/1645 1646/1646/1646 1647/1647/1647 
f 1647/1647/1647 1646/1646/1646 1648/1648/1648 
f 1649/1649/1649 1650/1650/1650 1651/1651/1651 
f 1651/1651/1651 1650/1650/1650 1652/1652/1652 
f 1653/1653/1653 1654/1654/1654 1655/1655/1655 
f 1655/1655/1655 1654/1654/1654 1656/1656/1656 
f 1657/1657/1657 1658/1658/1658 1659/1659/1659 
f 1659/1659/1659 1658/1658/1658 1660/1660/1660 

g Part115

v 32.3748 8.92993 -315.905 1 1 1 1 
v 32.9748 8.92992 -315.905 1 1 1 1 
v 32.3747 4.39992 -315.905 1 1 1 1 
v 32.9747 4.39991 -315.905 1 1 1 1 
v 32.9748 8.92992 -313.905 1 1 1 1 
v 32.9748 8.92992 -315.905 1 1 1 1 
v 32.3748 8.92993 -313.905 1 1 1 1 
v 32.3748 8.92993 -315.905 1 1 1 1 
v 32.9748 8.92992 -315.905 1 1 1 1 
v 32.9748 8.92992 -313.905 1 1 1 1 
v 32.9747 4.39991 -315.905 1 1 1 1 
v 32.9747 4.3999 -313.905 1 1 1 1 
v 32.9748 8.92992 -313.905 1 1 1 1 
v 32.3748 8.92993 -313.905 1 1 1 1 
v 32.9747 4.3999 -313.905 1 1 1 1 
v 32.3747 4.39992 -313.905 1 1 1 1 
v 32.3747 4.39992 -313.905 1 1 1 1 
v 32.3747 4.39992 -315.905 1 1 1 1 
v 32.9747 4.3999 -313.905 1 1 1 1 
v 32.9747 4.39991 -315.905 1 1 1 1 
v 32.3748 8.92993 -313.905 1 1 1 1 
v 32.3748 8.92993 -315.905 1 1 1 1 
v 32.3747 4.39992 -313.905 1 1 1 1 
v 32.3747 4.39992 -315.905 1 1 1 1 

vn 0 0 -1 
vn 0 0 -1 
vn 0 0 -1 
vn 0 0 -1 
vn 0 1 0 
vn 0 1 0 
vn 0 1 0 
vn 0 1 0 
vn 1 0 0 
vn 1 0 0 
vn 1 0 0 
vn 1 0 0 
vn 0 0 1 
vn 0 0 1 
vn 0 0 1 
vn 0 0 1 
vn 0 -1 0 
vn 0 -1 0 
vn 0 -1 0 
vn 0 -1 0 
vn -1 0 0 
vn -1 0 0 
vn -1 0 0 
vn -1 0 0 

vt 6.575 -6.5 
vt 6.5 -6.5 
vt 6.575 -7.06625 
vt 6.5 -7.06625 
vt 6.75 -6.5 
vt 6.5 -6.5 
vt 6.75 -6.575 
vt 6.5 -6.575 
vt 6.75 -6.5 
vt 6.5 -6.5 
vt 6.75 -7.06625 
vt 6.5 -7.06625 
vt 6.575 -6.5 
vt 6.5 -6.5 
vt 6.575 -7.06625 
vt 6.5 -7.06625 
vt 6.75 -6.5 
vt 6.5 -6.5 
vt 6.75 -6.575 
vt 6.5 -6.575 
vt 6.75 -6.5 
vt 6.5 -6.5 
vt 6.75 -7.06625 
vt 6.5 -7.06625 

usemtl Part113Mtl

f 1661/1661/1661 1662/1662/1662 1663/1663/1663 
f 1663/1663/1663 1662/1662/1662 1664/1664/1664 
f 1665/1665/1665 1666/1666/1666 1667/1667/1667 
f 1667/1667/1667 1666/1666/1666 1668/1668/1668 
f 1669/1669/1669 1670/1670/1670 1671/1671/1671 
f 1671/1671/1671 1670/1670/1670 1672/1672/1672 
f 1673/1673/1673 1674/1674/1674 1675/1675/1675 
f 1675/1675/1675 1674/1674/1674 1676/1676/1676 
f 1677/1677/1677 1678/1678/1678 1679/1679/1679 
f 1679/1679/1679 1678/1678/1678 1680/1680/1680 
f 1681/1681/1681 1682/1682/1682 1683/1683/1683 
f 1683/1683/1683 1682/1682/1682 1684/1684/1684 

g Part116

v 32.3744 11.9201 -321.705 1 1 1 1 
v 32.9744 11.92 -321.705 1 1 1 1 
v 32.3743 8.92004 -321.705 1 1 1 1 
v 32.9743 8.92003 -321.705 1 1 1 1 
v 32.9747 11.92 -298.505 1 1 1 1 
v 32.9744 11.92 -321.705 1 1 1 1 
v 32.3747 11.92 -298.505 1 1 1 1 
v 32.3744 11.9201 -321.705 1 1 1 1 
v 32.9744 11.92 -321.705 1 1 1 1 
v 32.9747 11.92 -298.505 1 1 1 1 
v 32.9743 8.92003 -321.705 1 1 1 1 
v 32.9746 8.91997 -298.505 1 1 1 1 
v 32.9747 11.92 -298.505 1 1 1 1 
v 32.3747 11.92 -298.505 1 1 1 1 
v 32.9746 8.91997 -298.505 1 1 1 1 
v 32.3746 8.91998 -298.505 1 1 1 1 
v 32.3746 8.91998 -298.505 1 1 1 1 
v 32.3743 8.92004 -321.705 1 1 1 1 
v 32.9746 8.91997 -298.505 1 1 1 1 
v 32.9743 8.92003 -321.705 1 1 1 1 
v 32.3747 11.92 -298.505 1 1 1 1 
v 32.3744 11.9201 -321.705 1 1 1 1 
v 32.3746 8.91998 -298.505 1 1 1 1 
v 32.3743 8.92004 -321.705 1 1 1 1 

vn 0 0 -1 
vn 0 0 -1 
vn 0 0 -1 
vn 0 0 -1 
vn 0 1 0 
vn 0 1 0 
vn 0 1 0 
vn 0 1 0 
vn 1 0 0 
vn 1 0 0 
vn 1 0 0 
vn 1 0 0 
vn 0 0 1 
vn 0 0 1 
vn 0 0 1 
vn 0 0 1 
vn 0 -1 0 
vn 0 -1 0 
vn 0 -1 0 
vn 0 -1 0 
vn -1 0 0 
vn -1 0 0 
vn -1 0 0 
vn -1 0 0 

vt -1.23703 1.63935 
vt -1.31203 1.63935 
vt -1.23703 1.26435 
vt -1.31203 1.26435 
vt 1.58797 1.63935 
vt -1.31203 1.63935 
vt 1.58797 1.56435 
vt -1.31203 1.56435 
vt 1.58797 1.63935 
vt -1.31203 1.63935 
vt 1.58797 1.26435 
vt -1.31203 1.26435 
vt -1.23703 1.63935 
vt -1.31203 1.63935 
vt -1.23703 1.26435 
vt -1.31203 1.26435 
vt 1.58797 1.63935 
vt -1.31203 1.63935 
vt 1.58797 1.56435 
vt -1.31203 1.56435 
vt 1.58797 1.63935 
vt -1.31203 1.63935 
vt 1.58797 1.26435 
vt -1.31203 1.26435 

usemtl Part116Mtl

f 1685/1685/1685 1686/1686/1686 1687/1687/1687 
f 1687/1687/1687 1686/1686/1686 1688/1688/1688 
f 1689/1689/1689 1690/1690/1690 1691/1691/1691 
f 1691/1691/1691 1690/1690/1690 1692/1692/1692 
f 1693/1693/1693 1694/1694/1694 1695/1695/1695 
f 1695/1695/1695 1694/1694/1694 1696/1696/1696 
f 1697/1697/1697 1698/1698/1698 1699/1699/1699 
f 1699/1699/1699 1698/1698/1698 1700/1700/1700 
f 1701/1701/1701 1702/1702/1702 1703/1703/1703 
f 1703/1703/1703 1702/1702/1702 1704/1704/1704 
f 1705/1705/1705 1706/1706/1706 1707/1707/1707 
f 1707/1707/1707 1706/1706/1706 1708/1708/1708 

g Part117

v 32.3697 11.92 -298.505 1 1 1 1 
v 32.3694 11.9201 -321.705 1 1 1 1 
v 32.3696 8.91998 -298.505 1 1 1 1 
v 32.3693 8.92004 -321.705 1 1 1 1 

vn -1 0 0 
vn -1 0 0 
vn -1 0 0 
vn -1 0 0 

vt 4.64 1 
vt 0 1 
vt 4.64 0.7 
vt 0 0.7 

usemtl Part117Mtl

f 1709/1709/1709 1710/1710/1710 1711/1711/1711 
f 1711/1711/1711 1710/1710/1710 1712/1712/1712 

g Part118

v 32.9747 11.92 -298.5 1 1 1 1 
v 32.3747 11.92 -298.5 1 1 1 1 
v 32.9746 8.91997 -298.5 1 1 1 1 
v 32.3746 8.91998 -298.5 1 1 1 1 

vn 0 0 1 
vn 0 0 1 
vn 0 0 1 
vn 0 0 1 

vt 0.12 1 
vt 0 1 
vt 0.12 0.7 
vt 0 0.7 

usemtl Part117Mtl

f 1713/1713/1713 1714/1714/1714 1715/1715/1715 
f 1715/1715/1715 1714/1714/1714 1716/1716/1716 

g Part119

v 32.9794 11.92 -321.705 1 1 1 1 
v 32.9797 11.92 -298.505 1 1 1 1 
v 32.9793 8.92003 -321.705 1 1 1 1 
v 32.9796 8.91997 -298.505 1 1 1 1 

vn 1 0 0 
vn 1 0 0 
vn 1 0 0 
vn 1 0 0 

vt 4.64 1 
vt 0 1 
vt 4.64 0.7 
vt 0 0.7 

usemtl Part117Mtl

f 1717/1717/1717 1718/1718/1718 1719/1719/1719 
f 1719/1719/1719 1718/1718/1718 1720/1720/1720 

g Part120

v 32.9747 11.925 -298.505 1 1 1 1 
v 32.9744 11.925 -321.705 1 1 1 1 
v 32.3747 11.925 -298.505 1 1 1 1 
v 32.3744 11.9251 -321.705 1 1 1 1 

vn 0 1 0 
vn 0 1 0 
vn 0 1 0 
vn 0 1 0 

vt 4.64 1 
vt 0 1 
vt 4.64 0.94 
vt 0 0.94 

usemtl Part117Mtl

f 1721/1721/1721 1722/1722/1722 1723/1723/1723 
f 1723/1723/1723 1722/1722/1722 1724/1724/1724 

g Part121

v 32.3745 8.92011 -321.705 1 1 1 1 
v 32.9745 8.9201 -321.705 1 1 1 1 
v 32.3744 4.4001 -321.705 1 1 1 1 
v 32.9744 4.40009 -321.705 1 1 1 1 
v 32.9745 8.9201 -319.105 1 1 1 1 
v 32.9745 8.9201 -321.705 1 1 1 1 
v 32.3745 8.92011 -319.105 1 1 1 1 
v 32.3745 8.92011 -321.705 1 1 1 1 
v 32.9745 8.9201 -321.705 1 1 1 1 
v 32.9745 8.9201 -319.105 1 1 1 1 
v 32.9744 4.40009 -321.705 1 1 1 1 
v 32.9745 4.40008 -319.105 1 1 1 1 
v 32.9745 8.9201 -319.105 1 1 1 1 
v 32.3745 8.92011 -319.105 1 1 1 1 
v 32.9745 4.40008 -319.105 1 1 1 1 
v 32.3745 4.4001 -319.105 1 1 1 1 
v 32.3745 4.4001 -319.105 1 1 1 1 
v 32.3744 4.4001 -321.705 1 1 1 1 
v 32.9745 4.40008 -319.105 1 1 1 1 
v 32.9744 4.40009 -321.705 1 1 1 1 
v 32.3745 8.92011 -319.105 1 1 1 1 
v 32.3745 8.92011 -321.705 1 1 1 1 
v 32.3745 4.4001 -319.105 1 1 1 1 
v 32.3744 4.4001 -321.705 1 1 1 1 

vn 0 0 -1 
vn 0 0 -1 
vn 0 0 -1 
vn 0 0 -1 
vn 0 1 0 
vn 0 1 0 
vn 0 1 0 
vn 0 1 0 
vn 1 0 0 
vn 1 0 0 
vn 1 0 0 
vn 1 0 0 
vn 0 0 1 
vn 0 0 1 
vn 0 0 1 
vn 0 0 1 
vn 0 -1 0 
vn 0 -1 0 
vn 0 -1 0 
vn 0 -1 0 
vn -1 0 0 
vn -1 0 0 
vn -1 0 0 
vn -1 0 0 

vt 1.7 -0.375 
vt 1.625 -0.375 
vt 1.7 -0.94 
vt 1.625 -0.94 
vt 1.95 -0.375 
vt 1.625 -0.375 
vt 1.95 -0.45 
vt 1.625 -0.45 
vt 1.95 -0.375 
vt 1.625 -0.375 
vt 1.95 -0.94 
vt 1.625 -0.94 
vt 1.7 -0.375 
vt 1.625 -0.375 
vt 1.7 -0.94 
vt 1.625 -0.94 
vt 1.95 -0.375 
vt 1.625 -0.375 
vt 1.95 -0.45 
vt 1.625 -0.45 
vt 1.95 -0.375 
vt 1.625 -0.375 
vt 1.95 -0.94 
vt 1.625 -0.94 

usemtl Part113Mtl

f 1725/1725/1725 1726/1726/1726 1727/1727/1727 
f 1727/1727/1727 1726/1726/1726 1728/1728/1728 
f 1729/1729/1729 1730/1730/1730 1731/1731/1731 
f 1731/1731/1731 1730/1730/1730 1732/1732/1732 
f 1733/1733/1733 1734/1734/1734 1735/1735/1735 
f 1735/1735/1735 1734/1734/1734 1736/1736/1736 
f 1737/1737/1737 1738/1738/1738 1739/1739/1739 
f 1739/1739/1739 1738/1738/1738 1740/1740/1740 
f 1741/1741/1741 1742/1742/1742 1743/1743/1743 
f 1743/1743/1743 1742/1742/1742 1744/1744/1744 
f 1745/1745/1745 1746/1746/1746 1747/1747/1747 
f 1747/1747/1747 1746/1746/1746 1748/1748/1748 

g Part122

v 32.3744 4.40013 -321.705 1 1 1 1 
v 32.9744 4.40012 -321.705 1 1 1 1 
v 32.3744 2.00012 -321.705 1 1 1 1 
v 32.9744 2.00011 -321.705 1 1 1 1 
v 32.9747 4.40006 -298.505 1 1 1 1 
v 32.9744 4.40012 -321.705 1 1 1 1 
v 32.3747 4.40007 -298.505 1 1 1 1 
v 32.3744 4.40013 -321.705 1 1 1 1 
v 32.9744 4.40012 -321.705 1 1 1 1 
v 32.9747 4.40006 -298.505 1 1 1 1 
v 32.9744 2.00011 -321.705 1 1 1 1 
v 32.9746 2.00005 -298.505 1 1 1 1 
v 32.9747 4.40006 -298.505 1 1 1 1 
v 32.3747 4.40007 -298.505 1 1 1 1 
v 32.9746 2.00005 -298.505 1 1 1 1 
v 32.3746 2.00006 -298.505 1 1 1 1 
v 32.3746 2.00006 -298.505 1 1 1 1 
v 32.3744 2.00012 -321.705 1 1 1 1 
v 32.9746 2.00005 -298.505 1 1 1 1 
v 32.9744 2.00011 -321.705 1 1 1 1 
v 32.3747 4.40007 -298.505 1 1 1 1 
v 32.3744 4.40013 -321.705 1 1 1 1 
v 32.3746 2.00006 -298.505 1 1 1 1 
v 32.3744 2.00012 -321.705 1 1 1 1 

vn 0 0 -1 
vn 0 0 -1 
vn 0 0 -1 
vn 0 0 -1 
vn 0 1 0 
vn 0 1 0 
vn 0 1 0 
vn 0 1 0 
vn 1 0 0 
vn 1 0 0 
vn 1 0 0 
vn 1 0 0 
vn 0 0 1 
vn 0 0 1 
vn 0 0 1 
vn 0 0 1 
vn 0 -1 0 
vn 0 -1 0 
vn 0 -1 0 
vn 0 -1 0 
vn -1 0 0 
vn -1 0 0 
vn -1 0 0 
vn -1 0 0 

vt 0.242097 1.58445 
vt 0.167097 1.58445 
vt 0.242097 1.28445 
vt 0.167097 1.28445 
vt 3.0671 1.58445 
vt 0.167097 1.58445 
vt 3.0671 1.50945 
vt 0.167097 1.50945 
vt 3.0671 1.58445 
vt 0.167097 1.58445 
vt 3.0671 1.28445 
vt 0.167097 1.28445 
vt 0.242097 1.58445 
vt 0.167097 1.58445 
vt 0.242097 1.28445 
vt 0.167097 1.28445 
vt 3.0671 1.58445 
vt 0.167097 1.58445 
vt 3.0671 1.50945 
vt 0.167097 1.50945 
vt 3.0671 1.58445 
vt 0.167097 1.58445 
vt 3.0671 1.28445 
vt 0.167097 1.28445 

usemtl Part116Mtl

f 1749/1749/1749 1750/1750/1750 1751/1751/1751 
f 1751/1751/1751 1750/1750/1750 1752/1752/1752 
f 1753/1753/1753 1754/1754/1754 1755/1755/1755 
f 1755/1755/1755 1754/1754/1754 1756/1756/1756 
f 1757/1757/1757 1758/1758/1758 1759/1759/1759 
f 1759/1759/1759 1758/1758/1758 1760/1760/1760 
f 1761/1761/1761 1762/1762/1762 1763/1763/1763 
f 1763/1763/1763 1762/1762/1762 1764/1764/1764 
f 1765/1765/1765 1766/1766/1766 1767/1767/1767 
f 1767/1767/1767 1766/1766/1766 1768/1768/1768 
f 1769/1769/1769 1770/1770/1770 1771/1771/1771 
f 1771/1771/1771 1770/1770/1770 1772/1772/1772 

g Part123

v 32.3697 4.40007 -298.505 1 1 1 1 
v 32.3694 4.40013 -321.705 1 1 1 1 
v 32.3696 2.00006 -298.505 1 1 1 1 
v 32.3694 2.00012 -321.705 1 1 1 1 

vn -1 0 0 
vn -1 0 0 
vn -1 0 0 
vn -1 0 0 

vt 4.64 1 
vt 0 1 
vt 4.64 0.76 
vt 0 0.76 

usemtl Part117Mtl

f 1773/1773/1773 1774/1774/1774 1775/1775/1775 
f 1775/1775/1775 1774/1774/1774 1776/1776/1776 

g Part124

v 32.9747 4.40006 -298.5 1 1 1 1 
v 32.3747 4.40007 -298.5 1 1 1 1 
v 32.9746 2.00005 -298.5 1 1 1 1 
v 32.3746 2.00006 -298.5 1 1 1 1 

vn 0 0 1 
vn 0 0 1 
vn 0 0 1 
vn 0 0 1 

vt 0.12 1 
vt 0 1 
vt 0.12 0.76 
vt 0 0.76 

usemtl Part117Mtl

f 1777/1777/1777 1778/1778/1778 1779/1779/1779 
f 1779/1779/1779 1778/1778/1778 1780/1780/1780 

g Part125

v 32.9794 4.40012 -321.705 1 1 1 1 
v 32.9797 4.40006 -298.505 1 1 1 1 
v 32.9794 2.00011 -321.705 1 1 1 1 
v 32.9796 2.00005 -298.505 1 1 1 1 

vn 1 0 0 
vn 1 0 0 
vn 1 0 0 
vn 1 0 0 

vt 4.64 1 
vt 0 1 
vt 4.64 0.76 
vt 0 0.76 

usemtl Part117Mtl

f 1781/1781/1781 1782/1782/1782 1783/1783/1783 
f 1783/1783/1783 1782/1782/1782 1784/1784/1784 

g Part126

v 32.9747 4.40506 -298.505 1 1 1 1 
v 32.9744 4.40512 -321.705 1 1 1 1 
v 32.3747 4.40507 -298.505 1 1 1 1 
v 32.3744 4.40513 -321.705 1 1 1 1 

vn 0 1 0 
vn 0 1 0 
vn 0 1 0 
vn 0 1 0 

vt 4.64 1 
vt 0 1 
vt 4.64 0.94 
vt 0 0.94 

usemtl Part117Mtl

f 1785/1785/1785 1786/1786/1786 1787/1787/1787 
f 1787/1787/1787 1786/1786/1786 1788/1788/1788 

g Part127

v 54.1761 8.94001 -299.704 1 1 1 1 
v 54.5761 8.94 -299.704 1 1 1 1 
v 54.1761 4.4 -299.704 1 1 1 1 
v 54.5761 4.39999 -299.704 1 1 1 1 
v 54.5762 8.94 -298.504 1 1 1 1 
v 54.5761 8.94 -299.704 1 1 1 1 
v 54.1762 8.94001 -298.504 1 1 1 1 
v 54.1761 8.94001 -299.704 1 1 1 1 
v 54.5761 8.94 -299.704 1 1 1 1 
v 54.5762 8.94 -298.504 1 1 1 1 
v 54.5761 4.39999 -299.704 1 1 1 1 
v 54.5761 4.39999 -298.504 1 1 1 1 
v 54.5762 8.94 -298.504 1 1 1 1 
v 54.1762 8.94001 -298.504 1 1 1 1 
v 54.5761 4.39999 -298.504 1 1 1 1 
v 54.1761 4.4 -298.504 1 1 1 1 
v 54.1761 4.4 -298.504 1 1 1 1 
v 54.1761 4.4 -299.704 1 1 1 1 
v 54.5761 4.39999 -298.504 1 1 1 1 
v 54.5761 4.39999 -299.704 1 1 1 1 
v 54.1762 8.94001 -298.504 1 1 1 1 
v 54.1761 8.94001 -299.704 1 1 1 1 
v 54.1761 4.4 -298.504 1 1 1 1 
v 54.1761 4.4 -299.704 1 1 1 1 

vn 0 0 -1 
vn 0 0 -1 
vn 0 0 -1 
vn 0 0 -1 
vn 0 1 0 
vn 0 1 0 
vn 0 1 0 
vn 0 1 0 
vn 1 0 0 
vn 1 0 0 
vn 1 0 0 
vn 1 0 0 
vn 0 0 1 
vn 0 0 1 
vn 0 0 1 
vn 0 0 1 
vn 0 -1 0 
vn 0 -1 0 
vn 0 -1 0 
vn 0 -1 0 
vn -1 0 0 
vn -1 0 0 
vn -1 0 0 
vn -1 0 0 

vt 3.925 -3.875 
vt 3.875 -3.875 
vt 3.925 -4.4425 
vt 3.875 -4.4425 
vt 4.025 -3.875 
vt 3.875 -3.875 
vt 4.025 -3.925 
vt 3.875 -3.925 
vt 4.025 -3.875 
vt 3.875 -3.875 
vt 4.025 -4.4425 
vt 3.875 -4.4425 
vt 3.925 -3.875 
vt 3.875 -3.875 
vt 3.925 -4.4425 
vt 3.875 -4.4425 
vt 4.025 -3.875 
vt 3.875 -3.875 
vt 4.025 -3.925 
vt 3.875 -3.925 
vt 4.025 -3.875 
vt 3.875 -3.875 
vt 4.025 -4.4425 
vt 3.875 -4.4425 

usemtl Part113Mtl

f 1789/1789/1789 1790/1790/1790 1791/1791/1791 
f 1791/1791/1791 1790/1790/1790 1792/1792/1792 
f 1793/1793/1793 1794/1794/1794 1795/1795/1795 
f 1795/1795/1795 1794/1794/1794 1796/1796/1796 
f 1797/1797/1797 1798/1798/1798 1799/1799/1799 
f 1799/1799/1799 1798/1798/1798 1800/1800/1800 
f 1801/1801/1801 1802/1802/1802 1803/1803/1803 
f 1803/1803/1803 1802/1802/1802 1804/1804/1804 
f 1805/1805/1805 1806/1806/1806 1807/1807/1807 
f 1807/1807/1807 1806/1806/1806 1808/1808/1808 
f 1809/1809/1809 1810/1810/1810 1811/1811/1811 
f 1811/1811/1811 1810/1810/1810 1812/1812/1812 

g Part128

v 54.176 12.1299 -305.104 1 1 1 1 
v 54.576 12.1299 -305.104 1 1 1 1 
v 54.1759 8.92987 -305.104 1 1 1 1 
v 54.5759 8.92987 -305.104 1 1 1 1 
v 54.5761 12.1299 -298.504 1 1 1 1 
v 54.576 12.1299 -305.104 1 1 1 1 
v 54.1761 12.1299 -298.504 1 1 1 1 
v 54.176 12.1299 -305.104 1 1 1 1 
v 54.576 12.1299 -305.104 1 1 1 1 
v 54.5761 12.1299 -298.504 1 1 1 1 
v 54.5759 8.92987 -305.104 1 1 1 1 
v 54.576 8.92985 -298.504 1 1 1 1 
v 54.5761 12.1299 -298.504 1 1 1 1 
v 54.1761 12.1299 -298.504 1 1 1 1 
v 54.576 8.92985 -298.504 1 1 1 1 
v 54.176 8.92986 -298.504 1 1 1 1 
v 54.176 8.92986 -298.504 1 1 1 1 
v 54.1759 8.92987 -305.104 1 1 1 1 
v 54.576 8.92985 -298.504 1 1 1 1 
v 54.5759 8.92987 -305.104 1 1 1 1 
v 54.1761 12.1299 -298.504 1 1 1 1 
v 54.176 12.1299 -305.104 1 1 1 1 
v 54.176 8.92986 -298.504 1 1 1 1 
v 54.1759 8.92987 -305.104 1 1 1 1 

vn 0 0 -1 
vn 0 0 -1 
vn 0 0 -1 
vn 0 0 -1 
vn 0 1 0 
vn 0 1 0 
vn 0 1 0 
vn 0 1 0 
vn 1 0 0 
vn 1 0 0 
vn 1 0 0 
vn 1 0 0 
vn 0 0 1 
vn 0 0 1 
vn 0 0 1 
vn 0 0 1 
vn 0 -1 0 
vn 0 -1 0 
vn 0 -1 0 
vn 0 -1 0 
vn -1 0 0 
vn -1 0 0 
vn -1 0 0 
vn -1 0 0 

vt -0.177534 0.810089 
vt -0.227534 0.810089 
vt -0.177534 0.410089 
vt -0.227534 0.410089 
vt 0.597466 0.810089 
vt -0.227534 0.810089 
vt 0.597466 0.760089 
vt -0.227534 0.760089 
vt 0.597466 0.810089 
vt -0.227534 0.810089 
vt 0.597466 0.410089 
vt -0.227534 0.410089 
vt -0.177534 0.810089 
vt -0.227534 0.810089 
vt -0.177534 0.410089 
vt -0.227534 0.410089 
vt 0.597466 0.810089 
vt -0.227534 0.810089 
vt 0.597466 0.760089 
vt -0.227534 0.760089 
vt 0.597466 0.810089 
vt -0.227534 0.810089 
vt 0.597466 0.410089 
vt -0.227534 0.410089 

usemtl Part116Mtl

f 1813/1813/1813 1814/1814/1814 1815/1815/1815 
f 1815/1815/1815 1814/1814/1814 1816/1816/1816 
f 1817/1817/1817 1818/1818/1818 1819/1819/1819 
f 1819/1819/1819 1818/1818/1818 1820/1820/1820 
f 1821/1821/1821 1822/1822/1822 1823/1823/1823 
f 1823/1823/1823 1822/1822/1822 1824/1824/1824 
f 1825/1825/1825 1826/1826/1826 1827/1827/1827 
f 1827/1827/1827 1826/1826/1826 1828/1828/1828 
f 1829/1829/1829 1830/1830/1830 1831/1831/1831 
f 1831/1831/1831 1830/1830/1830 1832/1832/1832 
f 1833/1833/1833 1834/1834/1834 1835/1835/1835 
f 1835/1835/1835 1834/1834/1834 1836/1836/1836 

g Part129

v 54.1711 12.1299 -298.504 1 1 1 1 
v 54.171 12.1299 -305.104 1 1 1 1 
v 54.171 8.92986 -298.504 1 1 1 1 
v 54.1709 8.92987 -305.104 1 1 1 1 

vn -1 0 0 
vn -1 0 0 
vn -1 0 0 
vn -1 0 0 

vt 1.32 1 
vt 0 1 
vt 1.32 0.68 
vt 0 0.68 

usemtl Part117Mtl

f 1837/1837/1837 1838/1838/1838 1839/1839/1839 
f 1839/1839/1839 1838/1838/1838 1840/1840/1840 

g Part130

v 54.5761 12.1299 -298.499 1 1 1 1 
v 54.1761 12.1299 -298.499 1 1 1 1 
v 54.576 8.92985 -298.499 1 1 1 1 
v 54.176 8.92986 -298.499 1 1 1 1 

vn 0 0 1 
vn 0 0 1 
vn 0 0 1 
vn 0 0 1 

vt 0.08 1 
vt 0 1 
vt 0.08 0.68 
vt 0 0.68 

usemtl Part117Mtl

f 1841/1841/1841 1842/1842/1842 1843/1843/1843 
f 1843/1843/1843 1842/1842/1842 1844/1844/1844 

g Part131

v 54.581 12.1299 -305.104 1 1 1 1 
v 54.5811 12.1299 -298.504 1 1 1 1 
v 54.5809 8.92987 -305.104 1 1 1 1 
v 54.581 8.92985 -298.504 1 1 1 1 

vn 1 0 0 
vn 1 0 0 
vn 1 0 0 
vn 1 0 0 

vt 1.32 1 
vt 0 1 
vt 1.32 0.68 
vt 0 0.68 

usemtl Part117Mtl

f 1845/1845/1845 1846/1846/1846 1847/1847/1847 
f 1847/1847/1847 1846/1846/1846 1848/1848/1848 

g Part132

v 54.5761 12.1349 -298.504 1 1 1 1 
v 54.576 12.1349 -305.104 1 1 1 1 
v 54.1761 12.1349 -298.504 1 1 1 1 
v 54.176 12.1349 -305.104 1 1 1 1 

vn 0 1 0 
vn 0 1 0 
vn 0 1 0 
vn 0 1 0 

vt 1.32 1 
vt 0 1 
vt 1.32 0.96 
vt 0 0.96 

usemtl Part117Mtl

f 1849/1849/1849 1850/1850/1850 1851/1851/1851 
f 1851/1851/1851 1850/1850/1850 1852/1852/1852 

g Part133

v 53.976 8.94006 -305.105 1 1 1 1 
v 54.576 8.94005 -305.105 1 1 1 1 
v 53.9759 4.40005 -305.105 1 1 1 1 
v 54.5759 4.40004 -305.105 1 1 1 1 
v 54.576 8.94004 -302.905 1 1 1 1 
v 54.576 8.94005 -305.105 1 1 1 1 
v 53.976 8.94005 -302.905 1 1 1 1 
v 53.976 8.94006 -305.105 1 1 1 1 
v 54.576 8.94005 -305.105 1 1 1 1 
v 54.576 8.94004 -302.905 1 1 1 1 
v 54.5759 4.40004 -305.105 1 1 1 1 
v 54.576 4.40003 -302.905 1 1 1 1 
v 54.576 8.94004 -302.905 1 1 1 1 
v 53.976 8.94005 -302.905 1 1 1 1 
v 54.576 4.40003 -302.905 1 1 1 1 
v 53.9759 4.40004 -302.905 1 1 1 1 
v 53.9759 4.40004 -302.905 1 1 1 1 
v 53.9759 4.40005 -305.105 1 1 1 1 
v 54.576 4.40003 -302.905 1 1 1 1 
v 54.5759 4.40004 -305.105 1 1 1 1 
v 53.976 8.94005 -302.905 1 1 1 1 
v 53.976 8.94006 -305.105 1 1 1 1 
v 53.9759 4.40004 -302.905 1 1 1 1 
v 53.9759 4.40005 -305.105 1 1 1 1 

vn 0 0 -1 
vn 0 0 -1 
vn 0 0 -1 
vn 0 0 -1 
vn 0 1 0 
vn 0 1 0 
vn 0 1 0 
vn 0 1 0 
vn 1 0 0 
vn 1 0 0 
vn 1 0 0 
vn 1 0 0 
vn 0 0 1 
vn 0 0 1 
vn 0 0 1 
vn 0 0 1 
vn 0 -1 0 
vn 0 -1 0 
vn 0 -1 0 
vn 0 -1 0 
vn -1 0 0 
vn -1 0 0 
vn -1 0 0 
vn -1 0 0 

vt 7.575 -2.625 
vt 7.5 -2.625 
vt 7.575 -3.1925 
vt 7.5 -3.1925 
vt 7.775 -2.625 
vt 7.5 -2.625 
vt 7.775 -2.7 
vt 7.5 -2.7 
vt 7.775 -2.625 
vt 7.5 -2.625 
vt 7.775 -3.1925 
vt 7.5 -3.1925 
vt 7.575 -2.625 
vt 7.5 -2.625 
vt 7.575 -3.1925 
vt 7.5 -3.1925 
vt 7.775 -2.625 
vt 7.5 -2.625 
vt 7.775 -2.7 
vt 7.5 -2.7 
vt 7.775 -2.625 
vt 7.5 -2.625 
vt 7.775 -3.1925 
vt 7.5 -3.1925 

usemtl Part113Mtl

f 1853/1853/1853 1854/1854/1854 1855/1855/1855 
f 1855/1855/1855 1854/1854/1854 1856/1856/1856 
f 1857/1857/1857 1858/1858/1858 1859/1859/1859 
f 1859/1859/1859 1858/1858/1858 1860/1860/1860 
f 1861/1861/1861 1862/1862/1862 1863/1863/1863 
f 1863/1863/1863 1862/1862/1862 1864/1864/1864 
f 1865/1865/1865 1866/1866/1866 1867/1867/1867 
f 1867/1867/1867 1866/1866/1866 1868/1868/1868 
f 1869/1869/1869 1870/1870/1870 1871/1871/1871 
f 1871/1871/1871 1870/1870/1870 1872/1872/1872 
f 1873/1873/1873 1874/1874/1874 1875/1875/1875 
f 1875/1875/1875 1874/1874/1874 1876/1876/1876 

g Part134

v 53.9613 2.00008 -305.3 1 1 1 1 
v 55.1613 2.00006 -305.3 1 1 1 1 
v 53.9612 7.57115e-05 -305.3 1 1 1 1 
v 55.1612 5.29673e-05 -305.3 1 1 1 1 
v 55.1613 2.00004 -298.5 1 1 1 1 
v 55.1613 2.00006 -305.3 1 1 1 1 
v 53.9613 2.00006 -298.5 1 1 1 1 
v 53.9613 2.00008 -305.3 1 1 1 1 
v 55.1613 2.00006 -305.3 1 1 1 1 
v 55.1613 2.00004 -298.5 1 1 1 1 
v 55.1612 5.29673e-05 -305.3 1 1 1 1 
v 55.1613 3.56087e-05 -298.5 1 1 1 1 
v 55.1613 2.00004 -298.5 1 1 1 1 
v 53.9613 2.00006 -298.5 1 1 1 1 
v 55.1613 3.56087e-05 -298.5 1 1 1 1 
v 53.9613 5.83529e-05 -298.5 1 1 1 1 
v 53.9613 5.83529e-05 -298.5 1 1 1 1 
v 53.9612 7.57115e-05 -305.3 1 1 1 1 
v 55.1613 3.56087e-05 -298.5 1 1 1 1 
v 55.1612 5.29673e-05 -305.3 1 1 1 1 
v 53.9613 2.00006 -298.5 1 1 1 1 
v 53.9613 2.00008 -305.3 1 1 1 1 
v 53.9613 5.83529e-05 -298.5 1 1 1 1 
v 53.9612 7.57115e-05 -305.3 1 1 1 1 

vn 0 0 -1 
vn 0 0 -1 
vn 0 0 -1 
vn 0 0 -1 
vn 0 1 0 
vn 0 1 0 
vn 0 1 0 
vn 0 1 0 
vn 1 0 0 
vn 1 0 0 
vn 1 0 0 
vn 1 0 0 
vn 0 0 1 
vn 0 0 1 
vn 0 0 1 
vn 0 0 1 
vn 0 -1 0 
vn 0 -1 0 
vn 0 -1 0 
vn 0 -1 0 
vn -1 0 0 
vn -1 0 0 
vn -1 0 0 
vn -1 0 0 

vt 3.9 -5.75 
vt 3.75 -5.75 
vt 3.9 -6 
vt 3.75 -6 
vt 4.6 -5.75 
vt 3.75 -5.75 
vt 4.6 -5.9 
vt 3.75 -5.9 
vt 4.6 -5.75 
vt 3.75 -5.75 
vt 4.6 -6 
vt 3.75 -6 
vt 3.9 -5.75 
vt 3.75 -5.75 
vt 3.9 -6 
vt 3.75 -6 
vt 4.6 -5.75 
vt 3.75 -5.75 
vt 4.6 -5.9 
vt 3.75 -5.9 
vt 4.6 -5.75 
vt 3.75 -5.75 
vt 4.6 -6 
vt 3.75 -6 

usemtl Part134Mtl

f 1877/1877/1877 1878/1878/1878 1879/1879/1879 
f 1879/1879/1879 1878/1878/1878 1880/1880/1880 
f 1881/1881/1881 1882/1882/1882 1883/1883/1883 
f 1883/1883/1883 1882/1882/1882 1884/1884/1884 
f 1885/1885/1885 1886/1886/1886 1887/1887/1887 
f 1887/1887/1887 1886/1886/1886 1888/1888/1888 
f 1889/1889/1889 1890/1890/1890 1891/1891/1891 
f 1891/1891/1891 1890/1890/1890 1892/1892/1892 
f 1893/1893/1893 1894/1894/1894 1895/1895/1895 
f 1895/1895/1895 1894/1894/1894 1896/1896/1896 
f 1897/1897/1897 1898/1898/1898 1899/1899/1899 
f 1899/1899/1899 1898/1898/1898 1900/1900/1900 

g Part135

v 54.1756 4.40003 -305.104 1 1 1 1 
v 54.5756 4.40002 -305.104 1 1 1 1 
v 54.1756 2.00003 -305.104 1 1 1 1 
v 54.5756 2.00002 -305.104 1 1 1 1 
v 54.5757 4.40001 -298.504 1 1 1 1 
v 54.5756 4.40002 -305.104 1 1 1 1 
v 54.1757 4.40001 -298.504 1 1 1 1 
v 54.1756 4.40003 -305.104 1 1 1 1 
v 54.5756 4.40002 -305.104 1 1 1 1 
v 54.5757 4.40001 -298.504 1 1 1 1 
v 54.5756 2.00002 -305.104 1 1 1 1 
v 54.5757 2 -298.504 1 1 1 1 
v 54.5757 4.40001 -298.504 1 1 1 1 
v 54.1757 4.40001 -298.504 1 1 1 1 
v 54.5757 2 -298.504 1 1 1 1 
v 54.1757 2.00001 -298.504 1 1 1 1 
v 54.1757 2.00001 -298.504 1 1 1 1 
v 54.1756 2.00003 -305.104 1 1 1 1 
v 54.5757 2 -298.504 1 1 1 1 
v 54.5756 2.00002 -305.104 1 1 1 1 
v 54.1757 4.40001 -298.504 1 1 1 1 
v 54.1756 4.40003 -305.104 1 1 1 1 
v 54.1757 2.00001 -298.504 1 1 1 1 
v 54.1756 2.00003 -305.104 1 1 1 1 

vn 0 0 -1 
vn 0 0 -1 
vn 0 0 -1 
vn 0 0 -1 
vn 0 1 0 
vn 0 1 0 
vn 0 1 0 
vn 0 1 0 
vn 1 0 0 
vn 1 0 0 
vn 1 0 0 
vn 1 0 0 
vn 0 0 1 
vn 0 0 1 
vn 0 0 1 
vn 0 0 1 
vn 0 -1 0 
vn 0 -1 0 
vn 0 -1 0 
vn 0 -1 0 
vn -1 0 0 
vn -1 0 0 
vn -1 0 0 
vn -1 0 0 

vt -0.00291377 1.08938 
vt -0.0529138 1.08938 
vt -0.00291377 0.789385 
vt -0.0529138 0.789385 
vt 0.772086 1.08938 
vt -0.0529138 1.08938 
vt 0.772086 1.03938 
vt -0.0529138 1.03938 
vt 0.772086 1.08938 
vt -0.0529138 1.08938 
vt 0.772086 0.789385 
vt -0.0529138 0.789385 
vt -0.00291377 1.08938 
vt -0.0529138 1.08938 
vt -0.00291377 0.789385 
vt -0.0529138 0.789385 
vt 0.772086 1.08938 
vt -0.0529138 1.08938 
vt 0.772086 1.03938 
vt -0.0529138 1.03938 
vt 0.772086 1.08938 
vt -0.0529138 1.08938 
vt 0.772086 0.789385 
vt -0.0529138 0.789385 

usemtl Part116Mtl

f 1901/1901/1901 1902/1902/1902 1903/1903/1903 
f 1903/1903/1903 1902/1902/1902 1904/1904/1904 
f 1905/1905/1905 1906/1906/1906 1907/1907/1907 
f 1907/1907/1907 1906/1906/1906 1908/1908/1908 
f 1909/1909/1909 1910/1910/1910 1911/1911/1911 
f 1911/1911/1911 1910/1910/1910 1912/1912/1912 
f 1913/1913/1913 1914/1914/1914 1915/1915/1915 
f 1915/1915/1915 1914/1914/1914 1916/1916/1916 
f 1917/1917/1917 1918/1918/1918 1919/1919/1919 
f 1919/1919/1919 1918/1918/1918 1920/1920/1920 
f 1921/1921/1921 1922/1922/1922 1923/1923/1923 
f 1923/1923/1923 1922/1922/1922 1924/1924/1924 

g Part136

v 54.1707 4.40001 -298.504 1 1 1 1 
v 54.1706 4.40003 -305.104 1 1 1 1 
v 54.1707 2.00001 -298.504 1 1 1 1 
v 54.1706 2.00003 -305.104 1 1 1 1 

vn -1 0 0 
vn -1 0 0 
vn -1 0 0 
vn -1 0 0 

vt 1.32 1 
vt 0 1 
vt 1.32 0.76 
vt 0 0.76 

usemtl Part117Mtl

f 1925/1925/1925 1926/1926/1926 1927/1927/1927 
f 1927/1927/1927 1926/1926/1926 1928/1928/1928 

g Part137

v 54.5757 4.40001 -298.499 1 1 1 1 
v 54.1757 4.40001 -298.499 1 1 1 1 
v 54.5757 2 -298.499 1 1 1 1 
v 54.1757 2.00001 -298.499 1 1 1 1 

vn 0 0 1 
vn 0 0 1 
vn 0 0 1 
vn 0 0 1 

vt 0.08 1 
vt 0 1 
vt 0.08 0.76 
vt 0 0.76 

usemtl Part117Mtl

f 1929/1929/1929 1930/1930/1930 1931/1931/1931 
f 1931/1931/1931 1930/1930/1930 1932/1932/1932 

g Part138

v 54.5806 4.40002 -305.104 1 1 1 1 
v 54.5807 4.40001 -298.504 1 1 1 1 
v 54.5806 2.00002 -305.104 1 1 1 1 
v 54.5807 2 -298.504 1 1 1 1 

vn 1 0 0 
vn 1 0 0 
vn 1 0 0 
vn 1 0 0 

vt 1.32 1 
vt 0 1 
vt 1.32 0.76 
vt 0 0.76 

usemtl Part117Mtl

f 1933/1933/1933 1934/1934/1934 1935/1935/1935 
f 1935/1935/1935 1934/1934/1934 1936/1936/1936 

g Part139

v 54.5757 4.40501 -298.504 1 1 1 1 
v 54.5756 4.40502 -305.104 1 1 1 1 
v 54.1757 4.40501 -298.504 1 1 1 1 
v 54.1756 4.40503 -305.104 1 1 1 1 

vn 0 1 0 
vn 0 1 0 
vn 0 1 0 
vn 0 1 0 

vt 1.32 1 
vt 0 1 
vt 1.32 0.96 
vt 0 0.96 

usemtl Part117Mtl

f 1937/1937/1937 1938/1938/1938 1939/1939/1939 
f 1939/1939/1939 1938/1938/1938 1940/1940/1940 

g Part140

v 33.1618 4.40008 -297.709 1 1 1 1 
v 33.1618 4.40008 -298.309 1 1 1 1 
v 33.1618 2.00007 -297.709 1 1 1 1 
v 33.1618 2.00007 -298.309 1 1 1 1 
v 53.9619 4.40008 -298.309 1 1 1 1 
v 33.1618 4.40008 -298.309 1 1 1 1 
v 53.9619 4.40008 -297.709 1 1 1 1 
v 33.1618 4.40008 -297.709 1 1 1 1 
v 33.1618 4.40008 -298.309 1 1 1 1 
v 53.9619 4.40008 -298.309 1 1 1 1 
v 33.1618 2.00007 -298.309 1 1 1 1 
v 53.9619 2.00007 -298.309 1 1 1 1 
v 53.9619 4.40008 -298.309 1 1 1 1 
v 53.9619 4.40008 -297.709 1 1 1 1 
v 53.9619 2.00007 -298.309 1 1 1 1 
v 53.9619 2.00007 -297.709 1 1 1 1 
v 53.9619 2.00007 -297.709 1 1 1 1 
v 33.1618 2.00007 -297.709 1 1 1 1 
v 53.9619 2.00007 -298.309 1 1 1 1 
v 33.1618 2.00007 -298.309 1 1 1 1 
v 53.9619 4.40008 -297.709 1 1 1 1 
v 33.1618 4.40008 -297.709 1 1 1 1 
v 53.9619 2.00007 -297.709 1 1 1 1 
v 33.1618 2.00007 -297.709 1 1 1 1 

vn -1 0 0 
vn -1 0 0 
vn -1 0 0 
vn -1 0 0 
vn 0 1 0 
vn 0 1 0 
vn 0 1 0 
vn 0 1 0 
vn 0 0 -1 
vn 0 0 -1 
vn 0 0 -1 
vn 0 0 -1 
vn 1 0 0 
vn 1 0 0 
vn 1 0 0 
vn 1 0 0 
vn 0 -1 0 
vn 0 -1 0 
vn 0 -1 0 
vn 0 -1 0 
vn 0 0 1 
vn 0 0 1 
vn 0 0 1 
vn 0 0 1 

vt 0.691149 0.4637 
vt 0.616149 0.4637 
vt 0.691149 0.1637 
vt 0.616149 0.1637 
vt 3.21615 0.4637 
vt 0.616149 0.4637 
vt 3.21615 0.3887 
vt 0.616149 0.3887 
vt 3.21615 0.4637 
vt 0.616149 0.4637 
vt 3.21615 0.1637 
vt 0.616149 0.1637 
vt 0.691149 0.4637 
vt 0.616149 0.4637 
vt 0.691149 0.1637 
vt 0.616149 0.1637 
vt 3.21615 0.4637 
vt 0.616149 0.4637 
vt 3.21615 0.3887 
vt 0.616149 0.3887 
vt 3.21615 0.4637 
vt 0.616149 0.4637 
vt 3.21615 0.1637 
vt 0.616149 0.1637 

usemtl Part116Mtl

f 1941/1941/1941 1942/1942/1942 1943/1943/1943 
f 1943/1943/1943 1942/1942/1942 1944/1944/1944 
f 1945/1945/1945 1946/1946/1946 1947/1947/1947 
f 1947/1947/1947 1946/1946/1946 1948/1948/1948 
f 1949/1949/1949 1950/1950/1950 1951/1951/1951 
f 1951/1951/1951 1950/1950/1950 1952/1952/1952 
f 1953/1953/1953 1954/1954/1954 1955/1955/1955 
f 1955/1955/1955 1954/1954/1954 1956/1956/1956 
f 1957/1957/1957 1958/1958/1958 1959/1959/1959 
f 1959/1959/1959 1958/1958/1958 1960/1960/1960 
f 1961/1961/1961 1962/1962/1962 1963/1963/1963 
f 1963/1963/1963 1962/1962/1962 1964/1964/1964 

g Part141

v 53.9619 4.40008 -297.704 1 1 1 1 
v 33.1618 4.40008 -297.704 1 1 1 1 
v 53.9619 2.00007 -297.704 1 1 1 1 
v 33.1618 2.00007 -297.704 1 1 1 1 

vn 0 0 1 
vn 0 0 1 
vn 0 0 1 
vn 0 0 1 

vt 4.16 1 
vt 0 1 
vt 4.16 0.76 
vt 0 0.76 

usemtl Part117Mtl

f 1965/1965/1965 1966/1966/1966 1967/1967/1967 
f 1967/1967/1967 1966/1966/1966 1968/1968/1968 

g Part142

v 53.9669 4.40008 -298.309 1 1 1 1 
v 53.9669 4.40008 -297.709 1 1 1 1 
v 53.9669 2.00007 -298.309 1 1 1 1 
v 53.9669 2.00007 -297.709 1 1 1 1 

vn 1 0 0 
vn 1 0 0 
vn 1 0 0 
vn 1 0 0 

vt 0.12 1 
vt 0 1 
vt 0.12 0.76 
vt 0 0.76 

usemtl Part117Mtl

f 1969/1969/1969 1970/1970/1970 1971/1971/1971 
f 1971/1971/1971 1970/1970/1970 1972/1972/1972 

g Part143

v 33.1618 4.40008 -298.314 1 1 1 1 
v 53.9619 4.40008 -298.314 1 1 1 1 
v 33.1618 2.00007 -298.314 1 1 1 1 
v 53.9619 2.00007 -298.314 1 1 1 1 

vn 0 0 -1 
vn 0 0 -1 
vn 0 0 -1 
vn 0 0 -1 

vt 4.16 1 
vt 0 1 
vt 4.16 0.76 
vt 0 0.76 

usemtl Part117Mtl

f 1973/1973/1973 1974/1974/1974 1975/1975/1975 
f 1975/1975/1975 1974/1974/1974 1976/1976/1976 

g Part144

v 53.9619 4.40508 -298.309 1 1 1 1 
v 33.1618 4.40508 -298.309 1 1 1 1 
v 53.9619 4.40508 -297.709 1 1 1 1 
v 33.1618 4.40508 -297.709 1 1 1 1 

vn 0 1 0 
vn 0 1 0 
vn 0 1 0 
vn 0 1 0 

vt 4.16 1 
vt 0 1 
vt 4.16 0.94 
vt 0 0.94 

usemtl Part117Mtl

f 1977/1977/1977 1978/1978/1978 1979/1979/1979 
f 1979/1979/1979 1978/1978/1978 1980/1980/1980 

g Part145

v 55.1603 2.00009 -322.901 1 1 1 1 
v 55.1603 2.00009 -321.701 1 1 1 1 
v 55.1603 8.14251e-05 -322.901 1 1 1 1 
v 55.1603 8.14251e-05 -321.701 1 1 1 1 
v 31.9602 2.00009 -321.701 1 1 1 1 
v 55.1603 2.00009 -321.701 1 1 1 1 
v 31.9602 2.00009 -322.901 1 1 1 1 
v 55.1603 2.00009 -322.901 1 1 1 1 
v 55.1603 2.00009 -321.701 1 1 1 1 
v 31.9602 2.00009 -321.701 1 1 1 1 
v 55.1603 8.14251e-05 -321.701 1 1 1 1 
v 31.9602 8.14199e-05 -321.701 1 1 1 1 
v 31.9602 2.00009 -321.701 1 1 1 1 
v 31.9602 2.00009 -322.901 1 1 1 1 
v 31.9602 8.14199e-05 -321.701 1 1 1 1 
v 31.9602 8.14199e-05 -322.901 1 1 1 1 
v 31.9602 8.14199e-05 -322.901 1 1 1 1 
v 55.1603 8.14251e-05 -322.901 1 1 1 1 
v 31.9602 8.14199e-05 -321.701 1 1 1 1 
v 55.1603 8.14251e-05 -321.701 1 1 1 1 
v 31.9602 2.00009 -322.901 1 1 1 1 
v 55.1603 2.00009 -322.901 1 1 1 1 
v 31.9602 8.14199e-05 -322.901 1 1 1 1 
v 55.1603 8.14251e-05 -322.901 1 1 1 1 

vn 1 0 0 
vn 1 0 0 
vn 1 0 0 
vn 1 0 0 
vn 0 1 0 
vn 0 1 0 
vn 0 1 0 
vn 0 1 0 
vn 0 0 1 
vn 0 0 1 
vn 0 0 1 
vn 0 0 1 
vn -1 0 0 
vn -1 0 0 
vn -1 0 0 
vn -1 0 0 
vn 0 -1 0 
vn 0 -1 0 
vn 0 -1 0 
vn 0 -1 0 
vn 0 0 -1 
vn 0 0 -1 
vn 0 0 -1 
vn 0 0 -1 

vt 2.65 -4.125 
vt 2.5 -4.125 
vt 2.65 -4.375 
vt 2.5 -4.375 
vt 5.4 -4.125 
vt 2.5 -4.125 
vt 5.4 -4.275 
vt 2.5 -4.275 
vt 5.4 -4.125 
vt 2.5 -4.125 
vt 5.4 -4.375 
vt 2.5 -4.375 
vt 2.65 -4.125 
vt 2.5 -4.125 
vt 2.65 -4.375 
vt 2.5 -4.375 
vt 5.4 -4.125 
vt 2.5 -4.125 
vt 5.4 -4.275 
vt 2.5 -4.275 
vt 5.4 -4.125 
vt 2.5 -4.125 
vt 5.4 -4.375 
vt 2.5 -4.375 

usemtl Part134Mtl

f 1981/1981/1981 1982/1982/1982 1983/1983/1983 
f 1983/1983/1983 1982/1982/1982 1984/1984/1984 
f 1985/1985/1985 1986/1986/1986 1987/1987/1987 
f 1987/1987/1987 1986/1986/1986 1988/1988/1988 
f 1989/1989/1989 1990/1990/1990 1991/1991/1991 
f 1991/1991/1991 1990/1990/1990 1992/1992/1992 
f 1993/1993/1993 1994/1994/1994 1995/1995/1995 
f 1995/1995/1995 1994/1994/1994 1996/1996/1996 
f 1997/1997/1997 1998/1998/1998 1999/1999/1999 
f 1999/1999/1999 1998/1998/1998 2000/2000/2000 
f 2001/2001/2001 2002/2002/2002 2003/2003/2003 
f 2003/2003/2003 2002/2002/2002 2004/2004/2004 

g Part146

v 51.3623 8.94005 -297.709 1 1 1 1 
v 51.3623 8.94005 -298.309 1 1 1 1 
v 51.3623 4.40003 -297.709 1 1 1 1 
v 51.3623 4.40003 -298.309 1 1 1 1 
v 53.9623 8.94005 -298.309 1 1 1 1 
v 51.3623 8.94005 -298.309 1 1 1 1 
v 53.9623 8.94005 -297.709 1 1 1 1 
v 51.3623 8.94005 -297.709 1 1 1 1 
v 51.3623 8.94005 -298.309 1 1 1 1 
v 53.9623 8.94005 -298.309 1 1 1 1 
v 51.3623 4.40003 -298.309 1 1 1 1 
v 53.9623 4.40003 -298.309 1 1 1 1 
v 53.9623 8.94005 -298.309 1 1 1 1 
v 53.9623 8.94005 -297.709 1 1 1 1 
v 53.9623 4.40003 -298.309 1 1 1 1 
v 53.9623 4.40003 -297.709 1 1 1 1 
v 53.9623 4.40003 -297.709 1 1 1 1 
v 51.3623 4.40003 -297.709 1 1 1 1 
v 53.9623 4.40003 -298.309 1 1 1 1 
v 51.3623 4.40003 -298.309 1 1 1 1 
v 53.9623 8.94005 -297.709 1 1 1 1 
v 51.3623 8.94005 -297.709 1 1 1 1 
v 53.9623 4.40003 -297.709 1 1 1 1 
v 51.3623 4.40003 -297.709 1 1 1 1 

vn -1 0 0 
vn -1 0 0 
vn -1 0 0 
vn -1 0 0 
vn 0 1 0 
vn 0 1 0 
vn 0 1 0 
vn 0 1 0 
vn 0 0 -1 
vn 0 0 -1 
vn 0 0 -1 
vn 0 0 -1 
vn 1 0 0 
vn 1 0 0 
vn 1 0 0 
vn 1 0 0 
vn 0 -1 0 
vn 0 -1 0 
vn 0 -1 0 
vn 0 -1 0 
vn 0 0 1 
vn 0 0 1 
vn 0 0 1 
vn 0 0 1 

vt 6.325 -5.625 
vt 6.25 -5.625 
vt 6.325 -6.1925 
vt 6.25 -6.1925 
vt 6.575 -5.625 
vt 6.25 -5.625 
vt 6.575 -5.7 
vt 6.25 -5.7 
vt 6.575 -5.625 
vt 6.25 -5.625 
vt 6.575 -6.1925 
vt 6.25 -6.1925 
vt 6.325 -5.625 
vt 6.25 -5.625 
vt 6.325 -6.1925 
vt 6.25 -6.1925 
vt 6.575 -5.625 
vt 6.25 -5.625 
vt 6.575 -5.7 
vt 6.25 -5.7 
vt 6.575 -5.625 
vt 6.25 -5.625 
vt 6.575 -6.1925 
vt 6.25 -6.1925 

usemtl Part113Mtl

f 2005/2005/2005 2006/2006/2006 2007/2007/2007 
f 2007/2007/2007 2006/2006/2006 2008/2008/2008 
f 2009/2009/2009 2010/2010/2010 2011/2011/2011 
f 2011/2011/2011 2010/2010/2010 2012/2012/2012 
f 2013/2013/2013 2014/2014/2014 2015/2015/2015 
f 2015/2015/2015 2014/2014/2014 2016/2016/2016 
f 2017/2017/2017 2018/2018/2018 2019/2019/2019 
f 2019/2019/2019 2018/2018/2018 2020/2020/2020 
f 2021/2021/2021 2022/2022/2022 2023/2023/2023 
f 2023/2023/2023 2022/2022/2022 2024/2024/2024 
f 2025/2025/2025 2026/2026/2026 2027/2027/2027 
f 2027/2027/2027 2026/2026/2026 2028/2028/2028 

g Part147

v 32.0514 8.99998 -297.389 1 1 1 1 
v 32.0514 8.99998 -298.509 1 1 1 1 
v 32.0514 4.19997 -297.389 1 1 1 1 
v 32.0514 4.19997 -298.509 1 1 1 1 
v 33.2814 8.99998 -298.509 1 1 1 1 
v 32.0514 8.99998 -298.509 1 1 1 1 
v 33.2814 8.99998 -297.389 1 1 1 1 
v 32.0514 8.99998 -297.389 1 1 1 1 
v 32.0514 8.99998 -298.509 1 1 1 1 
v 33.2814 8.99998 -298.509 1 1 1 1 
v 32.0514 4.19997 -298.509 1 1 1 1 
v 33.2814 4.19997 -298.509 1 1 1 1 
v 33.2814 8.99998 -298.509 1 1 1 1 
v 33.2814 8.99998 -297.389 1 1 1 1 
v 33.2814 4.19997 -298.509 1 1 1 1 
v 33.2814 4.19997 -297.389 1 1 1 1 
v 33.2814 4.19997 -297.389 1 1 1 1 
v 32.0514 4.19997 -297.389 1 1 1 1 
v 33.2814 4.19997 -298.509 1 1 1 1 
v 32.0514 4.19997 -298.509 1 1 1 1 
v 33.2814 8.99998 -297.389 1 1 1 1 
v 32.0514 8.99998 -297.389 1 1 1 1 
v 33.2814 4.19997 -297.389 1 1 1 1 
v 32.0514 4.19997 -297.389 1 1 1 1 

vn -1 0 0 
vn -1 0 0 
vn -1 0 0 
vn -1 0 0 
vn 0 1 0 
vn 0 1 0 
vn 0 1 0 
vn 0 1 0 
vn 0 0 -1 
vn 0 0 -1 
vn 0 0 -1 
vn 0 0 -1 
vn 1 0 0 
vn 1 0 0 
vn 1 0 0 
vn 1 0 0 
vn 0 -1 0 
vn 0 -1 0 
vn 0 -1 0 
vn 0 -1 0 
vn 0 0 1 
vn 0 0 1 
vn 0 0 1 
vn 0 0 1 

vt 2.89 -1.5 
vt 2.75 -1.5 
vt 2.89 -2.1 
vt 2.75 -2.1 
vt 2.90375 -1.5 
vt 2.75 -1.5 
vt 2.90375 -1.64 
vt 2.75 -1.64 
vt 2.90375 -1.5 
vt 2.75 -1.5 
vt 2.90375 -2.1 
vt 2.75 -2.1 
vt 2.89 -1.5 
vt 2.75 -1.5 
vt 2.89 -2.1 
vt 2.75 -2.1 
vt 2.90375 -1.5 
vt 2.75 -1.5 
vt 2.90375 -1.64 
vt 2.75 -1.64 
vt 2.90375 -1.5 
vt 2.75 -1.5 
vt 2.90375 -2.1 
vt 2.75 -2.1 

usemtl Part147Mtl

f 2029/2029/2029 2030/2030/2030 2031/2031/2031 
f 2031/2031/2031 2030/2030/2030 2032/2032/2032 
f 2033/2033/2033 2034/2034/2034 2035/2035/2035 
f 2035/2035/2035 2034/2034/2034 2036/2036/2036 
f 2037/2037/2037 2038/2038/2038 2039/2039/2039 
f 2039/2039/2039 2038/2038/2038 2040/2040/2040 
f 2041/2041/2041 2042/2042/2042 2043/2043/2043 
f 2043/2043/2043 2042/2042/2042 2044/2044/2044 
f 2045/2045/2045 2046/2046/2046 2047/2047/2047 
f 2047/2047/2047 2046/2046/2046 2048/2048/2048 
f 2049/2049/2049 2050/2050/2050 2051/2051/2051 
f 2051/2051/2051 2050/2050/2050 2052/2052/2052 

g Part148

v 53.7628 11.1999 -297.309 1 1 1 1 
v 53.7628 11.1999 -298.509 1 1 1 1 
v 53.7628 8.99992 -297.309 1 1 1 1 
v 53.7628 8.99992 -298.509 1 1 1 1 
v 55.1628 11.1999 -298.509 1 1 1 1 
v 53.7628 11.1999 -298.509 1 1 1 1 
v 55.1628 11.1999 -297.309 1 1 1 1 
v 53.7628 11.1999 -297.309 1 1 1 1 
v 53.7628 11.1999 -298.509 1 1 1 1 
v 55.1628 11.1999 -298.509 1 1 1 1 
v 53.7628 8.99992 -298.509 1 1 1 1 
v 55.1628 8.99992 -298.509 1 1 1 1 
v 55.1628 11.1999 -298.509 1 1 1 1 
v 55.1628 11.1999 -297.309 1 1 1 1 
v 55.1628 8.99992 -298.509 1 1 1 1 
v 55.1628 8.99992 -297.309 1 1 1 1 
v 55.1628 8.99992 -297.309 1 1 1 1 
v 53.7628 8.99992 -297.309 1 1 1 1 
v 55.1628 8.99992 -298.509 1 1 1 1 
v 53.7628 8.99992 -298.509 1 1 1 1 
v 55.1628 11.1999 -297.309 1 1 1 1 
v 53.7628 11.1999 -297.309 1 1 1 1 
v 55.1628 8.99992 -297.309 1 1 1 1 
v 53.7628 8.99992 -297.309 1 1 1 1 

vn -1 0 0 
vn -1 0 0 
vn -1 0 0 
vn -1 0 0 
vn 0 1 0 
vn 0 1 0 
vn 0 1 0 
vn 0 1 0 
vn 0 0 -1 
vn 0 0 -1 
vn 0 0 -1 
vn 0 0 -1 
vn 1 0 0 
vn 1 0 0 
vn 1 0 0 
vn 1 0 0 
vn 0 -1 0 
vn 0 -1 0 
vn 0 -1 0 
vn 0 -1 0 
vn 0 0 1 
vn 0 0 1 
vn 0 0 1 
vn 0 0 1 

vt 0.326986 0.78705 
vt 0.176986 0.78705 
vt 0.326986 0.51205 
vt 0.176986 0.51205 
vt 0.351985 0.78705 
vt 0.176986 0.78705 
vt 0.351985 0.63705 
vt 0.176986 0.63705 
vt 0.351985 0.78705 
vt 0.176986 0.78705 
vt 0.351985 0.51205 
vt 0.176986 0.51205 
vt 0.326986 0.78705 
vt 0.176986 0.78705 
vt 0.326986 0.51205 
vt 0.176986 0.51205 
vt 0.351985 0.78705 
vt 0.176986 0.78705 
vt 0.351985 0.63705 
vt 0.176986 0.63705 
vt 0.351985 0.78705 
vt 0.176986 0.78705 
vt 0.351985 0.51205 
vt 0.176986 0.51205 

usemtl Part148Mtl

f 2053/2053/2053 2054/2054/2054 2055/2055/2055 
f 2055/2055/2055 2054/2054/2054 2056/2056/2056 
f 2057/2057/2057 2058/2058/2058 2059/2059/2059 
f 2059/2059/2059 2058/2058/2058 2060/2060/2060 
f 2061/2061/2061 2062/2062/2062 2063/2063/2063 
f 2063/2063/2063 2062/2062/2062 2064/2064/2064 
f 2065/2065/2065 2066/2066/2066 2067/2067/2067 
f 2067/2067/2067 2066/2066/2066 2068/2068/2068 
f 2069/2069/2069 2070/2070/2070 2071/2071/2071 
f 2071/2071/2071 2070/2070/2070 2072/2072/2072 
f 2073/2073/2073 2074/2074/2074 2075/2075/2075 
f 2075/2075/2075 2074/2074/2074 2076/2076/2076 

g Part149

v 31.9619 11.8 -297.31 1 1 1 1 
v 31.9619 11.8 -298.51 1 1 1 1 
v 31.9619 11.2 -297.31 1 1 1 1 
v 31.9619 11.2 -298.51 1 1 1 1 
v 55.1619 11.8 -298.51 1 1 1 1 
v 31.9619 11.8 -298.51 1 1 1 1 
v 55.1619 11.8 -297.31 1 1 1 1 
v 31.9619 11.8 -297.31 1 1 1 1 
v 31.9619 11.8 -298.51 1 1 1 1 
v 55.1619 11.8 -298.51 1 1 1 1 
v 31.9619 11.2 -298.51 1 1 1 1 
v 55.1619 11.2 -298.51 1 1 1 1 
v 55.1619 11.8 -298.51 1 1 1 1 
v 55.1619 11.8 -297.31 1 1 1 1 
v 55.1619 11.2 -298.51 1 1 1 1 
v 55.1619 11.2 -297.31 1 1 1 1 
v 55.1619 11.2 -297.31 1 1 1 1 
v 31.9619 11.2 -297.31 1 1 1 1 
v 55.1619 11.2 -298.51 1 1 1 1 
v 31.9619 11.2 -298.51 1 1 1 1 
v 55.1619 11.8 -297.31 1 1 1 1 
v 31.9619 11.8 -297.31 1 1 1 1 
v 55.1619 11.2 -297.31 1 1 1 1 
v 31.9619 11.2 -297.31 1 1 1 1 

vn -1 0 0 
vn -1 0 0 
vn -1 0 0 
vn -1 0 0 
vn 0 1 0 
vn 0 1 0 
vn 0 1 0 
vn 0 1 0 
vn 0 0 -1 
vn 0 0 -1 
vn 0 0 -1 
vn 0 0 -1 
vn 1 0 0 
vn 1 0 0 
vn 1 0 0 
vn 1 0 0 
vn 0 -1 0 
vn 0 -1 0 
vn 0 -1 0 
vn 0 -1 0 
vn 0 0 1 
vn 0 0 1 
vn 0 0 1 
vn 0 0 1 

vt 1.67378 1.41399 
vt 1.52378 1.41399 
vt 1.67378 1.33899 
vt 1.52378 1.33899 
vt 4.42378 1.41399 
vt 1.52378 1.41399 
vt 4.42378 1.26399 
vt 1.52378 1.26399 
vt 4.42378 1.41399 
vt 1.52378 1.41399 
vt 4.42378 1.33899 
vt 1.52378 1.33899 
vt 1.67378 1.41399 
vt 1.52378 1.41399 
vt 1.67378 1.33899 
vt 1.52378 1.33899 
vt 4.42378 1.41399 
vt 1.52378 1.41399 
vt 4.42378 1.26399 
vt 1.52378 1.26399 
vt 4.42378 1.41399 
vt 1.52378 1.41399 
vt 4.42378 1.33899 
vt 1.52378 1.33899 

usemtl Part149Mtl

f 2077/2077/2077 2078/2078/2078 2079/2079/2079 
f 2079/2079/2079 2078/2078/2078 2080/2080/2080 
f 2081/2081/2081 2082/2082/2082 2083/2083/2083 
f 2083/2083/2083 2082/2082/2082 2084/2084/2084 
f 2085/2085/2085 2086/2086/2086 2087/2087/2087 
f 2087/2087/2087 2086/2086/2086 2088/2088/2088 
f 2089/2089/2089 2090/2090/2090 2091/2091/2091 
f 2091/2091/2091 2090/2090/2090 2092/2092/2092 
f 2093/2093/2093 2094/2094/2094 2095/2095/2095 
f 2095/2095/2095 2094/2094/2094 2096/2096/2096 
f 2097/2097/2097 2098/2098/2098 2099/2099/2099 
f 2099/2099/2099 2098/2098/2098 2100/2100/2100 

g Part150

v 31.9623 2.00004 -297.309 1 1 1 1 
v 31.9623 2.00004 -298.509 1 1 1 1 
v 31.9623 3.08701e-05 -297.309 1 1 1 1 
v 31.9623 3.08701e-05 -298.509 1 1 1 1 
v 55.1623 2.00004 -298.509 1 1 1 1 
v 31.9623 2.00004 -298.509 1 1 1 1 
v 55.1623 2.00004 -297.309 1 1 1 1 
v 31.9623 2.00004 -297.309 1 1 1 1 
v 31.9623 2.00004 -298.509 1 1 1 1 
v 55.1623 2.00004 -298.509 1 1 1 1 
v 31.9623 3.08701e-05 -298.509 1 1 1 1 
v 55.1623 3.08752e-05 -298.509 1 1 1 1 
v 55.1623 2.00004 -298.509 1 1 1 1 
v 55.1623 2.00004 -297.309 1 1 1 1 
v 55.1623 3.08752e-05 -298.509 1 1 1 1 
v 55.1623 3.08752e-05 -297.309 1 1 1 1 
v 55.1623 3.08752e-05 -297.309 1 1 1 1 
v 31.9623 3.08701e-05 -297.309 1 1 1 1 
v 55.1623 3.08752e-05 -298.509 1 1 1 1 
v 31.9623 3.08701e-05 -298.509 1 1 1 1 
v 55.1623 2.00004 -297.309 1 1 1 1 
v 31.9623 2.00004 -297.309 1 1 1 1 
v 55.1623 3.08752e-05 -297.309 1 1 1 1 
v 31.9623 3.08701e-05 -297.309 1 1 1 1 

vn -1 0 0 
vn -1 0 0 
vn -1 0 0 
vn -1 0 0 
vn 0 1 0 
vn 0 1 0 
vn 0 1 0 
vn 0 1 0 
vn 0 0 -1 
vn 0 0 -1 
vn 0 0 -1 
vn 0 0 -1 
vn 1 0 0 
vn 1 0 0 
vn 1 0 0 
vn 1 0 0 
vn 0 -1 0 
vn 0 -1 0 
vn 0 -1 0 
vn 0 -1 0 
vn 0 0 1 
vn 0 0 1 
vn 0 0 1 
vn 0 0 1 

vt 7.025 -0.875 
vt 6.875 -0.875 
vt 7.025 -1.125 
vt 6.875 -1.125 
vt 9.775 -0.875 
vt 6.875 -0.875 
vt 9.775 -1.025 
vt 6.875 -1.025 
vt 9.775 -0.875 
vt 6.875 -0.875 
vt 9.775 -1.125 
vt 6.875 -1.125 
vt 7.025 -0.875 
vt 6.875 -0.875 
vt 7.025 -1.125 
vt 6.875 -1.125 
vt 9.775 -0.875 
vt 6.875 -0.875 
vt 9.775 -1.025 
vt 6.875 -1.025 
vt 9.775 -0.875 
vt 6.875 -0.875 
vt 9.775 -1.125 
vt 6.875 -1.125 

usemtl Part134Mtl

f 2101/2101/2101 2102/2102/2102 2103/2103/2103 
f 2103/2103/2103 2102/2102/2102 2104/2104/2104 
f 2105/2105/2105 2106/2106/2106 2107/2107/2107 
f 2107/2107/2107 2106/2106/2106 2108/2108/2108 
f 2109/2109/2109 2110/2110/2110 2111/2111/2111 
f 2111/2111/2111 2110/2110/2110 2112/2112/2112 
f 2113/2113/2113 2114/2114/2114 2115/2115/2115 
f 2115/2115/2115 2114/2114/2114 2116/2116/2116 
f 2117/2117/2117 2118/2118/2118 2119/2119/2119 
f 2119/2119/2119 2118/2118/2118 2120/2120/2120 
f 2121/2121/2121 2122/2122/2122 2123/2123/2123 
f 2123/2123/2123 2122/2122/2122 2124/2124/2124 

g Part151

v 55.071 9 -322.821 1 1 1 1 
v 55.071 9 -321.901 1 1 1 1 
v 55.071 4.19999 -322.821 1 1 1 1 
v 55.071 4.19999 -321.901 1 1 1 1 
v 53.841 9 -321.901 1 1 1 1 
v 55.071 9 -321.901 1 1 1 1 
v 53.841 9 -322.821 1 1 1 1 
v 55.071 9 -322.821 1 1 1 1 
v 55.071 9 -321.901 1 1 1 1 
v 53.841 9 -321.901 1 1 1 1 
v 55.071 4.19999 -321.901 1 1 1 1 
v 53.841 4.19999 -321.901 1 1 1 1 
v 53.841 9 -321.901 1 1 1 1 
v 53.841 9 -322.821 1 1 1 1 
v 53.841 4.19999 -321.901 1 1 1 1 
v 53.841 4.19999 -322.821 1 1 1 1 
v 53.841 4.19999 -322.821 1 1 1 1 
v 55.071 4.19999 -322.821 1 1 1 1 
v 53.841 4.19999 -321.901 1 1 1 1 
v 55.071 4.19999 -321.901 1 1 1 1 
v 53.841 9 -322.821 1 1 1 1 
v 55.071 9 -322.821 1 1 1 1 
v 53.841 4.19999 -322.821 1 1 1 1 
v 55.071 4.19999 -322.821 1 1 1 1 

vn 1 0 0 
vn 1 0 0 
vn 1 0 0 
vn 1 0 0 
vn 0 1 0 
vn 0 1 0 
vn 0 1 0 
vn 0 1 0 
vn 0 0 1 
vn 0 0 1 
vn 0 0 1 
vn 0 0 1 
vn -1 0 0 
vn -1 0 0 
vn -1 0 0 
vn -1 0 0 
vn 0 -1 0 
vn 0 -1 0 
vn 0 -1 0 
vn 0 -1 0 
vn 0 0 -1 
vn 0 0 -1 
vn 0 0 -1 
vn 0 0 -1 

vt 7.24 -5.375 
vt 7.125 -5.375 
vt 7.24 -5.975 
vt 7.125 -5.975 
vt 7.27875 -5.375 
vt 7.125 -5.375 
vt 7.27875 -5.49 
vt 7.125 -5.49 
vt 7.27875 -5.375 
vt 7.125 -5.375 
vt 7.27875 -5.975 
vt 7.125 -5.975 
vt 7.24 -5.375 
vt 7.125 -5.375 
vt 7.24 -5.975 
vt 7.125 -5.975 
vt 7.27875 -5.375 
vt 7.125 -5.375 
vt 7.27875 -5.49 
vt 7.125 -5.49 
vt 7.27875 -5.375 
vt 7.125 -5.375 
vt 7.27875 -5.975 
vt 7.125 -5.975 

usemtl Part147Mtl

f 2125/2125/2125 2126/2126/2126 2127/2127/2127 
f 2127/2127/2127 2126/2126/2126 2128/2128/2128 
f 2129/2129/2129 2130/2130/2130 2131/2131/2131 
f 2131/2131/2131 2130/2130/2130 2132/2132/2132 
f 2133/2133/2133 2134/2134/2134 2135/2135/2135 
f 2135/2135/2135 2134/2134/2134 2136/2136/2136 
f 2137/2137/2137 2138/2138/2138 2139/2139/2139 
f 2139/2139/2139 2138/2138/2138 2140/2140/2140 
f 2141/2141/2141 2142/2142/2142 2143/2143/2143 
f 2143/2143/2143 2142/2142/2142 2144/2144/2144 
f 2145/2145/2145 2146/2146/2146 2147/2147/2147 
f 2147/2147/2147 2146/2146/2146 2148/2148/2148 

g Part152

v 53.7627 4.2 -297.309 1 1 1 1 
v 53.7627 4.2 -298.509 1 1 1 1 
v 53.7627 1.99999 -297.309 1 1 1 1 
v 53.7627 1.99999 -298.509 1 1 1 1 
v 55.1627 4.2 -298.509 1 1 1 1 
v 53.7627 4.2 -298.509 1 1 1 1 
v 55.1627 4.2 -297.309 1 1 1 1 
v 53.7627 4.2 -297.309 1 1 1 1 
v 53.7627 4.2 -298.509 1 1 1 1 
v 55.1627 4.2 -298.509 1 1 1 1 
v 53.7627 1.99999 -298.509 1 1 1 1 
v 55.1627 1.99999 -298.509 1 1 1 1 
v 55.1627 4.2 -298.509 1 1 1 1 
v 55.1627 4.2 -297.309 1 1 1 1 
v 55.1627 1.99999 -298.509 1 1 1 1 
v 55.1627 1.99999 -297.309 1 1 1 1 
v 55.1627 1.99999 -297.309 1 1 1 1 
v 53.7627 1.99999 -297.309 1 1 1 1 
v 55.1627 1.99999 -298.509 1 1 1 1 
v 53.7627 1.99999 -298.509 1 1 1 1 
v 55.1627 4.2 -297.309 1 1 1 1 
v 53.7627 4.2 -297.309 1 1 1 1 
v 55.1627 1.99999 -297.309 1 1 1 1 
v 53.7627 1.99999 -297.309 1 1 1 1 

vn -1 0 0 
vn -1 0 0 
vn -1 0 0 
vn -1 0 0 
vn 0 1 0 
vn 0 1 0 
vn 0 1 0 
vn 0 1 0 
vn 0 0 -1 
vn 0 0 -1 
vn 0 0 -1 
vn 0 0 -1 
vn 1 0 0 
vn 1 0 0 
vn 1 0 0 
vn 1 0 0 
vn 0 -1 0 
vn 0 -1 0 
vn 0 -1 0 
vn 0 -1 0 
vn 0 0 1 
vn 0 0 1 
vn 0 0 1 
vn 0 0 1 

vt 0.391015 1.15282 
vt 0.241015 1.15282 
vt 0.391015 0.877822 
vt 0.241015 0.877822 
vt 0.416015 1.15282 
vt 0.241015 1.15282 
vt 0.416015 1.00282 
vt 0.241015 1.00282 
vt 0.416015 1.15282 
vt 0.241015 1.15282 
vt 0.416015 0.877822 
vt 0.241015 0.877822 
vt 0.391015 1.15282 
vt 0.241015 1.15282 
vt 0.391015 0.877822 
vt 0.241015 0.877822 
vt 0.416015 1.15282 
vt 0.241015 1.15282 
vt 0.416015 1.00282 
vt 0.241015 1.00282 
vt 0.416015 1.15282 
vt 0.241015 1.15282 
vt 0.416015 0.877822 
vt 0.241015 0.877822 

usemtl Part148Mtl

f 2149/2149/2149 2150/2150/2150 2151/2151/2151 
f 2151/2151/2151 2150/2150/2150 2152/2152/2152 
f 2153/2153/2153 2154/2154/2154 2155/2155/2155 
f 2155/2155/2155 2154/2154/2154 2156/2156/2156 
f 2157/2157/2157 2158/2158/2158 2159/2159/2159 
f 2159/2159/2159 2158/2158/2158 2160/2160/2160 
f 2161/2161/2161 2162/2162/2162 2163/2163/2163 
f 2163/2163/2163 2162/2162/2162 2164/2164/2164 
f 2165/2165/2165 2166/2166/2166 2167/2167/2167 
f 2167/2167/2167 2166/2166/2166 2168/2168/2168 
f 2169/2169/2169 2170/2170/2170 2171/2171/2171 
f 2171/2171/2171 2170/2170/2170 2172/2172/2172 

g Part153

v 31.9601 2.0002 -321.7 1 1 1 1 
v 33.1601 2.00017 -321.7 1 1 1 1 
v 31.9601 0.000192022 -321.7 1 1 1 1 
v 33.1601 0.000169278 -321.7 1 1 1 1 
v 33.1604 2.00012 -298.5 1 1 1 1 
v 33.1601 2.00017 -321.7 1 1 1 1 
v 31.9604 2.00014 -298.5 1 1 1 1 
v 31.9601 2.0002 -321.7 1 1 1 1 
v 33.1601 2.00017 -321.7 1 1 1 1 
v 33.1604 2.00012 -298.5 1 1 1 1 
v 33.1601 0.000169278 -321.7 1 1 1 1 
v 33.1603 0.000110055 -298.5 1 1 1 1 
v 33.1604 2.00012 -298.5 1 1 1 1 
v 31.9604 2.00014 -298.5 1 1 1 1 
v 33.1603 0.000110055 -298.5 1 1 1 1 
v 31.9603 0.000132799 -298.5 1 1 1 1 
v 31.9603 0.000132799 -298.5 1 1 1 1 
v 31.9601 0.000192022 -321.7 1 1 1 1 
v 33.1603 0.000110055 -298.5 1 1 1 1 
v 33.1601 0.000169278 -321.7 1 1 1 1 
v 31.9604 2.00014 -298.5 1 1 1 1 
v 31.9601 2.0002 -321.7 1 1 1 1 
v 31.9603 0.000132799 -298.5 1 1 1 1 
v 31.9601 0.000192022 -321.7 1 1 1 1 

vn 0 0 -1 
vn 0 0 -1 
vn 0 0 -1 
vn 0 0 -1 
vn 0 1 0 
vn 0 1 0 
vn 0 1 0 
vn 0 1 0 
vn 1 0 0 
vn 1 0 0 
vn 1 0 0 
vn 1 0 0 
vn 0 0 1 
vn 0 0 1 
vn 0 0 1 
vn 0 0 1 
vn 0 -1 0 
vn 0 -1 0 
vn 0 -1 0 
vn 0 -1 0 
vn -1 0 0 
vn -1 0 0 
vn -1 0 0 
vn -1 0 0 

vt 2.025 0.375 
vt 1.875 0.375 
vt 2.025 0.125 
vt 1.875 0.125 
vt 4.775 0.375 
vt 1.875 0.375 
vt 4.775 0.225 
vt 1.875 0.225 
vt 4.775 0.375 
vt 1.875 0.375 
vt 4.775 0.125 
vt 1.875 0.125 
vt 2.025 0.375 
vt 1.875 0.375 
vt 2.025 0.125 
vt 1.875 0.125 
vt 4.775 0.375 
vt 1.875 0.375 
vt 4.775 0.225 
vt 1.875 0.225 
vt 4.775 0.375 
vt 1.875 0.375 
vt 4.775 0.125 
vt 1.875 0.125 

usemtl Part134Mtl

f 2173/2173/2173 2174/2174/2174 2175/2175/2175 
f 2175/2175/2175 2174/2174/2174 2176/2176/2176 
f 2177/2177/2177 2178/2178/2178 2179/2179/2179 
f 2179/2179/2179 2178/2178/2178 2180/2180/2180 
f 2181/2181/2181 2182/2182/2182 2183/2183/2183 
f 2183/2183/2183 2182/2182/2182 2184/2184/2184 
f 2185/2185/2185 2186/2186/2186 2187/2187/2187 
f 2187/2187/2187 2186/2186/2186 2188/2188/2188 
f 2189/2189/2189 2190/2190/2190 2191/2191/2191 
f 2191/2191/2191 2190/2190/2190 2192/2192/2192 
f 2193/2193/2193 2194/2194/2194 2195/2195/2195 
f 2195/2195/2195 2194/2194/2194 2196/2196/2196 

g 2

v 54.1428 11.9996 -298.5 1 1 1 1 
v 54.1428 11.9996 -321.7 1 1 1 1 
v 33.1428 12 -298.5 1 1 1 1 
v 33.1428 12 -321.7 1 1 1 1 
v 54.1428 11.7996 -321.7 1 1 1 1 
v 54.1428 11.9996 -321.7 1 1 1 1 
v 54.1428 11.7996 -298.5 1 1 1 1 
v 54.1428 11.9996 -298.5 1 1 1 1 
v 54.1428 11.9996 -321.7 1 1 1 1 
v 54.1428 11.7996 -321.7 1 1 1 1 
v 33.1428 12 -321.7 1 1 1 1 
v 33.1428 11.8 -321.7 1 1 1 1 
v 54.1428 11.7996 -321.7 1 1 1 1 
v 54.1428 11.7996 -298.5 1 1 1 1 
v 33.1428 11.8 -321.7 1 1 1 1 
v 33.1428 11.8 -298.5 1 1 1 1 
v 33.1428 11.8 -298.5 1 1 1 1 
v 33.1428 12 -298.5 1 1 1 1 
v 33.1428 11.8 -321.7 1 1 1 1 
v 33.1428 12 -321.7 1 1 1 1 
v 54.1428 11.7996 -298.5 1 1 1 1 
v 54.1428 11.9996 -298.5 1 1 1 1 
v 33.1428 11.8 -298.5 1 1 1 1 
v 33.1428 12 -298.5 1 1 1 1 

vn 0 1 0 
vn 0 1 0 
vn 0 1 0 
vn 0 1 0 
vn 1 0 0 
vn 1 0 0 
vn 1 0 0 
vn 1 0 0 
vn 0 0 -1 
vn 0 0 -1 
vn 0 0 -1 
vn 0 0 -1 
vn 0 -1 0 
vn 0 -1 0 
vn 0 -1 0 
vn 0 -1 0 
vn -1 0 0 
vn -1 0 0 
vn -1 0 0 
vn -1 0 0 
vn 0 0 1 
vn 0 0 1 
vn 0 0 1 
vn 0 0 1 

vt 6.9 -4.875 
vt 4 -4.875 
vt 6.9 -7.5 
vt 4 -7.5 
vt 4.025 -4.875 
vt 4 -4.875 
vt 4.025 -7.775 
vt 4 -7.775 
vt 4.025 -4.875 
vt 4 -4.875 
vt 4.025 -7.5 
vt 4 -7.5 
vt 6.9 -4.875 
vt 4 -4.875 
vt 6.9 -7.5 
vt 4 -7.5 
vt 4.025 -4.875 
vt 4 -4.875 
vt 4.025 -7.775 
vt 4 -7.775 
vt 4.025 -4.875 
vt 4 -4.875 
vt 4.025 -7.5 
vt 4 -7.5 

usemtl Part1Mtl

f 2197/2197/2197 2198/2198/2198 2199/2199/2199 
f 2199/2199/2199 2198/2198/2198 2200/2200/2200 
f 2201/2201/2201 2202/2202/2202 2203/2203/2203 
f 2203/2203/2203 2202/2202/2202 2204/2204/2204 
f 2205/2205/2205 2206/2206/2206 2207/2207/2207 
f 2207/2207/2207 2206/2206/2206 2208/2208/2208 
f 2209/2209/2209 2210/2210/2210 2211/2211/2211 
f 2211/2211/2211 2210/2210/2210 2212/2212/2212 
f 2213/2213/2213 2214/2214/2214 2215/2215/2215 
f 2215/2215/2215 2214/2214/2214 2216/2216/2216 
f 2217/2217/2217 2218/2218/2218 2219/2219/2219 
f 2219/2219/2219 2218/2218/2218 2220/2220/2220 

g Part154

v 55.1605 11.8001 -322.901 1 1 1 1 
v 55.1605 11.8001 -321.701 1 1 1 1 
v 55.1605 11.2001 -322.901 1 1 1 1 
v 55.1605 11.2001 -321.701 1 1 1 1 
v 31.9604 11.8001 -321.701 1 1 1 1 
v 55.1605 11.8001 -321.701 1 1 1 1 
v 31.9604 11.8001 -322.901 1 1 1 1 
v 55.1605 11.8001 -322.901 1 1 1 1 
v 55.1605 11.8001 -321.701 1 1 1 1 
v 31.9604 11.8001 -321.701 1 1 1 1 
v 55.1605 11.2001 -321.701 1 1 1 1 
v 31.9604 11.2001 -321.701 1 1 1 1 
v 31.9604 11.8001 -321.701 1 1 1 1 
v 31.9604 11.8001 -322.901 1 1 1 1 
v 31.9604 11.2001 -321.701 1 1 1 1 
v 31.9604 11.2001 -322.901 1 1 1 1 
v 31.9604 11.2001 -322.901 1 1 1 1 
v 55.1605 11.2001 -322.901 1 1 1 1 
v 31.9604 11.2001 -321.701 1 1 1 1 
v 55.1605 11.2001 -321.701 1 1 1 1 
v 31.9604 11.8001 -322.901 1 1 1 1 
v 55.1605 11.8001 -322.901 1 1 1 1 
v 31.9604 11.2001 -322.901 1 1 1 1 
v 55.1605 11.2001 -322.901 1 1 1 1 

vn 1 0 0 
vn 1 0 0 
vn 1 0 0 
vn 1 0 0 
vn 0 1 0 
vn 0 1 0 
vn 0 1 0 
vn 0 1 0 
vn 0 0 1 
vn 0 0 1 
vn 0 0 1 
vn 0 0 1 
vn -1 0 0 
vn -1 0 0 
vn -1 0 0 
vn -1 0 0 
vn 0 -1 0 
vn 0 -1 0 
vn 0 -1 0 
vn 0 -1 0 
vn 0 0 -1 
vn 0 0 -1 
vn 0 0 -1 
vn 0 0 -1 

vt 1.54952 1.9333 
vt 1.39952 1.9333 
vt 1.54952 1.8583 
vt 1.39952 1.8583 
vt 4.29952 1.9333 
vt 1.39952 1.9333 
vt 4.29952 1.7833 
vt 1.39952 1.7833 
vt 4.29952 1.9333 
vt 1.39952 1.9333 
vt 4.29952 1.8583 
vt 1.39952 1.8583 
vt 1.54952 1.9333 
vt 1.39952 1.9333 
vt 1.54952 1.8583 
vt 1.39952 1.8583 
vt 4.29952 1.9333 
vt 1.39952 1.9333 
vt 4.29952 1.7833 
vt 1.39952 1.7833 
vt 4.29952 1.9333 
vt 1.39952 1.9333 
vt 4.29952 1.8583 
vt 1.39952 1.8583 

usemtl Part149Mtl

f 2221/2221/2221 2222/2222/2222 2223/2223/2223 
f 2223/2223/2223 2222/2222/2222 2224/2224/2224 
f 2225/2225/2225 2226/2226/2226 2227/2227/2227 
f 2227/2227/2227 2226/2226/2226 2228/2228/2228 
f 2229/2229/2229 2230/2230/2230 2231/2231/2231 
f 2231/2231/2231 2230/2230/2230 2232/2232/2232 
f 2233/2233/2233 2234/2234/2234 2235/2235/2235 
f 2235/2235/2235 2234/2234/2234 2236/2236/2236 
f 2237/2237/2237 2238/2238/2238 2239/2239/2239 
f 2239/2239/2239 2238/2238/2238 2240/2240/2240 
f 2241/2241/2241 2242/2242/2242 2243/2243/2243 
f 2243/2243/2243 2242/2242/2242 2244/2244/2244 

g Part155

v 33.3594 4.19995 -322.901 1 1 1 1 
v 33.3594 4.19995 -321.701 1 1 1 1 
v 33.3594 1.99994 -322.901 1 1 1 1 
v 33.3594 1.99994 -321.701 1 1 1 1 
v 31.9594 4.19995 -321.701 1 1 1 1 
v 33.3594 4.19995 -321.701 1 1 1 1 
v 31.9594 4.19995 -322.901 1 1 1 1 
v 33.3594 4.19995 -322.901 1 1 1 1 
v 33.3594 4.19995 -321.701 1 1 1 1 
v 31.9594 4.19995 -321.701 1 1 1 1 
v 33.3594 1.99994 -321.701 1 1 1 1 
v 31.9594 1.99994 -321.701 1 1 1 1 
v 31.9594 4.19995 -321.701 1 1 1 1 
v 31.9594 4.19995 -322.901 1 1 1 1 
v 31.9594 1.99994 -321.701 1 1 1 1 
v 31.9594 1.99994 -322.901 1 1 1 1 
v 31.9594 1.99994 -322.901 1 1 1 1 
v 33.3594 1.99994 -322.901 1 1 1 1 
v 31.9594 1.99994 -321.701 1 1 1 1 
v 33.3594 1.99994 -321.701 1 1 1 1 
v 31.9594 4.19995 -322.901 1 1 1 1 
v 33.3594 4.19995 -322.901 1 1 1 1 
v 31.9594 1.99994 -322.901 1 1 1 1 
v 33.3594 1.99994 -322.901 1 1 1 1 

vn 1 0 0 
vn 1 0 0 
vn 1 0 0 
vn 1 0 0 
vn 0 1 0 
vn 0 1 0 
vn 0 1 0 
vn 0 1 0 
vn 0 0 1 
vn 0 0 1 
vn 0 0 1 
vn 0 0 1 
vn -1 0 0 
vn -1 0 0 
vn -1 0 0 
vn -1 0 0 
vn 0 -1 0 
vn 0 -1 0 
vn 0 -1 0 
vn 0 -1 0 
vn 0 0 -1 
vn 0 0 -1 
vn 0 0 -1 
vn 0 0 -1 

vt 0.345265 0.984109 
vt 0.195265 0.984109 
vt 0.345265 0.709109 
vt 0.195265 0.709109 
vt 0.370264 0.984109 
vt 0.195265 0.984109 
vt 0.370264 0.834109 
vt 0.195265 0.834109 
vt 0.370264 0.984109 
vt 0.195265 0.984109 
vt 0.370264 0.709109 
vt 0.195265 0.709109 
vt 0.345265 0.984109 
vt 0.195265 0.984109 
vt 0.345265 0.709109 
vt 0.195265 0.709109 
vt 0.370264 0.984109 
vt 0.195265 0.984109 
vt 0.370264 0.834109 
vt 0.195265 0.834109 
vt 0.370264 0.984109 
vt 0.195265 0.984109 
vt 0.370264 0.709109 
vt 0.195265 0.709109 

usemtl Part148Mtl

f 2245/2245/2245 2246/2246/2246 2247/2247/2247 
f 2247/2247/2247 2246/2246/2246 2248/2248/2248 
f 2249/2249/2249 2250/2250/2250 2251/2251/2251 
f 2251/2251/2251 2250/2250/2250 2252/2252/2252 
f 2253/2253/2253 2254/2254/2254 2255/2255/2255 
f 2255/2255/2255 2254/2254/2254 2256/2256/2256 
f 2257/2257/2257 2258/2258/2258 2259/2259/2259 
f 2259/2259/2259 2258/2258/2258 2260/2260/2260 
f 2261/2261/2261 2262/2262/2262 2263/2263/2263 
f 2263/2263/2263 2262/2262/2262 2264/2264/2264 
f 2265/2265/2265 2266/2266/2266 2267/2267/2267 
f 2267/2267/2267 2266/2266/2266 2268/2268/2268 

g Part156

v 38.9619 8.93001 -297.709 1 1 1 1 
v 38.9619 8.93001 -298.309 1 1 1 1 
v 38.9619 4.4 -297.709 1 1 1 1 
v 38.9619 4.4 -298.309 1 1 1 1 
v 41.9619 8.93001 -298.309 1 1 1 1 
v 38.9619 8.93001 -298.309 1 1 1 1 
v 41.9619 8.93001 -297.709 1 1 1 1 
v 38.9619 8.93001 -297.709 1 1 1 1 
v 38.9619 8.93001 -298.309 1 1 1 1 
v 41.9619 8.93001 -298.309 1 1 1 1 
v 38.9619 4.4 -298.309 1 1 1 1 
v 41.9619 4.4 -298.309 1 1 1 1 
v 41.9619 8.93001 -298.309 1 1 1 1 
v 41.9619 8.93001 -297.709 1 1 1 1 
v 41.9619 4.4 -298.309 1 1 1 1 
v 41.9619 4.4 -297.709 1 1 1 1 
v 41.9619 4.4 -297.709 1 1 1 1 
v 38.9619 4.4 -297.709 1 1 1 1 
v 41.9619 4.4 -298.309 1 1 1 1 
v 38.9619 4.4 -298.309 1 1 1 1 
v 41.9619 8.93001 -297.709 1 1 1 1 
v 38.9619 8.93001 -297.709 1 1 1 1 
v 41.9619 4.4 -297.709 1 1 1 1 
v 38.9619 4.4 -297.709 1 1 1 1 

vn -1 0 0 
vn -1 0 0 
vn -1 0 0 
vn -1 0 0 
vn 0 1 0 
vn 0 1 0 
vn 0 1 0 
vn 0 1 0 
vn 0 0 -1 
vn 0 0 -1 
vn 0 0 -1 
vn 0 0 -1 
vn 1 0 0 
vn 1 0 0 
vn 1 0 0 
vn 1 0 0 
vn 0 -1 0 
vn 0 -1 0 
vn 0 -1 0 
vn 0 -1 0 
vn 0 0 1 
vn 0 0 1 
vn 0 0 1 
vn 0 0 1 

vt 0.575 0.875 
vt 0.5 0.875 
vt 0.575 0.30875 
vt 0.5 0.30875 
vt 0.875 0.875 
vt 0.5 0.875 
vt 0.875 0.8 
vt 0.5 0.8 
vt 0.875 0.875 
vt 0.5 0.875 
vt 0.875 0.30875 
vt 0.5 0.30875 
vt 0.575 0.875 
vt 0.5 0.875 
vt 0.575 0.30875 
vt 0.5 0.30875 
vt 0.875 0.875 
vt 0.5 0.875 
vt 0.875 0.8 
vt 0.5 0.8 
vt 0.875 0.875 
vt 0.5 0.875 
vt 0.875 0.30875 
vt 0.5 0.30875 

usemtl Part113Mtl

f 2269/2269/2269 2270/2270/2270 2271/2271/2271 
f 2271/2271/2271 2270/2270/2270 2272/2272/2272 
f 2273/2273/2273 2274/2274/2274 2275/2275/2275 
f 2275/2275/2275 2274/2274/2274 2276/2276/2276 
f 2277/2277/2277 2278/2278/2278 2279/2279/2279 
f 2279/2279/2279 2278/2278/2278 2280/2280/2280 
f 2281/2281/2281 2282/2282/2282 2283/2283/2283 
f 2283/2283/2283 2282/2282/2282 2284/2284/2284 
f 2285/2285/2285 2286/2286/2286 2287/2287/2287 
f 2287/2287/2287 2286/2286/2286 2288/2288/2288 
f 2289/2289/2289 2290/2290/2290 2291/2291/2291 
f 2291/2291/2291 2290/2290/2290 2292/2292/2292 

g Part157

v 45.1622 8.93001 -297.709 1 1 1 1 
v 45.1622 8.93001 -298.309 1 1 1 1 
v 45.1622 4.4 -297.709 1 1 1 1 
v 45.1622 4.4 -298.309 1 1 1 1 
v 48.1622 8.93001 -298.309 1 1 1 1 
v 45.1622 8.93001 -298.309 1 1 1 1 
v 48.1622 8.93001 -297.709 1 1 1 1 
v 45.1622 8.93001 -297.709 1 1 1 1 
v 45.1622 8.93001 -298.309 1 1 1 1 
v 48.1622 8.93001 -298.309 1 1 1 1 
v 45.1622 4.4 -298.309 1 1 1 1 
v 48.1622 4.4 -298.309 1 1 1 1 
v 48.1622 8.93001 -298.309 1 1 1 1 
v 48.1622 8.93001 -297.709 1 1 1 1 
v 48.1622 4.4 -298.309 1 1 1 1 
v 48.1622 4.4 -297.709 1 1 1 1 
v 48.1622 4.4 -297.709 1 1 1 1 
v 45.1622 4.4 -297.709 1 1 1 1 
v 48.1622 4.4 -298.309 1 1 1 1 
v 45.1622 4.4 -298.309 1 1 1 1 
v 48.1622 8.93001 -297.709 1 1 1 1 
v 45.1622 8.93001 -297.709 1 1 1 1 
v 48.1622 4.4 -297.709 1 1 1 1 
v 45.1622 4.4 -297.709 1 1 1 1 

vn -1 0 0 
vn -1 0 0 
vn -1 0 0 
vn -1 0 0 
vn 0 1 0 
vn 0 1 0 
vn 0 1 0 
vn 0 1 0 
vn 0 0 -1 
vn 0 0 -1 
vn 0 0 -1 
vn 0 0 -1 
vn 1 0 0 
vn 1 0 0 
vn 1 0 0 
vn 1 0 0 
vn 0 -1 0 
vn 0 -1 0 
vn 0 -1 0 
vn 0 -1 0 
vn 0 0 1 
vn 0 0 1 
vn 0 0 1 
vn 0 0 1 

vt 0.45 -5 
vt 0.375 -5 
vt 0.45 -5.56625 
vt 0.375 -5.56625 
vt 0.75 -5 
vt 0.375 -5 
vt 0.75 -5.075 
vt 0.375 -5.075 
vt 0.75 -5 
vt 0.375 -5 
vt 0.75 -5.56625 
vt 0.375 -5.56625 
vt 0.45 -5 
vt 0.375 -5 
vt 0.45 -5.56625 
vt 0.375 -5.56625 
vt 0.75 -5 
vt 0.375 -5 
vt 0.75 -5.075 
vt 0.375 -5.075 
vt 0.75 -5 
vt 0.375 -5 
vt 0.75 -5.56625 
vt 0.375 -5.56625 

usemtl Part113Mtl

f 2293/2293/2293 2294/2294/2294 2295/2295/2295 
f 2295/2295/2295 2294/2294/2294 2296/2296/2296 
f 2297/2297/2297 2298/2298/2298 2299/2299/2299 
f 2299/2299/2299 2298/2298/2298 2300/2300/2300 
f 2301/2301/2301 2302/2302/2302 2303/2303/2303 
f 2303/2303/2303 2302/2302/2302 2304/2304/2304 
f 2305/2305/2305 2306/2306/2306 2307/2307/2307 
f 2307/2307/2307 2306/2306/2306 2308/2308/2308 
f 2309/2309/2309 2310/2310/2310 2311/2311/2311 
f 2311/2311/2311 2310/2310/2310 2312/2312/2312 
f 2313/2313/2313 2314/2314/2314 2315/2315/2315 
f 2315/2315/2315 2314/2314/2314 2316/2316/2316 

g Part158

v 33.1617 8.9201 -297.709 1 1 1 1 
v 33.1617 8.9201 -298.309 1 1 1 1 
v 33.1617 4.40009 -297.709 1 1 1 1 
v 33.1617 4.40009 -298.309 1 1 1 1 
v 35.7617 8.9201 -298.309 1 1 1 1 
v 33.1617 8.9201 -298.309 1 1 1 1 
v 35.7617 8.9201 -297.709 1 1 1 1 
v 33.1617 8.9201 -297.709 1 1 1 1 
v 33.1617 8.9201 -298.309 1 1 1 1 
v 35.7617 8.9201 -298.309 1 1 1 1 
v 33.1617 4.40009 -298.309 1 1 1 1 
v 35.7617 4.40009 -298.309 1 1 1 1 
v 35.7617 8.9201 -298.309 1 1 1 1 
v 35.7617 8.9201 -297.709 1 1 1 1 
v 35.7617 4.40009 -298.309 1 1 1 1 
v 35.7617 4.40009 -297.709 1 1 1 1 
v 35.7617 4.40009 -297.709 1 1 1 1 
v 33.1617 4.40009 -297.709 1 1 1 1 
v 35.7617 4.40009 -298.309 1 1 1 1 
v 33.1617 4.40009 -298.309 1 1 1 1 
v 35.7617 8.9201 -297.709 1 1 1 1 
v 33.1617 8.9201 -297.709 1 1 1 1 
v 35.7617 4.40009 -297.709 1 1 1 1 
v 33.1617 4.40009 -297.709 1 1 1 1 

vn -1 0 0 
vn -1 0 0 
vn -1 0 0 
vn -1 0 0 
vn 0 1 0 
vn 0 1 0 
vn 0 1 0 
vn 0 1 0 
vn 0 0 -1 
vn 0 0 -1 
vn 0 0 -1 
vn 0 0 -1 
vn 1 0 0 
vn 1 0 0 
vn 1 0 0 
vn 1 0 0 
vn 0 -1 0 
vn 0 -1 0 
vn 0 -1 0 
vn 0 -1 0 
vn 0 0 1 
vn 0 0 1 
vn 0 0 1 
vn 0 0 1 

vt 6.325 -2 
vt 6.25 -2 
vt 6.325 -2.565 
vt 6.25 -2.565 
vt 6.575 -2 
vt 6.25 -2 
vt 6.575 -2.075 
vt 6.25 -2.075 
vt 6.575 -2 
vt 6.25 -2 
vt 6.575 -2.565 
vt 6.25 -2.565 
vt 6.325 -2 
vt 6.25 -2 
vt 6.325 -2.565 
vt 6.25 -2.565 
vt 6.575 -2 
vt 6.25 -2 
vt 6.575 -2.075 
vt 6.25 -2.075 
vt 6.575 -2 
vt 6.25 -2 
vt 6.575 -2.565 
vt 6.25 -2.565 

usemtl Part113Mtl

f 2317/2317/2317 2318/2318/2318 2319/2319/2319 
f 2319/2319/2319 2318/2318/2318 2320/2320/2320 
f 2321/2321/2321 2322/2322/2322 2323/2323/2323 
f 2323/2323/2323 2322/2322/2322 2324/2324/2324 
f 2325/2325/2325 2326/2326/2326 2327/2327/2327 
f 2327/2327/2327 2326/2326/2326 2328/2328/2328 
f 2329/2329/2329 2330/2330/2330 2331/2331/2331 
f 2331/2331/2331 2330/2330/2330 2332/2332/2332 
f 2333/2333/2333 2334/2334/2334 2335/2335/2335 
f 2335/2335/2335 2334/2334/2334 2336/2336/2336 
f 2337/2337/2337 2338/2338/2338 2339/2339/2339 
f 2339/2339/2339 2338/2338/2338 2340/2340/2340 

g Part159

v 53.9607 11.32 -322.501 1 1 1 1 
v 53.9607 11.32 -321.901 1 1 1 1 
v 53.9607 8.92 -322.501 1 1 1 1 
v 53.9607 8.92 -321.901 1 1 1 1 
v 33.1606 11.32 -321.901 1 1 1 1 
v 53.9607 11.32 -321.901 1 1 1 1 
v 33.1606 11.32 -322.501 1 1 1 1 
v 53.9607 11.32 -322.501 1 1 1 1 
v 53.9607 11.32 -321.901 1 1 1 1 
v 33.1606 11.32 -321.901 1 1 1 1 
v 53.9607 8.92 -321.901 1 1 1 1 
v 33.1606 8.92 -321.901 1 1 1 1 
v 33.1606 11.32 -321.901 1 1 1 1 
v 33.1606 11.32 -322.501 1 1 1 1 
v 33.1606 8.92 -321.901 1 1 1 1 
v 33.1606 8.92 -322.501 1 1 1 1 
v 33.1606 8.92 -322.501 1 1 1 1 
v 53.9607 8.92 -322.501 1 1 1 1 
v 33.1606 8.92 -321.901 1 1 1 1 
v 53.9607 8.92 -321.901 1 1 1 1 
v 33.1606 11.32 -322.501 1 1 1 1 
v 53.9607 11.32 -322.501 1 1 1 1 
v 33.1606 8.92 -322.501 1 1 1 1 
v 53.9607 8.92 -322.501 1 1 1 1 

vn 1 0 0 
vn 1 0 0 
vn 1 0 0 
vn 1 0 0 
vn 0 1 0 
vn 0 1 0 
vn 0 1 0 
vn 0 1 0 
vn 0 0 1 
vn 0 0 1 
vn 0 0 1 
vn 0 0 1 
vn -1 0 0 
vn -1 0 0 
vn -1 0 0 
vn -1 0 0 
vn 0 -1 0 
vn 0 -1 0 
vn 0 -1 0 
vn 0 -1 0 
vn 0 0 -1 
vn 0 0 -1 
vn 0 0 -1 
vn 0 0 -1 

vt 0.153793 0.031813 
vt 0.078793 0.031813 
vt 0.153793 -0.268187 
vt 0.078793 -0.268187 
vt 2.67879 0.031813 
vt 0.078793 0.031813 
vt 2.67879 -0.043187 
vt 0.078793 -0.043187 
vt 2.67879 0.031813 
vt 0.078793 0.031813 
vt 2.67879 -0.268187 
vt 0.078793 -0.268187 
vt 0.153793 0.031813 
vt 0.078793 0.031813 
vt 0.153793 -0.268187 
vt 0.078793 -0.268187 
vt 2.67879 0.031813 
vt 0.078793 0.031813 
vt 2.67879 -0.043187 
vt 0.078793 -0.043187 
vt 2.67879 0.031813 
vt 0.078793 0.031813 
vt 2.67879 -0.268187 
vt 0.078793 -0.268187 

usemtl Part116Mtl

f 2341/2341/2341 2342/2342/2342 2343/2343/2343 
f 2343/2343/2343 2342/2342/2342 2344/2344/2344 
f 2345/2345/2345 2346/2346/2346 2347/2347/2347 
f 2347/2347/2347 2346/2346/2346 2348/2348/2348 
f 2349/2349/2349 2350/2350/2350 2351/2351/2351 
f 2351/2351/2351 2350/2350/2350 2352/2352/2352 
f 2353/2353/2353 2354/2354/2354 2355/2355/2355 
f 2355/2355/2355 2354/2354/2354 2356/2356/2356 
f 2357/2357/2357 2358/2358/2358 2359/2359/2359 
f 2359/2359/2359 2358/2358/2358 2360/2360/2360 
f 2361/2361/2361 2362/2362/2362 2363/2363/2363 
f 2363/2363/2363 2362/2362/2362 2364/2364/2364 

g Part160

v 33.1606 11.32 -322.506 1 1 1 1 
v 53.9607 11.32 -322.506 1 1 1 1 
v 33.1606 8.92 -322.506 1 1 1 1 
v 53.9607 8.92 -322.506 1 1 1 1 

vn 0 0 -1 
vn 0 0 -1 
vn 0 0 -1 
vn 0 0 -1 

vt 4.16 1 
vt 0 1 
vt 4.16 0.76 
vt 0 0.76 

usemtl Part117Mtl

f 2365/2365/2365 2366/2366/2366 2367/2367/2367 
f 2367/2367/2367 2366/2366/2366 2368/2368/2368 

g Part161

v 33.1556 11.32 -321.901 1 1 1 1 
v 33.1556 11.32 -322.501 1 1 1 1 
v 33.1556 8.92 -321.901 1 1 1 1 
v 33.1556 8.92 -322.501 1 1 1 1 

vn -1 0 0 
vn -1 0 0 
vn -1 0 0 
vn -1 0 0 

vt 0.12 1 
vt 0 1 
vt 0.12 0.76 
vt 0 0.76 

usemtl Part117Mtl

f 2369/2369/2369 2370/2370/2370 2371/2371/2371 
f 2371/2371/2371 2370/2370/2370 2372/2372/2372 

g Part162

v 53.9607 11.32 -321.896 1 1 1 1 
v 33.1606 11.32 -321.896 1 1 1 1 
v 53.9607 8.92 -321.896 1 1 1 1 
v 33.1606 8.92 -321.896 1 1 1 1 

vn 0 0 1 
vn 0 0 1 
vn 0 0 1 
vn 0 0 1 

vt 4.16 1 
vt 0 1 
vt 4.16 0.76 
vt 0 0.76 

usemtl Part117Mtl

f 2373/2373/2373 2374/2374/2374 2375/2375/2375 
f 2375/2375/2375 2374/2374/2374 2376/2376/2376 

g Part163

v 33.1606 11.325 -321.901 1 1 1 1 
v 53.9607 11.325 -321.901 1 1 1 1 
v 33.1606 11.325 -322.501 1 1 1 1 
v 53.9607 11.325 -322.501 1 1 1 1 

vn 0 1 0 
vn 0 1 0 
vn 0 1 0 
vn 0 1 0 

vt 4.16 1 
vt 0 1 
vt 4.16 0.94 
vt 0 0.94 

usemtl Part117Mtl

f 2377/2377/2377 2378/2378/2378 2379/2379/2379 
f 2379/2379/2379 2378/2378/2378 2380/2380/2380 

g Part164

v 31.9614 4.19998 -297.309 1 1 1 1 
v 31.9614 4.19998 -298.509 1 1 1 1 
v 31.9614 1.99997 -297.309 1 1 1 1 
v 31.9614 1.99997 -298.509 1 1 1 1 
v 33.3614 4.19998 -298.509 1 1 1 1 
v 31.9614 4.19998 -298.509 1 1 1 1 
v 33.3614 4.19998 -297.309 1 1 1 1 
v 31.9614 4.19998 -297.309 1 1 1 1 
v 31.9614 4.19998 -298.509 1 1 1 1 
v 33.3614 4.19998 -298.509 1 1 1 1 
v 31.9614 1.99997 -298.509 1 1 1 1 
v 33.3614 1.99997 -298.509 1 1 1 1 
v 33.3614 4.19998 -298.509 1 1 1 1 
v 33.3614 4.19998 -297.309 1 1 1 1 
v 33.3614 1.99997 -298.509 1 1 1 1 
v 33.3614 1.99997 -297.309 1 1 1 1 
v 33.3614 1.99997 -297.309 1 1 1 1 
v 31.9614 1.99997 -297.309 1 1 1 1 
v 33.3614 1.99997 -298.509 1 1 1 1 
v 31.9614 1.99997 -298.509 1 1 1 1 
v 33.3614 4.19998 -297.309 1 1 1 1 
v 31.9614 4.19998 -297.309 1 1 1 1 
v 33.3614 1.99997 -297.309 1 1 1 1 
v 31.9614 1.99997 -297.309 1 1 1 1 

vn -1 0 0 
vn -1 0 0 
vn -1 0 0 
vn -1 0 0 
vn 0 1 0 
vn 0 1 0 
vn 0 1 0 
vn 0 1 0 
vn 0 0 -1 
vn 0 0 -1 
vn 0 0 -1 
vn 0 0 -1 
vn 1 0 0 
vn 1 0 0 
vn 1 0 0 
vn 1 0 0 
vn 0 -1 0 
vn 0 -1 0 
vn 0 -1 0 
vn 0 -1 0 
vn 0 0 1 
vn 0 0 1 
vn 0 0 1 
vn 0 0 1 

vt 0.358279 0.884688 
vt 0.208279 0.884688 
vt 0.358279 0.609688 
vt 0.208279 0.609688 
vt 0.383278 0.884688 
vt 0.208279 0.884688 
vt 0.383278 0.734688 
vt 0.208279 0.734688 
vt 0.383278 0.884688 
vt 0.208279 0.884688 
vt 0.383278 0.609688 
vt 0.208279 0.609688 
vt 0.358279 0.884688 
vt 0.208279 0.884688 
vt 0.358279 0.609688 
vt 0.208279 0.609688 
vt 0.383278 0.884688 
vt 0.208279 0.884688 
vt 0.383278 0.734688 
vt 0.208279 0.734688 
vt 0.383278 0.884688 
vt 0.208279 0.884688 
vt 0.383278 0.609688 
vt 0.208279 0.609688 

usemtl Part148Mtl

f 2381/2381/2381 2382/2382/2382 2383/2383/2383 
f 2383/2383/2383 2382/2382/2382 2384/2384/2384 
f 2385/2385/2385 2386/2386/2386 2387/2387/2387 
f 2387/2387/2387 2386/2386/2386 2388/2388/2388 
f 2389/2389/2389 2390/2390/2390 2391/2391/2391 
f 2391/2391/2391 2390/2390/2390 2392/2392/2392 
f 2393/2393/2393 2394/2394/2394 2395/2395/2395 
f 2395/2395/2395 2394/2394/2394 2396/2396/2396 
f 2397/2397/2397 2398/2398/2398 2399/2399/2399 
f 2399/2399/2399 2398/2398/2398 2400/2400/2400 
f 2401/2401/2401 2402/2402/2402 2403/2403/2403 
f 2403/2403/2403 2402/2402/2402 2404/2404/2404 

g Part165

v 33.1619 11.32 -297.709 1 1 1 1 
v 33.1619 11.32 -298.309 1 1 1 1 
v 33.1619 8.91998 -297.709 1 1 1 1 
v 33.1619 8.91998 -298.309 1 1 1 1 
v 53.9619 11.32 -298.309 1 1 1 1 
v 33.1619 11.32 -298.309 1 1 1 1 
v 53.9619 11.32 -297.709 1 1 1 1 
v 33.1619 11.32 -297.709 1 1 1 1 
v 33.1619 11.32 -298.309 1 1 1 1 
v 53.9619 11.32 -298.309 1 1 1 1 
v 33.1619 8.91998 -298.309 1 1 1 1 
v 53.9619 8.91998 -298.309 1 1 1 1 
v 53.9619 11.32 -298.309 1 1 1 1 
v 53.9619 11.32 -297.709 1 1 1 1 
v 53.9619 8.91998 -298.309 1 1 1 1 
v 53.9619 8.91998 -297.709 1 1 1 1 
v 53.9619 8.91998 -297.709 1 1 1 1 
v 33.1619 8.91998 -297.709 1 1 1 1 
v 53.9619 8.91998 -298.309 1 1 1 1 
v 33.1619 8.91998 -298.309 1 1 1 1 
v 53.9619 11.32 -297.709 1 1 1 1 
v 33.1619 11.32 -297.709 1 1 1 1 
v 53.9619 8.91998 -297.709 1 1 1 1 
v 33.1619 8.91998 -297.709 1 1 1 1 

vn -1 0 0 
vn -1 0 0 
vn -1 0 0 
vn -1 0 0 
vn 0 1 0 
vn 0 1 0 
vn 0 1 0 
vn 0 1 0 
vn 0 0 -1 
vn 0 0 -1 
vn 0 0 -1 
vn 0 0 -1 
vn 1 0 0 
vn 1 0 0 
vn 1 0 0 
vn 1 0 0 
vn 0 -1 0 
vn 0 -1 0 
vn 0 -1 0 
vn 0 -1 0 
vn 0 0 1 
vn 0 0 1 
vn 0 0 1 
vn 0 0 1 

vt 1.44685 1.56778 
vt 1.37185 1.56778 
vt 1.44685 1.26778 
vt 1.37185 1.26778 
vt 3.97185 1.56778 
vt 1.37185 1.56778 
vt 3.97185 1.49278 
vt 1.37185 1.49278 
vt 3.97185 1.56778 
vt 1.37185 1.56778 
vt 3.97185 1.26778 
vt 1.37185 1.26778 
vt 1.44685 1.56778 
vt 1.37185 1.56778 
vt 1.44685 1.26778 
vt 1.37185 1.26778 
vt 3.97185 1.56778 
vt 1.37185 1.56778 
vt 3.97185 1.49278 
vt 1.37185 1.49278 
vt 3.97185 1.56778 
vt 1.37185 1.56778 
vt 3.97185 1.26778 
vt 1.37185 1.26778 

usemtl Part116Mtl

f 2405/2405/2405 2406/2406/2406 2407/2407/2407 
f 2407/2407/2407 2406/2406/2406 2408/2408/2408 
f 2409/2409/2409 2410/2410/2410 2411/2411/2411 
f 2411/2411/2411 2410/2410/2410 2412/2412/2412 
f 2413/2413/2413 2414/2414/2414 2415/2415/2415 
f 2415/2415/2415 2414/2414/2414 2416/2416/2416 
f 2417/2417/2417 2418/2418/2418 2419/2419/2419 
f 2419/2419/2419 2418/2418/2418 2420/2420/2420 
f 2421/2421/2421 2422/2422/2422 2423/2423/2423 
f 2423/2423/2423 2422/2422/2422 2424/2424/2424 
f 2425/2425/2425 2426/2426/2426 2427/2427/2427 
f 2427/2427/2427 2426/2426/2426 2428/2428/2428 

g Part166

v 53.9619 11.32 -297.704 1 1 1 1 
v 33.1619 11.32 -297.704 1 1 1 1 
v 53.9619 8.91998 -297.704 1 1 1 1 
v 33.1619 8.91998 -297.704 1 1 1 1 

vn 0 0 1 
vn 0 0 1 
vn 0 0 1 
vn 0 0 1 

vt 4.16 1 
vt 0 1 
vt 4.16 0.76 
vt 0 0.76 

usemtl Part117Mtl

f 2429/2429/2429 2430/2430/2430 2431/2431/2431 
f 2431/2431/2431 2430/2430/2430 2432/2432/2432 

g Part167

v 53.9669 11.32 -298.309 1 1 1 1 
v 53.9669 11.32 -297.709 1 1 1 1 
v 53.9669 8.91998 -298.309 1 1 1 1 
v 53.9669 8.91998 -297.709 1 1 1 1 

vn 1 0 0 
vn 1 0 0 
vn 1 0 0 
vn 1 0 0 

vt 0.12 1 
vt 0 1 
vt 0.12 0.76 
vt 0 0.76 

usemtl Part117Mtl

f 2433/2433/2433 2434/2434/2434 2435/2435/2435 
f 2435/2435/2435 2434/2434/2434 2436/2436/2436 

g Part168

v 33.1619 11.32 -298.314 1 1 1 1 
v 53.9619 11.32 -298.314 1 1 1 1 
v 33.1619 8.91998 -298.314 1 1 1 1 
v 53.9619 8.91998 -298.314 1 1 1 1 

vn 0 0 -1 
vn 0 0 -1 
vn 0 0 -1 
vn 0 0 -1 

vt 4.16 1 
vt 0 1 
vt 4.16 0.76 
vt 0 0.76 

usemtl Part117Mtl

f 2437/2437/2437 2438/2438/2438 2439/2439/2439 
f 2439/2439/2439 2438/2438/2438 2440/2440/2440 

g Part169

v 53.9619 11.325 -298.309 1 1 1 1 
v 33.1619 11.325 -298.309 1 1 1 1 
v 53.9619 11.325 -297.709 1 1 1 1 
v 33.1619 11.325 -297.709 1 1 1 1 

vn 0 1 0 
vn 0 1 0 
vn 0 1 0 
vn 0 1 0 

vt 4.16 1 
vt 0 1 
vt 4.16 0.94 
vt 0 0.94 

usemtl Part117Mtl

f 2441/2441/2441 2442/2442/2442 2443/2443/2443 
f 2443/2443/2443 2442/2442/2442 2444/2444/2444 

g Part170

v 53.9607 8.92007 -322.501 1 1 1 1 
v 53.9607 8.92007 -321.901 1 1 1 1 
v 53.9607 4.40006 -322.501 1 1 1 1 
v 53.9607 4.40006 -321.901 1 1 1 1 
v 51.3607 8.92007 -321.901 1 1 1 1 
v 53.9607 8.92007 -321.901 1 1 1 1 
v 51.3607 8.92007 -322.501 1 1 1 1 
v 53.9607 8.92007 -322.501 1 1 1 1 
v 53.9607 8.92007 -321.901 1 1 1 1 
v 51.3607 8.92007 -321.901 1 1 1 1 
v 53.9607 4.40006 -321.901 1 1 1 1 
v 51.3607 4.40006 -321.901 1 1 1 1 
v 51.3607 8.92007 -321.901 1 1 1 1 
v 51.3607 8.92007 -322.501 1 1 1 1 
v 51.3607 4.40006 -321.901 1 1 1 1 
v 51.3607 4.40006 -322.501 1 1 1 1 
v 51.3607 4.40006 -322.501 1 1 1 1 
v 53.9607 4.40006 -322.501 1 1 1 1 
v 51.3607 4.40006 -321.901 1 1 1 1 
v 53.9607 4.40006 -321.901 1 1 1 1 
v 51.3607 8.92007 -322.501 1 1 1 1 
v 53.9607 8.92007 -322.501 1 1 1 1 
v 51.3607 4.40006 -322.501 1 1 1 1 
v 53.9607 4.40006 -322.501 1 1 1 1 

vn 1 0 0 
vn 1 0 0 
vn 1 0 0 
vn 1 0 0 
vn 0 1 0 
vn 0 1 0 
vn 0 1 0 
vn 0 1 0 
vn 0 0 1 
vn 0 0 1 
vn 0 0 1 
vn 0 0 1 
vn -1 0 0 
vn -1 0 0 
vn -1 0 0 
vn -1 0 0 
vn 0 -1 0 
vn 0 -1 0 
vn 0 -1 0 
vn 0 -1 0 
vn 0 0 -1 
vn 0 0 -1 
vn 0 0 -1 
vn 0 0 -1 

vt 1.825 -2.5 
vt 1.75 -2.5 
vt 1.825 -3.065 
vt 1.75 -3.065 
vt 2.075 -2.5 
vt 1.75 -2.5 
vt 2.075 -2.575 
vt 1.75 -2.575 
vt 2.075 -2.5 
vt 1.75 -2.5 
vt 2.075 -3.065 
vt 1.75 -3.065 
vt 1.825 -2.5 
vt 1.75 -2.5 
vt 1.825 -3.065 
vt 1.75 -3.065 
vt 2.075 -2.5 
vt 1.75 -2.5 
vt 2.075 -2.575 
vt 1.75 -2.575 
vt 2.075 -2.5 
vt 1.75 -2.5 
vt 2.075 -3.065 
vt 1.75 -3.065 

usemtl Part113Mtl

f 2445/2445/2445 2446/2446/2446 2447/2447/2447 
f 2447/2447/2447 2446/2446/2446 2448/2448/2448 
f 2449/2449/2449 2450/2450/2450 2451/2451/2451 
f 2451/2451/2451 2450/2450/2450 2452/2452/2452 
f 2453/2453/2453 2454/2454/2454 2455/2455/2455 
f 2455/2455/2455 2454/2454/2454 2456/2456/2456 
f 2457/2457/2457 2458/2458/2458 2459/2459/2459 
f 2459/2459/2459 2458/2458/2458 2460/2460/2460 
f 2461/2461/2461 2462/2462/2462 2463/2463/2463 
f 2463/2463/2463 2462/2462/2462 2464/2464/2464 
f 2465/2465/2465 2466/2466/2466 2467/2467/2467 
f 2467/2467/2467 2466/2466/2466 2468/2468/2468 

g Part171

v 48.1608 8.92998 -322.501 1 1 1 1 
v 48.1608 8.92998 -321.901 1 1 1 1 
v 48.1608 4.39997 -322.501 1 1 1 1 
v 48.1608 4.39997 -321.901 1 1 1 1 
v 45.1608 8.92998 -321.901 1 1 1 1 
v 48.1608 8.92998 -321.901 1 1 1 1 
v 45.1608 8.92998 -322.501 1 1 1 1 
v 48.1608 8.92998 -322.501 1 1 1 1 
v 48.1608 8.92998 -321.901 1 1 1 1 
v 45.1608 8.92998 -321.901 1 1 1 1 
v 48.1608 4.39997 -321.901 1 1 1 1 
v 45.1608 4.39997 -321.901 1 1 1 1 
v 45.1608 8.92998 -321.901 1 1 1 1 
v 45.1608 8.92998 -322.501 1 1 1 1 
v 45.1608 4.39997 -321.901 1 1 1 1 
v 45.1608 4.39997 -322.501 1 1 1 1 
v 45.1608 4.39997 -322.501 1 1 1 1 
v 48.1608 4.39997 -322.501 1 1 1 1 
v 45.1608 4.39997 -321.901 1 1 1 1 
v 48.1608 4.39997 -321.901 1 1 1 1 
v 45.1608 8.92998 -322.501 1 1 1 1 
v 48.1608 8.92998 -322.501 1 1 1 1 
v 45.1608 4.39997 -322.501 1 1 1 1 
v 48.1608 4.39997 -322.501 1 1 1 1 

vn 1 0 0 
vn 1 0 0 
vn 1 0 0 
vn 1 0 0 
vn 0 1 0 
vn 0 1 0 
vn 0 1 0 
vn 0 1 0 
vn 0 0 1 
vn 0 0 1 
vn 0 0 1 
vn 0 0 1 
vn -1 0 0 
vn -1 0 0 
vn -1 0 0 
vn -1 0 0 
vn 0 -1 0 
vn 0 -1 0 
vn 0 -1 0 
vn 0 -1 0 
vn 0 0 -1 
vn 0 0 -1 
vn 0 0 -1 
vn 0 0 -1 

vt 5.825 -2.5 
vt 5.75 -2.5 
vt 5.825 -3.06625 
vt 5.75 -3.06625 
vt 6.125 -2.5 
vt 5.75 -2.5 
vt 6.125 -2.575 
vt 5.75 -2.575 
vt 6.125 -2.5 
vt 5.75 -2.5 
vt 6.125 -3.06625 
vt 5.75 -3.06625 
vt 5.825 -2.5 
vt 5.75 -2.5 
vt 5.825 -3.06625 
vt 5.75 -3.06625 
vt 6.125 -2.5 
vt 5.75 -2.5 
vt 6.125 -2.575 
vt 5.75 -2.575 
vt 6.125 -2.5 
vt 5.75 -2.5 
vt 6.125 -3.06625 
vt 5.75 -3.06625 

usemtl Part113Mtl

f 2469/2469/2469 2470/2470/2470 2471/2471/2471 
f 2471/2471/2471 2470/2470/2470 2472/2472/2472 
f 2473/2473/2473 2474/2474/2474 2475/2475/2475 
f 2475/2475/2475 2474/2474/2474 2476/2476/2476 
f 2477/2477/2477 2478/2478/2478 2479/2479/2479 
f 2479/2479/2479 2478/2478/2478 2480/2480/2480 
f 2481/2481/2481 2482/2482/2482 2483/2483/2483 
f 2483/2483/2483 2482/2482/2482 2484/2484/2484 
f 2485/2485/2485 2486/2486/2486 2487/2487/2487 
f 2487/2487/2487 2486/2486/2486 2488/2488/2488 
f 2489/2489/2489 2490/2490/2490 2491/2491/2491 
f 2491/2491/2491 2490/2490/2490 2492/2492/2492 

g Part172

v 53.8125 9.00003 -297.389 1 1 1 1 
v 53.8125 9.00003 -298.509 1 1 1 1 
v 53.8125 4.20002 -297.389 1 1 1 1 
v 53.8125 4.20002 -298.509 1 1 1 1 
v 55.0825 9.00003 -298.509 1 1 1 1 
v 53.8125 9.00003 -298.509 1 1 1 1 
v 55.0825 9.00003 -297.389 1 1 1 1 
v 53.8125 9.00003 -297.389 1 1 1 1 
v 53.8125 9.00003 -298.509 1 1 1 1 
v 55.0825 9.00003 -298.509 1 1 1 1 
v 53.8125 4.20002 -298.509 1 1 1 1 
v 55.0825 4.20002 -298.509 1 1 1 1 
v 55.0825 9.00003 -298.509 1 1 1 1 
v 55.0825 9.00003 -297.389 1 1 1 1 
v 55.0825 4.20002 -298.509 1 1 1 1 
v 55.0825 4.20002 -297.389 1 1 1 1 
v 55.0825 4.20002 -297.389 1 1 1 1 
v 53.8125 4.20002 -297.389 1 1 1 1 
v 55.0825 4.20002 -298.509 1 1 1 1 
v 53.8125 4.20002 -298.509 1 1 1 1 
v 55.0825 9.00003 -297.389 1 1 1 1 
v 53.8125 9.00003 -297.389 1 1 1 1 
v 55.0825 4.20002 -297.389 1 1 1 1 
v 53.8125 4.20002 -297.389 1 1 1 1 

vn -1 0 0 
vn -1 0 0 
vn -1 0 0 
vn -1 0 0 
vn 0 1 0 
vn 0 1 0 
vn 0 1 0 
vn 0 1 0 
vn 0 0 -1 
vn 0 0 -1 
vn 0 0 -1 
vn 0 0 -1 
vn 1 0 0 
vn 1 0 0 
vn 1 0 0 
vn 1 0 0 
vn 0 -1 0 
vn 0 -1 0 
vn 0 -1 0 
vn 0 -1 0 
vn 0 0 1 
vn 0 0 1 
vn 0 0 1 
vn 0 0 1 

vt 4.015 -5.375 
vt 3.875 -5.375 
vt 4.015 -5.975 
vt 3.875 -5.975 
vt 4.03375 -5.375 
vt 3.875 -5.375 
vt 4.03375 -5.515 
vt 3.875 -5.515 
vt 4.03375 -5.375 
vt 3.875 -5.375 
vt 4.03375 -5.975 
vt 3.875 -5.975 
vt 4.015 -5.375 
vt 3.875 -5.375 
vt 4.015 -5.975 
vt 3.875 -5.975 
vt 4.03375 -5.375 
vt 3.875 -5.375 
vt 4.03375 -5.515 
vt 3.875 -5.515 
vt 4.03375 -5.375 
vt 3.875 -5.375 
vt 4.03375 -5.975 
vt 3.875 -5.975 

usemtl Part147Mtl

f 2493/2493/2493 2494/2494/2494 2495/2495/2495 
f 2495/2495/2495 2494/2494/2494 2496/2496/2496 
f 2497/2497/2497 2498/2498/2498 2499/2499/2499 
f 2499/2499/2499 2498/2498/2498 2500/2500/2500 
f 2501/2501/2501 2502/2502/2502 2503/2503/2503 
f 2503/2503/2503 2502/2502/2502 2504/2504/2504 
f 2505/2505/2505 2506/2506/2506 2507/2507/2507 
f 2507/2507/2507 2506/2506/2506 2508/2508/2508 
f 2509/2509/2509 2510/2510/2510 2511/2511/2511 
f 2511/2511/2511 2510/2510/2510 2512/2512/2512 
f 2513/2513/2513 2514/2514/2514 2515/2515/2515 
f 2515/2515/2515 2514/2514/2514 2516/2516/2516 

g Part173

v 31.9613 11.2001 -297.309 1 1 1 1 
v 31.9613 11.2001 -298.509 1 1 1 1 
v 31.9613 9.00012 -297.309 1 1 1 1 
v 31.9613 9.00012 -298.509 1 1 1 1 
v 33.3613 11.2001 -298.509 1 1 1 1 
v 31.9613 11.2001 -298.509 1 1 1 1 
v 33.3613 11.2001 -297.309 1 1 1 1 
v 31.9613 11.2001 -297.309 1 1 1 1 
v 31.9613 11.2001 -298.509 1 1 1 1 
v 33.3613 11.2001 -298.509 1 1 1 1 
v 31.9613 9.00012 -298.509 1 1 1 1 
v 33.3613 9.00012 -298.509 1 1 1 1 
v 33.3613 11.2001 -298.509 1 1 1 1 
v 33.3613 11.2001 -297.309 1 1 1 1 
v 33.3613 9.00012 -298.509 1 1 1 1 
v 33.3613 9.00012 -297.309 1 1 1 1 
v 33.3613 9.00012 -297.309 1 1 1 1 
v 31.9613 9.00012 -297.309 1 1 1 1 
v 33.3613 9.00012 -298.509 1 1 1 1 
v 31.9613 9.00012 -298.509 1 1 1 1 
v 33.3613 11.2001 -297.309 1 1 1 1 
v 31.9613 11.2001 -297.309 1 1 1 1 
v 33.3613 9.00012 -297.309 1 1 1 1 
v 31.9613 9.00012 -297.309 1 1 1 1 

vn -1 0 0 
vn -1 0 0 
vn -1 0 0 
vn -1 0 0 
vn 0 1 0 
vn 0 1 0 
vn 0 1 0 
vn 0 1 0 
vn 0 0 -1 
vn 0 0 -1 
vn 0 0 -1 
vn 0 0 -1 
vn 1 0 0 
vn 1 0 0 
vn 1 0 0 
vn 1 0 0 
vn 0 -1 0 
vn 0 -1 0 
vn 0 -1 0 
vn 0 -1 0 
vn 0 0 1 
vn 0 0 1 
vn 0 0 1 
vn 0 0 1 

vt 0.23937 0.731293 
vt 0.08937 0.731293 
vt 0.23937 0.456293 
vt 0.08937 0.456293 
vt 0.26437 0.731293 
vt 0.08937 0.731293 
vt 0.26437 0.581293 
vt 0.08937 0.581293 
vt 0.26437 0.731293 
vt 0.08937 0.731293 
vt 0.26437 0.456293 
vt 0.08937 0.456293 
vt 0.23937 0.731293 
vt 0.08937 0.731293 
vt 0.23937 0.456293 
vt 0.08937 0.456293 
vt 0.26437 0.731293 
vt 0.08937 0.731293 
vt 0.26437 0.581293 
vt 0.08937 0.581293 
vt 0.26437 0.731293 
vt 0.08937 0.731293 
vt 0.26437 0.456293 
vt 0.08937 0.456293 

usemtl Part148Mtl

f 2517/2517/2517 2518/2518/2518 2519/2519/2519 
f 2519/2519/2519 2518/2518/2518 2520/2520/2520 
f 2521/2521/2521 2522/2522/2522 2523/2523/2523 
f 2523/2523/2523 2522/2522/2522 2524/2524/2524 
f 2525/2525/2525 2526/2526/2526 2527/2527/2527 
f 2527/2527/2527 2526/2526/2526 2528/2528/2528 
f 2529/2529/2529 2530/2530/2530 2531/2531/2531 
f 2531/2531/2531 2530/2530/2530 2532/2532/2532 
f 2533/2533/2533 2534/2534/2534 2535/2535/2535 
f 2535/2535/2535 2534/2534/2534 2536/2536/2536 
f 2537/2537/2537 2538/2538/2538 2539/2539/2539 
f 2539/2539/2539 2538/2538/2538 2540/2540/2540 

g Part174

v 41.9607 8.92989 -322.501 1 1 1 1 
v 41.9607 8.92989 -321.901 1 1 1 1 
v 41.9607 4.39988 -322.501 1 1 1 1 
v 41.9607 4.39988 -321.901 1 1 1 1 
v 38.9607 8.92989 -321.901 1 1 1 1 
v 41.9607 8.92989 -321.901 1 1 1 1 
v 38.9607 8.92989 -322.501 1 1 1 1 
v 41.9607 8.92989 -322.501 1 1 1 1 
v 41.9607 8.92989 -321.901 1 1 1 1 
v 38.9607 8.92989 -321.901 1 1 1 1 
v 41.9607 4.39988 -321.901 1 1 1 1 
v 38.9607 4.39988 -321.901 1 1 1 1 
v 38.9607 8.92989 -321.901 1 1 1 1 
v 38.9607 8.92989 -322.501 1 1 1 1 
v 38.9607 4.39988 -321.901 1 1 1 1 
v 38.9607 4.39988 -322.501 1 1 1 1 
v 38.9607 4.39988 -322.501 1 1 1 1 
v 41.9607 4.39988 -322.501 1 1 1 1 
v 38.9607 4.39988 -321.901 1 1 1 1 
v 41.9607 4.39988 -321.901 1 1 1 1 
v 38.9607 8.92989 -322.501 1 1 1 1 
v 41.9607 8.92989 -322.501 1 1 1 1 
v 38.9607 4.39988 -322.501 1 1 1 1 
v 41.9607 4.39988 -322.501 1 1 1 1 

vn 1 0 0 
vn 1 0 0 
vn 1 0 0 
vn 1 0 0 
vn 0 1 0 
vn 0 1 0 
vn 0 1 0 
vn 0 1 0 
vn 0 0 1 
vn 0 0 1 
vn 0 0 1 
vn 0 0 1 
vn -1 0 0 
vn -1 0 0 
vn -1 0 0 
vn -1 0 0 
vn 0 -1 0 
vn 0 -1 0 
vn 0 -1 0 
vn 0 -1 0 
vn 0 0 -1 
vn 0 0 -1 
vn 0 0 -1 
vn 0 0 -1 

vt 5.325 -0.375 
vt 5.25 -0.375 
vt 5.325 -0.94125 
vt 5.25 -0.94125 
vt 5.625 -0.375 
vt 5.25 -0.375 
vt 5.625 -0.45 
vt 5.25 -0.45 
vt 5.625 -0.375 
vt 5.25 -0.375 
vt 5.625 -0.94125 
vt 5.25 -0.94125 
vt 5.325 -0.375 
vt 5.25 -0.375 
vt 5.325 -0.94125 
vt 5.25 -0.94125 
vt 5.625 -0.375 
vt 5.25 -0.375 
vt 5.625 -0.45 
vt 5.25 -0.45 
vt 5.625 -0.375 
vt 5.25 -0.375 
vt 5.625 -0.94125 
vt 5.25 -0.94125 

usemtl Part113Mtl

f 2541/2541/2541 2542/2542/2542 2543/2543/2543 
f 2543/2543/2543 2542/2542/2542 2544/2544/2544 
f 2545/2545/2545 2546/2546/2546 2547/2547/2547 
f 2547/2547/2547 2546/2546/2546 2548/2548/2548 
f 2549/2549/2549 2550/2550/2550 2551/2551/2551 
f 2551/2551/2551 2550/2550/2550 2552/2552/2552 
f 2553/2553/2553 2554/2554/2554 2555/2555/2555 
f 2555/2555/2555 2554/2554/2554 2556/2556/2556 
f 2557/2557/2557 2558/2558/2558 2559/2559/2559 
f 2559/2559/2559 2558/2558/2558 2560/2560/2560 
f 2561/2561/2561 2562/2562/2562 2563/2563/2563 
f 2563/2563/2563 2562/2562/2562 2564/2564/2564 

g Part175

v 35.7599 8.94 -322.501 1 1 1 1 
v 35.7599 8.94 -321.901 1 1 1 1 
v 35.7599 4.39999 -322.501 1 1 1 1 
v 35.7599 4.39999 -321.901 1 1 1 1 
v 33.1599 8.94 -321.901 1 1 1 1 
v 35.7599 8.94 -321.901 1 1 1 1 
v 33.1599 8.94 -322.501 1 1 1 1 
v 35.7599 8.94 -322.501 1 1 1 1 
v 35.7599 8.94 -321.901 1 1 1 1 
v 33.1599 8.94 -321.901 1 1 1 1 
v 35.7599 4.39999 -321.901 1 1 1 1 
v 33.1599 4.39999 -321.901 1 1 1 1 
v 33.1599 8.94 -321.901 1 1 1 1 
v 33.1599 8.94 -322.501 1 1 1 1 
v 33.1599 4.39999 -321.901 1 1 1 1 
v 33.1599 4.39999 -322.501 1 1 1 1 
v 33.1599 4.39999 -322.501 1 1 1 1 
v 35.7599 4.39999 -322.501 1 1 1 1 
v 33.1599 4.39999 -321.901 1 1 1 1 
v 35.7599 4.39999 -321.901 1 1 1 1 
v 33.1599 8.94 -322.501 1 1 1 1 
v 35.7599 8.94 -322.501 1 1 1 1 
v 33.1599 4.39999 -322.501 1 1 1 1 
v 35.7599 4.39999 -322.501 1 1 1 1 

vn 1 0 0 
vn 1 0 0 
vn 1 0 0 
vn 1 0 0 
vn 0 1 0 
vn 0 1 0 
vn 0 1 0 
vn 0 1 0 
vn 0 0 1 
vn 0 0 1 
vn 0 0 1 
vn 0 0 1 
vn -1 0 0 
vn -1 0 0 
vn -1 0 0 
vn -1 0 0 
vn 0 -1 0 
vn 0 -1 0 
vn 0 -1 0 
vn 0 -1 0 
vn 0 0 -1 
vn 0 0 -1 
vn 0 0 -1 
vn 0 0 -1 

vt 5.45 -3.125 
vt 5.375 -3.125 
vt 5.45 -3.6925 
vt 5.375 -3.6925 
vt 5.7 -3.125 
vt 5.375 -3.125 
vt 5.7 -3.2 
vt 5.375 -3.2 
vt 5.7 -3.125 
vt 5.375 -3.125 
vt 5.7 -3.6925 
vt 5.375 -3.6925 
vt 5.45 -3.125 
vt 5.375 -3.125 
vt 5.45 -3.6925 
vt 5.375 -3.6925 
vt 5.7 -3.125 
vt 5.375 -3.125 
vt 5.7 -3.2 
vt 5.375 -3.2 
vt 5.7 -3.125 
vt 5.375 -3.125 
vt 5.7 -3.6925 
vt 5.375 -3.6925 

usemtl Part113Mtl

f 2565/2565/2565 2566/2566/2566 2567/2567/2567 
f 2567/2567/2567 2566/2566/2566 2568/2568/2568 
f 2569/2569/2569 2570/2570/2570 2571/2571/2571 
f 2571/2571/2571 2570/2570/2570 2572/2572/2572 
f 2573/2573/2573 2574/2574/2574 2575/2575/2575 
f 2575/2575/2575 2574/2574/2574 2576/2576/2576 
f 2577/2577/2577 2578/2578/2578 2579/2579/2579 
f 2579/2579/2579 2578/2578/2578 2580/2580/2580 
f 2581/2581/2581 2582/2582/2582 2583/2583/2583 
f 2583/2583/2583 2582/2582/2582 2584/2584/2584 
f 2585/2585/2585 2586/2586/2586 2587/2587/2587 
f 2587/2587/2587 2586/2586/2586 2588/2588/2588 

g Part176

v 53.9605 4.40005 -322.501 1 1 1 1 
v 53.9605 4.40005 -321.901 1 1 1 1 
v 53.9605 2.00004 -322.501 1 1 1 1 
v 53.9605 2.00004 -321.901 1 1 1 1 
v 33.1604 4.40005 -321.901 1 1 1 1 
v 53.9605 4.40005 -321.901 1 1 1 1 
v 33.1604 4.40005 -322.501 1 1 1 1 
v 53.9605 4.40005 -322.501 1 1 1 1 
v 53.9605 4.40005 -321.901 1 1 1 1 
v 33.1604 4.40005 -321.901 1 1 1 1 
v 53.9605 2.00004 -321.901 1 1 1 1 
v 33.1604 2.00004 -321.901 1 1 1 1 
v 33.1604 4.40005 -321.901 1 1 1 1 
v 33.1604 4.40005 -322.501 1 1 1 1 
v 33.1604 2.00004 -321.901 1 1 1 1 
v 33.1604 2.00004 -322.501 1 1 1 1 
v 33.1604 2.00004 -322.501 1 1 1 1 
v 53.9605 2.00004 -322.501 1 1 1 1 
v 33.1604 2.00004 -321.901 1 1 1 1 
v 53.9605 2.00004 -321.901 1 1 1 1 
v 33.1604 4.40005 -322.501 1 1 1 1 
v 53.9605 4.40005 -322.501 1 1 1 1 
v 33.1604 2.00004 -322.501 1 1 1 1 
v 53.9605 2.00004 -322.501 1 1 1 1 

vn 1 0 0 
vn 1 0 0 
vn 1 0 0 
vn 1 0 0 
vn 0 1 0 
vn 0 1 0 
vn 0 1 0 
vn 0 1 0 
vn 0 0 1 
vn 0 0 1 
vn 0 0 1 
vn 0 0 1 
vn -1 0 0 
vn -1 0 0 
vn -1 0 0 
vn -1 0 0 
vn 0 -1 0 
vn 0 -1 0 
vn 0 -1 0 
vn 0 -1 0 
vn 0 0 -1 
vn 0 0 -1 
vn 0 0 -1 
vn 0 0 -1 

vt -0.813505 0.889562 
vt -0.888505 0.889562 
vt -0.813505 0.589562 
vt -0.888505 0.589562 
vt 1.7115 0.889562 
vt -0.888505 0.889562 
vt 1.7115 0.814562 
vt -0.888505 0.814562 
vt 1.7115 0.889562 
vt -0.888505 0.889562 
vt 1.7115 0.589562 
vt -0.888505 0.589562 
vt -0.813505 0.889562 
vt -0.888505 0.889562 
vt -0.813505 0.589562 
vt -0.888505 0.589562 
vt 1.7115 0.889562 
vt -0.888505 0.889562 
vt 1.7115 0.814562 
vt -0.888505 0.814562 
vt 1.7115 0.889562 
vt -0.888505 0.889562 
vt 1.7115 0.589562 
vt -0.888505 0.589562 

usemtl Part116Mtl

f 2589/2589/2589 2590/2590/2590 2591/2591/2591 
f 2591/2591/2591 2590/2590/2590 2592/2592/2592 
f 2593/2593/2593 2594/2594/2594 2595/2595/2595 
f 2595/2595/2595 2594/2594/2594 2596/2596/2596 
f 2597/2597/2597 2598/2598/2598 2599/2599/2599 
f 2599/2599/2599 2598/2598/2598 2600/2600/2600 
f 2601/2601/2601 2602/2602/2602 2603/2603/2603 
f 2603/2603/2603 2602/2602/2602 2604/2604/2604 
f 2605/2605/2605 2606/2606/2606 2607/2607/2607 
f 2607/2607/2607 2606/2606/2606 2608/2608/2608 
f 2609/2609/2609 2610/2610/2610 2611/2611/2611 
f 2611/2611/2611 2610/2610/2610 2612/2612/2612 

g Part177

v 33.1604 4.40005 -322.506 1 1 1 1 
v 53.9605 4.40005 -322.506 1 1 1 1 
v 33.1604 2.00004 -322.506 1 1 1 1 
v 53.9605 2.00004 -322.506 1 1 1 1 

vn 0 0 -1 
vn 0 0 -1 
vn 0 0 -1 
vn 0 0 -1 

vt 4.16 1 
vt 0 1 
vt 4.16 0.76 
vt 0 0.76 

usemtl Part117Mtl

f 2613/2613/2613 2614/2614/2614 2615/2615/2615 
f 2615/2615/2615 2614/2614/2614 2616/2616/2616 

g Part178

v 33.1554 4.40005 -321.901 1 1 1 1 
v 33.1554 4.40005 -322.501 1 1 1 1 
v 33.1554 2.00004 -321.901 1 1 1 1 
v 33.1554 2.00004 -322.501 1 1 1 1 

vn -1 0 0 
vn -1 0 0 
vn -1 0 0 
vn -1 0 0 

vt 0.12 1 
vt 0 1 
vt 0.12 0.76 
vt 0 0.76 

usemtl Part117Mtl

f 2617/2617/2617 2618/2618/2618 2619/2619/2619 
f 2619/2619/2619 2618/2618/2618 2620/2620/2620 

g Part179

v 53.9605 4.40005 -321.896 1 1 1 1 
v 33.1604 4.40005 -321.896 1 1 1 1 
v 53.9605 2.00004 -321.896 1 1 1 1 
v 33.1604 2.00004 -321.896 1 1 1 1 

vn 0 0 1 
vn 0 0 1 
vn 0 0 1 
vn 0 0 1 

vt 4.16 1 
vt 0 1 
vt 4.16 0.76 
vt 0 0.76 

usemtl Part117Mtl

f 2621/2621/2621 2622/2622/2622 2623/2623/2623 
f 2623/2623/2623 2622/2622/2622 2624/2624/2624 

g Part180

v 33.1604 4.40505 -321.901 1 1 1 1 
v 53.9605 4.40505 -321.901 1 1 1 1 
v 33.1604 4.40505 -322.501 1 1 1 1 
v 53.9605 4.40505 -322.501 1 1 1 1 

vn 0 1 0 
vn 0 1 0 
vn 0 1 0 
vn 0 1 0 

vt 4.16 1 
vt 0 1 
vt 4.16 0.94 
vt 0 0.94 

usemtl Part117Mtl

f 2625/2625/2625 2626/2626/2626 2627/2627/2627 
f 2627/2627/2627 2626/2626/2626 2628/2628/2628 

g Part181

v 39.0996 4.56988 -321.91 1 1 1 1 
v 39.0996 4.56988 -322.51 1 1 1 1 
v 39.0996 4.76988 -321.91 1 1 1 1 
v 39.0996 4.76988 -322.51 1 1 1 1 
v 35.6996 4.56988 -322.51 1 1 1 1 
v 39.0996 4.56988 -322.51 1 1 1 1 
v 35.6996 4.56988 -321.91 1 1 1 1 
v 39.0996 4.56988 -321.91 1 1 1 1 
v 39.0996 4.56988 -322.51 1 1 1 1 
v 35.6996 4.56988 -322.51 1 1 1 1 
v 39.0996 4.76988 -322.51 1 1 1 1 
v 35.6996 4.76988 -322.51 1 1 1 1 
v 35.6996 4.56988 -322.51 1 1 1 1 
v 35.6996 4.56988 -321.91 1 1 1 1 
v 35.6996 4.76988 -322.51 1 1 1 1 
v 35.6996 4.76988 -321.91 1 1 1 1 
v 35.6996 4.76988 -321.91 1 1 1 1 
v 39.0996 4.76988 -321.91 1 1 1 1 
v 35.6996 4.76988 -322.51 1 1 1 1 
v 39.0996 4.76988 -322.51 1 1 1 1 
v 35.6996 4.56988 -321.91 1 1 1 1 
v 39.0996 4.56988 -321.91 1 1 1 1 
v 35.6996 4.76988 -321.91 1 1 1 1 
v 39.0996 4.76988 -321.91 1 1 1 1 

vn 1 0 0 
vn 1 0 0 
vn 1 0 0 
vn 1 0 0 
vn 0 -1 0 
vn 0 -1 0 
vn 0 -1 0 
vn 0 -1 0 
vn 0 0 -1 
vn 0 0 -1 
vn 0 0 -1 
vn 0 0 -1 
vn -1 0 0 
vn -1 0 0 
vn -1 0 0 
vn -1 0 0 
vn 0 1 0 
vn 0 1 0 
vn 0 1 0 
vn 0 1 0 
vn 0 0 1 
vn 0 0 1 
vn 0 0 1 
vn 0 0 1 

vt 0.335967 0.789112 
vt 0.260967 0.789112 
vt 0.335967 0.764112 
vt 0.260967 0.764112 
vt 0.685967 0.789112 
vt 0.260967 0.789112 
vt 0.685967 0.714112 
vt 0.260967 0.714112 
vt 0.685967 0.789112 
vt 0.260967 0.789112 
vt 0.685967 0.764112 
vt 0.260967 0.764112 
vt 0.335967 0.789112 
vt 0.260967 0.789112 
vt 0.335967 0.764112 
vt 0.260967 0.764112 
vt 0.685967 0.789112 
vt 0.260967 0.789112 
vt 0.685967 0.714112 
vt 0.260967 0.714112 
vt 0.685967 0.789112 
vt 0.260967 0.789112 
vt 0.685967 0.764112 
vt 0.260967 0.764112 

usemtl Part181Mtl

f 2629/2629/2629 2630/2630/2630 2631/2631/2631 
f 2631/2631/2631 2630/2630/2630 2632/2632/2632 
f 2633/2633/2633 2634/2634/2634 2635/2635/2635 
f 2635/2635/2635 2634/2634/2634 2636/2636/2636 
f 2637/2637/2637 2638/2638/2638 2639/2639/2639 
f 2639/2639/2639 2638/2638/2638 2640/2640/2640 
f 2641/2641/2641 2642/2642/2642 2643/2643/2643 
f 2643/2643/2643 2642/2642/2642 2644/2644/2644 
f 2645/2645/2645 2646/2646/2646 2647/2647/2647 
f 2647/2647/2647 2646/2646/2646 2648/2648/2648 
f 2649/2649/2649 2650/2650/2650 2651/2651/2651 
f 2651/2651/2651 2650/2650/2650 2652/2652/2652 

g Part182

v 38.6998 4.5599 -322.11 1 1 1 1 
v 38.6998 4.5599 -322.31 1 1 1 1 
v 38.6998 8.55991 -322.11 1 1 1 1 
v 38.6998 8.55991 -322.31 1 1 1 1 
v 38.4998 4.5599 -322.31 1 1 1 1 
v 38.6998 4.5599 -322.31 1 1 1 1 
v 38.4998 4.5599 -322.11 1 1 1 1 
v 38.6998 4.5599 -322.11 1 1 1 1 
v 38.6998 4.5599 -322.31 1 1 1 1 
v 38.4998 4.5599 -322.31 1 1 1 1 
v 38.6998 8.55991 -322.31 1 1 1 1 
v 38.4998 8.55991 -322.31 1 1 1 1 
v 38.4998 4.5599 -322.31 1 1 1 1 
v 38.4998 4.5599 -322.11 1 1 1 1 
v 38.4998 8.55991 -322.31 1 1 1 1 
v 38.4998 8.55991 -322.11 1 1 1 1 
v 38.4998 8.55991 -322.11 1 1 1 1 
v 38.6998 8.55991 -322.11 1 1 1 1 
v 38.4998 8.55991 -322.31 1 1 1 1 
v 38.6998 8.55991 -322.31 1 1 1 1 
v 38.4998 4.5599 -322.11 1 1 1 1 
v 38.6998 4.5599 -322.11 1 1 1 1 
v 38.4998 8.55991 -322.11 1 1 1 1 
v 38.6998 8.55991 -322.11 1 1 1 1 

vn 1 0 0 
vn 1 0 0 
vn 1 0 0 
vn 1 0 0 
vn 0 -1 0 
vn 0 -1 0 
vn 0 -1 0 
vn 0 -1 0 
vn 0 0 -1 
vn 0 0 -1 
vn 0 0 -1 
vn 0 0 -1 
vn -1 0 0 
vn -1 0 0 
vn -1 0 0 
vn -1 0 0 
vn 0 1 0 
vn 0 1 0 
vn 0 1 0 
vn 0 1 0 
vn 0 0 1 
vn 0 0 1 
vn 0 0 1 
vn 0 0 1 

vt -0.135814 0.928871 
vt -0.160814 0.928871 
vt -0.135814 0.428871 
vt -0.160814 0.428871 
vt -0.135814 0.928871 
vt -0.160814 0.928871 
vt -0.135814 0.903871 
vt -0.160814 0.903871 
vt -0.135814 0.928871 
vt -0.160814 0.928871 
vt -0.135814 0.428871 
vt -0.160814 0.428871 
vt -0.135814 0.928871 
vt -0.160814 0.928871 
vt -0.135814 0.428871 
vt -0.160814 0.428871 
vt -0.135814 0.928871 
vt -0.160814 0.928871 
vt -0.135814 0.903871 
vt -0.160814 0.903871 
vt -0.135814 0.928871 
vt -0.160814 0.928871 
vt -0.135814 0.428871 
vt -0.160814 0.428871 

usemtl Part182Mtl

f 2653/2653/2653 2654/2654/2654 2655/2655/2655 
f 2655/2655/2655 2654/2654/2654 2656/2656/2656 
f 2657/2657/2657 2658/2658/2658 2659/2659/2659 
f 2659/2659/2659 2658/2658/2658 2660/2660/2660 
f 2661/2661/2661 2662/2662/2662 2663/2663/2663 
f 2663/2663/2663 2662/2662/2662 2664/2664/2664 
f 2665/2665/2665 2666/2666/2666 2667/2667/2667 
f 2667/2667/2667 2666/2666/2666 2668/2668/2668 
f 2669/2669/2669 2670/2670/2670 2671/2671/2671 
f 2671/2671/2671 2670/2670/2670 2672/2672/2672 
f 2673/2673/2673 2674/2674/2674 2675/2675/2675 
f 2675/2675/2675 2674/2674/2674 2676/2676/2676 

g Part183

v 38.4996 8.35994 -322.11 1 1 1 1 
v 38.4996 8.35994 -322.31 1 1 1 1 
v 38.4996 8.55994 -322.11 1 1 1 1 
v 38.4996 8.55994 -322.31 1 1 1 1 
v 36.2996 8.35994 -322.31 1 1 1 1 
v 38.4996 8.35994 -322.31 1 1 1 1 
v 36.2996 8.35994 -322.11 1 1 1 1 
v 38.4996 8.35994 -322.11 1 1 1 1 
v 38.4996 8.35994 -322.31 1 1 1 1 
v 36.2996 8.35994 -322.31 1 1 1 1 
v 38.4996 8.55994 -322.31 1 1 1 1 
v 36.2996 8.55995 -322.31 1 1 1 1 
v 36.2996 8.35994 -322.31 1 1 1 1 
v 36.2996 8.35994 -322.11 1 1 1 1 
v 36.2996 8.55995 -322.31 1 1 1 1 
v 36.2996 8.55995 -322.11 1 1 1 1 
v 36.2996 8.55995 -322.11 1 1 1 1 
v 38.4996 8.55994 -322.11 1 1 1 1 
v 36.2996 8.55995 -322.31 1 1 1 1 
v 38.4996 8.55994 -322.31 1 1 1 1 
v 36.2996 8.35994 -322.11 1 1 1 1 
v 38.4996 8.35994 -322.11 1 1 1 1 
v 36.2996 8.55995 -322.11 1 1 1 1 
v 38.4996 8.55994 -322.11 1 1 1 1 

vn 1 0 0 
vn 1 0 0 
vn 1 0 0 
vn 1 0 0 
vn 0 -1 0 
vn 0 -1 0 
vn 0 -1 0 
vn 0 -1 0 
vn 0 0 -1 
vn 0 0 -1 
vn 0 0 -1 
vn 0 0 -1 
vn -1 0 0 
vn -1 0 0 
vn -1 0 0 
vn -1 0 0 
vn 0 1 0 
vn 0 1 0 
vn 0 1 0 
vn 0 1 0 
vn 0 0 1 
vn 0 0 1 
vn 0 0 1 
vn 0 0 1 

vt 0.0200818 1.0438 
vt -0.00491822 1.0438 
vt 0.0200818 1.0188 
vt -0.00491822 1.0188 
vt 0.270082 1.0438 
vt -0.00491822 1.0438 
vt 0.270082 1.0188 
vt -0.00491822 1.0188 
vt 0.270082 1.0438 
vt -0.00491822 1.0438 
vt 0.270082 1.0188 
vt -0.00491822 1.0188 
vt 0.0200818 1.0438 
vt -0.00491822 1.0438 
vt 0.0200818 1.0188 
vt -0.00491822 1.0188 
vt 0.270082 1.0438 
vt -0.00491822 1.0438 
vt 0.270082 1.0188 
vt -0.00491822 1.0188 
vt 0.270082 1.0438 
vt -0.00491822 1.0438 
vt 0.270082 1.0188 
vt -0.00491822 1.0188 

usemtl Part182Mtl

f 2677/2677/2677 2678/2678/2678 2679/2679/2679 
f 2679/2679/2679 2678/2678/2678 2680/2680/2680 
f 2681/2681/2681 2682/2682/2682 2683/2683/2683 
f 2683/2683/2683 2682/2682/2682 2684/2684/2684 
f 2685/2685/2685 2686/2686/2686 2687/2687/2687 
f 2687/2687/2687 2686/2686/2686 2688/2688/2688 
f 2689/2689/2689 2690/2690/2690 2691/2691/2691 
f 2691/2691/2691 2690/2690/2690 2692/2692/2692 
f 2693/2693/2693 2694/2694/2694 2695/2695/2695 
f 2695/2695/2695 2694/2694/2694 2696/2696/2696 
f 2697/2697/2697 2698/2698/2698 2699/2699/2699 
f 2699/2699/2699 2698/2698/2698 2700/2700/2700 

g Part184

v 36.2995 4.55983 -322.11 1 1 1 1 
v 36.2995 4.55983 -322.31 1 1 1 1 
v 36.2995 8.55984 -322.11 1 1 1 1 
v 36.2995 8.55984 -322.31 1 1 1 1 
v 36.0995 4.55983 -322.31 1 1 1 1 
v 36.2995 4.55983 -322.31 1 1 1 1 
v 36.0995 4.55983 -322.11 1 1 1 1 
v 36.2995 4.55983 -322.11 1 1 1 1 
v 36.2995 4.55983 -322.31 1 1 1 1 
v 36.0995 4.55983 -322.31 1 1 1 1 
v 36.2995 8.55984 -322.31 1 1 1 1 
v 36.0995 8.55984 -322.31 1 1 1 1 
v 36.0995 4.55983 -322.31 1 1 1 1 
v 36.0995 4.55983 -322.11 1 1 1 1 
v 36.0995 8.55984 -322.31 1 1 1 1 
v 36.0995 8.55984 -322.11 1 1 1 1 
v 36.0995 8.55984 -322.11 1 1 1 1 
v 36.2995 8.55984 -322.11 1 1 1 1 
v 36.0995 8.55984 -322.31 1 1 1 1 
v 36.2995 8.55984 -322.31 1 1 1 1 
v 36.0995 4.55983 -322.11 1 1 1 1 
v 36.2995 4.55983 -322.11 1 1 1 1 
v 36.0995 8.55984 -322.11 1 1 1 1 
v 36.2995 8.55984 -322.11 1 1 1 1 

vn 1 0 0 
vn 1 0 0 
vn 1 0 0 
vn 1 0 0 
vn 0 -1 0 
vn 0 -1 0 
vn 0 -1 0 
vn 0 -1 0 
vn 0 0 -1 
vn 0 0 -1 
vn 0 0 -1 
vn 0 0 -1 
vn -1 0 0 
vn -1 0 0 
vn -1 0 0 
vn -1 0 0 
vn 0 1 0 
vn 0 1 0 
vn 0 1 0 
vn 0 1 0 
vn 0 0 1 
vn 0 0 1 
vn 0 0 1 
vn 0 0 1 

vt -0.0954978 1.27396 
vt -0.120498 1.27396 
vt -0.0954978 0.773965 
vt -0.120498 0.773965 
vt -0.0954978 1.27396 
vt -0.120498 1.27396 
vt -0.0954978 1.24896 
vt -0.120498 1.24896 
vt -0.0954978 1.27396 
vt -0.120498 1.27396 
vt -0.0954978 0.773965 
vt -0.120498 0.773965 
vt -0.0954978 1.27396 
vt -0.120498 1.27396 
vt -0.0954978 0.773965 
vt -0.120498 0.773965 
vt -0.0954978 1.27396 
vt -0.120498 1.27396 
vt -0.0954978 1.24896 
vt -0.120498 1.24896 
vt -0.0954978 1.27396 
vt -0.120498 1.27396 
vt -0.0954978 0.773965 
vt -0.120498 0.773965 

usemtl Part182Mtl

f 2701/2701/2701 2702/2702/2702 2703/2703/2703 
f 2703/2703/2703 2702/2702/2702 2704/2704/2704 
f 2705/2705/2705 2706/2706/2706 2707/2707/2707 
f 2707/2707/2707 2706/2706/2706 2708/2708/2708 
f 2709/2709/2709 2710/2710/2710 2711/2711/2711 
f 2711/2711/2711 2710/2710/2710 2712/2712/2712 
f 2713/2713/2713 2714/2714/2714 2715/2715/2715 
f 2715/2715/2715 2714/2714/2714 2716/2716/2716 
f 2717/2717/2717 2718/2718/2718 2719/2719/2719 
f 2719/2719/2719 2718/2718/2718 2720/2720/2720 
f 2721/2721/2721 2722/2722/2722 2723/2723/2723 
f 2723/2723/2723 2722/2722/2722 2724/2724/2724 

g Part185

v 38.4997 7.35993 -322.11 1 1 1 1 
v 38.4997 7.35993 -322.31 1 1 1 1 
v 38.4997 7.55993 -322.11 1 1 1 1 
v 38.4997 7.55993 -322.31 1 1 1 1 
v 36.2997 7.35993 -322.31 1 1 1 1 
v 38.4997 7.35993 -322.31 1 1 1 1 
v 36.2997 7.35993 -322.11 1 1 1 1 
v 38.4997 7.35993 -322.11 1 1 1 1 
v 38.4997 7.35993 -322.31 1 1 1 1 
v 36.2997 7.35993 -322.31 1 1 1 1 
v 38.4997 7.55993 -322.31 1 1 1 1 
v 36.2997 7.55993 -322.31 1 1 1 1 
v 36.2997 7.35993 -322.31 1 1 1 1 
v 36.2997 7.35993 -322.11 1 1 1 1 
v 36.2997 7.55993 -322.31 1 1 1 1 
v 36.2997 7.55993 -322.11 1 1 1 1 
v 36.2997 7.55993 -322.11 1 1 1 1 
v 38.4997 7.55993 -322.11 1 1 1 1 
v 36.2997 7.55993 -322.31 1 1 1 1 
v 38.4997 7.55993 -322.31 1 1 1 1 
v 36.2997 7.35993 -322.11 1 1 1 1 
v 38.4997 7.35993 -322.11 1 1 1 1 
v 36.2997 7.55993 -322.11 1 1 1 1 
v 38.4997 7.55993 -322.11 1 1 1 1 

vn 1 0 0 
vn 1 0 0 
vn 1 0 0 
vn 1 0 0 
vn 0 -1 0 
vn 0 -1 0 
vn 0 -1 0 
vn 0 -1 0 
vn 0 0 -1 
vn 0 0 -1 
vn 0 0 -1 
vn 0 0 -1 
vn -1 0 0 
vn -1 0 0 
vn -1 0 0 
vn -1 0 0 
vn 0 1 0 
vn 0 1 0 
vn 0 1 0 
vn 0 1 0 
vn 0 0 1 
vn 0 0 1 
vn 0 0 1 
vn 0 0 1 

vt 0.120061 0.921783 
vt 0.0950606 0.921783 
vt 0.120061 0.896783 
vt 0.0950606 0.896783 
vt 0.370061 0.921783 
vt 0.0950606 0.921783 
vt 0.370061 0.896783 
vt 0.0950606 0.896783 
vt 0.370061 0.921783 
vt 0.0950606 0.921783 
vt 0.370061 0.896783 
vt 0.0950606 0.896783 
vt 0.120061 0.921783 
vt 0.0950606 0.921783 
vt 0.120061 0.896783 
vt 0.0950606 0.896783 
vt 0.370061 0.921783 
vt 0.0950606 0.921783 
vt 0.370061 0.896783 
vt 0.0950606 0.896783 
vt 0.370061 0.921783 
vt 0.0950606 0.921783 
vt 0.370061 0.896783 
vt 0.0950606 0.896783 

usemtl Part182Mtl

f 2725/2725/2725 2726/2726/2726 2727/2727/2727 
f 2727/2727/2727 2726/2726/2726 2728/2728/2728 
f 2729/2729/2729 2730/2730/2730 2731/2731/2731 
f 2731/2731/2731 2730/2730/2730 2732/2732/2732 
f 2733/2733/2733 2734/2734/2734 2735/2735/2735 
f 2735/2735/2735 2734/2734/2734 2736/2736/2736 
f 2737/2737/2737 2738/2738/2738 2739/2739/2739 
f 2739/2739/2739 2738/2738/2738 2740/2740/2740 
f 2741/2741/2741 2742/2742/2742 2743/2743/2743 
f 2743/2743/2743 2742/2742/2742 2744/2744/2744 
f 2745/2745/2745 2746/2746/2746 2747/2747/2747 
f 2747/2747/2747 2746/2746/2746 2748/2748/2748 

g Part186

v 37.4998 4.89981 -322.11 1 1 1 1 
v 37.4998 4.89981 -322.31 1 1 1 1 
v 37.4998 7.35982 -322.11 1 1 1 1 
v 37.4998 7.35982 -322.31 1 1 1 1 
v 37.2998 4.89981 -322.31 1 1 1 1 
v 37.4998 4.89981 -322.31 1 1 1 1 
v 37.2998 4.89981 -322.11 1 1 1 1 
v 37.4998 4.89981 -322.11 1 1 1 1 
v 37.4998 4.89981 -322.31 1 1 1 1 
v 37.2998 4.89981 -322.31 1 1 1 1 
v 37.4998 7.35982 -322.31 1 1 1 1 
v 37.2998 7.35982 -322.31 1 1 1 1 
v 37.2998 4.89981 -322.31 1 1 1 1 
v 37.2998 4.89981 -322.11 1 1 1 1 
v 37.2998 7.35982 -322.31 1 1 1 1 
v 37.2998 7.35982 -322.11 1 1 1 1 
v 37.2998 7.35982 -322.11 1 1 1 1 
v 37.4998 7.35982 -322.11 1 1 1 1 
v 37.2998 7.35982 -322.31 1 1 1 1 
v 37.4998 7.35982 -322.31 1 1 1 1 
v 37.2998 4.89981 -322.11 1 1 1 1 
v 37.4998 4.89981 -322.11 1 1 1 1 
v 37.2998 7.35982 -322.11 1 1 1 1 
v 37.4998 7.35982 -322.11 1 1 1 1 

vn 1 0 0 
vn 1 0 0 
vn 1 0 0 
vn 1 0 0 
vn 0 -1 0 
vn 0 -1 0 
vn 0 -1 0 
vn 0 -1 0 
vn 0 0 -1 
vn 0 0 -1 
vn 0 0 -1 
vn 0 0 -1 
vn -1 0 0 
vn -1 0 0 
vn -1 0 0 
vn -1 0 0 
vn 0 1 0 
vn 0 1 0 
vn 0 1 0 
vn 0 1 0 
vn 0 0 1 
vn 0 0 1 
vn 0 0 1 
vn 0 0 1 

vt 0.192933 0.931293 
vt 0.167933 0.931293 
vt 0.192933 0.623793 
vt 0.167933 0.623793 
vt 0.192933 0.931293 
vt 0.167933 0.931293 
vt 0.192933 0.906293 
vt 0.167933 0.906293 
vt 0.192933 0.931293 
vt 0.167933 0.931293 
vt 0.192933 0.623793 
vt 0.167933 0.623793 
vt 0.192933 0.931293 
vt 0.167933 0.931293 
vt 0.192933 0.623793 
vt 0.167933 0.623793 
vt 0.192933 0.931293 
vt 0.167933 0.931293 
vt 0.192933 0.906293 
vt 0.167933 0.906293 
vt 0.192933 0.931293 
vt 0.167933 0.931293 
vt 0.192933 0.623793 
vt 0.167933 0.623793 

usemtl Part182Mtl

f 2749/2749/2749 2750/2750/2750 2751/2751/2751 
f 2751/2751/2751 2750/2750/2750 2752/2752/2752 
f 2753/2753/2753 2754/2754/2754 2755/2755/2755 
f 2755/2755/2755 2754/2754/2754 2756/2756/2756 
f 2757/2757/2757 2758/2758/2758 2759/2759/2759 
f 2759/2759/2759 2758/2758/2758 2760/2760/2760 
f 2761/2761/2761 2762/2762/2762 2763/2763/2763 
f 2763/2763/2763 2762/2762/2762 2764/2764/2764 
f 2765/2765/2765 2766/2766/2766 2767/2767/2767 
f 2767/2767/2767 2766/2766/2766 2768/2768/2768 
f 2769/2769/2769 2770/2770/2770 2771/2771/2771 
f 2771/2771/2771 2770/2770/2770 2772/2772/2772 

g Part187

v 38.4996 4.70989 -322.11 1 1 1 1 
v 38.4996 4.70989 -322.31 1 1 1 1 
v 38.4996 4.90989 -322.11 1 1 1 1 
v 38.4996 4.90989 -322.31 1 1 1 1 
v 36.2996 4.7099 -322.31 1 1 1 1 
v 38.4996 4.70989 -322.31 1 1 1 1 
v 36.2996 4.7099 -322.11 1 1 1 1 
v 38.4996 4.70989 -322.11 1 1 1 1 
v 38.4996 4.70989 -322.31 1 1 1 1 
v 36.2996 4.7099 -322.31 1 1 1 1 
v 38.4996 4.90989 -322.31 1 1 1 1 
v 36.2996 4.9099 -322.31 1 1 1 1 
v 36.2996 4.7099 -322.31 1 1 1 1 
v 36.2996 4.7099 -322.11 1 1 1 1 
v 36.2996 4.9099 -322.31 1 1 1 1 
v 36.2996 4.9099 -322.11 1 1 1 1 
v 36.2996 4.9099 -322.11 1 1 1 1 
v 38.4996 4.90989 -322.11 1 1 1 1 
v 36.2996 4.9099 -322.31 1 1 1 1 
v 38.4996 4.90989 -322.31 1 1 1 1 
v 36.2996 4.7099 -322.11 1 1 1 1 
v 38.4996 4.70989 -322.11 1 1 1 1 
v 36.2996 4.9099 -322.11 1 1 1 1 
v 38.4996 4.90989 -322.11 1 1 1 1 

vn 1 0 0 
vn 1 0 0 
vn 1 0 0 
vn 1 0 0 
vn 0 -1 0 
vn 0 -1 0 
vn 0 -1 0 
vn 0 -1 0 
vn 0 0 -1 
vn 0 0 -1 
vn 0 0 -1 
vn 0 0 -1 
vn -1 0 0 
vn -1 0 0 
vn -1 0 0 
vn -1 0 0 
vn 0 1 0 
vn 0 1 0 
vn 0 1 0 
vn 0 1 0 
vn 0 0 1 
vn 0 0 1 
vn 0 0 1 
vn 0 0 1 

vt 0.120867 0.935058 
vt 0.0958672 0.935058 
vt 0.120867 0.910058 
vt 0.0958672 0.910058 
vt 0.370867 0.935058 
vt 0.0958672 0.935058 
vt 0.370867 0.910058 
vt 0.0958672 0.910058 
vt 0.370867 0.935058 
vt 0.0958672 0.935058 
vt 0.370867 0.910058 
vt 0.0958672 0.910058 
vt 0.120867 0.935058 
vt 0.0958672 0.935058 
vt 0.120867 0.910058 
vt 0.0958672 0.910058 
vt 0.370867 0.935058 
vt 0.0958672 0.935058 
vt 0.370867 0.910058 
vt 0.0958672 0.910058 
vt 0.370867 0.935058 
vt 0.0958672 0.935058 
vt 0.370867 0.910058 
vt 0.0958672 0.910058 

usemtl Part182Mtl

f 2773/2773/2773 2774/2774/2774 2775/2775/2775 
f 2775/2775/2775 2774/2774/2774 2776/2776/2776 
f 2777/2777/2777 2778/2778/2778 2779/2779/2779 
f 2779/2779/2779 2778/2778/2778 2780/2780/2780 
f 2781/2781/2781 2782/2782/2782 2783/2783/2783 
f 2783/2783/2783 2782/2782/2782 2784/2784/2784 
f 2785/2785/2785 2786/2786/2786 2787/2787/2787 
f 2787/2787/2787 2786/2786/2786 2788/2788/2788 
f 2789/2789/2789 2790/2790/2790 2791/2791/2791 
f 2791/2791/2791 2790/2790/2790 2792/2792/2792 
f 2793/2793/2793 2794/2794/2794 2795/2795/2795 
f 2795/2795/2795 2794/2794/2794 2796/2796/2796 

g Part188

v 39.0996 4.36987 -321.71 1 1 1 1 
v 39.0996 4.36987 -322.71 1 1 1 1 
v 39.0996 4.56987 -321.71 1 1 1 1 
v 39.0996 4.56987 -322.71 1 1 1 1 
v 35.6996 4.36988 -322.71 1 1 1 1 
v 39.0996 4.36987 -322.71 1 1 1 1 
v 35.6996 4.36988 -321.71 1 1 1 1 
v 39.0996 4.36987 -321.71 1 1 1 1 
v 39.0996 4.36987 -322.71 1 1 1 1 
v 35.6996 4.36988 -322.71 1 1 1 1 
v 39.0996 4.56987 -322.71 1 1 1 1 
v 35.6996 4.56988 -322.71 1 1 1 1 
v 35.6996 4.36988 -322.71 1 1 1 1 
v 35.6996 4.36988 -321.71 1 1 1 1 
v 35.6996 4.56988 -322.71 1 1 1 1 
v 35.6996 4.56988 -321.71 1 1 1 1 
v 35.6996 4.56988 -321.71 1 1 1 1 
v 39.0996 4.56987 -321.71 1 1 1 1 
v 35.6996 4.56988 -322.71 1 1 1 1 
v 39.0996 4.56987 -322.71 1 1 1 1 
v 35.6996 4.36988 -321.71 1 1 1 1 
v 39.0996 4.36987 -321.71 1 1 1 1 
v 35.6996 4.56988 -321.71 1 1 1 1 
v 39.0996 4.56987 -321.71 1 1 1 1 

vn 1 0 0 
vn 1 0 0 
vn 1 0 0 
vn 1 0 0 
vn 0 -1 0 
vn 0 -1 0 
vn 0 -1 0 
vn 0 -1 0 
vn 0 0 -1 
vn 0 0 -1 
vn 0 0 -1 
vn 0 0 -1 
vn -1 0 0 
vn -1 0 0 
vn -1 0 0 
vn -1 0 0 
vn 0 1 0 
vn 0 1 0 
vn 0 1 0 
vn 0 1 0 
vn 0 0 1 
vn 0 0 1 
vn 0 0 1 
vn 0 0 1 

vt 0.296103 0.799874 
vt 0.171103 0.799874 
vt 0.296103 0.774874 
vt 0.171103 0.774874 
vt 0.596103 0.799874 
vt 0.171103 0.799874 
vt 0.596103 0.674874 
vt 0.171103 0.674874 
vt 0.596103 0.799874 
vt 0.171103 0.799874 
vt 0.596103 0.774874 
vt 0.171103 0.774874 
vt 0.296103 0.799874 
vt 0.171103 0.799874 
vt 0.296103 0.774874 
vt 0.171103 0.774874 
vt 0.596103 0.799874 
vt 0.171103 0.799874 
vt 0.596103 0.674874 
vt 0.171103 0.674874 
vt 0.596103 0.799874 
vt 0.171103 0.799874 
vt 0.596103 0.774874 
vt 0.171103 0.774874 

usemtl Part181Mtl

f 2797/2797/2797 2798/2798/2798 2799/2799/2799 
f 2799/2799/2799 2798/2798/2798 2800/2800/2800 
f 2801/2801/2801 2802/2802/2802 2803/2803/2803 
f 2803/2803/2803 2802/2802/2802 2804/2804/2804 
f 2805/2805/2805 2806/2806/2806 2807/2807/2807 
f 2807/2807/2807 2806/2806/2806 2808/2808/2808 
f 2809/2809/2809 2810/2810/2810 2811/2811/2811 
f 2811/2811/2811 2810/2810/2810 2812/2812/2812 
f 2813/2813/2813 2814/2814/2814 2815/2815/2815 
f 2815/2815/2815 2814/2814/2814 2816/2816/2816 
f 2817/2817/2817 2818/2818/2818 2819/2819/2819 
f 2819/2819/2819 2818/2818/2818 2820/2820/2820 

g Part189

v 36.0994 4.55984 -321.91 1 1 1 1 
v 36.0994 4.55984 -322.51 1 1 1 1 
v 36.0994 8.95985 -321.91 1 1 1 1 
v 36.0994 8.95985 -322.51 1 1 1 1 
v 35.6994 4.55984 -322.51 1 1 1 1 
v 36.0994 4.55984 -322.51 1 1 1 1 
v 35.6994 4.55984 -321.91 1 1 1 1 
v 36.0994 4.55984 -321.91 1 1 1 1 
v 36.0994 4.55984 -322.51 1 1 1 1 
v 35.6994 4.55984 -322.51 1 1 1 1 
v 36.0994 8.95985 -322.51 1 1 1 1 
v 35.6994 8.95985 -322.51 1 1 1 1 
v 35.6994 4.55984 -322.51 1 1 1 1 
v 35.6994 4.55984 -321.91 1 1 1 1 
v 35.6994 8.95985 -322.51 1 1 1 1 
v 35.6994 8.95985 -321.91 1 1 1 1 
v 35.6994 8.95985 -321.91 1 1 1 1 
v 36.0994 8.95985 -321.91 1 1 1 1 
v 35.6994 8.95985 -322.51 1 1 1 1 
v 36.0994 8.95985 -322.51 1 1 1 1 
v 35.6994 4.55984 -321.91 1 1 1 1 
v 36.0994 4.55984 -321.91 1 1 1 1 
v 35.6994 8.95985 -321.91 1 1 1 1 
v 36.0994 8.95985 -321.91 1 1 1 1 

vn 1 0 0 
vn 1 0 0 
vn 1 0 0 
vn 1 0 0 
vn 0 -1 0 
vn 0 -1 0 
vn 0 -1 0 
vn 0 -1 0 
vn 0 0 -1 
vn 0 0 -1 
vn 0 0 -1 
vn 0 0 -1 
vn -1 0 0 
vn -1 0 0 
vn -1 0 0 
vn -1 0 0 
vn 0 1 0 
vn 0 1 0 
vn 0 1 0 
vn 0 1 0 
vn 0 0 1 
vn 0 0 1 
vn 0 0 1 
vn 0 0 1 

vt 0.38626 0.779057 
vt 0.31126 0.779057 
vt 0.38626 0.229057 
vt 0.31126 0.229057 
vt 0.36126 0.779057 
vt 0.31126 0.779057 
vt 0.36126 0.704057 
vt 0.31126 0.704057 
vt 0.36126 0.779057 
vt 0.31126 0.779057 
vt 0.36126 0.229057 
vt 0.31126 0.229057 
vt 0.38626 0.779057 
vt 0.31126 0.779057 
vt 0.38626 0.229057 
vt 0.31126 0.229057 
vt 0.36126 0.779057 
vt 0.31126 0.779057 
vt 0.36126 0.704057 
vt 0.31126 0.704057 
vt 0.36126 0.779057 
vt 0.31126 0.779057 
vt 0.36126 0.229057 
vt 0.31126 0.229057 

usemtl Part181Mtl

f 2821/2821/2821 2822/2822/2822 2823/2823/2823 
f 2823/2823/2823 2822/2822/2822 2824/2824/2824 
f 2825/2825/2825 2826/2826/2826 2827/2827/2827 
f 2827/2827/2827 2826/2826/2826 2828/2828/2828 
f 2829/2829/2829 2830/2830/2830 2831/2831/2831 
f 2831/2831/2831 2830/2830/2830 2832/2832/2832 
f 2833/2833/2833 2834/2834/2834 2835/2835/2835 
f 2835/2835/2835 2834/2834/2834 2836/2836/2836 
f 2837/2837/2837 2838/2838/2838 2839/2839/2839 
f 2839/2839/2839 2838/2838/2838 2840/2840/2840 
f 2841/2841/2841 2842/2842/2842 2843/2843/2843 
f 2843/2843/2843 2842/2842/2842 2844/2844/2844 

g Part190

v 39.0997 8.55991 -321.91 1 1 1 1 
v 39.0997 8.55991 -322.51 1 1 1 1 
v 39.0997 8.95991 -321.91 1 1 1 1 
v 39.0997 8.95991 -322.51 1 1 1 1 
v 35.6997 8.55991 -322.51 1 1 1 1 
v 39.0997 8.55991 -322.51 1 1 1 1 
v 35.6997 8.55991 -321.91 1 1 1 1 
v 39.0997 8.55991 -321.91 1 1 1 1 
v 39.0997 8.55991 -322.51 1 1 1 1 
v 35.6997 8.55991 -322.51 1 1 1 1 
v 39.0997 8.95991 -322.51 1 1 1 1 
v 35.6997 8.95991 -322.51 1 1 1 1 
v 35.6997 8.55991 -322.51 1 1 1 1 
v 35.6997 8.55991 -321.91 1 1 1 1 
v 35.6997 8.95991 -322.51 1 1 1 1 
v 35.6997 8.95991 -321.91 1 1 1 1 
v 35.6997 8.95991 -321.91 1 1 1 1 
v 39.0997 8.95991 -321.91 1 1 1 1 
v 35.6997 8.95991 -322.51 1 1 1 1 
v 39.0997 8.95991 -322.51 1 1 1 1 
v 35.6997 8.55991 -321.91 1 1 1 1 
v 39.0997 8.55991 -321.91 1 1 1 1 
v 35.6997 8.95991 -321.91 1 1 1 1 
v 39.0997 8.95991 -321.91 1 1 1 1 

vn 1 0 0 
vn 1 0 0 
vn 1 0 0 
vn 1 0 0 
vn 0 -1 0 
vn 0 -1 0 
vn 0 -1 0 
vn 0 -1 0 
vn 0 0 -1 
vn 0 0 -1 
vn 0 0 -1 
vn 0 0 -1 
vn -1 0 0 
vn -1 0 0 
vn -1 0 0 
vn -1 0 0 
vn 0 1 0 
vn 0 1 0 
vn 0 1 0 
vn 0 1 0 
vn 0 0 1 
vn 0 0 1 
vn 0 0 1 
vn 0 0 1 

vt 0.00213819 0.804796 
vt -0.0728618 0.804796 
vt 0.00213819 0.754796 
vt -0.0728618 0.754796 
vt 0.352138 0.804796 
vt -0.0728618 0.804796 
vt 0.352138 0.729796 
vt -0.0728618 0.729796 
vt 0.352138 0.804796 
vt -0.0728618 0.804796 
vt 0.352138 0.754796 
vt -0.0728618 0.754796 
vt 0.00213819 0.804796 
vt -0.0728618 0.804796 
vt 0.00213819 0.754796 
vt -0.0728618 0.754796 
vt 0.352138 0.804796 
vt -0.0728618 0.804796 
vt 0.352138 0.729796 
vt -0.0728618 0.729796 
vt 0.352138 0.804796 
vt -0.0728618 0.804796 
vt 0.352138 0.754796 
vt -0.0728618 0.754796 

usemtl Part181Mtl

f 2845/2845/2845 2846/2846/2846 2847/2847/2847 
f 2847/2847/2847 2846/2846/2846 2848/2848/2848 
f 2849/2849/2849 2850/2850/2850 2851/2851/2851 
f 2851/2851/2851 2850/2850/2850 2852/2852/2852 
f 2853/2853/2853 2854/2854/2854 2855/2855/2855 
f 2855/2855/2855 2854/2854/2854 2856/2856/2856 
f 2857/2857/2857 2858/2858/2858 2859/2859/2859 
f 2859/2859/2859 2858/2858/2858 2860/2860/2860 
f 2861/2861/2861 2862/2862/2862 2863/2863/2863 
f 2863/2863/2863 2862/2862/2862 2864/2864/2864 
f 2865/2865/2865 2866/2866/2866 2867/2867/2867 
f 2867/2867/2867 2866/2866/2866 2868/2868/2868 

g Part191

v 39.0995 4.55987 -321.91 1 1 1 1 
v 39.0995 4.55987 -322.51 1 1 1 1 
v 39.0995 8.95988 -321.91 1 1 1 1 
v 39.0995 8.95988 -322.51 1 1 1 1 
v 38.6995 4.55987 -322.51 1 1 1 1 
v 39.0995 4.55987 -322.51 1 1 1 1 
v 38.6995 4.55987 -321.91 1 1 1 1 
v 39.0995 4.55987 -321.91 1 1 1 1 
v 39.0995 4.55987 -322.51 1 1 1 1 
v 38.6995 4.55987 -322.51 1 1 1 1 
v 39.0995 8.95988 -322.51 1 1 1 1 
v 38.6995 8.95988 -322.51 1 1 1 1 
v 38.6995 4.55987 -322.51 1 1 1 1 
v 38.6995 4.55987 -321.91 1 1 1 1 
v 38.6995 8.95988 -322.51 1 1 1 1 
v 38.6995 8.95988 -321.91 1 1 1 1 
v 38.6995 8.95988 -321.91 1 1 1 1 
v 39.0995 8.95988 -321.91 1 1 1 1 
v 38.6995 8.95988 -322.51 1 1 1 1 
v 39.0995 8.95988 -322.51 1 1 1 1 
v 38.6995 4.55987 -321.91 1 1 1 1 
v 39.0995 4.55987 -321.91 1 1 1 1 
v 38.6995 8.95988 -321.91 1 1 1 1 
v 39.0995 8.95988 -321.91 1 1 1 1 

vn 1 0 0 
vn 1 0 0 
vn 1 0 0 
vn 1 0 0 
vn 0 -1 0 
vn 0 -1 0 
vn 0 -1 0 
vn 0 -1 0 
vn 0 0 -1 
vn 0 0 -1 
vn 0 0 -1 
vn 0 0 -1 
vn -1 0 0 
vn -1 0 0 
vn -1 0 0 
vn -1 0 0 
vn 0 1 0 
vn 0 1 0 
vn 0 1 0 
vn 0 1 0 
vn 0 0 1 
vn 0 0 1 
vn 0 0 1 
vn 0 0 1 

vt 0.196682 1.18193 
vt 0.121682 1.18193 
vt 0.196682 0.631931 
vt 0.121682 0.631931 
vt 0.171682 1.18193 
vt 0.121682 1.18193 
vt 0.171682 1.10693 
vt 0.121682 1.10693 
vt 0.171682 1.18193 
vt 0.121682 1.18193 
vt 0.171682 0.631931 
vt 0.121682 0.631931 
vt 0.196682 1.18193 
vt 0.121682 1.18193 
vt 0.196682 0.631931 
vt 0.121682 0.631931 
vt 0.171682 1.18193 
vt 0.121682 1.18193 
vt 0.171682 1.10693 
vt 0.121682 1.10693 
vt 0.171682 1.18193 
vt 0.121682 1.18193 
vt 0.171682 0.631931 
vt 0.121682 0.631931 

usemtl Part181Mtl

f 2869/2869/2869 2870/2870/2870 2871/2871/2871 
f 2871/2871/2871 2870/2870/2870 2872/2872/2872 
f 2873/2873/2873 2874/2874/2874 2875/2875/2875 
f 2875/2875/2875 2874/2874/2874 2876/2876/2876 
f 2877/2877/2877 2878/2878/2878 2879/2879/2879 
f 2879/2879/2879 2878/2878/2878 2880/2880/2880 
f 2881/2881/2881 2882/2882/2882 2883/2883/2883 
f 2883/2883/2883 2882/2882/2882 2884/2884/2884 
f 2885/2885/2885 2886/2886/2886 2887/2887/2887 
f 2887/2887/2887 2886/2886/2886 2888/2888/2888 
f 2889/2889/2889 2890/2890/2890 2891/2891/2891 
f 2891/2891/2891 2890/2890/2890 2892/2892/2892 

g Part192

v 51.5005 4.5699 -321.91 1 1 1 1 
v 51.5005 4.5699 -322.51 1 1 1 1 
v 51.5005 4.7699 -321.91 1 1 1 1 
v 51.5005 4.7699 -322.51 1 1 1 1 
v 48.1005 4.56991 -322.51 1 1 1 1 
v 51.5005 4.5699 -322.51 1 1 1 1 
v 48.1005 4.56991 -321.91 1 1 1 1 
v 51.5005 4.5699 -321.91 1 1 1 1 
v 51.5005 4.5699 -322.51 1 1 1 1 
v 48.1005 4.56991 -322.51 1 1 1 1 
v 51.5005 4.7699 -322.51 1 1 1 1 
v 48.1005 4.76991 -322.51 1 1 1 1 
v 48.1005 4.56991 -322.51 1 1 1 1 
v 48.1005 4.56991 -321.91 1 1 1 1 
v 48.1005 4.76991 -322.51 1 1 1 1 
v 48.1005 4.76991 -321.91 1 1 1 1 
v 48.1005 4.76991 -321.91 1 1 1 1 
v 51.5005 4.7699 -321.91 1 1 1 1 
v 48.1005 4.76991 -322.51 1 1 1 1 
v 51.5005 4.7699 -322.51 1 1 1 1 
v 48.1005 4.56991 -321.91 1 1 1 1 
v 51.5005 4.5699 -321.91 1 1 1 1 
v 48.1005 4.76991 -321.91 1 1 1 1 
v 51.5005 4.7699 -321.91 1 1 1 1 

vn 1 0 0 
vn 1 0 0 
vn 1 0 0 
vn 1 0 0 
vn 0 -1 0 
vn 0 -1 0 
vn 0 -1 0 
vn 0 -1 0 
vn 0 0 -1 
vn 0 0 -1 
vn 0 0 -1 
vn 0 0 -1 
vn -1 0 0 
vn -1 0 0 
vn -1 0 0 
vn -1 0 0 
vn 0 1 0 
vn 0 1 0 
vn 0 1 0 
vn 0 1 0 
vn 0 0 1 
vn 0 0 1 
vn 0 0 1 
vn 0 0 1 

vt 0.0054501 0.973213 
vt -0.0695499 0.973213 
vt 0.0054501 0.948213 
vt -0.0695499 0.948213 
vt 0.35545 0.973213 
vt -0.0695499 0.973213 
vt 0.35545 0.898213 
vt -0.0695499 0.898213 
vt 0.35545 0.973213 
vt -0.0695499 0.973213 
vt 0.35545 0.948213 
vt -0.0695499 0.948213 
vt 0.0054501 0.973213 
vt -0.0695499 0.973213 
vt 0.0054501 0.948213 
vt -0.0695499 0.948213 
vt 0.35545 0.973213 
vt -0.0695499 0.973213 
vt 0.35545 0.898213 
vt -0.0695499 0.898213 
vt 0.35545 0.973213 
vt -0.0695499 0.973213 
vt 0.35545 0.948213 
vt -0.0695499 0.948213 

usemtl Part181Mtl

f 2893/2893/2893 2894/2894/2894 2895/2895/2895 
f 2895/2895/2895 2894/2894/2894 2896/2896/2896 
f 2897/2897/2897 2898/2898/2898 2899/2899/2899 
f 2899/2899/2899 2898/2898/2898 2900/2900/2900 
f 2901/2901/2901 2902/2902/2902 2903/2903/2903 
f 2903/2903/2903 2902/2902/2902 2904/2904/2904 
f 2905/2905/2905 2906/2906/2906 2907/2907/2907 
f 2907/2907/2907 2906/2906/2906 2908/2908/2908 
f 2909/2909/2909 2910/2910/2910 2911/2911/2911 
f 2911/2911/2911 2910/2910/2910 2912/2912/2912 
f 2913/2913/2913 2914/2914/2914 2915/2915/2915 
f 2915/2915/2915 2914/2914/2914 2916/2916/2916 

g Part193

v 51.1002 4.55991 -322.11 1 1 1 1 
v 51.1002 4.55991 -322.31 1 1 1 1 
v 51.1002 8.55992 -322.11 1 1 1 1 
v 51.1002 8.55992 -322.31 1 1 1 1 
v 50.9002 4.55991 -322.31 1 1 1 1 
v 51.1002 4.55991 -322.31 1 1 1 1 
v 50.9002 4.55991 -322.11 1 1 1 1 
v 51.1002 4.55991 -322.11 1 1 1 1 
v 51.1002 4.55991 -322.31 1 1 1 1 
v 50.9002 4.55991 -322.31 1 1 1 1 
v 51.1002 8.55992 -322.31 1 1 1 1 
v 50.9002 8.55992 -322.31 1 1 1 1 
v 50.9002 4.55991 -322.31 1 1 1 1 
v 50.9002 4.55991 -322.11 1 1 1 1 
v 50.9002 8.55992 -322.31 1 1 1 1 
v 50.9002 8.55992 -322.11 1 1 1 1 
v 50.9002 8.55992 -322.11 1 1 1 1 
v 51.1002 8.55992 -322.11 1 1 1 1 
v 50.9002 8.55992 -322.31 1 1 1 1 
v 51.1002 8.55992 -322.31 1 1 1 1 
v 50.9002 4.55991 -322.11 1 1 1 1 
v 51.1002 4.55991 -322.11 1 1 1 1 
v 50.9002 8.55992 -322.11 1 1 1 1 
v 51.1002 8.55992 -322.11 1 1 1 1 

vn 1 0 0 
vn 1 0 0 
vn 1 0 0 
vn 1 0 0 
vn 0 -1 0 
vn 0 -1 0 
vn 0 -1 0 
vn 0 -1 0 
vn 0 0 -1 
vn 0 0 -1 
vn 0 0 -1 
vn 0 0 -1 
vn -1 0 0 
vn -1 0 0 
vn -1 0 0 
vn -1 0 0 
vn 0 1 0 
vn 0 1 0 
vn 0 1 0 
vn 0 1 0 
vn 0 0 1 
vn 0 0 1 
vn 0 0 1 
vn 0 0 1 

vt -0.115087 1.27396 
vt -0.140087 1.27396 
vt -0.115087 0.773965 
vt -0.140087 0.773965 
vt -0.115087 1.27396 
vt -0.140087 1.27396 
vt -0.115087 1.24896 
vt -0.140087 1.24896 
vt -0.115087 1.27396 
vt -0.140087 1.27396 
vt -0.115087 0.773965 
vt -0.140087 0.773965 
vt -0.115087 1.27396 
vt -0.140087 1.27396 
vt -0.115087 0.773965 
vt -0.140087 0.773965 
vt -0.115087 1.27396 
vt -0.140087 1.27396 
vt -0.115087 1.24896 
vt -0.140087 1.24896 
vt -0.115087 1.27396 
vt -0.140087 1.27396 
vt -0.115087 0.773965 
vt -0.140087 0.773965 

usemtl Part182Mtl

f 2917/2917/2917 2918/2918/2918 2919/2919/2919 
f 2919/2919/2919 2918/2918/2918 2920/2920/2920 
f 2921/2921/2921 2922/2922/2922 2923/2923/2923 
f 2923/2923/2923 2922/2922/2922 2924/2924/2924 
f 2925/2925/2925 2926/2926/2926 2927/2927/2927 
f 2927/2927/2927 2926/2926/2926 2928/2928/2928 
f 2929/2929/2929 2930/2930/2930 2931/2931/2931 
f 2931/2931/2931 2930/2930/2930 2932/2932/2932 
f 2933/2933/2933 2934/2934/2934 2935/2935/2935 
f 2935/2935/2935 2934/2934/2934 2936/2936/2936 
f 2937/2937/2937 2938/2938/2938 2939/2939/2939 
f 2939/2939/2939 2938/2938/2938 2940/2940/2940 

g Part194

v 50.9005 8.35997 -322.11 1 1 1 1 
v 50.9005 8.35997 -322.31 1 1 1 1 
v 50.9005 8.55997 -322.11 1 1 1 1 
v 50.9005 8.55997 -322.31 1 1 1 1 
v 48.7005 8.35997 -322.31 1 1 1 1 
v 50.9005 8.35997 -322.31 1 1 1 1 
v 48.7005 8.35997 -322.11 1 1 1 1 
v 50.9005 8.35997 -322.11 1 1 1 1 
v 50.9005 8.35997 -322.31 1 1 1 1 
v 48.7005 8.35997 -322.31 1 1 1 1 
v 50.9005 8.55997 -322.31 1 1 1 1 
v 48.7005 8.55997 -322.31 1 1 1 1 
v 48.7005 8.35997 -322.31 1 1 1 1 
v 48.7005 8.35997 -322.11 1 1 1 1 
v 48.7005 8.55997 -322.31 1 1 1 1 
v 48.7005 8.55997 -322.11 1 1 1 1 
v 48.7005 8.55997 -322.11 1 1 1 1 
v 50.9005 8.55997 -322.11 1 1 1 1 
v 48.7005 8.55997 -322.31 1 1 1 1 
v 50.9005 8.55997 -322.31 1 1 1 1 
v 48.7005 8.35997 -322.11 1 1 1 1 
v 50.9005 8.35997 -322.11 1 1 1 1 
v 48.7005 8.55997 -322.11 1 1 1 1 
v 50.9005 8.55997 -322.11 1 1 1 1 

vn 1 0 0 
vn 1 0 0 
vn 1 0 0 
vn 1 0 0 
vn 0 -1 0 
vn 0 -1 0 
vn 0 -1 0 
vn 0 -1 0 
vn 0 0 -1 
vn 0 0 -1 
vn 0 0 -1 
vn 0 0 -1 
vn -1 0 0 
vn -1 0 0 
vn -1 0 0 
vn -1 0 0 
vn 0 1 0 
vn 0 1 0 
vn 0 1 0 
vn 0 1 0 
vn 0 0 1 
vn 0 0 1 
vn 0 0 1 
vn 0 0 1 

vt 0.183474 0.937539 
vt 0.158474 0.937539 
vt 0.183474 0.912539 
vt 0.158474 0.912539 
vt 0.433474 0.937539 
vt 0.158474 0.937539 
vt 0.433474 0.912539 
vt 0.158474 0.912539 
vt 0.433474 0.937539 
vt 0.158474 0.937539 
vt 0.433474 0.912539 
vt 0.158474 0.912539 
vt 0.183474 0.937539 
vt 0.158474 0.937539 
vt 0.183474 0.912539 
vt 0.158474 0.912539 
vt 0.433474 0.937539 
vt 0.158474 0.937539 
vt 0.433474 0.912539 
vt 0.158474 0.912539 
vt 0.433474 0.937539 
vt 0.158474 0.937539 
vt 0.433474 0.912539 
vt 0.158474 0.912539 

usemtl Part182Mtl

f 2941/2941/2941 2942/2942/2942 2943/2943/2943 
f 2943/2943/2943 2942/2942/2942 2944/2944/2944 
f 2945/2945/2945 2946/2946/2946 2947/2947/2947 
f 2947/2947/2947 2946/2946/2946 2948/2948/2948 
f 2949/2949/2949 2950/2950/2950 2951/2951/2951 
f 2951/2951/2951 2950/2950/2950 2952/2952/2952 
f 2953/2953/2953 2954/2954/2954 2955/2955/2955 
f 2955/2955/2955 2954/2954/2954 2956/2956/2956 
f 2957/2957/2957 2958/2958/2958 2959/2959/2959 
f 2959/2959/2959 2958/2958/2958 2960/2960/2960 
f 2961/2961/2961 2962/2962/2962 2963/2963/2963 
f 2963/2963/2963 2962/2962/2962 2964/2964/2964 

g Part195

v 48.7004 4.55994 -322.11 1 1 1 1 
v 48.7004 4.55994 -322.31 1 1 1 1 
v 48.7004 8.55995 -322.11 1 1 1 1 
v 48.7004 8.55995 -322.31 1 1 1 1 
v 48.5004 4.55994 -322.31 1 1 1 1 
v 48.7004 4.55994 -322.31 1 1 1 1 
v 48.5004 4.55994 -322.11 1 1 1 1 
v 48.7004 4.55994 -322.11 1 1 1 1 
v 48.7004 4.55994 -322.31 1 1 1 1 
v 48.5004 4.55994 -322.31 1 1 1 1 
v 48.7004 8.55995 -322.31 1 1 1 1 
v 48.5004 8.55995 -322.31 1 1 1 1 
v 48.5004 4.55994 -322.31 1 1 1 1 
v 48.5004 4.55994 -322.11 1 1 1 1 
v 48.5004 8.55995 -322.31 1 1 1 1 
v 48.5004 8.55995 -322.11 1 1 1 1 
v 48.5004 8.55995 -322.11 1 1 1 1 
v 48.7004 8.55995 -322.11 1 1 1 1 
v 48.5004 8.55995 -322.31 1 1 1 1 
v 48.7004 8.55995 -322.31 1 1 1 1 
v 48.5004 4.55994 -322.11 1 1 1 1 
v 48.7004 4.55994 -322.11 1 1 1 1 
v 48.5004 8.55995 -322.11 1 1 1 1 
v 48.7004 8.55995 -322.11 1 1 1 1 

vn 1 0 0 
vn 1 0 0 
vn 1 0 0 
vn 1 0 0 
vn 0 -1 0 
vn 0 -1 0 
vn 0 -1 0 
vn 0 -1 0 
vn 0 0 -1 
vn 0 0 -1 
vn 0 0 -1 
vn 0 0 -1 
vn -1 0 0 
vn -1 0 0 
vn -1 0 0 
vn -1 0 0 
vn 0 1 0 
vn 0 1 0 
vn 0 1 0 
vn 0 1 0 
vn 0 0 1 
vn 0 0 1 
vn 0 0 1 
vn 0 0 1 

vt -0.0437258 1.08835 
vt -0.0687258 1.08835 
vt -0.0437258 0.588347 
vt -0.0687258 0.588347 
vt -0.0437258 1.08835 
vt -0.0687258 1.08835 
vt -0.0437258 1.06335 
vt -0.0687258 1.06335 
vt -0.0437258 1.08835 
vt -0.0687258 1.08835 
vt -0.0437258 0.588347 
vt -0.0687258 0.588347 
vt -0.0437258 1.08835 
vt -0.0687258 1.08835 
vt -0.0437258 0.588347 
vt -0.0687258 0.588347 
vt -0.0437258 1.08835 
vt -0.0687258 1.08835 
vt -0.0437258 1.06335 
vt -0.0687258 1.06335 
vt -0.0437258 1.08835 
vt -0.0687258 1.08835 
vt -0.0437258 0.588347 
vt -0.0687258 0.588347 

usemtl Part182Mtl

f 2965/2965/2965 2966/2966/2966 2967/2967/2967 
f 2967/2967/2967 2966/2966/2966 2968/2968/2968 
f 2969/2969/2969 2970/2970/2970 2971/2971/2971 
f 2971/2971/2971 2970/2970/2970 2972/2972/2972 
f 2973/2973/2973 2974/2974/2974 2975/2975/2975 
f 2975/2975/2975 2974/2974/2974 2976/2976/2976 
f 2977/2977/2977 2978/2978/2978 2979/2979/2979 
f 2979/2979/2979 2978/2978/2978 2980/2980/2980 
f 2981/2981/2981 2982/2982/2982 2983/2983/2983 
f 2983/2983/2983 2982/2982/2982 2984/2984/2984 
f 2985/2985/2985 2986/2986/2986 2987/2987/2987 
f 2987/2987/2987 2986/2986/2986 2988/2988/2988 

g Part196

v 50.9005 7.36 -322.11 1 1 1 1 
v 50.9005 7.36 -322.31 1 1 1 1 
v 50.9005 7.56 -322.11 1 1 1 1 
v 50.9005 7.56 -322.31 1 1 1 1 
v 48.7005 7.36 -322.31 1 1 1 1 
v 50.9005 7.36 -322.31 1 1 1 1 
v 48.7005 7.36 -322.11 1 1 1 1 
v 50.9005 7.36 -322.11 1 1 1 1 
v 50.9005 7.36 -322.31 1 1 1 1 
v 48.7005 7.36 -322.31 1 1 1 1 
v 50.9005 7.56 -322.31 1 1 1 1 
v 48.7005 7.56 -322.31 1 1 1 1 
v 48.7005 7.36 -322.31 1 1 1 1 
v 48.7005 7.36 -322.11 1 1 1 1 
v 48.7005 7.56 -322.31 1 1 1 1 
v 48.7005 7.56 -322.11 1 1 1 1 
v 48.7005 7.56 -322.11 1 1 1 1 
v 50.9005 7.56 -322.11 1 1 1 1 
v 48.7005 7.56 -322.31 1 1 1 1 
v 50.9005 7.56 -322.31 1 1 1 1 
v 48.7005 7.36 -322.11 1 1 1 1 
v 50.9005 7.36 -322.11 1 1 1 1 
v 48.7005 7.56 -322.11 1 1 1 1 
v 50.9005 7.56 -322.11 1 1 1 1 

vn 1 0 0 
vn 1 0 0 
vn 1 0 0 
vn 1 0 0 
vn 0 -1 0 
vn 0 -1 0 
vn 0 -1 0 
vn 0 -1 0 
vn 0 0 -1 
vn 0 0 -1 
vn 0 0 -1 
vn 0 0 -1 
vn -1 0 0 
vn -1 0 0 
vn -1 0 0 
vn -1 0 0 
vn 0 1 0 
vn 0 1 0 
vn 0 1 0 
vn 0 1 0 
vn 0 0 1 
vn 0 0 1 
vn 0 0 1 
vn 0 0 1 

vt -0.0370262 0.864822 
vt -0.0620263 0.864822 
vt -0.0370262 0.839822 
vt -0.0620263 0.839822 
vt 0.212974 0.864822 
vt -0.0620263 0.864822 
vt 0.212974 0.839822 
vt -0.0620263 0.839822 
vt 0.212974 0.864822 
vt -0.0620263 0.864822 
vt 0.212974 0.839822 
vt -0.0620263 0.839822 
vt -0.0370262 0.864822 
vt -0.0620263 0.864822 
vt -0.0370262 0.839822 
vt -0.0620263 0.839822 
vt 0.212974 0.864822 
vt -0.0620263 0.864822 
vt 0.212974 0.839822 
vt -0.0620263 0.839822 
vt 0.212974 0.864822 
vt -0.0620263 0.864822 
vt 0.212974 0.839822 
vt -0.0620263 0.839822 

usemtl Part182Mtl

f 2989/2989/2989 2990/2990/2990 2991/2991/2991 
f 2991/2991/2991 2990/2990/2990 2992/2992/2992 
f 2993/2993/2993 2994/2994/2994 2995/2995/2995 
f 2995/2995/2995 2994/2994/2994 2996/2996/2996 
f 2997/2997/2997 2998/2998/2998 2999/2999/2999 
f 2999/2999/2999 2998/2998/2998 3000/3000/3000 
f 3001/3001/3001 3002/3002/3002 3003/3003/3003 
f 3003/3003/3003 3002/3002/3002 3004/3004/3004 
f 3005/3005/3005 3006/3006/3006 3007/3007/3007 
f 3007/3007/3007 3006/3006/3006 3008/3008/3008 
f 3009/3009/3009 3010/3010/3010 3011/3011/3011 
f 3011/3011/3011 3010/3010/3010 3012/3012/3012 

g Part197

v 49.9005 4.89992 -322.11 1 1 1 1 
v 49.9005 4.89992 -322.31 1 1 1 1 
v 49.9005 7.35993 -322.11 1 1 1 1 
v 49.9005 7.35993 -322.31 1 1 1 1 
v 49.7005 4.89992 -322.31 1 1 1 1 
v 49.9005 4.89992 -322.31 1 1 1 1 
v 49.7005 4.89992 -322.11 1 1 1 1 
v 49.9005 4.89992 -322.11 1 1 1 1 
v 49.9005 4.89992 -322.31 1 1 1 1 
v 49.7005 4.89992 -322.31 1 1 1 1 
v 49.9005 7.35993 -322.31 1 1 1 1 
v 49.7005 7.35993 -322.31 1 1 1 1 
v 49.7005 4.89992 -322.31 1 1 1 1 
v 49.7005 4.89992 -322.11 1 1 1 1 
v 49.7005 7.35993 -322.31 1 1 1 1 
v 49.7005 7.35993 -322.11 1 1 1 1 
v 49.7005 7.35993 -322.11 1 1 1 1 
v 49.9005 7.35993 -322.11 1 1 1 1 
v 49.7005 7.35993 -322.31 1 1 1 1 
v 49.9005 7.35993 -322.31 1 1 1 1 
v 49.7005 4.89992 -322.11 1 1 1 1 
v 49.9005 4.89992 -322.11 1 1 1 1 
v 49.7005 7.35993 -322.11 1 1 1 1 
v 49.9005 7.35993 -322.11 1 1 1 1 

vn 1 0 0 
vn 1 0 0 
vn 1 0 0 
vn 1 0 0 
vn 0 -1 0 
vn 0 -1 0 
vn 0 -1 0 
vn 0 -1 0 
vn 0 0 -1 
vn 0 0 -1 
vn 0 0 -1 
vn 0 0 -1 
vn -1 0 0 
vn -1 0 0 
vn -1 0 0 
vn -1 0 0 
vn 0 1 0 
vn 0 1 0 
vn 0 1 0 
vn 0 1 0 
vn 0 0 1 
vn 0 0 1 
vn 0 0 1 
vn 0 0 1 

vt 0.149099 0.873189 
vt 0.124099 0.873189 
vt 0.149099 0.565689 
vt 0.124099 0.565689 
vt 0.149099 0.873189 
vt 0.124099 0.873189 
vt 0.149099 0.848189 
vt 0.124099 0.848189 
vt 0.149099 0.873189 
vt 0.124099 0.873189 
vt 0.149099 0.565689 
vt 0.124099 0.565689 
vt 0.149099 0.873189 
vt 0.124099 0.873189 
vt 0.149099 0.565689 
vt 0.124099 0.565689 
vt 0.149099 0.873189 
vt 0.124099 0.873189 
vt 0.149099 0.848189 
vt 0.124099 0.848189 
vt 0.149099 0.873189 
vt 0.124099 0.873189 
vt 0.149099 0.565689 
vt 0.124099 0.565689 

usemtl Part182Mtl

f 3013/3013/3013 3014/3014/3014 3015/3015/3015 
f 3015/3015/3015 3014/3014/3014 3016/3016/3016 
f 3017/3017/3017 3018/3018/3018 3019/3019/3019 
f 3019/3019/3019 3018/3018/3018 3020/3020/3020 
f 3021/3021/3021 3022/3022/3022 3023/3023/3023 
f 3023/3023/3023 3022/3022/3022 3024/3024/3024 
f 3025/3025/3025 3026/3026/3026 3027/3027/3027 
f 3027/3027/3027 3026/3026/3026 3028/3028/3028 
f 3029/3029/3029 3030/3030/3030 3031/3031/3031 
f 3031/3031/3031 3030/3030/3030 3032/3032/3032 
f 3033/3033/3033 3034/3034/3034 3035/3035/3035 
f 3035/3035/3035 3034/3034/3034 3036/3036/3036 

g Part198

v 50.9005 4.70992 -322.11 1 1 1 1 
v 50.9005 4.70992 -322.31 1 1 1 1 
v 50.9005 4.90992 -322.11 1 1 1 1 
v 50.9005 4.90992 -322.31 1 1 1 1 
v 48.7005 4.70992 -322.31 1 1 1 1 
v 50.9005 4.70992 -322.31 1 1 1 1 
v 48.7005 4.70992 -322.11 1 1 1 1 
v 50.9005 4.70992 -322.11 1 1 1 1 
v 50.9005 4.70992 -322.31 1 1 1 1 
v 48.7005 4.70992 -322.31 1 1 1 1 
v 50.9005 4.90992 -322.31 1 1 1 1 
v 48.7005 4.90992 -322.31 1 1 1 1 
v 48.7005 4.70992 -322.31 1 1 1 1 
v 48.7005 4.70992 -322.11 1 1 1 1 
v 48.7005 4.90992 -322.31 1 1 1 1 
v 48.7005 4.90992 -322.11 1 1 1 1 
v 48.7005 4.90992 -322.11 1 1 1 1 
v 50.9005 4.90992 -322.11 1 1 1 1 
v 48.7005 4.90992 -322.31 1 1 1 1 
v 50.9005 4.90992 -322.31 1 1 1 1 
v 48.7005 4.70992 -322.11 1 1 1 1 
v 50.9005 4.70992 -322.11 1 1 1 1 
v 48.7005 4.90992 -322.11 1 1 1 1 
v 50.9005 4.90992 -322.11 1 1 1 1 

vn 1 0 0 
vn 1 0 0 
vn 1 0 0 
vn 1 0 0 
vn 0 -1 0 
vn 0 -1 0 
vn 0 -1 0 
vn 0 -1 0 
vn 0 0 -1 
vn 0 0 -1 
vn 0 0 -1 
vn 0 0 -1 
vn -1 0 0 
vn -1 0 0 
vn -1 0 0 
vn -1 0 0 
vn 0 1 0 
vn 0 1 0 
vn 0 1 0 
vn 0 1 0 
vn 0 0 1 
vn 0 0 1 
vn 0 0 1 
vn 0 0 1 

vt 0.160178 1.0438 
vt 0.135178 1.0438 
vt 0.160178 1.0188 
vt 0.135178 1.0188 
vt 0.410178 1.0438 
vt 0.135178 1.0438 
vt 0.410178 1.0188 
vt 0.135178 1.0188 
vt 0.410178 1.0438 
vt 0.135178 1.0438 
vt 0.410178 1.0188 
vt 0.135178 1.0188 
vt 0.160178 1.0438 
vt 0.135178 1.0438 
vt 0.160178 1.0188 
vt 0.135178 1.0188 
vt 0.410178 1.0438 
vt 0.135178 1.0438 
vt 0.410178 1.0188 
vt 0.135178 1.0188 
vt 0.410178 1.0438 
vt 0.135178 1.0438 
vt 0.410178 1.0188 
vt 0.135178 1.0188 

usemtl Part182Mtl

f 3037/3037/3037 3038/3038/3038 3039/3039/3039 
f 3039/3039/3039 3038/3038/3038 3040/3040/3040 
f 3041/3041/3041 3042/3042/3042 3043/3043/3043 
f 3043/3043/3043 3042/3042/3042 3044/3044/3044 
f 3045/3045/3045 3046/3046/3046 3047/3047/3047 
f 3047/3047/3047 3046/3046/3046 3048/3048/3048 
f 3049/3049/3049 3050/3050/3050 3051/3051/3051 
f 3051/3051/3051 3050/3050/3050 3052/3052/3052 
f 3053/3053/3053 3054/3054/3054 3055/3055/3055 
f 3055/3055/3055 3054/3054/3054 3056/3056/3056 
f 3057/3057/3057 3058/3058/3058 3059/3059/3059 
f 3059/3059/3059 3058/3058/3058 3060/3060/3060 

g Part199

v 51.5004 4.36994 -321.71 1 1 1 1 
v 51.5004 4.36994 -322.71 1 1 1 1 
v 51.5004 4.56994 -321.71 1 1 1 1 
v 51.5004 4.56994 -322.71 1 1 1 1 
v 48.1004 4.36994 -322.71 1 1 1 1 
v 51.5004 4.36994 -322.71 1 1 1 1 
v 48.1004 4.36994 -321.71 1 1 1 1 
v 51.5004 4.36994 -321.71 1 1 1 1 
v 51.5004 4.36994 -322.71 1 1 1 1 
v 48.1004 4.36994 -322.71 1 1 1 1 
v 51.5004 4.56994 -322.71 1 1 1 1 
v 48.1004 4.56994 -322.71 1 1 1 1 
v 48.1004 4.36994 -322.71 1 1 1 1 
v 48.1004 4.36994 -321.71 1 1 1 1 
v 48.1004 4.56994 -322.71 1 1 1 1 
v 48.1004 4.56994 -321.71 1 1 1 1 
v 48.1004 4.56994 -321.71 1 1 1 1 
v 51.5004 4.56994 -321.71 1 1 1 1 
v 48.1004 4.56994 -322.71 1 1 1 1 
v 51.5004 4.56994 -322.71 1 1 1 1 
v 48.1004 4.36994 -321.71 1 1 1 1 
v 51.5004 4.36994 -321.71 1 1 1 1 
v 48.1004 4.56994 -321.71 1 1 1 1 
v 51.5004 4.56994 -321.71 1 1 1 1 

vn 1 0 0 
vn 1 0 0 
vn 1 0 0 
vn 1 0 0 
vn 0 -1 0 
vn 0 -1 0 
vn 0 -1 0 
vn 0 -1 0 
vn 0 0 -1 
vn 0 0 -1 
vn 0 0 -1 
vn 0 0 -1 
vn -1 0 0 
vn -1 0 0 
vn -1 0 0 
vn -1 0 0 
vn 0 1 0 
vn 0 1 0 
vn 0 1 0 
vn 0 1 0 
vn 0 0 1 
vn 0 0 1 
vn 0 0 1 
vn 0 0 1 

vt 0.390147 0.760839 
vt 0.265147 0.760839 
vt 0.390147 0.735839 
vt 0.265147 0.735839 
vt 0.690148 0.760839 
vt 0.265147 0.760839 
vt 0.690148 0.635839 
vt 0.265147 0.635839 
vt 0.690148 0.760839 
vt 0.265147 0.760839 
vt 0.690148 0.735839 
vt 0.265147 0.735839 
vt 0.390147 0.760839 
vt 0.265147 0.760839 
vt 0.390147 0.735839 
vt 0.265147 0.735839 
vt 0.690148 0.760839 
vt 0.265147 0.760839 
vt 0.690148 0.635839 
vt 0.265147 0.635839 
vt 0.690148 0.760839 
vt 0.265147 0.760839 
vt 0.690148 0.735839 
vt 0.265147 0.735839 

usemtl Part181Mtl

f 3061/3061/3061 3062/3062/3062 3063/3063/3063 
f 3063/3063/3063 3062/3062/3062 3064/3064/3064 
f 3065/3065/3065 3066/3066/3066 3067/3067/3067 
f 3067/3067/3067 3066/3066/3066 3068/3068/3068 
f 3069/3069/3069 3070/3070/3070 3071/3071/3071 
f 3071/3071/3071 3070/3070/3070 3072/3072/3072 
f 3073/3073/3073 3074/3074/3074 3075/3075/3075 
f 3075/3075/3075 3074/3074/3074 3076/3076/3076 
f 3077/3077/3077 3078/3078/3078 3079/3079/3079 
f 3079/3079/3079 3078/3078/3078 3080/3080/3080 
f 3081/3081/3081 3082/3082/3082 3083/3083/3083 
f 3083/3083/3083 3082/3082/3082 3084/3084/3084 

g Part200

v 48.5 4.55991 -321.91 1 1 1 1 
v 48.5 4.55991 -322.51 1 1 1 1 
v 48.5 8.95992 -321.91 1 1 1 1 
v 48.5 8.95992 -322.51 1 1 1 1 
v 48.0999 4.55991 -322.51 1 1 1 1 
v 48.5 4.55991 -322.51 1 1 1 1 
v 48.0999 4.55991 -321.91 1 1 1 1 
v 48.5 4.55991 -321.91 1 1 1 1 
v 48.5 4.55991 -322.51 1 1 1 1 
v 48.0999 4.55991 -322.51 1 1 1 1 
v 48.5 8.95992 -322.51 1 1 1 1 
v 48.1 8.95992 -322.51 1 1 1 1 
v 48.0999 4.55991 -322.51 1 1 1 1 
v 48.0999 4.55991 -321.91 1 1 1 1 
v 48.1 8.95992 -322.51 1 1 1 1 
v 48.1 8.95992 -321.91 1 1 1 1 
v 48.1 8.95992 -321.91 1 1 1 1 
v 48.5 8.95992 -321.91 1 1 1 1 
v 48.1 8.95992 -322.51 1 1 1 1 
v 48.5 8.95992 -322.51 1 1 1 1 
v 48.0999 4.55991 -321.91 1 1 1 1 
v 48.5 4.55991 -321.91 1 1 1 1 
v 48.1 8.95992 -321.91 1 1 1 1 
v 48.5 8.95992 -321.91 1 1 1 1 

vn 1 0 0 
vn 1 0 0 
vn 1 0 0 
vn 1 0 0 
vn 0 -1 0 
vn 0 -1 0 
vn 0 -1 0 
vn 0 -1 0 
vn 0 0 -1 
vn 0 0 -1 
vn 0 0 -1 
vn 0 0 -1 
vn -1 0 0 
vn -1 0 0 
vn -1 0 0 
vn -1 0 0 
vn 0 1 0 
vn 0 1 0 
vn 0 1 0 
vn 0 1 0 
vn 0 0 1 
vn 0 0 1 
vn 0 0 1 
vn 0 0 1 

vt -0.126593 0.779057 
vt -0.201593 0.779057 
vt -0.126593 0.229057 
vt -0.201593 0.229057 
vt -0.151593 0.779057 
vt -0.201593 0.779057 
vt -0.151593 0.704057 
vt -0.201593 0.704057 
vt -0.151593 0.779057 
vt -0.201593 0.779057 
vt -0.151593 0.229057 
vt -0.201593 0.229057 
vt -0.126593 0.779057 
vt -0.201593 0.779057 
vt -0.126593 0.229057 
vt -0.201593 0.229057 
vt -0.151593 0.779057 
vt -0.201593 0.779057 
vt -0.151593 0.704057 
vt -0.201593 0.704057 
vt -0.151593 0.779057 
vt -0.201593 0.779057 
vt -0.151593 0.229057 
vt -0.201593 0.229057 

usemtl Part181Mtl

f 3085/3085/3085 3086/3086/3086 3087/3087/3087 
f 3087/3087/3087 3086/3086/3086 3088/3088/3088 
f 3089/3089/3089 3090/3090/3090 3091/3091/3091 
f 3091/3091/3091 3090/3090/3090 3092/3092/3092 
f 3093/3093/3093 3094/3094/3094 3095/3095/3095 
f 3095/3095/3095 3094/3094/3094 3096/3096/3096 
f 3097/3097/3097 3098/3098/3098 3099/3099/3099 
f 3099/3099/3099 3098/3098/3098 3100/3100/3100 
f 3101/3101/3101 3102/3102/3102 3103/3103/3103 
f 3103/3103/3103 3102/3102/3102 3104/3104/3104 
f 3105/3105/3105 3106/3106/3106 3107/3107/3107 
f 3107/3107/3107 3106/3106/3106 3108/3108/3108 

g Part201

v 51.5005 8.55998 -321.91 1 1 1 1 
v 51.5005 8.55998 -322.51 1 1 1 1 
v 51.5005 8.95998 -321.91 1 1 1 1 
v 51.5005 8.95998 -322.51 1 1 1 1 
v 48.1005 8.55998 -322.51 1 1 1 1 
v 51.5005 8.55998 -322.51 1 1 1 1 
v 48.1005 8.55998 -321.91 1 1 1 1 
v 51.5005 8.55998 -321.91 1 1 1 1 
v 51.5005 8.55998 -322.51 1 1 1 1 
v 48.1005 8.55998 -322.51 1 1 1 1 
v 51.5005 8.95998 -322.51 1 1 1 1 
v 48.1005 8.95998 -322.51 1 1 1 1 
v 48.1005 8.55998 -322.51 1 1 1 1 
v 48.1005 8.55998 -321.91 1 1 1 1 
v 48.1005 8.95998 -322.51 1 1 1 1 
v 48.1005 8.95998 -321.91 1 1 1 1 
v 48.1005 8.95998 -321.91 1 1 1 1 
v 51.5005 8.95998 -321.91 1 1 1 1 
v 48.1005 8.95998 -322.51 1 1 1 1 
v 51.5005 8.95998 -322.51 1 1 1 1 
v 48.1005 8.55998 -321.91 1 1 1 1 
v 51.5005 8.55998 -321.91 1 1 1 1 
v 48.1005 8.95998 -321.91 1 1 1 1 
v 51.5005 8.95998 -321.91 1 1 1 1 

vn 1 0 0 
vn 1 0 0 
vn 1 0 0 
vn 1 0 0 
vn 0 -1 0 
vn 0 -1 0 
vn 0 -1 0 
vn 0 -1 0 
vn 0 0 -1 
vn 0 0 -1 
vn 0 0 -1 
vn 0 0 -1 
vn -1 0 0 
vn -1 0 0 
vn -1 0 0 
vn -1 0 0 
vn 0 1 0 
vn 0 1 0 
vn 0 1 0 
vn 0 1 0 
vn 0 0 1 
vn 0 0 1 
vn 0 0 1 
vn 0 0 1 

vt -0.082569 0.771237 
vt -0.157569 0.771237 
vt -0.082569 0.721237 
vt -0.157569 0.721237 
vt 0.267431 0.771237 
vt -0.157569 0.771237 
vt 0.267431 0.696237 
vt -0.157569 0.696237 
vt 0.267431 0.771237 
vt -0.157569 0.771237 
vt 0.267431 0.721237 
vt -0.157569 0.721237 
vt -0.082569 0.771237 
vt -0.157569 0.771237 
vt -0.082569 0.721237 
vt -0.157569 0.721237 
vt 0.267431 0.771237 
vt -0.157569 0.771237 
vt 0.267431 0.696237 
vt -0.157569 0.696237 
vt 0.267431 0.771237 
vt -0.157569 0.771237 
vt 0.267431 0.721237 
vt -0.157569 0.721237 

usemtl Part181Mtl

f 3109/3109/3109 3110/3110/3110 3111/3111/3111 
f 3111/3111/3111 3110/3110/3110 3112/3112/3112 
f 3113/3113/3113 3114/3114/3114 3115/3115/3115 
f 3115/3115/3115 3114/3114/3114 3116/3116/3116 
f 3117/3117/3117 3118/3118/3118 3119/3119/3119 
f 3119/3119/3119 3118/3118/3118 3120/3120/3120 
f 3121/3121/3121 3122/3122/3122 3123/3123/3123 
f 3123/3123/3123 3122/3122/3122 3124/3124/3124 
f 3125/3125/3125 3126/3126/3126 3127/3127/3127 
f 3127/3127/3127 3126/3126/3126 3128/3128/3128 
f 3129/3129/3129 3130/3130/3130 3131/3131/3131 
f 3131/3131/3131 3130/3130/3130 3132/3132/3132 

g Part202

v 51.5005 4.55991 -321.91 1 1 1 1 
v 51.5005 4.55991 -322.51 1 1 1 1 
v 51.5005 8.95992 -321.91 1 1 1 1 
v 51.5005 8.95992 -322.51 1 1 1 1 
v 51.1005 4.55991 -322.51 1 1 1 1 
v 51.5005 4.55991 -322.51 1 1 1 1 
v 51.1005 4.55991 -321.91 1 1 1 1 
v 51.5005 4.55991 -321.91 1 1 1 1 
v 51.5005 4.55991 -322.51 1 1 1 1 
v 51.1005 4.55991 -322.51 1 1 1 1 
v 51.5005 8.95992 -322.51 1 1 1 1 
v 51.1005 8.95992 -322.51 1 1 1 1 
v 51.1005 4.55991 -322.51 1 1 1 1 
v 51.1005 4.55991 -321.91 1 1 1 1 
v 51.1005 8.95992 -322.51 1 1 1 1 
v 51.1005 8.95992 -321.91 1 1 1 1 
v 51.1005 8.95992 -321.91 1 1 1 1 
v 51.5005 8.95992 -321.91 1 1 1 1 
v 51.1005 8.95992 -322.51 1 1 1 1 
v 51.5005 8.95992 -322.51 1 1 1 1 
v 51.1005 4.55991 -321.91 1 1 1 1 
v 51.5005 4.55991 -321.91 1 1 1 1 
v 51.1005 8.95992 -321.91 1 1 1 1 
v 51.5005 8.95992 -321.91 1 1 1 1 

vn 1 0 0 
vn 1 0 0 
vn 1 0 0 
vn 1 0 0 
vn 0 -1 0 
vn 0 -1 0 
vn 0 -1 0 
vn 0 -1 0 
vn 0 0 -1 
vn 0 0 -1 
vn 0 0 -1 
vn 0 0 -1 
vn -1 0 0 
vn -1 0 0 
vn -1 0 0 
vn -1 0 0 
vn 0 1 0 
vn 0 1 0 
vn 0 1 0 
vn 0 1 0 
vn 0 0 1 
vn 0 0 1 
vn 0 0 1 
vn 0 0 1 

vt 0.309313 1.08942 
vt 0.234313 1.08942 
vt 0.309313 0.539421 
vt 0.234313 0.539421 
vt 0.284313 1.08942 
vt 0.234313 1.08942 
vt 0.284313 1.01442 
vt 0.234313 1.01442 
vt 0.284313 1.08942 
vt 0.234313 1.08942 
vt 0.284313 0.539421 
vt 0.234313 0.539421 
vt 0.309313 1.08942 
vt 0.234313 1.08942 
vt 0.309313 0.539421 
vt 0.234313 0.539421 
vt 0.284313 1.08942 
vt 0.234313 1.08942 
vt 0.284313 1.01442 
vt 0.234313 1.01442 
vt 0.284313 1.08942 
vt 0.234313 1.08942 
vt 0.284313 0.539421 
vt 0.234313 0.539421 

usemtl Part181Mtl

f 3133/3133/3133 3134/3134/3134 3135/3135/3135 
f 3135/3135/3135 3134/3134/3134 3136/3136/3136 
f 3137/3137/3137 3138/3138/3138 3139/3139/3139 
f 3139/3139/3139 3138/3138/3138 3140/3140/3140 
f 3141/3141/3141 3142/3142/3142 3143/3143/3143 
f 3143/3143/3143 3142/3142/3142 3144/3144/3144 
f 3145/3145/3145 3146/3146/3146 3147/3147/3147 
f 3147/3147/3147 3146/3146/3146 3148/3148/3148 
f 3149/3149/3149 3150/3150/3150 3151/3151/3151 
f 3151/3151/3151 3150/3150/3150 3152/3152/3152 
f 3153/3153/3153 3154/3154/3154 3155/3155/3155 
f 3155/3155/3155 3154/3154/3154 3156/3156/3156 

g Part203

v 45.3001 4.56983 -321.91 1 1 1 1 
v 45.3001 4.56983 -322.51 1 1 1 1 
v 45.3001 4.76983 -321.91 1 1 1 1 
v 45.3001 4.76983 -322.51 1 1 1 1 
v 41.9001 4.56983 -322.51 1 1 1 1 
v 45.3001 4.56983 -322.51 1 1 1 1 
v 41.9001 4.56983 -321.91 1 1 1 1 
v 45.3001 4.56983 -321.91 1 1 1 1 
v 45.3001 4.56983 -322.51 1 1 1 1 
v 41.9001 4.56983 -322.51 1 1 1 1 
v 45.3001 4.76983 -322.51 1 1 1 1 
v 41.9001 4.76983 -322.51 1 1 1 1 
v 41.9001 4.56983 -322.51 1 1 1 1 
v 41.9001 4.56983 -321.91 1 1 1 1 
v 41.9001 4.76983 -322.51 1 1 1 1 
v 41.9001 4.76983 -321.91 1 1 1 1 
v 41.9001 4.76983 -321.91 1 1 1 1 
v 45.3001 4.76983 -321.91 1 1 1 1 
v 41.9001 4.76983 -322.51 1 1 1 1 
v 45.3001 4.76983 -322.51 1 1 1 1 
v 41.9001 4.56983 -321.91 1 1 1 1 
v 45.3001 4.56983 -321.91 1 1 1 1 
v 41.9001 4.76983 -321.91 1 1 1 1 
v 45.3001 4.76983 -321.91 1 1 1 1 

vn 1 0 0 
vn 1 0 0 
vn 1 0 0 
vn 1 0 0 
vn 0 -1 0 
vn 0 -1 0 
vn 0 -1 0 
vn 0 -1 0 
vn 0 0 -1 
vn 0 0 -1 
vn 0 0 -1 
vn 0 0 -1 
vn -1 0 0 
vn -1 0 0 
vn -1 0 0 
vn -1 0 0 
vn 0 1 0 
vn 0 1 0 
vn 0 1 0 
vn 0 1 0 
vn 0 0 1 
vn 0 0 1 
vn 0 0 1 
vn 0 0 1 

vt 0.0181729 1.08017 
vt -0.0568271 1.08017 
vt 0.0181729 1.05517 
vt -0.0568271 1.05517 
vt 0.368173 1.08017 
vt -0.0568271 1.08017 
vt 0.368173 1.00517 
vt -0.0568271 1.00517 
vt 0.368173 1.08017 
vt -0.0568271 1.08017 
vt 0.368173 1.05517 
vt -0.0568271 1.05517 
vt 0.0181729 1.08017 
vt -0.0568271 1.08017 
vt 0.0181729 1.05517 
vt -0.0568271 1.05517 
vt 0.368173 1.08017 
vt -0.0568271 1.08017 
vt 0.368173 1.00517 
vt -0.0568271 1.00517 
vt 0.368173 1.08017 
vt -0.0568271 1.08017 
vt 0.368173 1.05517 
vt -0.0568271 1.05517 

usemtl Part181Mtl

f 3157/3157/3157 3158/3158/3158 3159/3159/3159 
f 3159/3159/3159 3158/3158/3158 3160/3160/3160 
f 3161/3161/3161 3162/3162/3162 3163/3163/3163 
f 3163/3163/3163 3162/3162/3162 3164/3164/3164 
f 3165/3165/3165 3166/3166/3166 3167/3167/3167 
f 3167/3167/3167 3166/3166/3166 3168/3168/3168 
f 3169/3169/3169 3170/3170/3170 3171/3171/3171 
f 3171/3171/3171 3170/3170/3170 3172/3172/3172 
f 3173/3173/3173 3174/3174/3174 3175/3175/3175 
f 3175/3175/3175 3174/3174/3174 3176/3176/3176 
f 3177/3177/3177 3178/3178/3178 3179/3179/3179 
f 3179/3179/3179 3178/3178/3178 3180/3180/3180 

g Part204

v 44.9 4.55997 -322.11 1 1 1 1 
v 44.9 4.55997 -322.31 1 1 1 1 
v 44.9 8.55998 -322.11 1 1 1 1 
v 44.9 8.55998 -322.31 1 1 1 1 
v 44.7 4.55997 -322.31 1 1 1 1 
v 44.9 4.55997 -322.31 1 1 1 1 
v 44.7 4.55997 -322.11 1 1 1 1 
v 44.9 4.55997 -322.11 1 1 1 1 
v 44.9 4.55997 -322.31 1 1 1 1 
v 44.7 4.55997 -322.31 1 1 1 1 
v 44.9 8.55998 -322.31 1 1 1 1 
v 44.7 8.55998 -322.31 1 1 1 1 
v 44.7 4.55997 -322.31 1 1 1 1 
v 44.7 4.55997 -322.11 1 1 1 1 
v 44.7 8.55998 -322.31 1 1 1 1 
v 44.7 8.55998 -322.11 1 1 1 1 
v 44.7 8.55998 -322.11 1 1 1 1 
v 44.9 8.55998 -322.11 1 1 1 1 
v 44.7 8.55998 -322.31 1 1 1 1 
v 44.9 8.55998 -322.31 1 1 1 1 
v 44.7 4.55997 -322.11 1 1 1 1 
v 44.9 4.55997 -322.11 1 1 1 1 
v 44.7 8.55998 -322.11 1 1 1 1 
v 44.9 8.55998 -322.11 1 1 1 1 

vn 1 0 0 
vn 1 0 0 
vn 1 0 0 
vn 1 0 0 
vn 0 -1 0 
vn 0 -1 0 
vn 0 -1 0 
vn 0 -1 0 
vn 0 0 -1 
vn 0 0 -1 
vn 0 0 -1 
vn 0 0 -1 
vn -1 0 0 
vn -1 0 0 
vn -1 0 0 
vn -1 0 0 
vn 0 1 0 
vn 0 1 0 
vn 0 1 0 
vn 0 1 0 
vn 0 0 1 
vn 0 0 1 
vn 0 0 1 
vn 0 0 1 

vt -0.0799675 0.832209 
vt -0.104967 0.832209 
vt -0.0799675 0.332209 
vt -0.104967 0.332209 
vt -0.0799675 0.832209 
vt -0.104967 0.832209 
vt -0.0799675 0.807209 
vt -0.104967 0.807209 
vt -0.0799675 0.832209 
vt -0.104967 0.832209 
vt -0.0799675 0.332209 
vt -0.104967 0.332209 
vt -0.0799675 0.832209 
vt -0.104967 0.832209 
vt -0.0799675 0.332209 
vt -0.104967 0.332209 
vt -0.0799675 0.832209 
vt -0.104967 0.832209 
vt -0.0799675 0.807209 
vt -0.104967 0.807209 
vt -0.0799675 0.832209 
vt -0.104967 0.832209 
vt -0.0799675 0.332209 
vt -0.104967 0.332209 

usemtl Part182Mtl

f 3181/3181/3181 3182/3182/3182 3183/3183/3183 
f 3183/3183/3183 3182/3182/3182 3184/3184/3184 
f 3185/3185/3185 3186/3186/3186 3187/3187/3187 
f 3187/3187/3187 3186/3186/3186 3188/3188/3188 
f 3189/3189/3189 3190/3190/3190 3191/3191/3191 
f 3191/3191/3191 3190/3190/3190 3192/3192/3192 
f 3193/3193/3193 3194/3194/3194 3195/3195/3195 
f 3195/3195/3195 3194/3194/3194 3196/3196/3196 
f 3197/3197/3197 3198/3198/3198 3199/3199/3199 
f 3199/3199/3199 3198/3198/3198 3200/3200/3200 
f 3201/3201/3201 3202/3202/3202 3203/3203/3203 
f 3203/3203/3203 3202/3202/3202 3204/3204/3204 

g Part205

v 44.6998 8.35993 -322.11 1 1 1 1 
v 44.6998 8.35993 -322.31 1 1 1 1 
v 44.6998 8.55993 -322.11 1 1 1 1 
v 44.6998 8.55993 -322.31 1 1 1 1 
v 42.4998 8.35993 -322.31 1 1 1 1 
v 44.6998 8.35993 -322.31 1 1 1 1 
v 42.4998 8.35993 -322.11 1 1 1 1 
v 44.6998 8.35993 -322.11 1 1 1 1 
v 44.6998 8.35993 -322.31 1 1 1 1 
v 42.4998 8.35993 -322.31 1 1 1 1 
v 44.6998 8.55993 -322.31 1 1 1 1 
v 42.4998 8.55993 -322.31 1 1 1 1 
v 42.4998 8.35993 -322.31 1 1 1 1 
v 42.4998 8.35993 -322.11 1 1 1 1 
v 42.4998 8.55993 -322.31 1 1 1 1 
v 42.4998 8.55993 -322.11 1 1 1 1 
v 42.4998 8.55993 -322.11 1 1 1 1 
v 44.6998 8.55993 -322.11 1 1 1 1 
v 42.4998 8.55993 -322.31 1 1 1 1 
v 44.6998 8.55993 -322.31 1 1 1 1 
v 42.4998 8.35993 -322.11 1 1 1 1 
v 44.6998 8.35993 -322.11 1 1 1 1 
v 42.4998 8.55993 -322.11 1 1 1 1 
v 44.6998 8.55993 -322.11 1 1 1 1 

vn 1 0 0 
vn 1 0 0 
vn 1 0 0 
vn 1 0 0 
vn 0 -1 0 
vn 0 -1 0 
vn 0 -1 0 
vn 0 -1 0 
vn 0 0 -1 
vn 0 0 -1 
vn 0 0 -1 
vn 0 0 -1 
vn -1 0 0 
vn -1 0 0 
vn -1 0 0 
vn -1 0 0 
vn 0 1 0 
vn 0 1 0 
vn 0 1 0 
vn 0 1 0 
vn 0 0 1 
vn 0 0 1 
vn 0 0 1 
vn 0 0 1 

vt 0.177667 1.14672 
vt 0.152666 1.14672 
vt 0.177667 1.12172 
vt 0.152666 1.12172 
vt 0.427666 1.14672 
vt 0.152666 1.14672 
vt 0.427666 1.12172 
vt 0.152666 1.12172 
vt 0.427666 1.14672 
vt 0.152666 1.14672 
vt 0.427666 1.12172 
vt 0.152666 1.12172 
vt 0.177667 1.14672 
vt 0.152666 1.14672 
vt 0.177667 1.12172 
vt 0.152666 1.12172 
vt 0.427666 1.14672 
vt 0.152666 1.14672 
vt 0.427666 1.12172 
vt 0.152666 1.12172 
vt 0.427666 1.14672 
vt 0.152666 1.14672 
vt 0.427666 1.12172 
vt 0.152666 1.12172 

usemtl Part182Mtl

f 3205/3205/3205 3206/3206/3206 3207/3207/3207 
f 3207/3207/3207 3206/3206/3206 3208/3208/3208 
f 3209/3209/3209 3210/3210/3210 3211/3211/3211 
f 3211/3211/3211 3210/3210/3210 3212/3212/3212 
f 3213/3213/3213 3214/3214/3214 3215/3215/3215 
f 3215/3215/3215 3214/3214/3214 3216/3216/3216 
f 3217/3217/3217 3218/3218/3218 3219/3219/3219 
f 3219/3219/3219 3218/3218/3218 3220/3220/3220 
f 3221/3221/3221 3222/3222/3222 3223/3223/3223 
f 3223/3223/3223 3222/3222/3222 3224/3224/3224 
f 3225/3225/3225 3226/3226/3226 3227/3227/3227 
f 3227/3227/3227 3226/3226/3226 3228/3228/3228 

g Part206

v 42.4997 4.55996 -322.11 1 1 1 1 
v 42.4997 4.55996 -322.31 1 1 1 1 
v 42.4998 8.55997 -322.11 1 1 1 1 
v 42.4998 8.55997 -322.31 1 1 1 1 
v 42.2997 4.55996 -322.31 1 1 1 1 
v 42.4997 4.55996 -322.31 1 1 1 1 
v 42.2997 4.55996 -322.11 1 1 1 1 
v 42.4997 4.55996 -322.11 1 1 1 1 
v 42.4997 4.55996 -322.31 1 1 1 1 
v 42.2997 4.55996 -322.31 1 1 1 1 
v 42.4998 8.55997 -322.31 1 1 1 1 
v 42.2998 8.55997 -322.31 1 1 1 1 
v 42.2997 4.55996 -322.31 1 1 1 1 
v 42.2997 4.55996 -322.11 1 1 1 1 
v 42.2998 8.55997 -322.31 1 1 1 1 
v 42.2998 8.55997 -322.11 1 1 1 1 
v 42.2998 8.55997 -322.11 1 1 1 1 
v 42.4998 8.55997 -322.11 1 1 1 1 
v 42.2998 8.55997 -322.31 1 1 1 1 
v 42.4998 8.55997 -322.31 1 1 1 1 
v 42.2997 4.55996 -322.11 1 1 1 1 
v 42.4997 4.55996 -322.11 1 1 1 1 
v 42.2998 8.55997 -322.11 1 1 1 1 
v 42.4998 8.55997 -322.11 1 1 1 1 

vn 1 0 0 
vn 1 0 0 
vn 1 0 0 
vn 1 0 0 
vn 0 -1 0 
vn 0 -1 0 
vn 0 -1 0 
vn 0 -1 0 
vn 0 0 -1 
vn 0 0 -1 
vn 0 0 -1 
vn 0 0 -1 
vn -1 0 0 
vn -1 0 0 
vn -1 0 0 
vn -1 0 0 
vn 0 1 0 
vn 0 1 0 
vn 0 1 0 
vn 0 1 0 
vn 0 0 1 
vn 0 0 1 
vn 0 0 1 
vn 0 0 1 

vt -0.223297 1.0681 
vt -0.248297 1.0681 
vt -0.223297 0.568102 
vt -0.248297 0.568102 
vt -0.223297 1.0681 
vt -0.248297 1.0681 
vt -0.223297 1.0431 
vt -0.248297 1.0431 
vt -0.223297 1.0681 
vt -0.248297 1.0681 
vt -0.223297 0.568102 
vt -0.248297 0.568102 
vt -0.223297 1.0681 
vt -0.248297 1.0681 
vt -0.223297 0.568102 
vt -0.248297 0.568102 
vt -0.223297 1.0681 
vt -0.248297 1.0681 
vt -0.223297 1.0431 
vt -0.248297 1.0431 
vt -0.223297 1.0681 
vt -0.248297 1.0681 
vt -0.223297 0.568102 
vt -0.248297 0.568102 

usemtl Part182Mtl

f 3229/3229/3229 3230/3230/3230 3231/3231/3231 
f 3231/3231/3231 3230/3230/3230 3232/3232/3232 
f 3233/3233/3233 3234/3234/3234 3235/3235/3235 
f 3235/3235/3235 3234/3234/3234 3236/3236/3236 
f 3237/3237/3237 3238/3238/3238 3239/3239/3239 
f 3239/3239/3239 3238/3238/3238 3240/3240/3240 
f 3241/3241/3241 3242/3242/3242 3243/3243/3243 
f 3243/3243/3243 3242/3242/3242 3244/3244/3244 
f 3245/3245/3245 3246/3246/3246 3247/3247/3247 
f 3247/3247/3247 3246/3246/3246 3248/3248/3248 
f 3249/3249/3249 3250/3250/3250 3251/3251/3251 
f 3251/3251/3251 3250/3250/3250 3252/3252/3252 

g Part207

v 44.7002 7.35988 -322.11 1 1 1 1 
v 44.7002 7.35988 -322.31 1 1 1 1 
v 44.7002 7.55988 -322.11 1 1 1 1 
v 44.7002 7.55988 -322.31 1 1 1 1 
v 42.5002 7.35988 -322.31 1 1 1 1 
v 44.7002 7.35988 -322.31 1 1 1 1 
v 42.5002 7.35988 -322.11 1 1 1 1 
v 44.7002 7.35988 -322.11 1 1 1 1 
v 44.7002 7.35988 -322.31 1 1 1 1 
v 42.5002 7.35988 -322.31 1 1 1 1 
v 44.7002 7.55988 -322.31 1 1 1 1 
v 42.5002 7.55988 -322.31 1 1 1 1 
v 42.5002 7.35988 -322.31 1 1 1 1 
v 42.5002 7.35988 -322.11 1 1 1 1 
v 42.5002 7.55988 -322.31 1 1 1 1 
v 42.5002 7.55988 -322.11 1 1 1 1 
v 42.5002 7.55988 -322.11 1 1 1 1 
v 44.7002 7.55988 -322.11 1 1 1 1 
v 42.5002 7.55988 -322.31 1 1 1 1 
v 44.7002 7.55988 -322.31 1 1 1 1 
v 42.5002 7.35988 -322.11 1 1 1 1 
v 44.7002 7.35988 -322.11 1 1 1 1 
v 42.5002 7.55988 -322.11 1 1 1 1 
v 44.7002 7.55988 -322.11 1 1 1 1 

vn 1 0 0 
vn 1 0 0 
vn 1 0 0 
vn 1 0 0 
vn 0 -1 0 
vn 0 -1 0 
vn 0 -1 0 
vn 0 -1 0 
vn 0 0 -1 
vn 0 0 -1 
vn 0 0 -1 
vn 0 0 -1 
vn -1 0 0 
vn -1 0 0 
vn -1 0 0 
vn -1 0 0 
vn 0 1 0 
vn 0 1 0 
vn 0 1 0 
vn 0 1 0 
vn 0 0 1 
vn 0 0 1 
vn 0 0 1 
vn 0 0 1 

vt -0.0720635 0.904133 
vt -0.0970635 0.904133 
vt -0.0720635 0.879133 
vt -0.0970635 0.879133 
vt 0.177936 0.904133 
vt -0.0970635 0.904133 
vt 0.177936 0.879133 
vt -0.0970635 0.879133 
vt 0.177936 0.904133 
vt -0.0970635 0.904133 
vt 0.177936 0.879133 
vt -0.0970635 0.879133 
vt -0.0720635 0.904133 
vt -0.0970635 0.904133 
vt -0.0720635 0.879133 
vt -0.0970635 0.879133 
vt 0.177936 0.904133 
vt -0.0970635 0.904133 
vt 0.177936 0.879133 
vt -0.0970635 0.879133 
vt 0.177936 0.904133 
vt -0.0970635 0.904133 
vt 0.177936 0.879133 
vt -0.0970635 0.879133 

usemtl Part182Mtl

f 3253/3253/3253 3254/3254/3254 3255/3255/3255 
f 3255/3255/3255 3254/3254/3254 3256/3256/3256 
f 3257/3257/3257 3258/3258/3258 3259/3259/3259 
f 3259/3259/3259 3258/3258/3258 3260/3260/3260 
f 3261/3261/3261 3262/3262/3262 3263/3263/3263 
f 3263/3263/3263 3262/3262/3262 3264/3264/3264 
f 3265/3265/3265 3266/3266/3266 3267/3267/3267 
f 3267/3267/3267 3266/3266/3266 3268/3268/3268 
f 3269/3269/3269 3270/3270/3270 3271/3271/3271 
f 3271/3271/3271 3270/3270/3270 3272/3272/3272 
f 3273/3273/3273 3274/3274/3274 3275/3275/3275 
f 3275/3275/3275 3274/3274/3274 3276/3276/3276 

g Part208

v 43.6997 4.89984 -322.11 1 1 1 1 
v 43.6997 4.89984 -322.31 1 1 1 1 
v 43.6997 7.35985 -322.11 1 1 1 1 
v 43.6997 7.35985 -322.31 1 1 1 1 
v 43.4997 4.89984 -322.31 1 1 1 1 
v 43.6997 4.89984 -322.31 1 1 1 1 
v 43.4997 4.89984 -322.11 1 1 1 1 
v 43.6997 4.89984 -322.11 1 1 1 1 
v 43.6997 4.89984 -322.31 1 1 1 1 
v 43.4997 4.89984 -322.31 1 1 1 1 
v 43.6997 7.35985 -322.31 1 1 1 1 
v 43.4997 7.35985 -322.31 1 1 1 1 
v 43.4997 4.89984 -322.31 1 1 1 1 
v 43.4997 4.89984 -322.11 1 1 1 1 
v 43.4997 7.35985 -322.31 1 1 1 1 
v 43.4997 7.35985 -322.11 1 1 1 1 
v 43.4997 7.35985 -322.11 1 1 1 1 
v 43.6997 7.35985 -322.11 1 1 1 1 
v 43.4997 7.35985 -322.31 1 1 1 1 
v 43.6997 7.35985 -322.31 1 1 1 1 
v 43.4997 4.89984 -322.11 1 1 1 1 
v 43.6997 4.89984 -322.11 1 1 1 1 
v 43.4997 7.35985 -322.11 1 1 1 1 
v 43.6997 7.35985 -322.11 1 1 1 1 

vn 1 0 0 
vn 1 0 0 
vn 1 0 0 
vn 1 0 0 
vn 0 -1 0 
vn 0 -1 0 
vn 0 -1 0 
vn 0 -1 0 
vn 0 0 -1 
vn 0 0 -1 
vn 0 0 -1 
vn 0 0 -1 
vn -1 0 0 
vn -1 0 0 
vn -1 0 0 
vn -1 0 0 
vn 0 1 0 
vn 0 1 0 
vn 0 1 0 
vn 0 1 0 
vn 0 0 1 
vn 0 0 1 
vn 0 0 1 
vn 0 0 1 

vt -0.0295906 1.09636 
vt -0.0545906 1.09636 
vt -0.0295906 0.788856 
vt -0.0545906 0.788856 
vt -0.0295906 1.09636 
vt -0.0545906 1.09636 
vt -0.0295906 1.07136 
vt -0.0545906 1.07136 
vt -0.0295906 1.09636 
vt -0.0545906 1.09636 
vt -0.0295906 0.788856 
vt -0.0545906 0.788856 
vt -0.0295906 1.09636 
vt -0.0545906 1.09636 
vt -0.0295906 0.788856 
vt -0.0545906 0.788856 
vt -0.0295906 1.09636 
vt -0.0545906 1.09636 
vt -0.0295906 1.07136 
vt -0.0545906 1.07136 
vt -0.0295906 1.09636 
vt -0.0545906 1.09636 
vt -0.0295906 0.788856 
vt -0.0545906 0.788856 

usemtl Part182Mtl

f 3277/3277/3277 3278/3278/3278 3279/3279/3279 
f 3279/3279/3279 3278/3278/3278 3280/3280/3280 
f 3281/3281/3281 3282/3282/3282 3283/3283/3283 
f 3283/3283/3283 3282/3282/3282 3284/3284/3284 
f 3285/3285/3285 3286/3286/3286 3287/3287/3287 
f 3287/3287/3287 3286/3286/3286 3288/3288/3288 
f 3289/3289/3289 3290/3290/3290 3291/3291/3291 
f 3291/3291/3291 3290/3290/3290 3292/3292/3292 
f 3293/3293/3293 3294/3294/3294 3295/3295/3295 
f 3295/3295/3295 3294/3294/3294 3296/3296/3296 
f 3297/3297/3297 3298/3298/3298 3299/3299/3299 
f 3299/3299/3299 3298/3298/3298 3300/3300/3300 

g Part209

v 44.7002 4.70984 -322.11 1 1 1 1 
v 44.7002 4.70984 -322.31 1 1 1 1 
v 44.7002 4.90984 -322.11 1 1 1 1 
v 44.7002 4.90984 -322.31 1 1 1 1 
v 42.5002 4.70984 -322.31 1 1 1 1 
v 44.7002 4.70984 -322.31 1 1 1 1 
v 42.5002 4.70984 -322.11 1 1 1 1 
v 44.7002 4.70984 -322.11 1 1 1 1 
v 44.7002 4.70984 -322.31 1 1 1 1 
v 42.5002 4.70984 -322.31 1 1 1 1 
v 44.7002 4.90984 -322.31 1 1 1 1 
v 42.5002 4.90984 -322.31 1 1 1 1 
v 42.5002 4.70984 -322.31 1 1 1 1 
v 42.5002 4.70984 -322.11 1 1 1 1 
v 42.5002 4.90984 -322.31 1 1 1 1 
v 42.5002 4.90984 -322.11 1 1 1 1 
v 42.5002 4.90984 -322.11 1 1 1 1 
v 44.7002 4.90984 -322.11 1 1 1 1 
v 42.5002 4.90984 -322.31 1 1 1 1 
v 44.7002 4.90984 -322.31 1 1 1 1 
v 42.5002 4.70984 -322.11 1 1 1 1 
v 44.7002 4.70984 -322.11 1 1 1 1 
v 42.5002 4.90984 -322.11 1 1 1 1 
v 44.7002 4.90984 -322.11 1 1 1 1 

vn 1 0 0 
vn 1 0 0 
vn 1 0 0 
vn 1 0 0 
vn 0 -1 0 
vn 0 -1 0 
vn 0 -1 0 
vn 0 -1 0 
vn 0 0 -1 
vn 0 0 -1 
vn 0 0 -1 
vn 0 0 -1 
vn -1 0 0 
vn -1 0 0 
vn -1 0 0 
vn -1 0 0 
vn 0 1 0 
vn 0 1 0 
vn 0 1 0 
vn 0 1 0 
vn 0 0 1 
vn 0 0 1 
vn 0 0 1 
vn 0 0 1 

vt 0.174866 1.16189 
vt 0.149866 1.16189 
vt 0.174866 1.13689 
vt 0.149866 1.13689 
vt 0.424866 1.16189 
vt 0.149866 1.16189 
vt 0.424866 1.13689 
vt 0.149866 1.13689 
vt 0.424866 1.16189 
vt 0.149866 1.16189 
vt 0.424866 1.13689 
vt 0.149866 1.13689 
vt 0.174866 1.16189 
vt 0.149866 1.16189 
vt 0.174866 1.13689 
vt 0.149866 1.13689 
vt 0.424866 1.16189 
vt 0.149866 1.16189 
vt 0.424866 1.13689 
vt 0.149866 1.13689 
vt 0.424866 1.16189 
vt 0.149866 1.16189 
vt 0.424866 1.13689 
vt 0.149866 1.13689 

usemtl Part182Mtl

f 3301/3301/3301 3302/3302/3302 3303/3303/3303 
f 3303/3303/3303 3302/3302/3302 3304/3304/3304 
f 3305/3305/3305 3306/3306/3306 3307/3307/3307 
f 3307/3307/3307 3306/3306/3306 3308/3308/3308 
f 3309/3309/3309 3310/3310/3310 3311/3311/3311 
f 3311/3311/3311 3310/3310/3310 3312/3312/3312 
f 3313/3313/3313 3314/3314/3314 3315/3315/3315 
f 3315/3315/3315 3314/3314/3314 3316/3316/3316 
f 3317/3317/3317 3318/3318/3318 3319/3319/3319 
f 3319/3319/3319 3318/3318/3318 3320/3320/3320 
f 3321/3321/3321 3322/3322/3322 3323/3323/3323 
f 3323/3323/3323 3322/3322/3322 3324/3324/3324 

g Part210

v 45.2998 4.36982 -321.71 1 1 1 1 
v 45.2998 4.36982 -322.71 1 1 1 1 
v 45.2998 4.56982 -321.71 1 1 1 1 
v 45.2998 4.56982 -322.71 1 1 1 1 
v 41.8998 4.36982 -322.71 1 1 1 1 
v 45.2998 4.36982 -322.71 1 1 1 1 
v 41.8998 4.36982 -321.71 1 1 1 1 
v 45.2998 4.36982 -321.71 1 1 1 1 
v 45.2998 4.36982 -322.71 1 1 1 1 
v 41.8998 4.36982 -322.71 1 1 1 1 
v 45.2998 4.56982 -322.71 1 1 1 1 
v 41.8998 4.56982 -322.71 1 1 1 1 
v 41.8998 4.36982 -322.71 1 1 1 1 
v 41.8998 4.36982 -321.71 1 1 1 1 
v 41.8998 4.56982 -322.71 1 1 1 1 
v 41.8998 4.56982 -321.71 1 1 1 1 
v 41.8998 4.56982 -321.71 1 1 1 1 
v 45.2998 4.56982 -321.71 1 1 1 1 
v 41.8998 4.56982 -322.71 1 1 1 1 
v 45.2998 4.56982 -322.71 1 1 1 1 
v 41.8998 4.36982 -321.71 1 1 1 1 
v 45.2998 4.36982 -321.71 1 1 1 1 
v 41.8998 4.56982 -321.71 1 1 1 1 
v 45.2998 4.56982 -321.71 1 1 1 1 

vn 1 0 0 
vn 1 0 0 
vn 1 0 0 
vn 1 0 0 
vn 0 -1 0 
vn 0 -1 0 
vn 0 -1 0 
vn 0 -1 0 
vn 0 0 -1 
vn 0 0 -1 
vn 0 0 -1 
vn 0 0 -1 
vn -1 0 0 
vn -1 0 0 
vn -1 0 0 
vn -1 0 0 
vn 0 1 0 
vn 0 1 0 
vn 0 1 0 
vn 0 1 0 
vn 0 0 1 
vn 0 0 1 
vn 0 0 1 
vn 0 0 1 

vt -0.0467278 0.734853 
vt -0.171728 0.734853 
vt -0.0467278 0.709853 
vt -0.171728 0.709853 
vt 0.253272 0.734853 
vt -0.171728 0.734853 
vt 0.253272 0.609853 
vt -0.171728 0.609853 
vt 0.253272 0.734853 
vt -0.171728 0.734853 
vt 0.253272 0.709853 
vt -0.171728 0.709853 
vt -0.0467278 0.734853 
vt -0.171728 0.734853 
vt -0.0467278 0.709853 
vt -0.171728 0.709853 
vt 0.253272 0.734853 
vt -0.171728 0.734853 
vt 0.253272 0.609853 
vt -0.171728 0.609853 
vt 0.253272 0.734853 
vt -0.171728 0.734853 
vt 0.253272 0.709853 
vt -0.171728 0.709853 

usemtl Part181Mtl

f 3325/3325/3325 3326/3326/3326 3327/3327/3327 
f 3327/3327/3327 3326/3326/3326 3328/3328/3328 
f 3329/3329/3329 3330/3330/3330 3331/3331/3331 
f 3331/3331/3331 3330/3330/3330 3332/3332/3332 
f 3333/3333/3333 3334/3334/3334 3335/3335/3335 
f 3335/3335/3335 3334/3334/3334 3336/3336/3336 
f 3337/3337/3337 3338/3338/3338 3339/3339/3339 
f 3339/3339/3339 3338/3338/3338 3340/3340/3340 
f 3341/3341/3341 3342/3342/3342 3343/3343/3343 
f 3343/3343/3343 3342/3342/3342 3344/3344/3344 
f 3345/3345/3345 3346/3346/3346 3347/3347/3347 
f 3347/3347/3347 3346/3346/3346 3348/3348/3348 

g Part211

v 42.2996 4.55978 -321.91 1 1 1 1 
v 42.2996 4.55978 -322.51 1 1 1 1 
v 42.2996 8.95979 -321.91 1 1 1 1 
v 42.2996 8.95979 -322.51 1 1 1 1 
v 41.8996 4.55978 -322.51 1 1 1 1 
v 42.2996 4.55978 -322.51 1 1 1 1 
v 41.8996 4.55978 -321.91 1 1 1 1 
v 42.2996 4.55978 -321.91 1 1 1 1 
v 42.2996 4.55978 -322.51 1 1 1 1 
v 41.8996 4.55978 -322.51 1 1 1 1 
v 42.2996 8.95979 -322.51 1 1 1 1 
v 41.8996 8.95979 -322.51 1 1 1 1 
v 41.8996 4.55978 -322.51 1 1 1 1 
v 41.8996 4.55978 -321.91 1 1 1 1 
v 41.8996 8.95979 -322.51 1 1 1 1 
v 41.8996 8.95979 -321.91 1 1 1 1 
v 41.8996 8.95979 -321.91 1 1 1 1 
v 42.2996 8.95979 -321.91 1 1 1 1 
v 41.8996 8.95979 -322.51 1 1 1 1 
v 42.2996 8.95979 -322.51 1 1 1 1 
v 41.8996 4.55978 -321.91 1 1 1 1 
v 42.2996 4.55978 -321.91 1 1 1 1 
v 41.8996 8.95979 -321.91 1 1 1 1 
v 42.2996 8.95979 -321.91 1 1 1 1 

vn 1 0 0 
vn 1 0 0 
vn 1 0 0 
vn 1 0 0 
vn 0 -1 0 
vn 0 -1 0 
vn 0 -1 0 
vn 0 -1 0 
vn 0 0 -1 
vn 0 0 -1 
vn 0 0 -1 
vn 0 0 -1 
vn -1 0 0 
vn -1 0 0 
vn -1 0 0 
vn -1 0 0 
vn 0 1 0 
vn 0 1 0 
vn 0 1 0 
vn 0 1 0 
vn 0 0 1 
vn 0 0 1 
vn 0 0 1 
vn 0 0 1 

vt -0.0118738 1.14788 
vt -0.0868739 1.14788 
vt -0.0118738 0.597884 
vt -0.0868739 0.597884 
vt -0.0368739 1.14788 
vt -0.0868739 1.14788 
vt -0.0368739 1.07288 
vt -0.0868739 1.07288 
vt -0.0368739 1.14788 
vt -0.0868739 1.14788 
vt -0.0368739 0.597884 
vt -0.0868739 0.597884 
vt -0.0118738 1.14788 
vt -0.0868739 1.14788 
vt -0.0118738 0.597884 
vt -0.0868739 0.597884 
vt -0.0368739 1.14788 
vt -0.0868739 1.14788 
vt -0.0368739 1.07288 
vt -0.0868739 1.07288 
vt -0.0368739 1.14788 
vt -0.0868739 1.14788 
vt -0.0368739 0.597884 
vt -0.0868739 0.597884 

usemtl Part181Mtl

f 3349/3349/3349 3350/3350/3350 3351/3351/3351 
f 3351/3351/3351 3350/3350/3350 3352/3352/3352 
f 3353/3353/3353 3354/3354/3354 3355/3355/3355 
f 3355/3355/3355 3354/3354/3354 3356/3356/3356 
f 3357/3357/3357 3358/3358/3358 3359/3359/3359 
f 3359/3359/3359 3358/3358/3358 3360/3360/3360 
f 3361/3361/3361 3362/3362/3362 3363/3363/3363 
f 3363/3363/3363 3362/3362/3362 3364/3364/3364 
f 3365/3365/3365 3366/3366/3366 3367/3367/3367 
f 3367/3367/3367 3366/3366/3366 3368/3368/3368 
f 3369/3369/3369 3370/3370/3370 3371/3371/3371 
f 3371/3371/3371 3370/3370/3370 3372/3372/3372 

g Part212

v 45.3 8.55994 -321.91 1 1 1 1 
v 45.3 8.55994 -322.51 1 1 1 1 
v 45.3 8.95994 -321.91 1 1 1 1 
v 45.3 8.95994 -322.51 1 1 1 1 
v 41.8999 8.55994 -322.51 1 1 1 1 
v 45.3 8.55994 -322.51 1 1 1 1 
v 41.8999 8.55994 -321.91 1 1 1 1 
v 45.3 8.55994 -321.91 1 1 1 1 
v 45.3 8.55994 -322.51 1 1 1 1 
v 41.8999 8.55994 -322.51 1 1 1 1 
v 45.3 8.95994 -322.51 1 1 1 1 
v 41.8999 8.95994 -322.51 1 1 1 1 
v 41.8999 8.55994 -322.51 1 1 1 1 
v 41.8999 8.55994 -321.91 1 1 1 1 
v 41.8999 8.95994 -322.51 1 1 1 1 
v 41.8999 8.95994 -321.91 1 1 1 1 
v 41.8999 8.95994 -321.91 1 1 1 1 
v 45.3 8.95994 -321.91 1 1 1 1 
v 41.8999 8.95994 -322.51 1 1 1 1 
v 45.3 8.95994 -322.51 1 1 1 1 
v 41.8999 8.55994 -321.91 1 1 1 1 
v 45.3 8.55994 -321.91 1 1 1 1 
v 41.8999 8.95994 -321.91 1 1 1 1 
v 45.3 8.95994 -321.91 1 1 1 1 

vn 1 0 0 
vn 1 0 0 
vn 1 0 0 
vn 1 0 0 
vn 0 -1 0 
vn 0 -1 0 
vn 0 -1 0 
vn 0 -1 0 
vn 0 0 -1 
vn 0 0 -1 
vn 0 0 -1 
vn 0 0 -1 
vn -1 0 0 
vn -1 0 0 
vn -1 0 0 
vn -1 0 0 
vn 0 1 0 
vn 0 1 0 
vn 0 1 0 
vn 0 1 0 
vn 0 0 1 
vn 0 0 1 
vn 0 0 1 
vn 0 0 1 

vt -0.161788 0.928871 
vt -0.236788 0.928871 
vt -0.161788 0.878871 
vt -0.236788 0.878871 
vt 0.188212 0.928871 
vt -0.236788 0.928871 
vt 0.188212 0.853871 
vt -0.236788 0.853871 
vt 0.188212 0.928871 
vt -0.236788 0.928871 
vt 0.188212 0.878871 
vt -0.236788 0.878871 
vt -0.161788 0.928871 
vt -0.236788 0.928871 
vt -0.161788 0.878871 
vt -0.236788 0.878871 
vt 0.188212 0.928871 
vt -0.236788 0.928871 
vt 0.188212 0.853871 
vt -0.236788 0.853871 
vt 0.188212 0.928871 
vt -0.236788 0.928871 
vt 0.188212 0.878871 
vt -0.236788 0.878871 

usemtl Part181Mtl

f 3373/3373/3373 3374/3374/3374 3375/3375/3375 
f 3375/3375/3375 3374/3374/3374 3376/3376/3376 
f 3377/3377/3377 3378/3378/3378 3379/3379/3379 
f 3379/3379/3379 3378/3378/3378 3380/3380/3380 
f 3381/3381/3381 3382/3382/3382 3383/3383/3383 
f 3383/3383/3383 3382/3382/3382 3384/3384/3384 
f 3385/3385/3385 3386/3386/3386 3387/3387/3387 
f 3387/3387/3387 3386/3386/3386 3388/3388/3388 
f 3389/3389/3389 3390/3390/3390 3391/3391/3391 
f 3391/3391/3391 3390/3390/3390 3392/3392/3392 
f 3393/3393/3393 3394/3394/3394 3395/3395/3395 
f 3395/3395/3395 3394/3394/3394 3396/3396/3396 

g Part213

v 45.3 4.55991 -321.91 1 1 1 1 
v 45.3 4.55991 -322.51 1 1 1 1 
v 45.3 8.95992 -321.91 1 1 1 1 
v 45.3 8.95992 -322.51 1 1 1 1 
v 44.9 4.55991 -322.51 1 1 1 1 
v 45.3 4.55991 -322.51 1 1 1 1 
v 44.9 4.55991 -321.91 1 1 1 1 
v 45.3 4.55991 -321.91 1 1 1 1 
v 45.3 4.55991 -322.51 1 1 1 1 
v 44.9 4.55991 -322.51 1 1 1 1 
v 45.3 8.95992 -322.51 1 1 1 1 
v 44.9 8.95992 -322.51 1 1 1 1 
v 44.9 4.55991 -322.51 1 1 1 1 
v 44.9 4.55991 -321.91 1 1 1 1 
v 44.9 8.95992 -322.51 1 1 1 1 
v 44.9 8.95992 -321.91 1 1 1 1 
v 44.9 8.95992 -321.91 1 1 1 1 
v 45.3 8.95992 -321.91 1 1 1 1 
v 44.9 8.95992 -322.51 1 1 1 1 
v 45.3 8.95992 -322.51 1 1 1 1 
v 44.9 4.55991 -321.91 1 1 1 1 
v 45.3 4.55991 -321.91 1 1 1 1 
v 44.9 8.95992 -321.91 1 1 1 1 
v 45.3 8.95992 -321.91 1 1 1 1 

vn 1 0 0 
vn 1 0 0 
vn 1 0 0 
vn 1 0 0 
vn 0 -1 0 
vn 0 -1 0 
vn 0 -1 0 
vn 0 -1 0 
vn 0 0 -1 
vn 0 0 -1 
vn 0 0 -1 
vn 0 0 -1 
vn -1 0 0 
vn -1 0 0 
vn -1 0 0 
vn -1 0 0 
vn 0 1 0 
vn 0 1 0 
vn 0 1 0 
vn 0 1 0 
vn 0 0 1 
vn 0 0 1 
vn 0 0 1 
vn 0 0 1 

vt -0.0280732 1.30159 
vt -0.103073 1.30159 
vt -0.0280732 0.751588 
vt -0.103073 0.751588 
vt -0.0530732 1.30159 
vt -0.103073 1.30159 
vt -0.0530732 1.22659 
vt -0.103073 1.22659 
vt -0.0530732 1.30159 
vt -0.103073 1.30159 
vt -0.0530732 0.751588 
vt -0.103073 0.751588 
vt -0.0280732 1.30159 
vt -0.103073 1.30159 
vt -0.0280732 0.751588 
vt -0.103073 0.751588 
vt -0.0530732 1.30159 
vt -0.103073 1.30159 
vt -0.0530732 1.22659 
vt -0.103073 1.22659 
vt -0.0530732 1.30159 
vt -0.103073 1.30159 
vt -0.0530732 0.751588 
vt -0.103073 0.751588 

usemtl Part181Mtl

f 3397/3397/3397 3398/3398/3398 3399/3399/3399 
f 3399/3399/3399 3398/3398/3398 3400/3400/3400 
f 3401/3401/3401 3402/3402/3402 3403/3403/3403 
f 3403/3403/3403 3402/3402/3402 3404/3404/3404 
f 3405/3405/3405 3406/3406/3406 3407/3407/3407 
f 3407/3407/3407 3406/3406/3406 3408/3408/3408 
f 3409/3409/3409 3410/3410/3410 3411/3411/3411 
f 3411/3411/3411 3410/3410/3410 3412/3412/3412 
f 3413/3413/3413 3414/3414/3414 3415/3415/3415 
f 3415/3415/3415 3414/3414/3414 3416/3416/3416 
f 3417/3417/3417 3418/3418/3418 3419/3419/3419 
f 3419/3419/3419 3418/3418/3418 3420/3420/3420 

g Part214

v 32.9657 4.56985 -304.444 1 1 1 1 
v 32.3657 4.56986 -304.444 1 1 1 1 
v 32.9657 4.76985 -304.444 1 1 1 1 
v 32.3657 4.76986 -304.444 1 1 1 1 
v 32.3658 4.56985 -301.044 1 1 1 1 
v 32.3657 4.56986 -304.444 1 1 1 1 
v 32.9658 4.56984 -301.044 1 1 1 1 
v 32.9657 4.56985 -304.444 1 1 1 1 
v 32.3657 4.56986 -304.444 1 1 1 1 
v 32.3658 4.56985 -301.044 1 1 1 1 
v 32.3657 4.76986 -304.444 1 1 1 1 
v 32.3658 4.76985 -301.044 1 1 1 1 
v 32.3658 4.56985 -301.044 1 1 1 1 
v 32.9658 4.56984 -301.044 1 1 1 1 
v 32.3658 4.76985 -301.044 1 1 1 1 
v 32.9658 4.76984 -301.044 1 1 1 1 
v 32.9658 4.76984 -301.044 1 1 1 1 
v 32.9657 4.76985 -304.444 1 1 1 1 
v 32.3658 4.76985 -301.044 1 1 1 1 
v 32.3657 4.76986 -304.444 1 1 1 1 
v 32.9658 4.56984 -301.044 1 1 1 1 
v 32.9657 4.56985 -304.444 1 1 1 1 
v 32.9658 4.76984 -301.044 1 1 1 1 
v 32.9657 4.76985 -304.444 1 1 1 1 

vn 0 0 -1 
vn 0 0 -1 
vn 0 0 -1 
vn 0 0 -1 
vn 0 -1 0 
vn 0 -1 0 
vn 0 -1 0 
vn 0 -1 0 
vn -1 0 0 
vn -1 0 0 
vn -1 0 0 
vn -1 0 0 
vn 0 0 1 
vn 0 0 1 
vn 0 0 1 
vn 0 0 1 
vn 0 1 0 
vn 0 1 0 
vn 0 1 0 
vn 0 1 0 
vn 1 0 0 
vn 1 0 0 
vn 1 0 0 
vn 1 0 0 

vt -0.0427691 1.1415 
vt -0.117769 1.1415 
vt -0.0427691 1.1165 
vt -0.117769 1.1165 
vt 0.307231 1.1415 
vt -0.117769 1.1415 
vt 0.307231 1.0665 
vt -0.117769 1.0665 
vt 0.307231 1.1415 
vt -0.117769 1.1415 
vt 0.307231 1.1165 
vt -0.117769 1.1165 
vt -0.0427691 1.1415 
vt -0.117769 1.1415 
vt -0.0427691 1.1165 
vt -0.117769 1.1165 
vt 0.307231 1.1415 
vt -0.117769 1.1415 
vt 0.307231 1.0665 
vt -0.117769 1.0665 
vt 0.307231 1.1415 
vt -0.117769 1.1415 
vt 0.307231 1.1165 
vt -0.117769 1.1165 

usemtl Part181Mtl

f 3421/3421/3421 3422/3422/3422 3423/3423/3423 
f 3423/3423/3423 3422/3422/3422 3424/3424/3424 
f 3425/3425/3425 3426/3426/3426 3427/3427/3427 
f 3427/3427/3427 3426/3426/3426 3428/3428/3428 
f 3429/3429/3429 3430/3430/3430 3431/3431/3431 
f 3431/3431/3431 3430/3430/3430 3432/3432/3432 
f 3433/3433/3433 3434/3434/3434 3435/3435/3435 
f 3435/3435/3435 3434/3434/3434 3436/3436/3436 
f 3437/3437/3437 3438/3438/3438 3439/3439/3439 
f 3439/3439/3439 3438/3438/3438 3440/3440/3440 
f 3441/3441/3441 3442/3442/3442 3443/3443/3443 
f 3443/3443/3443 3442/3442/3442 3444/3444/3444 

g Part215

v 32.7651 4.55991 -304.044 1 1 1 1 
v 32.5651 4.55992 -304.044 1 1 1 1 
v 32.7651 8.55992 -304.044 1 1 1 1 
v 32.5651 8.55993 -304.044 1 1 1 1 
v 32.5651 4.55992 -303.844 1 1 1 1 
v 32.5651 4.55992 -304.044 1 1 1 1 
v 32.7651 4.55991 -303.844 1 1 1 1 
v 32.7651 4.55991 -304.044 1 1 1 1 
v 32.5651 4.55992 -304.044 1 1 1 1 
v 32.5651 4.55992 -303.844 1 1 1 1 
v 32.5651 8.55993 -304.044 1 1 1 1 
v 32.5651 8.55993 -303.844 1 1 1 1 
v 32.5651 4.55992 -303.844 1 1 1 1 
v 32.7651 4.55991 -303.844 1 1 1 1 
v 32.5651 8.55993 -303.844 1 1 1 1 
v 32.7651 8.55992 -303.844 1 1 1 1 
v 32.7651 8.55992 -303.844 1 1 1 1 
v 32.7651 8.55992 -304.044 1 1 1 1 
v 32.5651 8.55993 -303.844 1 1 1 1 
v 32.5651 8.55993 -304.044 1 1 1 1 
v 32.7651 4.55991 -303.844 1 1 1 1 
v 32.7651 4.55991 -304.044 1 1 1 1 
v 32.7651 8.55992 -303.844 1 1 1 1 
v 32.7651 8.55992 -304.044 1 1 1 1 

vn 0 0 -1 
vn 0 0 -1 
vn 0 0 -1 
vn 0 0 -1 
vn 0 -1 0 
vn 0 -1 0 
vn 0 -1 0 
vn 0 -1 0 
vn -1 0 0 
vn -1 0 0 
vn -1 0 0 
vn -1 0 0 
vn 0 0 1 
vn 0 0 1 
vn 0 0 1 
vn 0 0 1 
vn 0 1 0 
vn 0 1 0 
vn 0 1 0 
vn 0 1 0 
vn 1 0 0 
vn 1 0 0 
vn 1 0 0 
vn 1 0 0 

vt 0.283359 0.809078 
vt 0.258359 0.809078 
vt 0.283359 0.309078 
vt 0.258359 0.309078 
vt 0.283359 0.809078 
vt 0.258359 0.809078 
vt 0.283359 0.784078 
vt 0.258359 0.784078 
vt 0.283359 0.809078 
vt 0.258359 0.809078 
vt 0.283359 0.309078 
vt 0.258359 0.309078 
vt 0.283359 0.809078 
vt 0.258359 0.809078 
vt 0.283359 0.309078 
vt 0.258359 0.309078 
vt 0.283359 0.809078 
vt 0.258359 0.809078 
vt 0.283359 0.784078 
vt 0.258359 0.784078 
vt 0.283359 0.809078 
vt 0.258359 0.809078 
vt 0.283359 0.309078 
vt 0.258359 0.309078 

usemtl Part182Mtl

f 3445/3445/3445 3446/3446/3446 3447/3447/3447 
f 3447/3447/3447 3446/3446/3446 3448/3448/3448 
f 3449/3449/3449 3450/3450/3450 3451/3451/3451 
f 3451/3451/3451 3450/3450/3450 3452/3452/3452 
f 3453/3453/3453 3454/3454/3454 3455/3455/3455 
f 3455/3455/3455 3454/3454/3454 3456/3456/3456 
f 3457/3457/3457 3458/3458/3458 3459/3459/3459 
f 3459/3459/3459 3458/3458/3458 3460/3460/3460 
f 3461/3461/3461 3462/3462/3462 3463/3463/3463 
f 3463/3463/3463 3462/3462/3462 3464/3464/3464 
f 3465/3465/3465 3466/3466/3466 3467/3467/3467 
f 3467/3467/3467 3466/3466/3466 3468/3468/3468 

g Part216

v 32.7657 8.35992 -303.844 1 1 1 1 
v 32.5657 8.35993 -303.844 1 1 1 1 
v 32.7657 8.55992 -303.844 1 1 1 1 
v 32.5657 8.55993 -303.844 1 1 1 1 
v 32.5657 8.35992 -301.644 1 1 1 1 
v 32.5657 8.35993 -303.844 1 1 1 1 
v 32.7657 8.35992 -301.644 1 1 1 1 
v 32.7657 8.35992 -303.844 1 1 1 1 
v 32.5657 8.35993 -303.844 1 1 1 1 
v 32.5657 8.35992 -301.644 1 1 1 1 
v 32.5657 8.55993 -303.844 1 1 1 1 
v 32.5657 8.55992 -301.644 1 1 1 1 
v 32.5657 8.35992 -301.644 1 1 1 1 
v 32.7657 8.35992 -301.644 1 1 1 1 
v 32.5657 8.55992 -301.644 1 1 1 1 
v 32.7657 8.55992 -301.644 1 1 1 1 
v 32.7657 8.55992 -301.644 1 1 1 1 
v 32.7657 8.55992 -303.844 1 1 1 1 
v 32.5657 8.55992 -301.644 1 1 1 1 
v 32.5657 8.55993 -303.844 1 1 1 1 
v 32.7657 8.35992 -301.644 1 1 1 1 
v 32.7657 8.35992 -303.844 1 1 1 1 
v 32.7657 8.55992 -301.644 1 1 1 1 
v 32.7657 8.55992 -303.844 1 1 1 1 

vn 0 0 -1 
vn 0 0 -1 
vn 0 0 -1 
vn 0 0 -1 
vn 0 -1 0 
vn 0 -1 0 
vn 0 -1 0 
vn 0 -1 0 
vn -1 0 0 
vn -1 0 0 
vn -1 0 0 
vn -1 0 0 
vn 0 0 1 
vn 0 0 1 
vn 0 0 1 
vn 0 0 1 
vn 0 1 0 
vn 0 1 0 
vn 0 1 0 
vn 0 1 0 
vn 1 0 0 
vn 1 0 0 
vn 1 0 0 
vn 1 0 0 

vt -0.121721 0.864822 
vt -0.146721 0.864822 
vt -0.121721 0.839822 
vt -0.146721 0.839822 
vt 0.128279 0.864822 
vt -0.146721 0.864822 
vt 0.128279 0.839822 
vt -0.146721 0.839822 
vt 0.128279 0.864822 
vt -0.146721 0.864822 
vt 0.128279 0.839822 
vt -0.146721 0.839822 
vt -0.121721 0.864822 
vt -0.146721 0.864822 
vt -0.121721 0.839822 
vt -0.146721 0.839822 
vt 0.128279 0.864822 
vt -0.146721 0.864822 
vt 0.128279 0.839822 
vt -0.146721 0.839822 
vt 0.128279 0.864822 
vt -0.146721 0.864822 
vt 0.128279 0.839822 
vt -0.146721 0.839822 

usemtl Part182Mtl

f 3469/3469/3469 3470/3470/3470 3471/3471/3471 
f 3471/3471/3471 3470/3470/3470 3472/3472/3472 
f 3473/3473/3473 3474/3474/3474 3475/3475/3475 
f 3475/3475/3475 3474/3474/3474 3476/3476/3476 
f 3477/3477/3477 3478/3478/3478 3479/3479/3479 
f 3479/3479/3479 3478/3478/3478 3480/3480/3480 
f 3481/3481/3481 3482/3482/3482 3483/3483/3483 
f 3483/3483/3483 3482/3482/3482 3484/3484/3484 
f 3485/3485/3485 3486/3486/3486 3487/3487/3487 
f 3487/3487/3487 3486/3486/3486 3488/3488/3488 
f 3489/3489/3489 3490/3490/3490 3491/3491/3491 
f 3491/3491/3491 3490/3490/3490 3492/3492/3492 

g Part217

v 32.7656 4.55983 -301.644 1 1 1 1 
v 32.5656 4.55984 -301.644 1 1 1 1 
v 32.7657 8.55984 -301.644 1 1 1 1 
v 32.5657 8.55984 -301.644 1 1 1 1 
v 32.5657 4.55983 -301.444 1 1 1 1 
v 32.5656 4.55984 -301.644 1 1 1 1 
v 32.7657 4.55983 -301.444 1 1 1 1 
v 32.7656 4.55983 -301.644 1 1 1 1 
v 32.5656 4.55984 -301.644 1 1 1 1 
v 32.5657 4.55983 -301.444 1 1 1 1 
v 32.5657 8.55984 -301.644 1 1 1 1 
v 32.5657 8.55984 -301.444 1 1 1 1 
v 32.5657 4.55983 -301.444 1 1 1 1 
v 32.7657 4.55983 -301.444 1 1 1 1 
v 32.5657 8.55984 -301.444 1 1 1 1 
v 32.7657 8.55984 -301.444 1 1 1 1 
v 32.7657 8.55984 -301.444 1 1 1 1 
v 32.7657 8.55984 -301.644 1 1 1 1 
v 32.5657 8.55984 -301.444 1 1 1 1 
v 32.5657 8.55984 -301.644 1 1 1 1 
v 32.7657 4.55983 -301.444 1 1 1 1 
v 32.7656 4.55983 -301.644 1 1 1 1 
v 32.7657 8.55984 -301.444 1 1 1 1 
v 32.7657 8.55984 -301.644 1 1 1 1 

vn 0 0 -1 
vn 0 0 -1 
vn 0 0 -1 
vn 0 0 -1 
vn 0 -1 0 
vn 0 -1 0 
vn 0 -1 0 
vn 0 -1 0 
vn -1 0 0 
vn -1 0 0 
vn -1 0 0 
vn -1 0 0 
vn 0 0 1 
vn 0 0 1 
vn 0 0 1 
vn 0 0 1 
vn 0 1 0 
vn 0 1 0 
vn 0 1 0 
vn 0 1 0 
vn 1 0 0 
vn 1 0 0 
vn 1 0 0 
vn 1 0 0 

vt -0.0954978 0.771237 
vt -0.120498 0.771237 
vt -0.0954978 0.271237 
vt -0.120498 0.271237 
vt -0.0954978 0.771237 
vt -0.120498 0.771237 
vt -0.0954978 0.746237 
vt -0.120498 0.746237 
vt -0.0954978 0.771237 
vt -0.120498 0.771237 
vt -0.0954978 0.271237 
vt -0.120498 0.271237 
vt -0.0954978 0.771237 
vt -0.120498 0.771237 
vt -0.0954978 0.271237 
vt -0.120498 0.271237 
vt -0.0954978 0.771237 
vt -0.120498 0.771237 
vt -0.0954978 0.746237 
vt -0.120498 0.746237 
vt -0.0954978 0.771237 
vt -0.120498 0.771237 
vt -0.0954978 0.271237 
vt -0.120498 0.271237 

usemtl Part182Mtl

f 3493/3493/3493 3494/3494/3494 3495/3495/3495 
f 3495/3495/3495 3494/3494/3494 3496/3496/3496 
f 3497/3497/3497 3498/3498/3498 3499/3499/3499 
f 3499/3499/3499 3498/3498/3498 3500/3500/3500 
f 3501/3501/3501 3502/3502/3502 3503/3503/3503 
f 3503/3503/3503 3502/3502/3502 3504/3504/3504 
f 3505/3505/3505 3506/3506/3506 3507/3507/3507 
f 3507/3507/3507 3506/3506/3506 3508/3508/3508 
f 3509/3509/3509 3510/3510/3510 3511/3511/3511 
f 3511/3511/3511 3510/3510/3510 3512/3512/3512 
f 3513/3513/3513 3514/3514/3514 3515/3515/3515 
f 3515/3515/3515 3514/3514/3514 3516/3516/3516 

g Part218

v 32.7653 7.3599 -303.844 1 1 1 1 
v 32.5653 7.3599 -303.844 1 1 1 1 
v 32.7653 7.5599 -303.844 1 1 1 1 
v 32.5653 7.5599 -303.844 1 1 1 1 
v 32.5654 7.3599 -301.644 1 1 1 1 
v 32.5653 7.3599 -303.844 1 1 1 1 
v 32.7654 7.35989 -301.644 1 1 1 1 
v 32.7653 7.3599 -303.844 1 1 1 1 
v 32.5653 7.3599 -303.844 1 1 1 1 
v 32.5654 7.3599 -301.644 1 1 1 1 
v 32.5653 7.5599 -303.844 1 1 1 1 
v 32.5654 7.5599 -301.644 1 1 1 1 
v 32.5654 7.3599 -301.644 1 1 1 1 
v 32.7654 7.35989 -301.644 1 1 1 1 
v 32.5654 7.5599 -301.644 1 1 1 1 
v 32.7654 7.55989 -301.644 1 1 1 1 
v 32.7654 7.55989 -301.644 1 1 1 1 
v 32.7653 7.5599 -303.844 1 1 1 1 
v 32.5654 7.5599 -301.644 1 1 1 1 
v 32.5653 7.5599 -303.844 1 1 1 1 
v 32.7654 7.35989 -301.644 1 1 1 1 
v 32.7653 7.3599 -303.844 1 1 1 1 
v 32.7654 7.55989 -301.644 1 1 1 1 
v 32.7653 7.5599 -303.844 1 1 1 1 

vn 0 0 -1 
vn 0 0 -1 
vn 0 0 -1 
vn 0 0 -1 
vn 0 -1 0 
vn 0 -1 0 
vn 0 -1 0 
vn 0 -1 0 
vn -1 0 0 
vn -1 0 0 
vn -1 0 0 
vn -1 0 0 
vn 0 0 1 
vn 0 0 1 
vn 0 0 1 
vn 0 0 1 
vn 0 1 0 
vn 0 1 0 
vn 0 1 0 
vn 0 1 0 
vn 1 0 0 
vn 1 0 0 
vn 1 0 0 
vn 1 0 0 

vt -0.11492 1.08278 
vt -0.13992 1.08278 
vt -0.11492 1.05778 
vt -0.13992 1.05778 
vt 0.13508 1.08278 
vt -0.13992 1.08278 
vt 0.13508 1.05778 
vt -0.13992 1.05778 
vt 0.13508 1.08278 
vt -0.13992 1.08278 
vt 0.13508 1.05778 
vt -0.13992 1.05778 
vt -0.11492 1.08278 
vt -0.13992 1.08278 
vt -0.11492 1.05778 
vt -0.13992 1.05778 
vt 0.13508 1.08278 
vt -0.13992 1.08278 
vt 0.13508 1.05778 
vt -0.13992 1.05778 
vt 0.13508 1.08278 
vt -0.13992 1.08278 
vt 0.13508 1.05778 
vt -0.13992 1.05778 

usemtl Part182Mtl

f 3517/3517/3517 3518/3518/3518 3519/3519/3519 
f 3519/3519/3519 3518/3518/3518 3520/3520/3520 
f 3521/3521/3521 3522/3522/3522 3523/3523/3523 
f 3523/3523/3523 3522/3522/3522 3524/3524/3524 
f 3525/3525/3525 3526/3526/3526 3527/3527/3527 
f 3527/3527/3527 3526/3526/3526 3528/3528/3528 
f 3529/3529/3529 3530/3530/3530 3531/3531/3531 
f 3531/3531/3531 3530/3530/3530 3532/3532/3532 
f 3533/3533/3533 3534/3534/3534 3535/3535/3535 
f 3535/3535/3535 3534/3534/3534 3536/3536/3536 
f 3537/3537/3537 3538/3538/3538 3539/3539/3539 
f 3539/3539/3539 3538/3538/3538 3540/3540/3540 

g Part219

v 32.7654 4.89987 -302.844 1 1 1 1 
v 32.5654 4.89987 -302.844 1 1 1 1 
v 32.7654 7.35987 -302.844 1 1 1 1 
v 32.5654 7.35988 -302.844 1 1 1 1 
v 32.5654 4.89987 -302.644 1 1 1 1 
v 32.5654 4.89987 -302.844 1 1 1 1 
v 32.7654 4.89987 -302.644 1 1 1 1 
v 32.7654 4.89987 -302.844 1 1 1 1 
v 32.5654 4.89987 -302.844 1 1 1 1 
v 32.5654 4.89987 -302.644 1 1 1 1 
v 32.5654 7.35988 -302.844 1 1 1 1 
v 32.5654 7.35988 -302.644 1 1 1 1 
v 32.5654 4.89987 -302.644 1 1 1 1 
v 32.7654 4.89987 -302.644 1 1 1 1 
v 32.5654 7.35988 -302.644 1 1 1 1 
v 32.7654 7.35987 -302.644 1 1 1 1 
v 32.7654 7.35987 -302.644 1 1 1 1 
v 32.7654 7.35987 -302.844 1 1 1 1 
v 32.5654 7.35988 -302.644 1 1 1 1 
v 32.5654 7.35988 -302.844 1 1 1 1 
v 32.7654 4.89987 -302.644 1 1 1 1 
v 32.7654 4.89987 -302.844 1 1 1 1 
v 32.7654 7.35987 -302.644 1 1 1 1 
v 32.7654 7.35987 -302.844 1 1 1 1 

vn 0 0 -1 
vn 0 0 -1 
vn 0 0 -1 
vn 0 0 -1 
vn 0 -1 0 
vn 0 -1 0 
vn 0 -1 0 
vn 0 -1 0 
vn -1 0 0 
vn -1 0 0 
vn -1 0 0 
vn -1 0 0 
vn 0 0 1 
vn 0 0 1 
vn 0 0 1 
vn 0 0 1 
vn 0 1 0 
vn 0 1 0 
vn 0 1 0 
vn 0 1 0 
vn 1 0 0 
vn 1 0 0 
vn 1 0 0 
vn 1 0 0 

vt 0.168605 1.0802 
vt 0.143605 1.0802 
vt 0.168605 0.772695 
vt 0.143605 0.772695 
vt 0.168605 1.0802 
vt 0.143605 1.0802 
vt 0.168605 1.0552 
vt 0.143605 1.0552 
vt 0.168605 1.0802 
vt 0.143605 1.0802 
vt 0.168605 0.772695 
vt 0.143605 0.772695 
vt 0.168605 1.0802 
vt 0.143605 1.0802 
vt 0.168605 0.772695 
vt 0.143605 0.772695 
vt 0.168605 1.0802 
vt 0.143605 1.0802 
vt 0.168605 1.0552 
vt 0.143605 1.0552 
vt 0.168605 1.0802 
vt 0.143605 1.0802 
vt 0.168605 0.772695 
vt 0.143605 0.772695 

usemtl Part182Mtl

f 3541/3541/3541 3542/3542/3542 3543/3543/3543 
f 3543/3543/3543 3542/3542/3542 3544/3544/3544 
f 3545/3545/3545 3546/3546/3546 3547/3547/3547 
f 3547/3547/3547 3546/3546/3546 3548/3548/3548 
f 3549/3549/3549 3550/3550/3550 3551/3551/3551 
f 3551/3551/3551 3550/3550/3550 3552/3552/3552 
f 3553/3553/3553 3554/3554/3554 3555/3555/3555 
f 3555/3555/3555 3554/3554/3554 3556/3556/3556 
f 3557/3557/3557 3558/3558/3558 3559/3559/3559 
f 3559/3559/3559 3558/3558/3558 3560/3560/3560 
f 3561/3561/3561 3562/3562/3562 3563/3563/3563 
f 3563/3563/3563 3562/3562/3562 3564/3564/3564 

g Part220

v 32.7654 4.70986 -303.844 1 1 1 1 
v 32.5654 4.70987 -303.844 1 1 1 1 
v 32.7654 4.90986 -303.844 1 1 1 1 
v 32.5654 4.90987 -303.844 1 1 1 1 
v 32.5654 4.70986 -301.644 1 1 1 1 
v 32.5654 4.70987 -303.844 1 1 1 1 
v 32.7654 4.70986 -301.644 1 1 1 1 
v 32.7654 4.70986 -303.844 1 1 1 1 
v 32.5654 4.70987 -303.844 1 1 1 1 
v 32.5654 4.70986 -301.644 1 1 1 1 
v 32.5654 4.90987 -303.844 1 1 1 1 
v 32.5654 4.90986 -301.644 1 1 1 1 
v 32.5654 4.70986 -301.644 1 1 1 1 
v 32.7654 4.70986 -301.644 1 1 1 1 
v 32.5654 4.90986 -301.644 1 1 1 1 
v 32.7654 4.90986 -301.644 1 1 1 1 
v 32.7654 4.90986 -301.644 1 1 1 1 
v 32.7654 4.90986 -303.844 1 1 1 1 
v 32.5654 4.90986 -301.644 1 1 1 1 
v 32.5654 4.90987 -303.844 1 1 1 1 
v 32.7654 4.70986 -301.644 1 1 1 1 
v 32.7654 4.70986 -303.844 1 1 1 1 
v 32.7654 4.90986 -301.644 1 1 1 1 
v 32.7654 4.90986 -303.844 1 1 1 1 

vn 0 0 -1 
vn 0 0 -1 
vn 0 0 -1 
vn 0 0 -1 
vn 0 -1 0 
vn 0 -1 0 
vn 0 -1 0 
vn 0 -1 0 
vn -1 0 0 
vn -1 0 0 
vn -1 0 0 
vn -1 0 0 
vn 0 0 1 
vn 0 0 1 
vn 0 0 1 
vn 0 0 1 
vn 0 1 0 
vn 0 1 0 
vn 0 1 0 
vn 0 1 0 
vn 1 0 0 
vn 1 0 0 
vn 1 0 0 
vn 1 0 0 

vt -0.0625963 1.10654 
vt -0.0875963 1.10654 
vt -0.0625963 1.08154 
vt -0.0875963 1.08154 
vt 0.187404 1.10654 
vt -0.0875963 1.10654 
vt 0.187404 1.08154 
vt -0.0875963 1.08154 
vt 0.187404 1.10654 
vt -0.0875963 1.10654 
vt 0.187404 1.08154 
vt -0.0875963 1.08154 
vt -0.0625963 1.10654 
vt -0.0875963 1.10654 
vt -0.0625963 1.08154 
vt -0.0875963 1.08154 
vt 0.187404 1.10654 
vt -0.0875963 1.10654 
vt 0.187404 1.08154 
vt -0.0875963 1.08154 
vt 0.187404 1.10654 
vt -0.0875963 1.10654 
vt 0.187404 1.08154 
vt -0.0875963 1.08154 

usemtl Part182Mtl

f 3565/3565/3565 3566/3566/3566 3567/3567/3567 
f 3567/3567/3567 3566/3566/3566 3568/3568/3568 
f 3569/3569/3569 3570/3570/3570 3571/3571/3571 
f 3571/3571/3571 3570/3570/3570 3572/3572/3572 
f 3573/3573/3573 3574/3574/3574 3575/3575/3575 
f 3575/3575/3575 3574/3574/3574 3576/3576/3576 
f 3577/3577/3577 3578/3578/3578 3579/3579/3579 
f 3579/3579/3579 3578/3578/3578 3580/3580/3580 
f 3581/3581/3581 3582/3582/3582 3583/3583/3583 
f 3583/3583/3583 3582/3582/3582 3584/3584/3584 
f 3585/3585/3585 3586/3586/3586 3587/3587/3587 
f 3587/3587/3587 3586/3586/3586 3588/3588/3588 

g Part221

v 33.1656 4.36984 -304.444 1 1 1 1 
v 32.1656 4.36986 -304.444 1 1 1 1 
v 33.1656 4.56984 -304.444 1 1 1 1 
v 32.1656 4.56986 -304.444 1 1 1 1 
v 32.1656 4.36985 -301.044 1 1 1 1 
v 32.1656 4.36986 -304.444 1 1 1 1 
v 33.1656 4.36983 -301.044 1 1 1 1 
v 33.1656 4.36984 -304.444 1 1 1 1 
v 32.1656 4.36986 -304.444 1 1 1 1 
v 32.1656 4.36985 -301.044 1 1 1 1 
v 32.1656 4.56986 -304.444 1 1 1 1 
v 32.1656 4.56985 -301.044 1 1 1 1 
v 32.1656 4.36985 -301.044 1 1 1 1 
v 33.1656 4.36983 -301.044 1 1 1 1 
v 32.1656 4.56985 -301.044 1 1 1 1 
v 33.1656 4.56984 -301.044 1 1 1 1 
v 33.1656 4.56984 -301.044 1 1 1 1 
v 33.1656 4.56984 -304.444 1 1 1 1 
v 32.1656 4.56985 -301.044 1 1 1 1 
v 32.1656 4.56986 -304.444 1 1 1 1 
v 33.1656 4.36983 -301.044 1 1 1 1 
v 33.1656 4.36984 -304.444 1 1 1 1 
v 33.1656 4.56984 -301.044 1 1 1 1 
v 33.1656 4.56984 -304.444 1 1 1 1 

vn 0 0 -1 
vn 0 0 -1 
vn 0 0 -1 
vn 0 0 -1 
vn 0 -1 0 
vn 0 -1 0 
vn 0 -1 0 
vn 0 -1 0 
vn -1 0 0 
vn -1 0 0 
vn -1 0 0 
vn -1 0 0 
vn 0 0 1 
vn 0 0 1 
vn 0 0 1 
vn 0 0 1 
vn 0 1 0 
vn 0 1 0 
vn 0 1 0 
vn 0 1 0 
vn 1 0 0 
vn 1 0 0 
vn 1 0 0 
vn 1 0 0 

vt 0.296103 1.10261 
vt 0.171103 1.10261 
vt 0.296103 1.07761 
vt 0.171103 1.07761 
vt 0.596103 1.10261 
vt 0.171103 1.10261 
vt 0.596103 0.977613 
vt 0.171103 0.977613 
vt 0.596103 1.10261 
vt 0.171103 1.10261 
vt 0.596103 1.07761 
vt 0.171103 1.07761 
vt 0.296103 1.10261 
vt 0.171103 1.10261 
vt 0.296103 1.07761 
vt 0.171103 1.07761 
vt 0.596103 1.10261 
vt 0.171103 1.10261 
vt 0.596103 0.977613 
vt 0.171103 0.977613 
vt 0.596103 1.10261 
vt 0.171103 1.10261 
vt 0.596103 1.07761 
vt 0.171103 1.07761 

usemtl Part181Mtl

f 3589/3589/3589 3590/3590/3590 3591/3591/3591 
f 3591/3591/3591 3590/3590/3590 3592/3592/3592 
f 3593/3593/3593 3594/3594/3594 3595/3595/3595 
f 3595/3595/3595 3594/3594/3594 3596/3596/3596 
f 3597/3597/3597 3598/3598/3598 3599/3599/3599 
f 3599/3599/3599 3598/3598/3598 3600/3600/3600 
f 3601/3601/3601 3602/3602/3602 3603/3603/3603 
f 3603/3603/3603 3602/3602/3602 3604/3604/3604 
f 3605/3605/3605 3606/3606/3606 3607/3607/3607 
f 3607/3607/3607 3606/3606/3606 3608/3608/3608 
f 3609/3609/3609 3610/3610/3610 3611/3611/3611 
f 3611/3611/3611 3610/3610/3610 3612/3612/3612 

g Part222

v 32.9655 4.55981 -301.444 1 1 1 1 
v 32.3655 4.55982 -301.444 1 1 1 1 
v 32.9656 8.95982 -301.444 1 1 1 1 
v 32.3656 8.95983 -301.444 1 1 1 1 
v 32.3655 4.55982 -301.044 1 1 1 1 
v 32.3655 4.55982 -301.444 1 1 1 1 
v 32.9655 4.55981 -301.044 1 1 1 1 
v 32.9655 4.55981 -301.444 1 1 1 1 
v 32.3655 4.55982 -301.444 1 1 1 1 
v 32.3655 4.55982 -301.044 1 1 1 1 
v 32.3656 8.95983 -301.444 1 1 1 1 
v 32.3656 8.95983 -301.044 1 1 1 1 
v 32.3655 4.55982 -301.044 1 1 1 1 
v 32.9655 4.55981 -301.044 1 1 1 1 
v 32.3656 8.95983 -301.044 1 1 1 1 
v 32.9656 8.95982 -301.044 1 1 1 1 
v 32.9656 8.95982 -301.044 1 1 1 1 
v 32.9656 8.95982 -301.444 1 1 1 1 
v 32.3656 8.95983 -301.044 1 1 1 1 
v 32.3656 8.95983 -301.444 1 1 1 1 
v 32.9655 4.55981 -301.044 1 1 1 1 
v 32.9655 4.55981 -301.444 1 1 1 1 
v 32.9656 8.95982 -301.044 1 1 1 1 
v 32.9656 8.95982 -301.444 1 1 1 1 

vn 0 0 -1 
vn 0 0 -1 
vn 0 0 -1 
vn 0 0 -1 
vn 0 -1 0 
vn 0 -1 0 
vn 0 -1 0 
vn 0 -1 0 
vn -1 0 0 
vn -1 0 0 
vn -1 0 0 
vn -1 0 0 
vn 0 0 1 
vn 0 0 1 
vn 0 0 1 
vn 0 0 1 
vn 0 1 0 
vn 0 1 0 
vn 0 1 0 
vn 0 1 0 
vn 1 0 0 
vn 1 0 0 
vn 1 0 0 
vn 1 0 0 

vt -0.0144213 0.779057 
vt -0.0894213 0.779057 
vt -0.0144213 0.229057 
vt -0.0894213 0.229057 
vt -0.0394213 0.779057 
vt -0.0894213 0.779057 
vt -0.0394213 0.704057 
vt -0.0894213 0.704057 
vt -0.0394213 0.779057 
vt -0.0894213 0.779057 
vt -0.0394213 0.229057 
vt -0.0894213 0.229057 
vt -0.0144213 0.779057 
vt -0.0894213 0.779057 
vt -0.0144213 0.229057 
vt -0.0894213 0.229057 
vt -0.0394213 0.779057 
vt -0.0894213 0.779057 
vt -0.0394213 0.704057 
vt -0.0894213 0.704057 
vt -0.0394213 0.779057 
vt -0.0894213 0.779057 
vt -0.0394213 0.229057 
vt -0.0894213 0.229057 

usemtl Part181Mtl

f 3613/3613/3613 3614/3614/3614 3615/3615/3615 
f 3615/3615/3615 3614/3614/3614 3616/3616/3616 
f 3617/3617/3617 3618/3618/3618 3619/3619/3619 
f 3619/3619/3619 3618/3618/3618 3620/3620/3620 
f 3621/3621/3621 3622/3622/3622 3623/3623/3623 
f 3623/3623/3623 3622/3622/3622 3624/3624/3624 
f 3625/3625/3625 3626/3626/3626 3627/3627/3627 
f 3627/3627/3627 3626/3626/3626 3628/3628/3628 
f 3629/3629/3629 3630/3630/3630 3631/3631/3631 
f 3631/3631/3631 3630/3630/3630 3632/3632/3632 
f 3633/3633/3633 3634/3634/3634 3635/3635/3635 
f 3635/3635/3635 3634/3634/3634 3636/3636/3636 

g Part223

v 32.9658 8.55988 -304.444 1 1 1 1 
v 32.3658 8.55989 -304.444 1 1 1 1 
v 32.9658 8.95988 -304.444 1 1 1 1 
v 32.3658 8.95989 -304.444 1 1 1 1 
v 32.3658 8.55988 -301.044 1 1 1 1 
v 32.3658 8.55989 -304.444 1 1 1 1 
v 32.9658 8.55987 -301.044 1 1 1 1 
v 32.9658 8.55988 -304.444 1 1 1 1 
v 32.3658 8.55989 -304.444 1 1 1 1 
v 32.3658 8.55988 -301.044 1 1 1 1 
v 32.3658 8.95989 -304.444 1 1 1 1 
v 32.3658 8.95988 -301.044 1 1 1 1 
v 32.3658 8.55988 -301.044 1 1 1 1 
v 32.9658 8.55987 -301.044 1 1 1 1 
v 32.3658 8.95988 -301.044 1 1 1 1 
v 32.9658 8.95987 -301.044 1 1 1 1 
v 32.9658 8.95987 -301.044 1 1 1 1 
v 32.9658 8.95988 -304.444 1 1 1 1 
v 32.3658 8.95988 -301.044 1 1 1 1 
v 32.3658 8.95989 -304.444 1 1 1 1 
v 32.9658 8.55987 -301.044 1 1 1 1 
v 32.9658 8.55988 -304.444 1 1 1 1 
v 32.9658 8.95987 -301.044 1 1 1 1 
v 32.9658 8.95988 -304.444 1 1 1 1 

vn 0 0 -1 
vn 0 0 -1 
vn 0 0 -1 
vn 0 0 -1 
vn 0 -1 0 
vn 0 -1 0 
vn 0 -1 0 
vn 0 -1 0 
vn -1 0 0 
vn -1 0 0 
vn -1 0 0 
vn -1 0 0 
vn 0 0 1 
vn 0 0 1 
vn 0 0 1 
vn 0 0 1 
vn 0 1 0 
vn 0 1 0 
vn 0 1 0 
vn 0 1 0 
vn 1 0 0 
vn 1 0 0 
vn 1 0 0 
vn 1 0 0 

vt 0.00421388 0.930767 
vt -0.0707861 0.930767 
vt 0.00421388 0.880767 
vt -0.0707861 0.880767 
vt 0.354214 0.930767 
vt -0.0707861 0.930767 
vt 0.354214 0.855767 
vt -0.0707861 0.855767 
vt 0.354214 0.930767 
vt -0.0707861 0.930767 
vt 0.354214 0.880767 
vt -0.0707861 0.880767 
vt 0.00421388 0.930767 
vt -0.0707861 0.930767 
vt 0.00421388 0.880767 
vt -0.0707861 0.880767 
vt 0.354214 0.930767 
vt -0.0707861 0.930767 
vt 0.354214 0.855767 
vt -0.0707861 0.855767 
vt 0.354214 0.930767 
vt -0.0707861 0.930767 
vt 0.354214 0.880767 
vt -0.0707861 0.880767 

usemtl Part181Mtl

f 3637/3637/3637 3638/3638/3638 3639/3639/3639 
f 3639/3639/3639 3638/3638/3638 3640/3640/3640 
f 3641/3641/3641 3642/3642/3642 3643/3643/3643 
f 3643/3643/3643 3642/3642/3642 3644/3644/3644 
f 3645/3645/3645 3646/3646/3646 3647/3647/3647 
f 3647/3647/3647 3646/3646/3646 3648/3648/3648 
f 3649/3649/3649 3650/3650/3650 3651/3651/3651 
f 3651/3651/3651 3650/3650/3650 3652/3652/3652 
f 3653/3653/3653 3654/3654/3654 3655/3655/3655 
f 3655/3655/3655 3654/3654/3654 3656/3656/3656 
f 3657/3657/3657 3658/3658/3658 3659/3659/3659 
f 3659/3659/3659 3658/3658/3658 3660/3660/3660 

g Part224

v 32.9659 4.55993 -304.444 1 1 1 1 
v 32.3659 4.55994 -304.444 1 1 1 1 
v 32.966 8.95994 -304.444 1 1 1 1 
v 32.366 8.95995 -304.444 1 1 1 1 
v 32.3659 4.55994 -304.044 1 1 1 1 
v 32.3659 4.55994 -304.444 1 1 1 1 
v 32.9659 4.55993 -304.044 1 1 1 1 
v 32.9659 4.55993 -304.444 1 1 1 1 
v 32.3659 4.55994 -304.444 1 1 1 1 
v 32.3659 4.55994 -304.044 1 1 1 1 
v 32.366 8.95995 -304.444 1 1 1 1 
v 32.366 8.95995 -304.044 1 1 1 1 
v 32.3659 4.55994 -304.044 1 1 1 1 
v 32.9659 4.55993 -304.044 1 1 1 1 
v 32.366 8.95995 -304.044 1 1 1 1 
v 32.966 8.95994 -304.044 1 1 1 1 
v 32.966 8.95994 -304.044 1 1 1 1 
v 32.966 8.95994 -304.444 1 1 1 1 
v 32.366 8.95995 -304.044 1 1 1 1 
v 32.366 8.95995 -304.444 1 1 1 1 
v 32.9659 4.55993 -304.044 1 1 1 1 
v 32.9659 4.55993 -304.444 1 1 1 1 
v 32.966 8.95994 -304.044 1 1 1 1 
v 32.966 8.95994 -304.444 1 1 1 1 

vn 0 0 -1 
vn 0 0 -1 
vn 0 0 -1 
vn 0 0 -1 
vn 0 -1 0 
vn 0 -1 0 
vn 0 -1 0 
vn 0 -1 0 
vn -1 0 0 
vn -1 0 0 
vn -1 0 0 
vn -1 0 0 
vn 0 0 1 
vn 0 0 1 
vn 0 0 1 
vn 0 0 1 
vn 0 1 0 
vn 0 1 0 
vn 0 1 0 
vn 0 1 0 
vn 1 0 0 
vn 1 0 0 
vn 1 0 0 
vn 1 0 0 

vt -0.0280732 0.982123 
vt -0.103073 0.982123 
vt -0.0280732 0.432123 
vt -0.103073 0.432123 
vt -0.0530732 0.982123 
vt -0.103073 0.982123 
vt -0.0530732 0.907123 
vt -0.103073 0.907123 
vt -0.0530732 0.982123 
vt -0.103073 0.982123 
vt -0.0530732 0.432123 
vt -0.103073 0.432123 
vt -0.0280732 0.982123 
vt -0.103073 0.982123 
vt -0.0280732 0.432123 
vt -0.103073 0.432123 
vt -0.0530732 0.982123 
vt -0.103073 0.982123 
vt -0.0530732 0.907123 
vt -0.103073 0.907123 
vt -0.0530732 0.982123 
vt -0.103073 0.982123 
vt -0.0530732 0.432123 
vt -0.103073 0.432123 

usemtl Part181Mtl

f 3661/3661/3661 3662/3662/3662 3663/3663/3663 
f 3663/3663/3663 3662/3662/3662 3664/3664/3664 
f 3665/3665/3665 3666/3666/3666 3667/3667/3667 
f 3667/3667/3667 3666/3666/3666 3668/3668/3668 
f 3669/3669/3669 3670/3670/3670 3671/3671/3671 
f 3671/3671/3671 3670/3670/3670 3672/3672/3672 
f 3673/3673/3673 3674/3674/3674 3675/3675/3675 
f 3675/3675/3675 3674/3674/3674 3676/3676/3676 
f 3677/3677/3677 3678/3678/3678 3679/3679/3679 
f 3679/3679/3679 3678/3678/3678 3680/3680/3680 
f 3681/3681/3681 3682/3682/3682 3683/3683/3683 
f 3683/3683/3683 3682/3682/3682 3684/3684/3684 

g Part225

v 32.9654 4.56988 -314.044 1 1 1 1 
v 32.3654 4.56989 -314.044 1 1 1 1 
v 32.9654 4.76988 -314.044 1 1 1 1 
v 32.3654 4.76989 -314.044 1 1 1 1 
v 32.3655 4.56988 -310.644 1 1 1 1 
v 32.3654 4.56989 -314.044 1 1 1 1 
v 32.9655 4.56987 -310.644 1 1 1 1 
v 32.9654 4.56988 -314.044 1 1 1 1 
v 32.3654 4.56989 -314.044 1 1 1 1 
v 32.3655 4.56988 -310.644 1 1 1 1 
v 32.3654 4.76989 -314.044 1 1 1 1 
v 32.3655 4.76988 -310.644 1 1 1 1 
v 32.3655 4.56988 -310.644 1 1 1 1 
v 32.9655 4.56987 -310.644 1 1 1 1 
v 32.3655 4.76988 -310.644 1 1 1 1 
v 32.9655 4.76987 -310.644 1 1 1 1 
v 32.9655 4.76987 -310.644 1 1 1 1 
v 32.9654 4.76988 -314.044 1 1 1 1 
v 32.3655 4.76988 -310.644 1 1 1 1 
v 32.3654 4.76989 -314.044 1 1 1 1 
v 32.9655 4.56987 -310.644 1 1 1 1 
v 32.9654 4.56988 -314.044 1 1 1 1 
v 32.9655 4.76987 -310.644 1 1 1 1 
v 32.9654 4.76988 -314.044 1 1 1 1 

vn 0 0 -1 
vn 0 0 -1 
vn 0 0 -1 
vn 0 0 -1 
vn 0 -1 0 
vn 0 -1 0 
vn 0 -1 0 
vn 0 -1 0 
vn -1 0 0 
vn -1 0 0 
vn -1 0 0 
vn -1 0 0 
vn 0 0 1 
vn 0 0 1 
vn 0 0 1 
vn 0 0 1 
vn 0 1 0 
vn 0 1 0 
vn 0 1 0 
vn 0 1 0 
vn 1 0 0 
vn 1 0 0 
vn 1 0 0 
vn 1 0 0 

vt 0.235164 0.980511 
vt 0.160164 0.980511 
vt 0.235164 0.955511 
vt 0.160164 0.955511 
vt 0.585164 0.980511 
vt 0.160164 0.980511 
vt 0.585164 0.905511 
vt 0.160164 0.905511 
vt 0.585164 0.980511 
vt 0.160164 0.980511 
vt 0.585164 0.955511 
vt 0.160164 0.955511 
vt 0.235164 0.980511 
vt 0.160164 0.980511 
vt 0.235164 0.955511 
vt 0.160164 0.955511 
vt 0.585164 0.980511 
vt 0.160164 0.980511 
vt 0.585164 0.905511 
vt 0.160164 0.905511 
vt 0.585164 0.980511 
vt 0.160164 0.980511 
vt 0.585164 0.955511 
vt 0.160164 0.955511 

usemtl Part181Mtl

f 3685/3685/3685 3686/3686/3686 3687/3687/3687 
f 3687/3687/3687 3686/3686/3686 3688/3688/3688 
f 3689/3689/3689 3690/3690/3690 3691/3691/3691 
f 3691/3691/3691 3690/3690/3690 3692/3692/3692 
f 3693/3693/3693 3694/3694/3694 3695/3695/3695 
f 3695/3695/3695 3694/3694/3694 3696/3696/3696 
f 3697/3697/3697 3698/3698/3698 3699/3699/3699 
f 3699/3699/3699 3698/3698/3698 3700/3700/3700 
f 3701/3701/3701 3702/3702/3702 3703/3703/3703 
f 3703/3703/3703 3702/3702/3702 3704/3704/3704 
f 3705/3705/3705 3706/3706/3706 3707/3707/3707 
f 3707/3707/3707 3706/3706/3706 3708/3708/3708 

g Part226

v 32.7656 4.55995 -313.645 1 1 1 1 
v 32.5656 4.55995 -313.645 1 1 1 1 
v 32.7657 8.55996 -313.645 1 1 1 1 
v 32.5657 8.55996 -313.645 1 1 1 1 
v 32.5656 4.55995 -313.445 1 1 1 1 
v 32.5656 4.55995 -313.645 1 1 1 1 
v 32.7656 4.55995 -313.445 1 1 1 1 
v 32.7656 4.55995 -313.645 1 1 1 1 
v 32.5656 4.55995 -313.645 1 1 1 1 
v 32.5656 4.55995 -313.445 1 1 1 1 
v 32.5657 8.55996 -313.645 1 1 1 1 
v 32.5657 8.55996 -313.445 1 1 1 1 
v 32.5656 4.55995 -313.445 1 1 1 1 
v 32.7656 4.55995 -313.445 1 1 1 1 
v 32.5657 8.55996 -313.445 1 1 1 1 
v 32.7657 8.55996 -313.445 1 1 1 1 
v 32.7657 8.55996 -313.445 1 1 1 1 
v 32.7657 8.55996 -313.645 1 1 1 1 
v 32.5657 8.55996 -313.445 1 1 1 1 
v 32.5657 8.55996 -313.645 1 1 1 1 
v 32.7656 4.55995 -313.445 1 1 1 1 
v 32.7656 4.55995 -313.645 1 1 1 1 
v 32.7657 8.55996 -313.445 1 1 1 1 
v 32.7657 8.55996 -313.645 1 1 1 1 

vn 0 0 -1 
vn 0 0 -1 
vn 0 0 -1 
vn 0 0 -1 
vn 0 -1 0 
vn 0 -1 0 
vn 0 -1 0 
vn 0 -1 0 
vn -1 0 0 
vn -1 0 0 
vn -1 0 0 
vn -1 0 0 
vn 0 0 1 
vn 0 0 1 
vn 0 0 1 
vn 0 0 1 
vn 0 1 0 
vn 0 1 0 
vn 0 1 0 
vn 0 1 0 
vn 1 0 0 
vn 1 0 0 
vn 1 0 0 
vn 1 0 0 

vt 0.220204 0.819972 
vt 0.195204 0.819972 
vt 0.220204 0.319972 
vt 0.195204 0.319972 
vt 0.220204 0.819972 
vt 0.195204 0.819972 
vt 0.220204 0.794972 
vt 0.195204 0.794972 
vt 0.220204 0.819972 
vt 0.195204 0.819972 
vt 0.220204 0.319972 
vt 0.195204 0.319972 
vt 0.220204 0.819972 
vt 0.195204 0.819972 
vt 0.220204 0.319972 
vt 0.195204 0.319972 
vt 0.220204 0.819972 
vt 0.195204 0.819972 
vt 0.220204 0.794972 
vt 0.195204 0.794972 
vt 0.220204 0.819972 
vt 0.195204 0.819972 
vt 0.220204 0.319972 
vt 0.195204 0.319972 

usemtl Part182Mtl

f 3709/3709/3709 3710/3710/3710 3711/3711/3711 
f 3711/3711/3711 3710/3710/3710 3712/3712/3712 
f 3713/3713/3713 3714/3714/3714 3715/3715/3715 
f 3715/3715/3715 3714/3714/3714 3716/3716/3716 
f 3717/3717/3717 3718/3718/3718 3719/3719/3719 
f 3719/3719/3719 3718/3718/3718 3720/3720/3720 
f 3721/3721/3721 3722/3722/3722 3723/3723/3723 
f 3723/3723/3723 3722/3722/3722 3724/3724/3724 
f 3725/3725/3725 3726/3726/3726 3727/3727/3727 
f 3727/3727/3727 3726/3726/3726 3728/3728/3728 
f 3729/3729/3729 3730/3730/3730 3731/3731/3731 
f 3731/3731/3731 3730/3730/3730 3732/3732/3732 

g Part227

v 32.7655 8.35996 -313.444 1 1 1 1 
v 32.5655 8.35996 -313.444 1 1 1 1 
v 32.7655 8.55996 -313.444 1 1 1 1 
v 32.5655 8.55996 -313.444 1 1 1 1 
v 32.5655 8.35995 -311.244 1 1 1 1 
v 32.5655 8.35996 -313.444 1 1 1 1 
v 32.7655 8.35995 -311.244 1 1 1 1 
v 32.7655 8.35996 -313.444 1 1 1 1 
v 32.5655 8.35996 -313.444 1 1 1 1 
v 32.5655 8.35995 -311.244 1 1 1 1 
v 32.5655 8.55996 -313.444 1 1 1 1 
v 32.5655 8.55995 -311.244 1 1 1 1 
v 32.5655 8.35995 -311.244 1 1 1 1 
v 32.7655 8.35995 -311.244 1 1 1 1 
v 32.5655 8.55995 -311.244 1 1 1 1 
v 32.7655 8.55995 -311.244 1 1 1 1 
v 32.7655 8.55995 -311.244 1 1 1 1 
v 32.7655 8.55996 -313.444 1 1 1 1 
v 32.5655 8.55995 -311.244 1 1 1 1 
v 32.5655 8.55996 -313.444 1 1 1 1 
v 32.7655 8.35995 -311.244 1 1 1 1 
v 32.7655 8.35996 -313.444 1 1 1 1 
v 32.7655 8.55995 -311.244 1 1 1 1 
v 32.7655 8.55996 -313.444 1 1 1 1 

vn 0 0 -1 
vn 0 0 -1 
vn 0 0 -1 
vn 0 0 -1 
vn 0 -1 0 
vn 0 -1 0 
vn 0 -1 0 
vn 0 -1 0 
vn -1 0 0 
vn -1 0 0 
vn -1 0 0 
vn -1 0 0 
vn 0 0 1 
vn 0 0 1 
vn 0 0 1 
vn 0 0 1 
vn 0 1 0 
vn 0 1 0 
vn 0 1 0 
vn 0 1 0 
vn 1 0 0 
vn 1 0 0 
vn 1 0 0 
vn 1 0 0 

vt 0.17055 1.0522 
vt 0.14555 1.0522 
vt 0.17055 1.0272 
vt 0.14555 1.0272 
vt 0.42055 1.0522 
vt 0.14555 1.0522 
vt 0.42055 1.0272 
vt 0.14555 1.0272 
vt 0.42055 1.0522 
vt 0.14555 1.0522 
vt 0.42055 1.0272 
vt 0.14555 1.0272 
vt 0.17055 1.0522 
vt 0.14555 1.0522 
vt 0.17055 1.0272 
vt 0.14555 1.0272 
vt 0.42055 1.0522 
vt 0.14555 1.0522 
vt 0.42055 1.0272 
vt 0.14555 1.0272 
vt 0.42055 1.0522 
vt 0.14555 1.0522 
vt 0.42055 1.0272 
vt 0.14555 1.0272 

usemtl Part182Mtl

f 3733/3733/3733 3734/3734/3734 3735/3735/3735 
f 3735/3735/3735 3734/3734/3734 3736/3736/3736 
f 3737/3737/3737 3738/3738/3738 3739/3739/3739 
f 3739/3739/3739 3738/3738/3738 3740/3740/3740 
f 3741/3741/3741 3742/3742/3742 3743/3743/3743 
f 3743/3743/3743 3742/3742/3742 3744/3744/3744 
f 3745/3745/3745 3746/3746/3746 3747/3747/3747 
f 3747/3747/3747 3746/3746/3746 3748/3748/3748 
f 3749/3749/3749 3750/3750/3750 3751/3751/3751 
f 3751/3751/3751 3750/3750/3750 3752/3752/3752 
f 3753/3753/3753 3754/3754/3754 3755/3755/3755 
f 3755/3755/3755 3754/3754/3754 3756/3756/3756 

g Part228

v 32.7658 4.55994 -311.244 1 1 1 1 
v 32.5658 4.55995 -311.244 1 1 1 1 
v 32.7659 8.55995 -311.244 1 1 1 1 
v 32.5659 8.55996 -311.244 1 1 1 1 
v 32.5658 4.55995 -311.044 1 1 1 1 
v 32.5658 4.55995 -311.244 1 1 1 1 
v 32.7658 4.55994 -311.044 1 1 1 1 
v 32.7658 4.55994 -311.244 1 1 1 1 
v 32.5658 4.55995 -311.244 1 1 1 1 
v 32.5658 4.55995 -311.044 1 1 1 1 
v 32.5659 8.55996 -311.244 1 1 1 1 
v 32.5659 8.55995 -311.044 1 1 1 1 
v 32.5658 4.55995 -311.044 1 1 1 1 
v 32.7658 4.55994 -311.044 1 1 1 1 
v 32.5659 8.55995 -311.044 1 1 1 1 
v 32.7659 8.55995 -311.044 1 1 1 1 
v 32.7659 8.55995 -311.044 1 1 1 1 
v 32.7659 8.55995 -311.244 1 1 1 1 
v 32.5659 8.55995 -311.044 1 1 1 1 
v 32.5659 8.55996 -311.244 1 1 1 1 
v 32.7658 4.55994 -311.044 1 1 1 1 
v 32.7658 4.55994 -311.244 1 1 1 1 
v 32.7659 8.55995 -311.044 1 1 1 1 
v 32.7659 8.55995 -311.244 1 1 1 1 

vn 0 0 -1 
vn 0 0 -1 
vn 0 0 -1 
vn 0 0 -1 
vn 0 -1 0 
vn 0 -1 0 
vn 0 -1 0 
vn 0 -1 0 
vn -1 0 0 
vn -1 0 0 
vn -1 0 0 
vn -1 0 0 
vn 0 0 1 
vn 0 0 1 
vn 0 0 1 
vn 0 0 1 
vn 0 1 0 
vn 0 1 0 
vn 0 1 0 
vn 0 1 0 
vn 1 0 0 
vn 1 0 0 
vn 1 0 0 
vn 1 0 0 

vt 0.0166769 1.02477 
vt -0.00832315 1.02477 
vt 0.0166769 0.524768 
vt -0.00832315 0.524768 
vt 0.0166769 1.02477 
vt -0.00832315 1.02477 
vt 0.0166769 0.999768 
vt -0.00832315 0.999768 
vt 0.0166769 1.02477 
vt -0.00832315 1.02477 
vt 0.0166769 0.524768 
vt -0.00832315 0.524768 
vt 0.0166769 1.02477 
vt -0.00832315 1.02477 
vt 0.0166769 0.524768 
vt -0.00832315 0.524768 
vt 0.0166769 1.02477 
vt -0.00832315 1.02477 
vt 0.0166769 0.999768 
vt -0.00832315 0.999768 
vt 0.0166769 1.02477 
vt -0.00832315 1.02477 
vt 0.0166769 0.524768 
vt -0.00832315 0.524768 

usemtl Part182Mtl

f 3757/3757/3757 3758/3758/3758 3759/3759/3759 
f 3759/3759/3759 3758/3758/3758 3760/3760/3760 
f 3761/3761/3761 3762/3762/3762 3763/3763/3763 
f 3763/3763/3763 3762/3762/3762 3764/3764/3764 
f 3765/3765/3765 3766/3766/3766 3767/3767/3767 
f 3767/3767/3767 3766/3766/3766 3768/3768/3768 
f 3769/3769/3769 3770/3770/3770 3771/3771/3771 
f 3771/3771/3771 3770/3770/3770 3772/3772/3772 
f 3773/3773/3773 3774/3774/3774 3775/3775/3775 
f 3775/3775/3775 3774/3774/3774 3776/3776/3776 
f 3777/3777/3777 3778/3778/3778 3779/3779/3779 
f 3779/3779/3779 3778/3778/3778 3780/3780/3780 

g Part229

v 32.7654 7.35993 -313.445 1 1 1 1 
v 32.5654 7.35993 -313.445 1 1 1 1 
v 32.7654 7.55993 -313.445 1 1 1 1 
v 32.5654 7.55993 -313.445 1 1 1 1 
v 32.5655 7.35993 -311.245 1 1 1 1 
v 32.5654 7.35993 -313.445 1 1 1 1 
v 32.7655 7.35992 -311.245 1 1 1 1 
v 32.7654 7.35993 -313.445 1 1 1 1 
v 32.5654 7.35993 -313.445 1 1 1 1 
v 32.5655 7.35993 -311.245 1 1 1 1 
v 32.5654 7.55993 -313.445 1 1 1 1 
v 32.5655 7.55993 -311.245 1 1 1 1 
v 32.5655 7.35993 -311.245 1 1 1 1 
v 32.7655 7.35992 -311.245 1 1 1 1 
v 32.5655 7.55993 -311.245 1 1 1 1 
v 32.7655 7.55992 -311.245 1 1 1 1 
v 32.7655 7.55992 -311.245 1 1 1 1 
v 32.7654 7.55993 -313.445 1 1 1 1 
v 32.5655 7.55993 -311.245 1 1 1 1 
v 32.5654 7.55993 -313.445 1 1 1 1 
v 32.7655 7.35992 -311.245 1 1 1 1 
v 32.7654 7.35993 -313.445 1 1 1 1 
v 32.7655 7.55992 -311.245 1 1 1 1 
v 32.7654 7.55993 -313.445 1 1 1 1 

vn 0 0 -1 
vn 0 0 -1 
vn 0 0 -1 
vn 0 0 -1 
vn 0 -1 0 
vn 0 -1 0 
vn 0 -1 0 
vn 0 -1 0 
vn -1 0 0 
vn -1 0 0 
vn -1 0 0 
vn -1 0 0 
vn 0 0 1 
vn 0 0 1 
vn 0 0 1 
vn 0 0 1 
vn 0 1 0 
vn 0 1 0 
vn 0 1 0 
vn 0 1 0 
vn 1 0 0 
vn 1 0 0 
vn 1 0 0 
vn 1 0 0 

vt 0.0923104 0.89362 
vt 0.0673104 0.89362 
vt 0.0923104 0.86862 
vt 0.0673104 0.86862 
vt 0.34231 0.89362 
vt 0.0673104 0.89362 
vt 0.34231 0.86862 
vt 0.0673104 0.86862 
vt 0.34231 0.89362 
vt 0.0673104 0.89362 
vt 0.34231 0.86862 
vt 0.0673104 0.86862 
vt 0.0923104 0.89362 
vt 0.0673104 0.89362 
vt 0.0923104 0.86862 
vt 0.0673104 0.86862 
vt 0.34231 0.89362 
vt 0.0673104 0.89362 
vt 0.34231 0.86862 
vt 0.0673104 0.86862 
vt 0.34231 0.89362 
vt 0.0673104 0.89362 
vt 0.34231 0.86862 
vt 0.0673104 0.86862 

usemtl Part182Mtl

f 3781/3781/3781 3782/3782/3782 3783/3783/3783 
f 3783/3783/3783 3782/3782/3782 3784/3784/3784 
f 3785/3785/3785 3786/3786/3786 3787/3787/3787 
f 3787/3787/3787 3786/3786/3786 3788/3788/3788 
f 3789/3789/3789 3790/3790/3790 3791/3791/3791 
f 3791/3791/3791 3790/3790/3790 3792/3792/3792 
f 3793/3793/3793 3794/3794/3794 3795/3795/3795 
f 3795/3795/3795 3794/3794/3794 3796/3796/3796 
f 3797/3797/3797 3798/3798/3798 3799/3799/3799 
f 3799/3799/3799 3798/3798/3798 3800/3800/3800 
f 3801/3801/3801 3802/3802/3802 3803/3803/3803 
f 3803/3803/3803 3802/3802/3802 3804/3804/3804 

g Part230

v 32.7654 4.8999 -312.444 1 1 1 1 
v 32.5654 4.8999 -312.444 1 1 1 1 
v 32.7655 7.35991 -312.444 1 1 1 1 
v 32.5655 7.35991 -312.444 1 1 1 1 
v 32.5654 4.8999 -312.244 1 1 1 1 
v 32.5654 4.8999 -312.444 1 1 1 1 
v 32.7654 4.8999 -312.244 1 1 1 1 
v 32.7654 4.8999 -312.444 1 1 1 1 
v 32.5654 4.8999 -312.444 1 1 1 1 
v 32.5654 4.8999 -312.244 1 1 1 1 
v 32.5655 7.35991 -312.444 1 1 1 1 
v 32.5655 7.35991 -312.244 1 1 1 1 
v 32.5654 4.8999 -312.244 1 1 1 1 
v 32.7654 4.8999 -312.244 1 1 1 1 
v 32.5655 7.35991 -312.244 1 1 1 1 
v 32.7655 7.35991 -312.244 1 1 1 1 
v 32.7655 7.35991 -312.244 1 1 1 1 
v 32.7655 7.35991 -312.444 1 1 1 1 
v 32.5655 7.35991 -312.244 1 1 1 1 
v 32.5655 7.35991 -312.444 1 1 1 1 
v 32.7654 4.8999 -312.244 1 1 1 1 
v 32.7654 4.8999 -312.444 1 1 1 1 
v 32.7655 7.35991 -312.244 1 1 1 1 
v 32.7655 7.35991 -312.444 1 1 1 1 

vn 0 0 -1 
vn 0 0 -1 
vn 0 0 -1 
vn 0 0 -1 
vn 0 -1 0 
vn 0 -1 0 
vn 0 -1 0 
vn 0 -1 0 
vn -1 0 0 
vn -1 0 0 
vn -1 0 0 
vn -1 0 0 
vn 0 0 1 
vn 0 0 1 
vn 0 0 1 
vn 0 0 1 
vn 0 1 0 
vn 0 1 0 
vn 0 1 0 
vn 0 1 0 
vn 1 0 0 
vn 1 0 0 
vn 1 0 0 
vn 1 0 0 

vt 0.142018 0.875574 
vt 0.117018 0.875574 
vt 0.142018 0.568074 
vt 0.117018 0.568074 
vt 0.142018 0.875574 
vt 0.117018 0.875574 
vt 0.142018 0.850574 
vt 0.117018 0.850574 
vt 0.142018 0.875574 
vt 0.117018 0.875574 
vt 0.142018 0.568074 
vt 0.117018 0.568074 
vt 0.142018 0.875574 
vt 0.117018 0.875574 
vt 0.142018 0.568074 
vt 0.117018 0.568074 
vt 0.142018 0.875574 
vt 0.117018 0.875574 
vt 0.142018 0.850574 
vt 0.117018 0.850574 
vt 0.142018 0.875574 
vt 0.117018 0.875574 
vt 0.142018 0.568074 
vt 0.117018 0.568074 

usemtl Part182Mtl

f 3805/3805/3805 3806/3806/3806 3807/3807/3807 
f 3807/3807/3807 3806/3806/3806 3808/3808/3808 
f 3809/3809/3809 3810/3810/3810 3811/3811/3811 
f 3811/3811/3811 3810/3810/3810 3812/3812/3812 
f 3813/3813/3813 3814/3814/3814 3815/3815/3815 
f 3815/3815/3815 3814/3814/3814 3816/3816/3816 
f 3817/3817/3817 3818/3818/3818 3819/3819/3819 
f 3819/3819/3819 3818/3818/3818 3820/3820/3820 
f 3821/3821/3821 3822/3822/3822 3823/3823/3823 
f 3823/3823/3823 3822/3822/3822 3824/3824/3824 
f 3825/3825/3825 3826/3826/3826 3827/3827/3827 
f 3827/3827/3827 3826/3826/3826 3828/3828/3828 

g Part231

v 32.7654 4.70989 -313.445 1 1 1 1 
v 32.5654 4.7099 -313.445 1 1 1 1 
v 32.7654 4.90989 -313.445 1 1 1 1 
v 32.5654 4.9099 -313.445 1 1 1 1 
v 32.5654 4.70989 -311.245 1 1 1 1 
v 32.5654 4.7099 -313.445 1 1 1 1 
v 32.7654 4.70989 -311.245 1 1 1 1 
v 32.7654 4.70989 -313.445 1 1 1 1 
v 32.5654 4.7099 -313.445 1 1 1 1 
v 32.5654 4.70989 -311.245 1 1 1 1 
v 32.5654 4.9099 -313.445 1 1 1 1 
v 32.5654 4.90989 -311.245 1 1 1 1 
v 32.5654 4.70989 -311.245 1 1 1 1 
v 32.7654 4.70989 -311.245 1 1 1 1 
v 32.5654 4.90989 -311.245 1 1 1 1 
v 32.7654 4.90989 -311.245 1 1 1 1 
v 32.7654 4.90989 -311.245 1 1 1 1 
v 32.7654 4.90989 -313.445 1 1 1 1 
v 32.5654 4.90989 -311.245 1 1 1 1 
v 32.5654 4.9099 -313.445 1 1 1 1 
v 32.7654 4.70989 -311.245 1 1 1 1 
v 32.7654 4.70989 -313.445 1 1 1 1 
v 32.7654 4.90989 -311.245 1 1 1 1 
v 32.7654 4.90989 -313.445 1 1 1 1 

vn 0 0 -1 
vn 0 0 -1 
vn 0 0 -1 
vn 0 0 -1 
vn 0 -1 0 
vn 0 -1 0 
vn 0 -1 0 
vn 0 -1 0 
vn -1 0 0 
vn -1 0 0 
vn -1 0 0 
vn -1 0 0 
vn 0 0 1 
vn 0 0 1 
vn 0 0 1 
vn 0 0 1 
vn 0 1 0 
vn 0 1 0 
vn 0 1 0 
vn 0 1 0 
vn 1 0 0 
vn 1 0 0 
vn 1 0 0 
vn 1 0 0 

vt -0.0462033 1.06203 
vt -0.0712033 1.06203 
vt -0.0462033 1.03703 
vt -0.0712033 1.03703 
vt 0.203797 1.06203 
vt -0.0712033 1.06203 
vt 0.203797 1.03703 
vt -0.0712033 1.03703 
vt 0.203797 1.06203 
vt -0.0712033 1.06203 
vt 0.203797 1.03703 
vt -0.0712033 1.03703 
vt -0.0462033 1.06203 
vt -0.0712033 1.06203 
vt -0.0462033 1.03703 
vt -0.0712033 1.03703 
vt 0.203797 1.06203 
vt -0.0712033 1.06203 
vt 0.203797 1.03703 
vt -0.0712033 1.03703 
vt 0.203797 1.06203 
vt -0.0712033 1.06203 
vt 0.203797 1.03703 
vt -0.0712033 1.03703 

usemtl Part182Mtl

f 3829/3829/3829 3830/3830/3830 3831/3831/3831 
f 3831/3831/3831 3830/3830/3830 3832/3832/3832 
f 3833/3833/3833 3834/3834/3834 3835/3835/3835 
f 3835/3835/3835 3834/3834/3834 3836/3836/3836 
f 3837/3837/3837 3838/3838/3838 3839/3839/3839 
f 3839/3839/3839 3838/3838/3838 3840/3840/3840 
f 3841/3841/3841 3842/3842/3842 3843/3843/3843 
f 3843/3843/3843 3842/3842/3842 3844/3844/3844 
f 3845/3845/3845 3846/3846/3846 3847/3847/3847 
f 3847/3847/3847 3846/3846/3846 3848/3848/3848 
f 3849/3849/3849 3850/3850/3850 3851/3851/3851 
f 3851/3851/3851 3850/3850/3850 3852/3852/3852 

g Part232

v 33.1654 4.36987 -314.044 1 1 1 1 
v 32.1654 4.36989 -314.044 1 1 1 1 
v 33.1654 4.56987 -314.044 1 1 1 1 
v 32.1654 4.56989 -314.044 1 1 1 1 
v 32.1654 4.36988 -310.644 1 1 1 1 
v 32.1654 4.36989 -314.044 1 1 1 1 
v 33.1654 4.36986 -310.644 1 1 1 1 
v 33.1654 4.36987 -314.044 1 1 1 1 
v 32.1654 4.36989 -314.044 1 1 1 1 
v 32.1654 4.36988 -310.644 1 1 1 1 
v 32.1654 4.56989 -314.044 1 1 1 1 
v 32.1654 4.56988 -310.644 1 1 1 1 
v 32.1654 4.36988 -310.644 1 1 1 1 
v 33.1654 4.36986 -310.644 1 1 1 1 
v 32.1654 4.56988 -310.644 1 1 1 1 
v 33.1654 4.56986 -310.644 1 1 1 1 
v 33.1654 4.56986 -310.644 1 1 1 1 
v 33.1654 4.56987 -314.044 1 1 1 1 
v 32.1654 4.56988 -310.644 1 1 1 1 
v 32.1654 4.56989 -314.044 1 1 1 1 
v 33.1654 4.36986 -310.644 1 1 1 1 
v 33.1654 4.36987 -314.044 1 1 1 1 
v 33.1654 4.56986 -310.644 1 1 1 1 
v 33.1654 4.56987 -314.044 1 1 1 1 

vn 0 0 -1 
vn 0 0 -1 
vn 0 0 -1 
vn 0 0 -1 
vn 0 -1 0 
vn 0 -1 0 
vn 0 -1 0 
vn 0 -1 0 
vn -1 0 0 
vn -1 0 0 
vn -1 0 0 
vn -1 0 0 
vn 0 0 1 
vn 0 0 1 
vn 0 0 1 
vn 0 0 1 
vn 0 1 0 
vn 0 1 0 
vn 0 1 0 
vn 0 1 0 
vn 1 0 0 
vn 1 0 0 
vn 1 0 0 
vn 1 0 0 

vt -0.0397312 1.25691 
vt -0.164731 1.25691 
vt -0.0397312 1.23191 
vt -0.164731 1.23191 
vt 0.260269 1.25691 
vt -0.164731 1.25691 
vt 0.260269 1.13191 
vt -0.164731 1.13191 
vt 0.260269 1.25691 
vt -0.164731 1.25691 
vt 0.260269 1.23191 
vt -0.164731 1.23191 
vt -0.0397312 1.25691 
vt -0.164731 1.25691 
vt -0.0397312 1.23191 
vt -0.164731 1.23191 
vt 0.260269 1.25691 
vt -0.164731 1.25691 
vt 0.260269 1.13191 
vt -0.164731 1.13191 
vt 0.260269 1.25691 
vt -0.164731 1.25691 
vt 0.260269 1.23191 
vt -0.164731 1.23191 

usemtl Part181Mtl

f 3853/3853/3853 3854/3854/3854 3855/3855/3855 
f 3855/3855/3855 3854/3854/3854 3856/3856/3856 
f 3857/3857/3857 3858/3858/3858 3859/3859/3859 
f 3859/3859/3859 3858/3858/3858 3860/3860/3860 
f 3861/3861/3861 3862/3862/3862 3863/3863/3863 
f 3863/3863/3863 3862/3862/3862 3864/3864/3864 
f 3865/3865/3865 3866/3866/3866 3867/3867/3867 
f 3867/3867/3867 3866/3866/3866 3868/3868/3868 
f 3869/3869/3869 3870/3870/3870 3871/3871/3871 
f 3871/3871/3871 3870/3870/3870 3872/3872/3872 
f 3873/3873/3873 3874/3874/3874 3875/3875/3875 
f 3875/3875/3875 3874/3874/3874 3876/3876/3876 

g Part233

v 32.9656 4.55994 -311.044 1 1 1 1 
v 32.3656 4.55995 -311.044 1 1 1 1 
v 32.9657 8.95995 -311.044 1 1 1 1 
v 32.3657 8.95996 -311.044 1 1 1 1 
v 32.3656 4.55995 -310.644 1 1 1 1 
v 32.3656 4.55995 -311.044 1 1 1 1 
v 32.9656 4.55994 -310.644 1 1 1 1 
v 32.9656 4.55994 -311.044 1 1 1 1 
v 32.3656 4.55995 -311.044 1 1 1 1 
v 32.3656 4.55995 -310.644 1 1 1 1 
v 32.3657 8.95996 -311.044 1 1 1 1 
v 32.3657 8.95996 -310.644 1 1 1 1 
v 32.3656 4.55995 -310.644 1 1 1 1 
v 32.9656 4.55994 -310.644 1 1 1 1 
v 32.3657 8.95996 -310.644 1 1 1 1 
v 32.9657 8.95995 -310.644 1 1 1 1 
v 32.9657 8.95995 -310.644 1 1 1 1 
v 32.9657 8.95995 -311.044 1 1 1 1 
v 32.3657 8.95996 -310.644 1 1 1 1 
v 32.3657 8.95996 -311.044 1 1 1 1 
v 32.9656 4.55994 -310.644 1 1 1 1 
v 32.9656 4.55994 -311.044 1 1 1 1 
v 32.9657 8.95995 -310.644 1 1 1 1 
v 32.9657 8.95995 -311.044 1 1 1 1 

vn 0 0 -1 
vn 0 0 -1 
vn 0 0 -1 
vn 0 0 -1 
vn 0 -1 0 
vn 0 -1 0 
vn 0 -1 0 
vn 0 -1 0 
vn -1 0 0 
vn -1 0 0 
vn -1 0 0 
vn -1 0 0 
vn 0 0 1 
vn 0 0 1 
vn 0 0 1 
vn 0 0 1 
vn 0 1 0 
vn 0 1 0 
vn 0 1 0 
vn 0 1 0 
vn 1 0 0 
vn 1 0 0 
vn 1 0 0 
vn 1 0 0 

vt -0.106931 1.33623 
vt -0.181931 1.33623 
vt -0.106931 0.78623 
vt -0.181931 0.78623 
vt -0.131931 1.33623 
vt -0.181931 1.33623 
vt -0.131931 1.26123 
vt -0.181931 1.26123 
vt -0.131931 1.33623 
vt -0.181931 1.33623 
vt -0.131931 0.78623 
vt -0.181931 0.78623 
vt -0.106931 1.33623 
vt -0.181931 1.33623 
vt -0.106931 0.78623 
vt -0.181931 0.78623 
vt -0.131931 1.33623 
vt -0.181931 1.33623 
vt -0.131931 1.26123 
vt -0.181931 1.26123 
vt -0.131931 1.33623 
vt -0.181931 1.33623 
vt -0.131931 0.78623 
vt -0.181931 0.78623 

usemtl Part181Mtl

f 3877/3877/3877 3878/3878/3878 3879/3879/3879 
f 3879/3879/3879 3878/3878/3878 3880/3880/3880 
f 3881/3881/3881 3882/3882/3882 3883/3883/3883 
f 3883/3883/3883 3882/3882/3882 3884/3884/3884 
f 3885/3885/3885 3886/3886/3886 3887/3887/3887 
f 3887/3887/3887 3886/3886/3886 3888/3888/3888 
f 3889/3889/3889 3890/3890/3890 3891/3891/3891 
f 3891/3891/3891 3890/3890/3890 3892/3892/3892 
f 3893/3893/3893 3894/3894/3894 3895/3895/3895 
f 3895/3895/3895 3894/3894/3894 3896/3896/3896 
f 3897/3897/3897 3898/3898/3898 3899/3899/3899 
f 3899/3899/3899 3898/3898/3898 3900/3900/3900 

g Part234

v 32.9655 8.55991 -314.044 1 1 1 1 
v 32.3655 8.55993 -314.044 1 1 1 1 
v 32.9655 8.95992 -314.044 1 1 1 1 
v 32.3655 8.95993 -314.044 1 1 1 1 
v 32.3655 8.55992 -310.644 1 1 1 1 
v 32.3655 8.55993 -314.044 1 1 1 1 
v 32.9655 8.55991 -310.644 1 1 1 1 
v 32.9655 8.55991 -314.044 1 1 1 1 
v 32.3655 8.55993 -314.044 1 1 1 1 
v 32.3655 8.55992 -310.644 1 1 1 1 
v 32.3655 8.95993 -314.044 1 1 1 1 
v 32.3655 8.95992 -310.644 1 1 1 1 
v 32.3655 8.55992 -310.644 1 1 1 1 
v 32.9655 8.55991 -310.644 1 1 1 1 
v 32.3655 8.95992 -310.644 1 1 1 1 
v 32.9655 8.95991 -310.644 1 1 1 1 
v 32.9655 8.95991 -310.644 1 1 1 1 
v 32.9655 8.95992 -314.044 1 1 1 1 
v 32.3655 8.95992 -310.644 1 1 1 1 
v 32.3655 8.95993 -314.044 1 1 1 1 
v 32.9655 8.55991 -310.644 1 1 1 1 
v 32.9655 8.55991 -314.044 1 1 1 1 
v 32.9655 8.95991 -310.644 1 1 1 1 
v 32.9655 8.95992 -314.044 1 1 1 1 

vn 0 0 -1 
vn 0 0 -1 
vn 0 0 -1 
vn 0 0 -1 
vn 0 -1 0 
vn 0 -1 0 
vn 0 -1 0 
vn 0 -1 0 
vn -1 0 0 
vn -1 0 0 
vn -1 0 0 
vn -1 0 0 
vn 0 0 1 
vn 0 0 1 
vn 0 0 1 
vn 0 0 1 
vn 0 1 0 
vn 0 1 0 
vn 0 1 0 
vn 0 1 0 
vn 1 0 0 
vn 1 0 0 
vn 1 0 0 
vn 1 0 0 

vt 0.18891 1.07286 
vt 0.11391 1.07286 
vt 0.18891 1.02286 
vt 0.11391 1.02286 
vt 0.53891 1.07286 
vt 0.11391 1.07286 
vt 0.53891 0.997862 
vt 0.11391 0.997862 
vt 0.53891 1.07286 
vt 0.11391 1.07286 
vt 0.53891 1.02286 
vt 0.11391 1.02286 
vt 0.18891 1.07286 
vt 0.11391 1.07286 
vt 0.18891 1.02286 
vt 0.11391 1.02286 
vt 0.53891 1.07286 
vt 0.11391 1.07286 
vt 0.53891 0.997862 
vt 0.11391 0.997862 
vt 0.53891 1.07286 
vt 0.11391 1.07286 
vt 0.53891 1.02286 
vt 0.11391 1.02286 

usemtl Part181Mtl

f 3901/3901/3901 3902/3902/3902 3903/3903/3903 
f 3903/3903/3903 3902/3902/3902 3904/3904/3904 
f 3905/3905/3905 3906/3906/3906 3907/3907/3907 
f 3907/3907/3907 3906/3906/3906 3908/3908/3908 
f 3909/3909/3909 3910/3910/3910 3911/3911/3911 
f 3911/3911/3911 3910/3910/3910 3912/3912/3912 
f 3913/3913/3913 3914/3914/3914 3915/3915/3915 
f 3915/3915/3915 3914/3914/3914 3916/3916/3916 
f 3917/3917/3917 3918/3918/3918 3919/3919/3919 
f 3919/3919/3919 3918/3918/3918 3920/3920/3920 
f 3921/3921/3921 3922/3922/3922 3923/3923/3923 
f 3923/3923/3923 3922/3922/3922 3924/3924/3924 

g Part235

v 32.9654 4.55994 -314.045 1 1 1 1 
v 32.3654 4.55995 -314.045 1 1 1 1 
v 32.9655 8.95995 -314.045 1 1 1 1 
v 32.3655 8.95996 -314.045 1 1 1 1 
v 32.3654 4.55995 -313.645 1 1 1 1 
v 32.3654 4.55995 -314.045 1 1 1 1 
v 32.9654 4.55994 -313.645 1 1 1 1 
v 32.9654 4.55994 -314.045 1 1 1 1 
v 32.3654 4.55995 -314.045 1 1 1 1 
v 32.3654 4.55995 -313.645 1 1 1 1 
v 32.3655 8.95996 -314.045 1 1 1 1 
v 32.3655 8.95996 -313.645 1 1 1 1 
v 32.3654 4.55995 -313.645 1 1 1 1 
v 32.9654 4.55994 -313.645 1 1 1 1 
v 32.3655 8.95996 -313.645 1 1 1 1 
v 32.9655 8.95995 -313.645 1 1 1 1 
v 32.9655 8.95995 -313.645 1 1 1 1 
v 32.9655 8.95995 -314.045 1 1 1 1 
v 32.3655 8.95996 -313.645 1 1 1 1 
v 32.3655 8.95996 -314.045 1 1 1 1 
v 32.9654 4.55994 -313.645 1 1 1 1 
v 32.9654 4.55994 -314.045 1 1 1 1 
v 32.9655 8.95995 -313.645 1 1 1 1 
v 32.9655 8.95995 -314.045 1 1 1 1 

vn 0 0 -1 
vn 0 0 -1 
vn 0 0 -1 
vn 0 0 -1 
vn 0 -1 0 
vn 0 -1 0 
vn 0 -1 0 
vn 0 -1 0 
vn -1 0 0 
vn -1 0 0 
vn -1 0 0 
vn -1 0 0 
vn 0 0 1 
vn 0 0 1 
vn 0 0 1 
vn 0 0 1 
vn 0 1 0 
vn 0 1 0 
vn 0 1 0 
vn 0 1 0 
vn 1 0 0 
vn 1 0 0 
vn 1 0 0 
vn 1 0 0 

vt 0.159968 0.779057 
vt 0.0849683 0.779057 
vt 0.159968 0.229057 
vt 0.0849683 0.229057 
vt 0.134968 0.779057 
vt 0.0849683 0.779057 
vt 0.134968 0.704057 
vt 0.0849683 0.704057 
vt 0.134968 0.779057 
vt 0.0849683 0.779057 
vt 0.134968 0.229057 
vt 0.0849683 0.229057 
vt 0.159968 0.779057 
vt 0.0849683 0.779057 
vt 0.159968 0.229057 
vt 0.0849683 0.229057 
vt 0.134968 0.779057 
vt 0.0849683 0.779057 
vt 0.134968 0.704057 
vt 0.0849683 0.704057 
vt 0.134968 0.779057 
vt 0.0849683 0.779057 
vt 0.134968 0.229057 
vt 0.0849683 0.229057 

usemtl Part181Mtl

f 3925/3925/3925 3926/3926/3926 3927/3927/3927 
f 3927/3927/3927 3926/3926/3926 3928/3928/3928 
f 3929/3929/3929 3930/3930/3930 3931/3931/3931 
f 3931/3931/3931 3930/3930/3930 3932/3932/3932 
f 3933/3933/3933 3934/3934/3934 3935/3935/3935 
f 3935/3935/3935 3934/3934/3934 3936/3936/3936 
f 3937/3937/3937 3938/3938/3938 3939/3939/3939 
f 3939/3939/3939 3938/3938/3938 3940/3940/3940 
f 3941/3941/3941 3942/3942/3942 3943/3943/3943 
f 3943/3943/3943 3942/3942/3942 3944/3944/3944 
f 3945/3945/3945 3946/3946/3946 3947/3947/3947 
f 3947/3947/3947 3946/3946/3946 3948/3948/3948 

g Part236

v 54.5872 4.56982 -303.043 1 1 1 1 
v 53.9872 4.56984 -303.043 1 1 1 1 
v 54.5872 4.76982 -303.043 1 1 1 1 
v 53.9872 4.76984 -303.043 1 1 1 1 
v 53.9873 4.56983 -299.643 1 1 1 1 
v 53.9872 4.56984 -303.043 1 1 1 1 
v 54.5873 4.56982 -299.643 1 1 1 1 
v 54.5872 4.56982 -303.043 1 1 1 1 
v 53.9872 4.56984 -303.043 1 1 1 1 
v 53.9873 4.56983 -299.643 1 1 1 1 
v 53.9872 4.76984 -303.043 1 1 1 1 
v 53.9873 4.76983 -299.643 1 1 1 1 
v 53.9873 4.56983 -299.643 1 1 1 1 
v 54.5873 4.56982 -299.643 1 1 1 1 
v 53.9873 4.76983 -299.643 1 1 1 1 
v 54.5873 4.76982 -299.643 1 1 1 1 
v 54.5873 4.76982 -299.643 1 1 1 1 
v 54.5872 4.76982 -303.043 1 1 1 1 
v 53.9873 4.76983 -299.643 1 1 1 1 
v 53.9872 4.76984 -303.043 1 1 1 1 
v 54.5873 4.56982 -299.643 1 1 1 1 
v 54.5872 4.56982 -303.043 1 1 1 1 
v 54.5873 4.76982 -299.643 1 1 1 1 
v 54.5872 4.76982 -303.043 1 1 1 1 

vn 0 0 -1 
vn 0 0 -1 
vn 0 0 -1 
vn 0 0 -1 
vn 0 -1 0 
vn 0 -1 0 
vn 0 -1 0 
vn 0 -1 0 
vn -1 0 0 
vn -1 0 0 
vn -1 0 0 
vn -1 0 0 
vn 0 0 1 
vn 0 0 1 
vn 0 0 1 
vn 0 0 1 
vn 0 1 0 
vn 0 1 0 
vn 0 1 0 
vn 0 1 0 
vn 1 0 0 
vn 1 0 0 
vn 1 0 0 
vn 1 0 0 

vt 0.235164 1.02364 
vt 0.160164 1.02364 
vt 0.235164 0.998642 
vt 0.160164 0.998642 
vt 0.585164 1.02364 
vt 0.160164 1.02364 
vt 0.585164 0.948642 
vt 0.160164 0.948642 
vt 0.585164 1.02364 
vt 0.160164 1.02364 
vt 0.585164 0.998642 
vt 0.160164 0.998642 
vt 0.235164 1.02364 
vt 0.160164 1.02364 
vt 0.235164 0.998642 
vt 0.160164 0.998642 
vt 0.585164 1.02364 
vt 0.160164 1.02364 
vt 0.585164 0.948642 
vt 0.160164 0.948642 
vt 0.585164 1.02364 
vt 0.160164 1.02364 
vt 0.585164 0.998642 
vt 0.160164 0.998642 

usemtl Part181Mtl

f 3949/3949/3949 3950/3950/3950 3951/3951/3951 
f 3951/3951/3951 3950/3950/3950 3952/3952/3952 
f 3953/3953/3953 3954/3954/3954 3955/3955/3955 
f 3955/3955/3955 3954/3954/3954 3956/3956/3956 
f 3957/3957/3957 3958/3958/3958 3959/3959/3959 
f 3959/3959/3959 3958/3958/3958 3960/3960/3960 
f 3961/3961/3961 3962/3962/3962 3963/3963/3963 
f 3963/3963/3963 3962/3962/3962 3964/3964/3964 
f 3965/3965/3965 3966/3966/3966 3967/3967/3967 
f 3967/3967/3967 3966/3966/3966 3968/3968/3968 
f 3969/3969/3969 3970/3970/3970 3971/3971/3971 
f 3971/3971/3971 3970/3970/3970 3972/3972/3972 

g Part237

v 54.3867 4.55985 -302.644 1 1 1 1 
v 54.1867 4.55986 -302.644 1 1 1 1 
v 54.3868 8.55986 -302.644 1 1 1 1 
v 54.1868 8.55987 -302.644 1 1 1 1 
v 54.1868 4.55986 -302.444 1 1 1 1 
v 54.1867 4.55986 -302.644 1 1 1 1 
v 54.3868 4.55985 -302.444 1 1 1 1 
v 54.3867 4.55985 -302.644 1 1 1 1 
v 54.1867 4.55986 -302.644 1 1 1 1 
v 54.1868 4.55986 -302.444 1 1 1 1 
v 54.1868 8.55987 -302.644 1 1 1 1 
v 54.1868 8.55987 -302.444 1 1 1 1 
v 54.1868 4.55986 -302.444 1 1 1 1 
v 54.3868 4.55985 -302.444 1 1 1 1 
v 54.1868 8.55987 -302.444 1 1 1 1 
v 54.3868 8.55986 -302.444 1 1 1 1 
v 54.3868 8.55986 -302.444 1 1 1 1 
v 54.3868 8.55986 -302.644 1 1 1 1 
v 54.1868 8.55987 -302.444 1 1 1 1 
v 54.1868 8.55987 -302.644 1 1 1 1 
v 54.3868 4.55985 -302.444 1 1 1 1 
v 54.3867 4.55985 -302.644 1 1 1 1 
v 54.3868 8.55986 -302.444 1 1 1 1 
v 54.3868 8.55986 -302.644 1 1 1 1 

vn 0 0 -1 
vn 0 0 -1 
vn 0 0 -1 
vn 0 0 -1 
vn 0 -1 0 
vn 0 -1 0 
vn 0 -1 0 
vn 0 -1 0 
vn -1 0 0 
vn -1 0 0 
vn -1 0 0 
vn -1 0 0 
vn 0 0 1 
vn 0 0 1 
vn 0 0 1 
vn 0 0 1 
vn 0 1 0 
vn 0 1 0 
vn 0 1 0 
vn 0 1 0 
vn 1 0 0 
vn 1 0 0 
vn 1 0 0 
vn 1 0 0 

vt 0.157368 0.753685 
vt 0.132368 0.753685 
vt 0.157368 0.253685 
vt 0.132368 0.253685 
vt 0.157368 0.753685 
vt 0.132368 0.753685 
vt 0.157368 0.728685 
vt 0.132368 0.728685 
vt 0.157368 0.753685 
vt 0.132368 0.753685 
vt 0.157368 0.253685 
vt 0.132368 0.253685 
vt 0.157368 0.753685 
vt 0.132368 0.753685 
vt 0.157368 0.253685 
vt 0.132368 0.253685 
vt 0.157368 0.753685 
vt 0.132368 0.753685 
vt 0.157368 0.728685 
vt 0.132368 0.728685 
vt 0.157368 0.753685 
vt 0.132368 0.753685 
vt 0.157368 0.253685 
vt 0.132368 0.253685 

usemtl Part182Mtl

f 3973/3973/3973 3974/3974/3974 3975/3975/3975 
f 3975/3975/3975 3974/3974/3974 3976/3976/3976 
f 3977/3977/3977 3978/3978/3978 3979/3979/3979 
f 3979/3979/3979 3978/3978/3978 3980/3980/3980 
f 3981/3981/3981 3982/3982/3982 3983/3983/3983 
f 3983/3983/3983 3982/3982/3982 3984/3984/3984 
f 3985/3985/3985 3986/3986/3986 3987/3987/3987 
f 3987/3987/3987 3986/3986/3986 3988/3988/3988 
f 3989/3989/3989 3990/3990/3990 3991/3991/3991 
f 3991/3991/3991 3990/3990/3990 3992/3992/3992 
f 3993/3993/3993 3994/3994/3994 3995/3995/3995 
f 3995/3995/3995 3994/3994/3994 3996/3996/3996 

g Part238

v 54.3872 8.35989 -302.443 1 1 1 1 
v 54.1872 8.35989 -302.443 1 1 1 1 
v 54.3872 8.55989 -302.443 1 1 1 1 
v 54.1872 8.55989 -302.443 1 1 1 1 
v 54.1872 8.35988 -300.243 1 1 1 1 
v 54.1872 8.35989 -302.443 1 1 1 1 
v 54.3872 8.35988 -300.243 1 1 1 1 
v 54.3872 8.35989 -302.443 1 1 1 1 
v 54.1872 8.35989 -302.443 1 1 1 1 
v 54.1872 8.35988 -300.243 1 1 1 1 
v 54.1872 8.55989 -302.443 1 1 1 1 
v 54.1872 8.55988 -300.243 1 1 1 1 
v 54.1872 8.35988 -300.243 1 1 1 1 
v 54.3872 8.35988 -300.243 1 1 1 1 
v 54.1872 8.55988 -300.243 1 1 1 1 
v 54.3872 8.55988 -300.243 1 1 1 1 
v 54.3872 8.55988 -300.243 1 1 1 1 
v 54.3872 8.55989 -302.443 1 1 1 1 
v 54.1872 8.55988 -300.243 1 1 1 1 
v 54.1872 8.55989 -302.443 1 1 1 1 
v 54.3872 8.35988 -300.243 1 1 1 1 
v 54.3872 8.35989 -302.443 1 1 1 1 
v 54.3872 8.55988 -300.243 1 1 1 1 
v 54.3872 8.55989 -302.443 1 1 1 1 

vn 0 0 -1 
vn 0 0 -1 
vn 0 0 -1 
vn 0 0 -1 
vn 0 -1 0 
vn 0 -1 0 
vn 0 -1 0 
vn 0 -1 0 
vn -1 0 0 
vn -1 0 0 
vn -1 0 0 
vn -1 0 0 
vn 0 0 1 
vn 0 0 1 
vn 0 0 1 
vn 0 0 1 
vn 0 1 0 
vn 0 1 0 
vn 0 1 0 
vn 0 1 0 
vn 1 0 0 
vn 1 0 0 
vn 1 0 0 
vn 1 0 0 

vt 0.121711 1.04963 
vt 0.0967106 1.04963 
vt 0.121711 1.02463 
vt 0.0967106 1.02463 
vt 0.371711 1.04963 
vt 0.0967106 1.04963 
vt 0.371711 1.02463 
vt 0.0967106 1.02463 
vt 0.371711 1.04963 
vt 0.0967106 1.04963 
vt 0.371711 1.02463 
vt 0.0967106 1.02463 
vt 0.121711 1.04963 
vt 0.0967106 1.04963 
vt 0.121711 1.02463 
vt 0.0967106 1.02463 
vt 0.371711 1.04963 
vt 0.0967106 1.04963 
vt 0.371711 1.02463 
vt 0.0967106 1.02463 
vt 0.371711 1.04963 
vt 0.0967106 1.04963 
vt 0.371711 1.02463 
vt 0.0967106 1.02463 

usemtl Part182Mtl

f 3997/3997/3997 3998/3998/3998 3999/3999/3999 
f 3999/3999/3999 3998/3998/3998 4000/4000/4000 
f 4001/4001/4001 4002/4002/4002 4003/4003/4003 
f 4003/4003/4003 4002/4002/4002 4004/4004/4004 
f 4005/4005/4005 4006/4006/4006 4007/4007/4007 
f 4007/4007/4007 4006/4006/4006 4008/4008/4008 
f 4009/4009/4009 4010/4010/4010 4011/4011/4011 
f 4011/4011/4011 4010/4010/4010 4012/4012/4012 
f 4013/4013/4013 4014/4014/4014 4015/4015/4015 
f 4015/4015/4015 4014/4014/4014 4016/4016/4016 
f 4017/4017/4017 4018/4018/4018 4019/4019/4019 
f 4019/4019/4019 4018/4018/4018 4020/4020/4020 

g Part239

v 54.3869 4.55988 -300.244 1 1 1 1 
v 54.1869 4.55988 -300.244 1 1 1 1 
v 54.3869 8.55989 -300.244 1 1 1 1 
v 54.1869 8.55989 -300.244 1 1 1 1 
v 54.1869 4.55988 -300.044 1 1 1 1 
v 54.1869 4.55988 -300.244 1 1 1 1 
v 54.3869 4.55988 -300.044 1 1 1 1 
v 54.3869 4.55988 -300.244 1 1 1 1 
v 54.1869 4.55988 -300.244 1 1 1 1 
v 54.1869 4.55988 -300.044 1 1 1 1 
v 54.1869 8.55989 -300.244 1 1 1 1 
v 54.1869 8.55989 -300.044 1 1 1 1 
v 54.1869 4.55988 -300.044 1 1 1 1 
v 54.3869 4.55988 -300.044 1 1 1 1 
v 54.1869 8.55989 -300.044 1 1 1 1 
v 54.3869 8.55989 -300.044 1 1 1 1 
v 54.3869 8.55989 -300.044 1 1 1 1 
v 54.3869 8.55989 -300.244 1 1 1 1 
v 54.1869 8.55989 -300.044 1 1 1 1 
v 54.1869 8.55989 -300.244 1 1 1 1 
v 54.3869 4.55988 -300.044 1 1 1 1 
v 54.3869 4.55988 -300.244 1 1 1 1 
v 54.3869 8.55989 -300.044 1 1 1 1 
v 54.3869 8.55989 -300.244 1 1 1 1 

vn 0 0 -1 
vn 0 0 -1 
vn 0 0 -1 
vn 0 0 -1 
vn 0 -1 0 
vn 0 -1 0 
vn 0 -1 0 
vn 0 -1 0 
vn -1 0 0 
vn -1 0 0 
vn -1 0 0 
vn -1 0 0 
vn 0 0 1 
vn 0 0 1 
vn 0 0 1 
vn 0 0 1 
vn 0 1 0 
vn 0 1 0 
vn 0 1 0 
vn 0 1 0 
vn 1 0 0 
vn 1 0 0 
vn 1 0 0 
vn 1 0 0 

vt -0.1553 1.15757 
vt -0.1803 1.15757 
vt -0.1553 0.657569 
vt -0.1803 0.657569 
vt -0.1553 1.15757 
vt -0.1803 1.15757 
vt -0.1553 1.13257 
vt -0.1803 1.13257 
vt -0.1553 1.15757 
vt -0.1803 1.15757 
vt -0.1553 0.657569 
vt -0.1803 0.657569 
vt -0.1553 1.15757 
vt -0.1803 1.15757 
vt -0.1553 0.657569 
vt -0.1803 0.657569 
vt -0.1553 1.15757 
vt -0.1803 1.15757 
vt -0.1553 1.13257 
vt -0.1803 1.13257 
vt -0.1553 1.15757 
vt -0.1803 1.15757 
vt -0.1553 0.657569 
vt -0.1803 0.657569 

usemtl Part182Mtl

f 4021/4021/4021 4022/4022/4022 4023/4023/4023 
f 4023/4023/4023 4022/4022/4022 4024/4024/4024 
f 4025/4025/4025 4026/4026/4026 4027/4027/4027 
f 4027/4027/4027 4026/4026/4026 4028/4028/4028 
f 4029/4029/4029 4030/4030/4030 4031/4031/4031 
f 4031/4031/4031 4030/4030/4030 4032/4032/4032 
f 4033/4033/4033 4034/4034/4034 4035/4035/4035 
f 4035/4035/4035 4034/4034/4034 4036/4036/4036 
f 4037/4037/4037 4038/4038/4038 4039/4039/4039 
f 4039/4039/4039 4038/4038/4038 4040/4040/4040 
f 4041/4041/4041 4042/4042/4042 4043/4043/4043 
f 4043/4043/4043 4042/4042/4042 4044/4044/4044 

g Part240

v 54.387 7.35991 -302.444 1 1 1 1 
v 54.187 7.35992 -302.444 1 1 1 1 
v 54.387 7.55991 -302.444 1 1 1 1 
v 54.187 7.55992 -302.444 1 1 1 1 
v 54.187 7.35991 -300.244 1 1 1 1 
v 54.187 7.35992 -302.444 1 1 1 1 
v 54.3871 7.35991 -300.244 1 1 1 1 
v 54.387 7.35991 -302.444 1 1 1 1 
v 54.187 7.35992 -302.444 1 1 1 1 
v 54.187 7.35991 -300.244 1 1 1 1 
v 54.187 7.55992 -302.444 1 1 1 1 
v 54.1871 7.55991 -300.244 1 1 1 1 
v 54.187 7.35991 -300.244 1 1 1 1 
v 54.3871 7.35991 -300.244 1 1 1 1 
v 54.1871 7.55991 -300.244 1 1 1 1 
v 54.3871 7.55991 -300.244 1 1 1 1 
v 54.3871 7.55991 -300.244 1 1 1 1 
v 54.387 7.55991 -302.444 1 1 1 1 
v 54.1871 7.55991 -300.244 1 1 1 1 
v 54.187 7.55992 -302.444 1 1 1 1 
v 54.3871 7.35991 -300.244 1 1 1 1 
v 54.387 7.35991 -302.444 1 1 1 1 
v 54.3871 7.55991 -300.244 1 1 1 1 
v 54.387 7.55991 -302.444 1 1 1 1 

vn 0 0 -1 
vn 0 0 -1 
vn 0 0 -1 
vn 0 0 -1 
vn 0 -1 0 
vn 0 -1 0 
vn 0 -1 0 
vn 0 -1 0 
vn -1 0 0 
vn -1 0 0 
vn -1 0 0 
vn -1 0 0 
vn 0 0 1 
vn 0 0 1 
vn 0 0 1 
vn 0 0 1 
vn 0 1 0 
vn 0 1 0 
vn 0 1 0 
vn 0 1 0 
vn 1 0 0 
vn 1 0 0 
vn 1 0 0 
vn 1 0 0 

vt 0.0474939 0.991392 
vt 0.0224939 0.991392 
vt 0.0474939 0.966392 
vt 0.0224939 0.966392 
vt 0.297494 0.991392 
vt 0.0224939 0.991392 
vt 0.297494 0.966392 
vt 0.0224939 0.966392 
vt 0.297494 0.991392 
vt 0.0224939 0.991392 
vt 0.297494 0.966392 
vt 0.0224939 0.966392 
vt 0.0474939 0.991392 
vt 0.0224939 0.991392 
vt 0.0474939 0.966392 
vt 0.0224939 0.966392 
vt 0.297494 0.991392 
vt 0.0224939 0.991392 
vt 0.297494 0.966392 
vt 0.0224939 0.966392 
vt 0.297494 0.991392 
vt 0.0224939 0.991392 
vt 0.297494 0.966392 
vt 0.0224939 0.966392 

usemtl Part182Mtl

f 4045/4045/4045 4046/4046/4046 4047/4047/4047 
f 4047/4047/4047 4046/4046/4046 4048/4048/4048 
f 4049/4049/4049 4050/4050/4050 4051/4051/4051 
f 4051/4051/4051 4050/4050/4050 4052/4052/4052 
f 4053/4053/4053 4054/4054/4054 4055/4055/4055 
f 4055/4055/4055 4054/4054/4054 4056/4056/4056 
f 4057/4057/4057 4058/4058/4058 4059/4059/4059 
f 4059/4059/4059 4058/4058/4058 4060/4060/4060 
f 4061/4061/4061 4062/4062/4062 4063/4063/4063 
f 4063/4063/4063 4062/4062/4062 4064/4064/4064 
f 4065/4065/4065 4066/4066/4066 4067/4067/4067 
f 4067/4067/4067 4066/4066/4066 4068/4068/4068 

g Part241

v 54.3873 4.89984 -301.443 1 1 1 1 
v 54.1873 4.89985 -301.443 1 1 1 1 
v 54.3873 7.35985 -301.443 1 1 1 1 
v 54.1873 7.35985 -301.443 1 1 1 1 
v 54.1873 4.89985 -301.243 1 1 1 1 
v 54.1873 4.89985 -301.443 1 1 1 1 
v 54.3873 4.89984 -301.243 1 1 1 1 
v 54.3873 4.89984 -301.443 1 1 1 1 
v 54.1873 4.89985 -301.443 1 1 1 1 
v 54.1873 4.89985 -301.243 1 1 1 1 
v 54.1873 7.35985 -301.443 1 1 1 1 
v 54.1873 7.35985 -301.243 1 1 1 1 
v 54.1873 4.89985 -301.243 1 1 1 1 
v 54.3873 4.89984 -301.243 1 1 1 1 
v 54.1873 7.35985 -301.243 1 1 1 1 
v 54.3873 7.35985 -301.243 1 1 1 1 
v 54.3873 7.35985 -301.243 1 1 1 1 
v 54.3873 7.35985 -301.443 1 1 1 1 
v 54.1873 7.35985 -301.243 1 1 1 1 
v 54.1873 7.35985 -301.443 1 1 1 1 
v 54.3873 4.89984 -301.243 1 1 1 1 
v 54.3873 4.89984 -301.443 1 1 1 1 
v 54.3873 7.35985 -301.243 1 1 1 1 
v 54.3873 7.35985 -301.443 1 1 1 1 

vn 0 0 -1 
vn 0 0 -1 
vn 0 0 -1 
vn 0 0 -1 
vn 0 -1 0 
vn 0 -1 0 
vn 0 -1 0 
vn 0 -1 0 
vn -1 0 0 
vn -1 0 0 
vn -1 0 0 
vn -1 0 0 
vn 0 0 1 
vn 0 0 1 
vn 0 0 1 
vn 0 0 1 
vn 0 1 0 
vn 0 1 0 
vn 0 1 0 
vn 0 1 0 
vn 1 0 0 
vn 1 0 0 
vn 1 0 0 
vn 1 0 0 

vt 0.199321 0.832067 
vt 0.174321 0.832067 
vt 0.199321 0.524567 
vt 0.174321 0.524567 
vt 0.199321 0.832067 
vt 0.174321 0.832067 
vt 0.199321 0.807067 
vt 0.174321 0.807067 
vt 0.199321 0.832067 
vt 0.174321 0.832067 
vt 0.199321 0.524567 
vt 0.174321 0.524567 
vt 0.199321 0.832067 
vt 0.174321 0.832067 
vt 0.199321 0.524567 
vt 0.174321 0.524567 
vt 0.199321 0.832067 
vt 0.174321 0.832067 
vt 0.199321 0.807067 
vt 0.174321 0.807067 
vt 0.199321 0.832067 
vt 0.174321 0.832067 
vt 0.199321 0.524567 
vt 0.174321 0.524567 

usemtl Part182Mtl

f 4069/4069/4069 4070/4070/4070 4071/4071/4071 
f 4071/4071/4071 4070/4070/4070 4072/4072/4072 
f 4073/4073/4073 4074/4074/4074 4075/4075/4075 
f 4075/4075/4075 4074/4074/4074 4076/4076/4076 
f 4077/4077/4077 4078/4078/4078 4079/4079/4079 
f 4079/4079/4079 4078/4078/4078 4080/4080/4080 
f 4081/4081/4081 4082/4082/4082 4083/4083/4083 
f 4083/4083/4083 4082/4082/4082 4084/4084/4084 
f 4085/4085/4085 4086/4086/4086 4087/4087/4087 
f 4087/4087/4087 4086/4086/4086 4088/4088/4088 
f 4089/4089/4089 4090/4090/4090 4091/4091/4091 
f 4091/4091/4091 4090/4090/4090 4092/4092/4092 

g Part242

v 54.3873 4.70988 -302.443 1 1 1 1 
v 54.1873 4.70988 -302.443 1 1 1 1 
v 54.3873 4.90988 -302.443 1 1 1 1 
v 54.1873 4.90988 -302.443 1 1 1 1 
v 54.1873 4.70988 -300.243 1 1 1 1 
v 54.1873 4.70988 -302.443 1 1 1 1 
v 54.3873 4.70987 -300.243 1 1 1 1 
v 54.3873 4.70988 -302.443 1 1 1 1 
v 54.1873 4.70988 -302.443 1 1 1 1 
v 54.1873 4.70988 -300.243 1 1 1 1 
v 54.1873 4.90988 -302.443 1 1 1 1 
v 54.1873 4.90988 -300.243 1 1 1 1 
v 54.1873 4.70988 -300.243 1 1 1 1 
v 54.3873 4.70987 -300.243 1 1 1 1 
v 54.1873 4.90988 -300.243 1 1 1 1 
v 54.3873 4.90987 -300.243 1 1 1 1 
v 54.3873 4.90987 -300.243 1 1 1 1 
v 54.3873 4.90988 -302.443 1 1 1 1 
v 54.1873 4.90988 -300.243 1 1 1 1 
v 54.1873 4.90988 -302.443 1 1 1 1 
v 54.3873 4.70987 -300.243 1 1 1 1 
v 54.3873 4.70988 -302.443 1 1 1 1 
v 54.3873 4.90987 -300.243 1 1 1 1 
v 54.3873 4.90988 -302.443 1 1 1 1 

vn 0 0 -1 
vn 0 0 -1 
vn 0 0 -1 
vn 0 0 -1 
vn 0 -1 0 
vn 0 -1 0 
vn 0 -1 0 
vn 0 -1 0 
vn -1 0 0 
vn -1 0 0 
vn -1 0 0 
vn -1 0 0 
vn 0 0 1 
vn 0 0 1 
vn 0 0 1 
vn 0 0 1 
vn 0 1 0 
vn 0 1 0 
vn 0 1 0 
vn 0 1 0 
vn 1 0 0 
vn 1 0 0 
vn 1 0 0 
vn 1 0 0 

vt -0.0156107 0.85445 
vt -0.0406107 0.85445 
vt -0.0156107 0.82945 
vt -0.0406107 0.82945 
vt 0.234389 0.85445 
vt -0.0406107 0.85445 
vt 0.234389 0.82945 
vt -0.0406107 0.82945 
vt 0.234389 0.85445 
vt -0.0406107 0.85445 
vt 0.234389 0.82945 
vt -0.0406107 0.82945 
vt -0.0156107 0.85445 
vt -0.0406107 0.85445 
vt -0.0156107 0.82945 
vt -0.0406107 0.82945 
vt 0.234389 0.85445 
vt -0.0406107 0.85445 
vt 0.234389 0.82945 
vt -0.0406107 0.82945 
vt 0.234389 0.85445 
vt -0.0406107 0.85445 
vt 0.234389 0.82945 
vt -0.0406107 0.82945 

usemtl Part182Mtl

f 4093/4093/4093 4094/4094/4094 4095/4095/4095 
f 4095/4095/4095 4094/4094/4094 4096/4096/4096 
f 4097/4097/4097 4098/4098/4098 4099/4099/4099 
f 4099/4099/4099 4098/4098/4098 4100/4100/4100 
f 4101/4101/4101 4102/4102/4102 4103/4103/4103 
f 4103/4103/4103 4102/4102/4102 4104/4104/4104 
f 4105/4105/4105 4106/4106/4106 4107/4107/4107 
f 4107/4107/4107 4106/4106/4106 4108/4108/4108 
f 4109/4109/4109 4110/4110/4110 4111/4111/4111 
f 4111/4111/4111 4110/4110/4110 4112/4112/4112 
f 4113/4113/4113 4114/4114/4114 4115/4115/4115 
f 4115/4115/4115 4114/4114/4114 4116/4116/4116 

g Part243

v 54.7872 4.36985 -303.043 1 1 1 1 
v 53.7872 4.36987 -303.043 1 1 1 1 
v 54.7872 4.56985 -303.043 1 1 1 1 
v 53.7872 4.56987 -303.043 1 1 1 1 
v 53.7873 4.36986 -299.643 1 1 1 1 
v 53.7872 4.36987 -303.043 1 1 1 1 
v 54.7873 4.36985 -299.643 1 1 1 1 
v 54.7872 4.36985 -303.043 1 1 1 1 
v 53.7872 4.36987 -303.043 1 1 1 1 
v 53.7873 4.36986 -299.643 1 1 1 1 
v 53.7872 4.56987 -303.043 1 1 1 1 
v 53.7873 4.56986 -299.643 1 1 1 1 
v 53.7873 4.36986 -299.643 1 1 1 1 
v 54.7873 4.36985 -299.643 1 1 1 1 
v 53.7873 4.56986 -299.643 1 1 1 1 
v 54.7873 4.56985 -299.643 1 1 1 1 
v 54.7873 4.56985 -299.643 1 1 1 1 
v 54.7872 4.56985 -303.043 1 1 1 1 
v 53.7873 4.56986 -299.643 1 1 1 1 
v 53.7872 4.56987 -303.043 1 1 1 1 
v 54.7873 4.36985 -299.643 1 1 1 1 
v 54.7872 4.36985 -303.043 1 1 1 1 
v 54.7873 4.56985 -299.643 1 1 1 1 
v 54.7872 4.56985 -303.043 1 1 1 1 

vn 0 0 -1 
vn 0 0 -1 
vn 0 0 -1 
vn 0 0 -1 
vn 0 -1 0 
vn 0 -1 0 
vn 0 -1 0 
vn 0 -1 0 
vn -1 0 0 
vn -1 0 0 
vn -1 0 0 
vn -1 0 0 
vn 0 0 1 
vn 0 0 1 
vn 0 0 1 
vn 0 0 1 
vn 0 1 0 
vn 0 1 0 
vn 0 1 0 
vn 0 1 0 
vn 1 0 0 
vn 1 0 0 
vn 1 0 0 
vn 1 0 0 

vt 0.154338 1.074 
vt 0.0293376 1.074 
vt 0.154338 1.049 
vt 0.0293376 1.049 
vt 0.454338 1.074 
vt 0.0293376 1.074 
vt 0.454338 0.949004 
vt 0.0293376 0.949004 
vt 0.454338 1.074 
vt 0.0293376 1.074 
vt 0.454338 1.049 
vt 0.0293376 1.049 
vt 0.154338 1.074 
vt 0.0293376 1.074 
vt 0.154338 1.049 
vt 0.0293376 1.049 
vt 0.454338 1.074 
vt 0.0293376 1.074 
vt 0.454338 0.949004 
vt 0.0293376 0.949004 
vt 0.454338 1.074 
vt 0.0293376 1.074 
vt 0.454338 1.049 
vt 0.0293376 1.049 

usemtl Part181Mtl

f 4117/4117/4117 4118/4118/4118 4119/4119/4119 
f 4119/4119/4119 4118/4118/4118 4120/4120/4120 
f 4121/4121/4121 4122/4122/4122 4123/4123/4123 
f 4123/4123/4123 4122/4122/4122 4124/4124/4124 
f 4125/4125/4125 4126/4126/4126 4127/4127/4127 
f 4127/4127/4127 4126/4126/4126 4128/4128/4128 
f 4129/4129/4129 4130/4130/4130 4131/4131/4131 
f 4131/4131/4131 4130/4130/4130 4132/4132/4132 
f 4133/4133/4133 4134/4134/4134 4135/4135/4135 
f 4135/4135/4135 4134/4134/4134 4136/4136/4136 
f 4137/4137/4137 4138/4138/4138 4139/4139/4139 
f 4139/4139/4139 4138/4138/4138 4140/4140/4140 

g Part244

v 54.5867 4.55983 -300.044 1 1 1 1 
v 53.9867 4.55985 -300.044 1 1 1 1 
v 54.5868 8.95985 -300.044 1 1 1 1 
v 53.9868 8.95986 -300.044 1 1 1 1 
v 53.9867 4.55985 -299.644 1 1 1 1 
v 53.9867 4.55985 -300.044 1 1 1 1 
v 54.5868 4.55983 -299.644 1 1 1 1 
v 54.5867 4.55983 -300.044 1 1 1 1 
v 53.9867 4.55985 -300.044 1 1 1 1 
v 53.9867 4.55985 -299.644 1 1 1 1 
v 53.9868 8.95986 -300.044 1 1 1 1 
v 53.9868 8.95986 -299.644 1 1 1 1 
v 53.9867 4.55985 -299.644 1 1 1 1 
v 54.5868 4.55983 -299.644 1 1 1 1 
v 53.9868 8.95986 -299.644 1 1 1 1 
v 54.5868 8.95984 -299.644 1 1 1 1 
v 54.5868 8.95984 -299.644 1 1 1 1 
v 54.5868 8.95985 -300.044 1 1 1 1 
v 53.9868 8.95986 -299.644 1 1 1 1 
v 53.9868 8.95986 -300.044 1 1 1 1 
v 54.5868 4.55983 -299.644 1 1 1 1 
v 54.5867 4.55983 -300.044 1 1 1 1 
v 54.5868 8.95984 -299.644 1 1 1 1 
v 54.5868 8.95985 -300.044 1 1 1 1 

vn 0 0 -1 
vn 0 0 -1 
vn 0 0 -1 
vn 0 0 -1 
vn 0 -1 0 
vn 0 -1 0 
vn 0 -1 0 
vn 0 -1 0 
vn -1 0 0 
vn -1 0 0 
vn -1 0 0 
vn -1 0 0 
vn 0 0 1 
vn 0 0 1 
vn 0 0 1 
vn 0 0 1 
vn 0 1 0 
vn 0 1 0 
vn 0 1 0 
vn 0 1 0 
vn 1 0 0 
vn 1 0 0 
vn 1 0 0 
vn 1 0 0 

vt 0.0928774 0.79914 
vt 0.0178774 0.79914 
vt 0.0928774 0.24914 
vt 0.0178774 0.24914 
vt 0.0678774 0.79914 
vt 0.0178774 0.79914 
vt 0.0678774 0.72414 
vt 0.0178774 0.72414 
vt 0.0678774 0.79914 
vt 0.0178774 0.79914 
vt 0.0678774 0.24914 
vt 0.0178774 0.24914 
vt 0.0928774 0.79914 
vt 0.0178774 0.79914 
vt 0.0928774 0.24914 
vt 0.0178774 0.24914 
vt 0.0678774 0.79914 
vt 0.0178774 0.79914 
vt 0.0678774 0.72414 
vt 0.0178774 0.72414 
vt 0.0678774 0.79914 
vt 0.0178774 0.79914 
vt 0.0678774 0.24914 
vt 0.0178774 0.24914 

usemtl Part181Mtl

f 4141/4141/4141 4142/4142/4142 4143/4143/4143 
f 4143/4143/4143 4142/4142/4142 4144/4144/4144 
f 4145/4145/4145 4146/4146/4146 4147/4147/4147 
f 4147/4147/4147 4146/4146/4146 4148/4148/4148 
f 4149/4149/4149 4150/4150/4150 4151/4151/4151 
f 4151/4151/4151 4150/4150/4150 4152/4152/4152 
f 4153/4153/4153 4154/4154/4154 4155/4155/4155 
f 4155/4155/4155 4154/4154/4154 4156/4156/4156 
f 4157/4157/4157 4158/4158/4158 4159/4159/4159 
f 4159/4159/4159 4158/4158/4158 4160/4160/4160 
f 4161/4161/4161 4162/4162/4162 4163/4163/4163 
f 4163/4163/4163 4162/4162/4162 4164/4164/4164 

g Part245

v 54.5873 8.55989 -303.043 1 1 1 1 
v 53.9873 8.55991 -303.043 1 1 1 1 
v 54.5873 8.95989 -303.043 1 1 1 1 
v 53.9873 8.95991 -303.043 1 1 1 1 
v 53.9873 8.5599 -299.643 1 1 1 1 
v 53.9873 8.55991 -303.043 1 1 1 1 
v 54.5873 8.55989 -299.643 1 1 1 1 
v 54.5873 8.55989 -303.043 1 1 1 1 
v 53.9873 8.55991 -303.043 1 1 1 1 
v 53.9873 8.5599 -299.643 1 1 1 1 
v 53.9873 8.95991 -303.043 1 1 1 1 
v 53.9873 8.9599 -299.643 1 1 1 1 
v 53.9873 8.5599 -299.643 1 1 1 1 
v 54.5873 8.55989 -299.643 1 1 1 1 
v 53.9873 8.9599 -299.643 1 1 1 1 
v 54.5873 8.95989 -299.643 1 1 1 1 
v 54.5873 8.95989 -299.643 1 1 1 1 
v 54.5873 8.95989 -303.043 1 1 1 1 
v 53.9873 8.9599 -299.643 1 1 1 1 
v 53.9873 8.95991 -303.043 1 1 1 1 
v 54.5873 8.55989 -299.643 1 1 1 1 
v 54.5873 8.55989 -303.043 1 1 1 1 
v 54.5873 8.95989 -299.643 1 1 1 1 
v 54.5873 8.95989 -303.043 1 1 1 1 

vn 0 0 -1 
vn 0 0 -1 
vn 0 0 -1 
vn 0 0 -1 
vn 0 -1 0 
vn 0 -1 0 
vn 0 -1 0 
vn 0 -1 0 
vn -1 0 0 
vn -1 0 0 
vn -1 0 0 
vn -1 0 0 
vn 0 0 1 
vn 0 0 1 
vn 0 0 1 
vn 0 0 1 
vn 0 1 0 
vn 0 1 0 
vn 0 1 0 
vn 0 1 0 
vn 1 0 0 
vn 1 0 0 
vn 1 0 0 
vn 1 0 0 

vt -0.0483771 1.05953 
vt -0.123377 1.05953 
vt -0.0483771 1.00953 
vt -0.123377 1.00953 
vt 0.301623 1.05953 
vt -0.123377 1.05953 
vt 0.301623 0.984533 
vt -0.123377 0.984533 
vt 0.301623 1.05953 
vt -0.123377 1.05953 
vt 0.301623 1.00953 
vt -0.123377 1.00953 
vt -0.0483771 1.05953 
vt -0.123377 1.05953 
vt -0.0483771 1.00953 
vt -0.123377 1.00953 
vt 0.301623 1.05953 
vt -0.123377 1.05953 
vt 0.301623 0.984533 
vt -0.123377 0.984533 
vt 0.301623 1.05953 
vt -0.123377 1.05953 
vt 0.301623 1.00953 
vt -0.123377 1.00953 

usemtl Part181Mtl

f 4165/4165/4165 4166/4166/4166 4167/4167/4167 
f 4167/4167/4167 4166/4166/4166 4168/4168/4168 
f 4169/4169/4169 4170/4170/4170 4171/4171/4171 
f 4171/4171/4171 4170/4170/4170 4172/4172/4172 
f 4173/4173/4173 4174/4174/4174 4175/4175/4175 
f 4175/4175/4175 4174/4174/4174 4176/4176/4176 
f 4177/4177/4177 4178/4178/4178 4179/4179/4179 
f 4179/4179/4179 4178/4178/4178 4180/4180/4180 
f 4181/4181/4181 4182/4182/4182 4183/4183/4183 
f 4183/4183/4183 4182/4182/4182 4184/4184/4184 
f 4185/4185/4185 4186/4186/4186 4187/4187/4187 
f 4187/4187/4187 4186/4186/4186 4188/4188/4188 

g Part246

v 54.5869 4.55981 -303.044 1 1 1 1 
v 53.9869 4.55982 -303.044 1 1 1 1 
v 54.587 8.95982 -303.044 1 1 1 1 
v 53.987 8.95983 -303.044 1 1 1 1 
v 53.9869 4.55982 -302.644 1 1 1 1 
v 53.9869 4.55982 -303.044 1 1 1 1 
v 54.5869 4.55981 -302.644 1 1 1 1 
v 54.5869 4.55981 -303.044 1 1 1 1 
v 53.9869 4.55982 -303.044 1 1 1 1 
v 53.9869 4.55982 -302.644 1 1 1 1 
v 53.987 8.95983 -303.044 1 1 1 1 
v 53.987 8.95983 -302.644 1 1 1 1 
v 53.9869 4.55982 -302.644 1 1 1 1 
v 54.5869 4.55981 -302.644 1 1 1 1 
v 53.987 8.95983 -302.644 1 1 1 1 
v 54.587 8.95982 -302.644 1 1 1 1 
v 54.587 8.95982 -302.644 1 1 1 1 
v 54.587 8.95982 -303.044 1 1 1 1 
v 53.987 8.95983 -302.644 1 1 1 1 
v 53.987 8.95983 -303.044 1 1 1 1 
v 54.5869 4.55981 -302.644 1 1 1 1 
v 54.5869 4.55981 -303.044 1 1 1 1 
v 54.587 8.95982 -302.644 1 1 1 1 
v 54.587 8.95982 -303.044 1 1 1 1 

vn 0 0 -1 
vn 0 0 -1 
vn 0 0 -1 
vn 0 0 -1 
vn 0 -1 0 
vn 0 -1 0 
vn 0 -1 0 
vn 0 -1 0 
vn -1 0 0 
vn -1 0 0 
vn -1 0 0 
vn -1 0 0 
vn 0 0 1 
vn 0 0 1 
vn 0 0 1 
vn 0 0 1 
vn 0 1 0 
vn 0 1 0 
vn 0 1 0 
vn 0 1 0 
vn 1 0 0 
vn 1 0 0 
vn 1 0 0 
vn 1 0 0 

vt -0.229729 1.11853 
vt -0.304729 1.11853 
vt -0.229729 0.568535 
vt -0.304729 0.568535 
vt -0.254729 1.11853 
vt -0.304729 1.11853 
vt -0.254729 1.04353 
vt -0.304729 1.04353 
vt -0.254729 1.11853 
vt -0.304729 1.11853 
vt -0.254729 0.568535 
vt -0.304729 0.568535 
vt -0.229729 1.11853 
vt -0.304729 1.11853 
vt -0.229729 0.568535 
vt -0.304729 0.568535 
vt -0.254729 1.11853 
vt -0.304729 1.11853 
vt -0.254729 1.04353 
vt -0.304729 1.04353 
vt -0.254729 1.11853 
vt -0.304729 1.11853 
vt -0.254729 0.568535 
vt -0.304729 0.568535 

usemtl Part181Mtl

f 4189/4189/4189 4190/4190/4190 4191/4191/4191 
f 4191/4191/4191 4190/4190/4190 4192/4192/4192 
f 4193/4193/4193 4194/4194/4194 4195/4195/4195 
f 4195/4195/4195 4194/4194/4194 4196/4196/4196 
f 4197/4197/4197 4198/4198/4198 4199/4199/4199 
f 4199/4199/4199 4198/4198/4198 4200/4200/4200 
f 4201/4201/4201 4202/4202/4202 4203/4203/4203 
f 4203/4203/4203 4202/4202/4202 4204/4204/4204 
f 4205/4205/4205 4206/4206/4206 4207/4207/4207 
f 4207/4207/4207 4206/4206/4206 4208/4208/4208 
f 4209/4209/4209 4210/4210/4210 4211/4211/4211 
f 4211/4211/4211 4210/4210/4210 4212/4212/4212 

g Part247

v 32.9656 4.56989 -319.245 1 1 1 1 
v 32.3656 4.5699 -319.245 1 1 1 1 
v 32.9656 4.76989 -319.245 1 1 1 1 
v 32.3656 4.7699 -319.245 1 1 1 1 
v 32.3656 4.5699 -315.845 1 1 1 1 
v 32.3656 4.5699 -319.245 1 1 1 1 
v 32.9656 4.56988 -315.845 1 1 1 1 
v 32.9656 4.56989 -319.245 1 1 1 1 
v 32.3656 4.5699 -319.245 1 1 1 1 
v 32.3656 4.5699 -315.845 1 1 1 1 
v 32.3656 4.7699 -319.245 1 1 1 1 
v 32.3656 4.7699 -315.845 1 1 1 1 
v 32.3656 4.5699 -315.845 1 1 1 1 
v 32.9656 4.56988 -315.845 1 1 1 1 
v 32.3656 4.7699 -315.845 1 1 1 1 
v 32.9656 4.76988 -315.845 1 1 1 1 
v 32.9656 4.76988 -315.845 1 1 1 1 
v 32.9656 4.76989 -319.245 1 1 1 1 
v 32.3656 4.7699 -315.845 1 1 1 1 
v 32.3656 4.7699 -319.245 1 1 1 1 
v 32.9656 4.56988 -315.845 1 1 1 1 
v 32.9656 4.56989 -319.245 1 1 1 1 
v 32.9656 4.76988 -315.845 1 1 1 1 
v 32.9656 4.76989 -319.245 1 1 1 1 

vn 0 0 -1 
vn 0 0 -1 
vn 0 0 -1 
vn 0 0 -1 
vn 0 -1 0 
vn 0 -1 0 
vn 0 -1 0 
vn 0 -1 0 
vn -1 0 0 
vn -1 0 0 
vn -1 0 0 
vn -1 0 0 
vn 0 0 1 
vn 0 0 1 
vn 0 0 1 
vn 0 0 1 
vn 0 1 0 
vn 0 1 0 
vn 0 1 0 
vn 0 1 0 
vn 1 0 0 
vn 1 0 0 
vn 1 0 0 
vn 1 0 0 

vt 0.0513577 1.06955 
vt -0.0236423 1.06955 
vt 0.0513577 1.04455 
vt -0.0236423 1.04455 
vt 0.401358 1.06955 
vt -0.0236423 1.06955 
vt 0.401358 0.99455 
vt -0.0236423 0.99455 
vt 0.401358 1.06955 
vt -0.0236423 1.06955 
vt 0.401358 1.04455 
vt -0.0236423 1.04455 
vt 0.0513577 1.06955 
vt -0.0236423 1.06955 
vt 0.0513577 1.04455 
vt -0.0236423 1.04455 
vt 0.401358 1.06955 
vt -0.0236423 1.06955 
vt 0.401358 0.99455 
vt -0.0236423 0.99455 
vt 0.401358 1.06955 
vt -0.0236423 1.06955 
vt 0.401358 1.04455 
vt -0.0236423 1.04455 

usemtl Part181Mtl

f 4213/4213/4213 4214/4214/4214 4215/4215/4215 
f 4215/4215/4215 4214/4214/4214 4216/4216/4216 
f 4217/4217/4217 4218/4218/4218 4219/4219/4219 
f 4219/4219/4219 4218/4218/4218 4220/4220/4220 
f 4221/4221/4221 4222/4222/4222 4223/4223/4223 
f 4223/4223/4223 4222/4222/4222 4224/4224/4224 
f 4225/4225/4225 4226/4226/4226 4227/4227/4227 
f 4227/4227/4227 4226/4226/4226 4228/4228/4228 
f 4229/4229/4229 4230/4230/4230 4231/4231/4231 
f 4231/4231/4231 4230/4230/4230 4232/4232/4232 
f 4233/4233/4233 4234/4234/4234 4235/4235/4235 
f 4235/4235/4235 4234/4234/4234 4236/4236/4236 

g Part248

v 32.7655 4.55997 -318.845 1 1 1 1 
v 32.5655 4.55997 -318.845 1 1 1 1 
v 32.7656 8.55997 -318.845 1 1 1 1 
v 32.5656 8.55998 -318.845 1 1 1 1 
v 32.5655 4.55997 -318.645 1 1 1 1 
v 32.5655 4.55997 -318.845 1 1 1 1 
v 32.7655 4.55996 -318.645 1 1 1 1 
v 32.7655 4.55997 -318.845 1 1 1 1 
v 32.5655 4.55997 -318.845 1 1 1 1 
v 32.5655 4.55997 -318.645 1 1 1 1 
v 32.5656 8.55998 -318.845 1 1 1 1 
v 32.5656 8.55998 -318.645 1 1 1 1 
v 32.5655 4.55997 -318.645 1 1 1 1 
v 32.7655 4.55996 -318.645 1 1 1 1 
v 32.5656 8.55998 -318.645 1 1 1 1 
v 32.7656 8.55997 -318.645 1 1 1 1 
v 32.7656 8.55997 -318.645 1 1 1 1 
v 32.7656 8.55997 -318.845 1 1 1 1 
v 32.5656 8.55998 -318.645 1 1 1 1 
v 32.5656 8.55998 -318.845 1 1 1 1 
v 32.7655 4.55996 -318.645 1 1 1 1 
v 32.7655 4.55997 -318.845 1 1 1 1 
v 32.7656 8.55997 -318.645 1 1 1 1 
v 32.7656 8.55997 -318.845 1 1 1 1 

vn 0 0 -1 
vn 0 0 -1 
vn 0 0 -1 
vn 0 0 -1 
vn 0 -1 0 
vn 0 -1 0 
vn 0 -1 0 
vn 0 -1 0 
vn -1 0 0 
vn -1 0 0 
vn -1 0 0 
vn -1 0 0 
vn 0 0 1 
vn 0 0 1 
vn 0 0 1 
vn 0 0 1 
vn 0 1 0 
vn 0 1 0 
vn 0 1 0 
vn 0 1 0 
vn 1 0 0 
vn 1 0 0 
vn 1 0 0 
vn 1 0 0 

vt -0.12324 1.09815 
vt -0.14824 1.09815 
vt -0.12324 0.598152 
vt -0.14824 0.598152 
vt -0.12324 1.09815 
vt -0.14824 1.09815 
vt -0.12324 1.07315 
vt -0.14824 1.07315 
vt -0.12324 1.09815 
vt -0.14824 1.09815 
vt -0.12324 0.598152 
vt -0.14824 0.598152 
vt -0.12324 1.09815 
vt -0.14824 1.09815 
vt -0.12324 0.598152 
vt -0.14824 0.598152 
vt -0.12324 1.09815 
vt -0.14824 1.09815 
vt -0.12324 1.07315 
vt -0.14824 1.07315 
vt -0.12324 1.09815 
vt -0.14824 1.09815 
vt -0.12324 0.598152 
vt -0.14824 0.598152 

usemtl Part182Mtl

f 4237/4237/4237 4238/4238/4238 4239/4239/4239 
f 4239/4239/4239 4238/4238/4238 4240/4240/4240 
f 4241/4241/4241 4242/4242/4242 4243/4243/4243 
f 4243/4243/4243 4242/4242/4242 4244/4244/4244 
f 4245/4245/4245 4246/4246/4246 4247/4247/4247 
f 4247/4247/4247 4246/4246/4246 4248/4248/4248 
f 4249/4249/4249 4250/4250/4250 4251/4251/4251 
f 4251/4251/4251 4250/4250/4250 4252/4252/4252 
f 4253/4253/4253 4254/4254/4254 4255/4255/4255 
f 4255/4255/4255 4254/4254/4254 4256/4256/4256 
f 4257/4257/4257 4258/4258/4258 4259/4259/4259 
f 4259/4259/4259 4258/4258/4258 4260/4260/4260 

g Part249

v 32.7656 8.35996 -318.645 1 1 1 1 
v 32.5656 8.35996 -318.645 1 1 1 1 
v 32.7656 8.55996 -318.645 1 1 1 1 
v 32.5656 8.55996 -318.645 1 1 1 1 
v 32.5656 8.35995 -316.445 1 1 1 1 
v 32.5656 8.35996 -318.645 1 1 1 1 
v 32.7656 8.35995 -316.445 1 1 1 1 
v 32.7656 8.35996 -318.645 1 1 1 1 
v 32.5656 8.35996 -318.645 1 1 1 1 
v 32.5656 8.35995 -316.445 1 1 1 1 
v 32.5656 8.55996 -318.645 1 1 1 1 
v 32.5656 8.55995 -316.445 1 1 1 1 
v 32.5656 8.35995 -316.445 1 1 1 1 
v 32.7656 8.35995 -316.445 1 1 1 1 
v 32.5656 8.55995 -316.445 1 1 1 1 
v 32.7656 8.55995 -316.445 1 1 1 1 
v 32.7656 8.55995 -316.445 1 1 1 1 
v 32.7656 8.55996 -318.645 1 1 1 1 
v 32.5656 8.55995 -316.445 1 1 1 1 
v 32.5656 8.55996 -318.645 1 1 1 1 
v 32.7656 8.35995 -316.445 1 1 1 1 
v 32.7656 8.35996 -318.645 1 1 1 1 
v 32.7656 8.55995 -316.445 1 1 1 1 
v 32.7656 8.55996 -318.645 1 1 1 1 

vn 0 0 -1 
vn 0 0 -1 
vn 0 0 -1 
vn 0 0 -1 
vn 0 -1 0 
vn 0 -1 0 
vn 0 -1 0 
vn 0 -1 0 
vn -1 0 0 
vn -1 0 0 
vn -1 0 0 
vn -1 0 0 
vn 0 0 1 
vn 0 0 1 
vn 0 0 1 
vn 0 0 1 
vn 0 1 0 
vn 0 1 0 
vn 0 1 0 
vn 0 1 0 
vn 1 0 0 
vn 1 0 0 
vn 1 0 0 
vn 1 0 0 

vt -0.102286 1.0876 
vt -0.127286 1.0876 
vt -0.102286 1.0626 
vt -0.127286 1.0626 
vt 0.147714 1.0876 
vt -0.127286 1.0876 
vt 0.147714 1.0626 
vt -0.127286 1.0626 
vt 0.147714 1.0876 
vt -0.127286 1.0876 
vt 0.147714 1.0626 
vt -0.127286 1.0626 
vt -0.102286 1.0876 
vt -0.127286 1.0876 
vt -0.102286 1.0626 
vt -0.127286 1.0626 
vt 0.147714 1.0876 
vt -0.127286 1.0876 
vt 0.147714 1.0626 
vt -0.127286 1.0626 
vt 0.147714 1.0876 
vt -0.127286 1.0876 
vt 0.147714 1.0626 
vt -0.127286 1.0626 

usemtl Part182Mtl

f 4261/4261/4261 4262/4262/4262 4263/4263/4263 
f 4263/4263/4263 4262/4262/4262 4264/4264/4264 
f 4265/4265/4265 4266/4266/4266 4267/4267/4267 
f 4267/4267/4267 4266/4266/4266 4268/4268/4268 
f 4269/4269/4269 4270/4270/4270 4271/4271/4271 
f 4271/4271/4271 4270/4270/4270 4272/4272/4272 
f 4273/4273/4273 4274/4274/4274 4275/4275/4275 
f 4275/4275/4275 4274/4274/4274 4276/4276/4276 
f 4277/4277/4277 4278/4278/4278 4279/4279/4279 
f 4279/4279/4279 4278/4278/4278 4280/4280/4280 
f 4281/4281/4281 4282/4282/4282 4283/4283/4283 
f 4283/4283/4283 4282/4282/4282 4284/4284/4284 

g Part250

v 32.7655 4.55987 -316.445 1 1 1 1 
v 32.5655 4.55988 -316.445 1 1 1 1 
v 32.7656 8.55988 -316.445 1 1 1 1 
v 32.5656 8.55989 -316.445 1 1 1 1 
v 32.5655 4.55987 -316.245 1 1 1 1 
v 32.5655 4.55988 -316.445 1 1 1 1 
v 32.7655 4.55987 -316.245 1 1 1 1 
v 32.7655 4.55987 -316.445 1 1 1 1 
v 32.5655 4.55988 -316.445 1 1 1 1 
v 32.5655 4.55987 -316.245 1 1 1 1 
v 32.5656 8.55989 -316.445 1 1 1 1 
v 32.5656 8.55988 -316.245 1 1 1 1 
v 32.5655 4.55987 -316.245 1 1 1 1 
v 32.7655 4.55987 -316.245 1 1 1 1 
v 32.5656 8.55988 -316.245 1 1 1 1 
v 32.7656 8.55988 -316.245 1 1 1 1 
v 32.7656 8.55988 -316.245 1 1 1 1 
v 32.7656 8.55988 -316.445 1 1 1 1 
v 32.5656 8.55988 -316.245 1 1 1 1 
v 32.5656 8.55989 -316.445 1 1 1 1 
v 32.7655 4.55987 -316.245 1 1 1 1 
v 32.7655 4.55987 -316.445 1 1 1 1 
v 32.7656 8.55988 -316.245 1 1 1 1 
v 32.7656 8.55988 -316.445 1 1 1 1 

vn 0 0 -1 
vn 0 0 -1 
vn 0 0 -1 
vn 0 0 -1 
vn 0 -1 0 
vn 0 -1 0 
vn 0 -1 0 
vn 0 -1 0 
vn -1 0 0 
vn -1 0 0 
vn -1 0 0 
vn -1 0 0 
vn 0 0 1 
vn 0 0 1 
vn 0 0 1 
vn 0 0 1 
vn 0 1 0 
vn 0 1 0 
vn 0 1 0 
vn 0 1 0 
vn 1 0 0 
vn 1 0 0 
vn 1 0 0 
vn 1 0 0 

vt -0.211788 0.870985 
vt -0.236788 0.870985 
vt -0.211788 0.370986 
vt -0.236788 0.370986 
vt -0.211788 0.870985 
vt -0.236788 0.870985 
vt -0.211788 0.845985 
vt -0.236788 0.845985 
vt -0.211788 0.870985 
vt -0.236788 0.870985 
vt -0.211788 0.370986 
vt -0.236788 0.370986 
vt -0.211788 0.870985 
vt -0.236788 0.870985 
vt -0.211788 0.370986 
vt -0.236788 0.370986 
vt -0.211788 0.870985 
vt -0.236788 0.870985 
vt -0.211788 0.845985 
vt -0.236788 0.845985 
vt -0.211788 0.870985 
vt -0.236788 0.870985 
vt -0.211788 0.370986 
vt -0.236788 0.370986 

usemtl Part182Mtl

f 4285/4285/4285 4286/4286/4286 4287/4287/4287 
f 4287/4287/4287 4286/4286/4286 4288/4288/4288 
f 4289/4289/4289 4290/4290/4290 4291/4291/4291 
f 4291/4291/4291 4290/4290/4290 4292/4292/4292 
f 4293/4293/4293 4294/4294/4294 4295/4295/4295 
f 4295/4295/4295 4294/4294/4294 4296/4296/4296 
f 4297/4297/4297 4298/4298/4298 4299/4299/4299 
f 4299/4299/4299 4298/4298/4298 4300/4300/4300 
f 4301/4301/4301 4302/4302/4302 4303/4303/4303 
f 4303/4303/4303 4302/4302/4302 4304/4304/4304 
f 4305/4305/4305 4306/4306/4306 4307/4307/4307 
f 4307/4307/4307 4306/4306/4306 4308/4308/4308 

g Part251

v 32.7655 7.35994 -318.645 1 1 1 1 
v 32.5655 7.35995 -318.645 1 1 1 1 
v 32.7655 7.55994 -318.645 1 1 1 1 
v 32.5655 7.55995 -318.645 1 1 1 1 
v 32.5656 7.35994 -316.445 1 1 1 1 
v 32.5655 7.35995 -318.645 1 1 1 1 
v 32.7656 7.35994 -316.445 1 1 1 1 
v 32.7655 7.35994 -318.645 1 1 1 1 
v 32.5655 7.35995 -318.645 1 1 1 1 
v 32.5656 7.35994 -316.445 1 1 1 1 
v 32.5655 7.55995 -318.645 1 1 1 1 
v 32.5656 7.55994 -316.445 1 1 1 1 
v 32.5656 7.35994 -316.445 1 1 1 1 
v 32.7656 7.35994 -316.445 1 1 1 1 
v 32.5656 7.55994 -316.445 1 1 1 1 
v 32.7656 7.55994 -316.445 1 1 1 1 
v 32.7656 7.55994 -316.445 1 1 1 1 
v 32.7655 7.55994 -318.645 1 1 1 1 
v 32.5656 7.55994 -316.445 1 1 1 1 
v 32.5655 7.55995 -318.645 1 1 1 1 
v 32.7656 7.35994 -316.445 1 1 1 1 
v 32.7655 7.35994 -318.645 1 1 1 1 
v 32.7656 7.55994 -316.445 1 1 1 1 
v 32.7655 7.55994 -318.645 1 1 1 1 

vn 0 0 -1 
vn 0 0 -1 
vn 0 0 -1 
vn 0 0 -1 
vn 0 -1 0 
vn 0 -1 0 
vn 0 -1 0 
vn 0 -1 0 
vn -1 0 0 
vn -1 0 0 
vn -1 0 0 
vn -1 0 0 
vn 0 0 1 
vn 0 0 1 
vn 0 0 1 
vn 0 0 1 
vn 0 1 0 
vn 0 1 0 
vn 0 1 0 
vn 0 1 0 
vn 1 0 0 
vn 1 0 0 
vn 1 0 0 
vn 1 0 0 

vt 0.0835874 1.03518 
vt 0.0585874 1.03518 
vt 0.0835874 1.01018 
vt 0.0585874 1.01018 
vt 0.333587 1.03518 
vt 0.0585874 1.03518 
vt 0.333587 1.01018 
vt 0.0585874 1.01018 
vt 0.333587 1.03518 
vt 0.0585874 1.03518 
vt 0.333587 1.01018 
vt 0.0585874 1.01018 
vt 0.0835874 1.03518 
vt 0.0585874 1.03518 
vt 0.0835874 1.01018 
vt 0.0585874 1.01018 
vt 0.333587 1.03518 
vt 0.0585874 1.03518 
vt 0.333587 1.01018 
vt 0.0585874 1.01018 
vt 0.333587 1.03518 
vt 0.0585874 1.03518 
vt 0.333587 1.01018 
vt 0.0585874 1.01018 

usemtl Part182Mtl

f 4309/4309/4309 4310/4310/4310 4311/4311/4311 
f 4311/4311/4311 4310/4310/4310 4312/4312/4312 
f 4313/4313/4313 4314/4314/4314 4315/4315/4315 
f 4315/4315/4315 4314/4314/4314 4316/4316/4316 
f 4317/4317/4317 4318/4318/4318 4319/4319/4319 
f 4319/4319/4319 4318/4318/4318 4320/4320/4320 
f 4321/4321/4321 4322/4322/4322 4323/4323/4323 
f 4323/4323/4323 4322/4322/4322 4324/4324/4324 
f 4325/4325/4325 4326/4326/4326 4327/4327/4327 
f 4327/4327/4327 4326/4326/4326 4328/4328/4328 
f 4329/4329/4329 4330/4330/4330 4331/4331/4331 
f 4331/4331/4331 4330/4330/4330 4332/4332/4332 

g Part252

v 32.7657 4.89991 -317.645 1 1 1 1 
v 32.5657 4.89991 -317.645 1 1 1 1 
v 32.7657 7.35992 -317.645 1 1 1 1 
v 32.5657 7.35992 -317.645 1 1 1 1 
v 32.5657 4.89991 -317.445 1 1 1 1 
v 32.5657 4.89991 -317.645 1 1 1 1 
v 32.7657 4.89991 -317.445 1 1 1 1 
v 32.7657 4.89991 -317.645 1 1 1 1 
v 32.5657 4.89991 -317.645 1 1 1 1 
v 32.5657 4.89991 -317.445 1 1 1 1 
v 32.5657 7.35992 -317.645 1 1 1 1 
v 32.5657 7.35992 -317.445 1 1 1 1 
v 32.5657 4.89991 -317.445 1 1 1 1 
v 32.7657 4.89991 -317.445 1 1 1 1 
v 32.5657 7.35992 -317.445 1 1 1 1 
v 32.7657 7.35992 -317.445 1 1 1 1 
v 32.7657 7.35992 -317.445 1 1 1 1 
v 32.7657 7.35992 -317.645 1 1 1 1 
v 32.5657 7.35992 -317.445 1 1 1 1 
v 32.5657 7.35992 -317.645 1 1 1 1 
v 32.7657 4.89991 -317.445 1 1 1 1 
v 32.7657 4.89991 -317.645 1 1 1 1 
v 32.7657 7.35992 -317.445 1 1 1 1 
v 32.7657 7.35992 -317.645 1 1 1 1 

vn 0 0 -1 
vn 0 0 -1 
vn 0 0 -1 
vn 0 0 -1 
vn 0 -1 0 
vn 0 -1 0 
vn 0 -1 0 
vn 0 -1 0 
vn -1 0 0 
vn -1 0 0 
vn -1 0 0 
vn -1 0 0 
vn 0 0 1 
vn 0 0 1 
vn 0 0 1 
vn 0 0 1 
vn 0 1 0 
vn 0 1 0 
vn 0 1 0 
vn 0 1 0 
vn 1 0 0 
vn 1 0 0 
vn 1 0 0 
vn 1 0 0 

vt 0.0432404 1.15391 
vt 0.0182404 1.15391 
vt 0.0432404 0.846412 
vt 0.0182404 0.846412 
vt 0.0432404 1.15391 
vt 0.0182404 1.15391 
vt 0.0432404 1.12891 
vt 0.0182404 1.12891 
vt 0.0432404 1.15391 
vt 0.0182404 1.15391 
vt 0.0432404 0.846412 
vt 0.0182404 0.846412 
vt 0.0432404 1.15391 
vt 0.0182404 1.15391 
vt 0.0432404 0.846412 
vt 0.0182404 0.846412 
vt 0.0432404 1.15391 
vt 0.0182404 1.15391 
vt 0.0432404 1.12891 
vt 0.0182404 1.12891 
vt 0.0432404 1.15391 
vt 0.0182404 1.15391 
vt 0.0432404 0.846412 
vt 0.0182404 0.846412 

usemtl Part182Mtl

f 4333/4333/4333 4334/4334/4334 4335/4335/4335 
f 4335/4335/4335 4334/4334/4334 4336/4336/4336 
f 4337/4337/4337 4338/4338/4338 4339/4339/4339 
f 4339/4339/4339 4338/4338/4338 4340/4340/4340 
f 4341/4341/4341 4342/4342/4342 4343/4343/4343 
f 4343/4343/4343 4342/4342/4342 4344/4344/4344 
f 4345/4345/4345 4346/4346/4346 4347/4347/4347 
f 4347/4347/4347 4346/4346/4346 4348/4348/4348 
f 4349/4349/4349 4350/4350/4350 4351/4351/4351 
f 4351/4351/4351 4350/4350/4350 4352/4352/4352 
f 4353/4353/4353 4354/4354/4354 4355/4355/4355 
f 4355/4355/4355 4354/4354/4354 4356/4356/4356 

g Part253

v 32.7655 4.70991 -318.645 1 1 1 1 
v 32.5655 4.70991 -318.645 1 1 1 1 
v 32.7655 4.90991 -318.645 1 1 1 1 
v 32.5655 4.90991 -318.645 1 1 1 1 
v 32.5655 4.70991 -316.445 1 1 1 1 
v 32.5655 4.70991 -318.645 1 1 1 1 
v 32.7655 4.7099 -316.445 1 1 1 1 
v 32.7655 4.70991 -318.645 1 1 1 1 
v 32.5655 4.70991 -318.645 1 1 1 1 
v 32.5655 4.70991 -316.445 1 1 1 1 
v 32.5655 4.90991 -318.645 1 1 1 1 
v 32.5655 4.90991 -316.445 1 1 1 1 
v 32.5655 4.70991 -316.445 1 1 1 1 
v 32.7655 4.7099 -316.445 1 1 1 1 
v 32.5655 4.90991 -316.445 1 1 1 1 
v 32.7655 4.9099 -316.445 1 1 1 1 
v 32.7655 4.9099 -316.445 1 1 1 1 
v 32.7655 4.90991 -318.645 1 1 1 1 
v 32.5655 4.90991 -316.445 1 1 1 1 
v 32.5655 4.90991 -318.645 1 1 1 1 
v 32.7655 4.7099 -316.445 1 1 1 1 
v 32.7655 4.70991 -318.645 1 1 1 1 
v 32.7655 4.9099 -316.445 1 1 1 1 
v 32.7655 4.90991 -318.645 1 1 1 1 

vn 0 0 -1 
vn 0 0 -1 
vn 0 0 -1 
vn 0 0 -1 
vn 0 -1 0 
vn 0 -1 0 
vn 0 -1 0 
vn 0 -1 0 
vn -1 0 0 
vn -1 0 0 
vn -1 0 0 
vn -1 0 0 
vn 0 0 1 
vn 0 0 1 
vn 0 0 1 
vn 0 0 1 
vn 0 1 0 
vn 0 1 0 
vn 0 1 0 
vn 0 1 0 
vn 1 0 0 
vn 1 0 0 
vn 1 0 0 
vn 1 0 0 

vt 0.124149 0.991392 
vt 0.0991494 0.991392 
vt 0.124149 0.966392 
vt 0.0991494 0.966392 
vt 0.374149 0.991392 
vt 0.0991494 0.991392 
vt 0.374149 0.966392 
vt 0.0991494 0.966392 
vt 0.374149 0.991392 
vt 0.0991494 0.991392 
vt 0.374149 0.966392 
vt 0.0991494 0.966392 
vt 0.124149 0.991392 
vt 0.0991494 0.991392 
vt 0.124149 0.966392 
vt 0.0991494 0.966392 
vt 0.374149 0.991392 
vt 0.0991494 0.991392 
vt 0.374149 0.966392 
vt 0.0991494 0.966392 
vt 0.374149 0.991392 
vt 0.0991494 0.991392 
vt 0.374149 0.966392 
vt 0.0991494 0.966392 

usemtl Part182Mtl

f 4357/4357/4357 4358/4358/4358 4359/4359/4359 
f 4359/4359/4359 4358/4358/4358 4360/4360/4360 
f 4361/4361/4361 4362/4362/4362 4363/4363/4363 
f 4363/4363/4363 4362/4362/4362 4364/4364/4364 
f 4365/4365/4365 4366/4366/4366 4367/4367/4367 
f 4367/4367/4367 4366/4366/4366 4368/4368/4368 
f 4369/4369/4369 4370/4370/4370 4371/4371/4371 
f 4371/4371/4371 4370/4370/4370 4372/4372/4372 
f 4373/4373/4373 4374/4374/4374 4375/4375/4375 
f 4375/4375/4375 4374/4374/4374 4376/4376/4376 
f 4377/4377/4377 4378/4378/4378 4379/4379/4379 
f 4379/4379/4379 4378/4378/4378 4380/4380/4380 

g Part254

v 33.1655 4.36988 -319.245 1 1 1 1 
v 32.1655 4.36989 -319.245 1 1 1 1 
v 33.1655 4.56988 -319.245 1 1 1 1 
v 32.1655 4.5699 -319.245 1 1 1 1 
v 32.1655 4.36989 -315.845 1 1 1 1 
v 32.1655 4.36989 -319.245 1 1 1 1 
v 33.1655 4.36987 -315.845 1 1 1 1 
v 33.1655 4.36988 -319.245 1 1 1 1 
v 32.1655 4.36989 -319.245 1 1 1 1 
v 32.1655 4.36989 -315.845 1 1 1 1 
v 32.1655 4.5699 -319.245 1 1 1 1 
v 32.1655 4.56989 -315.845 1 1 1 1 
v 32.1655 4.36989 -315.845 1 1 1 1 
v 33.1655 4.36987 -315.845 1 1 1 1 
v 32.1655 4.56989 -315.845 1 1 1 1 
v 33.1655 4.56987 -315.845 1 1 1 1 
v 33.1655 4.56987 -315.845 1 1 1 1 
v 33.1655 4.56988 -319.245 1 1 1 1 
v 32.1655 4.56989 -315.845 1 1 1 1 
v 32.1655 4.5699 -319.245 1 1 1 1 
v 33.1655 4.36987 -315.845 1 1 1 1 
v 33.1655 4.36988 -319.245 1 1 1 1 
v 33.1655 4.56987 -315.845 1 1 1 1 
v 33.1655 4.56988 -319.245 1 1 1 1 

vn 0 0 -1 
vn 0 0 -1 
vn 0 0 -1 
vn 0 0 -1 
vn 0 -1 0 
vn 0 -1 0 
vn 0 -1 0 
vn 0 -1 0 
vn -1 0 0 
vn -1 0 0 
vn -1 0 0 
vn -1 0 0 
vn 0 0 1 
vn 0 0 1 
vn 0 0 1 
vn 0 0 1 
vn 0 1 0 
vn 0 1 0 
vn 0 1 0 
vn 0 1 0 
vn 1 0 0 
vn 1 0 0 
vn 1 0 0 
vn 1 0 0 

vt 0.0812586 1.0878 
vt -0.0437414 1.0878 
vt 0.0812586 1.0628 
vt -0.0437414 1.0628 
vt 0.381259 1.0878 
vt -0.0437414 1.0878 
vt 0.381259 0.962803 
vt -0.0437414 0.962803 
vt 0.381259 1.0878 
vt -0.0437414 1.0878 
vt 0.381259 1.0628 
vt -0.0437414 1.0628 
vt 0.0812586 1.0878 
vt -0.0437414 1.0878 
vt 0.0812586 1.0628 
vt -0.0437414 1.0628 
vt 0.381259 1.0878 
vt -0.0437414 1.0878 
vt 0.381259 0.962803 
vt -0.0437414 0.962803 
vt 0.381259 1.0878 
vt -0.0437414 1.0878 
vt 0.381259 1.0628 
vt -0.0437414 1.0628 

usemtl Part181Mtl

f 4381/4381/4381 4382/4382/4382 4383/4383/4383 
f 4383/4383/4383 4382/4382/4382 4384/4384/4384 
f 4385/4385/4385 4386/4386/4386 4387/4387/4387 
f 4387/4387/4387 4386/4386/4386 4388/4388/4388 
f 4389/4389/4389 4390/4390/4390 4391/4391/4391 
f 4391/4391/4391 4390/4390/4390 4392/4392/4392 
f 4393/4393/4393 4394/4394/4394 4395/4395/4395 
f 4395/4395/4395 4394/4394/4394 4396/4396/4396 
f 4397/4397/4397 4398/4398/4398 4399/4399/4399 
f 4399/4399/4399 4398/4398/4398 4400/4400/4400 
f 4401/4401/4401 4402/4402/4402 4403/4403/4403 
f 4403/4403/4403 4402/4402/4402 4404/4404/4404 

g Part255

v 32.9653 4.55986 -316.245 1 1 1 1 
v 32.3653 4.55987 -316.245 1 1 1 1 
v 32.9654 8.95987 -316.245 1 1 1 1 
v 32.3654 8.95988 -316.245 1 1 1 1 
v 32.3653 4.55987 -315.845 1 1 1 1 
v 32.3653 4.55987 -316.245 1 1 1 1 
v 32.9654 4.55986 -315.845 1 1 1 1 
v 32.9653 4.55986 -316.245 1 1 1 1 
v 32.3653 4.55987 -316.245 1 1 1 1 
v 32.3653 4.55987 -315.845 1 1 1 1 
v 32.3654 8.95988 -316.245 1 1 1 1 
v 32.3654 8.95988 -315.845 1 1 1 1 
v 32.3653 4.55987 -315.845 1 1 1 1 
v 32.9654 4.55986 -315.845 1 1 1 1 
v 32.3654 8.95988 -315.845 1 1 1 1 
v 32.9654 8.95987 -315.845 1 1 1 1 
v 32.9654 8.95987 -315.845 1 1 1 1 
v 32.9654 8.95987 -316.245 1 1 1 1 
v 32.3654 8.95988 -315.845 1 1 1 1 
v 32.3654 8.95988 -316.245 1 1 1 1 
v 32.9654 4.55986 -315.845 1 1 1 1 
v 32.9653 4.55986 -316.245 1 1 1 1 
v 32.9654 8.95987 -315.845 1 1 1 1 
v 32.9654 8.95987 -316.245 1 1 1 1 

vn 0 0 -1 
vn 0 0 -1 
vn 0 0 -1 
vn 0 0 -1 
vn 0 -1 0 
vn 0 -1 0 
vn 0 -1 0 
vn 0 -1 0 
vn -1 0 0 
vn -1 0 0 
vn -1 0 0 
vn -1 0 0 
vn 0 0 1 
vn 0 0 1 
vn 0 0 1 
vn 0 0 1 
vn 0 1 0 
vn 0 1 0 
vn 0 1 0 
vn 0 1 0 
vn 1 0 0 
vn 1 0 0 
vn 1 0 0 
vn 1 0 0 

vt -0.146278 1.12046 
vt -0.221278 1.12046 
vt -0.146278 0.570459 
vt -0.221278 0.570459 
vt -0.171278 1.12046 
vt -0.221278 1.12046 
vt -0.171278 1.04546 
vt -0.221278 1.04546 
vt -0.171278 1.12046 
vt -0.221278 1.12046 
vt -0.171278 0.570459 
vt -0.221278 0.570459 
vt -0.146278 1.12046 
vt -0.221278 1.12046 
vt -0.146278 0.570459 
vt -0.221278 0.570459 
vt -0.171278 1.12046 
vt -0.221278 1.12046 
vt -0.171278 1.04546 
vt -0.221278 1.04546 
vt -0.171278 1.12046 
vt -0.221278 1.12046 
vt -0.171278 0.570459 
vt -0.221278 0.570459 

usemtl Part181Mtl

f 4405/4405/4405 4406/4406/4406 4407/4407/4407 
f 4407/4407/4407 4406/4406/4406 4408/4408/4408 
f 4409/4409/4409 4410/4410/4410 4411/4411/4411 
f 4411/4411/4411 4410/4410/4410 4412/4412/4412 
f 4413/4413/4413 4414/4414/4414 4415/4415/4415 
f 4415/4415/4415 4414/4414/4414 4416/4416/4416 
f 4417/4417/4417 4418/4418/4418 4419/4419/4419 
f 4419/4419/4419 4418/4418/4418 4420/4420/4420 
f 4421/4421/4421 4422/4422/4422 4423/4423/4423 
f 4423/4423/4423 4422/4422/4422 4424/4424/4424 
f 4425/4425/4425 4426/4426/4426 4427/4427/4427 
f 4427/4427/4427 4426/4426/4426 4428/4428/4428 

g Part256

v 32.9657 8.55993 -319.245 1 1 1 1 
v 32.3657 8.55994 -319.245 1 1 1 1 
v 32.9657 8.95993 -319.245 1 1 1 1 
v 32.3657 8.95994 -319.245 1 1 1 1 
v 32.3657 8.55993 -315.845 1 1 1 1 
v 32.3657 8.55994 -319.245 1 1 1 1 
v 32.9657 8.55992 -315.845 1 1 1 1 
v 32.9657 8.55993 -319.245 1 1 1 1 
v 32.3657 8.55994 -319.245 1 1 1 1 
v 32.3657 8.55993 -315.845 1 1 1 1 
v 32.3657 8.95994 -319.245 1 1 1 1 
v 32.3657 8.95993 -315.845 1 1 1 1 
v 32.3657 8.55993 -315.845 1 1 1 1 
v 32.9657 8.55992 -315.845 1 1 1 1 
v 32.3657 8.95993 -315.845 1 1 1 1 
v 32.9657 8.95992 -315.845 1 1 1 1 
v 32.9657 8.95992 -315.845 1 1 1 1 
v 32.9657 8.95993 -319.245 1 1 1 1 
v 32.3657 8.95993 -315.845 1 1 1 1 
v 32.3657 8.95994 -319.245 1 1 1 1 
v 32.9657 8.55992 -315.845 1 1 1 1 
v 32.9657 8.55993 -319.245 1 1 1 1 
v 32.9657 8.95992 -315.845 1 1 1 1 
v 32.9657 8.95993 -319.245 1 1 1 1 

vn 0 0 -1 
vn 0 0 -1 
vn 0 0 -1 
vn 0 0 -1 
vn 0 -1 0 
vn 0 -1 0 
vn 0 -1 0 
vn 0 -1 0 
vn -1 0 0 
vn -1 0 0 
vn -1 0 0 
vn -1 0 0 
vn 0 0 1 
vn 0 0 1 
vn 0 0 1 
vn 0 0 1 
vn 0 1 0 
vn 0 1 0 
vn 0 1 0 
vn 0 1 0 
vn 1 0 0 
vn 1 0 0 
vn 1 0 0 
vn 1 0 0 

vt -0.1053 1.27396 
vt -0.1803 1.27396 
vt -0.1053 1.22396 
vt -0.1803 1.22396 
vt 0.2447 1.27396 
vt -0.1803 1.27396 
vt 0.2447 1.19896 
vt -0.1803 1.19896 
vt 0.2447 1.27396 
vt -0.1803 1.27396 
vt 0.2447 1.22396 
vt -0.1803 1.22396 
vt -0.1053 1.27396 
vt -0.1803 1.27396 
vt -0.1053 1.22396 
vt -0.1803 1.22396 
vt 0.2447 1.27396 
vt -0.1803 1.27396 
vt 0.2447 1.19896 
vt -0.1803 1.19896 
vt 0.2447 1.27396 
vt -0.1803 1.27396 
vt 0.2447 1.22396 
vt -0.1803 1.22396 

usemtl Part181Mtl

f 4429/4429/4429 4430/4430/4430 4431/4431/4431 
f 4431/4431/4431 4430/4430/4430 4432/4432/4432 
f 4433/4433/4433 4434/4434/4434 4435/4435/4435 
f 4435/4435/4435 4434/4434/4434 4436/4436/4436 
f 4437/4437/4437 4438/4438/4438 4439/4439/4439 
f 4439/4439/4439 4438/4438/4438 4440/4440/4440 
f 4441/4441/4441 4442/4442/4442 4443/4443/4443 
f 4443/4443/4443 4442/4442/4442 4444/4444/4444 
f 4445/4445/4445 4446/4446/4446 4447/4447/4447 
f 4447/4447/4447 4446/4446/4446 4448/4448/4448 
f 4449/4449/4449 4450/4450/4450 4451/4451/4451 
f 4451/4451/4451 4450/4450/4450 4452/4452/4452 

g Part257

v 32.9654 4.55996 -319.245 1 1 1 1 
v 32.3654 4.55997 -319.245 1 1 1 1 
v 32.9655 8.95997 -319.245 1 1 1 1 
v 32.3655 8.95998 -319.245 1 1 1 1 
v 32.3654 4.55997 -318.845 1 1 1 1 
v 32.3654 4.55997 -319.245 1 1 1 1 
v 32.9654 4.55996 -318.845 1 1 1 1 
v 32.9654 4.55996 -319.245 1 1 1 1 
v 32.3654 4.55997 -319.245 1 1 1 1 
v 32.3654 4.55997 -318.845 1 1 1 1 
v 32.3655 8.95998 -319.245 1 1 1 1 
v 32.3655 8.95998 -318.845 1 1 1 1 
v 32.3654 4.55997 -318.845 1 1 1 1 
v 32.9654 4.55996 -318.845 1 1 1 1 
v 32.3655 8.95998 -318.845 1 1 1 1 
v 32.9655 8.95997 -318.845 1 1 1 1 
v 32.9655 8.95997 -318.845 1 1 1 1 
v 32.9655 8.95997 -319.245 1 1 1 1 
v 32.3655 8.95998 -318.845 1 1 1 1 
v 32.3655 8.95998 -319.245 1 1 1 1 
v 32.9654 4.55996 -318.845 1 1 1 1 
v 32.9654 4.55996 -319.245 1 1 1 1 
v 32.9655 8.95997 -318.845 1 1 1 1 
v 32.9655 8.95997 -319.245 1 1 1 1 

vn 0 0 -1 
vn 0 0 -1 
vn 0 0 -1 
vn 0 0 -1 
vn 0 -1 0 
vn 0 -1 0 
vn 0 -1 0 
vn 0 -1 0 
vn -1 0 0 
vn -1 0 0 
vn -1 0 0 
vn -1 0 0 
vn 0 0 1 
vn 0 0 1 
vn 0 0 1 
vn 0 0 1 
vn 0 1 0 
vn 0 1 0 
vn 0 1 0 
vn 0 1 0 
vn 1 0 0 
vn 1 0 0 
vn 1 0 0 
vn 1 0 0 

vt -0.126593 1.2906 
vt -0.201593 1.2906 
vt -0.126593 0.740604 
vt -0.201593 0.740604 
vt -0.151593 1.2906 
vt -0.201593 1.2906 
vt -0.151593 1.2156 
vt -0.201593 1.2156 
vt -0.151593 1.2906 
vt -0.201593 1.2906 
vt -0.151593 0.740604 
vt -0.201593 0.740604 
vt -0.126593 1.2906 
vt -0.201593 1.2906 
vt -0.126593 0.740604 
vt -0.201593 0.740604 
vt -0.151593 1.2906 
vt -0.201593 1.2906 
vt -0.151593 1.2156 
vt -0.201593 1.2156 
vt -0.151593 1.2906 
vt -0.201593 1.2906 
vt -0.151593 0.740604 
vt -0.201593 0.740604 

usemtl Part181Mtl

f 4453/4453/4453 4454/4454/4454 4455/4455/4455 
f 4455/4455/4455 4454/4454/4454 4456/4456/4456 
f 4457/4457/4457 4458/4458/4458 4459/4459/4459 
f 4459/4459/4459 4458/4458/4458 4460/4460/4460 
f 4461/4461/4461 4462/4462/4462 4463/4463/4463 
f 4463/4463/4463 4462/4462/4462 4464/4464/4464 
f 4465/4465/4465 4466/4466/4466 4467/4467/4467 
f 4467/4467/4467 4466/4466/4466 4468/4468/4468 
f 4469/4469/4469 4470/4470/4470 4471/4471/4471 
f 4471/4471/4471 4470/4470/4470 4472/4472/4472 
f 4473/4473/4473 4474/4474/4474 4475/4475/4475 
f 4475/4475/4475 4474/4474/4474 4476/4476/4476 

g Part258

v 35.6221 4.56982 -298.3 1 1 1 1 
v 35.6221 4.56982 -297.7 1 1 1 1 
v 35.6221 4.76982 -298.3 1 1 1 1 
v 35.6221 4.76982 -297.7 1 1 1 1 
v 39.0221 4.56982 -297.7 1 1 1 1 
v 35.6221 4.56982 -297.7 1 1 1 1 
v 39.0221 4.56982 -298.3 1 1 1 1 
v 35.6221 4.56982 -298.3 1 1 1 1 
v 35.6221 4.56982 -297.7 1 1 1 1 
v 39.0221 4.56982 -297.7 1 1 1 1 
v 35.6221 4.76982 -297.7 1 1 1 1 
v 39.0221 4.76982 -297.7 1 1 1 1 
v 39.0221 4.56982 -297.7 1 1 1 1 
v 39.0221 4.56982 -298.3 1 1 1 1 
v 39.0221 4.76982 -297.7 1 1 1 1 
v 39.0221 4.76982 -298.3 1 1 1 1 
v 39.0221 4.76982 -298.3 1 1 1 1 
v 35.6221 4.76982 -298.3 1 1 1 1 
v 39.0221 4.76982 -297.7 1 1 1 1 
v 35.6221 4.76982 -297.7 1 1 1 1 
v 39.0221 4.56982 -298.3 1 1 1 1 
v 35.6221 4.56982 -298.3 1 1 1 1 
v 39.0221 4.76982 -298.3 1 1 1 1 
v 35.6221 4.76982 -298.3 1 1 1 1 

vn -1 0 0 
vn -1 0 0 
vn -1 0 0 
vn -1 0 0 
vn 0 -1 0 
vn 0 -1 0 
vn 0 -1 0 
vn 0 -1 0 
vn 0 0 1 
vn 0 0 1 
vn 0 0 1 
vn 0 0 1 
vn 1 0 0 
vn 1 0 0 
vn 1 0 0 
vn 1 0 0 
vn 0 1 0 
vn 0 1 0 
vn 0 1 0 
vn 0 1 0 
vn 0 0 -1 
vn 0 0 -1 
vn 0 0 -1 
vn 0 0 -1 

vt 0.293533 0.963664 
vt 0.218533 0.963664 
vt 0.293533 0.938664 
vt 0.218533 0.938664 
vt 0.643533 0.963664 
vt 0.218533 0.963664 
vt 0.643533 0.888664 
vt 0.218533 0.888664 
vt 0.643533 0.963664 
vt 0.218533 0.963664 
vt 0.643533 0.938664 
vt 0.218533 0.938664 
vt 0.293533 0.963664 
vt 0.218533 0.963664 
vt 0.293533 0.938664 
vt 0.218533 0.938664 
vt 0.643533 0.963664 
vt 0.218533 0.963664 
vt 0.643533 0.888664 
vt 0.218533 0.888664 
vt 0.643533 0.963664 
vt 0.218533 0.963664 
vt 0.643533 0.938664 
vt 0.218533 0.938664 

usemtl Part181Mtl

f 4477/4477/4477 4478/4478/4478 4479/4479/4479 
f 4479/4479/4479 4478/4478/4478 4480/4480/4480 
f 4481/4481/4481 4482/4482/4482 4483/4483/4483 
f 4483/4483/4483 4482/4482/4482 4484/4484/4484 
f 4485/4485/4485 4486/4486/4486 4487/4487/4487 
f 4487/4487/4487 4486/4486/4486 4488/4488/4488 
f 4489/4489/4489 4490/4490/4490 4491/4491/4491 
f 4491/4491/4491 4490/4490/4490 4492/4492/4492 
f 4493/4493/4493 4494/4494/4494 4495/4495/4495 
f 4495/4495/4495 4494/4494/4494 4496/4496/4496 
f 4497/4497/4497 4498/4498/4498 4499/4499/4499 
f 4499/4499/4499 4498/4498/4498 4500/4500/4500 

g Part259

v 36.0221 4.55994 -298.1 1 1 1 1 
v 36.0221 4.55994 -297.9 1 1 1 1 
v 36.0221 8.55995 -298.1 1 1 1 1 
v 36.0221 8.55995 -297.9 1 1 1 1 
v 36.2221 4.55994 -297.9 1 1 1 1 
v 36.0221 4.55994 -297.9 1 1 1 1 
v 36.2221 4.55994 -298.1 1 1 1 1 
v 36.0221 4.55994 -298.1 1 1 1 1 
v 36.0221 4.55994 -297.9 1 1 1 1 
v 36.2221 4.55994 -297.9 1 1 1 1 
v 36.0221 8.55995 -297.9 1 1 1 1 
v 36.2221 8.55995 -297.9 1 1 1 1 
v 36.2221 4.55994 -297.9 1 1 1 1 
v 36.2221 4.55994 -298.1 1 1 1 1 
v 36.2221 8.55995 -297.9 1 1 1 1 
v 36.2221 8.55995 -298.1 1 1 1 1 
v 36.2221 8.55995 -298.1 1 1 1 1 
v 36.0221 8.55995 -298.1 1 1 1 1 
v 36.2221 8.55995 -297.9 1 1 1 1 
v 36.0221 8.55995 -297.9 1 1 1 1 
v 36.2221 4.55994 -298.1 1 1 1 1 
v 36.0221 4.55994 -298.1 1 1 1 1 
v 36.2221 8.55995 -298.1 1 1 1 1 
v 36.0221 8.55995 -298.1 1 1 1 1 

vn -1 0 0 
vn -1 0 0 
vn -1 0 0 
vn -1 0 0 
vn 0 -1 0 
vn 0 -1 0 
vn 0 -1 0 
vn 0 -1 0 
vn 0 0 1 
vn 0 0 1 
vn 0 0 1 
vn 0 0 1 
vn 1 0 0 
vn 1 0 0 
vn 1 0 0 
vn 1 0 0 
vn 0 1 0 
vn 0 1 0 
vn 0 1 0 
vn 0 1 0 
vn 0 0 -1 
vn 0 0 -1 
vn 0 0 -1 
vn 0 0 -1 

vt 0.220094 0.816483 
vt 0.195094 0.816483 
vt 0.220094 0.316483 
vt 0.195094 0.316483 
vt 0.220094 0.816483 
vt 0.195094 0.816483 
vt 0.220094 0.791483 
vt 0.195094 0.791483 
vt 0.220094 0.816483 
vt 0.195094 0.816483 
vt 0.220094 0.316483 
vt 0.195094 0.316483 
vt 0.220094 0.816483 
vt 0.195094 0.816483 
vt 0.220094 0.316483 
vt 0.195094 0.316483 
vt 0.220094 0.816483 
vt 0.195094 0.816483 
vt 0.220094 0.791483 
vt 0.195094 0.791483 
vt 0.220094 0.816483 
vt 0.195094 0.816483 
vt 0.220094 0.316483 
vt 0.195094 0.316483 

usemtl Part182Mtl

f 4501/4501/4501 4502/4502/4502 4503/4503/4503 
f 4503/4503/4503 4502/4502/4502 4504/4504/4504 
f 4505/4505/4505 4506/4506/4506 4507/4507/4507 
f 4507/4507/4507 4506/4506/4506 4508/4508/4508 
f 4509/4509/4509 4510/4510/4510 4511/4511/4511 
f 4511/4511/4511 4510/4510/4510 4512/4512/4512 
f 4513/4513/4513 4514/4514/4514 4515/4515/4515 
f 4515/4515/4515 4514/4514/4514 4516/4516/4516 
f 4517/4517/4517 4518/4518/4518 4519/4519/4519 
f 4519/4519/4519 4518/4518/4518 4520/4520/4520 
f 4521/4521/4521 4522/4522/4522 4523/4523/4523 
f 4523/4523/4523 4522/4522/4522 4524/4524/4524 

g Part260

v 36.222 8.35988 -298.1 1 1 1 1 
v 36.222 8.35988 -297.9 1 1 1 1 
v 36.222 8.55988 -298.1 1 1 1 1 
v 36.222 8.55988 -297.9 1 1 1 1 
v 38.422 8.35988 -297.9 1 1 1 1 
v 36.222 8.35988 -297.9 1 1 1 1 
v 38.422 8.35988 -298.1 1 1 1 1 
v 36.222 8.35988 -298.1 1 1 1 1 
v 36.222 8.35988 -297.9 1 1 1 1 
v 38.422 8.35988 -297.9 1 1 1 1 
v 36.222 8.55988 -297.9 1 1 1 1 
v 38.422 8.55988 -297.9 1 1 1 1 
v 38.422 8.35988 -297.9 1 1 1 1 
v 38.422 8.35988 -298.1 1 1 1 1 
v 38.422 8.55988 -297.9 1 1 1 1 
v 38.422 8.55988 -298.1 1 1 1 1 
v 38.422 8.55988 -298.1 1 1 1 1 
v 36.222 8.55988 -298.1 1 1 1 1 
v 38.422 8.55988 -297.9 1 1 1 1 
v 36.222 8.55988 -297.9 1 1 1 1 
v 38.422 8.35988 -298.1 1 1 1 1 
v 36.222 8.35988 -298.1 1 1 1 1 
v 38.422 8.55988 -298.1 1 1 1 1 
v 36.222 8.55988 -298.1 1 1 1 1 

vn -1 0 0 
vn -1 0 0 
vn -1 0 0 
vn -1 0 0 
vn 0 -1 0 
vn 0 -1 0 
vn 0 -1 0 
vn 0 -1 0 
vn 0 0 1 
vn 0 0 1 
vn 0 0 1 
vn 0 0 1 
vn 1 0 0 
vn 1 0 0 
vn 1 0 0 
vn 1 0 0 
vn 0 1 0 
vn 0 1 0 
vn 0 1 0 
vn 0 1 0 
vn 0 0 -1 
vn 0 0 -1 
vn 0 0 -1 
vn 0 0 -1 

vt -0.0168282 0.937539 
vt -0.0418282 0.937539 
vt -0.0168282 0.912539 
vt -0.0418282 0.912539 
vt 0.233172 0.937539 
vt -0.0418282 0.937539 
vt 0.233172 0.912539 
vt -0.0418282 0.912539 
vt 0.233172 0.937539 
vt -0.0418282 0.937539 
vt 0.233172 0.912539 
vt -0.0418282 0.912539 
vt -0.0168282 0.937539 
vt -0.0418282 0.937539 
vt -0.0168282 0.912539 
vt -0.0418282 0.912539 
vt 0.233172 0.937539 
vt -0.0418282 0.937539 
vt 0.233172 0.912539 
vt -0.0418282 0.912539 
vt 0.233172 0.937539 
vt -0.0418282 0.937539 
vt 0.233172 0.912539 
vt -0.0418282 0.912539 

usemtl Part182Mtl

f 4525/4525/4525 4526/4526/4526 4527/4527/4527 
f 4527/4527/4527 4526/4526/4526 4528/4528/4528 
f 4529/4529/4529 4530/4530/4530 4531/4531/4531 
f 4531/4531/4531 4530/4530/4530 4532/4532/4532 
f 4533/4533/4533 4534/4534/4534 4535/4535/4535 
f 4535/4535/4535 4534/4534/4534 4536/4536/4536 
f 4537/4537/4537 4538/4538/4538 4539/4539/4539 
f 4539/4539/4539 4538/4538/4538 4540/4540/4540 
f 4541/4541/4541 4542/4542/4542 4543/4543/4543 
f 4543/4543/4543 4542/4542/4542 4544/4544/4544 
f 4545/4545/4545 4546/4546/4546 4547/4547/4547 
f 4547/4547/4547 4546/4546/4546 4548/4548/4548 

g Part261

v 38.422 4.55992 -298.1 1 1 1 1 
v 38.422 4.55992 -297.9 1 1 1 1 
v 38.422 8.55993 -298.1 1 1 1 1 
v 38.422 8.55993 -297.9 1 1 1 1 
v 38.622 4.55992 -297.9 1 1 1 1 
v 38.422 4.55992 -297.9 1 1 1 1 
v 38.622 4.55992 -298.1 1 1 1 1 
v 38.422 4.55992 -298.1 1 1 1 1 
v 38.422 4.55992 -297.9 1 1 1 1 
v 38.622 4.55992 -297.9 1 1 1 1 
v 38.422 8.55993 -297.9 1 1 1 1 
v 38.622 8.55993 -297.9 1 1 1 1 
v 38.622 4.55992 -297.9 1 1 1 1 
v 38.622 4.55992 -298.1 1 1 1 1 
v 38.622 8.55993 -297.9 1 1 1 1 
v 38.622 8.55993 -298.1 1 1 1 1 
v 38.622 8.55993 -298.1 1 1 1 1 
v 38.422 8.55993 -298.1 1 1 1 1 
v 38.622 8.55993 -297.9 1 1 1 1 
v 38.422 8.55993 -297.9 1 1 1 1 
v 38.622 4.55992 -298.1 1 1 1 1 
v 38.422 4.55992 -298.1 1 1 1 1 
v 38.622 8.55993 -298.1 1 1 1 1 
v 38.422 8.55993 -298.1 1 1 1 1 

vn -1 0 0 
vn -1 0 0 
vn -1 0 0 
vn -1 0 0 
vn 0 -1 0 
vn 0 -1 0 
vn 0 -1 0 
vn 0 -1 0 
vn 0 0 1 
vn 0 0 1 
vn 0 0 1 
vn 0 0 1 
vn 1 0 0 
vn 1 0 0 
vn 1 0 0 
vn 1 0 0 
vn 0 1 0 
vn 0 1 0 
vn 0 1 0 
vn 0 1 0 
vn 0 0 -1 
vn 0 0 -1 
vn 0 0 -1 
vn 0 0 -1 

vt -0.0168396 1.09658 
vt -0.0418396 1.09658 
vt -0.0168396 0.596584 
vt -0.0418396 0.596584 
vt -0.0168396 1.09658 
vt -0.0418396 1.09658 
vt -0.0168396 1.07158 
vt -0.0418396 1.07158 
vt -0.0168396 1.09658 
vt -0.0418396 1.09658 
vt -0.0168396 0.596584 
vt -0.0418396 0.596584 
vt -0.0168396 1.09658 
vt -0.0418396 1.09658 
vt -0.0168396 0.596584 
vt -0.0418396 0.596584 
vt -0.0168396 1.09658 
vt -0.0418396 1.09658 
vt -0.0168396 1.07158 
vt -0.0418396 1.07158 
vt -0.0168396 1.09658 
vt -0.0418396 1.09658 
vt -0.0168396 0.596584 
vt -0.0418396 0.596584 

usemtl Part182Mtl

f 4549/4549/4549 4550/4550/4550 4551/4551/4551 
f 4551/4551/4551 4550/4550/4550 4552/4552/4552 
f 4553/4553/4553 4554/4554/4554 4555/4555/4555 
f 4555/4555/4555 4554/4554/4554 4556/4556/4556 
f 4557/4557/4557 4558/4558/4558 4559/4559/4559 
f 4559/4559/4559 4558/4558/4558 4560/4560/4560 
f 4561/4561/4561 4562/4562/4562 4563/4563/4563 
f 4563/4563/4563 4562/4562/4562 4564/4564/4564 
f 4565/4565/4565 4566/4566/4566 4567/4567/4567 
f 4567/4567/4567 4566/4566/4566 4568/4568/4568 
f 4569/4569/4569 4570/4570/4570 4571/4571/4571 
f 4571/4571/4571 4570/4570/4570 4572/4572/4572 

g Part262

v 36.222 7.35986 -298.1 1 1 1 1 
v 36.222 7.35986 -297.9 1 1 1 1 
v 36.222 7.55986 -298.1 1 1 1 1 
v 36.222 7.55986 -297.9 1 1 1 1 
v 38.422 7.35986 -297.9 1 1 1 1 
v 36.222 7.35986 -297.9 1 1 1 1 
v 38.422 7.35986 -298.1 1 1 1 1 
v 36.222 7.35986 -298.1 1 1 1 1 
v 36.222 7.35986 -297.9 1 1 1 1 
v 38.422 7.35986 -297.9 1 1 1 1 
v 36.222 7.55986 -297.9 1 1 1 1 
v 38.422 7.55986 -297.9 1 1 1 1 
v 38.422 7.35986 -297.9 1 1 1 1 
v 38.422 7.35986 -298.1 1 1 1 1 
v 38.422 7.55986 -297.9 1 1 1 1 
v 38.422 7.55986 -298.1 1 1 1 1 
v 38.422 7.55986 -298.1 1 1 1 1 
v 36.222 7.55986 -298.1 1 1 1 1 
v 38.422 7.55986 -297.9 1 1 1 1 
v 36.222 7.55986 -297.9 1 1 1 1 
v 38.422 7.35986 -298.1 1 1 1 1 
v 36.222 7.35986 -298.1 1 1 1 1 
v 38.422 7.55986 -298.1 1 1 1 1 
v 36.222 7.55986 -298.1 1 1 1 1 

vn -1 0 0 
vn -1 0 0 
vn -1 0 0 
vn -1 0 0 
vn 0 -1 0 
vn 0 -1 0 
vn 0 -1 0 
vn 0 -1 0 
vn 0 0 1 
vn 0 0 1 
vn 0 0 1 
vn 0 0 1 
vn 1 0 0 
vn 1 0 0 
vn 1 0 0 
vn 1 0 0 
vn 0 1 0 
vn 0 1 0 
vn 0 1 0 
vn 0 1 0 
vn 0 0 -1 
vn 0 0 -1 
vn 0 0 -1 
vn 0 0 -1 

vt -0.0168282 0.935058 
vt -0.0418282 0.935058 
vt -0.0168282 0.910058 
vt -0.0418282 0.910058 
vt 0.233172 0.935058 
vt -0.0418282 0.935058 
vt 0.233172 0.910058 
vt -0.0418282 0.910058 
vt 0.233172 0.935058 
vt -0.0418282 0.935058 
vt 0.233172 0.910058 
vt -0.0418282 0.910058 
vt -0.0168282 0.935058 
vt -0.0418282 0.935058 
vt -0.0168282 0.910058 
vt -0.0418282 0.910058 
vt 0.233172 0.935058 
vt -0.0418282 0.935058 
vt 0.233172 0.910058 
vt -0.0418282 0.910058 
vt 0.233172 0.935058 
vt -0.0418282 0.935058 
vt 0.233172 0.910058 
vt -0.0418282 0.910058 

usemtl Part182Mtl

f 4573/4573/4573 4574/4574/4574 4575/4575/4575 
f 4575/4575/4575 4574/4574/4574 4576/4576/4576 
f 4577/4577/4577 4578/4578/4578 4579/4579/4579 
f 4579/4579/4579 4578/4578/4578 4580/4580/4580 
f 4581/4581/4581 4582/4582/4582 4583/4583/4583 
f 4583/4583/4583 4582/4582/4582 4584/4584/4584 
f 4585/4585/4585 4586/4586/4586 4587/4587/4587 
f 4587/4587/4587 4586/4586/4586 4588/4588/4588 
f 4589/4589/4589 4590/4590/4590 4591/4591/4591 
f 4591/4591/4591 4590/4590/4590 4592/4592/4592 
f 4593/4593/4593 4594/4594/4594 4595/4595/4595 
f 4595/4595/4595 4594/4594/4594 4596/4596/4596 

g Part263

v 37.2221 4.89984 -298.1 1 1 1 1 
v 37.2221 4.89984 -297.9 1 1 1 1 
v 37.2221 7.35985 -298.1 1 1 1 1 
v 37.2221 7.35985 -297.9 1 1 1 1 
v 37.4221 4.89984 -297.9 1 1 1 1 
v 37.2221 4.89984 -297.9 1 1 1 1 
v 37.4221 4.89984 -298.1 1 1 1 1 
v 37.2221 4.89984 -298.1 1 1 1 1 
v 37.2221 4.89984 -297.9 1 1 1 1 
v 37.4221 4.89984 -297.9 1 1 1 1 
v 37.2221 7.35985 -297.9 1 1 1 1 
v 37.4221 7.35985 -297.9 1 1 1 1 
v 37.4221 4.89984 -297.9 1 1 1 1 
v 37.4221 4.89984 -298.1 1 1 1 1 
v 37.4221 7.35985 -297.9 1 1 1 1 
v 37.4221 7.35985 -298.1 1 1 1 1 
v 37.4221 7.35985 -298.1 1 1 1 1 
v 37.2221 7.35985 -298.1 1 1 1 1 
v 37.4221 7.35985 -297.9 1 1 1 1 
v 37.2221 7.35985 -297.9 1 1 1 1 
v 37.4221 4.89984 -298.1 1 1 1 1 
v 37.2221 4.89984 -298.1 1 1 1 1 
v 37.4221 7.35985 -298.1 1 1 1 1 
v 37.2221 7.35985 -298.1 1 1 1 1 

vn -1 0 0 
vn -1 0 0 
vn -1 0 0 
vn -1 0 0 
vn 0 -1 0 
vn 0 -1 0 
vn 0 -1 0 
vn 0 -1 0 
vn 0 0 1 
vn 0 0 1 
vn 0 0 1 
vn 0 0 1 
vn 1 0 0 
vn 1 0 0 
vn 1 0 0 
vn 1 0 0 
vn 0 1 0 
vn 0 1 0 
vn 0 1 0 
vn 0 1 0 
vn 0 0 -1 
vn 0 0 -1 
vn 0 0 -1 
vn 0 0 -1 

vt -0.0660567 0.926419 
vt -0.0910567 0.926419 
vt -0.0660567 0.618919 
vt -0.0910567 0.618919 
vt -0.0660567 0.926419 
vt -0.0910567 0.926419 
vt -0.0660567 0.901419 
vt -0.0910567 0.901419 
vt -0.0660567 0.926419 
vt -0.0910567 0.926419 
vt -0.0660567 0.618919 
vt -0.0910567 0.618919 
vt -0.0660567 0.926419 
vt -0.0910567 0.926419 
vt -0.0660567 0.618919 
vt -0.0910567 0.618919 
vt -0.0660567 0.926419 
vt -0.0910567 0.926419 
vt -0.0660567 0.901419 
vt -0.0910567 0.901419 
vt -0.0660567 0.926419 
vt -0.0910567 0.926419 
vt -0.0660567 0.618919 
vt -0.0910567 0.618919 

usemtl Part182Mtl

f 4597/4597/4597 4598/4598/4598 4599/4599/4599 
f 4599/4599/4599 4598/4598/4598 4600/4600/4600 
f 4601/4601/4601 4602/4602/4602 4603/4603/4603 
f 4603/4603/4603 4602/4602/4602 4604/4604/4604 
f 4605/4605/4605 4606/4606/4606 4607/4607/4607 
f 4607/4607/4607 4606/4606/4606 4608/4608/4608 
f 4609/4609/4609 4610/4610/4610 4611/4611/4611 
f 4611/4611/4611 4610/4610/4610 4612/4612/4612 
f 4613/4613/4613 4614/4614/4614 4615/4615/4615 
f 4615/4615/4615 4614/4614/4614 4616/4616/4616 
f 4617/4617/4617 4618/4618/4618 4619/4619/4619 
f 4619/4619/4619 4618/4618/4618 4620/4620/4620 

g Part264

v 36.222 4.70983 -298.1 1 1 1 1 
v 36.222 4.70983 -297.9 1 1 1 1 
v 36.222 4.90983 -298.1 1 1 1 1 
v 36.222 4.90983 -297.9 1 1 1 1 
v 38.422 4.70983 -297.9 1 1 1 1 
v 36.222 4.70983 -297.9 1 1 1 1 
v 38.422 4.70983 -298.1 1 1 1 1 
v 36.222 4.70983 -298.1 1 1 1 1 
v 36.222 4.70983 -297.9 1 1 1 1 
v 38.422 4.70983 -297.9 1 1 1 1 
v 36.222 4.90983 -297.9 1 1 1 1 
v 38.422 4.90983 -297.9 1 1 1 1 
v 38.422 4.70983 -297.9 1 1 1 1 
v 38.422 4.70983 -298.1 1 1 1 1 
v 38.422 4.90983 -297.9 1 1 1 1 
v 38.422 4.90983 -298.1 1 1 1 1 
v 38.422 4.90983 -298.1 1 1 1 1 
v 36.222 4.90983 -298.1 1 1 1 1 
v 38.422 4.90983 -297.9 1 1 1 1 
v 36.222 4.90983 -297.9 1 1 1 1 
v 38.422 4.70983 -298.1 1 1 1 1 
v 36.222 4.70983 -298.1 1 1 1 1 
v 38.422 4.90983 -298.1 1 1 1 1 
v 36.222 4.90983 -298.1 1 1 1 1 

vn -1 0 0 
vn -1 0 0 
vn -1 0 0 
vn -1 0 0 
vn 0 -1 0 
vn 0 -1 0 
vn 0 -1 0 
vn 0 -1 0 
vn 0 0 1 
vn 0 0 1 
vn 0 0 1 
vn 0 0 1 
vn 1 0 0 
vn 1 0 0 
vn 1 0 0 
vn 1 0 0 
vn 0 1 0 
vn 0 1 0 
vn 0 1 0 
vn 0 1 0 
vn 0 0 -1 
vn 0 0 -1 
vn 0 0 -1 
vn 0 0 -1 

vt 0.0370647 0.923764 
vt 0.0120647 0.923764 
vt 0.0370647 0.898764 
vt 0.0120647 0.898764 
vt 0.287065 0.923764 
vt 0.0120647 0.923764 
vt 0.287065 0.898764 
vt 0.0120647 0.898764 
vt 0.287065 0.923764 
vt 0.0120647 0.923764 
vt 0.287065 0.898764 
vt 0.0120647 0.898764 
vt 0.0370647 0.923764 
vt 0.0120647 0.923764 
vt 0.0370647 0.898764 
vt 0.0120647 0.898764 
vt 0.287065 0.923764 
vt 0.0120647 0.923764 
vt 0.287065 0.898764 
vt 0.0120647 0.898764 
vt 0.287065 0.923764 
vt 0.0120647 0.923764 
vt 0.287065 0.898764 
vt 0.0120647 0.898764 

usemtl Part182Mtl

f 4621/4621/4621 4622/4622/4622 4623/4623/4623 
f 4623/4623/4623 4622/4622/4622 4624/4624/4624 
f 4625/4625/4625 4626/4626/4626 4627/4627/4627 
f 4627/4627/4627 4626/4626/4626 4628/4628/4628 
f 4629/4629/4629 4630/4630/4630 4631/4631/4631 
f 4631/4631/4631 4630/4630/4630 4632/4632/4632 
f 4633/4633/4633 4634/4634/4634 4635/4635/4635 
f 4635/4635/4635 4634/4634/4634 4636/4636/4636 
f 4637/4637/4637 4638/4638/4638 4639/4639/4639 
f 4639/4639/4639 4638/4638/4638 4640/4640/4640 
f 4641/4641/4641 4642/4642/4642 4643/4643/4643 
f 4643/4643/4643 4642/4642/4642 4644/4644/4644 

g Part265

v 35.622 4.36982 -298.5 1 1 1 1 
v 35.622 4.36982 -297.5 1 1 1 1 
v 35.622 4.56982 -298.5 1 1 1 1 
v 35.622 4.56982 -297.5 1 1 1 1 
v 39.022 4.36982 -297.5 1 1 1 1 
v 35.622 4.36982 -297.5 1 1 1 1 
v 39.022 4.36982 -298.5 1 1 1 1 
v 35.622 4.36982 -298.5 1 1 1 1 
v 35.622 4.36982 -297.5 1 1 1 1 
v 39.022 4.36982 -297.5 1 1 1 1 
v 35.622 4.56982 -297.5 1 1 1 1 
v 39.022 4.56982 -297.5 1 1 1 1 
v 39.022 4.36982 -297.5 1 1 1 1 
v 39.022 4.36982 -298.5 1 1 1 1 
v 39.022 4.56982 -297.5 1 1 1 1 
v 39.022 4.56982 -298.5 1 1 1 1 
v 39.022 4.56982 -298.5 1 1 1 1 
v 35.622 4.56982 -298.5 1 1 1 1 
v 39.022 4.56982 -297.5 1 1 1 1 
v 35.622 4.56982 -297.5 1 1 1 1 
v 39.022 4.36982 -298.5 1 1 1 1 
v 35.622 4.36982 -298.5 1 1 1 1 
v 39.022 4.56982 -298.5 1 1 1 1 
v 35.622 4.56982 -298.5 1 1 1 1 

vn -1 0 0 
vn -1 0 0 
vn -1 0 0 
vn -1 0 0 
vn 0 -1 0 
vn 0 -1 0 
vn 0 -1 0 
vn 0 -1 0 
vn 0 0 1 
vn 0 0 1 
vn 0 0 1 
vn 0 0 1 
vn 1 0 0 
vn 1 0 0 
vn 1 0 0 
vn 1 0 0 
vn 0 1 0 
vn 0 1 0 
vn 0 1 0 
vn 0 1 0 
vn 0 0 -1 
vn 0 0 -1 
vn 0 0 -1 
vn 0 0 -1 

vt 0.402225 0.896345 
vt 0.277225 0.896345 
vt 0.402225 0.871345 
vt 0.277225 0.871345 
vt 0.702225 0.896345 
vt 0.277225 0.896345 
vt 0.702225 0.771345 
vt 0.277225 0.771345 
vt 0.702225 0.896345 
vt 0.277225 0.896345 
vt 0.702225 0.871345 
vt 0.277225 0.871345 
vt 0.402225 0.896345 
vt 0.277225 0.896345 
vt 0.402225 0.871345 
vt 0.277225 0.871345 
vt 0.702225 0.896345 
vt 0.277225 0.896345 
vt 0.702225 0.771345 
vt 0.277225 0.771345 
vt 0.702225 0.896345 
vt 0.277225 0.896345 
vt 0.702225 0.871345 
vt 0.277225 0.871345 

usemtl Part181Mtl

f 4645/4645/4645 4646/4646/4646 4647/4647/4647 
f 4647/4647/4647 4646/4646/4646 4648/4648/4648 
f 4649/4649/4649 4650/4650/4650 4651/4651/4651 
f 4651/4651/4651 4650/4650/4650 4652/4652/4652 
f 4653/4653/4653 4654/4654/4654 4655/4655/4655 
f 4655/4655/4655 4654/4654/4654 4656/4656/4656 
f 4657/4657/4657 4658/4658/4658 4659/4659/4659 
f 4659/4659/4659 4658/4658/4658 4660/4660/4660 
f 4661/4661/4661 4662/4662/4662 4663/4663/4663 
f 4663/4663/4663 4662/4662/4662 4664/4664/4664 
f 4665/4665/4665 4666/4666/4666 4667/4667/4667 
f 4667/4667/4667 4666/4666/4666 4668/4668/4668 

g Part266

v 38.6225 4.55982 -298.3 1 1 1 1 
v 38.6225 4.55982 -297.7 1 1 1 1 
v 38.6225 8.95983 -298.3 1 1 1 1 
v 38.6225 8.95983 -297.7 1 1 1 1 
v 39.0225 4.55982 -297.7 1 1 1 1 
v 38.6225 4.55982 -297.7 1 1 1 1 
v 39.0225 4.55982 -298.3 1 1 1 1 
v 38.6225 4.55982 -298.3 1 1 1 1 
v 38.6225 4.55982 -297.7 1 1 1 1 
v 39.0225 4.55982 -297.7 1 1 1 1 
v 38.6225 8.95983 -297.7 1 1 1 1 
v 39.0225 8.95983 -297.7 1 1 1 1 
v 39.0225 4.55982 -297.7 1 1 1 1 
v 39.0225 4.55982 -298.3 1 1 1 1 
v 39.0225 8.95983 -297.7 1 1 1 1 
v 39.0225 8.95983 -298.3 1 1 1 1 
v 39.0225 8.95983 -298.3 1 1 1 1 
v 38.6225 8.95983 -298.3 1 1 1 1 
v 39.0225 8.95983 -297.7 1 1 1 1 
v 38.6225 8.95983 -297.7 1 1 1 1 
v 39.0225 4.55982 -298.3 1 1 1 1 
v 38.6225 4.55982 -298.3 1 1 1 1 
v 39.0225 8.95983 -298.3 1 1 1 1 
v 38.6225 8.95983 -298.3 1 1 1 1 

vn -1 0 0 
vn -1 0 0 
vn -1 0 0 
vn -1 0 0 
vn 0 -1 0 
vn 0 -1 0 
vn 0 -1 0 
vn 0 -1 0 
vn 0 0 1 
vn 0 0 1 
vn 0 0 1 
vn 0 0 1 
vn 1 0 0 
vn 1 0 0 
vn 1 0 0 
vn 1 0 0 
vn 0 1 0 
vn 0 1 0 
vn 0 1 0 
vn 0 1 0 
vn 0 0 -1 
vn 0 0 -1 
vn 0 0 -1 
vn 0 0 -1 

vt -0.0118738 1.05135 
vt -0.0868739 1.05135 
vt -0.0118738 0.501349 
vt -0.0868739 0.501349 
vt -0.0368739 1.05135 
vt -0.0868739 1.05135 
vt -0.0368739 0.976349 
vt -0.0868739 0.976349 
vt -0.0368739 1.05135 
vt -0.0868739 1.05135 
vt -0.0368739 0.501349 
vt -0.0868739 0.501349 
vt -0.0118738 1.05135 
vt -0.0868739 1.05135 
vt -0.0118738 0.501349 
vt -0.0868739 0.501349 
vt -0.0368739 1.05135 
vt -0.0868739 1.05135 
vt -0.0368739 0.976349 
vt -0.0868739 0.976349 
vt -0.0368739 1.05135 
vt -0.0868739 1.05135 
vt -0.0368739 0.501349 
vt -0.0868739 0.501349 

usemtl Part181Mtl

f 4669/4669/4669 4670/4670/4670 4671/4671/4671 
f 4671/4671/4671 4670/4670/4670 4672/4672/4672 
f 4673/4673/4673 4674/4674/4674 4675/4675/4675 
f 4675/4675/4675 4674/4674/4674 4676/4676/4676 
f 4677/4677/4677 4678/4678/4678 4679/4679/4679 
f 4679/4679/4679 4678/4678/4678 4680/4680/4680 
f 4681/4681/4681 4682/4682/4682 4683/4683/4683 
f 4683/4683/4683 4682/4682/4682 4684/4684/4684 
f 4685/4685/4685 4686/4686/4686 4687/4687/4687 
f 4687/4687/4687 4686/4686/4686 4688/4688/4688 
f 4689/4689/4689 4690/4690/4690 4691/4691/4691 
f 4691/4691/4691 4690/4690/4690 4692/4692/4692 

g Part267

v 35.622 8.55984 -298.3 1 1 1 1 
v 35.622 8.55984 -297.7 1 1 1 1 
v 35.622 8.95984 -298.3 1 1 1 1 
v 35.622 8.95984 -297.7 1 1 1 1 
v 39.022 8.55984 -297.7 1 1 1 1 
v 35.622 8.55984 -297.7 1 1 1 1 
v 39.022 8.55984 -298.3 1 1 1 1 
v 35.622 8.55984 -298.3 1 1 1 1 
v 35.622 8.55984 -297.7 1 1 1 1 
v 39.022 8.55984 -297.7 1 1 1 1 
v 35.622 8.95984 -297.7 1 1 1 1 
v 39.022 8.95984 -297.7 1 1 1 1 
v 39.022 8.55984 -297.7 1 1 1 1 
v 39.022 8.55984 -298.3 1 1 1 1 
v 39.022 8.95984 -297.7 1 1 1 1 
v 39.022 8.95984 -298.3 1 1 1 1 
v 39.022 8.95984 -298.3 1 1 1 1 
v 35.622 8.95984 -298.3 1 1 1 1 
v 39.022 8.95984 -297.7 1 1 1 1 
v 35.622 8.95984 -297.7 1 1 1 1 
v 39.022 8.55984 -298.3 1 1 1 1 
v 35.622 8.55984 -298.3 1 1 1 1 
v 39.022 8.95984 -298.3 1 1 1 1 
v 35.622 8.95984 -298.3 1 1 1 1 

vn -1 0 0 
vn -1 0 0 
vn -1 0 0 
vn -1 0 0 
vn 0 -1 0 
vn 0 -1 0 
vn 0 -1 0 
vn 0 -1 0 
vn 0 0 1 
vn 0 0 1 
vn 0 0 1 
vn 0 0 1 
vn 1 0 0 
vn 1 0 0 
vn 1 0 0 
vn 1 0 0 
vn 0 1 0 
vn 0 1 0 
vn 0 1 0 
vn 0 1 0 
vn 0 0 -1 
vn 0 0 -1 
vn 0 0 -1 
vn 0 0 -1 

vt 0.295931 0.832209 
vt 0.220931 0.832209 
vt 0.295931 0.782209 
vt 0.220931 0.782209 
vt 0.645931 0.832209 
vt 0.220931 0.832209 
vt 0.645931 0.757209 
vt 0.220931 0.757209 
vt 0.645931 0.832209 
vt 0.220931 0.832209 
vt 0.645931 0.782209 
vt 0.220931 0.782209 
vt 0.295931 0.832209 
vt 0.220931 0.832209 
vt 0.295931 0.782209 
vt 0.220931 0.782209 
vt 0.645931 0.832209 
vt 0.220931 0.832209 
vt 0.645931 0.757209 
vt 0.220931 0.757209 
vt 0.645931 0.832209 
vt 0.220931 0.832209 
vt 0.645931 0.782209 
vt 0.220931 0.782209 

usemtl Part181Mtl

f 4693/4693/4693 4694/4694/4694 4695/4695/4695 
f 4695/4695/4695 4694/4694/4694 4696/4696/4696 
f 4697/4697/4697 4698/4698/4698 4699/4699/4699 
f 4699/4699/4699 4698/4698/4698 4700/4700/4700 
f 4701/4701/4701 4702/4702/4702 4703/4703/4703 
f 4703/4703/4703 4702/4702/4702 4704/4704/4704 
f 4705/4705/4705 4706/4706/4706 4707/4707/4707 
f 4707/4707/4707 4706/4706/4706 4708/4708/4708 
f 4709/4709/4709 4710/4710/4710 4711/4711/4711 
f 4711/4711/4711 4710/4710/4710 4712/4712/4712 
f 4713/4713/4713 4714/4714/4714 4715/4715/4715 
f 4715/4715/4715 4714/4714/4714 4716/4716/4716 

g Part268

v 35.6219 4.55996 -298.3 1 1 1 1 
v 35.6219 4.55996 -297.7 1 1 1 1 
v 35.6219 8.95997 -298.3 1 1 1 1 
v 35.6219 8.95997 -297.7 1 1 1 1 
v 36.0219 4.55996 -297.7 1 1 1 1 
v 35.6219 4.55996 -297.7 1 1 1 1 
v 36.0219 4.55996 -298.3 1 1 1 1 
v 35.6219 4.55996 -298.3 1 1 1 1 
v 35.6219 4.55996 -297.7 1 1 1 1 
v 36.0219 4.55996 -297.7 1 1 1 1 
v 35.6219 8.95997 -297.7 1 1 1 1 
v 36.0219 8.95997 -297.7 1 1 1 1 
v 36.0219 4.55996 -297.7 1 1 1 1 
v 36.0219 4.55996 -298.3 1 1 1 1 
v 36.0219 8.95997 -297.7 1 1 1 1 
v 36.0219 8.95997 -298.3 1 1 1 1 
v 36.0219 8.95997 -298.3 1 1 1 1 
v 35.6219 8.95997 -298.3 1 1 1 1 
v 36.0219 8.95997 -297.7 1 1 1 1 
v 35.6219 8.95997 -297.7 1 1 1 1 
v 36.0219 4.55996 -298.3 1 1 1 1 
v 35.6219 4.55996 -298.3 1 1 1 1 
v 36.0219 8.95997 -298.3 1 1 1 1 
v 35.6219 8.95997 -298.3 1 1 1 1 

vn -1 0 0 
vn -1 0 0 
vn -1 0 0 
vn -1 0 0 
vn 0 -1 0 
vn 0 -1 0 
vn 0 -1 0 
vn 0 -1 0 
vn 0 0 1 
vn 0 0 1 
vn 0 0 1 
vn 0 0 1 
vn 1 0 0 
vn 1 0 0 
vn 1 0 0 
vn 1 0 0 
vn 0 1 0 
vn 0 1 0 
vn 0 1 0 
vn 0 1 0 
vn 0 0 -1 
vn 0 0 -1 
vn 0 0 -1 
vn 0 0 -1 

vt -0.0280732 1.01021 
vt -0.103073 1.01021 
vt -0.0280732 0.460215 
vt -0.103073 0.460215 
vt -0.0530732 1.01021 
vt -0.103073 1.01021 
vt -0.0530732 0.935215 
vt -0.103073 0.935215 
vt -0.0530732 1.01021 
vt -0.103073 1.01021 
vt -0.0530732 0.460215 
vt -0.103073 0.460215 
vt -0.0280732 1.01021 
vt -0.103073 1.01021 
vt -0.0280732 0.460215 
vt -0.103073 0.460215 
vt -0.0530732 1.01021 
vt -0.103073 1.01021 
vt -0.0530732 0.935215 
vt -0.103073 0.935215 
vt -0.0530732 1.01021 
vt -0.103073 1.01021 
vt -0.0530732 0.460215 
vt -0.103073 0.460215 

usemtl Part181Mtl

f 4717/4717/4717 4718/4718/4718 4719/4719/4719 
f 4719/4719/4719 4718/4718/4718 4720/4720/4720 
f 4721/4721/4721 4722/4722/4722 4723/4723/4723 
f 4723/4723/4723 4722/4722/4722 4724/4724/4724 
f 4725/4725/4725 4726/4726/4726 4727/4727/4727 
f 4727/4727/4727 4726/4726/4726 4728/4728/4728 
f 4729/4729/4729 4730/4730/4730 4731/4731/4731 
f 4731/4731/4731 4730/4730/4730 4732/4732/4732 
f 4733/4733/4733 4734/4734/4734 4735/4735/4735 
f 4735/4735/4735 4734/4734/4734 4736/4736/4736 
f 4737/4737/4737 4738/4738/4738 4739/4739/4739 
f 4739/4739/4739 4738/4738/4738 4740/4740/4740 

g Part269

v 48.0229 4.56989 -298.3 1 1 1 1 
v 48.0229 4.56989 -297.7 1 1 1 1 
v 48.0229 4.76989 -298.3 1 1 1 1 
v 48.0229 4.76989 -297.7 1 1 1 1 
v 51.4229 4.56989 -297.7 1 1 1 1 
v 48.0229 4.56989 -297.7 1 1 1 1 
v 51.4229 4.56989 -298.3 1 1 1 1 
v 48.0229 4.56989 -298.3 1 1 1 1 
v 48.0229 4.56989 -297.7 1 1 1 1 
v 51.4229 4.56989 -297.7 1 1 1 1 
v 48.0229 4.76989 -297.7 1 1 1 1 
v 51.4229 4.76989 -297.7 1 1 1 1 
v 51.4229 4.56989 -297.7 1 1 1 1 
v 51.4229 4.56989 -298.3 1 1 1 1 
v 51.4229 4.76989 -297.7 1 1 1 1 
v 51.4229 4.76989 -298.3 1 1 1 1 
v 51.4229 4.76989 -298.3 1 1 1 1 
v 48.0229 4.76989 -298.3 1 1 1 1 
v 51.4229 4.76989 -297.7 1 1 1 1 
v 48.0229 4.76989 -297.7 1 1 1 1 
v 51.4229 4.56989 -298.3 1 1 1 1 
v 48.0229 4.56989 -298.3 1 1 1 1 
v 51.4229 4.76989 -298.3 1 1 1 1 
v 48.0229 4.76989 -298.3 1 1 1 1 

vn -1 0 0 
vn -1 0 0 
vn -1 0 0 
vn -1 0 0 
vn 0 -1 0 
vn 0 -1 0 
vn 0 -1 0 
vn 0 -1 0 
vn 0 0 1 
vn 0 0 1 
vn 0 0 1 
vn 0 0 1 
vn 1 0 0 
vn 1 0 0 
vn 1 0 0 
vn 1 0 0 
vn 0 1 0 
vn 0 1 0 
vn 0 1 0 
vn 0 1 0 
vn 0 0 -1 
vn 0 0 -1 
vn 0 0 -1 
vn 0 0 -1 

vt 0.111336 0.87685 
vt 0.0363363 0.87685 
vt 0.111336 0.85185 
vt 0.0363363 0.85185 
vt 0.461336 0.87685 
vt 0.0363363 0.87685 
vt 0.461336 0.80185 
vt 0.0363363 0.80185 
vt 0.461336 0.87685 
vt 0.0363363 0.87685 
vt 0.461336 0.85185 
vt 0.0363363 0.85185 
vt 0.111336 0.87685 
vt 0.0363363 0.87685 
vt 0.111336 0.85185 
vt 0.0363363 0.85185 
vt 0.461336 0.87685 
vt 0.0363363 0.87685 
vt 0.461336 0.80185 
vt 0.0363363 0.80185 
vt 0.461336 0.87685 
vt 0.0363363 0.87685 
vt 0.461336 0.85185 
vt 0.0363363 0.85185 

usemtl Part181Mtl

f 4741/4741/4741 4742/4742/4742 4743/4743/4743 
f 4743/4743/4743 4742/4742/4742 4744/4744/4744 
f 4745/4745/4745 4746/4746/4746 4747/4747/4747 
f 4747/4747/4747 4746/4746/4746 4748/4748/4748 
f 4749/4749/4749 4750/4750/4750 4751/4751/4751 
f 4751/4751/4751 4750/4750/4750 4752/4752/4752 
f 4753/4753/4753 4754/4754/4754 4755/4755/4755 
f 4755/4755/4755 4754/4754/4754 4756/4756/4756 
f 4757/4757/4757 4758/4758/4758 4759/4759/4759 
f 4759/4759/4759 4758/4758/4758 4760/4760/4760 
f 4761/4761/4761 4762/4762/4762 4763/4763/4763 
f 4763/4763/4763 4762/4762/4762 4764/4764/4764 

g Part270

v 48.4232 4.55993 -298.1 1 1 1 1 
v 48.4232 4.55993 -297.9 1 1 1 1 
v 48.4232 8.55994 -298.1 1 1 1 1 
v 48.4232 8.55994 -297.9 1 1 1 1 
v 48.6232 4.55993 -297.9 1 1 1 1 
v 48.4232 4.55993 -297.9 1 1 1 1 
v 48.6232 4.55993 -298.1 1 1 1 1 
v 48.4232 4.55993 -298.1 1 1 1 1 
v 48.4232 4.55993 -297.9 1 1 1 1 
v 48.6232 4.55993 -297.9 1 1 1 1 
v 48.4232 8.55994 -297.9 1 1 1 1 
v 48.6232 8.55994 -297.9 1 1 1 1 
v 48.6232 4.55993 -297.9 1 1 1 1 
v 48.6232 4.55993 -298.1 1 1 1 1 
v 48.6232 8.55994 -297.9 1 1 1 1 
v 48.6232 8.55994 -298.1 1 1 1 1 
v 48.6232 8.55994 -298.1 1 1 1 1 
v 48.4232 8.55994 -298.1 1 1 1 1 
v 48.6232 8.55994 -297.9 1 1 1 1 
v 48.4232 8.55994 -297.9 1 1 1 1 
v 48.6232 4.55993 -298.1 1 1 1 1 
v 48.4232 4.55993 -298.1 1 1 1 1 
v 48.6232 8.55994 -298.1 1 1 1 1 
v 48.4232 8.55994 -298.1 1 1 1 1 

vn -1 0 0 
vn -1 0 0 
vn -1 0 0 
vn -1 0 0 
vn 0 -1 0 
vn 0 -1 0 
vn 0 -1 0 
vn 0 -1 0 
vn 0 0 1 
vn 0 0 1 
vn 0 0 1 
vn 0 0 1 
vn 1 0 0 
vn 1 0 0 
vn 1 0 0 
vn 1 0 0 
vn 0 1 0 
vn 0 1 0 
vn 0 1 0 
vn 0 1 0 
vn 0 0 -1 
vn 0 0 -1 
vn 0 0 -1 
vn 0 0 -1 

vt -0.0431021 0.836336 
vt -0.0681021 0.836336 
vt -0.0431021 0.336336 
vt -0.0681021 0.336336 
vt -0.0431021 0.836336 
vt -0.0681021 0.836336 
vt -0.0431021 0.811336 
vt -0.0681021 0.811336 
vt -0.0431021 0.836336 
vt -0.0681021 0.836336 
vt -0.0431021 0.336336 
vt -0.0681021 0.336336 
vt -0.0431021 0.836336 
vt -0.0681021 0.836336 
vt -0.0431021 0.336336 
vt -0.0681021 0.336336 
vt -0.0431021 0.836336 
vt -0.0681021 0.836336 
vt -0.0431021 0.811336 
vt -0.0681021 0.811336 
vt -0.0431021 0.836336 
vt -0.0681021 0.836336 
vt -0.0431021 0.336336 
vt -0.0681021 0.336336 

usemtl Part182Mtl

f 4765/4765/4765 4766/4766/4766 4767/4767/4767 
f 4767/4767/4767 4766/4766/4766 4768/4768/4768 
f 4769/4769/4769 4770/4770/4770 4771/4771/4771 
f 4771/4771/4771 4770/4770/4770 4772/4772/4772 
f 4773/4773/4773 4774/4774/4774 4775/4775/4775 
f 4775/4775/4775 4774/4774/4774 4776/4776/4776 
f 4777/4777/4777 4778/4778/4778 4779/4779/4779 
f 4779/4779/4779 4778/4778/4778 4780/4780/4780 
f 4781/4781/4781 4782/4782/4782 4783/4783/4783 
f 4783/4783/4783 4782/4782/4782 4784/4784/4784 
f 4785/4785/4785 4786/4786/4786 4787/4787/4787 
f 4787/4787/4787 4786/4786/4786 4788/4788/4788 

g Part271

v 48.6229 8.35995 -298.1 1 1 1 1 
v 48.6229 8.35995 -297.9 1 1 1 1 
v 48.6229 8.55995 -298.1 1 1 1 1 
v 48.6229 8.55995 -297.9 1 1 1 1 
v 50.8229 8.35995 -297.9 1 1 1 1 
v 48.6229 8.35995 -297.9 1 1 1 1 
v 50.8229 8.35995 -298.1 1 1 1 1 
v 48.6229 8.35995 -298.1 1 1 1 1 
v 48.6229 8.35995 -297.9 1 1 1 1 
v 50.8229 8.35995 -297.9 1 1 1 1 
v 48.6229 8.55995 -297.9 1 1 1 1 
v 50.8229 8.55995 -297.9 1 1 1 1 
v 50.8229 8.35995 -297.9 1 1 1 1 
v 50.8229 8.35995 -298.1 1 1 1 1 
v 50.8229 8.55995 -297.9 1 1 1 1 
v 50.8229 8.55995 -298.1 1 1 1 1 
v 50.8229 8.55995 -298.1 1 1 1 1 
v 48.6229 8.55995 -298.1 1 1 1 1 
v 50.8229 8.55995 -297.9 1 1 1 1 
v 48.6229 8.55995 -297.9 1 1 1 1 
v 50.8229 8.35995 -298.1 1 1 1 1 
v 48.6229 8.35995 -298.1 1 1 1 1 
v 50.8229 8.55995 -298.1 1 1 1 1 
v 48.6229 8.55995 -298.1 1 1 1 1 

vn -1 0 0 
vn -1 0 0 
vn -1 0 0 
vn -1 0 0 
vn 0 -1 0 
vn 0 -1 0 
vn 0 -1 0 
vn 0 -1 0 
vn 0 0 1 
vn 0 0 1 
vn 0 0 1 
vn 0 0 1 
vn 1 0 0 
vn 1 0 0 
vn 1 0 0 
vn 1 0 0 
vn 0 1 0 
vn 0 1 0 
vn 0 1 0 
vn 0 1 0 
vn 0 0 -1 
vn 0 0 -1 
vn 0 0 -1 
vn 0 0 -1 

vt -0.0329989 0.987935 
vt -0.0579989 0.987935 
vt -0.0329989 0.962935 
vt -0.0579989 0.962935 
vt 0.217001 0.987935 
vt -0.0579989 0.987935 
vt 0.217001 0.962935 
vt -0.0579989 0.962935 
vt 0.217001 0.987935 
vt -0.0579989 0.987935 
vt 0.217001 0.962935 
vt -0.0579989 0.962935 
vt -0.0329989 0.987935 
vt -0.0579989 0.987935 
vt -0.0329989 0.962935 
vt -0.0579989 0.962935 
vt 0.217001 0.987935 
vt -0.0579989 0.987935 
vt 0.217001 0.962935 
vt -0.0579989 0.962935 
vt 0.217001 0.987935 
vt -0.0579989 0.987935 
vt 0.217001 0.962935 
vt -0.0579989 0.962935 

usemtl Part182Mtl

f 4789/4789/4789 4790/4790/4790 4791/4791/4791 
f 4791/4791/4791 4790/4790/4790 4792/4792/4792 
f 4793/4793/4793 4794/4794/4794 4795/4795/4795 
f 4795/4795/4795 4794/4794/4794 4796/4796/4796 
f 4797/4797/4797 4798/4798/4798 4799/4799/4799 
f 4799/4799/4799 4798/4798/4798 4800/4800/4800 
f 4801/4801/4801 4802/4802/4802 4803/4803/4803 
f 4803/4803/4803 4802/4802/4802 4804/4804/4804 
f 4805/4805/4805 4806/4806/4806 4807/4807/4807 
f 4807/4807/4807 4806/4806/4806 4808/4808/4808 
f 4809/4809/4809 4810/4810/4810 4811/4811/4811 
f 4811/4811/4811 4810/4810/4810 4812/4812/4812 

g Part272

v 50.8232 4.5599 -298.101 1 1 1 1 
v 50.8232 4.5599 -297.901 1 1 1 1 
v 50.8232 8.55991 -298.101 1 1 1 1 
v 50.8232 8.55991 -297.901 1 1 1 1 
v 51.0232 4.5599 -297.901 1 1 1 1 
v 50.8232 4.5599 -297.901 1 1 1 1 
v 51.0232 4.5599 -298.101 1 1 1 1 
v 50.8232 4.5599 -298.101 1 1 1 1 
v 50.8232 4.5599 -297.901 1 1 1 1 
v 51.0232 4.5599 -297.901 1 1 1 1 
v 50.8232 8.55991 -297.901 1 1 1 1 
v 51.0232 8.55991 -297.901 1 1 1 1 
v 51.0232 4.5599 -297.901 1 1 1 1 
v 51.0232 4.5599 -298.101 1 1 1 1 
v 51.0232 8.55991 -297.901 1 1 1 1 
v 51.0232 8.55991 -298.101 1 1 1 1 
v 51.0232 8.55991 -298.101 1 1 1 1 
v 50.8232 8.55991 -298.101 1 1 1 1 
v 51.0232 8.55991 -297.901 1 1 1 1 
v 50.8232 8.55991 -297.901 1 1 1 1 
v 51.0232 4.5599 -298.101 1 1 1 1 
v 50.8232 4.5599 -298.101 1 1 1 1 
v 51.0232 8.55991 -298.101 1 1 1 1 
v 50.8232 8.55991 -298.101 1 1 1 1 

vn -1 0 0 
vn -1 0 0 
vn -1 0 0 
vn -1 0 0 
vn 0 -1 0 
vn 0 -1 0 
vn 0 -1 0 
vn 0 -1 0 
vn 0 0 1 
vn 0 0 1 
vn 0 0 1 
vn 0 0 1 
vn 1 0 0 
vn 1 0 0 
vn 1 0 0 
vn 1 0 0 
vn 0 1 0 
vn 0 1 0 
vn 0 1 0 
vn 0 1 0 
vn 0 0 -1 
vn 0 0 -1 
vn 0 0 -1 
vn 0 0 -1 

vt -0.190407 1.24574 
vt -0.215407 1.24574 
vt -0.190407 0.745738 
vt -0.215407 0.745738 
vt -0.190407 1.24574 
vt -0.215407 1.24574 
vt -0.190407 1.22074 
vt -0.215407 1.22074 
vt -0.190407 1.24574 
vt -0.215407 1.24574 
vt -0.190407 0.745738 
vt -0.215407 0.745738 
vt -0.190407 1.24574 
vt -0.215407 1.24574 
vt -0.190407 0.745738 
vt -0.215407 0.745738 
vt -0.190407 1.24574 
vt -0.215407 1.24574 
vt -0.190407 1.22074 
vt -0.215407 1.22074 
vt -0.190407 1.24574 
vt -0.215407 1.24574 
vt -0.190407 0.745738 
vt -0.215407 0.745738 

usemtl Part182Mtl

f 4813/4813/4813 4814/4814/4814 4815/4815/4815 
f 4815/4815/4815 4814/4814/4814 4816/4816/4816 
f 4817/4817/4817 4818/4818/4818 4819/4819/4819 
f 4819/4819/4819 4818/4818/4818 4820/4820/4820 
f 4821/4821/4821 4822/4822/4822 4823/4823/4823 
f 4823/4823/4823 4822/4822/4822 4824/4824/4824 
f 4825/4825/4825 4826/4826/4826 4827/4827/4827 
f 4827/4827/4827 4826/4826/4826 4828/4828/4828 
f 4829/4829/4829 4830/4830/4830 4831/4831/4831 
f 4831/4831/4831 4830/4830/4830 4832/4832/4832 
f 4833/4833/4833 4834/4834/4834 4835/4835/4835 
f 4835/4835/4835 4834/4834/4834 4836/4836/4836 

g Part273

v 48.6229 7.35998 -298.1 1 1 1 1 
v 48.6229 7.35998 -297.9 1 1 1 1 
v 48.6229 7.55998 -298.1 1 1 1 1 
v 48.6229 7.55998 -297.9 1 1 1 1 
v 50.8229 7.35998 -297.9 1 1 1 1 
v 48.6229 7.35998 -297.9 1 1 1 1 
v 50.8229 7.35998 -298.1 1 1 1 1 
v 48.6229 7.35998 -298.1 1 1 1 1 
v 48.6229 7.35998 -297.9 1 1 1 1 
v 50.8229 7.35998 -297.9 1 1 1 1 
v 48.6229 7.55998 -297.9 1 1 1 1 
v 50.8229 7.55998 -297.9 1 1 1 1 
v 50.8229 7.35998 -297.9 1 1 1 1 
v 50.8229 7.35998 -298.1 1 1 1 1 
v 50.8229 7.55998 -297.9 1 1 1 1 
v 50.8229 7.55998 -298.1 1 1 1 1 
v 50.8229 7.55998 -298.1 1 1 1 1 
v 48.6229 7.55998 -298.1 1 1 1 1 
v 50.8229 7.55998 -297.9 1 1 1 1 
v 48.6229 7.55998 -297.9 1 1 1 1 
v 50.8229 7.35998 -298.1 1 1 1 1 
v 48.6229 7.35998 -298.1 1 1 1 1 
v 50.8229 7.55998 -298.1 1 1 1 1 
v 48.6229 7.55998 -298.1 1 1 1 1 

vn -1 0 0 
vn -1 0 0 
vn -1 0 0 
vn -1 0 0 
vn 0 -1 0 
vn 0 -1 0 
vn 0 -1 0 
vn 0 -1 0 
vn 0 0 1 
vn 0 0 1 
vn 0 0 1 
vn 0 0 1 
vn 1 0 0 
vn 1 0 0 
vn 1 0 0 
vn 1 0 0 
vn 0 1 0 
vn 0 1 0 
vn 0 1 0 
vn 0 1 0 
vn 0 0 -1 
vn 0 0 -1 
vn 0 0 -1 
vn 0 0 -1 

vt 0.124149 0.933108 
vt 0.0991494 0.933108 
vt 0.124149 0.908108 
vt 0.0991494 0.908108 
vt 0.374149 0.933108 
vt 0.0991494 0.933108 
vt 0.374149 0.908108 
vt 0.0991494 0.908108 
vt 0.374149 0.933108 
vt 0.0991494 0.933108 
vt 0.374149 0.908108 
vt 0.0991494 0.908108 
vt 0.124149 0.933108 
vt 0.0991494 0.933108 
vt 0.124149 0.908108 
vt 0.0991494 0.908108 
vt 0.374149 0.933108 
vt 0.0991494 0.933108 
vt 0.374149 0.908108 
vt 0.0991494 0.908108 
vt 0.374149 0.933108 
vt 0.0991494 0.933108 
vt 0.374149 0.908108 
vt 0.0991494 0.908108 

usemtl Part182Mtl

f 4837/4837/4837 4838/4838/4838 4839/4839/4839 
f 4839/4839/4839 4838/4838/4838 4840/4840/4840 
f 4841/4841/4841 4842/4842/4842 4843/4843/4843 
f 4843/4843/4843 4842/4842/4842 4844/4844/4844 
f 4845/4845/4845 4846/4846/4846 4847/4847/4847 
f 4847/4847/4847 4846/4846/4846 4848/4848/4848 
f 4849/4849/4849 4850/4850/4850 4851/4851/4851 
f 4851/4851/4851 4850/4850/4850 4852/4852/4852 
f 4853/4853/4853 4854/4854/4854 4855/4855/4855 
f 4855/4855/4855 4854/4854/4854 4856/4856/4856 
f 4857/4857/4857 4858/4858/4858 4859/4859/4859 
f 4859/4859/4859 4858/4858/4858 4860/4860/4860 

g Part274

v 49.6226 4.8999 -298.1 1 1 1 1 
v 49.6226 4.8999 -297.9 1 1 1 1 
v 49.6226 7.35991 -298.1 1 1 1 1 
v 49.6226 7.35991 -297.9 1 1 1 1 
v 49.8226 4.8999 -297.9 1 1 1 1 
v 49.6226 4.8999 -297.9 1 1 1 1 
v 49.8226 4.8999 -298.1 1 1 1 1 
v 49.6226 4.8999 -298.1 1 1 1 1 
v 49.6226 4.8999 -297.9 1 1 1 1 
v 49.8226 4.8999 -297.9 1 1 1 1 
v 49.6226 7.35991 -297.9 1 1 1 1 
v 49.8226 7.35991 -297.9 1 1 1 1 
v 49.8226 4.8999 -297.9 1 1 1 1 
v 49.8226 4.8999 -298.1 1 1 1 1 
v 49.8226 7.35991 -297.9 1 1 1 1 
v 49.8226 7.35991 -298.1 1 1 1 1 
v 49.8226 7.35991 -298.1 1 1 1 1 
v 49.6226 7.35991 -298.1 1 1 1 1 
v 49.8226 7.35991 -297.9 1 1 1 1 
v 49.6226 7.35991 -297.9 1 1 1 1 
v 49.8226 4.8999 -298.1 1 1 1 1 
v 49.6226 4.8999 -298.1 1 1 1 1 
v 49.8226 7.35991 -298.1 1 1 1 1 
v 49.6226 7.35991 -298.1 1 1 1 1 

vn -1 0 0 
vn -1 0 0 
vn -1 0 0 
vn -1 0 0 
vn 0 -1 0 
vn 0 -1 0 
vn 0 -1 0 
vn 0 -1 0 
vn 0 0 1 
vn 0 0 1 
vn 0 0 1 
vn 0 0 1 
vn 1 0 0 
vn 1 0 0 
vn 1 0 0 
vn 1 0 0 
vn 0 1 0 
vn 0 1 0 
vn 0 1 0 
vn 0 1 0 
vn 0 0 -1 
vn 0 0 -1 
vn 0 0 -1 
vn 0 0 -1 

vt 0.168605 0.928564 
vt 0.143605 0.928564 
vt 0.168605 0.621064 
vt 0.143605 0.621064 
vt 0.168605 0.928564 
vt 0.143605 0.928564 
vt 0.168605 0.903564 
vt 0.143605 0.903564 
vt 0.168605 0.928564 
vt 0.143605 0.928564 
vt 0.168605 0.621064 
vt 0.143605 0.621064 
vt 0.168605 0.928564 
vt 0.143605 0.928564 
vt 0.168605 0.621064 
vt 0.143605 0.621064 
vt 0.168605 0.928564 
vt 0.143605 0.928564 
vt 0.168605 0.903564 
vt 0.143605 0.903564 
vt 0.168605 0.928564 
vt 0.143605 0.928564 
vt 0.168605 0.621064 
vt 0.143605 0.621064 

usemtl Part182Mtl

f 4861/4861/4861 4862/4862/4862 4863/4863/4863 
f 4863/4863/4863 4862/4862/4862 4864/4864/4864 
f 4865/4865/4865 4866/4866/4866 4867/4867/4867 
f 4867/4867/4867 4866/4866/4866 4868/4868/4868 
f 4869/4869/4869 4870/4870/4870 4871/4871/4871 
f 4871/4871/4871 4870/4870/4870 4872/4872/4872 
f 4873/4873/4873 4874/4874/4874 4875/4875/4875 
f 4875/4875/4875 4874/4874/4874 4876/4876/4876 
f 4877/4877/4877 4878/4878/4878 4879/4879/4879 
f 4879/4879/4879 4878/4878/4878 4880/4880/4880 
f 4881/4881/4881 4882/4882/4882 4883/4883/4883 
f 4883/4883/4883 4882/4882/4882 4884/4884/4884 

g Part275

v 48.6228 4.70989 -298.1 1 1 1 1 
v 48.6228 4.70989 -297.9 1 1 1 1 
v 48.6228 4.90989 -298.1 1 1 1 1 
v 48.6228 4.90989 -297.9 1 1 1 1 
v 50.8228 4.70989 -297.9 1 1 1 1 
v 48.6228 4.70989 -297.9 1 1 1 1 
v 50.8228 4.70989 -298.1 1 1 1 1 
v 48.6228 4.70989 -298.1 1 1 1 1 
v 48.6228 4.70989 -297.9 1 1 1 1 
v 50.8228 4.70989 -297.9 1 1 1 1 
v 48.6228 4.90989 -297.9 1 1 1 1 
v 50.8228 4.90989 -297.9 1 1 1 1 
v 50.8228 4.70989 -297.9 1 1 1 1 
v 50.8228 4.70989 -298.1 1 1 1 1 
v 50.8228 4.90989 -297.9 1 1 1 1 
v 50.8228 4.90989 -298.1 1 1 1 1 
v 50.8228 4.90989 -298.1 1 1 1 1 
v 48.6228 4.90989 -298.1 1 1 1 1 
v 50.8228 4.90989 -297.9 1 1 1 1 
v 48.6228 4.90989 -297.9 1 1 1 1 
v 50.8228 4.70989 -298.1 1 1 1 1 
v 48.6228 4.70989 -298.1 1 1 1 1 
v 50.8228 4.90989 -298.1 1 1 1 1 
v 48.6228 4.90989 -298.1 1 1 1 1 

vn -1 0 0 
vn -1 0 0 
vn -1 0 0 
vn -1 0 0 
vn 0 -1 0 
vn 0 -1 0 
vn 0 -1 0 
vn 0 -1 0 
vn 0 0 1 
vn 0 0 1 
vn 0 0 1 
vn 0 0 1 
vn 1 0 0 
vn 1 0 0 
vn 1 0 0 
vn 1 0 0 
vn 0 1 0 
vn 0 1 0 
vn 0 1 0 
vn 0 1 0 
vn 0 0 -1 
vn 0 0 -1 
vn 0 0 -1 
vn 0 0 -1 

vt 0.174866 0.850134 
vt 0.149866 0.850134 
vt 0.174866 0.825134 
vt 0.149866 0.825134 
vt 0.424866 0.850134 
vt 0.149866 0.850134 
vt 0.424866 0.825134 
vt 0.149866 0.825134 
vt 0.424866 0.850134 
vt 0.149866 0.850134 
vt 0.424866 0.825134 
vt 0.149866 0.825134 
vt 0.174866 0.850134 
vt 0.149866 0.850134 
vt 0.174866 0.825134 
vt 0.149866 0.825134 
vt 0.424866 0.850134 
vt 0.149866 0.850134 
vt 0.424866 0.825134 
vt 0.149866 0.825134 
vt 0.424866 0.850134 
vt 0.149866 0.850134 
vt 0.424866 0.825134 
vt 0.149866 0.825134 

usemtl Part182Mtl

f 4885/4885/4885 4886/4886/4886 4887/4887/4887 
f 4887/4887/4887 4886/4886/4886 4888/4888/4888 
f 4889/4889/4889 4890/4890/4890 4891/4891/4891 
f 4891/4891/4891 4890/4890/4890 4892/4892/4892 
f 4893/4893/4893 4894/4894/4894 4895/4895/4895 
f 4895/4895/4895 4894/4894/4894 4896/4896/4896 
f 4897/4897/4897 4898/4898/4898 4899/4899/4899 
f 4899/4899/4899 4898/4898/4898 4900/4900/4900 
f 4901/4901/4901 4902/4902/4902 4903/4903/4903 
f 4903/4903/4903 4902/4902/4902 4904/4904/4904 
f 4905/4905/4905 4906/4906/4906 4907/4907/4907 
f 4907/4907/4907 4906/4906/4906 4908/4908/4908 

g Part276

v 48.0229 4.36992 -298.5 1 1 1 1 
v 48.0229 4.36992 -297.5 1 1 1 1 
v 48.0229 4.56992 -298.5 1 1 1 1 
v 48.0229 4.56992 -297.5 1 1 1 1 
v 51.4229 4.36992 -297.5 1 1 1 1 
v 48.0229 4.36992 -297.5 1 1 1 1 
v 51.4229 4.36992 -298.5 1 1 1 1 
v 48.0229 4.36992 -298.5 1 1 1 1 
v 48.0229 4.36992 -297.5 1 1 1 1 
v 51.4229 4.36992 -297.5 1 1 1 1 
v 48.0229 4.56992 -297.5 1 1 1 1 
v 51.4229 4.56992 -297.5 1 1 1 1 
v 51.4229 4.36992 -297.5 1 1 1 1 
v 51.4229 4.36992 -298.5 1 1 1 1 
v 51.4229 4.56992 -297.5 1 1 1 1 
v 51.4229 4.56992 -298.5 1 1 1 1 
v 51.4229 4.56992 -298.5 1 1 1 1 
v 48.0229 4.56992 -298.5 1 1 1 1 
v 51.4229 4.56992 -297.5 1 1 1 1 
v 48.0229 4.56992 -297.5 1 1 1 1 
v 51.4229 4.36992 -298.5 1 1 1 1 
v 48.0229 4.36992 -298.5 1 1 1 1 
v 51.4229 4.56992 -298.5 1 1 1 1 
v 48.0229 4.56992 -298.5 1 1 1 1 

vn -1 0 0 
vn -1 0 0 
vn -1 0 0 
vn -1 0 0 
vn 0 -1 0 
vn 0 -1 0 
vn 0 -1 0 
vn 0 -1 0 
vn 0 0 1 
vn 0 0 1 
vn 0 0 1 
vn 0 0 1 
vn 1 0 0 
vn 1 0 0 
vn 1 0 0 
vn 1 0 0 
vn 0 1 0 
vn 0 1 0 
vn 0 1 0 
vn 0 1 0 
vn 0 0 -1 
vn 0 0 -1 
vn 0 0 -1 
vn 0 0 -1 

vt -0.0467278 1.07617 
vt -0.171728 1.07617 
vt -0.0467278 1.05117 
vt -0.171728 1.05117 
vt 0.253272 1.07617 
vt -0.171728 1.07617 
vt 0.253272 0.951174 
vt -0.171728 0.951174 
vt 0.253272 1.07617 
vt -0.171728 1.07617 
vt 0.253272 1.05117 
vt -0.171728 1.05117 
vt -0.0467278 1.07617 
vt -0.171728 1.07617 
vt -0.0467278 1.05117 
vt -0.171728 1.05117 
vt 0.253272 1.07617 
vt -0.171728 1.07617 
vt 0.253272 0.951174 
vt -0.171728 0.951174 
vt 0.253272 1.07617 
vt -0.171728 1.07617 
vt 0.253272 1.05117 
vt -0.171728 1.05117 

usemtl Part181Mtl

f 4909/4909/4909 4910/4910/4910 4911/4911/4911 
f 4911/4911/4911 4910/4910/4910 4912/4912/4912 
f 4913/4913/4913 4914/4914/4914 4915/4915/4915 
f 4915/4915/4915 4914/4914/4914 4916/4916/4916 
f 4917/4917/4917 4918/4918/4918 4919/4919/4919 
f 4919/4919/4919 4918/4918/4918 4920/4920/4920 
f 4921/4921/4921 4922/4922/4922 4923/4923/4923 
f 4923/4923/4923 4922/4922/4922 4924/4924/4924 
f 4925/4925/4925 4926/4926/4926 4927/4927/4927 
f 4927/4927/4927 4926/4926/4926 4928/4928/4928 
f 4929/4929/4929 4930/4930/4930 4931/4931/4931 
f 4931/4931/4931 4930/4930/4930 4932/4932/4932 

g Part277

v 51.0226 4.55984 -298.3 1 1 1 1 
v 51.0226 4.55984 -297.7 1 1 1 1 
v 51.0226 8.95985 -298.3 1 1 1 1 
v 51.0226 8.95985 -297.7 1 1 1 1 
v 51.4226 4.55984 -297.7 1 1 1 1 
v 51.0226 4.55984 -297.7 1 1 1 1 
v 51.4226 4.55984 -298.3 1 1 1 1 
v 51.0226 4.55984 -298.3 1 1 1 1 
v 51.0226 4.55984 -297.7 1 1 1 1 
v 51.4226 4.55984 -297.7 1 1 1 1 
v 51.0226 8.95985 -297.7 1 1 1 1 
v 51.4226 8.95985 -297.7 1 1 1 1 
v 51.4226 4.55984 -297.7 1 1 1 1 
v 51.4226 4.55984 -298.3 1 1 1 1 
v 51.4226 8.95985 -297.7 1 1 1 1 
v 51.4226 8.95985 -298.3 1 1 1 1 
v 51.4226 8.95985 -298.3 1 1 1 1 
v 51.0226 8.95985 -298.3 1 1 1 1 
v 51.4226 8.95985 -297.7 1 1 1 1 
v 51.0226 8.95985 -297.7 1 1 1 1 
v 51.4226 4.55984 -298.3 1 1 1 1 
v 51.0226 4.55984 -298.3 1 1 1 1 
v 51.4226 8.95985 -298.3 1 1 1 1 
v 51.0226 8.95985 -298.3 1 1 1 1 

vn -1 0 0 
vn -1 0 0 
vn -1 0 0 
vn -1 0 0 
vn 0 -1 0 
vn 0 -1 0 
vn 0 -1 0 
vn 0 -1 0 
vn 0 0 1 
vn 0 0 1 
vn 0 0 1 
vn 0 0 1 
vn 1 0 0 
vn 1 0 0 
vn 1 0 0 
vn 1 0 0 
vn 0 1 0 
vn 0 1 0 
vn 0 1 0 
vn 0 1 0 
vn 0 0 -1 
vn 0 0 -1 
vn 0 0 -1 
vn 0 0 -1 

vt 0.0263879 0.719246 
vt -0.0486121 0.719246 
vt 0.0263879 0.169246 
vt -0.0486121 0.169246 
vt 0.00138786 0.719246 
vt -0.0486121 0.719246 
vt 0.00138786 0.644246 
vt -0.0486121 0.644246 
vt 0.00138786 0.719246 
vt -0.0486121 0.719246 
vt 0.00138786 0.169246 
vt -0.0486121 0.169246 
vt 0.0263879 0.719246 
vt -0.0486121 0.719246 
vt 0.0263879 0.169246 
vt -0.0486121 0.169246 
vt 0.00138786 0.719246 
vt -0.0486121 0.719246 
vt 0.00138786 0.644246 
vt -0.0486121 0.644246 
vt 0.00138786 0.719246 
vt -0.0486121 0.719246 
vt 0.00138786 0.169246 
vt -0.0486121 0.169246 

usemtl Part181Mtl

f 4933/4933/4933 4934/4934/4934 4935/4935/4935 
f 4935/4935/4935 4934/4934/4934 4936/4936/4936 
f 4937/4937/4937 4938/4938/4938 4939/4939/4939 
f 4939/4939/4939 4938/4938/4938 4940/4940/4940 
f 4941/4941/4941 4942/4942/4942 4943/4943/4943 
f 4943/4943/4943 4942/4942/4942 4944/4944/4944 
f 4945/4945/4945 4946/4946/4946 4947/4947/4947 
f 4947/4947/4947 4946/4946/4946 4948/4948/4948 
f 4949/4949/4949 4950/4950/4950 4951/4951/4951 
f 4951/4951/4951 4950/4950/4950 4952/4952/4952 
f 4953/4953/4953 4954/4954/4954 4955/4955/4955 
f 4955/4955/4955 4954/4954/4954 4956/4956/4956 

g Part278

v 48.0226 8.55992 -298.3 1 1 1 1 
v 48.0226 8.55992 -297.7 1 1 1 1 
v 48.0226 8.95992 -298.3 1 1 1 1 
v 48.0226 8.95992 -297.7 1 1 1 1 
v 51.4226 8.55992 -297.7 1 1 1 1 
v 48.0226 8.55992 -297.7 1 1 1 1 
v 51.4226 8.55992 -298.3 1 1 1 1 
v 48.0226 8.55992 -298.3 1 1 1 1 
v 48.0226 8.55992 -297.7 1 1 1 1 
v 51.4226 8.55992 -297.7 1 1 1 1 
v 48.0226 8.95992 -297.7 1 1 1 1 
v 51.4226 8.95992 -297.7 1 1 1 1 
v 51.4226 8.55992 -297.7 1 1 1 1 
v 51.4226 8.55992 -298.3 1 1 1 1 
v 51.4226 8.95992 -297.7 1 1 1 1 
v 51.4226 8.95992 -298.3 1 1 1 1 
v 51.4226 8.95992 -298.3 1 1 1 1 
v 48.0226 8.95992 -298.3 1 1 1 1 
v 51.4226 8.95992 -297.7 1 1 1 1 
v 48.0226 8.95992 -297.7 1 1 1 1 
v 51.4226 8.55992 -298.3 1 1 1 1 
v 48.0226 8.55992 -298.3 1 1 1 1 
v 51.4226 8.95992 -298.3 1 1 1 1 
v 48.0226 8.95992 -298.3 1 1 1 1 

vn -1 0 0 
vn -1 0 0 
vn -1 0 0 
vn -1 0 0 
vn 0 -1 0 
vn 0 -1 0 
vn 0 -1 0 
vn 0 -1 0 
vn 0 0 1 
vn 0 0 1 
vn 0 0 1 
vn 0 0 1 
vn 1 0 0 
vn 1 0 0 
vn 1 0 0 
vn 1 0 0 
vn 0 1 0 
vn 0 1 0 
vn 0 1 0 
vn 0 1 0 
vn 0 0 -1 
vn 0 0 -1 
vn 0 0 -1 
vn 0 0 -1 

vt 0.18891 0.867632 
vt 0.11391 0.867632 
vt 0.18891 0.817632 
vt 0.11391 0.817632 
vt 0.53891 0.867632 
vt 0.11391 0.867632 
vt 0.53891 0.792632 
vt 0.11391 0.792632 
vt 0.53891 0.867632 
vt 0.11391 0.867632 
vt 0.53891 0.817632 
vt 0.11391 0.817632 
vt 0.18891 0.867632 
vt 0.11391 0.867632 
vt 0.18891 0.817632 
vt 0.11391 0.817632 
vt 0.53891 0.867632 
vt 0.11391 0.867632 
vt 0.53891 0.792632 
vt 0.11391 0.792632 
vt 0.53891 0.867632 
vt 0.11391 0.867632 
vt 0.53891 0.817632 
vt 0.11391 0.817632 

usemtl Part181Mtl

f 4957/4957/4957 4958/4958/4958 4959/4959/4959 
f 4959/4959/4959 4958/4958/4958 4960/4960/4960 
f 4961/4961/4961 4962/4962/4962 4963/4963/4963 
f 4963/4963/4963 4962/4962/4962 4964/4964/4964 
f 4965/4965/4965 4966/4966/4966 4967/4967/4967 
f 4967/4967/4967 4966/4966/4966 4968/4968/4968 
f 4969/4969/4969 4970/4970/4970 4971/4971/4971 
f 4971/4971/4971 4970/4970/4970 4972/4972/4972 
f 4973/4973/4973 4974/4974/4974 4975/4975/4975 
f 4975/4975/4975 4974/4974/4974 4976/4976/4976 
f 4977/4977/4977 4978/4978/4978 4979/4979/4979 
f 4979/4979/4979 4978/4978/4978 4980/4980/4980 

g Part279

v 48.0225 4.55989 -298.301 1 1 1 1 
v 48.0225 4.55989 -297.701 1 1 1 1 
v 48.0225 8.9599 -298.301 1 1 1 1 
v 48.0225 8.9599 -297.701 1 1 1 1 
v 48.4225 4.55989 -297.701 1 1 1 1 
v 48.0225 4.55989 -297.701 1 1 1 1 
v 48.4225 4.55989 -298.301 1 1 1 1 
v 48.0225 4.55989 -298.301 1 1 1 1 
v 48.0225 4.55989 -297.701 1 1 1 1 
v 48.4225 4.55989 -297.701 1 1 1 1 
v 48.0225 8.9599 -297.701 1 1 1 1 
v 48.4225 8.9599 -297.701 1 1 1 1 
v 48.4225 4.55989 -297.701 1 1 1 1 
v 48.4225 4.55989 -298.301 1 1 1 1 
v 48.4225 8.9599 -297.701 1 1 1 1 
v 48.4225 8.9599 -298.301 1 1 1 1 
v 48.4225 8.9599 -298.301 1 1 1 1 
v 48.0225 8.9599 -298.301 1 1 1 1 
v 48.4225 8.9599 -297.701 1 1 1 1 
v 48.0225 8.9599 -297.701 1 1 1 1 
v 48.4225 4.55989 -298.301 1 1 1 1 
v 48.0225 4.55989 -298.301 1 1 1 1 
v 48.4225 8.9599 -298.301 1 1 1 1 
v 48.0225 8.9599 -298.301 1 1 1 1 

vn -1 0 0 
vn -1 0 0 
vn -1 0 0 
vn -1 0 0 
vn 0 -1 0 
vn 0 -1 0 
vn 0 -1 0 
vn 0 -1 0 
vn 0 0 1 
vn 0 0 1 
vn 0 0 1 
vn 0 0 1 
vn 1 0 0 
vn 1 0 0 
vn 1 0 0 
vn 1 0 0 
vn 0 1 0 
vn 0 1 0 
vn 0 1 0 
vn 0 1 0 
vn 0 0 -1 
vn 0 0 -1 
vn 0 0 -1 
vn 0 0 -1 

vt -0.0969252 1.05135 
vt -0.171925 1.05135 
vt -0.0969252 0.501349 
vt -0.171925 0.501349 
vt -0.121925 1.05135 
vt -0.171925 1.05135 
vt -0.121925 0.976349 
vt -0.171925 0.976349 
vt -0.121925 1.05135 
vt -0.171925 1.05135 
vt -0.121925 0.501349 
vt -0.171925 0.501349 
vt -0.0969252 1.05135 
vt -0.171925 1.05135 
vt -0.0969252 0.501349 
vt -0.171925 0.501349 
vt -0.121925 1.05135 
vt -0.171925 1.05135 
vt -0.121925 0.976349 
vt -0.171925 0.976349 
vt -0.121925 1.05135 
vt -0.171925 1.05135 
vt -0.121925 0.501349 
vt -0.171925 0.501349 

usemtl Part181Mtl

f 4981/4981/4981 4982/4982/4982 4983/4983/4983 
f 4983/4983/4983 4982/4982/4982 4984/4984/4984 
f 4985/4985/4985 4986/4986/4986 4987/4987/4987 
f 4987/4987/4987 4986/4986/4986 4988/4988/4988 
f 4989/4989/4989 4990/4990/4990 4991/4991/4991 
f 4991/4991/4991 4990/4990/4990 4992/4992/4992 
f 4993/4993/4993 4994/4994/4994 4995/4995/4995 
f 4995/4995/4995 4994/4994/4994 4996/4996/4996 
f 4997/4997/4997 4998/4998/4998 4999/4999/4999 
f 4999/4999/4999 4998/4998/4998 5000/5000/5000 
f 5001/5001/5001 5002/5002/5002 5003/5003/5003 
f 5003/5003/5003 5002/5002/5002 5004/5004/5004 

g Part280

v 41.8223 4.56985 -298.3 1 1 1 1 
v 41.8223 4.56985 -297.7 1 1 1 1 
v 41.8223 4.76985 -298.3 1 1 1 1 
v 41.8223 4.76985 -297.7 1 1 1 1 
v 45.2223 4.56985 -297.7 1 1 1 1 
v 41.8223 4.56985 -297.7 1 1 1 1 
v 45.2223 4.56985 -298.3 1 1 1 1 
v 41.8223 4.56985 -298.3 1 1 1 1 
v 41.8223 4.56985 -297.7 1 1 1 1 
v 45.2223 4.56985 -297.7 1 1 1 1 
v 41.8223 4.76985 -297.7 1 1 1 1 
v 45.2223 4.76985 -297.7 1 1 1 1 
v 45.2223 4.56985 -297.7 1 1 1 1 
v 45.2223 4.56985 -298.3 1 1 1 1 
v 45.2223 4.76985 -297.7 1 1 1 1 
v 45.2223 4.76985 -298.3 1 1 1 1 
v 45.2223 4.76985 -298.3 1 1 1 1 
v 41.8223 4.76985 -298.3 1 1 1 1 
v 45.2223 4.76985 -297.7 1 1 1 1 
v 41.8223 4.76985 -297.7 1 1 1 1 
v 45.2223 4.56985 -298.3 1 1 1 1 
v 41.8223 4.56985 -298.3 1 1 1 1 
v 45.2223 4.76985 -298.3 1 1 1 1 
v 41.8223 4.76985 -298.3 1 1 1 1 

vn -1 0 0 
vn -1 0 0 
vn -1 0 0 
vn -1 0 0 
vn 0 -1 0 
vn 0 -1 0 
vn 0 -1 0 
vn 0 -1 0 
vn 0 0 1 
vn 0 0 1 
vn 0 0 1 
vn 0 0 1 
vn 1 0 0 
vn 1 0 0 
vn 1 0 0 
vn 1 0 0 
vn 0 1 0 
vn 0 1 0 
vn 0 1 0 
vn 0 1 0 
vn 0 0 -1 
vn 0 0 -1 
vn 0 0 -1 
vn 0 0 -1 

vt 0.175898 0.891944 
vt 0.100898 0.891944 
vt 0.175898 0.866944 
vt 0.100898 0.866944 
vt 0.525898 0.891944 
vt 0.100898 0.891944 
vt 0.525898 0.816944 
vt 0.100898 0.816944 
vt 0.525898 0.891944 
vt 0.100898 0.891944 
vt 0.525898 0.866944 
vt 0.100898 0.866944 
vt 0.175898 0.891944 
vt 0.100898 0.891944 
vt 0.175898 0.866944 
vt 0.100898 0.866944 
vt 0.525898 0.891944 
vt 0.100898 0.891944 
vt 0.525898 0.816944 
vt 0.100898 0.816944 
vt 0.525898 0.891944 
vt 0.100898 0.891944 
vt 0.525898 0.866944 
vt 0.100898 0.866944 

usemtl Part181Mtl

f 5005/5005/5005 5006/5006/5006 5007/5007/5007 
f 5007/5007/5007 5006/5006/5006 5008/5008/5008 
f 5009/5009/5009 5010/5010/5010 5011/5011/5011 
f 5011/5011/5011 5010/5010/5010 5012/5012/5012 
f 5013/5013/5013 5014/5014/5014 5015/5015/5015 
f 5015/5015/5015 5014/5014/5014 5016/5016/5016 
f 5017/5017/5017 5018/5018/5018 5019/5019/5019 
f 5019/5019/5019 5018/5018/5018 5020/5020/5020 
f 5021/5021/5021 5022/5022/5022 5023/5023/5023 
f 5023/5023/5023 5022/5022/5022 5024/5024/5024 
f 5025/5025/5025 5026/5026/5026 5027/5027/5027 
f 5027/5027/5027 5026/5026/5026 5028/5028/5028 

g Part281

v 42.2224 4.55989 -298.1 1 1 1 1 
v 42.2224 4.55989 -297.9 1 1 1 1 
v 42.2224 8.5599 -298.1 1 1 1 1 
v 42.2224 8.5599 -297.9 1 1 1 1 
v 42.4224 4.55989 -297.9 1 1 1 1 
v 42.2224 4.55989 -297.9 1 1 1 1 
v 42.4224 4.55989 -298.1 1 1 1 1 
v 42.2224 4.55989 -298.1 1 1 1 1 
v 42.2224 4.55989 -297.9 1 1 1 1 
v 42.4224 4.55989 -297.9 1 1 1 1 
v 42.2224 8.5599 -297.9 1 1 1 1 
v 42.4224 8.5599 -297.9 1 1 1 1 
v 42.4224 4.55989 -297.9 1 1 1 1 
v 42.4224 4.55989 -298.1 1 1 1 1 
v 42.4224 8.5599 -297.9 1 1 1 1 
v 42.4224 8.5599 -298.1 1 1 1 1 
v 42.4224 8.5599 -298.1 1 1 1 1 
v 42.2224 8.5599 -298.1 1 1 1 1 
v 42.4224 8.5599 -297.9 1 1 1 1 
v 42.2224 8.5599 -297.9 1 1 1 1 
v 42.4224 4.55989 -298.1 1 1 1 1 
v 42.2224 4.55989 -298.1 1 1 1 1 
v 42.4224 8.5599 -298.1 1 1 1 1 
v 42.2224 8.5599 -298.1 1 1 1 1 

vn -1 0 0 
vn -1 0 0 
vn -1 0 0 
vn -1 0 0 
vn 0 -1 0 
vn 0 -1 0 
vn 0 -1 0 
vn 0 -1 0 
vn 0 0 1 
vn 0 0 1 
vn 0 0 1 
vn 0 0 1 
vn 1 0 0 
vn 1 0 0 
vn 1 0 0 
vn 1 0 0 
vn 0 1 0 
vn 0 1 0 
vn 0 1 0 
vn 0 1 0 
vn 0 0 -1 
vn 0 0 -1 
vn 0 0 -1 
vn 0 0 -1 

vt -0.0491224 0.837763 
vt -0.0741224 0.837763 
vt -0.0491224 0.337763 
vt -0.0741224 0.337763 
vt -0.0491224 0.837763 
vt -0.0741224 0.837763 
vt -0.0491224 0.812763 
vt -0.0741224 0.812763 
vt -0.0491224 0.837763 
vt -0.0741224 0.837763 
vt -0.0491224 0.337763 
vt -0.0741224 0.337763 
vt -0.0491224 0.837763 
vt -0.0741224 0.837763 
vt -0.0491224 0.337763 
vt -0.0741224 0.337763 
vt -0.0491224 0.837763 
vt -0.0741224 0.837763 
vt -0.0491224 0.812763 
vt -0.0741224 0.812763 
vt -0.0491224 0.837763 
vt -0.0741224 0.837763 
vt -0.0491224 0.337763 
vt -0.0741224 0.337763 

usemtl Part182Mtl

f 5029/5029/5029 5030/5030/5030 5031/5031/5031 
f 5031/5031/5031 5030/5030/5030 5032/5032/5032 
f 5033/5033/5033 5034/5034/5034 5035/5035/5035 
f 5035/5035/5035 5034/5034/5034 5036/5036/5036 
f 5037/5037/5037 5038/5038/5038 5039/5039/5039 
f 5039/5039/5039 5038/5038/5038 5040/5040/5040 
f 5041/5041/5041 5042/5042/5042 5043/5043/5043 
f 5043/5043/5043 5042/5042/5042 5044/5044/5044 
f 5045/5045/5045 5046/5046/5046 5047/5047/5047 
f 5047/5047/5047 5046/5046/5046 5048/5048/5048 
f 5049/5049/5049 5050/5050/5050 5051/5051/5051 
f 5051/5051/5051 5050/5050/5050 5052/5052/5052 

g Part282

v 42.4223 8.35991 -298.1 1 1 1 1 
v 42.4223 8.35991 -297.9 1 1 1 1 
v 42.4223 8.55991 -298.1 1 1 1 1 
v 42.4223 8.55991 -297.9 1 1 1 1 
v 44.6223 8.35991 -297.9 1 1 1 1 
v 42.4223 8.35991 -297.9 1 1 1 1 
v 44.6223 8.35991 -298.1 1 1 1 1 
v 42.4223 8.35991 -298.1 1 1 1 1 
v 42.4223 8.35991 -297.9 1 1 1 1 
v 44.6223 8.35991 -297.9 1 1 1 1 
v 42.4223 8.55991 -297.9 1 1 1 1 
v 44.6223 8.55991 -297.9 1 1 1 1 
v 44.6223 8.35991 -297.9 1 1 1 1 
v 44.6223 8.35991 -298.1 1 1 1 1 
v 44.6223 8.55991 -297.9 1 1 1 1 
v 44.6223 8.55991 -298.1 1 1 1 1 
v 44.6223 8.55991 -298.1 1 1 1 1 
v 42.4223 8.55991 -298.1 1 1 1 1 
v 44.6223 8.55991 -297.9 1 1 1 1 
v 42.4223 8.55991 -297.9 1 1 1 1 
v 44.6223 8.35991 -298.1 1 1 1 1 
v 42.4223 8.35991 -298.1 1 1 1 1 
v 44.6223 8.55991 -298.1 1 1 1 1 
v 42.4223 8.55991 -298.1 1 1 1 1 

vn -1 0 0 
vn -1 0 0 
vn -1 0 0 
vn -1 0 0 
vn 0 -1 0 
vn 0 -1 0 
vn 0 -1 0 
vn 0 -1 0 
vn 0 0 1 
vn 0 0 1 
vn 0 0 1 
vn 0 0 1 
vn 1 0 0 
vn 1 0 0 
vn 1 0 0 
vn 1 0 0 
vn 0 1 0 
vn 0 1 0 
vn 0 1 0 
vn 0 1 0 
vn 0 0 -1 
vn 0 0 -1 
vn 0 0 -1 
vn 0 0 -1 

vt 0.133442 0.921783 
vt 0.108442 0.921783 
vt 0.133442 0.896783 
vt 0.108442 0.896783 
vt 0.383442 0.921783 
vt 0.108442 0.921783 
vt 0.383442 0.896783 
vt 0.108442 0.896783 
vt 0.383442 0.921783 
vt 0.108442 0.921783 
vt 0.383442 0.896783 
vt 0.108442 0.896783 
vt 0.133442 0.921783 
vt 0.108442 0.921783 
vt 0.133442 0.896783 
vt 0.108442 0.896783 
vt 0.383442 0.921783 
vt 0.108442 0.921783 
vt 0.383442 0.896783 
vt 0.108442 0.896783 
vt 0.383442 0.921783 
vt 0.108442 0.921783 
vt 0.383442 0.896783 
vt 0.108442 0.896783 

usemtl Part182Mtl

f 5053/5053/5053 5054/5054/5054 5055/5055/5055 
f 5055/5055/5055 5054/5054/5054 5056/5056/5056 
f 5057/5057/5057 5058/5058/5058 5059/5059/5059 
f 5059/5059/5059 5058/5058/5058 5060/5060/5060 
f 5061/5061/5061 5062/5062/5062 5063/5063/5063 
f 5063/5063/5063 5062/5062/5062 5064/5064/5064 
f 5065/5065/5065 5066/5066/5066 5067/5067/5067 
f 5067/5067/5067 5066/5066/5066 5068/5068/5068 
f 5069/5069/5069 5070/5070/5070 5071/5071/5071 
f 5071/5071/5071 5070/5070/5070 5072/5072/5072 
f 5073/5073/5073 5074/5074/5074 5075/5075/5075 
f 5075/5075/5075 5074/5074/5074 5076/5076/5076 

g Part283

v 44.6227 4.55995 -298.1 1 1 1 1 
v 44.6227 4.55995 -297.9 1 1 1 1 
v 44.6227 8.55996 -298.1 1 1 1 1 
v 44.6227 8.55996 -297.9 1 1 1 1 
v 44.8227 4.55995 -297.9 1 1 1 1 
v 44.6227 4.55995 -297.9 1 1 1 1 
v 44.8227 4.55995 -298.1 1 1 1 1 
v 44.6227 4.55995 -298.1 1 1 1 1 
v 44.6227 4.55995 -297.9 1 1 1 1 
v 44.8227 4.55995 -297.9 1 1 1 1 
v 44.6227 8.55996 -297.9 1 1 1 1 
v 44.8227 8.55996 -297.9 1 1 1 1 
v 44.8227 4.55995 -297.9 1 1 1 1 
v 44.8227 4.55995 -298.1 1 1 1 1 
v 44.8227 8.55996 -297.9 1 1 1 1 
v 44.8227 8.55996 -298.1 1 1 1 1 
v 44.8227 8.55996 -298.1 1 1 1 1 
v 44.6227 8.55996 -298.1 1 1 1 1 
v 44.8227 8.55996 -297.9 1 1 1 1 
v 44.6227 8.55996 -297.9 1 1 1 1 
v 44.8227 4.55995 -298.1 1 1 1 1 
v 44.6227 4.55995 -298.1 1 1 1 1 
v 44.8227 8.55996 -298.1 1 1 1 1 
v 44.6227 8.55996 -298.1 1 1 1 1 

vn -1 0 0 
vn -1 0 0 
vn -1 0 0 
vn -1 0 0 
vn 0 -1 0 
vn 0 -1 0 
vn 0 -1 0 
vn 0 -1 0 
vn 0 0 1 
vn 0 0 1 
vn 0 0 1 
vn 0 0 1 
vn 1 0 0 
vn 1 0 0 
vn 1 0 0 
vn 1 0 0 
vn 0 1 0 
vn 0 1 0 
vn 0 1 0 
vn 0 1 0 
vn 0 0 -1 
vn 0 0 -1 
vn 0 0 -1 
vn 0 0 -1 

vt -0.220738 1.15757 
vt -0.245738 1.15757 
vt -0.220738 0.657569 
vt -0.245738 0.657569 
vt -0.220738 1.15757 
vt -0.245738 1.15757 
vt -0.220738 1.13257 
vt -0.245738 1.13257 
vt -0.220738 1.15757 
vt -0.245738 1.15757 
vt -0.220738 0.657569 
vt -0.245738 0.657569 
vt -0.220738 1.15757 
vt -0.245738 1.15757 
vt -0.220738 0.657569 
vt -0.245738 0.657569 
vt -0.220738 1.15757 
vt -0.245738 1.15757 
vt -0.220738 1.13257 
vt -0.245738 1.13257 
vt -0.220738 1.15757 
vt -0.245738 1.15757 
vt -0.220738 0.657569 
vt -0.245738 0.657569 

usemtl Part182Mtl

f 5077/5077/5077 5078/5078/5078 5079/5079/5079 
f 5079/5079/5079 5078/5078/5078 5080/5080/5080 
f 5081/5081/5081 5082/5082/5082 5083/5083/5083 
f 5083/5083/5083 5082/5082/5082 5084/5084/5084 
f 5085/5085/5085 5086/5086/5086 5087/5087/5087 
f 5087/5087/5087 5086/5086/5086 5088/5088/5088 
f 5089/5089/5089 5090/5090/5090 5091/5091/5091 
f 5091/5091/5091 5090/5090/5090 5092/5092/5092 
f 5093/5093/5093 5094/5094/5094 5095/5095/5095 
f 5095/5095/5095 5094/5094/5094 5096/5096/5096 
f 5097/5097/5097 5098/5098/5098 5099/5099/5099 
f 5099/5099/5099 5098/5098/5098 5100/5100/5100 

g Part284

v 42.4223 7.3599 -298.1 1 1 1 1 
v 42.4223 7.3599 -297.9 1 1 1 1 
v 42.4223 7.5599 -298.1 1 1 1 1 
v 42.4223 7.5599 -297.9 1 1 1 1 
v 44.6223 7.3599 -297.9 1 1 1 1 
v 42.4223 7.3599 -297.9 1 1 1 1 
v 44.6223 7.3599 -298.1 1 1 1 1 
v 42.4223 7.3599 -298.1 1 1 1 1 
v 42.4223 7.3599 -297.9 1 1 1 1 
v 44.6223 7.3599 -297.9 1 1 1 1 
v 42.4223 7.5599 -297.9 1 1 1 1 
v 44.6223 7.5599 -297.9 1 1 1 1 
v 44.6223 7.3599 -297.9 1 1 1 1 
v 44.6223 7.3599 -298.1 1 1 1 1 
v 44.6223 7.5599 -297.9 1 1 1 1 
v 44.6223 7.5599 -298.1 1 1 1 1 
v 44.6223 7.5599 -298.1 1 1 1 1 
v 42.4223 7.5599 -298.1 1 1 1 1 
v 44.6223 7.5599 -297.9 1 1 1 1 
v 42.4223 7.5599 -297.9 1 1 1 1 
v 44.6223 7.3599 -298.1 1 1 1 1 
v 42.4223 7.3599 -298.1 1 1 1 1 
v 44.6223 7.5599 -298.1 1 1 1 1 
v 42.4223 7.5599 -298.1 1 1 1 1 

vn -1 0 0 
vn -1 0 0 
vn -1 0 0 
vn -1 0 0 
vn 0 -1 0 
vn 0 -1 0 
vn 0 -1 0 
vn 0 -1 0 
vn 0 0 1 
vn 0 0 1 
vn 0 0 1 
vn 0 0 1 
vn 1 0 0 
vn 1 0 0 
vn 1 0 0 
vn 1 0 0 
vn 0 1 0 
vn 0 1 0 
vn 0 1 0 
vn 0 1 0 
vn 0 0 -1 
vn 0 0 -1 
vn 0 0 -1 
vn 0 0 -1 

vt 0.15555 0.983418 
vt 0.13055 0.983418 
vt 0.15555 0.958418 
vt 0.13055 0.958418 
vt 0.40555 0.983418 
vt 0.13055 0.983418 
vt 0.40555 0.958418 
vt 0.13055 0.958418 
vt 0.40555 0.983418 
vt 0.13055 0.983418 
vt 0.40555 0.958418 
vt 0.13055 0.958418 
vt 0.15555 0.983418 
vt 0.13055 0.983418 
vt 0.15555 0.958418 
vt 0.13055 0.958418 
vt 0.40555 0.983418 
vt 0.13055 0.983418 
vt 0.40555 0.958418 
vt 0.13055 0.958418 
vt 0.40555 0.983418 
vt 0.13055 0.983418 
vt 0.40555 0.958418 
vt 0.13055 0.958418 

usemtl Part182Mtl

f 5101/5101/5101 5102/5102/5102 5103/5103/5103 
f 5103/5103/5103 5102/5102/5102 5104/5104/5104 
f 5105/5105/5105 5106/5106/5106 5107/5107/5107 
f 5107/5107/5107 5106/5106/5106 5108/5108/5108 
f 5109/5109/5109 5110/5110/5110 5111/5111/5111 
f 5111/5111/5111 5110/5110/5110 5112/5112/5112 
f 5113/5113/5113 5114/5114/5114 5115/5115/5115 
f 5115/5115/5115 5114/5114/5114 5116/5116/5116 
f 5117/5117/5117 5118/5118/5118 5119/5119/5119 
f 5119/5119/5119 5118/5118/5118 5120/5120/5120 
f 5121/5121/5121 5122/5122/5122 5123/5123/5123 
f 5123/5123/5123 5122/5122/5122 5124/5124/5124 

g Part285

v 43.4226 4.89987 -298.1 1 1 1 1 
v 43.4226 4.89987 -297.9 1 1 1 1 
v 43.4226 7.35987 -298.1 1 1 1 1 
v 43.4226 7.35987 -297.9 1 1 1 1 
v 43.6226 4.89987 -297.9 1 1 1 1 
v 43.4226 4.89987 -297.9 1 1 1 1 
v 43.6226 4.89987 -298.1 1 1 1 1 
v 43.4226 4.89987 -298.1 1 1 1 1 
v 43.4226 4.89987 -297.9 1 1 1 1 
v 43.6226 4.89987 -297.9 1 1 1 1 
v 43.4226 7.35987 -297.9 1 1 1 1 
v 43.6226 7.35987 -297.9 1 1 1 1 
v 43.6226 4.89987 -297.9 1 1 1 1 
v 43.6226 4.89987 -298.1 1 1 1 1 
v 43.6226 7.35987 -297.9 1 1 1 1 
v 43.6226 7.35987 -298.1 1 1 1 1 
v 43.6226 7.35987 -298.1 1 1 1 1 
v 43.4226 7.35987 -298.1 1 1 1 1 
v 43.6226 7.35987 -297.9 1 1 1 1 
v 43.4226 7.35987 -297.9 1 1 1 1 
v 43.6226 4.89987 -298.1 1 1 1 1 
v 43.4226 4.89987 -298.1 1 1 1 1 
v 43.6226 7.35987 -298.1 1 1 1 1 
v 43.4226 7.35987 -298.1 1 1 1 1 

vn -1 0 0 
vn -1 0 0 
vn -1 0 0 
vn -1 0 0 
vn 0 -1 0 
vn 0 -1 0 
vn 0 -1 0 
vn 0 -1 0 
vn 0 0 1 
vn 0 0 1 
vn 0 0 1 
vn 0 0 1 
vn 1 0 0 
vn 1 0 0 
vn 1 0 0 
vn 1 0 0 
vn 0 1 0 
vn 0 1 0 
vn 0 1 0 
vn 0 1 0 
vn 0 0 -1 
vn 0 0 -1 
vn 0 0 -1 
vn 0 0 -1 

vt 0.151811 0.925959 
vt 0.126811 0.925959 
vt 0.151811 0.618459 
vt 0.126811 0.618459 
vt 0.151811 0.925959 
vt 0.126811 0.925959 
vt 0.151811 0.900959 
vt 0.126811 0.900959 
vt 0.151811 0.925959 
vt 0.126811 0.925959 
vt 0.151811 0.618459 
vt 0.126811 0.618459 
vt 0.151811 0.925959 
vt 0.126811 0.925959 
vt 0.151811 0.618459 
vt 0.126811 0.618459 
vt 0.151811 0.925959 
vt 0.126811 0.925959 
vt 0.151811 0.900959 
vt 0.126811 0.900959 
vt 0.151811 0.925959 
vt 0.126811 0.925959 
vt 0.151811 0.618459 
vt 0.126811 0.618459 

usemtl Part182Mtl

f 5125/5125/5125 5126/5126/5126 5127/5127/5127 
f 5127/5127/5127 5126/5126/5126 5128/5128/5128 
f 5129/5129/5129 5130/5130/5130 5131/5131/5131 
f 5131/5131/5131 5130/5130/5130 5132/5132/5132 
f 5133/5133/5133 5134/5134/5134 5135/5135/5135 
f 5135/5135/5135 5134/5134/5134 5136/5136/5136 
f 5137/5137/5137 5138/5138/5138 5139/5139/5139 
f 5139/5139/5139 5138/5138/5138 5140/5140/5140 
f 5141/5141/5141 5142/5142/5142 5143/5143/5143 
f 5143/5143/5143 5142/5142/5142 5144/5144/5144 
f 5145/5145/5145 5146/5146/5146 5147/5147/5147 
f 5147/5147/5147 5146/5146/5146 5148/5148/5148 

g Part286

v 42.4223 4.70987 -298.1 1 1 1 1 
v 42.4223 4.70987 -297.9 1 1 1 1 
v 42.4223 4.90987 -298.1 1 1 1 1 
v 42.4223 4.90987 -297.9 1 1 1 1 
v 44.6223 4.70987 -297.9 1 1 1 1 
v 42.4223 4.70987 -297.9 1 1 1 1 
v 44.6223 4.70987 -298.1 1 1 1 1 
v 42.4223 4.70987 -298.1 1 1 1 1 
v 42.4223 4.70987 -297.9 1 1 1 1 
v 44.6223 4.70987 -297.9 1 1 1 1 
v 42.4223 4.90987 -297.9 1 1 1 1 
v 44.6223 4.90987 -297.9 1 1 1 1 
v 44.6223 4.70987 -297.9 1 1 1 1 
v 44.6223 4.70987 -298.1 1 1 1 1 
v 44.6223 4.90987 -297.9 1 1 1 1 
v 44.6223 4.90987 -298.1 1 1 1 1 
v 44.6223 4.90987 -298.1 1 1 1 1 
v 42.4223 4.90987 -298.1 1 1 1 1 
v 44.6223 4.90987 -297.9 1 1 1 1 
v 42.4223 4.90987 -297.9 1 1 1 1 
v 44.6223 4.70987 -298.1 1 1 1 1 
v 42.4223 4.70987 -298.1 1 1 1 1 
v 44.6223 4.90987 -298.1 1 1 1 1 
v 42.4223 4.90987 -298.1 1 1 1 1 

vn -1 0 0 
vn -1 0 0 
vn -1 0 0 
vn -1 0 0 
vn 0 -1 0 
vn 0 -1 0 
vn 0 -1 0 
vn 0 -1 0 
vn 0 0 1 
vn 0 0 1 
vn 0 0 1 
vn 0 0 1 
vn 1 0 0 
vn 1 0 0 
vn 1 0 0 
vn 1 0 0 
vn 0 1 0 
vn 0 1 0 
vn 0 1 0 
vn 0 1 0 
vn 0 0 -1 
vn 0 0 -1 
vn 0 0 -1 
vn 0 0 -1 

vt -0.0625963 0.886885 
vt -0.0875963 0.886885 
vt -0.0625963 0.861885 
vt -0.0875963 0.861885 
vt 0.187404 0.886885 
vt -0.0875963 0.886885 
vt 0.187404 0.861885 
vt -0.0875963 0.861885 
vt 0.187404 0.886885 
vt -0.0875963 0.886885 
vt 0.187404 0.861885 
vt -0.0875963 0.861885 
vt -0.0625963 0.886885 
vt -0.0875963 0.886885 
vt -0.0625963 0.861885 
vt -0.0875963 0.861885 
vt 0.187404 0.886885 
vt -0.0875963 0.886885 
vt 0.187404 0.861885 
vt -0.0875963 0.861885 
vt 0.187404 0.886885 
vt -0.0875963 0.886885 
vt 0.187404 0.861885 
vt -0.0875963 0.861885 

usemtl Part182Mtl

f 5149/5149/5149 5150/5150/5150 5151/5151/5151 
f 5151/5151/5151 5150/5150/5150 5152/5152/5152 
f 5153/5153/5153 5154/5154/5154 5155/5155/5155 
f 5155/5155/5155 5154/5154/5154 5156/5156/5156 
f 5157/5157/5157 5158/5158/5158 5159/5159/5159 
f 5159/5159/5159 5158/5158/5158 5160/5160/5160 
f 5161/5161/5161 5162/5162/5162 5163/5163/5163 
f 5163/5163/5163 5162/5162/5162 5164/5164/5164 
f 5165/5165/5165 5166/5166/5166 5167/5167/5167 
f 5167/5167/5167 5166/5166/5166 5168/5168/5168 
f 5169/5169/5169 5170/5170/5170 5171/5171/5171 
f 5171/5171/5171 5170/5170/5170 5172/5172/5172 

g Part287

v 41.8223 4.36984 -298.5 1 1 1 1 
v 41.8223 4.36984 -297.5 1 1 1 1 
v 41.8223 4.56984 -298.5 1 1 1 1 
v 41.8223 4.56984 -297.5 1 1 1 1 
v 45.2223 4.36984 -297.5 1 1 1 1 
v 41.8223 4.36984 -297.5 1 1 1 1 
v 45.2223 4.36984 -298.5 1 1 1 1 
v 41.8223 4.36984 -298.5 1 1 1 1 
v 41.8223 4.36984 -297.5 1 1 1 1 
v 45.2223 4.36984 -297.5 1 1 1 1 
v 41.8223 4.56984 -297.5 1 1 1 1 
v 45.2223 4.56984 -297.5 1 1 1 1 
v 45.2223 4.36984 -297.5 1 1 1 1 
v 45.2223 4.36984 -298.5 1 1 1 1 
v 45.2223 4.56984 -297.5 1 1 1 1 
v 45.2223 4.56984 -298.5 1 1 1 1 
v 45.2223 4.56984 -298.5 1 1 1 1 
v 41.8223 4.56984 -298.5 1 1 1 1 
v 45.2223 4.56984 -297.5 1 1 1 1 
v 41.8223 4.56984 -297.5 1 1 1 1 
v 45.2223 4.36984 -298.5 1 1 1 1 
v 41.8223 4.36984 -298.5 1 1 1 1 
v 45.2223 4.56984 -298.5 1 1 1 1 
v 41.8223 4.56984 -298.5 1 1 1 1 

vn -1 0 0 
vn -1 0 0 
vn -1 0 0 
vn -1 0 0 
vn 0 -1 0 
vn 0 -1 0 
vn 0 -1 0 
vn 0 -1 0 
vn 0 0 1 
vn 0 0 1 
vn 0 0 1 
vn 0 0 1 
vn 1 0 0 
vn 1 0 0 
vn 1 0 0 
vn 1 0 0 
vn 0 1 0 
vn 0 1 0 
vn 0 1 0 
vn 0 1 0 
vn 0 0 -1 
vn 0 0 -1 
vn 0 0 -1 
vn 0 0 -1 

vt 0.300418 1.04141 
vt 0.175418 1.04141 
vt 0.300418 1.01641 
vt 0.175418 1.01641 
vt 0.600418 1.04141 
vt 0.175418 1.04141 
vt 0.600418 0.91641 
vt 0.175418 0.91641 
vt 0.600418 1.04141 
vt 0.175418 1.04141 
vt 0.600418 1.01641 
vt 0.175418 1.01641 
vt 0.300418 1.04141 
vt 0.175418 1.04141 
vt 0.300418 1.01641 
vt 0.175418 1.01641 
vt 0.600418 1.04141 
vt 0.175418 1.04141 
vt 0.600418 0.91641 
vt 0.175418 0.91641 
vt 0.600418 1.04141 
vt 0.175418 1.04141 
vt 0.600418 1.01641 
vt 0.175418 1.01641 

usemtl Part181Mtl

f 5173/5173/5173 5174/5174/5174 5175/5175/5175 
f 5175/5175/5175 5174/5174/5174 5176/5176/5176 
f 5177/5177/5177 5178/5178/5178 5179/5179/5179 
f 5179/5179/5179 5178/5178/5178 5180/5180/5180 
f 5181/5181/5181 5182/5182/5182 5183/5183/5183 
f 5183/5183/5183 5182/5182/5182 5184/5184/5184 
f 5185/5185/5185 5186/5186/5186 5187/5187/5187 
f 5187/5187/5187 5186/5186/5186 5188/5188/5188 
f 5189/5189/5189 5190/5190/5190 5191/5191/5191 
f 5191/5191/5191 5190/5190/5190 5192/5192/5192 
f 5193/5193/5193 5194/5194/5194 5195/5195/5195 
f 5195/5195/5195 5194/5194/5194 5196/5196/5196 

g Part288

v 44.8227 4.5599 -298.3 1 1 1 1 
v 44.8227 4.5599 -297.7 1 1 1 1 
v 44.8227 8.95991 -298.3 1 1 1 1 
v 44.8227 8.95991 -297.7 1 1 1 1 
v 45.2227 4.5599 -297.7 1 1 1 1 
v 44.8227 4.5599 -297.7 1 1 1 1 
v 45.2227 4.5599 -298.3 1 1 1 1 
v 44.8227 4.5599 -298.3 1 1 1 1 
v 44.8227 4.5599 -297.7 1 1 1 1 
v 45.2227 4.5599 -297.7 1 1 1 1 
v 44.8227 8.95991 -297.7 1 1 1 1 
v 45.2227 8.95991 -297.7 1 1 1 1 
v 45.2227 4.5599 -297.7 1 1 1 1 
v 45.2227 4.5599 -298.3 1 1 1 1 
v 45.2227 8.95991 -297.7 1 1 1 1 
v 45.2227 8.95991 -298.3 1 1 1 1 
v 45.2227 8.95991 -298.3 1 1 1 1 
v 44.8227 8.95991 -298.3 1 1 1 1 
v 45.2227 8.95991 -297.7 1 1 1 1 
v 44.8227 8.95991 -297.7 1 1 1 1 
v 45.2227 4.5599 -298.3 1 1 1 1 
v 44.8227 4.5599 -298.3 1 1 1 1 
v 45.2227 8.95991 -298.3 1 1 1 1 
v 44.8227 8.95991 -298.3 1 1 1 1 

vn -1 0 0 
vn -1 0 0 
vn -1 0 0 
vn -1 0 0 
vn 0 -1 0 
vn 0 -1 0 
vn 0 -1 0 
vn 0 -1 0 
vn 0 0 1 
vn 0 0 1 
vn 0 0 1 
vn 0 0 1 
vn 1 0 0 
vn 1 0 0 
vn 1 0 0 
vn 1 0 0 
vn 0 1 0 
vn 0 1 0 
vn 0 1 0 
vn 0 1 0 
vn 0 0 -1 
vn 0 0 -1 
vn 0 0 -1 
vn 0 0 -1 

vt 0.196682 0.860201 
vt 0.121682 0.860201 
vt 0.196682 0.310202 
vt 0.121682 0.310202 
vt 0.171682 0.860201 
vt 0.121682 0.860201 
vt 0.171682 0.785201 
vt 0.121682 0.785201 
vt 0.171682 0.860201 
vt 0.121682 0.860201 
vt 0.171682 0.310202 
vt 0.121682 0.310202 
vt 0.196682 0.860201 
vt 0.121682 0.860201 
vt 0.196682 0.310202 
vt 0.121682 0.310202 
vt 0.171682 0.860201 
vt 0.121682 0.860201 
vt 0.171682 0.785201 
vt 0.121682 0.785201 
vt 0.171682 0.860201 
vt 0.121682 0.860201 
vt 0.171682 0.310202 
vt 0.121682 0.310202 

usemtl Part181Mtl

f 5197/5197/5197 5198/5198/5198 5199/5199/5199 
f 5199/5199/5199 5198/5198/5198 5200/5200/5200 
f 5201/5201/5201 5202/5202/5202 5203/5203/5203 
f 5203/5203/5203 5202/5202/5202 5204/5204/5204 
f 5205/5205/5205 5206/5206/5206 5207/5207/5207 
f 5207/5207/5207 5206/5206/5206 5208/5208/5208 
f 5209/5209/5209 5210/5210/5210 5211/5211/5211 
f 5211/5211/5211 5210/5210/5210 5212/5212/5212 
f 5213/5213/5213 5214/5214/5214 5215/5215/5215 
f 5215/5215/5215 5214/5214/5214 5216/5216/5216 
f 5217/5217/5217 5218/5218/5218 5219/5219/5219 
f 5219/5219/5219 5218/5218/5218 5220/5220/5220 

g Part289

v 41.8223 8.55988 -298.3 1 1 1 1 
v 41.8223 8.55988 -297.7 1 1 1 1 
v 41.8223 8.95988 -298.3 1 1 1 1 
v 41.8223 8.95988 -297.7 1 1 1 1 
v 45.2224 8.55988 -297.7 1 1 1 1 
v 41.8223 8.55988 -297.7 1 1 1 1 
v 45.2224 8.55988 -298.3 1 1 1 1 
v 41.8223 8.55988 -298.3 1 1 1 1 
v 41.8223 8.55988 -297.7 1 1 1 1 
v 45.2224 8.55988 -297.7 1 1 1 1 
v 41.8223 8.95988 -297.7 1 1 1 1 
v 45.2224 8.95988 -297.7 1 1 1 1 
v 45.2224 8.55988 -297.7 1 1 1 1 
v 45.2224 8.55988 -298.3 1 1 1 1 
v 45.2224 8.95988 -297.7 1 1 1 1 
v 45.2224 8.95988 -298.3 1 1 1 1 
v 45.2224 8.95988 -298.3 1 1 1 1 
v 41.8223 8.95988 -298.3 1 1 1 1 
v 45.2224 8.95988 -297.7 1 1 1 1 
v 41.8223 8.95988 -297.7 1 1 1 1 
v 45.2224 8.55988 -298.3 1 1 1 1 
v 41.8223 8.55988 -298.3 1 1 1 1 
v 45.2224 8.95988 -298.3 1 1 1 1 
v 41.8223 8.95988 -298.3 1 1 1 1 

vn -1 0 0 
vn -1 0 0 
vn -1 0 0 
vn -1 0 0 
vn 0 -1 0 
vn 0 -1 0 
vn 0 -1 0 
vn 0 -1 0 
vn 0 0 1 
vn 0 0 1 
vn 0 0 1 
vn 0 0 1 
vn 1 0 0 
vn 1 0 0 
vn 1 0 0 
vn 1 0 0 
vn 0 1 0 
vn 0 1 0 
vn 0 1 0 
vn 0 1 0 
vn 0 0 -1 
vn 0 0 -1 
vn 0 0 -1 
vn 0 0 -1 

vt 0.103062 1.08835 
vt 0.0280621 1.08835 
vt 0.103062 1.03835 
vt 0.0280621 1.03835 
vt 0.453062 1.08835 
vt 0.0280621 1.08835 
vt 0.453062 1.01335 
vt 0.0280621 1.01335 
vt 0.453062 1.08835 
vt 0.0280621 1.08835 
vt 0.453062 1.03835 
vt 0.0280621 1.03835 
vt 0.103062 1.08835 
vt 0.0280621 1.08835 
vt 0.103062 1.03835 
vt 0.0280621 1.03835 
vt 0.453062 1.08835 
vt 0.0280621 1.08835 
vt 0.453062 1.01335 
vt 0.0280621 1.01335 
vt 0.453062 1.08835 
vt 0.0280621 1.08835 
vt 0.453062 1.03835 
vt 0.0280621 1.03835 

usemtl Part181Mtl

f 5221/5221/5221 5222/5222/5222 5223/5223/5223 
f 5223/5223/5223 5222/5222/5222 5224/5224/5224 
f 5225/5225/5225 5226/5226/5226 5227/5227/5227 
f 5227/5227/5227 5226/5226/5226 5228/5228/5228 
f 5229/5229/5229 5230/5230/5230 5231/5231/5231 
f 5231/5231/5231 5230/5230/5230 5232/5232/5232 
f 5233/5233/5233 5234/5234/5234 5235/5235/5235 
f 5235/5235/5235 5234/5234/5234 5236/5236/5236 
f 5237/5237/5237 5238/5238/5238 5239/5239/5239 
f 5239/5239/5239 5238/5238/5238 5240/5240/5240 
f 5241/5241/5241 5242/5242/5242 5243/5243/5243 
f 5243/5243/5243 5242/5242/5242 5244/5244/5244 

g Part290

v 41.8224 4.55991 -298.3 1 1 1 1 
v 41.8224 4.55991 -297.7 1 1 1 1 
v 41.8224 8.95992 -298.3 1 1 1 1 
v 41.8224 8.95992 -297.7 1 1 1 1 
v 42.2224 4.55991 -297.7 1 1 1 1 
v 41.8224 4.55991 -297.7 1 1 1 1 
v 42.2224 4.55991 -298.3 1 1 1 1 
v 41.8224 4.55991 -298.3 1 1 1 1 
v 41.8224 4.55991 -297.7 1 1 1 1 
v 42.2224 4.55991 -297.7 1 1 1 1 
v 41.8224 8.95992 -297.7 1 1 1 1 
v 42.2224 8.95992 -297.7 1 1 1 1 
v 42.2224 4.55991 -297.7 1 1 1 1 
v 42.2224 4.55991 -298.3 1 1 1 1 
v 42.2224 8.95992 -297.7 1 1 1 1 
v 42.2224 8.95992 -298.3 1 1 1 1 
v 42.2224 8.95992 -298.3 1 1 1 1 
v 41.8224 8.95992 -298.3 1 1 1 1 
v 42.2224 8.95992 -297.7 1 1 1 1 
v 41.8224 8.95992 -297.7 1 1 1 1 
v 42.2224 4.55991 -298.3 1 1 1 1 
v 41.8224 4.55991 -298.3 1 1 1 1 
v 42.2224 8.95992 -298.3 1 1 1 1 
v 41.8224 8.95992 -298.3 1 1 1 1 

vn -1 0 0 
vn -1 0 0 
vn -1 0 0 
vn -1 0 0 
vn 0 -1 0 
vn 0 -1 0 
vn 0 -1 0 
vn 0 -1 0 
vn 0 0 1 
vn 0 0 1 
vn 0 0 1 
vn 0 0 1 
vn 1 0 0 
vn 1 0 0 
vn 1 0 0 
vn 1 0 0 
vn 0 1 0 
vn 0 1 0 
vn 0 1 0 
vn 0 1 0 
vn 0 0 -1 
vn 0 0 -1 
vn 0 0 -1 
vn 0 0 -1 

vt 0.0236514 0.760567 
vt -0.0513486 0.760567 
vt 0.0236514 0.210567 
vt -0.0513486 0.210567 
vt -0.0013486 0.760567 
vt -0.0513486 0.760567 
vt -0.0013486 0.685567 
vt -0.0513486 0.685567 
vt -0.0013486 0.760567 
vt -0.0513486 0.760567 
vt -0.0013486 0.210567 
vt -0.0513486 0.210567 
vt 0.0236514 0.760567 
vt -0.0513486 0.760567 
vt 0.0236514 0.210567 
vt -0.0513486 0.210567 
vt -0.0013486 0.760567 
vt -0.0513486 0.760567 
vt -0.0013486 0.685567 
vt -0.0513486 0.685567 
vt -0.0013486 0.760567 
vt -0.0513486 0.760567 
vt -0.0013486 0.210567 
vt -0.0513486 0.210567 

usemtl Part181Mtl

f 5245/5245/5245 5246/5246/5246 5247/5247/5247 
f 5247/5247/5247 5246/5246/5246 5248/5248/5248 
f 5249/5249/5249 5250/5250/5250 5251/5251/5251 
f 5251/5251/5251 5250/5250/5250 5252/5252/5252 
f 5253/5253/5253 5254/5254/5254 5255/5255/5255 
f 5255/5255/5255 5254/5254/5254 5256/5256/5256 
f 5257/5257/5257 5258/5258/5258 5259/5259/5259 
f 5259/5259/5259 5258/5258/5258 5260/5260/5260 
f 5261/5261/5261 5262/5262/5262 5263/5263/5263 
f 5263/5263/5263 5262/5262/5262 5264/5264/5264 
f 5265/5265/5265 5266/5266/5266 5267/5267/5267 
f 5267/5267/5267 5266/5266/5266 5268/5268/5268 

g Wedge1

v 54.5605 12.4 -322.101 1 1 1 1 
v 54.5605 12.4 -322.101 1 1 1 1 
v 54.5605 11.8 -323.101 1 1 1 1 
v 54.5605 11.8 -322.101 1 1 1 1 
v 54.5605 12.4 -322.101 1 1 1 1 
v 32.5605 12.4 -322.101 1 1 1 1 
v 54.5605 11.8 -322.101 1 1 1 1 
v 32.5605 11.8 -322.101 1 1 1 1 
v 32.5605 12.4 -322.101 1 1 1 1 
v 32.5605 12.4 -322.101 1 1 1 1 
v 32.5605 11.8 -322.101 1 1 1 1 
v 32.5605 11.8 -323.101 1 1 1 1 
v 32.5605 11.8 -323.101 1 1 1 1 
v 54.5605 11.8 -323.101 1 1 1 1 
v 32.5605 11.8 -322.101 1 1 1 1 
v 54.5605 11.8 -322.101 1 1 1 1 
v 32.5605 12.4 -322.101 1 1 1 1 
v 54.5605 12.4 -322.101 1 1 1 1 
v 32.5605 11.8 -323.101 1 1 1 1 
v 54.5605 11.8 -323.101 1 1 1 1 

vn 1 0 0 
vn 1 0 0 
vn 1 0 0 
vn 1 0 0 
vn 0 0 1 
vn 0 0 1 
vn 0 0 1 
vn 0 0 1 
vn -1 0 0 
vn -1 0 0 
vn -1 0 0 
vn -1 0 0 
vn 0 -1 0 
vn 0 -1 0 
vn 0 -1 0 
vn 0 -1 0 
vn 0 0.858268 -0.511811 
vn 0 0.858268 -0.511811 
vn 0 0.858268 -0.511811 
vn 0 0.858268 -0.511811 

vt -0.379671 0.308013 
vt -0.379671 0.308013 
vt -0.254671 0.233013 
vt -0.379671 0.233013 
vt 2.37033 0.308013 
vt -0.379671 0.308013 
vt 2.37033 0.233013 
vt -0.379671 0.233013 
vt -0.254671 0.308013 
vt -0.254671 0.308013 
vt -0.254671 0.233013 
vt -0.379671 0.233013 
vt 2.37033 0.308013 
vt -0.379671 0.308013 
vt 2.37033 0.183013 
vt -0.379671 0.183013 
vt 2.37033 0.308013 
vt -0.379671 0.308013 
vt 2.37033 0.162239 
vt -0.379671 0.162239 

usemtl Wedge1Mtl

f 5269/5269/5269 5270/5270/5270 5271/5271/5271 
f 5271/5271/5271 5270/5270/5270 5272/5272/5272 
f 5273/5273/5273 5274/5274/5274 5275/5275/5275 
f 5275/5275/5275 5274/5274/5274 5276/5276/5276 
f 5277/5277/5277 5278/5278/5278 5279/5279/5279 
f 5279/5279/5279 5278/5278/5278 5280/5280/5280 
f 5281/5281/5281 5282/5282/5282 5283/5283/5283 
f 5283/5283/5283 5282/5282/5282 5284/5284/5284 
f 5285/5285/5285 5286/5286/5286 5287/5287/5287 
f 5287/5287/5287 5286/5286/5286 5288/5288/5288 

g Wedge2

v 32.5624 12.3999 -298.109 1 1 1 1 
v 32.5624 12.3999 -298.109 1 1 1 1 
v 32.5624 11.7999 -297.109 1 1 1 1 
v 32.5624 11.7999 -298.109 1 1 1 1 
v 32.5624 12.3999 -298.109 1 1 1 1 
v 54.5625 12.3999 -298.109 1 1 1 1 
v 32.5624 11.7999 -298.109 1 1 1 1 
v 54.5625 11.7999 -298.109 1 1 1 1 
v 54.5625 12.3999 -298.109 1 1 1 1 
v 54.5625 12.3999 -298.109 1 1 1 1 
v 54.5625 11.7999 -298.109 1 1 1 1 
v 54.5625 11.7999 -297.109 1 1 1 1 
v 54.5625 11.7999 -297.109 1 1 1 1 
v 32.5624 11.7999 -297.109 1 1 1 1 
v 54.5625 11.7999 -298.109 1 1 1 1 
v 32.5624 11.7999 -298.109 1 1 1 1 
v 54.5625 12.3999 -298.109 1 1 1 1 
v 32.5624 12.3999 -298.109 1 1 1 1 
v 54.5625 11.7999 -297.109 1 1 1 1 
v 32.5624 11.7999 -297.109 1 1 1 1 

vn -1 0 0 
vn -1 0 0 
vn -1 0 0 
vn -1 0 0 
vn 0 0 -1 
vn 0 0 -1 
vn 0 0 -1 
vn 0 0 -1 
vn 1 0 0 
vn 1 0 0 
vn 1 0 0 
vn 1 0 0 
vn 0 -1 0 
vn 0 -1 0 
vn 0 -1 0 
vn 0 -1 0 
vn 0 0.858268 0.511811 
vn 0 0.858268 0.511811 
vn 0 0.858268 0.511811 
vn 0 0.858268 0.511811 

vt -0.518041 1.36527 
vt -0.518041 1.36527 
vt -0.393041 1.29027 
vt -0.518041 1.29027 
vt 2.23196 1.36527 
vt -0.518041 1.36527 
vt 2.23196 1.29027 
vt -0.518041 1.29027 
vt -0.393041 1.36527 
vt -0.393041 1.36527 
vt -0.393041 1.29027 
vt -0.518041 1.29027 
vt 2.23196 1.36527 
vt -0.518041 1.36527 
vt 2.23196 1.24027 
vt -0.518041 1.24027 
vt 2.23196 1.36527 
vt -0.518041 1.36527 
vt 2.23196 1.2195 
vt -0.518041 1.2195 

usemtl Wedge1Mtl

f 5289/5289/5289 5290/5290/5290 5291/5291/5291 
f 5291/5291/5291 5290/5290/5290 5292/5292/5292 
f 5293/5293/5293 5294/5294/5294 5295/5295/5295 
f 5295/5295/5295 5294/5294/5294 5296/5296/5296 
f 5297/5297/5297 5298/5298/5298 5299/5299/5299 
f 5299/5299/5299 5298/5298/5298 5300/5300/5300 
f 5301/5301/5301 5302/5302/5302 5303/5303/5303 
f 5303/5303/5303 5302/5302/5302 5304/5304/5304 
f 5305/5305/5305 5306/5306/5306 5307/5307/5307 
f 5307/5307/5307 5306/5306/5306 5308/5308/5308 

g Part291

v 33.3102 8.99995 -322.821 1 1 1 1 
v 33.3102 8.99995 -321.701 1 1 1 1 
v 33.3102 4.19994 -322.821 1 1 1 1 
v 33.3102 4.19994 -321.701 1 1 1 1 
v 32.0402 8.99995 -321.701 1 1 1 1 
v 33.3102 8.99995 -321.701 1 1 1 1 
v 32.0402 8.99995 -322.821 1 1 1 1 
v 33.3102 8.99995 -322.821 1 1 1 1 
v 33.3102 8.99995 -321.701 1 1 1 1 
v 32.0402 8.99995 -321.701 1 1 1 1 
v 33.3102 4.19994 -321.701 1 1 1 1 
v 32.0402 4.19994 -321.701 1 1 1 1 
v 32.0402 8.99995 -321.701 1 1 1 1 
v 32.0402 8.99995 -322.821 1 1 1 1 
v 32.0402 4.19994 -321.701 1 1 1 1 
v 32.0402 4.19994 -322.821 1 1 1 1 
v 32.0402 4.19994 -322.821 1 1 1 1 
v 33.3102 4.19994 -322.821 1 1 1 1 
v 32.0402 4.19994 -321.701 1 1 1 1 
v 33.3102 4.19994 -321.701 1 1 1 1 
v 32.0402 8.99995 -322.821 1 1 1 1 
v 33.3102 8.99995 -322.821 1 1 1 1 
v 32.0402 4.19994 -322.821 1 1 1 1 
v 33.3102 4.19994 -322.821 1 1 1 1 

vn 1 0 0 
vn 1 0 0 
vn 1 0 0 
vn 1 0 0 
vn 0 1 0 
vn 0 1 0 
vn 0 1 0 
vn 0 1 0 
vn 0 0 1 
vn 0 0 1 
vn 0 0 1 
vn 0 0 1 
vn -1 0 0 
vn -1 0 0 
vn -1 0 0 
vn -1 0 0 
vn 0 -1 0 
vn 0 -1 0 
vn 0 -1 0 
vn 0 -1 0 
vn 0 0 -1 
vn 0 0 -1 
vn 0 0 -1 
vn 0 0 -1 

vt 4.14 -5.375 
vt 4 -5.375 
vt 4.14 -5.975 
vt 4 -5.975 
vt 4.15875 -5.375 
vt 4 -5.375 
vt 4.15875 -5.515 
vt 4 -5.515 
vt 4.15875 -5.375 
vt 4 -5.375 
vt 4.15875 -5.975 
vt 4 -5.975 
vt 4.14 -5.375 
vt 4 -5.375 
vt 4.14 -5.975 
vt 4 -5.975 
vt 4.15875 -5.375 
vt 4 -5.375 
vt 4.15875 -5.515 
vt 4 -5.515 
vt 4.15875 -5.375 
vt 4 -5.375 
vt 4.15875 -5.975 
vt 4 -5.975 

usemtl Part147Mtl

f 5309/5309/5309 5310/5310/5310 5311/5311/5311 
f 5311/5311/5311 5310/5310/5310 5312/5312/5312 
f 5313/5313/5313 5314/5314/5314 5315/5315/5315 
f 5315/5315/5315 5314/5314/5314 5316/5316/5316 
f 5317/5317/5317 5318/5318/5318 5319/5319/5319 
f 5319/5319/5319 5318/5318/5318 5320/5320/5320 
f 5321/5321/5321 5322/5322/5322 5323/5323/5323 
f 5323/5323/5323 5322/5322/5322 5324/5324/5324 
f 5325/5325/5325 5326/5326/5326 5327/5327/5327 
f 5327/5327/5327 5326/5326/5326 5328/5328/5328 
f 5329/5329/5329 5330/5330/5330 5331/5331/5331 
f 5331/5331/5331 5330/5330/5330 5332/5332/5332 

g Part292

v 55.1611 11.2001 -322.901 1 1 1 1 
v 55.1611 11.2001 -321.901 1 1 1 1 
v 55.1611 9.00012 -322.901 1 1 1 1 
v 55.1611 9.00012 -321.901 1 1 1 1 
v 53.7611 11.2001 -321.901 1 1 1 1 
v 55.1611 11.2001 -321.901 1 1 1 1 
v 53.7611 11.2001 -322.901 1 1 1 1 
v 55.1611 11.2001 -322.901 1 1 1 1 
v 55.1611 11.2001 -321.901 1 1 1 1 
v 53.7611 11.2001 -321.901 1 1 1 1 
v 55.1611 9.00012 -321.901 1 1 1 1 
v 53.7611 9.00012 -321.901 1 1 1 1 
v 53.7611 11.2001 -321.901 1 1 1 1 
v 53.7611 11.2001 -322.901 1 1 1 1 
v 53.7611 9.00012 -321.901 1 1 1 1 
v 53.7611 9.00012 -322.901 1 1 1 1 
v 53.7611 9.00012 -322.901 1 1 1 1 
v 55.1611 9.00012 -322.901 1 1 1 1 
v 53.7611 9.00012 -321.901 1 1 1 1 
v 55.1611 9.00012 -321.901 1 1 1 1 
v 53.7611 11.2001 -322.901 1 1 1 1 
v 55.1611 11.2001 -322.901 1 1 1 1 
v 53.7611 9.00012 -322.901 1 1 1 1 
v 55.1611 9.00012 -322.901 1 1 1 1 

vn 1 0 0 
vn 1 0 0 
vn 1 0 0 
vn 1 0 0 
vn 0 1 0 
vn 0 1 0 
vn 0 1 0 
vn 0 1 0 
vn 0 0 1 
vn 0 0 1 
vn 0 0 1 
vn 0 0 1 
vn -1 0 0 
vn -1 0 0 
vn -1 0 0 
vn -1 0 0 
vn 0 -1 0 
vn 0 -1 0 
vn 0 -1 0 
vn 0 -1 0 
vn 0 0 -1 
vn 0 0 -1 
vn 0 0 -1 
vn 0 0 -1 

vt -0.100199 1.10261 
vt -0.225199 1.10261 
vt -0.100199 0.827613 
vt -0.225199 0.827613 
vt -0.0501989 1.10261 
vt -0.225199 1.10261 
vt -0.0501989 0.977613 
vt -0.225199 0.977613 
vt -0.0501989 1.10261 
vt -0.225199 1.10261 
vt -0.0501989 0.827613 
vt -0.225199 0.827613 
vt -0.100199 1.10261 
vt -0.225199 1.10261 
vt -0.100199 0.827613 
vt -0.225199 0.827613 
vt -0.0501989 1.10261 
vt -0.225199 1.10261 
vt -0.0501989 0.977613 
vt -0.225199 0.977613 
vt -0.0501989 1.10261 
vt -0.225199 1.10261 
vt -0.0501989 0.827613 
vt -0.225199 0.827613 

usemtl Part148Mtl

f 5333/5333/5333 5334/5334/5334 5335/5335/5335 
f 5335/5335/5335 5334/5334/5334 5336/5336/5336 
f 5337/5337/5337 5338/5338/5338 5339/5339/5339 
f 5339/5339/5339 5338/5338/5338 5340/5340/5340 
f 5341/5341/5341 5342/5342/5342 5343/5343/5343 
f 5343/5343/5343 5342/5342/5342 5344/5344/5344 
f 5345/5345/5345 5346/5346/5346 5347/5347/5347 
f 5347/5347/5347 5346/5346/5346 5348/5348/5348 
f 5349/5349/5349 5350/5350/5350 5351/5351/5351 
f 5351/5351/5351 5350/5350/5350 5352/5352/5352 
f 5353/5353/5353 5354/5354/5354 5355/5355/5355 
f 5355/5355/5355 5354/5354/5354 5356/5356/5356 

g Part293

v 54.7615 11.8 -317.25 1 1 1 1 
v 54.7615 11.8 -313.3 1 1 1 1 
v 54.7615 7.99995 -317.25 1 1 1 1 
v 54.7615 7.99995 -313.3 1 1 1 1 
v 54.1615 11.8 -313.3 1 1 1 1 
v 54.7615 11.8 -313.3 1 1 1 1 
v 54.1615 11.8 -317.25 1 1 1 1 
v 54.7615 11.8 -317.25 1 1 1 1 
v 54.7615 11.8 -313.3 1 1 1 1 
v 54.1615 11.8 -313.3 1 1 1 1 
v 54.7615 7.99995 -313.3 1 1 1 1 
v 54.1615 7.99995 -313.3 1 1 1 1 
v 54.1615 11.8 -313.3 1 1 1 1 
v 54.1615 11.8 -317.25 1 1 1 1 
v 54.1615 7.99995 -313.3 1 1 1 1 
v 54.1615 7.99995 -317.25 1 1 1 1 
v 54.1615 7.99995 -317.25 1 1 1 1 
v 54.7615 7.99995 -317.25 1 1 1 1 
v 54.1615 7.99995 -313.3 1 1 1 1 
v 54.7615 7.99995 -313.3 1 1 1 1 
v 54.1615 11.8 -317.25 1 1 1 1 
v 54.7615 11.8 -317.25 1 1 1 1 
v 54.1615 7.99995 -317.25 1 1 1 1 
v 54.7615 7.99995 -317.25 1 1 1 1 

vn 1 0 0 
vn 1 0 0 
vn 1 0 0 
vn 1 0 0 
vn 0 1 0 
vn 0 1 0 
vn 0 1 0 
vn 0 1 0 
vn 0 0 1 
vn 0 0 1 
vn 0 0 1 
vn 0 0 1 
vn -1 0 0 
vn -1 0 0 
vn -1 0 0 
vn -1 0 0 
vn 0 -1 0 
vn 0 -1 0 
vn 0 -1 0 
vn 0 -1 0 
vn 0 0 -1 
vn 0 0 -1 
vn 0 0 -1 
vn 0 0 -1 

vt 3.36875 -6 
vt 2.875 -6 
vt 3.36875 -6.475 
vt 2.875 -6.475 
vt 2.95 -6 
vt 2.875 -6 
vt 2.95 -6.49375 
vt 2.875 -6.49375 
vt 2.95 -6 
vt 2.875 -6 
vt 2.95 -6.475 
vt 2.875 -6.475 
vt 3.36875 -6 
vt 2.875 -6 
vt 3.36875 -6.475 
vt 2.875 -6.475 
vt 2.95 -6 
vt 2.875 -6 
vt 2.95 -6.49375 
vt 2.875 -6.49375 
vt 2.95 -6 
vt 2.875 -6 
vt 2.95 -6.475 
vt 2.875 -6.475 

usemtl Part293Mtl

f 5357/5357/5357 5358/5358/5358 5359/5359/5359 
f 5359/5359/5359 5358/5358/5358 5360/5360/5360 
f 5361/5361/5361 5362/5362/5362 5363/5363/5363 
f 5363/5363/5363 5362/5362/5362 5364/5364/5364 
f 5365/5365/5365 5366/5366/5366 5367/5367/5367 
f 5367/5367/5367 5366/5366/5366 5368/5368/5368 
f 5369/5369/5369 5370/5370/5370 5371/5371/5371 
f 5371/5371/5371 5370/5370/5370 5372/5372/5372 
f 5373/5373/5373 5374/5374/5374 5375/5375/5375 
f 5375/5375/5375 5374/5374/5374 5376/5376/5376 
f 5377/5377/5377 5378/5378/5378 5379/5379/5379 
f 5379/5379/5379 5378/5378/5378 5380/5380/5380 

g Part294

v 55.161 4.20014 -322.901 1 1 1 1 
v 55.161 4.20014 -321.901 1 1 1 1 
v 55.161 2.00013 -322.901 1 1 1 1 
v 55.161 2.00013 -321.901 1 1 1 1 
v 53.761 4.20014 -321.901 1 1 1 1 
v 55.161 4.20014 -321.901 1 1 1 1 
v 53.761 4.20014 -322.901 1 1 1 1 
v 55.161 4.20014 -322.901 1 1 1 1 
v 55.161 4.20014 -321.901 1 1 1 1 
v 53.761 4.20014 -321.901 1 1 1 1 
v 55.161 2.00013 -321.901 1 1 1 1 
v 53.761 2.00013 -321.901 1 1 1 1 
v 53.761 4.20014 -321.901 1 1 1 1 
v 53.761 4.20014 -322.901 1 1 1 1 
v 53.761 2.00013 -321.901 1 1 1 1 
v 53.761 2.00013 -322.901 1 1 1 1 
v 53.761 2.00013 -322.901 1 1 1 1 
v 55.161 2.00013 -322.901 1 1 1 1 
v 53.761 2.00013 -321.901 1 1 1 1 
v 55.161 2.00013 -321.901 1 1 1 1 
v 53.761 4.20014 -322.901 1 1 1 1 
v 55.161 4.20014 -322.901 1 1 1 1 
v 53.761 2.00013 -322.901 1 1 1 1 
v 55.161 2.00013 -322.901 1 1 1 1 

vn 1 0 0 
vn 1 0 0 
vn 1 0 0 
vn 1 0 0 
vn 0 1 0 
vn 0 1 0 
vn 0 1 0 
vn 0 1 0 
vn 0 0 1 
vn 0 0 1 
vn 0 0 1 
vn 0 0 1 
vn -1 0 0 
vn -1 0 0 
vn -1 0 0 
vn -1 0 0 
vn 0 -1 0 
vn 0 -1 0 
vn 0 -1 0 
vn 0 -1 0 
vn 0 0 -1 
vn 0 0 -1 
vn 0 0 -1 
vn 0 0 -1 

vt -0.0431236 0.769027 
vt -0.168124 0.769027 
vt -0.0431236 0.494027 
vt -0.168124 0.494027 
vt 0.00687614 0.769027 
vt -0.168124 0.769027 
vt 0.00687614 0.644027 
vt -0.168124 0.644027 
vt 0.00687614 0.769027 
vt -0.168124 0.769027 
vt 0.00687614 0.494027 
vt -0.168124 0.494027 
vt -0.0431236 0.769027 
vt -0.168124 0.769027 
vt -0.0431236 0.494027 
vt -0.168124 0.494027 
vt 0.00687614 0.769027 
vt -0.168124 0.769027 
vt 0.00687614 0.644027 
vt -0.168124 0.644027 
vt 0.00687614 0.769027 
vt -0.168124 0.769027 
vt 0.00687614 0.494027 
vt -0.168124 0.494027 

usemtl Part148Mtl

f 5381/5381/5381 5382/5382/5382 5383/5383/5383 
f 5383/5383/5383 5382/5382/5382 5384/5384/5384 
f 5385/5385/5385 5386/5386/5386 5387/5387/5387 
f 5387/5387/5387 5386/5386/5386 5388/5388/5388 
f 5389/5389/5389 5390/5390/5390 5391/5391/5391 
f 5391/5391/5391 5390/5390/5390 5392/5392/5392 
f 5393/5393/5393 5394/5394/5394 5395/5395/5395 
f 5395/5395/5395 5394/5394/5394 5396/5396/5396 
f 5397/5397/5397 5398/5398/5398 5399/5399/5399 
f 5399/5399/5399 5398/5398/5398 5400/5400/5400 
f 5401/5401/5401 5402/5402/5402 5403/5403/5403 
f 5403/5403/5403 5402/5402/5402 5404/5404/5404 

g Part295

v 57.7616 4.40004 -305.1 1 1 1 1 
v 57.7616 4.40004 -304.3 1 1 1 1 
v 57.7616 2.00003 -305.1 1 1 1 1 
v 57.7616 2.00003 -304.3 1 1 1 1 
v 54.5616 4.40004 -304.3 1 1 1 1 
v 57.7616 4.40004 -304.3 1 1 1 1 
v 54.5616 4.40004 -305.1 1 1 1 1 
v 57.7616 4.40004 -305.1 1 1 1 1 
v 57.7616 4.40004 -304.3 1 1 1 1 
v 54.5616 4.40004 -304.3 1 1 1 1 
v 57.7616 2.00003 -304.3 1 1 1 1 
v 54.5616 2.00003 -304.3 1 1 1 1 
v 54.5616 4.40004 -304.3 1 1 1 1 
v 54.5616 4.40004 -305.1 1 1 1 1 
v 54.5616 2.00003 -304.3 1 1 1 1 
v 54.5616 2.00003 -305.1 1 1 1 1 
v 54.5616 2.00003 -305.1 1 1 1 1 
v 57.7616 2.00003 -305.1 1 1 1 1 
v 54.5616 2.00003 -304.3 1 1 1 1 
v 57.7616 2.00003 -304.3 1 1 1 1 
v 54.5616 4.40004 -305.1 1 1 1 1 
v 57.7616 4.40004 -305.1 1 1 1 1 
v 54.5616 2.00003 -305.1 1 1 1 1 
v 57.7616 2.00003 -305.1 1 1 1 1 

vn 1 0 0 
vn 1 0 0 
vn 1 0 0 
vn 1 0 0 
vn 0 1 0 
vn 0 1 0 
vn 0 1 0 
vn 0 1 0 
vn 0 0 1 
vn 0 0 1 
vn 0 0 1 
vn 0 0 1 
vn -1 0 0 
vn -1 0 0 
vn -1 0 0 
vn -1 0 0 
vn 0 -1 0 
vn 0 -1 0 
vn 0 -1 0 
vn 0 -1 0 
vn 0 0 -1 
vn 0 0 -1 
vn 0 0 -1 
vn 0 0 -1 

vt -0.21332 1.23391 
vt -0.31332 1.23391 
vt -0.21332 0.933911 
vt -0.31332 0.933911 
vt 0.0866799 1.23391 
vt -0.31332 1.23391 
vt 0.0866799 1.13391 
vt -0.31332 1.13391 
vt 0.0866799 1.23391 
vt -0.31332 1.23391 
vt 0.0866799 0.933911 
vt -0.31332 0.933911 
vt -0.21332 1.23391 
vt -0.31332 1.23391 
vt -0.21332 0.933911 
vt -0.31332 0.933911 
vt 0.0866799 1.23391 
vt -0.31332 1.23391 
vt 0.0866799 1.13391 
vt -0.31332 1.13391 
vt 0.0866799 1.23391 
vt -0.31332 1.23391 
vt 0.0866799 0.933911 
vt -0.31332 0.933911 

usemtl Part116Mtl

f 5405/5405/5405 5406/5406/5406 5407/5407/5407 
f 5407/5407/5407 5406/5406/5406 5408/5408/5408 
f 5409/5409/5409 5410/5410/5410 5411/5411/5411 
f 5411/5411/5411 5410/5410/5410 5412/5412/5412 
f 5413/5413/5413 5414/5414/5414 5415/5415/5415 
f 5415/5415/5415 5414/5414/5414 5416/5416/5416 
f 5417/5417/5417 5418/5418/5418 5419/5419/5419 
f 5419/5419/5419 5418/5418/5418 5420/5420/5420 
f 5421/5421/5421 5422/5422/5422 5423/5423/5423 
f 5423/5423/5423 5422/5422/5422 5424/5424/5424 
f 5425/5425/5425 5426/5426/5426 5427/5427/5427 
f 5427/5427/5427 5426/5426/5426 5428/5428/5428 

g Part296

v 54.5616 4.40004 -305.105 1 1 1 1 
v 57.7616 4.40004 -305.105 1 1 1 1 
v 54.5616 2.00003 -305.105 1 1 1 1 
v 57.7616 2.00003 -305.105 1 1 1 1 

vn 0 0 -1 
vn 0 0 -1 
vn 0 0 -1 
vn 0 0 -1 

vt 0.64 1 
vt 0 1 
vt 0.64 0.76 
vt 0 0.76 

usemtl Part117Mtl

f 5429/5429/5429 5430/5430/5430 5431/5431/5431 
f 5431/5431/5431 5430/5430/5430 5432/5432/5432 

g Part297

v 54.5566 4.40004 -304.3 1 1 1 1 
v 54.5566 4.40004 -305.1 1 1 1 1 
v 54.5566 2.00003 -304.3 1 1 1 1 
v 54.5566 2.00003 -305.1 1 1 1 1 

vn -1 0 0 
vn -1 0 0 
vn -1 0 0 
vn -1 0 0 

vt 0.16 1 
vt 0 1 
vt 0.16 0.76 
vt 0 0.76 

usemtl Part117Mtl

f 5433/5433/5433 5434/5434/5434 5435/5435/5435 
f 5435/5435/5435 5434/5434/5434 5436/5436/5436 

g Part298

v 57.7616 4.40004 -304.295 1 1 1 1 
v 54.5616 4.40004 -304.295 1 1 1 1 
v 57.7616 2.00003 -304.295 1 1 1 1 
v 54.5616 2.00003 -304.295 1 1 1 1 

vn 0 0 1 
vn 0 0 1 
vn 0 0 1 
vn 0 0 1 

vt 0.64 1 
vt 0 1 
vt 0.64 0.76 
vt 0 0.76 

usemtl Part117Mtl

f 5437/5437/5437 5438/5438/5438 5439/5439/5439 
f 5439/5439/5439 5438/5438/5438 5440/5440/5440 

g Part299

v 54.5616 4.40504 -304.3 1 1 1 1 
v 57.7616 4.40504 -304.3 1 1 1 1 
v 54.5616 4.40504 -305.1 1 1 1 1 
v 57.7616 4.40504 -305.1 1 1 1 1 

vn 0 1 0 
vn 0 1 0 
vn 0 1 0 
vn 0 1 0 

vt 0.64 1 
vt 0 1 
vt 0.64 0.92 
vt 0 0.92 

usemtl Part117Mtl

f 5441/5441/5441 5442/5442/5442 5443/5443/5443 
f 5443/5443/5443 5442/5442/5442 5444/5444/5444 

g Wedge3

v 54.5616 12.0001 -304.3 1 1 1 1 
v 54.5616 12.0001 -304.3 1 1 1 1 
v 65.9616 10.5999 -304.3 1 1 1 1 
v 54.5616 10.6001 -304.3 1 1 1 1 
v 54.5616 12.0001 -304.3 1 1 1 1 
v 54.5614 12.0002 -322.5 1 1 1 1 
v 54.5616 10.6001 -304.3 1 1 1 1 
v 54.5614 10.6002 -322.5 1 1 1 1 
v 54.5614 12.0002 -322.5 1 1 1 1 
v 54.5614 12.0002 -322.5 1 1 1 1 
v 54.5614 10.6002 -322.5 1 1 1 1 
v 65.9614 10.6 -322.5 1 1 1 1 
v 65.9614 10.6 -322.5 1 1 1 1 
v 65.9616 10.5999 -304.3 1 1 1 1 
v 54.5614 10.6002 -322.5 1 1 1 1 
v 54.5616 10.6001 -304.3 1 1 1 1 
v 54.5614 12.0002 -322.5 1 1 1 1 
v 54.5616 12.0001 -304.3 1 1 1 1 
v 65.9614 10.6 -322.5 1 1 1 1 
v 65.9616 10.5999 -304.3 1 1 1 1 

vn 0 0 1 
vn 0 0 1 
vn 0 0 1 
vn 0 0 1 
vn -1 0 0 
vn -1 0 0 
vn -1 0 0 
vn -1 0 0 
vn 0 0 -1 
vn 0 0 -1 
vn 0 0 -1 
vn 0 0 -1 
vn 0 -1 0 
vn 0 -1 0 
vn 0 -1 0 
vn 0 -1 0 
vn 0.11811 0.992126 0 
vn 0.11811 0.992126 0 
vn 0.11811 0.992126 0 
vn 0.11811 0.992126 0 

vt 0.102629 2.2703 
vt 0.102629 2.2703 
vt 1.52763 2.0953 
vt 0.102629 2.0953 
vt 2.37763 2.2703 
vt 0.102629 2.2703 
vt 2.37763 2.0953 
vt 0.102629 2.0953 
vt 1.52763 2.2703 
vt 1.52763 2.2703 
vt 1.52763 2.0953 
vt 0.10263 2.0953 
vt 2.37763 2.2703 
vt 0.102629 2.2703 
vt 2.37763 0.845299 
vt 0.102629 0.845299 
vt 2.37763 2.2703 
vt 0.102629 2.2703 
vt 2.37763 0.834593 
vt 0.102629 0.834593 

usemtl Part116Mtl

f 5445/5445/5445 5446/5446/5446 5447/5447/5447 
f 5447/5447/5447 5446/5446/5446 5448/5448/5448 
f 5449/5449/5449 5450/5450/5450 5451/5451/5451 
f 5451/5451/5451 5450/5450/5450 5452/5452/5452 
f 5453/5453/5453 5454/5454/5454 5455/5455/5455 
f 5455/5455/5455 5454/5454/5454 5456/5456/5456 
f 5457/5457/5457 5458/5458/5458 5459/5459/5459 
f 5459/5459/5459 5458/5458/5458 5460/5460/5460 
f 5461/5461/5461 5462/5462/5462 5463/5463/5463 
f 5463/5463/5463 5462/5462/5462 5464/5464/5464 

g Wedge4

v 54.5566 12.0001 -304.3 1 1 1 1 
v 54.5564 12.0002 -322.5 1 1 1 1 
v 54.5566 10.6001 -304.3 1 1 1 1 
v 54.5564 10.6002 -322.5 1 1 1 1 

vn -1 0 0 
vn -1 0 0 
vn -1 0 0 
vn -1 0 0 

vt 3.64 1 
vt 0 1 
vt 3.64 0.86 
vt 0 0.86 

usemtl Part117Mtl

f 5465/5465/5465 5466/5466/5466 5467/5467/5467 
f 5467/5467/5467 5466/5466/5466 5468/5468/5468 

g Wedge5

v 54.5614 12.0002 -322.505 1 1 1 1 
v 54.5614 12.0002 -322.505 1 1 1 1 
v 54.5614 10.6002 -322.505 1 1 1 1 
v 65.9614 10.6 -322.505 1 1 1 1 

vn 0 0 -1 
vn 0 0 -1 
vn 0 0 -1 
vn 0 0 -1 

vt 2.28 1 
vt 2.28 1 
vt 2.28 0.86 
vt 0 0.86 

usemtl Part117Mtl

f 5469/5469/5469 5470/5470/5470 5471/5471/5471 
f 5471/5471/5471 5470/5470/5470 5472/5472/5472 

g Part300

v 61.7515 8.91995 -305.1 1 1 1 1 
v 61.7515 8.91995 -304.3 1 1 1 1 
v 61.7515 7.99995 -305.1 1 1 1 1 
v 61.7515 7.99995 -304.3 1 1 1 1 
v 57.6915 8.91995 -304.3 1 1 1 1 
v 61.7515 8.91995 -304.3 1 1 1 1 
v 57.6915 8.91995 -305.1 1 1 1 1 
v 61.7515 8.91995 -305.1 1 1 1 1 
v 61.7515 8.91995 -304.3 1 1 1 1 
v 57.6915 8.91995 -304.3 1 1 1 1 
v 61.7515 7.99995 -304.3 1 1 1 1 
v 57.6915 7.99995 -304.3 1 1 1 1 
v 57.6915 8.91995 -304.3 1 1 1 1 
v 57.6915 8.91995 -305.1 1 1 1 1 
v 57.6915 7.99995 -304.3 1 1 1 1 
v 57.6915 7.99995 -305.1 1 1 1 1 
v 57.6915 7.99995 -305.1 1 1 1 1 
v 61.7515 7.99995 -305.1 1 1 1 1 
v 57.6915 7.99995 -304.3 1 1 1 1 
v 61.7515 7.99995 -304.3 1 1 1 1 
v 57.6915 8.91995 -305.1 1 1 1 1 
v 61.7515 8.91995 -305.1 1 1 1 1 
v 57.6915 7.99995 -305.1 1 1 1 1 
v 61.7515 7.99995 -305.1 1 1 1 1 

vn 1 0 0 
vn 1 0 0 
vn 1 0 0 
vn 1 0 0 
vn 0 1 0 
vn 0 1 0 
vn 0 1 0 
vn 0 1 0 
vn 0 0 1 
vn 0 0 1 
vn 0 0 1 
vn 0 0 1 
vn -1 0 0 
vn -1 0 0 
vn -1 0 0 
vn -1 0 0 
vn 0 -1 0 
vn 0 -1 0 
vn 0 -1 0 
vn 0 -1 0 
vn 0 0 -1 
vn 0 0 -1 
vn 0 0 -1 
vn 0 0 -1 

vt 7.6 0.75 
vt 7.5 0.75 
vt 7.6 0.635 
vt 7.5 0.635 
vt 8.0075 0.75 
vt 7.5 0.75 
vt 8.0075 0.65 
vt 7.5 0.65 
vt 8.0075 0.75 
vt 7.5 0.75 
vt 8.0075 0.635 
vt 7.5 0.635 
vt 7.6 0.75 
vt 7.5 0.75 
vt 7.6 0.635 
vt 7.5 0.635 
vt 8.0075 0.75 
vt 7.5 0.75 
vt 8.0075 0.65 
vt 7.5 0.65 
vt 8.0075 0.75 
vt 7.5 0.75 
vt 8.0075 0.635 
vt 7.5 0.635 

usemtl Part113Mtl

f 5473/5473/5473 5474/5474/5474 5475/5475/5475 
f 5475/5475/5475 5474/5474/5474 5476/5476/5476 
f 5477/5477/5477 5478/5478/5478 5479/5479/5479 
f 5479/5479/5479 5478/5478/5478 5480/5480/5480 
f 5481/5481/5481 5482/5482/5482 5483/5483/5483 
f 5483/5483/5483 5482/5482/5482 5484/5484/5484 
f 5485/5485/5485 5486/5486/5486 5487/5487/5487 
f 5487/5487/5487 5486/5486/5486 5488/5488/5488 
f 5489/5489/5489 5490/5490/5490 5491/5491/5491 
f 5491/5491/5491 5490/5490/5490 5492/5492/5492 
f 5493/5493/5493 5494/5494/5494 5495/5495/5495 
f 5495/5495/5495 5494/5494/5494 5496/5496/5496 

g Part301

v 65.3765 8.92998 -318.705 1 1 1 1 
v 65.9765 8.92997 -318.705 1 1 1 1 
v 65.3765 8.72998 -318.705 1 1 1 1 
v 65.9765 8.72997 -318.705 1 1 1 1 
v 65.9766 8.92995 -310.705 1 1 1 1 
v 65.9765 8.92997 -318.705 1 1 1 1 
v 65.3766 8.92996 -310.705 1 1 1 1 
v 65.3765 8.92998 -318.705 1 1 1 1 
v 65.9765 8.92997 -318.705 1 1 1 1 
v 65.9766 8.92995 -310.705 1 1 1 1 
v 65.9765 8.72997 -318.705 1 1 1 1 
v 65.9766 8.72995 -310.705 1 1 1 1 
v 65.9766 8.92995 -310.705 1 1 1 1 
v 65.3766 8.92996 -310.705 1 1 1 1 
v 65.9766 8.72995 -310.705 1 1 1 1 
v 65.3766 8.72996 -310.705 1 1 1 1 
v 65.3766 8.72996 -310.705 1 1 1 1 
v 65.3765 8.72998 -318.705 1 1 1 1 
v 65.9766 8.72995 -310.705 1 1 1 1 
v 65.9765 8.72997 -318.705 1 1 1 1 
v 65.3766 8.92996 -310.705 1 1 1 1 
v 65.3765 8.92998 -318.705 1 1 1 1 
v 65.3766 8.72996 -310.705 1 1 1 1 
v 65.3765 8.72998 -318.705 1 1 1 1 

vn 0 0 -1 
vn 0 0 -1 
vn 0 0 -1 
vn 0 0 -1 
vn 0 1 0 
vn 0 1 0 
vn 0 1 0 
vn 0 1 0 
vn 1 0 0 
vn 1 0 0 
vn 1 0 0 
vn 1 0 0 
vn 0 0 1 
vn 0 0 1 
vn 0 0 1 
vn 0 0 1 
vn 0 -1 0 
vn 0 -1 0 
vn 0 -1 0 
vn 0 -1 0 
vn -1 0 0 
vn -1 0 0 
vn -1 0 0 
vn -1 0 0 

vt 1.7 -4.625 
vt 1.625 -4.625 
vt 1.7 -4.65 
vt 1.625 -4.65 
vt 2.625 -4.625 
vt 1.625 -4.625 
vt 2.625 -4.7 
vt 1.625 -4.7 
vt 2.625 -4.625 
vt 1.625 -4.625 
vt 2.625 -4.65 
vt 1.625 -4.65 
vt 1.7 -4.625 
vt 1.625 -4.625 
vt 1.7 -4.65 
vt 1.625 -4.65 
vt 2.625 -4.625 
vt 1.625 -4.625 
vt 2.625 -4.7 
vt 1.625 -4.7 
vt 2.625 -4.625 
vt 1.625 -4.625 
vt 2.625 -4.65 
vt 1.625 -4.65 

usemtl Part113Mtl

f 5497/5497/5497 5498/5498/5498 5499/5499/5499 
f 5499/5499/5499 5498/5498/5498 5500/5500/5500 
f 5501/5501/5501 5502/5502/5502 5503/5503/5503 
f 5503/5503/5503 5502/5502/5502 5504/5504/5504 
f 5505/5505/5505 5506/5506/5506 5507/5507/5507 
f 5507/5507/5507 5506/5506/5506 5508/5508/5508 
f 5509/5509/5509 5510/5510/5510 5511/5511/5511 
f 5511/5511/5511 5510/5510/5510 5512/5512/5512 
f 5513/5513/5513 5514/5514/5514 5515/5515/5515 
f 5515/5515/5515 5514/5514/5514 5516/5516/5516 
f 5517/5517/5517 5518/5518/5518 5519/5519/5519 
f 5519/5519/5519 5518/5518/5518 5520/5520/5520 

g Part302

v 54.4727 12.2123 -303.501 1 1 1 1 
v 54.4727 12.2123 -322.901 1 1 1 1 
v 54.4483 12.0138 -303.501 1 1 1 1 
v 54.4483 12.0138 -322.901 1 1 1 1 
v 66.9788 10.6766 -322.901 1 1 1 1 
v 54.4727 12.2123 -322.901 1 1 1 1 
v 66.9788 10.6766 -303.501 1 1 1 1 
v 54.4727 12.2123 -303.501 1 1 1 1 
v 54.4727 12.2123 -322.901 1 1 1 1 
v 66.9788 10.6766 -322.901 1 1 1 1 
v 54.4483 12.0138 -322.901 1 1 1 1 
v 66.9544 10.4781 -322.901 1 1 1 1 
v 66.9788 10.6766 -322.901 1 1 1 1 
v 66.9788 10.6766 -303.501 1 1 1 1 
v 66.9544 10.4781 -322.901 1 1 1 1 
v 66.9544 10.4781 -303.501 1 1 1 1 
v 66.9544 10.4781 -303.501 1 1 1 1 
v 54.4483 12.0138 -303.501 1 1 1 1 
v 66.9544 10.4781 -322.901 1 1 1 1 
v 54.4483 12.0138 -322.901 1 1 1 1 
v 66.9788 10.6766 -303.501 1 1 1 1 
v 54.4727 12.2123 -303.501 1 1 1 1 
v 66.9544 10.4781 -303.501 1 1 1 1 
v 54.4483 12.0138 -303.501 1 1 1 1 

vn -0.992126 0.11811 0 
vn -0.992126 0.11811 0 
vn -0.992126 0.11811 0 
vn -0.992126 0.11811 0 
vn 0.11811 0.992126 0 
vn 0.11811 0.992126 0 
vn 0.11811 0.992126 0 
vn 0.11811 0.992126 0 
vn 0 0 -1 
vn 0 0 -1 
vn 0 0 -1 
vn 0 0 -1 
vn 0.992126 -0.11811 0 
vn 0.992126 -0.11811 0 
vn 0.992126 -0.11811 0 
vn 0.992126 -0.11811 0 
vn -0.11811 -0.992126 0 
vn -0.11811 -0.992126 0 
vn -0.11811 -0.992126 0 
vn -0.11811 -0.992126 0 
vn 0 0 1 
vn 0 0 1 
vn 0 0 1 
vn 0 0 1 

vt 0.607914 0.171571 
vt -1.81709 0.171571 
vt 0.607914 0.146571 
vt -1.81709 0.146571 
vt -0.242086 0.171571 
vt -1.81709 0.171571 
vt -0.242086 -2.25343 
vt -1.81709 -2.25343 
vt -0.242086 0.171571 
vt -1.81709 0.171571 
vt -0.242086 0.146571 
vt -1.81709 0.146571 
vt 0.607914 0.171571 
vt -1.81709 0.171571 
vt 0.607914 0.146571 
vt -1.81709 0.146571 
vt -0.242086 0.171571 
vt -1.81709 0.171571 
vt -0.242086 -2.25343 
vt -1.81709 -2.25343 
vt -0.242086 0.171571 
vt -1.81709 0.171571 
vt -0.242086 0.146571 
vt -1.81709 0.146571 

usemtl Part302Mtl

f 5521/5521/5521 5522/5522/5522 5523/5523/5523 
f 5523/5523/5523 5522/5522/5522 5524/5524/5524 
f 5525/5525/5525 5526/5526/5526 5527/5527/5527 
f 5527/5527/5527 5526/5526/5526 5528/5528/5528 
f 5529/5529/5529 5530/5530/5530 5531/5531/5531 
f 5531/5531/5531 5530/5530/5530 5532/5532/5532 
f 5533/5533/5533 5534/5534/5534 5535/5535/5535 
f 5535/5535/5535 5534/5534/5534 5536/5536/5536 
f 5537/5537/5537 5538/5538/5538 5539/5539/5539 
f 5539/5539/5539 5538/5538/5538 5540/5540/5540 
f 5541/5541/5541 5542/5542/5542 5543/5543/5543 
f 5543/5543/5543 5542/5542/5542 5544/5544/5544 

g Part303

v 65.9515 8.92004 -322.501 1 1 1 1 
v 65.9515 8.92004 -321.701 1 1 1 1 
v 65.9515 4.40002 -322.501 1 1 1 1 
v 65.9515 4.40002 -321.701 1 1 1 1 
v 62.8915 8.92004 -321.701 1 1 1 1 
v 65.9515 8.92004 -321.701 1 1 1 1 
v 62.8915 8.92004 -322.501 1 1 1 1 
v 65.9515 8.92004 -322.501 1 1 1 1 
v 65.9515 8.92004 -321.701 1 1 1 1 
v 62.8915 8.92004 -321.701 1 1 1 1 
v 65.9515 4.40002 -321.701 1 1 1 1 
v 62.8915 4.40002 -321.701 1 1 1 1 
v 62.8915 8.92004 -321.701 1 1 1 1 
v 62.8915 8.92004 -322.501 1 1 1 1 
v 62.8915 4.40002 -321.701 1 1 1 1 
v 62.8915 4.40002 -322.501 1 1 1 1 
v 62.8915 4.40002 -322.501 1 1 1 1 
v 65.9515 4.40002 -322.501 1 1 1 1 
v 62.8915 4.40002 -321.701 1 1 1 1 
v 65.9515 4.40002 -321.701 1 1 1 1 
v 62.8915 8.92004 -322.501 1 1 1 1 
v 65.9515 8.92004 -322.501 1 1 1 1 
v 62.8915 4.40002 -322.501 1 1 1 1 
v 65.9515 4.40002 -322.501 1 1 1 1 

vn 1 0 0 
vn 1 0 0 
vn 1 0 0 
vn 1 0 0 
vn 0 1 0 
vn 0 1 0 
vn 0 1 0 
vn 0 1 0 
vn 0 0 1 
vn 0 0 1 
vn 0 0 1 
vn 0 0 1 
vn -1 0 0 
vn -1 0 0 
vn -1 0 0 
vn -1 0 0 
vn 0 -1 0 
vn 0 -1 0 
vn 0 -1 0 
vn 0 -1 0 
vn 0 0 -1 
vn 0 0 -1 
vn 0 0 -1 
vn 0 0 -1 

vt 0.6 -4.25 
vt 0.5 -4.25 
vt 0.6 -4.815 
vt 0.5 -4.815 
vt 0.8825 -4.25 
vt 0.5 -4.25 
vt 0.8825 -4.35 
vt 0.5 -4.35 
vt 0.8825 -4.25 
vt 0.5 -4.25 
vt 0.8825 -4.815 
vt 0.5 -4.815 
vt 0.6 -4.25 
vt 0.5 -4.25 
vt 0.6 -4.815 
vt 0.5 -4.815 
vt 0.8825 -4.25 
vt 0.5 -4.25 
vt 0.8825 -4.35 
vt 0.5 -4.35 
vt 0.8825 -4.25 
vt 0.5 -4.25 
vt 0.8825 -4.815 
vt 0.5 -4.815 

usemtl Part113Mtl

f 5545/5545/5545 5546/5546/5546 5547/5547/5547 
f 5547/5547/5547 5546/5546/5546 5548/5548/5548 
f 5549/5549/5549 5550/5550/5550 5551/5551/5551 
f 5551/5551/5551 5550/5550/5550 5552/5552/5552 
f 5553/5553/5553 5554/5554/5554 5555/5555/5555 
f 5555/5555/5555 5554/5554/5554 5556/5556/5556 
f 5557/5557/5557 5558/5558/5558 5559/5559/5559 
f 5559/5559/5559 5558/5558/5558 5560/5560/5560 
f 5561/5561/5561 5562/5562/5562 5563/5563/5563 
f 5563/5563/5563 5562/5562/5562 5564/5564/5564 
f 5565/5565/5565 5566/5566/5566 5567/5567/5567 
f 5567/5567/5567 5566/5566/5566 5568/5568/5568 

g Part304

v 65.9614 10.6 -322.501 1 1 1 1 
v 65.9614 10.6 -321.701 1 1 1 1 
v 65.9614 8.80004 -322.501 1 1 1 1 
v 65.9614 8.80004 -321.701 1 1 1 1 
v 54.5613 10.6 -321.701 1 1 1 1 
v 65.9614 10.6 -321.701 1 1 1 1 
v 54.5613 10.6 -322.501 1 1 1 1 
v 65.9614 10.6 -322.501 1 1 1 1 
v 65.9614 10.6 -321.701 1 1 1 1 
v 54.5613 10.6 -321.701 1 1 1 1 
v 65.9614 8.80004 -321.701 1 1 1 1 
v 54.5613 8.80004 -321.701 1 1 1 1 
v 54.5613 10.6 -321.701 1 1 1 1 
v 54.5613 10.6 -322.501 1 1 1 1 
v 54.5613 8.80004 -321.701 1 1 1 1 
v 54.5613 8.80004 -322.501 1 1 1 1 
v 54.5613 8.80004 -322.501 1 1 1 1 
v 65.9614 8.80004 -322.501 1 1 1 1 
v 54.5613 8.80004 -321.701 1 1 1 1 
v 65.9614 8.80004 -321.701 1 1 1 1 
v 54.5613 10.6 -322.501 1 1 1 1 
v 65.9614 10.6 -322.501 1 1 1 1 
v 54.5613 8.80004 -322.501 1 1 1 1 
v 65.9614 8.80004 -322.501 1 1 1 1 

vn 1 0 0 
vn 1 0 0 
vn 1 0 0 
vn 1 0 0 
vn 0 1 0 
vn 0 1 0 
vn 0 1 0 
vn 0 1 0 
vn 0 0 1 
vn 0 0 1 
vn 0 0 1 
vn 0 0 1 
vn -1 0 0 
vn -1 0 0 
vn -1 0 0 
vn -1 0 0 
vn 0 -1 0 
vn 0 -1 0 
vn 0 -1 0 
vn 0 -1 0 
vn 0 0 -1 
vn 0 0 -1 
vn 0 0 -1 
vn 0 0 -1 

vt -0.292563 1.23183 
vt -0.392563 1.23183 
vt -0.292563 1.00683 
vt -0.392563 1.00683 
vt 1.03244 1.23183 
vt -0.392563 1.23183 
vt 1.03244 1.13183 
vt -0.392563 1.13183 
vt 1.03244 1.23183 
vt -0.392563 1.23183 
vt 1.03244 1.00683 
vt -0.392563 1.00683 
vt -0.292563 1.23183 
vt -0.392563 1.23183 
vt -0.292563 1.00683 
vt -0.392563 1.00683 
vt 1.03244 1.23183 
vt -0.392563 1.23183 
vt 1.03244 1.13183 
vt -0.392563 1.13183 
vt 1.03244 1.23183 
vt -0.392563 1.23183 
vt 1.03244 1.00683 
vt -0.392563 1.00683 

usemtl Part116Mtl

f 5569/5569/5569 5570/5570/5570 5571/5571/5571 
f 5571/5571/5571 5570/5570/5570 5572/5572/5572 
f 5573/5573/5573 5574/5574/5574 5575/5575/5575 
f 5575/5575/5575 5574/5574/5574 5576/5576/5576 
f 5577/5577/5577 5578/5578/5578 5579/5579/5579 
f 5579/5579/5579 5578/5578/5578 5580/5580/5580 
f 5581/5581/5581 5582/5582/5582 5583/5583/5583 
f 5583/5583/5583 5582/5582/5582 5584/5584/5584 
f 5585/5585/5585 5586/5586/5586 5587/5587/5587 
f 5587/5587/5587 5586/5586/5586 5588/5588/5588 
f 5589/5589/5589 5590/5590/5590 5591/5591/5591 
f 5591/5591/5591 5590/5590/5590 5592/5592/5592 

g Part305

v 54.5613 10.6 -322.506 1 1 1 1 
v 65.9614 10.6 -322.506 1 1 1 1 
v 54.5613 8.80004 -322.506 1 1 1 1 
v 65.9614 8.80004 -322.506 1 1 1 1 

vn 0 0 -1 
vn 0 0 -1 
vn 0 0 -1 
vn 0 0 -1 

vt 2.28 1 
vt 0 1 
vt 2.28 0.82 
vt 0 0.82 

usemtl Part117Mtl

f 5593/5593/5593 5594/5594/5594 5595/5595/5595 
f 5595/5595/5595 5594/5594/5594 5596/5596/5596 

g Part306

v 54.5563 10.6 -321.701 1 1 1 1 
v 54.5563 10.6 -322.501 1 1 1 1 
v 54.5563 8.80004 -321.701 1 1 1 1 
v 54.5563 8.80004 -322.501 1 1 1 1 

vn -1 0 0 
vn -1 0 0 
vn -1 0 0 
vn -1 0 0 

vt 0.16 1 
vt 0 1 
vt 0.16 0.82 
vt 0 0.82 

usemtl Part117Mtl

f 5597/5597/5597 5598/5598/5598 5599/5599/5599 
f 5599/5599/5599 5598/5598/5598 5600/5600/5600 

g Part307

v 65.9614 10.6 -321.696 1 1 1 1 
v 54.5613 10.6 -321.696 1 1 1 1 
v 65.9614 8.80004 -321.696 1 1 1 1 
v 54.5613 8.80004 -321.696 1 1 1 1 

vn 0 0 1 
vn 0 0 1 
vn 0 0 1 
vn 0 0 1 

vt 2.28 1 
vt 0 1 
vt 2.28 0.82 
vt 0 0.82 

usemtl Part117Mtl

f 5601/5601/5601 5602/5602/5602 5603/5603/5603 
f 5603/5603/5603 5602/5602/5602 5604/5604/5604 

g Part308

v 54.5613 10.605 -321.701 1 1 1 1 
v 65.9614 10.605 -321.701 1 1 1 1 
v 54.5613 10.605 -322.501 1 1 1 1 
v 65.9614 10.605 -322.501 1 1 1 1 

vn 0 1 0 
vn 0 1 0 
vn 0 1 0 
vn 0 1 0 

vt 2.28 1 
vt 0 1 
vt 2.28 0.92 
vt 0 0.92 

usemtl Part117Mtl

f 5605/5605/5605 5606/5606/5606 5607/5607/5607 
f 5607/5607/5607 5606/5606/5606 5608/5608/5608 

g Part309

v 57.3615 8.92011 -322.501 1 1 1 1 
v 57.3615 8.92011 -321.701 1 1 1 1 
v 57.3615 4.4001 -322.501 1 1 1 1 
v 57.3615 4.4001 -321.701 1 1 1 1 
v 54.5615 8.92011 -321.701 1 1 1 1 
v 57.3615 8.92011 -321.701 1 1 1 1 
v 54.5615 8.92011 -322.501 1 1 1 1 
v 57.3615 8.92011 -322.501 1 1 1 1 
v 57.3615 8.92011 -321.701 1 1 1 1 
v 54.5615 8.92011 -321.701 1 1 1 1 
v 57.3615 4.4001 -321.701 1 1 1 1 
v 54.5615 4.4001 -321.701 1 1 1 1 
v 54.5615 8.92011 -321.701 1 1 1 1 
v 54.5615 8.92011 -322.501 1 1 1 1 
v 54.5615 4.4001 -321.701 1 1 1 1 
v 54.5615 4.4001 -322.501 1 1 1 1 
v 54.5615 4.4001 -322.501 1 1 1 1 
v 57.3615 4.4001 -322.501 1 1 1 1 
v 54.5615 4.4001 -321.701 1 1 1 1 
v 57.3615 4.4001 -321.701 1 1 1 1 
v 54.5615 8.92011 -322.501 1 1 1 1 
v 57.3615 8.92011 -322.501 1 1 1 1 
v 54.5615 4.4001 -322.501 1 1 1 1 
v 57.3615 4.4001 -322.501 1 1 1 1 

vn 1 0 0 
vn 1 0 0 
vn 1 0 0 
vn 1 0 0 
vn 0 1 0 
vn 0 1 0 
vn 0 1 0 
vn 0 1 0 
vn 0 0 1 
vn 0 0 1 
vn 0 0 1 
vn 0 0 1 
vn -1 0 0 
vn -1 0 0 
vn -1 0 0 
vn -1 0 0 
vn 0 -1 0 
vn 0 -1 0 
vn 0 -1 0 
vn 0 -1 0 
vn 0 0 -1 
vn 0 0 -1 
vn 0 0 -1 
vn 0 0 -1 

vt 2.475 -4.125 
vt 2.375 -4.125 
vt 2.475 -4.69 
vt 2.375 -4.69 
vt 2.725 -4.125 
vt 2.375 -4.125 
vt 2.725 -4.225 
vt 2.375 -4.225 
vt 2.725 -4.125 
vt 2.375 -4.125 
vt 2.725 -4.69 
vt 2.375 -4.69 
vt 2.475 -4.125 
vt 2.375 -4.125 
vt 2.475 -4.69 
vt 2.375 -4.69 
vt 2.725 -4.125 
vt 2.375 -4.125 
vt 2.725 -4.225 
vt 2.375 -4.225 
vt 2.725 -4.125 
vt 2.375 -4.125 
vt 2.725 -4.69 
vt 2.375 -4.69 

usemtl Part113Mtl

f 5609/5609/5609 5610/5610/5610 5611/5611/5611 
f 5611/5611/5611 5610/5610/5610 5612/5612/5612 
f 5613/5613/5613 5614/5614/5614 5615/5615/5615 
f 5615/5615/5615 5614/5614/5614 5616/5616/5616 
f 5617/5617/5617 5618/5618/5618 5619/5619/5619 
f 5619/5619/5619 5618/5618/5618 5620/5620/5620 
f 5621/5621/5621 5622/5622/5622 5623/5623/5623 
f 5623/5623/5623 5622/5622/5622 5624/5624/5624 
f 5625/5625/5625 5626/5626/5626 5627/5627/5627 
f 5627/5627/5627 5626/5626/5626 5628/5628/5628 
f 5629/5629/5629 5630/5630/5630 5631/5631/5631 
f 5631/5631/5631 5630/5630/5630 5632/5632/5632 

g Part310

v 65.9616 4.40008 -322.501 1 1 1 1 
v 65.9616 4.40008 -321.701 1 1 1 1 
v 65.9616 2.00008 -322.501 1 1 1 1 
v 65.9616 2.00008 -321.701 1 1 1 1 
v 54.5616 4.40008 -321.701 1 1 1 1 
v 65.9616 4.40008 -321.701 1 1 1 1 
v 54.5616 4.40008 -322.501 1 1 1 1 
v 65.9616 4.40008 -322.501 1 1 1 1 
v 65.9616 4.40008 -321.701 1 1 1 1 
v 54.5616 4.40008 -321.701 1 1 1 1 
v 65.9616 2.00008 -321.701 1 1 1 1 
v 54.5616 2.00008 -321.701 1 1 1 1 
v 54.5616 4.40008 -321.701 1 1 1 1 
v 54.5616 4.40008 -322.501 1 1 1 1 
v 54.5616 2.00008 -321.701 1 1 1 1 
v 54.5616 2.00008 -322.501 1 1 1 1 
v 54.5616 2.00008 -322.501 1 1 1 1 
v 65.9616 2.00008 -322.501 1 1 1 1 
v 54.5616 2.00008 -321.701 1 1 1 1 
v 65.9616 2.00008 -321.701 1 1 1 1 
v 54.5616 4.40008 -322.501 1 1 1 1 
v 65.9616 4.40008 -322.501 1 1 1 1 
v 54.5616 2.00008 -322.501 1 1 1 1 
v 65.9616 2.00008 -322.501 1 1 1 1 

vn 1 0 0 
vn 1 0 0 
vn 1 0 0 
vn 1 0 0 
vn 0 1 0 
vn 0 1 0 
vn 0 1 0 
vn 0 1 0 
vn 0 0 1 
vn 0 0 1 
vn 0 0 1 
vn 0 0 1 
vn -1 0 0 
vn -1 0 0 
vn -1 0 0 
vn -1 0 0 
vn 0 -1 0 
vn 0 -1 0 
vn 0 -1 0 
vn 0 -1 0 
vn 0 0 -1 
vn 0 0 -1 
vn 0 0 -1 
vn 0 0 -1 

vt -0.19315 1.90907 
vt -0.29315 1.90907 
vt -0.19315 1.60907 
vt -0.29315 1.60907 
vt 1.13185 1.90907 
vt -0.29315 1.90907 
vt 1.13185 1.80907 
vt -0.29315 1.80907 
vt 1.13185 1.90907 
vt -0.29315 1.90907 
vt 1.13185 1.60907 
vt -0.29315 1.60907 
vt -0.19315 1.90907 
vt -0.29315 1.90907 
vt -0.19315 1.60907 
vt -0.29315 1.60907 
vt 1.13185 1.90907 
vt -0.29315 1.90907 
vt 1.13185 1.80907 
vt -0.29315 1.80907 
vt 1.13185 1.90907 
vt -0.29315 1.90907 
vt 1.13185 1.60907 
vt -0.29315 1.60907 

usemtl Part116Mtl

f 5633/5633/5633 5634/5634/5634 5635/5635/5635 
f 5635/5635/5635 5634/5634/5634 5636/5636/5636 
f 5637/5637/5637 5638/5638/5638 5639/5639/5639 
f 5639/5639/5639 5638/5638/5638 5640/5640/5640 
f 5641/5641/5641 5642/5642/5642 5643/5643/5643 
f 5643/5643/5643 5642/5642/5642 5644/5644/5644 
f 5645/5645/5645 5646/5646/5646 5647/5647/5647 
f 5647/5647/5647 5646/5646/5646 5648/5648/5648 
f 5649/5649/5649 5650/5650/5650 5651/5651/5651 
f 5651/5651/5651 5650/5650/5650 5652/5652/5652 
f 5653/5653/5653 5654/5654/5654 5655/5655/5655 
f 5655/5655/5655 5654/5654/5654 5656/5656/5656 

g Part311

v 54.5616 4.40008 -322.506 1 1 1 1 
v 65.9616 4.40008 -322.506 1 1 1 1 
v 54.5616 2.00008 -322.506 1 1 1 1 
v 65.9616 2.00008 -322.506 1 1 1 1 

vn 0 0 -1 
vn 0 0 -1 
vn 0 0 -1 
vn 0 0 -1 

vt 2.28 1 
vt 0 1 
vt 2.28 0.76 
vt 0 0.76 

usemtl Part117Mtl

f 5657/5657/5657 5658/5658/5658 5659/5659/5659 
f 5659/5659/5659 5658/5658/5658 5660/5660/5660 

g Part312

v 54.5566 4.40008 -321.701 1 1 1 1 
v 54.5566 4.40008 -322.501 1 1 1 1 
v 54.5566 2.00008 -321.701 1 1 1 1 
v 54.5566 2.00008 -322.501 1 1 1 1 

vn -1 0 0 
vn -1 0 0 
vn -1 0 0 
vn -1 0 0 

vt 0.16 1 
vt 0 1 
vt 0.16 0.76 
vt 0 0.76 

usemtl Part117Mtl

f 5661/5661/5661 5662/5662/5662 5663/5663/5663 
f 5663/5663/5663 5662/5662/5662 5664/5664/5664 

g Part313

v 65.9616 4.40008 -321.696 1 1 1 1 
v 54.5616 4.40008 -321.696 1 1 1 1 
v 65.9616 2.00008 -321.696 1 1 1 1 
v 54.5616 2.00008 -321.696 1 1 1 1 

vn 0 0 1 
vn 0 0 1 
vn 0 0 1 
vn 0 0 1 

vt 2.28 1 
vt 0 1 
vt 2.28 0.76 
vt 0 0.76 

usemtl Part117Mtl

f 5665/5665/5665 5666/5666/5666 5667/5667/5667 
f 5667/5667/5667 5666/5666/5666 5668/5668/5668 

g Part314

v 54.5616 4.40508 -321.701 1 1 1 1 
v 65.9616 4.40508 -321.701 1 1 1 1 
v 54.5616 4.40508 -322.501 1 1 1 1 
v 65.9616 4.40508 -322.501 1 1 1 1 

vn 0 1 0 
vn 0 1 0 
vn 0 1 0 
vn 0 1 0 

vt 2.28 1 
vt 0 1 
vt 2.28 0.92 
vt 0 0.92 

usemtl Part117Mtl

f 5669/5669/5669 5670/5670/5670 5671/5671/5671 
f 5671/5671/5671 5670/5670/5670 5672/5672/5672 

g Part315

v 66.1612 2.0001 -322.901 1 1 1 1 
v 66.1612 2.0001 -321.701 1 1 1 1 
v 66.1612 9.38202e-05 -322.901 1 1 1 1 
v 66.1612 9.38202e-05 -321.701 1 1 1 1 
v 54.9611 2.0001 -321.701 1 1 1 1 
v 66.1612 2.0001 -321.701 1 1 1 1 
v 54.9611 2.0001 -322.901 1 1 1 1 
v 66.1612 2.0001 -322.901 1 1 1 1 
v 66.1612 2.0001 -321.701 1 1 1 1 
v 54.9611 2.0001 -321.701 1 1 1 1 
v 66.1612 9.38202e-05 -321.701 1 1 1 1 
v 54.9611 9.38177e-05 -321.701 1 1 1 1 
v 54.9611 2.0001 -321.701 1 1 1 1 
v 54.9611 2.0001 -322.901 1 1 1 1 
v 54.9611 9.38177e-05 -321.701 1 1 1 1 
v 54.9611 9.38177e-05 -322.901 1 1 1 1 
v 54.9611 9.38177e-05 -322.901 1 1 1 1 
v 66.1612 9.38202e-05 -322.901 1 1 1 1 
v 54.9611 9.38177e-05 -321.701 1 1 1 1 
v 66.1612 9.38202e-05 -321.701 1 1 1 1 
v 54.9611 2.0001 -322.901 1 1 1 1 
v 66.1612 2.0001 -322.901 1 1 1 1 
v 54.9611 9.38177e-05 -322.901 1 1 1 1 
v 66.1612 9.38202e-05 -322.901 1 1 1 1 

vn 1 0 0 
vn 1 0 0 
vn 1 0 0 
vn 1 0 0 
vn 0 1 0 
vn 0 1 0 
vn 0 1 0 
vn 0 1 0 
vn 0 0 1 
vn 0 0 1 
vn 0 0 1 
vn 0 0 1 
vn -1 0 0 
vn -1 0 0 
vn -1 0 0 
vn -1 0 0 
vn 0 -1 0 
vn 0 -1 0 
vn 0 -1 0 
vn 0 -1 0 
vn 0 0 -1 
vn 0 0 -1 
vn 0 0 -1 
vn 0 0 -1 

vt 0.15 -4.625 
vt 0 -4.625 
vt 0.15 -4.875 
vt 0 -4.875 
vt 1.4 -4.625 
vt 0 -4.625 
vt 1.4 -4.775 
vt 0 -4.775 
vt 1.4 -4.625 
vt 0 -4.625 
vt 1.4 -4.875 
vt 0 -4.875 
vt 0.15 -4.625 
vt 0 -4.625 
vt 0.15 -4.875 
vt 0 -4.875 
vt 1.4 -4.625 
vt 0 -4.625 
vt 1.4 -4.775 
vt 0 -4.775 
vt 1.4 -4.625 
vt 0 -4.625 
vt 1.4 -4.875 
vt 0 -4.875 

usemtl Part134Mtl

f 5673/5673/5673 5674/5674/5674 5675/5675/5675 
f 5675/5675/5675 5674/5674/5674 5676/5676/5676 
f 5677/5677/5677 5678/5678/5678 5679/5679/5679 
f 5679/5679/5679 5678/5678/5678 5680/5680/5680 
f 5681/5681/5681 5682/5682/5682 5683/5683/5683 
f 5683/5683/5683 5682/5682/5682 5684/5684/5684 
f 5685/5685/5685 5686/5686/5686 5687/5687/5687 
f 5687/5687/5687 5686/5686/5686 5688/5688/5688 
f 5689/5689/5689 5690/5690/5690 5691/5691/5691 
f 5691/5691/5691 5690/5690/5690 5692/5692/5692 
f 5693/5693/5693 5694/5694/5694 5695/5695/5695 
f 5695/5695/5695 5694/5694/5694 5696/5696/5696 

g Part316

v 65.3618 10.6 -305.1 1 1 1 1 
v 65.3618 10.6 -304.3 1 1 1 1 
v 65.3618 8.79997 -305.1 1 1 1 1 
v 65.3618 8.79997 -304.3 1 1 1 1 
v 54.5617 10.6 -304.3 1 1 1 1 
v 65.3618 10.6 -304.3 1 1 1 1 
v 54.5617 10.6 -305.1 1 1 1 1 
v 65.3618 10.6 -305.1 1 1 1 1 
v 65.3618 10.6 -304.3 1 1 1 1 
v 54.5617 10.6 -304.3 1 1 1 1 
v 65.3618 8.79997 -304.3 1 1 1 1 
v 54.5617 8.79997 -304.3 1 1 1 1 
v 54.5617 10.6 -304.3 1 1 1 1 
v 54.5617 10.6 -305.1 1 1 1 1 
v 54.5617 8.79997 -304.3 1 1 1 1 
v 54.5617 8.79997 -305.1 1 1 1 1 
v 54.5617 8.79997 -305.1 1 1 1 1 
v 65.3618 8.79997 -305.1 1 1 1 1 
v 54.5617 8.79997 -304.3 1 1 1 1 
v 65.3618 8.79997 -304.3 1 1 1 1 
v 54.5617 10.6 -305.1 1 1 1 1 
v 65.3618 10.6 -305.1 1 1 1 1 
v 54.5617 8.79997 -305.1 1 1 1 1 
v 65.3618 8.79997 -305.1 1 1 1 1 

vn 1 0 0 
vn 1 0 0 
vn 1 0 0 
vn 1 0 0 
vn 0 1 0 
vn 0 1 0 
vn 0 1 0 
vn 0 1 0 
vn 0 0 1 
vn 0 0 1 
vn 0 0 1 
vn 0 0 1 
vn -1 0 0 
vn -1 0 0 
vn -1 0 0 
vn -1 0 0 
vn 0 -1 0 
vn 0 -1 0 
vn 0 -1 0 
vn 0 -1 0 
vn 0 0 -1 
vn 0 0 -1 
vn 0 0 -1 
vn 0 0 -1 

vt -0.219674 1.45146 
vt -0.319674 1.45146 
vt -0.219674 1.22646 
vt -0.319674 1.22646 
vt 1.03033 1.45146 
vt -0.319674 1.45146 
vt 1.03033 1.35146 
vt -0.319674 1.35146 
vt 1.03033 1.45146 
vt -0.319674 1.45146 
vt 1.03033 1.22646 
vt -0.319674 1.22646 
vt -0.219674 1.45146 
vt -0.319674 1.45146 
vt -0.219674 1.22646 
vt -0.319674 1.22646 
vt 1.03033 1.45146 
vt -0.319674 1.45146 
vt 1.03033 1.35146 
vt -0.319674 1.35146 
vt 1.03033 1.45146 
vt -0.319674 1.45146 
vt 1.03033 1.22646 
vt -0.319674 1.22646 

usemtl Part116Mtl

f 5697/5697/5697 5698/5698/5698 5699/5699/5699 
f 5699/5699/5699 5698/5698/5698 5700/5700/5700 
f 5701/5701/5701 5702/5702/5702 5703/5703/5703 
f 5703/5703/5703 5702/5702/5702 5704/5704/5704 
f 5705/5705/5705 5706/5706/5706 5707/5707/5707 
f 5707/5707/5707 5706/5706/5706 5708/5708/5708 
f 5709/5709/5709 5710/5710/5710 5711/5711/5711 
f 5711/5711/5711 5710/5710/5710 5712/5712/5712 
f 5713/5713/5713 5714/5714/5714 5715/5715/5715 
f 5715/5715/5715 5714/5714/5714 5716/5716/5716 
f 5717/5717/5717 5718/5718/5718 5719/5719/5719 
f 5719/5719/5719 5718/5718/5718 5720/5720/5720 

g Part317

v 54.5617 10.6 -305.105 1 1 1 1 
v 65.3618 10.6 -305.105 1 1 1 1 
v 54.5617 8.79997 -305.105 1 1 1 1 
v 65.3618 8.79997 -305.105 1 1 1 1 

vn 0 0 -1 
vn 0 0 -1 
vn 0 0 -1 
vn 0 0 -1 

vt 2.16 1 
vt 0 1 
vt 2.16 0.82 
vt 0 0.82 

usemtl Part117Mtl

f 5721/5721/5721 5722/5722/5722 5723/5723/5723 
f 5723/5723/5723 5722/5722/5722 5724/5724/5724 

g Part318

v 54.5567 10.6 -304.3 1 1 1 1 
v 54.5567 10.6 -305.1 1 1 1 1 
v 54.5567 8.79997 -304.3 1 1 1 1 
v 54.5567 8.79997 -305.1 1 1 1 1 

vn -1 0 0 
vn -1 0 0 
vn -1 0 0 
vn -1 0 0 

vt 0.16 1 
vt 0 1 
vt 0.16 0.82 
vt 0 0.82 

usemtl Part117Mtl

f 5725/5725/5725 5726/5726/5726 5727/5727/5727 
f 5727/5727/5727 5726/5726/5726 5728/5728/5728 

g Part319

v 65.3618 10.6 -304.295 1 1 1 1 
v 54.5617 10.6 -304.295 1 1 1 1 
v 65.3618 8.79997 -304.295 1 1 1 1 
v 54.5617 8.79997 -304.295 1 1 1 1 

vn 0 0 1 
vn 0 0 1 
vn 0 0 1 
vn 0 0 1 

vt 2.16 1 
vt 0 1 
vt 2.16 0.82 
vt 0 0.82 

usemtl Part117Mtl

f 5729/5729/5729 5730/5730/5730 5731/5731/5731 
f 5731/5731/5731 5730/5730/5730 5732/5732/5732 

g Part320

v 54.5617 10.605 -304.3 1 1 1 1 
v 65.3618 10.605 -304.3 1 1 1 1 
v 54.5617 10.605 -305.1 1 1 1 1 
v 65.3618 10.605 -305.1 1 1 1 1 

vn 0 1 0 
vn 0 1 0 
vn 0 1 0 
vn 0 1 0 

vt 2.16 1 
vt 0 1 
vt 2.16 0.92 
vt 0 0.92 

usemtl Part117Mtl

f 5733/5733/5733 5734/5734/5734 5735/5735/5735 
f 5735/5735/5735 5734/5734/5734 5736/5736/5736 

g Part321

v 65.3517 8.92002 -305.1 1 1 1 1 
v 65.3517 8.92002 -304.3 1 1 1 1 
v 65.3517 4.40001 -305.1 1 1 1 1 
v 65.3517 4.40001 -304.3 1 1 1 1 
v 61.6917 8.92002 -304.3 1 1 1 1 
v 65.3517 8.92002 -304.3 1 1 1 1 
v 61.6917 8.92002 -305.1 1 1 1 1 
v 65.3517 8.92002 -305.1 1 1 1 1 
v 65.3517 8.92002 -304.3 1 1 1 1 
v 61.6917 8.92002 -304.3 1 1 1 1 
v 65.3517 4.40001 -304.3 1 1 1 1 
v 61.6917 4.40001 -304.3 1 1 1 1 
v 61.6917 8.92002 -304.3 1 1 1 1 
v 61.6917 8.92002 -305.1 1 1 1 1 
v 61.6917 4.40001 -304.3 1 1 1 1 
v 61.6917 4.40001 -305.1 1 1 1 1 
v 61.6917 4.40001 -305.1 1 1 1 1 
v 65.3517 4.40001 -305.1 1 1 1 1 
v 61.6917 4.40001 -304.3 1 1 1 1 
v 65.3517 4.40001 -304.3 1 1 1 1 
v 61.6917 8.92002 -305.1 1 1 1 1 
v 65.3517 8.92002 -305.1 1 1 1 1 
v 61.6917 4.40001 -305.1 1 1 1 1 
v 65.3517 4.40001 -305.1 1 1 1 1 

vn 1 0 0 
vn 1 0 0 
vn 1 0 0 
vn 1 0 0 
vn 0 1 0 
vn 0 1 0 
vn 0 1 0 
vn 0 1 0 
vn 0 0 1 
vn 0 0 1 
vn 0 0 1 
vn 0 0 1 
vn -1 0 0 
vn -1 0 0 
vn -1 0 0 
vn -1 0 0 
vn 0 -1 0 
vn 0 -1 0 
vn 0 -1 0 
vn 0 -1 0 
vn 0 0 -1 
vn 0 0 -1 
vn 0 0 -1 
vn 0 0 -1 

vt 7.35 -5.875 
vt 7.25 -5.875 
vt 7.35 -6.44 
vt 7.25 -6.44 
vt 7.7075 -5.875 
vt 7.25 -5.875 
vt 7.7075 -5.975 
vt 7.25 -5.975 
vt 7.7075 -5.875 
vt 7.25 -5.875 
vt 7.7075 -6.44 
vt 7.25 -6.44 
vt 7.35 -5.875 
vt 7.25 -5.875 
vt 7.35 -6.44 
vt 7.25 -6.44 
vt 7.7075 -5.875 
vt 7.25 -5.875 
vt 7.7075 -5.975 
vt 7.25 -5.975 
vt 7.7075 -5.875 
vt 7.25 -5.875 
vt 7.7075 -6.44 
vt 7.25 -6.44 

usemtl Part113Mtl

f 5737/5737/5737 5738/5738/5738 5739/5739/5739 
f 5739/5739/5739 5738/5738/5738 5740/5740/5740 
f 5741/5741/5741 5742/5742/5742 5743/5743/5743 
f 5743/5743/5743 5742/5742/5742 5744/5744/5744 
f 5745/5745/5745 5746/5746/5746 5747/5747/5747 
f 5747/5747/5747 5746/5746/5746 5748/5748/5748 
f 5749/5749/5749 5750/5750/5750 5751/5751/5751 
f 5751/5751/5751 5750/5750/5750 5752/5752/5752 
f 5753/5753/5753 5754/5754/5754 5755/5755/5755 
f 5755/5755/5755 5754/5754/5754 5756/5756/5756 
f 5757/5757/5757 5758/5758/5758 5759/5759/5759 
f 5759/5759/5759 5758/5758/5758 5760/5760/5760 

g Part322

v 65.3617 4.40005 -305.1 1 1 1 1 
v 65.3617 4.40005 -304.3 1 1 1 1 
v 65.3617 2.00004 -305.1 1 1 1 1 
v 65.3617 2.00004 -304.3 1 1 1 1 
v 61.6917 4.40005 -304.3 1 1 1 1 
v 65.3617 4.40005 -304.3 1 1 1 1 
v 61.6917 4.40005 -305.1 1 1 1 1 
v 65.3617 4.40005 -305.1 1 1 1 1 
v 65.3617 4.40005 -304.3 1 1 1 1 
v 61.6917 4.40005 -304.3 1 1 1 1 
v 65.3617 2.00004 -304.3 1 1 1 1 
v 61.6917 2.00004 -304.3 1 1 1 1 
v 61.6917 4.40005 -304.3 1 1 1 1 
v 61.6917 4.40005 -305.1 1 1 1 1 
v 61.6917 2.00004 -304.3 1 1 1 1 
v 61.6917 2.00004 -305.1 1 1 1 1 
v 61.6917 2.00004 -305.1 1 1 1 1 
v 65.3617 2.00004 -305.1 1 1 1 1 
v 61.6917 2.00004 -304.3 1 1 1 1 
v 65.3617 2.00004 -304.3 1 1 1 1 
v 61.6917 4.40005 -305.1 1 1 1 1 
v 65.3617 4.40005 -305.1 1 1 1 1 
v 61.6917 2.00004 -305.1 1 1 1 1 
v 65.3617 2.00004 -305.1 1 1 1 1 

vn 1 0 0 
vn 1 0 0 
vn 1 0 0 
vn 1 0 0 
vn 0 1 0 
vn 0 1 0 
vn 0 1 0 
vn 0 1 0 
vn 0 0 1 
vn 0 0 1 
vn 0 0 1 
vn 0 0 1 
vn -1 0 0 
vn -1 0 0 
vn -1 0 0 
vn -1 0 0 
vn 0 -1 0 
vn 0 -1 0 
vn 0 -1 0 
vn 0 -1 0 
vn 0 0 -1 
vn 0 0 -1 
vn 0 0 -1 
vn 0 0 -1 

vt 0.444953 1.36971 
vt 0.344953 1.36971 
vt 0.444953 1.06971 
vt 0.344953 1.06971 
vt 0.803703 1.36971 
vt 0.344953 1.36971 
vt 0.803703 1.26971 
vt 0.344953 1.26971 
vt 0.803703 1.36971 
vt 0.344953 1.36971 
vt 0.803703 1.06971 
vt 0.344953 1.06971 
vt 0.444953 1.36971 
vt 0.344953 1.36971 
vt 0.444953 1.06971 
vt 0.344953 1.06971 
vt 0.803703 1.36971 
vt 0.344953 1.36971 
vt 0.803703 1.26971 
vt 0.344953 1.26971 
vt 0.803703 1.36971 
vt 0.344953 1.36971 
vt 0.803703 1.06971 
vt 0.344953 1.06971 

usemtl Part116Mtl

f 5761/5761/5761 5762/5762/5762 5763/5763/5763 
f 5763/5763/5763 5762/5762/5762 5764/5764/5764 
f 5765/5765/5765 5766/5766/5766 5767/5767/5767 
f 5767/5767/5767 5766/5766/5766 5768/5768/5768 
f 5769/5769/5769 5770/5770/5770 5771/5771/5771 
f 5771/5771/5771 5770/5770/5770 5772/5772/5772 
f 5773/5773/5773 5774/5774/5774 5775/5775/5775 
f 5775/5775/5775 5774/5774/5774 5776/5776/5776 
f 5777/5777/5777 5778/5778/5778 5779/5779/5779 
f 5779/5779/5779 5778/5778/5778 5780/5780/5780 
f 5781/5781/5781 5782/5782/5782 5783/5783/5783 
f 5783/5783/5783 5782/5782/5782 5784/5784/5784 

g Part323

v 61.6917 4.40005 -305.105 1 1 1 1 
v 65.3617 4.40005 -305.105 1 1 1 1 
v 61.6917 2.00004 -305.105 1 1 1 1 
v 65.3617 2.00004 -305.105 1 1 1 1 

vn 0 0 -1 
vn 0 0 -1 
vn 0 0 -1 
vn 0 0 -1 

vt 0.734 1 
vt 0 1 
vt 0.734 0.76 
vt 0 0.76 

usemtl Part117Mtl

f 5785/5785/5785 5786/5786/5786 5787/5787/5787 
f 5787/5787/5787 5786/5786/5786 5788/5788/5788 

g Part324

v 61.6867 4.40005 -304.3 1 1 1 1 
v 61.6867 4.40005 -305.1 1 1 1 1 
v 61.6867 2.00004 -304.3 1 1 1 1 
v 61.6867 2.00004 -305.1 1 1 1 1 

vn -1 0 0 
vn -1 0 0 
vn -1 0 0 
vn -1 0 0 

vt 0.16 1 
vt 0 1 
vt 0.16 0.76 
vt 0 0.76 

usemtl Part117Mtl

f 5789/5789/5789 5790/5790/5790 5791/5791/5791 
f 5791/5791/5791 5790/5790/5790 5792/5792/5792 

g Part325

v 65.3617 4.40005 -304.295 1 1 1 1 
v 61.6917 4.40005 -304.295 1 1 1 1 
v 65.3617 2.00004 -304.295 1 1 1 1 
v 61.6917 2.00004 -304.295 1 1 1 1 

vn 0 0 1 
vn 0 0 1 
vn 0 0 1 
vn 0 0 1 

vt 0.734 1 
vt 0 1 
vt 0.734 0.76 
vt 0 0.76 

usemtl Part117Mtl

f 5793/5793/5793 5794/5794/5794 5795/5795/5795 
f 5795/5795/5795 5794/5794/5794 5796/5796/5796 

g Part326

v 61.6917 4.40505 -304.3 1 1 1 1 
v 65.3617 4.40505 -304.3 1 1 1 1 
v 61.6917 4.40505 -305.1 1 1 1 1 
v 65.3617 4.40505 -305.1 1 1 1 1 

vn 0 1 0 
vn 0 1 0 
vn 0 1 0 
vn 0 1 0 

vt 0.734 1 
vt 0 1 
vt 0.734 0.92 
vt 0 0.92 

usemtl Part117Mtl

f 5797/5797/5797 5798/5798/5798 5799/5799/5799 
f 5799/5799/5799 5798/5798/5798 5800/5800/5800 

g Part327

v 65.3616 2.00012 -321.7 1 1 1 1 
v 65.3616 2.00012 -305.1 1 1 1 1 
v 65.3616 0.000114801 -321.7 1 1 1 1 
v 65.3616 0.000114801 -305.1 1 1 1 1 
v 53.9616 2.00012 -305.1 1 1 1 1 
v 65.3616 2.00012 -305.1 1 1 1 1 
v 53.9616 2.00012 -321.7 1 1 1 1 
v 65.3616 2.00012 -321.7 1 1 1 1 
v 65.3616 2.00012 -305.1 1 1 1 1 
v 53.9616 2.00012 -305.1 1 1 1 1 
v 65.3616 0.000114801 -305.1 1 1 1 1 
v 53.9616 0.000114798 -305.1 1 1 1 1 
v 53.9616 2.00012 -305.1 1 1 1 1 
v 53.9616 2.00012 -321.7 1 1 1 1 
v 53.9616 0.000114798 -305.1 1 1 1 1 
v 53.9616 0.000114799 -321.7 1 1 1 1 
v 53.9616 0.000114799 -321.7 1 1 1 1 
v 65.3616 0.000114801 -321.7 1 1 1 1 
v 53.9616 0.000114798 -305.1 1 1 1 1 
v 65.3616 0.000114801 -305.1 1 1 1 1 
v 53.9616 2.00012 -321.7 1 1 1 1 
v 65.3616 2.00012 -321.7 1 1 1 1 
v 53.9616 0.000114799 -321.7 1 1 1 1 
v 65.3616 0.000114801 -321.7 1 1 1 1 

vn 1 0 0 
vn 1 0 0 
vn 1 0 0 
vn 1 0 0 
vn 0 1 0 
vn 0 1 0 
vn 0 1 0 
vn 0 1 0 
vn 0 0 1 
vn 0 0 1 
vn 0 0 1 
vn 0 0 1 
vn -1 0 0 
vn -1 0 0 
vn -1 0 0 
vn -1 0 0 
vn 0 -1 0 
vn 0 -1 0 
vn 0 -1 0 
vn 0 -1 0 
vn 0 0 -1 
vn 0 0 -1 
vn 0 0 -1 
vn 0 0 -1 

vt 7.2 -6.75 
vt 5.125 -6.75 
vt 7.2 -7 
vt 5.125 -7 
vt 6.55 -6.75 
vt 5.125 -6.75 
vt 6.55 -8.825 
vt 5.125 -8.825 
vt 6.55 -6.75 
vt 5.125 -6.75 
vt 6.55 -7 
vt 5.125 -7 
vt 7.2 -6.75 
vt 5.125 -6.75 
vt 7.2 -7 
vt 5.125 -7 
vt 6.55 -6.75 
vt 5.125 -6.75 
vt 6.55 -8.825 
vt 5.125 -8.825 
vt 6.55 -6.75 
vt 5.125 -6.75 
vt 6.55 -7 
vt 5.125 -7 

usemtl Part293Mtl

f 5801/5801/5801 5802/5802/5802 5803/5803/5803 
f 5803/5803/5803 5802/5802/5802 5804/5804/5804 
f 5805/5805/5805 5806/5806/5806 5807/5807/5807 
f 5807/5807/5807 5806/5806/5806 5808/5808/5808 
f 5809/5809/5809 5810/5810/5810 5811/5811/5811 
f 5811/5811/5811 5810/5810/5810 5812/5812/5812 
f 5813/5813/5813 5814/5814/5814 5815/5815/5815 
f 5815/5815/5815 5814/5814/5814 5816/5816/5816 
f 5817/5817/5817 5818/5818/5818 5819/5819/5819 
f 5819/5819/5819 5818/5818/5818 5820/5820/5820 
f 5821/5821/5821 5822/5822/5822 5823/5823/5823 
f 5823/5823/5823 5822/5822/5822 5824/5824/5824 

g Part328

v 61.7616 2.00001 -304.1 1 1 1 1 
v 61.7616 2.00001 -303.1 1 1 1 1 
v 61.7616 3.5856e-07 -304.1 1 1 1 1 
v 61.7616 3.58526e-07 -303.1 1 1 1 1 
v 57.5616 2.00001 -303.1 1 1 1 1 
v 61.7616 2.00001 -303.1 1 1 1 1 
v 57.5616 2.00001 -304.1 1 1 1 1 
v 61.7616 2.00001 -304.1 1 1 1 1 
v 61.7616 2.00001 -303.1 1 1 1 1 
v 57.5616 2.00001 -303.1 1 1 1 1 
v 61.7616 3.58526e-07 -303.1 1 1 1 1 
v 57.5616 3.57593e-07 -303.1 1 1 1 1 
v 57.5616 2.00001 -303.1 1 1 1 1 
v 57.5616 2.00001 -304.1 1 1 1 1 
v 57.5616 3.57593e-07 -303.1 1 1 1 1 
v 57.5616 3.57628e-07 -304.1 1 1 1 1 
v 57.5616 3.57628e-07 -304.1 1 1 1 1 
v 61.7616 3.5856e-07 -304.1 1 1 1 1 
v 57.5616 3.57593e-07 -303.1 1 1 1 1 
v 61.7616 3.58526e-07 -303.1 1 1 1 1 
v 57.5616 2.00001 -304.1 1 1 1 1 
v 61.7616 2.00001 -304.1 1 1 1 1 
v 57.5616 3.57628e-07 -304.1 1 1 1 1 
v 61.7616 3.5856e-07 -304.1 1 1 1 1 

vn 1 0 0 
vn 1 0 0 
vn 1 0 0 
vn 1 0 0 
vn 0 1 0 
vn 0 1 0 
vn 0 1 0 
vn 0 1 0 
vn 0 0 1 
vn 0 0 1 
vn 0 0 1 
vn 0 0 1 
vn -1 0 0 
vn -1 0 0 
vn -1 0 0 
vn -1 0 0 
vn 0 -1 0 
vn 0 -1 0 
vn 0 -1 0 
vn 0 -1 0 
vn 0 0 -1 
vn 0 0 -1 
vn 0 0 -1 
vn 0 0 -1 

vt 0.419591 1.13743 
vt 0.294591 1.13743 
vt 0.419591 0.887431 
vt 0.294591 0.887431 
vt 0.819591 1.13743 
vt 0.294591 1.13743 
vt 0.819591 1.01243 
vt 0.294591 1.01243 
vt 0.819591 1.13743 
vt 0.294591 1.13743 
vt 0.819591 0.887431 
vt 0.294591 0.887431 
vt 0.419591 1.13743 
vt 0.294591 1.13743 
vt 0.419591 0.887431 
vt 0.294591 0.887431 
vt 0.819591 1.13743 
vt 0.294591 1.13743 
vt 0.819591 1.01243 
vt 0.294591 1.01243 
vt 0.819591 1.13743 
vt 0.294591 1.13743 
vt 0.819591 0.887431 
vt 0.294591 0.887431 

usemtl Part328Mtl

f 5825/5825/5825 5826/5826/5826 5827/5827/5827 
f 5827/5827/5827 5826/5826/5826 5828/5828/5828 
f 5829/5829/5829 5830/5830/5830 5831/5831/5831 
f 5831/5831/5831 5830/5830/5830 5832/5832/5832 
f 5833/5833/5833 5834/5834/5834 5835/5835/5835 
f 5835/5835/5835 5834/5834/5834 5836/5836/5836 
f 5837/5837/5837 5838/5838/5838 5839/5839/5839 
f 5839/5839/5839 5838/5838/5838 5840/5840/5840 
f 5841/5841/5841 5842/5842/5842 5843/5843/5843 
f 5843/5843/5843 5842/5842/5842 5844/5844/5844 
f 5845/5845/5845 5846/5846/5846 5847/5847/5847 
f 5847/5847/5847 5846/5846/5846 5848/5848/5848 

g Part329

v 57.7609 8.92007 -305.1 1 1 1 1 
v 57.7609 8.92007 -304.3 1 1 1 1 
v 57.7609 4.40005 -305.1 1 1 1 1 
v 57.7609 4.40005 -304.3 1 1 1 1 
v 53.9609 8.92007 -304.3 1 1 1 1 
v 57.7609 8.92007 -304.3 1 1 1 1 
v 53.9609 8.92007 -305.1 1 1 1 1 
v 57.7609 8.92007 -305.1 1 1 1 1 
v 57.7609 8.92007 -304.3 1 1 1 1 
v 53.9609 8.92007 -304.3 1 1 1 1 
v 57.7609 4.40005 -304.3 1 1 1 1 
v 53.9609 4.40005 -304.3 1 1 1 1 
v 53.9609 8.92007 -304.3 1 1 1 1 
v 53.9609 8.92007 -305.1 1 1 1 1 
v 53.9609 4.40005 -304.3 1 1 1 1 
v 53.9609 4.40005 -305.1 1 1 1 1 
v 53.9609 4.40005 -305.1 1 1 1 1 
v 57.7609 4.40005 -305.1 1 1 1 1 
v 53.9609 4.40005 -304.3 1 1 1 1 
v 57.7609 4.40005 -304.3 1 1 1 1 
v 53.9609 8.92007 -305.1 1 1 1 1 
v 57.7609 8.92007 -305.1 1 1 1 1 
v 53.9609 4.40005 -305.1 1 1 1 1 
v 57.7609 4.40005 -305.1 1 1 1 1 

vn 1 0 0 
vn 1 0 0 
vn 1 0 0 
vn 1 0 0 
vn 0 1 0 
vn 0 1 0 
vn 0 1 0 
vn 0 1 0 
vn 0 0 1 
vn 0 0 1 
vn 0 0 1 
vn 0 0 1 
vn -1 0 0 
vn -1 0 0 
vn -1 0 0 
vn -1 0 0 
vn 0 -1 0 
vn 0 -1 0 
vn 0 -1 0 
vn 0 -1 0 
vn 0 0 -1 
vn 0 0 -1 
vn 0 0 -1 
vn 0 0 -1 

vt 3.975 -3.375 
vt 3.875 -3.375 
vt 3.975 -3.94 
vt 3.875 -3.94 
vt 4.35 -3.375 
vt 3.875 -3.375 
vt 4.35 -3.475 
vt 3.875 -3.475 
vt 4.35 -3.375 
vt 3.875 -3.375 
vt 4.35 -3.94 
vt 3.875 -3.94 
vt 3.975 -3.375 
vt 3.875 -3.375 
vt 3.975 -3.94 
vt 3.875 -3.94 
vt 4.35 -3.375 
vt 3.875 -3.375 
vt 4.35 -3.475 
vt 3.875 -3.475 
vt 4.35 -3.375 
vt 3.875 -3.375 
vt 4.35 -3.94 
vt 3.875 -3.94 

usemtl Part113Mtl

f 5849/5849/5849 5850/5850/5850 5851/5851/5851 
f 5851/5851/5851 5850/5850/5850 5852/5852/5852 
f 5853/5853/5853 5854/5854/5854 5855/5855/5855 
f 5855/5855/5855 5854/5854/5854 5856/5856/5856 
f 5857/5857/5857 5858/5858/5858 5859/5859/5859 
f 5859/5859/5859 5858/5858/5858 5860/5860/5860 
f 5861/5861/5861 5862/5862/5862 5863/5863/5863 
f 5863/5863/5863 5862/5862/5862 5864/5864/5864 
f 5865/5865/5865 5866/5866/5866 5867/5867/5867 
f 5867/5867/5867 5866/5866/5866 5868/5868/5868 
f 5869/5869/5869 5870/5870/5870 5871/5871/5871 
f 5871/5871/5871 5870/5870/5870 5872/5872/5872 

g Part330

v 61.7614 1.20008 -303.1 1 1 1 1 
v 61.7614 1.20008 -302.1 1 1 1 1 
v 61.7614 7.70697e-05 -303.1 1 1 1 1 
v 61.7614 7.70697e-05 -302.1 1 1 1 1 
v 57.5614 1.20008 -302.1 1 1 1 1 
v 61.7614 1.20008 -302.1 1 1 1 1 
v 57.5614 1.20008 -303.1 1 1 1 1 
v 61.7614 1.20008 -303.1 1 1 1 1 
v 61.7614 1.20008 -302.1 1 1 1 1 
v 57.5614 1.20008 -302.1 1 1 1 1 
v 61.7614 7.70697e-05 -302.1 1 1 1 1 
v 57.5614 7.70688e-05 -302.1 1 1 1 1 
v 57.5614 1.20008 -302.1 1 1 1 1 
v 57.5614 1.20008 -303.1 1 1 1 1 
v 57.5614 7.70688e-05 -302.1 1 1 1 1 
v 57.5614 7.70688e-05 -303.1 1 1 1 1 
v 57.5614 7.70688e-05 -303.1 1 1 1 1 
v 61.7614 7.70697e-05 -303.1 1 1 1 1 
v 57.5614 7.70688e-05 -302.1 1 1 1 1 
v 61.7614 7.70697e-05 -302.1 1 1 1 1 
v 57.5614 1.20008 -303.1 1 1 1 1 
v 61.7614 1.20008 -303.1 1 1 1 1 
v 57.5614 7.70688e-05 -303.1 1 1 1 1 
v 61.7614 7.70697e-05 -303.1 1 1 1 1 

vn 1 0 0 
vn 1 0 0 
vn 1 0 0 
vn 1 0 0 
vn 0 1 0 
vn 0 1 0 
vn 0 1 0 
vn 0 1 0 
vn 0 0 1 
vn 0 0 1 
vn 0 0 1 
vn 0 0 1 
vn -1 0 0 
vn -1 0 0 
vn -1 0 0 
vn -1 0 0 
vn 0 -1 0 
vn 0 -1 0 
vn 0 -1 0 
vn 0 -1 0 
vn 0 0 -1 
vn 0 0 -1 
vn 0 0 -1 
vn 0 0 -1 

vt 0.225703 0.722295 
vt 0.100703 0.722295 
vt 0.225703 0.572295 
vt 0.100703 0.572295 
vt 0.625703 0.722295 
vt 0.100703 0.722295 
vt 0.625703 0.597295 
vt 0.100703 0.597295 
vt 0.625703 0.722295 
vt 0.100703 0.722295 
vt 0.625703 0.572295 
vt 0.100703 0.572295 
vt 0.225703 0.722295 
vt 0.100703 0.722295 
vt 0.225703 0.572295 
vt 0.100703 0.572295 
vt 0.625703 0.722295 
vt 0.100703 0.722295 
vt 0.625703 0.597295 
vt 0.100703 0.597295 
vt 0.625703 0.722295 
vt 0.100703 0.722295 
vt 0.625703 0.572295 
vt 0.100703 0.572295 

usemtl Part328Mtl

f 5873/5873/5873 5874/5874/5874 5875/5875/5875 
f 5875/5875/5875 5874/5874/5874 5876/5876/5876 
f 5877/5877/5877 5878/5878/5878 5879/5879/5879 
f 5879/5879/5879 5878/5878/5878 5880/5880/5880 
f 5881/5881/5881 5882/5882/5882 5883/5883/5883 
f 5883/5883/5883 5882/5882/5882 5884/5884/5884 
f 5885/5885/5885 5886/5886/5886 5887/5887/5887 
f 5887/5887/5887 5886/5886/5886 5888/5888/5888 
f 5889/5889/5889 5890/5890/5890 5891/5891/5891 
f 5891/5891/5891 5890/5890/5890 5892/5892/5892 
f 5893/5893/5893 5894/5894/5894 5895/5895/5895 
f 5895/5895/5895 5894/5894/5894 5896/5896/5896 

g Part331

v 65.3616 2.00004 -305.1 1 1 1 1 
v 65.3616 2.00004 -304.1 1 1 1 1 
v 65.3616 3.65996e-05 -305.1 1 1 1 1 
v 65.3616 3.65995e-05 -304.1 1 1 1 1 
v 54.9616 2.00004 -304.1 1 1 1 1 
v 65.3616 2.00004 -304.1 1 1 1 1 
v 54.9616 2.00004 -305.1 1 1 1 1 
v 65.3616 2.00004 -305.1 1 1 1 1 
v 65.3616 2.00004 -304.1 1 1 1 1 
v 54.9616 2.00004 -304.1 1 1 1 1 
v 65.3616 3.65995e-05 -304.1 1 1 1 1 
v 54.9616 3.65972e-05 -304.1 1 1 1 1 
v 54.9616 2.00004 -304.1 1 1 1 1 
v 54.9616 2.00004 -305.1 1 1 1 1 
v 54.9616 3.65972e-05 -304.1 1 1 1 1 
v 54.9616 3.65973e-05 -305.1 1 1 1 1 
v 54.9616 3.65973e-05 -305.1 1 1 1 1 
v 65.3616 3.65996e-05 -305.1 1 1 1 1 
v 54.9616 3.65972e-05 -304.1 1 1 1 1 
v 65.3616 3.65995e-05 -304.1 1 1 1 1 
v 54.9616 2.00004 -305.1 1 1 1 1 
v 65.3616 2.00004 -305.1 1 1 1 1 
v 54.9616 3.65973e-05 -305.1 1 1 1 1 
v 65.3616 3.65996e-05 -305.1 1 1 1 1 

vn 1 0 0 
vn 1 0 0 
vn 1 0 0 
vn 1 0 0 
vn 0 1 0 
vn 0 1 0 
vn 0 1 0 
vn 0 1 0 
vn 0 0 1 
vn 0 0 1 
vn 0 0 1 
vn 0 0 1 
vn -1 0 0 
vn -1 0 0 
vn -1 0 0 
vn -1 0 0 
vn 0 -1 0 
vn 0 -1 0 
vn 0 -1 0 
vn 0 -1 0 
vn 0 0 -1 
vn 0 0 -1 
vn 0 0 -1 
vn 0 0 -1 

vt 6.125 -0.5 
vt 6 -0.5 
vt 6.125 -0.75 
vt 6 -0.75 
vt 7.3 -0.5 
vt 6 -0.5 
vt 7.3 -0.625 
vt 6 -0.625 
vt 7.3 -0.5 
vt 6 -0.5 
vt 7.3 -0.75 
vt 6 -0.75 
vt 6.125 -0.5 
vt 6 -0.5 
vt 6.125 -0.75 
vt 6 -0.75 
vt 7.3 -0.5 
vt 6 -0.5 
vt 7.3 -0.625 
vt 6 -0.625 
vt 7.3 -0.5 
vt 6 -0.5 
vt 7.3 -0.75 
vt 6 -0.75 

usemtl Part134Mtl

f 5897/5897/5897 5898/5898/5898 5899/5899/5899 
f 5899/5899/5899 5898/5898/5898 5900/5900/5900 
f 5901/5901/5901 5902/5902/5902 5903/5903/5903 
f 5903/5903/5903 5902/5902/5902 5904/5904/5904 
f 5905/5905/5905 5906/5906/5906 5907/5907/5907 
f 5907/5907/5907 5906/5906/5906 5908/5908/5908 
f 5909/5909/5909 5910/5910/5910 5911/5911/5911 
f 5911/5911/5911 5910/5910/5910 5912/5912/5912 
f 5913/5913/5913 5914/5914/5914 5915/5915/5915 
f 5915/5915/5915 5914/5914/5914 5916/5916/5916 
f 5917/5917/5917 5918/5918/5918 5919/5919/5919 
f 5919/5919/5919 5918/5918/5918 5920/5920/5920 

g Part332

v 65.376 4.40014 -321.705 1 1 1 1 
v 65.976 4.40013 -321.705 1 1 1 1 
v 65.3759 2.00014 -321.705 1 1 1 1 
v 65.9759 2.00012 -321.705 1 1 1 1 
v 65.9762 4.40009 -304.305 1 1 1 1 
v 65.976 4.40013 -321.705 1 1 1 1 
v 65.3762 4.4001 -304.305 1 1 1 1 
v 65.376 4.40014 -321.705 1 1 1 1 
v 65.976 4.40013 -321.705 1 1 1 1 
v 65.9762 4.40009 -304.305 1 1 1 1 
v 65.9759 2.00012 -321.705 1 1 1 1 
v 65.9762 2.00008 -304.305 1 1 1 1 
v 65.9762 4.40009 -304.305 1 1 1 1 
v 65.3762 4.4001 -304.305 1 1 1 1 
v 65.9762 2.00008 -304.305 1 1 1 1 
v 65.3762 2.00009 -304.305 1 1 1 1 
v 65.3762 2.00009 -304.305 1 1 1 1 
v 65.3759 2.00014 -321.705 1 1 1 1 
v 65.9762 2.00008 -304.305 1 1 1 1 
v 65.9759 2.00012 -321.705 1 1 1 1 
v 65.3762 4.4001 -304.305 1 1 1 1 
v 65.376 4.40014 -321.705 1 1 1 1 
v 65.3762 2.00009 -304.305 1 1 1 1 
v 65.3759 2.00014 -321.705 1 1 1 1 

vn 0 0 -1 
vn 0 0 -1 
vn 0 0 -1 
vn 0 0 -1 
vn 0 1 0 
vn 0 1 0 
vn 0 1 0 
vn 0 1 0 
vn 1 0 0 
vn 1 0 0 
vn 1 0 0 
vn 1 0 0 
vn 0 0 1 
vn 0 0 1 
vn 0 0 1 
vn 0 0 1 
vn 0 -1 0 
vn 0 -1 0 
vn 0 -1 0 
vn 0 -1 0 
vn -1 0 0 
vn -1 0 0 
vn -1 0 0 
vn -1 0 0 

vt 1.34255 1.03859 
vt 1.26755 1.03859 
vt 1.34255 0.738589 
vt 1.26755 0.738589 
vt 3.44255 1.03859 
vt 1.26755 1.03859 
vt 3.44255 0.963589 
vt 1.26755 0.963589 
vt 3.44255 1.03859 
vt 1.26755 1.03859 
vt 3.44255 0.738589 
vt 1.26755 0.738589 
vt 1.34255 1.03859 
vt 1.26755 1.03859 
vt 1.34255 0.738589 
vt 1.26755 0.738589 
vt 3.44255 1.03859 
vt 1.26755 1.03859 
vt 3.44255 0.963589 
vt 1.26755 0.963589 
vt 3.44255 1.03859 
vt 1.26755 1.03859 
vt 3.44255 0.738589 
vt 1.26755 0.738589 

usemtl Part116Mtl

f 5921/5921/5921 5922/5922/5922 5923/5923/5923 
f 5923/5923/5923 5922/5922/5922 5924/5924/5924 
f 5925/5925/5925 5926/5926/5926 5927/5927/5927 
f 5927/5927/5927 5926/5926/5926 5928/5928/5928 
f 5929/5929/5929 5930/5930/5930 5931/5931/5931 
f 5931/5931/5931 5930/5930/5930 5932/5932/5932 
f 5933/5933/5933 5934/5934/5934 5935/5935/5935 
f 5935/5935/5935 5934/5934/5934 5936/5936/5936 
f 5937/5937/5937 5938/5938/5938 5939/5939/5939 
f 5939/5939/5939 5938/5938/5938 5940/5940/5940 
f 5941/5941/5941 5942/5942/5942 5943/5943/5943 
f 5943/5943/5943 5942/5942/5942 5944/5944/5944 

g Part333

v 65.3712 4.4001 -304.305 1 1 1 1 
v 65.371 4.40014 -321.705 1 1 1 1 
v 65.3712 2.00009 -304.305 1 1 1 1 
v 65.3709 2.00014 -321.705 1 1 1 1 

vn -1 0 0 
vn -1 0 0 
vn -1 0 0 
vn -1 0 0 

vt 3.48 1 
vt 0 1 
vt 3.48 0.76 
vt 0 0.76 

usemtl Part117Mtl

f 5945/5945/5945 5946/5946/5946 5947/5947/5947 
f 5947/5947/5947 5946/5946/5946 5948/5948/5948 

g Part334

v 65.9762 4.40009 -304.3 1 1 1 1 
v 65.3762 4.4001 -304.3 1 1 1 1 
v 65.9762 2.00008 -304.3 1 1 1 1 
v 65.3762 2.00009 -304.3 1 1 1 1 

vn 0 0 1 
vn 0 0 1 
vn 0 0 1 
vn 0 0 1 

vt 0.12 1 
vt 0 1 
vt 0.12 0.76 
vt 0 0.76 

usemtl Part117Mtl

f 5949/5949/5949 5950/5950/5950 5951/5951/5951 
f 5951/5951/5951 5950/5950/5950 5952/5952/5952 

g Part335

v 65.981 4.40013 -321.705 1 1 1 1 
v 65.9812 4.40009 -304.305 1 1 1 1 
v 65.9809 2.00012 -321.705 1 1 1 1 
v 65.9811 2.00008 -304.305 1 1 1 1 

vn 1 0 0 
vn 1 0 0 
vn 1 0 0 
vn 1 0 0 

vt 3.48 1 
vt 0 1 
vt 3.48 0.76 
vt 0 0.76 

usemtl Part117Mtl

f 5953/5953/5953 5954/5954/5954 5955/5955/5955 
f 5955/5955/5955 5954/5954/5954 5956/5956/5956 

g Part336

v 65.9762 4.40509 -304.305 1 1 1 1 
v 65.976 4.40513 -321.705 1 1 1 1 
v 65.3762 4.4051 -304.305 1 1 1 1 
v 65.376 4.40514 -321.705 1 1 1 1 

vn 0 1 0 
vn 0 1 0 
vn 0 1 0 
vn 0 1 0 

vt 3.48 1 
vt 0 1 
vt 3.48 0.94 
vt 0 0.94 

usemtl Part117Mtl

f 5957/5957/5957 5958/5958/5958 5959/5959/5959 
f 5959/5959/5959 5958/5958/5958 5960/5960/5960 

g Part337

v 65.376 8.92008 -321.705 1 1 1 1 
v 65.976 8.92006 -321.705 1 1 1 1 
v 65.376 4.40006 -321.705 1 1 1 1 
v 65.976 4.40005 -321.705 1 1 1 1 
v 65.9761 8.92006 -318.505 1 1 1 1 
v 65.976 8.92006 -321.705 1 1 1 1 
v 65.3761 8.92007 -318.505 1 1 1 1 
v 65.376 8.92008 -321.705 1 1 1 1 
v 65.976 8.92006 -321.705 1 1 1 1 
v 65.9761 8.92006 -318.505 1 1 1 1 
v 65.976 4.40005 -321.705 1 1 1 1 
v 65.976 4.40005 -318.505 1 1 1 1 
v 65.9761 8.92006 -318.505 1 1 1 1 
v 65.3761 8.92007 -318.505 1 1 1 1 
v 65.976 4.40005 -318.505 1 1 1 1 
v 65.376 4.40006 -318.505 1 1 1 1 
v 65.376 4.40006 -318.505 1 1 1 1 
v 65.376 4.40006 -321.705 1 1 1 1 
v 65.976 4.40005 -318.505 1 1 1 1 
v 65.976 4.40005 -321.705 1 1 1 1 
v 65.3761 8.92007 -318.505 1 1 1 1 
v 65.376 8.92008 -321.705 1 1 1 1 
v 65.376 4.40006 -318.505 1 1 1 1 
v 65.376 4.40006 -321.705 1 1 1 1 

vn 0 0 -1 
vn 0 0 -1 
vn 0 0 -1 
vn 0 0 -1 
vn 0 1 0 
vn 0 1 0 
vn 0 1 0 
vn 0 1 0 
vn 1 0 0 
vn 1 0 0 
vn 1 0 0 
vn 1 0 0 
vn 0 0 1 
vn 0 0 1 
vn 0 0 1 
vn 0 0 1 
vn 0 -1 0 
vn 0 -1 0 
vn 0 -1 0 
vn 0 -1 0 
vn -1 0 0 
vn -1 0 0 
vn -1 0 0 
vn -1 0 0 

vt 6.7 -1.5 
vt 6.625 -1.5 
vt 6.7 -2.065 
vt 6.625 -2.065 
vt 7.025 -1.5 
vt 6.625 -1.5 
vt 7.025 -1.575 
vt 6.625 -1.575 
vt 7.025 -1.5 
vt 6.625 -1.5 
vt 7.025 -2.065 
vt 6.625 -2.065 
vt 6.7 -1.5 
vt 6.625 -1.5 
vt 6.7 -2.065 
vt 6.625 -2.065 
vt 7.025 -1.5 
vt 6.625 -1.5 
vt 7.025 -1.575 
vt 6.625 -1.575 
vt 7.025 -1.5 
vt 6.625 -1.5 
vt 7.025 -2.065 
vt 6.625 -2.065 

usemtl Part113Mtl

f 5961/5961/5961 5962/5962/5962 5963/5963/5963 
f 5963/5963/5963 5962/5962/5962 5964/5964/5964 
f 5965/5965/5965 5966/5966/5966 5967/5967/5967 
f 5967/5967/5967 5966/5966/5966 5968/5968/5968 
f 5969/5969/5969 5970/5970/5970 5971/5971/5971 
f 5971/5971/5971 5970/5970/5970 5972/5972/5972 
f 5973/5973/5973 5974/5974/5974 5975/5975/5975 
f 5975/5975/5975 5974/5974/5974 5976/5976/5976 
f 5977/5977/5977 5978/5978/5978 5979/5979/5979 
f 5979/5979/5979 5978/5978/5978 5980/5980/5980 
f 5981/5981/5981 5982/5982/5982 5983/5983/5983 
f 5983/5983/5983 5982/5982/5982 5984/5984/5984 

g Part338

v 65.3765 8.93001 -310.704 1 1 1 1 
v 65.9765 8.93 -310.704 1 1 1 1 
v 65.3764 4.4 -310.704 1 1 1 1 
v 65.9764 4.39999 -310.704 1 1 1 1 
v 65.9765 8.92999 -304.304 1 1 1 1 
v 65.9765 8.93 -310.704 1 1 1 1 
v 65.3765 8.93 -304.304 1 1 1 1 
v 65.3765 8.93001 -310.704 1 1 1 1 
v 65.9765 8.93 -310.704 1 1 1 1 
v 65.9765 8.92999 -304.304 1 1 1 1 
v 65.9764 4.39999 -310.704 1 1 1 1 
v 65.9765 4.39997 -304.304 1 1 1 1 
v 65.9765 8.92999 -304.304 1 1 1 1 
v 65.3765 8.93 -304.304 1 1 1 1 
v 65.9765 4.39997 -304.304 1 1 1 1 
v 65.3765 4.39999 -304.304 1 1 1 1 
v 65.3765 4.39999 -304.304 1 1 1 1 
v 65.3764 4.4 -310.704 1 1 1 1 
v 65.9765 4.39997 -304.304 1 1 1 1 
v 65.9764 4.39999 -310.704 1 1 1 1 
v 65.3765 8.93 -304.304 1 1 1 1 
v 65.3765 8.93001 -310.704 1 1 1 1 
v 65.3765 4.39999 -304.304 1 1 1 1 
v 65.3764 4.4 -310.704 1 1 1 1 

vn 0 0 -1 
vn 0 0 -1 
vn 0 0 -1 
vn 0 0 -1 
vn 0 1 0 
vn 0 1 0 
vn 0 1 0 
vn 0 1 0 
vn 1 0 0 
vn 1 0 0 
vn 1 0 0 
vn 1 0 0 
vn 0 0 1 
vn 0 0 1 
vn 0 0 1 
vn 0 0 1 
vn 0 -1 0 
vn 0 -1 0 
vn 0 -1 0 
vn 0 -1 0 
vn -1 0 0 
vn -1 0 0 
vn -1 0 0 
vn -1 0 0 

vt 2.075 -1.375 
vt 2 -1.375 
vt 2.075 -1.94125 
vt 2 -1.94125 
vt 2.8 -1.375 
vt 2 -1.375 
vt 2.8 -1.45 
vt 2 -1.45 
vt 2.8 -1.375 
vt 2 -1.375 
vt 2.8 -1.94125 
vt 2 -1.94125 
vt 2.075 -1.375 
vt 2 -1.375 
vt 2.075 -1.94125 
vt 2 -1.94125 
vt 2.8 -1.375 
vt 2 -1.375 
vt 2.8 -1.45 
vt 2 -1.45 
vt 2.8 -1.375 
vt 2 -1.375 
vt 2.8 -1.94125 
vt 2 -1.94125 

usemtl Part113Mtl

f 5985/5985/5985 5986/5986/5986 5987/5987/5987 
f 5987/5987/5987 5986/5986/5986 5988/5988/5988 
f 5989/5989/5989 5990/5990/5990 5991/5991/5991 
f 5991/5991/5991 5990/5990/5990 5992/5992/5992 
f 5993/5993/5993 5994/5994/5994 5995/5995/5995 
f 5995/5995/5995 5994/5994/5994 5996/5996/5996 
f 5997/5997/5997 5998/5998/5998 5999/5999/5999 
f 5999/5999/5999 5998/5998/5998 6000/6000/6000 
f 6001/6001/6001 6002/6002/6002 6003/6003/6003 
f 6003/6003/6003 6002/6002/6002 6004/6004/6004 
f 6005/6005/6005 6006/6006/6006 6007/6007/6007 
f 6007/6007/6007 6006/6006/6006 6008/6008/6008 

g Part339

v 65.3764 10.7201 -321.705 1 1 1 1 
v 65.9764 10.7201 -321.705 1 1 1 1 
v 65.3764 8.92013 -321.705 1 1 1 1 
v 65.9763 8.92012 -321.705 1 1 1 1 
v 65.9766 10.7201 -304.305 1 1 1 1 
v 65.9764 10.7201 -321.705 1 1 1 1 
v 65.3766 10.7201 -304.305 1 1 1 1 
v 65.3764 10.7201 -321.705 1 1 1 1 
v 65.9764 10.7201 -321.705 1 1 1 1 
v 65.9766 10.7201 -304.305 1 1 1 1 
v 65.9763 8.92012 -321.705 1 1 1 1 
v 65.9766 8.92007 -304.305 1 1 1 1 
v 65.9766 10.7201 -304.305 1 1 1 1 
v 65.3766 10.7201 -304.305 1 1 1 1 
v 65.9766 8.92007 -304.305 1 1 1 1 
v 65.3766 8.92008 -304.305 1 1 1 1 
v 65.3766 8.92008 -304.305 1 1 1 1 
v 65.3764 8.92013 -321.705 1 1 1 1 
v 65.9766 8.92007 -304.305 1 1 1 1 
v 65.9763 8.92012 -321.705 1 1 1 1 
v 65.3766 10.7201 -304.305 1 1 1 1 
v 65.3764 10.7201 -321.705 1 1 1 1 
v 65.3766 8.92008 -304.305 1 1 1 1 
v 65.3764 8.92013 -321.705 1 1 1 1 

vn 0 0 -1 
vn 0 0 -1 
vn 0 0 -1 
vn 0 0 -1 
vn 0 1 0 
vn 0 1 0 
vn 0 1 0 
vn 0 1 0 
vn 1 0 0 
vn 1 0 0 
vn 1 0 0 
vn 1 0 0 
vn 0 0 1 
vn 0 0 1 
vn 0 0 1 
vn 0 0 1 
vn 0 -1 0 
vn 0 -1 0 
vn 0 -1 0 
vn 0 -1 0 
vn -1 0 0 
vn -1 0 0 
vn -1 0 0 
vn -1 0 0 

vt 0.584407 0.553834 
vt 0.509407 0.553834 
vt 0.584407 0.328834 
vt 0.509407 0.328834 
vt 2.68441 0.553834 
vt 0.509407 0.553834 
vt 2.68441 0.478834 
vt 0.509407 0.478834 
vt 2.68441 0.553834 
vt 0.509407 0.553834 
vt 2.68441 0.328834 
vt 0.509407 0.328834 
vt 0.584407 0.553834 
vt 0.509407 0.553834 
vt 0.584407 0.328834 
vt 0.509407 0.328834 
vt 2.68441 0.553834 
vt 0.509407 0.553834 
vt 2.68441 0.478834 
vt 0.509407 0.478834 
vt 2.68441 0.553834 
vt 0.509407 0.553834 
vt 2.68441 0.328834 
vt 0.509407 0.328834 

usemtl Part116Mtl

f 6009/6009/6009 6010/6010/6010 6011/6011/6011 
f 6011/6011/6011 6010/6010/6010 6012/6012/6012 
f 6013/6013/6013 6014/6014/6014 6015/6015/6015 
f 6015/6015/6015 6014/6014/6014 6016/6016/6016 
f 6017/6017/6017 6018/6018/6018 6019/6019/6019 
f 6019/6019/6019 6018/6018/6018 6020/6020/6020 
f 6021/6021/6021 6022/6022/6022 6023/6023/6023 
f 6023/6023/6023 6022/6022/6022 6024/6024/6024 
f 6025/6025/6025 6026/6026/6026 6027/6027/6027 
f 6027/6027/6027 6026/6026/6026 6028/6028/6028 
f 6029/6029/6029 6030/6030/6030 6031/6031/6031 
f 6031/6031/6031 6030/6030/6030 6032/6032/6032 

g Part340

v 65.3716 10.7201 -304.305 1 1 1 1 
v 65.3714 10.7201 -321.705 1 1 1 1 
v 65.3716 8.92008 -304.305 1 1 1 1 
v 65.3714 8.92013 -321.705 1 1 1 1 

vn -1 0 0 
vn -1 0 0 
vn -1 0 0 
vn -1 0 0 

vt 3.48 1 
vt 0 1 
vt 3.48 0.82 
vt 0 0.82 

usemtl Part117Mtl

f 6033/6033/6033 6034/6034/6034 6035/6035/6035 
f 6035/6035/6035 6034/6034/6034 6036/6036/6036 

g Part341

v 65.9766 10.7201 -304.3 1 1 1 1 
v 65.3766 10.7201 -304.3 1 1 1 1 
v 65.9766 8.92007 -304.3 1 1 1 1 
v 65.3766 8.92008 -304.3 1 1 1 1 

vn 0 0 1 
vn 0 0 1 
vn 0 0 1 
vn 0 0 1 

vt 0.12 1 
vt 0 1 
vt 0.12 0.82 
vt 0 0.82 

usemtl Part117Mtl

f 6037/6037/6037 6038/6038/6038 6039/6039/6039 
f 6039/6039/6039 6038/6038/6038 6040/6040/6040 

g Part342

v 65.9814 10.7201 -321.705 1 1 1 1 
v 65.9816 10.7201 -304.305 1 1 1 1 
v 65.9813 8.92012 -321.705 1 1 1 1 
v 65.9816 8.92007 -304.305 1 1 1 1 

vn 1 0 0 
vn 1 0 0 
vn 1 0 0 
vn 1 0 0 

vt 3.48 1 
vt 0 1 
vt 3.48 0.82 
vt 0 0.82 

usemtl Part117Mtl

f 6041/6041/6041 6042/6042/6042 6043/6043/6043 
f 6043/6043/6043 6042/6042/6042 6044/6044/6044 

g Part343

v 65.9766 10.7251 -304.305 1 1 1 1 
v 65.9764 10.7251 -321.705 1 1 1 1 
v 65.3766 10.7251 -304.305 1 1 1 1 
v 65.3764 10.7251 -321.705 1 1 1 1 

vn 0 1 0 
vn 0 1 0 
vn 0 1 0 
vn 0 1 0 

vt 3.48 1 
vt 0 1 
vt 3.48 0.94 
vt 0 0.94 

usemtl Part117Mtl

f 6045/6045/6045 6046/6046/6046 6047/6047/6047 
f 6047/6047/6047 6046/6046/6046 6048/6048/6048 

g Part344

v 61.7616 0.600067 -302.1 1 1 1 1 
v 61.7616 0.600067 -301.1 1 1 1 1 
v 61.7616 6.52382e-05 -302.1 1 1 1 1 
v 61.7616 6.52382e-05 -301.1 1 1 1 1 
v 57.5616 0.600067 -301.1 1 1 1 1 
v 61.7616 0.600067 -301.1 1 1 1 1 
v 57.5616 0.600067 -302.1 1 1 1 1 
v 61.7616 0.600067 -302.1 1 1 1 1 
v 61.7616 0.600067 -301.1 1 1 1 1 
v 57.5616 0.600067 -301.1 1 1 1 1 
v 61.7616 6.52382e-05 -301.1 1 1 1 1 
v 57.5616 6.52372e-05 -301.1 1 1 1 1 
v 57.5616 0.600067 -301.1 1 1 1 1 
v 57.5616 0.600067 -302.1 1 1 1 1 
v 57.5616 6.52372e-05 -301.1 1 1 1 1 
v 57.5616 6.52373e-05 -302.1 1 1 1 1 
v 57.5616 6.52373e-05 -302.1 1 1 1 1 
v 61.7616 6.52382e-05 -302.1 1 1 1 1 
v 57.5616 6.52372e-05 -301.1 1 1 1 1 
v 61.7616 6.52382e-05 -301.1 1 1 1 1 
v 57.5616 0.600067 -302.1 1 1 1 1 
v 61.7616 0.600067 -302.1 1 1 1 1 
v 57.5616 6.52373e-05 -302.1 1 1 1 1 
v 61.7616 6.52382e-05 -302.1 1 1 1 1 

vn 1 0 0 
vn 1 0 0 
vn 1 0 0 
vn 1 0 0 
vn 0 1 0 
vn 0 1 0 
vn 0 1 0 
vn 0 1 0 
vn 0 0 1 
vn 0 0 1 
vn 0 0 1 
vn 0 0 1 
vn -1 0 0 
vn -1 0 0 
vn -1 0 0 
vn -1 0 0 
vn 0 -1 0 
vn 0 -1 0 
vn 0 -1 0 
vn 0 -1 0 
vn 0 0 -1 
vn 0 0 -1 
vn 0 0 -1 
vn 0 0 -1 

vt 0.144202 0.786142 
vt 0.0192016 0.786142 
vt 0.144202 0.711142 
vt 0.0192016 0.711142 
vt 0.544201 0.786142 
vt 0.0192016 0.786142 
vt 0.544201 0.661142 
vt 0.0192016 0.661142 
vt 0.544201 0.786142 
vt 0.0192016 0.786142 
vt 0.544201 0.711142 
vt 0.0192016 0.711142 
vt 0.144202 0.786142 
vt 0.0192016 0.786142 
vt 0.144202 0.711142 
vt 0.0192016 0.711142 
vt 0.544201 0.786142 
vt 0.0192016 0.786142 
vt 0.544201 0.661142 
vt 0.0192016 0.661142 
vt 0.544201 0.786142 
vt 0.0192016 0.786142 
vt 0.544201 0.711142 
vt 0.0192016 0.711142 

usemtl Part328Mtl

f 6049/6049/6049 6050/6050/6050 6051/6051/6051 
f 6051/6051/6051 6050/6050/6050 6052/6052/6052 
f 6053/6053/6053 6054/6054/6054 6055/6055/6055 
f 6055/6055/6055 6054/6054/6054 6056/6056/6056 
f 6057/6057/6057 6058/6058/6058 6059/6059/6059 
f 6059/6059/6059 6058/6058/6058 6060/6060/6060 
f 6061/6061/6061 6062/6062/6062 6063/6063/6063 
f 6063/6063/6063 6062/6062/6062 6064/6064/6064 
f 6065/6065/6065 6066/6066/6066 6067/6067/6067 
f 6067/6067/6067 6066/6066/6066 6068/6068/6068 
f 6069/6069/6069 6070/6070/6070 6071/6071/6071 
f 6071/6071/6071 6070/6070/6070 6072/6072/6072 

g Part345

v 65.3613 2.00012 -321.7 1 1 1 1 
v 66.1613 2.0001 -321.7 1 1 1 1 
v 65.3612 0.000110612 -321.7 1 1 1 1 
v 66.1612 9.54495e-05 -321.7 1 1 1 1 
v 66.1615 2.00006 -304.1 1 1 1 1 
v 66.1613 2.0001 -321.7 1 1 1 1 
v 65.3615 2.00007 -304.1 1 1 1 1 
v 65.3613 2.00012 -321.7 1 1 1 1 
v 66.1613 2.0001 -321.7 1 1 1 1 
v 66.1615 2.00006 -304.1 1 1 1 1 
v 66.1612 9.54495e-05 -321.7 1 1 1 1 
v 66.1615 5.05215e-05 -304.1 1 1 1 1 
v 66.1615 2.00006 -304.1 1 1 1 1 
v 65.3615 2.00007 -304.1 1 1 1 1 
v 66.1615 5.05215e-05 -304.1 1 1 1 1 
v 65.3615 6.56843e-05 -304.1 1 1 1 1 
v 65.3615 6.56843e-05 -304.1 1 1 1 1 
v 65.3612 0.000110612 -321.7 1 1 1 1 
v 66.1615 5.05215e-05 -304.1 1 1 1 1 
v 66.1612 9.54495e-05 -321.7 1 1 1 1 
v 65.3615 2.00007 -304.1 1 1 1 1 
v 65.3613 2.00012 -321.7 1 1 1 1 
v 65.3615 6.56843e-05 -304.1 1 1 1 1 
v 65.3612 0.000110612 -321.7 1 1 1 1 

vn 0 0 -1 
vn 0 0 -1 
vn 0 0 -1 
vn 0 0 -1 
vn 0 1 0 
vn 0 1 0 
vn 0 1 0 
vn 0 1 0 
vn 1 0 0 
vn 1 0 0 
vn 1 0 0 
vn 1 0 0 
vn 0 0 1 
vn 0 0 1 
vn 0 0 1 
vn 0 0 1 
vn 0 -1 0 
vn 0 -1 0 
vn 0 -1 0 
vn 0 -1 0 
vn -1 0 0 
vn -1 0 0 
vn -1 0 0 
vn -1 0 0 

vt 3.475 -1.75 
vt 3.375 -1.75 
vt 3.475 -2 
vt 3.375 -2 
vt 5.575 -1.75 
vt 3.375 -1.75 
vt 5.575 -1.85 
vt 3.375 -1.85 
vt 5.575 -1.75 
vt 3.375 -1.75 
vt 5.575 -2 
vt 3.375 -2 
vt 3.475 -1.75 
vt 3.375 -1.75 
vt 3.475 -2 
vt 3.375 -2 
vt 5.575 -1.75 
vt 3.375 -1.75 
vt 5.575 -1.85 
vt 3.375 -1.85 
vt 5.575 -1.75 
vt 3.375 -1.75 
vt 5.575 -2 
vt 3.375 -2 

usemtl Part134Mtl

f 6073/6073/6073 6074/6074/6074 6075/6075/6075 
f 6075/6075/6075 6074/6074/6074 6076/6076/6076 
f 6077/6077/6077 6078/6078/6078 6079/6079/6079 
f 6079/6079/6079 6078/6078/6078 6080/6080/6080 
f 6081/6081/6081 6082/6082/6082 6083/6083/6083 
f 6083/6083/6083 6082/6082/6082 6084/6084/6084 
f 6085/6085/6085 6086/6086/6086 6087/6087/6087 
f 6087/6087/6087 6086/6086/6086 6088/6088/6088 
f 6089/6089/6089 6090/6090/6090 6091/6091/6091 
f 6091/6091/6091 6090/6090/6090 6092/6092/6092 
f 6093/6093/6093 6094/6094/6094 6095/6095/6095 
f 6095/6095/6095 6094/6094/6094 6096/6096/6096 

g Part346

v 57.7004 2.00004 -304.619 1 1 1 1 
v 57.7004 2.00004 -304.219 1 1 1 1 
v 57.7004 2.20004 -304.619 1 1 1 1 
v 57.7004 2.20004 -304.219 1 1 1 1 
v 61.7004 2.00003 -304.219 1 1 1 1 
v 57.7004 2.00004 -304.219 1 1 1 1 
v 61.7004 2.00003 -304.619 1 1 1 1 
v 57.7004 2.00004 -304.619 1 1 1 1 
v 57.7004 2.00004 -304.219 1 1 1 1 
v 61.7004 2.00003 -304.219 1 1 1 1 
v 57.7004 2.20004 -304.219 1 1 1 1 
v 61.7004 2.20003 -304.219 1 1 1 1 
v 61.7004 2.00003 -304.219 1 1 1 1 
v 61.7004 2.00003 -304.619 1 1 1 1 
v 61.7004 2.20003 -304.219 1 1 1 1 
v 61.7004 2.20003 -304.619 1 1 1 1 
v 61.7004 2.20003 -304.619 1 1 1 1 
v 57.7004 2.20004 -304.619 1 1 1 1 
v 61.7004 2.20003 -304.219 1 1 1 1 
v 57.7004 2.20004 -304.219 1 1 1 1 
v 61.7004 2.00003 -304.619 1 1 1 1 
v 57.7004 2.00004 -304.619 1 1 1 1 
v 61.7004 2.20003 -304.619 1 1 1 1 
v 57.7004 2.20004 -304.619 1 1 1 1 

vn -1 0 0 
vn -1 0 0 
vn -1 0 0 
vn -1 0 0 
vn 0 -1 0 
vn 0 -1 0 
vn 0 -1 0 
vn 0 -1 0 
vn 0 0 1 
vn 0 0 1 
vn 0 0 1 
vn 0 0 1 
vn 1 0 0 
vn 1 0 0 
vn 1 0 0 
vn 1 0 0 
vn 0 1 0 
vn 0 1 0 
vn 0 1 0 
vn 0 1 0 
vn 0 0 -1 
vn 0 0 -1 
vn 0 0 -1 
vn 0 0 -1 

vt 0.254077 0.889492 
vt 0.204077 0.889492 
vt 0.254077 0.864492 
vt 0.204077 0.864492 
vt 0.704077 0.889492 
vt 0.204077 0.889492 
vt 0.704077 0.839492 
vt 0.204077 0.839492 
vt 0.704077 0.889492 
vt 0.204077 0.889492 
vt 0.704077 0.864492 
vt 0.204077 0.864492 
vt 0.254077 0.889492 
vt 0.204077 0.889492 
vt 0.254077 0.864492 
vt 0.204077 0.864492 
vt 0.704077 0.889492 
vt 0.204077 0.889492 
vt 0.704077 0.839492 
vt 0.204077 0.839492 
vt 0.704077 0.889492 
vt 0.204077 0.889492 
vt 0.704077 0.864492 
vt 0.204077 0.864492 

usemtl Part181Mtl

f 6097/6097/6097 6098/6098/6098 6099/6099/6099 
f 6099/6099/6099 6098/6098/6098 6100/6100/6100 
f 6101/6101/6101 6102/6102/6102 6103/6103/6103 
f 6103/6103/6103 6102/6102/6102 6104/6104/6104 
f 6105/6105/6105 6106/6106/6106 6107/6107/6107 
f 6107/6107/6107 6106/6106/6106 6108/6108/6108 
f 6109/6109/6109 6110/6110/6110 6111/6111/6111 
f 6111/6111/6111 6110/6110/6110 6112/6112/6112 
f 6113/6113/6113 6114/6114/6114 6115/6115/6115 
f 6115/6115/6115 6114/6114/6114 6116/6116/6116 
f 6117/6117/6117 6118/6118/6118 6119/6119/6119 
f 6119/6119/6119 6118/6118/6118 6120/6120/6120 

g Part347

v 57.7006 2.05986 -304.619 1 1 1 1 
v 57.7006 2.05986 -304.219 1 1 1 1 
v 57.7006 7.65987 -304.619 1 1 1 1 
v 57.7006 7.65987 -304.219 1 1 1 1 
v 58.1006 2.05986 -304.219 1 1 1 1 
v 57.7006 2.05986 -304.219 1 1 1 1 
v 58.1006 2.05986 -304.619 1 1 1 1 
v 57.7006 2.05986 -304.619 1 1 1 1 
v 57.7006 2.05986 -304.219 1 1 1 1 
v 58.1006 2.05986 -304.219 1 1 1 1 
v 57.7006 7.65987 -304.219 1 1 1 1 
v 58.1006 7.65987 -304.219 1 1 1 1 
v 58.1006 2.05986 -304.219 1 1 1 1 
v 58.1006 2.05986 -304.619 1 1 1 1 
v 58.1006 7.65987 -304.219 1 1 1 1 
v 58.1006 7.65987 -304.619 1 1 1 1 
v 58.1006 7.65987 -304.619 1 1 1 1 
v 57.7006 7.65987 -304.619 1 1 1 1 
v 58.1006 7.65987 -304.219 1 1 1 1 
v 57.7006 7.65987 -304.219 1 1 1 1 
v 58.1006 2.05986 -304.619 1 1 1 1 
v 57.7006 2.05986 -304.619 1 1 1 1 
v 58.1006 7.65987 -304.619 1 1 1 1 
v 57.7006 7.65987 -304.619 1 1 1 1 

vn -1 0 0 
vn -1 0 0 
vn -1 0 0 
vn -1 0 0 
vn 0 -1 0 
vn 0 -1 0 
vn 0 -1 0 
vn 0 -1 0 
vn 0 0 1 
vn 0 0 1 
vn 0 0 1 
vn 0 0 1 
vn 1 0 0 
vn 1 0 0 
vn 1 0 0 
vn 1 0 0 
vn 0 1 0 
vn 0 1 0 
vn 0 1 0 
vn 0 1 0 
vn 0 0 -1 
vn 0 0 -1 
vn 0 0 -1 
vn 0 0 -1 

vt 0.150703 1.1285 
vt 0.100703 1.1285 
vt 0.150703 0.428504 
vt 0.100703 0.428504 
vt 0.150703 1.1285 
vt 0.100703 1.1285 
vt 0.150703 1.0785 
vt 0.100703 1.0785 
vt 0.150703 1.1285 
vt 0.100703 1.1285 
vt 0.150703 0.428504 
vt 0.100703 0.428504 
vt 0.150703 1.1285 
vt 0.100703 1.1285 
vt 0.150703 0.428504 
vt 0.100703 0.428504 
vt 0.150703 1.1285 
vt 0.100703 1.1285 
vt 0.150703 1.0785 
vt 0.100703 1.0785 
vt 0.150703 1.1285 
vt 0.100703 1.1285 
vt 0.150703 0.428504 
vt 0.100703 0.428504 

usemtl Part181Mtl

f 6121/6121/6121 6122/6122/6122 6123/6123/6123 
f 6123/6123/6123 6122/6122/6122 6124/6124/6124 
f 6125/6125/6125 6126/6126/6126 6127/6127/6127 
f 6127/6127/6127 6126/6126/6126 6128/6128/6128 
f 6129/6129/6129 6130/6130/6130 6131/6131/6131 
f 6131/6131/6131 6130/6130/6130 6132/6132/6132 
f 6133/6133/6133 6134/6134/6134 6135/6135/6135 
f 6135/6135/6135 6134/6134/6134 6136/6136/6136 
f 6137/6137/6137 6138/6138/6138 6139/6139/6139 
f 6139/6139/6139 6138/6138/6138 6140/6140/6140 
f 6141/6141/6141 6142/6142/6142 6143/6143/6143 
f 6143/6143/6143 6142/6142/6142 6144/6144/6144 

g Part348

v 61.3007 2.05995 -304.619 1 1 1 1 
v 61.3007 2.05995 -304.219 1 1 1 1 
v 61.3007 7.65996 -304.619 1 1 1 1 
v 61.3007 7.65996 -304.219 1 1 1 1 
v 61.7007 2.05995 -304.219 1 1 1 1 
v 61.3007 2.05995 -304.219 1 1 1 1 
v 61.7007 2.05995 -304.619 1 1 1 1 
v 61.3007 2.05995 -304.619 1 1 1 1 
v 61.3007 2.05995 -304.219 1 1 1 1 
v 61.7007 2.05995 -304.219 1 1 1 1 
v 61.3007 7.65996 -304.219 1 1 1 1 
v 61.7007 7.65996 -304.219 1 1 1 1 
v 61.7007 2.05995 -304.219 1 1 1 1 
v 61.7007 2.05995 -304.619 1 1 1 1 
v 61.7007 7.65996 -304.219 1 1 1 1 
v 61.7007 7.65996 -304.619 1 1 1 1 
v 61.7007 7.65996 -304.619 1 1 1 1 
v 61.3007 7.65996 -304.619 1 1 1 1 
v 61.7007 7.65996 -304.219 1 1 1 1 
v 61.3007 7.65996 -304.219 1 1 1 1 
v 61.7007 2.05995 -304.619 1 1 1 1 
v 61.3007 2.05995 -304.619 1 1 1 1 
v 61.7007 7.65996 -304.619 1 1 1 1 
v 61.3007 7.65996 -304.619 1 1 1 1 

vn -1 0 0 
vn -1 0 0 
vn -1 0 0 
vn -1 0 0 
vn 0 -1 0 
vn 0 -1 0 
vn 0 -1 0 
vn 0 -1 0 
vn 0 0 1 
vn 0 0 1 
vn 0 0 1 
vn 0 0 1 
vn 1 0 0 
vn 1 0 0 
vn 1 0 0 
vn 1 0 0 
vn 0 1 0 
vn 0 1 0 
vn 0 1 0 
vn 0 1 0 
vn 0 0 -1 
vn 0 0 -1 
vn 0 0 -1 
vn 0 0 -1 

vt -0.0076144 0.835343 
vt -0.0576144 0.835343 
vt -0.0076144 0.135343 
vt -0.0576144 0.135343 
vt -0.0076144 0.835343 
vt -0.0576144 0.835343 
vt -0.0076144 0.785343 
vt -0.0576144 0.785343 
vt -0.0076144 0.835343 
vt -0.0576144 0.835343 
vt -0.0076144 0.135343 
vt -0.0576144 0.135343 
vt -0.0076144 0.835343 
vt -0.0576144 0.835343 
vt -0.0076144 0.135343 
vt -0.0576144 0.135343 
vt -0.0076144 0.835343 
vt -0.0576144 0.835343 
vt -0.0076144 0.785343 
vt -0.0576144 0.785343 
vt -0.0076144 0.835343 
vt -0.0576144 0.835343 
vt -0.0076144 0.135343 
vt -0.0576144 0.135343 

usemtl Part181Mtl

f 6145/6145/6145 6146/6146/6146 6147/6147/6147 
f 6147/6147/6147 6146/6146/6146 6148/6148/6148 
f 6149/6149/6149 6150/6150/6150 6151/6151/6151 
f 6151/6151/6151 6150/6150/6150 6152/6152/6152 
f 6153/6153/6153 6154/6154/6154 6155/6155/6155 
f 6155/6155/6155 6154/6154/6154 6156/6156/6156 
f 6157/6157/6157 6158/6158/6158 6159/6159/6159 
f 6159/6159/6159 6158/6158/6158 6160/6160/6160 
f 6161/6161/6161 6162/6162/6162 6163/6163/6163 
f 6163/6163/6163 6162/6162/6162 6164/6164/6164 
f 6165/6165/6165 6166/6166/6166 6167/6167/6167 
f 6167/6167/6167 6166/6166/6166 6168/6168/6168 

g Part349

v 57.7006 7.65989 -304.619 1 1 1 1 
v 57.7006 7.65989 -304.219 1 1 1 1 
v 57.7006 8.05989 -304.619 1 1 1 1 
v 57.7006 8.05989 -304.219 1 1 1 1 
v 61.7006 7.65988 -304.219 1 1 1 1 
v 57.7006 7.65989 -304.219 1 1 1 1 
v 61.7006 7.65988 -304.619 1 1 1 1 
v 57.7006 7.65989 -304.619 1 1 1 1 
v 57.7006 7.65989 -304.219 1 1 1 1 
v 61.7006 7.65988 -304.219 1 1 1 1 
v 57.7006 8.05989 -304.219 1 1 1 1 
v 61.7006 8.05988 -304.219 1 1 1 1 
v 61.7006 7.65988 -304.219 1 1 1 1 
v 61.7006 7.65988 -304.619 1 1 1 1 
v 61.7006 8.05988 -304.219 1 1 1 1 
v 61.7006 8.05988 -304.619 1 1 1 1 
v 61.7006 8.05988 -304.619 1 1 1 1 
v 57.7006 8.05989 -304.619 1 1 1 1 
v 61.7006 8.05988 -304.219 1 1 1 1 
v 57.7006 8.05989 -304.219 1 1 1 1 
v 61.7006 7.65988 -304.619 1 1 1 1 
v 57.7006 7.65989 -304.619 1 1 1 1 
v 61.7006 8.05988 -304.619 1 1 1 1 
v 57.7006 8.05989 -304.619 1 1 1 1 

vn -1 0 0 
vn -1 0 0 
vn -1 0 0 
vn -1 0 0 
vn 0 -1 0 
vn 0 -1 0 
vn 0 -1 0 
vn 0 -1 0 
vn 0 0 1 
vn 0 0 1 
vn 0 0 1 
vn 0 0 1 
vn 1 0 0 
vn 1 0 0 
vn 1 0 0 
vn 1 0 0 
vn 0 1 0 
vn 0 1 0 
vn 0 1 0 
vn 0 1 0 
vn 0 0 -1 
vn 0 0 -1 
vn 0 0 -1 
vn 0 0 -1 

vt 0.246394 1.23499 
vt 0.196394 1.23499 
vt 0.246394 1.18499 
vt 0.196394 1.18499 
vt 0.696394 1.23499 
vt 0.196394 1.23499 
vt 0.696394 1.18499 
vt 0.196394 1.18499 
vt 0.696394 1.23499 
vt 0.196394 1.23499 
vt 0.696394 1.18499 
vt 0.196394 1.18499 
vt 0.246394 1.23499 
vt 0.196394 1.23499 
vt 0.246394 1.18499 
vt 0.196394 1.18499 
vt 0.696394 1.23499 
vt 0.196394 1.23499 
vt 0.696394 1.18499 
vt 0.196394 1.18499 
vt 0.696394 1.23499 
vt 0.196394 1.23499 
vt 0.696394 1.18499 
vt 0.196394 1.18499 

usemtl Part181Mtl

f 6169/6169/6169 6170/6170/6170 6171/6171/6171 
f 6171/6171/6171 6170/6170/6170 6172/6172/6172 
f 6173/6173/6173 6174/6174/6174 6175/6175/6175 
f 6175/6175/6175 6174/6174/6174 6176/6176/6176 
f 6177/6177/6177 6178/6178/6178 6179/6179/6179 
f 6179/6179/6179 6178/6178/6178 6180/6180/6180 
f 6181/6181/6181 6182/6182/6182 6183/6183/6183 
f 6183/6183/6183 6182/6182/6182 6184/6184/6184 
f 6185/6185/6185 6186/6186/6186 6187/6187/6187 
f 6187/6187/6187 6186/6186/6186 6188/6188/6188 
f 6189/6189/6189 6190/6190/6190 6191/6191/6191 
f 6191/6191/6191 6190/6190/6190 6192/6192/6192 

g Part350

v 57.6442 7.40004 -322.11 1 1 1 1 
v 57.6441 7.40012 -322.31 1 1 1 1 
v 57.6442 7.20004 -322.11 1 1 1 1 
v 57.6441 7.20012 -322.31 1 1 1 1 
v 62.6441 7.40012 -322.31 1 1 1 1 
v 57.6441 7.40012 -322.31 1 1 1 1 
v 62.6442 7.40004 -322.11 1 1 1 1 
v 57.6442 7.40004 -322.11 1 1 1 1 
v 57.6441 7.40012 -322.31 1 1 1 1 
v 62.6441 7.40012 -322.31 1 1 1 1 
v 57.6441 7.20012 -322.31 1 1 1 1 
v 62.6441 7.20012 -322.311 1 1 1 1 
v 62.6441 7.40012 -322.31 1 1 1 1 
v 62.6442 7.40004 -322.11 1 1 1 1 
v 62.6441 7.20012 -322.311 1 1 1 1 
v 62.6442 7.20004 -322.111 1 1 1 1 
v 62.6442 7.20004 -322.111 1 1 1 1 
v 57.6442 7.20004 -322.11 1 1 1 1 
v 62.6441 7.20012 -322.311 1 1 1 1 
v 57.6441 7.20012 -322.31 1 1 1 1 
v 62.6442 7.40004 -322.11 1 1 1 1 
v 57.6442 7.40004 -322.11 1 1 1 1 
v 62.6442 7.20004 -322.111 1 1 1 1 
v 57.6442 7.20004 -322.11 1 1 1 1 

vn -1 0 0 
vn -1 0 0 
vn -1 0 0 
vn -1 0 0 
vn 0 1 0 
vn 0 1 0 
vn 0 1 0 
vn 0 1 0 
vn 0 0 -1 
vn 0 0 -1 
vn 0 0 -1 
vn 0 0 -1 
vn 1 0 0 
vn 1 0 0 
vn 1 0 0 
vn 1 0 0 
vn 0 -1 0 
vn 0 -1 0 
vn 0 -1 0 
vn 0 -1 0 
vn 0 0 1 
vn 0 0 1 
vn 0 0 1 
vn 0 0 1 

vt 0.264433 0.841664 
vt 0.239433 0.841664 
vt 0.264433 0.816664 
vt 0.239433 0.816664 
vt 0.864433 0.841664 
vt 0.239433 0.841664 
vt 0.864433 0.816664 
vt 0.239433 0.816664 
vt 0.864433 0.841664 
vt 0.239433 0.841664 
vt 0.864433 0.816664 
vt 0.239433 0.816664 
vt 0.264433 0.841664 
vt 0.239433 0.841664 
vt 0.264433 0.816664 
vt 0.239433 0.816664 
vt 0.864433 0.841664 
vt 0.239433 0.841664 
vt 0.864433 0.816664 
vt 0.239433 0.816664 
vt 0.864433 0.841664 
vt 0.239433 0.841664 
vt 0.864433 0.816664 
vt 0.239433 0.816664 

usemtl Part350Mtl

f 6193/6193/6193 6194/6194/6194 6195/6195/6195 
f 6195/6195/6195 6194/6194/6194 6196/6196/6196 
f 6197/6197/6197 6198/6198/6198 6199/6199/6199 
f 6199/6199/6199 6198/6198/6198 6200/6200/6200 
f 6201/6201/6201 6202/6202/6202 6203/6203/6203 
f 6203/6203/6203 6202/6202/6202 6204/6204/6204 
f 6205/6205/6205 6206/6206/6206 6207/6207/6207 
f 6207/6207/6207 6206/6206/6206 6208/6208/6208 
f 6209/6209/6209 6210/6210/6210 6211/6211/6211 
f 6211/6211/6211 6210/6210/6210 6212/6212/6212 
f 6213/6213/6213 6214/6214/6214 6215/6215/6215 
f 6215/6215/6215 6214/6214/6214 6216/6216/6216 

g Part351

v 57.3344 4.6 -321.711 1 1 1 1 
v 57.3343 4.60037 -322.711 1 1 1 1 
v 57.3344 4.4 -321.711 1 1 1 1 
v 57.3343 4.40037 -322.711 1 1 1 1 
v 62.9343 4.60037 -322.711 1 1 1 1 
v 57.3343 4.60037 -322.711 1 1 1 1 
v 62.9344 4.6 -321.711 1 1 1 1 
v 57.3344 4.6 -321.711 1 1 1 1 
v 57.3343 4.60037 -322.711 1 1 1 1 
v 62.9343 4.60037 -322.711 1 1 1 1 
v 57.3343 4.40037 -322.711 1 1 1 1 
v 62.9343 4.40037 -322.712 1 1 1 1 
v 62.9343 4.60037 -322.711 1 1 1 1 
v 62.9344 4.6 -321.711 1 1 1 1 
v 62.9343 4.40037 -322.712 1 1 1 1 
v 62.9344 4.4 -321.712 1 1 1 1 
v 62.9344 4.4 -321.712 1 1 1 1 
v 57.3344 4.4 -321.711 1 1 1 1 
v 62.9343 4.40037 -322.712 1 1 1 1 
v 57.3343 4.40037 -322.711 1 1 1 1 
v 62.9344 4.6 -321.711 1 1 1 1 
v 57.3344 4.6 -321.711 1 1 1 1 
v 62.9344 4.4 -321.712 1 1 1 1 
v 57.3344 4.4 -321.711 1 1 1 1 

vn -1 0 0 
vn -1 0 0 
vn -1 0 0 
vn -1 0 0 
vn 0 1 0 
vn 0 1 0 
vn 0 1 0 
vn 0 1 0 
vn 0 0 -1 
vn 0 0 -1 
vn 0 0 -1 
vn 0 0 -1 
vn 1 0 0 
vn 1 0 0 
vn 1 0 0 
vn 1 0 0 
vn 0 -1 0 
vn 0 -1 0 
vn 0 -1 0 
vn 0 -1 0 
vn 0 0 1 
vn 0 0 1 
vn 0 0 1 
vn 0 0 1 

vt 0.408617 0.740686 
vt 0.283617 0.740686 
vt 0.408617 0.715686 
vt 0.283617 0.715686 
vt 0.983617 0.740686 
vt 0.283617 0.740686 
vt 0.983617 0.615686 
vt 0.283617 0.615686 
vt 0.983617 0.740686 
vt 0.283617 0.740686 
vt 0.983617 0.715686 
vt 0.283617 0.715686 
vt 0.408617 0.740686 
vt 0.283617 0.740686 
vt 0.408617 0.715686 
vt 0.283617 0.715686 
vt 0.983617 0.740686 
vt 0.283617 0.740686 
vt 0.983617 0.615686 
vt 0.283617 0.615686 
vt 0.983617 0.740686 
vt 0.283617 0.740686 
vt 0.983617 0.715686 
vt 0.283617 0.715686 

usemtl Part350Mtl

f 6217/6217/6217 6218/6218/6218 6219/6219/6219 
f 6219/6219/6219 6218/6218/6218 6220/6220/6220 
f 6221/6221/6221 6222/6222/6222 6223/6223/6223 
f 6223/6223/6223 6222/6222/6222 6224/6224/6224 
f 6225/6225/6225 6226/6226/6226 6227/6227/6227 
f 6227/6227/6227 6226/6226/6226 6228/6228/6228 
f 6229/6229/6229 6230/6230/6230 6231/6231/6231 
f 6231/6231/6231 6230/6230/6230 6232/6232/6232 
f 6233/6233/6233 6234/6234/6234 6235/6235/6235 
f 6235/6235/6235 6234/6234/6234 6236/6236/6236 
f 6237/6237/6237 6238/6238/6238 6239/6239/6239 
f 6239/6239/6239 6238/6238/6238 6240/6240/6240 

g Part352

v 57.334 8.79999 -321.909 1 1 1 1 
v 57.334 8.80021 -322.509 1 1 1 1 
v 57.334 8.59999 -321.909 1 1 1 1 
v 57.334 8.60021 -322.509 1 1 1 1 
v 62.934 8.80021 -322.51 1 1 1 1 
v 57.334 8.80021 -322.509 1 1 1 1 
v 62.934 8.79999 -321.91 1 1 1 1 
v 57.334 8.79999 -321.909 1 1 1 1 
v 57.334 8.80021 -322.509 1 1 1 1 
v 62.934 8.80021 -322.51 1 1 1 1 
v 57.334 8.60021 -322.509 1 1 1 1 
v 62.934 8.60021 -322.51 1 1 1 1 
v 62.934 8.80021 -322.51 1 1 1 1 
v 62.934 8.79999 -321.91 1 1 1 1 
v 62.934 8.60021 -322.51 1 1 1 1 
v 62.934 8.59999 -321.91 1 1 1 1 
v 62.934 8.59999 -321.91 1 1 1 1 
v 57.334 8.59999 -321.909 1 1 1 1 
v 62.934 8.60021 -322.51 1 1 1 1 
v 57.334 8.60021 -322.509 1 1 1 1 
v 62.934 8.79999 -321.91 1 1 1 1 
v 57.334 8.79999 -321.909 1 1 1 1 
v 62.934 8.59999 -321.91 1 1 1 1 
v 57.334 8.59999 -321.909 1 1 1 1 

vn -1 0 0 
vn -1 0 0 
vn -1 0 0 
vn -1 0 0 
vn 0 1 0 
vn 0 1 0 
vn 0 1 0 
vn 0 1 0 
vn 0 0 -1 
vn 0 0 -1 
vn 0 0 -1 
vn 0 0 -1 
vn 1 0 0 
vn 1 0 0 
vn 1 0 0 
vn 1 0 0 
vn 0 -1 0 
vn 0 -1 0 
vn 0 -1 0 
vn 0 -1 0 
vn 0 0 1 
vn 0 0 1 
vn 0 0 1 
vn 0 0 1 

vt 0.472664 1.03603 
vt 0.397664 1.03603 
vt 0.472664 1.01103 
vt 0.397664 1.01103 
vt 1.09766 1.03603 
vt 0.397664 1.03603 
vt 1.09766 0.961026 
vt 0.397664 0.961026 
vt 1.09766 1.03603 
vt 0.397664 1.03603 
vt 1.09766 1.01103 
vt 0.397664 1.01103 
vt 0.472664 1.03603 
vt 0.397664 1.03603 
vt 0.472664 1.01103 
vt 0.397664 1.01103 
vt 1.09766 1.03603 
vt 0.397664 1.03603 
vt 1.09766 0.961026 
vt 0.397664 0.961026 
vt 1.09766 1.03603 
vt 0.397664 1.03603 
vt 1.09766 1.01103 
vt 0.397664 1.01103 

usemtl Part350Mtl

f 6241/6241/6241 6242/6242/6242 6243/6243/6243 
f 6243/6243/6243 6242/6242/6242 6244/6244/6244 
f 6245/6245/6245 6246/6246/6246 6247/6247/6247 
f 6247/6247/6247 6246/6246/6246 6248/6248/6248 
f 6249/6249/6249 6250/6250/6250 6251/6251/6251 
f 6251/6251/6251 6250/6250/6250 6252/6252/6252 
f 6253/6253/6253 6254/6254/6254 6255/6255/6255 
f 6255/6255/6255 6254/6254/6254 6256/6256/6256 
f 6257/6257/6257 6258/6258/6258 6259/6259/6259 
f 6259/6259/6259 6258/6258/6258 6260/6260/6260 
f 6261/6261/6261 6262/6262/6262 6263/6263/6263 
f 6263/6263/6263 6262/6262/6262 6264/6264/6264 

g Part353

v 57.3345 8.60004 -321.909 1 1 1 1 
v 57.3344 8.60026 -322.509 1 1 1 1 
v 57.3345 4.60003 -321.911 1 1 1 1 
v 57.3344 4.60025 -322.511 1 1 1 1 
v 57.5345 8.60026 -322.509 1 1 1 1 
v 57.3344 8.60026 -322.509 1 1 1 1 
v 57.5345 8.60004 -321.909 1 1 1 1 
v 57.3345 8.60004 -321.909 1 1 1 1 
v 57.3344 8.60026 -322.509 1 1 1 1 
v 57.5345 8.60026 -322.509 1 1 1 1 
v 57.3344 4.60025 -322.511 1 1 1 1 
v 57.5345 4.60025 -322.511 1 1 1 1 
v 57.5345 8.60026 -322.509 1 1 1 1 
v 57.5345 8.60004 -321.909 1 1 1 1 
v 57.5345 4.60025 -322.511 1 1 1 1 
v 57.5345 4.60003 -321.911 1 1 1 1 
v 57.5345 4.60003 -321.911 1 1 1 1 
v 57.3345 4.60003 -321.911 1 1 1 1 
v 57.5345 4.60025 -322.511 1 1 1 1 
v 57.3344 4.60025 -322.511 1 1 1 1 
v 57.5345 8.60004 -321.909 1 1 1 1 
v 57.3345 8.60004 -321.909 1 1 1 1 
v 57.5345 4.60003 -321.911 1 1 1 1 
v 57.3345 4.60003 -321.911 1 1 1 1 

vn -1 0 0 
vn -1 0 0 
vn -1 0 0 
vn -1 0 0 
vn 0 1 0 
vn 0 1 0 
vn 0 1 0 
vn 0 1 0 
vn 0 0 -1 
vn 0 0 -1 
vn 0 0 -1 
vn 0 0 -1 
vn 1 0 0 
vn 1 0 0 
vn 1 0 0 
vn 1 0 0 
vn 0 -1 0 
vn 0 -1 0 
vn 0 -1 0 
vn 0 -1 0 
vn 0 0 1 
vn 0 0 1 
vn 0 0 1 
vn 0 0 1 

vt -0.0166206 0.880108 
vt -0.0916206 0.880108 
vt -0.0166206 0.380108 
vt -0.0916206 0.380108 
vt -0.0666206 0.880108 
vt -0.0916206 0.880108 
vt -0.0666206 0.805108 
vt -0.0916206 0.805108 
vt -0.0666206 0.880108 
vt -0.0916206 0.880108 
vt -0.0666206 0.380108 
vt -0.0916206 0.380108 
vt -0.0166206 0.880108 
vt -0.0916206 0.880108 
vt -0.0166206 0.380108 
vt -0.0916206 0.380108 
vt -0.0666206 0.880108 
vt -0.0916206 0.880108 
vt -0.0666206 0.805108 
vt -0.0916206 0.805108 
vt -0.0666206 0.880108 
vt -0.0916206 0.880108 
vt -0.0666206 0.380108 
vt -0.0916206 0.380108 

usemtl Part350Mtl

f 6265/6265/6265 6266/6266/6266 6267/6267/6267 
f 6267/6267/6267 6266/6266/6266 6268/6268/6268 
f 6269/6269/6269 6270/6270/6270 6271/6271/6271 
f 6271/6271/6271 6270/6270/6270 6272/6272/6272 
f 6273/6273/6273 6274/6274/6274 6275/6275/6275 
f 6275/6275/6275 6274/6274/6274 6276/6276/6276 
f 6277/6277/6277 6278/6278/6278 6279/6279/6279 
f 6279/6279/6279 6278/6278/6278 6280/6280/6280 
f 6281/6281/6281 6282/6282/6282 6283/6283/6283 
f 6283/6283/6283 6282/6282/6282 6284/6284/6284 
f 6285/6285/6285 6286/6286/6286 6287/6287/6287 
f 6287/6287/6287 6286/6286/6286 6288/6288/6288 

g Part354

v 62.7344 8.60009 -321.91 1 1 1 1 
v 62.7343 8.60031 -322.51 1 1 1 1 
v 62.7344 4.60008 -321.912 1 1 1 1 
v 62.7343 4.6003 -322.512 1 1 1 1 
v 62.9343 8.60031 -322.51 1 1 1 1 
v 62.7343 8.60031 -322.51 1 1 1 1 
v 62.9344 8.60009 -321.91 1 1 1 1 
v 62.7344 8.60009 -321.91 1 1 1 1 
v 62.7343 8.60031 -322.51 1 1 1 1 
v 62.9343 8.60031 -322.51 1 1 1 1 
v 62.7343 4.6003 -322.512 1 1 1 1 
v 62.9343 4.6003 -322.512 1 1 1 1 
v 62.9343 8.60031 -322.51 1 1 1 1 
v 62.9344 8.60009 -321.91 1 1 1 1 
v 62.9343 4.6003 -322.512 1 1 1 1 
v 62.9344 4.60008 -321.912 1 1 1 1 
v 62.9344 4.60008 -321.912 1 1 1 1 
v 62.7344 4.60008 -321.912 1 1 1 1 
v 62.9343 4.6003 -322.512 1 1 1 1 
v 62.7343 4.6003 -322.512 1 1 1 1 
v 62.9344 8.60009 -321.91 1 1 1 1 
v 62.7344 8.60009 -321.91 1 1 1 1 
v 62.9344 4.60008 -321.912 1 1 1 1 
v 62.7344 4.60008 -321.912 1 1 1 1 

vn -1 0 0 
vn -1 0 0 
vn -1 0 0 
vn -1 0 0 
vn 0 1 0 
vn 0 1 0 
vn 0 1 0 
vn 0 1 0 
vn 0 0 -1 
vn 0 0 -1 
vn 0 0 -1 
vn 0 0 -1 
vn 1 0 0 
vn 1 0 0 
vn 1 0 0 
vn 1 0 0 
vn 0 -1 0 
vn 0 -1 0 
vn 0 -1 0 
vn 0 -1 0 
vn 0 0 1 
vn 0 0 1 
vn 0 0 1 
vn 0 0 1 

vt 0.000706807 0.7998 
vt -0.0742932 0.7998 
vt 0.000706807 0.2998 
vt -0.0742932 0.2998 
vt -0.0492932 0.7998 
vt -0.0742932 0.7998 
vt -0.0492932 0.7248 
vt -0.0742932 0.7248 
vt -0.0492932 0.7998 
vt -0.0742932 0.7998 
vt -0.0492932 0.2998 
vt -0.0742932 0.2998 
vt 0.000706807 0.7998 
vt -0.0742932 0.7998 
vt 0.000706807 0.2998 
vt -0.0742932 0.2998 
vt -0.0492932 0.7998 
vt -0.0742932 0.7998 
vt -0.0492932 0.7248 
vt -0.0742932 0.7248 
vt -0.0492932 0.7998 
vt -0.0742932 0.7998 
vt -0.0492932 0.2998 
vt -0.0742932 0.2998 

usemtl Part350Mtl

f 6289/6289/6289 6290/6290/6290 6291/6291/6291 
f 6291/6291/6291 6290/6290/6290 6292/6292/6292 
f 6293/6293/6293 6294/6294/6294 6295/6295/6295 
f 6295/6295/6295 6294/6294/6294 6296/6296/6296 
f 6297/6297/6297 6298/6298/6298 6299/6299/6299 
f 6299/6299/6299 6298/6298/6298 6300/6300/6300 
f 6301/6301/6301 6302/6302/6302 6303/6303/6303 
f 6303/6303/6303 6302/6302/6302 6304/6304/6304 
f 6305/6305/6305 6306/6306/6306 6307/6307/6307 
f 6307/6307/6307 6306/6306/6306 6308/6308/6308 
f 6309/6309/6309 6310/6310/6310 6311/6311/6311 
f 6311/6311/6311 6310/6310/6310 6312/6312/6312 

g Part355

v 62.5343 8.40017 -322.11 1 1 1 1 
v 62.5342 8.40024 -322.31 1 1 1 1 
v 62.5343 4.80016 -322.111 1 1 1 1 
v 62.5342 4.80023 -322.311 1 1 1 1 
v 62.7342 8.40024 -322.31 1 1 1 1 
v 62.5342 8.40024 -322.31 1 1 1 1 
v 62.7343 8.40017 -322.11 1 1 1 1 
v 62.5343 8.40017 -322.11 1 1 1 1 
v 62.5342 8.40024 -322.31 1 1 1 1 
v 62.7342 8.40024 -322.31 1 1 1 1 
v 62.5342 4.80023 -322.311 1 1 1 1 
v 62.7342 4.80023 -322.311 1 1 1 1 
v 62.7342 8.40024 -322.31 1 1 1 1 
v 62.7343 8.40017 -322.11 1 1 1 1 
v 62.7342 4.80023 -322.311 1 1 1 1 
v 62.7343 4.80016 -322.111 1 1 1 1 
v 62.7343 4.80016 -322.111 1 1 1 1 
v 62.5343 4.80016 -322.111 1 1 1 1 
v 62.7342 4.80023 -322.311 1 1 1 1 
v 62.5342 4.80023 -322.311 1 1 1 1 
v 62.7343 8.40017 -322.11 1 1 1 1 
v 62.5343 8.40017 -322.11 1 1 1 1 
v 62.7343 4.80016 -322.111 1 1 1 1 
v 62.5343 4.80016 -322.111 1 1 1 1 

vn -1 0 0 
vn -1 0 0 
vn -1 0 0 
vn -1 0 0 
vn 0 1 0 
vn 0 1 0 
vn 0 1 0 
vn 0 1 0 
vn 0 0 -1 
vn 0 0 -1 
vn 0 0 -1 
vn 0 0 -1 
vn 1 0 0 
vn 1 0 0 
vn 1 0 0 
vn 1 0 0 
vn 0 -1 0 
vn 0 -1 0 
vn 0 -1 0 
vn 0 -1 0 
vn 0 0 1 
vn 0 0 1 
vn 0 0 1 
vn 0 0 1 

vt 0.0896625 0.836339 
vt 0.0646625 0.836339 
vt 0.0896625 0.386338 
vt 0.0646625 0.386338 
vt 0.0896625 0.836339 
vt 0.0646625 0.836339 
vt 0.0896625 0.811338 
vt 0.0646625 0.811338 
vt 0.0896625 0.836339 
vt 0.0646625 0.836339 
vt 0.0896625 0.386338 
vt 0.0646625 0.386338 
vt 0.0896625 0.836339 
vt 0.0646625 0.836339 
vt 0.0896625 0.386338 
vt 0.0646625 0.386338 
vt 0.0896625 0.836339 
vt 0.0646625 0.836339 
vt 0.0896625 0.811338 
vt 0.0646625 0.811338 
vt 0.0896625 0.836339 
vt 0.0646625 0.836339 
vt 0.0896625 0.386338 
vt 0.0646625 0.386338 

usemtl Part350Mtl

f 6313/6313/6313 6314/6314/6314 6315/6315/6315 
f 6315/6315/6315 6314/6314/6314 6316/6316/6316 
f 6317/6317/6317 6318/6318/6318 6319/6319/6319 
f 6319/6319/6319 6318/6318/6318 6320/6320/6320 
f 6321/6321/6321 6322/6322/6322 6323/6323/6323 
f 6323/6323/6323 6322/6322/6322 6324/6324/6324 
f 6325/6325/6325 6326/6326/6326 6327/6327/6327 
f 6327/6327/6327 6326/6326/6326 6328/6328/6328 
f 6329/6329/6329 6330/6330/6330 6331/6331/6331 
f 6331/6331/6331 6330/6330/6330 6332/6332/6332 
f 6333/6333/6333 6334/6334/6334 6335/6335/6335 
f 6335/6335/6335 6334/6334/6334 6336/6336/6336 

g Part356

v 60.8443 8.40013 -322.11 1 1 1 1 
v 60.8443 8.40021 -322.31 1 1 1 1 
v 60.8443 4.80012 -322.111 1 1 1 1 
v 60.8443 4.8002 -322.311 1 1 1 1 
v 61.0443 8.40021 -322.31 1 1 1 1 
v 60.8443 8.40021 -322.31 1 1 1 1 
v 61.0443 8.40013 -322.11 1 1 1 1 
v 60.8443 8.40013 -322.11 1 1 1 1 
v 60.8443 8.40021 -322.31 1 1 1 1 
v 61.0443 8.40021 -322.31 1 1 1 1 
v 60.8443 4.8002 -322.311 1 1 1 1 
v 61.0443 4.8002 -322.311 1 1 1 1 
v 61.0443 8.40021 -322.31 1 1 1 1 
v 61.0443 8.40013 -322.11 1 1 1 1 
v 61.0443 4.8002 -322.311 1 1 1 1 
v 61.0443 4.80012 -322.111 1 1 1 1 
v 61.0443 4.80012 -322.111 1 1 1 1 
v 60.8443 4.80012 -322.111 1 1 1 1 
v 61.0443 4.8002 -322.311 1 1 1 1 
v 60.8443 4.8002 -322.311 1 1 1 1 
v 61.0443 8.40013 -322.11 1 1 1 1 
v 60.8443 8.40013 -322.11 1 1 1 1 
v 61.0443 4.80012 -322.111 1 1 1 1 
v 60.8443 4.80012 -322.111 1 1 1 1 

vn -1 0 0 
vn -1 0 0 
vn -1 0 0 
vn -1 0 0 
vn 0 1 0 
vn 0 1 0 
vn 0 1 0 
vn 0 1 0 
vn 0 0 -1 
vn 0 0 -1 
vn 0 0 -1 
vn 0 0 -1 
vn 1 0 0 
vn 1 0 0 
vn 1 0 0 
vn 1 0 0 
vn 0 -1 0 
vn 0 -1 0 
vn 0 -1 0 
vn 0 -1 0 
vn 0 0 1 
vn 0 0 1 
vn 0 0 1 
vn 0 0 1 

vt -0.070425 1.06738 
vt -0.095425 1.06738 
vt -0.070425 0.617384 
vt -0.095425 0.617384 
vt -0.070425 1.06738 
vt -0.095425 1.06738 
vt -0.070425 1.04238 
vt -0.095425 1.04238 
vt -0.070425 1.06738 
vt -0.095425 1.06738 
vt -0.070425 0.617384 
vt -0.095425 0.617384 
vt -0.070425 1.06738 
vt -0.095425 1.06738 
vt -0.070425 0.617384 
vt -0.095425 0.617384 
vt -0.070425 1.06738 
vt -0.095425 1.06738 
vt -0.070425 1.04238 
vt -0.095425 1.04238 
vt -0.070425 1.06738 
vt -0.095425 1.06738 
vt -0.070425 0.617384 
vt -0.095425 0.617384 

usemtl Part350Mtl

f 6337/6337/6337 6338/6338/6338 6339/6339/6339 
f 6339/6339/6339 6338/6338/6338 6340/6340/6340 
f 6341/6341/6341 6342/6342/6342 6343/6343/6343 
f 6343/6343/6343 6342/6342/6342 6344/6344/6344 
f 6345/6345/6345 6346/6346/6346 6347/6347/6347 
f 6347/6347/6347 6346/6346/6346 6348/6348/6348 
f 6349/6349/6349 6350/6350/6350 6351/6351/6351 
f 6351/6351/6351 6350/6350/6350 6352/6352/6352 
f 6353/6353/6353 6354/6354/6354 6355/6355/6355 
f 6355/6355/6355 6354/6354/6354 6356/6356/6356 
f 6357/6357/6357 6358/6358/6358 6359/6359/6359 
f 6359/6359/6359 6358/6358/6358 6360/6360/6360 

g Part357

v 57.5342 8.40011 -322.109 1 1 1 1 
v 57.5342 8.40018 -322.309 1 1 1 1 
v 57.5342 4.8001 -322.111 1 1 1 1 
v 57.5342 4.80017 -322.311 1 1 1 1 
v 57.7342 8.40018 -322.309 1 1 1 1 
v 57.5342 8.40018 -322.309 1 1 1 1 
v 57.7342 8.40011 -322.109 1 1 1 1 
v 57.5342 8.40011 -322.109 1 1 1 1 
v 57.5342 8.40018 -322.309 1 1 1 1 
v 57.7342 8.40018 -322.309 1 1 1 1 
v 57.5342 4.80017 -322.311 1 1 1 1 
v 57.7342 4.80017 -322.311 1 1 1 1 
v 57.7342 8.40018 -322.309 1 1 1 1 
v 57.7342 8.40011 -322.109 1 1 1 1 
v 57.7342 4.80017 -322.311 1 1 1 1 
v 57.7342 4.8001 -322.111 1 1 1 1 
v 57.7342 4.8001 -322.111 1 1 1 1 
v 57.5342 4.8001 -322.111 1 1 1 1 
v 57.7342 4.80017 -322.311 1 1 1 1 
v 57.5342 4.80017 -322.311 1 1 1 1 
v 57.7342 8.40011 -322.109 1 1 1 1 
v 57.5342 8.40011 -322.109 1 1 1 1 
v 57.7342 4.8001 -322.111 1 1 1 1 
v 57.5342 4.8001 -322.111 1 1 1 1 

vn -1 0 0 
vn -1 0 0 
vn -1 0 0 
vn -1 0 0 
vn 0 1 0 
vn 0 1 0 
vn 0 1 0 
vn 0 1 0 
vn 0 0 -1 
vn 0 0 -1 
vn 0 0 -1 
vn 0 0 -1 
vn 1 0 0 
vn 1 0 0 
vn 1 0 0 
vn 1 0 0 
vn 0 -1 0 
vn 0 -1 0 
vn 0 -1 0 
vn 0 -1 0 
vn 0 0 1 
vn 0 0 1 
vn 0 0 1 
vn 0 0 1 

vt 0.12791 1.06624 
vt 0.10291 1.06624 
vt 0.12791 0.616238 
vt 0.10291 0.616238 
vt 0.12791 1.06624 
vt 0.10291 1.06624 
vt 0.12791 1.04124 
vt 0.10291 1.04124 
vt 0.12791 1.06624 
vt 0.10291 1.06624 
vt 0.12791 0.616238 
vt 0.10291 0.616238 
vt 0.12791 1.06624 
vt 0.10291 1.06624 
vt 0.12791 0.616238 
vt 0.10291 0.616238 
vt 0.12791 1.06624 
vt 0.10291 1.06624 
vt 0.12791 1.04124 
vt 0.10291 1.04124 
vt 0.12791 1.06624 
vt 0.10291 1.06624 
vt 0.12791 0.616238 
vt 0.10291 0.616238 

usemtl Part350Mtl

f 6361/6361/6361 6362/6362/6362 6363/6363/6363 
f 6363/6363/6363 6362/6362/6362 6364/6364/6364 
f 6365/6365/6365 6366/6366/6366 6367/6367/6367 
f 6367/6367/6367 6366/6366/6366 6368/6368/6368 
f 6369/6369/6369 6370/6370/6370 6371/6371/6371 
f 6371/6371/6371 6370/6370/6370 6372/6372/6372 
f 6373/6373/6373 6374/6374/6374 6375/6375/6375 
f 6375/6375/6375 6374/6374/6374 6376/6376/6376 
f 6377/6377/6377 6378/6378/6378 6379/6379/6379 
f 6379/6379/6379 6378/6378/6378 6380/6380/6380 
f 6381/6381/6381 6382/6382/6382 6383/6383/6383 
f 6383/6383/6383 6382/6382/6382 6384/6384/6384 

g Part358

v 57.5343 4.80011 -322.111 1 1 1 1 
v 57.5343 4.80018 -322.311 1 1 1 1 
v 57.5343 4.60011 -322.111 1 1 1 1 
v 57.5343 4.60018 -322.311 1 1 1 1 
v 62.7343 4.80018 -322.311 1 1 1 1 
v 57.5343 4.80018 -322.311 1 1 1 1 
v 62.7343 4.80011 -322.111 1 1 1 1 
v 57.5343 4.80011 -322.111 1 1 1 1 
v 57.5343 4.80018 -322.311 1 1 1 1 
v 62.7343 4.80018 -322.311 1 1 1 1 
v 57.5343 4.60018 -322.311 1 1 1 1 
v 62.7343 4.60018 -322.311 1 1 1 1 
v 62.7343 4.80018 -322.311 1 1 1 1 
v 62.7343 4.80011 -322.111 1 1 1 1 
v 62.7343 4.60018 -322.311 1 1 1 1 
v 62.7343 4.60011 -322.111 1 1 1 1 
v 62.7343 4.60011 -322.111 1 1 1 1 
v 57.5343 4.60011 -322.111 1 1 1 1 
v 62.7343 4.60018 -322.311 1 1 1 1 
v 57.5343 4.60018 -322.311 1 1 1 1 
v 62.7343 4.80011 -322.111 1 1 1 1 
v 57.5343 4.80011 -322.111 1 1 1 1 
v 62.7343 4.60011 -322.111 1 1 1 1 
v 57.5343 4.60011 -322.111 1 1 1 1 

vn -1 0 0 
vn -1 0 0 
vn -1 0 0 
vn -1 0 0 
vn 0 1 0 
vn 0 1 0 
vn 0 1 0 
vn 0 1 0 
vn 0 0 -1 
vn 0 0 -1 
vn 0 0 -1 
vn 0 0 -1 
vn 1 0 0 
vn 1 0 0 
vn 1 0 0 
vn 1 0 0 
vn 0 -1 0 
vn 0 -1 0 
vn 0 -1 0 
vn 0 -1 0 
vn 0 0 1 
vn 0 0 1 
vn 0 0 1 
vn 0 0 1 

vt 0.238552 0.677212 
vt 0.213552 0.677212 
vt 0.238552 0.652212 
vt 0.213552 0.652212 
vt 0.863552 0.677212 
vt 0.213552 0.677212 
vt 0.863552 0.652212 
vt 0.213552 0.652212 
vt 0.863552 0.677212 
vt 0.213552 0.677212 
vt 0.863552 0.652212 
vt 0.213552 0.652212 
vt 0.238552 0.677212 
vt 0.213552 0.677212 
vt 0.238552 0.652212 
vt 0.213552 0.652212 
vt 0.863552 0.677212 
vt 0.213552 0.677212 
vt 0.863552 0.652212 
vt 0.213552 0.652212 
vt 0.863552 0.677212 
vt 0.213552 0.677212 
vt 0.863552 0.652212 
vt 0.213552 0.652212 

usemtl Part350Mtl

f 6385/6385/6385 6386/6386/6386 6387/6387/6387 
f 6387/6387/6387 6386/6386/6386 6388/6388/6388 
f 6389/6389/6389 6390/6390/6390 6391/6391/6391 
f 6391/6391/6391 6390/6390/6390 6392/6392/6392 
f 6393/6393/6393 6394/6394/6394 6395/6395/6395 
f 6395/6395/6395 6394/6394/6394 6396/6396/6396 
f 6397/6397/6397 6398/6398/6398 6399/6399/6399 
f 6399/6399/6399 6398/6398/6398 6400/6400/6400 
f 6401/6401/6401 6402/6402/6402 6403/6403/6403 
f 6403/6403/6403 6402/6402/6402 6404/6404/6404 
f 6405/6405/6405 6406/6406/6406 6407/6407/6407 
f 6407/6407/6407 6406/6406/6406 6408/6408/6408 

g Part359

v 57.534 8.60001 -322.109 1 1 1 1 
v 57.534 8.60009 -322.309 1 1 1 1 
v 57.534 8.40001 -322.109 1 1 1 1 
v 57.534 8.40009 -322.309 1 1 1 1 
v 62.734 8.60009 -322.31 1 1 1 1 
v 57.534 8.60009 -322.309 1 1 1 1 
v 62.734 8.60001 -322.11 1 1 1 1 
v 57.534 8.60001 -322.109 1 1 1 1 
v 57.534 8.60009 -322.309 1 1 1 1 
v 62.734 8.60009 -322.31 1 1 1 1 
v 57.534 8.40009 -322.309 1 1 1 1 
v 62.734 8.40009 -322.31 1 1 1 1 
v 62.734 8.60009 -322.31 1 1 1 1 
v 62.734 8.60001 -322.11 1 1 1 1 
v 62.734 8.40009 -322.31 1 1 1 1 
v 62.734 8.40001 -322.11 1 1 1 1 
v 62.734 8.40001 -322.11 1 1 1 1 
v 57.534 8.40001 -322.109 1 1 1 1 
v 62.734 8.40009 -322.31 1 1 1 1 
v 57.534 8.40009 -322.309 1 1 1 1 
v 62.734 8.60001 -322.11 1 1 1 1 
v 57.534 8.60001 -322.109 1 1 1 1 
v 62.734 8.40001 -322.11 1 1 1 1 
v 57.534 8.40001 -322.109 1 1 1 1 

vn -1 0 0 
vn -1 0 0 
vn -1 0 0 
vn -1 0 0 
vn 0 1 0 
vn 0 1 0 
vn 0 1 0 
vn 0 1 0 
vn 0 0 -1 
vn 0 0 -1 
vn 0 0 -1 
vn 0 0 -1 
vn 1 0 0 
vn 1 0 0 
vn 1 0 0 
vn 1 0 0 
vn 0 -1 0 
vn 0 -1 0 
vn 0 -1 0 
vn 0 -1 0 
vn 0 0 1 
vn 0 0 1 
vn 0 0 1 
vn 0 0 1 

vt 0.0734484 0.751699 
vt 0.0484484 0.751699 
vt 0.0734484 0.726699 
vt 0.0484484 0.726699 
vt 0.698448 0.751699 
vt 0.0484484 0.751699 
vt 0.698448 0.726699 
vt 0.0484484 0.726699 
vt 0.698448 0.751699 
vt 0.0484484 0.751699 
vt 0.698448 0.726699 
vt 0.0484484 0.726699 
vt 0.0734484 0.751699 
vt 0.0484484 0.751699 
vt 0.0734484 0.726699 
vt 0.0484484 0.726699 
vt 0.698448 0.751699 
vt 0.0484484 0.751699 
vt 0.698448 0.726699 
vt 0.0484484 0.726699 
vt 0.698448 0.751699 
vt 0.0484484 0.751699 
vt 0.698448 0.726699 
vt 0.0484484 0.726699 

usemtl Part350Mtl

f 6409/6409/6409 6410/6410/6410 6411/6411/6411 
f 6411/6411/6411 6410/6410/6410 6412/6412/6412 
f 6413/6413/6413 6414/6414/6414 6415/6415/6415 
f 6415/6415/6415 6414/6414/6414 6416/6416/6416 
f 6417/6417/6417 6418/6418/6418 6419/6419/6419 
f 6419/6419/6419 6418/6418/6418 6420/6420/6420 
f 6421/6421/6421 6422/6422/6422 6423/6423/6423 
f 6423/6423/6423 6422/6422/6422 6424/6424/6424 
f 6425/6425/6425 6426/6426/6426 6427/6427/6427 
f 6427/6427/6427 6426/6426/6426 6428/6428/6428 
f 6429/6429/6429 6430/6430/6430 6431/6431/6431 
f 6431/6431/6431 6430/6430/6430 6432/6432/6432 

g Part360

v 59.2445 8.40009 -322.11 1 1 1 1 
v 59.2444 8.40017 -322.31 1 1 1 1 
v 59.2445 4.80008 -322.111 1 1 1 1 
v 59.2444 4.80016 -322.311 1 1 1 1 
v 59.4444 8.40017 -322.31 1 1 1 1 
v 59.2444 8.40017 -322.31 1 1 1 1 
v 59.4445 8.40009 -322.11 1 1 1 1 
v 59.2445 8.40009 -322.11 1 1 1 1 
v 59.2444 8.40017 -322.31 1 1 1 1 
v 59.4444 8.40017 -322.31 1 1 1 1 
v 59.2444 4.80016 -322.311 1 1 1 1 
v 59.4444 4.80016 -322.311 1 1 1 1 
v 59.4444 8.40017 -322.31 1 1 1 1 
v 59.4445 8.40009 -322.11 1 1 1 1 
v 59.4444 4.80016 -322.311 1 1 1 1 
v 59.4445 4.80008 -322.111 1 1 1 1 
v 59.4445 4.80008 -322.111 1 1 1 1 
v 59.2445 4.80008 -322.111 1 1 1 1 
v 59.4444 4.80016 -322.311 1 1 1 1 
v 59.2444 4.80016 -322.311 1 1 1 1 
v 59.4445 8.40009 -322.11 1 1 1 1 
v 59.2445 8.40009 -322.11 1 1 1 1 
v 59.4445 4.80008 -322.111 1 1 1 1 
v 59.2445 4.80008 -322.111 1 1 1 1 

vn -1 0 0 
vn -1 0 0 
vn -1 0 0 
vn -1 0 0 
vn 0 1 0 
vn 0 1 0 
vn 0 1 0 
vn 0 1 0 
vn 0 0 -1 
vn 0 0 -1 
vn 0 0 -1 
vn 0 0 -1 
vn 1 0 0 
vn 1 0 0 
vn 1 0 0 
vn 1 0 0 
vn 0 -1 0 
vn 0 -1 0 
vn 0 -1 0 
vn 0 -1 0 
vn 0 0 1 
vn 0 0 1 
vn 0 0 1 
vn 0 0 1 

vt -0.109764 1.06191 
vt -0.134764 1.06191 
vt -0.109764 0.611911 
vt -0.134764 0.611911 
vt -0.109764 1.06191 
vt -0.134764 1.06191 
vt -0.109764 1.03691 
vt -0.134764 1.03691 
vt -0.109764 1.06191 
vt -0.134764 1.06191 
vt -0.109764 0.611911 
vt -0.134764 0.611911 
vt -0.109764 1.06191 
vt -0.134764 1.06191 
vt -0.109764 0.611911 
vt -0.134764 0.611911 
vt -0.109764 1.06191 
vt -0.134764 1.06191 
vt -0.109764 1.03691 
vt -0.134764 1.03691 
vt -0.109764 1.06191 
vt -0.134764 1.06191 
vt -0.109764 0.611911 
vt -0.134764 0.611911 

usemtl Part350Mtl

f 6433/6433/6433 6434/6434/6434 6435/6435/6435 
f 6435/6435/6435 6434/6434/6434 6436/6436/6436 
f 6437/6437/6437 6438/6438/6438 6439/6439/6439 
f 6439/6439/6439 6438/6438/6438 6440/6440/6440 
f 6441/6441/6441 6442/6442/6442 6443/6443/6443 
f 6443/6443/6443 6442/6442/6442 6444/6444/6444 
f 6445/6445/6445 6446/6446/6446 6447/6447/6447 
f 6447/6447/6447 6446/6446/6446 6448/6448/6448 
f 6449/6449/6449 6450/6450/6450 6451/6451/6451 
f 6451/6451/6451 6450/6450/6450 6452/6452/6452 
f 6453/6453/6453 6454/6454/6454 6455/6455/6455 
f 6455/6455/6455 6454/6454/6454 6456/6456/6456 

g Part361

v 65.6348 8.39992 -312.899 1 1 1 1 
v 65.8348 8.39992 -312.899 1 1 1 1 
v 65.6347 4.79991 -312.901 1 1 1 1 
v 65.8347 4.79991 -312.901 1 1 1 1 
v 65.8348 8.39984 -312.699 1 1 1 1 
v 65.8348 8.39992 -312.899 1 1 1 1 
v 65.6348 8.39985 -312.699 1 1 1 1 
v 65.6348 8.39992 -312.899 1 1 1 1 
v 65.8348 8.39992 -312.899 1 1 1 1 
v 65.8348 8.39984 -312.699 1 1 1 1 
v 65.8347 4.79991 -312.901 1 1 1 1 
v 65.8347 4.79983 -312.701 1 1 1 1 
v 65.8348 8.39984 -312.699 1 1 1 1 
v 65.6348 8.39985 -312.699 1 1 1 1 
v 65.8347 4.79983 -312.701 1 1 1 1 
v 65.6347 4.79984 -312.701 1 1 1 1 
v 65.6347 4.79984 -312.701 1 1 1 1 
v 65.6347 4.79991 -312.901 1 1 1 1 
v 65.8347 4.79983 -312.701 1 1 1 1 
v 65.8347 4.79991 -312.901 1 1 1 1 
v 65.6348 8.39985 -312.699 1 1 1 1 
v 65.6348 8.39992 -312.899 1 1 1 1 
v 65.6347 4.79984 -312.701 1 1 1 1 
v 65.6347 4.79991 -312.901 1 1 1 1 

vn 0 0 -1 
vn 0 0 -1 
vn 0 0 -1 
vn 0 0 -1 
vn 0 1 0 
vn 0 1 0 
vn 0 1 0 
vn 0 1 0 
vn 1 0 0 
vn 1 0 0 
vn 1 0 0 
vn 1 0 0 
vn 0 0 1 
vn 0 0 1 
vn 0 0 1 
vn 0 0 1 
vn 0 -1 0 
vn 0 -1 0 
vn 0 -1 0 
vn 0 -1 0 
vn -1 0 0 
vn -1 0 0 
vn -1 0 0 
vn -1 0 0 

vt 0.27354 0.837279 
vt 0.24854 0.837279 
vt 0.27354 0.38728 
vt 0.24854 0.38728 
vt 0.27354 0.837279 
vt 0.24854 0.837279 
vt 0.27354 0.812279 
vt 0.24854 0.812279 
vt 0.27354 0.837279 
vt 0.24854 0.837279 
vt 0.27354 0.38728 
vt 0.24854 0.38728 
vt 0.27354 0.837279 
vt 0.24854 0.837279 
vt 0.27354 0.38728 
vt 0.24854 0.38728 
vt 0.27354 0.837279 
vt 0.24854 0.837279 
vt 0.27354 0.812279 
vt 0.24854 0.812279 
vt 0.27354 0.837279 
vt 0.24854 0.837279 
vt 0.27354 0.38728 
vt 0.24854 0.38728 

usemtl Part350Mtl

f 6457/6457/6457 6458/6458/6458 6459/6459/6459 
f 6459/6459/6459 6458/6458/6458 6460/6460/6460 
f 6461/6461/6461 6462/6462/6462 6463/6463/6463 
f 6463/6463/6463 6462/6462/6462 6464/6464/6464 
f 6465/6465/6465 6466/6466/6466 6467/6467/6467 
f 6467/6467/6467 6466/6466/6466 6468/6468/6468 
f 6469/6469/6469 6470/6470/6470 6471/6471/6471 
f 6471/6471/6471 6470/6470/6470 6472/6472/6472 
f 6473/6473/6473 6474/6474/6474 6475/6475/6475 
f 6475/6475/6475 6474/6474/6474 6476/6476/6476 
f 6477/6477/6477 6478/6478/6478 6479/6479/6479 
f 6479/6479/6479 6478/6478/6478 6480/6480/6480 

g Part362

v 65.6344 7.40102 -318.299 1 1 1 1 
v 65.8344 7.40102 -318.299 1 1 1 1 
v 65.6344 7.20102 -318.299 1 1 1 1 
v 65.8344 7.20102 -318.299 1 1 1 1 
v 65.8354 7.39826 -310.899 1 1 1 1 
v 65.8344 7.40102 -318.299 1 1 1 1 
v 65.6354 7.39827 -310.899 1 1 1 1 
v 65.6344 7.40102 -318.299 1 1 1 1 
v 65.8344 7.40102 -318.299 1 1 1 1 
v 65.8354 7.39826 -310.899 1 1 1 1 
v 65.8344 7.20102 -318.299 1 1 1 1 
v 65.8354 7.19826 -310.899 1 1 1 1 
v 65.8354 7.39826 -310.899 1 1 1 1 
v 65.6354 7.39827 -310.899 1 1 1 1 
v 65.8354 7.19826 -310.899 1 1 1 1 
v 65.6354 7.19827 -310.899 1 1 1 1 
v 65.6354 7.19827 -310.899 1 1 1 1 
v 65.6344 7.20102 -318.299 1 1 1 1 
v 65.8354 7.19826 -310.899 1 1 1 1 
v 65.8344 7.20102 -318.299 1 1 1 1 
v 65.6354 7.39827 -310.899 1 1 1 1 
v 65.6344 7.40102 -318.299 1 1 1 1 
v 65.6354 7.19827 -310.899 1 1 1 1 
v 65.6344 7.20102 -318.299 1 1 1 1 

vn 0 0 -1 
vn 0 0 -1 
vn 0 0 -1 
vn 0 0 -1 
vn 0 1 0 
vn 0 1 0 
vn 0 1 0 
vn 0 1 0 
vn 1 0 0 
vn 1 0 0 
vn 1 0 0 
vn 1 0 0 
vn 0 0 1 
vn 0 0 1 
vn 0 0 1 
vn 0 0 1 
vn 0 -1 0 
vn 0 -1 0 
vn 0 -1 0 
vn 0 -1 0 
vn -1 0 0 
vn -1 0 0 
vn -1 0 0 
vn -1 0 0 

vt -0.24271 0.68086 
vt -0.26771 0.68086 
vt -0.24271 0.65586 
vt -0.26771 0.65586 
vt 0.65729 0.68086 
vt -0.26771 0.68086 
vt 0.65729 0.65586 
vt -0.26771 0.65586 
vt 0.65729 0.68086 
vt -0.26771 0.68086 
vt 0.65729 0.65586 
vt -0.26771 0.65586 
vt -0.24271 0.68086 
vt -0.26771 0.68086 
vt -0.24271 0.65586 
vt -0.26771 0.65586 
vt 0.65729 0.68086 
vt -0.26771 0.68086 
vt 0.65729 0.65586 
vt -0.26771 0.65586 
vt 0.65729 0.68086 
vt -0.26771 0.68086 
vt 0.65729 0.65586 
vt -0.26771 0.65586 

usemtl Part350Mtl

f 6481/6481/6481 6482/6482/6482 6483/6483/6483 
f 6483/6483/6483 6482/6482/6482 6484/6484/6484 
f 6485/6485/6485 6486/6486/6486 6487/6487/6487 
f 6487/6487/6487 6486/6486/6486 6488/6488/6488 
f 6489/6489/6489 6490/6490/6490 6491/6491/6491 
f 6491/6491/6491 6490/6490/6490 6492/6492/6492 
f 6493/6493/6493 6494/6494/6494 6495/6495/6495 
f 6495/6495/6495 6494/6494/6494 6496/6496/6496 
f 6497/6497/6497 6498/6498/6498 6499/6499/6499 
f 6499/6499/6499 6498/6498/6498 6500/6500/6500 
f 6501/6501/6501 6502/6502/6502 6503/6503/6503 
f 6503/6503/6503 6502/6502/6502 6504/6504/6504 

g Part363

v 65.2342 4.60107 -318.611 1 1 1 1 
v 66.2342 4.60105 -318.611 1 1 1 1 
v 65.2342 4.40107 -318.611 1 1 1 1 
v 66.2342 4.40105 -318.611 1 1 1 1 
v 66.2353 4.59807 -310.611 1 1 1 1 
v 66.2342 4.60105 -318.611 1 1 1 1 
v 65.2353 4.59809 -310.611 1 1 1 1 
v 65.2342 4.60107 -318.611 1 1 1 1 
v 66.2342 4.60105 -318.611 1 1 1 1 
v 66.2353 4.59807 -310.611 1 1 1 1 
v 66.2342 4.40105 -318.611 1 1 1 1 
v 66.2353 4.39807 -310.611 1 1 1 1 
v 66.2353 4.59807 -310.611 1 1 1 1 
v 65.2353 4.59809 -310.611 1 1 1 1 
v 66.2353 4.39807 -310.611 1 1 1 1 
v 65.2353 4.39809 -310.611 1 1 1 1 
v 65.2353 4.39809 -310.611 1 1 1 1 
v 65.2342 4.40107 -318.611 1 1 1 1 
v 66.2353 4.39807 -310.611 1 1 1 1 
v 66.2342 4.40105 -318.611 1 1 1 1 
v 65.2353 4.59809 -310.611 1 1 1 1 
v 65.2342 4.60107 -318.611 1 1 1 1 
v 65.2353 4.39809 -310.611 1 1 1 1 
v 65.2342 4.40107 -318.611 1 1 1 1 

vn 0 0 -1 
vn 0 0 -1 
vn 0 0 -1 
vn 0 0 -1 
vn 0 1 0 
vn 0 1 0 
vn 0 1 0 
vn 0 1 0 
vn 1 0 0 
vn 1 0 0 
vn 1 0 0 
vn 1 0 0 
vn 0 0 1 
vn 0 0 1 
vn 0 0 1 
vn 0 0 1 
vn 0 -1 0 
vn 0 -1 0 
vn 0 -1 0 
vn 0 -1 0 
vn -1 0 0 
vn -1 0 0 
vn -1 0 0 
vn -1 0 0 

vt 0.640022 0.941325 
vt 0.515022 0.941325 
vt 0.640022 0.916325 
vt 0.515022 0.916325 
vt 1.51502 0.941325 
vt 0.515022 0.941325 
vt 1.51502 0.816325 
vt 0.515022 0.816325 
vt 1.51502 0.941325 
vt 0.515022 0.941325 
vt 1.51502 0.916325 
vt 0.515022 0.916325 
vt 0.640022 0.941325 
vt 0.515022 0.941325 
vt 0.640022 0.916325 
vt 0.515022 0.916325 
vt 1.51502 0.941325 
vt 0.515022 0.941325 
vt 1.51502 0.816325 
vt 0.515022 0.816325 
vt 1.51502 0.941325 
vt 0.515022 0.941325 
vt 1.51502 0.916325 
vt 0.515022 0.916325 

usemtl Part350Mtl

f 6505/6505/6505 6506/6506/6506 6507/6507/6507 
f 6507/6507/6507 6506/6506/6506 6508/6508/6508 
f 6509/6509/6509 6510/6510/6510 6511/6511/6511 
f 6511/6511/6511 6510/6510/6510 6512/6512/6512 
f 6513/6513/6513 6514/6514/6514 6515/6515/6515 
f 6515/6515/6515 6514/6514/6514 6516/6516/6516 
f 6517/6517/6517 6518/6518/6518 6519/6519/6519 
f 6519/6519/6519 6518/6518/6518 6520/6520/6520 
f 6521/6521/6521 6522/6522/6522 6523/6523/6523 
f 6523/6523/6523 6522/6522/6522 6524/6524/6524 
f 6525/6525/6525 6526/6526/6526 6527/6527/6527 
f 6527/6527/6527 6526/6526/6526 6528/6528/6528 

g Part364

v 65.4344 8.80116 -318.609 1 1 1 1 
v 66.0344 8.80115 -318.609 1 1 1 1 
v 65.4344 8.60116 -318.609 1 1 1 1 
v 66.0344 8.60115 -318.609 1 1 1 1 
v 66.0355 8.79817 -310.609 1 1 1 1 
v 66.0344 8.80115 -318.609 1 1 1 1 
v 65.4355 8.79819 -310.609 1 1 1 1 
v 65.4344 8.80116 -318.609 1 1 1 1 
v 66.0344 8.80115 -318.609 1 1 1 1 
v 66.0355 8.79817 -310.609 1 1 1 1 
v 66.0344 8.60115 -318.609 1 1 1 1 
v 66.0355 8.59817 -310.609 1 1 1 1 
v 66.0355 8.79817 -310.609 1 1 1 1 
v 65.4355 8.79819 -310.609 1 1 1 1 
v 66.0355 8.59817 -310.609 1 1 1 1 
v 65.4355 8.59818 -310.609 1 1 1 1 
v 65.4355 8.59818 -310.609 1 1 1 1 
v 65.4344 8.60116 -318.609 1 1 1 1 
v 66.0355 8.59817 -310.609 1 1 1 1 
v 66.0344 8.60115 -318.609 1 1 1 1 
v 65.4355 8.79819 -310.609 1 1 1 1 
v 65.4344 8.80116 -318.609 1 1 1 1 
v 65.4355 8.59818 -310.609 1 1 1 1 
v 65.4344 8.60116 -318.609 1 1 1 1 

vn 0 0 -1 
vn 0 0 -1 
vn 0 0 -1 
vn 0 0 -1 
vn 0 1 0 
vn 0 1 0 
vn 0 1 0 
vn 0 1 0 
vn 1 0 0 
vn 1 0 0 
vn 1 0 0 
vn 1 0 0 
vn 0 0 1 
vn 0 0 1 
vn 0 0 1 
vn 0 0 1 
vn 0 -1 0 
vn 0 -1 0 
vn 0 -1 0 
vn 0 -1 0 
vn -1 0 0 
vn -1 0 0 
vn -1 0 0 
vn -1 0 0 

vt 0.339736 0.735264 
vt 0.264736 0.735264 
vt 0.339736 0.710264 
vt 0.264736 0.710264 
vt 1.26474 0.735264 
vt 0.264736 0.735264 
vt 1.26474 0.660264 
vt 0.264736 0.660264 
vt 1.26474 0.735264 
vt 0.264736 0.735264 
vt 1.26474 0.710264 
vt 0.264736 0.710264 
vt 0.339736 0.735264 
vt 0.264736 0.735264 
vt 0.339736 0.710264 
vt 0.264736 0.710264 
vt 1.26474 0.735264 
vt 0.264736 0.735264 
vt 1.26474 0.660264 
vt 0.264736 0.660264 
vt 1.26474 0.735264 
vt 0.264736 0.735264 
vt 1.26474 0.710264 
vt 0.264736 0.710264 

usemtl Part350Mtl

f 6529/6529/6529 6530/6530/6530 6531/6531/6531 
f 6531/6531/6531 6530/6530/6530 6532/6532/6532 
f 6533/6533/6533 6534/6534/6534 6535/6535/6535 
f 6535/6535/6535 6534/6534/6534 6536/6536/6536 
f 6537/6537/6537 6538/6538/6538 6539/6539/6539 
f 6539/6539/6539 6538/6538/6538 6540/6540/6540 
f 6541/6541/6541 6542/6542/6542 6543/6543/6543 
f 6543/6543/6543 6542/6542/6542 6544/6544/6544 
f 6545/6545/6545 6546/6546/6546 6547/6547/6547 
f 6547/6547/6547 6546/6546/6546 6548/6548/6548 
f 6549/6549/6549 6550/6550/6550 6551/6551/6551 
f 6551/6551/6551 6550/6550/6550 6552/6552/6552 

g Part365

v 65.4345 8.60111 -318.609 1 1 1 1 
v 66.0345 8.6011 -318.609 1 1 1 1 
v 65.4344 4.6011 -318.611 1 1 1 1 
v 66.0344 4.60109 -318.611 1 1 1 1 
v 66.0345 8.60102 -318.409 1 1 1 1 
v 66.0345 8.6011 -318.609 1 1 1 1 
v 65.4345 8.60104 -318.409 1 1 1 1 
v 65.4345 8.60111 -318.609 1 1 1 1 
v 66.0345 8.6011 -318.609 1 1 1 1 
v 66.0345 8.60102 -318.409 1 1 1 1 
v 66.0344 4.60109 -318.611 1 1 1 1 
v 66.0345 4.60102 -318.411 1 1 1 1 
v 66.0345 8.60102 -318.409 1 1 1 1 
v 65.4345 8.60104 -318.409 1 1 1 1 
v 66.0345 4.60102 -318.411 1 1 1 1 
v 65.4345 4.60103 -318.411 1 1 1 1 
v 65.4345 4.60103 -318.411 1 1 1 1 
v 65.4344 4.6011 -318.611 1 1 1 1 
v 66.0345 4.60102 -318.411 1 1 1 1 
v 66.0344 4.60109 -318.611 1 1 1 1 
v 65.4345 8.60104 -318.409 1 1 1 1 
v 65.4345 8.60111 -318.609 1 1 1 1 
v 65.4345 4.60103 -318.411 1 1 1 1 
v 65.4344 4.6011 -318.611 1 1 1 1 

vn 0 0 -1 
vn 0 0 -1 
vn 0 0 -1 
vn 0 0 -1 
vn 0 1 0 
vn 0 1 0 
vn 0 1 0 
vn 0 1 0 
vn 1 0 0 
vn 1 0 0 
vn 1 0 0 
vn 1 0 0 
vn 0 0 1 
vn 0 0 1 
vn 0 0 1 
vn 0 0 1 
vn 0 -1 0 
vn 0 -1 0 
vn 0 -1 0 
vn 0 -1 0 
vn -1 0 0 
vn -1 0 0 
vn -1 0 0 
vn -1 0 0 

vt 0.0293568 0.791721 
vt -0.0456432 0.791721 
vt 0.0293568 0.291721 
vt -0.0456432 0.291721 
vt -0.0206432 0.791721 
vt -0.0456432 0.791721 
vt -0.0206432 0.716721 
vt -0.0456432 0.716721 
vt -0.0206432 0.791721 
vt -0.0456432 0.791721 
vt -0.0206432 0.291721 
vt -0.0456432 0.291721 
vt 0.0293568 0.791721 
vt -0.0456432 0.791721 
vt 0.0293568 0.291721 
vt -0.0456432 0.291721 
vt -0.0206432 0.791721 
vt -0.0456432 0.791721 
vt -0.0206432 0.716721 
vt -0.0456432 0.716721 
vt -0.0206432 0.791721 
vt -0.0456432 0.791721 
vt -0.0206432 0.291721 
vt -0.0456432 0.291721 

usemtl Part350Mtl

f 6553/6553/6553 6554/6554/6554 6555/6555/6555 
f 6555/6555/6555 6554/6554/6554 6556/6556/6556 
f 6557/6557/6557 6558/6558/6558 6559/6559/6559 
f 6559/6559/6559 6558/6558/6558 6560/6560/6560 
f 6561/6561/6561 6562/6562/6562 6563/6563/6563 
f 6563/6563/6563 6562/6562/6562 6564/6564/6564 
f 6565/6565/6565 6566/6566/6566 6567/6567/6567 
f 6567/6567/6567 6566/6566/6566 6568/6568/6568 
f 6569/6569/6569 6570/6570/6570 6571/6571/6571 
f 6571/6571/6571 6570/6570/6570 6572/6572/6572 
f 6573/6573/6573 6574/6574/6574 6575/6575/6575 
f 6575/6575/6575 6574/6574/6574 6576/6576/6576 

g Part366

v 65.4348 8.59919 -310.809 1 1 1 1 
v 66.0348 8.59918 -310.809 1 1 1 1 
v 65.4347 4.59918 -310.81 1 1 1 1 
v 66.0347 4.59917 -310.81 1 1 1 1 
v 66.0348 8.5991 -310.609 1 1 1 1 
v 66.0348 8.59918 -310.809 1 1 1 1 
v 65.4348 8.59912 -310.609 1 1 1 1 
v 65.4348 8.59919 -310.809 1 1 1 1 
v 66.0348 8.59918 -310.809 1 1 1 1 
v 66.0348 8.5991 -310.609 1 1 1 1 
v 66.0347 4.59917 -310.81 1 1 1 1 
v 66.0347 4.59909 -310.61 1 1 1 1 
v 66.0348 8.5991 -310.609 1 1 1 1 
v 65.4348 8.59912 -310.609 1 1 1 1 
v 66.0347 4.59909 -310.61 1 1 1 1 
v 65.4347 4.59911 -310.61 1 1 1 1 
v 65.4347 4.59911 -310.61 1 1 1 1 
v 65.4347 4.59918 -310.81 1 1 1 1 
v 66.0347 4.59909 -310.61 1 1 1 1 
v 66.0347 4.59917 -310.81 1 1 1 1 
v 65.4348 8.59912 -310.609 1 1 1 1 
v 65.4348 8.59919 -310.809 1 1 1 1 
v 65.4347 4.59911 -310.61 1 1 1 1 
v 65.4347 4.59918 -310.81 1 1 1 1 

vn 0 0 -1 
vn 0 0 -1 
vn 0 0 -1 
vn 0 0 -1 
vn 0 1 0 
vn 0 1 0 
vn 0 1 0 
vn 0 1 0 
vn 1 0 0 
vn 1 0 0 
vn 1 0 0 
vn 1 0 0 
vn 0 0 1 
vn 0 0 1 
vn 0 0 1 
vn 0 0 1 
vn 0 -1 0 
vn 0 -1 0 
vn 0 -1 0 
vn 0 -1 0 
vn -1 0 0 
vn -1 0 0 
vn -1 0 0 
vn -1 0 0 

vt -0.100433 1.09162 
vt -0.175433 1.09162 
vt -0.100433 0.591621 
vt -0.175433 0.591621 
vt -0.150433 1.09162 
vt -0.175433 1.09162 
vt -0.150433 1.01662 
vt -0.175433 1.01662 
vt -0.150433 1.09162 
vt -0.175433 1.09162 
vt -0.150433 0.591621 
vt -0.175433 0.591621 
vt -0.100433 1.09162 
vt -0.175433 1.09162 
vt -0.100433 0.591621 
vt -0.175433 0.591621 
vt -0.150433 1.09162 
vt -0.175433 1.09162 
vt -0.150433 1.01662 
vt -0.175433 1.01662 
vt -0.150433 1.09162 
vt -0.175433 1.09162 
vt -0.150433 0.591621 
vt -0.175433 0.591621 

usemtl Part350Mtl

f 6577/6577/6577 6578/6578/6578 6579/6579/6579 
f 6579/6579/6579 6578/6578/6578 6580/6580/6580 
f 6581/6581/6581 6582/6582/6582 6583/6583/6583 
f 6583/6583/6583 6582/6582/6582 6584/6584/6584 
f 6585/6585/6585 6586/6586/6586 6587/6587/6587 
f 6587/6587/6587 6586/6586/6586 6588/6588/6588 
f 6589/6589/6589 6590/6590/6590 6591/6591/6591 
f 6591/6591/6591 6590/6590/6590 6592/6592/6592 
f 6593/6593/6593 6594/6594/6594 6595/6595/6595 
f 6595/6595/6595 6594/6594/6594 6596/6596/6596 
f 6597/6597/6597 6598/6598/6598 6599/6599/6599 
f 6599/6599/6599 6598/6598/6598 6600/6600/6600 

g Part367

v 65.6351 8.39919 -311.009 1 1 1 1 
v 65.8351 8.39919 -311.009 1 1 1 1 
v 65.6351 4.79918 -311.01 1 1 1 1 
v 65.8351 4.79918 -311.01 1 1 1 1 
v 65.8352 8.39911 -310.809 1 1 1 1 
v 65.8351 8.39919 -311.009 1 1 1 1 
v 65.6352 8.39912 -310.809 1 1 1 1 
v 65.6351 8.39919 -311.009 1 1 1 1 
v 65.8351 8.39919 -311.009 1 1 1 1 
v 65.8352 8.39911 -310.809 1 1 1 1 
v 65.8351 4.79918 -311.01 1 1 1 1 
v 65.8351 4.7991 -310.81 1 1 1 1 
v 65.8352 8.39911 -310.809 1 1 1 1 
v 65.6352 8.39912 -310.809 1 1 1 1 
v 65.8351 4.7991 -310.81 1 1 1 1 
v 65.6351 4.79911 -310.81 1 1 1 1 
v 65.6351 4.79911 -310.81 1 1 1 1 
v 65.6351 4.79918 -311.01 1 1 1 1 
v 65.8351 4.7991 -310.81 1 1 1 1 
v 65.8351 4.79918 -311.01 1 1 1 1 
v 65.6352 8.39912 -310.809 1 1 1 1 
v 65.6351 8.39919 -311.009 1 1 1 1 
v 65.6351 4.79911 -310.81 1 1 1 1 
v 65.6351 4.79918 -311.01 1 1 1 1 

vn 0 0 -1 
vn 0 0 -1 
vn 0 0 -1 
vn 0 0 -1 
vn 0 1 0 
vn 0 1 0 
vn 0 1 0 
vn 0 1 0 
vn 1 0 0 
vn 1 0 0 
vn 1 0 0 
vn 1 0 0 
vn 0 0 1 
vn 0 0 1 
vn 0 0 1 
vn 0 0 1 
vn 0 -1 0 
vn 0 -1 0 
vn 0 -1 0 
vn 0 -1 0 
vn -1 0 0 
vn -1 0 0 
vn -1 0 0 
vn -1 0 0 

vt -0.0513505 0.909865 
vt -0.0763505 0.909865 
vt -0.0513505 0.459865 
vt -0.0763505 0.459865 
vt -0.0513505 0.909865 
vt -0.0763505 0.909865 
vt -0.0513505 0.884866 
vt -0.0763505 0.884866 
vt -0.0513505 0.909865 
vt -0.0763505 0.909865 
vt -0.0513505 0.459865 
vt -0.0763505 0.459865 
vt -0.0513505 0.909865 
vt -0.0763505 0.909865 
vt -0.0513505 0.459865 
vt -0.0763505 0.459865 
vt -0.0513505 0.909865 
vt -0.0763505 0.909865 
vt -0.0513505 0.884866 
vt -0.0763505 0.884866 
vt -0.0513505 0.909865 
vt -0.0763505 0.909865 
vt -0.0513505 0.459865 
vt -0.0763505 0.459865 

usemtl Part350Mtl

f 6601/6601/6601 6602/6602/6602 6603/6603/6603 
f 6603/6603/6603 6602/6602/6602 6604/6604/6604 
f 6605/6605/6605 6606/6606/6606 6607/6607/6607 
f 6607/6607/6607 6606/6606/6606 6608/6608/6608 
f 6609/6609/6609 6610/6610/6610 6611/6611/6611 
f 6611/6611/6611 6610/6610/6610 6612/6612/6612 
f 6613/6613/6613 6614/6614/6614 6615/6615/6615 
f 6615/6615/6615 6614/6614/6614 6616/6616/6616 
f 6617/6617/6617 6618/6618/6618 6619/6619/6619 
f 6619/6619/6619 6618/6618/6618 6620/6620/6620 
f 6621/6621/6621 6622/6622/6622 6623/6623/6623 
f 6623/6623/6623 6622/6622/6622 6624/6624/6624 

g Part368

v 65.635 8.3998 -314.699 1 1 1 1 
v 65.835 8.39979 -314.699 1 1 1 1 
v 65.6349 4.79979 -314.7 1 1 1 1 
v 65.8349 4.79979 -314.7 1 1 1 1 
v 65.835 8.39972 -314.499 1 1 1 1 
v 65.835 8.39979 -314.699 1 1 1 1 
v 65.635 8.39972 -314.499 1 1 1 1 
v 65.635 8.3998 -314.699 1 1 1 1 
v 65.835 8.39979 -314.699 1 1 1 1 
v 65.835 8.39972 -314.499 1 1 1 1 
v 65.8349 4.79979 -314.7 1 1 1 1 
v 65.8349 4.79971 -314.5 1 1 1 1 
v 65.835 8.39972 -314.499 1 1 1 1 
v 65.635 8.39972 -314.499 1 1 1 1 
v 65.8349 4.79971 -314.5 1 1 1 1 
v 65.6349 4.79971 -314.5 1 1 1 1 
v 65.6349 4.79971 -314.5 1 1 1 1 
v 65.6349 4.79979 -314.7 1 1 1 1 
v 65.8349 4.79971 -314.5 1 1 1 1 
v 65.8349 4.79979 -314.7 1 1 1 1 
v 65.635 8.39972 -314.499 1 1 1 1 
v 65.635 8.3998 -314.699 1 1 1 1 
v 65.6349 4.79971 -314.5 1 1 1 1 
v 65.6349 4.79979 -314.7 1 1 1 1 

vn 0 0 -1 
vn 0 0 -1 
vn 0 0 -1 
vn 0 0 -1 
vn 0 1 0 
vn 0 1 0 
vn 0 1 0 
vn 0 1 0 
vn 1 0 0 
vn 1 0 0 
vn 1 0 0 
vn 1 0 0 
vn 0 0 1 
vn 0 0 1 
vn 0 0 1 
vn 0 0 1 
vn 0 -1 0 
vn 0 -1 0 
vn 0 -1 0 
vn 0 -1 0 
vn -1 0 0 
vn -1 0 0 
vn -1 0 0 
vn -1 0 0 

vt -0.200725 0.837279 
vt -0.225725 0.837279 
vt -0.200725 0.38728 
vt -0.225725 0.38728 
vt -0.200725 0.837279 
vt -0.225725 0.837279 
vt -0.200725 0.812279 
vt -0.225725 0.812279 
vt -0.200725 0.837279 
vt -0.225725 0.837279 
vt -0.200725 0.38728 
vt -0.225725 0.38728 
vt -0.200725 0.837279 
vt -0.225725 0.837279 
vt -0.200725 0.38728 
vt -0.225725 0.38728 
vt -0.200725 0.837279 
vt -0.225725 0.837279 
vt -0.200725 0.812279 
vt -0.225725 0.812279 
vt -0.200725 0.837279 
vt -0.225725 0.837279 
vt -0.200725 0.38728 
vt -0.225725 0.38728 

usemtl Part350Mtl

f 6625/6625/6625 6626/6626/6626 6627/6627/6627 
f 6627/6627/6627 6626/6626/6626 6628/6628/6628 
f 6629/6629/6629 6630/6630/6630 6631/6631/6631 
f 6631/6631/6631 6630/6630/6630 6632/6632/6632 
f 6633/6633/6633 6634/6634/6634 6635/6635/6635 
f 6635/6635/6635 6634/6634/6634 6636/6636/6636 
f 6637/6637/6637 6638/6638/6638 6639/6639/6639 
f 6639/6639/6639 6638/6638/6638 6640/6640/6640 
f 6641/6641/6641 6642/6642/6642 6643/6643/6643 
f 6643/6643/6643 6642/6642/6642 6644/6644/6644 
f 6645/6645/6645 6646/6646/6646 6647/6647/6647 
f 6647/6647/6647 6646/6646/6646 6648/6648/6648 

g Part369

v 65.6344 8.4011 -318.41 1 1 1 1 
v 65.8344 8.4011 -318.41 1 1 1 1 
v 65.6343 4.80109 -318.411 1 1 1 1 
v 65.8343 4.80109 -318.411 1 1 1 1 
v 65.8344 8.40102 -318.21 1 1 1 1 
v 65.8344 8.4011 -318.41 1 1 1 1 
v 65.6344 8.40103 -318.21 1 1 1 1 
v 65.6344 8.4011 -318.41 1 1 1 1 
v 65.8344 8.4011 -318.41 1 1 1 1 
v 65.8344 8.40102 -318.21 1 1 1 1 
v 65.8343 4.80109 -318.411 1 1 1 1 
v 65.8344 4.80102 -318.211 1 1 1 1 
v 65.8344 8.40102 -318.21 1 1 1 1 
v 65.6344 8.40103 -318.21 1 1 1 1 
v 65.8344 4.80102 -318.211 1 1 1 1 
v 65.6344 4.80102 -318.211 1 1 1 1 
v 65.6344 4.80102 -318.211 1 1 1 1 
v 65.6343 4.80109 -318.411 1 1 1 1 
v 65.8344 4.80102 -318.211 1 1 1 1 
v 65.8343 4.80109 -318.411 1 1 1 1 
v 65.6344 8.40103 -318.21 1 1 1 1 
v 65.6344 8.4011 -318.41 1 1 1 1 
v 65.6344 4.80102 -318.211 1 1 1 1 
v 65.6343 4.80109 -318.411 1 1 1 1 

vn 0 0 -1 
vn 0 0 -1 
vn 0 0 -1 
vn 0 0 -1 
vn 0 1 0 
vn 0 1 0 
vn 0 1 0 
vn 0 1 0 
vn 1 0 0 
vn 1 0 0 
vn 1 0 0 
vn 1 0 0 
vn 0 0 1 
vn 0 0 1 
vn 0 0 1 
vn 0 0 1 
vn 0 -1 0 
vn 0 -1 0 
vn 0 -1 0 
vn 0 -1 0 
vn -1 0 0 
vn -1 0 0 
vn -1 0 0 
vn -1 0 0 

vt -0.070425 1.19582 
vt -0.095425 1.19582 
vt -0.070425 0.745825 
vt -0.095425 0.745825 
vt -0.070425 1.19582 
vt -0.095425 1.19582 
vt -0.070425 1.17083 
vt -0.095425 1.17083 
vt -0.070425 1.19582 
vt -0.095425 1.19582 
vt -0.070425 0.745825 
vt -0.095425 0.745825 
vt -0.070425 1.19582 
vt -0.095425 1.19582 
vt -0.070425 0.745825 
vt -0.095425 0.745825 
vt -0.070425 1.19582 
vt -0.095425 1.19582 
vt -0.070425 1.17083 
vt -0.095425 1.17083 
vt -0.070425 1.19582 
vt -0.095425 1.19582 
vt -0.070425 0.745825 
vt -0.095425 0.745825 

usemtl Part350Mtl

f 6649/6649/6649 6650/6650/6650 6651/6651/6651 
f 6651/6651/6651 6650/6650/6650 6652/6652/6652 
f 6653/6653/6653 6654/6654/6654 6655/6655/6655 
f 6655/6655/6655 6654/6654/6654 6656/6656/6656 
f 6657/6657/6657 6658/6658/6658 6659/6659/6659 
f 6659/6659/6659 6658/6658/6658 6660/6660/6660 
f 6661/6661/6661 6662/6662/6662 6663/6663/6663 
f 6663/6663/6663 6662/6662/6662 6664/6664/6664 
f 6665/6665/6665 6666/6666/6666 6667/6667/6667 
f 6667/6667/6667 6666/6666/6666 6668/6668/6668 
f 6669/6669/6669 6670/6670/6670 6671/6671/6671 
f 6671/6671/6671 6670/6670/6670 6672/6672/6672 

g Part370

v 65.6347 4.801 -318.411 1 1 1 1 
v 65.8347 4.80099 -318.411 1 1 1 1 
v 65.6347 4.601 -318.411 1 1 1 1 
v 65.8347 4.60099 -318.411 1 1 1 1 
v 65.8357 4.79816 -310.811 1 1 1 1 
v 65.8347 4.80099 -318.411 1 1 1 1 
v 65.6357 4.79817 -310.811 1 1 1 1 
v 65.6347 4.801 -318.411 1 1 1 1 
v 65.8347 4.80099 -318.411 1 1 1 1 
v 65.8357 4.79816 -310.811 1 1 1 1 
v 65.8347 4.60099 -318.411 1 1 1 1 
v 65.8357 4.59816 -310.811 1 1 1 1 
v 65.8357 4.79816 -310.811 1 1 1 1 
v 65.6357 4.79817 -310.811 1 1 1 1 
v 65.8357 4.59816 -310.811 1 1 1 1 
v 65.6357 4.59817 -310.811 1 1 1 1 
v 65.6357 4.59817 -310.811 1 1 1 1 
v 65.6347 4.601 -318.411 1 1 1 1 
v 65.8357 4.59816 -310.811 1 1 1 1 
v 65.8347 4.60099 -318.411 1 1 1 1 
v 65.6357 4.79817 -310.811 1 1 1 1 
v 65.6347 4.801 -318.411 1 1 1 1 
v 65.6357 4.59817 -310.811 1 1 1 1 
v 65.6347 4.601 -318.411 1 1 1 1 

vn 0 0 -1 
vn 0 0 -1 
vn 0 0 -1 
vn 0 0 -1 
vn 0 1 0 
vn 0 1 0 
vn 0 1 0 
vn 0 1 0 
vn 1 0 0 
vn 1 0 0 
vn 1 0 0 
vn 1 0 0 
vn 0 0 1 
vn 0 0 1 
vn 0 0 1 
vn 0 0 1 
vn 0 -1 0 
vn 0 -1 0 
vn 0 -1 0 
vn 0 -1 0 
vn -1 0 0 
vn -1 0 0 
vn -1 0 0 
vn -1 0 0 

vt -0.047018 1.2547 
vt -0.072018 1.2547 
vt -0.047018 1.2297 
vt -0.072018 1.2297 
vt 0.877982 1.2547 
vt -0.072018 1.2547 
vt 0.877982 1.2297 
vt -0.072018 1.2297 
vt 0.877982 1.2547 
vt -0.072018 1.2547 
vt 0.877982 1.2297 
vt -0.072018 1.2297 
vt -0.047018 1.2547 
vt -0.072018 1.2547 
vt -0.047018 1.2297 
vt -0.072018 1.2297 
vt 0.877982 1.2547 
vt -0.072018 1.2547 
vt 0.877982 1.2297 
vt -0.072018 1.2297 
vt 0.877982 1.2547 
vt -0.072018 1.2547 
vt 0.877982 1.2297 
vt -0.072018 1.2297 

usemtl Part350Mtl

f 6673/6673/6673 6674/6674/6674 6675/6675/6675 
f 6675/6675/6675 6674/6674/6674 6676/6676/6676 
f 6677/6677/6677 6678/6678/6678 6679/6679/6679 
f 6679/6679/6679 6678/6678/6678 6680/6680/6680 
f 6681/6681/6681 6682/6682/6682 6683/6683/6683 
f 6683/6683/6683 6682/6682/6682 6684/6684/6684 
f 6685/6685/6685 6686/6686/6686 6687/6687/6687 
f 6687/6687/6687 6686/6686/6686 6688/6688/6688 
f 6689/6689/6689 6690/6690/6690 6691/6691/6691 
f 6691/6691/6691 6690/6690/6690 6692/6692/6692 
f 6693/6693/6693 6694/6694/6694 6695/6695/6695 
f 6695/6695/6695 6694/6694/6694 6696/6696/6696 

g Part371

v 65.6343 8.60108 -318.409 1 1 1 1 
v 65.8343 8.60108 -318.409 1 1 1 1 
v 65.6343 8.40108 -318.409 1 1 1 1 
v 65.8343 8.40108 -318.409 1 1 1 1 
v 65.8353 8.59825 -310.809 1 1 1 1 
v 65.8343 8.60108 -318.409 1 1 1 1 
v 65.6353 8.59825 -310.809 1 1 1 1 
v 65.6343 8.60108 -318.409 1 1 1 1 
v 65.8343 8.60108 -318.409 1 1 1 1 
v 65.8353 8.59825 -310.809 1 1 1 1 
v 65.8343 8.40108 -318.409 1 1 1 1 
v 65.8353 8.39825 -310.809 1 1 1 1 
v 65.8353 8.59825 -310.809 1 1 1 1 
v 65.6353 8.59825 -310.809 1 1 1 1 
v 65.8353 8.39825 -310.809 1 1 1 1 
v 65.6353 8.39825 -310.809 1 1 1 1 
v 65.6353 8.39825 -310.809 1 1 1 1 
v 65.6343 8.40108 -318.409 1 1 1 1 
v 65.8353 8.39825 -310.809 1 1 1 1 
v 65.8343 8.40108 -318.409 1 1 1 1 
v 65.6353 8.59825 -310.809 1 1 1 1 
v 65.6343 8.60108 -318.409 1 1 1 1 
v 65.6353 8.39825 -310.809 1 1 1 1 
v 65.6343 8.40108 -318.409 1 1 1 1 

vn 0 0 -1 
vn 0 0 -1 
vn 0 0 -1 
vn 0 0 -1 
vn 0 1 0 
vn 0 1 0 
vn 0 1 0 
vn 0 1 0 
vn 1 0 0 
vn 1 0 0 
vn 1 0 0 
vn 1 0 0 
vn 0 0 1 
vn 0 0 1 
vn 0 0 1 
vn 0 0 1 
vn 0 -1 0 
vn 0 -1 0 
vn 0 -1 0 
vn 0 -1 0 
vn -1 0 0 
vn -1 0 0 
vn -1 0 0 
vn -1 0 0 

vt 0.330075 1.22432 
vt 0.305075 1.22432 
vt 0.330075 1.19932 
vt 0.305075 1.19932 
vt 1.25507 1.22432 
vt 0.305075 1.22432 
vt 1.25507 1.19932 
vt 0.305075 1.19932 
vt 1.25507 1.22432 
vt 0.305075 1.22432 
vt 1.25507 1.19932 
vt 0.305075 1.19932 
vt 0.330075 1.22432 
vt 0.305075 1.22432 
vt 0.330075 1.19932 
vt 0.305075 1.19932 
vt 1.25507 1.22432 
vt 0.305075 1.22432 
vt 1.25507 1.19932 
vt 0.305075 1.19932 
vt 1.25507 1.22432 
vt 0.305075 1.22432 
vt 1.25507 1.19932 
vt 0.305075 1.19932 

usemtl Part350Mtl

f 6697/6697/6697 6698/6698/6698 6699/6699/6699 
f 6699/6699/6699 6698/6698/6698 6700/6700/6700 
f 6701/6701/6701 6702/6702/6702 6703/6703/6703 
f 6703/6703/6703 6702/6702/6702 6704/6704/6704 
f 6705/6705/6705 6706/6706/6706 6707/6707/6707 
f 6707/6707/6707 6706/6706/6706 6708/6708/6708 
f 6709/6709/6709 6710/6710/6710 6711/6711/6711 
f 6711/6711/6711 6710/6710/6710 6712/6712/6712 
f 6713/6713/6713 6714/6714/6714 6715/6715/6715 
f 6715/6715/6715 6714/6714/6714 6716/6716/6716 
f 6717/6717/6717 6718/6718/6718 6719/6719/6719 
f 6719/6719/6719 6718/6718/6718 6720/6720/6720 

g Part372

v 65.6347 8.40045 -316.699 1 1 1 1 
v 65.8347 8.40045 -316.699 1 1 1 1 
v 65.6347 4.80045 -316.701 1 1 1 1 
v 65.8347 4.80044 -316.701 1 1 1 1 
v 65.8348 8.40038 -316.499 1 1 1 1 
v 65.8347 8.40045 -316.699 1 1 1 1 
v 65.6348 8.40038 -316.499 1 1 1 1 
v 65.6347 8.40045 -316.699 1 1 1 1 
v 65.8347 8.40045 -316.699 1 1 1 1 
v 65.8348 8.40038 -316.499 1 1 1 1 
v 65.8347 4.80044 -316.701 1 1 1 1 
v 65.8347 4.80037 -316.501 1 1 1 1 
v 65.8348 8.40038 -316.499 1 1 1 1 
v 65.6348 8.40038 -316.499 1 1 1 1 
v 65.8347 4.80037 -316.501 1 1 1 1 
v 65.6347 4.80037 -316.501 1 1 1 1 
v 65.6347 4.80037 -316.501 1 1 1 1 
v 65.6347 4.80045 -316.701 1 1 1 1 
v 65.8347 4.80037 -316.501 1 1 1 1 
v 65.8347 4.80044 -316.701 1 1 1 1 
v 65.6348 8.40038 -316.499 1 1 1 1 
v 65.6347 8.40045 -316.699 1 1 1 1 
v 65.6347 4.80037 -316.501 1 1 1 1 
v 65.6347 4.80045 -316.701 1 1 1 1 

vn 0 0 -1 
vn 0 0 -1 
vn 0 0 -1 
vn 0 0 -1 
vn 0 1 0 
vn 0 1 0 
vn 0 1 0 
vn 0 1 0 
vn 1 0 0 
vn 1 0 0 
vn 1 0 0 
vn 1 0 0 
vn 0 0 1 
vn 0 0 1 
vn 0 0 1 
vn 0 0 1 
vn 0 -1 0 
vn 0 -1 0 
vn 0 -1 0 
vn 0 -1 0 
vn -1 0 0 
vn -1 0 0 
vn -1 0 0 
vn -1 0 0 

vt 0.266066 0.822642 
vt 0.241066 0.822642 
vt 0.266066 0.372642 
vt 0.241066 0.372642 
vt 0.266066 0.822642 
vt 0.241066 0.822642 
vt 0.266066 0.797642 
vt 0.241066 0.797642 
vt 0.266066 0.822642 
vt 0.241066 0.822642 
vt 0.266066 0.372642 
vt 0.241066 0.372642 
vt 0.266066 0.822642 
vt 0.241066 0.822642 
vt 0.266066 0.372642 
vt 0.241066 0.372642 
vt 0.266066 0.822642 
vt 0.241066 0.822642 
vt 0.266066 0.797642 
vt 0.241066 0.797642 
vt 0.266066 0.822642 
vt 0.241066 0.822642 
vt 0.266066 0.372642 
vt 0.241066 0.372642 

usemtl Part350Mtl

f 6721/6721/6721 6722/6722/6722 6723/6723/6723 
f 6723/6723/6723 6722/6722/6722 6724/6724/6724 
f 6725/6725/6725 6726/6726/6726 6727/6727/6727 
f 6727/6727/6727 6726/6726/6726 6728/6728/6728 
f 6729/6729/6729 6730/6730/6730 6731/6731/6731 
f 6731/6731/6731 6730/6730/6730 6732/6732/6732 
f 6733/6733/6733 6734/6734/6734 6735/6735/6735 
f 6735/6735/6735 6734/6734/6734 6736/6736/6736 
f 6737/6737/6737 6738/6738/6738 6739/6739/6739 
f 6739/6739/6739 6738/6738/6738 6740/6740/6740 
f 6741/6741/6741 6742/6742/6742 6743/6743/6743 
f 6743/6743/6743 6742/6742/6742 6744/6744/6744 

g Part373

v 54.7609 11.8001 -313.3 1 1 1 1 
v 54.7609 11.8001 -305.1 1 1 1 1 
v 54.7609 2.00009 -313.3 1 1 1 1 
v 54.7609 2.00009 -305.1 1 1 1 1 
v 54.1609 11.8001 -305.1 1 1 1 1 
v 54.7609 11.8001 -305.1 1 1 1 1 
v 54.1609 11.8001 -313.3 1 1 1 1 
v 54.7609 11.8001 -313.3 1 1 1 1 
v 54.7609 11.8001 -305.1 1 1 1 1 
v 54.1609 11.8001 -305.1 1 1 1 1 
v 54.7609 2.00009 -305.1 1 1 1 1 
v 54.1609 2.00009 -305.1 1 1 1 1 
v 54.1609 11.8001 -305.1 1 1 1 1 
v 54.1609 11.8001 -313.3 1 1 1 1 
v 54.1609 2.00009 -305.1 1 1 1 1 
v 54.1609 2.00009 -313.3 1 1 1 1 
v 54.1609 2.00009 -313.3 1 1 1 1 
v 54.7609 2.00009 -313.3 1 1 1 1 
v 54.1609 2.00009 -305.1 1 1 1 1 
v 54.7609 2.00009 -305.1 1 1 1 1 
v 54.1609 11.8001 -313.3 1 1 1 1 
v 54.7609 11.8001 -313.3 1 1 1 1 
v 54.1609 2.00009 -313.3 1 1 1 1 
v 54.7609 2.00009 -313.3 1 1 1 1 

vn 1 0 0 
vn 1 0 0 
vn 1 0 0 
vn 1 0 0 
vn 0 1 0 
vn 0 1 0 
vn 0 1 0 
vn 0 1 0 
vn 0 0 1 
vn 0 0 1 
vn 0 0 1 
vn 0 0 1 
vn -1 0 0 
vn -1 0 0 
vn -1 0 0 
vn -1 0 0 
vn 0 -1 0 
vn 0 -1 0 
vn 0 -1 0 
vn 0 -1 0 
vn 0 0 -1 
vn 0 0 -1 
vn 0 0 -1 
vn 0 0 -1 

vt 5.9 -2.875 
vt 4.875 -2.875 
vt 5.9 -4.1 
vt 4.875 -4.1 
vt 4.95 -2.875 
vt 4.875 -2.875 
vt 4.95 -3.9 
vt 4.875 -3.9 
vt 4.95 -2.875 
vt 4.875 -2.875 
vt 4.95 -4.1 
vt 4.875 -4.1 
vt 5.9 -2.875 
vt 4.875 -2.875 
vt 5.9 -4.1 
vt 4.875 -4.1 
vt 4.95 -2.875 
vt 4.875 -2.875 
vt 4.95 -3.9 
vt 4.875 -3.9 
vt 4.95 -2.875 
vt 4.875 -2.875 
vt 4.95 -4.1 
vt 4.875 -4.1 

usemtl Part293Mtl

f 6745/6745/6745 6746/6746/6746 6747/6747/6747 
f 6747/6747/6747 6746/6746/6746 6748/6748/6748 
f 6749/6749/6749 6750/6750/6750 6751/6751/6751 
f 6751/6751/6751 6750/6750/6750 6752/6752/6752 
f 6753/6753/6753 6754/6754/6754 6755/6755/6755 
f 6755/6755/6755 6754/6754/6754 6756/6756/6756 
f 6757/6757/6757 6758/6758/6758 6759/6759/6759 
f 6759/6759/6759 6758/6758/6758 6760/6760/6760 
f 6761/6761/6761 6762/6762/6762 6763/6763/6763 
f 6763/6763/6763 6762/6762/6762 6764/6764/6764 
f 6765/6765/6765 6766/6766/6766 6767/6767/6767 
f 6767/6767/6767 6766/6766/6766 6768/6768/6768 

g Part374

v 54.7612 11.8001 -321.901 1 1 1 1 
v 54.7612 11.8001 -317.221 1 1 1 1 
v 54.7612 2.00007 -321.901 1 1 1 1 
v 54.7612 2.00007 -317.221 1 1 1 1 
v 54.1612 11.8001 -317.221 1 1 1 1 
v 54.7612 11.8001 -317.221 1 1 1 1 
v 54.1612 11.8001 -321.901 1 1 1 1 
v 54.7612 11.8001 -321.901 1 1 1 1 
v 54.7612 11.8001 -317.221 1 1 1 1 
v 54.1612 11.8001 -317.221 1 1 1 1 
v 54.7612 2.00007 -317.221 1 1 1 1 
v 54.1612 2.00007 -317.221 1 1 1 1 
v 54.1612 11.8001 -317.221 1 1 1 1 
v 54.1612 11.8001 -321.901 1 1 1 1 
v 54.1612 2.00007 -317.221 1 1 1 1 
v 54.1612 2.00007 -321.901 1 1 1 1 
v 54.1612 2.00007 -321.901 1 1 1 1 
v 54.7612 2.00007 -321.901 1 1 1 1 
v 54.1612 2.00007 -317.221 1 1 1 1 
v 54.7612 2.00007 -317.221 1 1 1 1 
v 54.1612 11.8001 -321.901 1 1 1 1 
v 54.7612 11.8001 -321.901 1 1 1 1 
v 54.1612 2.00007 -321.901 1 1 1 1 
v 54.7612 2.00007 -321.901 1 1 1 1 

vn 1 0 0 
vn 1 0 0 
vn 1 0 0 
vn 1 0 0 
vn 0 1 0 
vn 0 1 0 
vn 0 1 0 
vn 0 1 0 
vn 0 0 1 
vn 0 0 1 
vn 0 0 1 
vn 0 0 1 
vn -1 0 0 
vn -1 0 0 
vn -1 0 0 
vn -1 0 0 
vn 0 -1 0 
vn 0 -1 0 
vn 0 -1 0 
vn 0 -1 0 
vn 0 0 -1 
vn 0 0 -1 
vn 0 0 -1 
vn 0 0 -1 

vt 0.96 -4.375 
vt 0.375 -4.375 
vt 0.96 -5.6 
vt 0.375 -5.6 
vt 0.45 -4.375 
vt 0.375 -4.375 
vt 0.45 -4.96 
vt 0.375 -4.96 
vt 0.45 -4.375 
vt 0.375 -4.375 
vt 0.45 -5.6 
vt 0.375 -5.6 
vt 0.96 -4.375 
vt 0.375 -4.375 
vt 0.96 -5.6 
vt 0.375 -5.6 
vt 0.45 -4.375 
vt 0.375 -4.375 
vt 0.45 -4.96 
vt 0.375 -4.96 
vt 0.45 -4.375 
vt 0.375 -4.375 
vt 0.45 -5.6 
vt 0.375 -5.6 

usemtl Part293Mtl

f 6769/6769/6769 6770/6770/6770 6771/6771/6771 
f 6771/6771/6771 6770/6770/6770 6772/6772/6772 
f 6773/6773/6773 6774/6774/6774 6775/6775/6775 
f 6775/6775/6775 6774/6774/6774 6776/6776/6776 
f 6777/6777/6777 6778/6778/6778 6779/6779/6779 
f 6779/6779/6779 6778/6778/6778 6780/6780/6780 
f 6781/6781/6781 6782/6782/6782 6783/6783/6783 
f 6783/6783/6783 6782/6782/6782 6784/6784/6784 
f 6785/6785/6785 6786/6786/6786 6787/6787/6787 
f 6787/6787/6787 6786/6786/6786 6788/6788/6788 
f 6789/6789/6789 6790/6790/6790 6791/6791/6791 
f 6791/6791/6791 6790/6790/6790 6792/6792/6792 

g Part375

v 33.3597 11.1998 -322.901 1 1 1 1 
v 33.3597 11.1998 -321.701 1 1 1 1 
v 33.3597 8.99984 -322.901 1 1 1 1 
v 33.3597 8.99984 -321.701 1 1 1 1 
v 31.9597 11.1998 -321.701 1 1 1 1 
v 33.3597 11.1998 -321.701 1 1 1 1 
v 31.9597 11.1998 -322.901 1 1 1 1 
v 33.3597 11.1998 -322.901 1 1 1 1 
v 33.3597 11.1998 -321.701 1 1 1 1 
v 31.9597 11.1998 -321.701 1 1 1 1 
v 33.3597 8.99984 -321.701 1 1 1 1 
v 31.9597 8.99984 -321.701 1 1 1 1 
v 31.9597 11.1998 -321.701 1 1 1 1 
v 31.9597 11.1998 -322.901 1 1 1 1 
v 31.9597 8.99984 -321.701 1 1 1 1 
v 31.9597 8.99984 -322.901 1 1 1 1 
v 31.9597 8.99984 -322.901 1 1 1 1 
v 33.3597 8.99984 -322.901 1 1 1 1 
v 31.9597 8.99984 -321.701 1 1 1 1 
v 33.3597 8.99984 -321.701 1 1 1 1 
v 31.9597 11.1998 -322.901 1 1 1 1 
v 33.3597 11.1998 -322.901 1 1 1 1 
v 31.9597 8.99984 -322.901 1 1 1 1 
v 33.3597 8.99984 -322.901 1 1 1 1 

vn 1 0 0 
vn 1 0 0 
vn 1 0 0 
vn 1 0 0 
vn 0 1 0 
vn 0 1 0 
vn 0 1 0 
vn 0 1 0 
vn 0 0 1 
vn 0 0 1 
vn 0 0 1 
vn 0 0 1 
vn -1 0 0 
vn -1 0 0 
vn -1 0 0 
vn -1 0 0 
vn 0 -1 0 
vn 0 -1 0 
vn 0 -1 0 
vn 0 -1 0 
vn 0 0 -1 
vn 0 0 -1 
vn 0 0 -1 
vn 0 0 -1 

vt 0.265312 1.27087 
vt 0.115312 1.27087 
vt 0.265312 0.99587 
vt 0.115312 0.99587 
vt 0.290312 1.27087 
vt 0.115312 1.27087 
vt 0.290312 1.12087 
vt 0.115312 1.12087 
vt 0.290312 1.27087 
vt 0.115312 1.27087 
vt 0.290312 0.99587 
vt 0.115312 0.99587 
vt 0.265312 1.27087 
vt 0.115312 1.27087 
vt 0.265312 0.99587 
vt 0.115312 0.99587 
vt 0.290312 1.27087 
vt 0.115312 1.27087 
vt 0.290312 1.12087 
vt 0.115312 1.12087 
vt 0.290312 1.27087 
vt 0.115312 1.27087 
vt 0.290312 0.99587 
vt 0.115312 0.99587 

usemtl Part148Mtl

f 6793/6793/6793 6794/6794/6794 6795/6795/6795 
f 6795/6795/6795 6794/6794/6794 6796/6796/6796 
f 6797/6797/6797 6798/6798/6798 6799/6799/6799 
f 6799/6799/6799 6798/6798/6798 6800/6800/6800 
f 6801/6801/6801 6802/6802/6802 6803/6803/6803 
f 6803/6803/6803 6802/6802/6802 6804/6804/6804 
f 6805/6805/6805 6806/6806/6806 6807/6807/6807 
f 6807/6807/6807 6806/6806/6806 6808/6808/6808 
f 6809/6809/6809 6810/6810/6810 6811/6811/6811 
f 6811/6811/6811 6810/6810/6810 6812/6812/6812 
f 6813/6813/6813 6814/6814/6814 6815/6815/6815 
f 6815/6815/6815 6814/6814/6814 6816/6816/6816 

g Part376

v 54.3004 2.00002 -313.219 1 1 1 1 
v 54.7004 2.00001 -313.219 1 1 1 1 
v 54.3004 2.20002 -313.219 1 1 1 1 
v 54.7004 2.20001 -313.219 1 1 1 1 
v 54.7003 2.00002 -317.219 1 1 1 1 
v 54.7004 2.00001 -313.219 1 1 1 1 
v 54.3003 2.00003 -317.219 1 1 1 1 
v 54.3004 2.00002 -313.219 1 1 1 1 
v 54.7004 2.00001 -313.219 1 1 1 1 
v 54.7003 2.00002 -317.219 1 1 1 1 
v 54.7004 2.20001 -313.219 1 1 1 1 
v 54.7003 2.20002 -317.219 1 1 1 1 
v 54.7003 2.00002 -317.219 1 1 1 1 
v 54.3003 2.00003 -317.219 1 1 1 1 
v 54.7003 2.20002 -317.219 1 1 1 1 
v 54.3003 2.20003 -317.219 1 1 1 1 
v 54.3003 2.20003 -317.219 1 1 1 1 
v 54.3004 2.20002 -313.219 1 1 1 1 
v 54.7003 2.20002 -317.219 1 1 1 1 
v 54.7004 2.20001 -313.219 1 1 1 1 
v 54.3003 2.00003 -317.219 1 1 1 1 
v 54.3004 2.00002 -313.219 1 1 1 1 
v 54.3003 2.20003 -317.219 1 1 1 1 
v 54.3004 2.20002 -313.219 1 1 1 1 

vn 0 0 1 
vn 0 0 1 
vn 0 0 1 
vn 0 0 1 
vn 0 -1 0 
vn 0 -1 0 
vn 0 -1 0 
vn 0 -1 0 
vn 1 0 0 
vn 1 0 0 
vn 1 0 0 
vn 1 0 0 
vn 0 0 -1 
vn 0 0 -1 
vn 0 0 -1 
vn 0 0 -1 
vn 0 1 0 
vn 0 1 0 
vn 0 1 0 
vn 0 1 0 
vn -1 0 0 
vn -1 0 0 
vn -1 0 0 
vn -1 0 0 

vt 0.241859 1.16812 
vt 0.191859 1.16812 
vt 0.241859 1.14312 
vt 0.191859 1.14312 
vt 0.691859 1.16812 
vt 0.191859 1.16812 
vt 0.691859 1.11812 
vt 0.191859 1.11812 
vt 0.691859 1.16812 
vt 0.191859 1.16812 
vt 0.691859 1.14312 
vt 0.191859 1.14312 
vt 0.241859 1.16812 
vt 0.191859 1.16812 
vt 0.241859 1.14312 
vt 0.191859 1.14312 
vt 0.691859 1.16812 
vt 0.191859 1.16812 
vt 0.691859 1.11812 
vt 0.191859 1.11812 
vt 0.691859 1.16812 
vt 0.191859 1.16812 
vt 0.691859 1.14312 
vt 0.191859 1.14312 

usemtl Part116Mtl

f 6817/6817/6817 6818/6818/6818 6819/6819/6819 
f 6819/6819/6819 6818/6818/6818 6820/6820/6820 
f 6821/6821/6821 6822/6822/6822 6823/6823/6823 
f 6823/6823/6823 6822/6822/6822 6824/6824/6824 
f 6825/6825/6825 6826/6826/6826 6827/6827/6827 
f 6827/6827/6827 6826/6826/6826 6828/6828/6828 
f 6829/6829/6829 6830/6830/6830 6831/6831/6831 
f 6831/6831/6831 6830/6830/6830 6832/6832/6832 
f 6833/6833/6833 6834/6834/6834 6835/6835/6835 
f 6835/6835/6835 6834/6834/6834 6836/6836/6836 
f 6837/6837/6837 6838/6838/6838 6839/6839/6839 
f 6839/6839/6839 6838/6838/6838 6840/6840/6840 

g Part377

v 54.3002 2.05994 -313.219 1 1 1 1 
v 54.7002 2.05993 -313.219 1 1 1 1 
v 54.3003 7.65994 -313.219 1 1 1 1 
v 54.7003 7.65993 -313.219 1 1 1 1 
v 54.7002 2.05993 -313.619 1 1 1 1 
v 54.7002 2.05993 -313.219 1 1 1 1 
v 54.3002 2.05994 -313.619 1 1 1 1 
v 54.3002 2.05994 -313.219 1 1 1 1 
v 54.7002 2.05993 -313.219 1 1 1 1 
v 54.7002 2.05993 -313.619 1 1 1 1 
v 54.7003 7.65993 -313.219 1 1 1 1 
v 54.7003 7.65993 -313.619 1 1 1 1 
v 54.7002 2.05993 -313.619 1 1 1 1 
v 54.3002 2.05994 -313.619 1 1 1 1 
v 54.7003 7.65993 -313.619 1 1 1 1 
v 54.3003 7.65994 -313.619 1 1 1 1 
v 54.3003 7.65994 -313.619 1 1 1 1 
v 54.3003 7.65994 -313.219 1 1 1 1 
v 54.7003 7.65993 -313.619 1 1 1 1 
v 54.7003 7.65993 -313.219 1 1 1 1 
v 54.3002 2.05994 -313.619 1 1 1 1 
v 54.3002 2.05994 -313.219 1 1 1 1 
v 54.3003 7.65994 -313.619 1 1 1 1 
v 54.3003 7.65994 -313.219 1 1 1 1 

vn 0 0 1 
vn 0 0 1 
vn 0 0 1 
vn 0 0 1 
vn 0 -1 0 
vn 0 -1 0 
vn 0 -1 0 
vn 0 -1 0 
vn 1 0 0 
vn 1 0 0 
vn 1 0 0 
vn 1 0 0 
vn 0 0 -1 
vn 0 0 -1 
vn 0 0 -1 
vn 0 0 -1 
vn 0 1 0 
vn 0 1 0 
vn 0 1 0 
vn 0 1 0 
vn -1 0 0 
vn -1 0 0 
vn -1 0 0 
vn -1 0 0 

vt -0.0578144 0.970302 
vt -0.107814 0.970302 
vt -0.0578144 0.270302 
vt -0.107814 0.270302 
vt -0.0578144 0.970302 
vt -0.107814 0.970302 
vt -0.0578144 0.920302 
vt -0.107814 0.920302 
vt -0.0578144 0.970302 
vt -0.107814 0.970302 
vt -0.0578144 0.270302 
vt -0.107814 0.270302 
vt -0.0578144 0.970302 
vt -0.107814 0.970302 
vt -0.0578144 0.270302 
vt -0.107814 0.270302 
vt -0.0578144 0.970302 
vt -0.107814 0.970302 
vt -0.0578144 0.920302 
vt -0.107814 0.920302 
vt -0.0578144 0.970302 
vt -0.107814 0.970302 
vt -0.0578144 0.270302 
vt -0.107814 0.270302 

usemtl Part116Mtl

f 6841/6841/6841 6842/6842/6842 6843/6843/6843 
f 6843/6843/6843 6842/6842/6842 6844/6844/6844 
f 6845/6845/6845 6846/6846/6846 6847/6847/6847 
f 6847/6847/6847 6846/6846/6846 6848/6848/6848 
f 6849/6849/6849 6850/6850/6850 6851/6851/6851 
f 6851/6851/6851 6850/6850/6850 6852/6852/6852 
f 6853/6853/6853 6854/6854/6854 6855/6855/6855 
f 6855/6855/6855 6854/6854/6854 6856/6856/6856 
f 6857/6857/6857 6858/6858/6858 6859/6859/6859 
f 6859/6859/6859 6858/6858/6858 6860/6860/6860 
f 6861/6861/6861 6862/6862/6862 6863/6863/6863 
f 6863/6863/6863 6862/6862/6862 6864/6864/6864 

g Part378

v 54.3004 2.06003 -316.82 1 1 1 1 
v 54.7004 2.06002 -316.82 1 1 1 1 
v 54.3005 7.66003 -316.82 1 1 1 1 
v 54.7005 7.66002 -316.82 1 1 1 1 
v 54.7004 2.06002 -317.22 1 1 1 1 
v 54.7004 2.06002 -316.82 1 1 1 1 
v 54.3004 2.06003 -317.22 1 1 1 1 
v 54.3004 2.06003 -316.82 1 1 1 1 
v 54.7004 2.06002 -316.82 1 1 1 1 
v 54.7004 2.06002 -317.22 1 1 1 1 
v 54.7005 7.66002 -316.82 1 1 1 1 
v 54.7005 7.66002 -317.22 1 1 1 1 
v 54.7004 2.06002 -317.22 1 1 1 1 
v 54.3004 2.06003 -317.22 1 1 1 1 
v 54.7005 7.66002 -317.22 1 1 1 1 
v 54.3005 7.66003 -317.22 1 1 1 1 
v 54.3005 7.66003 -317.22 1 1 1 1 
v 54.3005 7.66003 -316.82 1 1 1 1 
v 54.7005 7.66002 -317.22 1 1 1 1 
v 54.7005 7.66002 -316.82 1 1 1 1 
v 54.3004 2.06003 -317.22 1 1 1 1 
v 54.3004 2.06003 -316.82 1 1 1 1 
v 54.3005 7.66003 -317.22 1 1 1 1 
v 54.3005 7.66003 -316.82 1 1 1 1 

vn 0 0 1 
vn 0 0 1 
vn 0 0 1 
vn 0 0 1 
vn 0 -1 0 
vn 0 -1 0 
vn 0 -1 0 
vn 0 -1 0 
vn 1 0 0 
vn 1 0 0 
vn 1 0 0 
vn 1 0 0 
vn 0 0 -1 
vn 0 0 -1 
vn 0 0 -1 
vn 0 0 -1 
vn 0 1 0 
vn 0 1 0 
vn 0 1 0 
vn 0 1 0 
vn -1 0 0 
vn -1 0 0 
vn -1 0 0 
vn -1 0 0 

vt -0.0499648 0.631099 
vt -0.0999648 0.631099 
vt -0.0499648 -0.0689008 
vt -0.0999648 -0.0689008 
vt -0.0499648 0.631099 
vt -0.0999648 0.631099 
vt -0.0499648 0.581099 
vt -0.0999648 0.581099 
vt -0.0499648 0.631099 
vt -0.0999648 0.631099 
vt -0.0499648 -0.0689008 
vt -0.0999648 -0.0689008 
vt -0.0499648 0.631099 
vt -0.0999648 0.631099 
vt -0.0499648 -0.0689008 
vt -0.0999648 -0.0689008 
vt -0.0499648 0.631099 
vt -0.0999648 0.631099 
vt -0.0499648 0.581099 
vt -0.0999648 0.581099 
vt -0.0499648 0.631099 
vt -0.0999648 0.631099 
vt -0.0499648 -0.0689008 
vt -0.0999648 -0.0689008 

usemtl Part116Mtl

f 6865/6865/6865 6866/6866/6866 6867/6867/6867 
f 6867/6867/6867 6866/6866/6866 6868/6868/6868 
f 6869/6869/6869 6870/6870/6870 6871/6871/6871 
f 6871/6871/6871 6870/6870/6870 6872/6872/6872 
f 6873/6873/6873 6874/6874/6874 6875/6875/6875 
f 6875/6875/6875 6874/6874/6874 6876/6876/6876 
f 6877/6877/6877 6878/6878/6878 6879/6879/6879 
f 6879/6879/6879 6878/6878/6878 6880/6880/6880 
f 6881/6881/6881 6882/6882/6882 6883/6883/6883 
f 6883/6883/6883 6882/6882/6882 6884/6884/6884 
f 6885/6885/6885 6886/6886/6886 6887/6887/6887 
f 6887/6887/6887 6886/6886/6886 6888/6888/6888 

g Part379

v 54.3005 7.65987 -313.219 1 1 1 1 
v 54.7005 7.65986 -313.219 1 1 1 1 
v 54.3005 8.05987 -313.219 1 1 1 1 
v 54.7005 8.05986 -313.219 1 1 1 1 
v 54.7005 7.65987 -317.219 1 1 1 1 
v 54.7005 7.65986 -313.219 1 1 1 1 
v 54.3005 7.65988 -317.219 1 1 1 1 
v 54.3005 7.65987 -313.219 1 1 1 1 
v 54.7005 7.65986 -313.219 1 1 1 1 
v 54.7005 7.65987 -317.219 1 1 1 1 
v 54.7005 8.05986 -313.219 1 1 1 1 
v 54.7005 8.05987 -317.219 1 1 1 1 
v 54.7005 7.65987 -317.219 1 1 1 1 
v 54.3005 7.65988 -317.219 1 1 1 1 
v 54.7005 8.05987 -317.219 1 1 1 1 
v 54.3005 8.05988 -317.219 1 1 1 1 
v 54.3005 8.05988 -317.219 1 1 1 1 
v 54.3005 8.05987 -313.219 1 1 1 1 
v 54.7005 8.05987 -317.219 1 1 1 1 
v 54.7005 8.05986 -313.219 1 1 1 1 
v 54.3005 7.65988 -317.219 1 1 1 1 
v 54.3005 7.65987 -313.219 1 1 1 1 
v 54.3005 8.05988 -317.219 1 1 1 1 
v 54.3005 8.05987 -313.219 1 1 1 1 

vn 0 0 1 
vn 0 0 1 
vn 0 0 1 
vn 0 0 1 
vn 0 -1 0 
vn 0 -1 0 
vn 0 -1 0 
vn 0 -1 0 
vn 1 0 0 
vn 1 0 0 
vn 1 0 0 
vn 1 0 0 
vn 0 0 -1 
vn 0 0 -1 
vn 0 0 -1 
vn 0 0 -1 
vn 0 1 0 
vn 0 1 0 
vn 0 1 0 
vn 0 1 0 
vn -1 0 0 
vn -1 0 0 
vn -1 0 0 
vn -1 0 0 

vt 0.258827 0.891839 
vt 0.208827 0.891839 
vt 0.258827 0.841839 
vt 0.208827 0.841839 
vt 0.708827 0.891839 
vt 0.208827 0.891839 
vt 0.708827 0.841839 
vt 0.208827 0.841839 
vt 0.708827 0.891839 
vt 0.208827 0.891839 
vt 0.708827 0.841839 
vt 0.208827 0.841839 
vt 0.258827 0.891839 
vt 0.208827 0.891839 
vt 0.258827 0.841839 
vt 0.208827 0.841839 
vt 0.708827 0.891839 
vt 0.208827 0.891839 
vt 0.708827 0.841839 
vt 0.208827 0.841839 
vt 0.708827 0.891839 
vt 0.208827 0.891839 
vt 0.708827 0.841839 
vt 0.208827 0.841839 

usemtl Part116Mtl

f 6889/6889/6889 6890/6890/6890 6891/6891/6891 
f 6891/6891/6891 6890/6890/6890 6892/6892/6892 
f 6893/6893/6893 6894/6894/6894 6895/6895/6895 
f 6895/6895/6895 6894/6894/6894 6896/6896/6896 
f 6897/6897/6897 6898/6898/6898 6899/6899/6899 
f 6899/6899/6899 6898/6898/6898 6900/6900/6900 
f 6901/6901/6901 6902/6902/6902 6903/6903/6903 
f 6903/6903/6903 6902/6902/6902 6904/6904/6904 
f 6905/6905/6905 6906/6906/6906 6907/6907/6907 
f 6907/6907/6907 6906/6906/6906 6908/6908/6908 
f 6909/6909/6909 6910/6910/6910 6911/6911/6911 
f 6911/6911/6911 6910/6910/6910 6912/6912/6912 

g Part380

v 43.434 23.1554 -323.3 1 1 1 1 
v 43.434 23.1554 -296.7 1 1 1 1 
v 43.5741 23.0128 -323.3 1 1 1 1 
v 43.5741 23.0127 -296.7 1 1 1 1 
v 31.0214 10.9616 -296.7 1 1 1 1 
v 43.434 23.1554 -296.7 1 1 1 1 
v 31.0214 10.9616 -323.3 1 1 1 1 
v 43.434 23.1554 -323.3 1 1 1 1 
v 43.434 23.1554 -296.7 1 1 1 1 
v 31.0214 10.9616 -296.7 1 1 1 1 
v 43.5741 23.0127 -296.7 1 1 1 1 
v 31.1615 10.8189 -296.7 1 1 1 1 
v 31.0214 10.9616 -296.7 1 1 1 1 
v 31.0214 10.9616 -323.3 1 1 1 1 
v 31.1615 10.8189 -296.7 1 1 1 1 
v 31.1615 10.8189 -323.3 1 1 1 1 
v 31.1615 10.8189 -323.3 1 1 1 1 
v 43.5741 23.0128 -323.3 1 1 1 1 
v 31.1615 10.8189 -296.7 1 1 1 1 
v 43.5741 23.0127 -296.7 1 1 1 1 
v 31.0214 10.9616 -323.3 1 1 1 1 
v 43.434 23.1554 -323.3 1 1 1 1 
v 31.1615 10.8189 -323.3 1 1 1 1 
v 43.5741 23.0128 -323.3 1 1 1 1 

vn 0.716535 0.700787 0 
vn 0.716535 0.700787 0 
vn 0.716535 0.700787 0 
vn 0.716535 0.700787 0 
vn -0.700787 0.716535 0 
vn -0.700787 0.716535 0 
vn -0.700787 0.716535 0 
vn -0.700787 0.716535 0 
vn 0 0 1 
vn 0 0 1 
vn 0 0 1 
vn 0 0 1 
vn -0.716535 -0.700787 0 
vn -0.716535 -0.700787 0 
vn -0.716535 -0.700787 0 
vn -0.716535 -0.700787 0 
vn 0.700787 -0.716535 0 
vn 0.700787 -0.716535 0 
vn 0.700787 -0.716535 0 
vn 0.700787 -0.716535 0 
vn 0 0 -1 
vn 0 0 -1 
vn 0 0 -1 
vn 0 0 -1 

vt 6.01905 1.74459 
vt 2.69405 1.74459 
vt 6.01905 1.71959 
vt 2.69405 1.71959 
vt 4.86905 1.74459 
vt 2.69405 1.74459 
vt 4.86905 -1.58041 
vt 2.69405 -1.58041 
vt 4.86905 1.74459 
vt 2.69405 1.74459 
vt 4.86905 1.71959 
vt 2.69405 1.71959 
vt 6.01905 1.74459 
vt 2.69405 1.74459 
vt 6.01905 1.71959 
vt 2.69405 1.71959 
vt 4.86905 1.74459 
vt 2.69405 1.74459 
vt 4.86905 -1.58041 
vt 2.69405 -1.58041 
vt 4.86905 1.74459 
vt 2.69405 1.74459 
vt 4.86905 1.71959 
vt 2.69405 1.71959 

usemtl Part302Mtl

f 6913/6913/6913 6914/6914/6914 6915/6915/6915 
f 6915/6915/6915 6914/6914/6914 6916/6916/6916 
f 6917/6917/6917 6918/6918/6918 6919/6919/6919 
f 6919/6919/6919 6918/6918/6918 6920/6920/6920 
f 6921/6921/6921 6922/6922/6922 6923/6923/6923 
f 6923/6923/6923 6922/6922/6922 6924/6924/6924 
f 6925/6925/6925 6926/6926/6926 6927/6927/6927 
f 6927/6927/6927 6926/6926/6926 6928/6928/6928 
f 6929/6929/6929 6930/6930/6930 6931/6931/6931 
f 6931/6931/6931 6930/6930/6930 6932/6932/6932 
f 6933/6933/6933 6934/6934/6934 6935/6935/6935 
f 6935/6935/6935 6934/6934/6934 6936/6936/6936 

g Part381

v 43.5598 23.2957 -296.7 1 1 1 1 
v 43.5598 23.2957 -323.3 1 1 1 1 
v 43.4197 23.1531 -296.7 1 1 1 1 
v 43.4197 23.1531 -323.3 1 1 1 1 
v 56.1149 10.9615 -323.3 1 1 1 1 
v 43.5598 23.2957 -323.3 1 1 1 1 
v 56.1149 10.9615 -296.7 1 1 1 1 
v 43.5598 23.2957 -296.7 1 1 1 1 
v 43.5598 23.2957 -323.3 1 1 1 1 
v 56.1149 10.9615 -323.3 1 1 1 1 
v 43.4197 23.1531 -323.3 1 1 1 1 
v 55.9747 10.8189 -323.3 1 1 1 1 
v 56.1149 10.9615 -323.3 1 1 1 1 
v 56.1149 10.9615 -296.7 1 1 1 1 
v 55.9747 10.8189 -323.3 1 1 1 1 
v 55.9747 10.8189 -296.7 1 1 1 1 
v 55.9747 10.8189 -296.7 1 1 1 1 
v 43.4197 23.1531 -296.7 1 1 1 1 
v 55.9747 10.8189 -323.3 1 1 1 1 
v 43.4197 23.1531 -323.3 1 1 1 1 
v 56.1149 10.9615 -296.7 1 1 1 1 
v 43.5598 23.2957 -296.7 1 1 1 1 
v 55.9747 10.8189 -296.7 1 1 1 1 
v 43.4197 23.1531 -296.7 1 1 1 1 

vn -0.716535 0.700787 0 
vn -0.716535 0.700787 0 
vn -0.716535 0.700787 0 
vn -0.716535 0.700787 0 
vn 0.700787 0.716535 0 
vn 0.700787 0.716535 0 
vn 0.700787 0.716535 0 
vn 0.700787 0.716535 0 
vn 0 0 -1 
vn 0 0 -1 
vn 0 0 -1 
vn 0 0 -1 
vn 0.716535 -0.700787 0 
vn 0.716535 -0.700787 0 
vn 0.716535 -0.700787 0 
vn 0.716535 -0.700787 0 
vn -0.700787 -0.716535 0 
vn -0.700787 -0.716535 0 
vn -0.700787 -0.716535 0 
vn -0.700787 -0.716535 0 
vn 0 0 1 
vn 0 0 1 
vn 0 0 1 
vn 0 0 1 

vt 5.29478 1.60074 
vt 1.96978 1.60074 
vt 5.29478 1.57574 
vt 1.96978 1.57574 
vt 4.16978 1.60074 
vt 1.96978 1.60074 
vt 4.16978 -1.72426 
vt 1.96978 -1.72426 
vt 4.16978 1.60074 
vt 1.96978 1.60074 
vt 4.16978 1.57574 
vt 1.96978 1.57574 
vt 5.29478 1.60074 
vt 1.96978 1.60074 
vt 5.29478 1.57574 
vt 1.96978 1.57574 
vt 4.16978 1.60074 
vt 1.96978 1.60074 
vt 4.16978 -1.72426 
vt 1.96978 -1.72426 
vt 4.16978 1.60074 
vt 1.96978 1.60074 
vt 4.16978 1.57574 
vt 1.96978 1.57574 

usemtl Part302Mtl

f 6937/6937/6937 6938/6938/6938 6939/6939/6939 
f 6939/6939/6939 6938/6938/6938 6940/6940/6940 
f 6941/6941/6941 6942/6942/6942 6943/6943/6943 
f 6943/6943/6943 6942/6942/6942 6944/6944/6944 
f 6945/6945/6945 6946/6946/6946 6947/6947/6947 
f 6947/6947/6947 6946/6946/6946 6948/6948/6948 
f 6949/6949/6949 6950/6950/6950 6951/6951/6951 
f 6951/6951/6951 6950/6950/6950 6952/6952/6952 
f 6953/6953/6953 6954/6954/6954 6955/6955/6955 
f 6955/6955/6955 6954/6954/6954 6956/6956/6956 
f 6957/6957/6957 6958/6958/6958 6959/6959/6959 
f 6959/6959/6959 6958/6958/6958 6960/6960/6960 

g Wedge6

v 43.5607 23.0001 -321.701 1 1 1 1 
v 43.5607 23.0001 -321.701 1 1 1 1 
v 54.9605 11.7998 -321.701 1 1 1 1 
v 43.5605 11.8 -321.701 1 1 1 1 
v 43.5607 23.0001 -321.701 1 1 1 1 
v 43.5607 23.0001 -322.101 1 1 1 1 
v 43.5605 11.8 -321.701 1 1 1 1 
v 43.5605 11.8 -322.101 1 1 1 1 
v 43.5607 23.0001 -322.101 1 1 1 1 
v 43.5607 23.0001 -322.101 1 1 1 1 
v 43.5605 11.8 -322.101 1 1 1 1 
v 54.9605 11.7998 -322.101 1 1 1 1 
v 54.9605 11.7998 -322.101 1 1 1 1 
v 54.9605 11.7998 -321.701 1 1 1 1 
v 43.5605 11.8 -322.101 1 1 1 1 
v 43.5605 11.8 -321.701 1 1 1 1 
v 43.5607 23.0001 -322.101 1 1 1 1 
v 43.5607 23.0001 -321.701 1 1 1 1 
v 54.9605 11.7998 -322.101 1 1 1 1 
v 54.9605 11.7998 -321.701 1 1 1 1 

vn 0 0 1 
vn 0 0 1 
vn 0 0 1 
vn 0 0 1 
vn -1 0 0 
vn -1 0 0 
vn -1 0 0 
vn -1 0 0 
vn 0 0 -1 
vn 0 0 -1 
vn 0 0 -1 
vn 0 0 -1 
vn 0 -1 0 
vn 0 -1 0 
vn 0 -1 0 
vn 0 -1 0 
vn 0.700787 0.716535 0 
vn 0.700787 0.716535 0 
vn 0.700787 0.716535 0 
vn 0.700787 0.716535 0 

vt 6.75 -2.375 
vt 6.75 -2.375 
vt 8.175 -3.775 
vt 6.75 -3.775 
vt 6.8 -2.375 
vt 6.75 -2.375 
vt 6.8 -3.775 
vt 6.75 -3.775 
vt 8.175 -2.375 
vt 8.175 -2.375 
vt 8.175 -3.775 
vt 6.75 -3.775 
vt 6.8 -2.375 
vt 6.75 -2.375 
vt 6.8 -3.8 
vt 6.75 -3.8 
vt 6.8 -2.375 
vt 6.75 -2.375 
vt 6.8 -4.37265 
vt 6.75 -4.37265 

usemtl 1Mtl

f 6961/6961/6961 6962/6962/6962 6963/6963/6963 
f 6963/6963/6963 6962/6962/6962 6964/6964/6964 
f 6965/6965/6965 6966/6966/6966 6967/6967/6967 
f 6967/6967/6967 6966/6966/6966 6968/6968/6968 
f 6969/6969/6969 6970/6970/6970 6971/6971/6971 
f 6971/6971/6971 6970/6970/6970 6972/6972/6972 
f 6973/6973/6973 6974/6974/6974 6975/6975/6975 
f 6975/6975/6975 6974/6974/6974 6976/6976/6976 
f 6977/6977/6977 6978/6978/6978 6979/6979/6979 
f 6979/6979/6979 6978/6978/6978 6980/6980/6980 

g Wedge7

v 43.5606 22.9999 -322.101 1 1 1 1 
v 43.5606 22.9999 -322.101 1 1 1 1 
v 32.1604 11.8 -322.101 1 1 1 1 
v 43.5604 11.7998 -322.101 1 1 1 1 
v 43.5606 22.9999 -322.101 1 1 1 1 
v 43.5606 22.9999 -321.701 1 1 1 1 
v 43.5604 11.7998 -322.101 1 1 1 1 
v 43.5604 11.7998 -321.701 1 1 1 1 
v 43.5606 22.9999 -321.701 1 1 1 1 
v 43.5606 22.9999 -321.701 1 1 1 1 
v 43.5604 11.7998 -321.701 1 1 1 1 
v 32.1604 11.8 -321.701 1 1 1 1 
v 32.1604 11.8 -321.701 1 1 1 1 
v 32.1604 11.8 -322.101 1 1 1 1 
v 43.5604 11.7998 -321.701 1 1 1 1 
v 43.5604 11.7998 -322.101 1 1 1 1 
v 43.5606 22.9999 -321.701 1 1 1 1 
v 43.5606 22.9999 -322.101 1 1 1 1 
v 32.1604 11.8 -321.701 1 1 1 1 
v 32.1604 11.8 -322.101 1 1 1 1 

vn 0 0 -1 
vn 0 0 -1 
vn 0 0 -1 
vn 0 0 -1 
vn 1 0 0 
vn 1 0 0 
vn 1 0 0 
vn 1 0 0 
vn 0 0 1 
vn 0 0 1 
vn 0 0 1 
vn 0 0 1 
vn 0 -1 0 
vn 0 -1 0 
vn 0 -1 0 
vn 0 -1 0 
vn -0.700787 0.716535 0 
vn -0.700787 0.716535 0 
vn -0.700787 0.716535 0 
vn -0.700787 0.716535 0 

vt 7.5 -3.625 
vt 7.5 -3.625 
vt 8.925 -5.025 
vt 7.5 -5.025 
vt 7.55 -3.625 
vt 7.5 -3.625 
vt 7.55 -5.025 
vt 7.5 -5.025 
vt 8.925 -3.625 
vt 8.925 -3.625 
vt 8.925 -5.025 
vt 7.5 -5.025 
vt 7.55 -3.625 
vt 7.5 -3.625 
vt 7.55 -5.05 
vt 7.5 -5.05 
vt 7.55 -3.625 
vt 7.5 -3.625 
vt 7.55 -5.62265 
vt 7.5 -5.62265 

usemtl 1Mtl

f 6981/6981/6981 6982/6982/6982 6983/6983/6983 
f 6983/6983/6983 6982/6982/6982 6984/6984/6984 
f 6985/6985/6985 6986/6986/6986 6987/6987/6987 
f 6987/6987/6987 6986/6986/6986 6988/6988/6988 
f 6989/6989/6989 6990/6990/6990 6991/6991/6991 
f 6991/6991/6991 6990/6990/6990 6992/6992/6992 
f 6993/6993/6993 6994/6994/6994 6995/6995/6995 
f 6995/6995/6995 6994/6994/6994 6996/6996/6996 
f 6997/6997/6997 6998/6998/6998 6999/6999/6999 
f 6999/6999/6999 6998/6998/6998 7000/7000/7000 

g Wedge8

v 43.5627 23 -298.109 1 1 1 1 
v 43.5627 23 -298.109 1 1 1 1 
v 54.9625 11.7998 -298.11 1 1 1 1 
v 43.5625 11.8 -298.109 1 1 1 1 
v 43.5627 23 -298.109 1 1 1 1 
v 43.5627 23.0001 -298.509 1 1 1 1 
v 43.5625 11.8 -298.109 1 1 1 1 
v 43.5625 11.8 -298.509 1 1 1 1 
v 43.5627 23.0001 -298.509 1 1 1 1 
v 43.5627 23.0001 -298.509 1 1 1 1 
v 43.5625 11.8 -298.509 1 1 1 1 
v 54.9625 11.7998 -298.51 1 1 1 1 
v 54.9625 11.7998 -298.51 1 1 1 1 
v 54.9625 11.7998 -298.11 1 1 1 1 
v 43.5625 11.8 -298.509 1 1 1 1 
v 43.5625 11.8 -298.109 1 1 1 1 
v 43.5627 23.0001 -298.509 1 1 1 1 
v 43.5627 23 -298.109 1 1 1 1 
v 54.9625 11.7998 -298.51 1 1 1 1 
v 54.9625 11.7998 -298.11 1 1 1 1 

vn 0 0 1 
vn 0 0 1 
vn 0 0 1 
vn 0 0 1 
vn -1 0 0 
vn -1 0 0 
vn -1 0 0 
vn -1 0 0 
vn 0 0 -1 
vn 0 0 -1 
vn 0 0 -1 
vn 0 0 -1 
vn 0 -1 0 
vn 0 -1 0 
vn 0 -1 0 
vn 0 -1 0 
vn 0.700787 0.716535 0 
vn 0.700787 0.716535 0 
vn 0.700787 0.716535 0 
vn 0.700787 0.716535 0 

vt 2.625 -3.5 
vt 2.625 -3.5 
vt 4.05 -4.9 
vt 2.625 -4.9 
vt 2.675 -3.5 
vt 2.625 -3.5 
vt 2.675 -4.9 
vt 2.625 -4.9 
vt 4.05 -3.5 
vt 4.05 -3.5 
vt 4.05 -4.9 
vt 2.625 -4.9 
vt 2.675 -3.5 
vt 2.625 -3.5 
vt 2.675 -4.925 
vt 2.625 -4.925 
vt 2.675 -3.5 
vt 2.625 -3.5 
vt 2.675 -5.49765 
vt 2.625 -5.49765 

usemtl 1Mtl

f 7001/7001/7001 7002/7002/7002 7003/7003/7003 
f 7003/7003/7003 7002/7002/7002 7004/7004/7004 
f 7005/7005/7005 7006/7006/7006 7007/7007/7007 
f 7007/7007/7007 7006/7006/7006 7008/7008/7008 
f 7009/7009/7009 7010/7010/7010 7011/7011/7011 
f 7011/7011/7011 7010/7010/7010 7012/7012/7012 
f 7013/7013/7013 7014/7014/7014 7015/7015/7015 
f 7015/7015/7015 7014/7014/7014 7016/7016/7016 
f 7017/7017/7017 7018/7018/7018 7019/7019/7019 
f 7019/7019/7019 7018/7018/7018 7020/7020/7020 

g Wedge9

v 43.562 22.9998 -298.509 1 1 1 1 
v 43.562 22.9998 -298.509 1 1 1 1 
v 32.1618 11.8 -298.509 1 1 1 1 
v 43.5618 11.7998 -298.509 1 1 1 1 
v 43.562 22.9998 -298.509 1 1 1 1 
v 43.562 22.9998 -298.109 1 1 1 1 
v 43.5618 11.7998 -298.509 1 1 1 1 
v 43.5618 11.7998 -298.109 1 1 1 1 
v 43.562 22.9998 -298.109 1 1 1 1 
v 43.562 22.9998 -298.109 1 1 1 1 
v 43.5618 11.7998 -298.109 1 1 1 1 
v 32.1618 11.8 -298.109 1 1 1 1 
v 32.1618 11.8 -298.109 1 1 1 1 
v 32.1618 11.8 -298.509 1 1 1 1 
v 43.5618 11.7998 -298.109 1 1 1 1 
v 43.5618 11.7998 -298.509 1 1 1 1 
v 43.562 22.9998 -298.109 1 1 1 1 
v 43.562 22.9998 -298.509 1 1 1 1 
v 32.1618 11.8 -298.109 1 1 1 1 
v 32.1618 11.8 -298.509 1 1 1 1 

vn 0 0 -1 
vn 0 0 -1 
vn 0 0 -1 
vn 0 0 -1 
vn 1 0 0 
vn 1 0 0 
vn 1 0 0 
vn 1 0 0 
vn 0 0 1 
vn 0 0 1 
vn 0 0 1 
vn 0 0 1 
vn 0 -1 0 
vn 0 -1 0 
vn 0 -1 0 
vn 0 -1 0 
vn -0.700787 0.716535 0 
vn -0.700787 0.716535 0 
vn -0.700787 0.716535 0 
vn -0.700787 0.716535 0 

vt 3.875 -6.5 
vt 3.875 -6.5 
vt 5.3 -7.9 
vt 3.875 -7.9 
vt 3.925 -6.5 
vt 3.875 -6.5 
vt 3.925 -7.9 
vt 3.875 -7.9 
vt 5.3 -6.5 
vt 5.3 -6.5 
vt 5.3 -7.9 
vt 3.875 -7.9 
vt 3.925 -6.5 
vt 3.875 -6.5 
vt 3.925 -7.925 
vt 3.875 -7.925 
vt 3.925 -6.5 
vt 3.875 -6.5 
vt 3.925 -8.49765 
vt 3.875 -8.49765 

usemtl 1Mtl

f 7021/7021/7021 7022/7022/7022 7023/7023/7023 
f 7023/7023/7023 7022/7022/7022 7024/7024/7024 
f 7025/7025/7025 7026/7026/7026 7027/7027/7027 
f 7027/7027/7027 7026/7026/7026 7028/7028/7028 
f 7029/7029/7029 7030/7030/7030 7031/7031/7031 
f 7031/7031/7031 7030/7030/7030 7032/7032/7032 
f 7033/7033/7033 7034/7034/7034 7035/7035/7035 
f 7035/7035/7035 7034/7034/7034 7036/7036/7036 
f 7037/7037/7037 7038/7038/7038 7039/7039/7039 
f 7039/7039/7039 7038/7038/7038 7040/7040/7040 

g Part382

v 43.5623 23.013 -321.901 1 1 1 1 
v 43.5623 23.013 -322.901 1 1 1 1 
v 43.4222 22.8703 -321.901 1 1 1 1 
v 43.4222 22.8703 -322.901 1 1 1 1 
v 54.976 11.8001 -322.901 1 1 1 1 
v 43.5623 23.013 -322.901 1 1 1 1 
v 54.976 11.8001 -321.901 1 1 1 1 
v 43.5623 23.013 -321.901 1 1 1 1 
v 43.5623 23.013 -322.901 1 1 1 1 
v 54.976 11.8001 -322.901 1 1 1 1 
v 43.4222 22.8703 -322.901 1 1 1 1 
v 54.8359 11.6574 -322.901 1 1 1 1 
v 54.976 11.8001 -322.901 1 1 1 1 
v 54.976 11.8001 -321.901 1 1 1 1 
v 54.8359 11.6574 -322.901 1 1 1 1 
v 54.8359 11.6574 -321.901 1 1 1 1 
v 54.8359 11.6574 -321.901 1 1 1 1 
v 43.4222 22.8703 -321.901 1 1 1 1 
v 54.8359 11.6574 -322.901 1 1 1 1 
v 43.4222 22.8703 -322.901 1 1 1 1 
v 54.976 11.8001 -321.901 1 1 1 1 
v 43.5623 23.013 -321.901 1 1 1 1 
v 54.8359 11.6574 -321.901 1 1 1 1 
v 43.4222 22.8703 -321.901 1 1 1 1 

vn -0.716535 0.700787 0 
vn -0.716535 0.700787 0 
vn -0.716535 0.700787 0 
vn -0.716535 0.700787 0 
vn 0.700787 0.716535 0 
vn 0.700787 0.716535 0 
vn 0.700787 0.716535 0 
vn 0.700787 0.716535 0 
vn 0 0 -1 
vn 0 0 -1 
vn 0 0 -1 
vn 0 0 -1 
vn 0.716535 -0.700787 0 
vn 0.716535 -0.700787 0 
vn 0.716535 -0.700787 0 
vn 0.716535 -0.700787 0 
vn -0.700787 -0.716535 0 
vn -0.700787 -0.716535 0 
vn -0.700787 -0.716535 0 
vn -0.700787 -0.716535 0 
vn 0 0 1 
vn 0 0 1 
vn 0 0 1 
vn 0 0 1 

vt 2.625 -3.75 
vt 2.5 -3.75 
vt 2.625 -3.775 
vt 2.5 -3.775 
vt 4.5 -3.75 
vt 2.5 -3.75 
vt 4.5 -3.875 
vt 2.5 -3.875 
vt 4.5 -3.75 
vt 2.5 -3.75 
vt 4.5 -3.775 
vt 2.5 -3.775 
vt 2.625 -3.75 
vt 2.5 -3.75 
vt 2.625 -3.775 
vt 2.5 -3.775 
vt 4.5 -3.75 
vt 2.5 -3.75 
vt 4.5 -3.875 
vt 2.5 -3.875 
vt 4.5 -3.75 
vt 2.5 -3.75 
vt 4.5 -3.775 
vt 2.5 -3.775 

usemtl Part113Mtl

f 7041/7041/7041 7042/7042/7042 7043/7043/7043 
f 7043/7043/7043 7042/7042/7042 7044/7044/7044 
f 7045/7045/7045 7046/7046/7046 7047/7047/7047 
f 7047/7047/7047 7046/7046/7046 7048/7048/7048 
f 7049/7049/7049 7050/7050/7050 7051/7051/7051 
f 7051/7051/7051 7050/7050/7050 7052/7052/7052 
f 7053/7053/7053 7054/7054/7054 7055/7055/7055 
f 7055/7055/7055 7054/7054/7054 7056/7056/7056 
f 7057/7057/7057 7058/7058/7058 7059/7059/7059 
f 7059/7059/7059 7058/7058/7058 7060/7060/7060 
f 7061/7061/7061 7062/7062/7062 7063/7063/7063 
f 7063/7063/7063 7062/7062/7062 7064/7064/7064 

g Part383

v 43.5741 23.0128 -323.101 1 1 1 1 
v 43.5741 23.0128 -322.101 1 1 1 1 
v 43.7142 22.8702 -323.101 1 1 1 1 
v 43.7142 22.8702 -322.101 1 1 1 1 
v 32.1602 11.8001 -322.101 1 1 1 1 
v 43.5741 23.0128 -322.101 1 1 1 1 
v 32.1602 11.8001 -323.101 1 1 1 1 
v 43.5741 23.0128 -323.101 1 1 1 1 
v 43.5741 23.0128 -322.101 1 1 1 1 
v 32.1602 11.8001 -322.101 1 1 1 1 
v 43.7142 22.8702 -322.101 1 1 1 1 
v 32.3003 11.6575 -322.101 1 1 1 1 
v 32.1602 11.8001 -322.101 1 1 1 1 
v 32.1602 11.8001 -323.101 1 1 1 1 
v 32.3003 11.6575 -322.101 1 1 1 1 
v 32.3003 11.6575 -323.101 1 1 1 1 
v 32.3003 11.6575 -323.101 1 1 1 1 
v 43.7142 22.8702 -323.101 1 1 1 1 
v 32.3003 11.6575 -322.101 1 1 1 1 
v 43.7142 22.8702 -322.101 1 1 1 1 
v 32.1602 11.8001 -323.101 1 1 1 1 
v 43.5741 23.0128 -323.101 1 1 1 1 
v 32.3003 11.6575 -323.101 1 1 1 1 
v 43.7142 22.8702 -323.101 1 1 1 1 

vn 0.716535 0.700787 0 
vn 0.716535 0.700787 0 
vn 0.716535 0.700787 0 
vn 0.716535 0.700787 0 
vn -0.700787 0.716535 0 
vn -0.700787 0.716535 0 
vn -0.700787 0.716535 0 
vn -0.700787 0.716535 0 
vn 0 0 1 
vn 0 0 1 
vn 0 0 1 
vn 0 0 1 
vn -0.716535 -0.700787 0 
vn -0.716535 -0.700787 0 
vn -0.716535 -0.700787 0 
vn -0.716535 -0.700787 0 
vn 0.700787 -0.716535 0 
vn 0.700787 -0.716535 0 
vn 0.700787 -0.716535 0 
vn 0.700787 -0.716535 0 
vn 0 0 -1 
vn 0 0 -1 
vn 0 0 -1 
vn 0 0 -1 

vt 2 -6 
vt 1.875 -6 
vt 2 -6.025 
vt 1.875 -6.025 
vt 3.875 -6 
vt 1.875 -6 
vt 3.875 -6.125 
vt 1.875 -6.125 
vt 3.875 -6 
vt 1.875 -6 
vt 3.875 -6.025 
vt 1.875 -6.025 
vt 2 -6 
vt 1.875 -6 
vt 2 -6.025 
vt 1.875 -6.025 
vt 3.875 -6 
vt 1.875 -6 
vt 3.875 -6.125 
vt 1.875 -6.125 
vt 3.875 -6 
vt 1.875 -6 
vt 3.875 -6.025 
vt 1.875 -6.025 

usemtl Part113Mtl

f 7065/7065/7065 7066/7066/7066 7067/7067/7067 
f 7067/7067/7067 7066/7066/7066 7068/7068/7068 
f 7069/7069/7069 7070/7070/7070 7071/7071/7071 
f 7071/7071/7071 7070/7070/7070 7072/7072/7072 
f 7073/7073/7073 7074/7074/7074 7075/7075/7075 
f 7075/7075/7075 7074/7074/7074 7076/7076/7076 
f 7077/7077/7077 7078/7078/7078 7079/7079/7079 
f 7079/7079/7079 7078/7078/7078 7080/7080/7080 
f 7081/7081/7081 7082/7082/7082 7083/7083/7083 
f 7083/7083/7083 7082/7082/7082 7084/7084/7084 
f 7085/7085/7085 7086/7086/7086 7087/7087/7087 
f 7087/7087/7087 7086/7086/7086 7088/7088/7088 

g Part384

v 43.5607 23.0129 -298.309 1 1 1 1 
v 43.5607 23.0129 -297.309 1 1 1 1 
v 43.7009 22.8702 -298.309 1 1 1 1 
v 43.7009 22.8702 -297.309 1 1 1 1 
v 32.1468 11.8002 -297.309 1 1 1 1 
v 43.5607 23.0129 -297.309 1 1 1 1 
v 32.1468 11.8002 -298.309 1 1 1 1 
v 43.5607 23.0129 -298.309 1 1 1 1 
v 43.5607 23.0129 -297.309 1 1 1 1 
v 32.1468 11.8002 -297.309 1 1 1 1 
v 43.7009 22.8702 -297.309 1 1 1 1 
v 32.287 11.6575 -297.309 1 1 1 1 
v 32.1468 11.8002 -297.309 1 1 1 1 
v 32.1468 11.8002 -298.309 1 1 1 1 
v 32.287 11.6575 -297.309 1 1 1 1 
v 32.287 11.6575 -298.309 1 1 1 1 
v 32.287 11.6575 -298.309 1 1 1 1 
v 43.7009 22.8702 -298.309 1 1 1 1 
v 32.287 11.6575 -297.309 1 1 1 1 
v 43.7009 22.8702 -297.309 1 1 1 1 
v 32.1468 11.8002 -298.309 1 1 1 1 
v 43.5607 23.0129 -298.309 1 1 1 1 
v 32.287 11.6575 -298.309 1 1 1 1 
v 43.7009 22.8702 -298.309 1 1 1 1 

vn 0.716535 0.700787 0 
vn 0.716535 0.700787 0 
vn 0.716535 0.700787 0 
vn 0.716535 0.700787 0 
vn -0.700787 0.716535 0 
vn -0.700787 0.716535 0 
vn -0.700787 0.716535 0 
vn -0.700787 0.716535 0 
vn 0 0 1 
vn 0 0 1 
vn 0 0 1 
vn 0 0 1 
vn -0.716535 -0.700787 0 
vn -0.716535 -0.700787 0 
vn -0.716535 -0.700787 0 
vn -0.716535 -0.700787 0 
vn 0.700787 -0.716535 0 
vn 0.700787 -0.716535 0 
vn 0.700787 -0.716535 0 
vn 0.700787 -0.716535 0 
vn 0 0 -1 
vn 0 0 -1 
vn 0 0 -1 
vn 0 0 -1 

vt 4.625 -4.375 
vt 4.5 -4.375 
vt 4.625 -4.4 
vt 4.5 -4.4 
vt 6.5 -4.375 
vt 4.5 -4.375 
vt 6.5 -4.5 
vt 4.5 -4.5 
vt 6.5 -4.375 
vt 4.5 -4.375 
vt 6.5 -4.4 
vt 4.5 -4.4 
vt 4.625 -4.375 
vt 4.5 -4.375 
vt 4.625 -4.4 
vt 4.5 -4.4 
vt 6.5 -4.375 
vt 4.5 -4.375 
vt 6.5 -4.5 
vt 4.5 -4.5 
vt 6.5 -4.375 
vt 4.5 -4.375 
vt 6.5 -4.4 
vt 4.5 -4.4 

usemtl Part113Mtl

f 7089/7089/7089 7090/7090/7090 7091/7091/7091 
f 7091/7091/7091 7090/7090/7090 7092/7092/7092 
f 7093/7093/7093 7094/7094/7094 7095/7095/7095 
f 7095/7095/7095 7094/7094/7094 7096/7096/7096 
f 7097/7097/7097 7098/7098/7098 7099/7099/7099 
f 7099/7099/7099 7098/7098/7098 7100/7100/7100 
f 7101/7101/7101 7102/7102/7102 7103/7103/7103 
f 7103/7103/7103 7102/7102/7102 7104/7104/7104 
f 7105/7105/7105 7106/7106/7106 7107/7107/7107 
f 7107/7107/7107 7106/7106/7106 7108/7108/7108 
f 7109/7109/7109 7110/7110/7110 7111/7111/7111 
f 7111/7111/7111 7110/7110/7110 7112/7112/7112 

g Part385

v 43.5493 23.0129 -297.109 1 1 1 1 
v 43.5493 23.0129 -298.109 1 1 1 1 
v 43.4091 22.8703 -297.109 1 1 1 1 
v 43.4091 22.8703 -298.109 1 1 1 1 
v 54.963 11.8 -298.109 1 1 1 1 
v 43.5493 23.0129 -298.109 1 1 1 1 
v 54.963 11.8 -297.109 1 1 1 1 
v 43.5493 23.0129 -297.109 1 1 1 1 
v 43.5493 23.0129 -298.109 1 1 1 1 
v 54.963 11.8 -298.109 1 1 1 1 
v 43.4091 22.8703 -298.109 1 1 1 1 
v 54.8228 11.6574 -298.109 1 1 1 1 
v 54.963 11.8 -298.109 1 1 1 1 
v 54.963 11.8 -297.109 1 1 1 1 
v 54.8228 11.6574 -298.109 1 1 1 1 
v 54.8228 11.6574 -297.109 1 1 1 1 
v 54.8228 11.6574 -297.109 1 1 1 1 
v 43.4091 22.8703 -297.109 1 1 1 1 
v 54.8228 11.6574 -298.109 1 1 1 1 
v 43.4091 22.8703 -298.109 1 1 1 1 
v 54.963 11.8 -297.109 1 1 1 1 
v 43.5493 23.0129 -297.109 1 1 1 1 
v 54.8228 11.6574 -297.109 1 1 1 1 
v 43.4091 22.8703 -297.109 1 1 1 1 

vn -0.716535 0.700787 0 
vn -0.716535 0.700787 0 
vn -0.716535 0.700787 0 
vn -0.716535 0.700787 0 
vn 0.700787 0.716535 0 
vn 0.700787 0.716535 0 
vn 0.700787 0.716535 0 
vn 0.700787 0.716535 0 
vn 0 0 -1 
vn 0 0 -1 
vn 0 0 -1 
vn 0 0 -1 
vn 0.716535 -0.700787 0 
vn 0.716535 -0.700787 0 
vn 0.716535 -0.700787 0 
vn 0.716535 -0.700787 0 
vn -0.700787 -0.716535 0 
vn -0.700787 -0.716535 0 
vn -0.700787 -0.716535 0 
vn -0.700787 -0.716535 0 
vn 0 0 1 
vn 0 0 1 
vn 0 0 1 
vn 0 0 1 

vt 6.25 -6.875 
vt 6.125 -6.875 
vt 6.25 -6.9 
vt 6.125 -6.9 
vt 8.125 -6.875 
vt 6.125 -6.875 
vt 8.125 -7 
vt 6.125 -7 
vt 8.125 -6.875 
vt 6.125 -6.875 
vt 8.125 -6.9 
vt 6.125 -6.9 
vt 6.25 -6.875 
vt 6.125 -6.875 
vt 6.25 -6.9 
vt 6.125 -6.9 
vt 8.125 -6.875 
vt 6.125 -6.875 
vt 8.125 -7 
vt 6.125 -7 
vt 8.125 -6.875 
vt 6.125 -6.875 
vt 8.125 -6.9 
vt 6.125 -6.9 

usemtl Part113Mtl

f 7113/7113/7113 7114/7114/7114 7115/7115/7115 
f 7115/7115/7115 7114/7114/7114 7116/7116/7116 
f 7117/7117/7117 7118/7118/7118 7119/7119/7119 
f 7119/7119/7119 7118/7118/7118 7120/7120/7120 
f 7121/7121/7121 7122/7122/7122 7123/7123/7123 
f 7123/7123/7123 7122/7122/7122 7124/7124/7124 
f 7125/7125/7125 7126/7126/7126 7127/7127/7127 
f 7127/7127/7127 7126/7126/7126 7128/7128/7128 
f 7129/7129/7129 7130/7130/7130 7131/7131/7131 
f 7131/7131/7131 7130/7130/7130 7132/7132/7132 
f 7133/7133/7133 7134/7134/7134 7135/7135/7135 
f 7135/7135/7135 7134/7134/7134 7136/7136/7136 

