# This file is brought to you by Roblox Corporation
# Generated by Roblox Studio

mtllib Pat 1.mtl

g Cube0011

v -62.16 19.3484 -42.531 
v -62.16 18.7385 -42.8237 
v -62.16 19.3484 -42.8237 
v -61.8608 19.3278 -42.3789 
v -61.8608 19.072 -42.9353 
v -61.8608 19.3278 -42.9353 
v -61.7254 19.5836 -42.3789 
v -61.7254 19.3278 -42.9353 
v -61.7254 19.5836 -42.9353 
v -61.0846 19.3484 -42.8237 
v -61.0846 18.7385 -42.531 
v -61.0846 18.7385 -42.8237 
v -62.16 18.7385 -42.531 
v -61.8608 19.072 -42.3789 
v -61.7254 19.3278 -42.3789 
v -61.0846 19.3484 -42.531 
v -62.2551 20.6798 -43.925 
v -62.3418 21.1536 -43.641 
v -62.3418 20.6798 -43.641 
v -63.0296 21.8356 -44.1614 
v -63.1163 21.8356 -43.8775 
v -63.1163 21.6229 -43.8775 
v -63.0296 21.6229 -44.1614 
v -62.7714 21.6229 -44.0826 
v -62.8581 21.3963 -43.7987 
v -62.7714 21.3963 -44.0826 
v -62.5133 21.3963 -44.0038 
v -62.6 21.1536 -43.7198 
v -62.5133 21.1536 -44.0038 
v -62.8581 21.6229 -43.7987 
v -62.6 21.3963 -43.7198 
v -62.2551 21.1536 -43.925 
v -60.8286 21.1536 -44.2402 
v -60.742 20.6798 -43.9563 
v -60.8286 20.6798 -44.2402 
v -60.7102 19.1403 -42.7104 
v -60.7102 18.5312 -44.484 
v -60.7102 19.1422 -44.484 
v -60.7102 19.5392 -42.7104 
v -60.7102 19.1422 -44.484 
v -60.7102 19.8792 -44.484 
v -60.7102 20.2633 -42.7104 
v -60.7102 20.2674 -44.484 
v -60.7102 19.1403 -42.7104 
v -60.7102 18.5312 -42.7104 
v -60.7102 20.7504 -42.7104 
v -60.7102 20.7504 -44.484 
v -60.742 21.3963 -43.9563 
v -60.8286 21.1536 -44.2402 
v -60.8286 21.3963 -44.2402 
v -60.742 21.6229 -43.9563 
v -60.8286 21.3963 -44.2402 
v -60.8286 21.6229 -44.2402 
v -60.742 21.8356 -43.9563 
v -60.8286 21.6229 -44.2402 
v -60.8286 21.8356 -44.2402 
v -60.742 21.1536 -43.9563 
v -60.742 21.1536 -43.9563 
v -60.742 21.3963 -43.9563 
v -60.742 21.6229 -43.9563 
v -62.0582 20.7504 -42.7104 
v -63.4061 20.7504 -44.484 
v -63.4061 20.7504 -42.7104 
v -62.6 21.1536 -43.7198 
v -62.2551 21.1536 -43.925 
v -62.5133 21.1536 -44.0038 
v -62.3909 19.5836 -42.9353 
v -62.2556 19.5836 -42.3789 
v -62.2556 19.5836 -42.9353 
v -63.0318 19.3484 -42.8237 
v -62.16 19.3484 -42.531 
v -62.16 19.3484 -42.8237 
v -63.0318 19.3484 -42.531 
v -62.3909 19.5836 -42.3789 
v -61.8608 19.5836 -42.3789 
v -62.2556 19.5836 -42.9353 
v -62.3418 21.1536 -43.641 
v -63.1163 21.8356 -43.8775 
v -63.2877 21.8356 -44.2402 
v -63.3744 21.8356 -43.9563 
v -63.0296 21.8356 -44.1614 
v -63.1163 21.6229 -43.8775 
v -62.7714 21.6229 -44.0826 
v -63.0296 21.6229 -44.1614 
v -62.6 21.3963 -43.7198 
v -62.5133 21.3963 -44.0038 
v -62.7714 21.3963 -44.0826 
v -62.8581 21.6229 -43.7987 
v -62.8581 21.3963 -43.7987 
v -60.7102 20.7504 -44.484 
v -61.8608 19.5836 -42.9353 
v -61.5164 21.1536 -43.7198 
v -61.8612 21.1536 -43.925 
v -61.7745 21.1536 -43.641 
v -60.7102 20.7504 -42.7104 
v -61.7254 19.5836 -42.3789 
v -61.7254 19.5836 -42.9353 
v -61.8608 19.5836 -42.9353 
v -61.9563 19.3484 -42.531 
v -61.0846 19.3484 -42.8237 
v -61.9563 19.3484 -42.8237 
v -61.0846 19.3484 -42.531 
v -61.6031 21.1536 -44.0038 
v -61.3449 21.6229 -44.0826 
v -61.0001 21.6229 -43.8775 
v -61.0868 21.6229 -44.1614 
v -61.0001 21.8356 -43.8775 
v -60.8286 21.8356 -44.2402 
v -61.0868 21.8356 -44.1614 
v -60.742 21.8356 -43.9563 
v -61.5164 21.3963 -43.7198 
v -61.3449 21.3963 -44.0826 
v -61.6031 21.3963 -44.0038 
v -61.2582 21.3963 -43.7987 
v -61.2582 21.6229 -43.7987 
v -63.1693 19.845 -42.7104 
v -62.7024 19.9041 -42.7104 
v -62.9134 19.9041 -42.7104 
v -62.4464 19.845 -42.7104 
v -63.1693 20.1384 -42.7104 
v -63.1693 19.845 -42.7104 
v -62.9134 19.9041 -42.7104 
v -62.9134 20.1384 -42.7104 
v -62.7024 20.1384 -42.7104 
v -62.9134 19.9041 -42.7104 
v -62.7024 19.9041 -42.7104 
v -62.9134 20.1384 -42.7104 
v -62.9134 20.3727 -42.7104 
v -62.7024 19.9041 -42.7104 
v -62.6717 20.2443 -42.7104 
v -62.7024 20.1384 -42.7104 
v -62.7024 20.1384 -42.7104 
v -62.9134 20.3727 -42.7104 
v -62.9134 20.1384 -42.7104 
v -62.6717 20.2916 -42.7104 
v -62.6717 20.2443 -42.7104 
v -62.7024 19.9041 -42.7104 
v -62.5732 20.242 -42.7104 
v -62.3313 20.1384 -42.7104 
v -62.4464 19.845 -42.7104 
v -62.3313 19.7298 -42.7104 
v -62.0582 20.1448 -42.7104 
v -62.3313 19.7298 -42.7104 
v -62.0582 19.5392 -42.7104 
v -62.4464 19.845 -42.7104 
v -62.3313 20.1384 -42.7104 
v -62.4464 20.1384 -42.7104 
v -62.5732 20.242 -42.7104 
v -62.4464 20.1384 -42.7104 
v -62.5732 20.2916 -42.7104 
v -62.4464 19.845 -42.7104 
v -62.4464 20.4318 -42.7104 
v -62.6717 20.2443 -42.7104 
v -62.5732 20.2916 -42.7104 
v -62.6717 20.2916 -42.7104 
v -62.5732 20.242 -42.7104 
v -63.2845 19.7298 -42.7104 
v -63.1693 19.845 -42.7104 
v -62.0582 18.5312 -42.7104 
v -63.4061 19.1403 -42.7104 
v -63.4061 18.5312 -42.7104 
v -62.0582 19.1403 -42.7104 
v -63.4061 19.5392 -42.7104 
v -63.4061 19.1403 -42.7104 
v -63.4061 19.5392 -42.7104 
v -62.3313 19.7298 -42.7104 
v -63.2845 19.7298 -42.7104 
v -62.16 18.7385 -42.531 
v -63.0318 19.3484 -42.531 
v -63.0318 18.7385 -42.531 
v -63.4061 20.2633 -42.7104 
v -63.2845 19.7298 -42.7104 
v -63.1693 20.1384 -42.7104 
v -63.2845 20.1384 -42.7104 
v -63.1693 20.4318 -42.7104 
v -63.2845 20.1384 -42.7104 
v -62.7024 20.3727 -42.7104 
v -62.7024 20.1384 -42.7104 
v -62.6717 20.2916 -42.7104 
v -62.0582 19.1403 -42.7104 
v -62.0582 19.5392 -42.7104 
v -62.16 19.3484 -42.531 
v -61.8608 19.072 -42.3789 
v -62.2556 19.3278 -42.3789 
v -62.2556 19.072 -42.3789 
v -61.8608 19.3278 -42.3789 
v -62.2556 19.5836 -42.3789 
v -62.0582 19.5392 -42.7104 
v -62.3909 19.5836 -42.3789 
v -62.3909 19.3278 -42.3789 
v -62.0582 20.1448 -42.7104 
v -62.3313 20.547 -42.7104 
v -62.3313 20.1384 -42.7104 
v -63.1163 20.6798 -43.8775 
v -63.3744 21.1536 -43.9563 
v -63.3744 20.6798 -43.9563 
v -63.1163 21.3963 -43.8775 
v -63.3744 21.3963 -43.9563 
v -63.3744 21.1536 -43.9563 
v -63.1163 21.1536 -43.8775 
v -63.1163 21.1536 -43.8775 
v -62.8581 20.6798 -43.7987 
v -63.1163 21.1536 -43.8775 
v -63.1163 20.6798 -43.8775 
v -62.8581 21.3963 -43.7987 
v -63.1163 21.3963 -43.8775 
v -63.1163 21.1536 -43.8775 
v -63.1163 21.6229 -43.8775 
v -63.3744 21.6229 -43.9563 
v -63.3744 21.3963 -43.9563 
v -63.1163 21.8356 -43.8775 
v -63.3744 21.8356 -43.9563 
v -63.3744 21.6229 -43.9563 
v -63.1163 21.3963 -43.8775 
v -63.1163 21.6229 -43.8775 
v -62.8581 21.6229 -43.7987 
v -63.1163 21.6229 -43.8775 
v -63.1163 21.3963 -43.8775 
v -62.8581 21.1536 -43.7987 
v -62.6 20.6798 -43.7198 
v -62.8581 21.1536 -43.7987 
v -62.8581 20.6798 -43.7987 
v -62.6 21.1536 -43.7198 
v -62.3418 20.6798 -43.641 
v -62.6 21.1536 -43.7198 
v -62.6 20.6798 -43.7198 
v -62.3418 21.1536 -43.641 
v -62.8581 21.1536 -43.7987 
v -62.8581 21.3963 -43.7987 
v -62.6 21.3963 -43.7198 
v -62.8581 21.3963 -43.7987 
v -62.8581 21.1536 -43.7987 
v -62.6 21.1536 -43.7198 
v -62.7024 20.3727 -42.7104 
v -63.1693 20.4318 -42.7104 
v -62.7024 20.3727 -42.7104 
v -63.1693 20.4318 -42.7104 
v -62.9134 20.3727 -42.7104 
v -63.2845 20.547 -42.7104 
v -63.2845 20.547 -42.7104 
v -62.4464 20.4318 -42.7104 
v -62.4464 20.4318 -42.7104 
v -63.2845 20.547 -42.7104 
v -63.1693 20.4318 -42.7104 
v -62.3313 20.547 -42.7104 
v -63.4061 20.7504 -42.7104 
v -62.6717 20.339 -42.7104 
v -62.5732 20.2916 -42.7104 
v -62.6717 20.339 -42.7104 
v -62.6717 20.2916 -42.7104 
v -62.4464 20.4318 -42.7104 
v -62.5732 20.2916 -42.7104 
v -62.4464 20.1384 -42.7104 
v -62.5732 20.3412 -42.7104 
v -62.5732 20.3412 -42.7104 
v -62.7024 20.3727 -42.7104 
v -62.6717 20.339 -42.7104 
v -62.5732 20.3412 -42.7104 
v -62.4464 20.4318 -42.7104 
v -62.3313 20.547 -42.7104 
v -62.0582 20.7504 -42.7104 
v -60.7102 18.5312 -42.7104 
v -60.7102 19.1403 -42.7104 
v -60.7102 19.5392 -42.7104 
v -61.8006 19.7298 -42.7104 
v -61.8006 19.7298 -42.7104 
v -60.8473 19.7298 -42.7104 
v -61.6854 19.845 -42.7104 
v -61.8006 19.7298 -42.7104 
v -61.6854 19.845 -42.7104 
v -61.2265 19.9221 -42.7104 
v -61.4213 19.9221 -42.7104 
v -61.8006 20.1384 -42.7104 
v -61.6854 20.1384 -42.7104 
v -61.6854 19.845 -42.7104 
v -61.4213 19.9221 -42.7104 
v -61.8006 20.1384 -42.7104 
v -61.6854 20.1384 -42.7104 
v -61.2265 20.1384 -42.7104 
v -61.4213 19.9221 -42.7104 
v -61.2265 19.9221 -42.7104 
v -60.8473 19.7298 -42.7104 
v -60.7102 20.2633 -42.7104 
v -60.8473 20.1384 -42.7104 
v -60.7102 19.5392 -42.7104 
v -60.8473 19.7298 -42.7104 
v -60.9625 19.845 -42.7104 
v -60.9625 20.1384 -42.7104 
v -61.0892 20.242 -42.7104 
v -60.9625 19.845 -42.7104 
v -61.2265 19.9221 -42.7104 
v -61.1878 20.2443 -42.7104 
v -61.2265 20.1384 -42.7104 
v -60.8473 20.1384 -42.7104 
v -60.9625 20.4318 -42.7104 
v -60.9625 20.1384 -42.7104 
v -61.0892 20.2916 -42.7104 
v -61.1878 20.2443 -42.7104 
v -61.0892 20.242 -42.7104 
v -61.2265 20.3547 -42.7104 
v -61.2265 20.1384 -42.7104 
v -61.1878 20.2916 -42.7104 
v -61.1878 20.2916 -42.7104 
v -61.0846 19.3484 -42.531 
v -61.9563 19.3484 -42.531 
v -61.9563 18.7385 -42.531 
v -61.0846 18.7385 -42.531 
v -61.8608 19.5836 -42.3789 
v -61.7254 19.3278 -42.3789 
v -61.7254 19.5836 -42.3789 
v -61.4213 20.1384 -42.7104 
v -61.4213 20.1384 -42.7104 
v -61.4213 20.3547 -42.7104 
v -61.6854 20.4318 -42.7104 
v -61.4213 20.3547 -42.7104 
v -60.7102 19.1403 -42.7104 
v -60.7102 19.5392 -42.7104 
v -60.9625 19.845 -42.7104 
v -61.2265 19.9221 -42.7104 
v -60.9625 19.845 -42.7104 
v -61.0892 20.242 -42.7104 
v -61.1878 20.2443 -42.7104 
v -61.0892 20.2916 -42.7104 
v -61.1878 20.2916 -42.7104 
v -61.8006 20.547 -42.7104 
v -62.0582 20.1448 -42.7104 
v -61.8006 20.1384 -42.7104 
v -61.2582 21.1536 -43.7987 
v -61.5164 20.6798 -43.7198 
v -61.2582 20.6798 -43.7987 
v -61.2582 21.1536 -43.7987 
v -61.2582 20.6798 -43.7987 
v -61.0001 21.1536 -43.8775 
v -61.5164 21.1536 -43.7198 
v -61.7745 21.1536 -43.641 
v -61.7745 20.6798 -43.641 
v -61.5164 21.1536 -43.7198 
v -61.5164 20.6798 -43.7198 
v -61.2582 21.1536 -43.7987 
v -61.5164 21.3963 -43.7198 
v -61.5164 21.1536 -43.7198 
v -61.0001 21.1536 -43.8775 
v -61.2582 21.3963 -43.7987 
v -61.2582 21.1536 -43.7987 
v -61.2582 21.6229 -43.7987 
v -61.0001 21.3963 -43.8775 
v -61.0001 21.6229 -43.8775 
v -61.2582 21.3963 -43.7987 
v -61.2582 21.3963 -43.7987 
v -61.0001 20.6798 -43.8775 
v -60.742 21.1536 -43.9563 
v -61.0001 21.3963 -43.8775 
v -61.0001 21.1536 -43.8775 
v -60.742 21.1536 -43.9563 
v -61.0001 20.6798 -43.8775 
v -60.742 20.6798 -43.9563 
v -61.0001 21.1536 -43.8775 
v -61.0001 21.3963 -43.8775 
v -60.742 21.3963 -43.9563 
v -61.0001 21.6229 -43.8775 
v -60.742 21.3963 -43.9563 
v -60.742 21.6229 -43.9563 
v -61.0001 21.8356 -43.8775 
v -60.742 21.6229 -43.9563 
v -60.742 21.8356 -43.9563 
v -61.0001 21.3963 -43.8775 
v -61.0001 21.6229 -43.8775 
v -60.8473 20.547 -42.7104 
v -60.8473 20.1384 -42.7104 
v -60.7102 20.2633 -42.7104 
v -61.6854 20.4318 -42.7104 
v -61.2265 20.3547 -42.7104 
v -61.8006 20.547 -42.7104 
v -61.2265 20.3547 -42.7104 
v -61.6854 20.4318 -42.7104 
v -61.4213 20.3547 -42.7104 
v -60.9625 20.4318 -42.7104 
v -62.0582 20.7504 -42.7104 
v -60.9625 20.4318 -42.7104 
v -61.8006 20.547 -42.7104 
v -61.6854 20.4318 -42.7104 
v -60.8473 20.547 -42.7104 
v -61.8006 20.547 -42.7104 
v -60.7102 20.7504 -42.7104 
v -61.1878 20.339 -42.7104 
v -61.0892 20.2916 -42.7104 
v -61.1878 20.339 -42.7104 
v -61.1878 20.2916 -42.7104 
v -60.9625 20.4318 -42.7104 
v -61.0892 20.2916 -42.7104 
v -60.9625 20.1384 -42.7104 
v -61.0892 20.3412 -42.7104 
v -61.0892 20.3412 -42.7104 
v -61.2265 20.3547 -42.7104 
v -61.1878 20.339 -42.7104 
v -61.0892 20.3412 -42.7104 
v -60.8473 20.547 -42.7104 
v -60.9625 20.4318 -42.7104 
v -63.4061 18.5312 -44.484 
v -63.4061 19.1403 -42.7104 
v -63.4061 19.1422 -44.484 
v -63.4061 19.1422 -44.484 
v -63.4061 19.5392 -42.7104 
v -63.4061 19.8792 -44.484 
v -63.4061 19.8792 -44.484 
v -63.4061 20.2633 -42.7104 
v -63.4061 20.2674 -44.484 
v -63.4061 20.7504 -42.7104 
v -63.4061 20.7504 -44.484 
v -63.4061 18.5312 -42.7104 
v -63.4061 19.1403 -42.7104 
v -63.4061 19.5392 -42.7104 
v -63.3744 20.6798 -43.9563 
v -63.2877 21.1536 -44.2402 
v -63.2877 20.6798 -44.2402 
v -63.3744 21.3963 -43.9563 
v -63.2877 21.3963 -44.2402 
v -63.2877 21.1536 -44.2402 
v -63.3744 21.6229 -43.9563 
v -63.2877 21.6229 -44.2402 
v -63.2877 21.3963 -44.2402 
v -63.3744 21.8356 -43.9563 
v -63.2877 21.8356 -44.2402 
v -63.2877 21.6229 -44.2402 
v -63.3744 21.1536 -43.9563 
v -63.3744 21.1536 -43.9563 
v -63.3744 21.3963 -43.9563 
v -63.3744 21.6229 -43.9563 
v -63.0318 18.7385 -42.531 
v -63.0318 19.3484 -42.8237 
v -63.0318 18.7385 -42.8237 
v -62.3909 19.3278 -42.3789 
v -62.3909 19.5836 -42.9353 
v -62.3909 19.3278 -42.9353 
v -62.2556 19.072 -42.3789 
v -62.2556 19.3278 -42.9353 
v -62.2556 19.072 -42.9353 
v -61.9563 19.3484 -42.8237 
v -61.9563 18.7385 -42.8237 
v -61.9563 19.3484 -42.531 
v -61.9563 18.7385 -42.531 
v -63.0318 19.3484 -42.531 
v -62.3909 19.5836 -42.3789 
v -62.2556 19.3278 -42.3789 
v -61.7745 21.1536 -43.641 
v -61.8612 20.6798 -43.925 
v -61.7745 20.6798 -43.641 
v -61.2582 21.3963 -43.7987 
v -61.3449 21.6229 -44.0826 
v -61.3449 21.3963 -44.0826 
v -61.0001 21.6229 -43.8775 
v -61.0868 21.8356 -44.1614 
v -61.0868 21.6229 -44.1614 
v -61.0001 21.8356 -43.8775 
v -61.5164 21.1536 -43.7198 
v -61.6031 21.3963 -44.0038 
v -61.6031 21.1536 -44.0038 
v -61.8612 21.1536 -43.925 
v -61.5164 21.3963 -43.7198 
v -61.2582 21.6229 -43.7987 
v -63.4061 18.5312 -42.7104 
v -63.4061 18.5312 -44.484 
v -62.0582 18.5312 -44.484 
v -62.0582 18.5312 -42.7104 
v -62.2556 19.072 -42.3789 
v -62.2556 19.072 -42.9353 
v -61.8608 19.072 -42.9353 
v -62.3909 19.3278 -42.3789 
v -62.3909 19.3278 -42.9353 
v -62.2556 19.3278 -42.9353 
v -63.0318 18.7385 -42.8237 
v -62.16 18.7385 -42.8237 
v -63.0318 18.7385 -42.531 
v -62.16 18.7385 -42.531 
v -62.2556 19.3278 -42.3789 
v -63.2877 20.6798 -44.2402 
v -63.1163 20.6798 -43.8775 
v -63.3744 20.6798 -43.9563 
v -63.0296 20.6798 -44.1614 
v -63.1163 20.6798 -43.8775 
v -63.0296 20.6798 -44.1614 
v -62.7714 20.6798 -44.0826 
v -62.6 20.6798 -43.7198 
v -62.7714 20.6798 -44.0826 
v -62.5133 20.6798 -44.0038 
v -62.8581 20.6798 -43.7987 
v -62.8581 20.6798 -43.7987 
v -62.6 20.6798 -43.7198 
v -62.5133 20.6798 -44.0038 
v -62.2551 20.6798 -43.925 
v -62.3418 20.6798 -43.641 
v -61.8608 19.072 -42.3789 
v -61.7745 20.6798 -43.641 
v -61.8612 20.6798 -43.925 
v -61.5164 20.6798 -43.7198 
v -60.7102 18.5312 -44.484 
v -60.7102 18.5312 -42.7104 
v -61.7254 19.3278 -42.9353 
v -61.8608 19.3278 -42.3789 
v -61.8608 19.3278 -42.9353 
v -61.7254 19.3278 -42.3789 
v -61.0846 18.7385 -42.531 
v -61.9563 18.7385 -42.531 
v -61.9563 18.7385 -42.8237 
v -61.0846 18.7385 -42.8237 
v -61.6031 20.6798 -44.0038 
v -61.3449 20.6798 -44.0826 
v -61.0868 20.6798 -44.1614 
v -61.0001 20.6798 -43.8775 
v -60.8286 20.6798 -44.2402 
v -60.742 20.6798 -43.9563 
v -61.2582 20.6798 -43.7987 
v -63.4061 19.1422 -44.484 
v -62.0582 18.5312 -44.484 
v -63.4061 18.5312 -44.484 
v -63.2877 20.6798 -44.2402 
v -63.0296 21.1536 -44.1614 
v -63.0296 20.6798 -44.1614 
v -62.7714 21.1536 -44.0826 
v -63.0296 20.6798 -44.1614 
v -63.0296 21.1536 -44.1614 
v -62.7714 20.6798 -44.0826 
v -60.7102 19.8792 -44.484 
v -63.4061 19.1422 -44.484 
v -63.4061 19.8792 -44.484 
v -63.4061 20.2674 -44.484 
v -60.7102 20.7504 -44.484 
v -63.4061 20.7504 -44.484 
v -62.7714 20.6798 -44.0826 
v -62.5133 21.1536 -44.0038 
v -62.5133 20.6798 -44.0038 
v -63.0318 18.7385 -42.8237 
v -62.16 19.3484 -42.8237 
v -62.16 18.7385 -42.8237 
v -63.0318 19.3484 -42.8237 
v -62.3909 19.3278 -42.9353 
v -62.3909 19.5836 -42.9353 
v -62.2556 19.5836 -42.9353 
v -62.5133 20.6798 -44.0038 
v -62.2551 21.1536 -43.925 
v -62.2551 20.6798 -43.925 
v -62.2556 19.3278 -42.9353 
v -61.8608 19.072 -42.9353 
v -62.2556 19.072 -42.9353 
v -62.2556 19.3278 -42.9353 
v -62.2556 19.5836 -42.9353 
v -61.8608 19.3278 -42.9353 
v -62.2556 19.3278 -42.9353 
v -62.7714 21.1536 -44.0826 
v -63.2877 21.1536 -44.2402 
v -63.2877 21.3963 -44.2402 
v -63.0296 21.1536 -44.1614 
v -63.2877 21.1536 -44.2402 
v -63.2877 21.6229 -44.2402 
v -63.0296 21.3963 -44.1614 
v -63.2877 21.3963 -44.2402 
v -63.2877 21.8356 -44.2402 
v -63.0296 21.6229 -44.1614 
v -63.2877 21.6229 -44.2402 
v -63.0296 21.3963 -44.1614 
v -63.0296 21.6229 -44.1614 
v -63.0296 21.8356 -44.1614 
v -63.0296 21.3963 -44.1614 
v -62.7714 21.1536 -44.0826 
v -63.0296 21.1536 -44.1614 
v -62.7714 21.3963 -44.0826 
v -63.0296 21.6229 -44.1614 
v -62.7714 21.3963 -44.0826 
v -63.0296 21.3963 -44.1614 
v -62.7714 21.6229 -44.0826 
v -62.7714 21.3963 -44.0826 
v -62.5133 21.1536 -44.0038 
v -62.7714 21.1536 -44.0826 
v -62.5133 21.1536 -44.0038 
v -62.5133 21.3963 -44.0038 
v -60.7102 19.1422 -44.484 
v -60.7102 19.1422 -44.484 
v -60.7102 20.2674 -44.484 
v -61.6031 21.1536 -44.0038 
v -61.3449 20.6798 -44.0826 
v -61.6031 20.6798 -44.0038 
v -60.7102 18.5312 -44.484 
v -61.3449 21.1536 -44.0826 
v -61.0868 20.6798 -44.1614 
v -61.3449 20.6798 -44.0826 
v -61.0868 21.1536 -44.1614 
v -60.8286 20.6798 -44.2402 
v -61.0868 20.6798 -44.1614 
v -61.6031 21.1536 -44.0038 
v -61.6031 20.6798 -44.0038 
v -61.8612 21.1536 -43.925 
v -61.8608 19.3278 -42.9353 
v -61.8608 19.5836 -42.9353 
v -61.7254 19.5836 -42.9353 
v -61.8608 19.5836 -42.9353 
v -61.8612 20.6798 -43.925 
v -61.9563 19.3484 -42.8237 
v -61.0846 18.7385 -42.8237 
v -61.9563 18.7385 -42.8237 
v -61.0846 19.3484 -42.8237 
v -61.7254 19.3278 -42.9353 
v -60.8286 21.1536 -44.2402 
v -61.0868 21.1536 -44.1614 
v -60.8286 21.3963 -44.2402 
v -61.0868 21.1536 -44.1614 
v -61.0868 21.3963 -44.1614 
v -60.8286 21.6229 -44.2402 
v -61.0868 21.3963 -44.1614 
v -61.0868 21.6229 -44.1614 
v -60.8286 21.8356 -44.2402 
v -61.0868 21.6229 -44.1614 
v -61.0868 21.8356 -44.1614 
v -60.8286 21.1536 -44.2402 
v -60.8286 21.3963 -44.2402 
v -60.8286 21.6229 -44.2402 
v -61.3449 21.1536 -44.0826 
v -61.0868 21.3963 -44.1614 
v -61.0868 21.1536 -44.1614 
v -61.3449 21.1536 -44.0826 
v -61.6031 21.1536 -44.0038 
v -61.3449 21.3963 -44.0826 
v -61.3449 21.1536 -44.0826 
v -61.6031 21.3963 -44.0038 
v -61.3449 21.3963 -44.0826 
v -61.3449 21.3963 -44.0826 
v -61.0868 21.6229 -44.1614 
v -61.0868 21.3963 -44.1614 
v -61.3449 21.6229 -44.0826 

vn 1 0 0 
vn 1 0 0 
vn 1 0 0 
vn 1 0 0 
vn 1 0 0 
vn 1 0 0 
vn 1 0 0 
vn 1 0 0 
vn 1 0 0 
vn 1 0 0 
vn 1 0 0 
vn 1 0 0 
vn 1 0 0 
vn 1 0 0 
vn 1 0 0 
vn 1 0 0 
vn 0.952756 0 0.291339 
vn 0.952756 0 0.291339 
vn 0.952756 0 0.291339 
vn 0.952756 0 0.291339 
vn 0.952756 0 0.291339 
vn 0.952756 0 0.291339 
vn 0.952756 0 0.291339 
vn 0.952756 0 0.291339 
vn 0.952756 0 0.291339 
vn 0.952756 0 0.291339 
vn 0.952756 0 0.291339 
vn 0.952756 0 0.291339 
vn 0.952756 0 0.291339 
vn 0.952756 0 0.291339 
vn 0.952756 0 0.291339 
vn 0.952756 0 0.291339 
vn 0.952756 0 -0.291339 
vn 0.952756 0 -0.291339 
vn 0.952756 0 -0.291339 
vn 1 0 0 
vn 1 0 0 
vn 1 0 0 
vn 1 0 0 
vn 1 0 0 
vn 1 0 0 
vn 1 0 0 
vn 1 0 0 
vn 1 0 0 
vn 1 0 0 
vn 1 0 0 
vn 1 0 0 
vn 0.952756 0 -0.291339 
vn 0.952756 0 -0.291339 
vn 0.952756 0 -0.291339 
vn 0.952756 0 -0.291339 
vn 0.952756 0 -0.291339 
vn 0.952756 0 -0.291339 
vn 0.952756 0 -0.291339 
vn 0.952756 0 -0.291339 
vn 0.952756 0 -0.291339 
vn 0.952756 0 -0.291339 
vn 0.952756 0 -0.291339 
vn 0.952756 0 -0.291339 
vn 0.952756 0 -0.291339 
vn 0 1 0 
vn 0 1 0 
vn 0 1 0 
vn 0 1 0 
vn 0 1 0 
vn 0 1 0 
vn 0 1 0 
vn 0 1 0 
vn 0 1 0 
vn 0 1 0 
vn 0 1 0 
vn 0 1 0 
vn 0 1 0 
vn 0 1 0 
vn 0 1 0 
vn 0 1 0 
vn 0 1 0 
vn 0 1 0 
vn 0 1 0 
vn 0 1 0 
vn 0 1 0 
vn 0 1 0 
vn 0 1 0 
vn 0 1 0 
vn 0 1 0 
vn 0 1 0 
vn 0 1 0 
vn 0 1 0 
vn 0 1 0 
vn 0 1 0 
vn 0 1 0 
vn 0 1 0 
vn 0 1 0 
vn 0 1 0 
vn 0 1 0 
vn 0 1 0 
vn 0 1 0 
vn 0 1 0 
vn 0 1 0 
vn 0 1 0 
vn 0 1 0 
vn 0 1 0 
vn 0 1 0 
vn 0 1 0 
vn 0 1 0 
vn 0 1 0 
vn 0 1 0 
vn 0 1 0 
vn 0 1 0 
vn 0 1 0 
vn 0 1 0 
vn 0 1 0 
vn 0 1 0 
vn 0 1 0 
vn 0 1 0 
vn 0 0 1 
vn 0 0 1 
vn 0 0 1 
vn 0 0 1 
vn 0 0 1 
vn 0 0 1 
vn 0 0 1 
vn 0 0 1 
vn 0 0 1 
vn 0 0 1 
vn 0 0 1 
vn 0 0 1 
vn 0 0 1 
vn 0 0 1 
vn 0 0 1 
vn 0 0 1 
vn 0 0 1 
vn 0 0 1 
vn 0 0 1 
vn 0 0 1 
vn 0 0 1 
vn 0 0 1 
vn 0 0 1 
vn 0 0 1 
vn 0 0 1 
vn 0 0 1 
vn 0 0 1 
vn 0 0 1 
vn 0 0 1 
vn 0 0 1 
vn 0 0 1 
vn 0 0 1 
vn 0 0 1 
vn 0 0 1 
vn 0 0 1 
vn 0 0 1 
vn 0 0 1 
vn 0 0 1 
vn 0 0 1 
vn 0 0 1 
vn 0 0 1 
vn 0 0 1 
vn 0 0 1 
vn 0 0 1 
vn 0 0 1 
vn 0 0 1 
vn 0 0 1 
vn 0 0 1 
vn 0 0 1 
vn 0 0 1 
vn 0 0 1 
vn 0 0 1 
vn 0 0 1 
vn 0 0 1 
vn 0 0 1 
vn 0 0 1 
vn 0 0 1 
vn 0 0 1 
vn 0 0 1 
vn 0 0 1 
vn 0 0 1 
vn 0 0 1 
vn 0 0 1 
vn 0 0 1 
vn 0 0 1 
vn 0 0 1 
vn 0 0 1 
vn 0 0 1 
vn 0 0 1 
vn 0 0 1 
vn 0 0 1 
vn 0 0 1 
vn 0 0 1 
vn 0 0 1 
vn 0 0 1 
vn 0 0 1 
vn 0 0 1 
vn 0 0 1 
vn -0.291339 0 0.952756 
vn -0.291339 0 0.952756 
vn -0.291339 0 0.952756 
vn -0.291339 0 0.952756 
vn -0.291339 0 0.952756 
vn -0.291339 0 0.952756 
vn -0.291339 0 0.952756 
vn -0.291339 0 0.952756 
vn -0.291339 0 0.952756 
vn -0.291339 0 0.952756 
vn -0.291339 0 0.952756 
vn -0.291339 0 0.952756 
vn -0.291339 0 0.952756 
vn -0.291339 0 0.952756 
vn -0.291339 0 0.952756 
vn -0.291339 0 0.952756 
vn -0.291339 0 0.952756 
vn -0.291339 0 0.952756 
vn -0.291339 0 0.952756 
vn -0.291339 0 0.952756 
vn -0.291339 0 0.952756 
vn -0.291339 0 0.952756 
vn -0.291339 0 0.952756 
vn -0.291339 0 0.952756 
vn -0.291339 0 0.952756 
vn -0.291339 0 0.952756 
vn -0.291339 0 0.952756 
vn -0.291339 0 0.952756 
vn -0.291339 0 0.952756 
vn -0.291339 0 0.952756 
vn -0.291339 0 0.952756 
vn -0.291339 0 0.952756 
vn -0.291339 0 0.952756 
vn -0.291339 0 0.952756 
vn -0.291339 0 0.952756 
vn -0.291339 0 0.952756 
vn -0.291339 0 0.952756 
vn -0.291339 0 0.952756 
vn -0.291339 0 0.952756 
vn -0.291339 0 0.952756 
vn 0 0 1 
vn 0 0 1 
vn 0 0 1 
vn 0 0 1 
vn 0 0 1 
vn 0 0 1 
vn 0 0 1 
vn 0 0 1 
vn 0 0 1 
vn 0 0 1 
vn 0 0 1 
vn 0 0 1 
vn 0 0 1 
vn 0 0 1 
vn 0 0 1 
vn 0 0 1 
vn 0 0 1 
vn 0 0 1 
vn 0 0 1 
vn 0 0 1 
vn 0 0 1 
vn 0 0 1 
vn 0 0 1 
vn 0 0 1 
vn 0 0 1 
vn 0 0 1 
vn 0 0 1 
vn 0 0 1 
vn 0 0 1 
vn 0 0 1 
vn 0 0 1 
vn 0 0 1 
vn 0 0 1 
vn 0 0 1 
vn 0 0 1 
vn 0 0 1 
vn 0 0 1 
vn 0 0 1 
vn 0 0 1 
vn 0 0 1 
vn 0 0 1 
vn 0 0 1 
vn 0 0 1 
vn 0 0 1 
vn 0 0 1 
vn 0 0 1 
vn 0 0 1 
vn 0 0 1 
vn 0 0 1 
vn 0 0 1 
vn 0 0 1 
vn 0 0 1 
vn 0 0 1 
vn 0 0 1 
vn 0 0 1 
vn 0 0 1 
vn 0 0 1 
vn 0 0 1 
vn 0 0 1 
vn 0 0 1 
vn 0 0 1 
vn 0 0 1 
vn 0 0 1 
vn 0 0 1 
vn 0 0 1 
vn 0 0 1 
vn 0 0 1 
vn 0 0 1 
vn 0 0 1 
vn 0 0 1 
vn 0 0 1 
vn 0 0 1 
vn 0 0 1 
vn 0 0 1 
vn 0 0 1 
vn 0 0 1 
vn 0 0 1 
vn 0 0 1 
vn 0 0 1 
vn 0 0 1 
vn 0 0 1 
vn 0 0 1 
vn 0 0 1 
vn 0 0 1 
vn 0 0 1 
vn 0 0 1 
vn 0 0 1 
vn 0 0 1 
vn 0 0 1 
vn 0 0 1 
vn 0 0 1 
vn 0 0 1 
vn 0 0 1 
vn 0 0 1 
vn 0.291339 0 0.952756 
vn 0.291339 0 0.952756 
vn 0.291339 0 0.952756 
vn 0.291339 0 0.952756 
vn 0.291339 0 0.952756 
vn 0.291339 0 0.952756 
vn 0.291339 0 0.952756 
vn 0.291339 0 0.952756 
vn 0.291339 0 0.952756 
vn 0.291339 0 0.952756 
vn 0.291339 0 0.952756 
vn 0.291339 0 0.952756 
vn 0.291339 0 0.952756 
vn 0.291339 0 0.952756 
vn 0.291339 0 0.952756 
vn 0.291339 0 0.952756 
vn 0.291339 0 0.952756 
vn 0.291339 0 0.952756 
vn 0.291339 0 0.952756 
vn 0.291339 0 0.952756 
vn 0.291339 0 0.952756 
vn 0.291339 0 0.952756 
vn 0.291339 0 0.952756 
vn 0.291339 0 0.952756 
vn 0.291339 0 0.952756 
vn 0.291339 0 0.952756 
vn 0.291339 0 0.952756 
vn 0.291339 0 0.952756 
vn 0.291339 0 0.952756 
vn 0.291339 0 0.952756 
vn 0.291339 0 0.952756 
vn 0.291339 0 0.952756 
vn 0.291339 0 0.952756 
vn 0.291339 0 0.952756 
vn 0.291339 0 0.952756 
vn 0.291339 0 0.952756 
vn 0.291339 0 0.952756 
vn 0.291339 0 0.952756 
vn 0.291339 0 0.952756 
vn 0.291339 0 0.952756 
vn 0 0 1 
vn 0 0 1 
vn 0 0 1 
vn 0 0 1 
vn 0 0 1 
vn 0 0 1 
vn 0 0 1 
vn 0 0 1 
vn 0 0 1 
vn 0 0 1 
vn 0 0 1 
vn 0 0 1 
vn 0 0 1 
vn 0 0 1 
vn 0 0 1 
vn 0 0 1 
vn 0 0 1 
vn 0 0 1 
vn 0 0 1 
vn 0 0 1 
vn 0 0 1 
vn 0 0 1 
vn 0 0 1 
vn 0 0 1 
vn 0 0 1 
vn 0 0 1 
vn 0 0 1 
vn 0 0 1 
vn 0 0 1 
vn 0 0 1 
vn 0 0 1 
vn -1 0 0 
vn -1 0 0 
vn -1 0 0 
vn -1 0 0 
vn -1 0 0 
vn -1 0 0 
vn -1 0 0 
vn -1 0 0 
vn -1 0 0 
vn -1 0 0 
vn -1 0 0 
vn -1 0 0 
vn -1 0 0 
vn -1 0 0 
vn -0.952756 0 -0.291339 
vn -0.952756 0 -0.291339 
vn -0.952756 0 -0.291339 
vn -0.952756 0 -0.291339 
vn -0.952756 0 -0.291339 
vn -0.952756 0 -0.291339 
vn -0.952756 0 -0.291339 
vn -0.952756 0 -0.291339 
vn -0.952756 0 -0.291339 
vn -0.952756 0 -0.291339 
vn -0.952756 0 -0.291339 
vn -0.952756 0 -0.291339 
vn -0.952756 0 -0.291339 
vn -0.952756 0 -0.291339 
vn -0.952756 0 -0.291339 
vn -0.952756 0 -0.291339 
vn -1 0 0 
vn -1 0 0 
vn -1 0 0 
vn -1 0 0 
vn -1 0 0 
vn -1 0 0 
vn -1 0 0 
vn -1 0 0 
vn -1 0 0 
vn -1 0 0 
vn -1 0 0 
vn -1 0 0 
vn -1 0 0 
vn -1 0 0 
vn -1 0 0 
vn -1 0 0 
vn -0.952756 0 0.291339 
vn -0.952756 0 0.291339 
vn -0.952756 0 0.291339 
vn -0.952756 0 0.291339 
vn -0.952756 0 0.291339 
vn -0.952756 0 0.291339 
vn -0.952756 0 0.291339 
vn -0.952756 0 0.291339 
vn -0.952756 0 0.291339 
vn -0.952756 0 0.291339 
vn -0.952756 0 0.291339 
vn -0.952756 0 0.291339 
vn -0.952756 0 0.291339 
vn -0.952756 0 0.291339 
vn -0.952756 0 0.291339 
vn -0.952756 0 0.291339 
vn 0 -1 0 
vn 0 -1 0 
vn 0 -1 0 
vn 0 -1 0 
vn 0 -1 0 
vn 0 -1 0 
vn 0 -1 0 
vn 0 -1 0 
vn 0 -1 0 
vn 0 -1 0 
vn 0 -1 0 
vn 0 -1 0 
vn 0 -1 0 
vn 0 -1 0 
vn 0 -1 0 
vn 0 -1 0 
vn 0 -1 0 
vn 0 -1 0 
vn 0 -1 0 
vn 0 -1 0 
vn 0 -1 0 
vn 0 -1 0 
vn 0 -1 0 
vn 0 -1 0 
vn 0 -1 0 
vn 0 -1 0 
vn 0 -1 0 
vn 0 -1 0 
vn 0 -1 0 
vn 0 -1 0 
vn 0 -1 0 
vn 0 -1 0 
vn 0 -1 0 
vn 0 -1 0 
vn 0 -1 0 
vn 0 -1 0 
vn 0 -1 0 
vn 0 -1 0 
vn 0 -1 0 
vn 0 -1 0 
vn 0 -1 0 
vn 0 -1 0 
vn 0 -1 0 
vn 0 -1 0 
vn 0 -1 0 
vn 0 -1 0 
vn 0 -1 0 
vn 0 -1 0 
vn 0 -1 0 
vn 0 -1 0 
vn 0 -1 0 
vn 0 -1 0 
vn 0 0 -1 
vn 0 0 -1 
vn 0 0 -1 
vn 0.291339 0 -0.952756 
vn 0.291339 0 -0.952756 
vn 0.291339 0 -0.952756 
vn 0.291339 0 -0.952756 
vn 0.291339 0 -0.952756 
vn 0.291339 0 -0.952756 
vn 0.291339 0 -0.952756 
vn 0 0 -1 
vn 0 0 -1 
vn 0 0 -1 
vn 0 0 -1 
vn 0 0 -1 
vn 0 0 -1 
vn 0.291339 0 -0.952756 
vn 0.291339 0 -0.952756 
vn 0.291339 0 -0.952756 
vn 0 0 -1 
vn 0 0 -1 
vn 0 0 -1 
vn 0 0 -1 
vn 0 0 -1 
vn 0 0 -1 
vn 0 0 -1 
vn 0.291339 0 -0.952756 
vn 0.291339 0 -0.952756 
vn 0.291339 0 -0.952756 
vn 0 0 -1 
vn 0 0 -1 
vn 0 0 -1 
vn 0 0 -1 
vn 0 0 -1 
vn 0 0 -1 
vn 0 0 -1 
vn 0.291339 0 -0.952756 
vn 0.291339 0 -0.952756 
vn 0.291339 0 -0.952756 
vn 0.291339 0 -0.952756 
vn 0.291339 0 -0.952756 
vn 0.291339 0 -0.952756 
vn 0.291339 0 -0.952756 
vn 0.291339 0 -0.952756 
vn 0.291339 0 -0.952756 
vn 0.291339 0 -0.952756 
vn 0.291339 0 -0.952756 
vn 0.291339 0 -0.952756 
vn 0.291339 0 -0.952756 
vn 0.291339 0 -0.952756 
vn 0.291339 0 -0.952756 
vn 0.291339 0 -0.952756 
vn 0.291339 0 -0.952756 
vn 0.291339 0 -0.952756 
vn 0.291339 0 -0.952756 
vn 0.291339 0 -0.952756 
vn 0.291339 0 -0.952756 
vn 0.291339 0 -0.952756 
vn 0.291339 0 -0.952756 
vn 0.291339 0 -0.952756 
vn 0.291339 0 -0.952756 
vn 0.291339 0 -0.952756 
vn 0.291339 0 -0.952756 
vn 0 0 -1 
vn 0 0 -1 
vn 0 0 -1 
vn -0.291339 0 -0.952756 
vn -0.291339 0 -0.952756 
vn -0.291339 0 -0.952756 
vn 0 0 -1 
vn -0.291339 0 -0.952756 
vn -0.291339 0 -0.952756 
vn -0.291339 0 -0.952756 
vn -0.291339 0 -0.952756 
vn -0.291339 0 -0.952756 
vn -0.291339 0 -0.952756 
vn -0.291339 0 -0.952756 
vn -0.291339 0 -0.952756 
vn -0.291339 0 -0.952756 
vn 0 0 -1 
vn 0 0 -1 
vn 0 0 -1 
vn 0 0 -1 
vn -0.291339 0 -0.952756 
vn 0 0 -1 
vn 0 0 -1 
vn 0 0 -1 
vn 0 0 -1 
vn 0 0 -1 
vn -0.291339 0 -0.952756 
vn -0.291339 0 -0.952756 
vn -0.291339 0 -0.952756 
vn -0.291339 0 -0.952756 
vn -0.291339 0 -0.952756 
vn -0.291339 0 -0.952756 
vn -0.291339 0 -0.952756 
vn -0.291339 0 -0.952756 
vn -0.291339 0 -0.952756 
vn -0.291339 0 -0.952756 
vn -0.291339 0 -0.952756 
vn -0.291339 0 -0.952756 
vn -0.291339 0 -0.952756 
vn -0.291339 0 -0.952756 
vn -0.291339 0 -0.952756 
vn -0.291339 0 -0.952756 
vn -0.291339 0 -0.952756 
vn -0.291339 0 -0.952756 
vn -0.291339 0 -0.952756 
vn -0.291339 0 -0.952756 
vn -0.291339 0 -0.952756 
vn -0.291339 0 -0.952756 
vn -0.291339 0 -0.952756 
vn -0.291339 0 -0.952756 
vn -0.291339 0 -0.952756 
vn -0.291339 0 -0.952756 
vn -0.291339 0 -0.952756 

vt 29.8874 -19.1044 
vt 29.924 -19.1806 
vt 29.924 -19.1044 
vt 29.8684 -19.107 
vt 29.938 -19.1389 
vt 29.938 -19.107 
vt 29.8684 -19.075 
vt 29.938 -19.107 
vt 29.938 -19.075 
vt 29.924 -19.1044 
vt 29.8874 -19.1806 
vt 29.924 -19.1806 
vt 29.8874 -19.1806 
vt 29.8684 -19.1389 
vt 29.8684 -19.107 
vt 29.8874 -19.1044 
vt 30.0617 -18.9379 
vt 30.0262 -18.8787 
vt 30.0262 -18.9379 
vt 30.0912 -18.7935 
vt 30.0558 -18.7935 
vt 30.0558 -18.8201 
vt 30.0912 -18.8201 
vt 30.0814 -18.8201 
vt 30.0459 -18.8484 
vt 30.0814 -18.8484 
vt 30.0715 -18.8484 
vt 30.036 -18.8787 
vt 30.0715 -18.8787 
vt 30.0459 -18.8201 
vt 30.036 -18.8484 
vt 30.0617 -18.8787 
vt 30.1011 -18.8787 
vt 30.0656 -18.9379 
vt 30.1011 -18.9379 
vt 29.9099 -19.1304 
vt 30.1316 -19.2065 
vt 30.1316 -19.1302 
vt 29.9099 -19.0805 
vt 30.1316 -19.1302 
vt 30.1316 -19.038 
vt 29.9099 -18.99 
vt 30.1316 -18.9895 
vt 29.9099 -19.1304 
vt 29.9099 -19.2065 
vt 29.9099 -18.9291 
vt 30.1316 -18.9291 
vt 30.0656 -18.8484 
vt 30.1011 -18.8787 
vt 30.1011 -18.8484 
vt 30.0656 -18.8201 
vt 30.1011 -18.8484 
vt 30.1011 -18.8201 
vt 30.0656 -18.7935 
vt 30.1011 -18.8201 
vt 30.1011 -18.7935 
vt 30.0656 -18.8787 
vt 30.0656 -18.8787 
vt 30.0656 -18.8484 
vt 30.0656 -18.8201 
vt 30 -18.9099 
vt 30.1685 -19.1316 
vt 30.1685 -18.9099 
vt 30.0677 -19.036 
vt 30.0246 -19.0617 
vt 30.0569 -19.0715 
vt 30.0416 -18.938 
vt 30.0247 -18.8684 
vt 30.0247 -18.938 
vt 30.1217 -18.924 
vt 30.0127 -18.8874 
vt 30.0127 -18.924 
vt 30.1217 -18.8874 
vt 30.0416 -18.8684 
vt 29.9753 -18.8684 
vt 30.0247 -18.938 
vt 30.0355 -19.0262 
vt 30.1323 -19.0558 
vt 30.1537 -19.1011 
vt 30.1645 -19.0656 
vt 30.1214 -19.0912 
vt 30.1323 -19.0558 
vt 30.0892 -19.0814 
vt 30.1214 -19.0912 
vt 30.0677 -19.036 
vt 30.0569 -19.0715 
vt 30.0892 -19.0814 
vt 30.1 -19.0459 
vt 30.1 -19.0459 
vt 29.8315 -19.1316 
vt 29.9753 -18.938 
vt 29.9323 -19.036 
vt 29.9754 -19.0617 
vt 29.9645 -19.0262 
vt 29.8315 -18.9099 
vt 29.9584 -18.8684 
vt 29.9584 -18.938 
vt 29.9753 -18.938 
vt 29.9873 -18.8874 
vt 29.8783 -18.924 
vt 29.9873 -18.924 
vt 29.8783 -18.8874 
vt 29.9431 -19.0715 
vt 29.9108 -19.0814 
vt 29.8677 -19.0558 
vt 29.8786 -19.0912 
vt 29.8677 -19.0558 
vt 29.8463 -19.1011 
vt 29.8786 -19.0912 
vt 29.8355 -19.0656 
vt 29.9323 -19.036 
vt 29.9108 -19.0814 
vt 29.9431 -19.0715 
vt 29.9 -19.0459 
vt 29.9 -19.0459 
vt 29.8611 -19.0423 
vt 29.9195 -19.0349 
vt 29.8931 -19.0349 
vt 29.9515 -19.0423 
vt 29.8611 -19.0056 
vt 29.8611 -19.0423 
vt 29.8931 -19.0349 
vt 29.8931 -19.0056 
vt 29.9195 -19.0056 
vt 29.8931 -19.0349 
vt 29.9195 -19.0349 
vt 29.8931 -19.0056 
vt 29.8931 -18.9763 
vt 29.9195 -19.0349 
vt 29.9233 -18.9924 
vt 29.9195 -19.0056 
vt 29.9195 -19.0056 
vt 29.8931 -18.9763 
vt 29.8931 -19.0056 
vt 29.9233 -18.9865 
vt 29.9233 -18.9924 
vt 29.9195 -19.0349 
vt 29.9356 -18.9927 
vt 29.9659 -19.0056 
vt 29.9515 -19.0423 
vt 29.9659 -19.0567 
vt 30 -19.0048 
vt 29.9659 -19.0567 
vt 30 -19.0805 
vt 29.9515 -19.0423 
vt 29.9659 -19.0056 
vt 29.9515 -19.0056 
vt 29.9356 -18.9927 
vt 29.9515 -19.0056 
vt 29.9356 -18.9865 
vt 29.9515 -19.0423 
vt 29.9515 -18.969 
vt 29.9233 -18.9924 
vt 29.9356 -18.9865 
vt 29.9233 -18.9865 
vt 29.9356 -18.9927 
vt 29.8467 -19.0567 
vt 29.8611 -19.0423 
vt 30 -19.2065 
vt 29.8315 -19.1304 
vt 29.8315 -19.2065 
vt 30 -19.1304 
vt 29.8315 -19.0805 
vt 29.8315 -19.1304 
vt 29.8315 -19.0805 
vt 29.9659 -19.0567 
vt 29.8467 -19.0567 
vt 29.9873 -19.1806 
vt 29.8783 -19.1044 
vt 29.8783 -19.1806 
vt 29.8315 -18.99 
vt 29.8467 -19.0567 
vt 29.8611 -19.0056 
vt 29.8467 -19.0056 
vt 29.8611 -18.969 
vt 29.8467 -19.0056 
vt 29.9195 -18.9763 
vt 29.9195 -19.0056 
vt 29.9233 -18.9865 
vt 30 -19.1304 
vt 30 -19.0805 
vt 29.9873 -19.1044 
vt 30.0247 -19.1389 
vt 29.9753 -19.107 
vt 29.9753 -19.1389 
vt 30.0247 -19.107 
vt 29.9753 -19.075 
vt 30 -19.0805 
vt 29.9584 -19.075 
vt 29.9584 -19.107 
vt 30 -19.0048 
vt 29.9659 -18.9546 
vt 29.9659 -19.0056 
vt 29.8677 -18.9379 
vt 29.8355 -18.8787 
vt 29.8355 -18.9379 
vt 29.8677 -18.8484 
vt 29.8355 -18.8484 
vt 29.8355 -18.8787 
vt 29.8677 -18.8787 
vt 29.8677 -18.8787 
vt 29.9 -18.9379 
vt 29.8677 -18.8787 
vt 29.8677 -18.9379 
vt 29.9 -18.8484 
vt 29.8677 -18.8484 
vt 29.8677 -18.8787 
vt 29.8677 -18.8201 
vt 29.8355 -18.8201 
vt 29.8355 -18.8484 
vt 29.8677 -18.7935 
vt 29.8355 -18.7935 
vt 29.8355 -18.8201 
vt 29.8677 -18.8484 
vt 29.8677 -18.8201 
vt 29.9 -18.8201 
vt 29.8677 -18.8201 
vt 29.8677 -18.8484 
vt 29.9 -18.8787 
vt 29.9323 -18.9379 
vt 29.9 -18.8787 
vt 29.9 -18.9379 
vt 29.9323 -18.8787 
vt 29.9645 -18.9379 
vt 29.9323 -18.8787 
vt 29.9323 -18.9379 
vt 29.9645 -18.8787 
vt 29.9 -18.8787 
vt 29.9 -18.8484 
vt 29.9323 -18.8484 
vt 29.9 -18.8484 
vt 29.9 -18.8787 
vt 29.9323 -18.8787 
vt 29.9195 -18.9763 
vt 29.8611 -18.969 
vt 29.9195 -18.9763 
vt 29.8611 -18.969 
vt 29.8931 -18.9763 
vt 29.8467 -18.9546 
vt 29.8467 -18.9546 
vt 29.9515 -18.969 
vt 29.9515 -18.969 
vt 29.8467 -18.9546 
vt 29.8611 -18.969 
vt 29.9659 -18.9546 
vt 29.8315 -18.9291 
vt 29.9233 -18.9806 
vt 29.9356 -18.9865 
vt 29.9233 -18.9806 
vt 29.9233 -18.9865 
vt 29.9515 -18.969 
vt 29.9356 -18.9865 
vt 29.9515 -19.0056 
vt 29.9356 -18.9803 
vt 29.9356 -18.9803 
vt 29.9195 -18.9763 
vt 29.9233 -18.9806 
vt 29.9356 -18.9803 
vt 29.9515 -18.969 
vt 29.9659 -18.9546 
vt 30 -18.9291 
vt 30.1685 -19.2065 
vt 30.1685 -19.1304 
vt 30.1685 -19.0805 
vt 30.0322 -19.0567 
vt 30.0322 -19.0567 
vt 30.1514 -19.0567 
vt 30.0466 -19.0423 
vt 30.0322 -19.0567 
vt 30.0466 -19.0423 
vt 30.104 -19.0327 
vt 30.0796 -19.0327 
vt 30.0322 -19.0056 
vt 30.0466 -19.0056 
vt 30.0466 -19.0423 
vt 30.0796 -19.0327 
vt 30.0322 -19.0056 
vt 30.0466 -19.0056 
vt 30.104 -19.0056 
vt 30.0796 -19.0327 
vt 30.104 -19.0327 
vt 30.1514 -19.0567 
vt 30.1685 -18.99 
vt 30.1514 -19.0056 
vt 30.1685 -19.0805 
vt 30.1514 -19.0567 
vt 30.137 -19.0423 
vt 30.137 -19.0056 
vt 30.1211 -18.9927 
vt 30.137 -19.0423 
vt 30.104 -19.0327 
vt 30.1088 -18.9924 
vt 30.104 -19.0056 
vt 30.1514 -19.0056 
vt 30.137 -18.969 
vt 30.137 -19.0056 
vt 30.1211 -18.9865 
vt 30.1088 -18.9924 
vt 30.1211 -18.9927 
vt 30.104 -18.9786 
vt 30.104 -19.0056 
vt 30.1088 -18.9865 
vt 30.1088 -18.9865 
vt 30.1217 -19.1044 
vt 30.0127 -19.1044 
vt 30.0127 -19.1806 
vt 30.1217 -19.1806 
vt 30.0247 -19.075 
vt 30.0416 -19.107 
vt 30.0416 -19.075 
vt 30.0796 -19.0056 
vt 30.0796 -19.0056 
vt 30.0796 -18.9786 
vt 30.0466 -18.969 
vt 30.0796 -18.9786 
vt 30.1685 -19.1304 
vt 30.1685 -19.0805 
vt 30.137 -19.0423 
vt 30.104 -19.0327 
vt 30.137 -19.0423 
vt 30.1211 -18.9927 
vt 30.1088 -18.9924 
vt 30.1211 -18.9865 
vt 30.1088 -18.9865 
vt 30.0322 -18.9546 
vt 30 -19.0048 
vt 30.0322 -19.0056 
vt 30.1 -18.8787 
vt 30.0677 -18.9379 
vt 30.1 -18.9379 
vt 30.1 -18.8787 
vt 30.1 -18.9379 
vt 30.1323 -18.8787 
vt 30.0677 -18.8787 
vt 30.0355 -18.8787 
vt 30.0355 -18.9379 
vt 30.0677 -18.8787 
vt 30.0677 -18.9379 
vt 30.1 -18.8787 
vt 30.0677 -18.8484 
vt 30.0677 -18.8787 
vt 30.1323 -18.8787 
vt 30.1 -18.8484 
vt 30.1 -18.8787 
vt 30.1 -18.8201 
vt 30.1323 -18.8484 
vt 30.1323 -18.8201 
vt 30.1 -18.8484 
vt 30.1 -18.8484 
vt 30.1323 -18.9379 
vt 30.1645 -18.8787 
vt 30.1323 -18.8484 
vt 30.1323 -18.8787 
vt 30.1645 -18.8787 
vt 30.1323 -18.9379 
vt 30.1645 -18.9379 
vt 30.1323 -18.8787 
vt 30.1323 -18.8484 
vt 30.1645 -18.8484 
vt 30.1323 -18.8201 
vt 30.1645 -18.8484 
vt 30.1645 -18.8201 
vt 30.1323 -18.7935 
vt 30.1645 -18.8201 
vt 30.1645 -18.7935 
vt 30.1323 -18.8484 
vt 30.1323 -18.8201 
vt 30.1514 -18.9546 
vt 30.1514 -19.0056 
vt 30.1685 -18.99 
vt 30.0466 -18.969 
vt 30.104 -18.9786 
vt 30.0322 -18.9546 
vt 30.104 -18.9786 
vt 30.0466 -18.969 
vt 30.0796 -18.9786 
vt 30.137 -18.969 
vt 30 -18.9291 
vt 30.137 -18.969 
vt 30.0322 -18.9546 
vt 30.0466 -18.969 
vt 30.1514 -18.9546 
vt 30.0322 -18.9546 
vt 30.1685 -18.9291 
vt 30.1088 -18.9806 
vt 30.1211 -18.9865 
vt 30.1088 -18.9806 
vt 30.1088 -18.9865 
vt 30.137 -18.969 
vt 30.1211 -18.9865 
vt 30.137 -19.0056 
vt 30.1211 -18.9803 
vt 30.1211 -18.9803 
vt 30.104 -18.9786 
vt 30.1088 -18.9806 
vt 30.1211 -18.9803 
vt 30.1514 -18.9546 
vt 30.137 -18.969 
vt 29.8684 -19.2065 
vt 30.0901 -19.1304 
vt 29.8684 -19.1302 
vt 29.8684 -19.1302 
vt 30.0901 -19.0805 
vt 29.8684 -19.038 
vt 29.8684 -19.038 
vt 30.0901 -18.99 
vt 29.8684 -18.9895 
vt 30.0901 -18.9291 
vt 29.8684 -18.9291 
vt 30.0901 -19.2065 
vt 30.0901 -19.1304 
vt 30.0901 -19.0805 
vt 29.9344 -18.9379 
vt 29.8989 -18.8787 
vt 29.8989 -18.9379 
vt 29.9344 -18.8484 
vt 29.8989 -18.8484 
vt 29.8989 -18.8787 
vt 29.9344 -18.8201 
vt 29.8989 -18.8201 
vt 29.8989 -18.8484 
vt 29.9344 -18.7935 
vt 29.8989 -18.7935 
vt 29.8989 -18.8201 
vt 29.9344 -18.8787 
vt 29.9344 -18.8787 
vt 29.9344 -18.8484 
vt 29.9344 -18.8201 
vt 30.1126 -19.1806 
vt 30.076 -19.1044 
vt 30.076 -19.1806 
vt 30.1316 -19.107 
vt 30.062 -19.075 
vt 30.062 -19.107 
vt 30.1316 -19.1389 
vt 30.062 -19.107 
vt 30.062 -19.1389 
vt 30.076 -19.1044 
vt 30.076 -19.1806 
vt 30.1126 -19.1044 
vt 30.1126 -19.1806 
vt 30.1126 -19.1044 
vt 30.1316 -19.075 
vt 30.1316 -19.107 
vt 29.9738 -18.8787 
vt 29.9383 -18.9379 
vt 29.9738 -18.9379 
vt 29.9541 -18.8484 
vt 29.9186 -18.8201 
vt 29.9186 -18.8484 
vt 29.9442 -18.8201 
vt 29.9088 -18.7935 
vt 29.9088 -18.8201 
vt 29.9442 -18.7935 
vt 29.964 -18.8787 
vt 29.9285 -18.8484 
vt 29.9285 -18.8787 
vt 29.9383 -18.8787 
vt 29.964 -18.8484 
vt 29.9541 -18.8201 
vt 29.8315 -18.9099 
vt 29.8315 -19.1316 
vt 30 -19.1316 
vt 30 -18.9099 
vt 29.9753 -18.8684 
vt 29.9753 -18.938 
vt 30.0247 -18.938 
vt 29.9584 -18.8684 
vt 29.9584 -18.938 
vt 29.9753 -18.938 
vt 29.8783 -18.924 
vt 29.9873 -18.924 
vt 29.8783 -18.8874 
vt 29.9873 -18.8874 
vt 29.9753 -18.8684 
vt 29.8463 -19.1011 
vt 29.8677 -19.0558 
vt 29.8355 -19.0656 
vt 29.8786 -19.0912 
vt 29.8677 -19.0558 
vt 29.8786 -19.0912 
vt 29.9108 -19.0814 
vt 29.9323 -19.036 
vt 29.9108 -19.0814 
vt 29.9431 -19.0715 
vt 29.9 -19.0459 
vt 29.9 -19.0459 
vt 29.9323 -19.036 
vt 29.9431 -19.0715 
vt 29.9754 -19.0617 
vt 29.9645 -19.0262 
vt 30.0247 -18.8684 
vt 30.0355 -19.0262 
vt 30.0246 -19.0617 
vt 30.0677 -19.036 
vt 30.1685 -19.1316 
vt 30.1685 -18.9099 
vt 30.0416 -18.938 
vt 30.0247 -18.8684 
vt 30.0247 -18.938 
vt 30.0416 -18.8684 
vt 30.1217 -18.8874 
vt 30.0127 -18.8874 
vt 30.0127 -18.924 
vt 30.1217 -18.924 
vt 30.0569 -19.0715 
vt 30.0892 -19.0814 
vt 30.1214 -19.0912 
vt 30.1323 -19.0558 
vt 30.1537 -19.1011 
vt 30.1645 -19.0656 
vt 30.1 -19.0459 
vt 30.1685 -19.1302 
vt 30 -19.2065 
vt 30.1685 -19.2065 
vt 30.1537 -18.9379 
vt 30.1214 -18.8787 
vt 30.1214 -18.9379 
vt 30.0892 -18.8787 
vt 30.1214 -18.9379 
vt 30.1214 -18.8787 
vt 30.0892 -18.9379 
vt 29.8315 -19.038 
vt 30.1685 -19.1302 
vt 30.1685 -19.038 
vt 30.1685 -18.9895 
vt 29.8315 -18.9291 
vt 30.1685 -18.9291 
vt 30.0892 -18.9379 
vt 30.0569 -18.8787 
vt 30.0569 -18.9379 
vt 30.1217 -19.1806 
vt 30.0127 -19.1044 
vt 30.0127 -19.1806 
vt 30.1217 -19.1044 
vt 30.0416 -19.107 
vt 30.0416 -19.075 
vt 30.0247 -19.075 
vt 30.0569 -18.9379 
vt 30.0246 -18.8787 
vt 30.0246 -18.9379 
vt 30.0247 -19.107 
vt 29.9753 -19.1389 
vt 30.0247 -19.1389 
vt 30.0247 -19.107 
vt 30.0247 -19.075 
vt 29.9753 -19.107 
vt 30.0247 -19.107 
vt 30.0892 -18.8787 
vt 30.1537 -18.8787 
vt 30.1537 -18.8484 
vt 30.1214 -18.8787 
vt 30.1537 -18.8787 
vt 30.1537 -18.8201 
vt 30.1214 -18.8484 
vt 30.1537 -18.8484 
vt 30.1537 -18.7935 
vt 30.1214 -18.8201 
vt 30.1537 -18.8201 
vt 30.1214 -18.8484 
vt 30.1214 -18.8201 
vt 30.1214 -18.7935 
vt 30.1214 -18.8484 
vt 30.0892 -18.8787 
vt 30.1214 -18.8787 
vt 30.0892 -18.8484 
vt 30.1214 -18.8201 
vt 30.0892 -18.8484 
vt 30.1214 -18.8484 
vt 30.0892 -18.8201 
vt 30.0892 -18.8484 
vt 30.0569 -18.8787 
vt 30.0892 -18.8787 
vt 30.0569 -18.8787 
vt 30.0569 -18.8484 
vt 29.8315 -19.1302 
vt 29.8315 -19.1302 
vt 29.8315 -18.9895 
vt 29.9431 -18.8787 
vt 29.9108 -18.9379 
vt 29.9431 -18.9379 
vt 29.8315 -19.2065 
vt 29.9108 -18.8787 
vt 29.8786 -18.9379 
vt 29.9108 -18.9379 
vt 29.8786 -18.8787 
vt 29.8463 -18.9379 
vt 29.8786 -18.9379 
vt 29.9431 -18.8787 
vt 29.9431 -18.9379 
vt 29.9754 -18.8787 
vt 29.9753 -19.107 
vt 29.9753 -19.075 
vt 29.9584 -19.075 
vt 29.9753 -19.075 
vt 29.9754 -18.9379 
vt 29.9873 -19.1044 
vt 29.8783 -19.1806 
vt 29.9873 -19.1806 
vt 29.8783 -19.1044 
vt 29.9584 -19.107 
vt 29.8463 -18.8787 
vt 29.8786 -18.8787 
vt 29.8463 -18.8484 
vt 29.8786 -18.8787 
vt 29.8786 -18.8484 
vt 29.8463 -18.8201 
vt 29.8786 -18.8484 
vt 29.8786 -18.8201 
vt 29.8463 -18.7935 
vt 29.8786 -18.8201 
vt 29.8786 -18.7935 
vt 29.8463 -18.8787 
vt 29.8463 -18.8484 
vt 29.8463 -18.8201 
vt 29.9108 -18.8787 
vt 29.8786 -18.8484 
vt 29.8786 -18.8787 
vt 29.9108 -18.8787 
vt 29.9431 -18.8787 
vt 29.9108 -18.8484 
vt 29.9108 -18.8787 
vt 29.9431 -18.8484 
vt 29.9108 -18.8484 
vt 29.9108 -18.8484 
vt 29.8786 -18.8201 
vt 29.8786 -18.8484 
vt 29.9108 -18.8201 

usemtl Cube0011Mtl

f 33/33/33 34/34/34 35/35/35 
f 33/33/33 57/57/57 34/34/34 
f 48/48/48 49/49/49 50/50/50 
f 49/49/49 48/48/48 58/58/58 
f 51/51/51 52/52/52 53/53/53 
f 52/52/52 51/51/51 59/59/59 
f 54/54/54 55/55/55 56/56/56 
f 55/55/55 54/54/54 60/60/60 
f 36/36/36 37/37/37 38/38/38 
f 37/37/37 36/36/36 45/45/45 
f 39/39/39 40/40/40 41/41/41 
f 40/40/40 39/39/39 44/44/44 
f 41/41/41 42/42/42 39/39/39 
f 42/42/42 41/41/41 43/43/43 
f 43/43/43 46/46/46 42/42/42 
f 46/46/46 43/43/43 47/47/47 
f 10/10/10 11/11/11 12/12/12 
f 16/16/16 11/11/11 10/10/10 
f 7/7/7 8/8/8 9/9/9 
f 8/8/8 7/7/7 15/15/15 
f 4/4/4 5/5/5 6/6/6 
f 5/5/5 4/4/4 14/14/14 
f 1/1/1 2/2/2 3/3/3 
f 2/2/2 1/1/1 13/13/13 
f 17/17/17 18/18/18 19/19/19 
f 18/18/18 17/17/17 32/32/32 
f 27/27/27 28/28/28 29/29/29 
f 27/27/27 31/31/31 28/28/28 
f 24/24/24 25/25/25 26/26/26 
f 24/24/24 30/30/30 25/25/25 
f 20/20/20 21/21/21 22/22/22 
f 20/20/20 22/22/22 23/23/23 
f 78/78/78 79/79/79 80/80/80 
f 78/78/78 81/81/81 79/79/79 
f 107/107/107 108/108/108 109/109/109 
f 108/108/108 107/107/107 110/110/110 
f 82/82/82 83/83/83 84/84/84 
f 83/83/83 82/82/82 88/88/88 
f 104/104/104 105/105/105 106/106/106 
f 105/105/105 104/104/104 115/115/115 
f 85/85/85 86/86/86 87/87/87 
f 85/85/85 87/87/87 89/89/89 
f 111/111/111 112/112/112 113/113/113 
f 112/112/112 111/111/111 114/114/114 
f 64/64/64 65/65/65 66/66/66 
f 65/65/65 64/64/64 77/77/77 
f 92/92/92 93/93/93 94/94/94 
f 93/93/93 92/92/92 103/103/103 
f 61/61/61 62/62/62 63/63/63 
f 62/62/62 61/61/61 90/90/90 
f 90/90/90 61/61/61 95/95/95 
f 67/67/67 68/68/68 69/69/69 
f 68/68/68 67/67/67 74/74/74 
f 75/75/75 76/76/76 68/68/68 
f 91/91/91 76/76/76 75/75/75 
f 96/96/96 98/98/98 75/75/75 
f 96/96/96 97/97/97 98/98/98 
f 70/70/70 71/71/71 72/72/72 
f 71/71/71 70/70/70 73/73/73 
f 99/99/99 100/100/100 101/101/101 
f 100/100/100 99/99/99 102/102/102 
f 183/183/183 184/184/184 185/185/185 
f 184/184/184 183/183/183 186/186/186 
f 184/184/184 189/189/189 190/190/190 
f 189/189/189 184/184/184 187/187/187 
f 186/186/186 187/187/187 184/184/184 
f 187/187/187 186/186/186 308/308/308 
f 308/308/308 186/186/186 309/309/309 
f 309/309/309 310/310/310 308/308/308 
f 168/168/168 169/169/169 170/170/170 
f 169/169/169 168/168/168 182/182/182 
f 304/304/304 305/305/305 306/306/306 
f 304/304/304 306/306/306 307/307/307 
f 116/116/116 117/117/117 118/118/118 
f 116/116/116 119/119/119 117/117/117 
f 120/120/120 121/121/121 122/122/122 
f 123/123/123 120/120/120 122/122/122 
f 128/128/128 120/120/120 123/123/123 
f 120/120/120 128/128/128 235/235/235 
f 124/124/124 125/125/125 126/126/126 
f 125/125/125 124/124/124 127/127/127 
f 129/129/129 130/130/130 131/131/131 
f 135/135/135 131/131/131 130/130/130 
f 132/132/132 133/133/133 134/134/134 
f 133/133/133 132/132/132 234/234/234 
f 136/136/136 137/137/137 138/138/138 
f 137/137/137 145/145/145 138/138/138 
f 139/139/139 140/140/140 141/141/141 
f 157/157/157 141/141/141 140/140/140 
f 140/140/140 139/139/139 147/147/147 
f 139/139/139 152/152/152 147/147/147 
f 139/139/139 260/260/260 152/152/152 
f 157/157/157 140/140/140 158/158/158 
f 174/174/174 157/157/157 158/158/158 
f 158/158/158 173/173/173 174/174/174 
f 175/175/175 174/174/174 173/173/173 
f 174/174/174 175/175/175 240/240/240 
f 142/142/142 143/143/143 144/144/144 
f 143/143/143 142/142/142 146/146/146 
f 148/148/148 149/149/149 150/150/150 
f 149/149/149 148/148/148 151/151/151 
f 153/153/153 154/154/154 155/155/155 
f 154/154/154 153/153/153 156/156/156 
f 159/159/159 160/160/160 161/161/161 
f 160/160/160 159/159/159 180/180/180 
f 262/262/262 180/180/180 159/159/159 
f 180/180/180 262/262/262 316/316/316 
f 162/162/162 163/163/163 164/164/164 
f 163/163/163 162/162/162 181/181/181 
f 263/263/263 181/181/181 162/162/162 
f 181/181/181 263/263/263 317/317/317 
f 171/171/171 163/163/163 172/172/172 
f 171/171/171 172/172/172 176/176/176 
f 239/239/239 171/171/171 176/176/176 
f 171/171/171 239/239/239 246/246/246 
f 192/192/192 246/246/246 239/239/239 
f 246/246/246 192/192/192 261/261/261 
f 192/192/192 191/191/191 261/261/261 
f 191/191/191 192/192/192 193/193/193 
f 191/191/191 181/181/181 266/266/266 
f 277/277/277 191/191/191 266/266/266 
f 383/383/383 384/384/384 261/261/261 
f 384/384/384 383/383/383 368/368/368 
f 370/370/370 384/384/384 368/368/368 
f 368/368/368 369/369/369 370/370/370 
f 165/165/165 166/166/166 167/167/167 
f 165/165/165 188/188/188 166/166/166 
f 264/264/264 265/265/265 188/188/188 
f 265/265/265 264/264/264 286/286/286 
f 177/177/177 178/178/178 179/179/179 
f 177/177/177 179/179/179 247/247/247 
f 236/236/236 237/237/237 238/238/238 
f 237/237/237 236/236/236 241/241/241 
f 242/242/242 243/243/243 244/244/244 
f 243/243/243 242/242/242 245/245/245 
f 248/248/248 249/249/249 250/250/250 
f 249/249/249 248/248/248 254/254/254 
f 251/251/251 252/252/252 253/253/253 
f 252/252/252 251/251/251 258/258/258 
f 255/255/255 256/256/256 257/257/257 
f 256/256/256 255/255/255 259/259/259 
f 267/267/267 268/268/268 269/269/269 
f 273/273/273 269/269/269 268/268/268 
f 268/268/268 267/267/267 318/318/318 
f 268/268/268 278/278/278 273/273/273 
f 314/314/314 273/273/273 278/278/278 
f 273/273/273 314/314/314 373/373/373 
f 294/294/294 318/318/318 267/267/267 
f 318/318/318 294/294/294 296/296/296 
f 294/294/294 295/295/295 296/296/296 
f 294/294/294 397/397/397 295/295/295 
f 270/270/270 271/271/271 272/272/272 
f 270/270/270 287/287/287 271/271/271 
f 274/274/274 275/275/275 276/276/276 
f 311/311/311 274/274/274 276/276/276 
f 313/313/313 274/274/274 311/311/311 
f 274/274/274 313/313/313 371/371/371 
f 279/279/279 280/280/280 281/281/281 
f 280/280/280 279/279/279 312/312/312 
f 279/279/279 315/315/315 312/312/312 
f 315/315/315 279/279/279 372/372/372 
f 282/282/282 283/283/283 284/284/284 
f 283/283/283 282/282/282 285/285/285 
f 288/288/288 289/289/289 290/290/290 
f 289/289/289 288/288/288 323/323/323 
f 291/291/291 292/292/292 293/293/293 
f 324/324/324 293/293/293 292/292/292 
f 297/297/297 298/298/298 299/299/299 
f 298/298/298 297/297/297 303/303/303 
f 300/300/300 301/301/301 302/302/302 
f 385/385/385 300/300/300 302/302/302 
f 319/319/319 320/320/320 321/321/321 
f 322/322/322 319/319/319 321/321/321 
f 325/325/325 326/326/326 327/327/327 
f 326/326/326 325/325/325 378/378/378 
f 374/374/374 375/375/375 376/376/376 
f 375/375/375 374/374/374 377/377/377 
f 379/379/379 380/380/380 381/381/381 
f 380/380/380 379/379/379 382/382/382 
f 386/386/386 387/387/387 388/388/388 
f 387/387/387 386/386/386 392/392/392 
f 389/389/389 390/390/390 391/391/391 
f 390/390/390 389/389/389 396/396/396 
f 393/393/393 394/394/394 395/395/395 
f 394/394/394 393/393/393 398/398/398 
f 194/194/194 195/195/195 196/196/196 
f 195/195/195 194/194/194 200/200/200 
f 197/197/197 198/198/198 199/199/199 
f 197/197/197 199/199/199 201/201/201 
f 202/202/202 203/203/203 204/204/204 
f 203/203/203 202/202/202 219/219/219 
f 205/205/205 206/206/206 207/207/207 
f 205/205/205 207/207/207 228/228/228 
f 208/208/208 209/209/209 210/210/210 
f 208/208/208 210/210/210 214/214/214 
f 211/211/211 212/212/212 213/213/213 
f 211/211/211 213/213/213 215/215/215 
f 216/216/216 217/217/217 218/218/218 
f 216/216/216 218/218/218 229/229/229 
f 220/220/220 221/221/221 222/222/222 
f 221/221/221 220/220/220 223/223/223 
f 224/224/224 225/225/225 226/226/226 
f 225/225/225 224/224/224 227/227/227 
f 230/230/230 231/231/231 232/232/232 
f 230/230/230 232/232/232 233/233/233 
f 328/328/328 329/329/329 330/330/330 
f 334/334/334 329/329/329 328/328/328 
f 331/331/331 332/332/332 333/333/333 
f 333/333/333 332/332/332 350/350/350 
f 335/335/335 336/336/336 337/337/337 
f 337/337/337 336/336/336 338/338/338 
f 339/339/339 340/340/340 341/341/341 
f 340/340/340 339/339/339 349/349/349 
f 342/342/342 343/343/343 344/344/344 
f 343/343/343 342/342/342 358/358/358 
f 345/345/345 346/346/346 347/347/347 
f 346/346/346 345/345/345 348/348/348 
f 351/351/351 352/352/352 353/353/353 
f 352/352/352 351/351/351 359/359/359 
f 354/354/354 355/355/355 356/356/356 
f 357/357/357 355/355/355 354/354/354 
f 360/360/360 361/361/361 362/362/362 
f 361/361/361 360/360/360 366/366/366 
f 363/363/363 364/364/364 365/365/365 
f 364/364/364 363/363/363 367/367/367 
f 413/413/413 414/414/414 415/415/415 
f 414/414/414 413/413/413 425/425/425 
f 416/416/416 417/417/417 418/418/418 
f 416/416/416 418/418/418 426/426/426 
f 419/419/419 420/420/420 421/421/421 
f 419/419/419 421/421/421 427/427/427 
f 422/422/422 423/423/423 424/424/424 
f 422/422/422 424/424/424 428/428/428 
f 399/399/399 400/400/400 401/401/401 
f 400/400/400 399/399/399 410/410/410 
f 402/402/402 403/403/403 404/404/404 
f 403/403/403 402/402/402 411/411/411 
f 405/405/405 406/406/406 407/407/407 
f 406/406/406 405/405/405 412/412/412 
f 408/408/408 407/407/407 406/406/406 
f 407/407/407 408/408/408 409/409/409 
f 429/429/429 430/430/430 431/431/431 
f 430/430/430 429/429/429 442/442/442 
f 432/432/432 433/433/433 434/434/434 
f 433/433/433 432/432/432 443/443/443 
f 435/435/435 436/436/436 437/437/437 
f 436/436/436 435/435/435 444/444/444 
f 438/438/438 439/439/439 440/440/440 
f 440/440/440 439/439/439 441/441/441 
f 445/445/445 446/446/446 447/447/447 
f 445/445/445 458/458/458 446/446/446 
f 455/455/455 456/456/456 457/457/457 
f 456/456/456 455/455/455 459/459/459 
f 448/448/448 449/449/449 450/450/450 
f 449/449/449 448/448/448 460/460/460 
f 451/451/451 452/452/452 453/453/453 
f 452/452/452 451/451/451 454/454/454 
f 461/461/461 462/462/462 463/463/463 
f 461/461/461 463/463/463 464/464/464 
f 464/464/464 463/463/463 496/496/496 
f 464/464/464 496/496/496 497/497/497 
f 471/471/471 472/472/472 473/473/473 
f 473/473/473 472/472/472 474/474/474 
f 502/502/502 503/503/503 504/504/504 
f 504/504/504 505/505/505 502/502/502 
f 465/465/465 466/466/466 467/467/467 
f 465/465/465 467/467/467 492/492/492 
f 468/468/468 469/469/469 470/470/470 
f 468/468/468 470/470/470 475/475/475 
f 498/498/498 499/499/499 500/500/500 
f 499/499/499 498/498/498 501/501/501 
f 476/476/476 477/477/477 478/478/478 
f 477/477/477 476/476/476 479/479/479 
f 480/480/480 481/481/481 482/482/482 
f 482/482/482 486/486/486 480/480/480 
f 483/483/483 484/484/484 485/485/485 
f 484/484/484 483/483/483 487/487/487 
f 488/488/488 489/489/489 490/490/490 
f 490/490/490 491/491/491 488/488/488 
f 493/493/493 494/494/494 495/495/495 
f 494/494/494 506/506/506 495/495/495 
f 507/507/507 495/495/495 506/506/506 
f 495/495/495 507/507/507 512/512/512 
f 512/512/512 507/507/507 509/509/509 
f 507/507/507 508/508/508 509/509/509 
f 510/510/510 509/509/509 508/508/508 
f 509/509/509 510/510/510 511/511/511 
f 513/513/513 514/514/514 515/515/515 
f 514/514/514 513/513/513 576/576/576 
f 576/576/576 582/582/582 514/514/514 
f 523/523/523 524/524/524 525/525/525 
f 524/524/524 523/523/523 577/577/577 
f 523/523/523 525/525/525 526/526/526 
f 526/526/526 578/578/578 523/523/523 
f 578/578/578 526/526/526 527/527/527 
f 527/527/527 526/526/526 528/528/528 
f 516/516/516 517/517/517 518/518/518 
f 517/517/517 516/516/516 550/550/550 
f 519/519/519 520/520/520 521/521/521 
f 520/520/520 519/519/519 522/522/522 
f 529/529/529 530/530/530 531/531/531 
f 530/530/530 529/529/529 549/549/549 
f 539/539/539 540/540/540 541/541/541 
f 540/540/540 539/539/539 574/574/574 
f 551/551/551 552/552/552 553/553/553 
f 551/551/551 560/560/560 552/552/552 
f 554/554/554 555/555/555 556/556/556 
f 554/554/554 561/561/561 555/555/555 
f 557/557/557 558/558/558 559/559/559 
f 557/557/557 562/562/562 558/558/558 
f 563/563/563 564/564/564 565/565/565 
f 563/563/563 566/566/566 564/564/564 
f 567/567/567 568/568/568 569/569/569 
f 567/567/567 570/570/570 568/568/568 
f 571/571/571 572/572/572 573/573/573 
f 571/571/571 575/575/575 572/572/572 
f 579/579/579 580/580/580 581/581/581 
f 619/619/619 580/580/580 579/579/579 
f 583/583/583 584/584/584 585/585/585 
f 603/603/603 584/584/584 583/583/583 
f 586/586/586 587/587/587 588/588/588 
f 602/602/602 587/587/587 586/586/586 
f 589/589/589 590/590/590 591/591/591 
f 591/591/591 590/590/590 596/596/596 
f 604/604/604 605/605/605 606/606/606 
f 605/605/605 604/604/604 613/613/613 
f 607/607/607 608/608/608 609/609/609 
f 608/608/608 607/607/607 614/614/614 
f 610/610/610 611/611/611 612/612/612 
f 611/611/611 610/610/610 615/615/615 
f 616/616/616 617/617/617 618/618/618 
f 617/617/617 616/616/616 624/624/624 
f 620/620/620 621/621/621 622/622/622 
f 621/621/621 620/620/620 623/623/623 
f 625/625/625 626/626/626 627/627/627 
f 626/626/626 625/625/625 628/628/628 
f 536/536/536 537/537/537 538/538/538 
f 538/538/538 545/545/545 536/536/536 
f 542/542/542 543/543/543 544/544/544 
f 543/543/543 542/542/542 592/592/592 
f 592/592/592 594/594/594 601/601/601 
f 594/594/594 592/592/592 595/595/595 
f 546/546/546 547/547/547 548/548/548 
f 547/547/547 546/546/546 593/593/593 
f 532/532/532 533/533/533 534/534/534 
f 533/533/533 532/532/532 535/535/535 
f 597/597/597 598/598/598 599/599/599 
f 597/597/597 600/600/600 598/598/598 

g Cube0121

v -62.7948 16.9199 -46.8266 
v -62.8015 16.7385 -46.5134 
v -62.7948 16.7385 -46.8266 
v -62.6722 16.9199 -46.8266 
v -62.6789 16.7385 -46.5134 
v -62.6722 16.7385 -46.8266 
v -62.4135 16.9644 -47.4603 
v -62.4135 16.7024 -46.8121 
v -62.4135 16.7024 -47.4603 
v -62.5491 16.9199 -46.8266 
v -62.5559 16.7385 -46.5134 
v -62.5491 16.7385 -46.8266 
v -62.8015 16.9199 -46.5134 
v -62.6789 16.9199 -46.5134 
v -62.423 16.9199 -46.8266 
v -62.4297 16.7385 -46.5134 
v -62.423 16.7385 -46.8266 
v -62.5559 16.9199 -46.5134 
v -62.4052 16.6839 -47.9517 
v -62.4052 17.5959 -47.9517 
v -62.4052 17.5959 -47.4406 
v -62.3234 18.7897 -47.9832 
v -62.3236 17.5112 -47.4091 
v -62.3234 17.5112 -47.9832 
v -61.9847 17.7906 -48.8895 
v -61.9847 17.8465 -48.599 
v -61.9847 17.6773 -48.7003 
v -62.4052 16.6839 -47.4406 
v -62.4297 16.9199 -46.5134 
v -62.4135 16.9644 -46.8121 
v -61.9847 17.9598 -48.7882 
v -61.9753 17.876 -50.697 
v -61.9753 17.8853 -50.3004 
v -61.9753 17.6835 -50.52 
v -61.9753 18.0779 -50.4773 
v -61.9753 17.8853 -50.3004 
v -61.9753 18.0779 -50.4773 
v -61.9753 18.036 -50.1365 
v -61.9847 17.9598 -48.7882 
v -61.9847 18.0525 -48.4756 
v -61.9847 17.8465 -48.599 
v -61.9847 18.0452 -46.6521 
v -61.9847 17.7505 -46.6255 
v -61.9847 17.9009 -46.7867 
v -61.9847 17.8947 -46.4909 
v -61.9847 18.0452 -46.6521 
v -61.9847 18.0703 -46.327 
v -61.9847 17.8947 -46.4909 
v -61.9847 18.1658 -48.6648 
v -61.9847 18.1658 -48.6648 
v -61.9847 18.0731 -48.9774 
v -61.9847 18.2792 -48.854 
v -61.9753 18.2285 -50.3135 
v -61.9753 18.036 -50.1365 
v -61.9753 18.2285 -50.3135 
v -61.9753 18.2193 -49.937 
v -61.9847 17.9598 -48.7882 
v -61.9847 18.2207 -46.4882 
v -61.9847 18.1956 -46.8133 
v -61.9847 18.2207 -46.4882 
v -61.9847 18.0452 -46.6521 
v -62.4343 16.9135 -46.5198 
v -62.4343 16.8791 -46.4036 
v -62.4343 16.8791 -46.5198 
v -62.8061 16.9135 -46.5198 
v -62.8061 16.8791 -46.3008 
v -62.8061 16.8791 -46.5198 
v -62.7948 16.9199 -43.9366 
v -62.8015 16.7385 -43.6234 
v -62.7948 16.7385 -43.9366 
v -62.6722 16.9199 -43.9366 
v -62.6789 16.7385 -43.6234 
v -62.6722 16.7385 -43.9366 
v -62.8015 16.9199 -43.6234 
v -62.8061 16.9135 -43.6298 
v -62.8061 16.8791 -43.4108 
v -62.8061 16.8791 -43.6298 
v -62.6835 16.9135 -43.6298 
v -62.6835 16.8791 -43.4548 
v -62.6835 16.8791 -43.6298 
v -62.6789 16.9199 -43.6234 
v -62.6835 16.9135 -46.5198 
v -62.6835 16.8791 -46.3448 
v -62.6835 16.8791 -46.5198 
v -62.8061 16.9135 -46.3008 
v -62.6835 16.9135 -46.3448 
v -62.5604 16.9135 -43.6298 
v -62.5604 16.8791 -43.484 
v -62.5604 16.8791 -43.6298 
v -62.5604 16.9135 -43.484 
v -62.8061 16.9135 -43.4108 
v -62.6835 16.9135 -43.4548 
v -62.5604 16.9135 -46.5198 
v -62.5604 16.8791 -46.374 
v -62.5604 16.8791 -46.5198 
v -62.5491 16.9199 -43.9366 
v -62.5559 16.7385 -43.6234 
v -62.5491 16.7385 -43.9366 
v -62.4135 16.9644 -44.5703 
v -62.4135 16.7024 -43.9221 
v -62.4135 16.7024 -44.5703 
v -62.4135 16.9644 -43.9221 
v -62.423 16.9199 -43.9366 
v -62.4297 16.7385 -43.6234 
v -62.423 16.7385 -43.9366 
v -62.5559 16.9199 -43.6234 
v -62.4343 16.9135 -43.6298 
v -62.4343 16.8791 -43.5136 
v -62.4343 16.8791 -43.6298 
v -62.4297 16.9199 -43.6234 
v -62.5604 16.9135 -46.374 
v -62.4343 16.9135 -46.4036 
v -62.4052 16.6839 -45.0617 
v -62.4052 17.5959 -45.0617 
v -62.4052 17.5959 -44.5506 
v -62.3234 18.4497 -45.0932 
v -62.3236 17.5112 -44.5191 
v -62.3234 17.5112 -45.0932 
v -62.4052 16.6839 -44.5506 
v -62.4343 16.9135 -43.5136 
v -62.3236 18.4497 -44.5191 
v -61.9753 18.2611 -50.6457 
v -61.9753 18.2285 -50.3135 
v -61.9753 18.0779 -50.4773 
v -61.9847 18.3925 -49.0432 
v -61.9847 18.851 -48.5116 
v -61.9847 18.2792 -48.854 
v -61.9847 18.9643 -48.7008 
v -61.9753 19.9305 -50.4507 
v -61.9753 19.0396 -49.4555 
v -61.9753 18.8564 -49.6239 
v -61.9847 18.2792 -48.854 
v -61.9847 18.7377 -48.3224 
v -61.9847 18.1658 -48.6648 
v -61.9847 18.1658 -48.6648 
v -61.9847 18.6244 -48.1331 
v -61.9847 18.0525 -48.4756 
v -61.9847 18.7377 -48.3224 
v -61.9847 18.851 -48.5116 
v -61.9847 20.3988 -47.8649 
v -61.9847 20.5369 -48.3899 
v -61.9847 20.7093 -48.2524 
v -61.9847 20.6865 -48.5777 
v -61.9847 20.7093 -48.2524 
v -61.9847 20.5369 -48.3899 
v -61.9847 20.859 -48.4402 
v -61.9847 21.1544 -48.4571 
v -61.9847 20.859 -48.4402 
v -61.9847 20.982 -48.5945 
v -61.9847 21.0315 -48.3028 
v -61.9847 20.859 -48.4402 
v -61.9847 20.8818 -48.115 
v -61.9847 20.7093 -48.2524 
v -61.9847 21.0315 -48.3028 
v -61.9753 19.7472 -50.6191 
v -61.9753 18.4117 -50.4818 
v -61.9753 18.5949 -50.6502 
v -61.9753 18.5951 -50.2823 
v -61.9753 18.4117 -50.4818 
v -61.9753 18.7783 -50.4507 
v -61.9753 18.5951 -50.2823 
v -61.9753 18.2285 -50.3135 
v -61.9753 18.4117 -50.4818 
v -61.9753 18.4119 -50.1139 
v -61.9753 18.4119 -50.1139 
v -61.9753 19.3027 -49.1187 
v -61.9753 18.2193 -49.937 
v -61.9753 18.4119 -50.1139 
v -61.9753 19.4859 -49.2871 
v -61.9753 18.4119 -50.1139 
v -61.9753 18.5951 -50.2823 
v -61.9753 19.0396 -49.4555 
v -61.9753 19.9305 -50.4507 
v -61.9753 20.1137 -50.2823 
v -61.9753 19.2228 -49.2871 
v -61.9753 20.1137 -50.2823 
v -61.9753 20.2969 -50.1139 
v -61.9753 20.1138 -50.6502 
v -61.9753 20.1137 -50.2823 
v -61.9753 19.9305 -50.4507 
v -61.9753 19.2228 -49.2871 
v -61.9753 19.406 -49.1187 
v -61.9753 20.4894 -49.937 
v -61.9753 19.5986 -48.9418 
v -61.9753 19.406 -49.1187 
v -61.9847 20.2263 -48.0024 
v -63.9891 18.7771 -46.2305 
v -63.9008 18.8726 -46.347 
v -63.8328 18.9515 -46.2306 
v -63.992 18.7668 -46.5029 
v -63.808 18.973 -46.4694 
v -63.9008 18.8726 -46.347 
v -63.8992 18.8672 -46.6253 
v -63.9211 18.856 -46.1142 
v -64.0094 18.7605 -45.9977 
v -63.8382 18.9521 -45.9725 
v -63.9265 18.8566 -45.856 
v -63.9211 18.856 -46.1142 
v -63.9211 18.856 -46.1142 
v -63.8328 18.9515 -46.2306 
v -63.7499 19.0477 -46.089 
v -63.8382 18.9521 -45.9725 
v -63.9008 18.8726 -46.347 
v -63.74 19.0519 -46.353 
v -63.8328 18.9515 -46.2306 
v -63.808 18.973 -46.4694 
v -63.6571 19.148 -46.2114 
v -63.8328 18.9515 -46.2306 
v -63.74 19.0519 -46.353 
v -63.7499 19.0477 -46.089 
v -63.375 19.4937 -44.9521 
v -64.0149 18.7611 -45.7396 
v -63.9265 18.8566 -45.856 
v -63.2867 19.5892 -45.0686 
v -63.9265 18.8566 -45.856 
v -63.8382 18.9521 -45.9725 
v -63.4634 19.3982 -44.8356 
v -62.3236 18.7897 -47.4091 
v -61.9847 18.3712 -46.6494 
v -61.9847 18.3712 -46.6494 
v -61.9847 18.5846 -46.1504 
v -61.9847 18.2207 -46.4882 
v -61.9847 18.7351 -46.3116 
v -61.9847 18.2207 -46.4882 
v -61.9847 18.4342 -45.9892 
v -61.9847 18.0703 -46.327 
v -61.9847 18.5846 -46.1504 
v -63.1984 19.6848 -45.1851 
v -63.8382 18.9521 -45.9725 
v -63.7499 19.0477 -46.089 
v -63.1056 19.7852 -45.3074 
v -63.7499 19.0477 -46.089 
v -63.6571 19.148 -46.2114 
v -61.9847 20.7093 -48.2524 
v -61.9847 20.5713 -47.7275 
v -61.9847 20.3988 -47.8649 
v -61.9847 20.8818 -48.115 
v -63.1984 19.6848 -45.1851 
v -63.375 19.4937 -44.9521 
v -63.2867 19.5892 -45.0686 
v -61.9753 19.1102 -48.9418 
v -61.5773 16.9199 -46.5134 
v -61.584 16.7385 -46.8266 
v -61.584 16.9199 -46.8266 
v -61.4511 16.9199 -46.5134 
v -61.4579 16.7385 -46.8266 
v -61.4579 16.9199 -46.8266 
v -61.328 16.9199 -46.5134 
v -61.3348 16.7385 -46.8266 
v -61.3348 16.9199 -46.8266 
v -61.5773 16.7385 -46.5134 
v -61.5818 16.8791 -46.5198 
v -61.5818 16.9135 -46.4036 
v -61.5818 16.8791 -46.4036 
v -61.4511 16.7385 -46.5134 
v -61.328 16.7385 -46.5134 
v -61.4556 16.8791 -46.5198 
v -61.4556 16.9135 -46.374 
v -61.4556 16.8791 -46.374 
v -61.9753 19.6692 -49.4555 
v -61.9753 18.5951 -50.2823 
v -61.9753 18.7783 -50.4507 
v -61.5818 16.9135 -46.5198 
v -61.2727 18.7734 -50.2524 
v -61.2727 19.2795 -48.7139 
v -61.2727 18.7734 -48.7139 
v -61.4556 16.9135 -46.5198 
v -61.3326 16.9135 -46.3448 
v -61.3326 16.8791 -46.5198 
v -61.3326 16.9135 -46.5198 
v -61.3326 16.8791 -46.3448 
v -61.21 16.9135 -46.3008 
v -61.21 16.8791 -46.5198 
v -61.21 16.9135 -46.5198 
v -61.2 17.5959 -47.9517 
v -61.2 16.6839 -47.4406 
v -61.2 16.6839 -47.9517 
v -61.2 17.5959 -47.4406 
v -61.1188 17.5112 -47.9832 
v -61.1178 18.7897 -47.4091 
v -61.1178 17.5112 -47.4091 
v -61.2083 16.9644 -46.8121 
v -61.2083 16.7024 -47.4603 
v -61.2083 16.9644 -47.4603 
v -61.2054 16.9199 -46.5134 
v -61.2122 16.7385 -46.8266 
v -61.2122 16.9199 -46.8266 
v -61.2083 16.7024 -46.8121 
v -61.2054 16.7385 -46.5134 
v -61.1188 18.7897 -47.9832 
v -60.9981 19.222 -47.7922 
v -60.9981 18.6016 -48.8451 
v -60.9981 19.222 -48.8451 
v -60.9981 18.6016 -47.7922 
v -60.7898 19.2467 -46.7633 
v -60.7898 18.5044 -47.8806 
v -60.7898 19.2467 -47.8806 
v -60.7898 18.5044 -46.7633 
v -60.2217 19.0506 -46.4714 
v -60.0377 18.8444 -46.5049 
v -60.1305 18.9448 -46.6273 
v -60.1289 18.9502 -46.349 
v -61.21 16.8791 -46.3008 
v -61.5773 16.9199 -43.6234 
v -61.584 16.7385 -43.9366 
v -61.584 16.9199 -43.9366 
v -61.4511 16.9199 -43.6234 
v -61.4579 16.7385 -43.9366 
v -61.4579 16.9199 -43.9366 
v -61.328 16.9199 -43.6234 
v -61.3348 16.7385 -43.9366 
v -61.3348 16.9199 -43.9366 
v -61.5773 16.7385 -43.6234 
v -61.5818 16.8791 -43.6298 
v -61.5818 16.9135 -43.5136 
v -61.5818 16.8791 -43.5136 
v -61.4511 16.7385 -43.6234 
v -61.328 16.7385 -43.6234 
v -61.4556 16.8791 -43.6298 
v -61.4556 16.9135 -43.484 
v -61.4556 16.8791 -43.484 
v -61.5818 16.9135 -43.6298 
v -61.4556 16.9135 -43.6298 
v -61.3326 16.9135 -43.4548 
v -61.3326 16.8791 -43.6298 
v -61.3326 16.9135 -43.6298 
v -61.21 16.9135 -43.4108 
v -61.21 16.8791 -43.6298 
v -61.21 16.9135 -43.6298 
v -61.3326 16.8791 -43.4548 
v -61.21 16.8791 -43.4108 
v -61.2054 16.9199 -43.6234 
v -61.2122 16.7385 -43.9366 
v -61.2122 16.9199 -43.9366 
v -61.2 17.5959 -45.0617 
v -61.2 16.6839 -44.5506 
v -61.2 16.6839 -45.0617 
v -61.2 17.5959 -44.5506 
v -61.1188 17.5112 -45.0932 
v -61.1178 18.4497 -44.5191 
v -61.1178 17.5112 -44.5191 
v -61.2083 16.9644 -43.9221 
v -61.2083 16.7024 -44.5703 
v -61.2083 16.9644 -44.5703 
v -61.2083 16.7024 -43.9221 
v -61.2054 16.7385 -43.6234 
v -61.1188 18.4497 -45.0932 
v -60.1969 19.0292 -46.2327 
v -60.0406 18.8547 -46.2325 
v -60.1289 18.9502 -46.349 
v -60.1086 18.9337 -46.1162 
v -60.1915 19.0298 -45.9745 
v -60.0203 18.8381 -45.9997 
v -60.1086 18.9337 -46.1162 
v -60.5487 19.2023 -44.3151 
v -60.5487 18.364 -46.8636 
v -60.5487 19.2023 -46.8636 
v -60.5487 18.364 -44.3151 
v -60.1032 18.9342 -45.8581 
v -60.2798 19.1253 -46.091 
v -60.1086 18.9337 -46.1162 
v -60.1969 19.0292 -46.2327 
v -61.9753 20.297 -50.4818 
v -61.9753 20.1137 -50.2823 
v -61.9753 20.4803 -50.3135 
v -61.9753 20.2969 -50.1139 
v -61.9753 19.8524 -49.6239 
v -61.9753 18.7783 -50.4507 
v -61.9753 18.9615 -50.6191 
v -61.9753 19.6692 -49.4555 
v -61.9753 20.2969 -50.1139 
v -61.9753 19.3027 -49.1187 
v -61.9753 19.4859 -49.2871 
v -61.9753 20.297 -50.4818 
v -61.9753 20.4477 -50.6457 
v -61.9753 20.4803 -50.3135 
v -61.9753 20.297 -50.4818 
v -61.9753 20.6309 -50.4773 
v -61.9753 20.6309 -50.4773 
v -61.9753 20.6728 -50.1365 
v -61.9753 20.4803 -50.3135 
v -61.9753 20.8234 -50.3004 
v -61.9753 20.4803 -50.3135 
v -61.9753 20.4894 -49.937 
v -61.9753 20.2969 -50.1139 
v -61.9753 20.6728 -50.1365 
v -61.9753 20.8327 -50.697 
v -61.9753 20.8234 -50.3004 
v -61.9753 20.6309 -50.4773 
v -61.2727 19.2795 -50.2524 
v -61.2727 19.9719 -48.7139 
v -61.2727 19.2795 -50.2524 
v -61.2727 19.9719 -50.2524 
v -61.2727 19.2795 -48.7139 
v -60.9981 19.222 -48.8451 
v -60.9981 20.4877 -47.7922 
v -60.9981 19.222 -47.7922 
v -60.2897 19.1296 -46.355 
v -60.3726 19.2257 -46.2134 
v -60.1969 19.0292 -46.2327 
v -60.1289 18.9502 -46.349 
v -60.2217 19.0506 -46.4714 
v -60.2897 19.1296 -46.355 
v -60.1969 19.0292 -46.2327 
v -60.7898 19.2467 -47.8806 
v -60.7898 20.761 -46.7633 
v -60.7898 19.2467 -46.7633 
v -61.9753 21.0253 -50.52 
v -60.9981 20.4877 -48.8451 
v -60.7898 20.761 -47.8806 
v -61.967 21.3912 -46.5846 
v -61.967 21.3999 -46.2493 
v -61.967 21.2376 -46.4732 
v -61.967 21.5536 -46.3607 
v -61.967 21.3999 -46.2493 
v -61.967 21.0658 -46.3487 
v -61.967 21.2376 -46.4732 
v -61.967 21.2282 -46.1248 
v -61.967 20.2216 -45.7365 
v -61.967 21.0248 -45.9773 
v -61.967 20.3839 -45.5125 
v -61.967 20.8624 -46.2012 
v -61.967 20.8624 -46.2012 
v -61.967 21.2282 -46.1248 
v -61.967 21.0248 -45.9773 
v -61.967 20.5463 -45.2886 
v -61.967 21.0248 -45.9773 
v -61.967 21.1872 -45.7534 
v -61.967 20.7087 -45.0647 
v -61.967 21.5119 -45.3055 
v -61.967 20.871 -44.8408 
v -61.967 20.3839 -45.5125 
v -61.967 21.1872 -45.7534 
v -61.967 20.7087 -45.0647 
v -61.967 20.5463 -45.2886 
v -61.967 21.3495 -45.5294 
v -61.967 21.2282 -46.1248 
v -61.967 21.5623 -46.0254 
v -61.967 21.3906 -45.9008 
v -61.967 21.2282 -46.1248 
v -61.967 21.1872 -45.7534 
v -61.967 21.0248 -45.9773 
v -61.967 21.3906 -45.9008 
v -61.967 21.5529 -45.6769 
v -61.967 21.1872 -45.7534 
v -61.967 21.3906 -45.9008 
v -61.967 21.3495 -45.5294 
v -61.967 21.3495 -45.5294 
v -61.967 21.0658 -46.3487 
v -60.2798 19.1253 -46.091 
v -60.8313 19.7624 -45.1871 
v -60.1915 19.0298 -45.9745 
v -60.2798 19.1253 -46.091 
v -60.1915 19.0298 -45.9745 
v -60.1915 19.0298 -45.9745 
v -60.743 19.6669 -45.0706 
v -60.1032 18.9342 -45.8581 
v -60.0148 18.8387 -45.7416 
v -60.6546 19.5714 -44.9541 
v -60.5663 19.4758 -44.8376 
v -60.1032 18.9342 -45.8581 
v -60.6546 19.5714 -44.9541 
v -61.967 21.3999 -46.2493 
v -60.5487 20.9125 -44.3151 
v -60.5487 19.2023 -46.8636 
v -60.5487 20.9125 -46.8636 
v -60.3726 19.2257 -46.2134 
v -60.9241 19.8628 -45.3095 
v -60.2798 19.1253 -46.091 
v -60.8313 19.7624 -45.1871 
v -60.743 19.6669 -45.0706 
v -60.5487 19.2023 -44.3151 
v -62.8061 16.9135 -46.3008 
v -62.8061 16.9135 -46.5198 
v -62.9064 16.9135 -46.5198 
v -62.6835 16.9135 -46.3448 
v -62.6835 16.9135 -46.5198 
v -62.7838 16.9135 -46.5198 
v -62.7838 16.9135 -46.3448 
v -62.9064 16.9135 -46.3008 
v -62.8015 16.9199 -46.5134 
v -62.9042 16.9199 -46.8266 
v -62.9109 16.9199 -46.5134 
v -62.7948 16.9199 -46.8266 
v -62.6789 16.9199 -46.5134 
v -62.6722 16.9199 -46.8266 
v -62.7816 16.9199 -46.8266 
v -62.7883 16.9199 -46.5134 
v -62.5604 16.9135 -46.374 
v -62.6607 16.9135 -46.5198 
v -62.6607 16.9135 -46.374 
v -62.5559 16.9199 -46.5134 
v -62.6585 16.9199 -46.8266 
v -62.6652 16.9199 -46.5134 
v -62.4343 16.9135 -46.4036 
v -62.4343 16.9135 -46.5198 
v -62.5346 16.9135 -46.5198 
v -62.5604 16.9135 -46.5198 
v -62.5346 16.9135 -46.4036 
v -62.5491 16.9199 -46.8266 
v -62.4297 16.9199 -46.5134 
v -62.423 16.9199 -46.8266 
v -62.5323 16.9199 -46.8266 
v -62.5391 16.9199 -46.5134 
v -62.4135 16.9644 -43.9221 
v -62.4135 16.9644 -44.5703 
v -62.9081 16.9644 -44.5703 
v -62.9081 16.9644 -43.9221 
v -62.8061 16.9135 -43.4108 
v -62.8061 16.9135 -43.6298 
v -62.9064 16.9135 -43.6298 
v -62.6835 16.9135 -43.4548 
v -62.6835 16.9135 -43.6298 
v -62.7838 16.9135 -43.6298 
v -62.7838 16.9135 -43.4548 
v -62.9064 16.9135 -43.4108 
v -62.8015 16.9199 -43.6234 
v -62.9042 16.9199 -43.9366 
v -62.9109 16.9199 -43.6234 
v -62.7948 16.9199 -43.9366 
v -62.6789 16.9199 -43.6234 
v -62.6722 16.9199 -43.9366 
v -62.7816 16.9199 -43.9366 
v -62.7883 16.9199 -43.6234 
v -62.5604 16.9135 -43.484 
v -62.6607 16.9135 -43.6298 
v -62.6607 16.9135 -43.484 
v -62.4343 16.9135 -43.5136 
v -62.4343 16.9135 -43.6298 
v -62.5346 16.9135 -43.6298 
v -62.5604 16.9135 -43.6298 
v -62.5346 16.9135 -43.5136 
v -62.5559 16.9199 -43.6234 
v -62.6585 16.9199 -43.9366 
v -62.6652 16.9199 -43.6234 
v -62.5491 16.9199 -43.9366 
v -62.4297 16.9199 -43.6234 
v -62.423 16.9199 -43.9366 
v -62.5324 16.9199 -43.9366 
v -62.5391 16.9199 -43.6234 
v -62.4135 16.9644 -46.8121 
v -62.9081 16.9644 -47.4603 
v -62.9081 16.9644 -46.8121 
v -62.1411 18.0779 -50.4773 
v -61.9753 17.876 -50.697 
v -62.1411 17.876 -50.697 
v -62.1411 18.4117 -50.4818 
v -61.9753 18.2611 -50.6457 
v -62.1411 18.2611 -50.6457 
v -62.1411 18.7783 -50.4507 
v -61.9753 18.5949 -50.6502 
v -62.1411 18.5949 -50.6502 
v -62.1411 19.8524 -49.6239 
v -61.9753 18.9615 -50.6191 
v -62.1411 18.9615 -50.6191 
v -61.9753 19.5986 -48.9418 
v -62.1411 20.4894 -49.937 
v -62.1411 19.5986 -48.9418 
v -61.9753 20.4894 -49.937 
v -62.1411 20.6728 -50.1365 
v -62.1411 20.4894 -49.937 
v -61.2727 19.9719 -48.7139 
v -62.8436 19.9719 -50.2524 
v -62.8436 19.9719 -48.7139 
v -60.9981 20.4877 -47.7922 
v -63.1183 20.4877 -48.8451 
v -63.1183 20.4877 -47.7922 
v -61.9753 20.6728 -50.1365 
v -62.1411 20.8234 -50.3004 
v -62.1411 20.6728 -50.1365 
v -61.9847 18.851 -48.5116 
v -62.1317 18.9643 -48.7008 
v -62.1317 18.851 -48.5116 
v -61.9847 18.7377 -48.3224 
v -62.1317 18.851 -48.5116 
v -62.1317 18.7377 -48.3224 
v -61.9847 18.6244 -48.1331 
v -62.1317 18.7377 -48.3224 
v -62.1317 18.6244 -48.1331 
v -61.9847 20.5713 -47.7275 
v -62.1317 20.8818 -48.115 
v -62.1317 20.5713 -47.7275 
v -61.9753 20.8234 -50.3004 
v -62.1411 21.0253 -50.52 
v -62.1411 20.8234 -50.3004 
v -61.9847 21.0315 -48.3028 
v -62.1317 21.1544 -48.4571 
v -62.1317 21.0315 -48.3028 
v -61.9847 20.8818 -48.115 
v -62.1317 21.0315 -48.3028 
v -62.1317 20.8818 -48.115 
v -62.3236 18.7897 -47.4091 
v -62.3234 18.7897 -47.9832 
v -62.9976 18.7897 -47.9832 
v -62.4052 17.5959 -47.4406 
v -62.9164 17.5959 -47.9517 
v -62.9164 17.5959 -47.4406 
v -62.4135 16.9644 -47.4603 
v -62.9164 17.5959 -45.0617 
v -62.4052 17.5959 -44.5506 
v -62.4052 17.5959 -45.0617 
v -62.9164 17.5959 -44.5506 
v -62.4052 17.5959 -47.9517 
v -62.9986 18.7897 -47.4091 
v -60.5487 20.9125 -44.3151 
v -63.5676 20.9125 -46.8636 
v -63.5676 20.9125 -44.3151 
v -62.3236 18.4497 -44.5191 
v -62.9976 18.4497 -45.0932 
v -62.9986 18.4497 -44.5191 
v -62.3234 18.4497 -45.0932 
v -60.7898 20.761 -46.7633 
v -63.3265 20.761 -47.8806 
v -63.3265 20.761 -46.7633 
v -61.9847 18.5846 -46.1504 
v -62.1317 18.7351 -46.3116 
v -62.1317 18.5846 -46.1504 
v -61.9847 18.4342 -45.9892 
v -62.1317 18.5846 -46.1504 
v -62.1317 18.4342 -45.9892 
v -61.967 21.5119 -45.3055 
v -62.1494 21.3495 -45.5294 
v -62.1494 21.5119 -45.3055 
v -61.967 21.5536 -46.3607 
v -62.1494 21.3912 -46.5846 
v -62.1494 21.5536 -46.3607 
v -61.967 21.5623 -46.0254 
v -62.1494 21.3999 -46.2493 
v -62.1494 21.5623 -46.0254 
v -61.967 21.5529 -45.6769 
v -62.1494 21.3906 -45.9008 
v -62.1494 21.5529 -45.6769 
v -61.9847 20.8818 -48.115 
v -61.6821 16.9135 -46.5198 
v -61.5818 16.9135 -46.4036 
v -61.5818 16.9135 -46.5198 
v -61.4556 16.9135 -46.5198 
v -61.556 16.9135 -46.5198 
v -61.556 16.9135 -46.374 
v -61.6821 16.9135 -46.4036 
v -61.4556 16.9135 -46.374 
v -61.6934 16.9199 -46.8266 
v -61.6866 16.9199 -46.5134 
v -61.584 16.9199 -46.8266 
v -61.5672 16.9199 -46.8266 
v -61.5605 16.9199 -46.5134 
v -61.4579 16.9199 -46.8266 
v -61.5773 16.9199 -46.5134 
v -61.4511 16.9199 -46.5134 
v -61.4442 16.9199 -46.8266 
v -61.4374 16.9199 -46.5134 
v -61.3348 16.9199 -46.8266 
v -61.4329 16.9135 -46.5198 
v -61.4329 16.9135 -46.3448 
v -61.3326 16.9135 -46.5198 
v -61.3103 16.9135 -46.5198 
v -61.3103 16.9135 -46.3008 
v -61.21 16.9135 -46.5198 
v -61.3326 16.9135 -46.3448 
v -61.21 16.9135 -46.3008 
v -61.3216 16.9199 -46.8266 
v -61.3148 16.9199 -46.5134 
v -61.2122 16.9199 -46.8266 
v -61.328 16.9199 -46.5134 
v -61.2054 16.9199 -46.5134 
v -61.7028 16.9644 -44.5703 
v -61.2083 16.9644 -43.9221 
v -61.2083 16.9644 -44.5703 
v -61.6821 16.9135 -43.6298 
v -61.5818 16.9135 -43.5136 
v -61.5818 16.9135 -43.6298 
v -61.556 16.9135 -43.6298 
v -61.4556 16.9135 -43.484 
v -61.4556 16.9135 -43.6298 
v -61.6821 16.9135 -43.5136 
v -61.556 16.9135 -43.484 
v -61.6934 16.9199 -43.9366 
v -61.6866 16.9199 -43.6234 
v -61.584 16.9199 -43.9366 
v -61.5672 16.9199 -43.9366 
v -61.5605 16.9199 -43.6234 
v -61.4579 16.9199 -43.9366 
v -61.5773 16.9199 -43.6234 
v -61.4511 16.9199 -43.6234 
v -61.4442 16.9199 -43.9366 
v -61.4374 16.9199 -43.6234 
v -61.3348 16.9199 -43.9366 
v -61.4329 16.9135 -43.6298 
v -61.3326 16.9135 -43.4548 
v -61.3326 16.9135 -43.6298 
v -61.4329 16.9135 -43.4548 
v -61.21 16.9135 -43.4108 
v -61.3103 16.9135 -43.6298 
v -61.3103 16.9135 -43.4108 
v -61.21 16.9135 -43.6298 
v -61.3216 16.9199 -43.9366 
v -61.3148 16.9199 -43.6234 
v -61.2122 16.9199 -43.9366 
v -61.328 16.9199 -43.6234 
v -61.2054 16.9199 -43.6234 
v -61.2083 16.9644 -46.8121 
v -61.7028 16.9644 -47.4603 
v -61.7028 16.9644 -46.8121 
v -61.9753 18.0779 -50.4773 
v -61.9753 18.4117 -50.4818 
v -61.9753 18.7783 -50.4507 
v -61.9847 18.7377 -48.3224 
v -61.9847 18.851 -48.5116 
v -61.9847 18.9643 -48.7008 
v -61.9847 21.1544 -48.4571 
v -61.9847 21.0315 -48.3028 
v -61.9753 20.4894 -49.937 
v -61.9753 19.8524 -49.6239 
v -61.2727 19.9719 -50.2524 
v -61.1188 18.7897 -47.9832 
v -61.7929 18.7897 -47.9832 
v -61.7927 18.7897 -47.4091 
v -60.9981 20.4877 -48.8451 
v -61.9753 21.0253 -50.52 
v -61.9753 20.8234 -50.3004 
v -61.9753 20.6728 -50.1365 
v -61.2 17.5959 -47.4406 
v -61.2 17.5959 -47.9517 
v -61.7111 17.5959 -47.9517 
v -61.9847 18.7351 -46.3116 
v -60.7898 20.761 -47.8806 
v -61.9847 18.5846 -46.1504 
v -61.1188 18.4497 -45.0932 
v -61.7929 18.4497 -45.0932 
v -61.7927 18.4497 -44.5191 
v -61.967 21.3495 -45.5294 
v -61.967 21.3912 -46.5846 
v -61.967 21.3999 -46.2493 
v -61.967 21.3906 -45.9008 
v -60.5487 20.9125 -46.8636 
v -61.7111 17.5959 -47.4406 
v -61.2083 16.9644 -47.4603 
v -61.7028 16.9644 -43.9221 
v -61.2 17.5959 -44.5506 
v -61.7111 17.5959 -45.0617 
v -61.7111 17.5959 -44.5506 
v -61.1178 18.7897 -47.4091 
v -61.2 17.5959 -45.0617 
v -61.1178 18.4497 -44.5191 
v -62.8015 16.9199 -46.5134 
v -62.9109 16.7385 -46.5134 
v -62.8015 16.7385 -46.5134 
v -62.6789 16.9199 -46.5134 
v -62.7883 16.7385 -46.5134 
v -62.6789 16.7385 -46.5134 
v -62.9109 16.9199 -46.5134 
v -62.7883 16.9199 -46.5134 
v -62.5559 16.9199 -46.5134 
v -62.6652 16.9199 -46.5134 
v -62.6652 16.7385 -46.5134 
v -62.4135 16.9644 -46.8121 
v -62.9081 16.9644 -46.8121 
v -62.9081 16.7024 -46.8121 
v -62.9164 17.5959 -47.4406 
v -62.9164 16.6839 -47.4406 
v -62.4052 16.6839 -47.4406 
v -62.5604 16.9135 -46.374 
v -62.6607 16.9135 -46.374 
v -62.6607 16.8791 -46.374 
v -62.6835 16.9135 -46.3448 
v -62.7838 16.8791 -46.3448 
v -62.6835 16.8791 -46.3448 
v -62.8061 16.9135 -46.3008 
v -62.9064 16.9135 -46.3008 
v -62.9064 16.8791 -46.3008 
v -62.7838 16.9135 -46.3448 
v -62.5604 16.8791 -46.374 
v -62.5559 16.7385 -46.5134 
v -62.4135 16.7024 -46.8121 
v -62.4297 16.9199 -46.5134 
v -62.5391 16.7385 -46.5134 
v -62.4297 16.7385 -46.5134 
v -62.5391 16.9199 -46.5134 
v -62.4343 16.9135 -46.4036 
v -62.5346 16.8791 -46.4036 
v -62.4343 16.8791 -46.4036 
v -62.5346 16.9135 -46.4036 
v -61.9847 17.6773 -48.7003 
v -62.1317 17.8465 -48.599 
v -62.1317 17.6773 -48.7003 
v -61.9847 17.8465 -48.599 
v -62.1317 18.0525 -48.4756 
v -62.1317 17.8465 -48.599 
v -62.4052 17.5959 -47.4406 
v -61.9847 17.7505 -46.6255 
v -62.1317 17.8947 -46.4909 
v -62.1317 17.7505 -46.6255 
v -62.8061 16.8791 -46.3008 
v -62.8015 16.9199 -43.6234 
v -62.9109 16.7385 -43.6234 
v -62.8015 16.7385 -43.6234 
v -62.4135 16.9644 -43.9221 
v -62.9081 16.9644 -43.9221 
v -62.9081 16.7024 -43.9221 
v -62.6789 16.9199 -43.6234 
v -62.7883 16.7385 -43.6234 
v -62.6789 16.7385 -43.6234 
v -62.9109 16.9199 -43.6234 
v -62.7883 16.9199 -43.6234 
v -62.8061 16.9135 -43.4108 
v -62.9064 16.8791 -43.4108 
v -62.8061 16.8791 -43.4108 
v -62.9164 17.5959 -44.5506 
v -62.9164 16.6839 -44.5506 
v -62.4052 16.6839 -44.5506 
v -62.6835 16.9135 -43.4548 
v -62.7838 16.8791 -43.4548 
v -62.6835 16.8791 -43.4548 
v -62.7838 16.9135 -43.4548 
v -62.9064 16.9135 -43.4108 
v -62.5559 16.9199 -43.6234 
v -62.6652 16.9199 -43.6234 
v -62.6652 16.7385 -43.6234 
v -62.5559 16.7385 -43.6234 
v -62.4135 16.7024 -43.9221 
v -62.4297 16.9199 -43.6234 
v -62.5391 16.7385 -43.6234 
v -62.4297 16.7385 -43.6234 
v -62.5604 16.9135 -43.484 
v -62.6607 16.8791 -43.484 
v -62.5604 16.8791 -43.484 
v -62.5391 16.9199 -43.6234 
v -62.4343 16.9135 -43.5136 
v -62.5346 16.8791 -43.5136 
v -62.4343 16.8791 -43.5136 
v -62.4052 17.5959 -44.5506 
v -62.3236 18.4497 -44.5191 
v -62.9986 17.5112 -44.5191 
v -62.3236 17.5112 -44.5191 
v -62.5346 16.9135 -43.5136 
v -62.6607 16.9135 -43.484 
v -62.3236 18.7897 -47.4091 
v -62.9986 17.5112 -47.4091 
v -62.3236 17.5112 -47.4091 
v -62.9986 18.7897 -47.4091 
v -60.9981 18.6016 -47.7922 
v -63.1183 19.222 -47.7922 
v -63.1183 18.6016 -47.7922 
v -60.7898 18.5044 -46.7633 
v -63.3265 19.2467 -46.7633 
v -63.3265 18.5044 -46.7633 
v -63.992 18.7668 -46.5029 
v -63.9008 18.8726 -46.347 
v -64.0786 18.8444 -46.5049 
v -63.9875 18.9502 -46.349 
v -62.1411 19.0396 -49.4555 
v -62.1411 18.8564 -49.6239 
v -61.9753 18.8564 -49.6239 
v -61.2727 18.7734 -48.7139 
v -62.8436 19.2795 -48.7139 
v -62.8436 18.7734 -48.7139 
v -61.2727 19.2795 -48.7139 
v -62.8436 19.9719 -48.7139 
v -62.8436 19.2795 -48.7139 
v -60.9981 19.222 -47.7922 
v -63.1183 20.4877 -47.7922 
v -63.1183 19.222 -47.7922 
v -60.7898 19.2467 -46.7633 
v -63.3265 20.761 -46.7633 
v -63.3265 19.2467 -46.7633 
v -62.1411 19.0396 -49.4555 
v -61.9753 19.2228 -49.2871 
v -62.1411 19.2228 -49.2871 
v -62.1411 19.2228 -49.2871 
v -61.9753 19.406 -49.1187 
v -62.1411 19.406 -49.1187 
v -61.9753 19.3027 -49.1187 
v -62.1411 19.4859 -49.2871 
v -62.1411 19.3027 -49.1187 
v -62.1411 19.3027 -49.1187 
v -62.1411 19.1102 -48.9418 
v -61.9753 19.3027 -49.1187 
v -62.1317 18.6244 -48.1331 
v -62.1317 18.0525 -48.4756 
v -61.9847 18.0525 -48.4756 
v -61.9847 17.8947 -46.4909 
v -62.1317 18.0703 -46.327 
v -62.1317 17.8947 -46.4909 
v -61.9753 19.406 -49.1187 
v -62.1411 19.5986 -48.9418 
v -62.1411 19.406 -49.1187 
v -62.1411 19.4859 -49.2871 
v -61.9753 19.6692 -49.4555 
v -62.1411 19.6692 -49.4555 
v -61.9753 19.6692 -49.4555 
v -62.1411 19.8524 -49.6239 
v -62.1411 19.6692 -49.4555 
v -62.1317 20.3988 -47.8649 
v -62.1317 20.2263 -48.0024 
v -61.9847 20.2263 -48.0024 
v -62.1317 20.5713 -47.7275 
v -62.1317 20.3988 -47.8649 
v -61.9847 20.3988 -47.8649 
v -61.967 21.3999 -46.2493 
v -62.1494 21.5536 -46.3607 
v -62.1494 21.3999 -46.2493 
v -63.9211 18.856 -46.1142 
v -64.0077 18.9337 -46.1162 
v -64.0758 18.8547 -46.2325 
v -63.9891 18.7771 -46.2305 
v -64.0094 18.7605 -45.9977 
v -63.9265 18.8566 -45.856 
v -64.096 18.8381 -45.9997 
v -64.0132 18.9342 -45.8581 
v -63.4634 19.3982 -44.8356 
v -64.1015 18.8387 -45.7416 
v -64.0149 18.7611 -45.7396 
v -63.55 19.4758 -44.8376 
v -63.375 19.4937 -44.9521 
v -63.3734 19.6669 -45.0706 
v -63.4617 19.5714 -44.9541 
v -63.2867 19.5892 -45.0686 
v -63.4617 19.5714 -44.9541 
v -63.4634 19.3982 -44.8356 
v -63.375 19.4937 -44.9521 
v -63.55 19.4758 -44.8376 
v -63.2867 19.5892 -45.0686 
v -63.2851 19.7624 -45.1871 
v -63.3734 19.6669 -45.0706 
v -63.1984 19.6848 -45.1851 
v -63.1923 19.8628 -45.3095 
v -63.2851 19.7624 -45.1871 
v -62.1317 18.4342 -45.9892 
v -62.1317 18.0703 -46.327 
v -61.9847 18.0703 -46.327 
v -63.1984 19.6848 -45.1851 
v -62.9986 18.4497 -44.5191 
v -60.5487 18.364 -44.3151 
v -63.5676 19.2023 -44.3151 
v -63.5676 18.364 -44.3151 
v -60.5487 19.2023 -44.3151 
v -63.5676 20.9125 -44.3151 
v -63.5676 19.2023 -44.3151 
v -61.967 21.3495 -45.5294 
v -62.1494 21.5529 -45.6769 
v -62.1494 21.3495 -45.5294 
v -61.967 21.3906 -45.9008 
v -62.1494 21.5623 -46.0254 
v -62.1494 21.3906 -45.9008 
v -63.1056 19.7852 -45.3074 
v -61.967 20.871 -44.8408 
v -62.1494 21.5119 -45.3055 
v -62.1494 20.871 -44.8408 
v -61.9847 20.3988 -47.8649 
v -61.5773 16.7385 -46.5134 
v -61.6866 16.9199 -46.5134 
v -61.6866 16.7385 -46.5134 
v -61.2083 16.7024 -46.8121 
v -61.7028 16.9644 -46.8121 
v -61.7028 16.7024 -46.8121 
v -61.4511 16.7385 -46.5134 
v -61.5605 16.9199 -46.5134 
v -61.5605 16.7385 -46.5134 
v -61.5818 16.8791 -46.4036 
v -61.6821 16.9135 -46.4036 
v -61.6821 16.8791 -46.4036 
v -61.5773 16.9199 -46.5134 
v -61.4556 16.8791 -46.374 
v -61.556 16.9135 -46.374 
v -61.556 16.8791 -46.374 
v -61.9847 17.8465 -48.599 
v -61.7111 17.5959 -47.4406 
v -61.7111 16.6839 -47.4406 
v -61.2 17.5959 -47.4406 
v -61.9847 17.8947 -46.4909 
v -61.5818 16.9135 -46.4036 
v -61.4556 16.9135 -46.374 
v -61.328 16.7385 -46.5134 
v -61.4374 16.9199 -46.5134 
v -61.4374 16.7385 -46.5134 
v -61.2054 16.7385 -46.5134 
v -61.3148 16.9199 -46.5134 
v -61.3148 16.7385 -46.5134 
v -61.4511 16.9199 -46.5134 
v -61.328 16.9199 -46.5134 
v -61.2054 16.9199 -46.5134 
v -61.2083 16.9644 -46.8121 
v -61.3326 16.8791 -46.3448 
v -61.4329 16.9135 -46.3448 
v -61.4329 16.8791 -46.3448 
v -61.2 16.6839 -47.4406 
v -61.3326 16.9135 -46.3448 
v -61.21 16.8791 -46.3008 
v -61.3103 16.9135 -46.3008 
v -61.3103 16.8791 -46.3008 
v -61.21 16.9135 -46.3008 
v -61.5773 16.7385 -43.6234 
v -61.6866 16.9199 -43.6234 
v -61.6866 16.7385 -43.6234 
v -61.2083 16.7024 -43.9221 
v -61.7028 16.9644 -43.9221 
v -61.7028 16.7024 -43.9221 
v -61.4511 16.7385 -43.6234 
v -61.5605 16.9199 -43.6234 
v -61.5605 16.7385 -43.6234 
v -61.5818 16.8791 -43.5136 
v -61.6821 16.9135 -43.5136 
v -61.6821 16.8791 -43.5136 
v -61.5773 16.9199 -43.6234 
v -61.4556 16.8791 -43.484 
v -61.556 16.9135 -43.484 
v -61.556 16.8791 -43.484 
v -61.1178 17.5112 -44.5191 
v -61.7927 18.4497 -44.5191 
v -61.7927 17.5112 -44.5191 
v -61.7111 17.5959 -44.5506 
v -61.7111 16.6839 -44.5506 
v -61.2 17.5959 -44.5506 
v -61.5818 16.9135 -43.5136 
v -61.4556 16.9135 -43.484 
v -61.4511 16.9199 -43.6234 
v -61.328 16.7385 -43.6234 
v -61.4374 16.9199 -43.6234 
v -61.4374 16.7385 -43.6234 
v -61.2083 16.9644 -43.9221 
v -61.2054 16.7385 -43.6234 
v -61.3148 16.9199 -43.6234 
v -61.3148 16.7385 -43.6234 
v -61.328 16.9199 -43.6234 
v -61.2054 16.9199 -43.6234 
v -61.3326 16.8791 -43.4548 
v -61.4329 16.9135 -43.4548 
v -61.4329 16.8791 -43.4548 
v -61.2 16.6839 -44.5506 
v -61.3326 16.9135 -43.4548 
v -61.21 16.8791 -43.4108 
v -61.3103 16.9135 -43.4108 
v -61.3103 16.8791 -43.4108 
v -61.21 16.9135 -43.4108 
v -61.1178 17.5112 -47.4091 
v -61.7927 18.7897 -47.4091 
v -61.7927 17.5112 -47.4091 
v -61.9753 19.0396 -49.4555 
v -61.9753 19.0396 -49.4555 
v -61.9847 18.0525 -48.4756 
v -61.9847 18.6244 -48.1331 
v -61.9847 18.0703 -46.327 
v -61.9753 19.1102 -48.9418 
v -61.9753 19.2228 -49.2871 
v -61.9753 19.4859 -49.2871 
v -61.9753 19.5986 -48.9418 
v -61.9847 20.5713 -47.7275 
v -61.9753 19.4859 -49.2871 
v -60.9981 19.222 -47.7922 
v -61.1178 18.7897 -47.4091 
v -60.7898 19.2467 -46.7633 
v -60.2156 18.8726 -46.347 
v -60.0377 18.8444 -46.5049 
v -60.1289 18.9502 -46.349 
v -60.1244 18.7668 -46.5029 
v -61.2727 19.2795 -48.7139 
v -61.9753 19.8524 -49.6239 
v -61.2727 19.9719 -48.7139 
v -60.9981 20.4877 -47.7922 
v -60.7898 20.761 -46.7633 
v -61.967 21.5536 -46.3607 
v -61.9847 18.4342 -45.9892 
v -60.9241 19.8628 -45.3095 
v -60.9179 19.6848 -45.1851 
v -60.8313 19.7624 -45.1871 
v -60.8296 19.5892 -45.0686 
v -60.8313 19.7624 -45.1871 
v -60.9179 19.6848 -45.1851 
v -60.5487 19.2023 -44.3151 
v -61.1178 18.4497 -44.5191 
v -61.0107 19.7852 -45.3074 
v -61.967 21.5529 -45.6769 
v -61.967 21.5623 -46.0254 
v -61.967 21.5119 -45.3055 
v -60.5487 20.9125 -44.3151 
v -60.743 19.6669 -45.0706 
v -60.0406 18.8547 -46.2325 
v -60.1953 18.856 -46.1142 
v -60.1272 18.7771 -46.2305 
v -60.1086 18.9337 -46.1162 
v -60.0203 18.8381 -45.9997 
v -60.1898 18.8566 -45.856 
v -60.107 18.7605 -45.9977 
v -60.0148 18.8387 -45.7416 
v -60.653 19.3982 -44.8356 
v -60.1015 18.7611 -45.7396 
v -60.1032 18.9342 -45.8581 
v -60.5663 19.4758 -44.8376 
v -60.7413 19.4937 -44.9521 
v -60.743 19.6669 -45.0706 
v -60.8296 19.5892 -45.0686 
v -60.6546 19.5714 -44.9541 
v -60.653 19.3982 -44.8356 
v -60.6546 19.5714 -44.9541 
v -60.7413 19.4937 -44.9521 
v -60.5663 19.4758 -44.8376 
v -62.9081 16.9644 -46.8121 
v -62.9081 16.7024 -47.4603 
v -62.9081 16.7024 -46.8121 
v -62.9109 16.9199 -46.5134 
v -62.9042 16.9199 -46.8266 
v -62.9042 16.7385 -46.8266 
v -62.7883 16.9199 -46.5134 
v -62.7816 16.9199 -46.8266 
v -62.7816 16.7385 -46.8266 
v -62.6652 16.9199 -46.5134 
v -62.6585 16.9199 -46.8266 
v -62.6585 16.7385 -46.8266 
v -62.9109 16.7385 -46.5134 
v -62.7883 16.7385 -46.5134 
v -62.6652 16.7385 -46.5134 
v -62.9081 16.9644 -47.4603 
v -63.1183 18.6016 -47.7922 
v -63.1183 19.222 -48.8451 
v -63.1183 18.6016 -48.8451 
v -62.9976 18.7897 -47.9832 
v -62.9976 17.5112 -47.9832 
v -62.9986 18.7897 -47.4091 
v -62.9164 17.5959 -47.9517 
v -62.9164 16.6839 -47.9517 
v -62.9164 16.6839 -47.4406 
v -62.9164 17.5959 -47.4406 
v -63.3265 18.5044 -46.7633 
v -63.3265 19.2467 -47.8806 
v -63.3265 18.5044 -47.8806 
v -62.9986 17.5112 -47.4091 
v -62.6607 16.9135 -46.374 
v -62.6607 16.9135 -46.5198 
v -62.6607 16.8791 -46.5198 
v -62.1411 17.6835 -50.52 
v -62.1411 17.8853 -50.3004 
v -62.1411 17.876 -50.697 
v -62.1411 18.0779 -50.4773 
v -62.1411 18.0779 -50.4773 
v -62.1411 18.036 -50.1365 
v -62.1411 18.2285 -50.3135 
v -62.1411 17.8853 -50.3004 
v -62.5391 16.9199 -46.5134 
v -62.5323 16.7385 -46.8266 
v -62.5391 16.7385 -46.5134 
v -62.5323 16.9199 -46.8266 
v -62.5346 16.9135 -46.4036 
v -62.5346 16.9135 -46.5198 
v -62.5346 16.8791 -46.5198 
v -62.1411 18.2193 -49.937 
v -62.1411 18.2285 -50.3135 
v -62.1411 18.036 -50.1365 
v -62.1411 18.2611 -50.6457 
v -62.1411 18.0779 -50.4773 
v -62.1411 18.2285 -50.3135 
v -62.1411 18.4117 -50.4818 
v -62.1411 18.4117 -50.4818 
v -62.1411 18.5951 -50.2823 
v -62.1411 18.5949 -50.6502 
v -62.1411 18.2285 -50.3135 
v -62.1411 18.5951 -50.2823 
v -62.1411 18.4117 -50.4818 
v -62.1411 18.4119 -50.1139 
v -62.1411 18.4119 -50.1139 
v -62.7838 16.9135 -46.3448 
v -62.7838 16.9135 -46.5198 
v -62.7838 16.8791 -46.5198 
v -62.9081 16.9644 -43.9221 
v -62.9081 16.7024 -44.5703 
v -62.9081 16.7024 -43.9221 
v -62.9081 16.9644 -44.5703 
v -62.9064 16.9135 -46.3008 
v -62.9064 16.8791 -46.5198 
v -62.9064 16.8791 -46.3008 
v -62.9109 16.9199 -43.6234 
v -62.9042 16.9199 -43.9366 
v -62.9042 16.7385 -43.9366 
v -62.9109 16.7385 -43.6234 
v -62.9064 16.9135 -43.4108 
v -62.9064 16.8791 -43.6298 
v -62.9064 16.8791 -43.4108 
v -62.9064 16.9135 -43.6298 
v -62.9064 16.9135 -46.5198 
v -63.5676 18.364 -44.3151 
v -63.5676 19.2023 -46.8636 
v -63.5676 18.364 -46.8636 
v -63.5676 19.2023 -44.3151 
v -62.9986 18.4497 -44.5191 
v -62.9976 18.4497 -45.0932 
v -62.9976 17.5112 -45.0932 
v -62.9164 17.5959 -45.0617 
v -62.9164 16.6839 -45.0617 
v -62.9164 16.6839 -44.5506 
v -62.9986 17.5112 -44.5191 
v -62.9164 17.5959 -44.5506 
v -62.7883 16.9199 -43.6234 
v -62.7816 16.7385 -43.9366 
v -62.7883 16.7385 -43.6234 
v -62.7816 16.9199 -43.9366 
v -62.7838 16.8791 -46.3448 
v -62.6652 16.9199 -43.6234 
v -62.6585 16.9199 -43.9366 
v -62.6585 16.7385 -43.9366 
v -62.5391 16.9199 -43.6234 
v -62.5324 16.9199 -43.9366 
v -62.5324 16.7385 -43.9366 
v -62.7838 16.9135 -43.4548 
v -62.7838 16.8791 -43.6298 
v -62.7838 16.8791 -43.4548 
v -62.6652 16.7385 -43.6234 
v -62.5391 16.7385 -43.6234 
v -62.6607 16.9135 -43.484 
v -62.6607 16.8791 -43.6298 
v -62.6607 16.8791 -43.484 
v -62.6607 16.8791 -46.374 
v -62.5346 16.9135 -43.5136 
v -62.5346 16.9135 -43.6298 
v -62.5346 16.8791 -43.6298 
v -62.5346 16.8791 -46.4036 
v -62.6607 16.9135 -43.6298 
v -62.7838 16.9135 -43.6298 
v -62.5346 16.8791 -43.5136 
v -64.096 18.8381 -45.9997 
v -63.9249 19.0298 -45.9745 
v -64.0077 18.9337 -46.1162 
v -63.3265 19.2467 -46.7633 
v -63.1183 19.222 -47.7922 
v -62.8436 18.7734 -48.7139 
v -62.8436 19.2795 -50.2524 
v -62.8436 18.7734 -50.2524 
v -64.0786 18.8444 -46.5049 
v -63.8947 19.0506 -46.4714 
v -63.9858 18.9448 -46.6273 
v -63.9194 19.0292 -46.2327 
v -64.0758 18.8547 -46.2325 
v -64.0077 18.9337 -46.1162 
v -63.9875 18.9502 -46.349 
v -63.9875 18.9502 -46.349 
v -63.9194 19.0292 -46.2327 
v -63.8266 19.1296 -46.355 
v -63.9875 18.9502 -46.349 
v -63.3265 19.2467 -46.7633 
v -63.3265 20.761 -47.8806 
v -63.3265 19.2467 -47.8806 
v -63.1183 19.222 -47.7922 
v -63.1183 20.4877 -48.8451 
v -63.1183 19.222 -48.8451 
v -63.1183 20.4877 -47.7922 
v -63.3265 20.761 -46.7633 
v -63.8947 19.0506 -46.4714 
v -63.8266 19.1296 -46.355 
v -63.9194 19.0292 -46.2327 
v -63.7438 19.2257 -46.2134 
v -62.8436 19.2795 -48.7139 
v -62.1411 19.9305 -50.4507 
v -62.1411 18.8564 -49.6239 
v -62.1411 19.0396 -49.4555 
v -62.1411 19.7472 -50.6191 
v -62.1411 19.0396 -49.4555 
v -62.1411 20.1137 -50.2823 
v -62.1411 19.9305 -50.4507 
v -62.8436 19.2795 -48.7139 
v -62.8436 19.9719 -50.2524 
v -62.8436 19.2795 -50.2524 
v -62.8436 19.9719 -48.7139 
v -62.1411 19.2228 -49.2871 
v -62.1411 20.2969 -50.1139 
v -62.1411 19.2228 -49.2871 
v -62.1411 19.406 -49.1187 
v -62.1411 20.1137 -50.2823 
v -62.1494 21.3999 -46.2493 
v -62.1494 21.3912 -46.5846 
v -62.1494 21.2376 -46.4732 
v -62.1494 21.5536 -46.3607 
v -62.1411 20.1137 -50.2823 
v -62.1411 20.1138 -50.6502 
v -62.1411 19.9305 -50.4507 
v -62.1494 21.2376 -46.4732 
v -62.1494 21.0658 -46.3487 
v -62.1494 21.3999 -46.2493 
v -62.1494 21.0658 -46.3487 
v -62.1494 20.8624 -46.2012 
v -62.1494 21.2282 -46.1248 
v -62.1494 21.2282 -46.1248 
v -63.8366 19.1253 -46.091 
v -64.0132 18.9342 -45.8581 
v -63.8366 19.1253 -46.091 
v -64.0077 18.9337 -46.1162 
v -63.9249 19.0298 -45.9745 
v -63.9194 19.0292 -46.2327 
v -63.9249 19.0298 -45.9745 
v -63.2851 19.7624 -45.1871 
v -63.8366 19.1253 -46.091 
v -64.1015 18.8387 -45.7416 
v -63.4617 19.5714 -44.9541 
v -64.0132 18.9342 -45.8581 
v -64.0132 18.9342 -45.8581 
v -63.3734 19.6669 -45.0706 
v -63.9249 19.0298 -45.9745 
v -63.55 19.4758 -44.8376 
v -63.4617 19.5714 -44.9541 
v -63.1923 19.8628 -45.3095 
v -63.7438 19.2257 -46.2134 
v -63.8366 19.1253 -46.091 
v -63.5676 19.2023 -44.3151 
v -63.5676 20.9125 -46.8636 
v -63.5676 19.2023 -46.8636 
v -63.2851 19.7624 -45.1871 
v -63.3734 19.6669 -45.0706 
v -63.5676 20.9125 -44.3151 
v -62.1494 21.5119 -45.3055 
v -62.1494 20.7087 -45.0647 
v -62.1494 20.871 -44.8408 
v -62.1494 21.1872 -45.7534 
v -62.1494 20.5463 -45.2886 
v -62.1494 20.7087 -45.0647 
v -62.1494 21.0248 -45.9773 
v -62.1494 20.2216 -45.7365 
v -62.1494 20.3839 -45.5125 
v -62.1494 20.8624 -46.2012 
v -62.1494 21.0248 -45.9773 
v -62.1494 21.0248 -45.9773 
v -62.1494 20.5463 -45.2886 
v -62.1494 21.1872 -45.7534 
v -62.1494 21.3495 -45.5294 
v -62.1494 20.3839 -45.5125 
v -62.1494 21.1872 -45.7534 
v -62.1494 21.2282 -46.1248 
v -62.1494 21.0248 -45.9773 
v -62.1494 21.3906 -45.9008 
v -62.1494 21.2282 -46.1248 
v -62.1494 21.3906 -45.9008 
v -62.1494 21.5623 -46.0254 
v -62.1494 21.3999 -46.2493 
v -62.1494 21.3906 -45.9008 
v -62.1494 21.1872 -45.7534 
v -62.1494 21.5529 -45.6769 
v -62.1494 21.3495 -45.5294 
v -62.1494 21.3495 -45.5294 
v -62.1411 18.7783 -50.4507 
v -62.1317 17.6773 -48.7003 
v -62.1317 17.8465 -48.599 
v -62.1317 17.7906 -48.8895 
v -62.1317 17.9598 -48.7882 
v -62.1317 17.8465 -48.599 
v -62.1317 18.0525 -48.4756 
v -62.1317 17.9598 -48.7882 
v -61.7927 17.5112 -47.4091 
v -61.7929 18.7897 -47.9832 
v -61.7929 17.5112 -47.9832 
v -62.1317 18.0452 -46.6521 
v -62.1317 17.7505 -46.6255 
v -62.1317 17.8947 -46.4909 
v -62.1317 17.9009 -46.7867 
v -62.1317 17.8947 -46.4909 
v -62.1317 18.0703 -46.327 
v -62.1317 18.0452 -46.6521 
v -62.1317 18.1658 -48.6648 
v -62.1317 17.9598 -48.7882 
v -62.1317 18.1658 -48.6648 
v -62.1317 18.0731 -48.9774 
v -62.1317 18.2792 -48.854 
v -62.1317 18.6244 -48.1331 
v -62.1317 18.1658 -48.6648 
v -62.1317 18.0525 -48.4756 
v -62.1317 18.0452 -46.6521 
v -62.1317 18.2207 -46.4882 
v -62.1317 18.1956 -46.8133 
v -62.1317 18.2207 -46.4882 
v -62.1317 18.3712 -46.6494 
v -61.7927 18.7897 -47.4091 
v -61.7028 16.7024 -47.4603 
v -61.7028 16.7024 -46.8121 
v -61.7028 16.9644 -47.4603 
v -61.6934 16.9199 -46.8266 
v -61.6934 16.7385 -46.8266 
v -61.6866 16.7385 -46.5134 
v -61.5672 16.9199 -46.8266 
v -61.5672 16.7385 -46.8266 
v -61.5605 16.7385 -46.5134 
v -61.4442 16.9199 -46.8266 
v -61.4442 16.7385 -46.8266 
v -61.4374 16.7385 -46.5134 
v -61.6866 16.9199 -46.5134 
v -61.5605 16.9199 -46.5134 
v -61.3216 16.9199 -46.8266 
v -61.3216 16.7385 -46.8266 
v -61.3148 16.7385 -46.5134 
v -61.4374 16.9199 -46.5134 
v -61.7111 17.5959 -47.4406 
v -61.7111 16.6839 -47.9517 
v -61.7111 16.6839 -47.4406 
v -61.7111 17.5959 -47.9517 
v -61.7028 16.9644 -46.8121 
v -61.3148 16.9199 -46.5134 
v -61.6821 16.8791 -46.5198 
v -61.6821 16.8791 -46.4036 
v -61.6821 16.9135 -46.5198 
v -61.556 16.8791 -46.5198 
v -61.556 16.8791 -46.374 
v -61.556 16.9135 -46.5198 
v -61.4329 16.8791 -46.5198 
v -61.4329 16.8791 -46.3448 
v -61.4329 16.9135 -46.5198 
v -61.7028 16.7024 -44.5703 
v -61.7028 16.7024 -43.9221 
v -61.7028 16.9644 -44.5703 
v -61.7028 16.9644 -43.9221 
v -61.6934 16.9199 -43.9366 
v -61.6934 16.7385 -43.9366 
v -61.6866 16.7385 -43.6234 
v -61.5672 16.9199 -43.9366 
v -61.5672 16.7385 -43.9366 
v -61.5605 16.7385 -43.6234 
v -61.6866 16.9199 -43.6234 
v -61.6821 16.8791 -43.6298 
v -61.6821 16.8791 -43.5136 
v -61.6821 16.9135 -43.6298 
v -61.5605 16.9199 -43.6234 
v -61.6821 16.9135 -46.4036 
v -62.1317 18.4342 -45.9892 
v -62.1317 18.2207 -46.4882 
v -62.1317 18.0703 -46.327 
v -61.7927 17.5112 -44.5191 
v -61.7929 18.4497 -45.0932 
v -61.7929 17.5112 -45.0932 
v -61.7111 17.5959 -45.0617 
v -61.7111 16.6839 -45.0617 
v -61.7111 17.5959 -44.5506 
v -61.7111 16.6839 -44.5506 
v -61.7927 18.4497 -44.5191 
v -61.6821 16.9135 -43.5136 
v -61.556 16.9135 -46.374 
v -61.4442 16.9199 -43.9366 
v -61.4442 16.7385 -43.9366 
v -61.4374 16.7385 -43.6234 
v -61.4374 16.9199 -43.6234 
v -61.3216 16.9199 -43.9366 
v -61.3216 16.7385 -43.9366 
v -61.3148 16.7385 -43.6234 
v -61.3148 16.9199 -43.6234 
v -61.556 16.8791 -43.6298 
v -61.556 16.8791 -43.484 
v -61.556 16.9135 -43.6298 
v -61.4329 16.8791 -43.6298 
v -61.4329 16.8791 -43.4548 
v -61.4329 16.9135 -43.6298 
v -61.3103 16.8791 -46.5198 
v -61.3103 16.8791 -46.3008 
v -61.3103 16.9135 -46.5198 
v -61.4329 16.9135 -46.3448 
v -61.3103 16.9135 -46.3008 
v -61.3103 16.8791 -43.6298 
v -61.3103 16.8791 -43.4108 
v -61.3103 16.9135 -43.6298 
v -61.556 16.9135 -43.484 
v -61.4329 16.9135 -43.4548 
v -61.3103 16.9135 -43.4108 
v -62.1317 18.5846 -46.1504 
v -62.1317 18.3712 -46.6494 
v -62.1317 18.2207 -46.4882 
v -62.1411 18.4119 -50.1139 
v -62.1411 19.4859 -49.2871 
v -62.1411 18.5951 -50.2823 
v -62.1411 18.5951 -50.2823 
v -62.1411 19.6692 -49.4555 
v -62.1411 18.7783 -50.4507 
v -62.1411 18.7783 -50.4507 
v -62.1411 19.8524 -49.6239 
v -62.1411 18.9615 -50.6191 
v -62.1411 18.2193 -49.937 
v -62.1411 19.3027 -49.1187 
v -62.1411 18.4119 -50.1139 
v -62.1411 19.1102 -48.9418 
v -62.1411 19.3027 -49.1187 
v -62.1411 19.4859 -49.2871 
v -62.1411 19.6692 -49.4555 
v -62.1411 20.297 -50.4818 
v -62.1411 20.1137 -50.2823 
v -62.1411 20.4803 -50.3135 
v -62.1411 20.297 -50.4818 
v -62.1411 20.4803 -50.3135 
v -62.1411 20.4477 -50.6457 
v -62.1411 20.297 -50.4818 
v -62.1411 20.2969 -50.1139 
v -62.1411 20.4894 -49.937 
v -62.1411 19.406 -49.1187 
v -62.1411 19.5986 -48.9418 
v -62.1411 20.2969 -50.1139 
v -62.1411 20.4894 -49.937 
v -62.1411 20.4803 -50.3135 
v -62.1411 20.2969 -50.1139 
v -62.1411 20.6309 -50.4773 
v -62.1411 20.6728 -50.1365 
v -62.1411 20.6728 -50.1365 
v -62.1411 20.6309 -50.4773 
v -62.1411 20.4803 -50.3135 
v -62.1317 18.851 -48.5116 
v -62.1317 18.3925 -49.0432 
v -62.1317 18.2792 -48.854 
v -62.1317 18.7377 -48.3224 
v -62.1317 18.2792 -48.854 
v -62.1317 18.1658 -48.6648 
v -62.1317 18.851 -48.5116 
v -62.1317 18.9643 -48.7008 
v -62.1317 20.7093 -48.2524 
v -62.1317 20.6865 -48.5777 
v -62.1317 20.5369 -48.3899 
v -62.1411 20.8234 -50.3004 
v -62.1411 20.8234 -50.3004 
v -62.1411 20.8327 -50.697 
v -62.1411 20.6309 -50.4773 
v -62.1411 21.0253 -50.52 
v -62.1317 20.859 -48.4402 
v -62.1317 21.1544 -48.4571 
v -62.1317 20.982 -48.5945 
v -62.1317 20.859 -48.4402 
v -62.1317 21.0315 -48.3028 
v -62.1317 18.7377 -48.3224 
v -62.1317 18.5846 -46.1504 
v -62.1317 18.7351 -46.3116 
v -60.3664 19.0477 -46.089 
v -61.0107 19.7852 -45.3074 
v -60.4592 19.148 -46.2114 
v -60.2781 18.9521 -45.9725 
v -60.9179 19.6848 -45.1851 
v -60.3664 19.0477 -46.089 
v -60.8296 19.5892 -45.0686 
v -60.8296 19.5892 -45.0686 
v -60.1898 18.8566 -45.856 
v -60.7413 19.4937 -44.9521 
v -60.7413 19.4937 -44.9521 
v -60.1015 18.7611 -45.7396 
v -60.653 19.3982 -44.8356 
v -60.9179 19.6848 -45.1851 
v -62.1317 20.3988 -47.8649 
v -62.1317 20.7093 -48.2524 
v -62.1317 20.5369 -48.3899 
v -62.1317 20.8818 -48.115 
v -62.1317 20.859 -48.4402 
v -62.1317 20.7093 -48.2524 
v -62.1317 21.0315 -48.3028 
v -62.1317 20.2263 -48.0024 
v -62.1317 20.7093 -48.2524 
v -62.1317 20.3988 -47.8649 
v -62.1317 20.5713 -47.7275 
v -62.1317 20.8818 -48.115 
v -60.2781 18.9521 -45.9725 
v -60.1244 18.7668 -46.5029 
v -60.3084 18.973 -46.4694 
v -60.2172 18.8672 -46.6253 
v -60.2156 18.8726 -46.347 
v -60.1272 18.7771 -46.2305 
v -60.2836 18.9515 -46.2306 
v -60.2156 18.8726 -46.347 
v -60.1953 18.856 -46.1142 
v -60.107 18.7605 -45.9977 
v -60.2781 18.9521 -45.9725 
v -60.1953 18.856 -46.1142 
v -60.1898 18.8566 -45.856 
v -60.1953 18.856 -46.1142 
v -60.3664 19.0477 -46.089 
v -60.2836 18.9515 -46.2306 
v -60.2836 18.9515 -46.2306 
v -60.4592 19.148 -46.2114 
v -60.3764 19.0519 -46.353 
v -60.2156 18.8726 -46.347 
v -60.3764 19.0519 -46.353 
v -60.3084 18.973 -46.4694 
v -60.2836 18.9515 -46.2306 
v -60.3664 19.0477 -46.089 
v -60.1898 18.8566 -45.856 
v -60.2781 18.9521 -45.9725 
v -62.9164 16.6839 -47.9517 
v -62.4052 16.6839 -47.4406 
v -62.9164 16.6839 -47.4406 
v -62.9081 16.7024 -47.4603 
v -62.4135 16.7024 -46.8121 
v -62.9081 16.7024 -46.8121 
v -62.8015 16.7385 -46.5134 
v -62.9042 16.7385 -46.8266 
v -62.7948 16.7385 -46.8266 
v -62.9109 16.7385 -46.5134 
v -62.7816 16.7385 -46.8266 
v -62.6789 16.7385 -46.5134 
v -62.7883 16.7385 -46.5134 
v -62.7838 16.8791 -46.3448 
v -62.7838 16.8791 -46.5198 
v -62.6835 16.8791 -46.5198 
v -62.9064 16.8791 -46.3008 
v -62.9064 16.8791 -46.5198 
v -62.8061 16.8791 -46.5198 
v -62.6835 16.8791 -46.3448 
v -62.6722 16.7385 -46.8266 
v -62.4135 16.7024 -47.4603 
v -62.4052 16.6839 -47.9517 
v -62.5559 16.7385 -46.5134 
v -62.6585 16.7385 -46.8266 
v -62.5491 16.7385 -46.8266 
v -62.6652 16.7385 -46.5134 
v -62.5323 16.7385 -46.8266 
v -62.4297 16.7385 -46.5134 
v -62.5391 16.7385 -46.5134 
v -62.423 16.7385 -46.8266 
v -62.5346 16.8791 -46.5198 
v -62.4343 16.8791 -46.4036 
v -62.5346 16.8791 -46.4036 
v -62.6607 16.8791 -46.374 
v -62.5604 16.8791 -46.5198 
v -62.5604 16.8791 -46.374 
v -62.4052 16.6839 -44.5506 
v -62.9164 16.6839 -45.0617 
v -62.4052 16.6839 -45.0617 
v -62.9164 16.6839 -44.5506 
v -62.9081 16.7024 -44.5703 
v -62.4135 16.7024 -43.9221 
v -62.9081 16.7024 -43.9221 
v -62.8015 16.7385 -43.6234 
v -62.9042 16.7385 -43.9366 
v -62.7948 16.7385 -43.9366 
v -62.9109 16.7385 -43.6234 
v -62.7816 16.7385 -43.9366 
v -62.6789 16.7385 -43.6234 
v -62.7883 16.7385 -43.6234 
v -62.6835 16.8791 -43.4548 
v -62.7838 16.8791 -43.6298 
v -62.6835 16.8791 -43.6298 
v -62.8061 16.8791 -43.4108 
v -62.9064 16.8791 -43.6298 
v -62.8061 16.8791 -43.6298 
v -62.9064 16.8791 -43.4108 
v -62.6722 16.7385 -43.9366 
v -62.4135 16.7024 -44.5703 
v -62.5559 16.7385 -43.6234 
v -62.6585 16.7385 -43.9366 
v -62.5491 16.7385 -43.9366 
v -62.6652 16.7385 -43.6234 
v -62.5324 16.7385 -43.9366 
v -62.4297 16.7385 -43.6234 
v -62.5391 16.7385 -43.6234 
v -62.423 16.7385 -43.9366 
v -62.5346 16.8791 -43.6298 
v -62.4343 16.8791 -43.5136 
v -62.5346 16.8791 -43.5136 
v -62.6607 16.8791 -43.6298 
v -62.5604 16.8791 -43.484 
v -62.6607 16.8791 -43.484 
v -62.8061 16.8791 -46.3008 
v -62.1411 17.6835 -50.52 
v -61.9753 17.8853 -50.3004 
v -62.1411 17.8853 -50.3004 
v -61.9753 17.8853 -50.3004 
v -62.1411 18.036 -50.1365 
v -62.1411 17.8853 -50.3004 
v -61.9753 18.036 -50.1365 
v -62.1411 18.2193 -49.937 
v -62.1411 18.036 -50.1365 
v -62.1411 19.1102 -48.9418 
v -62.1411 18.2193 -49.937 
v -61.9753 18.2193 -49.937 
v -63.1183 18.6016 -48.8451 
v -60.9981 18.6016 -48.8451 
v -63.1183 18.6016 -47.7922 
v -62.1411 20.1138 -50.6502 
v -61.9753 19.9305 -50.4507 
v -62.1411 19.9305 -50.4507 
v -62.1411 19.7472 -50.6191 
v -61.9753 18.8564 -49.6239 
v -62.1411 18.8564 -49.6239 
v -62.8436 18.7734 -48.7139 
v -62.8436 18.7734 -50.2524 
v -61.2727 18.7734 -50.2524 
v -62.1411 20.4477 -50.6457 
v -61.9753 20.297 -50.4818 
v -62.1411 20.297 -50.4818 
v -62.1317 18.3925 -49.0432 
v -61.9847 18.2792 -48.854 
v -62.1317 18.2792 -48.854 
v -62.1317 18.0731 -48.9774 
v -61.9847 17.9598 -48.7882 
v -62.1317 17.9598 -48.7882 
v -62.1317 17.7906 -48.8895 
v -61.9847 17.6773 -48.7003 
v -62.1317 17.6773 -48.7003 
v -62.1317 20.5369 -48.3899 
v -61.9847 20.2263 -48.0024 
v -62.1317 20.2263 -48.0024 
v -62.1411 20.8327 -50.697 
v -61.9753 20.6309 -50.4773 
v -62.1411 20.6309 -50.4773 
v -61.9847 20.982 -48.5945 
v -62.1317 20.859 -48.4402 
v -62.1317 20.982 -48.5945 
v -62.1317 20.6865 -48.5777 
v -61.9847 20.5369 -48.3899 
v -62.1317 20.5369 -48.3899 
v -62.3236 17.5112 -47.4091 
v -62.9976 17.5112 -47.9832 
v -62.3234 17.5112 -47.9832 
v -62.9976 17.5112 -45.0932 
v -62.3236 17.5112 -44.5191 
v -62.9986 17.5112 -44.5191 
v -62.6607 16.8791 -46.5198 
v -62.5604 16.8791 -43.6298 
v -62.7838 16.8791 -43.4548 
v -62.9986 17.5112 -47.4091 
v -63.3265 18.5044 -47.8806 
v -60.7898 18.5044 -47.8806 
v -63.3265 18.5044 -46.7633 
v -63.5676 18.364 -44.3151 
v -63.5676 18.364 -46.8636 
v -60.5487 18.364 -46.8636 
v -62.3234 17.5112 -45.0932 
v -62.4343 16.8791 -43.6298 
v -62.1317 18.1956 -46.8133 
v -61.9847 18.0452 -46.6521 
v -62.1317 18.0452 -46.6521 
v -62.1317 17.9009 -46.7867 
v -61.9847 17.7505 -46.6255 
v -62.1317 17.7505 -46.6255 
v -62.4343 16.8791 -46.5198 
v -62.1494 20.2216 -45.7365 
v -61.967 20.3839 -45.5125 
v -62.1494 20.3839 -45.5125 
v -62.1494 20.3839 -45.5125 
v -61.967 20.5463 -45.2886 
v -62.1494 20.5463 -45.2886 
v -62.1494 20.5463 -45.2886 
v -61.967 20.7087 -45.0647 
v -62.1494 20.7087 -45.0647 
v -62.1494 20.7087 -45.0647 
v -61.967 20.871 -44.8408 
v -62.1494 20.871 -44.8408 
v -61.9847 20.5369 -48.3899 
v -61.7111 16.6839 -47.4406 
v -61.7111 16.6839 -47.9517 
v -61.2 16.6839 -47.4406 
v -61.7028 16.7024 -46.8121 
v -61.7028 16.7024 -47.4603 
v -61.2083 16.7024 -46.8121 
v -61.584 16.7385 -46.8266 
v -61.6866 16.7385 -46.5134 
v -61.6934 16.7385 -46.8266 
v -61.5773 16.7385 -46.5134 
v -61.4579 16.7385 -46.8266 
v -61.5605 16.7385 -46.5134 
v -61.5672 16.7385 -46.8266 
v -61.4511 16.7385 -46.5134 
v -61.6821 16.8791 -46.4036 
v -61.6821 16.8791 -46.5198 
v -61.5818 16.8791 -46.4036 
v -61.556 16.8791 -46.374 
v -61.556 16.8791 -46.5198 
v -61.4556 16.8791 -46.374 
v -61.3348 16.7385 -46.8266 
v -61.4374 16.7385 -46.5134 
v -61.4442 16.7385 -46.8266 
v -61.2 16.6839 -47.9517 
v -61.2083 16.7024 -47.4603 
v -61.328 16.7385 -46.5134 
v -61.2122 16.7385 -46.8266 
v -61.3148 16.7385 -46.5134 
v -61.3216 16.7385 -46.8266 
v -61.2054 16.7385 -46.5134 
v -61.3326 16.8791 -46.5198 
v -61.3326 16.8791 -46.3448 
v -61.4329 16.8791 -46.5198 
v -61.3103 16.8791 -46.3008 
v -61.3103 16.8791 -46.5198 
v -61.21 16.8791 -46.3008 
v -61.7111 16.6839 -45.0617 
v -61.2 16.6839 -45.0617 
v -61.2 16.6839 -44.5506 
v -61.7111 16.6839 -44.5506 
v -61.7028 16.7024 -43.9221 
v -61.7028 16.7024 -44.5703 
v -61.2083 16.7024 -43.9221 
v -61.584 16.7385 -43.9366 
v -61.6866 16.7385 -43.6234 
v -61.6934 16.7385 -43.9366 
v -61.5773 16.7385 -43.6234 
v -61.4579 16.7385 -43.9366 
v -61.5605 16.7385 -43.6234 
v -61.5672 16.7385 -43.9366 
v -61.4511 16.7385 -43.6234 
v -61.556 16.8791 -43.6298 
v -61.4556 16.8791 -43.6298 
v -61.4556 16.8791 -43.484 
v -61.6821 16.8791 -43.5136 
v -61.6821 16.8791 -43.6298 
v -61.5818 16.8791 -43.5136 
v -61.3348 16.7385 -43.9366 
v -61.4374 16.7385 -43.6234 
v -61.4442 16.7385 -43.9366 
v -61.2083 16.7024 -44.5703 
v -61.2122 16.7385 -43.9366 
v -61.3148 16.7385 -43.6234 
v -61.3216 16.7385 -43.9366 
v -61.328 16.7385 -43.6234 
v -61.2054 16.7385 -43.6234 
v -61.3326 16.8791 -43.6298 
v -61.3326 16.8791 -43.4548 
v -61.4329 16.8791 -43.6298 
v -61.4329 16.8791 -43.4548 
v -61.3103 16.8791 -43.4108 
v -61.3103 16.8791 -43.6298 
v -61.21 16.8791 -43.4108 
v -61.4329 16.8791 -46.3448 
v -61.9753 17.6835 -50.52 
v -61.9753 18.036 -50.1365 
v -61.9847 18.0731 -48.9774 
v -61.9847 17.7906 -48.8895 
v -61.9847 18.3925 -49.0432 
v -61.9753 19.7472 -50.6191 
v -61.9847 20.6865 -48.5777 
v -61.9847 20.859 -48.4402 
v -61.9753 18.2193 -49.937 
v -61.2727 18.7734 -48.7139 
v -60.9981 18.6016 -47.7922 
v -61.1188 17.5112 -47.9832 
v -61.7927 17.5112 -47.4091 
v -61.7929 17.5112 -47.9832 
v -61.9753 19.1102 -48.9418 
v -61.9753 20.8327 -50.697 
v -61.9753 20.4477 -50.6457 
v -61.9753 20.1138 -50.6502 
v -61.1178 17.5112 -47.4091 
v -61.9847 18.1956 -46.8133 
v -60.7898 18.5044 -46.7633 
v -61.9847 17.9009 -46.7867 
v -61.5818 16.8791 -46.5198 
v -61.967 20.2216 -45.7365 
v -61.967 20.3839 -45.5125 
v -61.967 20.5463 -45.2886 
v -61.967 20.7087 -45.0647 
v -61.5818 16.8791 -43.6298 
v -61.4556 16.8791 -46.5198 
v -61.21 16.8791 -46.5198 
v -61.556 16.8791 -43.484 
v -61.21 16.8791 -43.6298 
v -60.5487 18.364 -44.3151 
v -61.1188 17.5112 -45.0932 
v -61.7927 17.5112 -44.5191 
v -61.7929 17.5112 -45.0932 
v -61.1178 17.5112 -44.5191 
v -62.9042 16.7385 -46.8266 
v -62.7948 16.9199 -46.8266 
v -62.7948 16.7385 -46.8266 
v -62.4135 16.9644 -47.4603 
v -62.9081 16.7024 -47.4603 
v -62.9081 16.9644 -47.4603 
v -62.7816 16.7385 -46.8266 
v -62.6722 16.9199 -46.8266 
v -62.6722 16.7385 -46.8266 
v -62.9042 16.9199 -46.8266 
v -62.7816 16.9199 -46.8266 
v -62.9064 16.8791 -46.5198 
v -62.8061 16.9135 -46.5198 
v -62.8061 16.8791 -46.5198 
v -62.9976 18.7897 -47.9832 
v -62.3234 17.5112 -47.9832 
v -62.9976 17.5112 -47.9832 
v -62.9164 16.6839 -47.9517 
v -62.9164 17.5959 -47.9517 
v -62.4052 17.5959 -47.9517 
v -62.9064 16.9135 -46.5198 
v -62.6835 16.9135 -46.5198 
v -62.7838 16.8791 -46.5198 
v -62.7838 16.9135 -46.5198 
v -62.5604 16.9135 -46.5198 
v -62.6607 16.8791 -46.5198 
v -62.6607 16.9135 -46.5198 
v -62.5491 16.9199 -46.8266 
v -62.6585 16.7385 -46.8266 
v -62.6585 16.9199 -46.8266 
v -62.5491 16.7385 -46.8266 
v -62.4135 16.7024 -47.4603 
v -62.5323 16.7385 -46.8266 
v -62.423 16.9199 -46.8266 
v -62.423 16.7385 -46.8266 
v -62.5604 16.8791 -46.5198 
v -62.5323 16.9199 -46.8266 
v -62.5346 16.8791 -46.5198 
v -62.4343 16.9135 -46.5198 
v -62.4343 16.8791 -46.5198 
v -62.1411 17.876 -50.697 
v -61.9753 17.6835 -50.52 
v -62.1411 17.6835 -50.52 
v -62.1317 17.9598 -48.7882 
v -61.9847 17.7906 -48.8895 
v -62.1317 17.7906 -48.8895 
v -62.4052 16.6839 -47.9517 
v -62.5346 16.9135 -46.5198 
v -62.6835 16.8791 -46.5198 
v -62.9042 16.7385 -43.9366 
v -62.7948 16.9199 -43.9366 
v -62.7948 16.7385 -43.9366 
v -62.4135 16.9644 -44.5703 
v -62.9081 16.7024 -44.5703 
v -62.9081 16.9644 -44.5703 
v -62.9042 16.9199 -43.9366 
v -62.9064 16.8791 -43.6298 
v -62.8061 16.9135 -43.6298 
v -62.8061 16.8791 -43.6298 
v -62.6722 16.9199 -43.9366 
v -62.7816 16.7385 -43.9366 
v -62.7816 16.9199 -43.9366 
v -62.7838 16.8791 -43.6298 
v -62.6835 16.9135 -43.6298 
v -62.6835 16.8791 -43.6298 
v -62.9976 18.4497 -45.0932 
v -62.3234 17.5112 -45.0932 
v -62.9976 17.5112 -45.0932 
v -62.9164 16.6839 -45.0617 
v -62.9164 17.5959 -45.0617 
v -62.4052 17.5959 -45.0617 
v -62.9064 16.9135 -43.6298 
v -62.7838 16.9135 -43.6298 
v -62.6722 16.7385 -43.9366 
v -62.6585 16.7385 -43.9366 
v -62.5491 16.9199 -43.9366 
v -62.5491 16.7385 -43.9366 
v -62.4135 16.7024 -44.5703 
v -62.5324 16.7385 -43.9366 
v -62.423 16.9199 -43.9366 
v -62.423 16.7385 -43.9366 
v -62.6585 16.9199 -43.9366 
v -62.5324 16.9199 -43.9366 
v -62.6607 16.8791 -43.6298 
v -62.5604 16.9135 -43.6298 
v -62.5604 16.8791 -43.6298 
v -62.4052 16.6839 -45.0617 
v -62.5346 16.8791 -43.6298 
v -62.4343 16.9135 -43.6298 
v -62.4343 16.8791 -43.6298 
v -62.6607 16.9135 -43.6298 
v -62.5346 16.9135 -43.6298 
v -62.1317 18.0452 -46.6521 
v -61.9847 17.9009 -46.7867 
v -62.1317 17.9009 -46.7867 
v -60.9981 19.222 -48.8451 
v -63.1183 18.6016 -48.8451 
v -63.1183 19.222 -48.8451 
v -62.1411 18.2611 -50.6457 
v -61.9753 18.0779 -50.4773 
v -62.1411 18.0779 -50.4773 
v -62.3234 18.7897 -47.9832 
v -60.5487 19.2023 -46.8636 
v -63.5676 18.364 -46.8636 
v -63.5676 19.2023 -46.8636 
v -60.7898 19.2467 -47.8806 
v -63.3265 18.5044 -47.8806 
v -63.3265 19.2467 -47.8806 
v -61.2727 19.2795 -50.2524 
v -62.8436 18.7734 -50.2524 
v -62.8436 19.2795 -50.2524 
v -60.9981 20.4877 -48.8451 
v -63.1183 19.222 -48.8451 
v -63.1183 20.4877 -48.8451 
v -61.2727 19.9719 -50.2524 
v -62.8436 19.2795 -50.2524 
v -62.8436 19.9719 -50.2524 
v -60.7898 20.761 -47.8806 
v -63.3265 19.2467 -47.8806 
v -63.3265 20.761 -47.8806 
v -60.5487 20.9125 -46.8636 
v -63.5676 19.2023 -46.8636 
v -63.5676 20.9125 -46.8636 
v -62.1411 19.9305 -50.4507 
v -61.9753 19.7472 -50.6191 
v -62.1411 19.7472 -50.6191 
v -62.1411 18.5949 -50.6502 
v -61.9753 18.4117 -50.4818 
v -62.1411 18.4117 -50.4818 
v -62.1411 18.9615 -50.6191 
v -61.9753 18.7783 -50.4507 
v -62.1411 18.7783 -50.4507 
v -62.1317 18.2792 -48.854 
v -61.9847 18.0731 -48.9774 
v -62.1317 18.0731 -48.9774 
v -62.1317 18.9643 -48.7008 
v -61.9847 18.3925 -49.0432 
v -62.1317 18.3925 -49.0432 
v -62.1317 18.3712 -46.6494 
v -61.9847 18.1956 -46.8133 
v -62.1317 18.1956 -46.8133 
v -62.1411 20.297 -50.4818 
v -61.9753 20.1138 -50.6502 
v -62.1411 20.1138 -50.6502 
v -62.1411 20.6309 -50.4773 
v -61.9753 20.4477 -50.6457 
v -62.1411 20.4477 -50.6457 
v -62.1411 21.0253 -50.52 
v -61.9753 20.8327 -50.697 
v -62.1411 20.8327 -50.697 
v -62.1317 21.1544 -48.4571 
v -61.9847 20.982 -48.5945 
v -62.1317 20.982 -48.5945 
v -62.1317 20.859 -48.4402 
v -61.9847 20.6865 -48.5777 
v -62.1317 20.6865 -48.5777 
v -63.992 18.7668 -46.5029 
v -63.9858 18.9448 -46.6273 
v -63.8992 18.8672 -46.6253 
v -64.0786 18.8444 -46.5049 
v -64.0094 18.7605 -45.9977 
v -64.0077 18.9337 -46.1162 
v -63.9211 18.856 -46.1142 
v -64.096 18.8381 -45.9997 
v -64.0132 18.9342 -45.8581 
v -64.0149 18.7611 -45.7396 
v -64.1015 18.8387 -45.7416 
v -63.9265 18.8566 -45.856 
v -63.9875 18.9502 -46.349 
v -63.9891 18.7771 -46.2305 
v -64.0758 18.8547 -46.2325 
v -63.9858 18.9448 -46.6273 
v -63.808 18.973 -46.4694 
v -63.8992 18.8672 -46.6253 
v -63.8947 19.0506 -46.4714 
v -63.74 19.0519 -46.353 
v -63.8947 19.0506 -46.4714 
v -63.8266 19.1296 -46.355 
v -63.9008 18.8726 -46.347 
v -63.808 18.973 -46.4694 
v -63.8266 19.1296 -46.355 
v -63.6571 19.148 -46.2114 
v -63.74 19.0519 -46.353 
v -62.1317 18.7351 -46.3116 
v -61.9847 18.3712 -46.6494 
v -62.1317 18.3712 -46.6494 
v -63.7438 19.2257 -46.2134 
v -63.7438 19.2257 -46.2134 
v -63.1056 19.7852 -45.3074 
v -63.6571 19.148 -46.2114 
v -62.3234 18.4497 -45.0932 
v -63.1923 19.8628 -45.3095 
v -62.1494 21.2376 -46.4732 
v -61.967 21.0658 -46.3487 
v -62.1494 21.0658 -46.3487 
v -62.1494 21.3912 -46.5846 
v -61.967 21.2376 -46.4732 
v -62.1494 21.2376 -46.4732 
v -62.1494 21.0658 -46.3487 
v -61.967 20.8624 -46.2012 
v -62.1494 20.8624 -46.2012 
v -62.1494 20.8624 -46.2012 
v -61.967 20.2216 -45.7365 
v -62.1494 20.2216 -45.7365 
v -61.9847 20.859 -48.4402 
v -61.6934 16.9199 -46.8266 
v -61.584 16.7385 -46.8266 
v -61.6934 16.7385 -46.8266 
v -61.7028 16.9644 -47.4603 
v -61.2083 16.7024 -47.4603 
v -61.7028 16.7024 -47.4603 
v -61.5672 16.9199 -46.8266 
v -61.4579 16.7385 -46.8266 
v -61.5672 16.7385 -46.8266 
v -61.584 16.9199 -46.8266 
v -61.4579 16.9199 -46.8266 
v -61.6821 16.9135 -46.5198 
v -61.5818 16.8791 -46.5198 
v -61.6821 16.8791 -46.5198 
v -61.9847 17.9598 -48.7882 
v -61.9753 17.876 -50.697 
v -61.7111 17.5959 -47.9517 
v -61.2 16.6839 -47.9517 
v -61.7111 16.6839 -47.9517 
v -61.556 16.9135 -46.5198 
v -61.4556 16.8791 -46.5198 
v -61.556 16.8791 -46.5198 
v -61.4556 16.9135 -46.5198 
v -61.4442 16.9199 -46.8266 
v -61.3348 16.7385 -46.8266 
v -61.4442 16.7385 -46.8266 
v -61.2083 16.9644 -47.4603 
v -61.3216 16.9199 -46.8266 
v -61.2122 16.7385 -46.8266 
v -61.3216 16.7385 -46.8266 
v -61.3348 16.9199 -46.8266 
v -61.2122 16.9199 -46.8266 
v -61.4329 16.9135 -46.5198 
v -61.3326 16.8791 -46.5198 
v -61.4329 16.8791 -46.5198 
v -61.2 17.5959 -47.9517 
v -61.3103 16.9135 -46.5198 
v -61.21 16.8791 -46.5198 
v -61.3103 16.8791 -46.5198 
v -61.3326 16.9135 -46.5198 
v -61.21 16.9135 -46.5198 
v -61.5818 16.9135 -46.5198 
v -61.6934 16.9199 -43.9366 
v -61.584 16.7385 -43.9366 
v -61.6934 16.7385 -43.9366 
v -61.7028 16.9644 -44.5703 
v -61.2083 16.7024 -44.5703 
v -61.7028 16.7024 -44.5703 
v -61.584 16.9199 -43.9366 
v -61.5672 16.9199 -43.9366 
v -61.4579 16.7385 -43.9366 
v -61.5672 16.7385 -43.9366 
v -61.4579 16.9199 -43.9366 
v -61.6821 16.9135 -43.6298 
v -61.5818 16.8791 -43.6298 
v -61.6821 16.8791 -43.6298 
v -61.7111 17.5959 -45.0617 
v -61.2 16.6839 -45.0617 
v -61.7111 16.6839 -45.0617 
v -61.556 16.9135 -43.6298 
v -61.4556 16.8791 -43.6298 
v -61.556 16.8791 -43.6298 
v -61.5818 16.9135 -43.6298 
v -61.4556 16.9135 -43.6298 
v -61.4442 16.9199 -43.9366 
v -61.3348 16.7385 -43.9366 
v -61.4442 16.7385 -43.9366 
v -61.2083 16.9644 -44.5703 
v -61.3216 16.9199 -43.9366 
v -61.2122 16.7385 -43.9366 
v -61.3216 16.7385 -43.9366 
v -61.3348 16.9199 -43.9366 
v -61.4329 16.9135 -43.6298 
v -61.3326 16.8791 -43.6298 
v -61.4329 16.8791 -43.6298 
v -61.2122 16.9199 -43.9366 
v -61.3103 16.9135 -43.6298 
v -61.21 16.8791 -43.6298 
v -61.3103 16.8791 -43.6298 
v -61.2 17.5959 -45.0617 
v -61.7929 17.5112 -45.0932 
v -61.1188 18.4497 -45.0932 
v -61.1188 17.5112 -45.0932 
v -61.3326 16.9135 -43.6298 
v -61.21 16.9135 -43.6298 
v -61.7929 17.5112 -47.9832 
v -61.1188 18.7897 -47.9832 
v -61.1188 17.5112 -47.9832 
v -61.9753 18.2611 -50.6457 
v -61.9753 18.5949 -50.6502 
v -61.9847 18.2792 -48.854 
v -61.9847 18.0452 -46.6521 
v -61.9847 18.3712 -46.6494 
v -61.9847 18.9643 -48.7008 
v -61.9753 18.9615 -50.6191 
v -61.9753 20.297 -50.4818 
v -61.9753 19.9305 -50.4507 
v -61.9847 21.1544 -48.4571 
v -61.9753 20.6309 -50.4773 
v -61.2727 18.7734 -50.2524 
v -60.9981 18.6016 -48.8451 
v -61.7929 18.7897 -47.9832 
v -60.7898 18.5044 -47.8806 
v -60.5487 18.364 -46.8636 
v -61.2727 19.2795 -50.2524 
v -61.9753 21.0253 -50.52 
v -60.9981 19.222 -48.8451 
v -60.7898 19.2467 -47.8806 
v -60.5487 19.2023 -46.8636 
v -60.1244 18.7668 -46.5029 
v -60.2172 18.8672 -46.6253 
v -60.1305 18.9448 -46.6273 
v -61.9847 18.7351 -46.3116 
v -60.4592 19.148 -46.2114 
v -60.2897 19.1296 -46.355 
v -60.3764 19.0519 -46.353 
v -60.3726 19.2257 -46.2134 
v -61.7929 18.4497 -45.0932 
v -60.4592 19.148 -46.2114 
v -61.0107 19.7852 -45.3074 
v -60.3726 19.2257 -46.2134 
v -60.9241 19.8628 -45.3095 
v -61.967 21.2376 -46.4732 
v -61.967 21.3912 -46.5846 
v -61.967 21.0658 -46.3487 
v -61.967 20.8624 -46.2012 
v -60.3764 19.0519 -46.353 
v -60.2217 19.0506 -46.4714 
v -60.3084 18.973 -46.4694 
v -60.1086 18.9337 -46.1162 
v -60.107 18.7605 -45.9977 
v -60.1953 18.856 -46.1142 
v -60.0377 18.8444 -46.5049 
v -60.0203 18.8381 -45.9997 
v -60.1032 18.9342 -45.8581 
v -60.1015 18.7611 -45.7396 
v -60.1898 18.8566 -45.856 
v -60.0148 18.8387 -45.7416 
v -60.1272 18.7771 -46.2305 
v -60.1289 18.9502 -46.349 
v -60.0406 18.8547 -46.2325 
v -60.1305 18.9448 -46.6273 
v -60.3084 18.973 -46.4694 
v -60.2217 19.0506 -46.4714 
v -60.2172 18.8672 -46.6253 
v -60.2897 19.1296 -46.355 
v -60.2156 18.8726 -46.347 

vn 0.582677 0.574803 -0.574803 
vn 0.566929 -0.582677 0.582677 
vn 0.582677 -0.574803 -0.574803 
vn 0.582677 0.574803 -0.574803 
vn 0.566929 -0.582677 0.582677 
vn 0.582677 -0.574803 -0.574803 
vn 0.574803 0.574803 -0.574803 
vn 0.574803 -0.574803 0.574803 
vn 0.574803 -0.574803 -0.574803 
vn 0.582677 0.574803 -0.574803 
vn 0.566929 -0.582677 0.582677 
vn 0.582677 -0.574803 -0.574803 
vn 0.566929 0.582677 0.582677 
vn 0.566929 0.582677 0.582677 
vn 0.582677 0.574803 -0.574803 
vn 0.566929 -0.582677 0.582677 
vn 0.582677 -0.574803 -0.574803 
vn 0.566929 0.582677 0.582677 
vn 0.574803 -0.574803 -0.574803 
vn 0.574803 0.574803 -0.574803 
vn 0.574803 0.574803 0.574803 
vn 0.574803 0.574803 -0.574803 
vn 0.574803 -0.574803 0.574803 
vn 0.574803 -0.574803 -0.574803 
vn 1 0 0 
vn 1 0 0 
vn 1 0 0 
vn 0.574803 -0.574803 0.574803 
vn 0.566929 0.582677 0.582677 
vn 0.574803 0.574803 0.574803 
vn 1 0 0 
vn 1 0 0 
vn 1 0 0 
vn 1 0 0 
vn 1 0 0 
vn 1 0 0 
vn 1 0 0 
vn 1 0 0 
vn 1 0 0 
vn 1 0 0 
vn 1 0 0 
vn 1 0 0 
vn 1 0 0 
vn 1 0 0 
vn 1 0 0 
vn 1 0 0 
vn 1 0 0 
vn 1 0 0 
vn 1 0 0 
vn 1 0 0 
vn 1 0 0 
vn 1 0 0 
vn 1 0 0 
vn 1 0 0 
vn 1 0 0 
vn 1 0 0 
vn 1 0 0 
vn 1 0 0 
vn 1 0 0 
vn 1 0 0 
vn 1 0 0 
vn 0.574803 0.574803 -0.574803 
vn 0.574803 -0.574803 0.574803 
vn 0.574803 -0.574803 -0.574803 
vn 0.574803 0.574803 -0.574803 
vn 0.574803 -0.574803 0.574803 
vn 0.574803 -0.574803 -0.574803 
vn 0.582677 0.574803 -0.574803 
vn 0.566929 -0.582677 0.582677 
vn 0.582677 -0.574803 -0.574803 
vn 0.582677 0.574803 -0.574803 
vn 0.566929 -0.582677 0.582677 
vn 0.582677 -0.574803 -0.574803 
vn 0.566929 0.582677 0.582677 
vn 0.574803 0.574803 -0.574803 
vn 0.574803 -0.574803 0.574803 
vn 0.574803 -0.574803 -0.574803 
vn 0.574803 0.574803 -0.574803 
vn 0.574803 -0.574803 0.574803 
vn 0.574803 -0.574803 -0.574803 
vn 0.566929 0.582677 0.582677 
vn 0.574803 0.574803 -0.574803 
vn 0.574803 -0.574803 0.574803 
vn 0.574803 -0.574803 -0.574803 
vn 0.574803 0.574803 0.574803 
vn 0.574803 0.574803 0.574803 
vn 0.574803 0.574803 -0.574803 
vn 0.574803 -0.574803 0.574803 
vn 0.574803 -0.574803 -0.574803 
vn 0.574803 0.574803 0.574803 
vn 0.574803 0.574803 0.574803 
vn 0.574803 0.574803 0.574803 
vn 0.574803 0.574803 -0.574803 
vn 0.574803 -0.574803 0.574803 
vn 0.574803 -0.574803 -0.574803 
vn 0.582677 0.574803 -0.574803 
vn 0.566929 -0.582677 0.582677 
vn 0.582677 -0.574803 -0.574803 
vn 0.574803 0.574803 -0.574803 
vn 0.574803 -0.574803 0.574803 
vn 0.574803 -0.574803 -0.574803 
vn 0.574803 0.574803 0.574803 
vn 0.582677 0.574803 -0.574803 
vn 0.566929 -0.582677 0.582677 
vn 0.582677 -0.574803 -0.574803 
vn 0.566929 0.582677 0.582677 
vn 0.574803 0.574803 -0.574803 
vn 0.574803 -0.574803 0.574803 
vn 0.574803 -0.574803 -0.574803 
vn 0.566929 0.582677 0.582677 
vn 0.574803 0.574803 0.574803 
vn 0.574803 0.574803 0.574803 
vn 0.574803 -0.574803 -0.574803 
vn 0.574803 0.574803 -0.574803 
vn 0.574803 0.574803 0.574803 
vn 0.574803 0.574803 -0.574803 
vn 0.574803 -0.574803 0.574803 
vn 0.574803 -0.574803 -0.574803 
vn 0.574803 -0.574803 0.574803 
vn 0.574803 0.574803 0.574803 
vn 0.574803 0.574803 0.574803 
vn 1 0 0 
vn 1 0 0 
vn 1 0 0 
vn 1 0 0 
vn 1 0 0 
vn 1 0 0 
vn 1 0 0 
vn 1 0 0 
vn 1 0 0 
vn 1 0 0 
vn 1 0 0 
vn 1 0 0 
vn 1 0 0 
vn 1 0 0 
vn 1 0 0 
vn 1 0 0 
vn 1 0 0 
vn 1 0 0 
vn 1 0 0 
vn 1 0 0 
vn 1 0 0 
vn 1 0 0 
vn 1 0 0 
vn 1 0 0 
vn 1 0 0 
vn 1 0 0 
vn 1 0 0 
vn 1 0 0 
vn 1 0 0 
vn 1 0 0 
vn 1 0 0 
vn 1 0 0 
vn 1 0 0 
vn 1 0 0 
vn 1 0 0 
vn 1 0 0 
vn 1 0 0 
vn 1 0 0 
vn 1 0 0 
vn 1 0 0 
vn 1 0 0 
vn 1 0 0 
vn 1 0 0 
vn 1 0 0 
vn 1 0 0 
vn 1 0 0 
vn 1 0 0 
vn 1 0 0 
vn 1 0 0 
vn 1 0 0 
vn 1 0 0 
vn 1 0 0 
vn 1 0 0 
vn 1 0 0 
vn 1 0 0 
vn 1 0 0 
vn 1 0 0 
vn 1 0 0 
vn 1 0 0 
vn 1 0 0 
vn 1 0 0 
vn 1 0 0 
vn 1 0 0 
vn 1 0 0 
vn 1 0 0 
vn 0.748031 -0.669291 0.015748 
vn 0.748031 -0.669291 0.015748 
vn 0.748031 -0.669291 0.015748 
vn 0.748031 -0.669291 0.015748 
vn 0.748031 -0.669291 0.015748 
vn 0.748031 -0.669291 0.015748 
vn 0.748031 -0.669291 0.015748 
vn 0.748031 -0.669291 0.015748 
vn 0.748031 -0.669291 0.015748 
vn 0.748031 -0.669291 0.015748 
vn 0.748031 -0.669291 0.015748 
vn 0.748031 -0.669291 0.015748 
vn 0.748031 -0.669291 0.015748 
vn 0.748031 -0.669291 0.015748 
vn 0.748031 -0.669291 0.015748 
vn 0.748031 -0.669291 0.015748 
vn 0.748031 -0.669291 0.015748 
vn 0.748031 -0.669291 0.015748 
vn 0.748031 -0.669291 0.015748 
vn 0.748031 -0.669291 0.015748 
vn 0.748031 -0.669291 0.015748 
vn 0.748031 -0.669291 0.015748 
vn 0.748031 -0.669291 0.015748 
vn 0.748031 -0.669291 0.015748 
vn 0.748031 -0.669291 0.015748 
vn 0.748031 -0.669291 0.015748 
vn 0.748031 -0.669291 0.015748 
vn 0.748031 -0.669291 0.015748 
vn 0.748031 -0.669291 0.015748 
vn 0.748031 -0.669291 0.015748 
vn 0.748031 -0.669291 0.015748 
vn 0.574803 0.574803 0.574803 
vn 1 0 0 
vn 1 0 0 
vn 1 0 0 
vn 1 0 0 
vn 1 0 0 
vn 1 0 0 
vn 1 0 0 
vn 1 0 0 
vn 1 0 0 
vn 0.748031 -0.669291 0.015748 
vn 0.748031 -0.669291 0.015748 
vn 0.748031 -0.669291 0.015748 
vn 0.748031 -0.669291 0.015748 
vn 0.748031 -0.669291 0.015748 
vn 0.748031 -0.669291 0.015748 
vn 1 0 0 
vn 1 0 0 
vn 1 0 0 
vn 1 0 0 
vn 0.748031 -0.669291 0.015748 
vn 0.748031 -0.669291 0.015748 
vn 0.748031 -0.669291 0.015748 
vn 1 0 0 
vn 0.582677 0.574803 0.574803 
vn 0.566929 -0.582677 -0.582677 
vn 0.566929 0.582677 -0.582677 
vn 0.582677 0.574803 0.574803 
vn 0.566929 -0.582677 -0.582677 
vn 0.566929 0.582677 -0.582677 
vn 0.582677 0.574803 0.574803 
vn 0.566929 -0.582677 -0.582677 
vn 0.566929 0.582677 -0.582677 
vn 0.582677 -0.574803 0.574803 
vn 0.574803 -0.574803 -0.574803 
vn 0.574803 0.574803 0.574803 
vn 0.574803 -0.574803 0.574803 
vn 0.582677 -0.574803 0.574803 
vn 0.582677 -0.574803 0.574803 
vn 0.574803 -0.574803 -0.574803 
vn 0.574803 0.574803 0.574803 
vn 0.574803 -0.574803 0.574803 
vn 1 0 0 
vn 1 0 0 
vn 1 0 0 
vn 0.574803 0.574803 -0.574803 
vn 1 0 0 
vn 1 0 0 
vn 1 0 0 
vn 0.574803 0.574803 -0.574803 
vn 0.574803 0.574803 0.574803 
vn 0.574803 -0.574803 -0.574803 
vn 0.574803 0.574803 -0.574803 
vn 0.574803 -0.574803 0.574803 
vn 0.574803 0.574803 0.574803 
vn 0.574803 -0.574803 -0.574803 
vn 0.574803 0.574803 -0.574803 
vn 0.574803 0.574803 -0.574803 
vn 0.574803 -0.574803 0.574803 
vn 0.574803 -0.574803 -0.574803 
vn 0.574803 0.574803 0.574803 
vn 0.574803 -0.574803 -0.574803 
vn 0.574803 0.574803 0.574803 
vn 0.574803 -0.574803 0.574803 
vn 0.574803 0.574803 0.574803 
vn 0.574803 -0.574803 -0.574803 
vn 0.574803 0.574803 -0.574803 
vn 0.582677 0.574803 0.574803 
vn 0.566929 -0.582677 -0.582677 
vn 0.566929 0.582677 -0.582677 
vn 0.574803 -0.574803 0.574803 
vn 0.582677 -0.574803 0.574803 
vn 0.574803 0.574803 -0.574803 
vn 1 0 0 
vn 1 0 0 
vn 1 0 0 
vn 1 0 0 
vn 1 0 0 
vn 1 0 0 
vn 1 0 0 
vn 1 0 0 
vn 0.748031 0.669291 -0.015748 
vn 0.748031 0.669291 -0.015748 
vn 0.748031 0.669291 -0.015748 
vn 0.748031 0.669291 -0.015748 
vn 0.574803 -0.574803 0.574803 
vn 0.582677 0.574803 0.574803 
vn 0.566929 -0.582677 -0.582677 
vn 0.566929 0.582677 -0.582677 
vn 0.582677 0.574803 0.574803 
vn 0.566929 -0.582677 -0.582677 
vn 0.566929 0.582677 -0.582677 
vn 0.582677 0.574803 0.574803 
vn 0.566929 -0.582677 -0.582677 
vn 0.566929 0.582677 -0.582677 
vn 0.582677 -0.574803 0.574803 
vn 0.574803 -0.574803 -0.574803 
vn 0.574803 0.574803 0.574803 
vn 0.574803 -0.574803 0.574803 
vn 0.582677 -0.574803 0.574803 
vn 0.582677 -0.574803 0.574803 
vn 0.574803 -0.574803 -0.574803 
vn 0.574803 0.574803 0.574803 
vn 0.574803 -0.574803 0.574803 
vn 0.574803 0.574803 -0.574803 
vn 0.574803 0.574803 -0.574803 
vn 0.574803 0.574803 0.574803 
vn 0.574803 -0.574803 -0.574803 
vn 0.574803 0.574803 -0.574803 
vn 0.574803 0.574803 0.574803 
vn 0.574803 -0.574803 -0.574803 
vn 0.574803 0.574803 -0.574803 
vn 0.574803 -0.574803 0.574803 
vn 0.574803 -0.574803 0.574803 
vn 0.582677 0.574803 0.574803 
vn 0.566929 -0.582677 -0.582677 
vn 0.566929 0.582677 -0.582677 
vn 0.574803 0.574803 -0.574803 
vn 0.574803 -0.574803 0.574803 
vn 0.574803 -0.574803 -0.574803 
vn 0.574803 0.574803 0.574803 
vn 0.574803 -0.574803 -0.574803 
vn 0.574803 0.574803 0.574803 
vn 0.574803 -0.574803 0.574803 
vn 0.574803 0.574803 0.574803 
vn 0.574803 -0.574803 -0.574803 
vn 0.574803 0.574803 -0.574803 
vn 0.574803 -0.574803 0.574803 
vn 0.582677 -0.574803 0.574803 
vn 0.574803 0.574803 -0.574803 
vn 0.748031 0.669291 -0.015748 
vn 0.748031 0.669291 -0.015748 
vn 0.748031 0.669291 -0.015748 
vn 0.748031 0.669291 -0.015748 
vn 0.748031 0.669291 -0.015748 
vn 0.748031 0.669291 -0.015748 
vn 0.748031 0.669291 -0.015748 
vn 1 0 0 
vn 1 0 0 
vn 1 0 0 
vn 1 0 0 
vn 0.748031 0.669291 -0.015748 
vn 0.748031 0.669291 -0.015748 
vn 0.748031 0.669291 -0.015748 
vn 0.748031 0.669291 -0.015748 
vn 1 0 0 
vn 1 0 0 
vn 1 0 0 
vn 1 0 0 
vn 1 0 0 
vn 1 0 0 
vn 1 0 0 
vn 1 0 0 
vn 1 0 0 
vn 1 0 0 
vn 1 0 0 
vn 1 0 0 
vn 1 0 0 
vn 1 0 0 
vn 1 0 0 
vn 1 0 0 
vn 1 0 0 
vn 1 0 0 
vn 1 0 0 
vn 1 0 0 
vn 1 0 0 
vn 1 0 0 
vn 1 0 0 
vn 1 0 0 
vn 1 0 0 
vn 1 0 0 
vn 1 0 0 
vn 1 0 0 
vn 1 0 0 
vn 1 0 0 
vn 1 0 0 
vn 1 0 0 
vn 1 0 0 
vn 1 0 0 
vn 1 0 0 
vn 0.748031 0.669291 -0.015748 
vn 0.748031 0.669291 -0.015748 
vn 0.748031 0.669291 -0.015748 
vn 0.748031 0.669291 -0.015748 
vn 0.748031 0.669291 -0.015748 
vn 0.748031 0.669291 -0.015748 
vn 0.748031 0.669291 -0.015748 
vn 1 0 0 
vn 1 0 0 
vn 1 0 0 
vn 1 0 0 
vn 1 0 0 
vn 1 0 0 
vn 1 0 0 
vn 1 0 0 
vn 1 0 0 
vn 1 0 0 
vn 1 0 0 
vn 1 0 0 
vn 1 0 0 
vn 1 0 0 
vn 1 0 0 
vn 1 0 0 
vn 1 0 0 
vn 1 0 0 
vn 1 0 0 
vn 1 0 0 
vn 1 0 0 
vn 1 0 0 
vn 1 0 0 
vn 1 0 0 
vn 1 0 0 
vn 1 0 0 
vn 1 0 0 
vn 1 0 0 
vn 1 0 0 
vn 1 0 0 
vn 1 0 0 
vn 1 0 0 
vn 1 0 0 
vn 1 0 0 
vn 1 0 0 
vn 1 0 0 
vn 1 0 0 
vn 1 0 0 
vn 1 0 0 
vn 1 0 0 
vn 1 0 0 
vn 1 0 0 
vn 1 0 0 
vn 1 0 0 
vn 1 0 0 
vn 0.748031 0.669291 -0.015748 
vn 0.748031 0.669291 -0.015748 
vn 0.748031 0.669291 -0.015748 
vn 0.748031 0.669291 -0.015748 
vn 0.748031 0.669291 -0.015748 
vn 0.748031 0.669291 -0.015748 
vn 0.748031 0.669291 -0.015748 
vn 0.748031 0.669291 -0.015748 
vn 0.748031 0.669291 -0.015748 
vn 0.748031 0.669291 -0.015748 
vn 0.748031 0.669291 -0.015748 
vn 0.748031 0.669291 -0.015748 
vn 0.748031 0.669291 -0.015748 
vn 1 0 0 
vn 1 0 0 
vn 1 0 0 
vn 1 0 0 
vn 0.748031 0.669291 -0.015748 
vn 0.748031 0.669291 -0.015748 
vn 0.748031 0.669291 -0.015748 
vn 0.748031 0.669291 -0.015748 
vn 0.748031 0.669291 -0.015748 
vn 1 0 0 
vn 0.574803 0.574803 0.574803 
vn 0.574803 0.574803 -0.574803 
vn -0.574803 0.574803 -0.574803 
vn 0.574803 0.574803 0.574803 
vn 0.574803 0.574803 -0.574803 
vn -0.574803 0.574803 -0.574803 
vn -0.574803 0.574803 0.574803 
vn -0.574803 0.574803 0.574803 
vn 0.566929 0.582677 0.582677 
vn -0.566929 0.582677 -0.582677 
vn -0.582677 0.574803 0.574803 
vn 0.582677 0.574803 -0.574803 
vn 0.566929 0.582677 0.582677 
vn 0.582677 0.574803 -0.574803 
vn -0.566929 0.582677 -0.582677 
vn -0.582677 0.574803 0.574803 
vn 0.574803 0.574803 0.574803 
vn -0.574803 0.574803 -0.574803 
vn -0.574803 0.574803 0.574803 
vn 0.566929 0.582677 0.582677 
vn -0.566929 0.582677 -0.582677 
vn -0.582677 0.574803 0.574803 
vn 0.574803 0.574803 0.574803 
vn 0.574803 0.574803 -0.574803 
vn -0.574803 0.574803 -0.574803 
vn 0.574803 0.574803 -0.574803 
vn -0.574803 0.574803 0.574803 
vn 0.582677 0.574803 -0.574803 
vn 0.566929 0.582677 0.582677 
vn 0.582677 0.574803 -0.574803 
vn -0.566929 0.582677 -0.582677 
vn -0.582677 0.574803 0.574803 
vn 0.574803 0.574803 0.574803 
vn 0.574803 0.574803 -0.574803 
vn -0.574803 0.574803 -0.574803 
vn -0.574803 0.574803 0.574803 
vn 0.574803 0.574803 0.574803 
vn 0.574803 0.574803 -0.574803 
vn -0.574803 0.574803 -0.574803 
vn 0.574803 0.574803 0.574803 
vn 0.574803 0.574803 -0.574803 
vn -0.574803 0.574803 -0.574803 
vn -0.574803 0.574803 0.574803 
vn -0.574803 0.574803 0.574803 
vn 0.566929 0.582677 0.582677 
vn -0.566929 0.582677 -0.582677 
vn -0.582677 0.574803 0.574803 
vn 0.582677 0.574803 -0.574803 
vn 0.566929 0.582677 0.582677 
vn 0.582677 0.574803 -0.574803 
vn -0.566929 0.582677 -0.582677 
vn -0.582677 0.574803 0.574803 
vn 0.574803 0.574803 0.574803 
vn -0.574803 0.574803 -0.574803 
vn -0.574803 0.574803 0.574803 
vn 0.574803 0.574803 0.574803 
vn 0.574803 0.574803 -0.574803 
vn -0.574803 0.574803 -0.574803 
vn 0.574803 0.574803 -0.574803 
vn -0.574803 0.574803 0.574803 
vn 0.566929 0.582677 0.582677 
vn -0.566929 0.582677 -0.582677 
vn -0.582677 0.574803 0.574803 
vn 0.582677 0.574803 -0.574803 
vn 0.566929 0.582677 0.582677 
vn 0.582677 0.574803 -0.574803 
vn -0.566929 0.582677 -0.582677 
vn -0.582677 0.574803 0.574803 
vn 0.574803 0.574803 0.574803 
vn -0.574803 0.574803 -0.574803 
vn -0.574803 0.574803 0.574803 
vn 0 0.740157 -0.677165 
vn 0 0.740157 -0.677165 
vn 0 0.740157 -0.677165 
vn 0 0.740157 -0.677165 
vn 0 0.740157 -0.677165 
vn 0 0.740157 -0.677165 
vn 0 0.740157 -0.677165 
vn 0 0.740157 -0.677165 
vn 0 0.740157 -0.677165 
vn 0 0.748031 -0.669291 
vn 0 0.748031 -0.669291 
vn 0 0.748031 -0.669291 
vn 0 0.748031 0.669291 
vn 0 0.748031 0.669291 
vn 0 0.748031 0.669291 
vn 0 0.740157 0.677165 
vn 0 0.740157 0.677165 
vn 0 0.740157 0.677165 
vn 0 1 0 
vn 0 1 0 
vn 0 1 0 
vn 0 1 0 
vn 0 1 0 
vn 0 1 0 
vn 0 0.740157 0.677165 
vn 0 0.740157 0.677165 
vn 0 0.740157 0.677165 
vn 0 0.858268 0.511811 
vn 0 0.858268 0.511811 
vn 0 0.858268 0.511811 
vn 0 0.858268 0.511811 
vn 0 0.858268 0.511811 
vn 0 0.858268 0.511811 
vn 0 0.858268 0.511811 
vn 0 0.858268 0.511811 
vn 0 0.858268 0.511811 
vn 0 0.779528 0.622047 
vn 0 0.779528 0.622047 
vn 0 0.779528 0.622047 
vn 0 0.740157 0.677165 
vn 0 0.740157 0.677165 
vn 0 0.740157 0.677165 
vn 0 0.779528 0.622047 
vn 0 0.779528 0.622047 
vn 0 0.779528 0.622047 
vn 0 0.779528 0.622047 
vn 0 0.779528 0.622047 
vn 0 0.779528 0.622047 
vn 0.574803 0.574803 0.574803 
vn 0.574803 0.574803 -0.574803 
vn -0.574803 0.574803 -0.574803 
vn 0.574803 0.574803 0.574803 
vn -0.574803 0.574803 -0.574803 
vn -0.574803 0.574803 0.574803 
vn 0.574803 0.574803 -0.574803 
vn -0.574803 0.574803 -0.574803 
vn 0.574803 0.574803 0.574803 
vn 0.574803 0.574803 -0.574803 
vn -0.574803 0.574803 0.574803 
vn 0.574803 0.574803 -0.574803 
vn -0.574803 0.574803 0.574803 
vn 0 1 0 
vn 0 1 0 
vn 0 1 0 
vn 0.574803 0.574803 0.574803 
vn -0.574803 0.574803 -0.574803 
vn -0.574803 0.574803 0.574803 
vn 0.574803 0.574803 -0.574803 
vn 0 1 0 
vn 0 1 0 
vn 0 1 0 
vn 0 0.732283 0.685039 
vn 0 0.732283 0.685039 
vn 0 0.732283 0.685039 
vn 0 0.732283 0.685039 
vn 0 0.732283 0.685039 
vn 0 0.732283 0.685039 
vn 0 0.811024 -0.590551 
vn 0 0.811024 -0.590551 
vn 0 0.811024 -0.590551 
vn 0 0.811024 -0.590551 
vn 0 0.811024 -0.590551 
vn 0 0.811024 -0.590551 
vn 0 0.811024 -0.590551 
vn 0 0.811024 -0.590551 
vn 0 0.811024 -0.590551 
vn 0 0.811024 -0.590551 
vn 0 0.811024 -0.590551 
vn 0 0.811024 -0.590551 
vn 0 0.779528 0.622047 
vn -0.574803 0.574803 -0.574803 
vn 0.574803 0.574803 0.574803 
vn 0.574803 0.574803 -0.574803 
vn 0.574803 0.574803 -0.574803 
vn -0.574803 0.574803 -0.574803 
vn -0.574803 0.574803 0.574803 
vn -0.574803 0.574803 0.574803 
vn 0.574803 0.574803 0.574803 
vn -0.582677 0.574803 -0.574803 
vn -0.566929 0.582677 0.582677 
vn 0.566929 0.582677 -0.582677 
vn -0.582677 0.574803 -0.574803 
vn -0.566929 0.582677 0.582677 
vn 0.566929 0.582677 -0.582677 
vn 0.582677 0.574803 0.574803 
vn 0.582677 0.574803 0.574803 
vn -0.582677 0.574803 -0.574803 
vn -0.566929 0.582677 0.582677 
vn 0.566929 0.582677 -0.582677 
vn -0.574803 0.574803 -0.574803 
vn -0.574803 0.574803 0.574803 
vn 0.574803 0.574803 -0.574803 
vn -0.574803 0.574803 -0.574803 
vn -0.574803 0.574803 0.574803 
vn 0.574803 0.574803 -0.574803 
vn 0.574803 0.574803 0.574803 
vn 0.574803 0.574803 0.574803 
vn -0.582677 0.574803 -0.574803 
vn -0.566929 0.582677 0.582677 
vn 0.566929 0.582677 -0.582677 
vn 0.582677 0.574803 0.574803 
vn 0.582677 0.574803 0.574803 
vn -0.574803 0.574803 -0.574803 
vn 0.574803 0.574803 0.574803 
vn 0.574803 0.574803 -0.574803 
vn -0.574803 0.574803 -0.574803 
vn 0.574803 0.574803 0.574803 
vn 0.574803 0.574803 -0.574803 
vn -0.574803 0.574803 -0.574803 
vn 0.574803 0.574803 0.574803 
vn 0.574803 0.574803 -0.574803 
vn -0.574803 0.574803 0.574803 
vn -0.574803 0.574803 0.574803 
vn -0.582677 0.574803 -0.574803 
vn -0.566929 0.582677 0.582677 
vn 0.566929 0.582677 -0.582677 
vn -0.582677 0.574803 -0.574803 
vn -0.566929 0.582677 0.582677 
vn 0.566929 0.582677 -0.582677 
vn 0.582677 0.574803 0.574803 
vn 0.582677 0.574803 0.574803 
vn -0.582677 0.574803 -0.574803 
vn -0.566929 0.582677 0.582677 
vn 0.566929 0.582677 -0.582677 
vn -0.574803 0.574803 -0.574803 
vn 0.574803 0.574803 0.574803 
vn 0.574803 0.574803 -0.574803 
vn -0.574803 0.574803 0.574803 
vn 0.574803 0.574803 0.574803 
vn -0.574803 0.574803 -0.574803 
vn -0.574803 0.574803 0.574803 
vn 0.574803 0.574803 -0.574803 
vn -0.582677 0.574803 -0.574803 
vn -0.566929 0.582677 0.582677 
vn 0.566929 0.582677 -0.582677 
vn 0.582677 0.574803 0.574803 
vn 0.582677 0.574803 0.574803 
vn 0.574803 0.574803 0.574803 
vn -0.574803 0.574803 -0.574803 
vn -0.574803 0.574803 0.574803 
vn 0 0.740157 -0.677165 
vn 0 0.740157 -0.677165 
vn 0 0.740157 -0.677165 
vn 0 0.858268 0.511811 
vn 0 0.858268 0.511811 
vn 0 0.858268 0.511811 
vn 0 0.779528 0.622047 
vn 0 0.779528 0.622047 
vn 0 0.748031 0.669291 
vn 0 0.748031 -0.669291 
vn 0 1 0 
vn 0.574803 0.574803 -0.574803 
vn -0.574803 0.574803 -0.574803 
vn -0.574803 0.574803 0.574803 
vn 0 1 0 
vn 0 0.740157 0.677165 
vn 0 0.740157 0.677165 
vn 0 0.740157 0.677165 
vn 0.574803 0.574803 0.574803 
vn 0.574803 0.574803 -0.574803 
vn -0.574803 0.574803 -0.574803 
vn 0 0.732283 0.685039 
vn 0 1 0 
vn 0 0.732283 0.685039 
vn 0.574803 0.574803 -0.574803 
vn -0.574803 0.574803 -0.574803 
vn -0.574803 0.574803 0.574803 
vn 0 0.811024 -0.590551 
vn 0 0.811024 -0.590551 
vn 0 0.811024 -0.590551 
vn 0 0.811024 -0.590551 
vn 0 1 0 
vn -0.574803 0.574803 0.574803 
vn 0.574803 0.574803 -0.574803 
vn -0.574803 0.574803 0.574803 
vn 0.574803 0.574803 0.574803 
vn -0.574803 0.574803 -0.574803 
vn -0.574803 0.574803 0.574803 
vn 0.574803 0.574803 0.574803 
vn 0.574803 0.574803 -0.574803 
vn 0.574803 0.574803 0.574803 
vn 0.566929 0.582677 0.582677 
vn -0.582677 -0.574803 0.574803 
vn 0.566929 -0.582677 0.582677 
vn 0.566929 0.582677 0.582677 
vn -0.582677 -0.574803 0.574803 
vn 0.566929 -0.582677 0.582677 
vn -0.582677 0.574803 0.574803 
vn -0.582677 0.574803 0.574803 
vn 0.566929 0.582677 0.582677 
vn -0.582677 0.574803 0.574803 
vn -0.582677 -0.574803 0.574803 
vn 0.574803 0.574803 0.574803 
vn -0.574803 0.574803 0.574803 
vn -0.574803 -0.574803 0.574803 
vn -0.574803 0.574803 0.574803 
vn -0.574803 -0.574803 0.574803 
vn 0.574803 -0.574803 0.574803 
vn 0.574803 0.574803 0.574803 
vn -0.574803 0.574803 0.574803 
vn -0.574803 -0.574803 0.574803 
vn 0.574803 0.574803 0.574803 
vn -0.574803 -0.574803 0.574803 
vn 0.574803 -0.574803 0.574803 
vn 0.574803 0.574803 0.574803 
vn -0.574803 0.574803 0.574803 
vn -0.574803 -0.574803 0.574803 
vn -0.574803 0.574803 0.574803 
vn 0.574803 -0.574803 0.574803 
vn 0.566929 -0.582677 0.582677 
vn 0.574803 -0.574803 0.574803 
vn 0.566929 0.582677 0.582677 
vn -0.582677 -0.574803 0.574803 
vn 0.566929 -0.582677 0.582677 
vn -0.582677 0.574803 0.574803 
vn 0.574803 0.574803 0.574803 
vn -0.574803 -0.574803 0.574803 
vn 0.574803 -0.574803 0.574803 
vn -0.574803 0.574803 0.574803 
vn 0 -0.511811 0.858268 
vn 0 -0.511811 0.858268 
vn 0 -0.511811 0.858268 
vn 0 -0.511811 0.858268 
vn 0 -0.511811 0.858268 
vn 0 -0.511811 0.858268 
vn 0.574803 0.574803 0.574803 
vn 0 -0.685039 0.732283 
vn 0 -0.685039 0.732283 
vn 0 -0.685039 0.732283 
vn 0.574803 -0.574803 0.574803 
vn 0.566929 0.582677 0.582677 
vn -0.582677 -0.574803 0.574803 
vn 0.566929 -0.582677 0.582677 
vn 0.574803 0.574803 0.574803 
vn -0.574803 0.574803 0.574803 
vn -0.574803 -0.574803 0.574803 
vn 0.566929 0.582677 0.582677 
vn -0.582677 -0.574803 0.574803 
vn 0.566929 -0.582677 0.582677 
vn -0.582677 0.574803 0.574803 
vn -0.582677 0.574803 0.574803 
vn 0.574803 0.574803 0.574803 
vn -0.574803 -0.574803 0.574803 
vn 0.574803 -0.574803 0.574803 
vn -0.574803 0.574803 0.574803 
vn -0.574803 -0.574803 0.574803 
vn 0.574803 -0.574803 0.574803 
vn 0.574803 0.574803 0.574803 
vn -0.574803 -0.574803 0.574803 
vn 0.574803 -0.574803 0.574803 
vn -0.574803 0.574803 0.574803 
vn -0.574803 0.574803 0.574803 
vn 0.566929 0.582677 0.582677 
vn -0.582677 0.574803 0.574803 
vn -0.582677 -0.574803 0.574803 
vn 0.566929 -0.582677 0.582677 
vn 0.574803 -0.574803 0.574803 
vn 0.566929 0.582677 0.582677 
vn -0.582677 -0.574803 0.574803 
vn 0.566929 -0.582677 0.582677 
vn 0.574803 0.574803 0.574803 
vn -0.574803 -0.574803 0.574803 
vn 0.574803 -0.574803 0.574803 
vn -0.582677 0.574803 0.574803 
vn 0.574803 0.574803 0.574803 
vn -0.574803 -0.574803 0.574803 
vn 0.574803 -0.574803 0.574803 
vn 0.574803 0.574803 0.574803 
vn 0.574803 0.574803 0.574803 
vn -0.574803 -0.574803 0.574803 
vn 0.574803 -0.574803 0.574803 
vn -0.574803 0.574803 0.574803 
vn -0.574803 0.574803 0.574803 
vn 0.574803 0.574803 0.574803 
vn -0.574803 -0.574803 0.574803 
vn 0.574803 -0.574803 0.574803 
vn -0.574803 0.574803 0.574803 
vn 0 0 1 
vn 0 0 1 
vn 0 0 1 
vn 0 0 1 
vn 0 0 1 
vn 0 0 1 
vn -0.503937 -0.543307 0.669291 
vn -0.503937 -0.543307 0.669291 
vn -0.503937 -0.543307 0.669291 
vn -0.503937 -0.543307 0.669291 
vn 0 -0.677165 0.740157 
vn 0 -0.677165 0.740157 
vn 0 -0.677165 0.740157 
vn 0 0 1 
vn 0 0 1 
vn 0 0 1 
vn 0 0 1 
vn 0 0 1 
vn 0 0 1 
vn 0 0 1 
vn 0 0 1 
vn 0 0 1 
vn 0 0 1 
vn 0 0 1 
vn 0 0 1 
vn 0 -0.677165 0.740157 
vn 0 -0.677165 0.740157 
vn 0 -0.677165 0.740157 
vn 0 -0.677165 0.740157 
vn 0 -0.677165 0.740157 
vn 0 -0.677165 0.740157 
vn 0 0.677165 0.740157 
vn 0 0.677165 0.740157 
vn 0 0.677165 0.740157 
vn 0 0.677165 0.740157 
vn 0 0.677165 0.740157 
vn 0 0.677165 0.740157 
vn 0 -0.511811 0.858268 
vn 0 -0.511811 0.858268 
vn 0 -0.511811 0.858268 
vn 0 -0.685039 0.732283 
vn 0 -0.685039 0.732283 
vn 0 -0.685039 0.732283 
vn 0 -0.677165 0.740157 
vn 0 -0.677165 0.740157 
vn 0 -0.677165 0.740157 
vn 0 0.677165 0.740157 
vn 0 0.677165 0.740157 
vn 0 0.677165 0.740157 
vn 0 0.677165 0.740157 
vn 0 0.677165 0.740157 
vn 0 0.677165 0.740157 
vn 0 -0.622047 0.779528 
vn 0 -0.622047 0.779528 
vn 0 -0.622047 0.779528 
vn 0 -0.622047 0.779528 
vn 0 -0.622047 0.779528 
vn 0 -0.622047 0.779528 
vn 0 0.590551 0.811024 
vn 0 0.590551 0.811024 
vn 0 0.590551 0.811024 
vn -0.503937 -0.543307 0.669291 
vn -0.503937 -0.543307 0.669291 
vn -0.503937 -0.543307 0.669291 
vn -0.503937 -0.543307 0.669291 
vn -0.503937 -0.543307 0.669291 
vn -0.503937 -0.543307 0.669291 
vn -0.503937 -0.543307 0.669291 
vn -0.503937 -0.543307 0.669291 
vn -0.496063 -0.535433 0.685039 
vn -0.496063 -0.535433 0.685039 
vn -0.496063 -0.535433 0.685039 
vn -0.496063 -0.535433 0.685039 
vn 0.433071 0.503937 0.748031 
vn 0.433071 0.503937 0.748031 
vn 0.433071 0.503937 0.748031 
vn 0.433071 0.503937 0.748031 
vn 0.433071 0.503937 0.748031 
vn 0.433071 0.503937 0.748031 
vn 0.433071 0.503937 0.748031 
vn 0.433071 0.503937 0.748031 
vn 0.433071 0.503937 0.748031 
vn 0.433071 0.503937 0.748031 
vn 0.433071 0.503937 0.748031 
vn 0.433071 0.503937 0.748031 
vn 0.433071 0.503937 0.748031 
vn 0.433071 0.503937 0.748031 
vn 0 -0.677165 0.732283 
vn 0 -0.677165 0.732283 
vn 0 -0.677165 0.732283 
vn 0.433071 0.503937 0.748031 
vn -0.574803 0.574803 0.574803 
vn 0 0 1 
vn 0 0 1 
vn 0 0 1 
vn 0 0 1 
vn 0 0 1 
vn 0 0 1 
vn 0 0.590551 0.811024 
vn 0 0.590551 0.811024 
vn 0 0.590551 0.811024 
vn 0 0.590551 0.811024 
vn 0 0.590551 0.811024 
vn 0 0.590551 0.811024 
vn 0.433071 0.503937 0.748031 
vn 0 0.590551 0.811024 
vn 0 0.590551 0.811024 
vn 0 0.590551 0.811024 
vn 0 -0.622047 0.779528 
vn 0.582677 -0.574803 0.574803 
vn -0.566929 0.582677 0.582677 
vn -0.566929 -0.582677 0.582677 
vn 0.574803 -0.574803 0.574803 
vn -0.574803 0.574803 0.574803 
vn -0.574803 -0.574803 0.574803 
vn 0.582677 -0.574803 0.574803 
vn -0.566929 0.582677 0.582677 
vn -0.566929 -0.582677 0.582677 
vn 0.574803 -0.574803 0.574803 
vn -0.574803 0.574803 0.574803 
vn -0.574803 -0.574803 0.574803 
vn 0.582677 0.574803 0.574803 
vn 0.574803 -0.574803 0.574803 
vn -0.574803 0.574803 0.574803 
vn -0.574803 -0.574803 0.574803 
vn 0 -0.511811 0.858268 
vn -0.574803 0.574803 0.574803 
vn -0.574803 -0.574803 0.574803 
vn 0.574803 0.574803 0.574803 
vn 0 -0.685039 0.732283 
vn 0.574803 0.574803 0.574803 
vn 0.574803 0.574803 0.574803 
vn 0.582677 -0.574803 0.574803 
vn -0.566929 0.582677 0.582677 
vn -0.566929 -0.582677 0.582677 
vn 0.582677 -0.574803 0.574803 
vn -0.566929 0.582677 0.582677 
vn -0.566929 -0.582677 0.582677 
vn 0.582677 0.574803 0.574803 
vn 0.582677 0.574803 0.574803 
vn 0.582677 0.574803 0.574803 
vn 0.574803 0.574803 0.574803 
vn 0.574803 -0.574803 0.574803 
vn -0.574803 0.574803 0.574803 
vn -0.574803 -0.574803 0.574803 
vn 0.574803 -0.574803 0.574803 
vn 0.574803 0.574803 0.574803 
vn 0.574803 -0.574803 0.574803 
vn -0.574803 0.574803 0.574803 
vn -0.574803 -0.574803 0.574803 
vn 0.574803 0.574803 0.574803 
vn 0.582677 -0.574803 0.574803 
vn -0.566929 0.582677 0.582677 
vn -0.566929 -0.582677 0.582677 
vn 0.574803 -0.574803 0.574803 
vn -0.574803 0.574803 0.574803 
vn -0.574803 -0.574803 0.574803 
vn 0.582677 -0.574803 0.574803 
vn -0.566929 0.582677 0.582677 
vn -0.566929 -0.582677 0.582677 
vn 0.574803 -0.574803 0.574803 
vn -0.574803 0.574803 0.574803 
vn -0.574803 -0.574803 0.574803 
vn 0.582677 0.574803 0.574803 
vn 0.574803 -0.574803 0.574803 
vn -0.574803 0.574803 0.574803 
vn -0.574803 -0.574803 0.574803 
vn 0.574803 -0.574803 0.574803 
vn -0.574803 0.574803 0.574803 
vn -0.574803 -0.574803 0.574803 
vn -0.574803 0.574803 0.574803 
vn -0.574803 -0.574803 0.574803 
vn 0.574803 0.574803 0.574803 
vn 0.574803 0.574803 0.574803 
vn 0.574803 0.574803 0.574803 
vn 0.582677 0.574803 0.574803 
vn 0.582677 -0.574803 0.574803 
vn -0.566929 0.582677 0.582677 
vn -0.566929 -0.582677 0.582677 
vn 0.574803 0.574803 0.574803 
vn 0.582677 -0.574803 0.574803 
vn -0.566929 0.582677 0.582677 
vn -0.566929 -0.582677 0.582677 
vn 0.582677 0.574803 0.574803 
vn 0.582677 0.574803 0.574803 
vn 0.574803 -0.574803 0.574803 
vn -0.574803 0.574803 0.574803 
vn -0.574803 -0.574803 0.574803 
vn 0.574803 -0.574803 0.574803 
vn 0.574803 0.574803 0.574803 
vn 0.574803 -0.574803 0.574803 
vn -0.574803 0.574803 0.574803 
vn -0.574803 -0.574803 0.574803 
vn 0.574803 0.574803 0.574803 
vn 0.574803 -0.574803 0.574803 
vn -0.574803 0.574803 0.574803 
vn -0.574803 -0.574803 0.574803 
vn 0 -0.677165 0.740157 
vn 0 -0.677165 0.740157 
vn 0 -0.511811 0.858268 
vn 0 -0.511811 0.858268 
vn 0 -0.685039 0.732283 
vn 0 0.677165 0.740157 
vn 0 -0.677165 0.740157 
vn 0 0.677165 0.740157 
vn 0 -0.677165 0.740157 
vn 0 -0.622047 0.779528 
vn 0 0.677165 0.740157 
vn 0 0 1 
vn 0.574803 0.574803 0.574803 
vn 0 0 1 
vn 0.503937 -0.543307 0.669291 
vn 0.503937 -0.543307 0.669291 
vn 0.503937 -0.543307 0.669291 
vn 0.503937 -0.543307 0.669291 
vn 0 0 1 
vn 0 0.677165 0.740157 
vn 0 0 1 
vn 0 0 1 
vn 0 0 1 
vn 0 0.590551 0.811024 
vn 0 -0.677165 0.732283 
vn -0.433071 0.503937 0.748031 
vn -0.433071 0.503937 0.748031 
vn -0.433071 0.503937 0.748031 
vn -0.433071 0.503937 0.748031 
vn -0.433071 0.503937 0.748031 
vn -0.433071 0.503937 0.748031 
vn 0 0 1 
vn 0.574803 0.574803 0.574803 
vn -0.433071 0.503937 0.748031 
vn 0 0.590551 0.811024 
vn 0 0.590551 0.811024 
vn 0 0.590551 0.811024 
vn 0 0 1 
vn -0.433071 0.503937 0.748031 
vn 0.503937 -0.543307 0.669291 
vn 0.503937 -0.543307 0.669291 
vn 0.503937 -0.543307 0.669291 
vn 0.503937 -0.543307 0.669291 
vn 0.503937 -0.543307 0.669291 
vn 0.503937 -0.543307 0.669291 
vn 0.503937 -0.543307 0.669291 
vn 0.496063 -0.535433 0.685039 
vn 0.496063 -0.535433 0.685039 
vn 0.496063 -0.535433 0.685039 
vn 0.503937 -0.543307 0.669291 
vn 0.496063 -0.535433 0.685039 
vn -0.433071 0.503937 0.748031 
vn -0.433071 0.503937 0.748031 
vn -0.433071 0.503937 0.748031 
vn -0.433071 0.503937 0.748031 
vn -0.433071 0.503937 0.748031 
vn -0.433071 0.503937 0.748031 
vn -0.433071 0.503937 0.748031 
vn -0.433071 0.503937 0.748031 
vn -0.574803 0.574803 0.574803 
vn -0.574803 -0.574803 -0.574803 
vn -0.574803 -0.574803 0.574803 
vn -0.582677 0.574803 0.574803 
vn -0.566929 0.582677 -0.582677 
vn -0.566929 -0.582677 -0.582677 
vn -0.582677 0.574803 0.574803 
vn -0.566929 0.582677 -0.582677 
vn -0.566929 -0.582677 -0.582677 
vn -0.582677 0.574803 0.574803 
vn -0.566929 0.582677 -0.582677 
vn -0.566929 -0.582677 -0.582677 
vn -0.582677 -0.574803 0.574803 
vn -0.582677 -0.574803 0.574803 
vn -0.582677 -0.574803 0.574803 
vn -0.574803 0.574803 -0.574803 
vn -1 0 0 
vn -1 0 0 
vn -1 0 0 
vn -0.574803 0.574803 -0.574803 
vn -0.574803 -0.574803 -0.574803 
vn -0.574803 0.574803 0.574803 
vn -0.574803 0.574803 -0.574803 
vn -0.574803 -0.574803 -0.574803 
vn -0.574803 -0.574803 0.574803 
vn -0.574803 0.574803 0.574803 
vn -1 0 0 
vn -1 0 0 
vn -1 0 0 
vn -0.574803 -0.574803 0.574803 
vn -0.574803 0.574803 0.574803 
vn -0.574803 0.574803 -0.574803 
vn -0.574803 -0.574803 -0.574803 
vn -1 0 0 
vn -1 0 0 
vn -1 0 0 
vn -1 0 0 
vn -1 0 0 
vn -1 0 0 
vn -1 0 0 
vn -1 0 0 
vn -0.582677 0.574803 0.574803 
vn -0.566929 -0.582677 -0.582677 
vn -0.582677 -0.574803 0.574803 
vn -0.566929 0.582677 -0.582677 
vn -0.574803 0.574803 0.574803 
vn -0.574803 0.574803 -0.574803 
vn -0.574803 -0.574803 -0.574803 
vn -1 0 0 
vn -1 0 0 
vn -1 0 0 
vn -1 0 0 
vn -1 0 0 
vn -1 0 0 
vn -1 0 0 
vn -1 0 0 
vn -1 0 0 
vn -1 0 0 
vn -1 0 0 
vn -1 0 0 
vn -1 0 0 
vn -1 0 0 
vn -1 0 0 
vn -0.574803 0.574803 0.574803 
vn -0.574803 0.574803 -0.574803 
vn -0.574803 -0.574803 -0.574803 
vn -0.574803 0.574803 0.574803 
vn -0.574803 -0.574803 -0.574803 
vn -0.574803 -0.574803 0.574803 
vn -0.574803 0.574803 -0.574803 
vn -0.574803 0.574803 0.574803 
vn -0.574803 -0.574803 -0.574803 
vn -0.574803 -0.574803 0.574803 
vn -0.582677 0.574803 0.574803 
vn -0.566929 0.582677 -0.582677 
vn -0.566929 -0.582677 -0.582677 
vn -0.582677 -0.574803 0.574803 
vn -0.574803 0.574803 0.574803 
vn -0.574803 -0.574803 -0.574803 
vn -0.574803 -0.574803 0.574803 
vn -0.574803 0.574803 -0.574803 
vn -0.574803 0.574803 -0.574803 
vn -1 0 0 
vn -1 0 0 
vn -1 0 0 
vn -1 0 0 
vn -0.574803 0.574803 0.574803 
vn -0.574803 0.574803 -0.574803 
vn -0.574803 -0.574803 -0.574803 
vn -0.574803 0.574803 -0.574803 
vn -0.574803 -0.574803 -0.574803 
vn -0.574803 -0.574803 0.574803 
vn -0.574803 -0.574803 0.574803 
vn -0.574803 0.574803 0.574803 
vn -0.582677 0.574803 0.574803 
vn -0.566929 -0.582677 -0.582677 
vn -0.582677 -0.574803 0.574803 
vn -0.566929 0.582677 -0.582677 
vn -0.574803 -0.574803 0.574803 
vn -0.582677 0.574803 0.574803 
vn -0.566929 0.582677 -0.582677 
vn -0.566929 -0.582677 -0.582677 
vn -0.582677 0.574803 0.574803 
vn -0.566929 0.582677 -0.582677 
vn -0.566929 -0.582677 -0.582677 
vn -0.574803 0.574803 0.574803 
vn -0.574803 -0.574803 -0.574803 
vn -0.574803 -0.574803 0.574803 
vn -0.582677 -0.574803 0.574803 
vn -0.582677 -0.574803 0.574803 
vn -0.574803 0.574803 0.574803 
vn -0.574803 -0.574803 -0.574803 
vn -0.574803 -0.574803 0.574803 
vn -0.574803 -0.574803 0.574803 
vn -0.574803 0.574803 0.574803 
vn -0.574803 0.574803 -0.574803 
vn -0.574803 -0.574803 -0.574803 
vn -0.574803 -0.574803 0.574803 
vn -0.574803 0.574803 -0.574803 
vn -0.574803 0.574803 -0.574803 
vn -0.574803 -0.574803 0.574803 
vn -0.748031 0.669291 -0.015748 
vn -0.748031 0.669291 -0.015748 
vn -0.748031 0.669291 -0.015748 
vn -1 0 0 
vn -1 0 0 
vn -1 0 0 
vn -1 0 0 
vn -1 0 0 
vn -0.748031 0.669291 -0.015748 
vn -0.748031 0.669291 -0.015748 
vn -0.748031 0.669291 -0.015748 
vn -0.748031 0.669291 -0.015748 
vn -0.748031 0.669291 -0.015748 
vn -0.748031 0.669291 -0.015748 
vn -0.748031 0.669291 -0.015748 
vn -0.748031 0.669291 -0.015748 
vn -0.748031 0.669291 -0.015748 
vn -0.748031 0.669291 -0.015748 
vn -0.748031 0.669291 -0.015748 
vn -1 0 0 
vn -1 0 0 
vn -1 0 0 
vn -1 0 0 
vn -1 0 0 
vn -1 0 0 
vn -1 0 0 
vn -1 0 0 
vn -0.748031 0.669291 -0.015748 
vn -0.748031 0.669291 -0.015748 
vn -0.748031 0.669291 -0.015748 
vn -0.748031 0.669291 -0.015748 
vn -1 0 0 
vn -1 0 0 
vn -1 0 0 
vn -1 0 0 
vn -1 0 0 
vn -1 0 0 
vn -1 0 0 
vn -1 0 0 
vn -1 0 0 
vn -1 0 0 
vn -1 0 0 
vn -1 0 0 
vn -1 0 0 
vn -1 0 0 
vn -1 0 0 
vn -1 0 0 
vn -1 0 0 
vn -1 0 0 
vn -1 0 0 
vn -1 0 0 
vn -1 0 0 
vn -1 0 0 
vn -1 0 0 
vn -1 0 0 
vn -1 0 0 
vn -1 0 0 
vn -1 0 0 
vn -1 0 0 
vn -1 0 0 
vn -1 0 0 
vn -1 0 0 
vn -0.748031 0.669291 -0.015748 
vn -0.748031 0.669291 -0.015748 
vn -0.748031 0.669291 -0.015748 
vn -0.748031 0.669291 -0.015748 
vn -0.748031 0.669291 -0.015748 
vn -0.748031 0.669291 -0.015748 
vn -0.748031 0.669291 -0.015748 
vn -0.748031 0.669291 -0.015748 
vn -0.748031 0.669291 -0.015748 
vn -0.748031 0.669291 -0.015748 
vn -0.748031 0.669291 -0.015748 
vn -0.748031 0.669291 -0.015748 
vn -0.748031 0.669291 -0.015748 
vn -0.748031 0.669291 -0.015748 
vn -0.748031 0.669291 -0.015748 
vn -0.748031 0.669291 -0.015748 
vn -0.748031 0.669291 -0.015748 
vn -0.748031 0.669291 -0.015748 
vn -0.748031 0.669291 -0.015748 
vn -0.748031 0.669291 -0.015748 
vn -1 0 0 
vn -1 0 0 
vn -1 0 0 
vn -0.748031 0.669291 -0.015748 
vn -0.748031 0.669291 -0.015748 
vn -1 0 0 
vn -1 0 0 
vn -1 0 0 
vn -1 0 0 
vn -1 0 0 
vn -1 0 0 
vn -1 0 0 
vn -1 0 0 
vn -1 0 0 
vn -1 0 0 
vn -1 0 0 
vn -1 0 0 
vn -1 0 0 
vn -1 0 0 
vn -1 0 0 
vn -1 0 0 
vn -1 0 0 
vn -1 0 0 
vn -1 0 0 
vn -1 0 0 
vn -1 0 0 
vn -1 0 0 
vn -1 0 0 
vn -1 0 0 
vn -1 0 0 
vn -1 0 0 
vn -1 0 0 
vn -1 0 0 
vn -1 0 0 
vn -1 0 0 
vn -1 0 0 
vn -1 0 0 
vn -1 0 0 
vn -1 0 0 
vn -1 0 0 
vn -1 0 0 
vn -1 0 0 
vn -1 0 0 
vn -0.574803 -0.574803 0.574803 
vn -0.574803 0.574803 -0.574803 
vn -0.574803 -0.574803 -0.574803 
vn -1 0 0 
vn -1 0 0 
vn -1 0 0 
vn -1 0 0 
vn -1 0 0 
vn -1 0 0 
vn -1 0 0 
vn -1 0 0 
vn -1 0 0 
vn -1 0 0 
vn -1 0 0 
vn -1 0 0 
vn -1 0 0 
vn -1 0 0 
vn -1 0 0 
vn -1 0 0 
vn -1 0 0 
vn -1 0 0 
vn -1 0 0 
vn -1 0 0 
vn -0.574803 0.574803 0.574803 
vn -0.574803 -0.574803 -0.574803 
vn -0.574803 -0.574803 0.574803 
vn -0.574803 0.574803 -0.574803 
vn -0.582677 0.574803 -0.574803 
vn -0.582677 -0.574803 -0.574803 
vn -0.566929 -0.582677 0.582677 
vn -0.582677 0.574803 -0.574803 
vn -0.582677 -0.574803 -0.574803 
vn -0.566929 -0.582677 0.582677 
vn -0.582677 0.574803 -0.574803 
vn -0.582677 -0.574803 -0.574803 
vn -0.566929 -0.582677 0.582677 
vn -0.566929 0.582677 0.582677 
vn -0.566929 0.582677 0.582677 
vn -0.582677 0.574803 -0.574803 
vn -0.582677 -0.574803 -0.574803 
vn -0.566929 -0.582677 0.582677 
vn -0.566929 0.582677 0.582677 
vn -0.574803 0.574803 0.574803 
vn -0.574803 -0.574803 -0.574803 
vn -0.574803 -0.574803 0.574803 
vn -0.574803 0.574803 -0.574803 
vn -0.574803 0.574803 0.574803 
vn -0.566929 0.582677 0.582677 
vn -0.574803 -0.574803 -0.574803 
vn -0.574803 -0.574803 0.574803 
vn -0.574803 0.574803 -0.574803 
vn -0.574803 -0.574803 -0.574803 
vn -0.574803 -0.574803 0.574803 
vn -0.574803 0.574803 -0.574803 
vn -0.574803 -0.574803 -0.574803 
vn -0.574803 -0.574803 0.574803 
vn -0.574803 0.574803 -0.574803 
vn -0.574803 -0.574803 -0.574803 
vn -0.574803 -0.574803 0.574803 
vn -0.574803 0.574803 -0.574803 
vn -0.574803 0.574803 0.574803 
vn -0.582677 0.574803 -0.574803 
vn -0.582677 -0.574803 -0.574803 
vn -0.566929 -0.582677 0.582677 
vn -0.582677 0.574803 -0.574803 
vn -0.582677 -0.574803 -0.574803 
vn -0.566929 -0.582677 0.582677 
vn -0.566929 0.582677 0.582677 
vn -0.574803 -0.574803 -0.574803 
vn -0.574803 -0.574803 0.574803 
vn -0.574803 0.574803 -0.574803 
vn -0.566929 0.582677 0.582677 
vn -0.574803 0.574803 0.574803 
vn -1 0 0 
vn -1 0 0 
vn -1 0 0 
vn -0.574803 -0.574803 0.574803 
vn -0.574803 0.574803 -0.574803 
vn -0.574803 -0.574803 -0.574803 
vn -0.574803 0.574803 -0.574803 
vn -0.574803 -0.574803 -0.574803 
vn -0.574803 0.574803 0.574803 
vn -0.574803 -0.574803 0.574803 
vn -0.574803 0.574803 0.574803 
vn -0.574803 0.574803 0.574803 
vn -0.574803 0.574803 0.574803 
vn -0.582677 0.574803 -0.574803 
vn -0.582677 -0.574803 -0.574803 
vn -0.566929 -0.582677 0.582677 
vn -0.566929 0.582677 0.582677 
vn -0.582677 0.574803 -0.574803 
vn -0.582677 -0.574803 -0.574803 
vn -0.566929 -0.582677 0.582677 
vn -0.566929 0.582677 0.582677 
vn -0.574803 -0.574803 -0.574803 
vn -0.574803 -0.574803 0.574803 
vn -0.574803 0.574803 -0.574803 
vn -0.574803 -0.574803 -0.574803 
vn -0.574803 -0.574803 0.574803 
vn -0.574803 0.574803 -0.574803 
vn -0.574803 -0.574803 -0.574803 
vn -0.574803 -0.574803 0.574803 
vn -0.574803 0.574803 -0.574803 
vn -0.574803 0.574803 0.574803 
vn -0.574803 0.574803 0.574803 
vn -0.574803 -0.574803 -0.574803 
vn -0.574803 -0.574803 0.574803 
vn -0.574803 0.574803 -0.574803 
vn -0.574803 0.574803 0.574803 
vn -0.574803 0.574803 0.574803 
vn -0.574803 0.574803 0.574803 
vn -1 0 0 
vn -1 0 0 
vn -1 0 0 
vn -1 0 0 
vn -1 0 0 
vn -1 0 0 
vn -1 0 0 
vn -1 0 0 
vn -1 0 0 
vn -1 0 0 
vn -1 0 0 
vn -1 0 0 
vn -1 0 0 
vn -1 0 0 
vn -1 0 0 
vn -1 0 0 
vn -1 0 0 
vn -1 0 0 
vn -1 0 0 
vn -1 0 0 
vn -1 0 0 
vn -1 0 0 
vn -1 0 0 
vn -1 0 0 
vn -1 0 0 
vn -1 0 0 
vn -1 0 0 
vn -1 0 0 
vn -1 0 0 
vn -1 0 0 
vn -1 0 0 
vn -1 0 0 
vn -1 0 0 
vn -1 0 0 
vn -1 0 0 
vn -1 0 0 
vn -1 0 0 
vn -1 0 0 
vn -1 0 0 
vn -1 0 0 
vn -1 0 0 
vn -1 0 0 
vn -1 0 0 
vn -1 0 0 
vn -1 0 0 
vn -1 0 0 
vn -1 0 0 
vn -1 0 0 
vn -1 0 0 
vn -1 0 0 
vn -1 0 0 
vn -1 0 0 
vn -1 0 0 
vn -1 0 0 
vn -1 0 0 
vn -1 0 0 
vn -1 0 0 
vn -1 0 0 
vn -1 0 0 
vn -1 0 0 
vn -1 0 0 
vn -1 0 0 
vn -1 0 0 
vn -0.748031 -0.669291 0.015748 
vn -0.748031 -0.669291 0.015748 
vn -0.748031 -0.669291 0.015748 
vn -0.748031 -0.669291 0.015748 
vn -0.748031 -0.669291 0.015748 
vn -0.748031 -0.669291 0.015748 
vn -0.748031 -0.669291 0.015748 
vn -0.748031 -0.669291 0.015748 
vn -0.748031 -0.669291 0.015748 
vn -0.748031 -0.669291 0.015748 
vn -0.748031 -0.669291 0.015748 
vn -0.748031 -0.669291 0.015748 
vn -0.748031 -0.669291 0.015748 
vn -0.748031 -0.669291 0.015748 
vn -1 0 0 
vn -1 0 0 
vn -1 0 0 
vn -1 0 0 
vn -1 0 0 
vn -1 0 0 
vn -1 0 0 
vn -1 0 0 
vn -1 0 0 
vn -1 0 0 
vn -1 0 0 
vn -1 0 0 
vn -0.748031 -0.669291 0.015748 
vn -0.748031 -0.669291 0.015748 
vn -0.748031 -0.669291 0.015748 
vn -0.748031 -0.669291 0.015748 
vn -0.748031 -0.669291 0.015748 
vn -0.748031 -0.669291 0.015748 
vn -0.748031 -0.669291 0.015748 
vn -0.748031 -0.669291 0.015748 
vn -0.748031 -0.669291 0.015748 
vn -0.748031 -0.669291 0.015748 
vn -0.748031 -0.669291 0.015748 
vn -0.748031 -0.669291 0.015748 
vn -0.748031 -0.669291 0.015748 
vn -0.748031 -0.669291 0.015748 
vn -0.748031 -0.669291 0.015748 
vn -0.748031 -0.669291 0.015748 
vn -0.748031 -0.669291 0.015748 
vn -0.748031 -0.669291 0.015748 
vn -0.748031 -0.669291 0.015748 
vn -0.748031 -0.669291 0.015748 
vn -0.748031 -0.669291 0.015748 
vn -0.748031 -0.669291 0.015748 
vn -0.748031 -0.669291 0.015748 
vn -0.748031 -0.669291 0.015748 
vn -0.748031 -0.669291 0.015748 
vn -0.748031 -0.669291 0.015748 
vn -0.574803 -0.574803 -0.574803 
vn 0.574803 -0.574803 0.574803 
vn -0.574803 -0.574803 0.574803 
vn -0.574803 -0.574803 -0.574803 
vn 0.574803 -0.574803 0.574803 
vn -0.574803 -0.574803 0.574803 
vn 0.566929 -0.582677 0.582677 
vn -0.566929 -0.582677 -0.582677 
vn 0.582677 -0.574803 -0.574803 
vn -0.582677 -0.574803 0.574803 
vn -0.566929 -0.582677 -0.582677 
vn 0.566929 -0.582677 0.582677 
vn -0.582677 -0.574803 0.574803 
vn -0.574803 -0.574803 0.574803 
vn -0.574803 -0.574803 -0.574803 
vn 0.574803 -0.574803 -0.574803 
vn -0.574803 -0.574803 0.574803 
vn -0.574803 -0.574803 -0.574803 
vn 0.574803 -0.574803 -0.574803 
vn 0.574803 -0.574803 0.574803 
vn 0.582677 -0.574803 -0.574803 
vn 0.574803 -0.574803 -0.574803 
vn 0.574803 -0.574803 -0.574803 
vn 0.566929 -0.582677 0.582677 
vn -0.566929 -0.582677 -0.582677 
vn 0.582677 -0.574803 -0.574803 
vn -0.582677 -0.574803 0.574803 
vn -0.566929 -0.582677 -0.582677 
vn 0.566929 -0.582677 0.582677 
vn -0.582677 -0.574803 0.574803 
vn 0.582677 -0.574803 -0.574803 
vn -0.574803 -0.574803 -0.574803 
vn 0.574803 -0.574803 0.574803 
vn -0.574803 -0.574803 0.574803 
vn -0.574803 -0.574803 0.574803 
vn 0.574803 -0.574803 -0.574803 
vn 0.574803 -0.574803 0.574803 
vn 0.574803 -0.574803 0.574803 
vn -0.574803 -0.574803 -0.574803 
vn 0.574803 -0.574803 -0.574803 
vn -0.574803 -0.574803 0.574803 
vn -0.574803 -0.574803 -0.574803 
vn 0.574803 -0.574803 0.574803 
vn -0.574803 -0.574803 0.574803 
vn 0.566929 -0.582677 0.582677 
vn -0.566929 -0.582677 -0.582677 
vn 0.582677 -0.574803 -0.574803 
vn -0.582677 -0.574803 0.574803 
vn -0.566929 -0.582677 -0.582677 
vn 0.566929 -0.582677 0.582677 
vn -0.582677 -0.574803 0.574803 
vn 0.574803 -0.574803 0.574803 
vn -0.574803 -0.574803 -0.574803 
vn 0.574803 -0.574803 -0.574803 
vn 0.574803 -0.574803 0.574803 
vn -0.574803 -0.574803 -0.574803 
vn 0.574803 -0.574803 -0.574803 
vn -0.574803 -0.574803 0.574803 
vn 0.582677 -0.574803 -0.574803 
vn 0.574803 -0.574803 -0.574803 
vn 0.566929 -0.582677 0.582677 
vn -0.566929 -0.582677 -0.582677 
vn 0.582677 -0.574803 -0.574803 
vn -0.582677 -0.574803 0.574803 
vn -0.566929 -0.582677 -0.582677 
vn 0.566929 -0.582677 0.582677 
vn -0.582677 -0.574803 0.574803 
vn 0.582677 -0.574803 -0.574803 
vn -0.574803 -0.574803 -0.574803 
vn 0.574803 -0.574803 0.574803 
vn -0.574803 -0.574803 0.574803 
vn -0.574803 -0.574803 -0.574803 
vn 0.574803 -0.574803 0.574803 
vn -0.574803 -0.574803 0.574803 
vn 0.574803 -0.574803 0.574803 
vn 0 -0.740157 0.677165 
vn 0 -0.740157 0.677165 
vn 0 -0.740157 0.677165 
vn 0 -0.740157 0.677165 
vn 0 -0.740157 0.677165 
vn 0 -0.740157 0.677165 
vn 0 -0.740157 0.677165 
vn 0 -0.740157 0.677165 
vn 0 -0.740157 0.677165 
vn 0 -0.748031 0.669291 
vn 0 -0.748031 0.669291 
vn 0 -0.748031 0.669291 
vn 0 -1 0 
vn 0 -1 0 
vn 0 -1 0 
vn 0 -0.740157 -0.677165 
vn 0 -0.740157 -0.677165 
vn 0 -0.740157 -0.677165 
vn 0 -0.748031 -0.669291 
vn 0 -0.748031 -0.669291 
vn 0 -0.748031 -0.669291 
vn 0 -1 0 
vn 0 -1 0 
vn 0 -1 0 
vn 0 -0.740157 -0.677165 
vn 0 -0.740157 -0.677165 
vn 0 -0.740157 -0.677165 
vn 0 -0.858268 -0.511811 
vn 0 -0.858268 -0.511811 
vn 0 -0.858268 -0.511811 
vn 0 -0.858268 -0.511811 
vn 0 -0.858268 -0.511811 
vn 0 -0.858268 -0.511811 
vn 0 -0.858268 -0.511811 
vn 0 -0.858268 -0.511811 
vn 0 -0.858268 -0.511811 
vn 0 -0.779528 -0.622047 
vn 0 -0.779528 -0.622047 
vn 0 -0.779528 -0.622047 
vn 0 -0.740157 -0.677165 
vn 0 -0.740157 -0.677165 
vn 0 -0.740157 -0.677165 
vn 0 -0.779528 -0.622047 
vn 0 -0.779528 -0.622047 
vn 0 -0.779528 -0.622047 
vn 0 -0.779528 -0.622047 
vn 0 -0.779528 -0.622047 
vn 0 -0.779528 -0.622047 
vn 0.574803 -0.574803 0.574803 
vn -0.574803 -0.574803 -0.574803 
vn 0.574803 -0.574803 -0.574803 
vn -0.574803 -0.574803 -0.574803 
vn 0.574803 -0.574803 0.574803 
vn -0.574803 -0.574803 0.574803 
vn -0.574803 -0.574803 -0.574803 
vn 0.574803 -0.574803 -0.574803 
vn -0.574803 -0.574803 0.574803 
vn -0.574803 -0.574803 0.574803 
vn 0 -1 0 
vn 0 -1 0 
vn 0 -1 0 
vn 0 -1 0 
vn 0 -1 0 
vn 0 -1 0 
vn 0.574803 -0.574803 -0.574803 
vn 0.574803 -0.574803 -0.574803 
vn 0 -0.732283 -0.685039 
vn 0 -0.732283 -0.685039 
vn 0 -0.732283 -0.685039 
vn 0 -0.732283 -0.685039 
vn 0 -0.732283 -0.685039 
vn 0 -0.732283 -0.685039 
vn 0.574803 -0.574803 -0.574803 
vn 0 -0.811024 0.590551 
vn 0 -0.811024 0.590551 
vn 0 -0.811024 0.590551 
vn 0 -0.811024 0.590551 
vn 0 -0.811024 0.590551 
vn 0 -0.811024 0.590551 
vn 0 -0.811024 0.590551 
vn 0 -0.811024 0.590551 
vn 0 -0.811024 0.590551 
vn 0 -0.811024 0.590551 
vn 0 -0.811024 0.590551 
vn 0 -0.811024 0.590551 
vn 0 -0.779528 -0.622047 
vn -0.574803 -0.574803 0.574803 
vn -0.574803 -0.574803 -0.574803 
vn 0.574803 -0.574803 0.574803 
vn -0.574803 -0.574803 0.574803 
vn -0.574803 -0.574803 -0.574803 
vn 0.574803 -0.574803 0.574803 
vn 0.566929 -0.582677 -0.582677 
vn -0.566929 -0.582677 0.582677 
vn -0.582677 -0.574803 -0.574803 
vn 0.582677 -0.574803 0.574803 
vn 0.566929 -0.582677 -0.582677 
vn -0.566929 -0.582677 0.582677 
vn -0.582677 -0.574803 -0.574803 
vn 0.582677 -0.574803 0.574803 
vn -0.574803 -0.574803 0.574803 
vn -0.574803 -0.574803 -0.574803 
vn 0.574803 -0.574803 0.574803 
vn -0.574803 -0.574803 0.574803 
vn -0.574803 -0.574803 -0.574803 
vn 0.574803 -0.574803 0.574803 
vn 0.566929 -0.582677 -0.582677 
vn -0.566929 -0.582677 0.582677 
vn -0.582677 -0.574803 -0.574803 
vn 0.574803 -0.574803 -0.574803 
vn 0.574803 -0.574803 -0.574803 
vn 0.582677 -0.574803 0.574803 
vn 0.566929 -0.582677 -0.582677 
vn -0.566929 -0.582677 0.582677 
vn -0.582677 -0.574803 -0.574803 
vn 0.582677 -0.574803 0.574803 
vn 0.574803 -0.574803 -0.574803 
vn 0.574803 -0.574803 0.574803 
vn -0.574803 -0.574803 -0.574803 
vn -0.574803 -0.574803 0.574803 
vn -0.574803 -0.574803 -0.574803 
vn 0.574803 -0.574803 0.574803 
vn -0.574803 -0.574803 -0.574803 
vn 0.574803 -0.574803 -0.574803 
vn 0.574803 -0.574803 0.574803 
vn -0.574803 -0.574803 0.574803 
vn -0.574803 -0.574803 0.574803 
vn -0.574803 -0.574803 -0.574803 
vn 0.574803 -0.574803 0.574803 
vn 0.566929 -0.582677 -0.582677 
vn -0.566929 -0.582677 0.582677 
vn -0.582677 -0.574803 -0.574803 
vn 0.582677 -0.574803 0.574803 
vn 0.566929 -0.582677 -0.582677 
vn -0.566929 -0.582677 0.582677 
vn -0.582677 -0.574803 -0.574803 
vn 0.582677 -0.574803 0.574803 
vn -0.574803 -0.574803 -0.574803 
vn 0.574803 -0.574803 -0.574803 
vn 0.574803 -0.574803 0.574803 
vn -0.574803 -0.574803 0.574803 
vn -0.574803 -0.574803 -0.574803 
vn 0.574803 -0.574803 0.574803 
vn 0.566929 -0.582677 -0.582677 
vn -0.566929 -0.582677 0.582677 
vn -0.582677 -0.574803 -0.574803 
vn 0.574803 -0.574803 -0.574803 
vn 0.566929 -0.582677 -0.582677 
vn -0.566929 -0.582677 0.582677 
vn -0.582677 -0.574803 -0.574803 
vn 0.582677 -0.574803 0.574803 
vn 0.582677 -0.574803 0.574803 
vn 0.574803 -0.574803 -0.574803 
vn 0.574803 -0.574803 0.574803 
vn -0.574803 -0.574803 -0.574803 
vn -0.574803 -0.574803 0.574803 
vn -0.574803 -0.574803 0.574803 
vn -0.574803 -0.574803 -0.574803 
vn 0.574803 -0.574803 0.574803 
vn -0.574803 -0.574803 0.574803 
vn 0 -0.740157 0.677165 
vn 0 -0.740157 0.677165 
vn 0 -0.858268 -0.511811 
vn 0 -0.858268 -0.511811 
vn 0 -0.858268 -0.511811 
vn 0 -0.748031 -0.669291 
vn 0 -0.779528 -0.622047 
vn 0 -0.779528 -0.622047 
vn 0 -0.740157 0.677165 
vn 0 -1 0 
vn 0 -1 0 
vn 0.574803 -0.574803 -0.574803 
vn -0.574803 -0.574803 0.574803 
vn -0.574803 -0.574803 -0.574803 
vn 0 -0.748031 0.669291 
vn 0 -0.740157 -0.677165 
vn 0 -0.740157 -0.677165 
vn 0 -0.740157 -0.677165 
vn 0.574803 -0.574803 0.574803 
vn 0 -0.732283 -0.685039 
vn 0 -1 0 
vn 0 -0.732283 -0.685039 
vn 0.574803 -0.574803 -0.574803 
vn 0 -0.811024 0.590551 
vn 0 -0.811024 0.590551 
vn 0 -0.811024 0.590551 
vn 0 -0.811024 0.590551 
vn 0.574803 -0.574803 -0.574803 
vn 0.574803 -0.574803 -0.574803 
vn 0.574803 -0.574803 -0.574803 
vn -0.574803 -0.574803 0.574803 
vn 0.574803 -0.574803 -0.574803 
vn 0 -1 0 
vn 0.574803 -0.574803 -0.574803 
vn -0.574803 -0.574803 0.574803 
vn -0.574803 -0.574803 -0.574803 
vn 0.574803 -0.574803 0.574803 
vn -0.566929 -0.582677 -0.582677 
vn 0.582677 0.574803 -0.574803 
vn 0.582677 -0.574803 -0.574803 
vn 0.574803 0.574803 -0.574803 
vn -0.574803 -0.574803 -0.574803 
vn -0.574803 0.574803 -0.574803 
vn -0.566929 -0.582677 -0.582677 
vn 0.582677 0.574803 -0.574803 
vn 0.582677 -0.574803 -0.574803 
vn -0.566929 0.582677 -0.582677 
vn -0.566929 0.582677 -0.582677 
vn -0.574803 -0.574803 -0.574803 
vn 0.574803 0.574803 -0.574803 
vn 0.574803 -0.574803 -0.574803 
vn -0.574803 0.574803 -0.574803 
vn 0.574803 -0.574803 -0.574803 
vn -0.574803 -0.574803 -0.574803 
vn -0.574803 -0.574803 -0.574803 
vn -0.574803 0.574803 -0.574803 
vn 0.574803 0.574803 -0.574803 
vn -0.574803 0.574803 -0.574803 
vn 0.574803 0.574803 -0.574803 
vn -0.574803 -0.574803 -0.574803 
vn -0.574803 0.574803 -0.574803 
vn 0.574803 0.574803 -0.574803 
vn -0.574803 -0.574803 -0.574803 
vn -0.574803 0.574803 -0.574803 
vn 0.582677 0.574803 -0.574803 
vn -0.566929 -0.582677 -0.582677 
vn -0.566929 0.582677 -0.582677 
vn 0.582677 -0.574803 -0.574803 
vn 0.574803 -0.574803 -0.574803 
vn -0.566929 -0.582677 -0.582677 
vn 0.582677 0.574803 -0.574803 
vn 0.582677 -0.574803 -0.574803 
vn 0.574803 -0.574803 -0.574803 
vn -0.566929 0.582677 -0.582677 
vn -0.574803 -0.574803 -0.574803 
vn 0.574803 0.574803 -0.574803 
vn 0.574803 -0.574803 -0.574803 
vn 0 -0.677165 -0.740157 
vn 0 -0.677165 -0.740157 
vn 0 -0.677165 -0.740157 
vn 0 0.511811 -0.858268 
vn 0 0.511811 -0.858268 
vn 0 0.511811 -0.858268 
vn 0.574803 -0.574803 -0.574803 
vn -0.574803 0.574803 -0.574803 
vn 0.574803 -0.574803 -0.574803 
vn -0.566929 -0.582677 -0.582677 
vn 0.582677 0.574803 -0.574803 
vn 0.582677 -0.574803 -0.574803 
vn 0.574803 0.574803 -0.574803 
vn -0.574803 -0.574803 -0.574803 
vn -0.574803 0.574803 -0.574803 
vn -0.566929 0.582677 -0.582677 
vn -0.574803 -0.574803 -0.574803 
vn 0.574803 0.574803 -0.574803 
vn 0.574803 -0.574803 -0.574803 
vn 0.582677 0.574803 -0.574803 
vn -0.566929 -0.582677 -0.582677 
vn -0.566929 0.582677 -0.582677 
vn -0.574803 -0.574803 -0.574803 
vn 0.574803 0.574803 -0.574803 
vn 0.574803 -0.574803 -0.574803 
vn -0.574803 0.574803 -0.574803 
vn 0.574803 -0.574803 -0.574803 
vn -0.574803 -0.574803 -0.574803 
vn -0.574803 -0.574803 -0.574803 
vn -0.574803 0.574803 -0.574803 
vn 0.574803 0.574803 -0.574803 
vn -0.574803 0.574803 -0.574803 
vn -0.574803 0.574803 -0.574803 
vn 0.582677 -0.574803 -0.574803 
vn -0.566929 -0.582677 -0.582677 
vn 0.582677 0.574803 -0.574803 
vn 0.582677 -0.574803 -0.574803 
vn 0.574803 -0.574803 -0.574803 
vn -0.566929 -0.582677 -0.582677 
vn 0.582677 0.574803 -0.574803 
vn 0.582677 -0.574803 -0.574803 
vn -0.566929 0.582677 -0.582677 
vn -0.566929 0.582677 -0.582677 
vn -0.574803 -0.574803 -0.574803 
vn 0.574803 0.574803 -0.574803 
vn 0.574803 -0.574803 -0.574803 
vn 0.574803 -0.574803 -0.574803 
vn -0.574803 -0.574803 -0.574803 
vn 0.574803 0.574803 -0.574803 
vn 0.574803 -0.574803 -0.574803 
vn -0.574803 0.574803 -0.574803 
vn -0.574803 0.574803 -0.574803 
vn 0 0.685039 -0.732283 
vn 0 0.685039 -0.732283 
vn 0 0.685039 -0.732283 
vn 0 0 -1 
vn 0 0 -1 
vn 0 0 -1 
vn 0 -0.677165 -0.740157 
vn 0 -0.677165 -0.740157 
vn 0 -0.677165 -0.740157 
vn 0.574803 0.574803 -0.574803 
vn 0 0 -1 
vn 0 0 -1 
vn 0 0 -1 
vn 0 0 -1 
vn 0 0 -1 
vn 0 0 -1 
vn 0 0 -1 
vn 0 0 -1 
vn 0 0 -1 
vn 0 0 -1 
vn 0 0 -1 
vn 0 0 -1 
vn 0 0 -1 
vn 0 0 -1 
vn 0 0 -1 
vn 0 0 -1 
vn 0 0 -1 
vn 0 0 -1 
vn 0 0 -1 
vn 0 0 -1 
vn 0 0 -1 
vn 0 0.677165 -0.740157 
vn 0 0.677165 -0.740157 
vn 0 0.677165 -0.740157 
vn 0 -0.677165 -0.740157 
vn 0 -0.677165 -0.740157 
vn 0 -0.677165 -0.740157 
vn 0 -0.677165 -0.740157 
vn 0 -0.677165 -0.740157 
vn 0 -0.677165 -0.740157 
vn 0 0.511811 -0.858268 
vn 0 0.511811 -0.858268 
vn 0 0.511811 -0.858268 
vn 0 0.511811 -0.858268 
vn 0 0.511811 -0.858268 
vn 0 0.511811 -0.858268 
vn 0 0.685039 -0.732283 
vn 0 0.685039 -0.732283 
vn 0 0.685039 -0.732283 
vn 0 0.677165 -0.740157 
vn 0 0.677165 -0.740157 
vn 0 0.677165 -0.740157 
vn 0 0.677165 -0.740157 
vn 0 0.677165 -0.740157 
vn 0 0.677165 -0.740157 
vn 0 0.677165 -0.740157 
vn 0 0.677165 -0.740157 
vn 0 0.677165 -0.740157 
vn 0 0.622047 -0.779528 
vn 0 0.622047 -0.779528 
vn 0 0.622047 -0.779528 
vn 0 0.622047 -0.779528 
vn 0 0.622047 -0.779528 
vn 0 0.622047 -0.779528 
vn -0.433071 -0.503937 -0.748031 
vn -0.433071 -0.503937 -0.748031 
vn -0.433071 -0.503937 -0.748031 
vn -0.433071 -0.503937 -0.748031 
vn -0.433071 -0.503937 -0.748031 
vn -0.433071 -0.503937 -0.748031 
vn -0.433071 -0.503937 -0.748031 
vn -0.433071 -0.503937 -0.748031 
vn -0.433071 -0.503937 -0.748031 
vn -0.433071 -0.503937 -0.748031 
vn -0.433071 -0.503937 -0.748031 
vn -0.433071 -0.503937 -0.748031 
vn -0.433071 -0.503937 -0.748031 
vn -0.433071 -0.503937 -0.748031 
vn -0.433071 -0.503937 -0.748031 
vn 0.503937 0.543307 -0.669291 
vn 0.503937 0.543307 -0.669291 
vn 0.503937 0.543307 -0.669291 
vn 0.503937 0.543307 -0.669291 
vn 0.503937 0.543307 -0.669291 
vn 0.503937 0.543307 -0.669291 
vn 0.503937 0.543307 -0.669291 
vn -0.433071 -0.503937 -0.748031 
vn 0.503937 0.543307 -0.669291 
vn 0.503937 0.543307 -0.669291 
vn 0.503937 0.543307 -0.669291 
vn 0.503937 0.543307 -0.669291 
vn 0 0.677165 -0.732283 
vn 0 0.677165 -0.732283 
vn 0 0.677165 -0.732283 
vn 0.503937 0.543307 -0.669291 
vn 0.496063 0.535433 -0.685039 
vn 0.496063 0.535433 -0.685039 
vn 0.496063 0.535433 -0.685039 
vn 0.574803 0.574803 -0.574803 
vn 0.496063 0.535433 -0.685039 
vn 0 -0.590551 -0.811024 
vn 0 -0.590551 -0.811024 
vn 0 -0.590551 -0.811024 
vn 0 -0.590551 -0.811024 
vn 0 -0.590551 -0.811024 
vn 0 -0.590551 -0.811024 
vn 0 -0.590551 -0.811024 
vn 0 -0.590551 -0.811024 
vn 0 -0.590551 -0.811024 
vn 0 -0.590551 -0.811024 
vn 0 -0.590551 -0.811024 
vn 0 -0.590551 -0.811024 
vn 0 0.622047 -0.779528 
vn -0.582677 0.574803 -0.574803 
vn 0.566929 -0.582677 -0.582677 
vn -0.582677 -0.574803 -0.574803 
vn -0.574803 0.574803 -0.574803 
vn 0.574803 -0.574803 -0.574803 
vn -0.574803 -0.574803 -0.574803 
vn -0.582677 0.574803 -0.574803 
vn 0.566929 -0.582677 -0.582677 
vn -0.582677 -0.574803 -0.574803 
vn 0.566929 0.582677 -0.582677 
vn 0.566929 0.582677 -0.582677 
vn -0.574803 0.574803 -0.574803 
vn 0.574803 -0.574803 -0.574803 
vn -0.574803 -0.574803 -0.574803 
vn 0 0.511811 -0.858268 
vn 0 -0.677165 -0.740157 
vn -0.574803 0.574803 -0.574803 
vn 0.574803 -0.574803 -0.574803 
vn -0.574803 -0.574803 -0.574803 
vn -0.574803 0.574803 -0.574803 
vn 0.574803 -0.574803 -0.574803 
vn -0.574803 -0.574803 -0.574803 
vn 0.574803 0.574803 -0.574803 
vn -0.582677 0.574803 -0.574803 
vn 0.566929 -0.582677 -0.582677 
vn -0.582677 -0.574803 -0.574803 
vn 0.574803 0.574803 -0.574803 
vn -0.582677 0.574803 -0.574803 
vn 0.566929 -0.582677 -0.582677 
vn -0.582677 -0.574803 -0.574803 
vn 0.566929 0.582677 -0.582677 
vn 0.566929 0.582677 -0.582677 
vn -0.574803 0.574803 -0.574803 
vn 0.574803 -0.574803 -0.574803 
vn -0.574803 -0.574803 -0.574803 
vn 0.574803 0.574803 -0.574803 
vn -0.574803 0.574803 -0.574803 
vn 0.574803 -0.574803 -0.574803 
vn -0.574803 -0.574803 -0.574803 
vn 0.574803 0.574803 -0.574803 
vn 0.574803 0.574803 -0.574803 
vn 0.574803 0.574803 -0.574803 
vn -0.582677 0.574803 -0.574803 
vn 0.566929 -0.582677 -0.582677 
vn -0.582677 -0.574803 -0.574803 
vn -0.574803 0.574803 -0.574803 
vn 0.574803 -0.574803 -0.574803 
vn -0.574803 -0.574803 -0.574803 
vn 0.566929 0.582677 -0.582677 
vn -0.582677 0.574803 -0.574803 
vn 0.566929 -0.582677 -0.582677 
vn -0.582677 -0.574803 -0.574803 
vn 0.566929 0.582677 -0.582677 
vn -0.574803 0.574803 -0.574803 
vn 0.574803 -0.574803 -0.574803 
vn -0.574803 -0.574803 -0.574803 
vn -0.574803 0.574803 -0.574803 
vn 0.574803 -0.574803 -0.574803 
vn -0.574803 -0.574803 -0.574803 
vn -0.574803 0.574803 -0.574803 
vn 0.574803 -0.574803 -0.574803 
vn -0.574803 -0.574803 -0.574803 
vn 0.574803 0.574803 -0.574803 
vn 0.574803 0.574803 -0.574803 
vn -0.582677 0.574803 -0.574803 
vn 0.566929 -0.582677 -0.582677 
vn -0.582677 -0.574803 -0.574803 
vn 0.574803 0.574803 -0.574803 
vn -0.582677 0.574803 -0.574803 
vn 0.566929 -0.582677 -0.582677 
vn -0.582677 -0.574803 -0.574803 
vn 0.566929 0.582677 -0.582677 
vn -0.574803 0.574803 -0.574803 
vn 0.574803 -0.574803 -0.574803 
vn -0.574803 -0.574803 -0.574803 
vn 0.566929 0.582677 -0.582677 
vn -0.574803 0.574803 -0.574803 
vn 0.574803 -0.574803 -0.574803 
vn -0.574803 -0.574803 -0.574803 
vn 0.574803 0.574803 -0.574803 
vn -0.574803 -0.574803 -0.574803 
vn 0.574803 0.574803 -0.574803 
vn 0.574803 -0.574803 -0.574803 
vn 0.574803 0.574803 -0.574803 
vn 0.574803 0.574803 -0.574803 
vn -0.574803 -0.574803 -0.574803 
vn 0.574803 0.574803 -0.574803 
vn 0.574803 -0.574803 -0.574803 
vn 0 -0.677165 -0.740157 
vn 0 -0.677165 -0.740157 
vn 0 0.511811 -0.858268 
vn 0 0.685039 -0.732283 
vn 0 0.685039 -0.732283 
vn 0 0.511811 -0.858268 
vn 0 -0.677165 -0.740157 
vn 0 0.677165 -0.740157 
vn 0 0.677165 -0.740157 
vn 0 0.622047 -0.779528 
vn 0 0.677165 -0.740157 
vn 0 0 -1 
vn 0 0 -1 
vn -0.574803 0.574803 -0.574803 
vn 0 0 -1 
vn 0 0 -1 
vn 0 0 -1 
vn 0 0.677165 -0.740157 
vn 0 0 -1 
vn 0 0 -1 
vn 0 0 -1 
vn 0.433071 -0.503937 -0.748031 
vn 0.433071 -0.503937 -0.748031 
vn 0.433071 -0.503937 -0.748031 
vn 0 0.677165 -0.732283 
vn -0.503937 0.543307 -0.669291 
vn -0.503937 0.543307 -0.669291 
vn -0.503937 0.543307 -0.669291 
vn -0.503937 0.543307 -0.669291 
vn -0.574803 0.574803 -0.574803 
vn -0.496063 0.535433 -0.685039 
vn -0.496063 0.535433 -0.685039 
vn -0.496063 0.535433 -0.685039 
vn -0.496063 0.535433 -0.685039 
vn 0 -0.590551 -0.811024 
vn 0 -0.590551 -0.811024 
vn 0 -0.590551 -0.811024 
vn 0 -0.590551 -0.811024 
vn -0.503937 0.543307 -0.669291 
vn -0.503937 0.543307 -0.669291 
vn -0.503937 0.543307 -0.669291 
vn 0.433071 -0.503937 -0.748031 
vn 0.433071 -0.503937 -0.748031 
vn 0.433071 -0.503937 -0.748031 
vn 0.433071 -0.503937 -0.748031 
vn 0.433071 -0.503937 -0.748031 
vn 0.433071 -0.503937 -0.748031 
vn 0.433071 -0.503937 -0.748031 
vn 0.433071 -0.503937 -0.748031 
vn 0.433071 -0.503937 -0.748031 
vn 0.433071 -0.503937 -0.748031 
vn 0.433071 -0.503937 -0.748031 
vn 0.433071 -0.503937 -0.748031 
vn -0.503937 0.543307 -0.669291 
vn -0.503937 0.543307 -0.669291 
vn -0.503937 0.543307 -0.669291 
vn -0.503937 0.543307 -0.669291 
vn -0.503937 0.543307 -0.669291 
vn 0.433071 -0.503937 -0.748031 

vt 11.9716 -57.2754 
vt 11.9324 -57.2981 
vt 11.9716 -57.2981 
vt 11.9716 -57.2754 
vt 11.9324 -57.2981 
vt 11.9716 -57.2981 
vt 12.0508 -57.2698 
vt 11.9698 -57.3026 
vt 12.0508 -57.3026 
vt 11.9716 -57.2754 
vt 11.9324 -57.2981 
vt 11.9716 -57.2981 
vt 11.9324 -57.2754 
vt 11.9324 -57.2754 
vt 11.9716 -57.2754 
vt 11.9324 -57.2981 
vt 11.9716 -57.2981 
vt 11.9324 -57.2754 
vt 12.1122 -57.3049 
vt 12.1122 -57.1909 
vt 12.0483 -57.1909 
vt 12.1162 -57.0417 
vt 12.0444 -57.2015 
vt 12.1162 -57.2015 
vt 12.2295 -57.1666 
vt 12.1931 -57.1596 
vt 12.2058 -57.1807 
vt 12.0483 -57.3049 
vt 11.9324 -57.2754 
vt 11.9698 -57.2698 
vt 12.2168 -57.1454 
vt 12.4554 -57.1559 
vt 12.4058 -57.1547 
vt 12.4333 -57.18 
vt 12.4279 -57.1307 
vt 12.4058 -57.1547 
vt 12.4279 -57.1307 
vt 12.3853 -57.1359 
vt 12.2168 -57.1454 
vt 12.1777 -57.1338 
vt 12.1931 -57.1596 
vt 11.9498 -57.1347 
vt 11.9464 -57.1716 
vt 11.9666 -57.1528 
vt 11.9296 -57.1536 
vt 11.9498 -57.1347 
vt 11.9091 -57.1316 
vt 11.9296 -57.1536 
vt 12.2014 -57.1197 
vt 12.2014 -57.1197 
vt 12.2404 -57.1312 
vt 12.225 -57.1055 
vt 12.4074 -57.1118 
vt 12.3853 -57.1359 
vt 12.4074 -57.1118 
vt 12.3604 -57.113 
vt 12.2168 -57.1454 
vt 11.9293 -57.1128 
vt 11.9699 -57.1159 
vt 11.9293 -57.1128 
vt 11.9498 -57.1347 
vt 11.9332 -57.2762 
vt 11.9187 -57.2805 
vt 11.9332 -57.2805 
vt 11.9332 -57.2762 
vt 11.9059 -57.2805 
vt 11.9332 -57.2805 
vt 11.6103 -57.2754 
vt 11.5712 -57.2981 
vt 11.6103 -57.2981 
vt 11.6103 -57.2754 
vt 11.5712 -57.2981 
vt 11.6103 -57.2981 
vt 11.5712 -57.2754 
vt 11.572 -57.2762 
vt 11.5446 -57.2805 
vt 11.572 -57.2805 
vt 11.572 -57.2762 
vt 11.5501 -57.2805 
vt 11.572 -57.2805 
vt 11.5712 -57.2754 
vt 11.9332 -57.2762 
vt 11.9114 -57.2805 
vt 11.9332 -57.2805 
vt 11.9059 -57.2762 
vt 11.9114 -57.2762 
vt 11.572 -57.2762 
vt 11.5538 -57.2805 
vt 11.572 -57.2805 
vt 11.5538 -57.2762 
vt 11.5446 -57.2762 
vt 11.5501 -57.2762 
vt 11.9332 -57.2762 
vt 11.915 -57.2805 
vt 11.9332 -57.2805 
vt 11.6103 -57.2754 
vt 11.5712 -57.2981 
vt 11.6103 -57.2981 
vt 11.6896 -57.2698 
vt 11.6085 -57.3026 
vt 11.6896 -57.3026 
vt 11.6085 -57.2698 
vt 11.6103 -57.2754 
vt 11.5712 -57.2981 
vt 11.6103 -57.2981 
vt 11.5712 -57.2754 
vt 11.572 -57.2762 
vt 11.5575 -57.2805 
vt 11.572 -57.2805 
vt 11.5712 -57.2754 
vt 11.915 -57.2762 
vt 11.9187 -57.2762 
vt 11.751 -57.3049 
vt 11.751 -57.1909 
vt 11.6871 -57.1909 
vt 11.7549 -57.0842 
vt 11.6832 -57.2015 
vt 11.7549 -57.2015 
vt 11.6871 -57.3049 
vt 11.5575 -57.2762 
vt 11.6832 -57.0842 
vt 12.449 -57.1078 
vt 12.4074 -57.1118 
vt 12.4279 -57.1307 
vt 12.2487 -57.0913 
vt 12.1822 -57.034 
vt 12.225 -57.1055 
vt 12.2059 -57.0198 
vt 12.4246 -56.8991 
vt 12.3002 -57.0104 
vt 12.3213 -57.0333 
vt 12.225 -57.1055 
vt 12.1586 -57.0482 
vt 12.2014 -57.1197 
vt 12.2014 -57.1197 
vt 12.1349 -57.0623 
vt 12.1777 -57.1338 
vt 12.1586 -57.0482 
vt 12.1822 -57.034 
vt 12.1014 -56.8405 
vt 12.167 -56.8233 
vt 12.1498 -56.8017 
vt 12.1905 -56.8046 
vt 12.1498 -56.8017 
vt 12.167 -56.8233 
vt 12.1733 -56.783 
vt 12.1754 -56.7461 
vt 12.1733 -56.783 
vt 12.1926 -56.7676 
vt 12.1561 -56.7615 
vt 12.1733 -56.783 
vt 12.1326 -56.7802 
vt 12.1498 -56.8017 
vt 12.1561 -56.7615 
vt 12.4457 -56.922 
vt 12.4285 -57.0889 
vt 12.4495 -57.066 
vt 12.4036 -57.066 
vt 12.4285 -57.0889 
vt 12.4246 -57.0431 
vt 12.4036 -57.066 
vt 12.4074 -57.1118 
vt 12.4285 -57.0889 
vt 12.3825 -57.0889 
vt 12.3825 -57.0889 
vt 12.2581 -56.9776 
vt 12.3604 -57.113 
vt 12.3825 -57.0889 
vt 12.2792 -56.9546 
vt 12.3825 -57.0889 
vt 12.4036 -57.066 
vt 12.3002 -57.0104 
vt 12.4246 -56.8991 
vt 12.4036 -56.8762 
vt 12.2792 -56.9875 
vt 12.4036 -56.8762 
vt 12.3825 -56.8533 
vt 12.4495 -56.8762 
vt 12.4036 -56.8762 
vt 12.4246 -56.8991 
vt 12.2792 -56.9875 
vt 12.2581 -56.9646 
vt 12.3604 -56.8292 
vt 12.236 -56.9406 
vt 12.2581 -56.9646 
vt 12.1186 -56.8621 
vt 11.8971 -57.0433 
vt 11.9116 -57.0313 
vt 11.8971 -57.0214 
vt 11.9311 -57.0445 
vt 11.9269 -57.0188 
vt 11.9116 -57.0313 
vt 11.9464 -57.032 
vt 11.8825 -57.0334 
vt 11.868 -57.0453 
vt 11.8648 -57.0214 
vt 11.8503 -57.0333 
vt 11.8825 -57.0334 
vt 11.8825 -57.0334 
vt 11.8971 -57.0214 
vt 11.8794 -57.0094 
vt 11.8648 -57.0214 
vt 11.9116 -57.0313 
vt 11.9124 -57.0089 
vt 11.8971 -57.0214 
vt 11.9269 -57.0188 
vt 11.8947 -56.9969 
vt 11.8971 -57.0214 
vt 11.9124 -57.0089 
vt 11.8794 -57.0094 
vt 11.7373 -56.9537 
vt 11.8357 -57.0453 
vt 11.8503 -57.0333 
vt 11.7518 -56.9417 
vt 11.8503 -57.0333 
vt 11.8648 -57.0214 
vt 11.7227 -56.9656 
vt 12.0444 -57.0417 
vt 11.9494 -57.094 
vt 11.9494 -57.094 
vt 11.8871 -57.0673 
vt 11.9293 -57.1128 
vt 11.9072 -57.0485 
vt 11.9293 -57.1128 
vt 11.8669 -57.0861 
vt 11.9091 -57.1316 
vt 11.8871 -57.0673 
vt 11.7664 -56.9298 
vt 11.8648 -57.0214 
vt 11.8794 -57.0094 
vt 11.7817 -56.9172 
vt 11.8794 -57.0094 
vt 11.8947 -56.9969 
vt 12.1498 -56.8017 
vt 12.0842 -56.819 
vt 12.1014 -56.8405 
vt 12.1326 -56.7802 
vt 11.7664 -56.9298 
vt 11.7373 -56.9537 
vt 11.7518 -56.9417 
vt 12.236 -57.0016 
vt 11.9324 -57.2754 
vt 11.9716 -57.2981 
vt 11.9716 -57.2754 
vt 11.9324 -57.2754 
vt 11.9716 -57.2981 
vt 11.9716 -57.2754 
vt 11.9324 -57.2754 
vt 11.9716 -57.2981 
vt 11.9716 -57.2754 
vt 11.9324 -57.2981 
vt 11.9332 -57.2805 
vt 11.9187 -57.2762 
vt 11.9187 -57.2805 
vt 11.9324 -57.2981 
vt 11.9324 -57.2981 
vt 11.9332 -57.2805 
vt 11.915 -57.2762 
vt 11.915 -57.2805 
vt 12.3002 -56.9317 
vt 12.4036 -57.066 
vt 12.4246 -57.0431 
vt 11.9332 -57.2762 
vt 12.3998 -57.0437 
vt 12.2075 -56.9804 
vt 12.2075 -57.0437 
vt 11.9332 -57.2762 
vt 11.9114 -57.2762 
vt 11.9332 -57.2805 
vt 11.9332 -57.2762 
vt 11.9114 -57.2805 
vt 11.9059 -57.2762 
vt 11.9332 -57.2805 
vt 11.9332 -57.2762 
vt 12.1122 -57.1909 
vt 12.0483 -57.3049 
vt 12.1122 -57.3049 
vt 12.0483 -57.1909 
vt 12.1162 -57.2015 
vt 12.0444 -57.0417 
vt 12.0444 -57.2015 
vt 11.9698 -57.2698 
vt 12.0508 -57.3026 
vt 12.0508 -57.2698 
vt 11.9324 -57.2754 
vt 11.9716 -57.2981 
vt 11.9716 -57.2754 
vt 11.9698 -57.3026 
vt 11.9324 -57.2981 
vt 12.1162 -57.0417 
vt 12.0923 -56.9876 
vt 12.2239 -57.0652 
vt 12.2239 -56.9876 
vt 12.0923 -57.0652 
vt 11.9637 -56.9845 
vt 12.1033 -57.0773 
vt 12.1033 -56.9845 
vt 11.9637 -57.0773 
vt 11.9272 -57.0091 
vt 11.9314 -57.0348 
vt 11.9467 -57.0223 
vt 11.9119 -57.0216 
vt 11.9059 -57.2805 
vt 11.5712 -57.2754 
vt 11.6103 -57.2981 
vt 11.6103 -57.2754 
vt 11.5712 -57.2754 
vt 11.6103 -57.2981 
vt 11.6103 -57.2754 
vt 11.5712 -57.2754 
vt 11.6103 -57.2981 
vt 11.6103 -57.2754 
vt 11.5712 -57.2981 
vt 11.572 -57.2805 
vt 11.5575 -57.2762 
vt 11.5575 -57.2805 
vt 11.5712 -57.2981 
vt 11.5712 -57.2981 
vt 11.572 -57.2805 
vt 11.5538 -57.2762 
vt 11.5538 -57.2805 
vt 11.572 -57.2762 
vt 11.572 -57.2762 
vt 11.5501 -57.2762 
vt 11.572 -57.2805 
vt 11.572 -57.2762 
vt 11.5446 -57.2762 
vt 11.572 -57.2805 
vt 11.572 -57.2762 
vt 11.5501 -57.2805 
vt 11.5446 -57.2805 
vt 11.5712 -57.2754 
vt 11.6103 -57.2981 
vt 11.6103 -57.2754 
vt 11.751 -57.1909 
vt 11.6871 -57.3049 
vt 11.751 -57.3049 
vt 11.6871 -57.1909 
vt 11.7549 -57.2015 
vt 11.6832 -57.0842 
vt 11.6832 -57.2015 
vt 11.6085 -57.2698 
vt 11.6896 -57.3026 
vt 11.6896 -57.2698 
vt 11.6085 -57.3026 
vt 11.5712 -57.2981 
vt 11.7549 -57.0842 
vt 11.8973 -57.0117 
vt 11.8973 -57.0336 
vt 11.9119 -57.0216 
vt 11.8828 -57.0237 
vt 11.8651 -57.0117 
vt 11.8682 -57.0356 
vt 11.8828 -57.0237 
vt 11.6577 -56.9901 
vt 11.9762 -57.0949 
vt 11.9762 -56.9901 
vt 11.6577 -57.0949 
vt 11.8505 -57.0236 
vt 11.8796 -56.9997 
vt 11.8828 -57.0237 
vt 11.8973 -57.0117 
vt 12.4285 -56.8533 
vt 12.4036 -56.8762 
vt 12.4074 -56.8304 
vt 12.3825 -56.8533 
vt 12.3213 -56.9088 
vt 12.4246 -57.0431 
vt 12.4457 -57.0202 
vt 12.3002 -56.9317 
vt 12.3825 -56.8533 
vt 12.2581 -56.9776 
vt 12.2792 -56.9546 
vt 12.4285 -56.8533 
vt 12.449 -56.8344 
vt 12.4074 -56.8304 
vt 12.4285 -56.8533 
vt 12.4279 -56.8115 
vt 12.4279 -56.8115 
vt 12.3853 -56.8063 
vt 12.4074 -56.8304 
vt 12.4058 -56.7875 
vt 12.4074 -56.8304 
vt 12.3604 -56.8292 
vt 12.3825 -56.8533 
vt 12.3853 -56.8063 
vt 12.4554 -56.7863 
vt 12.4058 -56.7875 
vt 12.4279 -56.8115 
vt 12.3998 -56.9804 
vt 12.2075 -56.8939 
vt 12.3998 -56.9804 
vt 12.3998 -56.8939 
vt 12.2075 -56.9804 
vt 12.2239 -56.9876 
vt 12.0923 -56.8294 
vt 12.0923 -56.9876 
vt 11.9126 -56.9992 
vt 11.8949 -56.9872 
vt 11.8973 -57.0117 
vt 11.9119 -57.0216 
vt 11.9272 -57.0091 
vt 11.9126 -56.9992 
vt 11.8973 -57.0117 
vt 12.1033 -56.9845 
vt 11.9637 -56.7953 
vt 11.9637 -56.9845 
vt 12.4333 -56.7622 
vt 12.2239 -56.8294 
vt 12.1033 -56.7953 
vt 11.9413 -56.7165 
vt 11.8994 -56.7154 
vt 11.9274 -56.7357 
vt 11.9134 -56.6962 
vt 11.8994 -56.7154 
vt 11.9118 -56.7572 
vt 11.9274 -56.7357 
vt 11.8839 -56.7369 
vt 11.8353 -56.8627 
vt 11.8654 -56.7623 
vt 11.8073 -56.8424 
vt 11.8934 -56.7826 
vt 11.8934 -56.7826 
vt 11.8839 -56.7369 
vt 11.8654 -56.7623 
vt 11.7793 -56.8221 
vt 11.8654 -56.7623 
vt 11.8374 -56.742 
vt 11.7514 -56.8018 
vt 11.7815 -56.7014 
vt 11.7234 -56.7815 
vt 11.8073 -56.8424 
vt 11.8374 -56.742 
vt 11.7514 -56.8018 
vt 11.7793 -56.8221 
vt 11.8094 -56.7217 
vt 11.8839 -56.7369 
vt 11.8714 -56.6951 
vt 11.8559 -56.7166 
vt 11.8839 -56.7369 
vt 11.8374 -56.742 
vt 11.8654 -56.7623 
vt 11.8559 -56.7166 
vt 11.8279 -56.6963 
vt 11.8374 -56.742 
vt 11.8559 -56.7166 
vt 11.8094 -56.7217 
vt 11.8094 -56.7217 
vt 11.9118 -56.7572 
vt 11.8796 -56.9997 
vt 11.7667 -56.9201 
vt 11.8651 -57.0117 
vt 11.8796 -56.9997 
vt 11.8651 -57.0117 
vt 11.8651 -57.0117 
vt 11.7521 -56.932 
vt 11.8505 -57.0236 
vt 11.836 -57.0355 
vt 11.7375 -56.944 
vt 11.723 -56.9559 
vt 11.8505 -57.0236 
vt 11.7375 -56.944 
vt 11.8994 -56.7154 
vt 11.6577 -56.7763 
vt 11.9762 -56.9901 
vt 11.9762 -56.7763 
vt 11.8949 -56.9872 
vt 11.7819 -56.9075 
vt 11.8796 -56.9997 
vt 11.7667 -56.9201 
vt 11.7521 -56.932 
vt 11.6577 -56.9901 
vt 12.0935 -56.9059 
vt 12.0935 -56.9332 
vt 12.106 -56.9332 
vt 12.0782 -56.9114 
vt 12.0782 -56.9332 
vt 12.0907 -56.9332 
vt 12.0907 -56.9114 
vt 12.106 -56.9059 
vt 12.0929 -56.9324 
vt 12.1058 -56.9716 
vt 12.1066 -56.9324 
vt 12.0921 -56.9716 
vt 12.0776 -56.9324 
vt 12.0768 -56.9716 
vt 12.0904 -56.9716 
vt 12.0913 -56.9324 
vt 12.0628 -56.915 
vt 12.0753 -56.9332 
vt 12.0753 -56.915 
vt 12.0622 -56.9324 
vt 12.075 -56.9716 
vt 12.0759 -56.9324 
vt 12.047 -56.9187 
vt 12.047 -56.9332 
vt 12.0595 -56.9332 
vt 12.0628 -56.9332 
vt 12.0595 -56.9187 
vt 12.0614 -56.9716 
vt 12.0464 -56.9324 
vt 12.0456 -56.9716 
vt 12.0593 -56.9716 
vt 12.0601 -56.9324 
vt 12.0444 -56.6085 
vt 12.0444 -56.6896 
vt 12.1062 -56.6896 
vt 12.1062 -56.6085 
vt 12.0935 -56.5446 
vt 12.0935 -56.572 
vt 12.106 -56.572 
vt 12.0782 -56.5501 
vt 12.0782 -56.572 
vt 12.0907 -56.572 
vt 12.0907 -56.5501 
vt 12.106 -56.5446 
vt 12.0929 -56.5712 
vt 12.1058 -56.6103 
vt 12.1066 -56.5712 
vt 12.0921 -56.6103 
vt 12.0776 -56.5712 
vt 12.0768 -56.6103 
vt 12.0904 -56.6103 
vt 12.0913 -56.5712 
vt 12.0628 -56.5538 
vt 12.0753 -56.572 
vt 12.0753 -56.5538 
vt 12.047 -56.5575 
vt 12.047 -56.572 
vt 12.0595 -56.572 
vt 12.0628 -56.572 
vt 12.0595 -56.5575 
vt 12.0622 -56.5712 
vt 12.075 -56.6103 
vt 12.0759 -56.5712 
vt 12.0614 -56.6103 
vt 12.0464 -56.5712 
vt 12.0456 -56.6103 
vt 12.0593 -56.6103 
vt 12.0601 -56.5712 
vt 12.0444 -56.9698 
vt 12.1062 -57.0508 
vt 12.1062 -56.9698 
vt 12.0104 -57.4279 
vt 11.9896 -57.4554 
vt 12.0104 -57.4554 
vt 12.0104 -57.4285 
vt 11.9896 -57.449 
vt 12.0104 -57.449 
vt 12.0104 -57.4246 
vt 11.9896 -57.4495 
vt 12.0104 -57.4495 
vt 12.0104 -57.3213 
vt 11.9896 -57.4457 
vt 12.0104 -57.4457 
vt 11.9896 -57.236 
vt 12.0104 -57.3604 
vt 12.0104 -57.236 
vt 11.9896 -57.3604 
vt 12.0104 -57.3853 
vt 12.0104 -57.3604 
vt 11.9018 -57.2075 
vt 12.0982 -57.3998 
vt 12.0982 -57.2075 
vt 11.8675 -57.0923 
vt 12.1325 -57.2239 
vt 12.1325 -57.0923 
vt 11.9896 -57.3853 
vt 12.0104 -57.4058 
vt 12.0104 -57.3853 
vt 11.9908 -57.1822 
vt 12.0092 -57.2059 
vt 12.0092 -57.1822 
vt 11.9908 -57.1586 
vt 12.0092 -57.1822 
vt 12.0092 -57.1586 
vt 11.9908 -57.1349 
vt 12.0092 -57.1586 
vt 12.0092 -57.1349 
vt 11.9908 -57.0842 
vt 12.0092 -57.1326 
vt 12.0092 -57.0842 
vt 11.9896 -57.4058 
vt 12.0104 -57.4333 
vt 12.0104 -57.4058 
vt 11.9908 -57.1561 
vt 12.0092 -57.1754 
vt 12.0092 -57.1561 
vt 11.9908 -57.1326 
vt 12.0092 -57.1561 
vt 12.0092 -57.1326 
vt 12.0332 -57.0444 
vt 12.0332 -57.1162 
vt 12.1174 -57.1162 
vt 12.0434 -57.0483 
vt 12.1073 -57.1122 
vt 12.1073 -57.0483 
vt 12.0444 -57.0508 
vt 12.1073 -56.751 
vt 12.0434 -56.6871 
vt 12.0434 -56.751 
vt 12.1073 -56.6871 
vt 12.0434 -57.1122 
vt 12.1175 -57.0444 
vt 11.8113 -56.6577 
vt 12.1887 -56.9762 
vt 12.1887 -56.6577 
vt 12.0332 -56.6832 
vt 12.1174 -56.7549 
vt 12.1175 -56.6832 
vt 12.0332 -56.7549 
vt 11.8415 -56.9637 
vt 12.1585 -57.1033 
vt 12.1585 -56.9637 
vt 11.9908 -56.8871 
vt 12.0092 -56.9072 
vt 12.0092 -56.8871 
vt 11.9908 -56.8669 
vt 12.0092 -56.8871 
vt 12.0092 -56.8669 
vt 11.9886 -56.7815 
vt 12.0114 -56.8094 
vt 12.0114 -56.7815 
vt 11.9886 -56.9134 
vt 12.0114 -56.9413 
vt 12.0114 -56.9134 
vt 11.9886 -56.8714 
vt 12.0114 -56.8994 
vt 12.0114 -56.8714 
vt 11.9886 -56.8279 
vt 12.0114 -56.8559 
vt 12.0114 -56.8279 
vt 11.9908 -57.1326 
vt 11.953 -56.9332 
vt 11.9405 -56.9187 
vt 11.9405 -56.9332 
vt 11.9247 -56.9332 
vt 11.9372 -56.9332 
vt 11.9372 -56.915 
vt 11.953 -56.9187 
vt 11.9247 -56.915 
vt 11.9544 -56.9716 
vt 11.9536 -56.9324 
vt 11.9407 -56.9716 
vt 11.9386 -56.9716 
vt 11.9378 -56.9324 
vt 11.925 -56.9716 
vt 11.9399 -56.9324 
vt 11.9241 -56.9324 
vt 11.9232 -56.9716 
vt 11.9224 -56.9324 
vt 11.9096 -56.9716 
vt 11.9218 -56.9332 
vt 11.9218 -56.9114 
vt 11.9093 -56.9332 
vt 11.9065 -56.9332 
vt 11.9065 -56.9059 
vt 11.894 -56.9332 
vt 11.9093 -56.9114 
vt 11.894 -56.9059 
vt 11.9079 -56.9716 
vt 11.9071 -56.9324 
vt 11.8942 -56.9716 
vt 11.9087 -56.9324 
vt 11.8934 -56.9324 
vt 11.9556 -56.6896 
vt 11.8938 -56.6085 
vt 11.8938 -56.6896 
vt 11.953 -56.572 
vt 11.9405 -56.5575 
vt 11.9405 -56.572 
vt 11.9372 -56.572 
vt 11.9247 -56.5538 
vt 11.9247 -56.572 
vt 11.953 -56.5575 
vt 11.9372 -56.5538 
vt 11.9544 -56.6103 
vt 11.9536 -56.5712 
vt 11.9407 -56.6103 
vt 11.9386 -56.6103 
vt 11.9378 -56.5712 
vt 11.925 -56.6103 
vt 11.9399 -56.5712 
vt 11.9241 -56.5712 
vt 11.9232 -56.6103 
vt 11.9224 -56.5712 
vt 11.9096 -56.6103 
vt 11.9218 -56.572 
vt 11.9093 -56.5501 
vt 11.9093 -56.572 
vt 11.9218 -56.5501 
vt 11.894 -56.5446 
vt 11.9065 -56.572 
vt 11.9065 -56.5446 
vt 11.894 -56.572 
vt 11.9079 -56.6103 
vt 11.9071 -56.5712 
vt 11.8942 -56.6103 
vt 11.9087 -56.5712 
vt 11.8934 -56.5712 
vt 11.8938 -56.9698 
vt 11.9556 -57.0508 
vt 11.9556 -56.9698 
vt 11.9896 -57.4279 
vt 11.9896 -57.4285 
vt 11.9896 -57.4246 
vt 11.9908 -57.1586 
vt 11.9908 -57.1822 
vt 11.9908 -57.2059 
vt 11.9908 -57.1754 
vt 11.9908 -57.1561 
vt 11.9896 -57.3604 
vt 11.9896 -57.3213 
vt 11.9018 -57.3998 
vt 11.8826 -57.1162 
vt 11.9668 -57.1162 
vt 11.9668 -57.0444 
vt 11.8675 -57.2239 
vt 11.9896 -57.4333 
vt 11.9896 -57.4058 
vt 11.9896 -57.3853 
vt 11.8927 -57.0483 
vt 11.8927 -57.1122 
vt 11.9566 -57.1122 
vt 11.9908 -56.9072 
vt 11.8415 -57.1033 
vt 11.9908 -56.8871 
vt 11.8826 -56.7549 
vt 11.9668 -56.7549 
vt 11.9668 -56.6832 
vt 11.9886 -56.8094 
vt 11.9886 -56.9413 
vt 11.9886 -56.8994 
vt 11.9886 -56.8559 
vt 11.8113 -56.9762 
vt 11.9566 -57.0483 
vt 11.8938 -57.0508 
vt 11.9556 -56.6085 
vt 11.8927 -56.6871 
vt 11.9566 -56.751 
vt 11.9566 -56.6871 
vt 11.8825 -57.0444 
vt 11.8927 -56.751 
vt 11.8825 -56.6832 
vt 11.9071 -57.2754 
vt 11.8934 -57.2981 
vt 11.9071 -57.2981 
vt 11.9224 -57.2754 
vt 11.9087 -57.2981 
vt 11.9224 -57.2981 
vt 11.8934 -57.2754 
vt 11.9087 -57.2754 
vt 11.9378 -57.2754 
vt 11.9241 -57.2754 
vt 11.9241 -57.2981 
vt 11.9556 -57.2698 
vt 11.8938 -57.2698 
vt 11.8938 -57.3026 
vt 11.8927 -57.1909 
vt 11.8927 -57.3049 
vt 11.9566 -57.3049 
vt 11.9372 -57.2762 
vt 11.9247 -57.2762 
vt 11.9247 -57.2805 
vt 11.9218 -57.2762 
vt 11.9093 -57.2805 
vt 11.9218 -57.2805 
vt 11.9065 -57.2762 
vt 11.894 -57.2762 
vt 11.894 -57.2805 
vt 11.9093 -57.2762 
vt 11.9372 -57.2805 
vt 11.9378 -57.2981 
vt 11.9556 -57.3026 
vt 11.9536 -57.2754 
vt 11.9399 -57.2981 
vt 11.9536 -57.2981 
vt 11.9399 -57.2754 
vt 11.953 -57.2762 
vt 11.9405 -57.2805 
vt 11.953 -57.2805 
vt 11.9405 -57.2762 
vt 12.0092 -57.1807 
vt 11.9908 -57.1596 
vt 11.9908 -57.1807 
vt 12.0092 -57.1596 
vt 11.9908 -57.1338 
vt 11.9908 -57.1596 
vt 11.9566 -57.1909 
vt 12.0092 -57.1716 
vt 11.9908 -57.1536 
vt 11.9908 -57.1716 
vt 11.9065 -57.2805 
vt 11.9071 -57.2754 
vt 11.8934 -57.2981 
vt 11.9071 -57.2981 
vt 11.9556 -57.2698 
vt 11.8938 -57.2698 
vt 11.8938 -57.3026 
vt 11.9224 -57.2754 
vt 11.9087 -57.2981 
vt 11.9224 -57.2981 
vt 11.8934 -57.2754 
vt 11.9087 -57.2754 
vt 11.9065 -57.2762 
vt 11.894 -57.2805 
vt 11.9065 -57.2805 
vt 11.8927 -57.1909 
vt 11.8927 -57.3049 
vt 11.9566 -57.3049 
vt 11.9218 -57.2762 
vt 11.9093 -57.2805 
vt 11.9218 -57.2805 
vt 11.9093 -57.2762 
vt 11.894 -57.2762 
vt 11.9378 -57.2754 
vt 11.9241 -57.2754 
vt 11.9241 -57.2981 
vt 11.9378 -57.2981 
vt 11.9556 -57.3026 
vt 11.9536 -57.2754 
vt 11.9399 -57.2981 
vt 11.9536 -57.2981 
vt 11.9372 -57.2762 
vt 11.9247 -57.2805 
vt 11.9372 -57.2805 
vt 11.9399 -57.2754 
vt 11.953 -57.2762 
vt 11.9405 -57.2805 
vt 11.953 -57.2805 
vt 11.9566 -57.1909 
vt 11.9668 -57.0842 
vt 11.8825 -57.2015 
vt 11.9668 -57.2015 
vt 11.9405 -57.2762 
vt 11.9247 -57.2762 
vt 11.9668 -57.0417 
vt 11.8825 -57.2015 
vt 11.9668 -57.2015 
vt 11.8825 -57.0417 
vt 12.1325 -57.0652 
vt 11.8675 -56.9876 
vt 11.8675 -57.0652 
vt 12.1585 -57.0773 
vt 11.8415 -56.9845 
vt 11.8415 -57.0773 
vt 11.7583 -57.0445 
vt 11.7697 -57.0313 
vt 11.7474 -57.0348 
vt 11.7588 -57.0216 
vt 11.9896 -57.0104 
vt 11.9896 -57.0333 
vt 12.0104 -57.0333 
vt 12.0982 -57.0437 
vt 11.9018 -56.9804 
vt 11.9018 -57.0437 
vt 12.0982 -56.9804 
vt 11.9018 -56.8939 
vt 11.9018 -56.9804 
vt 12.1325 -56.9876 
vt 11.8675 -56.8294 
vt 11.8675 -56.9876 
vt 12.1585 -56.9845 
vt 11.8415 -56.7953 
vt 11.8415 -56.9845 
vt 11.9896 -57.0104 
vt 12.0104 -56.9875 
vt 11.9896 -56.9875 
vt 11.9896 -56.9875 
vt 12.0104 -56.9646 
vt 11.9896 -56.9646 
vt 12.0104 -56.9776 
vt 11.9896 -56.9546 
vt 11.9896 -56.9776 
vt 11.9896 -56.9776 
vt 11.9896 -57.0016 
vt 12.0104 -56.9776 
vt 11.9908 -57.0623 
vt 11.9908 -57.1338 
vt 12.0092 -57.1338 
vt 12.0092 -57.1536 
vt 11.9908 -57.1316 
vt 11.9908 -57.1536 
vt 12.0104 -56.9646 
vt 11.9896 -56.9406 
vt 11.9896 -56.9646 
vt 11.9896 -56.9546 
vt 12.0104 -56.9317 
vt 11.9896 -56.9317 
vt 12.0104 -56.9317 
vt 11.9896 -56.9088 
vt 11.9896 -56.9317 
vt 11.9908 -56.8405 
vt 11.9908 -56.8621 
vt 12.0092 -56.8621 
vt 11.9908 -56.819 
vt 11.9908 -56.8405 
vt 12.0092 -56.8405 
vt 12.0114 -56.7154 
vt 11.9886 -56.6962 
vt 11.9886 -56.7154 
vt 11.7671 -57.0334 
vt 11.7563 -57.0237 
vt 11.7478 -57.0336 
vt 11.7586 -57.0433 
vt 11.7561 -57.0453 
vt 11.7665 -57.0333 
vt 11.7453 -57.0356 
vt 11.7556 -57.0236 
vt 11.8244 -56.9656 
vt 11.7446 -57.0355 
vt 11.7554 -57.0453 
vt 11.8135 -56.9559 
vt 11.8354 -56.9537 
vt 11.8356 -56.932 
vt 11.8246 -56.944 
vt 11.8464 -56.9417 
vt 11.8246 -56.944 
vt 11.8244 -56.9656 
vt 11.8354 -56.9537 
vt 11.8135 -56.9559 
vt 11.8464 -56.9417 
vt 11.8466 -56.9201 
vt 11.8356 -56.932 
vt 11.8575 -56.9298 
vt 11.8582 -56.9075 
vt 11.8466 -56.9201 
vt 11.9908 -57.0861 
vt 11.9908 -57.1316 
vt 12.0092 -57.1316 
vt 11.8575 -56.9298 
vt 11.8825 -57.0842 
vt 12.1887 -57.0949 
vt 11.8113 -56.9901 
vt 11.8113 -57.0949 
vt 12.1887 -56.9901 
vt 11.8113 -56.7763 
vt 11.8113 -56.9901 
vt 12.0114 -56.7217 
vt 11.9886 -56.6963 
vt 11.9886 -56.7217 
vt 12.0114 -56.7166 
vt 11.9886 -56.6951 
vt 11.9886 -56.7166 
vt 11.8691 -56.9172 
vt 12.0114 -56.7815 
vt 11.9886 -56.7014 
vt 11.9886 -56.7815 
vt 12.0092 -56.8405 
vt 12.0601 -57.2981 
vt 12.0464 -57.2754 
vt 12.0464 -57.2981 
vt 12.1062 -57.3026 
vt 12.0444 -57.2698 
vt 12.0444 -57.3026 
vt 12.0759 -57.2981 
vt 12.0622 -57.2754 
vt 12.0622 -57.2981 
vt 12.0595 -57.2805 
vt 12.047 -57.2762 
vt 12.047 -57.2805 
vt 12.0601 -57.2754 
vt 12.0753 -57.2805 
vt 12.0628 -57.2762 
vt 12.0628 -57.2805 
vt 12.0092 -57.1596 
vt 12.0434 -57.1909 
vt 12.0434 -57.3049 
vt 12.1073 -57.1909 
vt 12.0092 -57.1536 
vt 12.0595 -57.2762 
vt 12.0753 -57.2762 
vt 12.0913 -57.2981 
vt 12.0776 -57.2754 
vt 12.0776 -57.2981 
vt 12.1066 -57.2981 
vt 12.0929 -57.2754 
vt 12.0929 -57.2981 
vt 12.0759 -57.2754 
vt 12.0913 -57.2754 
vt 12.1066 -57.2754 
vt 12.1062 -57.2698 
vt 12.0907 -57.2805 
vt 12.0782 -57.2762 
vt 12.0782 -57.2805 
vt 12.1073 -57.3049 
vt 12.0907 -57.2762 
vt 12.106 -57.2805 
vt 12.0935 -57.2762 
vt 12.0935 -57.2805 
vt 12.106 -57.2762 
vt 12.0601 -57.2981 
vt 12.0464 -57.2754 
vt 12.0464 -57.2981 
vt 12.1062 -57.3026 
vt 12.0444 -57.2698 
vt 12.0444 -57.3026 
vt 12.0759 -57.2981 
vt 12.0622 -57.2754 
vt 12.0622 -57.2981 
vt 12.0595 -57.2805 
vt 12.047 -57.2762 
vt 12.047 -57.2805 
vt 12.0601 -57.2754 
vt 12.0753 -57.2805 
vt 12.0628 -57.2762 
vt 12.0628 -57.2805 
vt 12.1175 -57.2015 
vt 12.0332 -57.0842 
vt 12.0332 -57.2015 
vt 12.0434 -57.1909 
vt 12.0434 -57.3049 
vt 12.1073 -57.1909 
vt 12.0595 -57.2762 
vt 12.0753 -57.2762 
vt 12.0759 -57.2754 
vt 12.0913 -57.2981 
vt 12.0776 -57.2754 
vt 12.0776 -57.2981 
vt 12.1062 -57.2698 
vt 12.1066 -57.2981 
vt 12.0929 -57.2754 
vt 12.0929 -57.2981 
vt 12.0913 -57.2754 
vt 12.1066 -57.2754 
vt 12.0907 -57.2805 
vt 12.0782 -57.2762 
vt 12.0782 -57.2805 
vt 12.1073 -57.3049 
vt 12.0907 -57.2762 
vt 12.106 -57.2805 
vt 12.0935 -57.2762 
vt 12.0935 -57.2805 
vt 12.106 -57.2762 
vt 12.1175 -57.2015 
vt 12.0332 -57.0417 
vt 12.0332 -57.2015 
vt 12.0104 -57.0104 
vt 12.0104 -57.0104 
vt 12.0092 -57.1338 
vt 12.0092 -57.0623 
vt 12.0092 -57.1316 
vt 12.0104 -57.0016 
vt 12.0104 -56.9875 
vt 12.0104 -56.9546 
vt 12.0104 -56.9406 
vt 12.0092 -56.819 
vt 12.0104 -56.9546 
vt 12.1325 -56.9876 
vt 12.1175 -57.0417 
vt 12.1585 -56.9845 
vt 12.2303 -57.0313 
vt 12.2526 -57.0348 
vt 12.2412 -57.0216 
vt 12.2417 -57.0445 
vt 12.0982 -56.9804 
vt 12.0104 -56.9088 
vt 12.0982 -56.8939 
vt 12.1325 -56.8294 
vt 12.1585 -56.7953 
vt 12.0114 -56.6962 
vt 12.0092 -57.0861 
vt 12.1418 -56.9075 
vt 12.1425 -56.9298 
vt 12.1534 -56.9201 
vt 12.1536 -56.9417 
vt 12.1534 -56.9201 
vt 12.1425 -56.9298 
vt 12.1887 -56.9901 
vt 12.1175 -57.0842 
vt 12.1309 -56.9172 
vt 12.0114 -56.6963 
vt 12.0114 -56.6951 
vt 12.0114 -56.7014 
vt 12.1887 -56.7763 
vt 12.1644 -56.932 
vt 12.2522 -57.0336 
vt 12.2329 -57.0334 
vt 12.2414 -57.0433 
vt 12.2437 -57.0237 
vt 12.2547 -57.0356 
vt 12.2335 -57.0333 
vt 12.2439 -57.0453 
vt 12.2554 -57.0355 
vt 12.1756 -56.9656 
vt 12.2446 -57.0453 
vt 12.2444 -57.0236 
vt 12.1865 -56.9559 
vt 12.1646 -56.9537 
vt 12.1644 -56.932 
vt 12.1536 -56.9417 
vt 12.1754 -56.944 
vt 12.1756 -56.9656 
vt 12.1754 -56.944 
vt 12.1646 -56.9537 
vt 12.1865 -56.9559 
vt 12.0302 -57.2698 
vt 11.9492 -57.3026 
vt 12.0302 -57.3026 
vt 12.0676 -57.2754 
vt 12.0284 -57.2754 
vt 12.0284 -57.2981 
vt 12.0676 -57.2754 
vt 12.0284 -57.2754 
vt 12.0284 -57.2981 
vt 12.0676 -57.2754 
vt 12.0284 -57.2754 
vt 12.0284 -57.2981 
vt 12.0676 -57.2981 
vt 12.0676 -57.2981 
vt 12.0676 -57.2981 
vt 11.9492 -57.2698 
vt 11.9077 -57.0652 
vt 11.7761 -56.9876 
vt 11.7761 -57.0652 
vt 11.8838 -57.0417 
vt 11.8838 -57.2015 
vt 11.9556 -57.0417 
vt 11.8878 -57.1909 
vt 11.8878 -57.3049 
vt 11.9517 -57.3049 
vt 11.9517 -57.1909 
vt 12.0363 -57.0773 
vt 11.8967 -56.9845 
vt 11.8967 -57.0773 
vt 11.9556 -57.2015 
vt 12.085 -57.2762 
vt 12.0668 -57.2762 
vt 12.0668 -57.2805 
vt 11.5667 -57.18 
vt 11.5942 -57.1547 
vt 11.5446 -57.1559 
vt 11.5721 -57.1307 
vt 11.5721 -57.1307 
vt 11.6147 -57.1359 
vt 11.5926 -57.1118 
vt 11.5942 -57.1547 
vt 12.0676 -57.2754 
vt 12.0284 -57.2981 
vt 12.0676 -57.2981 
vt 12.0284 -57.2754 
vt 12.0813 -57.2762 
vt 12.0668 -57.2762 
vt 12.0668 -57.2805 
vt 11.6396 -57.113 
vt 11.5926 -57.1118 
vt 11.6147 -57.1359 
vt 11.551 -57.1078 
vt 11.5721 -57.1307 
vt 11.5926 -57.1118 
vt 11.5715 -57.0889 
vt 11.5715 -57.0889 
vt 11.5964 -57.066 
vt 11.5505 -57.066 
vt 11.5926 -57.1118 
vt 11.5964 -57.066 
vt 11.5715 -57.0889 
vt 11.6175 -57.0889 
vt 11.6175 -57.0889 
vt 12.0886 -57.2762 
vt 12.0668 -57.2762 
vt 12.0668 -57.2805 
vt 12.3915 -57.2698 
vt 12.3104 -57.3026 
vt 12.3915 -57.3026 
vt 12.3104 -57.2698 
vt 12.0941 -57.2762 
vt 12.0668 -57.2805 
vt 12.0941 -57.2805 
vt 12.4288 -57.2754 
vt 12.3897 -57.2754 
vt 12.3897 -57.2981 
vt 12.4288 -57.2981 
vt 12.4554 -57.2762 
vt 12.428 -57.2805 
vt 12.4554 -57.2805 
vt 12.428 -57.2762 
vt 12.0668 -57.2762 
vt 12.3423 -57.0949 
vt 12.0238 -56.9901 
vt 12.0238 -57.0949 
vt 12.3423 -56.9901 
vt 12.3168 -57.0842 
vt 12.2451 -57.0842 
vt 12.2451 -57.2015 
vt 12.249 -57.1909 
vt 12.249 -57.3049 
vt 12.3129 -57.3049 
vt 12.3168 -57.2015 
vt 12.3129 -57.1909 
vt 12.4288 -57.2754 
vt 12.3897 -57.2981 
vt 12.4288 -57.2981 
vt 12.3897 -57.2754 
vt 12.0886 -57.2805 
vt 12.4288 -57.2754 
vt 12.3897 -57.2754 
vt 12.3897 -57.2981 
vt 12.4288 -57.2754 
vt 12.3897 -57.2754 
vt 12.3897 -57.2981 
vt 12.4499 -57.2762 
vt 12.428 -57.2805 
vt 12.4499 -57.2805 
vt 12.4288 -57.2981 
vt 12.4288 -57.2981 
vt 12.4462 -57.2762 
vt 12.428 -57.2805 
vt 12.4462 -57.2805 
vt 12.085 -57.2805 
vt 12.4425 -57.2762 
vt 12.428 -57.2762 
vt 12.428 -57.2805 
vt 12.0813 -57.2805 
vt 12.428 -57.2762 
vt 12.428 -57.2762 
vt 12.4425 -57.2805 
vt 12.1318 -57.0356 
vt 12.1349 -57.0117 
vt 12.1172 -57.0237 
vt 12.0363 -56.9845 
vt 11.9077 -56.9876 
vt 11.7925 -57.0437 
vt 11.6002 -56.9804 
vt 11.6002 -57.0437 
vt 12.0686 -57.0348 
vt 12.0728 -57.0091 
vt 12.0533 -57.0223 
vt 12.1027 -57.0117 
vt 12.1027 -57.0336 
vt 12.1172 -57.0237 
vt 12.0881 -57.0216 
vt 12.0881 -57.0216 
vt 12.1027 -57.0117 
vt 12.0874 -56.9992 
vt 12.0881 -57.0216 
vt 12.0363 -56.9845 
vt 11.8967 -56.7953 
vt 11.8967 -56.9845 
vt 11.9077 -56.9876 
vt 11.7761 -56.8294 
vt 11.7761 -56.9876 
vt 11.9077 -56.8294 
vt 12.0363 -56.7953 
vt 12.0728 -57.0091 
vt 12.0874 -56.9992 
vt 12.1027 -57.0117 
vt 12.1051 -56.9872 
vt 11.7925 -56.9804 
vt 11.5754 -56.8991 
vt 11.6787 -57.0333 
vt 11.6998 -57.0104 
vt 11.5543 -56.922 
vt 11.6998 -57.0104 
vt 11.5964 -56.8762 
vt 11.5754 -56.8991 
vt 11.7925 -56.9804 
vt 11.6002 -56.8939 
vt 11.6002 -56.9804 
vt 11.7925 -56.8939 
vt 11.7208 -56.9875 
vt 11.6175 -56.8533 
vt 11.7208 -56.9875 
vt 11.7419 -56.9646 
vt 11.5964 -56.8762 
vt 12.1006 -56.7154 
vt 12.0587 -56.7165 
vt 12.0726 -56.7357 
vt 12.0866 -56.6962 
vt 11.5964 -56.8762 
vt 11.5505 -56.8762 
vt 11.5754 -56.8991 
vt 12.0726 -56.7357 
vt 12.0882 -56.7572 
vt 12.1006 -56.7154 
vt 12.0882 -56.7572 
vt 12.1066 -56.7826 
vt 12.1161 -56.7369 
vt 12.1161 -56.7369 
vt 12.1204 -56.9997 
vt 12.1495 -57.0236 
vt 12.1204 -56.9997 
vt 12.1172 -57.0237 
vt 12.1349 -57.0117 
vt 12.1027 -57.0117 
vt 12.1349 -57.0117 
vt 12.2333 -56.9201 
vt 12.1204 -56.9997 
vt 12.164 -57.0355 
vt 12.2625 -56.944 
vt 12.1495 -57.0236 
vt 12.1495 -57.0236 
vt 12.2479 -56.932 
vt 12.1349 -57.0117 
vt 12.277 -56.9559 
vt 12.2625 -56.944 
vt 12.2181 -56.9075 
vt 12.1051 -56.9872 
vt 12.1204 -56.9997 
vt 12.3423 -56.9901 
vt 12.0238 -56.7763 
vt 12.0238 -56.9901 
vt 12.2333 -56.9201 
vt 12.2479 -56.932 
vt 12.3423 -56.7763 
vt 12.2185 -56.7014 
vt 12.2486 -56.8018 
vt 12.2766 -56.7815 
vt 12.1626 -56.742 
vt 12.2207 -56.8221 
vt 12.2486 -56.8018 
vt 12.1346 -56.7623 
vt 12.1647 -56.8627 
vt 12.1927 -56.8424 
vt 12.1066 -56.7826 
vt 12.1346 -56.7623 
vt 12.1346 -56.7623 
vt 12.2207 -56.8221 
vt 12.1626 -56.742 
vt 12.1906 -56.7217 
vt 12.1927 -56.8424 
vt 12.1626 -56.742 
vt 12.1161 -56.7369 
vt 12.1346 -56.7623 
vt 12.1441 -56.7166 
vt 12.1161 -56.7369 
vt 12.1441 -56.7166 
vt 12.1286 -56.6951 
vt 12.1006 -56.7154 
vt 12.1441 -56.7166 
vt 12.1626 -56.742 
vt 12.1721 -56.6963 
vt 12.1906 -56.7217 
vt 12.1906 -56.7217 
vt 11.5754 -57.0431 
vt 11.7942 -57.1807 
vt 11.8069 -57.1596 
vt 11.7705 -57.1666 
vt 11.7832 -57.1454 
vt 11.8069 -57.1596 
vt 11.8223 -57.1338 
vt 11.7832 -57.1454 
vt 11.9556 -57.2015 
vt 11.8838 -57.0417 
vt 11.8838 -57.2015 
vt 12.0502 -57.1347 
vt 12.0536 -57.1716 
vt 12.0704 -57.1536 
vt 12.0334 -57.1528 
vt 12.0704 -57.1536 
vt 12.0909 -57.1316 
vt 12.0502 -57.1347 
vt 11.7986 -57.1197 
vt 11.7832 -57.1454 
vt 11.7986 -57.1197 
vt 11.7596 -57.1312 
vt 11.775 -57.1055 
vt 11.8651 -57.0623 
vt 11.7986 -57.1197 
vt 11.8223 -57.1338 
vt 12.0502 -57.1347 
vt 12.0707 -57.1128 
vt 12.0301 -57.1159 
vt 12.0707 -57.1128 
vt 12.0506 -57.094 
vt 11.9556 -57.0417 
vt 11.9492 -57.3026 
vt 12.0302 -57.3026 
vt 11.9492 -57.2698 
vt 12.0284 -57.2754 
vt 12.0284 -57.2981 
vt 12.0676 -57.2981 
vt 12.0284 -57.2754 
vt 12.0284 -57.2981 
vt 12.0676 -57.2981 
vt 12.0284 -57.2754 
vt 12.0284 -57.2981 
vt 12.0676 -57.2981 
vt 12.0676 -57.2754 
vt 12.0676 -57.2754 
vt 12.0284 -57.2754 
vt 12.0284 -57.2981 
vt 12.0676 -57.2981 
vt 12.0676 -57.2754 
vt 11.9517 -57.1909 
vt 11.8878 -57.3049 
vt 11.9517 -57.3049 
vt 11.8878 -57.1909 
vt 12.0302 -57.2698 
vt 12.0676 -57.2754 
vt 12.0668 -57.2805 
vt 12.0813 -57.2805 
vt 12.0668 -57.2762 
vt 12.0668 -57.2805 
vt 12.085 -57.2805 
vt 12.0668 -57.2762 
vt 12.0668 -57.2805 
vt 12.0886 -57.2805 
vt 12.0668 -57.2762 
vt 12.3104 -57.3026 
vt 12.3915 -57.3026 
vt 12.3104 -57.2698 
vt 12.3915 -57.2698 
vt 12.3897 -57.2754 
vt 12.3897 -57.2981 
vt 12.4288 -57.2981 
vt 12.3897 -57.2754 
vt 12.3897 -57.2981 
vt 12.4288 -57.2981 
vt 12.4288 -57.2754 
vt 12.428 -57.2805 
vt 12.4425 -57.2805 
vt 12.428 -57.2762 
vt 12.4288 -57.2754 
vt 12.0813 -57.2762 
vt 12.1331 -57.0861 
vt 12.0707 -57.1128 
vt 12.0909 -57.1316 
vt 12.3168 -57.2015 
vt 12.2451 -57.0842 
vt 12.2451 -57.2015 
vt 12.249 -57.1909 
vt 12.249 -57.3049 
vt 12.3129 -57.1909 
vt 12.3129 -57.3049 
vt 12.3168 -57.0842 
vt 12.4425 -57.2762 
vt 12.085 -57.2762 
vt 12.3897 -57.2754 
vt 12.3897 -57.2981 
vt 12.4288 -57.2981 
vt 12.4288 -57.2754 
vt 12.3897 -57.2754 
vt 12.3897 -57.2981 
vt 12.4288 -57.2981 
vt 12.4288 -57.2754 
vt 12.428 -57.2805 
vt 12.4462 -57.2805 
vt 12.428 -57.2762 
vt 12.428 -57.2805 
vt 12.4499 -57.2805 
vt 12.428 -57.2762 
vt 12.0668 -57.2805 
vt 12.0941 -57.2805 
vt 12.0668 -57.2762 
vt 12.0886 -57.2762 
vt 12.0941 -57.2762 
vt 12.428 -57.2805 
vt 12.4554 -57.2805 
vt 12.428 -57.2762 
vt 12.4462 -57.2762 
vt 12.4499 -57.2762 
vt 12.4554 -57.2762 
vt 12.1129 -57.0673 
vt 12.0506 -57.094 
vt 12.0707 -57.1128 
vt 11.6175 -57.0889 
vt 11.7208 -56.9546 
vt 11.5964 -57.066 
vt 11.5964 -57.066 
vt 11.6998 -56.9317 
vt 11.5754 -57.0431 
vt 11.5754 -57.0431 
vt 11.6787 -56.9088 
vt 11.5543 -57.0202 
vt 11.6396 -57.113 
vt 11.7419 -56.9776 
vt 11.6175 -57.0889 
vt 11.764 -57.0016 
vt 11.7419 -56.9776 
vt 11.7208 -56.9546 
vt 11.6998 -56.9317 
vt 11.5715 -56.8533 
vt 11.5964 -56.8762 
vt 11.5926 -56.8304 
vt 11.5715 -56.8533 
vt 11.5926 -56.8304 
vt 11.551 -56.8344 
vt 11.5715 -56.8533 
vt 11.6175 -56.8533 
vt 11.6396 -56.8292 
vt 11.7419 -56.9646 
vt 11.764 -56.9406 
vt 11.6175 -56.8533 
vt 11.6396 -56.8292 
vt 11.5926 -56.8304 
vt 11.6175 -56.8533 
vt 11.5721 -56.8115 
vt 11.6147 -56.8063 
vt 11.6147 -56.8063 
vt 11.5721 -56.8115 
vt 11.5926 -56.8304 
vt 11.8178 -57.034 
vt 11.7513 -57.0913 
vt 11.775 -57.1055 
vt 11.8414 -57.0482 
vt 11.775 -57.1055 
vt 11.7986 -57.1197 
vt 11.8178 -57.034 
vt 11.7941 -57.0198 
vt 11.8502 -56.8017 
vt 11.8095 -56.8046 
vt 11.833 -56.8233 
vt 11.5942 -56.7875 
vt 11.5942 -56.7875 
vt 11.5446 -56.7863 
vt 11.5721 -56.8115 
vt 11.5667 -56.7622 
vt 11.8267 -56.783 
vt 11.8246 -56.7461 
vt 11.8074 -56.7676 
vt 11.8267 -56.783 
vt 11.8439 -56.7615 
vt 11.8414 -57.0482 
vt 12.1129 -57.0673 
vt 12.0928 -57.0485 
vt 12.1206 -57.0094 
vt 12.2183 -56.9172 
vt 12.1053 -56.9969 
vt 12.1352 -57.0214 
vt 12.2336 -56.9298 
vt 12.1206 -57.0094 
vt 12.2482 -56.9417 
vt 12.2482 -56.9417 
vt 12.1497 -57.0333 
vt 12.2627 -56.9537 
vt 12.2627 -56.9537 
vt 12.1643 -57.0453 
vt 12.2773 -56.9656 
vt 12.2336 -56.9298 
vt 11.8986 -56.8405 
vt 11.8502 -56.8017 
vt 11.833 -56.8233 
vt 11.8674 -56.7802 
vt 11.8267 -56.783 
vt 11.8502 -56.8017 
vt 11.8439 -56.7615 
vt 11.8814 -56.8621 
vt 11.8502 -56.8017 
vt 11.8986 -56.8405 
vt 11.9158 -56.819 
vt 11.8674 -56.7802 
vt 12.1352 -57.0214 
vt 12.0689 -57.0445 
vt 12.0731 -57.0188 
vt 12.0536 -57.032 
vt 12.0884 -57.0313 
vt 12.1029 -57.0433 
vt 12.1029 -57.0214 
vt 12.0884 -57.0313 
vt 12.1175 -57.0334 
vt 12.132 -57.0453 
vt 12.1352 -57.0214 
vt 12.1175 -57.0334 
vt 12.1497 -57.0333 
vt 12.1175 -57.0334 
vt 12.1206 -57.0094 
vt 12.1029 -57.0214 
vt 12.1029 -57.0214 
vt 12.1053 -56.9969 
vt 12.0876 -57.0089 
vt 12.0884 -57.0313 
vt 12.0876 -57.0089 
vt 12.0731 -57.0188 
vt 12.1029 -57.0214 
vt 12.1206 -57.0094 
vt 12.1497 -57.0333 
vt 12.1352 -57.0214 
vt 11.8927 -57.1122 
vt 11.9566 -57.0483 
vt 11.8927 -57.0483 
vt 11.8938 -57.0508 
vt 11.9556 -56.9698 
vt 11.8938 -56.9698 
vt 11.9071 -56.9324 
vt 11.8942 -56.9716 
vt 11.9079 -56.9716 
vt 11.8934 -56.9324 
vt 11.9096 -56.9716 
vt 11.9224 -56.9324 
vt 11.9087 -56.9324 
vt 11.9093 -56.9114 
vt 11.9093 -56.9332 
vt 11.9218 -56.9332 
vt 11.894 -56.9059 
vt 11.894 -56.9332 
vt 11.9065 -56.9332 
vt 11.9218 -56.9114 
vt 11.9232 -56.9716 
vt 11.9556 -57.0508 
vt 11.9566 -57.1122 
vt 11.9378 -56.9324 
vt 11.925 -56.9716 
vt 11.9386 -56.9716 
vt 11.9241 -56.9324 
vt 11.9407 -56.9716 
vt 11.9536 -56.9324 
vt 11.9399 -56.9324 
vt 11.9544 -56.9716 
vt 11.9405 -56.9332 
vt 11.953 -56.9187 
vt 11.9405 -56.9187 
vt 11.9247 -56.915 
vt 11.9372 -56.9332 
vt 11.9372 -56.915 
vt 11.9566 -56.6871 
vt 11.8927 -56.751 
vt 11.9566 -56.751 
vt 11.8927 -56.6871 
vt 11.8938 -56.6896 
vt 11.9556 -56.6085 
vt 11.8938 -56.6085 
vt 11.9071 -56.5712 
vt 11.8942 -56.6103 
vt 11.9079 -56.6103 
vt 11.8934 -56.5712 
vt 11.9096 -56.6103 
vt 11.9224 -56.5712 
vt 11.9087 -56.5712 
vt 11.9218 -56.5501 
vt 11.9093 -56.572 
vt 11.9218 -56.572 
vt 11.9065 -56.5446 
vt 11.894 -56.572 
vt 11.9065 -56.572 
vt 11.894 -56.5446 
vt 11.9232 -56.6103 
vt 11.9556 -56.6896 
vt 11.9378 -56.5712 
vt 11.925 -56.6103 
vt 11.9386 -56.6103 
vt 11.9241 -56.5712 
vt 11.9407 -56.6103 
vt 11.9536 -56.5712 
vt 11.9399 -56.5712 
vt 11.9544 -56.6103 
vt 11.9405 -56.572 
vt 11.953 -56.5575 
vt 11.9405 -56.5575 
vt 11.9247 -56.572 
vt 11.9372 -56.5538 
vt 11.9247 -56.5538 
vt 11.9065 -56.9059 
vt 11.9896 -57.4333 
vt 12.0104 -57.4058 
vt 11.9896 -57.4058 
vt 12.0104 -57.4058 
vt 11.9896 -57.3853 
vt 11.9896 -57.4058 
vt 12.0104 -57.3853 
vt 11.9896 -57.3604 
vt 11.9896 -57.3853 
vt 11.9896 -57.236 
vt 11.9896 -57.3604 
vt 12.0104 -57.3604 
vt 11.8675 -57.2239 
vt 12.1325 -57.2239 
vt 11.8675 -57.0923 
vt 11.9896 -57.4495 
vt 12.0104 -57.4246 
vt 11.9896 -57.4246 
vt 11.9896 -57.4457 
vt 12.0104 -57.3213 
vt 11.9896 -57.3213 
vt 11.9018 -57.2075 
vt 11.9018 -57.3998 
vt 12.0982 -57.3998 
vt 11.9896 -57.449 
vt 12.0104 -57.4285 
vt 11.9896 -57.4285 
vt 11.9908 -57.2487 
vt 12.0092 -57.225 
vt 11.9908 -57.225 
vt 11.9908 -57.2404 
vt 12.0092 -57.2168 
vt 11.9908 -57.2168 
vt 11.9908 -57.2295 
vt 12.0092 -57.2058 
vt 11.9908 -57.2058 
vt 11.9908 -57.167 
vt 12.0092 -57.1186 
vt 11.9908 -57.1186 
vt 11.9896 -57.4554 
vt 12.0104 -57.4279 
vt 11.9896 -57.4279 
vt 12.0092 -57.1926 
vt 11.9908 -57.1733 
vt 11.9908 -57.1926 
vt 11.9908 -57.1905 
vt 12.0092 -57.167 
vt 11.9908 -57.167 
vt 11.9668 -57.0444 
vt 11.8826 -57.1162 
vt 11.9668 -57.1162 
vt 11.8826 -56.7549 
vt 11.9668 -56.6832 
vt 11.8825 -56.6832 
vt 11.9247 -56.9332 
vt 11.9372 -56.572 
vt 11.9093 -56.5501 
vt 11.8825 -57.0444 
vt 11.8415 -57.1033 
vt 12.1585 -57.1033 
vt 11.8415 -56.9637 
vt 11.8113 -56.6577 
vt 11.8113 -56.9762 
vt 12.1887 -56.9762 
vt 11.9668 -56.7549 
vt 11.953 -56.572 
vt 11.9908 -56.9699 
vt 12.0092 -56.9498 
vt 11.9908 -56.9498 
vt 11.9908 -56.9666 
vt 12.0092 -56.9464 
vt 11.9908 -56.9464 
vt 11.953 -56.9332 
vt 11.9886 -56.8353 
vt 12.0114 -56.8073 
vt 11.9886 -56.8073 
vt 11.9886 -56.8073 
vt 12.0114 -56.7793 
vt 11.9886 -56.7793 
vt 11.9886 -56.7793 
vt 12.0114 -56.7514 
vt 11.9886 -56.7514 
vt 11.9886 -56.7514 
vt 12.0114 -56.7234 
vt 11.9886 -56.7234 
vt 12.0092 -57.167 
vt 12.0434 -57.0483 
vt 12.0434 -57.1122 
vt 12.1073 -57.0483 
vt 12.0444 -56.9698 
vt 12.0444 -57.0508 
vt 12.1062 -56.9698 
vt 12.0593 -56.9716 
vt 12.0464 -56.9324 
vt 12.0456 -56.9716 
vt 12.0601 -56.9324 
vt 12.075 -56.9716 
vt 12.0622 -56.9324 
vt 12.0614 -56.9716 
vt 12.0759 -56.9324 
vt 12.047 -56.9187 
vt 12.047 -56.9332 
vt 12.0595 -56.9187 
vt 12.0628 -56.915 
vt 12.0628 -56.9332 
vt 12.0753 -56.915 
vt 12.0904 -56.9716 
vt 12.0776 -56.9324 
vt 12.0768 -56.9716 
vt 12.1073 -57.1122 
vt 12.1062 -57.0508 
vt 12.0913 -56.9324 
vt 12.1058 -56.9716 
vt 12.0929 -56.9324 
vt 12.0921 -56.9716 
vt 12.1066 -56.9324 
vt 12.0907 -56.9332 
vt 12.0907 -56.9114 
vt 12.0782 -56.9332 
vt 12.0935 -56.9059 
vt 12.0935 -56.9332 
vt 12.106 -56.9059 
vt 12.0434 -56.751 
vt 12.1073 -56.751 
vt 12.1073 -56.6871 
vt 12.0434 -56.6871 
vt 12.0444 -56.6085 
vt 12.0444 -56.6896 
vt 12.1062 -56.6085 
vt 12.0593 -56.6103 
vt 12.0464 -56.5712 
vt 12.0456 -56.6103 
vt 12.0601 -56.5712 
vt 12.075 -56.6103 
vt 12.0622 -56.5712 
vt 12.0614 -56.6103 
vt 12.0759 -56.5712 
vt 12.0628 -56.572 
vt 12.0753 -56.572 
vt 12.0753 -56.5538 
vt 12.047 -56.5575 
vt 12.047 -56.572 
vt 12.0595 -56.5575 
vt 12.0904 -56.6103 
vt 12.0776 -56.5712 
vt 12.0768 -56.6103 
vt 12.1062 -56.6896 
vt 12.1058 -56.6103 
vt 12.0929 -56.5712 
vt 12.0921 -56.6103 
vt 12.0913 -56.5712 
vt 12.1066 -56.5712 
vt 12.0907 -56.572 
vt 12.0907 -56.5501 
vt 12.0782 -56.572 
vt 12.0782 -56.5501 
vt 12.0935 -56.5446 
vt 12.0935 -56.572 
vt 12.106 -56.5446 
vt 12.0782 -56.9114 
vt 12.0104 -57.4333 
vt 12.0104 -57.3853 
vt 12.0092 -57.2404 
vt 12.0092 -57.2295 
vt 12.0092 -57.2487 
vt 12.0104 -57.4457 
vt 12.0092 -57.1905 
vt 12.0092 -57.1733 
vt 12.0104 -57.3604 
vt 12.0982 -57.2075 
vt 12.1325 -57.0923 
vt 12.1174 -57.1162 
vt 12.0332 -57.0444 
vt 12.0332 -57.1162 
vt 12.0104 -57.236 
vt 12.0104 -57.4554 
vt 12.0104 -57.449 
vt 12.0104 -57.4495 
vt 12.1175 -57.0444 
vt 12.0092 -56.9699 
vt 12.1585 -56.9637 
vt 12.0092 -56.9666 
vt 12.0595 -56.9332 
vt 12.0114 -56.8353 
vt 12.0114 -56.8073 
vt 12.0114 -56.7793 
vt 12.0114 -56.7514 
vt 12.0595 -56.572 
vt 12.0753 -56.9332 
vt 12.106 -56.9332 
vt 12.0628 -56.5538 
vt 12.106 -56.572 
vt 12.1887 -56.6577 
vt 12.1174 -56.7549 
vt 12.0332 -56.6832 
vt 12.0332 -56.7549 
vt 12.1175 -56.6832 
vt 12.1058 -57.2981 
vt 12.0921 -57.2754 
vt 12.0921 -57.2981 
vt 12.0444 -57.2698 
vt 12.1062 -57.3026 
vt 12.1062 -57.2698 
vt 12.0904 -57.2981 
vt 12.0768 -57.2754 
vt 12.0768 -57.2981 
vt 12.1058 -57.2754 
vt 12.0904 -57.2754 
vt 12.106 -57.2805 
vt 12.0935 -57.2762 
vt 12.0935 -57.2805 
vt 12.1174 -57.0417 
vt 12.0332 -57.2015 
vt 12.1174 -57.2015 
vt 12.1073 -57.3049 
vt 12.1073 -57.1909 
vt 12.0434 -57.1909 
vt 12.106 -57.2762 
vt 12.0782 -57.2762 
vt 12.0907 -57.2805 
vt 12.0907 -57.2762 
vt 12.0628 -57.2762 
vt 12.0753 -57.2805 
vt 12.0753 -57.2762 
vt 12.0614 -57.2754 
vt 12.075 -57.2981 
vt 12.075 -57.2754 
vt 12.0614 -57.2981 
vt 12.0444 -57.3026 
vt 12.0593 -57.2981 
vt 12.0456 -57.2754 
vt 12.0456 -57.2981 
vt 12.0628 -57.2805 
vt 12.0593 -57.2754 
vt 12.0595 -57.2805 
vt 12.047 -57.2762 
vt 12.047 -57.2805 
vt 12.0104 -57.1559 
vt 11.9896 -57.18 
vt 12.0104 -57.18 
vt 12.0092 -57.1454 
vt 11.9908 -57.1666 
vt 12.0092 -57.1666 
vt 12.0434 -57.3049 
vt 12.0595 -57.2762 
vt 12.0782 -57.2805 
vt 12.1058 -57.2981 
vt 12.0921 -57.2754 
vt 12.0921 -57.2981 
vt 12.0444 -57.2698 
vt 12.1062 -57.3026 
vt 12.1062 -57.2698 
vt 12.1058 -57.2754 
vt 12.106 -57.2805 
vt 12.0935 -57.2762 
vt 12.0935 -57.2805 
vt 12.0768 -57.2754 
vt 12.0904 -57.2981 
vt 12.0904 -57.2754 
vt 12.0907 -57.2805 
vt 12.0782 -57.2762 
vt 12.0782 -57.2805 
vt 12.1174 -57.0842 
vt 12.0332 -57.2015 
vt 12.1174 -57.2015 
vt 12.1073 -57.3049 
vt 12.1073 -57.1909 
vt 12.0434 -57.1909 
vt 12.106 -57.2762 
vt 12.0907 -57.2762 
vt 12.0768 -57.2981 
vt 12.075 -57.2981 
vt 12.0614 -57.2754 
vt 12.0614 -57.2981 
vt 12.0444 -57.3026 
vt 12.0593 -57.2981 
vt 12.0456 -57.2754 
vt 12.0456 -57.2981 
vt 12.075 -57.2754 
vt 12.0593 -57.2754 
vt 12.0753 -57.2805 
vt 12.0628 -57.2762 
vt 12.0628 -57.2805 
vt 12.0434 -57.3049 
vt 12.0595 -57.2805 
vt 12.047 -57.2762 
vt 12.047 -57.2805 
vt 12.0753 -57.2762 
vt 12.0595 -57.2762 
vt 12.0092 -57.1347 
vt 11.9908 -57.1528 
vt 12.0092 -57.1528 
vt 11.8675 -56.9876 
vt 12.1325 -57.0652 
vt 12.1325 -56.9876 
vt 12.0104 -57.1078 
vt 11.9896 -57.1307 
vt 12.0104 -57.1307 
vt 12.0332 -57.0417 
vt 11.8113 -56.9901 
vt 12.1887 -57.0949 
vt 12.1887 -56.9901 
vt 11.8415 -56.9845 
vt 12.1585 -57.0773 
vt 12.1585 -56.9845 
vt 11.9018 -56.9804 
vt 12.0982 -57.0437 
vt 12.0982 -56.9804 
vt 11.8675 -56.8294 
vt 12.1325 -56.9876 
vt 12.1325 -56.8294 
vt 11.9018 -56.8939 
vt 12.0982 -56.9804 
vt 12.0982 -56.8939 
vt 11.8415 -56.7953 
vt 12.1585 -56.9845 
vt 12.1585 -56.7953 
vt 11.8113 -56.7763 
vt 12.1887 -56.9901 
vt 12.1887 -56.7763 
vt 12.0104 -56.8991 
vt 11.9896 -56.922 
vt 12.0104 -56.922 
vt 12.0104 -57.066 
vt 11.9896 -57.0889 
vt 12.0104 -57.0889 
vt 12.0104 -57.0202 
vt 11.9896 -57.0431 
vt 12.0104 -57.0431 
vt 12.0092 -57.1055 
vt 11.9908 -57.1312 
vt 12.0092 -57.1312 
vt 12.0092 -57.0198 
vt 11.9908 -57.0913 
vt 12.0092 -57.0913 
vt 12.0092 -57.094 
vt 11.9908 -57.1159 
vt 12.0092 -57.1159 
vt 12.0104 -56.8533 
vt 11.9896 -56.8762 
vt 12.0104 -56.8762 
vt 12.0104 -56.8115 
vt 11.9896 -56.8344 
vt 12.0104 -56.8344 
vt 12.0104 -56.7622 
vt 11.9896 -56.7863 
vt 12.0104 -56.7863 
vt 12.0092 -56.7461 
vt 11.9908 -56.7676 
vt 12.0092 -56.7676 
vt 12.0092 -56.783 
vt 11.9908 -56.8046 
vt 12.0092 -56.8046 
vt 12.2417 -57.0445 
vt 12.241 -57.0223 
vt 12.2301 -57.032 
vt 12.2526 -57.0348 
vt 12.2439 -57.0453 
vt 12.2437 -57.0237 
vt 12.2329 -57.0334 
vt 12.2547 -57.0356 
vt 12.2444 -57.0236 
vt 12.2446 -57.0453 
vt 12.2554 -57.0355 
vt 12.2335 -57.0333 
vt 12.2412 -57.0216 
vt 12.2414 -57.0433 
vt 12.2522 -57.0336 
vt 12.241 -57.0223 
vt 12.2187 -57.0188 
vt 12.2301 -57.032 
vt 12.2296 -57.0091 
vt 12.2102 -57.0089 
vt 12.2296 -57.0091 
vt 12.2211 -56.9992 
vt 12.2303 -57.0313 
vt 12.2187 -57.0188 
vt 12.2211 -56.9992 
vt 12.1999 -56.9969 
vt 12.2102 -57.0089 
vt 12.0092 -57.0485 
vt 11.9908 -57.094 
vt 12.0092 -57.094 
vt 12.2107 -56.9872 
vt 12.2107 -56.9872 
vt 12.1309 -56.9172 
vt 12.1999 -56.9969 
vt 12.0332 -57.0842 
vt 12.1418 -56.9075 
vt 12.0114 -56.7357 
vt 11.9886 -56.7572 
vt 12.0114 -56.7572 
vt 12.0114 -56.7165 
vt 11.9886 -56.7357 
vt 12.0114 -56.7357 
vt 12.0114 -56.7572 
vt 11.9886 -56.7826 
vt 12.0114 -56.7826 
vt 12.0114 -56.7826 
vt 11.9886 -56.8627 
vt 12.0114 -56.8627 
vt 11.9908 -56.783 
vt 11.9544 -57.2754 
vt 11.9407 -57.2981 
vt 11.9544 -57.2981 
vt 11.9556 -57.2698 
vt 11.8938 -57.3026 
vt 11.9556 -57.3026 
vt 11.9386 -57.2754 
vt 11.925 -57.2981 
vt 11.9386 -57.2981 
vt 11.9407 -57.2754 
vt 11.925 -57.2754 
vt 11.953 -57.2762 
vt 11.9405 -57.2805 
vt 11.953 -57.2805 
vt 11.9908 -57.1454 
vt 11.9896 -57.1559 
vt 11.9566 -57.1909 
vt 11.8927 -57.3049 
vt 11.9566 -57.3049 
vt 11.9372 -57.2762 
vt 11.9247 -57.2805 
vt 11.9372 -57.2805 
vt 11.9247 -57.2762 
vt 11.9232 -57.2754 
vt 11.9096 -57.2981 
vt 11.9232 -57.2981 
vt 11.8938 -57.2698 
vt 11.9079 -57.2754 
vt 11.8942 -57.2981 
vt 11.9079 -57.2981 
vt 11.9096 -57.2754 
vt 11.8942 -57.2754 
vt 11.9218 -57.2762 
vt 11.9093 -57.2805 
vt 11.9218 -57.2805 
vt 11.8927 -57.1909 
vt 11.9065 -57.2762 
vt 11.894 -57.2805 
vt 11.9065 -57.2805 
vt 11.9093 -57.2762 
vt 11.894 -57.2762 
vt 11.9405 -57.2762 
vt 11.9544 -57.2754 
vt 11.9407 -57.2981 
vt 11.9544 -57.2981 
vt 11.9556 -57.2698 
vt 11.8938 -57.3026 
vt 11.9556 -57.3026 
vt 11.9407 -57.2754 
vt 11.9386 -57.2754 
vt 11.925 -57.2981 
vt 11.9386 -57.2981 
vt 11.925 -57.2754 
vt 11.953 -57.2762 
vt 11.9405 -57.2805 
vt 11.953 -57.2805 
vt 11.9566 -57.1909 
vt 11.8927 -57.3049 
vt 11.9566 -57.3049 
vt 11.9372 -57.2762 
vt 11.9247 -57.2805 
vt 11.9372 -57.2805 
vt 11.9405 -57.2762 
vt 11.9247 -57.2762 
vt 11.9232 -57.2754 
vt 11.9096 -57.2981 
vt 11.9232 -57.2981 
vt 11.8938 -57.2698 
vt 11.9079 -57.2754 
vt 11.8942 -57.2981 
vt 11.9079 -57.2981 
vt 11.9096 -57.2754 
vt 11.9218 -57.2762 
vt 11.9093 -57.2805 
vt 11.9218 -57.2805 
vt 11.8942 -57.2754 
vt 11.9065 -57.2762 
vt 11.894 -57.2805 
vt 11.9065 -57.2805 
vt 11.8927 -57.1909 
vt 11.9668 -57.2015 
vt 11.8826 -57.0842 
vt 11.8826 -57.2015 
vt 11.9093 -57.2762 
vt 11.894 -57.2762 
vt 11.9668 -57.2015 
vt 11.8826 -57.0417 
vt 11.8826 -57.2015 
vt 11.9896 -57.1078 
vt 11.9896 -57.066 
vt 11.9908 -57.1055 
vt 11.9908 -57.1347 
vt 11.9908 -57.094 
vt 11.9908 -57.0198 
vt 11.9896 -57.0202 
vt 11.9896 -56.8533 
vt 11.9896 -56.8991 
vt 11.9908 -56.7461 
vt 11.9896 -56.8115 
vt 11.9018 -57.0437 
vt 11.8675 -57.0652 
vt 11.9668 -57.0417 
vt 11.8415 -57.0773 
vt 11.8113 -57.0949 
vt 11.9018 -56.9804 
vt 11.9896 -56.7622 
vt 11.8675 -56.9876 
vt 11.8415 -56.9845 
vt 11.8113 -56.9901 
vt 11.7583 -57.0445 
vt 11.7699 -57.032 
vt 11.759 -57.0223 
vt 11.9908 -57.0485 
vt 11.8001 -56.9969 
vt 11.7789 -56.9992 
vt 11.7898 -57.0089 
vt 11.7893 -56.9872 
vt 11.9668 -57.0842 
vt 11.8001 -56.9969 
vt 11.8691 -56.9172 
vt 11.7893 -56.9872 
vt 11.8582 -56.9075 
vt 11.9886 -56.7357 
vt 11.9886 -56.7165 
vt 11.9886 -56.7572 
vt 11.9886 -56.7826 
vt 11.7898 -57.0089 
vt 11.7704 -57.0091 
vt 11.7813 -57.0188 
vt 11.7563 -57.0237 
vt 11.7561 -57.0453 
vt 11.7671 -57.0334 
vt 11.7474 -57.0348 
vt 11.7453 -57.0356 
vt 11.7556 -57.0236 
vt 11.7554 -57.0453 
vt 11.7665 -57.0333 
vt 11.7446 -57.0355 
vt 11.7586 -57.0433 
vt 11.7588 -57.0216 
vt 11.7478 -57.0336 
vt 11.759 -57.0223 
vt 11.7813 -57.0188 
vt 11.7704 -57.0091 
vt 11.7699 -57.032 
vt 11.7789 -56.9992 
vt 11.7697 -57.0313 

usemtl Cube0121Mtl

f 927/927/927 928/928/928 929/929/929 
f 928/928/928 927/927/927 930/930/930 
f 976/976/976 977/977/977 978/978/978 
f 977/977/977 976/976/976 979/979/979 
f 980/980/980 981/981/981 982/982/982 
f 981/981/981 980/980/980 987/987/987 
f 988/988/988 989/989/989 990/990/990 
f 989/989/989 988/988/988 1082/1082/1082 
f 1026/1026/1026 1027/1027/1027 1028/1028/1028 
f 1028/1028/1028 1027/1027/1027 1081/1081/1081 
f 1029/1029/1029 1030/1030/1030 1031/1031/1031 
f 1029/1029/1029 1031/1031/1031 1032/1032/1032 
f 1078/1078/1078 1079/1079/1079 1080/1080/1080 
f 1080/1080/1080 1079/1079/1079 1099/1099/1099 
f 1083/1083/1083 1084/1084/1084 1085/1085/1085 
f 1085/1085/1085 1084/1084/1084 1090/1090/1090 
f 1086/1086/1086 1087/1087/1087 1088/1088/1088 
f 1089/1089/1089 1087/1087/1087 1086/1086/1086 
f 1095/1095/1095 1096/1096/1096 1097/1097/1097 
f 1098/1098/1098 1097/1097/1097 1096/1096/1096 
f 983/983/983 984/984/984 985/985/985 
f 984/984/984 983/983/983 986/986/986 
f 1092/1092/1092 1093/1093/1093 1094/1094/1094 
f 1093/1093/1093 1092/1092/1092 1100/1100/1100 
f 923/923/923 924/924/924 925/925/925 
f 924/924/924 923/923/923 926/926/926 
f 1033/1033/1033 1034/1034/1034 1035/1035/1035 
f 1034/1034/1034 1033/1033/1033 1038/1038/1038 
f 919/919/919 920/920/920 921/921/921 
f 920/920/920 919/919/919 922/922/922 
f 1023/1023/1023 1024/1024/1024 1025/1025/1025 
f 1024/1024/1024 1023/1023/1023 1037/1037/1037 
f 907/907/907 908/908/908 909/909/909 
f 908/908/908 907/907/907 918/918/918 
f 967/967/967 968/968/968 969/969/969 
f 968/968/968 967/967/967 975/975/975 
f 903/903/903 904/904/904 905/905/905 
f 904/904/904 903/903/903 906/906/906 
f 963/963/963 964/964/964 965/965/965 
f 966/966/966 964/964/964 963/963/963 
f 910/910/910 911/911/911 912/912/912 
f 911/911/911 910/910/910 916/916/916 
f 970/970/970 971/971/971 972/972/972 
f 971/971/971 970/970/970 973/973/973 
f 900/900/900 901/901/901 902/902/902 
f 901/901/901 900/900/900 931/931/931 
f 955/955/955 956/956/956 957/957/957 
f 956/956/956 955/955/955 959/959/959 
f 913/913/913 914/914/914 915/915/915 
f 914/914/914 913/913/913 917/917/917 
f 892/892/892 893/893/893 894/894/894 
f 893/893/893 892/892/892 1018/1018/1018 
f 1019/1019/1019 1020/1020/1020 1021/1021/1021 
f 1020/1020/1020 1019/1019/1019 1022/1022/1022 
f 960/960/960 961/961/961 962/962/962 
f 961/961/961 960/960/960 974/974/974 
f 896/896/896 897/897/897 898/898/898 
f 897/897/897 896/896/896 899/899/899 
f 952/952/952 953/953/953 954/954/954 
f 953/953/953 952/952/952 958/958/958 
f 876/876/876 877/877/877 878/878/878 
f 877/877/877 876/876/876 884/884/884 
f 938/938/938 939/939/939 940/940/940 
f 939/939/939 938/938/938 946/946/946 
f 885/885/885 886/886/886 887/887/887 
f 886/886/886 885/885/885 895/895/895 
f 947/947/947 948/948/948 949/949/949 
f 948/948/948 947/947/947 951/951/951 
f 873/873/873 874/874/874 875/875/875 
f 874/874/874 873/873/873 883/883/883 
f 935/935/935 936/936/936 937/937/937 
f 936/936/936 935/935/935 945/945/945 
f 880/880/880 881/881/881 882/882/882 
f 881/881/881 880/880/880 891/891/891 
f 942/942/942 943/943/943 944/944/944 
f 943/943/943 942/942/942 950/950/950 
f 870/870/870 871/871/871 872/872/872 
f 871/871/871 870/870/870 879/879/879 
f 932/932/932 933/933/933 934/934/934 
f 933/933/933 932/932/932 941/941/941 
f 1039/1039/1039 1040/1040/1040 1041/1041/1041 
f 1040/1040/1040 1039/1039/1039 1042/1042/1042 
f 1043/1043/1043 1044/1044/1044 1045/1045/1045 
f 1044/1044/1044 1043/1043/1043 1046/1046/1046 
f 1047/1047/1047 1048/1048/1048 1049/1049/1049 
f 1047/1047/1047 1050/1050/1050 1048/1048/1048 
f 1051/1051/1051 1052/1052/1052 1053/1053/1053 
f 1052/1052/1052 1051/1051/1051 1077/1077/1077 
f 1054/1054/1054 1055/1055/1055 1056/1056/1056 
f 1055/1055/1055 1054/1054/1054 1060/1060/1060 
f 1057/1057/1057 1058/1058/1058 1059/1059/1059 
f 1057/1057/1057 1075/1075/1075 1058/1058/1058 
f 1061/1061/1061 1062/1062/1062 1063/1063/1063 
f 1062/1062/1062 1061/1061/1061 1064/1064/1064 
f 1065/1065/1065 1066/1066/1066 1067/1067/1067 
f 1066/1066/1066 1065/1065/1065 1091/1091/1091 
f 1068/1068/1068 1069/1069/1069 1070/1070/1070 
f 1069/1069/1069 1068/1068/1068 1071/1071/1071 
f 1072/1072/1072 1073/1073/1073 1074/1074/1074 
f 1073/1073/1073 1072/1072/1072 1076/1076/1076 
f 660/660/660 661/661/661 662/662/662 
f 661/661/661 660/660/660 663/663/663 
f 664/664/664 665/665/665 666/666/666 
f 665/665/665 681/681/681 666/666/666 
f 682/682/682 683/683/683 684/684/684 
f 683/683/683 792/792/792 684/684/684 
f 750/750/750 751/751/751 752/752/752 
f 751/751/751 750/750/750 784/784/784 
f 757/757/757 758/758/758 759/759/759 
f 759/759/759 783/783/783 757/757/757 
f 785/785/785 786/786/786 787/787/787 
f 786/786/786 785/785/785 788/788/788 
f 789/789/789 790/790/790 791/791/791 
f 790/790/790 789/789/789 793/793/793 
f 794/794/794 795/795/795 796/796/796 
f 795/795/795 794/794/794 869/869/869 
f 797/797/797 798/798/798 799/799/799 
f 798/798/798 797/797/797 1000/1000/1000 
f 800/800/800 801/801/801 802/802/802 
f 802/802/802 809/809/809 800/800/800 
f 803/803/803 804/804/804 805/805/805 
f 805/805/805 810/810/810 803/803/803 
f 806/806/806 807/807/807 808/808/808 
f 807/807/807 806/806/806 991/991/991 
f 811/811/811 812/812/812 813/813/813 
f 813/813/813 999/999/999 811/811/811 
f 888/888/888 889/889/889 890/890/890 
f 889/889/889 888/888/888 1001/1001/1001 
f 992/992/992 993/993/993 994/994/994 
f 993/993/993 992/992/992 1002/1002/1002 
f 995/995/995 996/996/996 997/997/997 
f 996/996/996 995/995/995 998/998/998 
f 1003/1003/1003 1004/1004/1004 1005/1005/1005 
f 1004/1004/1004 1003/1003/1003 1006/1006/1006 
f 1007/1007/1007 1008/1008/1008 1009/1009/1009 
f 1008/1008/1008 1007/1007/1007 1010/1010/1010 
f 1011/1011/1011 1012/1012/1012 1013/1013/1013 
f 1012/1012/1012 1011/1011/1011 1014/1014/1014 
f 1015/1015/1015 1016/1016/1016 1017/1017/1017 
f 1016/1016/1016 1015/1015/1015 1036/1036/1036 
f 653/653/653 654/654/654 655/655/655 
f 654/654/654 653/653/653 659/659/659 
f 667/667/667 668/668/668 669/669/669 
f 668/668/668 667/667/667 677/677/677 
f 670/670/670 671/671/671 672/672/672 
f 671/671/671 670/670/670 673/673/673 
f 674/674/674 675/675/675 676/676/676 
f 675/675/675 674/674/674 686/686/686 
f 678/678/678 679/679/679 680/680/680 
f 679/679/679 678/678/678 685/685/685 
f 687/687/687 688/688/688 689/689/689 
f 688/688/688 687/687/687 847/847/847 
f 753/753/753 754/754/754 755/755/755 
f 754/754/754 753/753/753 756/756/756 
f 760/760/760 761/761/761 762/762/762 
f 761/761/761 760/760/760 767/767/767 
f 763/763/763 764/764/764 765/765/765 
f 764/764/764 763/763/763 766/766/766 
f 768/768/768 769/769/769 770/770/770 
f 769/769/769 768/768/768 814/814/814 
f 771/771/771 772/772/772 773/773/773 
f 772/772/772 771/771/771 774/774/774 
f 775/775/775 776/776/776 777/777/777 
f 776/776/776 775/775/775 778/778/778 
f 779/779/779 780/780/780 781/781/781 
f 780/780/780 779/779/779 782/782/782 
f 848/848/848 849/849/849 850/850/850 
f 849/849/849 848/848/848 851/851/851 
f 852/852/852 853/853/853 854/854/854 
f 853/853/853 852/852/852 855/855/855 
f 862/862/862 863/863/863 864/864/864 
f 863/863/863 862/862/862 865/865/865 
f 744/744/744 745/745/745 746/746/746 
f 744/744/744 749/749/749 745/745/745 
f 650/650/650 651/651/651 652/652/652 
f 846/846/846 651/651/651 650/650/650 
f 731/731/731 732/732/732 733/733/733 
f 738/738/738 732/732/732 731/731/731 
f 647/647/647 648/648/648 649/649/649 
f 649/649/649 656/656/656 647/647/647 
f 741/741/741 742/742/742 743/743/743 
f 743/743/743 747/747/747 741/741/741 
f 635/635/635 636/636/636 637/637/637 
f 635/635/635 658/658/658 636/636/636 
f 727/727/727 728/728/728 729/729/729 
f 727/727/727 730/730/730 728/728/728 
f 643/643/643 644/644/644 645/645/645 
f 657/657/657 644/644/644 643/643/643 
f 690/690/690 691/691/691 692/692/692 
f 690/690/690 740/740/740 691/691/691 
f 735/735/735 736/736/736 737/737/737 
f 736/736/736 735/735/735 748/748/748 
f 724/724/724 725/725/725 726/726/726 
f 734/734/734 725/725/725 724/724/724 
f 638/638/638 639/639/639 640/640/640 
f 646/646/646 639/639/639 638/638/638 
f 715/715/715 716/716/716 717/717/717 
f 715/715/715 718/718/718 716/716/716 
f 721/721/721 722/722/722 723/723/723 
f 721/721/721 739/739/739 722/722/722 
f 699/699/699 700/700/700 701/701/701 
f 709/709/709 700/700/700 699/699/699 
f 632/632/632 633/633/633 634/634/634 
f 642/642/642 633/633/633 632/632/632 
f 706/706/706 707/707/707 708/708/708 
f 706/706/706 720/720/720 707/707/707 
f 710/710/710 711/711/711 712/712/712 
f 710/710/710 714/714/714 711/711/711 
f 696/696/696 697/697/697 698/698/698 
f 697/697/697 696/696/696 702/702/702 
f 629/629/629 630/630/630 631/631/631 
f 641/641/641 630/630/630 629/629/629 
f 693/693/693 694/694/694 695/695/695 
f 693/693/693 713/713/713 694/694/694 
f 703/703/703 704/704/704 705/705/705 
f 703/703/703 719/719/719 704/704/704 
f 815/815/815 816/816/816 817/817/817 
f 815/815/815 817/817/817 822/822/822 
f 818/818/818 819/819/819 820/820/820 
f 818/818/818 821/821/821 819/819/819 
f 823/823/823 824/824/824 825/825/825 
f 823/823/823 826/826/826 824/824/824 
f 827/827/827 828/828/828 829/829/829 
f 827/827/827 829/829/829 830/830/830 
f 831/831/831 832/832/832 833/833/833 
f 832/832/832 831/831/831 834/834/834 
f 835/835/835 836/836/836 837/837/837 
f 836/836/836 835/835/835 838/838/838 
f 839/839/839 840/840/840 841/841/841 
f 840/840/840 839/839/839 845/845/845 
f 842/842/842 843/843/843 844/844/844 
f 843/843/843 842/842/842 867/867/867 
f 856/856/856 857/857/857 858/858/858 
f 857/857/857 856/856/856 868/868/868 
f 859/859/859 860/860/860 861/861/861 
f 860/860/860 859/859/859 866/866/866 
f 1181/1181/1181 1182/1182/1182 1183/1183/1183 
f 1182/1182/1182 1181/1181/1181 1341/1341/1341 
f 1178/1178/1178 1179/1179/1179 1180/1180/1180 
f 1179/1179/1179 1178/1178/1178 1334/1334/1334 
f 1175/1175/1175 1176/1176/1176 1177/1177/1177 
f 1176/1176/1176 1175/1175/1175 1333/1333/1333 
f 1233/1233/1233 1234/1234/1234 1235/1235/1235 
f 1363/1363/1363 1234/1234/1234 1233/1233/1233 
f 1252/1252/1252 1253/1253/1253 1254/1254/1254 
f 1360/1360/1360 1253/1253/1253 1252/1252/1252 
f 1172/1172/1172 1173/1173/1173 1174/1174/1174 
f 1173/1173/1173 1172/1172/1172 1332/1332/1332 
f 1240/1240/1240 1241/1241/1241 1242/1242/1242 
f 1354/1354/1354 1241/1241/1241 1240/1240/1240 
f 1255/1255/1255 1256/1256/1256 1257/1257/1257 
f 1361/1361/1361 1256/1256/1256 1255/1255/1255 
f 1193/1193/1193 1194/1194/1194 1195/1195/1195 
f 1346/1346/1346 1194/1194/1194 1193/1193/1193 
f 1258/1258/1258 1259/1259/1259 1260/1260/1260 
f 1362/1362/1362 1259/1259/1259 1258/1258/1258 
f 1249/1249/1249 1250/1250/1250 1251/1251/1251 
f 1359/1359/1359 1250/1250/1250 1249/1249/1249 
f 1190/1190/1190 1191/1191/1191 1192/1192/1192 
f 1342/1342/1342 1191/1191/1191 1190/1190/1190 
f 1214/1214/1214 1215/1215/1215 1216/1216/1216 
f 1215/1215/1215 1214/1214/1214 1338/1338/1338 
f 1217/1217/1217 1218/1218/1218 1219/1219/1219 
f 1218/1218/1218 1217/1217/1217 1339/1339/1339 
f 1208/1208/1208 1209/1209/1209 1210/1210/1210 
f 1208/1208/1208 1261/1261/1261 1209/1209/1209 
f 1220/1220/1220 1221/1221/1221 1222/1222/1222 
f 1220/1220/1220 1222/1222/1222 1232/1232/1232 
f 1343/1343/1343 1344/1344/1344 1345/1345/1345 
f 1370/1370/1370 1343/1343/1343 1345/1345/1345 
f 1243/1243/1243 1244/1244/1244 1245/1245/1245 
f 1353/1353/1353 1244/1244/1244 1243/1243/1243 
f 1246/1246/1246 1247/1247/1247 1248/1248/1248 
f 1355/1355/1355 1247/1247/1247 1246/1246/1246 
f 1236/1236/1236 1237/1237/1237 1238/1238/1238 
f 1236/1236/1236 1239/1239/1239 1237/1237/1237 
f 1356/1356/1356 1357/1357/1357 1358/1358/1358 
f 1372/1372/1372 1356/1356/1356 1358/1358/1358 
f 1199/1199/1199 1200/1200/1200 1201/1201/1201 
f 1337/1337/1337 1200/1200/1200 1199/1199/1199 
f 1202/1202/1202 1203/1203/1203 1204/1204/1204 
f 1336/1336/1336 1203/1203/1203 1202/1202/1202 
f 1205/1205/1205 1206/1206/1206 1207/1207/1207 
f 1335/1335/1335 1206/1206/1206 1205/1205/1205 
f 1223/1223/1223 1224/1224/1224 1225/1225/1225 
f 1224/1224/1224 1223/1223/1223 1231/1231/1231 
f 1227/1227/1227 1228/1228/1228 1229/1229/1229 
f 1228/1228/1228 1227/1227/1227 1230/1230/1230 
f 1350/1350/1350 1351/1351/1351 1352/1352/1352 
f 1350/1350/1350 1352/1352/1352 1364/1364/1364 
f 1367/1367/1367 1368/1368/1368 1369/1369/1369 
f 1367/1367/1367 1371/1371/1371 1368/1368/1368 
f 1184/1184/1184 1185/1185/1185 1186/1186/1186 
f 1184/1184/1184 1340/1340/1340 1185/1185/1185 
f 1187/1187/1187 1188/1188/1188 1189/1189/1189 
f 1188/1188/1188 1187/1187/1187 1349/1349/1349 
f 1196/1196/1196 1197/1197/1197 1198/1198/1198 
f 1197/1197/1197 1196/1196/1196 1348/1348/1348 
f 1211/1211/1211 1212/1212/1212 1213/1213/1213 
f 1212/1212/1212 1211/1211/1211 1347/1347/1347 
f 1133/1133/1133 1134/1134/1134 1135/1135/1135 
f 1133/1133/1133 1135/1135/1135 1136/1136/1136 
f 1169/1169/1169 1170/1170/1170 1171/1171/1171 
f 1169/1169/1169 1226/1226/1226 1170/1170/1170 
f 1294/1294/1294 1295/1295/1295 1296/1296/1296 
f 1295/1295/1295 1294/1294/1294 1366/1366/1366 
f 1329/1329/1329 1330/1330/1330 1331/1331/1331 
f 1330/1330/1330 1329/1329/1329 1365/1365/1365 
f 1109/1109/1109 1110/1110/1110 1111/1111/1111 
f 1109/1109/1109 1112/1112/1112 1110/1110/1110 
f 1113/1113/1113 1114/1114/1114 1115/1115/1115 
f 1113/1113/1113 1115/1115/1115 1116/1116/1116 
f 1120/1120/1120 1121/1121/1121 1122/1122/1122 
f 1120/1120/1120 1128/1128/1128 1121/1121/1121 
f 1129/1129/1129 1130/1130/1130 1131/1131/1131 
f 1129/1129/1129 1131/1131/1131 1132/1132/1132 
f 1145/1145/1145 1146/1146/1146 1147/1147/1147 
f 1145/1145/1145 1148/1148/1148 1146/1146/1146 
f 1149/1149/1149 1150/1150/1150 1151/1151/1151 
f 1149/1149/1149 1151/1151/1151 1152/1152/1152 
f 1161/1161/1161 1162/1162/1162 1163/1163/1163 
f 1161/1161/1161 1164/1164/1164 1162/1162/1162 
f 1165/1165/1165 1166/1166/1166 1167/1167/1167 
f 1165/1165/1165 1167/1167/1167 1168/1168/1168 
f 1270/1270/1270 1271/1271/1271 1272/1272/1272 
f 1276/1276/1276 1272/1272/1272 1271/1271/1271 
f 1273/1273/1273 1274/1274/1274 1275/1275/1275 
f 1277/1277/1277 1275/1275/1275 1274/1274/1274 
f 1278/1278/1278 1279/1279/1279 1280/1280/1280 
f 1292/1292/1292 1280/1280/1280 1279/1279/1279 
f 1289/1289/1289 1290/1290/1290 1291/1291/1291 
f 1293/1293/1293 1291/1291/1291 1290/1290/1290 
f 1305/1305/1305 1306/1306/1306 1307/1307/1307 
f 1311/1311/1311 1307/1307/1307 1306/1306/1306 
f 1308/1308/1308 1309/1309/1309 1310/1310/1310 
f 1312/1312/1312 1310/1310/1310 1309/1309/1309 
f 1313/1313/1313 1314/1314/1314 1315/1315/1315 
f 1327/1327/1327 1315/1315/1315 1314/1314/1314 
f 1324/1324/1324 1325/1325/1325 1326/1326/1326 
f 1328/1328/1328 1326/1326/1326 1325/1325/1325 
f 1101/1101/1101 1102/1102/1102 1103/1103/1103 
f 1101/1101/1101 1103/1103/1103 1108/1108/1108 
f 1104/1104/1104 1105/1105/1105 1106/1106/1106 
f 1104/1104/1104 1106/1106/1106 1107/1107/1107 
f 1117/1117/1117 1118/1118/1118 1119/1119/1119 
f 1117/1117/1117 1126/1126/1126 1118/1118/1118 
f 1123/1123/1123 1124/1124/1124 1125/1125/1125 
f 1123/1123/1123 1125/1125/1125 1127/1127/1127 
f 1137/1137/1137 1138/1138/1138 1139/1139/1139 
f 1137/1137/1137 1139/1139/1139 1144/1144/1144 
f 1140/1140/1140 1141/1141/1141 1142/1142/1142 
f 1140/1140/1140 1142/1142/1142 1143/1143/1143 
f 1153/1153/1153 1154/1154/1154 1155/1155/1155 
f 1153/1153/1153 1159/1159/1159 1154/1154/1154 
f 1156/1156/1156 1157/1157/1157 1158/1158/1158 
f 1156/1156/1156 1158/1158/1158 1160/1160/1160 
f 1262/1262/1262 1263/1263/1263 1264/1264/1264 
f 1263/1263/1263 1262/1262/1262 1268/1268/1268 
f 1265/1265/1265 1266/1266/1266 1267/1267/1267 
f 1269/1269/1269 1265/1265/1265 1267/1267/1267 
f 1281/1281/1281 1282/1282/1282 1283/1283/1283 
f 1287/1287/1287 1283/1283/1283 1282/1282/1282 
f 1284/1284/1284 1285/1285/1285 1286/1286/1286 
f 1288/1288/1288 1286/1286/1286 1285/1285/1285 
f 1297/1297/1297 1298/1298/1298 1299/1299/1299 
f 1298/1298/1298 1297/1297/1297 1303/1303/1303 
f 1300/1300/1300 1301/1301/1301 1302/1302/1302 
f 1301/1301/1301 1300/1300/1300 1304/1304/1304 
f 1316/1316/1316 1317/1317/1317 1318/1318/1318 
f 1317/1317/1317 1316/1316/1316 1319/1319/1319 
f 1320/1320/1320 1321/1321/1321 1322/1322/1322 
f 1321/1321/1321 1320/1320/1320 1323/1323/1323 
f 1433/1433/1433 1434/1434/1434 1435/1435/1435 
f 1433/1433/1433 1443/1443/1443 1434/1434/1434 
f 1659/1659/1659 1660/1660/1660 1661/1661/1661 
f 1660/1660/1660 1659/1659/1659 1662/1662/1662 
f 1439/1439/1439 1440/1440/1440 1441/1441/1441 
f 1439/1439/1439 1442/1442/1442 1440/1440/1440 
f 1654/1654/1654 1655/1655/1655 1656/1656/1656 
f 1655/1655/1655 1654/1654/1654 1658/1658/1658 
f 1452/1452/1452 1453/1453/1453 1454/1454/1454 
f 1452/1452/1452 1464/1464/1464 1453/1453/1453 
f 1633/1633/1633 1634/1634/1634 1635/1635/1635 
f 1634/1634/1634 1633/1633/1633 1643/1643/1643 
f 1574/1574/1574 1575/1575/1575 1576/1576/1576 
f 1575/1575/1575 1574/1574/1574 1702/1702/1702 
f 1456/1456/1456 1457/1457/1457 1458/1458/1458 
f 1456/1456/1456 1463/1463/1463 1457/1457/1457 
f 1629/1629/1629 1630/1630/1630 1631/1631/1631 
f 1630/1630/1630 1629/1629/1629 1642/1642/1642 
f 1422/1422/1422 1423/1423/1423 1424/1424/1424 
f 1422/1422/1422 1431/1431/1431 1423/1423/1423 
f 1428/1428/1428 1429/1429/1429 1430/1430/1430 
f 1428/1428/1428 1432/1432/1432 1429/1429/1429 
f 1444/1444/1444 1445/1445/1445 1446/1446/1446 
f 1444/1444/1444 1446/1446/1446 1447/1447/1447 
f 1449/1449/1449 1450/1450/1450 1451/1451/1451 
f 1449/1449/1449 1455/1455/1455 1450/1450/1450 
f 1620/1620/1620 1621/1621/1621 1622/1622/1622 
f 1621/1621/1621 1620/1620/1620 1632/1632/1632 
f 1626/1626/1626 1627/1627/1627 1628/1628/1628 
f 1627/1627/1627 1626/1626/1626 1644/1644/1644 
f 1645/1645/1645 1646/1646/1646 1647/1647/1647 
f 1646/1646/1646 1645/1645/1645 1652/1652/1652 
f 1649/1649/1649 1650/1650/1650 1651/1651/1651 
f 1650/1650/1650 1649/1649/1649 1653/1653/1653 
f 1567/1567/1567 1568/1568/1568 1569/1569/1569 
f 1568/1568/1568 1567/1567/1567 1700/1700/1700 
f 1425/1425/1425 1426/1426/1426 1427/1427/1427 
f 1425/1425/1425 1427/1427/1427 1448/1448/1448 
f 1623/1623/1623 1624/1624/1624 1625/1625/1625 
f 1624/1624/1624 1623/1623/1623 1648/1648/1648 
f 1570/1570/1570 1571/1571/1571 1572/1572/1572 
f 1571/1571/1571 1570/1570/1570 1701/1701/1701 
f 1561/1561/1561 1562/1562/1562 1563/1563/1563 
f 1562/1562/1562 1561/1561/1561 1697/1697/1697 
f 1564/1564/1564 1565/1565/1565 1566/1566/1566 
f 1565/1565/1565 1564/1564/1564 1703/1703/1703 
f 1527/1527/1527 1528/1528/1528 1529/1529/1529 
f 1528/1528/1528 1527/1527/1527 1689/1689/1689 
f 1460/1460/1460 1461/1461/1461 1462/1462/1462 
f 1460/1460/1460 1560/1560/1560 1461/1461/1461 
f 1636/1636/1636 1637/1637/1637 1638/1638/1638 
f 1637/1637/1637 1636/1636/1636 1698/1698/1698 
f 1436/1436/1436 1437/1437/1437 1438/1438/1438 
f 1438/1438/1438 1459/1459/1459 1436/1436/1436 
f 1639/1639/1639 1640/1640/1640 1641/1641/1641 
f 1641/1641/1641 1640/1640/1640 1657/1657/1657 
f 1542/1542/1542 1543/1543/1543 1544/1544/1544 
f 1543/1543/1543 1542/1542/1542 1545/1545/1545 
f 1546/1546/1546 1547/1547/1547 1548/1548/1548 
f 1547/1547/1547 1546/1546/1546 1549/1549/1549 
f 1550/1550/1550 1551/1551/1551 1552/1552/1552 
f 1551/1551/1551 1550/1550/1550 1559/1559/1559 
f 1553/1553/1553 1554/1554/1554 1555/1555/1555 
f 1554/1554/1554 1553/1553/1553 1573/1573/1573 
f 1691/1691/1691 1692/1692/1692 1693/1693/1693 
f 1692/1692/1692 1691/1691/1691 1699/1699/1699 
f 1694/1694/1694 1695/1695/1695 1696/1696/1696 
f 1695/1695/1695 1694/1694/1694 1704/1704/1704 
f 1717/1717/1717 1718/1718/1718 1719/1719/1719 
f 1718/1718/1718 1717/1717/1717 1720/1720/1720 
f 1721/1721/1721 1722/1722/1722 1723/1723/1723 
f 1722/1722/1722 1721/1721/1721 1724/1724/1724 
f 1538/1538/1538 1539/1539/1539 1540/1540/1540 
f 1539/1539/1539 1538/1538/1538 1541/1541/1541 
f 1712/1712/1712 1713/1713/1713 1714/1714/1714 
f 1713/1713/1713 1712/1712/1712 1716/1716/1716 
f 1534/1534/1534 1535/1535/1535 1536/1536/1536 
f 1535/1535/1535 1537/1537/1537 1536/1536/1536 
f 1709/1709/1709 1710/1710/1710 1711/1711/1711 
f 1710/1710/1710 1709/1709/1709 1715/1715/1715 
f 1530/1530/1530 1531/1531/1531 1532/1532/1532 
f 1533/1533/1533 1530/1530/1530 1532/1532/1532 
f 1705/1705/1705 1706/1706/1706 1707/1707/1707 
f 1706/1706/1706 1705/1705/1705 1708/1708/1708 
f 1475/1475/1475 1476/1476/1476 1477/1477/1477 
f 1476/1476/1476 1478/1478/1478 1477/1477/1477 
f 1680/1680/1680 1681/1681/1681 1682/1682/1682 
f 1681/1681/1681 1680/1680/1680 1683/1683/1683 
f 1418/1418/1418 1419/1419/1419 1420/1420/1420 
f 1419/1419/1419 1418/1418/1418 1598/1598/1598 
f 1509/1509/1509 1510/1510/1510 1511/1511/1511 
f 1510/1510/1510 1509/1509/1509 1670/1670/1670 
f 1556/1556/1556 1557/1557/1557 1558/1558/1558 
f 1558/1558/1558 1690/1690/1690 1556/1556/1556 
f 1396/1396/1396 1397/1397/1397 1398/1398/1398 
f 1396/1396/1396 1398/1398/1398 1421/1421/1421 
f 1616/1616/1616 1617/1617/1617 1618/1618/1618 
f 1617/1617/1617 1616/1616/1616 1619/1619/1619 
f 1393/1393/1393 1394/1394/1394 1395/1395/1395 
f 1393/1393/1393 1399/1399/1399 1394/1394/1394 
f 1611/1611/1611 1612/1612/1612 1613/1613/1613 
f 1612/1612/1612 1611/1611/1611 1615/1615/1615 
f 1390/1390/1390 1391/1391/1391 1392/1392/1392 
f 1390/1390/1390 1392/1392/1392 1400/1400/1400 
f 1591/1591/1591 1592/1592/1592 1593/1593/1593 
f 1592/1592/1592 1591/1591/1591 1600/1600/1600 
f 1407/1407/1407 1408/1408/1408 1409/1409/1409 
f 1407/1407/1407 1410/1410/1410 1408/1408/1408 
f 1587/1587/1587 1588/1588/1588 1589/1589/1589 
f 1588/1588/1588 1587/1587/1587 1599/1599/1599 
f 1373/1373/1373 1374/1374/1374 1375/1375/1375 
f 1373/1373/1373 1379/1379/1379 1374/1374/1374 
f 1376/1376/1376 1377/1377/1377 1378/1378/1378 
f 1376/1376/1376 1380/1380/1380 1377/1377/1377 
f 1381/1381/1381 1382/1382/1382 1383/1383/1383 
f 1381/1381/1381 1383/1383/1383 1401/1401/1401 
f 1403/1403/1403 1404/1404/1404 1405/1405/1405 
f 1403/1403/1403 1406/1406/1406 1404/1404/1404 
f 1578/1578/1578 1579/1579/1579 1580/1580/1580 
f 1579/1579/1579 1578/1578/1578 1590/1590/1590 
f 1584/1584/1584 1585/1585/1585 1586/1586/1586 
f 1585/1585/1585 1584/1584/1584 1607/1607/1607 
f 1601/1601/1601 1602/1602/1602 1603/1603/1603 
f 1602/1602/1602 1601/1601/1601 1608/1608/1608 
f 1604/1604/1604 1605/1605/1605 1606/1606/1606 
f 1605/1605/1605 1604/1604/1604 1609/1609/1609 
f 1472/1472/1472 1473/1473/1473 1474/1474/1474 
f 1473/1473/1473 1472/1472/1472 1679/1679/1679 
f 1491/1491/1491 1492/1492/1492 1493/1493/1493 
f 1492/1492/1492 1491/1491/1491 1688/1688/1688 
f 1384/1384/1384 1385/1385/1385 1386/1386/1386 
f 1384/1384/1384 1386/1386/1386 1402/1402/1402 
f 1581/1581/1581 1582/1582/1582 1583/1583/1583 
f 1582/1582/1582 1581/1581/1581 1610/1610/1610 
f 1465/1465/1465 1466/1466/1466 1467/1467/1467 
f 1468/1468/1468 1466/1466/1466 1465/1465/1465 
f 1663/1663/1663 1664/1664/1664 1665/1665/1665 
f 1664/1664/1664 1663/1663/1663 1678/1678/1678 
f 1387/1387/1387 1388/1388/1388 1389/1389/1389 
f 1389/1389/1389 1417/1417/1417 1387/1387/1387 
f 1595/1595/1595 1596/1596/1596 1597/1597/1597 
f 1597/1597/1597 1596/1596/1596 1614/1614/1614 
f 1500/1500/1500 1501/1501/1501 1502/1502/1502 
f 1501/1501/1501 1500/1500/1500 1673/1673/1673 
f 1503/1503/1503 1504/1504/1504 1505/1505/1505 
f 1505/1505/1505 1504/1504/1504 1671/1671/1671 
f 1515/1515/1515 1516/1516/1516 1517/1517/1517 
f 1516/1516/1516 1515/1515/1515 1676/1676/1676 
f 1518/1518/1518 1519/1519/1519 1520/1520/1520 
f 1519/1519/1519 1518/1518/1518 1685/1685/1685 
f 1469/1469/1469 1470/1470/1470 1471/1471/1471 
f 1470/1470/1470 1469/1469/1469 1677/1677/1677 
f 1488/1488/1488 1489/1489/1489 1490/1490/1490 
f 1489/1489/1489 1488/1488/1488 1687/1687/1687 
f 1411/1411/1411 1412/1412/1412 1413/1413/1413 
f 1412/1412/1412 1411/1411/1411 1594/1594/1594 
f 1414/1414/1414 1415/1415/1415 1416/1416/1416 
f 1415/1415/1415 1414/1414/1414 1668/1668/1668 
f 1506/1506/1506 1507/1507/1507 1508/1508/1508 
f 1508/1508/1508 1669/1669/1669 1506/1506/1506 
f 1482/1482/1482 1483/1483/1483 1484/1484/1484 
f 1483/1483/1483 1482/1482/1482 1684/1684/1684 
f 1485/1485/1485 1486/1486/1486 1487/1487/1487 
f 1486/1486/1486 1485/1485/1485 1686/1686/1686 
f 1521/1521/1521 1522/1522/1522 1523/1523/1523 
f 1577/1577/1577 1521/1521/1521 1523/1523/1523 
f 1524/1524/1524 1525/1525/1525 1526/1526/1526 
f 1675/1675/1675 1524/1524/1524 1526/1526/1526 
f 1479/1479/1479 1480/1480/1480 1481/1481/1481 
f 1666/1666/1666 1479/1479/1479 1481/1481/1481 
f 1494/1494/1494 1495/1495/1495 1496/1496/1496 
f 1495/1495/1495 1494/1494/1494 1667/1667/1667 
f 1497/1497/1497 1498/1498/1498 1499/1499/1499 
f 1498/1498/1498 1497/1497/1497 1672/1672/1672 
f 1512/1512/1512 1513/1513/1513 1514/1514/1514 
f 1513/1513/1513 1512/1512/1512 1674/1674/1674 
f 1846/1846/1846 1847/1847/1847 1848/1848/1848 
f 1847/1847/1847 1846/1846/1846 1909/1909/1909 
f 1854/1854/1854 1855/1855/1855 1856/1856/1856 
f 1855/1855/1855 1854/1854/1854 1861/1861/1861 
f 1857/1857/1857 1858/1858/1858 1859/1859/1859 
f 1858/1858/1858 1857/1857/1857 1860/1860/1860 
f 1862/1862/1862 1863/1863/1863 1864/1864/1864 
f 1873/1873/1873 1864/1864/1864 1863/1863/1863 
f 1874/1874/1874 1875/1875/1875 1876/1876/1876 
f 1875/1875/1875 1908/1908/1908 1876/1876/1876 
f 1910/1910/1910 1911/1911/1911 1912/1912/1912 
f 1911/1911/1911 1910/1910/1910 1913/1913/1913 
f 1914/1914/1914 1915/1915/1915 1916/1916/1916 
f 1914/1914/1914 1932/1932/1932 1915/1915/1915 
f 1917/1917/1917 1918/1918/1918 1919/1919/1919 
f 1917/1917/1917 1923/1923/1923 1918/1918/1918 
f 1920/1920/1920 1921/1921/1921 1922/1922/1922 
f 1920/1920/1920 1924/1924/1924 1921/1921/1921 
f 1925/1925/1925 1926/1926/1926 1927/1927/1927 
f 1927/1927/1927 1931/1931/1931 1925/1925/1925 
f 1807/1807/1807 1808/1808/1808 1809/1809/1809 
f 1808/1808/1808 1807/1807/1807 1810/1810/1810 
f 1928/1928/1928 1929/1929/1929 1930/1930/1930 
f 1929/1929/1929 1928/1928/1928 1933/1933/1933 
f 1751/1751/1751 1752/1752/1752 1753/1753/1753 
f 1752/1752/1752 1751/1751/1751 1849/1849/1849 
f 1865/1865/1865 1866/1866/1866 1867/1867/1867 
f 1866/1866/1866 1865/1865/1865 1872/1872/1872 
f 1741/1741/1741 1742/1742/1742 1743/1743/1743 
f 1742/1742/1742 1741/1741/1741 1850/1850/1850 
f 1868/1868/1868 1869/1869/1869 1870/1870/1870 
f 1869/1869/1869 1868/1868/1868 1871/1871/1871 
f 1744/1744/1744 1745/1745/1745 1746/1746/1746 
f 1746/1746/1746 1745/1745/1745 1754/1754/1754 
f 1811/1811/1811 1812/1812/1812 1813/1813/1813 
f 1811/1811/1811 1813/1813/1813 1817/1817/1817 
f 1747/1747/1747 1748/1748/1748 1749/1749/1749 
f 1749/1749/1749 1750/1750/1750 1747/1747/1747 
f 1814/1814/1814 1815/1815/1815 1816/1816/1816 
f 1816/1816/1816 1818/1818/1818 1814/1814/1814 
f 1725/1725/1725 1726/1726/1726 1727/1727/1727 
f 1725/1725/1725 1740/1740/1740 1726/1726/1726 
f 1791/1791/1791 1792/1792/1792 1793/1793/1793 
f 1791/1791/1791 1794/1794/1794 1792/1792/1792 
f 1795/1795/1795 1796/1796/1796 1797/1797/1797 
f 1795/1795/1795 1806/1806/1806 1796/1796/1796 
f 1802/1802/1802 1803/1803/1803 1804/1804/1804 
f 1802/1802/1802 1805/1805/1805 1803/1803/1803 
f 1728/1728/1728 1729/1729/1729 1730/1730/1730 
f 1728/1728/1728 1730/1730/1730 1737/1737/1737 
f 1851/1851/1851 1852/1852/1852 1853/1853/1853 
f 1852/1852/1852 1851/1851/1851 1877/1877/1877 
f 1885/1885/1885 1886/1886/1886 1887/1887/1887 
f 1886/1886/1886 1885/1885/1885 1888/1888/1888 
f 1798/1798/1798 1799/1799/1799 1800/1800/1800 
f 1798/1798/1798 1800/1800/1800 1801/1801/1801 
f 1788/1788/1788 1789/1789/1789 1790/1790/1790 
f 1788/1788/1788 1790/1790/1790 1823/1823/1823 
f 1830/1830/1830 1831/1831/1831 1832/1832/1832 
f 1830/1830/1830 1844/1844/1844 1831/1831/1831 
f 1731/1731/1731 1732/1732/1732 1733/1733/1733 
f 1731/1731/1731 1733/1733/1733 1738/1738/1738 
f 1819/1819/1819 1820/1820/1820 1821/1821/1821 
f 1819/1819/1819 1822/1822/1822 1820/1820/1820 
f 1755/1755/1755 1756/1756/1756 1757/1757/1757 
f 1755/1755/1755 1757/1757/1757 1838/1838/1838 
f 1835/1835/1835 1836/1836/1836 1837/1837/1837 
f 1835/1835/1835 1843/1843/1843 1836/1836/1836 
f 1734/1734/1734 1735/1735/1735 1736/1736/1736 
f 1734/1734/1734 1736/1736/1736 1739/1739/1739 
f 1824/1824/1824 1825/1825/1825 1826/1826/1826 
f 1824/1824/1824 1826/1826/1826 1833/1833/1833 
f 1770/1770/1770 1771/1771/1771 1772/1772/1772 
f 1770/1770/1770 1772/1772/1772 1842/1842/1842 
f 1839/1839/1839 1840/1840/1840 1841/1841/1841 
f 1839/1839/1839 1841/1841/1841 1845/1845/1845 
f 1766/1766/1766 1767/1767/1767 1768/1768/1768 
f 1766/1766/1766 1769/1769/1769 1767/1767/1767 
f 1827/1827/1827 1828/1828/1828 1829/1829/1829 
f 1827/1827/1827 1829/1829/1829 1834/1834/1834 
f 1894/1894/1894 1895/1895/1895 1896/1896/1896 
f 1895/1895/1895 1894/1894/1894 1897/1897/1897 
f 1901/1901/1901 1902/1902/1902 1903/1903/1903 
f 1902/1902/1902 1907/1907/1907 1903/1903/1903 
f 1904/1904/1904 1905/1905/1905 1906/1906/1906 
f 1905/1905/1905 1944/1944/1944 1906/1906/1906 
f 1934/1934/1934 1935/1935/1935 1936/1936/1936 
f 1935/1935/1935 1934/1934/1934 1961/1961/1961 
f 1937/1937/1937 1938/1938/1938 1939/1939/1939 
f 1937/1937/1937 1939/1939/1939 1948/1948/1948 
f 1940/1940/1940 1941/1941/1941 1942/1942/1942 
f 1941/1941/1941 1940/1940/1940 1943/1943/1943 
f 1945/1945/1945 1946/1946/1946 1947/1947/1947 
f 1945/1945/1945 1949/1949/1949 1946/1946/1946 
f 1950/1950/1950 1951/1951/1951 1952/1952/1952 
f 1951/1951/1951 1950/1950/1950 1953/1953/1953 
f 1954/1954/1954 1955/1955/1955 1956/1956/1956 
f 1957/1957/1957 1954/1954/1954 1956/1956/1956 
f 1958/1958/1958 1959/1959/1959 1960/1960/1960 
f 1959/1959/1959 1962/1962/1962 1960/1960/1960 
f 1758/1758/1758 1759/1759/1759 1760/1760/1760 
f 1759/1759/1759 1761/1761/1761 1760/1760/1760 
f 1762/1762/1762 1763/1763/1763 1764/1764/1764 
f 1763/1763/1763 1762/1762/1762 1765/1765/1765 
f 1773/1773/1773 1774/1774/1774 1775/1775/1775 
f 1774/1774/1774 1773/1773/1773 1786/1786/1786 
f 1776/1776/1776 1777/1777/1777 1778/1778/1778 
f 1778/1778/1778 1779/1779/1779 1776/1776/1776 
f 1780/1780/1780 1781/1781/1781 1782/1782/1782 
f 1781/1781/1781 1963/1963/1963 1782/1782/1782 
f 1783/1783/1783 1784/1784/1784 1785/1785/1785 
f 1784/1784/1784 1783/1783/1783 1787/1787/1787 
f 1878/1878/1878 1879/1879/1879 1880/1880/1880 
f 1879/1879/1879 1878/1878/1878 1881/1881/1881 
f 1882/1882/1882 1883/1883/1883 1884/1884/1884 
f 1883/1883/1883 1882/1882/1882 1889/1889/1889 
f 1890/1890/1890 1891/1891/1891 1892/1892/1892 
f 1891/1891/1891 1890/1890/1890 1893/1893/1893 
f 1898/1898/1898 1899/1899/1899 1900/1900/1900 
f 1899/1899/1899 1898/1898/1898 2101/2101/2101 
f 2085/2085/2085 2086/2086/2086 2087/2087/2087 
f 2086/2086/2086 2085/2085/2085 2098/2098/2098 
f 2088/2088/2088 2089/2089/2089 2090/2090/2090 
f 2089/2089/2089 2088/2088/2088 2099/2099/2099 
f 2091/2091/2091 2092/2092/2092 2093/2093/2093 
f 2092/2092/2092 2091/2091/2091 2100/2100/2100 
f 2094/2094/2094 2095/2095/2095 2096/2096/2096 
f 2095/2095/2095 2094/2094/2094 2097/2097/2097 
f 2102/2102/2102 2103/2103/2103 2104/2104/2104 
f 2108/2108/2108 2103/2103/2103 2102/2102/2102 
f 2105/2105/2105 2106/2106/2106 2107/2107/2107 
f 2106/2106/2106 2105/2105/2105 2116/2116/2116 
f 2109/2109/2109 2110/2110/2110 2111/2111/2111 
f 2110/2110/2110 2109/2109/2109 2112/2112/2112 
f 2113/2113/2113 2114/2114/2114 2115/2115/2115 
f 2114/2114/2114 2113/2113/2113 2117/2117/2117 
f 2118/2118/2118 2119/2119/2119 2120/2120/2120 
f 2119/2119/2119 2118/2118/2118 2132/2132/2132 
f 2133/2133/2133 2134/2134/2134 2135/2135/2135 
f 2134/2134/2134 2133/2133/2133 2136/2136/2136 
f 1964/1964/1964 1965/1965/1965 1966/1966/1966 
f 1965/1965/1965 1967/1967/1967 1966/1966/1966 
f 1968/1968/1968 1969/1969/1969 1970/1970/1970 
f 1969/1969/1969 1981/1981/1981 1970/1970/1970 
f 1974/1974/1974 1975/1975/1975 1976/1976/1976 
f 1975/1975/1975 1974/1974/1974 1977/1977/1977 
f 1978/1978/1978 1979/1979/1979 1980/1980/1980 
f 1979/1979/1979 1992/1992/1992 1980/1980/1980 
f 1982/1982/1982 1983/1983/1983 1984/1984/1984 
f 1983/1983/1983 1985/1985/1985 1984/1984/1984 
f 1986/1986/1986 1987/1987/1987 1988/1988/1988 
f 1987/1987/1987 1986/1986/1986 2142/2142/2142 
f 1989/1989/1989 1990/1990/1990 1991/1991/1991 
f 1990/1990/1990 1993/1993/1993 1991/1991/1991 
f 2044/2044/2044 2045/2045/2045 2046/2046/2046 
f 2045/2045/2045 2044/2044/2044 2143/2143/2143 
f 2082/2082/2082 2083/2083/2083 2084/2084/2084 
f 2083/2083/2083 2082/2082/2082 2144/2144/2144 
f 2121/2121/2121 2122/2122/2122 2123/2123/2123 
f 2122/2122/2122 2121/2121/2121 2128/2128/2128 
f 2124/2124/2124 2125/2125/2125 2126/2126/2126 
f 2125/2125/2125 2124/2124/2124 2127/2127/2127 
f 2129/2129/2129 2130/2130/2130 2131/2131/2131 
f 2130/2130/2130 2129/2129/2129 2140/2140/2140 
f 2137/2137/2137 2138/2138/2138 2139/2139/2139 
f 2141/2141/2141 2138/2138/2138 2137/2137/2137 
f 2159/2159/2159 2160/2160/2160 2161/2161/2161 
f 2161/2161/2161 2166/2166/2166 2159/2159/2159 
f 2162/2162/2162 2163/2163/2163 2164/2164/2164 
f 2163/2163/2163 2162/2162/2162 2165/2165/2165 
f 2167/2167/2167 2168/2168/2168 2169/2169/2169 
f 2169/2169/2169 2170/2170/2170 2167/2167/2167 
f 2047/2047/2047 2048/2048/2048 2049/2049/2049 
f 2048/2048/2048 2047/2047/2047 2054/2054/2054 
f 1971/1971/1971 1972/1972/1972 1973/1973/1973 
f 1972/1972/1972 1971/1971/1971 1994/1994/1994 
f 2032/2032/2032 2033/2033/2033 2034/2034/2034 
f 2038/2038/2038 2032/2032/2032 2034/2034/2034 
f 2013/2013/2013 2014/2014/2014 2015/2015/2015 
f 2014/2014/2014 2013/2013/2013 2016/2016/2016 
f 2050/2050/2050 2051/2051/2051 2052/2052/2052 
f 2052/2052/2052 2051/2051/2051 2053/2053/2053 
f 1995/1995/1995 1996/1996/1996 1997/1997/1997 
f 2017/2017/2017 1997/1997/1997 1996/1996/1996 
f 2028/2028/2028 2029/2029/2029 2030/2030/2030 
f 2031/2031/2031 2030/2030/2030 2029/2029/2029 
f 1998/1998/1998 1999/1999/1999 2000/2000/2000 
f 2007/2007/2007 1998/1998/1998 2000/2000/2000 
f 2019/2019/2019 2020/2020/2020 2021/2021/2021 
f 2043/2043/2043 2021/2021/2021 2020/2020/2020 
f 2039/2039/2039 2040/2040/2040 2041/2041/2041 
f 2055/2055/2055 2041/2041/2041 2040/2040/2040 
f 2035/2035/2035 2036/2036/2036 2037/2037/2037 
f 2042/2042/2042 2035/2035/2035 2037/2037/2037 
f 2001/2001/2001 2002/2002/2002 2003/2003/2003 
f 2008/2008/2008 2001/2001/2001 2003/2003/2003 
f 2022/2022/2022 2023/2023/2023 2024/2024/2024 
f 2056/2056/2056 2024/2024/2024 2023/2023/2023 
f 2065/2065/2065 2066/2066/2066 2067/2067/2067 
f 2079/2079/2079 2067/2067/2067 2066/2066/2066 
f 2057/2057/2057 2058/2058/2058 2059/2059/2059 
f 2060/2060/2060 2057/2057/2057 2059/2059/2059 
f 2004/2004/2004 2005/2005/2005 2006/2006/2006 
f 2012/2012/2012 2004/2004/2004 2006/2006/2006 
f 2025/2025/2025 2026/2026/2026 2027/2027/2027 
f 2074/2074/2074 2027/2027/2027 2026/2026/2026 
f 2068/2068/2068 2069/2069/2069 2070/2070/2070 
f 2080/2080/2080 2070/2070/2070 2069/2069/2069 
f 2061/2061/2061 2062/2062/2062 2063/2063/2063 
f 2064/2064/2064 2061/2061/2061 2063/2063/2063 
f 2009/2009/2009 2010/2010/2010 2011/2011/2011 
f 2018/2018/2018 2009/2009/2009 2011/2011/2011 
f 2071/2071/2071 2072/2072/2072 2073/2073/2073 
f 2075/2075/2075 2073/2073/2073 2072/2072/2072 
f 2076/2076/2076 2077/2077/2077 2078/2078/2078 
f 2081/2081/2081 2078/2078/2078 2077/2077/2077 
f 2145/2145/2145 2146/2146/2146 2147/2147/2147 
f 2146/2146/2146 2145/2145/2145 2158/2158/2158 
f 2148/2148/2148 2149/2149/2149 2150/2150/2150 
f 2149/2149/2149 2148/2148/2148 2151/2151/2151 
f 2152/2152/2152 2153/2153/2153 2154/2154/2154 
f 2153/2153/2153 2152/2152/2152 2171/2171/2171 
f 2155/2155/2155 2156/2156/2156 2157/2157/2157 
f 2156/2156/2156 2155/2155/2155 2195/2195/2195 
f 2172/2172/2172 2173/2173/2173 2174/2174/2174 
f 2173/2173/2173 2172/2172/2172 2175/2175/2175 
f 2176/2176/2176 2177/2177/2177 2178/2178/2178 
f 2177/2177/2177 2176/2176/2176 2179/2179/2179 
f 2180/2180/2180 2181/2181/2181 2182/2182/2182 
f 2181/2181/2181 2180/2180/2180 2183/2183/2183 
f 2184/2184/2184 2185/2185/2185 2186/2186/2186 
f 2185/2185/2185 2184/2184/2184 2196/2196/2196 
f 2187/2187/2187 2188/2188/2188 2189/2189/2189 
f 2188/2188/2188 2187/2187/2187 2194/2194/2194 
f 2190/2190/2190 2191/2191/2191 2192/2192/2192 
f 2191/2191/2191 2190/2190/2190 2193/2193/2193 
f 2290/2290/2290 2291/2291/2291 2292/2292/2292 
f 2291/2291/2291 2290/2290/2290 2437/2437/2437 
f 2305/2305/2305 2306/2306/2306 2307/2307/2307 
f 2306/2306/2306 2305/2305/2305 2435/2435/2435 
f 2287/2287/2287 2288/2288/2288 2289/2289/2289 
f 2288/2288/2288 2287/2287/2287 2449/2449/2449 
f 2197/2197/2197 2198/2198/2198 2199/2199/2199 
f 2198/2198/2198 2197/2197/2197 2219/2219/2219 
f 2234/2234/2234 2235/2235/2235 2236/2236/2236 
f 2235/2235/2235 2234/2234/2234 2237/2237/2237 
f 2358/2358/2358 2359/2359/2359 2360/2360/2360 
f 2359/2359/2359 2381/2381/2381 2360/2360/2360 
f 2394/2394/2394 2395/2395/2395 2396/2396/2396 
f 2397/2397/2397 2394/2394/2394 2396/2396/2396 
f 2302/2302/2302 2303/2303/2303 2304/2304/2304 
f 2303/2303/2303 2302/2302/2302 2434/2434/2434 
f 2200/2200/2200 2201/2201/2201 2202/2202/2202 
f 2201/2201/2201 2200/2200/2200 2218/2218/2218 
f 2238/2238/2238 2239/2239/2239 2240/2240/2240 
f 2239/2239/2239 2238/2238/2238 2256/2256/2256 
f 2361/2361/2361 2362/2362/2362 2363/2363/2363 
f 2362/2362/2362 2382/2382/2382 2363/2363/2363 
f 2398/2398/2398 2399/2399/2399 2400/2400/2400 
f 2399/2399/2399 2418/2418/2418 2400/2400/2400 
f 2203/2203/2203 2204/2204/2204 2205/2205/2205 
f 2204/2204/2204 2203/2203/2203 2206/2206/2206 
f 2207/2207/2207 2208/2208/2208 2209/2209/2209 
f 2208/2208/2208 2207/2207/2207 2217/2217/2217 
f 2220/2220/2220 2221/2221/2221 2222/2222/2222 
f 2221/2221/2221 2220/2220/2220 2223/2223/2223 
f 2224/2224/2224 2225/2225/2225 2226/2226/2226 
f 2225/2225/2225 2224/2224/2224 2227/2227/2227 
f 2241/2241/2241 2242/2242/2242 2243/2243/2243 
f 2242/2242/2242 2241/2241/2241 2244/2244/2244 
f 2245/2245/2245 2246/2246/2246 2247/2247/2247 
f 2246/2246/2246 2245/2245/2245 2255/2255/2255 
f 2257/2257/2257 2258/2258/2258 2259/2259/2259 
f 2258/2258/2258 2257/2257/2257 2260/2260/2260 
f 2261/2261/2261 2262/2262/2262 2263/2263/2263 
f 2262/2262/2262 2261/2261/2261 2264/2264/2264 
f 2364/2364/2364 2365/2365/2365 2366/2366/2366 
f 2365/2365/2365 2364/2364/2364 2367/2367/2367 
f 2368/2368/2368 2369/2369/2369 2370/2370/2370 
f 2369/2369/2369 2368/2368/2368 2371/2371/2371 
f 2378/2378/2378 2379/2379/2379 2380/2380/2380 
f 2379/2379/2379 2378/2378/2378 2383/2383/2383 
f 2384/2384/2384 2385/2385/2385 2386/2386/2386 
f 2385/2385/2385 2384/2384/2384 2387/2387/2387 
f 2401/2401/2401 2402/2402/2402 2403/2403/2403 
f 2402/2402/2402 2401/2401/2401 2404/2404/2404 
f 2405/2405/2405 2406/2406/2406 2407/2407/2407 
f 2406/2406/2406 2405/2405/2405 2408/2408/2408 
f 2415/2415/2415 2416/2416/2416 2417/2417/2417 
f 2416/2416/2416 2415/2415/2415 2422/2422/2422 
f 2419/2419/2419 2420/2420/2420 2421/2421/2421 
f 2420/2420/2420 2419/2419/2419 2423/2423/2423 
f 2296/2296/2296 2297/2297/2297 2298/2298/2298 
f 2297/2297/2297 2296/2296/2296 2448/2448/2448 
f 2210/2210/2210 2211/2211/2211 2212/2212/2212 
f 2210/2210/2210 2212/2212/2212 2216/2216/2216 
f 2213/2213/2213 2214/2214/2214 2215/2215/2215 
f 2213/2213/2213 2215/2215/2215 2271/2271/2271 
f 2228/2228/2228 2229/2229/2229 2230/2230/2230 
f 2229/2229/2229 2228/2228/2228 2344/2344/2344 
f 2231/2231/2231 2232/2232/2232 2233/2233/2233 
f 2231/2231/2231 2326/2326/2326 2232/2232/2232 
f 2248/2248/2248 2249/2249/2249 2250/2250/2250 
f 2249/2249/2249 2248/2248/2248 2328/2328/2328 
f 2251/2251/2251 2252/2252/2252 2253/2253/2253 
f 2252/2252/2252 2251/2251/2251 2254/2254/2254 
f 2265/2265/2265 2266/2266/2266 2267/2267/2267 
f 2266/2266/2266 2265/2265/2265 2337/2337/2337 
f 2268/2268/2268 2269/2269/2269 2270/2270/2270 
f 2269/2269/2269 2268/2268/2268 2327/2327/2327 
f 2372/2372/2372 2373/2373/2373 2374/2374/2374 
f 2373/2373/2373 2454/2454/2454 2374/2374/2374 
f 2375/2375/2375 2376/2376/2376 2377/2377/2377 
f 2376/2376/2376 2460/2460/2460 2377/2377/2377 
f 2388/2388/2388 2389/2389/2389 2390/2390/2390 
f 2431/2431/2431 2390/2390/2390 2389/2389/2389 
f 2391/2391/2391 2392/2392/2392 2393/2393/2393 
f 2461/2461/2461 2393/2393/2393 2392/2392/2392 
f 2409/2409/2409 2410/2410/2410 2411/2411/2411 
f 2462/2462/2462 2409/2409/2409 2411/2411/2411 
f 2412/2412/2412 2413/2413/2413 2414/2414/2414 
f 2413/2413/2413 2459/2459/2459 2414/2414/2414 
f 2424/2424/2424 2425/2425/2425 2426/2426/2426 
f 2427/2427/2427 2426/2426/2426 2425/2425/2425 
f 2428/2428/2428 2429/2429/2429 2430/2430/2430 
f 2463/2463/2463 2430/2430/2430 2429/2429/2429 
f 2299/2299/2299 2300/2300/2300 2301/2301/2301 
f 2300/2300/2300 2299/2299/2299 2436/2436/2436 
f 2311/2311/2311 2312/2312/2312 2313/2313/2313 
f 2312/2312/2312 2311/2311/2311 2447/2447/2447 
f 2320/2320/2320 2321/2321/2321 2322/2322/2322 
f 2321/2321/2321 2320/2320/2320 2329/2329/2329 
f 2323/2323/2323 2324/2324/2324 2325/2325/2325 
f 2324/2324/2324 2323/2323/2323 2336/2336/2336 
f 2443/2443/2443 2444/2444/2444 2445/2445/2445 
f 2444/2444/2444 2443/2443/2443 2450/2450/2450 
f 2465/2465/2465 2466/2466/2466 2467/2467/2467 
f 2466/2466/2466 2465/2465/2465 2468/2468/2468 
f 2341/2341/2341 2342/2342/2342 2343/2343/2343 
f 2342/2342/2342 2341/2341/2341 2453/2453/2453 
f 2338/2338/2338 2339/2339/2339 2340/2340/2340 
f 2339/2339/2339 2338/2338/2338 2451/2451/2451 
f 2333/2333/2333 2334/2334/2334 2335/2335/2335 
f 2333/2333/2333 2335/2335/2335 2464/2464/2464 
f 2330/2330/2330 2331/2331/2331 2332/2332/2332 
f 2332/2332/2332 2331/2331/2331 2452/2452/2452 
f 2284/2284/2284 2285/2285/2285 2286/2286/2286 
f 2286/2286/2286 2285/2285/2285 2442/2442/2442 
f 2308/2308/2308 2309/2309/2309 2310/2310/2310 
f 2309/2309/2309 2308/2308/2308 2357/2357/2357 
f 2317/2317/2317 2318/2318/2318 2319/2319/2319 
f 2318/2318/2318 2317/2317/2317 2438/2438/2438 
f 2293/2293/2293 2294/2294/2294 2295/2295/2295 
f 2293/2293/2293 2295/2295/2295 2441/2441/2441 
f 2314/2314/2314 2315/2315/2315 2316/2316/2316 
f 2315/2315/2315 2314/2314/2314 2439/2439/2439 
f 2345/2345/2345 2346/2346/2346 2347/2347/2347 
f 2346/2346/2346 2345/2345/2345 2455/2455/2455 
f 2348/2348/2348 2349/2349/2349 2350/2350/2350 
f 2349/2349/2349 2348/2348/2348 2456/2456/2456 
f 2351/2351/2351 2352/2352/2352 2353/2353/2353 
f 2352/2352/2352 2351/2351/2351 2457/2457/2457 
f 2354/2354/2354 2355/2355/2355 2356/2356/2356 
f 2355/2355/2355 2354/2354/2354 2458/2458/2458 
f 2281/2281/2281 2282/2282/2282 2283/2283/2283 
f 2281/2281/2281 2283/2283/2283 2446/2446/2446 
f 2272/2272/2272 2273/2273/2273 2274/2274/2274 
f 2273/2273/2273 2272/2272/2272 2432/2432/2432 
f 2275/2275/2275 2276/2276/2276 2277/2277/2277 
f 2276/2276/2276 2275/2275/2275 2433/2433/2433 
f 2278/2278/2278 2279/2279/2279 2280/2280/2280 
f 2279/2279/2279 2278/2278/2278 2440/2440/2440 
f 2616/2616/2616 2617/2617/2617 2618/2618/2618 
f 2616/2616/2616 2779/2779/2779 2617/2617/2617 
f 2613/2613/2613 2614/2614/2614 2615/2615/2615 
f 2614/2614/2614 2613/2613/2613 2772/2772/2772 
f 2610/2610/2610 2611/2611/2611 2612/2612/2612 
f 2611/2611/2611 2610/2610/2610 2769/2769/2769 
f 2592/2592/2592 2593/2593/2593 2594/2594/2594 
f 2593/2593/2593 2592/2592/2592 2770/2770/2770 
f 2577/2577/2577 2578/2578/2578 2579/2579/2579 
f 2578/2578/2578 2577/2577/2577 2773/2773/2773 
f 2583/2583/2583 2584/2584/2584 2585/2585/2585 
f 2584/2584/2584 2583/2583/2583 2778/2778/2778 
f 2619/2619/2619 2620/2620/2620 2621/2621/2621 
f 2620/2620/2620 2619/2619/2619 2771/2771/2771 
f 2509/2509/2509 2510/2510/2510 2511/2511/2511 
f 2689/2689/2689 2510/2510/2510 2509/2509/2509 
f 2622/2622/2622 2623/2623/2623 2624/2624/2624 
f 2623/2623/2623 2622/2622/2622 2673/2673/2673 
f 2567/2567/2567 2568/2568/2568 2569/2569/2569 
f 2568/2568/2568 2567/2567/2567 2762/2762/2762 
f 2595/2595/2595 2596/2596/2596 2597/2597/2597 
f 2596/2596/2596 2595/2595/2595 2763/2763/2763 
f 2598/2598/2598 2599/2599/2599 2600/2600/2600 
f 2599/2599/2599 2598/2598/2598 2768/2768/2768 
f 2564/2564/2564 2565/2565/2565 2566/2566/2566 
f 2565/2565/2565 2564/2564/2564 2774/2774/2774 
f 2580/2580/2580 2581/2581/2581 2582/2582/2582 
f 2581/2581/2581 2580/2580/2580 2780/2780/2780 
f 2604/2604/2604 2605/2605/2605 2606/2606/2606 
f 2605/2605/2605 2604/2604/2604 2767/2767/2767 
f 2601/2601/2601 2602/2602/2602 2603/2603/2603 
f 2764/2764/2764 2602/2602/2602 2601/2601/2601 
f 2512/2512/2512 2513/2513/2513 2514/2514/2514 
f 2688/2688/2688 2513/2513/2513 2512/2512/2512 
f 2483/2483/2483 2484/2484/2484 2485/2485/2485 
f 2570/2570/2570 2484/2484/2484 2483/2483/2483 
f 2759/2759/2759 2760/2760/2760 2761/2761/2761 
f 2760/2760/2760 2759/2759/2759 2775/2775/2775 
f 2486/2486/2486 2487/2487/2487 2488/2488/2488 
f 2488/2488/2488 2515/2515/2515 2486/2486/2486 
f 2690/2690/2690 2691/2691/2691 2692/2692/2692 
f 2709/2709/2709 2691/2691/2691 2690/2690/2690 
f 2574/2574/2574 2575/2575/2575 2576/2576/2576 
f 2575/2575/2575 2574/2574/2574 2776/2776/2776 
f 2586/2586/2586 2587/2587/2587 2588/2588/2588 
f 2587/2587/2587 2586/2586/2586 2781/2781/2781 
f 2472/2472/2472 2473/2473/2473 2474/2474/2474 
f 2473/2473/2473 2472/2472/2472 2500/2500/2500 
f 2677/2677/2677 2678/2678/2678 2679/2679/2679 
f 2677/2677/2677 2700/2700/2700 2678/2678/2678 
f 2625/2625/2625 2626/2626/2626 2627/2627/2627 
f 2628/2628/2628 2626/2626/2626 2625/2625/2625 
f 2783/2783/2783 2784/2784/2784 2785/2785/2785 
f 2783/2783/2783 2785/2785/2785 2806/2806/2806 
f 2571/2571/2571 2572/2572/2572 2573/2573/2573 
f 2572/2572/2572 2571/2571/2571 2777/2777/2777 
f 2589/2589/2589 2590/2590/2590 2591/2591/2591 
f 2590/2590/2590 2589/2589/2589 2782/2782/2782 
f 2637/2637/2637 2638/2638/2638 2639/2639/2639 
f 2638/2638/2638 2637/2637/2637 2647/2647/2647 
f 2812/2812/2812 2813/2813/2813 2814/2814/2814 
f 2813/2813/2813 2812/2812/2812 2820/2820/2820 
f 2469/2469/2469 2470/2470/2470 2471/2471/2471 
f 2470/2470/2470 2469/2469/2469 2478/2478/2478 
f 2475/2475/2475 2476/2476/2476 2477/2477/2477 
f 2476/2476/2476 2475/2475/2475 2479/2479/2479 
f 2496/2496/2496 2497/2497/2497 2498/2498/2498 
f 2497/2497/2497 2496/2496/2496 2499/2499/2499 
f 2501/2501/2501 2502/2502/2502 2503/2503/2503 
f 2502/2502/2502 2501/2501/2501 2505/2505/2505 
f 2674/2674/2674 2675/2675/2675 2676/2676/2676 
f 2674/2674/2674 2683/2683/2683 2675/2675/2675 
f 2680/2680/2680 2681/2681/2681 2682/2682/2682 
f 2680/2680/2680 2684/2684/2684 2681/2681/2681 
f 2697/2697/2697 2698/2698/2698 2699/2699/2699 
f 2697/2697/2697 2704/2704/2704 2698/2698/2698 
f 2701/2701/2701 2702/2702/2702 2703/2703/2703 
f 2701/2701/2701 2705/2705/2705 2702/2702/2702 
f 2607/2607/2607 2608/2608/2608 2609/2609/2609 
f 2766/2766/2766 2608/2608/2608 2607/2607/2607 
f 2652/2652/2652 2653/2653/2653 2654/2654/2654 
f 2653/2653/2653 2652/2652/2652 2786/2786/2786 
f 2629/2629/2629 2630/2630/2630 2631/2631/2631 
f 2630/2630/2630 2629/2629/2629 2632/2632/2632 
f 2803/2803/2803 2804/2804/2804 2805/2805/2805 
f 2804/2804/2804 2803/2803/2803 2807/2807/2807 
f 2561/2561/2561 2562/2562/2562 2563/2563/2563 
f 2765/2765/2765 2562/2562/2562 2561/2561/2561 
f 2480/2480/2480 2481/2481/2481 2482/2482/2482 
f 2481/2481/2481 2480/2480/2480 2489/2489/2489 
f 2490/2490/2490 2491/2491/2491 2492/2492/2492 
f 2491/2491/2491 2490/2490/2490 2517/2517/2517 
f 2493/2493/2493 2494/2494/2494 2495/2495/2495 
f 2494/2494/2494 2493/2493/2493 2504/2504/2504 
f 2506/2506/2506 2507/2507/2507 2508/2508/2508 
f 2507/2507/2507 2506/2506/2506 2516/2516/2516 
f 2685/2685/2685 2686/2686/2686 2687/2687/2687 
f 2685/2685/2685 2715/2715/2715 2686/2686/2686 
f 2693/2693/2693 2694/2694/2694 2695/2695/2695 
f 2693/2693/2693 2696/2696/2696 2694/2694/2694 
f 2706/2706/2706 2707/2707/2707 2708/2708/2708 
f 2706/2706/2706 2713/2713/2713 2707/2707/2707 
f 2710/2710/2710 2711/2711/2711 2712/2712/2712 
f 2710/2710/2710 2714/2714/2714 2711/2711/2711 
f 2633/2633/2633 2634/2634/2634 2635/2635/2635 
f 2634/2634/2634 2633/2633/2633 2636/2636/2636 
f 2808/2808/2808 2809/2809/2809 2810/2810/2810 
f 2809/2809/2809 2808/2808/2808 2811/2811/2811 
f 2640/2640/2640 2641/2641/2641 2642/2642/2642 
f 2641/2641/2641 2640/2640/2640 2643/2643/2643 
f 2644/2644/2644 2645/2645/2645 2646/2646/2646 
f 2645/2645/2645 2644/2644/2644 2648/2648/2648 
f 2649/2649/2649 2650/2650/2650 2651/2651/2651 
f 2650/2650/2650 2649/2649/2649 2655/2655/2655 
f 2656/2656/2656 2657/2657/2657 2658/2658/2658 
f 2657/2657/2657 2656/2656/2656 2660/2660/2660 
f 2787/2787/2787 2788/2788/2788 2789/2789/2789 
f 2788/2788/2788 2787/2787/2787 2790/2790/2790 
f 2792/2792/2792 2793/2793/2793 2794/2794/2794 
f 2795/2795/2795 2794/2794/2794 2793/2793/2793 
f 2800/2800/2800 2801/2801/2801 2802/2802/2802 
f 2801/2801/2801 2800/2800/2800 2819/2819/2819 
f 2815/2815/2815 2816/2816/2816 2817/2817/2817 
f 2816/2816/2816 2815/2815/2815 2818/2818/2818 
f 2534/2534/2534 2535/2535/2535 2536/2536/2536 
f 2534/2534/2534 2659/2659/2659 2535/2535/2535 
f 2754/2754/2754 2755/2755/2755 2756/2756/2756 
f 2755/2755/2755 2754/2754/2754 2791/2791/2791 
f 2537/2537/2537 2538/2538/2538 2539/2539/2539 
f 2539/2539/2539 2555/2555/2555 2537/2537/2537 
f 2730/2730/2730 2731/2731/2731 2732/2732/2732 
f 2753/2753/2753 2731/2731/2731 2730/2730/2730 
f 2661/2661/2661 2662/2662/2662 2663/2663/2663 
f 2661/2661/2661 2796/2796/2796 2662/2662/2662 
f 2664/2664/2664 2665/2665/2665 2666/2666/2666 
f 2664/2664/2664 2797/2797/2797 2665/2665/2665 
f 2667/2667/2667 2668/2668/2668 2669/2669/2669 
f 2667/2667/2667 2798/2798/2798 2668/2668/2668 
f 2670/2670/2670 2671/2671/2671 2672/2672/2672 
f 2671/2671/2671 2670/2670/2670 2799/2799/2799 
f 2521/2521/2521 2522/2522/2522 2523/2523/2523 
f 2522/2522/2522 2521/2521/2521 2546/2546/2546 
f 2719/2719/2719 2720/2720/2720 2721/2721/2721 
f 2719/2719/2719 2741/2741/2741 2720/2720/2720 
f 2518/2518/2518 2519/2519/2519 2520/2520/2520 
f 2519/2519/2519 2518/2518/2518 2524/2524/2524 
f 2528/2528/2528 2529/2529/2529 2530/2530/2530 
f 2529/2529/2529 2528/2528/2528 2542/2542/2542 
f 2543/2543/2543 2544/2544/2544 2545/2545/2545 
f 2544/2544/2544 2543/2543/2543 2550/2550/2550 
f 2547/2547/2547 2548/2548/2548 2549/2549/2549 
f 2548/2548/2548 2547/2547/2547 2551/2551/2551 
f 2716/2716/2716 2717/2717/2717 2718/2718/2718 
f 2716/2716/2716 2722/2722/2722 2717/2717/2717 
f 2723/2723/2723 2724/2724/2724 2725/2725/2725 
f 2723/2723/2723 2726/2726/2726 2724/2724/2724 
f 2738/2738/2738 2739/2739/2739 2740/2740/2740 
f 2738/2738/2738 2745/2745/2745 2739/2739/2739 
f 2742/2742/2742 2743/2743/2743 2744/2744/2744 
f 2742/2742/2742 2749/2749/2749 2743/2743/2743 
f 2525/2525/2525 2526/2526/2526 2527/2527/2527 
f 2526/2526/2526 2525/2525/2525 2540/2540/2540 
f 2531/2531/2531 2532/2532/2532 2533/2533/2533 
f 2532/2532/2532 2531/2531/2531 2541/2541/2541 
f 2552/2552/2552 2553/2553/2553 2554/2554/2554 
f 2553/2553/2553 2552/2552/2552 2559/2559/2559 
f 2556/2556/2556 2557/2557/2557 2558/2558/2558 
f 2557/2557/2557 2556/2556/2556 2560/2560/2560 
f 2727/2727/2727 2728/2728/2728 2729/2729/2729 
f 2727/2727/2727 2736/2736/2736 2728/2728/2728 
f 2733/2733/2733 2734/2734/2734 2735/2735/2735 
f 2733/2733/2733 2737/2737/2737 2734/2734/2734 
f 2746/2746/2746 2747/2747/2747 2748/2748/2748 
f 2746/2746/2746 2757/2757/2757 2747/2747/2747 
f 2750/2750/2750 2751/2751/2751 2752/2752/2752 
f 2750/2750/2750 2758/2758/2758 2751/2751/2751 

