# This file is brought to you by Roblox Corporation
# Generated by Roblox Studio

mtllib Redcliff Knight.mtl

g RedcliffKnight1

v -142.896 4.09358 -232.284 
v -142.977 4.0707 -232.365 
v -142.943 4.0707 -232.405 
v -142.849 4.09358 -232.339 
v -142.827 4.15874 -232.215 
v -142.769 4.15874 -232.283 
v -142.781 4.25627 -232.168 
v -142.716 4.25627 -232.246 
v -142.765 4.3713 -232.152 
v -142.697 4.3713 -232.233 
v -142.765 4.97252 -232.152 
v -142.697 4.97252 -232.233 
v -142.781 5.08755 -232.168 
v -142.716 5.08755 -232.246 
v -142.827 5.18508 -232.215 
v -142.769 5.18508 -232.283 
v -142.896 5.25024 -232.284 
v -142.849 5.25024 -232.339 
v -142.977 5.27312 -232.365 
v -142.943 5.27312 -232.405 
v -142.917 4.0707 -232.45 
v -142.813 4.09358 -232.402 
v -142.725 4.15874 -232.361 
v -142.666 4.25627 -232.333 
v -142.645 4.3713 -232.323 
v -142.645 4.97252 -232.323 
v -142.666 5.08755 -232.333 
v -142.725 5.18508 -232.361 
v -142.813 5.25024 -232.402 
v -142.917 5.27312 -232.45 
v -142.899 4.0707 -232.5 
v -142.788 4.09358 -232.47 
v -142.694 4.15874 -232.445 
v -142.631 4.25627 -232.428 
v -142.609 4.3713 -232.422 
v -142.609 4.97252 -232.422 
v -142.631 5.08755 -232.428 
v -142.694 5.18508 -232.445 
v -142.788 5.25024 -232.47 
v -142.899 5.27312 -232.5 
v -142.89 4.0707 -232.551 
v -142.776 4.09358 -232.541 
v -142.678 4.15874 -232.533 
v -142.614 4.25627 -232.527 
v -142.591 4.3713 -232.525 
v -142.591 4.97252 -232.525 
v -142.614 5.08755 -232.527 
v -142.678 5.18508 -232.533 
v -142.776 5.25024 -232.541 
v -142.89 5.27312 -232.551 
v -142.89 4.0707 -232.604 
v -142.776 4.09358 -232.614 
v -142.678 4.15874 -232.622 
v -142.614 4.25627 -232.628 
v -142.591 4.3713 -232.63 
v -142.591 4.97252 -232.63 
v -142.614 5.08755 -232.628 
v -142.678 5.18508 -232.622 
v -142.776 5.25024 -232.614 
v -142.89 5.27312 -232.604 
v -142.899 4.0707 -232.655 
v -142.788 4.09358 -232.685 
v -142.694 4.15874 -232.71 
v -142.631 4.25627 -232.727 
v -142.609 4.3713 -232.733 
v -142.609 4.97252 -232.733 
v -142.631 5.08755 -232.727 
v -142.694 5.18508 -232.71 
v -142.788 5.25024 -232.685 
v -142.899 5.27312 -232.655 
v -142.917 4.0707 -232.704 
v -142.813 4.09358 -232.753 
v -142.725 4.15874 -232.794 
v -142.666 4.25627 -232.822 
v -142.645 4.3713 -232.831 
v -142.645 4.97252 -232.831 
v -142.666 5.08755 -232.822 
v -142.725 5.18508 -232.794 
v -142.813 5.25024 -232.753 
v -142.917 5.27312 -232.704 
v -142.943 4.0707 -232.75 
v -142.849 4.09358 -232.816 
v -142.769 4.15874 -232.872 
v -142.716 4.25627 -232.909 
v -142.697 4.3713 -232.922 
v -142.697 4.97252 -232.922 
v -142.716 5.08755 -232.909 
v -142.769 5.18508 -232.872 
v -142.849 5.25024 -232.816 
v -142.943 5.27312 -232.75 
v -142.977 4.0707 -232.79 
v -142.896 4.09358 -232.871 
v -142.827 4.15874 -232.94 
v -142.781 4.25627 -232.986 
v -142.765 4.3713 -233.003 
v -142.765 4.97252 -233.003 
v -142.781 5.08755 -232.986 
v -142.827 5.18508 -232.94 
v -142.896 5.25024 -232.871 
v -142.977 5.27312 -232.79 
v -143.19 5.27312 -232.577 
v -142.977 5.27312 -232.79 
v -143.005 5.27312 -232.815 
v -143.044 5.27312 -232.84 
v -143.095 5.27312 -232.863 
v -143.157 5.27312 -232.876 
v -143.223 5.27312 -232.876 
v -143.285 5.27312 -232.863 
v -143.336 5.27312 -232.84 
v -143.374 5.27312 -232.815 
v -143.402 5.27312 -232.79 
v -143.427 5.27312 -232.762 
v -143.452 5.27312 -232.723 
v -143.475 5.27312 -232.672 
v -143.488 5.27312 -232.611 
v -143.488 5.27312 -232.544 
v -143.475 5.27312 -232.482 
v -143.452 5.27312 -232.431 
v -143.427 5.27312 -232.393 
v -143.402 5.27312 -232.365 
v -143.374 5.27312 -232.34 
v -143.336 5.27312 -232.315 
v -143.285 5.27312 -232.292 
v -143.223 5.27312 -232.279 
v -143.157 5.27312 -232.279 
v -143.095 5.27312 -232.292 
v -143.044 5.27312 -232.315 
v -143.005 5.27312 -232.34 
v -142.977 5.27312 -232.365 
v -142.943 5.27312 -232.405 
v -142.917 5.27312 -232.45 
v -142.899 5.27312 -232.5 
v -142.89 5.27312 -232.551 
v -142.89 5.27312 -232.604 
v -142.899 5.27312 -232.655 
v -142.917 5.27312 -232.704 
v -142.943 5.27312 -232.75 
v -143.484 4.09358 -232.284 
v -143.402 4.0707 -232.365 
v -143.362 4.0707 -232.331 
v -143.428 4.09358 -232.237 
v -143.553 4.15874 -232.215 
v -143.484 4.15874 -232.157 
v -143.599 4.25627 -232.168 
v -143.521 4.25627 -232.104 
v -143.615 4.3713 -232.152 
v -143.535 4.3713 -232.085 
v -143.615 4.97252 -232.152 
v -143.535 4.97252 -232.085 
v -143.599 5.08755 -232.168 
v -143.521 5.08755 -232.104 
v -143.553 5.18508 -232.215 
v -143.484 5.18508 -232.157 
v -143.484 5.25024 -232.284 
v -143.428 5.25024 -232.237 
v -143.402 5.27312 -232.365 
v -143.374 5.27312 -232.34 
v -143.317 4.0707 -232.305 
v -143.365 4.09358 -232.201 
v -143.407 4.15874 -232.112 
v -143.434 4.25627 -232.053 
v -143.444 4.3713 -232.033 
v -143.444 4.97252 -232.033 
v -143.434 5.08755 -232.053 
v -143.407 5.18508 -232.112 
v -143.365 5.25024 -232.201 
v -143.336 5.27312 -232.315 
v -143.268 4.0707 -232.287 
v -143.297 4.09358 -232.176 
v -143.323 4.15874 -232.082 
v -143.339 4.25627 -232.019 
v -143.345 4.3713 -231.997 
v -143.345 4.97252 -231.997 
v -143.339 5.08755 -232.019 
v -143.323 5.18508 -232.082 
v -143.297 5.25024 -232.176 
v -143.285 5.27312 -232.292 
v -143.216 4.0707 -232.278 
v -143.226 4.09358 -232.163 
v -143.234 4.15874 -232.066 
v -143.24 4.25627 -232.001 
v -143.242 4.3713 -231.978 
v -143.242 4.97252 -231.978 
v -143.24 5.08755 -232.001 
v -143.234 5.18508 -232.066 
v -143.226 5.25024 -232.163 
v -143.223 5.27312 -232.279 
v -143.164 4.0707 -232.278 
v -143.153 4.09358 -232.163 
v -143.145 4.15874 -232.066 
v -143.139 4.25627 -232.001 
v -143.137 4.3713 -231.978 
v -143.137 4.97252 -231.978 
v -143.139 5.08755 -232.001 
v -143.145 5.18508 -232.066 
v -143.153 5.25024 -232.163 
v -143.157 5.27312 -232.279 
v -143.112 4.0707 -232.287 
v -143.082 4.09358 -232.176 
v -143.057 4.15874 -232.082 
v -143.04 4.25627 -232.019 
v -143.034 4.3713 -231.997 
v -143.034 4.97252 -231.997 
v -143.04 5.08755 -232.019 
v -143.057 5.18508 -232.082 
v -143.082 5.25024 -232.176 
v -143.095 5.27312 -232.292 
v -143.063 4.0707 -232.305 
v -143.014 4.09358 -232.201 
v -142.973 4.15874 -232.112 
v -142.945 4.25627 -232.053 
v -142.936 4.3713 -232.033 
v -142.936 4.97252 -232.033 
v -142.945 5.08755 -232.053 
v -142.973 5.18508 -232.112 
v -143.014 5.25024 -232.201 
v -143.044 5.27312 -232.315 
v -143.017 4.0707 -232.331 
v -142.951 4.09358 -232.237 
v -142.895 4.15874 -232.157 
v -142.858 4.25627 -232.104 
v -142.845 4.3713 -232.085 
v -142.845 4.97252 -232.085 
v -142.858 5.08755 -232.104 
v -142.895 5.18508 -232.157 
v -142.951 5.25024 -232.237 
v -143.005 5.27312 -232.34 
v -143.484 4.09358 -232.871 
v -143.402 4.0707 -232.79 
v -143.436 4.0707 -232.75 
v -143.53 4.09358 -232.816 
v -143.553 4.15874 -232.94 
v -143.61 4.15874 -232.872 
v -143.599 4.25627 -232.986 
v -143.663 4.25627 -232.909 
v -143.615 4.3713 -233.003 
v -143.682 4.3713 -232.922 
v -143.615 4.97252 -233.003 
v -143.682 4.97252 -232.922 
v -143.599 5.08755 -232.986 
v -143.663 5.08755 -232.909 
v -143.553 5.18508 -232.94 
v -143.61 5.18508 -232.872 
v -143.484 5.25024 -232.871 
v -143.53 5.25024 -232.816 
v -143.402 5.27312 -232.79 
v -143.427 5.27312 -232.762 
v -143.462 4.0707 -232.704 
v -143.566 4.09358 -232.753 
v -143.655 4.15874 -232.794 
v -143.714 4.25627 -232.822 
v -143.735 4.3713 -232.831 
v -143.735 4.97252 -232.831 
v -143.714 5.08755 -232.822 
v -143.655 5.18508 -232.794 
v -143.566 5.25024 -232.753 
v -143.452 5.27312 -232.723 
v -143.48 4.0707 -232.655 
v -143.591 4.09358 -232.685 
v -143.685 4.15874 -232.71 
v -143.748 4.25627 -232.727 
v -143.77 4.3713 -232.733 
v -143.77 4.97252 -232.733 
v -143.748 5.08755 -232.727 
v -143.685 5.18508 -232.71 
v -143.591 5.25024 -232.685 
v -143.475 5.27312 -232.672 
v -143.489 4.0707 -232.604 
v -143.604 4.09358 -232.614 
v -143.701 4.15874 -232.622 
v -143.766 4.25627 -232.628 
v -143.789 4.3713 -232.63 
v -143.789 4.97252 -232.63 
v -143.766 5.08755 -232.628 
v -143.701 5.18508 -232.622 
v -143.604 5.25024 -232.614 
v -143.488 5.27312 -232.611 
v -143.489 4.0707 -232.551 
v -143.604 4.09358 -232.541 
v -143.701 4.15874 -232.533 
v -143.766 4.25627 -232.527 
v -143.789 4.3713 -232.525 
v -143.789 4.97252 -232.525 
v -143.766 5.08755 -232.527 
v -143.701 5.18508 -232.533 
v -143.604 5.25024 -232.541 
v -143.488 5.27312 -232.544 
v -143.48 4.0707 -232.5 
v -143.591 4.09358 -232.47 
v -143.685 4.15874 -232.445 
v -143.748 4.25627 -232.428 
v -143.77 4.3713 -232.422 
v -143.77 4.97252 -232.422 
v -143.748 5.08755 -232.428 
v -143.685 5.18508 -232.445 
v -143.591 5.25024 -232.47 
v -143.475 5.27312 -232.482 
v -143.462 4.0707 -232.45 
v -143.566 4.09358 -232.402 
v -143.655 4.15874 -232.361 
v -143.714 4.25627 -232.333 
v -143.735 4.3713 -232.323 
v -143.735 4.97252 -232.323 
v -143.714 5.08755 -232.333 
v -143.655 5.18508 -232.361 
v -143.566 5.25024 -232.402 
v -143.452 5.27312 -232.431 
v -143.436 4.0707 -232.405 
v -143.53 4.09358 -232.339 
v -143.61 4.15874 -232.283 
v -143.663 4.25627 -232.246 
v -143.682 4.3713 -232.233 
v -143.682 4.97252 -232.233 
v -143.663 5.08755 -232.246 
v -143.61 5.18508 -232.283 
v -143.53 5.25024 -232.339 
v -143.427 5.27312 -232.393 
v -143.436 4.0707 -232.75 
v -143.402 4.0707 -232.79 
v -143.374 4.0707 -232.815 
v -143.355 4.0707 -232.743 
v -143.462 4.0707 -232.704 
v -143.38 4.0707 -232.713 
v -143.48 4.0707 -232.655 
v -143.405 4.0707 -232.67 
v -143.489 4.0707 -232.604 
v -143.421 4.0707 -232.61 
v -143.489 4.0707 -232.551 
v -143.421 4.0707 -232.544 
v -143.48 4.0707 -232.5 
v -143.405 4.0707 -232.485 
v -143.462 4.0707 -232.45 
v -143.38 4.0707 -232.442 
v -143.436 4.0707 -232.405 
v -143.355 4.0707 -232.412 
v -143.402 4.0707 -232.365 
v -143.362 4.0707 -232.331 
v -143.336 4.0707 -232.84 
v -143.326 4.0707 -232.768 
v -143.308 4.0707 -232.695 
v -143.333 4.0707 -232.663 
v -143.353 4.0707 -232.61 
v -143.353 4.0707 -232.545 
v -143.333 4.0707 -232.491 
v -143.308 4.0707 -232.459 
v -143.326 4.0707 -232.387 
v -143.317 4.0707 -232.305 
v -143.285 4.0707 -232.863 
v -143.282 4.0707 -232.792 
v -143.276 4.0707 -232.721 
v -143.261 4.0707 -232.648 
v -143.285 4.0707 -232.609 
v -143.285 4.0707 -232.546 
v -143.261 4.0707 -232.507 
v -143.276 4.0707 -232.434 
v -143.282 4.0707 -232.363 
v -143.268 4.0707 -232.287 
v -143.223 4.0707 -232.876 
v -143.223 4.0707 -232.809 
v -143.222 4.0707 -232.741 
v -143.221 4.0707 -232.672 
v -143.213 4.0707 -232.601 
v -143.213 4.0707 -232.554 
v -143.221 4.0707 -232.482 
v -143.222 4.0707 -232.414 
v -143.223 4.0707 -232.346 
v -143.216 4.0707 -232.278 
v -143.157 4.0707 -232.876 
v -143.157 4.0707 -232.809 
v -143.157 4.0707 -232.741 
v -143.158 4.0707 -232.672 
v -143.166 4.0707 -232.601 
v -143.166 4.0707 -232.554 
v -143.158 4.0707 -232.482 
v -143.157 4.0707 -232.414 
v -143.157 4.0707 -232.346 
v -143.164 4.0707 -232.278 
v -143.095 4.0707 -232.863 
v -143.098 4.0707 -232.792 
v -143.104 4.0707 -232.721 
v -143.119 4.0707 -232.648 
v -143.095 4.0707 -232.609 
v -143.095 4.0707 -232.546 
v -143.119 4.0707 -232.507 
v -143.104 4.0707 -232.434 
v -143.098 4.0707 -232.363 
v -143.112 4.0707 -232.287 
v -143.044 4.0707 -232.84 
v -143.054 4.0707 -232.768 
v -143.072 4.0707 -232.695 
v -143.047 4.0707 -232.663 
v -143.026 4.0707 -232.61 
v -143.026 4.0707 -232.545 
v -143.047 4.0707 -232.491 
v -143.072 4.0707 -232.459 
v -143.054 4.0707 -232.387 
v -143.063 4.0707 -232.305 
v -143.005 4.0707 -232.815 
v -143.024 4.0707 -232.743 
v -142.999 4.0707 -232.713 
v -142.975 4.0707 -232.67 
v -142.958 4.0707 -232.61 
v -142.958 4.0707 -232.544 
v -142.975 4.0707 -232.485 
v -142.999 4.0707 -232.442 
v -143.024 4.0707 -232.412 
v -143.017 4.0707 -232.331 
v -142.977 4.0707 -232.79 
v -142.943 4.0707 -232.75 
v -142.917 4.0707 -232.704 
v -142.899 4.0707 -232.655 
v -142.89 4.0707 -232.604 
v -142.89 4.0707 -232.551 
v -142.899 4.0707 -232.5 
v -142.917 4.0707 -232.45 
v -142.943 4.0707 -232.405 
v -142.977 4.0707 -232.365 
v -142.896 4.09358 -232.871 
v -142.977 4.0707 -232.79 
v -143.005 4.0707 -232.815 
v -142.951 4.09358 -232.918 
v -142.827 4.15874 -232.94 
v -142.895 4.15874 -232.998 
v -142.781 4.25627 -232.986 
v -142.858 4.25627 -233.051 
v -142.765 4.3713 -233.003 
v -142.845 4.3713 -233.07 
v -142.765 4.97252 -233.003 
v -142.845 4.97252 -233.07 
v -142.781 5.08755 -232.986 
v -142.858 5.08755 -233.051 
v -142.827 5.18508 -232.94 
v -142.895 5.18508 -232.998 
v -142.896 5.25024 -232.871 
v -142.951 5.25024 -232.918 
v -142.977 5.27312 -232.79 
v -143.005 5.27312 -232.815 
v -143.044 4.0707 -232.84 
v -143.014 4.09358 -232.954 
v -142.973 4.15874 -233.042 
v -142.945 4.25627 -233.102 
v -142.936 4.3713 -233.122 
v -142.936 4.97252 -233.122 
v -142.945 5.08755 -233.102 
v -142.973 5.18508 -233.042 
v -143.014 5.25024 -232.954 
v -143.044 5.27312 -232.84 
v -143.095 4.0707 -232.863 
v -143.082 4.09358 -232.979 
v -143.057 4.15874 -233.073 
v -143.04 4.25627 -233.136 
v -143.034 4.3713 -233.158 
v -143.034 4.97252 -233.158 
v -143.04 5.08755 -233.136 
v -143.057 5.18508 -233.073 
v -143.082 5.25024 -232.979 
v -143.095 5.27312 -232.863 
v -143.157 4.0707 -232.876 
v -143.153 4.09358 -232.991 
v -143.145 4.15874 -233.089 
v -143.139 4.25627 -233.154 
v -143.137 4.3713 -233.176 
v -143.137 4.97252 -233.176 
v -143.139 5.08755 -233.154 
v -143.145 5.18508 -233.089 
v -143.153 5.25024 -232.991 
v -143.157 5.27312 -232.876 
v -143.223 4.0707 -232.876 
v -143.226 4.09358 -232.991 
v -143.234 4.15874 -233.089 
v -143.24 4.25627 -233.154 
v -143.242 4.3713 -233.176 
v -143.242 4.97252 -233.176 
v -143.24 5.08755 -233.154 
v -143.234 5.18508 -233.089 
v -143.226 5.25024 -232.991 
v -143.223 5.27312 -232.876 
v -143.285 4.0707 -232.863 
v -143.297 4.09358 -232.979 
v -143.323 4.15874 -233.073 
v -143.339 4.25627 -233.136 
v -143.345 4.3713 -233.158 
v -143.345 4.97252 -233.158 
v -143.339 5.08755 -233.136 
v -143.323 5.18508 -233.073 
v -143.297 5.25024 -232.979 
v -143.285 5.27312 -232.863 
v -143.336 4.0707 -232.84 
v -143.365 4.09358 -232.954 
v -143.407 4.15874 -233.042 
v -143.434 4.25627 -233.102 
v -143.444 4.3713 -233.122 
v -143.444 4.97252 -233.122 
v -143.434 5.08755 -233.102 
v -143.407 5.18508 -233.042 
v -143.365 5.25024 -232.954 
v -143.336 5.27312 -232.84 
v -143.374 4.0707 -232.815 
v -143.428 4.09358 -232.918 
v -143.484 4.15874 -232.998 
v -143.521 4.25627 -233.051 
v -143.535 4.3713 -233.07 
v -143.535 4.97252 -233.07 
v -143.521 5.08755 -233.051 
v -143.484 5.18508 -232.998 
v -143.428 5.25024 -232.918 
v -143.374 5.27312 -232.815 
v -143.402 4.0707 -232.79 
v -143.484 4.09358 -232.871 
v -143.553 4.15874 -232.94 
v -143.599 4.25627 -232.986 
v -143.615 4.3713 -233.003 
v -143.615 4.97252 -233.003 
v -143.599 5.08755 -232.986 
v -143.553 5.18508 -232.94 
v -143.484 5.25024 -232.871 
v -143.402 5.27312 -232.79 

vn 0.267717 -0.92126 0.267717 
vn 0 -1 0 
vn 0 -1 0 
vn 0.314961 -0.92126 0.220472 
vn 0.503937 -0.708661 0.503937 
vn 0.582677 -0.708661 0.409449 
vn 0.653543 -0.385827 0.653543 
vn 0.755906 -0.385827 0.527559 
vn 0.708661 0 0.708661 
vn 0.818898 0 0.574803 
vn 0.708661 0 0.708661 
vn 0.818898 0 0.574803 
vn 0.653543 0.385827 0.653543 
vn 0.755906 0.385827 0.527559 
vn 0.503937 0.708661 0.503937 
vn 0.582677 0.708661 0.409449 
vn 0.267717 0.92126 0.267717 
vn 0.314961 0.92126 0.220472 
vn 0 1 0 
vn 0 1 0 
vn 0 -1 0 
vn 0.346457 -0.92126 0.165354 
vn 0.637795 -0.708661 0.299213 
vn 0.834646 -0.385827 0.393701 
vn 0.905512 0 0.425197 
vn 0.905512 0 0.425197 
vn 0.834646 0.385827 0.393701 
vn 0.637795 0.708661 0.299213 
vn 0.346457 0.92126 0.165354 
vn 0 1 0 
vn 0 -1 0 
vn 0.370079 -0.92126 0.102362 
vn 0.685039 -0.708661 0.181102 
vn 0.889764 -0.385827 0.23622 
vn 0.968504 0 0.259843 
vn 0.968504 0 0.259843 
vn 0.889764 0.385827 0.23622 
vn 0.685039 0.708661 0.181102 
vn 0.370079 0.92126 0.102362 
vn 0 1 0 
vn 0 -1 0 
vn 0.377953 -0.92126 0.0314961 
vn 0.700787 -0.708661 0.0629921 
vn 0.92126 -0.385827 0.0787402 
vn 1 0 0.0866142 
vn 1 0 0.0866142 
vn 0.92126 0.385827 0.0787402 
vn 0.700787 0.708661 0.0629921 
vn 0.377953 0.92126 0.0314961 
vn 0 1 0 
vn 0 -1 0 
vn 0.377953 -0.92126 -0.0314961 
vn 0.700787 -0.708661 -0.0629921 
vn 0.92126 -0.385827 -0.0787402 
vn 1 0 -0.0866142 
vn 1 0 -0.0866142 
vn 0.92126 0.385827 -0.0787402 
vn 0.700787 0.708661 -0.0629921 
vn 0.377953 0.92126 -0.0314961 
vn 0 1 0 
vn 0 -1 0 
vn 0.370079 -0.92126 -0.102362 
vn 0.685039 -0.708661 -0.181102 
vn 0.889764 -0.385827 -0.23622 
vn 0.968504 0 -0.259843 
vn 0.968504 0 -0.259843 
vn 0.889764 0.385827 -0.23622 
vn 0.685039 0.708661 -0.181102 
vn 0.370079 0.92126 -0.102362 
vn 0 1 0 
vn 0 -1 0 
vn 0.346457 -0.92126 -0.165354 
vn 0.637795 -0.708661 -0.299213 
vn 0.834646 -0.385827 -0.393701 
vn 0.905512 0 -0.425197 
vn 0.905512 0 -0.425197 
vn 0.834646 0.385827 -0.393701 
vn 0.637795 0.708661 -0.299213 
vn 0.346457 0.92126 -0.165354 
vn 0 1 0 
vn 0 -1 0 
vn 0.314961 -0.92126 -0.220472 
vn 0.582677 -0.708661 -0.409449 
vn 0.755906 -0.385827 -0.527559 
vn 0.818898 0 -0.574803 
vn 0.818898 0 -0.574803 
vn 0.755906 0.385827 -0.527559 
vn 0.582677 0.708661 -0.409449 
vn 0.314961 0.92126 -0.220472 
vn 0 1 0 
vn 0 -1 0 
vn 0.267717 -0.92126 -0.267717 
vn 0.503937 -0.708661 -0.503937 
vn 0.653543 -0.385827 -0.653543 
vn 0.708661 0 -0.708661 
vn 0.708661 0 -0.708661 
vn 0.653543 0.385827 -0.653543 
vn 0.503937 0.708661 -0.503937 
vn 0.267717 0.92126 -0.267717 
vn 0 1 0 
vn 0 1 0 
vn 0 1 0 
vn 0 1 0 
vn 0 1 0 
vn 0 1 0 
vn 0 1 0 
vn 0 1 0 
vn 0 1 0 
vn 0 1 0 
vn 0 1 0 
vn 0 1 0 
vn 0 1 0 
vn 0 1 0 
vn 0 1 0 
vn 0 1 0 
vn 0 1 0 
vn 0 1 0 
vn 0 1 0 
vn 0 1 0 
vn 0 1 0 
vn 0 1 0 
vn 0 1 0 
vn 0 1 0 
vn 0 1 0 
vn 0 1 0 
vn 0 1 0 
vn 0 1 0 
vn 0 1 0 
vn 0 1 0 
vn 0 1 0 
vn 0 1 0 
vn 0 1 0 
vn 0 1 0 
vn 0 1 0 
vn 0 1 0 
vn 0 1 0 
vn 0 1 0 
vn -0.267717 -0.92126 0.267717 
vn 0 -1 0 
vn 0 -1 0 
vn -0.220472 -0.92126 0.314961 
vn -0.503937 -0.708661 0.503937 
vn -0.409449 -0.708661 0.582677 
vn -0.653543 -0.385827 0.653543 
vn -0.527559 -0.385827 0.755906 
vn -0.708661 0 0.708661 
vn -0.574803 0 0.818898 
vn -0.708661 0 0.708661 
vn -0.574803 0 0.818898 
vn -0.653543 0.385827 0.653543 
vn -0.527559 0.385827 0.755906 
vn -0.503937 0.708661 0.503937 
vn -0.409449 0.708661 0.582677 
vn -0.267717 0.92126 0.267717 
vn -0.220472 0.92126 0.314961 
vn 0 1 0 
vn 0 1 0 
vn 0 -1 0 
vn -0.165354 -0.92126 0.346457 
vn -0.299213 -0.708661 0.637795 
vn -0.393701 -0.385827 0.834646 
vn -0.425197 0 0.905512 
vn -0.425197 0 0.905512 
vn -0.393701 0.385827 0.834646 
vn -0.299213 0.708661 0.637795 
vn -0.165354 0.92126 0.346457 
vn 0 1 0 
vn 0 -1 0 
vn -0.102362 -0.92126 0.370079 
vn -0.181102 -0.708661 0.685039 
vn -0.23622 -0.385827 0.889764 
vn -0.259843 0 0.968504 
vn -0.259843 0 0.968504 
vn -0.23622 0.385827 0.889764 
vn -0.181102 0.708661 0.685039 
vn -0.102362 0.92126 0.370079 
vn 0 1 0 
vn 0 -1 0 
vn -0.0314961 -0.92126 0.377953 
vn -0.0629921 -0.708661 0.700787 
vn -0.0787402 -0.385827 0.92126 
vn -0.0866142 0 1 
vn -0.0866142 0 1 
vn -0.0787402 0.385827 0.92126 
vn -0.0629921 0.708661 0.700787 
vn -0.0314961 0.92126 0.377953 
vn 0 1 0 
vn 0 -1 0 
vn 0.0314961 -0.92126 0.377953 
vn 0.0629921 -0.708661 0.700787 
vn 0.0787402 -0.385827 0.92126 
vn 0.0866142 0 1 
vn 0.0866142 0 1 
vn 0.0787402 0.385827 0.92126 
vn 0.0629921 0.708661 0.700787 
vn 0.0314961 0.92126 0.377953 
vn 0 1 0 
vn 0 -1 0 
vn 0.102362 -0.92126 0.370079 
vn 0.181102 -0.708661 0.685039 
vn 0.23622 -0.385827 0.889764 
vn 0.259843 0 0.968504 
vn 0.259843 0 0.968504 
vn 0.23622 0.385827 0.889764 
vn 0.181102 0.708661 0.685039 
vn 0.102362 0.92126 0.370079 
vn 0 1 0 
vn 0 -1 0 
vn 0.165354 -0.92126 0.346457 
vn 0.299213 -0.708661 0.637795 
vn 0.393701 -0.385827 0.834646 
vn 0.425197 0 0.905512 
vn 0.425197 0 0.905512 
vn 0.393701 0.385827 0.834646 
vn 0.299213 0.708661 0.637795 
vn 0.165354 0.92126 0.346457 
vn 0 1 0 
vn 0 -1 0 
vn 0.220472 -0.92126 0.314961 
vn 0.409449 -0.708661 0.582677 
vn 0.527559 -0.385827 0.755906 
vn 0.574803 0 0.818898 
vn 0.574803 0 0.818898 
vn 0.527559 0.385827 0.755906 
vn 0.409449 0.708661 0.582677 
vn 0.220472 0.92126 0.314961 
vn 0 1 0 
vn -0.267717 -0.92126 -0.267717 
vn 0 -1 0 
vn 0 -1 0 
vn -0.314961 -0.92126 -0.220472 
vn -0.503937 -0.708661 -0.503937 
vn -0.582677 -0.708661 -0.409449 
vn -0.653543 -0.385827 -0.653543 
vn -0.755906 -0.385827 -0.527559 
vn -0.708661 0 -0.708661 
vn -0.818898 0 -0.574803 
vn -0.708661 0 -0.708661 
vn -0.818898 0 -0.574803 
vn -0.653543 0.385827 -0.653543 
vn -0.755906 0.385827 -0.527559 
vn -0.503937 0.708661 -0.503937 
vn -0.582677 0.708661 -0.409449 
vn -0.267717 0.92126 -0.267717 
vn -0.314961 0.92126 -0.220472 
vn 0 1 0 
vn 0 1 0 
vn 0 -1 0 
vn -0.346457 -0.92126 -0.165354 
vn -0.637795 -0.708661 -0.299213 
vn -0.834646 -0.385827 -0.393701 
vn -0.905512 0 -0.425197 
vn -0.905512 0 -0.425197 
vn -0.834646 0.385827 -0.393701 
vn -0.637795 0.708661 -0.299213 
vn -0.346457 0.92126 -0.165354 
vn 0 1 0 
vn 0 -1 0 
vn -0.370079 -0.92126 -0.102362 
vn -0.685039 -0.708661 -0.181102 
vn -0.889764 -0.385827 -0.23622 
vn -0.968504 0 -0.259843 
vn -0.968504 0 -0.259843 
vn -0.889764 0.385827 -0.23622 
vn -0.685039 0.708661 -0.181102 
vn -0.370079 0.92126 -0.102362 
vn 0 1 0 
vn 0 -1 0 
vn -0.377953 -0.92126 -0.0314961 
vn -0.700787 -0.708661 -0.0629921 
vn -0.92126 -0.385827 -0.0787402 
vn -1 0 -0.0866142 
vn -1 0 -0.0866142 
vn -0.92126 0.385827 -0.0787402 
vn -0.700787 0.708661 -0.0629921 
vn -0.377953 0.92126 -0.0314961 
vn 0 1 0 
vn 0 -1 0 
vn -0.377953 -0.92126 0.0314961 
vn -0.700787 -0.708661 0.0629921 
vn -0.92126 -0.385827 0.0787402 
vn -1 0 0.0866142 
vn -1 0 0.0866142 
vn -0.92126 0.385827 0.0787402 
vn -0.700787 0.708661 0.0629921 
vn -0.377953 0.92126 0.0314961 
vn 0 1 0 
vn 0 -1 0 
vn -0.370079 -0.92126 0.102362 
vn -0.685039 -0.708661 0.181102 
vn -0.889764 -0.385827 0.23622 
vn -0.968504 0 0.259843 
vn -0.968504 0 0.259843 
vn -0.889764 0.385827 0.23622 
vn -0.685039 0.708661 0.181102 
vn -0.370079 0.92126 0.102362 
vn 0 1 0 
vn 0 -1 0 
vn -0.346457 -0.92126 0.165354 
vn -0.637795 -0.708661 0.299213 
vn -0.834646 -0.385827 0.393701 
vn -0.905512 0 0.425197 
vn -0.905512 0 0.425197 
vn -0.834646 0.385827 0.393701 
vn -0.637795 0.708661 0.299213 
vn -0.346457 0.92126 0.165354 
vn 0 1 0 
vn 0 -1 0 
vn -0.314961 -0.92126 0.220472 
vn -0.582677 -0.708661 0.409449 
vn -0.755906 -0.385827 0.527559 
vn -0.818898 0 0.574803 
vn -0.818898 0 0.574803 
vn -0.755906 0.385827 0.527559 
vn -0.582677 0.708661 0.409449 
vn -0.314961 0.92126 0.220472 
vn 0 1 0 
vn 0 -1 0 
vn 0 -1 0 
vn 0 -1 0 
vn 0 -1 0 
vn 0 -1 0 
vn 0 -1 0 
vn 0 -1 0 
vn 0 -1 0 
vn 0 -1 0 
vn 0 -1 0 
vn 0 -1 0 
vn 0 -1 0 
vn 0 -1 0 
vn 0 -1 0 
vn 0 -1 0 
vn 0 -1 0 
vn 0 -1 0 
vn 0 -1 0 
vn 0 -1 0 
vn 0 -1 0 
vn 0 -1 0 
vn 0 -1 0 
vn 0 -1 0 
vn 0 -1 0 
vn 0 -1 0 
vn 0 -1 0 
vn 0 -1 0 
vn 0 -1 0 
vn 0 -1 0 
vn 0 -1 0 
vn 0 -1 0 
vn 0 -1 0 
vn 0 -1 0 
vn 0 -1 0 
vn 0 -1 0 
vn 0 -1 0 
vn 0 -1 0 
vn 0 -1 0 
vn 0 -1 0 
vn 0 -1 0 
vn 0 -1 0 
vn 0 -1 0 
vn 0 -1 0 
vn 0 -1 0 
vn 0 -1 0 
vn 0 -1 0 
vn 0 -1 0 
vn 0 -1 0 
vn 0 -1 0 
vn 0 -1 0 
vn 0 -1 0 
vn 0 -1 0 
vn 0 -1 0 
vn 0 -1 0 
vn 0 -1 0 
vn 0 -1 0 
vn 0 -1 0 
vn 0 -1 0 
vn 0 -1 0 
vn 0 -1 0 
vn 0 -1 0 
vn 0 -1 0 
vn 0 -1 0 
vn 0 -1 0 
vn 0 -1 0 
vn 0 -1 0 
vn 0 -1 0 
vn 0 -1 0 
vn 0 -1 0 
vn 0 -1 0 
vn 0 -1 0 
vn 0 -1 0 
vn 0 -1 0 
vn 0 -1 0 
vn 0 -1 0 
vn 0 -1 0 
vn 0 -1 0 
vn 0 -1 0 
vn 0 -1 0 
vn 0 -1 0 
vn 0 -1 0 
vn 0 -1 0 
vn 0 -1 0 
vn 0 -1 0 
vn 0 -1 0 
vn 0 -1 0 
vn 0 -1 0 
vn 0 -1 0 
vn 0 -1 0 
vn 0 -1 0 
vn 0 -1 0 
vn 0 -1 0 
vn 0 -1 0 
vn 0 -1 0 
vn 0 -1 0 
vn 0 -1 0 
vn 0 -1 0 
vn 0 -1 0 
vn 0 -1 0 
vn 0 -1 0 
vn 0.267717 -0.92126 -0.267717 
vn 0 -1 0 
vn 0 -1 0 
vn 0.220472 -0.92126 -0.314961 
vn 0.503937 -0.708661 -0.503937 
vn 0.409449 -0.708661 -0.582677 
vn 0.653543 -0.385827 -0.653543 
vn 0.527559 -0.385827 -0.755906 
vn 0.708661 0 -0.708661 
vn 0.574803 0 -0.818898 
vn 0.708661 0 -0.708661 
vn 0.574803 0 -0.818898 
vn 0.653543 0.385827 -0.653543 
vn 0.527559 0.385827 -0.755906 
vn 0.503937 0.708661 -0.503937 
vn 0.409449 0.708661 -0.582677 
vn 0.267717 0.92126 -0.267717 
vn 0.220472 0.92126 -0.314961 
vn 0 1 0 
vn 0 1 0 
vn 0 -1 0 
vn 0.165354 -0.92126 -0.346457 
vn 0.299213 -0.708661 -0.637795 
vn 0.393701 -0.385827 -0.834646 
vn 0.425197 0 -0.905512 
vn 0.425197 0 -0.905512 
vn 0.393701 0.385827 -0.834646 
vn 0.299213 0.708661 -0.637795 
vn 0.165354 0.92126 -0.346457 
vn 0 1 0 
vn 0 -1 0 
vn 0.102362 -0.92126 -0.370079 
vn 0.181102 -0.708661 -0.685039 
vn 0.23622 -0.385827 -0.889764 
vn 0.259843 0 -0.968504 
vn 0.259843 0 -0.968504 
vn 0.23622 0.385827 -0.889764 
vn 0.181102 0.708661 -0.685039 
vn 0.102362 0.92126 -0.370079 
vn 0 1 0 
vn 0 -1 0 
vn 0.0314961 -0.92126 -0.377953 
vn 0.0629921 -0.708661 -0.700787 
vn 0.0787402 -0.385827 -0.92126 
vn 0.0866142 0 -1 
vn 0.0866142 0 -1 
vn 0.0787402 0.385827 -0.92126 
vn 0.0629921 0.708661 -0.700787 
vn 0.0314961 0.92126 -0.377953 
vn 0 1 0 
vn 0 -1 0 
vn -0.0314961 -0.92126 -0.377953 
vn -0.0629921 -0.708661 -0.700787 
vn -0.0787402 -0.385827 -0.92126 
vn -0.0866142 0 -1 
vn -0.0866142 0 -1 
vn -0.0787402 0.385827 -0.92126 
vn -0.0629921 0.708661 -0.700787 
vn -0.0314961 0.92126 -0.377953 
vn 0 1 0 
vn 0 -1 0 
vn -0.102362 -0.92126 -0.370079 
vn -0.181102 -0.708661 -0.685039 
vn -0.23622 -0.385827 -0.889764 
vn -0.259843 0 -0.968504 
vn -0.259843 0 -0.968504 
vn -0.23622 0.385827 -0.889764 
vn -0.181102 0.708661 -0.685039 
vn -0.102362 0.92126 -0.370079 
vn 0 1 0 
vn 0 -1 0 
vn -0.165354 -0.92126 -0.346457 
vn -0.299213 -0.708661 -0.637795 
vn -0.393701 -0.385827 -0.834646 
vn -0.425197 0 -0.905512 
vn -0.425197 0 -0.905512 
vn -0.393701 0.385827 -0.834646 
vn -0.299213 0.708661 -0.637795 
vn -0.165354 0.92126 -0.346457 
vn 0 1 0 
vn 0 -1 0 
vn -0.220472 -0.92126 -0.314961 
vn -0.409449 -0.708661 -0.582677 
vn -0.527559 -0.385827 -0.755906 
vn -0.574803 0 -0.818898 
vn -0.574803 0 -0.818898 
vn -0.527559 0.385827 -0.755906 
vn -0.409449 0.708661 -0.582677 
vn -0.220472 0.92126 -0.314961 
vn 0 1 0 
vn 0 -1 0 
vn -0.267717 -0.92126 -0.267717 
vn -0.503937 -0.708661 -0.503937 
vn -0.653543 -0.385827 -0.653543 
vn -0.708661 0 -0.708661 
vn -0.708661 0 -0.708661 
vn -0.653543 0.385827 -0.653543 
vn -0.503937 0.708661 -0.503937 
vn -0.267717 0.92126 -0.267717 
vn 0 1 0 

vt 0.880859 0.984375 
vt 0.880859 0.984375 
vt 0.880859 0.984375 
vt 0.880859 0.984375 
vt 0.880859 0.984375 
vt 0.880859 0.984375 
vt 0.880859 0.984375 
vt 0.880859 0.984375 
vt 0.880859 0.984375 
vt 0.880859 0.984375 
vt 0.880859 0.984375 
vt 0.880859 0.984375 
vt 0.880859 0.984375 
vt 0.880859 0.984375 
vt 0.880859 0.984375 
vt 0.880859 0.984375 
vt 0.880859 0.984375 
vt 0.880859 0.984375 
vt 0.880859 0.984375 
vt 0.880859 0.984375 
vt 0.880859 0.984375 
vt 0.880859 0.984375 
vt 0.880859 0.984375 
vt 0.880859 0.984375 
vt 0.880859 0.984375 
vt 0.880859 0.984375 
vt 0.880859 0.984375 
vt 0.880859 0.984375 
vt 0.880859 0.984375 
vt 0.880859 0.984375 
vt 0.880859 0.984375 
vt 0.880859 0.984375 
vt 0.880859 0.984375 
vt 0.880859 0.984375 
vt 0.880859 0.984375 
vt 0.880859 0.984375 
vt 0.880859 0.984375 
vt 0.880859 0.984375 
vt 0.880859 0.984375 
vt 0.880859 0.984375 
vt 0.880859 0.984375 
vt 0.880859 0.984375 
vt 0.880859 0.984375 
vt 0.880859 0.984375 
vt 0.880859 0.984375 
vt 0.880859 0.984375 
vt 0.880859 0.984375 
vt 0.880859 0.984375 
vt 0.880859 0.984375 
vt 0.880859 0.984375 
vt 0.880859 0.984375 
vt 0.880859 0.984375 
vt 0.880859 0.984375 
vt 0.880859 0.984375 
vt 0.880859 0.984375 
vt 0.880859 0.984375 
vt 0.880859 0.984375 
vt 0.880859 0.984375 
vt 0.880859 0.984375 
vt 0.880859 0.984375 
vt 0.880859 0.984375 
vt 0.880859 0.984375 
vt 0.880859 0.984375 
vt 0.880859 0.984375 
vt 0.880859 0.984375 
vt 0.880859 0.984375 
vt 0.880859 0.984375 
vt 0.880859 0.984375 
vt 0.880859 0.984375 
vt 0.880859 0.984375 
vt 0.880859 0.984375 
vt 0.880859 0.984375 
vt 0.880859 0.984375 
vt 0.880859 0.984375 
vt 0.880859 0.984375 
vt 0.880859 0.984375 
vt 0.880859 0.984375 
vt 0.880859 0.984375 
vt 0.880859 0.984375 
vt 0.880859 0.984375 
vt 0.880859 0.984375 
vt 0.880859 0.984375 
vt 0.880859 0.984375 
vt 0.880859 0.984375 
vt 0.880859 0.984375 
vt 0.880859 0.984375 
vt 0.880859 0.984375 
vt 0.880859 0.984375 
vt 0.880859 0.984375 
vt 0.880859 0.984375 
vt 0.880859 0.984375 
vt 0.880859 0.984375 
vt 0.880859 0.984375 
vt 0.880859 0.984375 
vt 0.880859 0.984375 
vt 0.880859 0.984375 
vt 0.880859 0.984375 
vt 0.880859 0.984375 
vt 0.880859 0.984375 
vt 0.880859 0.984375 
vt 0.880859 0.984375 
vt 0.880859 0.984375 
vt 0.880859 0.984375 
vt 0.880859 0.984375 
vt 0.880859 0.984375 
vt 0.880859 0.984375 
vt 0.880859 0.984375 
vt 0.880859 0.984375 
vt 0.880859 0.984375 
vt 0.880859 0.984375 
vt 0.880859 0.984375 
vt 0.880859 0.984375 
vt 0.880859 0.984375 
vt 0.880859 0.984375 
vt 0.880859 0.984375 
vt 0.880859 0.984375 
vt 0.880859 0.984375 
vt 0.880859 0.984375 
vt 0.880859 0.984375 
vt 0.880859 0.984375 
vt 0.880859 0.984375 
vt 0.880859 0.984375 
vt 0.880859 0.984375 
vt 0.880859 0.984375 
vt 0.880859 0.984375 
vt 0.880859 0.984375 
vt 0.880859 0.984375 
vt 0.880859 0.984375 
vt 0.880859 0.984375 
vt 0.880859 0.984375 
vt 0.880859 0.984375 
vt 0.880859 0.984375 
vt 0.880859 0.984375 
vt 0.880859 0.984375 
vt 0.880859 0.984375 
vt 0.880859 0.984375 
vt 0.880859 0.984375 
vt 0.880859 0.984375 
vt 0.880859 0.984375 
vt 0.880859 0.984375 
vt 0.880859 0.984375 
vt 0.880859 0.984375 
vt 0.880859 0.984375 
vt 0.880859 0.984375 
vt 0.880859 0.984375 
vt 0.880859 0.984375 
vt 0.880859 0.984375 
vt 0.880859 0.984375 
vt 0.880859 0.984375 
vt 0.880859 0.984375 
vt 0.880859 0.984375 
vt 0.880859 0.984375 
vt 0.880859 0.984375 
vt 0.880859 0.984375 
vt 0.880859 0.984375 
vt 0.880859 0.984375 
vt 0.880859 0.984375 
vt 0.880859 0.984375 
vt 0.880859 0.984375 
vt 0.880859 0.984375 
vt 0.880859 0.984375 
vt 0.880859 0.984375 
vt 0.880859 0.984375 
vt 0.880859 0.984375 
vt 0.880859 0.984375 
vt 0.880859 0.984375 
vt 0.880859 0.984375 
vt 0.880859 0.984375 
vt 0.880859 0.984375 
vt 0.880859 0.984375 
vt 0.880859 0.984375 
vt 0.880859 0.984375 
vt 0.880859 0.984375 
vt 0.880859 0.984375 
vt 0.880859 0.984375 
vt 0.880859 0.984375 
vt 0.880859 0.984375 
vt 0.880859 0.984375 
vt 0.880859 0.984375 
vt 0.880859 0.984375 
vt 0.880859 0.984375 
vt 0.880859 0.984375 
vt 0.880859 0.984375 
vt 0.880859 0.984375 
vt 0.880859 0.984375 
vt 0.880859 0.984375 
vt 0.880859 0.984375 
vt 0.880859 0.984375 
vt 0.880859 0.984375 
vt 0.880859 0.984375 
vt 0.880859 0.984375 
vt 0.880859 0.984375 
vt 0.880859 0.984375 
vt 0.880859 0.984375 
vt 0.880859 0.984375 
vt 0.880859 0.984375 
vt 0.880859 0.984375 
vt 0.880859 0.984375 
vt 0.880859 0.984375 
vt 0.880859 0.984375 
vt 0.880859 0.984375 
vt 0.880859 0.984375 
vt 0.880859 0.984375 
vt 0.880859 0.984375 
vt 0.880859 0.984375 
vt 0.880859 0.984375 
vt 0.880859 0.984375 
vt 0.880859 0.984375 
vt 0.880859 0.984375 
vt 0.880859 0.984375 
vt 0.880859 0.984375 
vt 0.880859 0.984375 
vt 0.880859 0.984375 
vt 0.880859 0.984375 
vt 0.880859 0.984375 
vt 0.880859 0.984375 
vt 0.880859 0.984375 
vt 0.880859 0.984375 
vt 0.880859 0.984375 
vt 0.880859 0.984375 
vt 0.880859 0.984375 
vt 0.880859 0.984375 
vt 0.880859 0.984375 
vt 0.880859 0.984375 
vt 0.880859 0.984375 
vt 0.880859 0.984375 
vt 0.880859 0.984375 
vt 0.880859 0.984375 
vt 0.880859 0.984375 
vt 0.880859 0.984375 
vt 0.880859 0.984375 
vt 0.880859 0.984375 
vt 0.880859 0.984375 
vt 0.880859 0.984375 
vt 0.880859 0.984375 
vt 0.880859 0.984375 
vt 0.880859 0.984375 
vt 0.880859 0.984375 
vt 0.880859 0.984375 
vt 0.880859 0.984375 
vt 0.880859 0.984375 
vt 0.880859 0.984375 
vt 0.880859 0.984375 
vt 0.880859 0.984375 
vt 0.880859 0.984375 
vt 0.880859 0.984375 
vt 0.880859 0.984375 
vt 0.880859 0.984375 
vt 0.880859 0.984375 
vt 0.880859 0.984375 
vt 0.880859 0.984375 
vt 0.880859 0.984375 
vt 0.880859 0.984375 
vt 0.880859 0.984375 
vt 0.880859 0.984375 
vt 0.880859 0.984375 
vt 0.880859 0.984375 
vt 0.880859 0.984375 
vt 0.880859 0.984375 
vt 0.880859 0.984375 
vt 0.880859 0.984375 
vt 0.880859 0.984375 
vt 0.880859 0.984375 
vt 0.880859 0.984375 
vt 0.880859 0.984375 
vt 0.880859 0.984375 
vt 0.880859 0.984375 
vt 0.880859 0.984375 
vt 0.880859 0.984375 
vt 0.880859 0.984375 
vt 0.880859 0.984375 
vt 0.880859 0.984375 
vt 0.880859 0.984375 
vt 0.880859 0.984375 
vt 0.880859 0.984375 
vt 0.880859 0.984375 
vt 0.880859 0.984375 
vt 0.880859 0.984375 
vt 0.880859 0.984375 
vt 0.880859 0.984375 
vt 0.880859 0.984375 
vt 0.880859 0.984375 
vt 0.880859 0.984375 
vt 0.880859 0.984375 
vt 0.880859 0.984375 
vt 0.880859 0.984375 
vt 0.880859 0.984375 
vt 0.880859 0.984375 
vt 0.880859 0.984375 
vt 0.880859 0.984375 
vt 0.880859 0.984375 
vt 0.880859 0.984375 
vt 0.880859 0.984375 
vt 0.880859 0.984375 
vt 0.880859 0.984375 
vt 0.880859 0.984375 
vt 0.880859 0.984375 
vt 0.880859 0.984375 
vt 0.880859 0.984375 
vt 0.880859 0.984375 
vt 0.880859 0.984375 
vt 0.880859 0.984375 
vt 0.880859 0.984375 
vt 0.880859 0.984375 
vt 0.880859 0.984375 
vt 0.880859 0.984375 
vt 0.880859 0.984375 
vt 0.880859 0.984375 
vt 0.880859 0.984375 
vt 0.880859 0.984375 
vt 0.880859 0.984375 
vt 0.880859 0.984375 
vt 0.880859 0.984375 
vt 0.880859 0.984375 
vt 0.880859 0.984375 
vt 0.880859 0.984375 
vt 0.880859 0.984375 
vt 0.880859 0.984375 
vt 0.880859 0.984375 
vt 0.880859 0.984375 
vt 0.880859 0.984375 
vt 0.880859 0.984375 
vt 0.880859 0.984375 
vt 0.880859 0.984375 
vt 0.880859 0.984375 
vt 0.880859 0.984375 
vt 0.880859 0.984375 
vt 0.880859 0.984375 
vt 0.880859 0.984375 
vt 0.880859 0.984375 
vt 0.880859 0.984375 
vt 0.880859 0.984375 
vt 0.880859 0.984375 
vt 0.880859 0.984375 
vt 0.880859 0.984375 
vt 0.880859 0.984375 
vt 0.880859 0.984375 
vt 0.880859 0.984375 
vt 0.880859 0.984375 
vt 0.880859 0.984375 
vt 0.880859 0.984375 
vt 0.880859 0.984375 
vt 0.880859 0.984375 
vt 0.880859 0.984375 
vt 0.880859 0.984375 
vt 0.880859 0.984375 
vt 0.880859 0.984375 
vt 0.880859 0.984375 
vt 0.880859 0.984375 
vt 0.880859 0.984375 
vt 0.880859 0.984375 
vt 0.880859 0.984375 
vt 0.880859 0.984375 
vt 0.880859 0.984375 
vt 0.880859 0.984375 
vt 0.880859 0.984375 
vt 0.880859 0.984375 
vt 0.880859 0.984375 
vt 0.880859 0.984375 
vt 0.880859 0.984375 
vt 0.880859 0.984375 
vt 0.880859 0.984375 
vt 0.880859 0.984375 
vt 0.880859 0.984375 
vt 0.880859 0.984375 
vt 0.880859 0.984375 
vt 0.880859 0.984375 
vt 0.880859 0.984375 
vt 0.880859 0.984375 
vt 0.880859 0.984375 
vt 0.880859 0.984375 
vt 0.880859 0.984375 
vt 0.880859 0.984375 
vt 0.880859 0.984375 
vt 0.880859 0.984375 
vt 0.880859 0.984375 
vt 0.880859 0.984375 
vt 0.880859 0.984375 
vt 0.880859 0.984375 
vt 0.880859 0.984375 
vt 0.880859 0.984375 
vt 0.880859 0.984375 
vt 0.880859 0.984375 
vt 0.880859 0.984375 
vt 0.880859 0.984375 
vt 0.880859 0.984375 
vt 0.880859 0.984375 
vt 0.880859 0.984375 
vt 0.880859 0.984375 
vt 0.880859 0.984375 
vt 0.880859 0.984375 
vt 0.880859 0.984375 
vt 0.880859 0.984375 
vt 0.880859 0.984375 
vt 0.880859 0.984375 
vt 0.880859 0.984375 
vt 0.880859 0.984375 
vt 0.880859 0.984375 
vt 0.880859 0.984375 
vt 0.880859 0.984375 
vt 0.880859 0.984375 
vt 0.880859 0.984375 
vt 0.880859 0.984375 
vt 0.880859 0.984375 
vt 0.880859 0.984375 
vt 0.880859 0.984375 
vt 0.880859 0.984375 
vt 0.880859 0.984375 
vt 0.880859 0.984375 
vt 0.880859 0.984375 
vt 0.880859 0.984375 
vt 0.880859 0.984375 
vt 0.880859 0.984375 
vt 0.880859 0.984375 
vt 0.880859 0.984375 
vt 0.880859 0.984375 
vt 0.880859 0.984375 
vt 0.909811 0.769788 
vt 0.917475 0.765625 
vt 0.921256 0.765625 
vt 0.91504 0.769788 
vt 0.903314 0.781643 
vt 0.90977 0.781643 
vt 0.898973 0.799384 
vt 0.906249 0.799384 
vt 0.897449 0.820312 
vt 0.905012 0.820312 
vt 0.897449 0.929688 
vt 0.905012 0.929688 
vt 0.898973 0.950616 
vt 0.906249 0.950616 
vt 0.903314 0.968357 
vt 0.90977 0.968357 
vt 0.909811 0.980212 
vt 0.91504 0.980212 
vt 0.917475 0.984375 
vt 0.921256 0.984375 
vt 0.925531 0.765625 
vt 0.920951 0.769788 
vt 0.917068 0.781643 
vt 0.914474 0.799384 
vt 0.913563 0.820312 
vt 0.913563 0.929688 
vt 0.914474 0.950616 
vt 0.917068 0.968357 
vt 0.920951 0.980212 
vt 0.925531 0.984375 
vt 0.93017 0.765625 
vt 0.927365 0.769788 
vt 0.924987 0.781643 
vt 0.923398 0.799384 
vt 0.92284 0.820312 
vt 0.92284 0.929688 
vt 0.923398 0.950616 
vt 0.924987 0.968357 
vt 0.927365 0.980212 
vt 0.93017 0.984375 
vt 0.935032 0.765625 
vt 0.934087 0.769788 
vt 0.933286 0.781643 
vt 0.932751 0.799384 
vt 0.932563 0.820312 
vt 0.932563 0.929688 
vt 0.932751 0.950616 
vt 0.933286 0.968357 
vt 0.934087 0.980212 
vt 0.935032 0.984375 
vt 0.939968 0.765625 
vt 0.940913 0.769788 
vt 0.941714 0.781643 
vt 0.942249 0.799384 
vt 0.942437 0.820312 
vt 0.942437 0.929688 
vt 0.942249 0.950616 
vt 0.941714 0.968357 
vt 0.940913 0.980212 
vt 0.939968 0.984375 
vt 0.94483 0.765625 
vt 0.947635 0.769788 
vt 0.950013 0.781643 
vt 0.951602 0.799384 
vt 0.95216 0.820312 
vt 0.95216 0.929688 
vt 0.951602 0.950616 
vt 0.950013 0.968357 
vt 0.947635 0.980212 
vt 0.94483 0.984375 
vt 0.949469 0.765625 
vt 0.954049 0.769788 
vt 0.957932 0.781643 
vt 0.960526 0.799384 
vt 0.961437 0.820312 
vt 0.961437 0.929688 
vt 0.960526 0.950616 
vt 0.957932 0.968357 
vt 0.954049 0.980212 
vt 0.949469 0.984375 
vt 0.953744 0.765625 
vt 0.95996 0.769788 
vt 0.96523 0.781643 
vt 0.968751 0.799384 
vt 0.969988 0.820312 
vt 0.969988 0.929688 
vt 0.968751 0.950616 
vt 0.96523 0.968357 
vt 0.95996 0.980212 
vt 0.953744 0.984375 
vt 0.957525 0.765625 
vt 0.965189 0.769788 
vt 0.971686 0.781643 
vt 0.976027 0.799384 
vt 0.977551 0.820312 
vt 0.977551 0.929688 
vt 0.976027 0.950616 
vt 0.971686 0.968357 
vt 0.965189 0.980212 
vt 0.957525 0.984375 

usemtl RedcliffKnight1Mtl

f 1/1/1 2/2/2 3/3/3 
f 3/3/3 4/4/4 1/1/1 
f 5/5/5 1/1/1 4/4/4 
f 4/4/4 6/6/6 5/5/5 
f 7/7/7 5/5/5 6/6/6 
f 6/6/6 8/8/8 7/7/7 
f 9/9/9 7/7/7 8/8/8 
f 8/8/8 10/10/10 9/9/9 
f 11/11/11 9/9/9 10/10/10 
f 10/10/10 12/12/12 11/11/11 
f 13/13/13 11/11/11 12/12/12 
f 12/12/12 14/14/14 13/13/13 
f 15/15/15 13/13/13 14/14/14 
f 14/14/14 16/16/16 15/15/15 
f 17/17/17 15/15/15 16/16/16 
f 16/16/16 18/18/18 17/17/17 
f 19/19/19 17/17/17 18/18/18 
f 18/18/18 20/20/20 19/19/19 
f 4/4/4 3/3/3 21/21/21 
f 21/21/21 22/22/22 4/4/4 
f 6/6/6 4/4/4 22/22/22 
f 22/22/22 23/23/23 6/6/6 
f 8/8/8 6/6/6 23/23/23 
f 23/23/23 24/24/24 8/8/8 
f 10/10/10 8/8/8 24/24/24 
f 24/24/24 25/25/25 10/10/10 
f 12/12/12 10/10/10 25/25/25 
f 25/25/25 26/26/26 12/12/12 
f 14/14/14 12/12/12 26/26/26 
f 26/26/26 27/27/27 14/14/14 
f 16/16/16 14/14/14 27/27/27 
f 27/27/27 28/28/28 16/16/16 
f 18/18/18 16/16/16 28/28/28 
f 28/28/28 29/29/29 18/18/18 
f 20/20/20 18/18/18 29/29/29 
f 29/29/29 30/30/30 20/20/20 
f 22/22/22 21/21/21 31/31/31 
f 31/31/31 32/32/32 22/22/22 
f 23/23/23 22/22/22 32/32/32 
f 32/32/32 33/33/33 23/23/23 
f 24/24/24 23/23/23 33/33/33 
f 33/33/33 34/34/34 24/24/24 
f 25/25/25 24/24/24 34/34/34 
f 34/34/34 35/35/35 25/25/25 
f 26/26/26 25/25/25 35/35/35 
f 35/35/35 36/36/36 26/26/26 
f 27/27/27 26/26/26 36/36/36 
f 36/36/36 37/37/37 27/27/27 
f 28/28/28 27/27/27 37/37/37 
f 37/37/37 38/38/38 28/28/28 
f 29/29/29 28/28/28 38/38/38 
f 38/38/38 39/39/39 29/29/29 
f 30/30/30 29/29/29 39/39/39 
f 39/39/39 40/40/40 30/30/30 
f 32/32/32 31/31/31 41/41/41 
f 41/41/41 42/42/42 32/32/32 
f 33/33/33 32/32/32 42/42/42 
f 42/42/42 43/43/43 33/33/33 
f 34/34/34 33/33/33 43/43/43 
f 43/43/43 44/44/44 34/34/34 
f 35/35/35 34/34/34 44/44/44 
f 44/44/44 45/45/45 35/35/35 
f 36/36/36 35/35/35 45/45/45 
f 45/45/45 46/46/46 36/36/36 
f 37/37/37 36/36/36 46/46/46 
f 46/46/46 47/47/47 37/37/37 
f 38/38/38 37/37/37 47/47/47 
f 47/47/47 48/48/48 38/38/38 
f 39/39/39 38/38/38 48/48/48 
f 48/48/48 49/49/49 39/39/39 
f 40/40/40 39/39/39 49/49/49 
f 49/49/49 50/50/50 40/40/40 
f 42/42/42 41/41/41 51/51/51 
f 51/51/51 52/52/52 42/42/42 
f 43/43/43 42/42/42 52/52/52 
f 52/52/52 53/53/53 43/43/43 
f 44/44/44 43/43/43 53/53/53 
f 53/53/53 54/54/54 44/44/44 
f 45/45/45 44/44/44 54/54/54 
f 54/54/54 55/55/55 45/45/45 
f 46/46/46 45/45/45 55/55/55 
f 55/55/55 56/56/56 46/46/46 
f 47/47/47 46/46/46 56/56/56 
f 56/56/56 57/57/57 47/47/47 
f 48/48/48 47/47/47 57/57/57 
f 57/57/57 58/58/58 48/48/48 
f 49/49/49 48/48/48 58/58/58 
f 58/58/58 59/59/59 49/49/49 
f 50/50/50 49/49/49 59/59/59 
f 59/59/59 60/60/60 50/50/50 
f 52/52/52 51/51/51 61/61/61 
f 61/61/61 62/62/62 52/52/52 
f 53/53/53 52/52/52 62/62/62 
f 62/62/62 63/63/63 53/53/53 
f 54/54/54 53/53/53 63/63/63 
f 63/63/63 64/64/64 54/54/54 
f 55/55/55 54/54/54 64/64/64 
f 64/64/64 65/65/65 55/55/55 
f 56/56/56 55/55/55 65/65/65 
f 65/65/65 66/66/66 56/56/56 
f 57/57/57 56/56/56 66/66/66 
f 66/66/66 67/67/67 57/57/57 
f 58/58/58 57/57/57 67/67/67 
f 67/67/67 68/68/68 58/58/58 
f 59/59/59 58/58/58 68/68/68 
f 68/68/68 69/69/69 59/59/59 
f 60/60/60 59/59/59 69/69/69 
f 69/69/69 70/70/70 60/60/60 
f 62/62/62 61/61/61 71/71/71 
f 71/71/71 72/72/72 62/62/62 
f 63/63/63 62/62/62 72/72/72 
f 72/72/72 73/73/73 63/63/63 
f 64/64/64 63/63/63 73/73/73 
f 73/73/73 74/74/74 64/64/64 
f 65/65/65 64/64/64 74/74/74 
f 74/74/74 75/75/75 65/65/65 
f 66/66/66 65/65/65 75/75/75 
f 75/75/75 76/76/76 66/66/66 
f 67/67/67 66/66/66 76/76/76 
f 76/76/76 77/77/77 67/67/67 
f 68/68/68 67/67/67 77/77/77 
f 77/77/77 78/78/78 68/68/68 
f 69/69/69 68/68/68 78/78/78 
f 78/78/78 79/79/79 69/69/69 
f 70/70/70 69/69/69 79/79/79 
f 79/79/79 80/80/80 70/70/70 
f 72/72/72 71/71/71 81/81/81 
f 81/81/81 82/82/82 72/72/72 
f 73/73/73 72/72/72 82/82/82 
f 82/82/82 83/83/83 73/73/73 
f 74/74/74 73/73/73 83/83/83 
f 83/83/83 84/84/84 74/74/74 
f 75/75/75 74/74/74 84/84/84 
f 84/84/84 85/85/85 75/75/75 
f 76/76/76 75/75/75 85/85/85 
f 85/85/85 86/86/86 76/76/76 
f 77/77/77 76/76/76 86/86/86 
f 86/86/86 87/87/87 77/77/77 
f 78/78/78 77/77/77 87/87/87 
f 87/87/87 88/88/88 78/78/78 
f 79/79/79 78/78/78 88/88/88 
f 88/88/88 89/89/89 79/79/79 
f 80/80/80 79/79/79 89/89/89 
f 89/89/89 90/90/90 80/80/80 
f 82/82/82 81/81/81 91/91/91 
f 91/91/91 92/92/92 82/82/82 
f 83/83/83 82/82/82 92/92/92 
f 92/92/92 93/93/93 83/83/83 
f 84/84/84 83/83/83 93/93/93 
f 93/93/93 94/94/94 84/84/84 
f 85/85/85 84/84/84 94/94/94 
f 94/94/94 95/95/95 85/85/85 
f 86/86/86 85/85/85 95/95/95 
f 95/95/95 96/96/96 86/86/86 
f 87/87/87 86/86/86 96/96/96 
f 96/96/96 97/97/97 87/87/87 
f 88/88/88 87/87/87 97/97/97 
f 97/97/97 98/98/98 88/88/88 
f 89/89/89 88/88/88 98/98/98 
f 98/98/98 99/99/99 89/89/89 
f 90/90/90 89/89/89 99/99/99 
f 99/99/99 100/100/100 90/90/90 
f 101/101/101 102/102/102 103/103/103 
f 101/101/101 103/103/103 104/104/104 
f 101/101/101 104/104/104 105/105/105 
f 101/101/101 105/105/105 106/106/106 
f 101/101/101 106/106/106 107/107/107 
f 101/101/101 107/107/107 108/108/108 
f 101/101/101 108/108/108 109/109/109 
f 101/101/101 109/109/109 110/110/110 
f 101/101/101 110/110/110 111/111/111 
f 101/101/101 111/111/111 112/112/112 
f 101/101/101 112/112/112 113/113/113 
f 101/101/101 113/113/113 114/114/114 
f 101/101/101 114/114/114 115/115/115 
f 101/101/101 115/115/115 116/116/116 
f 101/101/101 116/116/116 117/117/117 
f 101/101/101 117/117/117 118/118/118 
f 101/101/101 118/118/118 119/119/119 
f 101/101/101 119/119/119 120/120/120 
f 101/101/101 120/120/120 121/121/121 
f 101/101/101 121/121/121 122/122/122 
f 101/101/101 122/122/122 123/123/123 
f 101/101/101 123/123/123 124/124/124 
f 101/101/101 124/124/124 125/125/125 
f 101/101/101 125/125/125 126/126/126 
f 101/101/101 126/126/126 127/127/127 
f 101/101/101 127/127/127 128/128/128 
f 101/101/101 128/128/128 129/129/129 
f 101/101/101 129/129/129 130/130/130 
f 101/101/101 130/130/130 131/131/131 
f 101/101/101 131/131/131 132/132/132 
f 101/101/101 132/132/132 133/133/133 
f 101/101/101 133/133/133 134/134/134 
f 101/101/101 134/134/134 135/135/135 
f 101/101/101 135/135/135 136/136/136 
f 101/101/101 136/136/136 137/137/137 
f 101/101/101 137/137/137 102/102/102 
f 138/138/138 139/139/139 140/140/140 
f 140/140/140 141/141/141 138/138/138 
f 142/142/142 138/138/138 141/141/141 
f 141/141/141 143/143/143 142/142/142 
f 144/144/144 142/142/142 143/143/143 
f 143/143/143 145/145/145 144/144/144 
f 146/146/146 144/144/144 145/145/145 
f 145/145/145 147/147/147 146/146/146 
f 148/148/148 146/146/146 147/147/147 
f 147/147/147 149/149/149 148/148/148 
f 150/150/150 148/148/148 149/149/149 
f 149/149/149 151/151/151 150/150/150 
f 152/152/152 150/150/150 151/151/151 
f 151/151/151 153/153/153 152/152/152 
f 154/154/154 152/152/152 153/153/153 
f 153/153/153 155/155/155 154/154/154 
f 156/156/156 154/154/154 155/155/155 
f 155/155/155 157/157/157 156/156/156 
f 141/141/141 140/140/140 158/158/158 
f 158/158/158 159/159/159 141/141/141 
f 143/143/143 141/141/141 159/159/159 
f 159/159/159 160/160/160 143/143/143 
f 145/145/145 143/143/143 160/160/160 
f 160/160/160 161/161/161 145/145/145 
f 147/147/147 145/145/145 161/161/161 
f 161/161/161 162/162/162 147/147/147 
f 149/149/149 147/147/147 162/162/162 
f 162/162/162 163/163/163 149/149/149 
f 151/151/151 149/149/149 163/163/163 
f 163/163/163 164/164/164 151/151/151 
f 153/153/153 151/151/151 164/164/164 
f 164/164/164 165/165/165 153/153/153 
f 155/155/155 153/153/153 165/165/165 
f 165/165/165 166/166/166 155/155/155 
f 157/157/157 155/155/155 166/166/166 
f 166/166/166 167/167/167 157/157/157 
f 159/159/159 158/158/158 168/168/168 
f 168/168/168 169/169/169 159/159/159 
f 160/160/160 159/159/159 169/169/169 
f 169/169/169 170/170/170 160/160/160 
f 161/161/161 160/160/160 170/170/170 
f 170/170/170 171/171/171 161/161/161 
f 162/162/162 161/161/161 171/171/171 
f 171/171/171 172/172/172 162/162/162 
f 163/163/163 162/162/162 172/172/172 
f 172/172/172 173/173/173 163/163/163 
f 164/164/164 163/163/163 173/173/173 
f 173/173/173 174/174/174 164/164/164 
f 165/165/165 164/164/164 174/174/174 
f 174/174/174 175/175/175 165/165/165 
f 166/166/166 165/165/165 175/175/175 
f 175/175/175 176/176/176 166/166/166 
f 167/167/167 166/166/166 176/176/176 
f 176/176/176 177/177/177 167/167/167 
f 169/169/169 168/168/168 178/178/178 
f 178/178/178 179/179/179 169/169/169 
f 170/170/170 169/169/169 179/179/179 
f 179/179/179 180/180/180 170/170/170 
f 171/171/171 170/170/170 180/180/180 
f 180/180/180 181/181/181 171/171/171 
f 172/172/172 171/171/171 181/181/181 
f 181/181/181 182/182/182 172/172/172 
f 173/173/173 172/172/172 182/182/182 
f 182/182/182 183/183/183 173/173/173 
f 174/174/174 173/173/173 183/183/183 
f 183/183/183 184/184/184 174/174/174 
f 175/175/175 174/174/174 184/184/184 
f 184/184/184 185/185/185 175/175/175 
f 176/176/176 175/175/175 185/185/185 
f 185/185/185 186/186/186 176/176/176 
f 177/177/177 176/176/176 186/186/186 
f 186/186/186 187/187/187 177/177/177 
f 179/179/179 178/178/178 188/188/188 
f 188/188/188 189/189/189 179/179/179 
f 180/180/180 179/179/179 189/189/189 
f 189/189/189 190/190/190 180/180/180 
f 181/181/181 180/180/180 190/190/190 
f 190/190/190 191/191/191 181/181/181 
f 182/182/182 181/181/181 191/191/191 
f 191/191/191 192/192/192 182/182/182 
f 183/183/183 182/182/182 192/192/192 
f 192/192/192 193/193/193 183/183/183 
f 184/184/184 183/183/183 193/193/193 
f 193/193/193 194/194/194 184/184/184 
f 185/185/185 184/184/184 194/194/194 
f 194/194/194 195/195/195 185/185/185 
f 186/186/186 185/185/185 195/195/195 
f 195/195/195 196/196/196 186/186/186 
f 187/187/187 186/186/186 196/196/196 
f 196/196/196 197/197/197 187/187/187 
f 189/189/189 188/188/188 198/198/198 
f 198/198/198 199/199/199 189/189/189 
f 190/190/190 189/189/189 199/199/199 
f 199/199/199 200/200/200 190/190/190 
f 191/191/191 190/190/190 200/200/200 
f 200/200/200 201/201/201 191/191/191 
f 192/192/192 191/191/191 201/201/201 
f 201/201/201 202/202/202 192/192/192 
f 193/193/193 192/192/192 202/202/202 
f 202/202/202 203/203/203 193/193/193 
f 194/194/194 193/193/193 203/203/203 
f 203/203/203 204/204/204 194/194/194 
f 195/195/195 194/194/194 204/204/204 
f 204/204/204 205/205/205 195/195/195 
f 196/196/196 195/195/195 205/205/205 
f 205/205/205 206/206/206 196/196/196 
f 197/197/197 196/196/196 206/206/206 
f 206/206/206 207/207/207 197/197/197 
f 199/199/199 198/198/198 208/208/208 
f 208/208/208 209/209/209 199/199/199 
f 200/200/200 199/199/199 209/209/209 
f 209/209/209 210/210/210 200/200/200 
f 201/201/201 200/200/200 210/210/210 
f 210/210/210 211/211/211 201/201/201 
f 202/202/202 201/201/201 211/211/211 
f 211/211/211 212/212/212 202/202/202 
f 203/203/203 202/202/202 212/212/212 
f 212/212/212 213/213/213 203/203/203 
f 204/204/204 203/203/203 213/213/213 
f 213/213/213 214/214/214 204/204/204 
f 205/205/205 204/204/204 214/214/214 
f 214/214/214 215/215/215 205/205/205 
f 206/206/206 205/205/205 215/215/215 
f 215/215/215 216/216/216 206/206/206 
f 207/207/207 206/206/206 216/216/216 
f 216/216/216 217/217/217 207/207/207 
f 209/209/209 208/208/208 218/218/218 
f 218/218/218 219/219/219 209/209/209 
f 210/210/210 209/209/209 219/219/219 
f 219/219/219 220/220/220 210/210/210 
f 211/211/211 210/210/210 220/220/220 
f 220/220/220 221/221/221 211/211/211 
f 212/212/212 211/211/211 221/221/221 
f 221/221/221 222/222/222 212/212/212 
f 213/213/213 212/212/212 222/222/222 
f 222/222/222 223/223/223 213/213/213 
f 214/214/214 213/213/213 223/223/223 
f 223/223/223 224/224/224 214/214/214 
f 215/215/215 214/214/214 224/224/224 
f 224/224/224 225/225/225 215/215/215 
f 216/216/216 215/215/215 225/225/225 
f 225/225/225 226/226/226 216/216/216 
f 217/217/217 216/216/216 226/226/226 
f 226/226/226 227/227/227 217/217/217 
f 219/219/219 218/218/218 2/2/2 
f 2/2/2 1/1/1 219/219/219 
f 220/220/220 219/219/219 1/1/1 
f 1/1/1 5/5/5 220/220/220 
f 221/221/221 220/220/220 5/5/5 
f 5/5/5 7/7/7 221/221/221 
f 222/222/222 221/221/221 7/7/7 
f 7/7/7 9/9/9 222/222/222 
f 223/223/223 222/222/222 9/9/9 
f 9/9/9 11/11/11 223/223/223 
f 224/224/224 223/223/223 11/11/11 
f 11/11/11 13/13/13 224/224/224 
f 225/225/225 224/224/224 13/13/13 
f 13/13/13 15/15/15 225/225/225 
f 226/226/226 225/225/225 15/15/15 
f 15/15/15 17/17/17 226/226/226 
f 227/227/227 226/226/226 17/17/17 
f 17/17/17 19/19/19 227/227/227 
f 228/228/228 229/229/229 230/230/230 
f 230/230/230 231/231/231 228/228/228 
f 232/232/232 228/228/228 231/231/231 
f 231/231/231 233/233/233 232/232/232 
f 234/234/234 232/232/232 233/233/233 
f 233/233/233 235/235/235 234/234/234 
f 236/236/236 234/234/234 235/235/235 
f 235/235/235 237/237/237 236/236/236 
f 238/238/238 236/236/236 237/237/237 
f 237/237/237 239/239/239 238/238/238 
f 240/240/240 238/238/238 239/239/239 
f 239/239/239 241/241/241 240/240/240 
f 242/242/242 240/240/240 241/241/241 
f 241/241/241 243/243/243 242/242/242 
f 244/244/244 242/242/242 243/243/243 
f 243/243/243 245/245/245 244/244/244 
f 246/246/246 244/244/244 245/245/245 
f 245/245/245 247/247/247 246/246/246 
f 231/231/231 230/230/230 248/248/248 
f 248/248/248 249/249/249 231/231/231 
f 233/233/233 231/231/231 249/249/249 
f 249/249/249 250/250/250 233/233/233 
f 235/235/235 233/233/233 250/250/250 
f 250/250/250 251/251/251 235/235/235 
f 237/237/237 235/235/235 251/251/251 
f 251/251/251 252/252/252 237/237/237 
f 239/239/239 237/237/237 252/252/252 
f 252/252/252 253/253/253 239/239/239 
f 241/241/241 239/239/239 253/253/253 
f 253/253/253 254/254/254 241/241/241 
f 243/243/243 241/241/241 254/254/254 
f 254/254/254 255/255/255 243/243/243 
f 245/245/245 243/243/243 255/255/255 
f 255/255/255 256/256/256 245/245/245 
f 247/247/247 245/245/245 256/256/256 
f 256/256/256 257/257/257 247/247/247 
f 249/249/249 248/248/248 258/258/258 
f 258/258/258 259/259/259 249/249/249 
f 250/250/250 249/249/249 259/259/259 
f 259/259/259 260/260/260 250/250/250 
f 251/251/251 250/250/250 260/260/260 
f 260/260/260 261/261/261 251/251/251 
f 252/252/252 251/251/251 261/261/261 
f 261/261/261 262/262/262 252/252/252 
f 253/253/253 252/252/252 262/262/262 
f 262/262/262 263/263/263 253/253/253 
f 254/254/254 253/253/253 263/263/263 
f 263/263/263 264/264/264 254/254/254 
f 255/255/255 254/254/254 264/264/264 
f 264/264/264 265/265/265 255/255/255 
f 256/256/256 255/255/255 265/265/265 
f 265/265/265 266/266/266 256/256/256 
f 257/257/257 256/256/256 266/266/266 
f 266/266/266 267/267/267 257/257/257 
f 259/259/259 258/258/258 268/268/268 
f 268/268/268 269/269/269 259/259/259 
f 260/260/260 259/259/259 269/269/269 
f 269/269/269 270/270/270 260/260/260 
f 261/261/261 260/260/260 270/270/270 
f 270/270/270 271/271/271 261/261/261 
f 262/262/262 261/261/261 271/271/271 
f 271/271/271 272/272/272 262/262/262 
f 263/263/263 262/262/262 272/272/272 
f 272/272/272 273/273/273 263/263/263 
f 264/264/264 263/263/263 273/273/273 
f 273/273/273 274/274/274 264/264/264 
f 265/265/265 264/264/264 274/274/274 
f 274/274/274 275/275/275 265/265/265 
f 266/266/266 265/265/265 275/275/275 
f 275/275/275 276/276/276 266/266/266 
f 267/267/267 266/266/266 276/276/276 
f 276/276/276 277/277/277 267/267/267 
f 269/269/269 268/268/268 278/278/278 
f 278/278/278 279/279/279 269/269/269 
f 270/270/270 269/269/269 279/279/279 
f 279/279/279 280/280/280 270/270/270 
f 271/271/271 270/270/270 280/280/280 
f 280/280/280 281/281/281 271/271/271 
f 272/272/272 271/271/271 281/281/281 
f 281/281/281 282/282/282 272/272/272 
f 273/273/273 272/272/272 282/282/282 
f 282/282/282 283/283/283 273/273/273 
f 274/274/274 273/273/273 283/283/283 
f 283/283/283 284/284/284 274/274/274 
f 275/275/275 274/274/274 284/284/284 
f 284/284/284 285/285/285 275/275/275 
f 276/276/276 275/275/275 285/285/285 
f 285/285/285 286/286/286 276/276/276 
f 277/277/277 276/276/276 286/286/286 
f 286/286/286 287/287/287 277/277/277 
f 279/279/279 278/278/278 288/288/288 
f 288/288/288 289/289/289 279/279/279 
f 280/280/280 279/279/279 289/289/289 
f 289/289/289 290/290/290 280/280/280 
f 281/281/281 280/280/280 290/290/290 
f 290/290/290 291/291/291 281/281/281 
f 282/282/282 281/281/281 291/291/291 
f 291/291/291 292/292/292 282/282/282 
f 283/283/283 282/282/282 292/292/292 
f 292/292/292 293/293/293 283/283/283 
f 284/284/284 283/283/283 293/293/293 
f 293/293/293 294/294/294 284/284/284 
f 285/285/285 284/284/284 294/294/294 
f 294/294/294 295/295/295 285/285/285 
f 286/286/286 285/285/285 295/295/295 
f 295/295/295 296/296/296 286/286/286 
f 287/287/287 286/286/286 296/296/296 
f 296/296/296 297/297/297 287/287/287 
f 289/289/289 288/288/288 298/298/298 
f 298/298/298 299/299/299 289/289/289 
f 290/290/290 289/289/289 299/299/299 
f 299/299/299 300/300/300 290/290/290 
f 291/291/291 290/290/290 300/300/300 
f 300/300/300 301/301/301 291/291/291 
f 292/292/292 291/291/291 301/301/301 
f 301/301/301 302/302/302 292/292/292 
f 293/293/293 292/292/292 302/302/302 
f 302/302/302 303/303/303 293/293/293 
f 294/294/294 293/293/293 303/303/303 
f 303/303/303 304/304/304 294/294/294 
f 295/295/295 294/294/294 304/304/304 
f 304/304/304 305/305/305 295/295/295 
f 296/296/296 295/295/295 305/305/305 
f 305/305/305 306/306/306 296/296/296 
f 297/297/297 296/296/296 306/306/306 
f 306/306/306 307/307/307 297/297/297 
f 299/299/299 298/298/298 308/308/308 
f 308/308/308 309/309/309 299/299/299 
f 300/300/300 299/299/299 309/309/309 
f 309/309/309 310/310/310 300/300/300 
f 301/301/301 300/300/300 310/310/310 
f 310/310/310 311/311/311 301/301/301 
f 302/302/302 301/301/301 311/311/311 
f 311/311/311 312/312/312 302/302/302 
f 303/303/303 302/302/302 312/312/312 
f 312/312/312 313/313/313 303/303/303 
f 304/304/304 303/303/303 313/313/313 
f 313/313/313 314/314/314 304/304/304 
f 305/305/305 304/304/304 314/314/314 
f 314/314/314 315/315/315 305/305/305 
f 306/306/306 305/305/305 315/315/315 
f 315/315/315 316/316/316 306/306/306 
f 307/307/307 306/306/306 316/316/316 
f 316/316/316 317/317/317 307/307/307 
f 309/309/309 308/308/308 139/139/139 
f 139/139/139 138/138/138 309/309/309 
f 310/310/310 309/309/309 138/138/138 
f 138/138/138 142/142/142 310/310/310 
f 311/311/311 310/310/310 142/142/142 
f 142/142/142 144/144/144 311/311/311 
f 312/312/312 311/311/311 144/144/144 
f 144/144/144 146/146/146 312/312/312 
f 313/313/313 312/312/312 146/146/146 
f 146/146/146 148/148/148 313/313/313 
f 314/314/314 313/313/313 148/148/148 
f 148/148/148 150/150/150 314/314/314 
f 315/315/315 314/314/314 150/150/150 
f 150/150/150 152/152/152 315/315/315 
f 316/316/316 315/315/315 152/152/152 
f 152/152/152 154/154/154 316/316/316 
f 317/317/317 316/316/316 154/154/154 
f 154/154/154 156/156/156 317/317/317 
f 318/318/318 319/319/319 320/320/320 
f 320/320/320 321/321/321 318/318/318 
f 322/322/322 318/318/318 321/321/321 
f 321/321/321 323/323/323 322/322/322 
f 324/324/324 322/322/322 323/323/323 
f 323/323/323 325/325/325 324/324/324 
f 326/326/326 324/324/324 325/325/325 
f 325/325/325 327/327/327 326/326/326 
f 328/328/328 326/326/326 327/327/327 
f 327/327/327 329/329/329 328/328/328 
f 330/330/330 328/328/328 329/329/329 
f 329/329/329 331/331/331 330/330/330 
f 332/332/332 330/330/330 331/331/331 
f 331/331/331 333/333/333 332/332/332 
f 334/334/334 332/332/332 333/333/333 
f 333/333/333 335/335/335 334/334/334 
f 336/336/336 334/334/334 335/335/335 
f 335/335/335 337/337/337 336/336/336 
f 321/321/321 320/320/320 338/338/338 
f 338/338/338 339/339/339 321/321/321 
f 323/323/323 321/321/321 339/339/339 
f 339/339/339 340/340/340 323/323/323 
f 325/325/325 323/323/323 340/340/340 
f 340/340/340 341/341/341 325/325/325 
f 327/327/327 325/325/325 341/341/341 
f 341/341/341 342/342/342 327/327/327 
f 329/329/329 327/327/327 342/342/342 
f 342/342/342 343/343/343 329/329/329 
f 331/331/331 329/329/329 343/343/343 
f 343/343/343 344/344/344 331/331/331 
f 333/333/333 331/331/331 344/344/344 
f 344/344/344 345/345/345 333/333/333 
f 335/335/335 333/333/333 345/345/345 
f 345/345/345 346/346/346 335/335/335 
f 337/337/337 335/335/335 346/346/346 
f 346/346/346 347/347/347 337/337/337 
f 339/339/339 338/338/338 348/348/348 
f 348/348/348 349/349/349 339/339/339 
f 340/340/340 339/339/339 349/349/349 
f 349/349/349 350/350/350 340/340/340 
f 341/341/341 340/340/340 350/350/350 
f 350/350/350 351/351/351 341/341/341 
f 342/342/342 341/341/341 351/351/351 
f 351/351/351 352/352/352 342/342/342 
f 343/343/343 342/342/342 352/352/352 
f 352/352/352 353/353/353 343/343/343 
f 344/344/344 343/343/343 353/353/353 
f 353/353/353 354/354/354 344/344/344 
f 345/345/345 344/344/344 354/354/354 
f 354/354/354 355/355/355 345/345/345 
f 346/346/346 345/345/345 355/355/355 
f 355/355/355 356/356/356 346/346/346 
f 347/347/347 346/346/346 356/356/356 
f 356/356/356 357/357/357 347/347/347 
f 349/349/349 348/348/348 358/358/358 
f 358/358/358 359/359/359 349/349/349 
f 350/350/350 349/349/349 359/359/359 
f 359/359/359 360/360/360 350/350/350 
f 351/351/351 350/350/350 360/360/360 
f 360/360/360 361/361/361 351/351/351 
f 352/352/352 351/351/351 361/361/361 
f 361/361/361 362/362/362 352/352/352 
f 353/353/353 352/352/352 362/362/362 
f 362/362/362 363/363/363 353/353/353 
f 354/354/354 353/353/353 363/363/363 
f 363/363/363 364/364/364 354/354/354 
f 355/355/355 354/354/354 364/364/364 
f 364/364/364 365/365/365 355/355/355 
f 356/356/356 355/355/355 365/365/365 
f 365/365/365 366/366/366 356/356/356 
f 357/357/357 356/356/356 366/366/366 
f 366/366/366 367/367/367 357/357/357 
f 359/359/359 358/358/358 368/368/368 
f 368/368/368 369/369/369 359/359/359 
f 360/360/360 359/359/359 369/369/369 
f 369/369/369 370/370/370 360/360/360 
f 361/361/361 360/360/360 370/370/370 
f 370/370/370 371/371/371 361/361/361 
f 362/362/362 361/361/361 371/371/371 
f 371/371/371 372/372/372 362/362/362 
f 363/363/363 362/362/362 372/372/372 
f 372/372/372 373/373/373 363/363/363 
f 364/364/364 363/363/363 373/373/373 
f 373/373/373 374/374/374 364/364/364 
f 365/365/365 364/364/364 374/374/374 
f 374/374/374 375/375/375 365/365/365 
f 366/366/366 365/365/365 375/375/375 
f 375/375/375 376/376/376 366/366/366 
f 367/367/367 366/366/366 376/376/376 
f 376/376/376 377/377/377 367/367/367 
f 369/369/369 368/368/368 378/378/378 
f 378/378/378 379/379/379 369/369/369 
f 370/370/370 369/369/369 379/379/379 
f 379/379/379 380/380/380 370/370/370 
f 371/371/371 370/370/370 380/380/380 
f 380/380/380 381/381/381 371/371/371 
f 372/372/372 371/371/371 381/381/381 
f 381/381/381 382/382/382 372/372/372 
f 373/373/373 372/372/372 382/382/382 
f 382/382/382 383/383/383 373/373/373 
f 374/374/374 373/373/373 383/383/383 
f 383/383/383 384/384/384 374/374/374 
f 375/375/375 374/374/374 384/384/384 
f 384/384/384 385/385/385 375/375/375 
f 376/376/376 375/375/375 385/385/385 
f 385/385/385 386/386/386 376/376/376 
f 377/377/377 376/376/376 386/386/386 
f 386/386/386 387/387/387 377/377/377 
f 379/379/379 378/378/378 388/388/388 
f 388/388/388 389/389/389 379/379/379 
f 380/380/380 379/379/379 389/389/389 
f 389/389/389 390/390/390 380/380/380 
f 381/381/381 380/380/380 390/390/390 
f 390/390/390 391/391/391 381/381/381 
f 382/382/382 381/381/381 391/391/391 
f 391/391/391 392/392/392 382/382/382 
f 383/383/383 382/382/382 392/392/392 
f 392/392/392 393/393/393 383/383/383 
f 384/384/384 383/383/383 393/393/393 
f 393/393/393 394/394/394 384/384/384 
f 385/385/385 384/384/384 394/394/394 
f 394/394/394 395/395/395 385/385/385 
f 386/386/386 385/385/385 395/395/395 
f 395/395/395 396/396/396 386/386/386 
f 387/387/387 386/386/386 396/396/396 
f 396/396/396 397/397/397 387/387/387 
f 389/389/389 388/388/388 398/398/398 
f 398/398/398 399/399/399 389/389/389 
f 390/390/390 389/389/389 399/399/399 
f 399/399/399 400/400/400 390/390/390 
f 391/391/391 390/390/390 400/400/400 
f 400/400/400 401/401/401 391/391/391 
f 392/392/392 391/391/391 401/401/401 
f 401/401/401 402/402/402 392/392/392 
f 393/393/393 392/392/392 402/402/402 
f 402/402/402 403/403/403 393/393/393 
f 394/394/394 393/393/393 403/403/403 
f 403/403/403 404/404/404 394/394/394 
f 395/395/395 394/394/394 404/404/404 
f 404/404/404 405/405/405 395/395/395 
f 396/396/396 395/395/395 405/405/405 
f 405/405/405 406/406/406 396/396/396 
f 397/397/397 396/396/396 406/406/406 
f 406/406/406 407/407/407 397/397/397 
f 399/399/399 398/398/398 408/408/408 
f 408/408/408 409/409/409 399/399/399 
f 400/400/400 399/399/399 409/409/409 
f 409/409/409 410/410/410 400/400/400 
f 401/401/401 400/400/400 410/410/410 
f 410/410/410 411/411/411 401/401/401 
f 402/402/402 401/401/401 411/411/411 
f 411/411/411 412/412/412 402/402/402 
f 403/403/403 402/402/402 412/412/412 
f 412/412/412 413/413/413 403/403/403 
f 404/404/404 403/403/403 413/413/413 
f 413/413/413 414/414/414 404/404/404 
f 405/405/405 404/404/404 414/414/414 
f 414/414/414 415/415/415 405/405/405 
f 406/406/406 405/405/405 415/415/415 
f 415/415/415 416/416/416 406/406/406 
f 407/407/407 406/406/406 416/416/416 
f 416/416/416 417/417/417 407/407/407 
f 418/418/418 419/419/419 420/420/420 
f 420/420/420 421/421/421 418/418/418 
f 422/422/422 418/418/418 421/421/421 
f 421/421/421 423/423/423 422/422/422 
f 424/424/424 422/422/422 423/423/423 
f 423/423/423 425/425/425 424/424/424 
f 426/426/426 424/424/424 425/425/425 
f 425/425/425 427/427/427 426/426/426 
f 428/428/428 426/426/426 427/427/427 
f 427/427/427 429/429/429 428/428/428 
f 430/430/430 428/428/428 429/429/429 
f 429/429/429 431/431/431 430/430/430 
f 432/432/432 430/430/430 431/431/431 
f 431/431/431 433/433/433 432/432/432 
f 434/434/434 432/432/432 433/433/433 
f 433/433/433 435/435/435 434/434/434 
f 436/436/436 434/434/434 435/435/435 
f 435/435/435 437/437/437 436/436/436 
f 421/421/421 420/420/420 438/438/438 
f 438/438/438 439/439/439 421/421/421 
f 423/423/423 421/421/421 439/439/439 
f 439/439/439 440/440/440 423/423/423 
f 425/425/425 423/423/423 440/440/440 
f 440/440/440 441/441/441 425/425/425 
f 427/427/427 425/425/425 441/441/441 
f 441/441/441 442/442/442 427/427/427 
f 429/429/429 427/427/427 442/442/442 
f 442/442/442 443/443/443 429/429/429 
f 431/431/431 429/429/429 443/443/443 
f 443/443/443 444/444/444 431/431/431 
f 433/433/433 431/431/431 444/444/444 
f 444/444/444 445/445/445 433/433/433 
f 435/435/435 433/433/433 445/445/445 
f 445/445/445 446/446/446 435/435/435 
f 437/437/437 435/435/435 446/446/446 
f 446/446/446 447/447/447 437/437/437 
f 439/439/439 438/438/438 448/448/448 
f 448/448/448 449/449/449 439/439/439 
f 440/440/440 439/439/439 449/449/449 
f 449/449/449 450/450/450 440/440/440 
f 441/441/441 440/440/440 450/450/450 
f 450/450/450 451/451/451 441/441/441 
f 442/442/442 441/441/441 451/451/451 
f 451/451/451 452/452/452 442/442/442 
f 443/443/443 442/442/442 452/452/452 
f 452/452/452 453/453/453 443/443/443 
f 444/444/444 443/443/443 453/453/453 
f 453/453/453 454/454/454 444/444/444 
f 445/445/445 444/444/444 454/454/454 
f 454/454/454 455/455/455 445/445/445 
f 446/446/446 445/445/445 455/455/455 
f 455/455/455 456/456/456 446/446/446 
f 447/447/447 446/446/446 456/456/456 
f 456/456/456 457/457/457 447/447/447 
f 449/449/449 448/448/448 458/458/458 
f 458/458/458 459/459/459 449/449/449 
f 450/450/450 449/449/449 459/459/459 
f 459/459/459 460/460/460 450/450/450 
f 451/451/451 450/450/450 460/460/460 
f 460/460/460 461/461/461 451/451/451 
f 452/452/452 451/451/451 461/461/461 
f 461/461/461 462/462/462 452/452/452 
f 453/453/453 452/452/452 462/462/462 
f 462/462/462 463/463/463 453/453/453 
f 454/454/454 453/453/453 463/463/463 
f 463/463/463 464/464/464 454/454/454 
f 455/455/455 454/454/454 464/464/464 
f 464/464/464 465/465/465 455/455/455 
f 456/456/456 455/455/455 465/465/465 
f 465/465/465 466/466/466 456/456/456 
f 457/457/457 456/456/456 466/466/466 
f 466/466/466 467/467/467 457/457/457 
f 459/459/459 458/458/458 468/468/468 
f 468/468/468 469/469/469 459/459/459 
f 460/460/460 459/459/459 469/469/469 
f 469/469/469 470/470/470 460/460/460 
f 461/461/461 460/460/460 470/470/470 
f 470/470/470 471/471/471 461/461/461 
f 462/462/462 461/461/461 471/471/471 
f 471/471/471 472/472/472 462/462/462 
f 463/463/463 462/462/462 472/472/472 
f 472/472/472 473/473/473 463/463/463 
f 464/464/464 463/463/463 473/473/473 
f 473/473/473 474/474/474 464/464/464 
f 465/465/465 464/464/464 474/474/474 
f 474/474/474 475/475/475 465/465/465 
f 466/466/466 465/465/465 475/475/475 
f 475/475/475 476/476/476 466/466/466 
f 467/467/467 466/466/466 476/476/476 
f 476/476/476 477/477/477 467/467/467 
f 469/469/469 468/468/468 478/478/478 
f 478/478/478 479/479/479 469/469/469 
f 470/470/470 469/469/469 479/479/479 
f 479/479/479 480/480/480 470/470/470 
f 471/471/471 470/470/470 480/480/480 
f 480/480/480 481/481/481 471/471/471 
f 472/472/472 471/471/471 481/481/481 
f 481/481/481 482/482/482 472/472/472 
f 473/473/473 472/472/472 482/482/482 
f 482/482/482 483/483/483 473/473/473 
f 474/474/474 473/473/473 483/483/483 
f 483/483/483 484/484/484 474/474/474 
f 475/475/475 474/474/474 484/484/484 
f 484/484/484 485/485/485 475/475/475 
f 476/476/476 475/475/475 485/485/485 
f 485/485/485 486/486/486 476/476/476 
f 477/477/477 476/476/476 486/486/486 
f 486/486/486 487/487/487 477/477/477 
f 479/479/479 478/478/478 488/488/488 
f 488/488/488 489/489/489 479/479/479 
f 480/480/480 479/479/479 489/489/489 
f 489/489/489 490/490/490 480/480/480 
f 481/481/481 480/480/480 490/490/490 
f 490/490/490 491/491/491 481/481/481 
f 482/482/482 481/481/481 491/491/491 
f 491/491/491 492/492/492 482/482/482 
f 483/483/483 482/482/482 492/492/492 
f 492/492/492 493/493/493 483/483/483 
f 484/484/484 483/483/483 493/493/493 
f 493/493/493 494/494/494 484/484/484 
f 485/485/485 484/484/484 494/494/494 
f 494/494/494 495/495/495 485/485/485 
f 486/486/486 485/485/485 495/495/495 
f 495/495/495 496/496/496 486/486/486 
f 487/487/487 486/486/486 496/496/496 
f 496/496/496 497/497/497 487/487/487 
f 489/489/489 488/488/488 498/498/498 
f 498/498/498 499/499/499 489/489/489 
f 490/490/490 489/489/489 499/499/499 
f 499/499/499 500/500/500 490/490/490 
f 491/491/491 490/490/490 500/500/500 
f 500/500/500 501/501/501 491/491/491 
f 492/492/492 491/491/491 501/501/501 
f 501/501/501 502/502/502 492/492/492 
f 493/493/493 492/492/492 502/502/502 
f 502/502/502 503/503/503 493/493/493 
f 494/494/494 493/493/493 503/503/503 
f 503/503/503 504/504/504 494/494/494 
f 495/495/495 494/494/494 504/504/504 
f 504/504/504 505/505/505 495/495/495 
f 496/496/496 495/495/495 505/505/505 
f 505/505/505 506/506/506 496/496/496 
f 497/497/497 496/496/496 506/506/506 
f 506/506/506 507/507/507 497/497/497 
f 499/499/499 498/498/498 508/508/508 
f 508/508/508 509/509/509 499/499/499 
f 500/500/500 499/499/499 509/509/509 
f 509/509/509 510/510/510 500/500/500 
f 501/501/501 500/500/500 510/510/510 
f 510/510/510 511/511/511 501/501/501 
f 502/502/502 501/501/501 511/511/511 
f 511/511/511 512/512/512 502/502/502 
f 503/503/503 502/502/502 512/512/512 
f 512/512/512 513/513/513 503/503/503 
f 504/504/504 503/503/503 513/513/513 
f 513/513/513 514/514/514 504/504/504 
f 505/505/505 504/504/504 514/514/514 
f 514/514/514 515/515/515 505/505/505 
f 506/506/506 505/505/505 515/515/515 
f 515/515/515 516/516/516 506/506/506 
f 507/507/507 506/506/506 516/516/516 
f 516/516/516 517/517/517 507/507/507 

g Handle1

v -143.19 5.20691 -233.359 
v -143.116 5.25282 -233.326 
v -143.08 5.12813 -233.323 
v -143.19 5.07533 -233.374 
v -143.046 5.31742 -233.279 
v -143.008 5.17918 -233.276 
v -142.991 5.10913 -233.276 
v -143.067 5.05426 -233.325 
v -142.937 5.22616 -233.231 
v -142.985 5.32873 -233.244 
v -142.927 5.34373 -233.21 
v -142.876 5.27844 -233.19 
v -142.845 5.23526 -233.179 
v -142.916 5.16833 -233.227 
v -143.121 5.02692 -233.359 
v -142.982 5.05302 -233.279 
v -142.96 5.01878 -233.271 
v -143.036 4.9538 -233.322 
v -143.068 4.98811 -233.335 
v -142.806 5.17646 -233.165 
v -142.865 5.10314 -233.207 
v -142.886 5.13632 -233.215 
v -142.829 5.21091 -233.173 
v -142.881 5.08783 -233.218 
v -142.949 5.03137 -233.263 
v -142.966 5.06605 -233.268 
v -142.9 5.12251 -233.224 
v -143.034 5.3963 -233.262 
v -143.072 5.4344 -233.278 
v -143.039 5.43791 -233.259 
v -142.984 5.39689 -233.234 
v -143.084 5.39297 -233.29 
v -143.11 5.43484 -233.299 
v -143.096 5.47385 -233.286 
v -143.178 5.52908 -233.324 
v -143.19 5.20691 -233.359 
v -143.19 5.07533 -233.374 
v -143.299 5.12813 -233.323 
v -143.263 5.25282 -233.326 
v -143.372 5.17918 -233.276 
v -143.333 5.31742 -233.279 
v -143.388 5.10913 -233.276 
v -143.312 5.05426 -233.325 
v -143.443 5.22616 -233.231 
v -143.503 5.27844 -233.19 
v -143.452 5.34373 -233.21 
v -143.395 5.32873 -233.244 
v -143.464 5.16833 -233.227 
v -143.534 5.23526 -233.179 
v -143.258 5.02692 -233.359 
v -143.397 5.05302 -233.279 
v -143.312 4.98811 -233.335 
v -143.343 4.9538 -233.322 
v -143.419 5.01878 -233.271 
v -143.493 5.13632 -233.215 
v -143.514 5.10314 -233.207 
v -143.573 5.17646 -233.165 
v -143.55 5.21091 -233.173 
v -143.413 5.06605 -233.268 
v -143.431 5.03137 -233.263 
v -143.498 5.08783 -233.218 
v -143.48 5.12251 -233.224 
v -143.346 5.3963 -233.262 
v -143.396 5.39689 -233.234 
v -143.34 5.43791 -233.259 
v -143.308 5.4344 -233.278 
v -143.295 5.39297 -233.29 
v -143.27 5.43484 -233.299 
v -143.283 5.47385 -233.286 
v -143.201 5.52908 -233.324 
v -143.19 5.20691 -233.33 
v -143.116 5.25282 -233.298 
v -143.046 5.31742 -233.251 
v -142.927 5.34373 -233.182 
v -142.876 5.27844 -233.162 
v -142.845 5.23526 -233.151 
v -143.121 5.02692 -233.331 
v -143.19 5.07533 -233.346 
v -142.982 5.05302 -233.251 
v -142.96 5.01878 -233.243 
v -143.036 4.9538 -233.293 
v -143.068 4.98811 -233.306 
v -142.829 5.21091 -233.145 
v -142.806 5.17646 -233.137 
v -142.865 5.10314 -233.179 
v -142.886 5.13632 -233.186 
v -142.9 5.12251 -233.196 
v -142.881 5.08783 -233.19 
v -142.949 5.03137 -233.235 
v -142.966 5.06605 -233.24 
v -143.039 5.43791 -233.231 
v -142.984 5.39689 -233.206 
v -143.084 5.39297 -233.262 
v -143.11 5.43484 -233.27 
v -143.178 5.52908 -233.296 
v -143.096 5.47385 -233.258 
v -143.263 5.25282 -233.298 
v -143.19 5.20691 -233.33 
v -143.333 5.31742 -233.251 
v -143.503 5.27844 -233.162 
v -143.452 5.34373 -233.182 
v -143.534 5.23526 -233.151 
v -143.19 5.07533 -233.346 
v -143.258 5.02692 -233.331 
v -143.312 4.98811 -233.306 
v -143.343 4.9538 -233.293 
v -143.419 5.01878 -233.243 
v -143.397 5.05302 -233.251 
v -143.493 5.13632 -233.186 
v -143.514 5.10314 -233.179 
v -143.573 5.17646 -233.137 
v -143.55 5.21091 -233.145 
v -143.413 5.06605 -233.24 
v -143.431 5.03137 -233.235 
v -143.498 5.08783 -233.19 
v -143.48 5.12251 -233.196 
v -143.396 5.39689 -233.206 
v -143.34 5.43791 -233.231 
v -143.27 5.43484 -233.27 
v -143.295 5.39297 -233.262 
v -143.283 5.47385 -233.258 
v -143.201 5.52908 -233.296 
v -143.19 5.53193 -233.32 
v -143.128 5.38475 -233.315 
v -143.19 5.40098 -233.336 
v -143.094 5.31775 -233.306 
v -143.19 5.31642 -233.346 
v -143.19 5.22965 -233.356 
v -143.252 5.38475 -233.315 
v -143.285 5.31775 -233.306 
v -143.19 5.53193 -233.292 
v -143.128 5.38475 -233.287 
v -143.094 5.31775 -233.277 
v -143.19 5.22966 -233.328 
v -143.252 5.38475 -233.287 
v -143.285 5.31775 -233.277 
v -142.81 4.4118 -232.001 
v -142.99 4.39632 -231.91 
v -143.001 4.42497 -232.078 
v -142.83 4.43541 -232.139 
v -142.667 4.44055 -232.169 
v -142.694 4.45498 -232.253 
v -142.575 4.48623 -232.435 
v -142.608 4.48806 -232.446 
v -142.562 4.5199 -232.632 
v -142.597 4.51993 -232.632 
v -143.09 4.39463 -231.88 
v -143.095 4.42414 -232.052 
v -143.007 4.63398 -232.12 
v -142.996 4.64428 -231.965 
v -142.822 4.63886 -232.049 
v -142.842 4.63032 -232.177 
v -142.684 4.62873 -232.205 
v -142.711 4.62342 -232.283 
v -142.595 4.61265 -232.453 
v -142.627 4.6118 -232.463 
v -142.583 4.6008 -232.635 
v -142.616 4.60059 -232.636 
v -143.098 4.63572 -232.094 
v -143.093 4.64522 -231.95 
v -142.83 4.43541 -232.139 
v -143.001 4.42497 -232.078 
v -143.007 4.63398 -232.12 
v -142.842 4.63032 -232.177 
v -142.996 4.64428 -231.965 
v -142.99 4.39632 -231.91 
v -142.81 4.4118 -232.001 
v -142.822 4.63886 -232.049 
v -142.694 4.45498 -232.253 
v -142.711 4.62342 -232.283 
v -142.667 4.44055 -232.169 
v -142.684 4.62873 -232.205 
v -142.608 4.48806 -232.446 
v -142.627 4.6118 -232.463 
v -142.575 4.48623 -232.435 
v -142.595 4.61265 -232.453 
v -142.597 4.51993 -232.632 
v -142.616 4.60059 -232.636 
v -142.562 4.5199 -232.632 
v -142.583 4.6008 -232.635 
v -143.095 4.42414 -232.052 
v -143.098 4.63572 -232.094 
v -143.093 4.64522 -231.95 
v -143.09 4.39463 -231.88 
v -142.604 4.59203 -232.771 
v -142.636 4.59232 -232.763 
v -142.636 4.59232 -232.763 
v -142.617 4.54218 -232.762 
v -142.584 4.54351 -232.77 
v -142.604 4.59203 -232.771 
v -142.617 4.54218 -232.762 
v -142.584 4.54351 -232.77 
v -142.636 4.59232 -232.763 
v -142.604 4.59203 -232.771 
v -143.29 4.39463 -231.88 
v -143.284 4.42414 -232.052 
v -143.19 4.42446 -232.047 
v -143.19 4.39494 -231.875 
v -143.379 4.42497 -232.078 
v -143.39 4.39632 -231.91 
v -143.57 4.4118 -232.001 
v -143.55 4.43541 -232.139 
v -143.713 4.44055 -232.169 
v -143.685 4.45498 -232.253 
v -143.805 4.48623 -232.435 
v -143.772 4.48806 -232.446 
v -143.817 4.5199 -232.632 
v -143.783 4.51993 -232.632 
v -143.19 4.63603 -232.089 
v -143.281 4.63572 -232.094 
v -143.286 4.64522 -231.95 
v -143.19 4.64553 -231.945 
v -143.557 4.63886 -232.049 
v -143.383 4.64428 -231.965 
v -143.373 4.63398 -232.12 
v -143.538 4.63032 -232.177 
v -143.696 4.62873 -232.205 
v -143.669 4.62342 -232.283 
v -143.784 4.61265 -232.453 
v -143.753 4.6118 -232.463 
v -143.797 4.6008 -232.635 
v -143.763 4.60059 -232.636 
v -143.284 4.42414 -232.052 
v -143.281 4.63572 -232.094 
v -143.19 4.63603 -232.089 
v -143.19 4.42446 -232.047 
v -143.19 4.64553 -231.945 
v -143.286 4.64522 -231.95 
v -143.29 4.39463 -231.88 
v -143.19 4.39494 -231.875 
v -143.373 4.63398 -232.12 
v -143.379 4.42497 -232.078 
v -143.55 4.43541 -232.139 
v -143.538 4.63032 -232.177 
v -143.383 4.64428 -231.965 
v -143.557 4.63886 -232.049 
v -143.57 4.4118 -232.001 
v -143.39 4.39632 -231.91 
v -143.685 4.45498 -232.253 
v -143.669 4.62342 -232.283 
v -143.696 4.62873 -232.205 
v -143.713 4.44055 -232.169 
v -143.772 4.48806 -232.446 
v -143.753 4.6118 -232.463 
v -143.784 4.61265 -232.453 
v -143.805 4.48623 -232.435 
v -143.783 4.51993 -232.632 
v -143.763 4.60059 -232.636 
v -143.797 4.6008 -232.635 
v -143.817 4.5199 -232.632 
v -143.743 4.59232 -232.763 
v -143.776 4.59203 -232.771 
v -143.762 4.54218 -232.762 
v -143.743 4.59232 -232.763 
v -143.776 4.59203 -232.771 
v -143.796 4.54351 -232.77 
v -143.796 4.54351 -232.77 
v -143.762 4.54218 -232.762 
v -143.776 4.59203 -232.771 
v -143.743 4.59232 -232.763 
v -142.81 4.21251 -232.041 
v -142.99 4.17696 -231.957 
v -143.001 4.24278 -232.113 
v -142.83 4.26678 -232.17 
v -142.667 4.27854 -232.198 
v -142.694 4.31175 -232.277 
v -142.575 4.38352 -232.448 
v -142.608 4.38772 -232.458 
v -142.562 4.46085 -232.631 
v -142.597 4.46094 -232.632 
v -143.09 4.17227 -231.918 
v -143.095 4.24009 -232.079 
v -143.29 4.17227 -231.918 
v -143.284 4.24009 -232.079 
v -143.19 4.2406 -232.071 
v -143.19 4.17278 -231.91 
v -143.007 4.45601 -232.107 
v -142.996 4.4308 -231.953 
v -142.822 4.44455 -232.036 
v -142.842 4.46529 -232.163 
v -142.684 4.47004 -232.191 
v -142.711 4.48265 -232.268 
v -142.595 4.51058 -232.436 
v -142.627 4.51201 -232.446 
v -142.583 4.54046 -232.617 
v -142.616 4.5403 -232.617 
v -143.098 4.45442 -232.098 
v -143.093 4.42844 -231.939 
v -143.19 4.45492 -232.089 
v -143.281 4.45442 -232.098 
v -143.286 4.42844 -231.939 
v -143.19 4.42894 -231.931 
v -142.83 4.26678 -232.17 
v -143.001 4.24278 -232.113 
v -143.007 4.45601 -232.107 
v -142.842 4.46529 -232.163 
v -142.996 4.4308 -231.953 
v -142.99 4.17696 -231.957 
v -142.81 4.21251 -232.041 
v -142.822 4.44455 -232.036 
v -142.694 4.31175 -232.277 
v -142.711 4.48265 -232.268 
v -142.667 4.27854 -232.198 
v -142.684 4.47004 -232.191 
v -142.608 4.38772 -232.458 
v -142.627 4.51201 -232.446 
v -142.575 4.38352 -232.448 
v -142.595 4.51058 -232.436 
v -142.597 4.46094 -232.632 
v -142.616 4.5403 -232.617 
v -142.562 4.46085 -232.631 
v -142.583 4.54046 -232.617 
v -143.095 4.24009 -232.079 
v -143.098 4.45442 -232.098 
v -143.093 4.42844 -231.939 
v -143.09 4.17227 -231.918 
v -143.284 4.24009 -232.079 
v -143.281 4.45442 -232.098 
v -143.19 4.45492 -232.089 
v -143.19 4.2406 -232.071 
v -143.19 4.42894 -231.931 
v -143.286 4.42844 -231.939 
v -143.29 4.17227 -231.918 
v -143.19 4.17278 -231.91 
v -142.604 4.56257 -232.75 
v -142.636 4.56114 -232.743 
v -142.636 4.56114 -232.743 
v -142.617 4.51206 -232.753 
v -142.584 4.51509 -232.76 
v -142.604 4.56257 -232.75 
v -142.617 4.51206 -232.753 
v -142.584 4.51509 -232.76 
v -142.636 4.56114 -232.743 
v -142.604 4.56257 -232.75 
v -143.379 4.24278 -232.113 
v -143.39 4.17696 -231.957 
v -143.57 4.21251 -232.041 
v -143.55 4.26678 -232.17 
v -143.713 4.27854 -232.198 
v -143.685 4.31175 -232.277 
v -143.805 4.38352 -232.448 
v -143.772 4.38772 -232.458 
v -143.817 4.46085 -232.631 
v -143.783 4.46094 -232.632 
v -143.557 4.44455 -232.036 
v -143.383 4.4308 -231.953 
v -143.373 4.45601 -232.107 
v -143.538 4.46529 -232.163 
v -143.696 4.47004 -232.191 
v -143.669 4.48265 -232.268 
v -143.784 4.51058 -232.436 
v -143.753 4.51201 -232.446 
v -143.797 4.54046 -232.617 
v -143.763 4.5403 -232.617 
v -143.373 4.45601 -232.107 
v -143.379 4.24278 -232.113 
v -143.55 4.26678 -232.17 
v -143.538 4.46529 -232.163 
v -143.383 4.4308 -231.953 
v -143.557 4.44455 -232.036 
v -143.57 4.21251 -232.041 
v -143.39 4.17696 -231.957 
v -143.685 4.31175 -232.277 
v -143.669 4.48265 -232.268 
v -143.696 4.47004 -232.191 
v -143.713 4.27854 -232.198 
v -143.772 4.38772 -232.458 
v -143.753 4.51201 -232.446 
v -143.784 4.51058 -232.436 
v -143.805 4.38352 -232.448 
v -143.783 4.46094 -232.632 
v -143.763 4.5403 -232.617 
v -143.797 4.54046 -232.617 
v -143.817 4.46085 -232.631 
v -143.743 4.56114 -232.743 
v -143.776 4.56257 -232.75 
v -143.762 4.51206 -232.753 
v -143.743 4.56114 -232.743 
v -143.776 4.56257 -232.75 
v -143.796 4.51509 -232.76 
v -143.796 4.51509 -232.76 
v -143.762 4.51206 -232.753 
v -143.776 4.56257 -232.75 
v -143.743 4.56114 -232.743 
v -143.055 5.46835 -232.731 
v -143.136 5.72834 -232.765 
v -143.134 5.72842 -232.599 
v -143.055 5.48826 -232.599 
v -143.056 5.42036 -232.864 
v -143.137 5.72839 -232.924 
v -143.064 5.3403 -232.987 
v -143.138 5.72845 -233.072 
v -143.142 5.72851 -233.211 
v -143.074 5.23524 -233.089 
v -143.104 4.99284 -233.183 
v -143.154 5.03108 -233.233 
v -143.136 5.69846 -232.423 
v -143.055 5.46835 -232.466 
v -143.139 5.64495 -232.255 
v -143.056 5.42036 -232.333 
v -143.143 5.53406 -232.117 
v -143.064 5.3403 -232.211 
v -143.149 5.36212 -232.002 
v -143.074 5.23524 -232.108 
v -143.154 5.17082 -231.953 
v -143.106 5.14723 -232.069 
v -143.19 5.72834 -232.765 
v -143.19 5.72842 -232.599 
v -143.134 5.72842 -232.599 
v -143.136 5.72834 -232.765 
v -143.19 5.72845 -233.072 
v -143.19 5.72839 -232.924 
v -143.137 5.72839 -232.924 
v -143.138 5.72845 -233.072 
v -143.19 5.03108 -233.233 
v -143.19 5.72851 -233.211 
v -143.142 5.72851 -233.211 
v -143.154 5.03108 -233.233 
v -143.19 5.69846 -232.423 
v -143.136 5.69846 -232.423 
v -143.19 5.64495 -232.255 
v -143.19 5.53406 -232.117 
v -143.143 5.53406 -232.117 
v -143.139 5.64495 -232.255 
v -143.19 5.36212 -232.002 
v -143.19 5.17082 -231.953 
v -143.154 5.17082 -231.953 
v -143.149 5.36212 -232.002 
v -143.245 5.72842 -232.599 
v -143.244 5.72834 -232.765 
v -143.324 5.46835 -232.731 
v -143.325 5.48826 -232.599 
v -143.323 5.42036 -232.864 
v -143.243 5.72839 -232.924 
v -143.242 5.72845 -233.072 
v -143.316 5.3403 -232.987 
v -143.237 5.72851 -233.211 
v -143.306 5.23524 -233.089 
v -143.225 5.03108 -233.233 
v -143.275 4.99284 -233.183 
v -143.324 5.46835 -232.466 
v -143.244 5.69846 -232.423 
v -143.24 5.64495 -232.255 
v -143.323 5.42036 -232.333 
v -143.316 5.3403 -232.211 
v -143.237 5.53406 -232.117 
v -143.23 5.36212 -232.002 
v -143.306 5.23524 -232.108 
v -143.273 5.14723 -232.069 
v -143.225 5.17082 -231.953 
v -143.245 5.72842 -232.599 
v -143.244 5.72834 -232.765 
v -143.243 5.72839 -232.924 
v -143.242 5.72845 -233.072 
v -143.237 5.72851 -233.211 
v -143.225 5.03108 -233.233 
v -143.244 5.69846 -232.423 
v -143.237 5.53406 -232.117 
v -143.24 5.64495 -232.255 
v -143.225 5.17082 -231.953 
v -143.23 5.36212 -232.002 
v -142.593 5.11027 -232.381 
v -142.639 5.26709 -232.435 
v -142.721 5.26709 -232.26 
v -142.682 5.11027 -232.206 
v -142.849 5.26709 -232.122 
v -142.821 5.11027 -232.067 
v -143.01 5.2671 -232.033 
v -142.995 5.11028 -231.978 
v -143.109 5.26847 -232.008 
v -143.102 5.11025 -231.954 
v -142.593 5.11027 -232.878 
v -142.727 5.15815 -233.083 
v -142.744 5.26173 -233.029 
v -142.639 5.26709 -232.853 
v -142.61 5.26709 -232.674 
v -142.562 5.11027 -232.664 
v -143.19 5.26852 -232.002 
v -143.19 5.1103 -231.937 
v -142.835 5.28367 -233.143 
v -143.786 5.11027 -232.381 
v -143.697 5.11027 -232.206 
v -143.658 5.26709 -232.26 
v -143.741 5.26709 -232.435 
v -143.558 5.11027 -232.067 
v -143.53 5.26709 -232.122 
v -143.385 5.11028 -231.978 
v -143.37 5.2671 -232.033 
v -143.278 5.11025 -231.954 
v -143.271 5.26847 -232.008 
v -143.786 5.11027 -232.878 
v -143.741 5.26709 -232.853 
v -143.635 5.26173 -233.029 
v -143.652 5.15815 -233.083 
v -143.817 5.11027 -232.664 
v -143.769 5.26709 -232.674 
v -143.19 5.1103 -231.937 
v -143.19 5.26852 -232.002 
v -143.544 5.28367 -233.143 
v -143.591 5.36531 -233.002 
v -143.661 5.36531 -232.858 
v -143.5 5.46352 -232.897 
v -143.454 5.46352 -233.032 
v -143.439 5.38879 -233.202 
v -143.356 5.47526 -233.18 
v -143.36 5.4551 -233.233 
v -142.94 5.38879 -233.202 
v -143.023 5.47526 -233.18 
v -142.926 5.46352 -233.032 
v -142.788 5.36531 -233.002 
v -142.879 5.46352 -232.897 
v -142.718 5.36531 -232.858 
v -142.863 5.46352 -232.77 
v -142.694 5.36531 -232.712 
v -142.879 5.46352 -232.606 
v -142.718 5.36531 -232.518 
v -142.926 5.46352 -232.43 
v -142.788 5.36531 -232.343 
v -142.998 5.46352 -232.319 
v -142.898 5.36531 -232.205 
v -143.088 5.46353 -232.226 
v -143.036 5.36532 -232.116 
v -143.12 5.36807 -232.091 
v -143.144 5.46628 -232.201 
v -143.19 5.46633 -232.194 
v -143.19 5.36812 -232.085 
v -143.19 5.36812 -232.085 
v -143.19 5.46633 -232.194 
v -143.235 5.46628 -232.201 
v -143.259 5.36807 -232.091 
v -143.291 5.46353 -232.226 
v -143.344 5.36532 -232.116 
v -143.481 5.36531 -232.205 
v -143.382 5.46352 -232.319 
v -143.591 5.36531 -232.343 
v -143.454 5.46352 -232.43 
v -143.661 5.36531 -232.518 
v -143.5 5.46352 -232.606 
v -143.686 5.36531 -232.712 
v -143.516 5.46352 -232.77 
v -143.098 5.50693 -233.267 
v -143.19 5.56314 -233.3 
v -143.19 5.56173 -233.159 
v -143.19 5.56173 -233.062 
v -143.19 5.56173 -232.947 
v -143.19 5.56173 -232.85 
v -143.19 5.56173 -232.729 
v -143.19 5.55253 -232.554 
v -143.19 5.5378 -232.412 
v -143.19 5.52641 -232.342 
v -143.19 5.51239 -232.301 
v -143.19 5.51239 -232.301 
v -143.19 5.52641 -232.342 
v -143.19 5.5378 -232.412 
v -143.19 5.55253 -232.554 
v -143.19 5.56173 -232.729 
v -143.19 5.56173 -232.85 
v -143.19 5.56173 -232.947 
v -143.19 5.56173 -233.062 
v -143.19 5.56173 -233.159 
v -143.281 5.50693 -233.267 
v -143.19 5.56314 -233.3 
v -143.019 5.4551 -233.233 
v -142.584 4.75026 -232.918 
v -142.583 4.89638 -232.897 
v -142.535 4.81122 -232.668 
v -142.535 4.71526 -232.683 
v -142.709 4.77696 -233.102 
v -142.726 4.96278 -233.103 
v -143.844 4.81122 -232.668 
v -143.796 4.89638 -232.897 
v -143.796 4.75026 -232.918 
v -143.845 4.71526 -232.683 
v -143.653 4.96278 -233.103 
v -143.67 4.77696 -233.102 
v -143.844 4.90718 -232.652 
v -143.794 4.99315 -232.887 
v -143.652 5.15815 -233.083 
v -143.544 5.28367 -233.143 
v -143.439 5.38879 -233.202 
v -143.44 5.17646 -233.227 
v -143.36 5.4551 -233.233 
v -143.362 5.11074 -233.277 
v -143.19 5.56314 -233.3 
v -143.19 4.97858 -233.371 
v -143.284 5.04501 -233.327 
v -143.281 5.50693 -233.267 
v -143.096 5.04585 -233.327 
v -143.19 4.97858 -233.371 
v -143.19 5.56314 -233.3 
v -143.098 5.50693 -233.267 
v -143.018 5.11161 -233.277 
v -143.019 5.4551 -233.233 
v -142.727 5.15815 -233.083 
v -142.832 4.95018 -233.179 
v -142.835 5.28367 -233.143 
v -142.585 4.99315 -232.887 
v -142.535 4.90718 -232.652 
v -143.547 4.95018 -233.179 
v -142.939 5.17737 -233.227 
v -142.94 5.38879 -233.202 
v -142.939 4.94268 -233.255 
v -143.017 4.9406 -233.298 
v -143.096 4.93852 -233.34 
v -143.362 4.9406 -233.298 
v -143.441 4.94268 -233.255 
v -143.19 4.93812 -233.376 
v -143.19 4.93812 -233.376 
v -143.284 4.93852 -233.34 
v -142.709 4.77696 -233.102 
v -142.731 4.76311 -233.054 
v -142.747 4.94033 -233.054 
v -142.726 4.96278 -233.103 
v -143.67 4.77696 -233.102 
v -143.653 4.96278 -233.103 
v -143.632 4.94033 -233.054 
v -143.649 4.76311 -233.054 
v -143.547 4.95018 -233.179 
v -143.547 4.92773 -233.108 
v -143.441 4.94268 -233.255 
v -143.362 4.9406 -233.298 
v -143.362 4.91814 -233.227 
v -143.441 4.92022 -233.184 
v -143.284 4.93852 -233.34 
v -143.19 4.93812 -233.376 
v -143.19 4.91567 -233.305 
v -143.284 4.91606 -233.269 
v -143.096 4.93852 -233.34 
v -143.096 4.91606 -233.269 
v -143.017 4.9406 -233.298 
v -143.017 4.91814 -233.227 
v -142.832 4.95018 -233.179 
v -142.832 4.92773 -233.108 
v -142.939 4.92022 -233.184 
v -142.939 4.94268 -233.255 
v -143.632 4.94033 -233.054 
v -143.547 4.92773 -233.108 
v -143.56 4.7631 -233.109 
v -143.649 4.76311 -233.054 
v -143.441 4.92022 -233.184 
v -143.362 4.91814 -233.227 
v -143.369 4.7631 -233.227 
v -143.45 4.7631 -233.185 
v -143.284 4.91606 -233.269 
v -143.19 4.91567 -233.305 
v -143.19 4.7631 -233.306 
v -143.287 4.7631 -233.27 
v -143.096 4.91606 -233.269 
v -143.092 4.7631 -233.27 
v -143.017 4.91814 -233.227 
v -143.011 4.7631 -233.227 
v -142.832 4.92773 -233.108 
v -142.819 4.7631 -233.109 
v -142.93 4.7631 -233.185 
v -142.939 4.92022 -233.184 
v -142.747 4.94033 -233.054 
v -142.731 4.76311 -233.054 
v -142.584 4.90715 -232.374 
v -142.593 5.11027 -232.381 
v -142.682 5.11027 -232.206 
v -142.674 4.90715 -232.193 
v -142.821 5.11027 -232.067 
v -142.815 4.90715 -232.05 
v -142.995 5.11028 -231.978 
v -142.992 4.90715 -231.958 
v -143.102 5.11025 -231.954 
v -143.103 4.90718 -231.926 
v -142.585 4.99315 -232.887 
v -142.727 5.15815 -233.083 
v -142.593 5.11027 -232.878 
v -142.562 5.11027 -232.664 
v -142.535 4.90718 -232.652 
v -143.19 5.1103 -231.937 
v -143.19 4.90721 -231.902 
v -142.674 4.81632 -232.19 
v -142.584 4.81272 -232.37 
v -142.815 4.81919 -232.046 
v -142.992 4.82103 -231.95 
v -143.103 4.82159 -231.915 
v -142.535 4.81122 -232.668 
v -143.19 4.82173 -231.885 
v -142.584 4.71828 -232.367 
v -142.566 4.54302 -232.338 
v -142.526 4.55377 -232.67 
v -142.535 4.71526 -232.683 
v -142.674 4.72549 -232.186 
v -142.659 4.53332 -232.151 
v -142.815 4.73122 -232.043 
v -142.804 4.52562 -232.002 
v -142.992 4.7349 -231.941 
v -142.986 4.5207 -231.907 
v -143.103 4.73599 -231.899 
v -143.101 4.51931 -231.863 
v -143.19 4.73624 -231.866 
v -143.19 4.51902 -231.82 
v -143.795 4.90715 -232.374 
v -143.705 4.90715 -232.193 
v -143.697 5.11027 -232.206 
v -143.786 5.11027 -232.381 
v -143.564 4.90715 -232.05 
v -143.558 5.11027 -232.067 
v -143.387 4.90715 -231.958 
v -143.385 5.11028 -231.978 
v -143.276 4.90718 -231.926 
v -143.278 5.11025 -231.954 
v -143.652 5.15815 -233.083 
v -143.794 4.99315 -232.887 
v -143.786 5.11027 -232.878 
v -143.844 4.90718 -232.652 
v -143.817 5.11027 -232.664 
v -143.19 4.90721 -231.902 
v -143.19 5.1103 -231.937 
v -143.795 4.81272 -232.37 
v -143.705 4.81632 -232.19 
v -143.564 4.81919 -232.046 
v -143.387 4.82103 -231.95 
v -143.276 4.82159 -231.915 
v -143.844 4.81122 -232.668 
v -143.19 4.82173 -231.885 
v -143.795 4.71828 -232.367 
v -143.845 4.71526 -232.683 
v -143.853 4.55377 -232.67 
v -143.814 4.54302 -232.338 
v -143.705 4.72549 -232.186 
v -143.72 4.53332 -232.151 
v -143.564 4.73122 -232.043 
v -143.575 4.52562 -232.002 
v -143.387 4.7349 -231.941 
v -143.393 4.5207 -231.907 
v -143.276 4.73599 -231.899 
v -143.279 4.51931 -231.863 
v -143.19 4.73624 -231.866 
v -143.19 4.51902 -231.82 
v -143.085 4.27149 -233.328 
v -143.088 4.03626 -233.285 
v -143.19 4.0153 -233.31 
v -143.19 4.39663 -233.383 
v -142.941 4.08036 -233.24 
v -142.737 4.41431 -233.12 
v -142.601 4.44434 -232.916 
v -142.615 4.29696 -232.909 
v -142.75 4.15847 -233.099 
v -142.526 4.48935 -232.664 
v -142.597 4.52643 -232.92 
v -142.851 4.12228 -233.154 
v -142.952 4.0861 -233.21 
v -142.939 4.40365 -233.253 
v -142.886 4.40632 -233.22 
v -143.285 4.40118 -233.32 
v -143.19 4.40251 -233.352 
v -143.284 4.27711 -233.298 
v -143.428 4.0861 -233.21 
v -143.44 4.40365 -233.253 
v -143.764 4.29696 -232.909 
v -143.778 4.44434 -232.916 
v -143.643 4.41431 -233.12 
v -143.629 4.15847 -233.099 
v -143.853 4.48935 -232.664 
v -143.783 4.52643 -232.92 
v -143.493 4.40632 -233.22 
v -143.528 4.12228 -233.154 
v -143.853 4.55377 -232.67 
v -143.845 4.71526 -232.683 
v -143.796 4.75026 -232.918 
v -143.653 4.55681 -233.132 
v -143.67 4.77696 -233.102 
v -143.457 4.80942 -233.308 
v -143.448 4.58053 -233.277 
v -143.288 4.59488 -233.356 
v -143.29 4.82224 -233.398 
v -143.19 4.82841 -233.434 
v -143.19 4.60139 -233.39 
v -143.089 4.82224 -233.398 
v -143.092 4.59488 -233.356 
v -143.19 4.60139 -233.39 
v -143.19 4.82841 -233.434 
v -142.923 4.80942 -233.308 
v -142.932 4.58053 -233.277 
v -142.709 4.77696 -233.102 
v -142.727 4.55681 -233.132 
v -142.584 4.75026 -232.918 
v -142.526 4.55377 -232.67 
v -143.094 4.40118 -233.32 
v -143.096 4.27731 -233.298 
v -143.19 4.40251 -233.352 
v -143.294 4.2713 -233.328 
v -143.291 4.03626 -233.285 
v -143.439 4.08036 -233.24 
v -143.19 4.02118 -233.279 
v -143.099 4.04207 -233.254 
v -143.19 4.40251 -233.352 
v -143.096 4.27731 -233.298 
v -142.952 4.0861 -233.21 
v -142.952 4.0861 -233.21 
v -143.19 4.40251 -233.352 
v -143.284 4.27711 -233.298 
v -143.281 4.04207 -233.254 
v -143.428 4.0861 -233.21 
v -143.428 4.0861 -233.21 
v -143.448 4.58053 -233.277 
v -143.288 4.59488 -233.356 
v -143.262 4.57388 -233.291 
v -143.417 4.56111 -233.216 
v -143.19 4.60139 -233.39 
v -143.19 4.57862 -233.324 
v -143.092 4.59488 -233.356 
v -143.117 4.57388 -233.291 
v -143.19 4.57862 -233.324 
v -143.19 4.60139 -233.39 
v -142.932 4.58053 -233.277 
v -142.962 4.56111 -233.216 
v -143.44 4.40365 -233.253 
v -143.455 4.41564 -233.16 
v -143.26 4.41266 -233.255 
v -143.285 4.40118 -233.32 
v -143.19 4.41309 -233.286 
v -143.19 4.40251 -233.352 
v -143.094 4.40118 -233.32 
v -143.119 4.41266 -233.255 
v -142.939 4.40365 -233.253 
v -142.925 4.41564 -233.16 
v -142.886 4.40632 -233.22 
v -143.493 4.40632 -233.22 
v -142.962 4.56111 -233.216 
v -142.925 4.41564 -233.16 
v -143.119 4.41266 -233.255 
v -143.117 4.57388 -233.291 
v -143.19 4.41309 -233.286 
v -143.19 4.57862 -233.324 
v -143.26 4.41266 -233.255 
v -143.262 4.57388 -233.291 
v -143.417 4.56111 -233.216 
v -143.455 4.41564 -233.16 
v -143.189 4.48935 -232.664 
v -143.853 4.48935 -232.664 
v -143.764 4.29696 -232.909 
v -143.19 4.29696 -232.909 
v -143.629 4.15847 -233.099 
v -143.19 4.15847 -233.099 
v -143.528 4.12228 -233.154 
v -143.19 4.12228 -233.154 
v -143.428 4.0861 -233.21 
v -143.19 4.0861 -233.21 
v -143.281 4.04207 -233.254 
v -143.19 4.02118 -233.279 
v -143.099 4.04207 -233.254 
v -142.952 4.0861 -233.21 
v -142.851 4.12228 -233.154 
v -142.75 4.15847 -233.099 
v -142.615 4.29696 -232.909 
v -142.526 4.48935 -232.664 
v -143.189 4.55285 -232.669 
v -143.853 4.55377 -232.67 
v -142.526 4.55377 -232.67 
v -142.535 4.71526 -232.683 
v -142.923 4.80942 -233.308 
v -142.93 4.7631 -233.185 
v -142.819 4.7631 -233.109 
v -142.709 4.77696 -233.102 
v -143.089 4.82224 -233.398 
v -143.011 4.7631 -233.227 
v -143.19 4.82841 -233.434 
v -143.092 4.7631 -233.27 
v -143.19 4.7631 -233.306 
v -142.731 4.76311 -233.054 
v -143.287 4.7631 -233.27 
v -143.29 4.82224 -233.398 
v -143.649 4.76311 -233.054 
v -143.56 4.7631 -233.109 
v -143.67 4.77696 -233.102 
v -143.45 4.7631 -233.185 
v -143.457 4.80942 -233.308 
v -143.369 4.7631 -233.227 

vn 0 0.527559 -0.850394 
vn -0.0866142 0.685039 -0.724409 
vn 0.433071 0.11811 -0.889764 
vn 0 -0.377953 -0.92126 
vn -0.173228 0.299213 -0.937008 
vn 0.480315 0.11811 -0.866142 
vn 0.480315 0.11811 -0.866142 
vn 0.480315 0.11811 -0.866142 
vn 0.480315 0.11811 -0.866142 
vn 0.480315 0.11811 -0.866142 
vn 0.480315 0.11811 -0.866142 
vn 0.480315 0.11811 -0.866142 
vn 0.480315 0.11811 -0.866142 
vn 0.480315 0.11811 -0.866142 
vn -0.125984 -0.574803 -0.811024 
vn 0.480315 0.11811 -0.866142 
vn 0.480315 0.11811 -0.866142 
vn -0.275591 -0.551181 -0.787402 
vn -0.133858 -0.574803 -0.811024 
vn 0.480315 0.11811 -0.866142 
vn 0.480315 0.11811 -0.866142 
vn 0.480315 0.11811 -0.866142 
vn 0.480315 0.11811 -0.866142 
vn 0.480315 0.11811 -0.866142 
vn 0.480315 0.11811 -0.866142 
vn 0.480315 0.11811 -0.866142 
vn 0.480315 0.11811 -0.866142 
vn 0.480315 0.11811 -0.866142 
vn 0.480315 0.11811 -0.866142 
vn 0.480315 0.11811 -0.866142 
vn 0.480315 0.11811 -0.866142 
vn -0.370079 -0.354331 -0.858268 
vn -0.322835 -0.425197 -0.84252 
vn 0.480315 0.11811 -0.866142 
vn 0.480315 0.11811 -0.866142 
vn 0 0.527559 -0.850394 
vn 0 -0.377953 -0.92126 
vn -0.433071 0.11811 -0.889764 
vn 0.0866142 0.685039 -0.724409 
vn -0.480315 0.11811 -0.866142 
vn 0.173228 0.299213 -0.937008 
vn -0.480315 0.11811 -0.866142 
vn -0.480315 0.11811 -0.866142 
vn -0.480315 0.11811 -0.866142 
vn -0.755906 0.425197 -0.503937 
vn -0.724409 0.480315 -0.496063 
vn -0.480315 0.11811 -0.866142 
vn -0.480315 0.11811 -0.866142 
vn -0.76378 0.401575 -0.503937 
vn -0.417323 0.149606 -0.897638 
vn -0.480315 0.11811 -0.866142 
vn -0.480315 0.11811 -0.866142 
vn -0.480315 0.11811 -0.866142 
vn -0.480315 0.11811 -0.866142 
vn -0.480315 0.11811 -0.866142 
vn -0.480315 0.11811 -0.866142 
vn -0.771654 0.385827 -0.511811 
vn -0.76378 0.393701 -0.503937 
vn -0.480315 0.11811 -0.866142 
vn -0.480315 0.11811 -0.866142 
vn -0.480315 0.11811 -0.866142 
vn -0.480315 0.11811 -0.866142 
vn -0.480315 0.11811 -0.866142 
vn -0.669291 0.543307 -0.503937 
vn -0.629921 0.582677 -0.519685 
vn -0.480315 0.11811 -0.866142 
vn 0.370079 -0.354331 -0.858268 
vn 0.330709 -0.425197 -0.84252 
vn -0.622047 0.574803 -0.527559 
vn 0.527559 0.519685 -0.677165 
vn -0.527559 0.850394 0 
vn -0.622047 0.779528 0 
vn -1 0.0787402 0 
vn 0.748031 0.661417 0 
vn 0.80315 0.598425 0 
vn 0.826772 0.566929 0 
vn -0.582677 -0.811024 0 
vn 0 -1 0 
vn 0.834646 0.543307 0 
vn 0.834646 0.543307 0 
vn 0.645669 -0.76378 0 
vn -0.677165 -0.732283 0 
vn 0.834646 0.551181 0 
vn 0.834646 0.551181 0 
vn 0.779528 -0.629921 0 
vn -0.84252 -0.535433 0 
vn 0.88189 0.472441 0 
vn 0.88189 0.472441 0 
vn 0.645669 -0.76378 0 
vn -0.889764 -0.456693 0 
vn 0.566929 0.818898 0 
vn 0.653543 0.755906 0 
vn -0.874016 -0.480315 0 
vn -0.834646 -0.551181 0 
vn 0.559055 0.826772 0 
vn 0.543307 0.84252 0 
vn 0.622047 0.779528 0 
vn -0.527559 0.850394 0 
vn 1 0.0787402 0 
vn -0.80315 0.598425 0 
vn -0.748031 0.661417 0 
vn -0.826772 0.566929 0 
vn 0 -1 0 
vn 0.582677 -0.811024 0 
vn 0.677165 -0.732283 0 
vn 0.732283 -0.677165 0 
vn -0.653543 -0.76378 0 
vn -0.834646 0.543307 0 
vn 0.84252 -0.535433 0 
vn 0.84252 -0.535433 0 
vn -0.779528 -0.629921 0 
vn -0.834646 0.551181 0 
vn 0.889764 -0.456693 0 
vn 0.889764 -0.456693 0 
vn -0.645669 -0.76378 0 
vn -0.88189 0.472441 0 
vn -0.653543 0.755906 0 
vn -0.566929 0.818898 0 
vn 0.834646 -0.551181 0 
vn 0.874016 -0.480315 0 
vn -0.543307 0.84252 0 
vn 0.543307 0.84252 0 
vn 0 0.850394 -0.527559 
vn 0.354331 0.0944882 -0.929134 
vn 0 0.11811 -0.992126 
vn 0.385827 0.0787402 -0.92126 
vn 0 0.102362 -0.992126 
vn 0 0.11811 -0.992126 
vn -0.755906 0.299213 -0.582677 
vn -0.76378 0.314961 -0.566929 
vn 0 1 0 
vn 0.905512 0.417323 0 
vn 0.889764 0.448819 0 
vn 0.677165 -0.732283 0 
vn -0.905512 0.417323 0 
vn -0.889764 0.448819 0 
vn 0 -0.984252 -0.165354 
vn 0 -0.984252 -0.165354 
vn 0 -0.984252 -0.165354 
vn 0 -0.984252 -0.165354 
vn 0 -0.984252 -0.165354 
vn 0 -0.984252 -0.165354 
vn 0 -0.984252 -0.165354 
vn 0 -0.984252 -0.165354 
vn 0 -0.984252 -0.165354 
vn 0 -0.984252 -0.165354 
vn -0.0314961 -0.984252 -0.165354 
vn -0.0314961 -0.984252 -0.165354 
vn 0 1 -0.0629921 
vn 0 1 -0.0629921 
vn 0 1 -0.0629921 
vn 0 1 -0.0629921 
vn 0 1 -0.0629921 
vn 0 1 -0.0708661 
vn -0.00787402 1 -0.0629921 
vn -0.00787402 1 -0.0708661 
vn -0.00787402 1 -0.0629921 
vn -0.00787402 1 -0.0629921 
vn 0 1 -0.0629921 
vn 0 1 -0.0629921 
vn 0 -0.984252 -0.165354 
vn 0 -0.984252 -0.165354 
vn 0 1 -0.0629921 
vn 0 1 -0.0629921 
vn 0 1 -0.0629921 
vn 0 -0.984252 -0.165354 
vn 0 -0.984252 -0.165354 
vn 0 1 -0.0629921 
vn 0 -0.984252 -0.165354 
vn 0 1 -0.0708661 
vn 0 -0.984252 -0.165354 
vn 0 1 -0.0629921 
vn 0 -0.984252 -0.165354 
vn -0.00787402 1 -0.0708661 
vn 0 -0.984252 -0.165354 
vn -0.00787402 1 -0.0629921 
vn 0 -0.984252 -0.165354 
vn -0.00787402 1 -0.0629921 
vn 0 -0.984252 -0.165354 
vn -0.00787402 1 -0.0629921 
vn -0.0314961 -0.984252 -0.165354 
vn 0 1 -0.0629921 
vn 0 1 -0.0629921 
vn -0.0314961 -0.984252 -0.165354 
vn -0.00787402 1 -0.0629921 
vn -0.00787402 1 -0.0629921 
vn -0.00787402 1 -0.0629921 
vn -0.92126 -0.338583 0.165354 
vn 0.913386 0.370079 -0.165354 
vn -0.00787402 1 -0.0629921 
vn -0.92126 -0.338583 0.165354 
vn 0.913386 0.370079 -0.165354 
vn -0.00787402 1 -0.0629921 
vn -0.00787402 1 -0.0629921 
vn 0.015748 -0.984252 -0.165354 
vn 0.015748 -0.984252 -0.165354 
vn 0.015748 -0.984252 -0.165354 
vn 0.00787402 -0.984252 -0.165354 
vn 0 -0.984252 -0.165354 
vn 0 -0.984252 -0.165354 
vn 0 -0.984252 -0.165354 
vn 0 -0.984252 -0.165354 
vn 0 -0.984252 -0.165354 
vn 0 -0.984252 -0.165354 
vn 0 -0.984252 -0.165354 
vn 0 -0.984252 -0.165354 
vn 0 -0.984252 -0.165354 
vn 0 -0.984252 -0.165354 
vn 0 1 -0.0629921 
vn 0 1 -0.0629921 
vn 0 1 -0.0629921 
vn 0 1 -0.0629921 
vn 0 1 -0.0629921 
vn 0 1 -0.0629921 
vn 0 1 -0.0629921 
vn 0 1 -0.0629921 
vn 0 1 -0.0629921 
vn 0 1 -0.0708661 
vn 0 1 -0.0629921 
vn 0.00787402 1 -0.0708661 
vn 0.00787402 1 -0.0629921 
vn 0.00787402 1 -0.0629921 
vn 0.015748 -0.984252 -0.165354 
vn 0 1 -0.0629921 
vn 0 1 -0.0629921 
vn 0.015748 -0.984252 -0.165354 
vn 0 1 -0.0629921 
vn 0 1 -0.0629921 
vn 0.015748 -0.984252 -0.165354 
vn 0.00787402 -0.984252 -0.165354 
vn 0 1 -0.0629921 
vn 0 -0.984252 -0.165354 
vn 0 -0.984252 -0.165354 
vn 0 1 -0.0629921 
vn 0 1 -0.0629921 
vn 0 1 -0.0629921 
vn 0 -0.984252 -0.165354 
vn 0 -0.984252 -0.165354 
vn 0 -0.984252 -0.165354 
vn 0 1 -0.0708661 
vn 0 1 -0.0629921 
vn 0 -0.984252 -0.165354 
vn 0 -0.984252 -0.165354 
vn 0.00787402 1 -0.0708661 
vn 0 1 -0.0629921 
vn 0 -0.984252 -0.165354 
vn 0 -0.984252 -0.165354 
vn 0.00787402 1 -0.0629921 
vn 0.00787402 1 -0.0629921 
vn 0 -0.984252 -0.165354 
vn 0.00787402 1 -0.0629921 
vn 0.00787402 1 -0.0629921 
vn 0.968504 -0.228346 0.11811 
vn 0.00787402 1 -0.0629921 
vn 0.00787402 1 -0.0629921 
vn -0.913386 0.370079 -0.165354 
vn -0.913386 0.370079 -0.165354 
vn 0.968504 -0.228346 0.11811 
vn 0.00787402 1 -0.0629921 
vn 0.00787402 1 -0.0629921 
vn 0 -0.92126 -0.385827 
vn 0 -0.92126 -0.385827 
vn 0 -0.92126 -0.385827 
vn 0 -0.92126 -0.385827 
vn 0 -0.92126 -0.385827 
vn 0 -0.92126 -0.385827 
vn 0 -0.92126 -0.385827 
vn 0 -0.92126 -0.385827 
vn 0 -0.92126 -0.385827 
vn 0 -0.92126 -0.385827 
vn -0.102362 -0.92126 -0.385827 
vn -0.102362 -0.92126 -0.385827 
vn 0.0393701 -0.92126 -0.385827 
vn 0.0393701 -0.92126 -0.385827 
vn 0.0393701 -0.92126 -0.385827 
vn 0.0393701 -0.92126 -0.385827 
vn 0 0.984252 0.165354 
vn 0 0.984252 0.165354 
vn 0 0.984252 0.165354 
vn 0 0.984252 0.15748 
vn 0 0.984252 0.15748 
vn 0 0.984252 0.15748 
vn -0.00787402 0.984252 0.15748 
vn -0.00787402 0.984252 0.15748 
vn -0.00787402 0.984252 0.165354 
vn -0.00787402 0.984252 0.165354 
vn 0 0.984252 0.165354 
vn 0 0.984252 0.165354 
vn -0.023622 0.984252 0.15748 
vn -0.023622 0.984252 0.15748 
vn -0.023622 0.984252 0.15748 
vn -0.015748 0.984252 0.165354 
vn 0 -0.92126 -0.385827 
vn 0 -0.92126 -0.385827 
vn 0 0.984252 0.165354 
vn 0 0.984252 0.15748 
vn 0 0.984252 0.165354 
vn 0 -0.92126 -0.385827 
vn 0 -0.92126 -0.385827 
vn 0 0.984252 0.165354 
vn 0 -0.92126 -0.385827 
vn 0 0.984252 0.15748 
vn 0 -0.92126 -0.385827 
vn 0 0.984252 0.15748 
vn 0 -0.92126 -0.385827 
vn -0.00787402 0.984252 0.15748 
vn 0 -0.92126 -0.385827 
vn -0.00787402 0.984252 0.15748 
vn 0 -0.92126 -0.385827 
vn -0.00787402 0.984252 0.165354 
vn 0 -0.92126 -0.385827 
vn -0.00787402 0.984252 0.165354 
vn -0.102362 -0.92126 -0.385827 
vn 0 0.984252 0.165354 
vn 0 0.984252 0.165354 
vn -0.102362 -0.92126 -0.385827 
vn 0.0393701 -0.92126 -0.385827 
vn -0.023622 0.984252 0.15748 
vn -0.023622 0.984252 0.15748 
vn 0.0393701 -0.92126 -0.385827 
vn -0.015748 0.984252 0.165354 
vn -0.023622 0.984252 0.15748 
vn 0.0393701 -0.92126 -0.385827 
vn 0.0393701 -0.92126 -0.385827 
vn -0.00787402 0.984252 0.165354 
vn -0.00787402 0.984252 0.165354 
vn -0.00787402 0.984252 0.165354 
vn -0.92126 -0.370079 0.0866142 
vn 0.913386 0.401575 -0.0787402 
vn -0.00787402 0.984252 0.165354 
vn -0.92126 -0.370079 0.0866142 
vn 0.913386 0.401575 -0.0787402 
vn -0.00787402 0.984252 0.165354 
vn -0.00787402 0.984252 0.165354 
vn 0 -0.92126 -0.385827 
vn 0 -0.92126 -0.385827 
vn 0 -0.92126 -0.385827 
vn 0 -0.92126 -0.385827 
vn 0 -0.92126 -0.385827 
vn 0 -0.92126 -0.385827 
vn 0 -0.92126 -0.385827 
vn 0 -0.92126 -0.385827 
vn 0 -0.92126 -0.385827 
vn 0 -0.92126 -0.385827 
vn 0 0.984252 0.165354 
vn 0 0.984252 0.165354 
vn 0 0.984252 0.165354 
vn 0 0.984252 0.15748 
vn 0 0.984252 0.15748 
vn 0 0.984252 0.15748 
vn 0 0.984252 0.15748 
vn 0.00787402 0.984252 0.15748 
vn 0.00787402 0.984252 0.165354 
vn 0.00787402 0.984252 0.165354 
vn 0 0.984252 0.165354 
vn 0 -0.92126 -0.385827 
vn 0 -0.92126 -0.385827 
vn 0 0.984252 0.15748 
vn 0 0.984252 0.165354 
vn 0 0.984252 0.165354 
vn 0 -0.92126 -0.385827 
vn 0 -0.92126 -0.385827 
vn 0 -0.92126 -0.385827 
vn 0 0.984252 0.15748 
vn 0 0.984252 0.15748 
vn 0 -0.92126 -0.385827 
vn 0 -0.92126 -0.385827 
vn 0.00787402 0.984252 0.15748 
vn 0 0.984252 0.15748 
vn 0 -0.92126 -0.385827 
vn 0 -0.92126 -0.385827 
vn 0.00787402 0.984252 0.165354 
vn 0.00787402 0.984252 0.165354 
vn 0 -0.92126 -0.385827 
vn 0.00787402 0.984252 0.165354 
vn 0.00787402 0.984252 0.165354 
vn 0.968504 -0.251969 0.0629921 
vn 0.00787402 0.984252 0.165354 
vn 0.00787402 0.984252 0.165354 
vn -0.913386 0.401575 -0.0787402 
vn -0.913386 0.401575 -0.0787402 
vn 0.968504 -0.251969 0.0629921 
vn 0.00787402 0.984252 0.165354 
vn 0.00787402 0.984252 0.165354 
vn 0.952756 0.299213 -0.00787402 
vn 0.952756 0.299213 -0.00787402 
vn 0.952756 0.299213 -0.00787402 
vn 0.944882 0.314961 -0.0472441 
vn 0.952756 0.283465 -0.110236 
vn 0.968504 0.251969 0 
vn 0.976378 0.149606 -0.15748 
vn 0.976378 0.149606 -0.15748 
vn 0.984252 0.181102 -0.0314961 
vn 0.976378 0.0866142 -0.188976 
vn 0.755906 0.149606 -0.637795 
vn 0.755906 0.149606 -0.637795 
vn 0.944882 0.314961 0.0629921 
vn 0.944882 0.322835 0.0472441 
vn 0.944882 0.307087 0.11811 
vn 0.944882 0.307087 0.11811 
vn 0.937008 0.267717 0.23622 
vn 0.937008 0.267717 0.23622 
vn 0.905512 0.251969 0.346457 
vn 0.905512 0.251969 0.346457 
vn 0.866142 0.102362 0.488189 
vn 0.905512 -0.149606 0.401575 
vn 0 1 0 
vn 0 1 0 
vn 0.952756 0.299213 -0.00787402 
vn 0.952756 0.299213 -0.00787402 
vn 0 1 0 
vn 0 1 0 
vn 0.968504 0.251969 0 
vn 0.976378 0.149606 -0.15748 
vn 0 0.0314961 -1 
vn 0 0.0314961 -1 
vn 0.984252 0.181102 -0.0314961 
vn 0.755906 0.149606 -0.637795 
vn 0 0.984252 0.165354 
vn 0.944882 0.314961 0.0629921 
vn 0 0.779528 0.622047 
vn 0 0.779528 0.622047 
vn 0.937008 0.267717 0.23622 
vn 0.944882 0.307087 0.11811 
vn 0 0.251969 0.968504 
vn 0 0.251969 0.968504 
vn 0.866142 0.102362 0.488189 
vn 0.905512 0.251969 0.346457 
vn -0.952756 0.299213 -0.00787402 
vn -0.952756 0.299213 -0.00787402 
vn -0.952756 0.299213 -0.00787402 
vn -0.944882 0.314961 -0.0472441 
vn -0.952756 0.283465 -0.110236 
vn -0.968504 0.251969 0 
vn -0.968504 0.251969 -0.00787402 
vn -0.976378 0.149606 -0.15748 
vn -0.976378 0.0866142 -0.188976 
vn -0.976378 0.0866142 -0.188976 
vn -0.874016 0 -0.488189 
vn -0.755906 0.149606 -0.637795 
vn -0.944882 0.322835 0.0472441 
vn -0.944882 0.322835 0.0472441 
vn -0.944882 0.307087 0.11811 
vn -0.944882 0.307087 0.11811 
vn -0.937008 0.267717 0.23622 
vn -0.937008 0.267717 0.23622 
vn -0.913386 0.204724 0.354331 
vn -0.905512 0.251969 0.346457 
vn -0.905512 -0.149606 0.401575 
vn -0.905512 -0.149606 0.401575 
vn -0.952756 0.299213 -0.00787402 
vn -0.952756 0.299213 -0.00787402 
vn -0.968504 0.251969 0 
vn -0.968504 0.251969 -0.00787402 
vn -0.976378 0.0866142 -0.188976 
vn -0.874016 0 -0.488189 
vn -0.944882 0.322835 0.0472441 
vn -0.937008 0.267717 0.23622 
vn -0.944882 0.307087 0.11811 
vn -0.905512 -0.149606 0.401575 
vn -0.913386 0.204724 0.354331 
vn 0.834646 0.377953 0.393701 
vn 0.834646 0.377953 0.393701 
vn 0.834646 0.377953 0.393701 
vn 0.834646 0.354331 0.425197 
vn 0.677165 0.385827 0.629921 
vn 0.661417 0.346457 0.661417 
vn 0.448819 0.362205 0.811024 
vn 0.433071 0.330709 0.84252 
vn 0.228346 0.338583 0.913386 
vn 0.212598 0.330709 0.92126 
vn 0.818898 0.370079 -0.448819 
vn 0.818898 0.370079 -0.448819 
vn 0.818898 0.370079 -0.448819 
vn 0.811024 0.314961 -0.496063 
vn 0.944882 0.299213 -0.149606 
vn 0.952756 0.283465 -0.133858 
vn 0 0.346457 0.937008 
vn 0 0.259843 0.968504 
vn 0.755906 0.401575 -0.519685 
vn -0.834646 0.354331 0.425197 
vn -0.834646 0.354331 0.425197 
vn -0.834646 0.354331 0.425197 
vn -0.834646 0.377953 0.393701 
vn -0.661417 0.346457 0.661417 
vn -0.661417 0.346457 0.661417 
vn -0.433071 0.330709 0.84252 
vn -0.433071 0.330709 0.84252 
vn -0.212598 0.322835 0.92126 
vn -0.212598 0.322835 0.92126 
vn -0.811024 0.314961 -0.496063 
vn -0.811024 0.314961 -0.496063 
vn -0.811024 0.314961 -0.496063 
vn -0.818898 0.370079 -0.448819 
vn -0.944882 0.283465 -0.149606 
vn -0.944882 0.283465 -0.149606 
vn 0 0.259843 0.968504 
vn 0 0.346457 0.937008 
vn -0.755906 0.401575 -0.519685 
vn -0.551181 0.795276 -0.267717 
vn -0.551181 0.795276 -0.267717 
vn -0.551181 0.795276 -0.267717 
vn -0.598425 0.771654 -0.204724 
vn -0.590551 0.716535 -0.370079 
vn -0.629921 0.692913 -0.354331 
vn -0.677165 0.700787 -0.220472 
vn 0.629921 0.692913 -0.354331 
vn 0.629921 0.692913 -0.354331 
vn 0.629921 0.692913 -0.354331 
vn 0.590551 0.716535 -0.370079 
vn 0.598425 0.771654 -0.204724 
vn 0.551181 0.795276 -0.267717 
vn 0.527559 0.84252 -0.0629921 
vn 0.519685 0.850394 -0.0866142 
vn 0.488189 0.874016 0.0472441 
vn 0.496063 0.866142 0.0629921 
vn 0.464567 0.874016 0.125984 
vn 0.488189 0.850394 0.19685 
vn 0.433071 0.858268 0.283465 
vn 0.433071 0.834646 0.338583 
vn 0.385827 0.84252 0.377953 
vn 0.338583 0.779528 0.527559 
vn 0.19685 0.779528 0.598425 
vn 0.314961 0.740157 0.598425 
vn 0.0944882 0.748031 0.653543 
vn 0.0629921 0.740157 0.669291 
vn 0.0629921 0.740157 0.669291 
vn 0.0944882 0.748031 0.653543 
vn -0.0944882 0.740157 0.669291 
vn -0.0551181 0.748031 0.661417 
vn -0.314961 0.740157 0.598425 
vn -0.19685 0.779528 0.598425 
vn -0.338583 0.779528 0.527559 
vn -0.393701 0.84252 0.377953 
vn -0.433071 0.834646 0.338583 
vn -0.433071 0.858268 0.283465 
vn -0.488189 0.850394 0.19685 
vn -0.464567 0.874016 0.125984 
vn -0.496063 0.866142 0.0629921 
vn -0.488189 0.874016 0.0472441 
vn 0.519685 0.850394 0.00787402 
vn 0.519685 0.850394 0.00787402 
vn 0.519685 0.850394 0.00787402 
vn 0.464567 0.889764 0 
vn 0.346457 0.937008 0 
vn 0.299213 0.952756 0 
vn 0.291339 0.96063 0 
vn 0.283465 0.96063 0.0472441 
vn 0.275591 0.952756 0.102362 
vn 0.291339 0.944882 0.15748 
vn 0.212598 0.92126 0.314961 
vn 0.212598 0.92126 0.314961 
vn 0.291339 0.944882 0.15748 
vn 0.275591 0.952756 0.102362 
vn 0.283465 0.96063 0.0472441 
vn 0.291339 0.96063 0 
vn 0.299213 0.952756 0 
vn 0.346457 0.937008 0 
vn 0.464567 0.889764 0 
vn 0.519685 0.850394 0.00787402 
vn -0.448819 0.889764 -0.0708661 
vn 0.519685 0.850394 0.00787402 
vn 0.606299 0.755906 -0.244094 
vn 0.92126 0.00787402 -0.385827 
vn 0.92126 0.0551181 -0.377953 
vn 1 0.00787402 -0.015748 
vn 1 0.015748 -0.0472441 
vn 0.732283 0.409449 -0.543307 
vn 0.732283 -0.220472 -0.645669 
vn -1 0.00787402 -0.015748 
vn -0.92126 0.0551181 -0.377953 
vn -0.92126 0.00787402 -0.393701 
vn -1 0.015748 -0.0472441 
vn -0.732283 -0.220472 -0.645669 
vn -0.732283 0.409449 -0.543307 
vn -1 0.0551181 -0.00787402 
vn -0.929134 0.0787402 -0.362205 
vn -0.818898 0.370079 -0.448819 
vn -0.755906 0.401575 -0.519685 
vn -0.590551 0.716535 -0.370079 
vn -0.519685 0.102362 -0.850394 
vn -0.677165 0.700787 -0.220472 
vn -0.464567 0.110236 -0.88189 
vn 0.519685 0.850394 0.00787402 
vn 0 0.125984 -0.992126 
vn -0.417323 0.110236 -0.905512 
vn -0.448819 0.889764 -0.0708661 
vn 0.417323 0.110236 -0.905512 
vn 0 0.125984 -0.992126 
vn 0.519685 0.850394 0.00787402 
vn 0.519685 0.850394 0.00787402 
vn 0.464567 0.110236 -0.88189 
vn 0.606299 0.755906 -0.244094 
vn 0.818898 0.370079 -0.448819 
vn 0.527559 -0.511811 -0.677165 
vn 0.755906 0.401575 -0.519685 
vn 0.929134 0.0787402 -0.362205 
vn 1 0.0551181 -0.00787402 
vn -0.527559 -0.511811 -0.677165 
vn 0.519685 0.102362 -0.850394 
vn 0.629921 0.692913 -0.354331 
vn 0.464567 -0.511811 -0.724409 
vn 0.417323 -0.527559 -0.740157 
vn 0.362205 -0.519685 -0.771654 
vn -0.417323 -0.527559 -0.740157 
vn -0.464567 -0.511811 -0.724409 
vn 0 -0.488189 -0.874016 
vn 0 -0.488189 -0.874016 
vn -0.362205 -0.519685 -0.771654 
vn 0.732283 0.409449 -0.543307 
vn -0.897638 -0.0787402 -0.433071 
vn -0.897638 -0.0787402 -0.433071 
vn 0.732283 -0.220472 -0.645669 
vn -0.732283 0.409449 -0.543307 
vn -0.732283 -0.220472 -0.645669 
vn 0.905512 -0.0866142 -0.417323 
vn 0.897638 -0.0787402 -0.433071 
vn -0.527559 -0.511811 -0.677165 
vn -0.519685 -0.511811 -0.685039 
vn -0.464567 -0.511811 -0.724409 
vn -0.417323 -0.527559 -0.740157 
vn -0.409449 -0.559055 -0.724409 
vn -0.464567 -0.551181 -0.692913 
vn -0.362205 -0.519685 -0.771654 
vn 0 -0.488189 -0.874016 
vn 0 -0.661417 -0.748031 
vn -0.354331 -0.582677 -0.732283 
vn 0.362205 -0.519685 -0.771654 
vn 0.354331 -0.582677 -0.732283 
vn 0.417323 -0.527559 -0.740157 
vn 0.409449 -0.559055 -0.724409 
vn 0.527559 -0.511811 -0.677165 
vn 0.519685 -0.511811 -0.685039 
vn 0.464567 -0.551181 -0.692913 
vn 0.464567 -0.511811 -0.724409 
vn 0.905512 -0.0866142 -0.417323 
vn -0.519685 -0.511811 -0.685039 
vn -0.330709 0.818898 -0.464567 
vn 0.897638 -0.0787402 -0.433071 
vn -0.464567 -0.551181 -0.692913 
vn -0.409449 -0.559055 -0.724409 
vn -0.267717 0.84252 -0.464567 
vn -0.259843 0.858268 -0.440945 
vn -0.354331 -0.582677 -0.732283 
vn 0 -0.661417 -0.748031 
vn 0 0.937008 -0.354331 
vn -0.204724 0.874016 -0.440945 
vn 0.354331 -0.582677 -0.732283 
vn 0.204724 0.874016 -0.440945 
vn 0.409449 -0.559055 -0.724409 
vn 0.267717 0.84252 -0.464567 
vn 0.519685 -0.511811 -0.685039 
vn 0.330709 0.818898 -0.464567 
vn 0.259843 0.858268 -0.440945 
vn 0.464567 -0.551181 -0.692913 
vn -0.897638 -0.0787402 -0.433071 
vn -0.897638 -0.0787402 -0.433071 
vn 0.952756 0.0314961 0.314961 
vn 0.834646 0.377953 0.393701 
vn 0.834646 0.354331 0.425197 
vn 0.811024 0.0472441 0.582677 
vn 0.661417 0.346457 0.661417 
vn 0.590551 0.0629921 0.80315 
vn 0.433071 0.330709 0.84252 
vn 0.370079 0.0866142 0.929134 
vn 0.212598 0.330709 0.92126 
vn 0.267717 0.125984 0.952756 
vn 0.929134 0.0787402 -0.362205 
vn 0.818898 0.370079 -0.448819 
vn 0.818898 0.370079 -0.448819 
vn 0.952756 0.283465 -0.133858 
vn 1 0.0551181 -0.00787402 
vn 0 0.259843 0.968504 
vn 0 0.165354 0.984252 
vn 0.811024 0.023622 0.582677 
vn 0.952756 0.00787402 0.307087 
vn 0.598425 0.0314961 0.80315 
vn 0.393701 0.0944882 0.913386 
vn 0.307087 0.149606 0.937008 
vn 1 0.00787402 -0.015748 
vn 0 0.19685 0.976378 
vn 0.952756 0.0708661 0.291339 
vn 0.944882 0.141732 0.299213 
vn 0.976378 0.0629921 0.19685 
vn 1 0.015748 -0.0472441 
vn 0.811024 0.0944882 0.574803 
vn 0.795276 0.165354 0.582677 
vn 0.606299 0.11811 0.787402 
vn 0.582677 0.173228 0.787402 
vn 0.409449 0.141732 0.897638 
vn 0.401575 0.15748 0.905512 
vn 0.346457 0.165354 0.92126 
vn 0.377953 0.165354 0.905512 
vn 0 0.19685 0.976378 
vn 0 0.204724 0.976378 
vn -0.952756 0.0314961 0.314961 
vn -0.811024 0.0472441 0.582677 
vn -0.834646 0.354331 0.425197 
vn -0.834646 0.354331 0.425197 
vn -0.590551 0.0629921 0.80315 
vn -0.661417 0.346457 0.661417 
vn -0.370079 0.0866142 0.929134 
vn -0.433071 0.330709 0.84252 
vn -0.267717 0.125984 0.952756 
vn -0.212598 0.322835 0.92126 
vn -0.818898 0.370079 -0.448819 
vn -0.929134 0.0787402 -0.362205 
vn -0.811024 0.314961 -0.496063 
vn -1 0.0551181 -0.00787402 
vn -0.944882 0.283465 -0.149606 
vn 0 0.165354 0.984252 
vn 0 0.259843 0.968504 
vn -0.952756 0.00787402 0.307087 
vn -0.811024 0.023622 0.582677 
vn -0.598425 0.0314961 0.80315 
vn -0.393701 0.0944882 0.913386 
vn -0.307087 0.149606 0.937008 
vn -1 0.00787402 -0.015748 
vn 0 0.19685 0.976378 
vn -0.952756 0.0708661 0.291339 
vn -1 0.015748 -0.0472441 
vn -0.976378 0.0629921 0.19685 
vn -0.944882 0.141732 0.299213 
vn -0.811024 0.0944882 0.574803 
vn -0.795276 0.165354 0.582677 
vn -0.606299 0.11811 0.787402 
vn -0.582677 0.173228 0.795276 
vn -0.409449 0.141732 0.897638 
vn -0.401575 0.15748 0.905512 
vn -0.346457 0.165354 0.92126 
vn -0.377953 0.165354 0.905512 
vn 0 0.19685 0.976378 
vn 0 0.204724 0.976378 
vn 0.748031 0.322835 -0.582677 
vn 0.338583 -0.80315 -0.496063 
vn 0 -0.811024 -0.590551 
vn 0 0.669291 -0.748031 
vn 0.92126 -0.330709 -0.212598 
vn 0.708661 -0.102362 -0.692913 
vn 0.905512 -0.0866142 -0.409449 
vn 0.716535 -0.692913 0.0944882 
vn 0.590551 -0.779528 -0.188976 
vn 0.708661 -0.338583 0.622047 
vn 0.913386 -0.0551181 -0.401575 
vn 0.448819 -0.850394 -0.259843 
vn 0.598425 -0.787402 0.141732 
vn 0.362205 0.582677 -0.732283 
vn 0.527559 0.181102 -0.826772 
vn -0.299213 0.566929 -0.771654 
vn 0 0.88189 -0.472441 
vn -0.370079 -0.15748 -0.913386 
vn -0.598425 -0.787402 0.141732 
vn -0.362205 0.582677 -0.732283 
vn -0.716535 -0.692913 0.0944882 
vn -0.905512 -0.0866142 -0.409449 
vn -0.708661 -0.102362 -0.692913 
vn -0.590551 -0.779528 -0.188976 
vn -0.708661 -0.338583 0.622047 
vn -0.913386 -0.0551181 -0.401575 
vn -0.527559 0.181102 -0.826772 
vn -0.448819 -0.850394 -0.259843 
vn -0.976378 0.0629921 0.19685 
vn -1 0.015748 -0.0472441 
vn -0.92126 0.00787402 -0.393701 
vn -0.716535 -0.0393701 -0.700787 
vn -0.732283 0.409449 -0.543307 
vn -0.417323 0.755906 -0.503937 
vn -0.480315 -0.385827 -0.787402 
vn -0.267717 -0.645669 -0.716535 
vn -0.291339 0.771654 -0.559055 
vn 0 0.716535 -0.692913 
vn 0 -0.590551 -0.80315 
vn 0.291339 0.771654 -0.559055 
vn 0.267717 -0.645669 -0.716535 
vn 0 -0.590551 -0.80315 
vn 0 0.716535 -0.692913 
vn 0.417323 0.755906 -0.503937 
vn 0.488189 -0.385827 -0.787402 
vn 0.732283 0.409449 -0.543307 
vn 0.716535 -0.0393701 -0.700787 
vn 0.92126 0.00787402 -0.385827 
vn 0.976378 0.0629921 0.19685 
vn 0.299213 0.566929 -0.771654 
vn 0.779528 0.330709 -0.535433 
vn 0 0.88189 -0.472441 
vn -0.748031 0.322835 -0.582677 
vn -0.338583 -0.80315 -0.496063 
vn -0.92126 -0.330709 -0.212598 
vn 0 -0.913386 0.409449 
vn 0.0944882 -0.866142 0.488189 
vn 0 0.88189 -0.472441 
vn 0.779528 0.330709 -0.535433 
vn 0.598425 -0.787402 0.141732 
vn 0.598425 -0.787402 0.141732 
vn 0 0.88189 -0.472441 
vn -0.370079 -0.15748 -0.913386 
vn -0.0944882 -0.866142 0.488189 
vn -0.598425 -0.787402 0.141732 
vn -0.598425 -0.787402 0.141732 
vn -0.480315 -0.385827 -0.787402 
vn -0.267717 -0.645669 -0.716535 
vn -0.267717 -0.677165 -0.685039 
vn -0.307087 -0.622047 -0.716535 
vn 0 -0.590551 -0.80315 
vn 0 -0.755906 -0.653543 
vn 0.267717 -0.645669 -0.716535 
vn 0.267717 -0.677165 -0.685039 
vn 0 -0.755906 -0.653543 
vn 0 -0.590551 -0.80315 
vn 0.488189 -0.385827 -0.787402 
vn 0.307087 -0.629921 -0.716535 
vn -0.362205 0.582677 -0.732283 
vn -0.299213 0.700787 -0.645669 
vn -0.338583 0.574803 -0.748031 
vn -0.299213 0.566929 -0.771654 
vn 0 0.669291 -0.748031 
vn 0 0.88189 -0.472441 
vn 0.299213 0.566929 -0.771654 
vn 0.338583 0.574803 -0.748031 
vn 0.362205 0.582677 -0.732283 
vn 0.299213 0.700787 -0.645669 
vn 0.527559 0.181102 -0.826772 
vn -0.527559 0.181102 -0.826772 
vn 0.307087 -0.629921 -0.716535 
vn 0.299213 0.700787 -0.645669 
vn 0.338583 0.574803 -0.748031 
vn 0.267717 -0.677165 -0.685039 
vn 0 0.669291 -0.748031 
vn 0 -0.755906 -0.653543 
vn -0.338583 0.574803 -0.748031 
vn -0.267717 -0.677165 -0.685039 
vn -0.307087 -0.622047 -0.716535 
vn -0.299213 0.700787 -0.645669 
vn 0 -0.401575 0.913386 
vn -0.708661 -0.338583 0.622047 
vn -0.716535 -0.692913 0.0944882 
vn 0 -0.795276 0.606299 
vn -0.590551 -0.779528 -0.188976 
vn 0 -0.818898 0.566929 
vn -0.448819 -0.850394 -0.259843 
vn 0 -0.834646 0.551181 
vn -0.598425 -0.787402 0.141732 
vn 0 -0.779528 0.622047 
vn -0.0944882 -0.866142 0.488189 
vn 0 -0.913386 0.409449 
vn 0.0944882 -0.866142 0.488189 
vn 0.598425 -0.787402 0.141732 
vn 0.448819 -0.850394 -0.259843 
vn 0.590551 -0.779528 -0.188976 
vn 0.716535 -0.692913 0.0944882 
vn 0.708661 -0.338583 0.622047 
vn 0 0.0787402 1 
vn -0.976378 0.0629921 0.19685 
vn 0.976378 0.0629921 0.19685 
vn 1 0.015748 -0.0472441 
vn 0.417323 0.755906 -0.503937 
vn 0.259843 0.858268 -0.440945 
vn 0.330709 0.818898 -0.464567 
vn 0.732283 0.409449 -0.543307 
vn 0.291339 0.771654 -0.559055 
vn 0.267717 0.84252 -0.464567 
vn 0 0.716535 -0.692913 
vn 0.204724 0.874016 -0.440945 
vn 0 0.937008 -0.354331 
vn -0.897638 -0.0787402 -0.433071 
vn -0.204724 0.874016 -0.440945 
vn -0.291339 0.771654 -0.559055 
vn 0.897638 -0.0787402 -0.433071 
vn -0.330709 0.818898 -0.464567 
vn -0.732283 0.409449 -0.543307 
vn -0.259843 0.858268 -0.440945 
vn -0.417323 0.755906 -0.503937 
vn -0.267717 0.84252 -0.464567 

vt 0.19256 0.851377 
vt 0.155805 0.871902 
vt 0.143621 0.823513 
vt 0.191897 0.799757 
vt 0.11974 0.895471 
vt 0.10948 0.841876 
vt 0.102462 0.814475 
vt 0.138361 0.794487 
vt 0.073834 0.857998 
vt 0.090306 0.897947 
vt 0.058869 0.902971 
vt 0.037565 0.876228 
vt 0.023155 0.858614 
vt 0.065361 0.835602 
vt 0.162928 0.784018 
vt 0.096918 0.79138 
vt 0.084759 0.776207 
vt 0.122122 0.752717 
vt 0.137806 0.767488 
vt -0.000141 0.833847 
vt 0.034357 0.807401 
vt 0.048618 0.821795 
vt 0.014649 0.848643 
vt 0.044757 0.801442 
vt 0.078466 0.781013 
vt 0.089174 0.796186 
vt 0.056214 0.816894 
vt 0.106898 0.925732 
vt 0.119956 0.942569 
vt 0.102192 0.944923 
vt 0.081407 0.925508 
vt 0.130322 0.926551 
vt 0.1372 0.944618 
vt 0.123166 0.963174 
vt 0.153345 0.990347 
vt 0.194455 0.851098 
vt 0.195117 0.799477 
vt 0.243393 0.823233 
vt 0.231209 0.871623 
vt 0.277534 0.841597 
vt 0.267274 0.895191 
vt 0.284552 0.814195 
vt 0.248653 0.794208 
vt 0.31318 0.857719 
vt 0.349449 0.875949 
vt 0.328145 0.902691 
vt 0.296708 0.897667 
vt 0.321654 0.835322 
vt 0.363859 0.858335 
vt 0.224086 0.783738 
vt 0.290096 0.7911 
vt 0.249208 0.767208 
vt 0.264893 0.752437 
vt 0.302255 0.775927 
vt 0.338396 0.821515 
vt 0.352657 0.807121 
vt 0.387155 0.833567 
vt 0.372365 0.848363 
vt 0.29784 0.795906 
vt 0.308548 0.780733 
vt 0.342257 0.801163 
vt 0.330801 0.816615 
vt 0.280116 0.925452 
vt 0.305608 0.925229 
vt 0.284823 0.944643 
vt 0.267059 0.94229 
vt 0.256692 0.926271 
vt 0.249814 0.944338 
vt 0.263848 0.962895 
vt 0.233669 0.990067 
vt 0.19256 0.851377 
vt 0.155805 0.871902 
vt 0.11974 0.895471 
vt 0.058869 0.902971 
vt 0.037565 0.876228 
vt 0.023155 0.858614 
vt 0.162928 0.784018 
vt 0.191897 0.799757 
vt 0.096918 0.79138 
vt 0.084759 0.776207 
vt 0.122122 0.752717 
vt 0.137806 0.767488 
vt 0.014649 0.848643 
vt -0.000141 0.833847 
vt 0.034357 0.807401 
vt 0.048618 0.821795 
vt 0.056214 0.816894 
vt 0.044757 0.801442 
vt 0.078466 0.781013 
vt 0.089174 0.796186 
vt 0.102192 0.944923 
vt 0.081407 0.925508 
vt 0.130322 0.926551 
vt 0.1372 0.944618 
vt 0.153345 0.990347 
vt 0.123166 0.963174 
vt 0.231209 0.871623 
vt 0.194455 0.851098 
vt 0.267274 0.895191 
vt 0.349449 0.875949 
vt 0.328145 0.902691 
vt 0.363859 0.858335 
vt 0.195117 0.799477 
vt 0.224086 0.783738 
vt 0.249208 0.767208 
vt 0.264893 0.752437 
vt 0.302255 0.775927 
vt 0.290096 0.7911 
vt 0.338396 0.821515 
vt 0.352657 0.807121 
vt 0.387155 0.833567 
vt 0.372365 0.848363 
vt 0.29784 0.795906 
vt 0.308548 0.780733 
vt 0.342257 0.801163 
vt 0.330801 0.816615 
vt 0.305608 0.925229 
vt 0.284823 0.944643 
vt 0.249814 0.944338 
vt 0.256692 0.926271 
vt 0.263848 0.962895 
vt 0.233669 0.990067 
vt 0.198341 0.997701 
vt 0.165564 0.943102 
vt 0.197994 0.942915 
vt 0.152421 0.917411 
vt 0.19787 0.91088 
vt 0.197812 0.878146 
vt 0.23041 0.942839 
vt 0.243315 0.917173 
vt 0.198341 0.997701 
vt 0.165564 0.943102 
vt 0.152421 0.917411 
vt 0.197812 0.878146 
vt 0.23041 0.942839 
vt 0.243315 0.917173 
vt 0.06816 0.203769 
vt 0.058321 0.198765 
vt 0.057741 0.208031 
vt 0.067055 0.211408 
vt 0.075969 0.213062 
vt 0.074447 0.217737 
vt 0.080981 0.227837 
vt 0.079192 0.228431 
vt 0.081664 0.238723 
vt 0.079783 0.238737 
vt 0.052865 0.197105 
vt 0.052575 0.206651 
vt 0.055407 0.216651 
vt 0.055903 0.209123 
vt 0.064323 0.213188 
vt 0.063376 0.219394 
vt 0.071004 0.220738 
vt 0.069699 0.224534 
vt 0.075291 0.232735 
vt 0.073761 0.233217 
vt 0.075875 0.241577 
vt 0.074266 0.241589 
vt 0.050988 0.215353 
vt 0.051237 0.208423 
vt 0.035184 0.177376 
vt 0.040951 0.176665 
vt 0.041131 0.183494 
vt 0.035549 0.183735 
vt 0.550859 0.416163 
vt 0.554175 0.344966 
vt 0.60986 0.355922 
vt 0.604976 0.420971 
vt 0.029646 0.178756 
vt 0.030169 0.184234 
vt 0.66899 0.375875 
vt 0.662935 0.429524 
vt 0.02325 0.181236 
vt 0.023892 0.185228 
vt 0.742212 0.408632 
vt 0.735519 0.444264 
vt 0.017797 0.183867 
vt 0.018466 0.18644 
vt 0.792013 0.434416 
vt 0.785434 0.456917 
vt 0.044082 0.176482 
vt 0.044181 0.183382 
vt 0.523463 0.414979 
vt 0.524999 0.341929 
vt 0.07487 0.248124 
vt 0.073302 0.247758 
vt 0.014481 0.187559 
vt 0.014041 0.185902 
vt 0.82634 0.454402 
vt 0.822132 0.468512 
vt 0.078651 0.245934 
vt 0.080485 0.246356 
vt 0.077166 0.248448 
vt 0.078955 0.248778 
vt 0.041959 0.197105 
vt 0.042249 0.206653 
vt 0.047412 0.206394 
vt 0.047412 0.196846 
vt 0.037084 0.208031 
vt 0.036501 0.198766 
vt 0.026663 0.203769 
vt 0.027769 0.211408 
vt 0.018855 0.213063 
vt 0.020377 0.217739 
vt 0.013843 0.227836 
vt 0.015632 0.228431 
vt 0.01316 0.238722 
vt 0.015041 0.238736 
vt 0.046572 0.215119 
vt 0.042155 0.215354 
vt 0.041905 0.208423 
vt 0.046573 0.208189 
vt 0.028824 0.213189 
vt 0.037242 0.209125 
vt 0.037739 0.216651 
vt 0.029768 0.219393 
vt 0.022141 0.220737 
vt 0.023444 0.224534 
vt 0.017855 0.232739 
vt 0.019385 0.233221 
vt 0.017269 0.241579 
vt 0.018879 0.24159 
vt 0.050145 0.176482 
vt 0.050045 0.183382 
vt 0.047113 0.183362 
vt 0.047113 0.176462 
vt 0.49655 0.414513 
vt 0.468498 0.414502 
vt 0.468518 0.341445 
vt 0.49655 0.341457 
vt 0.053095 0.183494 
vt 0.053275 0.176665 
vt 0.059042 0.177376 
vt 0.058677 0.183735 
vt 0.441081 0.415112 
vt 0.38689 0.418777 
vt 0.383386 0.353647 
vt 0.439297 0.343874 
vt 0.06458 0.178756 
vt 0.064058 0.184234 
vt 0.328753 0.4261 
vt 0.323837 0.372329 
vt 0.070976 0.181236 
vt 0.070335 0.185228 
vt 0.255877 0.439305 
vt 0.249933 0.403532 
vt 0.076429 0.183867 
vt 0.07576 0.18644 
vt 0.205699 0.450889 
vt 0.199596 0.42824 
vt 0.019846 0.247758 
vt 0.018278 0.248124 
vt 0.080186 0.185902 
vt 0.079745 0.187559 
vt 0.168766 0.4617 
vt 0.16487 0.44751 
vt 0.014338 0.246358 
vt 0.016171 0.245933 
vt 0.015868 0.248778 
vt 0.017658 0.248449 
vt 0.071479 0.193144 
vt 0.060064 0.187338 
vt 0.05939 0.198092 
vt 0.070198 0.202008 
vt 0.080542 0.203924 
vt 0.078778 0.209349 
vt 0.086362 0.221067 
vt 0.084286 0.221757 
vt 0.087156 0.233699 
vt 0.084974 0.233715 
vt 0.053699 0.184967 
vt 0.053363 0.196045 
vt 0.041037 0.184966 
vt 0.041375 0.196044 
vt 0.047368 0.195565 
vt 0.047369 0.184487 
vt 0.056319 0.160923 
vt 0.055847 0.154216 
vt 0.063297 0.155912 
vt 0.064225 0.161357 
vt 0.070839 0.159285 
vt 0.071547 0.162688 
vt 0.080026 0.16548 
vt 0.079237 0.16672 
vt 0.085869 0.170648 
vt 0.084892 0.171738 
vt 0.052187 0.160931 
vt 0.052001 0.153892 
vt 0.048143 0.160736 
vt 0.044059 0.160922 
vt 0.044226 0.153884 
vt 0.048082 0.153763 
vt 0.062625 0.167569 
vt 0.055338 0.166465 
vt 0.054869 0.175118 
vt 0.061938 0.17562 
vt 0.447433 0.276817 
vt 0.439825 0.207567 
vt 0.383145 0.224894 
vt 0.398539 0.28795 
vt 0.069599 0.169513 
vt 0.068744 0.176441 
vt 0.326824 0.259157 
vt 0.349036 0.31009 
vt 0.077624 0.172883 
vt 0.07667 0.177922 
vt 0.26698 0.319718 
vt 0.288734 0.350748 
vt 0.084445 0.176411 
vt 0.083506 0.17965 
vt 0.233018 0.367435 
vt 0.250387 0.384671 
vt 0.051262 0.166235 
vt 0.051137 0.174971 
vt 0.472679 0.274693 
vt 0.469927 0.204143 
vt 0.04355 0.166235 
vt 0.043675 0.174971 
vt 0.047406 0.174962 
vt 0.047406 0.166227 
vt 0.498396 0.273846 
vt 0.523708 0.274642 
vt 0.526273 0.204176 
vt 0.497996 0.203441 
vt 0.089843 0.175184 
vt 0.088654 0.176073 
vt 0.088522 0.181208 
vt 0.089138 0.179122 
vt 0.212856 0.404022 
vt 0.224305 0.414445 
vt 0.083662 0.242064 
vt 0.085788 0.242557 
vt 0.081938 0.244984 
vt 0.084014 0.245365 
vt 0.035347 0.198092 
vt 0.034673 0.187341 
vt 0.023258 0.193142 
vt 0.024538 0.202009 
vt 0.014195 0.203925 
vt 0.015959 0.209351 
vt 0.008375 0.221067 
vt 0.01045 0.221757 
vt 0.00758 0.233699 
vt 0.009762 0.233716 
vt 0.032833 0.15585 
vt 0.040297 0.154175 
vt 0.039922 0.160914 
vt 0.032026 0.161345 
vt 0.025324 0.159199 
vt 0.024638 0.162652 
vt 0.016234 0.165444 
vt 0.017024 0.166688 
vt 0.010422 0.170654 
vt 0.011398 0.171744 
vt 0.039943 0.175118 
vt 0.039475 0.166465 
vt 0.032187 0.167569 
vt 0.032873 0.17562 
vt 0.549498 0.276548 
vt 0.598482 0.287547 
vt 0.612913 0.225276 
vt 0.556323 0.207689 
vt 0.025212 0.169513 
vt 0.026067 0.176441 
vt 0.647769 0.309528 
vt 0.668978 0.259599 
vt 0.017188 0.172883 
vt 0.018142 0.177922 
vt 0.707431 0.350514 
vt 0.728937 0.319907 
vt 0.010366 0.17641 
vt 0.011305 0.17965 
vt 0.745577 0.38471 
vt 0.762864 0.367655 
vt 0.007661 0.176073 
vt 0.006476 0.175192 
vt 0.005674 0.179122 
vt 0.00629 0.181208 
vt 0.771476 0.414495 
vt 0.78288 0.40414 
vt 0.008947 0.242557 
vt 0.011074 0.242064 
vt 0.010721 0.245365 
vt 0.012798 0.244984 
vt 0.91498 0.529414 
vt 0.99263 0.517854 
vt 0.993733 0.56538 
vt 0.92137 0.567271 
vt 0.90083 0.4916 
vt 0.991525 0.472127 
vt 0.877988 0.456334 
vt 0.990637 0.430027 
vt 0.990198 0.390016 
vt 0.848074 0.426816 
vt 0.778943 0.397734 
vt 0.790797 0.378041 
vt 0.987068 0.615952 
vt 0.91698 0.60541 
vt 0.974108 0.664678 
vt 0.90502 0.643973 
vt 0.94523 0.706442 
vt 0.884803 0.680806 
vt 0.899424 0.743967 
vt 0.857607 0.712847 
vt 0.847028 0.76526 
vt 0.834647 0.730813 
vt 0.993279 0.517637 
vt 0.993279 0.565174 
vt 1.00045 0.565174 
vt 1.00022 0.517638 
vt 0.993279 0.429789 
vt 0.993279 0.471898 
vt 1.00015 0.471897 
vt 1 0.429789 
vt 0.993279 0.3077 
vt 0.993279 0.407685 
vt 0.99939 0.407685 
vt 0.997912 0.3077 
vt 0.993279 0.616181 
vt 1.00022 0.616181 
vt 0.993279 0.666591 
vt 0.993279 0.717357 
vt 0.999344 0.717357 
vt 0.999786 0.666591 
vt 0.993279 0.776543 
vt 0.993279 0.833082 
vt 0.997912 0.833082 
vt 0.99854 0.776543 
vt 0.993733 0.56538 
vt 0.99263 0.517854 
vt 0.91498 0.529414 
vt 0.92137 0.567271 
vt 0.90083 0.4916 
vt 0.991525 0.472127 
vt 0.990637 0.430027 
vt 0.877988 0.456334 
vt 0.990198 0.390016 
vt 0.848074 0.426816 
vt 0.790797 0.378041 
vt 0.778943 0.397734 
vt 0.91698 0.60541 
vt 0.987068 0.615952 
vt 0.974108 0.664678 
vt 0.90502 0.643973 
vt 0.884803 0.680806 
vt 0.94523 0.706442 
vt 0.899424 0.743967 
vt 0.857607 0.712847 
vt 0.834647 0.730813 
vt 0.847028 0.76526 
vt 1.00045 0.565174 
vt 1.00022 0.517638 
vt 1.00015 0.471897 
vt 1 0.429789 
vt 0.99939 0.407685 
vt 0.997912 0.3077 
vt 1.00022 0.616181 
vt 0.999344 0.717357 
vt 0.999786 0.666591 
vt 0.997912 0.833082 
vt 0.99854 0.776543 
vt 0.712962 0.786171 
vt 0.735022 0.825813 
vt 0.68825 0.845427 
vt 0.661035 0.809339 
vt 0.648454 0.874344 
vt 0.616305 0.843136 
vt 0.617025 0.9109 
vt 0.580958 0.885095 
vt 0.603898 0.934358 
vt 0.565147 0.911019 
vt 0.853507 0.777476 
vt 0.916424 0.810597 
vt 0.898486 0.836733 
vt 0.846647 0.820697 
vt 0.798211 0.817434 
vt 0.79214 0.774092 
vt 0.595019 0.953783 
vt 0.554803 0.931902 
vt 0.932814 0.857222 
vt 0.712787 0.786107 
vt 0.660734 0.809282 
vt 0.687915 0.845347 
vt 0.734261 0.825579 
vt 0.616747 0.842937 
vt 0.648789 0.874146 
vt 0.582167 0.885053 
vt 0.617066 0.910418 
vt 0.566181 0.910161 
vt 0.604498 0.934026 
vt 0.853405 0.776504 
vt 0.846605 0.820017 
vt 0.899234 0.835594 
vt 0.916939 0.809646 
vt 0.791877 0.773556 
vt 0.797604 0.817007 
vt 0.555914 0.930829 
vt 0.595733 0.952721 
vt 0.933699 0.856534 
vt 0.889694 0.866075 
vt 0.849023 0.854194 
vt 0.862107 0.904035 
vt 0.899243 0.911671 
vt 0.94819 0.898933 
vt 0.941474 0.932986 
vt 0.956533 0.927981 
vt 0.947194 0.899497 
vt 0.940572 0.933513 
vt 0.898742 0.911812 
vt 0.889292 0.866344 
vt 0.861978 0.904031 
vt 0.8492 0.854394 
vt 0.828036 0.902538 
vt 0.810468 0.851449 
vt 0.784729 0.908193 
vt 0.760308 0.858593 
vt 0.738746 0.919413 
vt 0.714569 0.875001 
vt 0.708171 0.936202 
vt 0.676429 0.899653 
vt 0.680726 0.956601 
vt 0.646971 0.931192 
vt 0.635355 0.951423 
vt 0.671554 0.969648 
vt 0.666815 0.981038 
vt 0.628383 0.96811 
vt 0.628748 0.967464 
vt 0.66743 0.980543 
vt 0.671702 0.969243 
vt 0.635267 0.95082 
vt 0.681069 0.956397 
vt 0.646898 0.930596 
vt 0.676303 0.899487 
vt 0.708225 0.935944 
vt 0.713966 0.874592 
vt 0.738892 0.919388 
vt 0.759745 0.858393 
vt 0.784702 0.908176 
vt 0.81001 0.851204 
vt 0.827993 0.902568 
vt 0.965278 0.954592 
vt 0.975826 0.983707 
vt 0.936933 0.986027 
vt 0.910473 0.987895 
vt 0.878653 0.990467 
vt 0.851797 0.992393 
vt 0.818354 0.993896 
vt 0.769337 0.993896 
vt 0.729635 0.991654 
vt 0.710201 0.989661 
vt 0.698402 0.987627 
vt 0.698973 0.98724 
vt 0.710708 0.989321 
vt 0.730109 0.99131 
vt 0.769724 0.993539 
vt 0.818726 0.993539 
vt 0.852359 0.991919 
vt 0.879222 0.990012 
vt 0.911169 0.987276 
vt 0.937756 0.985253 
vt 0.966134 0.953783 
vt 0.976658 0.982682 
vt 0.955588 0.928624 
vt 0.256514 0.669611 
vt 0.255524 0.713672 
vt 0.182364 0.712029 
vt 0.184135 0.667981 
vt 0.323268 0.670907 
vt 0.332023 0.725882 
vt 0.805173 0.711473 
vt 0.732015 0.713245 
vt 0.73095 0.669185 
vt 0.803326 0.667429 
vt 0.65554 0.725589 
vt 0.664199 0.670598 
vt 0.805488 0.72539 
vt 0.731381 0.742268 
vt 0.654534 0.784168 
vt 0.615434 0.819113 
vt 0.577507 0.848029 
vt 0.577874 0.784233 
vt 0.550999 0.866461 
vt 0.551483 0.762915 
vt 0.494847 0.89594 
vt 0.495119 0.72027 
vt 0.525096 0.741597 
vt 0.52467 0.880549 
vt 0.462496 0.741915 
vt 0.492435 0.720283 
vt 0.493013 0.895953 
vt 0.463162 0.880613 
vt 0.436145 0.763291 
vt 0.43681 0.866571 
vt 0.333131 0.784459 
vt 0.370643 0.719256 
vt 0.373825 0.816489 
vt 0.256867 0.740503 
vt 0.182074 0.725945 
vt 0.616908 0.71903 
vt 0.409794 0.784666 
vt 0.410272 0.848185 
vt 0.409271 0.714158 
vt 0.435813 0.711896 
vt 0.462354 0.709633 
vt 0.551725 0.711784 
vt 0.578271 0.714 
vt 0.492396 0.708124 
vt 0.495137 0.708111 
vt 0.525181 0.709567 
vt 0.439825 0.704284 
vt 0.437581 0.708151 
vt 0.426776 0.698169 
vt 0.428573 0.693733 
vt 0.338516 0.704284 
vt 0.349768 0.693734 
vt 0.351564 0.698169 
vt 0.34076 0.708151 
vt 0.359015 0.688044 
vt 0.359014 0.694193 
vt 0.368138 0.682272 
vt 0.374733 0.678959 
vt 0.374733 0.685109 
vt 0.368139 0.688424 
vt 0.381329 0.675646 
vt 0.389171 0.672823 
vt 0.389171 0.678973 
vt 0.381328 0.681796 
vt 0.397013 0.675646 
vt 0.397012 0.681796 
vt 0.403607 0.678958 
vt 0.403607 0.68511 
vt 0.419328 0.688043 
vt 0.419328 0.694194 
vt 0.410203 0.688423 
vt 0.410203 0.682272 
vt 0.010479 0.770672 
vt 0.013691 0.745913 
vt 0.05395 0.748735 
vt 0.05382 0.774247 
vt 0.015774 0.714066 
vt 0.016361 0.692253 
vt 0.054255 0.693661 
vt 0.054183 0.716094 
vt 0.016947 0.670441 
vt 0.017086 0.6458 
vt 0.054369 0.6458 
vt 0.054329 0.671229 
vt 0.016947 0.621161 
vt 0.054329 0.620371 
vt 0.016361 0.599347 
vt 0.054255 0.597939 
vt 0.013691 0.545686 
vt 0.05395 0.542866 
vt 0.054183 0.575507 
vt 0.015774 0.577535 
vt 0.010479 0.520929 
vt 0.05382 0.517352 
vt 0.711247 0.152139 
vt 0.700907 0.207426 
vt 0.659597 0.199722 
vt 0.666515 0.144067 
vt 0.608791 0.192613 
vt 0.611741 0.13682 
vt 0.5575 0.18996 
vt 0.557019 0.133483 
vt 0.527436 0.191616 
vt 0.525583 0.133043 
vt 0.828648 0.186922 
vt 0.855086 0.259447 
vt 0.807346 0.239341 
vt 0.762064 0.224321 
vt 0.777745 0.169798 
vt 0.503092 0.191871 
vt 0.501627 0.133212 
vt 0.67129 0.110964 
vt 0.717907 0.118144 
vt 0.614856 0.104405 
vt 0.558759 0.101319 
vt 0.526684 0.100881 
vt 0.783701 0.134233 
vt 0.502411 0.101036 
vt 0.724567 0.084149 
vt 0.729183 0.033556 
vt 0.798339 0.054294 
vt 0.792283 0.099325 
vt 0.676065 0.077861 
vt 0.679312 0.022306 
vt 0.617971 0.07199 
vt 0.620309 0.01272 
vt 0.5605 0.069155 
vt 0.561405 0.00726497 
vt 0.527784 0.06872 
vt 0.527673 0.00591999 
vt 0.503195 0.06886 
vt 0.502283 0.00590199 
vt 0.292339 0.154202 
vt 0.334789 0.145936 
vt 0.342182 0.201713 
vt 0.303104 0.209734 
vt 0.389367 0.138119 
vt 0.393081 0.19407 
vt 0.444124 0.13415 
vt 0.44447 0.190966 
vt 0.475824 0.133422 
vt 0.474859 0.192213 
vt 0.146655 0.263146 
vt 0.173234 0.190333 
vt 0.194756 0.242535 
vt 0.223957 0.172714 
vt 0.240239 0.22732 
vt 0.499808 0.133311 
vt 0.499058 0.192287 
vt 0.285482 0.120503 
vt 0.329766 0.113088 
vt 0.386013 0.105949 
vt 0.442084 0.102216 
vt 0.474269 0.101448 
vt 0.217694 0.137351 
vt 0.498579 0.101286 
vt 0.278624 0.086804 
vt 0.208923 0.102704 
vt 0.202382 0.057442 
vt 0.273678 0.035999 
vt 0.324743 0.08024 
vt 0.321187 0.024636 
vt 0.382658 0.073778 
vt 0.379996 0.014554 
vt 0.440045 0.070283 
vt 0.438902 0.00835901 
vt 0.472714 0.069474 
vt 0.472345 0.00679201 
vt 0.49735 0.069262 
vt 0.497691 0.006446 
vt 0.458209 0.503452 
vt 0.46227 0.43333 
vt 0.491709 0.43466 
vt 0.493179 0.545985 
vt 0.414389 0.43727 
vt 0.311681 0.556977 
vt 0.239141 0.568698 
vt 0.239306 0.52417 
vt 0.307157 0.480249 
vt 0.160985 0.580975 
vt 0.239042 0.593501 
vt 0.340315 0.466317 
vt 0.373471 0.452385 
vt 0.385435 0.547307 
vt 0.366997 0.54972 
vt 0.544871 0.54075 
vt 0.515025 0.537439 
vt 0.5512 0.503657 
vt 0.606952 0.452008 
vt 0.594989 0.546927 
vt 0.741116 0.523794 
vt 0.74128 0.568322 
vt 0.668741 0.556599 
vt 0.673265 0.479874 
vt 0.819435 0.580602 
vt 0.741378 0.593125 
vt 0.613425 0.54934 
vt 0.640109 0.465942 
vt 0.818496 0.615066 
vt 0.817558 0.649529 
vt 0.741659 0.662084 
vt 0.666209 0.599338 
vt 0.662107 0.668185 
vt 0.579587 0.668185 
vt 0.588289 0.599777 
vt 0.534903 0.598531 
vt 0.523092 0.66647 
vt 0.491161 0.664375 
vt 0.503938 0.596611 
vt 0.457325 0.666849 
vt 0.445517 0.598911 
vt 0.476481 0.596991 
vt 0.489256 0.664755 
vt 0.40083 0.668563 
vt 0.392131 0.600155 
vt 0.318312 0.668563 
vt 0.314211 0.599717 
vt 0.238759 0.662459 
vt 0.161923 0.615439 
vt 0.435551 0.541131 
vt 0.429233 0.504094 
vt 0.465398 0.53782 
vt 0.526102 0.503039 
vt 0.520986 0.433356 
vt 0.568277 0.436895 
vt 0.491732 0.425895 
vt 0.462236 0.423762 
vt 0.484122 0.550885 
vt 0.449849 0.509379 
vt 0.406098 0.442765 
vt 0.413943 0.427346 
vt 0.502096 0.55032 
vt 0.534459 0.508591 
vt 0.520586 0.423762 
vt 0.568928 0.42703 
vt 0.576468 0.442267 
vt 0.580033 0.695096 
vt 0.573588 0.685765 
vt 0.57763 0.683577 
vt 0.583784 0.692617 
vt 0.570517 0.679935 
vt 0.574905 0.679299 
vt 0.645207 0.685764 
vt 0.641166 0.683576 
vt 0.643892 0.679299 
vt 0.648279 0.679935 
vt 0.638763 0.695096 
vt 0.635013 0.692617 
vt 0.593489 0.703603 
vt 0.59256 0.697705 
vt 0.604925 0.703652 
vt 0.603336 0.707855 
vt 0.609398 0.705576 
vt 0.609399 0.709834 
vt 0.615461 0.707854 
vt 0.613872 0.703651 
vt 0.625308 0.703604 
vt 0.626236 0.697704 
vt 0.62865 0.7015 
vt 0.590146 0.7015 
vt 0.067482 0.584549 
vt 0.105166 0.574025 
vt 0.100651 0.626751 
vt 0.060273 0.626109 
vt 0.098846 0.64545 
vt 0.057319 0.64545 
vt 0.10065 0.664147 
vt 0.060277 0.664792 
vt 0.067482 0.706353 
vt 0.105166 0.716873 
vt 0.033408 0.045782 
vt 0.061767 0.045896 
vt 0.057913 0.059198 
vt 0.033395 0.059099 
vt 0.052121 0.069213 
vt 0.033355 0.069138 
vt 0.047805 0.072018 
vt 0.033344 0.071961 
vt 0.043489 0.074824 
vt 0.033332 0.074784 
vt 0.037215 0.07746 
vt 0.033316 0.078834 
vt 0.029428 0.077429 
vt 0.023176 0.074742 
vt 0.018883 0.071902 
vt 0.01459 0.069062 
vt 0.008878 0.059 
vt 0.005131 0.045668 
vt 0.033431 0.043063 
vt 0.062486 0.041014 
vt 0.004452 0.04078 
vt 0.16286 0.649903 
vt 0.016271 0.458046 
vt 0.029243 0.457754 
vt 0.035859 0.468771 
vt 0.035722 0.47961 
vt 0.008058 0.441428 
vt 0.025561 0.449654 
vt 0.00479 0.431411 
vt 0.02188 0.441554 
vt 0.018866 0.431855 
vt 0.040656 0.47763 
vt 0.022457 0.422315 
vt 0.008653 0.421586 
vt 0.04337 0.387202 
vt 0.038049 0.395816 
vt 0.038563 0.384943 
vt 0.030781 0.406496 
vt 0.01785 0.405431 
vt 0.026619 0.414406 

usemtl Handle1Mtl

f 518/518/518 519/519/519 520/520/520 
f 520/520/520 521/521/521 518/518/518 
f 519/519/519 522/522/522 523/523/523 
f 523/523/523 520/520/520 519/519/519 
f 520/520/520 523/523/523 524/524/524 
f 524/524/524 525/525/525 520/520/520 
f 526/526/526 527/527/527 528/528/528 
f 528/528/528 529/529/529 526/526/526 
f 530/530/530 531/531/531 526/526/526 
f 526/526/526 529/529/529 530/530/530 
f 520/520/520 525/525/525 532/532/532 
f 532/532/532 521/521/521 520/520/520 
f 523/523/523 526/526/526 531/531/531 
f 531/531/531 524/524/524 523/523/523 
f 522/522/522 527/527/527 526/526/526 
f 526/526/526 523/523/523 522/522/522 
f 533/533/533 534/534/534 535/535/535 
f 535/535/535 536/536/536 533/533/533 
f 537/537/537 538/538/538 539/539/539 
f 539/539/539 540/540/540 537/537/537 
f 541/541/541 542/542/542 543/543/543 
f 543/543/543 544/544/544 541/541/541 
f 525/525/525 536/536/536 532/532/532 
f 525/525/525 524/524/524 533/533/533 
f 533/533/533 536/536/536 525/525/525 
f 524/524/524 543/543/543 533/533/533 
f 544/544/544 543/543/543 524/524/524 
f 524/524/524 531/531/531 544/544/544 
f 544/544/544 531/531/531 539/539/539 
f 540/540/540 539/539/539 531/531/531 
f 531/531/531 530/530/530 540/540/540 
f 545/545/545 546/546/546 547/547/547 
f 547/547/547 548/548/548 545/545/545 
f 527/527/527 545/545/545 548/548/548 
f 548/548/548 528/528/528 527/527/527 
f 549/549/549 550/550/550 546/546/546 
f 546/546/546 545/545/545 549/549/549 
f 522/522/522 549/549/549 545/545/545 
f 545/545/545 527/527/527 522/522/522 
f 551/551/551 547/547/547 546/546/546 
f 546/546/546 552/552/552 551/551/551 
f 550/550/550 552/552/552 546/546/546 
f 553/553/553 554/554/554 555/555/555 
f 555/555/555 556/556/556 553/553/553 
f 557/557/557 558/558/558 556/556/556 
f 556/556/556 555/555/555 557/557/557 
f 559/559/559 557/557/557 555/555/555 
f 555/555/555 560/560/560 559/559/559 
f 561/561/561 562/562/562 563/563/563 
f 563/563/563 564/564/564 561/561/561 
f 561/561/561 565/565/565 566/566/566 
f 566/566/566 562/562/562 561/561/561 
f 567/567/567 560/560/560 555/555/555 
f 555/555/555 554/554/554 567/567/567 
f 557/557/557 559/559/559 565/565/565 
f 565/565/565 561/561/561 557/557/557 
f 558/558/558 557/557/557 561/561/561 
f 561/561/561 564/564/564 558/558/558 
f 568/568/568 569/569/569 570/570/570 
f 570/570/570 571/571/571 568/568/568 
f 572/572/572 573/573/573 574/574/574 
f 574/574/574 575/575/575 572/572/572 
f 576/576/576 577/577/577 578/578/578 
f 578/578/578 579/579/579 576/576/576 
f 560/560/560 567/567/567 569/569/569 
f 568/568/568 559/559/559 560/560/560 
f 560/560/560 569/569/569 568/568/568 
f 559/559/559 568/568/568 576/576/576 
f 559/559/559 576/576/576 579/579/579 
f 579/579/579 565/565/565 559/559/559 
f 579/579/579 572/572/572 565/565/565 
f 565/565/565 572/572/572 575/575/575 
f 575/575/575 566/566/566 565/565/565 
f 580/580/580 581/581/581 582/582/582 
f 582/582/582 583/583/583 580/580/580 
f 564/564/564 563/563/563 581/581/581 
f 581/581/581 580/580/580 564/564/564 
f 584/584/584 580/580/580 583/583/583 
f 583/583/583 585/585/585 584/584/584 
f 558/558/558 564/564/564 580/580/580 
f 580/580/580 584/584/584 558/558/558 
f 586/586/586 587/587/587 583/583/583 
f 583/583/583 582/582/582 586/586/586 
f 585/585/585 583/583/583 587/587/587 
f 588/588/588 589/589/589 519/519/519 
f 519/519/519 518/518/518 588/588/588 
f 589/589/589 590/590/590 522/522/522 
f 522/522/522 519/519/519 589/589/589 
f 591/591/591 592/592/592 529/529/529 
f 529/529/529 528/528/528 591/591/591 
f 592/592/592 593/593/593 530/530/530 
f 530/530/530 529/529/529 592/592/592 
f 532/532/532 594/594/594 595/595/595 
f 595/595/595 521/521/521 532/532/532 
f 596/596/596 597/597/597 534/534/534 
f 534/534/534 533/533/533 596/596/596 
f 534/534/534 597/597/597 598/598/598 
f 598/598/598 535/535/535 534/534/534 
f 535/535/535 598/598/598 599/599/599 
f 599/599/599 536/536/536 535/535/535 
f 600/600/600 601/601/601 537/537/537 
f 537/537/537 540/540/540 600/600/600 
f 537/537/537 601/601/601 602/602/602 
f 602/602/602 538/538/538 537/537/537 
f 538/538/538 602/602/602 603/603/603 
f 603/603/603 539/539/539 538/538/538 
f 604/604/604 605/605/605 541/541/541 
f 541/541/541 544/544/544 604/604/604 
f 541/541/541 605/605/605 606/606/606 
f 606/606/606 542/542/542 541/541/541 
f 542/542/542 606/606/606 607/607/607 
f 607/607/607 543/543/543 542/542/542 
f 536/536/536 599/599/599 594/594/594 
f 594/594/594 532/532/532 536/536/536 
f 543/543/543 607/607/607 596/596/596 
f 596/596/596 533/533/533 543/543/543 
f 539/539/539 603/603/603 604/604/604 
f 604/604/604 544/544/544 539/539/539 
f 593/593/593 600/600/600 540/540/540 
f 540/540/540 530/530/530 593/593/593 
f 608/608/608 609/609/609 548/548/548 
f 548/548/548 547/547/547 608/608/608 
f 609/609/609 591/591/591 528/528/528 
f 528/528/528 548/548/548 609/609/609 
f 549/549/549 610/610/610 611/611/611 
f 611/611/611 550/550/550 549/549/549 
f 522/522/522 590/590/590 610/610/610 
f 610/610/610 549/549/549 522/522/522 
f 612/612/612 613/613/613 551/551/551 
f 551/551/551 552/552/552 612/612/612 
f 613/613/613 608/608/608 547/547/547 
f 547/547/547 551/551/551 613/613/613 
f 550/550/550 611/611/611 612/612/612 
f 612/612/612 552/552/552 550/550/550 
f 556/556/556 614/614/614 615/615/615 
f 615/615/615 553/553/553 556/556/556 
f 558/558/558 616/616/616 614/614/614 
f 614/614/614 556/556/556 558/558/558 
f 562/562/562 617/617/617 618/618/618 
f 618/618/618 563/563/563 562/562/562 
f 566/566/566 619/619/619 617/617/617 
f 617/617/617 562/562/562 566/566/566 
f 620/620/620 621/621/621 567/567/567 
f 567/567/567 554/554/554 620/620/620 
f 622/622/622 623/623/623 570/570/570 
f 570/570/570 569/569/569 622/622/622 
f 623/623/623 624/624/624 571/571/571 
f 571/571/571 570/570/570 623/623/623 
f 571/571/571 624/624/624 625/625/625 
f 625/625/625 568/568/568 571/571/571 
f 626/626/626 627/627/627 573/573/573 
f 573/573/573 572/572/572 626/626/626 
f 627/627/627 628/628/628 574/574/574 
f 574/574/574 573/573/573 627/627/627 
f 574/574/574 628/628/628 629/629/629 
f 629/629/629 575/575/575 574/574/574 
f 630/630/630 631/631/631 577/577/577 
f 577/577/577 576/576/576 630/630/630 
f 631/631/631 632/632/632 578/578/578 
f 578/578/578 577/577/577 631/631/631 
f 578/578/578 632/632/632 633/633/633 
f 633/633/633 579/579/579 578/578/578 
f 621/621/621 622/622/622 569/569/569 
f 569/569/569 567/567/567 621/621/621 
f 625/625/625 630/630/630 576/576/576 
f 576/576/576 568/568/568 625/625/625 
f 633/633/633 626/626/626 572/572/572 
f 572/572/572 579/579/579 633/633/633 
f 575/575/575 629/629/629 619/619/619 
f 619/619/619 566/566/566 575/575/575 
f 581/581/581 634/634/634 635/635/635 
f 635/635/635 582/582/582 581/581/581 
f 563/563/563 618/618/618 634/634/634 
f 634/634/634 581/581/581 563/563/563 
f 636/636/636 637/637/637 584/584/584 
f 584/584/584 585/585/585 636/636/636 
f 637/637/637 616/616/616 558/558/558 
f 558/558/558 584/584/584 637/637/637 
f 582/582/582 635/635/635 638/638/638 
f 638/638/638 586/586/586 582/582/582 
f 586/586/586 638/638/638 639/639/639 
f 639/639/639 587/587/587 586/586/586 
f 639/639/639 636/636/636 585/585/585 
f 585/585/585 587/587/587 639/639/639 
f 640/640/640 641/641/641 642/642/642 
f 641/641/641 643/643/643 644/644/644 
f 644/644/644 642/642/642 641/641/641 
f 644/644/644 643/643/643 645/645/645 
f 640/640/640 642/642/642 646/646/646 
f 644/644/644 647/647/647 646/646/646 
f 646/646/646 642/642/642 644/644/644 
f 644/644/644 645/645/645 647/647/647 
f 648/648/648 649/649/649 641/641/641 
f 641/641/641 640/640/640 648/648/648 
f 649/649/649 650/650/650 643/643/643 
f 643/643/643 641/641/641 649/649/649 
f 643/643/643 650/650/650 651/651/651 
f 651/651/651 645/645/645 643/643/643 
f 646/646/646 652/652/652 648/648/648 
f 648/648/648 640/640/640 646/646/646 
f 647/647/647 653/653/653 652/652/652 
f 652/652/652 646/646/646 647/647/647 
f 651/651/651 653/653/653 647/647/647 
f 647/647/647 645/645/645 651/651/651 
f 654/654/654 655/655/655 656/656/656 
f 656/656/656 657/657/657 654/654/654 
f 658/658/658 654/654/654 657/657/657 
f 657/657/657 659/659/659 658/658/658 
f 660/660/660 658/658/658 659/659/659 
f 659/659/659 661/661/661 660/660/660 
f 662/662/662 660/660/660 661/661/661 
f 661/661/661 663/663/663 662/662/662 
f 655/655/655 664/664/664 665/665/665 
f 665/665/665 656/656/656 655/655/655 
f 666/666/666 667/667/667 668/668/668 
f 668/668/668 669/669/669 666/666/666 
f 669/669/669 668/668/668 670/670/670 
f 670/670/670 671/671/671 669/669/669 
f 671/671/671 670/670/670 672/672/672 
f 672/672/672 673/673/673 671/671/671 
f 673/673/673 672/672/672 674/674/674 
f 674/674/674 675/675/675 673/673/673 
f 676/676/676 677/677/677 667/667/667 
f 667/667/667 666/666/666 676/676/676 
f 678/678/678 679/679/679 680/680/680 
f 680/680/680 681/681/681 678/678/678 
f 682/682/682 683/683/683 684/684/684 
f 684/684/684 685/685/685 682/682/682 
f 686/686/686 678/678/678 681/681/681 
f 681/681/681 687/687/687 686/686/686 
f 685/685/685 684/684/684 688/688/688 
f 688/688/688 689/689/689 685/685/685 
f 690/690/690 686/686/686 687/687/687 
f 687/687/687 691/691/691 690/690/690 
f 689/689/689 688/688/688 692/692/692 
f 692/692/692 693/693/693 689/689/689 
f 694/694/694 690/690/690 691/691/691 
f 691/691/691 695/695/695 694/694/694 
f 693/693/693 692/692/692 696/696/696 
f 696/696/696 697/697/697 693/693/693 
f 679/679/679 698/698/698 699/699/699 
f 699/699/699 680/680/680 679/679/679 
f 700/700/700 701/701/701 683/683/683 
f 683/683/683 682/682/682 700/700/700 
f 702/702/702 703/703/703 675/675/675 
f 675/675/675 674/674/674 702/702/702 
f 695/695/695 704/704/704 705/705/705 
f 705/705/705 694/694/694 695/695/695 
f 706/706/706 707/707/707 697/697/697 
f 697/697/697 696/696/696 706/706/706 
f 663/663/663 708/708/708 709/709/709 
f 709/709/709 662/662/662 663/663/663 
f 708/708/708 710/710/710 711/711/711 
f 711/711/711 709/709/709 708/708/708 
f 712/712/712 713/713/713 714/714/714 
f 714/714/714 715/715/715 712/712/712 
f 716/716/716 717/717/717 718/718/718 
f 718/718/718 719/719/719 716/716/716 
f 719/719/719 718/718/718 720/720/720 
f 720/720/720 721/721/721 719/719/719 
f 721/721/721 720/720/720 722/722/722 
f 722/722/722 723/723/723 721/721/721 
f 723/723/723 722/722/722 724/724/724 
f 724/724/724 725/725/725 723/723/723 
f 713/713/713 712/712/712 717/717/717 
f 717/717/717 716/716/716 713/713/713 
f 726/726/726 727/727/727 728/728/728 
f 728/728/728 729/729/729 726/726/726 
f 730/730/730 731/731/731 732/732/732 
f 732/732/732 733/733/733 730/730/730 
f 734/734/734 730/730/730 733/733/733 
f 733/733/733 735/735/735 734/734/734 
f 736/736/736 734/734/734 735/735/735 
f 735/735/735 737/737/737 736/736/736 
f 738/738/738 736/736/736 737/737/737 
f 737/737/737 739/739/739 738/738/738 
f 731/731/731 728/728/728 727/727/727 
f 727/727/727 732/732/732 731/731/731 
f 740/740/740 741/741/741 742/742/742 
f 742/742/742 743/743/743 740/740/740 
f 744/744/744 745/745/745 746/746/746 
f 746/746/746 747/747/747 744/744/744 
f 748/748/748 749/749/749 750/750/750 
f 750/750/750 751/751/751 748/748/748 
f 752/752/752 753/753/753 754/754/754 
f 754/754/754 755/755/755 752/752/752 
f 751/751/751 750/750/750 756/756/756 
f 756/756/756 757/757/757 751/751/751 
f 753/753/753 758/758/758 759/759/759 
f 759/759/759 754/754/754 753/753/753 
f 757/757/757 756/756/756 760/760/760 
f 760/760/760 761/761/761 757/757/757 
f 758/758/758 762/762/762 763/763/763 
f 763/763/763 759/759/759 758/758/758 
f 761/761/761 760/760/760 764/764/764 
f 764/764/764 765/765/765 761/761/761 
f 762/762/762 766/766/766 767/767/767 
f 767/767/767 763/763/763 762/762/762 
f 741/741/741 740/740/740 749/749/749 
f 749/749/749 748/748/748 741/741/741 
f 745/745/745 752/752/752 755/755/755 
f 755/755/755 746/746/746 745/745/745 
f 739/739/739 768/768/768 769/769/769 
f 769/769/769 738/738/738 739/739/739 
f 765/765/765 764/764/764 770/770/770 
f 770/770/770 771/771/771 765/765/765 
f 766/766/766 772/772/772 773/773/773 
f 773/773/773 767/767/767 766/766/766 
f 725/725/725 724/724/724 774/774/774 
f 774/774/774 775/775/775 725/725/725 
f 776/776/776 777/777/777 775/775/775 
f 775/775/775 774/774/774 776/776/776 
f 726/726/726 729/729/729 677/677/677 
f 677/677/677 676/676/676 726/726/726 
f 743/743/743 742/742/742 699/699/699 
f 699/699/699 698/698/698 743/743/743 
f 664/664/664 715/715/715 714/714/714 
f 714/714/714 665/665/665 664/664/664 
f 744/744/744 747/747/747 701/701/701 
f 701/701/701 700/700/700 744/744/744 
f 778/778/778 779/779/779 780/780/780 
f 780/780/780 781/781/781 778/778/778 
f 782/782/782 778/778/778 781/781/781 
f 781/781/781 783/783/783 782/782/782 
f 784/784/784 782/782/782 783/783/783 
f 783/783/783 785/785/785 784/784/784 
f 786/786/786 784/784/784 785/785/785 
f 785/785/785 787/787/787 786/786/786 
f 779/779/779 788/788/788 789/789/789 
f 789/789/789 780/780/780 779/779/779 
f 790/790/790 791/791/791 792/792/792 
f 792/792/792 793/793/793 790/790/790 
f 794/794/794 795/795/795 796/796/796 
f 796/796/796 797/797/797 794/794/794 
f 797/797/797 796/796/796 798/798/798 
f 798/798/798 799/799/799 797/797/797 
f 799/799/799 798/798/798 800/800/800 
f 800/800/800 801/801/801 799/799/799 
f 801/801/801 800/800/800 802/802/802 
f 802/802/802 803/803/803 801/801/801 
f 804/804/804 805/805/805 795/795/795 
f 795/795/795 794/794/794 804/804/804 
f 806/806/806 807/807/807 808/808/808 
f 808/808/808 809/809/809 806/806/806 
f 810/810/810 811/811/811 812/812/812 
f 812/812/812 813/813/813 810/810/810 
f 814/814/814 815/815/815 816/816/816 
f 816/816/816 817/817/817 814/814/814 
f 818/818/818 810/810/810 813/813/813 
f 813/813/813 819/819/819 818/818/818 
f 817/817/817 816/816/816 820/820/820 
f 820/820/820 821/821/821 817/817/817 
f 822/822/822 818/818/818 819/819/819 
f 819/819/819 823/823/823 822/822/822 
f 821/821/821 820/820/820 824/824/824 
f 824/824/824 825/825/825 821/821/821 
f 826/826/826 822/822/822 823/823/823 
f 823/823/823 827/827/827 826/826/826 
f 825/825/825 824/824/824 828/828/828 
f 828/828/828 829/829/829 825/825/825 
f 811/811/811 830/830/830 831/831/831 
f 831/831/831 812/812/812 811/811/811 
f 832/832/832 833/833/833 815/815/815 
f 815/815/815 814/814/814 832/832/832 
f 834/834/834 835/835/835 836/836/836 
f 836/836/836 837/837/837 834/834/834 
f 838/838/838 839/839/839 840/840/840 
f 840/840/840 841/841/841 838/838/838 
f 842/842/842 843/843/843 803/803/803 
f 803/803/803 802/802/802 842/842/842 
f 827/827/827 844/844/844 845/845/845 
f 845/845/845 826/826/826 827/827/827 
f 846/846/846 847/847/847 829/829/829 
f 829/829/829 828/828/828 846/846/846 
f 787/787/787 848/848/848 849/849/849 
f 849/849/849 786/786/786 787/787/787 
f 848/848/848 850/850/850 851/851/851 
f 851/851/851 849/849/849 848/848/848 
f 852/852/852 853/853/853 854/854/854 
f 854/854/854 855/855/855 852/852/852 
f 855/855/855 854/854/854 856/856/856 
f 856/856/856 857/857/857 855/855/855 
f 857/857/857 856/856/856 858/858/858 
f 858/858/858 859/859/859 857/857/857 
f 859/859/859 858/858/858 860/860/860 
f 860/860/860 861/861/861 859/859/859 
f 791/791/791 790/790/790 853/853/853 
f 853/853/853 852/852/852 791/791/791 
f 862/862/862 863/863/863 864/864/864 
f 864/864/864 865/865/865 862/862/862 
f 866/866/866 862/862/862 865/865/865 
f 865/865/865 867/867/867 866/866/866 
f 868/868/868 866/866/866 867/867/867 
f 867/867/867 869/869/869 868/868/868 
f 870/870/870 868/868/868 869/869/869 
f 869/869/869 871/871/871 870/870/870 
f 863/863/863 808/808/808 807/807/807 
f 807/807/807 864/864/864 863/863/863 
f 872/872/872 873/873/873 874/874/874 
f 874/874/874 875/875/875 872/872/872 
f 876/876/876 877/877/877 878/878/878 
f 878/878/878 879/879/879 876/876/876 
f 875/875/875 874/874/874 880/880/880 
f 880/880/880 881/881/881 875/875/875 
f 877/877/877 882/882/882 883/883/883 
f 883/883/883 878/878/878 877/877/877 
f 881/881/881 880/880/880 884/884/884 
f 884/884/884 885/885/885 881/881/881 
f 882/882/882 886/886/886 887/887/887 
f 887/887/887 883/883/883 882/882/882 
f 885/885/885 884/884/884 888/888/888 
f 888/888/888 889/889/889 885/885/885 
f 886/886/886 890/890/890 891/891/891 
f 891/891/891 887/887/887 886/886/886 
f 835/835/835 834/834/834 873/873/873 
f 873/873/873 872/872/872 835/835/835 
f 839/839/839 876/876/876 879/879/879 
f 879/879/879 840/840/840 839/839/839 
f 871/871/871 892/892/892 893/893/893 
f 893/893/893 870/870/870 871/871/871 
f 889/889/889 888/888/888 894/894/894 
f 894/894/894 895/895/895 889/889/889 
f 890/890/890 896/896/896 897/897/897 
f 897/897/897 891/891/891 890/890/890 
f 861/861/861 860/860/860 898/898/898 
f 898/898/898 899/899/899 861/861/861 
f 900/900/900 901/901/901 899/899/899 
f 899/899/899 898/898/898 900/900/900 
f 806/806/806 809/809/809 805/805/805 
f 805/805/805 804/804/804 806/806/806 
f 837/837/837 836/836/836 831/831/831 
f 831/831/831 830/830/830 837/837/837 
f 788/788/788 793/793/793 792/792/792 
f 792/792/792 789/789/789 788/788/788 
f 838/838/838 841/841/841 833/833/833 
f 833/833/833 832/832/832 838/838/838 
f 902/902/902 903/903/903 904/904/904 
f 904/904/904 905/905/905 902/902/902 
f 903/903/903 902/902/902 906/906/906 
f 906/906/906 907/907/907 903/903/903 
f 906/906/906 908/908/908 909/909/909 
f 909/909/909 907/907/907 906/906/906 
f 910/910/910 909/909/909 908/908/908 
f 908/908/908 911/911/911 910/910/910 
f 911/911/911 912/912/912 913/913/913 
f 913/913/913 910/910/910 911/911/911 
f 905/905/905 904/904/904 914/914/914 
f 914/914/914 915/915/915 905/905/905 
f 916/916/916 917/917/917 915/915/915 
f 915/915/915 914/914/914 916/916/916 
f 917/917/917 916/916/916 918/918/918 
f 918/918/918 919/919/919 917/917/917 
f 920/920/920 921/921/921 919/919/919 
f 919/919/919 918/918/918 920/920/920 
f 921/921/921 920/920/920 922/922/922 
f 922/922/922 923/923/923 921/921/921 
f 924/924/924 925/925/925 926/926/926 
f 926/926/926 927/927/927 924/924/924 
f 928/928/928 929/929/929 930/930/930 
f 930/930/930 931/931/931 928/928/928 
f 932/932/932 933/933/933 934/934/934 
f 934/934/934 935/935/935 932/932/932 
f 934/934/934 933/933/933 928/928/928 
f 928/928/928 931/931/931 934/934/934 
f 929/929/929 924/924/924 927/927/927 
f 927/927/927 930/930/930 929/929/929 
f 925/925/925 936/936/936 937/937/937 
f 937/937/937 926/926/926 925/925/925 
f 938/938/938 939/939/939 940/940/940 
f 940/940/940 941/941/941 938/938/938 
f 942/942/942 943/943/943 944/944/944 
f 944/944/944 945/945/945 942/942/942 
f 939/939/939 942/942/942 945/945/945 
f 945/945/945 940/940/940 939/939/939 
f 936/936/936 938/938/938 941/941/941 
f 941/941/941 937/937/937 936/936/936 
f 946/946/946 947/947/947 948/948/948 
f 948/948/948 949/949/949 946/946/946 
f 950/950/950 948/948/948 947/947/947 
f 947/947/947 951/951/951 950/950/950 
f 950/950/950 951/951/951 952/952/952 
f 952/952/952 953/953/953 950/950/950 
f 954/954/954 955/955/955 953/953/953 
f 953/953/953 952/952/952 954/954/954 
f 955/955/955 954/954/954 956/956/956 
f 956/956/956 957/957/957 955/955/955 
f 949/949/949 958/958/958 959/959/959 
f 959/959/959 946/946/946 949/949/949 
f 960/960/960 959/959/959 958/958/958 
f 958/958/958 961/961/961 960/960/960 
f 961/961/961 962/962/962 963/963/963 
f 963/963/963 960/960/960 961/961/961 
f 964/964/964 963/963/963 962/962/962 
f 962/962/962 965/965/965 964/964/964 
f 965/965/965 966/966/966 967/967/967 
f 967/967/967 964/964/964 965/965/965 
f 968/968/968 925/925/925 924/924/924 
f 924/924/924 969/969/969 968/968/968 
f 970/970/970 929/929/929 928/928/928 
f 928/928/928 971/971/971 970/970/970 
f 972/972/972 933/933/933 932/932/932 
f 932/932/932 973/973/973 972/972/972 
f 972/972/972 971/971/971 928/928/928 
f 928/928/928 933/933/933 972/972/972 
f 969/969/969 924/924/924 929/929/929 
f 929/929/929 970/970/970 969/969/969 
f 974/974/974 936/936/936 925/925/925 
f 925/925/925 968/968/968 974/974/974 
f 975/975/975 939/939/939 938/938/938 
f 938/938/938 976/976/976 975/975/975 
f 977/977/977 943/943/943 942/942/942 
f 942/942/942 978/978/978 977/977/977 
f 978/978/978 942/942/942 939/939/939 
f 939/939/939 975/975/975 978/978/978 
f 976/976/976 938/938/938 936/936/936 
f 936/936/936 974/974/974 976/976/976 
f 979/979/979 980/980/980 981/981/981 
f 981/981/981 982/982/982 979/979/979 
f 982/982/982 981/981/981 983/983/983 
f 983/983/983 984/984/984 982/982/982 
f 984/984/984 983/983/983 985/985/985 
f 985/985/985 986/986/986 984/984/984 
f 986/986/986 985/985/985 987/987/987 
f 987/987/987 988/988/988 986/986/986 
f 989/989/989 990/990/990 991/991/991 
f 991/991/991 992/992/992 989/989/989 
f 989/989/989 992/992/992 993/993/993 
f 993/993/993 994/994/994 989/989/989 
f 994/994/994 993/993/993 980/980/980 
f 980/980/980 979/979/979 994/994/994 
f 988/988/988 987/987/987 995/995/995 
f 995/995/995 996/996/996 988/988/988 
f 990/990/990 997/997/997 991/991/991 
f 998/998/998 999/999/999 1000/1000/1000 
f 1000/1000/1000 1001/1001/1001 998/998/998 
f 999/999/999 1002/1002/1002 1003/1003/1003 
f 1003/1003/1003 1000/1000/1000 999/999/999 
f 1002/1002/1002 1004/1004/1004 1005/1005/1005 
f 1005/1005/1005 1003/1003/1003 1002/1002/1002 
f 1004/1004/1004 1006/1006/1006 1007/1007/1007 
f 1007/1007/1007 1005/1005/1005 1004/1004/1004 
f 1008/1008/1008 1009/1009/1009 1010/1010/1010 
f 1010/1010/1010 1011/1011/1011 1008/1008/1008 
f 1012/1012/1012 1013/1013/1013 1009/1009/1009 
f 1009/1009/1009 1008/1008/1008 1012/1012/1012 
f 1012/1012/1012 998/998/998 1001/1001/1001 
f 1001/1001/1001 1013/1013/1013 1012/1012/1012 
f 1006/1006/1006 1014/1014/1014 1015/1015/1015 
f 1015/1015/1015 1007/1007/1007 1006/1006/1006 
f 1011/1011/1011 1010/1010/1010 1016/1016/1016 
f 1017/1017/1017 1018/1018/1018 1019/1019/1019 
f 1019/1019/1019 1020/1020/1020 1017/1017/1017 
f 1021/1021/1021 1017/1017/1017 1020/1020/1020 
f 1020/1020/1020 1022/1022/1022 1021/1021/1021 
f 1023/1023/1023 1021/1021/1021 1022/1022/1022 
f 1024/1024/1024 1025/1025/1025 1026/1026/1026 
f 1026/1026/1026 1027/1027/1027 1024/1024/1024 
f 1027/1027/1027 1026/1026/1026 1028/1028/1028 
f 1028/1028/1028 1029/1029/1029 1027/1027/1027 
f 1029/1029/1029 1028/1028/1028 1030/1030/1030 
f 1030/1030/1030 1031/1031/1031 1029/1029/1029 
f 1031/1031/1031 1030/1030/1030 1032/1032/1032 
f 1032/1032/1032 1033/1033/1033 1031/1031/1031 
f 1033/1033/1033 1032/1032/1032 1034/1034/1034 
f 1034/1034/1034 1035/1035/1035 1033/1033/1033 
f 1035/1035/1035 1034/1034/1034 1036/1036/1036 
f 1036/1036/1036 1037/1037/1037 1035/1035/1035 
f 1037/1037/1037 1036/1036/1036 1038/1038/1038 
f 1038/1038/1038 1039/1039/1039 1037/1037/1037 
f 1040/1040/1040 1039/1039/1039 1038/1038/1038 
f 1038/1038/1038 1041/1041/1041 1040/1040/1040 
f 1040/1040/1040 1041/1041/1041 1042/1042/1042 
f 1042/1042/1042 1043/1043/1043 1040/1040/1040 
f 1044/1044/1044 1045/1045/1045 1046/1046/1046 
f 1046/1046/1046 1047/1047/1047 1044/1044/1044 
f 1047/1047/1047 1046/1046/1046 1048/1048/1048 
f 1048/1048/1048 1049/1049/1049 1047/1047/1047 
f 1050/1050/1050 1049/1049/1049 1048/1048/1048 
f 1048/1048/1048 1051/1051/1051 1050/1050/1050 
f 1052/1052/1052 1050/1050/1050 1051/1051/1051 
f 1051/1051/1051 1053/1053/1053 1052/1052/1052 
f 1054/1054/1054 1052/1052/1052 1053/1053/1053 
f 1053/1053/1053 1055/1055/1055 1054/1054/1054 
f 1056/1056/1056 1054/1054/1054 1055/1055/1055 
f 1055/1055/1055 1057/1057/1057 1056/1056/1056 
f 1018/1018/1018 1056/1056/1056 1057/1057/1057 
f 1057/1057/1057 1019/1019/1019 1018/1018/1018 
f 1058/1058/1058 1059/1059/1059 1060/1060/1060 
f 1060/1060/1060 1025/1025/1025 1058/1058/1058 
f 1025/1025/1025 1060/1060/1060 1061/1061/1061 
f 1061/1061/1061 1026/1026/1026 1025/1025/1025 
f 1026/1026/1026 1061/1061/1061 1062/1062/1062 
f 1062/1062/1062 1028/1028/1028 1026/1026/1026 
f 1028/1028/1028 1062/1062/1062 1063/1063/1063 
f 1063/1063/1063 1030/1030/1030 1028/1028/1028 
f 1030/1030/1030 1063/1063/1063 1064/1064/1064 
f 1064/1064/1064 1032/1032/1032 1030/1030/1030 
f 1032/1032/1032 1064/1064/1064 1065/1065/1065 
f 1065/1065/1065 1034/1034/1034 1032/1032/1032 
f 1034/1034/1034 1065/1065/1065 1066/1066/1066 
f 1066/1066/1066 1036/1036/1036 1034/1034/1034 
f 1036/1036/1036 1066/1066/1066 1067/1067/1067 
f 1067/1067/1067 1038/1038/1038 1036/1036/1036 
f 1038/1038/1038 1067/1067/1067 1068/1068/1068 
f 1068/1068/1068 1041/1041/1041 1038/1038/1038 
f 1042/1042/1042 1041/1041/1041 1068/1068/1068 
f 1046/1046/1046 1045/1045/1045 1069/1069/1069 
f 1048/1048/1048 1046/1046/1046 1069/1069/1069 
f 1069/1069/1069 1070/1070/1070 1048/1048/1048 
f 1051/1051/1051 1048/1048/1048 1070/1070/1070 
f 1070/1070/1070 1071/1071/1071 1051/1051/1051 
f 1053/1053/1053 1051/1051/1051 1071/1071/1071 
f 1071/1071/1071 1072/1072/1072 1053/1053/1053 
f 1055/1055/1055 1053/1053/1053 1072/1072/1072 
f 1072/1072/1072 1073/1073/1073 1055/1055/1055 
f 1057/1057/1057 1055/1055/1055 1073/1073/1073 
f 1073/1073/1073 1074/1074/1074 1057/1057/1057 
f 1019/1019/1019 1057/1057/1057 1074/1074/1074 
f 1074/1074/1074 1075/1075/1075 1019/1019/1019 
f 1020/1020/1020 1019/1019/1019 1075/1075/1075 
f 1075/1075/1075 1076/1076/1076 1020/1020/1020 
f 1022/1022/1022 1020/1020/1020 1076/1076/1076 
f 1076/1076/1076 1077/1077/1077 1022/1022/1022 
f 1078/1078/1078 1022/1022/1022 1077/1077/1077 
f 1077/1077/1077 1079/1079/1079 1078/1078/1078 
f 993/993/993 1031/1031/1031 1033/1033/1033 
f 1033/1033/1033 980/980/980 993/993/993 
f 980/980/980 1033/1033/1033 1035/1035/1035 
f 1035/1035/1035 981/981/981 980/980/980 
f 981/981/981 1035/1035/1035 1037/1037/1037 
f 1037/1037/1037 983/983/983 981/981/981 
f 983/983/983 1037/1037/1037 1039/1039/1039 
f 1039/1039/1039 985/985/985 983/983/983 
f 985/985/985 1039/1039/1039 1040/1040/1040 
f 1040/1040/1040 987/987/987 985/985/985 
f 987/987/987 1040/1040/1040 1043/1043/1043 
f 1043/1043/1043 995/995/995 987/987/987 
f 1007/1007/1007 1015/1015/1015 1044/1044/1044 
f 1044/1044/1044 1047/1047/1047 1007/1007/1007 
f 1005/1005/1005 1007/1007/1007 1047/1047/1047 
f 1047/1047/1047 1049/1049/1049 1005/1005/1005 
f 1003/1003/1003 1005/1005/1005 1049/1049/1049 
f 1049/1049/1049 1050/1050/1050 1003/1003/1003 
f 1000/1000/1000 1003/1003/1003 1050/1050/1050 
f 1050/1050/1050 1052/1052/1052 1000/1000/1000 
f 1001/1001/1001 1000/1000/1000 1052/1052/1052 
f 1052/1052/1052 1054/1054/1054 1001/1001/1001 
f 1013/1013/1013 1001/1001/1001 1054/1054/1054 
f 1054/1054/1054 1056/1056/1056 1013/1013/1013 
f 1009/1009/1009 1013/1013/1013 1056/1056/1056 
f 1056/1056/1056 1018/1018/1018 1009/1009/1009 
f 1010/1010/1010 1009/1009/1009 1018/1018/1018 
f 1018/1018/1018 1017/1017/1017 1010/1010/1010 
f 1016/1016/1016 1010/1010/1010 1017/1017/1017 
f 1017/1017/1017 1021/1021/1021 1016/1016/1016 
f 997/997/997 1024/1024/1024 1027/1027/1027 
f 1027/1027/1027 991/991/991 997/997/997 
f 991/991/991 1027/1027/1027 1029/1029/1029 
f 1029/1029/1029 992/992/992 991/991/991 
f 992/992/992 1029/1029/1029 1031/1031/1031 
f 1031/1031/1031 993/993/993 992/992/992 
f 1080/1080/1080 1058/1058/1058 1025/1025/1025 
f 1078/1078/1078 1023/1023/1023 1022/1022/1022 
f 1024/1024/1024 1080/1080/1080 1025/1025/1025 
f 1081/1081/1081 1082/1082/1082 1083/1083/1083 
f 1083/1083/1083 1084/1084/1084 1081/1081/1081 
f 1082/1082/1082 1081/1081/1081 1085/1085/1085 
f 1085/1085/1085 1086/1086/1086 1082/1082/1082 
f 1087/1087/1087 1088/1088/1088 1089/1089/1089 
f 1089/1089/1089 1090/1090/1090 1087/1087/1087 
f 1088/1088/1088 1091/1091/1091 1092/1092/1092 
f 1092/1092/1092 1089/1089/1089 1088/1088/1088 
f 1088/1088/1088 1087/1087/1087 1093/1093/1093 
f 1093/1093/1093 1094/1094/1094 1088/1088/1088 
f 1094/1094/1094 1095/1095/1095 1091/1091/1091 
f 1091/1091/1091 1088/1088/1088 1094/1094/1094 
f 1096/1096/1096 1097/1097/1097 1098/1098/1098 
f 1099/1099/1099 1100/1100/1100 1098/1098/1098 
f 1098/1098/1098 1097/1097/1097 1099/1099/1099 
f 1101/1101/1101 1102/1102/1102 1103/1103/1103 
f 1103/1103/1103 1104/1104/1104 1101/1101/1101 
f 1105/1105/1105 1106/1106/1106 1107/1107/1107 
f 1107/1107/1107 1108/1108/1108 1105/1105/1105 
f 1109/1109/1109 1105/1105/1105 1108/1108/1108 
f 1108/1108/1108 1110/1110/1110 1109/1109/1109 
f 1111/1111/1111 1086/1086/1086 1112/1112/1112 
f 1112/1112/1112 1113/1113/1113 1111/1111/1111 
f 1114/1114/1114 1082/1082/1082 1086/1086/1086 
f 1086/1086/1086 1111/1111/1111 1114/1114/1114 
f 1082/1082/1082 1114/1114/1114 1115/1115/1115 
f 1115/1115/1115 1083/1083/1083 1082/1082/1082 
f 1095/1095/1095 1096/1096/1096 1116/1116/1116 
f 1116/1116/1116 1091/1091/1091 1095/1095/1095 
f 1113/1113/1113 1117/1117/1117 1118/1118/1118 
f 1112/1112/1112 1119/1119/1119 1117/1117/1117 
f 1117/1117/1117 1113/1113/1113 1112/1112/1112 
f 1105/1105/1105 1109/1109/1109 1120/1120/1120 
f 1120/1120/1120 1121/1121/1121 1105/1105/1105 
f 1100/1100/1100 1122/1122/1122 1123/1123/1123 
f 1123/1123/1123 1098/1098/1098 1100/1100/1100 
f 1098/1098/1098 1123/1123/1123 1116/1116/1116 
f 1116/1116/1116 1096/1096/1096 1098/1098/1098 
f 1106/1106/1106 1105/1105/1105 1121/1121/1121 
f 1121/1121/1121 1124/1124/1124 1106/1106/1106 
f 1102/1102/1102 1125/1125/1125 1126/1126/1126 
f 1126/1126/1126 1103/1103/1103 1102/1102/1102 
f 1117/1117/1117 1109/1109/1109 1110/1110/1110 
f 1110/1110/1110 1118/1118/1118 1117/1117/1117 
f 1109/1109/1109 1117/1117/1117 1119/1119/1119 
f 1119/1119/1119 1120/1120/1120 1109/1109/1109 
f 1104/1104/1104 1103/1103/1103 1100/1100/1100 
f 1100/1100/1100 1099/1099/1099 1104/1104/1104 
f 1122/1122/1122 1100/1100/1100 1103/1103/1103 
f 1103/1103/1103 1126/1126/1126 1122/1122/1122 
f 1127/1127/1127 1128/1128/1128 1129/1129/1129 
f 1129/1129/1129 1130/1130/1130 1127/1127/1127 
f 1131/1131/1131 1132/1132/1132 1133/1133/1133 
f 1133/1133/1133 1134/1134/1134 1131/1131/1131 
f 1132/1132/1132 1135/1135/1135 1136/1136/1136 
f 1136/1136/1136 1133/1133/1133 1132/1132/1132 
f 1137/1137/1137 1138/1138/1138 1139/1139/1139 
f 1139/1139/1139 1140/1140/1140 1137/1137/1137 
f 1141/1141/1141 1142/1142/1142 1143/1143/1143 
f 1143/1143/1143 1144/1144/1144 1141/1141/1141 
f 1145/1145/1145 1146/1146/1146 1143/1143/1143 
f 1143/1143/1143 1142/1142/1142 1145/1145/1145 
f 1147/1147/1147 1148/1148/1148 1146/1146/1146 
f 1146/1146/1146 1145/1145/1145 1147/1147/1147 
f 1149/1149/1149 1150/1150/1150 1151/1151/1151 
f 1151/1151/1151 1152/1152/1152 1149/1149/1149 
f 1135/1135/1135 1137/1137/1137 1140/1140/1140 
f 1140/1140/1140 1136/1136/1136 1135/1135/1135 
f 1130/1130/1130 1129/1129/1129 1150/1150/1150 
f 1150/1150/1150 1149/1149/1149 1130/1130/1130 
f 1152/1152/1152 1151/1151/1151 1148/1148/1148 
f 1148/1148/1148 1147/1147/1147 1152/1152/1152 
f 1138/1138/1138 1141/1141/1141 1144/1144/1144 
f 1144/1144/1144 1139/1139/1139 1138/1138/1138 
f 1153/1153/1153 1154/1154/1154 1155/1155/1155 
f 1155/1155/1155 1156/1156/1156 1153/1153/1153 
f 1157/1157/1157 1158/1158/1158 1159/1159/1159 
f 1159/1159/1159 1160/1160/1160 1157/1157/1157 
f 1161/1161/1161 1162/1162/1162 1163/1163/1163 
f 1163/1163/1163 1164/1164/1164 1161/1161/1161 
f 1165/1165/1165 1166/1166/1166 1163/1163/1163 
f 1163/1163/1163 1162/1162/1162 1165/1165/1165 
f 1167/1167/1167 1168/1168/1168 1166/1166/1166 
f 1166/1166/1166 1165/1165/1165 1167/1167/1167 
f 1169/1169/1169 1170/1170/1170 1171/1171/1171 
f 1171/1171/1171 1172/1172/1172 1169/1169/1169 
f 1154/1154/1154 1157/1157/1157 1160/1160/1160 
f 1160/1160/1160 1155/1155/1155 1154/1154/1154 
f 1173/1173/1173 1174/1174/1174 1170/1170/1170 
f 1170/1170/1170 1169/1169/1169 1173/1173/1173 
f 1172/1172/1172 1171/1171/1171 1168/1168/1168 
f 1168/1168/1168 1167/1167/1167 1172/1172/1172 
f 1158/1158/1158 1161/1161/1161 1164/1164/1164 
f 1164/1164/1164 1159/1159/1159 1158/1158/1158 
f 1175/1175/1175 1176/1176/1176 1177/1177/1177 
f 1177/1177/1177 1178/1178/1178 1175/1175/1175 
f 1178/1178/1178 1177/1177/1177 1179/1179/1179 
f 1179/1179/1179 1180/1180/1180 1178/1178/1178 
f 1180/1180/1180 1179/1179/1179 1181/1181/1181 
f 1181/1181/1181 1182/1182/1182 1180/1180/1180 
f 1182/1182/1182 1181/1181/1181 1183/1183/1183 
f 1183/1183/1183 1184/1184/1184 1182/1182/1182 
f 1185/1185/1185 1186/1186/1186 1187/1187/1187 
f 1185/1185/1185 1187/1187/1187 1188/1188/1188 
f 1188/1188/1188 1189/1189/1189 1185/1185/1185 
f 1189/1189/1189 1188/1188/1188 1176/1176/1176 
f 1176/1176/1176 1175/1175/1175 1189/1189/1189 
f 1190/1190/1190 1191/1191/1191 1184/1184/1184 
f 1184/1184/1184 1183/1183/1183 1190/1190/1190 
f 1178/1178/1178 1192/1192/1192 1193/1193/1193 
f 1193/1193/1193 1175/1175/1175 1178/1178/1178 
f 1180/1180/1180 1194/1194/1194 1192/1192/1192 
f 1192/1192/1192 1178/1178/1178 1180/1180/1180 
f 1182/1182/1182 1195/1195/1195 1194/1194/1194 
f 1194/1194/1194 1180/1180/1180 1182/1182/1182 
f 1184/1184/1184 1196/1196/1196 1195/1195/1195 
f 1195/1195/1195 1182/1182/1182 1184/1184/1184 
f 1193/1193/1193 1197/1197/1197 1189/1189/1189 
f 1189/1189/1189 1175/1175/1175 1193/1193/1193 
f 1191/1191/1191 1198/1198/1198 1196/1196/1196 
f 1196/1196/1196 1184/1184/1184 1191/1191/1191 
f 1199/1199/1199 1200/1200/1200 1201/1201/1201 
f 1201/1201/1201 1202/1202/1202 1199/1199/1199 
f 1203/1203/1203 1204/1204/1204 1200/1200/1200 
f 1200/1200/1200 1199/1199/1199 1203/1203/1203 
f 1205/1205/1205 1206/1206/1206 1204/1204/1204 
f 1204/1204/1204 1203/1203/1203 1205/1205/1205 
f 1207/1207/1207 1208/1208/1208 1206/1206/1206 
f 1206/1206/1206 1205/1205/1205 1207/1207/1207 
f 1209/1209/1209 1210/1210/1210 1208/1208/1208 
f 1208/1208/1208 1207/1207/1207 1209/1209/1209 
f 1211/1211/1211 1212/1212/1212 1210/1210/1210 
f 1210/1210/1210 1209/1209/1209 1211/1211/1211 
f 1213/1213/1213 1214/1214/1214 1215/1215/1215 
f 1215/1215/1215 1216/1216/1216 1213/1213/1213 
f 1214/1214/1214 1217/1217/1217 1218/1218/1218 
f 1218/1218/1218 1215/1215/1215 1214/1214/1214 
f 1217/1217/1217 1219/1219/1219 1220/1220/1220 
f 1220/1220/1220 1218/1218/1218 1217/1217/1217 
f 1219/1219/1219 1221/1221/1221 1222/1222/1222 
f 1222/1222/1222 1220/1220/1220 1219/1219/1219 
f 1223/1223/1223 1224/1224/1224 1225/1225/1225 
f 1224/1224/1224 1226/1226/1226 1227/1227/1227 
f 1227/1227/1227 1225/1225/1225 1224/1224/1224 
f 1226/1226/1226 1213/1213/1213 1216/1216/1216 
f 1216/1216/1216 1227/1227/1227 1226/1226/1226 
f 1221/1221/1221 1228/1228/1228 1229/1229/1229 
f 1229/1229/1229 1222/1222/1222 1221/1221/1221 
f 1214/1214/1214 1213/1213/1213 1230/1230/1230 
f 1230/1230/1230 1231/1231/1231 1214/1214/1214 
f 1217/1217/1217 1214/1214/1214 1231/1231/1231 
f 1231/1231/1231 1232/1232/1232 1217/1217/1217 
f 1219/1219/1219 1217/1217/1217 1232/1232/1232 
f 1232/1232/1232 1233/1233/1233 1219/1219/1219 
f 1221/1221/1221 1219/1219/1219 1233/1233/1233 
f 1233/1233/1233 1234/1234/1234 1221/1221/1221 
f 1226/1226/1226 1235/1235/1235 1230/1230/1230 
f 1230/1230/1230 1213/1213/1213 1226/1226/1226 
f 1228/1228/1228 1221/1221/1221 1234/1234/1234 
f 1234/1234/1234 1236/1236/1236 1228/1228/1228 
f 1237/1237/1237 1238/1238/1238 1239/1239/1239 
f 1239/1239/1239 1240/1240/1240 1237/1237/1237 
f 1241/1241/1241 1237/1237/1237 1240/1240/1240 
f 1240/1240/1240 1242/1242/1242 1241/1241/1241 
f 1243/1243/1243 1241/1241/1241 1242/1242/1242 
f 1242/1242/1242 1244/1244/1244 1243/1243/1243 
f 1245/1245/1245 1243/1243/1243 1244/1244/1244 
f 1244/1244/1244 1246/1246/1246 1245/1245/1245 
f 1247/1247/1247 1245/1245/1245 1246/1246/1246 
f 1246/1246/1246 1248/1248/1248 1247/1247/1247 
f 1249/1249/1249 1247/1247/1247 1248/1248/1248 
f 1248/1248/1248 1250/1250/1250 1249/1249/1249 
f 1235/1235/1235 1238/1238/1238 1237/1237/1237 
f 1237/1237/1237 1230/1230/1230 1235/1235/1235 
f 1231/1231/1231 1230/1230/1230 1237/1237/1237 
f 1237/1237/1237 1241/1241/1241 1231/1231/1231 
f 1232/1232/1232 1231/1231/1231 1241/1241/1241 
f 1241/1241/1241 1243/1243/1243 1232/1232/1232 
f 1233/1233/1233 1232/1232/1232 1243/1243/1243 
f 1243/1243/1243 1245/1245/1245 1233/1233/1233 
f 1234/1234/1234 1233/1233/1233 1245/1245/1245 
f 1245/1245/1245 1247/1247/1247 1234/1234/1234 
f 1236/1236/1236 1234/1234/1234 1247/1247/1247 
f 1247/1247/1247 1249/1249/1249 1236/1236/1236 
f 1198/1198/1198 1211/1211/1211 1209/1209/1209 
f 1209/1209/1209 1196/1196/1196 1198/1198/1198 
f 1196/1196/1196 1209/1209/1209 1207/1207/1207 
f 1207/1207/1207 1195/1195/1195 1196/1196/1196 
f 1195/1195/1195 1207/1207/1207 1205/1205/1205 
f 1205/1205/1205 1194/1194/1194 1195/1195/1195 
f 1194/1194/1194 1205/1205/1205 1203/1203/1203 
f 1203/1203/1203 1192/1192/1192 1194/1194/1194 
f 1192/1192/1192 1203/1203/1203 1199/1199/1199 
f 1199/1199/1199 1193/1193/1193 1192/1192/1192 
f 1197/1197/1197 1193/1193/1193 1199/1199/1199 
f 1199/1199/1199 1202/1202/1202 1197/1197/1197 
f 1251/1251/1251 1252/1252/1252 1253/1253/1253 
f 1253/1253/1253 1254/1254/1254 1251/1251/1251 
f 1252/1252/1252 1251/1251/1251 1255/1255/1255 
f 1256/1256/1256 1257/1257/1257 1258/1258/1258 
f 1258/1258/1258 1259/1259/1259 1256/1256/1256 
f 1260/1260/1260 1258/1258/1258 1257/1257/1257 
f 1257/1257/1257 1261/1261/1261 1260/1260/1260 
f 1262/1262/1262 1263/1263/1263 1264/1264/1264 
f 1264/1264/1264 1265/1265/1265 1262/1262/1262 
f 1266/1266/1266 1267/1267/1267 1268/1268/1268 
f 1268/1268/1268 1269/1269/1269 1270/1270/1270 
f 1270/1270/1270 1266/1266/1266 1268/1268/1268 
f 1271/1271/1271 1272/1272/1272 1273/1273/1273 
f 1273/1273/1273 1274/1274/1274 1271/1271/1271 
f 1272/1272/1272 1271/1271/1271 1275/1275/1275 
f 1275/1275/1275 1276/1276/1276 1272/1272/1272 
f 1277/1277/1277 1278/1278/1278 1274/1274/1274 
f 1274/1274/1274 1273/1273/1273 1277/1277/1277 
f 1276/1276/1276 1279/1279/1279 1280/1280/1280 
f 1280/1280/1280 1281/1281/1281 1276/1276/1276 
f 1282/1282/1282 1276/1276/1276 1281/1281/1281 
f 1281/1281/1281 1283/1283/1283 1282/1282/1282 
f 1283/1283/1283 1284/1284/1284 1285/1285/1285 
f 1285/1285/1285 1282/1282/1282 1283/1283/1283 
f 1286/1286/1286 1285/1285/1285 1284/1284/1284 
f 1284/1284/1284 1287/1287/1287 1286/1286/1286 
f 1287/1287/1287 1288/1288/1288 1289/1289/1289 
f 1289/1289/1289 1286/1286/1286 1287/1287/1287 
f 1290/1290/1290 1291/1291/1291 1292/1292/1292 
f 1292/1292/1292 1293/1293/1293 1290/1290/1290 
f 1291/1291/1291 1290/1290/1290 1294/1294/1294 
f 1294/1294/1294 1295/1295/1295 1291/1291/1291 
f 1296/1296/1296 1297/1297/1297 1295/1295/1295 
f 1295/1295/1295 1294/1294/1294 1296/1296/1296 
f 1297/1297/1297 1296/1296/1296 1298/1298/1298 
f 1298/1298/1298 1261/1261/1261 1297/1297/1297 
f 1260/1260/1260 1261/1261/1261 1299/1299/1299 
f 1273/1273/1273 1272/1272/1272 1276/1276/1276 
f 1276/1276/1276 1282/1282/1282 1273/1273/1273 
f 1277/1277/1277 1273/1273/1273 1282/1282/1282 
f 1282/1282/1282 1285/1285/1285 1277/1277/1277 
f 1256/1256/1256 1297/1297/1297 1261/1261/1261 
f 1261/1261/1261 1257/1257/1257 1256/1256/1256 
f 1265/1265/1265 1295/1295/1295 1297/1297/1297 
f 1297/1297/1297 1256/1256/1256 1265/1265/1265 
f 1278/1278/1278 1277/1277/1277 1270/1270/1270 
f 1270/1270/1270 1269/1269/1269 1278/1278/1278 
f 1259/1259/1259 1262/1262/1262 1265/1265/1265 
f 1265/1265/1265 1256/1256/1256 1259/1259/1259 
f 1300/1300/1300 1301/1301/1301 1302/1302/1302 
f 1301/1301/1301 1300/1300/1300 1264/1264/1264 
f 1264/1264/1264 1263/1263/1263 1301/1301/1301 
f 1303/1303/1303 1254/1254/1254 1253/1253/1253 
f 1253/1253/1253 1304/1304/1304 1303/1303/1303 
f 1304/1304/1304 1305/1305/1305 1303/1303/1303 
f 1306/1306/1306 1253/1253/1253 1252/1252/1252 
f 1252/1252/1252 1307/1307/1307 1306/1306/1306 
f 1308/1308/1308 1309/1309/1309 1251/1251/1251 
f 1251/1251/1251 1254/1254/1254 1308/1308/1308 
f 1310/1310/1310 1255/1255/1255 1251/1251/1251 
f 1251/1251/1251 1309/1309/1309 1310/1310/1310 
f 1307/1307/1307 1252/1252/1252 1255/1255/1255 
f 1255/1255/1255 1311/1311/1311 1307/1307/1307 
f 1312/1312/1312 1254/1254/1254 1303/1303/1303 
f 1303/1303/1303 1313/1313/1313 1312/1312/1312 
f 1306/1306/1306 1314/1314/1314 1304/1304/1304 
f 1304/1304/1304 1253/1253/1253 1306/1306/1306 
f 1315/1315/1315 1305/1305/1305 1304/1304/1304 
f 1304/1304/1304 1314/1314/1314 1315/1315/1315 
f 1313/1313/1313 1303/1303/1303 1305/1305/1305 
f 1305/1305/1305 1316/1316/1316 1313/1313/1313 
f 1317/1317/1317 1318/1318/1318 1319/1319/1319 
f 1319/1319/1319 1320/1320/1320 1317/1317/1317 
f 1318/1318/1318 1321/1321/1321 1322/1322/1322 
f 1322/1322/1322 1319/1319/1319 1318/1318/1318 
f 1323/1323/1323 1324/1324/1324 1325/1325/1325 
f 1325/1325/1325 1326/1326/1326 1323/1323/1323 
f 1327/1327/1327 1328/1328/1328 1324/1324/1324 
f 1324/1324/1324 1323/1323/1323 1327/1327/1327 
f 1329/1329/1329 1330/1330/1330 1331/1331/1331 
f 1331/1331/1331 1332/1332/1332 1329/1329/1329 
f 1332/1332/1332 1331/1331/1331 1333/1333/1333 
f 1333/1333/1333 1334/1334/1334 1332/1332/1332 
f 1335/1335/1335 1334/1334/1334 1333/1333/1333 
f 1333/1333/1333 1336/1336/1336 1335/1335/1335 
f 1337/1337/1337 1335/1335/1335 1336/1336/1336 
f 1336/1336/1336 1338/1338/1338 1337/1337/1337 
f 1339/1339/1339 1337/1337/1337 1338/1338/1338 
f 1329/1329/1329 1340/1340/1340 1330/1330/1330 
f 1340/1340/1340 1317/1317/1317 1320/1320/1320 
f 1320/1320/1320 1330/1330/1330 1340/1340/1340 
f 1339/1339/1339 1338/1338/1338 1328/1328/1328 
f 1328/1328/1328 1327/1327/1327 1339/1339/1339 
f 1341/1341/1341 1342/1342/1342 1343/1343/1343 
f 1343/1343/1343 1344/1344/1344 1341/1341/1341 
f 1344/1344/1344 1343/1343/1343 1345/1345/1345 
f 1345/1345/1345 1346/1346/1346 1344/1344/1344 
f 1345/1345/1345 1347/1347/1347 1348/1348/1348 
f 1348/1348/1348 1346/1346/1346 1345/1345/1345 
f 1349/1349/1349 1348/1348/1348 1347/1347/1347 
f 1347/1347/1347 1350/1350/1350 1349/1349/1349 
f 1351/1351/1351 1352/1352/1352 1353/1353/1353 
f 1353/1353/1353 1354/1354/1354 1351/1351/1351 
f 1355/1355/1355 1356/1356/1356 1354/1354/1354 
f 1354/1354/1354 1353/1353/1353 1355/1355/1355 
f 1356/1356/1356 1355/1355/1355 1357/1357/1357 
f 1357/1357/1357 1358/1358/1358 1356/1356/1356 
f 1359/1359/1359 1360/1360/1360 1358/1358/1358 
f 1358/1358/1358 1357/1357/1357 1359/1359/1359 
f 1360/1360/1360 1359/1359/1359 1361/1361/1361 
f 1361/1361/1361 1362/1362/1362 1360/1360/1360 
f 1363/1363/1363 1364/1364/1364 1360/1360/1360 
f 1360/1360/1360 1362/1362/1362 1363/1363/1363 
f 1358/1358/1358 1360/1360/1360 1364/1364/1364 
f 1364/1364/1364 1365/1365/1365 1358/1358/1358 
f 1365/1365/1365 1366/1366/1366 1356/1356/1356 
f 1356/1356/1356 1358/1358/1358 1365/1365/1365 
f 1354/1354/1354 1356/1356/1356 1366/1366/1366 
f 1366/1366/1366 1367/1367/1367 1354/1354/1354 
f 1367/1367/1367 1368/1368/1368 1351/1351/1351 
f 1351/1351/1351 1354/1354/1354 1367/1367/1367 
f 1369/1369/1369 1370/1370/1370 1352/1352/1352 
f 1352/1352/1352 1351/1351/1351 1369/1369/1369 
f 1371/1371/1371 1369/1369/1369 1351/1351/1351 
f 1351/1351/1351 1368/1368/1368 1371/1371/1371 
f 1276/1276/1276 1275/1275/1275 1279/1279/1279 
f 1261/1261/1261 1298/1298/1298 1372/1372/1372 
f 1372/1372/1372 1299/1299/1299 1261/1261/1261 
f 1373/1373/1373 1374/1374/1374 1375/1375/1375 
f 1375/1375/1375 1376/1376/1376 1373/1373/1373 
f 1373/1373/1373 1377/1377/1377 1378/1378/1378 
f 1378/1378/1378 1374/1374/1374 1373/1373/1373 
f 1377/1377/1377 1379/1379/1379 1380/1380/1380 
f 1380/1380/1380 1378/1378/1378 1377/1377/1377 
f 1380/1380/1380 1379/1379/1379 1381/1381/1381 
f 1376/1376/1376 1375/1375/1375 1382/1382/1382 
f 1383/1383/1383 1381/1381/1381 1379/1379/1379 
f 1379/1379/1379 1384/1384/1384 1383/1383/1383 
f 1385/1385/1385 1386/1386/1386 1387/1387/1387 
f 1386/1386/1386 1388/1388/1388 1389/1389/1389 
f 1389/1389/1389 1387/1387/1387 1386/1386/1386 
f 1390/1390/1390 1384/1384/1384 1389/1389/1389 
f 1389/1389/1389 1388/1388/1388 1390/1390/1390 
f 1390/1390/1390 1383/1383/1383 1384/1384/1384 

g Lance1

v -144.679 2.30443 -228.383 
v -144.667 2.26788 -228.383 
v -144.617 2.30493 -228.383 
v -144.668 2.34116 -228.383 
v -144.637 2.36407 -228.383 
v -144.598 2.36438 -228.383 
v -144.567 2.34198 -228.383 
v -144.555 2.30544 -228.383 
v -144.566 2.2687 -228.383 
v -144.597 2.2458 -228.383 
v -144.636 2.24549 -228.383 
v -144.834 2.30317 -228.687 
v -144.805 2.30341 -228.714 
v -144.768 2.1933 -228.714 
v -144.792 2.17583 -228.687 
v -144.794 2.43118 -228.687 
v -144.77 2.4141 -228.714 
v -144.686 2.51098 -228.687 
v -144.676 2.48309 -228.714 
v -144.77 2.4141 -228.714 
v -144.794 2.43118 -228.687 
v -144.551 2.51207 -228.687 
v -144.56 2.48404 -228.714 
v -144.442 2.43404 -228.687 
v -144.466 2.41657 -228.714 
v -144.4 2.3067 -228.687 
v -144.429 2.30646 -228.714 
v -144.44 2.17868 -228.687 
v -144.464 2.19577 -228.714 
v -144.548 2.09889 -228.687 
v -144.557 2.12677 -228.714 
v -144.682 2.0978 -228.687 
v -144.673 2.12583 -228.714 
v -144.734 2.30399 -228.593 
v -144.748 2.30387 -228.64 
v -144.722 2.22698 -228.64 
v -144.711 2.23555 -228.593 
v -144.712 2.37278 -228.593 
v -144.724 2.38116 -228.64 
v -144.654 2.41566 -228.593 
v -144.658 2.42934 -228.64 
v -144.724 2.38116 -228.64 
v -144.712 2.37278 -228.593 
v -144.582 2.41625 -228.593 
v -144.577 2.43 -228.64 
v -144.523 2.37432 -228.593 
v -144.511 2.38288 -228.64 
v -144.5 2.30588 -228.593 
v -144.486 2.306 -228.64 
v -144.522 2.23709 -228.593 
v -144.51 2.22871 -228.64 
v -144.58 2.1942 -228.593 
v -144.575 2.18053 -228.64 
v -144.652 2.19362 -228.593 
v -144.656 2.17987 -228.64 
v -144.805 2.30341 -228.714 
v -144.849 2.30305 -228.757 
v -144.804 2.16682 -228.757 
v -144.768 2.1933 -228.714 
v -144.77 2.4141 -228.714 
v -144.806 2.44 -228.757 
v -144.676 2.48309 -228.714 
v -144.69 2.52536 -228.757 
v -144.806 2.44 -228.757 
v -144.77 2.4141 -228.714 
v -144.56 2.48404 -228.714 
v -144.547 2.52653 -228.757 
v -144.466 2.41657 -228.714 
v -144.43 2.44305 -228.757 
v -144.429 2.30646 -228.714 
v -144.384 2.30682 -228.757 
v -144.464 2.19577 -228.714 
v -144.428 2.16987 -228.757 
v -144.557 2.12677 -228.714 
v -144.543 2.08451 -228.757 
v -144.673 2.12583 -228.714 
v -144.687 2.08334 -228.757 
v -144.656 2.17991 -229.164 
v -144.722 2.22701 -229.164 
v -144.666 2.26884 -229.182 
v -144.635 2.24703 -229.182 
v -144.678 2.30444 -229.182 
v -144.748 2.30387 -229.164 
v -144.666 2.34023 -229.182 
v -144.724 2.38114 -229.164 
v -144.575 2.18057 -229.164 
v -144.598 2.24733 -229.182 
v -144.636 2.36253 -229.182 
v -144.658 2.4293 -229.164 
v -144.599 2.36284 -229.182 
v -144.577 2.42996 -229.164 
v -144.568 2.34103 -229.182 
v -144.511 2.38286 -229.164 
v -144.556 2.30543 -229.182 
v -144.486 2.306 -229.164 
v -144.567 2.26964 -229.182 
v -144.51 2.22873 -229.164 
v -144.842 2.3031 -229.149 
v -144.798 2.171 -229.149 
v -144.768 2.1933 -229.114 
v -144.805 2.30341 -229.114 
v -144.673 2.12583 -229.114 
v -144.685 2.09006 -229.149 
v -144.8 2.43591 -229.149 
v -144.77 2.4141 -229.114 
v -144.688 2.51868 -229.149 
v -144.8 2.43591 -229.149 
v -144.77 2.4141 -229.114 
v -144.676 2.4831 -229.114 
v -144.549 2.51981 -229.149 
v -144.56 2.48404 -229.114 
v -144.436 2.43887 -229.149 
v -144.466 2.41657 -229.114 
v -144.392 2.30676 -229.149 
v -144.429 2.30646 -229.114 
v -144.433 2.17397 -229.149 
v -144.464 2.19577 -229.114 
v -144.557 2.12678 -229.114 
v -144.545 2.09119 -229.149 
v -144.667 2.14603 -229.186 
v -144.564 2.14687 -229.186 
v -144.557 2.12674 -229.185 
v -144.673 2.12579 -229.185 
v -144.464 2.19574 -229.185 
v -144.481 2.20808 -229.186 
v -144.429 2.30646 -229.185 
v -144.45 2.30629 -229.186 
v -144.466 2.41659 -229.185 
v -144.483 2.40398 -229.186 
v -144.56 2.48407 -229.185 
v -144.567 2.46384 -229.186 
v -144.676 2.48313 -229.185 
v -144.67 2.463 -229.186 
v -144.77 2.41412 -229.185 
v -144.752 2.40179 -229.186 
v -144.805 2.30341 -229.185 
v -144.783 2.30358 -229.186 
v -144.768 2.19328 -229.185 
v -144.751 2.20589 -229.186 
v -144.464 2.19574 -229.185 
v -144.429 2.30646 -229.185 
v -144.466 2.41659 -229.185 
v -144.56 2.48407 -229.185 
v -144.676 2.48313 -229.185 
v -144.77 2.41412 -229.185 
v -144.77 2.41412 -229.185 
v -144.805 2.30341 -229.185 
v -144.768 2.19328 -229.185 
v -144.673 2.12579 -229.185 
v -144.557 2.12674 -229.185 
v -144.575 2.18053 -228.64 
v -144.51 2.22871 -228.64 
v -144.656 2.17987 -228.64 
v -144.722 2.22698 -228.64 
v -144.748 2.30387 -228.64 
v -144.724 2.38116 -228.64 
v -144.658 2.42934 -228.64 
v -144.724 2.38116 -228.64 
v -144.577 2.43 -228.64 
v -144.511 2.38288 -228.64 
v -144.486 2.306 -228.64 
v -144.464 2.19577 -228.781 
v -144.475 2.20343 -228.788 
v -144.442 2.30635 -228.788 
v -144.429 2.30646 -228.781 
v -144.476 2.40874 -228.788 
v -144.466 2.41657 -228.781 
v -144.564 2.47148 -228.788 
v -144.56 2.48404 -228.781 
v -144.672 2.4706 -228.788 
v -144.676 2.4831 -228.781 
v -144.759 2.40644 -228.788 
v -144.77 2.4141 -228.781 
v -144.77 2.4141 -228.781 
v -144.759 2.40644 -228.788 
v -144.792 2.30352 -228.788 
v -144.805 2.30341 -228.781 
v -144.757 2.20113 -228.788 
v -144.768 2.1933 -228.781 
v -144.669 2.13839 -228.788 
v -144.673 2.12583 -228.781 
v -144.562 2.13927 -228.788 
v -144.557 2.12678 -228.781 
v -144.492 2.30595 -234.585 
v -144.493 2.30594 -234.345 
v -144.516 2.23292 -234.345 
v -144.515 2.23242 -234.585 
v -144.517 2.37909 -234.585 
v -144.517 2.37857 -234.345 
v -144.579 2.4239 -234.585 
v -144.58 2.42307 -234.345 
v -144.656 2.42328 -234.585 
v -144.656 2.42245 -234.345 
v -144.718 2.37745 -234.585 
v -144.718 2.37694 -234.345 
v -144.742 2.30392 -234.585 
v -144.741 2.30393 -234.345 
v -144.718 2.37694 -234.345 
v -144.718 2.37745 -234.585 
v -144.717 2.23078 -234.585 
v -144.716 2.2313 -234.345 
v -144.654 2.18596 -234.585 
v -144.654 2.1868 -234.345 
v -144.577 2.18659 -234.585 
v -144.578 2.18741 -234.345 
v -144.515 2.23242 -234.585 
v -144.516 2.23292 -234.345 
v -144.494 2.30593 -233.925 
v -144.517 2.23381 -233.925 
v -144.518 2.37766 -233.925 
v -144.58 2.42162 -233.925 
v -144.656 2.421 -233.925 
v -144.716 2.37605 -233.925 
v -144.739 2.30394 -233.925 
v -144.716 2.37605 -233.925 
v -144.715 2.23221 -233.925 
v -144.654 2.18825 -233.925 
v -144.578 2.18887 -233.925 
v -144.517 2.23381 -233.925 
v -144.496 2.30592 -233.445 
v -144.519 2.23483 -233.445 
v -144.52 2.37663 -233.445 
v -144.581 2.41995 -233.445 
v -144.655 2.41935 -233.445 
v -144.715 2.37504 -233.445 
v -144.737 2.30396 -233.445 
v -144.715 2.37504 -233.445 
v -144.714 2.23324 -233.445 
v -144.653 2.18991 -233.445 
v -144.579 2.19052 -233.445 
v -144.519 2.23483 -233.445 
v -144.736 2.30397 -232.93 
v -144.713 2.37395 -232.93 
v -144.712 2.23436 -232.93 
v -144.653 2.1917 -232.93 
v -144.579 2.1923 -232.93 
v -144.52 2.23592 -232.93 
v -144.498 2.3059 -232.93 
v -144.52 2.23592 -232.93 
v -144.521 2.37551 -232.93 
v -144.581 2.41816 -232.93 
v -144.654 2.41757 -232.93 
v -144.713 2.37395 -232.93 
v -144.5 2.30588 -232.46 
v -144.522 2.23691 -232.46 
v -144.523 2.37449 -232.46 
v -144.582 2.41654 -232.46 
v -144.654 2.41595 -232.46 
v -144.712 2.37296 -232.46 
v -144.734 2.30398 -232.46 
v -144.712 2.37296 -232.46 
v -144.711 2.23537 -232.46 
v -144.652 2.19333 -232.46 
v -144.58 2.19392 -232.46 
v -144.522 2.23691 -232.46 
v -144.502 2.30587 -231.946 
v -144.523 2.238 -231.946 
v -144.524 2.37338 -231.946 
v -144.582 2.41475 -231.946 
v -144.653 2.41417 -231.946 
v -144.711 2.37187 -231.946 
v -144.732 2.304 -231.946 
v -144.711 2.37187 -231.946 
v -144.709 2.23648 -231.946 
v -144.652 2.19512 -231.946 
v -144.58 2.19569 -231.946 
v -144.523 2.238 -231.946 
v -144.524 2.2389 -231.517 
v -144.581 2.19718 -231.517 
v -144.503 2.30586 -231.517 
v -144.524 2.2389 -231.517 
v -144.525 2.37245 -231.517 
v -144.583 2.41326 -231.517 
v -144.653 2.41269 -231.517 
v -144.709 2.37096 -231.517 
v -144.73 2.30401 -231.517 
v -144.709 2.37096 -231.517 
v -144.708 2.23741 -231.517 
v -144.651 2.1966 -231.517 
v -144.505 2.30584 -231.087 
v -144.526 2.23981 -231.087 
v -144.527 2.37153 -231.087 
v -144.583 2.41177 -231.087 
v -144.652 2.41121 -231.087 
v -144.708 2.37005 -231.087 
v -144.729 2.30402 -231.087 
v -144.708 2.37005 -231.087 
v -144.707 2.23834 -231.087 
v -144.651 2.1981 -231.087 
v -144.581 2.19866 -231.087 
v -144.526 2.23981 -231.087 
v -144.507 2.30583 -230.58 
v -144.527 2.24089 -230.58 
v -144.528 2.37043 -230.58 
v -144.584 2.41002 -230.58 
v -144.652 2.40946 -230.58 
v -144.707 2.36898 -230.58 
v -144.727 2.30404 -230.58 
v -144.707 2.36898 -230.58 
v -144.705 2.23944 -230.58 
v -144.65 2.19985 -230.58 
v -144.582 2.20041 -230.58 
v -144.527 2.24089 -230.58 
v -144.508 2.30582 -230.286 
v -144.528 2.2415 -230.286 
v -144.529 2.3698 -230.286 
v -144.584 2.40899 -230.286 
v -144.651 2.40845 -230.286 
v -144.706 2.36836 -230.286 
v -144.726 2.30405 -230.286 
v -144.706 2.36836 -230.286 
v -144.705 2.24008 -230.286 
v -144.65 2.20087 -230.286 
v -144.582 2.20142 -230.286 
v -144.528 2.2415 -230.286 
v -144.475 2.20343 -228.788 
v -144.464 2.19577 -229.114 
v -144.429 2.30646 -229.114 
v -144.442 2.30635 -228.788 
v -144.466 2.41657 -229.114 
v -144.476 2.40874 -228.788 
v -144.56 2.48404 -229.114 
v -144.564 2.47148 -228.788 
v -144.676 2.4831 -229.114 
v -144.672 2.4706 -228.788 
v -144.77 2.4141 -229.114 
v -144.759 2.40644 -228.788 
v -144.759 2.40644 -228.788 
v -144.77 2.4141 -229.114 
v -144.805 2.30341 -229.114 
v -144.792 2.30352 -228.788 
v -144.768 2.1933 -229.114 
v -144.757 2.20113 -228.788 
v -144.673 2.12583 -229.114 
v -144.669 2.13839 -228.788 
v -144.557 2.12678 -229.114 
v -144.562 2.13927 -228.788 
v -144.536 2.24698 -228.527 
v -144.517 2.30574 -228.527 
v -144.585 2.21035 -228.527 
v -144.647 2.20985 -228.527 
v -144.697 2.24567 -228.527 
v -144.717 2.30412 -228.527 
v -144.698 2.36289 -228.527 
v -144.648 2.39952 -228.527 
v -144.698 2.36289 -228.527 
v -144.587 2.40001 -228.527 
v -144.537 2.3642 -228.527 
v -144.55 2.25691 -228.461 
v -144.534 2.30561 -228.461 
v -144.591 2.22656 -228.461 
v -144.642 2.22614 -228.461 
v -144.683 2.25582 -228.461 
v -144.699 2.30426 -228.461 
v -144.684 2.35296 -228.461 
v -144.643 2.38331 -228.461 
v -144.684 2.35296 -228.461 
v -144.592 2.38373 -228.461 
v -144.55 2.35404 -228.461 
v -144.566 2.2687 -228.383 
v -144.555 2.30544 -228.383 
v -144.597 2.2458 -228.383 
v -144.636 2.24549 -228.383 
v -144.667 2.26788 -228.383 
v -144.679 2.30443 -228.383 
v -144.668 2.34116 -228.383 
v -144.637 2.36407 -228.383 
v -144.668 2.34116 -228.383 
v -144.598 2.36438 -228.383 
v -144.567 2.34198 -228.383 
v -144.631 2.25983 -229.182 
v -144.655 2.27682 -229.182 
v -144.693 2.24861 -229.218 
v -144.645 2.21457 -229.218 
v -144.712 2.30417 -229.218 
v -144.664 2.30455 -229.182 
v -144.694 2.36001 -229.218 
v -144.655 2.33243 -229.182 
v -144.602 2.26007 -229.182 
v -144.587 2.21505 -229.218 
v -144.647 2.39482 -229.218 
v -144.632 2.34981 -229.182 
v -144.588 2.3953 -229.218 
v -144.603 2.35004 -229.182 
v -144.541 2.36126 -229.218 
v -144.579 2.33305 -229.182 
v -144.522 2.3057 -229.218 
v -144.57 2.30532 -229.182 
v -144.54 2.24986 -229.218 
v -144.578 2.27744 -229.182 
v -144.693 2.24861 -229.218 
v -144.712 2.30417 -229.218 
v -144.645 2.21457 -229.218 
v -144.694 2.36001 -229.218 
v -144.694 2.36001 -229.218 
v -144.647 2.39482 -229.218 
v -144.588 2.3953 -229.218 
v -144.541 2.36126 -229.218 
v -144.522 2.3057 -229.218 
v -144.54 2.24986 -229.218 
v -144.54 2.24986 -229.218 
v -144.587 2.21505 -229.218 
v -144.664 2.30455 -229.182 
v -144.655 2.27682 -229.182 
v -144.655 2.33243 -229.182 
v -144.632 2.34981 -229.182 
v -144.603 2.35004 -229.182 
v -144.579 2.33305 -229.182 
v -144.57 2.30532 -229.182 
v -144.578 2.27744 -229.182 
v -144.602 2.26007 -229.182 
v -144.631 2.25983 -229.182 
v -144.74 2.39053 -234.99 
v -144.733 2.38564 -234.95 
v -144.663 2.43835 -234.95 
v -144.666 2.44645 -234.99 
v -144.576 2.44011 -234.95 
v -144.573 2.44831 -234.99 
v -144.573 2.44831 -234.99 
v -144.576 2.44011 -234.95 
v -144.504 2.39023 -234.95 
v -144.497 2.3954 -234.99 
v -144.476 2.30777 -234.95 
v -144.467 2.30794 -234.99 
v -144.501 2.22423 -234.95 
v -144.494 2.21934 -234.99 
v -144.571 2.17151 -234.95 
v -144.568 2.16343 -234.99 
v -144.658 2.16976 -234.95 
v -144.66 2.16157 -234.99 
v -144.729 2.21964 -234.95 
v -144.736 2.21446 -234.99 
v -144.758 2.3021 -234.95 
v -144.767 2.30193 -234.99 
v -144.681 2.3496 -235.193 
v -144.677 2.34688 -235.17 
v -144.641 2.37428 -235.17 
v -144.643 2.37877 -235.193 
v -144.596 2.37519 -235.17 
v -144.594 2.37974 -235.193 
v -144.594 2.37974 -235.193 
v -144.596 2.37519 -235.17 
v -144.558 2.34926 -235.17 
v -144.555 2.35214 -235.193 
v -144.543 2.30641 -235.17 
v -144.539 2.30651 -235.193 
v -144.557 2.26299 -235.17 
v -144.553 2.26027 -235.193 
v -144.593 2.23559 -235.17 
v -144.591 2.23109 -235.193 
v -144.638 2.23468 -235.17 
v -144.64 2.23012 -235.193 
v -144.675 2.2606 -235.17 
v -144.679 2.25773 -235.193 
v -144.69 2.30346 -235.17 
v -144.695 2.30337 -235.193 
v -144.593 2.23559 -235.353 
v -144.591 2.23092 -235.327 
v -144.64 2.22995 -235.327 
v -144.638 2.23468 -235.353 
v -144.557 2.26299 -235.353 
v -144.553 2.26017 -235.327 
v -144.543 2.30641 -235.353 
v -144.539 2.30651 -235.327 
v -144.558 2.34926 -235.353 
v -144.554 2.35225 -235.327 
v -144.596 2.37519 -235.353 
v -144.594 2.37992 -235.327 
v -144.641 2.37428 -235.353 
v -144.643 2.37895 -235.327 
v -144.677 2.34688 -235.353 
v -144.681 2.34971 -235.327 
v -144.69 2.30346 -235.353 
v -144.695 2.30336 -235.327 
v -144.675 2.2606 -235.353 
v -144.679 2.25762 -235.327 
v -144.617 2.30494 -235.353 
v -144.638 2.23352 -235.255 
v -144.64 2.23012 -235.193 
v -144.679 2.25773 -235.193 
v -144.676 2.25987 -235.255 
v -144.592 2.23444 -235.255 
v -144.591 2.23109 -235.193 
v -144.556 2.26229 -235.255 
v -144.553 2.26027 -235.193 
v -144.542 2.30644 -235.255 
v -144.539 2.30651 -235.193 
v -144.557 2.35 -235.255 
v -144.555 2.35214 -235.193 
v -144.595 2.37635 -235.255 
v -144.594 2.37974 -235.193 
v -144.641 2.37543 -235.255 
v -144.643 2.37877 -235.193 
v -144.594 2.37974 -235.193 
v -144.595 2.37635 -235.255 
v -144.678 2.34757 -235.255 
v -144.681 2.3496 -235.193 
v -144.691 2.30344 -235.255 
v -144.695 2.30337 -235.193 
v -144.64 2.22995 -235.327 
v -144.679 2.25762 -235.327 
v -144.591 2.23092 -235.327 
v -144.553 2.26017 -235.327 
v -144.539 2.30651 -235.327 
v -144.554 2.35225 -235.327 
v -144.594 2.37992 -235.327 
v -144.643 2.37895 -235.327 
v -144.594 2.37992 -235.327 
v -144.681 2.34971 -235.327 
v -144.695 2.30336 -235.327 
v -144.674 2.47008 -234.615 
v -144.76 2.40483 -234.615 
v -144.75 2.39782 -234.585 
v -144.67 2.45849 -234.585 
v -144.779 2.30167 -234.585 
v -144.792 2.30142 -234.615 
v -144.566 2.47226 -234.615 
v -144.57 2.4605 -234.585 
v -144.478 2.41052 -234.615 
v -144.566 2.47226 -234.615 
v -144.57 2.4605 -234.585 
v -144.487 2.4031 -234.585 
v -144.442 2.30845 -234.615 
v -144.454 2.3082 -234.585 
v -144.473 2.20503 -234.615 
v -144.483 2.21205 -234.585 
v -144.559 2.13978 -234.615 
v -144.564 2.15138 -234.585 
v -144.668 2.13761 -234.615 
v -144.664 2.14936 -234.585 
v -144.756 2.19935 -234.615 
v -144.746 2.20676 -234.585 
v -144.674 2.47008 -234.615 
v -144.663 2.43835 -234.705 
v -144.733 2.38564 -234.705 
v -144.76 2.40483 -234.615 
v -144.566 2.47226 -234.615 
v -144.576 2.44011 -234.705 
v -144.478 2.41052 -234.615 
v -144.504 2.39023 -234.705 
v -144.576 2.44011 -234.705 
v -144.566 2.47226 -234.615 
v -144.442 2.30845 -234.615 
v -144.476 2.30777 -234.705 
v -144.473 2.20503 -234.615 
v -144.501 2.22423 -234.705 
v -144.559 2.13978 -234.615 
v -144.571 2.17151 -234.705 
v -144.668 2.13761 -234.615 
v -144.658 2.16976 -234.705 
v -144.756 2.19935 -234.615 
v -144.729 2.21964 -234.705 
v -144.792 2.30142 -234.615 
v -144.758 2.3021 -234.705 
v -144.658 2.4228 -234.585 
v -144.67 2.45849 -234.585 
v -144.75 2.39782 -234.585 
v -144.719 2.37623 -234.585 
v -144.581 2.42435 -234.585 
v -144.57 2.4605 -234.585 
v -144.517 2.38028 -234.585 
v -144.487 2.4031 -234.585 
v -144.57 2.4605 -234.585 
v -144.581 2.42435 -234.585 
v -144.492 2.30744 -234.585 
v -144.454 2.3082 -234.585 
v -144.514 2.23364 -234.585 
v -144.483 2.21205 -234.585 
v -144.576 2.18707 -234.585 
v -144.564 2.15138 -234.585 
v -144.653 2.18552 -234.585 
v -144.664 2.14936 -234.585 
v -144.716 2.22958 -234.585 
v -144.746 2.20676 -234.585 
v -144.742 2.30243 -234.585 
v -144.779 2.30167 -234.585 
v -144.761 2.19609 -234.743 
v -144.669 2.13243 -234.743 
v -144.663 2.15358 -234.711 
v -144.743 2.20943 -234.711 
v -144.565 2.15554 -234.711 
v -144.558 2.13467 -234.743 
v -144.487 2.21457 -234.711 
v -144.469 2.20195 -234.743 
v -144.459 2.30811 -234.711 
v -144.437 2.30855 -234.743 
v -144.491 2.40044 -234.711 
v -144.473 2.41378 -234.743 
v -144.571 2.45629 -234.711 
v -144.565 2.47743 -234.743 
v -144.669 2.45433 -234.711 
v -144.571 2.45629 -234.711 
v -144.565 2.47743 -234.743 
v -144.676 2.4752 -234.743 
v -144.747 2.3953 -234.711 
v -144.765 2.40792 -234.743 
v -144.775 2.30176 -234.711 
v -144.797 2.30132 -234.743 
v -144.747 2.3953 -234.711 
v -144.733 2.38564 -234.705 
v -144.663 2.43835 -234.705 
v -144.669 2.45433 -234.711 
v -144.576 2.44011 -234.705 
v -144.571 2.45629 -234.711 
v -144.571 2.45629 -234.711 
v -144.576 2.44011 -234.705 
v -144.504 2.39023 -234.705 
v -144.491 2.40044 -234.711 
v -144.476 2.30777 -234.705 
v -144.459 2.30811 -234.711 
v -144.501 2.22423 -234.705 
v -144.487 2.21457 -234.711 
v -144.571 2.17151 -234.705 
v -144.565 2.15554 -234.711 
v -144.658 2.16976 -234.705 
v -144.663 2.15358 -234.711 
v -144.729 2.21964 -234.705 
v -144.743 2.20943 -234.711 
v -144.758 2.3021 -234.705 
v -144.775 2.30176 -234.711 
v -144.571 2.17151 -234.95 
v -144.558 2.13467 -234.743 
v -144.669 2.13243 -234.743 
v -144.658 2.16976 -234.95 
v -144.501 2.22423 -234.95 
v -144.469 2.20195 -234.743 
v -144.476 2.30777 -234.95 
v -144.437 2.30855 -234.743 
v -144.504 2.39023 -234.95 
v -144.473 2.41378 -234.743 
v -144.576 2.44011 -234.95 
v -144.565 2.47743 -234.743 
v -144.663 2.43835 -234.95 
v -144.676 2.4752 -234.743 
v -144.565 2.47743 -234.743 
v -144.576 2.44011 -234.95 
v -144.733 2.38564 -234.95 
v -144.765 2.40792 -234.743 
v -144.758 2.3021 -234.95 
v -144.797 2.30132 -234.743 
v -144.729 2.21964 -234.95 
v -144.761 2.19609 -234.743 
v -144.574 2.18193 -235.017 
v -144.568 2.16343 -234.99 
v -144.66 2.16157 -234.99 
v -144.655 2.18031 -235.017 
v -144.51 2.23053 -235.017 
v -144.494 2.21934 -234.99 
v -144.487 2.30755 -235.017 
v -144.467 2.30794 -234.99 
v -144.513 2.38357 -235.017 
v -144.497 2.3954 -234.99 
v -144.579 2.42955 -235.017 
v -144.573 2.44831 -234.99 
v -144.66 2.42794 -235.017 
v -144.666 2.44645 -234.99 
v -144.573 2.44831 -234.99 
v -144.579 2.42955 -235.017 
v -144.724 2.37934 -235.017 
v -144.74 2.39053 -234.99 
v -144.747 2.30232 -235.017 
v -144.767 2.30193 -234.99 
v -144.721 2.2263 -235.017 
v -144.736 2.21446 -234.99 
v -144.569 2.16762 -235.049 
v -144.574 2.18193 -235.017 
v -144.655 2.18031 -235.017 
v -144.659 2.16581 -235.049 
v -144.498 2.22187 -235.049 
v -144.51 2.23053 -235.017 
v -144.472 2.30785 -235.049 
v -144.487 2.30755 -235.017 
v -144.501 2.39272 -235.049 
v -144.513 2.38357 -235.017 
v -144.575 2.44406 -235.049 
v -144.579 2.42955 -235.017 
v -144.665 2.44226 -235.049 
v -144.66 2.42794 -235.017 
v -144.579 2.42955 -235.017 
v -144.575 2.44406 -235.049 
v -144.736 2.388 -235.049 
v -144.724 2.37934 -235.017 
v -144.762 2.30202 -235.049 
v -144.747 2.30232 -235.017 
v -144.733 2.21715 -235.049 
v -144.721 2.2263 -235.017 
v -144.58 2.19972 -235.075 
v -144.569 2.16762 -235.049 
v -144.659 2.16581 -235.049 
v -144.649 2.19834 -235.075 
v -144.525 2.24129 -235.075 
v -144.498 2.22187 -235.049 
v -144.506 2.30717 -235.075 
v -144.472 2.30785 -235.049 
v -144.528 2.3722 -235.075 
v -144.501 2.39272 -235.049 
v -144.585 2.41153 -235.075 
v -144.575 2.44406 -235.049 
v -144.653 2.41014 -235.075 
v -144.665 2.44226 -235.049 
v -144.575 2.44406 -235.049 
v -144.585 2.41153 -235.075 
v -144.708 2.36858 -235.075 
v -144.736 2.388 -235.049 
v -144.728 2.3027 -235.075 
v -144.762 2.30202 -235.049 
v -144.706 2.23767 -235.075 
v -144.733 2.21715 -235.049 
v -144.58 2.20019 -235.124 
v -144.58 2.19972 -235.075 
v -144.649 2.19834 -235.075 
v -144.649 2.19881 -235.124 
v -144.526 2.24158 -235.124 
v -144.525 2.24129 -235.075 
v -144.506 2.30716 -235.124 
v -144.506 2.30717 -235.075 
v -144.528 2.3719 -235.124 
v -144.528 2.3722 -235.075 
v -144.585 2.41106 -235.124 
v -144.585 2.41153 -235.075 
v -144.653 2.40968 -235.124 
v -144.653 2.41014 -235.075 
v -144.585 2.41153 -235.075 
v -144.585 2.41106 -235.124 
v -144.708 2.3683 -235.124 
v -144.708 2.36858 -235.075 
v -144.728 2.3027 -235.124 
v -144.728 2.3027 -235.075 
v -144.705 2.23797 -235.124 
v -144.706 2.23767 -235.075 
v -144.593 2.23559 -235.17 
v -144.58 2.20019 -235.124 
v -144.649 2.19881 -235.124 
v -144.638 2.23468 -235.17 
v -144.557 2.26299 -235.17 
v -144.526 2.24158 -235.124 
v -144.543 2.30641 -235.17 
v -144.506 2.30716 -235.124 
v -144.558 2.34926 -235.17 
v -144.528 2.3719 -235.124 
v -144.596 2.37519 -235.17 
v -144.585 2.41106 -235.124 
v -144.641 2.37428 -235.17 
v -144.653 2.40968 -235.124 
v -144.585 2.41106 -235.124 
v -144.596 2.37519 -235.17 
v -144.677 2.34688 -235.17 
v -144.708 2.3683 -235.124 
v -144.69 2.30346 -235.17 
v -144.728 2.3027 -235.124 
v -144.675 2.2606 -235.17 
v -144.705 2.23797 -235.124 
v -144.543 2.16316 -228.39 
v -144.464 2.25679 -228.39 
v -144.617 2.30493 -227.818 
v -144.475 2.37863 -228.39 
v -144.569 2.45729 -228.39 
v -144.691 2.44671 -228.39 
v -144.769 2.35307 -228.39 
v -144.759 2.23124 -228.39 
v -144.665 2.15258 -228.39 
v -144.543 2.16316 -228.39 
v -144.566 2.20699 -228.404 
v -144.543 2.16316 -228.39 
v -144.665 2.15258 -228.39 
v -144.65 2.19968 -228.404 
v -144.759 2.23124 -228.39 
v -144.715 2.25402 -228.404 
v -144.769 2.35307 -228.39 
v -144.722 2.33819 -228.404 
v -144.691 2.44671 -228.39 
v -144.668 2.40288 -228.404 
v -144.569 2.45729 -228.39 
v -144.584 2.41019 -228.404 
v -144.475 2.37863 -228.39 
v -144.519 2.35584 -228.404 
v -144.464 2.25679 -228.39 
v -144.512 2.27168 -228.404 
v -144.566 2.20699 -228.404 
v -144.65 2.19968 -228.404 
v -144.617 2.30493 -228.404 
v -144.715 2.25402 -228.404 
v -144.722 2.33819 -228.404 
v -144.668 2.40288 -228.404 
v -144.584 2.41019 -228.404 
v -144.519 2.35584 -228.404 
v -144.512 2.27168 -228.404 
v -144.579 2.31789 -235.672 
v -144.611 2.32264 -235.672 
v -144.611 2.32264 -235.713 
v -144.579 2.31784 -235.713 
v -144.579 2.31784 -235.782 
v -144.611 2.32264 -235.782 
v -144.611 2.32264 -235.956 
v -144.581 2.31834 -235.956 
v -144.582 2.31878 -236.034 
v -144.611 2.32264 -236.034 
v -144.584 2.31941 -236.118 
v -144.583 2.31904 -236.07 
v -144.611 2.32264 -236.07 
v -144.611 2.32264 -236.118 
v -144.586 2.31993 -236.177 
v -144.611 2.32264 -236.177 
v -144.588 2.32072 -236.255 
v -144.611 2.32264 -236.255 
v -144.614 2.31532 -236.495 
v -144.585 2.31963 -235.373 
v -144.611 2.32264 -235.373 
v -144.611 2.32264 -235.533 
v -144.581 2.3184 -235.533 
v -144.611 2.32264 -235.612 
v -144.58 2.31805 -235.612 
v -144.61 2.3251 -235.29 
v -144.573 2.36691 -236.251 
v -144.573 2.36567 -236.237 
v -144.614 2.31532 -236.495 
v -144.552 2.41281 -236.006 
v -144.55 2.41722 -236.005 
v -144.549 2.41706 -235.959 
v -144.55 2.41416 -235.954 
v -144.528 2.47972 -235.77 
v -144.529 2.47611 -235.768 
v -144.496 2.58246 -235.656 
v -144.494 2.58836 -235.656 
v -144.545 2.43592 -236.048 
v -144.544 2.43976 -236.046 
v -144.535 2.47078 -236.061 
v -144.532 2.47864 -236.061 
v -144.564 2.38594 -236.168 
v -144.564 2.38785 -236.175 
v -144.551 2.42263 -236.114 
v -144.552 2.42066 -236.11 
v -144.535 2.47078 -236.061 
v -144.532 2.47864 -236.061 
v -144.521 2.50351 -235.616 
v -144.55 2.41519 -235.537 
v -144.55 2.4144 -235.543 
v -144.522 2.501 -235.62 
v -144.578 2.33946 -235.389 
v -144.578 2.34008 -235.376 
v -144.61 2.3251 -235.29 
v -144.496 2.58246 -235.656 
v -144.494 2.58836 -235.656 
v -144.588 2.32072 -236.255 
v -144.614 2.31532 -236.495 
v -144.573 2.36567 -236.237 
v -144.579 2.31789 -235.672 
v -144.579 2.31784 -235.713 
v -144.529 2.47611 -235.768 
v -144.496 2.58246 -235.656 
v -144.55 2.41416 -235.954 
v -144.579 2.31784 -235.782 
v -144.581 2.31834 -235.956 
v -144.552 2.41281 -236.006 
v -144.582 2.31878 -236.034 
v -144.545 2.43592 -236.048 
v -144.583 2.31904 -236.07 
v -144.584 2.31941 -236.118 
v -144.552 2.42066 -236.11 
v -144.535 2.47078 -236.061 
v -144.586 2.31993 -236.177 
v -144.564 2.38594 -236.168 
v -144.578 2.33946 -235.389 
v -144.585 2.31963 -235.373 
v -144.581 2.3184 -235.533 
v -144.55 2.4144 -235.543 
v -144.58 2.31805 -235.612 
v -144.522 2.501 -235.62 
v -144.61 2.3251 -235.29 
v -144.573 2.36691 -236.251 
v -144.614 2.31532 -236.495 
v -144.593 2.37969 -236.252 
v -144.494 2.58836 -235.656 
v -144.528 2.47972 -235.77 
v -144.556 2.49702 -235.769 
v -144.522 2.60566 -235.654 
v -144.55 2.41722 -236.005 
v -144.577 2.43229 -236.003 
v -144.577 2.43229 -235.96 
v -144.549 2.41706 -235.959 
v -144.544 2.43976 -236.046 
v -144.57 2.45261 -236.04 
v -144.532 2.47864 -236.061 
v -144.551 2.42263 -236.114 
v -144.576 2.4353 -236.119 
v -144.557 2.49404 -236.059 
v -144.564 2.38785 -236.175 
v -144.586 2.40109 -236.177 
v -144.532 2.47864 -236.061 
v -144.557 2.49404 -236.059 
v -144.57 2.45261 -236.04 
v -144.544 2.43976 -236.046 
v -144.55 2.41519 -235.537 
v -144.578 2.42923 -235.533 
v -144.601 2.35542 -235.378 
v -144.578 2.34008 -235.376 
v -144.521 2.50351 -235.616 
v -144.55 2.51621 -235.611 
v -144.494 2.58836 -235.656 
v -144.522 2.60566 -235.654 
v -144.61 2.3251 -235.29 
v -144.614 2.31532 -236.495 
v -144.611 2.32264 -236.255 
v -144.631 2.33434 -236.255 
v -144.611 2.32264 -235.713 
v -144.611 2.32264 -235.672 
v -144.64 2.33717 -235.672 
v -144.64 2.33723 -235.713 
v -144.611 2.32264 -235.956 
v -144.611 2.32264 -235.782 
v -144.64 2.33723 -235.782 
v -144.639 2.33673 -235.956 
v -144.637 2.33628 -236.034 
v -144.611 2.32264 -236.034 
v -144.635 2.33566 -236.118 
v -144.611 2.32264 -236.118 
v -144.611 2.32264 -236.07 
v -144.637 2.33603 -236.07 
v -144.634 2.33514 -236.177 
v -144.611 2.32264 -236.177 
v -144.611 2.32264 -235.533 
v -144.611 2.32264 -235.373 
v -144.635 2.33543 -235.373 
v -144.639 2.33666 -235.533 
v -144.611 2.32264 -235.612 
v -144.64 2.33701 -235.612 
v -144.61 2.3251 -235.29 
v -144.614 2.31532 -236.495 
v -144.618 2.37968 -236.237 
v -144.617 2.38064 -236.251 
v -144.608 2.43065 -236.006 
v -144.609 2.43256 -235.954 
v -144.608 2.43542 -235.959 
v -144.607 2.43508 -236.005 
v -144.589 2.49911 -235.77 
v -144.59 2.49552 -235.768 
v -144.557 2.60167 -235.656 
v -144.555 2.60756 -235.656 
v -144.6 2.45322 -236.048 
v -144.599 2.4571 -236.046 
v -144.589 2.4879 -236.061 
v -144.586 2.49577 -236.061 
v -144.613 2.40131 -236.168 
v -144.604 2.43706 -236.11 
v -144.603 2.43895 -236.114 
v -144.612 2.40311 -236.175 
v -144.589 2.4879 -236.061 
v -144.586 2.49577 -236.061 
v -144.608 2.43277 -235.543 
v -144.608 2.4335 -235.537 
v -144.581 2.5225 -235.616 
v -144.582 2.52001 -235.62 
v -144.629 2.35558 -235.389 
v -144.628 2.35594 -235.376 
v -144.61 2.3251 -235.29 
v -144.557 2.60167 -235.656 
v -144.555 2.60756 -235.656 
v -144.59 2.49552 -235.768 
v -144.64 2.33723 -235.713 
v -144.64 2.33717 -235.672 
v -144.557 2.60167 -235.656 
v -144.609 2.43256 -235.954 
v -144.608 2.43065 -236.006 
v -144.639 2.33673 -235.956 
v -144.64 2.33723 -235.782 
v -144.6 2.45322 -236.048 
v -144.637 2.33628 -236.034 
v -144.604 2.43706 -236.11 
v -144.635 2.33566 -236.118 
v -144.637 2.33603 -236.07 
v -144.589 2.4879 -236.061 
v -144.613 2.40131 -236.168 
v -144.634 2.33514 -236.177 
v -144.618 2.37968 -236.237 
v -144.631 2.33434 -236.255 
v -144.614 2.31532 -236.495 
v -144.629 2.35558 -235.389 
v -144.608 2.43277 -235.543 
v -144.639 2.33666 -235.533 
v -144.635 2.33543 -235.373 
v -144.582 2.52001 -235.62 
v -144.64 2.33701 -235.612 
v -144.61 2.3251 -235.29 
v -144.555 2.60756 -235.656 
v -144.522 2.60566 -235.654 
v -144.556 2.49702 -235.769 
v -144.589 2.49911 -235.77 
v -144.577 2.43229 -235.96 
v -144.577 2.43229 -236.003 
v -144.607 2.43508 -236.005 
v -144.608 2.43542 -235.959 
v -144.57 2.45261 -236.04 
v -144.599 2.4571 -236.046 
v -144.586 2.49577 -236.061 
v -144.557 2.49404 -236.059 
v -144.576 2.4353 -236.119 
v -144.603 2.43895 -236.114 
v -144.586 2.40109 -236.177 
v -144.612 2.40311 -236.175 
v -144.57 2.45261 -236.04 
v -144.557 2.49404 -236.059 
v -144.586 2.49577 -236.061 
v -144.599 2.4571 -236.046 
v -144.593 2.37969 -236.252 
v -144.617 2.38064 -236.251 
v -144.614 2.31532 -236.495 
v -144.601 2.35542 -235.378 
v -144.578 2.42923 -235.533 
v -144.608 2.4335 -235.537 
v -144.628 2.35594 -235.376 
v -144.55 2.51621 -235.611 
v -144.581 2.5225 -235.616 
v -144.522 2.60566 -235.654 
v -144.555 2.60756 -235.656 
v -144.61 2.3251 -235.29 
v -144.62 2.29456 -236.495 
v -144.622 2.28723 -236.255 
v -144.602 2.27552 -236.255 
v -144.622 2.28723 -235.713 
v -144.622 2.28723 -235.672 
v -144.593 2.2727 -235.672 
v -144.593 2.27265 -235.713 
v -144.622 2.28723 -235.956 
v -144.622 2.28723 -235.782 
v -144.593 2.27265 -235.782 
v -144.595 2.27314 -235.956 
v -144.596 2.27359 -236.034 
v -144.622 2.28723 -236.034 
v -144.598 2.27421 -236.118 
v -144.622 2.28723 -236.118 
v -144.622 2.28723 -236.07 
v -144.597 2.27384 -236.07 
v -144.6 2.27473 -236.177 
v -144.622 2.28723 -236.177 
v -144.622 2.28723 -235.533 
v -144.622 2.28723 -235.373 
v -144.599 2.27443 -235.373 
v -144.595 2.2732 -235.533 
v -144.622 2.28723 -235.612 
v -144.594 2.27286 -235.612 
v -144.623 2.28477 -235.29 
v -144.62 2.29456 -236.495 
v -144.616 2.23018 -236.237 
v -144.617 2.22923 -236.251 
v -144.626 2.17922 -236.006 
v -144.625 2.1773 -235.954 
v -144.626 2.17445 -235.959 
v -144.627 2.17479 -236.005 
v -144.644 2.11075 -235.77 
v -144.643 2.11436 -235.768 
v -144.677 2.0082 -235.656 
v -144.679 2.0023 -235.656 
v -144.634 2.15665 -236.048 
v -144.635 2.15276 -236.046 
v -144.645 2.12196 -236.061 
v -144.647 2.11409 -236.061 
v -144.621 2.20856 -236.168 
v -144.63 2.17281 -236.11 
v -144.631 2.17092 -236.114 
v -144.621 2.20676 -236.175 
v -144.645 2.12196 -236.061 
v -144.647 2.11409 -236.061 
v -144.625 2.1771 -235.543 
v -144.626 2.17637 -235.537 
v -144.653 2.08737 -235.616 
v -144.652 2.08986 -235.62 
v -144.605 2.25429 -235.389 
v -144.605 2.25393 -235.376 
v -144.623 2.28477 -235.29 
v -144.677 2.0082 -235.656 
v -144.679 2.0023 -235.656 
v -144.643 2.11436 -235.768 
v -144.593 2.27265 -235.713 
v -144.593 2.2727 -235.672 
v -144.677 2.0082 -235.656 
v -144.625 2.1773 -235.954 
v -144.626 2.17922 -236.006 
v -144.595 2.27314 -235.956 
v -144.593 2.27265 -235.782 
v -144.634 2.15665 -236.048 
v -144.596 2.27359 -236.034 
v -144.63 2.17281 -236.11 
v -144.598 2.27421 -236.118 
v -144.597 2.27384 -236.07 
v -144.645 2.12196 -236.061 
v -144.621 2.20856 -236.168 
v -144.6 2.27473 -236.177 
v -144.616 2.23018 -236.237 
v -144.602 2.27552 -236.255 
v -144.62 2.29456 -236.495 
v -144.605 2.25429 -235.389 
v -144.625 2.1771 -235.543 
v -144.595 2.2732 -235.533 
v -144.599 2.27443 -235.373 
v -144.652 2.08986 -235.62 
v -144.594 2.27286 -235.612 
v -144.623 2.28477 -235.29 
v -144.679 2.0023 -235.656 
v -144.712 2.00421 -235.654 
v -144.678 2.11285 -235.769 
v -144.644 2.11075 -235.77 
v -144.657 2.17758 -235.96 
v -144.657 2.17758 -236.003 
v -144.627 2.17479 -236.005 
v -144.626 2.17445 -235.959 
v -144.664 2.15725 -236.04 
v -144.635 2.15276 -236.046 
v -144.647 2.11409 -236.061 
v -144.677 2.11583 -236.059 
v -144.658 2.17458 -236.119 
v -144.631 2.17092 -236.114 
v -144.647 2.20878 -236.177 
v -144.621 2.20676 -236.175 
v -144.664 2.15725 -236.04 
v -144.677 2.11583 -236.059 
v -144.647 2.11409 -236.061 
v -144.635 2.15276 -236.046 
v -144.64 2.23018 -236.252 
v -144.617 2.22923 -236.251 
v -144.62 2.29456 -236.495 
v -144.633 2.25444 -235.378 
v -144.656 2.18064 -235.533 
v -144.626 2.17637 -235.537 
v -144.605 2.25393 -235.376 
v -144.684 2.09366 -235.611 
v -144.653 2.08737 -235.616 
v -144.712 2.00421 -235.654 
v -144.679 2.0023 -235.656 
v -144.623 2.28477 -235.29 
v -144.654 2.29197 -235.672 
v -144.622 2.28723 -235.672 
v -144.622 2.28723 -235.713 
v -144.655 2.29203 -235.713 
v -144.655 2.29203 -235.782 
v -144.622 2.28723 -235.782 
v -144.622 2.28723 -235.956 
v -144.653 2.29153 -235.956 
v -144.652 2.29108 -236.034 
v -144.622 2.28723 -236.034 
v -144.65 2.29046 -236.118 
v -144.651 2.29083 -236.07 
v -144.622 2.28723 -236.07 
v -144.622 2.28723 -236.118 
v -144.648 2.28994 -236.177 
v -144.622 2.28723 -236.177 
v -144.646 2.28915 -236.255 
v -144.622 2.28723 -236.255 
v -144.62 2.29456 -236.495 
v -144.649 2.29024 -235.373 
v -144.622 2.28723 -235.373 
v -144.622 2.28723 -235.533 
v -144.653 2.29147 -235.533 
v -144.622 2.28723 -235.612 
v -144.654 2.29182 -235.612 
v -144.623 2.28477 -235.29 
v -144.66 2.24296 -236.251 
v -144.66 2.2442 -236.237 
v -144.62 2.29456 -236.495 
v -144.682 2.19706 -236.006 
v -144.683 2.19265 -236.005 
v -144.684 2.19281 -235.959 
v -144.683 2.19571 -235.954 
v -144.706 2.13015 -235.77 
v -144.705 2.13376 -235.768 
v -144.738 2.02741 -235.656 
v -144.74 2.02151 -235.656 
v -144.688 2.17395 -236.048 
v -144.69 2.17011 -236.046 
v -144.699 2.13908 -236.061 
v -144.702 2.13122 -236.061 
v -144.669 2.22393 -236.168 
v -144.67 2.22202 -236.175 
v -144.682 2.18724 -236.114 
v -144.682 2.1892 -236.11 
v -144.699 2.13908 -236.061 
v -144.702 2.13122 -236.061 
v -144.713 2.10636 -235.616 
v -144.684 2.19468 -235.537 
v -144.683 2.19547 -235.543 
v -144.712 2.10888 -235.62 
v -144.656 2.27041 -235.389 
v -144.656 2.2698 -235.376 
v -144.623 2.28477 -235.29 
v -144.738 2.02741 -235.656 
v -144.74 2.02151 -235.656 
v -144.646 2.28915 -236.255 
v -144.62 2.29456 -236.495 
v -144.66 2.2442 -236.237 
v -144.654 2.29197 -235.672 
v -144.655 2.29203 -235.713 
v -144.705 2.13376 -235.768 
v -144.738 2.02741 -235.656 
v -144.683 2.19571 -235.954 
v -144.655 2.29203 -235.782 
v -144.653 2.29153 -235.956 
v -144.682 2.19706 -236.006 
v -144.652 2.29108 -236.034 
v -144.688 2.17395 -236.048 
v -144.651 2.29083 -236.07 
v -144.65 2.29046 -236.118 
v -144.682 2.1892 -236.11 
v -144.699 2.13908 -236.061 
v -144.648 2.28994 -236.177 
v -144.669 2.22393 -236.168 
v -144.656 2.27041 -235.389 
v -144.649 2.29024 -235.373 
v -144.653 2.29147 -235.533 
v -144.683 2.19547 -235.543 
v -144.654 2.29182 -235.612 
v -144.712 2.10888 -235.62 
v -144.623 2.28477 -235.29 
v -144.66 2.24296 -236.251 
v -144.62 2.29456 -236.495 
v -144.64 2.23018 -236.252 
v -144.74 2.02151 -235.656 
v -144.706 2.13015 -235.77 
v -144.678 2.11285 -235.769 
v -144.712 2.00421 -235.654 
v -144.683 2.19265 -236.005 
v -144.657 2.17758 -236.003 
v -144.657 2.17758 -235.96 
v -144.684 2.19281 -235.959 
v -144.69 2.17011 -236.046 
v -144.664 2.15725 -236.04 
v -144.702 2.13122 -236.061 
v -144.682 2.18724 -236.114 
v -144.658 2.17458 -236.119 
v -144.677 2.11583 -236.059 
v -144.67 2.22202 -236.175 
v -144.647 2.20878 -236.177 
v -144.702 2.13122 -236.061 
v -144.677 2.11583 -236.059 
v -144.664 2.15725 -236.04 
v -144.69 2.17011 -236.046 
v -144.684 2.19468 -235.537 
v -144.656 2.18064 -235.533 
v -144.633 2.25444 -235.378 
v -144.656 2.2698 -235.376 
v -144.713 2.10636 -235.616 
v -144.684 2.09366 -235.611 
v -144.74 2.02151 -235.656 
v -144.712 2.00421 -235.654 
v -144.623 2.28477 -235.29 
v -144.604 2.26729 -235.672 
v -144.599 2.29934 -235.672 
v -144.599 2.29934 -235.713 
v -144.604 2.26712 -235.713 
v -144.604 2.26712 -235.782 
v -144.599 2.29934 -235.782 
v -144.599 2.29934 -235.956 
v -144.603 2.2687 -235.956 
v -144.603 2.27011 -236.034 
v -144.599 2.29934 -236.034 
v -144.602 2.27208 -236.118 
v -144.603 2.27091 -236.07 
v -144.599 2.29934 -236.07 
v -144.599 2.29934 -236.118 
v -144.602 2.27373 -236.177 
v -144.599 2.29934 -236.177 
v -144.601 2.27623 -236.255 
v -144.599 2.29934 -236.255 
v -144.606 2.30165 -236.495 
v -144.602 2.27279 -235.373 
v -144.599 2.29934 -235.373 
v -144.599 2.29934 -235.533 
v -144.603 2.26889 -235.533 
v -144.599 2.29934 -235.612 
v -144.604 2.26779 -235.612 
v -144.597 2.29856 -235.29 
v -144.555 2.26146 -236.251 
v -144.556 2.26135 -236.237 
v -144.606 2.30165 -236.495 
v -144.509 2.23979 -236.006 
v -144.505 2.23837 -236.005 
v -144.505 2.23756 -235.959 
v -144.508 2.23839 -235.954 
v -144.442 2.21595 -235.77 
v -144.446 2.21708 -235.768 
v -144.339 2.18381 -235.656 
v -144.333 2.18195 -235.656 
v -144.486 2.23343 -236.048 
v -144.482 2.23215 -236.046 
v -144.451 2.22273 -236.061 
v -144.443 2.22023 -236.061 
v -144.536 2.25258 -236.168 
v -144.534 2.25218 -236.175 
v -144.499 2.23934 -236.114 
v -144.501 2.23984 -236.11 
v -144.451 2.22273 -236.061 
v -144.443 2.22023 -236.061 
v -144.418 2.20914 -235.616 
v -144.507 2.23824 -235.537 
v -144.507 2.23838 -235.543 
v -144.421 2.20989 -235.62 
v -144.582 2.26597 -235.389 
v -144.582 2.26623 -235.376 
v -144.597 2.29856 -235.29 
v -144.339 2.18381 -235.656 
v -144.333 2.18195 -235.656 
v -144.601 2.27623 -236.255 
v -144.606 2.30165 -236.495 
v -144.556 2.26135 -236.237 
v -144.604 2.26729 -235.672 
v -144.604 2.26712 -235.713 
v -144.446 2.21708 -235.768 
v -144.339 2.18381 -235.656 
v -144.508 2.23839 -235.954 
v -144.604 2.26712 -235.782 
v -144.603 2.2687 -235.956 
v -144.509 2.23979 -236.006 
v -144.603 2.27011 -236.034 
v -144.486 2.23343 -236.048 
v -144.603 2.27091 -236.07 
v -144.602 2.27208 -236.118 
v -144.501 2.23984 -236.11 
v -144.451 2.22273 -236.061 
v -144.602 2.27373 -236.177 
v -144.536 2.25258 -236.168 
v -144.582 2.26597 -235.389 
v -144.602 2.27279 -235.373 
v -144.603 2.26889 -235.533 
v -144.507 2.23838 -235.543 
v -144.604 2.26779 -235.612 
v -144.421 2.20989 -235.62 
v -144.597 2.29856 -235.29 
v -144.555 2.26146 -236.251 
v -144.606 2.30165 -236.495 
v -144.542 2.28131 -236.252 
v -144.333 2.18195 -235.656 
v -144.442 2.21595 -235.77 
v -144.425 2.24424 -235.769 
v -144.316 2.20991 -235.654 
v -144.505 2.23837 -236.005 
v -144.49 2.26469 -236.003 
v -144.49 2.26469 -235.96 
v -144.505 2.23756 -235.959 
v -144.482 2.23215 -236.046 
v -144.469 2.25827 -236.04 
v -144.443 2.22023 -236.061 
v -144.499 2.23934 -236.114 
v -144.486 2.26375 -236.119 
v -144.428 2.24519 -236.059 
v -144.534 2.25218 -236.175 
v -144.521 2.27455 -236.177 
v -144.443 2.22023 -236.061 
v -144.428 2.24519 -236.059 
v -144.469 2.25827 -236.04 
v -144.482 2.23215 -236.046 
v -144.507 2.23824 -235.537 
v -144.493 2.26566 -235.533 
v -144.566 2.28898 -235.378 
v -144.582 2.26623 -235.376 
v -144.418 2.20914 -235.616 
v -144.406 2.23818 -235.611 
v -144.333 2.18195 -235.656 
v -144.316 2.20991 -235.654 
v -144.597 2.29856 -235.29 
v -144.606 2.30165 -236.495 
v -144.599 2.29934 -236.255 
v -144.587 2.31936 -236.255 
v -144.599 2.29934 -235.713 
v -144.599 2.29934 -235.672 
v -144.585 2.3283 -235.672 
v -144.585 2.32847 -235.713 
v -144.599 2.29934 -235.956 
v -144.599 2.29934 -235.782 
v -144.585 2.32846 -235.782 
v -144.585 2.32689 -235.956 
v -144.586 2.32547 -236.034 
v -144.599 2.29934 -236.034 
v -144.586 2.3235 -236.118 
v -144.599 2.29934 -236.118 
v -144.599 2.29934 -236.07 
v -144.586 2.32468 -236.07 
v -144.587 2.32186 -236.177 
v -144.599 2.29934 -236.177 
v -144.599 2.29934 -235.533 
v -144.599 2.29934 -235.373 
v -144.586 2.3228 -235.373 
v -144.585 2.32669 -235.533 
v -144.599 2.29934 -235.612 
v -144.585 2.3278 -235.612 
v -144.597 2.29856 -235.29 
v -144.606 2.30165 -236.495 
v -144.542 2.30571 -236.237 
v -144.541 2.30491 -236.251 
v -144.491 2.29627 -236.006 
v -144.489 2.29664 -235.954 
v -144.486 2.29566 -235.959 
v -144.487 2.29489 -236.005 
v -144.423 2.27734 -235.77 
v -144.426 2.27848 -235.768 
v -144.32 2.24461 -235.656 
v -144.314 2.24275 -235.656 
v -144.469 2.2882 -236.048 
v -144.465 2.28704 -236.046 
v -144.434 2.27692 -236.061 
v -144.426 2.27445 -236.061 
v -144.52 2.30124 -236.168 
v -144.485 2.29171 -236.11 
v -144.483 2.29099 -236.114 
v -144.519 2.30047 -236.175 
v -144.434 2.27692 -236.061 
v -144.426 2.27445 -236.061 
v -144.489 2.29651 -235.543 
v -144.488 2.29617 -235.537 
v -144.399 2.26924 -235.616 
v -144.402 2.27007 -235.62 
v -144.566 2.31699 -235.389 
v -144.566 2.31642 -235.376 
v -144.597 2.29856 -235.29 
v -144.32 2.24461 -235.656 
v -144.314 2.24275 -235.656 
v -144.426 2.27848 -235.768 
v -144.585 2.32847 -235.713 
v -144.585 2.3283 -235.672 
v -144.32 2.24461 -235.656 
v -144.489 2.29664 -235.954 
v -144.491 2.29627 -236.006 
v -144.585 2.32689 -235.956 
v -144.585 2.32846 -235.782 
v -144.469 2.2882 -236.048 
v -144.586 2.32547 -236.034 
v -144.485 2.29171 -236.11 
v -144.586 2.3235 -236.118 
v -144.586 2.32468 -236.07 
v -144.434 2.27692 -236.061 
v -144.52 2.30124 -236.168 
v -144.587 2.32186 -236.177 
v -144.542 2.30571 -236.237 
v -144.587 2.31936 -236.255 
v -144.606 2.30165 -236.495 
v -144.566 2.31699 -235.389 
v -144.489 2.29651 -235.543 
v -144.585 2.32669 -235.533 
v -144.586 2.3228 -235.373 
v -144.402 2.27007 -235.62 
v -144.585 2.3278 -235.612 
v -144.597 2.29856 -235.29 
v -144.314 2.24275 -235.656 
v -144.316 2.20991 -235.654 
v -144.425 2.24424 -235.769 
v -144.423 2.27734 -235.77 
v -144.49 2.26469 -235.96 
v -144.49 2.26469 -236.003 
v -144.487 2.29489 -236.005 
v -144.486 2.29566 -235.959 
v -144.469 2.25827 -236.04 
v -144.465 2.28704 -236.046 
v -144.426 2.27445 -236.061 
v -144.428 2.24519 -236.059 
v -144.486 2.26375 -236.119 
v -144.483 2.29099 -236.114 
v -144.521 2.27455 -236.177 
v -144.519 2.30047 -236.175 
v -144.469 2.25827 -236.04 
v -144.428 2.24519 -236.059 
v -144.426 2.27445 -236.061 
v -144.465 2.28704 -236.046 
v -144.542 2.28131 -236.252 
v -144.541 2.30491 -236.251 
v -144.606 2.30165 -236.495 
v -144.566 2.28898 -235.378 
v -144.493 2.26566 -235.533 
v -144.488 2.29617 -235.537 
v -144.566 2.31642 -235.376 
v -144.406 2.23818 -235.611 
v -144.399 2.26924 -235.616 
v -144.316 2.20991 -235.654 
v -144.314 2.24275 -235.656 
v -144.597 2.29856 -235.29 
v -144.627 2.30821 -236.495 
v -144.635 2.31053 -236.255 
v -144.646 2.29051 -236.255 
v -144.635 2.31053 -235.713 
v -144.635 2.31053 -235.672 
v -144.649 2.28157 -235.672 
v -144.649 2.2814 -235.713 
v -144.635 2.31053 -235.956 
v -144.635 2.31053 -235.782 
v -144.649 2.2814 -235.782 
v -144.649 2.28298 -235.956 
v -144.648 2.2844 -236.034 
v -144.635 2.31053 -236.034 
v -144.648 2.28636 -236.118 
v -144.635 2.31053 -236.118 
v -144.635 2.31053 -236.07 
v -144.648 2.28519 -236.07 
v -144.647 2.28801 -236.177 
v -144.635 2.31053 -236.177 
v -144.635 2.31053 -235.533 
v -144.635 2.31053 -235.373 
v -144.647 2.28706 -235.373 
v -144.649 2.28317 -235.533 
v -144.635 2.31053 -235.612 
v -144.649 2.28207 -235.612 
v -144.637 2.3113 -235.29 
v -144.627 2.30821 -236.495 
v -144.692 2.30416 -236.237 
v -144.693 2.30496 -236.251 
v -144.743 2.3136 -236.006 
v -144.744 2.31323 -235.954 
v -144.747 2.31421 -235.959 
v -144.747 2.31497 -236.005 
v -144.811 2.33253 -235.77 
v -144.807 2.33138 -235.768 
v -144.914 2.36526 -235.656 
v -144.919 2.36713 -235.656 
v -144.765 2.32167 -236.048 
v -144.769 2.32283 -236.046 
v -144.8 2.33295 -236.061 
v -144.808 2.33542 -236.061 
v -144.713 2.30863 -236.168 
v -144.749 2.31816 -236.11 
v -144.751 2.31888 -236.114 
v -144.715 2.30939 -236.175 
v -144.8 2.33295 -236.061 
v -144.808 2.33542 -236.061 
v -144.745 2.31335 -235.543 
v -144.745 2.31369 -235.537 
v -144.834 2.34063 -235.616 
v -144.832 2.3398 -235.62 
v -144.667 2.29289 -235.389 
v -144.668 2.29344 -235.376 
v -144.637 2.3113 -235.29 
v -144.914 2.36526 -235.656 
v -144.919 2.36713 -235.656 
v -144.807 2.33138 -235.768 
v -144.649 2.2814 -235.713 
v -144.649 2.28157 -235.672 
v -144.914 2.36526 -235.656 
v -144.744 2.31323 -235.954 
v -144.743 2.3136 -236.006 
v -144.649 2.28298 -235.956 
v -144.649 2.2814 -235.782 
v -144.765 2.32167 -236.048 
v -144.648 2.2844 -236.034 
v -144.749 2.31816 -236.11 
v -144.648 2.28636 -236.118 
v -144.648 2.28519 -236.07 
v -144.8 2.33295 -236.061 
v -144.713 2.30863 -236.168 
v -144.647 2.28801 -236.177 
v -144.692 2.30416 -236.237 
v -144.646 2.29051 -236.255 
v -144.627 2.30821 -236.495 
v -144.667 2.29289 -235.389 
v -144.745 2.31335 -235.543 
v -144.649 2.28317 -235.533 
v -144.647 2.28706 -235.373 
v -144.832 2.3398 -235.62 
v -144.649 2.28207 -235.612 
v -144.637 2.3113 -235.29 
v -144.919 2.36713 -235.656 
v -144.918 2.39995 -235.654 
v -144.809 2.36562 -235.769 
v -144.811 2.33253 -235.77 
v -144.744 2.34517 -235.96 
v -144.744 2.34517 -236.003 
v -144.747 2.31497 -236.005 
v -144.747 2.31421 -235.959 
v -144.765 2.35159 -236.04 
v -144.769 2.32283 -236.046 
v -144.808 2.33542 -236.061 
v -144.806 2.36469 -236.059 
v -144.747 2.34612 -236.119 
v -144.751 2.31888 -236.114 
v -144.713 2.33532 -236.177 
v -144.715 2.30939 -236.175 
v -144.765 2.35159 -236.04 
v -144.806 2.36469 -236.059 
v -144.808 2.33542 -236.061 
v -144.769 2.32283 -236.046 
v -144.692 2.32855 -236.252 
v -144.693 2.30496 -236.251 
v -144.627 2.30821 -236.495 
v -144.667 2.32088 -235.378 
v -144.741 2.34421 -235.533 
v -144.745 2.31369 -235.537 
v -144.668 2.29344 -235.376 
v -144.828 2.37169 -235.611 
v -144.834 2.34063 -235.616 
v -144.918 2.39995 -235.654 
v -144.919 2.36713 -235.656 
v -144.637 2.3113 -235.29 
v -144.63 2.34258 -235.672 
v -144.635 2.31053 -235.672 
v -144.635 2.31053 -235.713 
v -144.63 2.34275 -235.713 
v -144.63 2.34275 -235.782 
v -144.635 2.31053 -235.782 
v -144.635 2.31053 -235.956 
v -144.63 2.34117 -235.956 
v -144.631 2.33975 -236.034 
v -144.635 2.31053 -236.034 
v -144.631 2.33778 -236.118 
v -144.631 2.33896 -236.07 
v -144.635 2.31053 -236.07 
v -144.635 2.31053 -236.118 
v -144.632 2.33614 -236.177 
v -144.635 2.31053 -236.177 
v -144.633 2.33364 -236.255 
v -144.635 2.31053 -236.255 
v -144.627 2.30821 -236.495 
v -144.632 2.33708 -235.373 
v -144.635 2.31053 -235.373 
v -144.635 2.31053 -235.533 
v -144.63 2.34097 -235.533 
v -144.635 2.31053 -235.612 
v -144.63 2.34208 -235.612 
v -144.637 2.3113 -235.29 
v -144.679 2.34841 -236.251 
v -144.678 2.34852 -236.237 
v -144.627 2.30821 -236.495 
v -144.725 2.37007 -236.006 
v -144.729 2.37149 -236.005 
v -144.729 2.37231 -235.959 
v -144.726 2.37147 -235.954 
v -144.792 2.39392 -235.77 
v -144.788 2.39279 -235.768 
v -144.894 2.42606 -235.656 
v -144.9 2.42792 -235.656 
v -144.748 2.37644 -236.048 
v -144.752 2.37772 -236.046 
v -144.783 2.38714 -236.061 
v -144.791 2.38963 -236.061 
v -144.698 2.35729 -236.168 
v -144.7 2.35769 -236.175 
v -144.735 2.37052 -236.114 
v -144.733 2.37003 -236.11 
v -144.783 2.38714 -236.061 
v -144.791 2.38963 -236.061 
v -144.815 2.40073 -235.616 
v -144.727 2.37163 -235.537 
v -144.726 2.37149 -235.543 
v -144.813 2.39997 -235.62 
v -144.651 2.34389 -235.389 
v -144.652 2.34364 -235.376 
v -144.637 2.3113 -235.29 
v -144.894 2.42606 -235.656 
v -144.9 2.42792 -235.656 
v -144.633 2.33364 -236.255 
v -144.627 2.30821 -236.495 
v -144.678 2.34852 -236.237 
v -144.63 2.34258 -235.672 
v -144.63 2.34275 -235.713 
v -144.788 2.39279 -235.768 
v -144.894 2.42606 -235.656 
v -144.726 2.37147 -235.954 
v -144.63 2.34275 -235.782 
v -144.63 2.34117 -235.956 
v -144.725 2.37007 -236.006 
v -144.631 2.33975 -236.034 
v -144.748 2.37644 -236.048 
v -144.631 2.33896 -236.07 
v -144.631 2.33778 -236.118 
v -144.733 2.37003 -236.11 
v -144.783 2.38714 -236.061 
v -144.632 2.33614 -236.177 
v -144.698 2.35729 -236.168 
v -144.651 2.34389 -235.389 
v -144.632 2.33708 -235.373 
v -144.63 2.34097 -235.533 
v -144.726 2.37149 -235.543 
v -144.63 2.34208 -235.612 
v -144.813 2.39997 -235.62 
v -144.637 2.3113 -235.29 
v -144.679 2.34841 -236.251 
v -144.627 2.30821 -236.495 
v -144.692 2.32855 -236.252 
v -144.9 2.42792 -235.656 
v -144.792 2.39392 -235.77 
v -144.809 2.36562 -235.769 
v -144.918 2.39995 -235.654 
v -144.729 2.37149 -236.005 
v -144.744 2.34517 -236.003 
v -144.744 2.34517 -235.96 
v -144.729 2.37231 -235.959 
v -144.752 2.37772 -236.046 
v -144.765 2.35159 -236.04 
v -144.791 2.38963 -236.061 
v -144.735 2.37052 -236.114 
v -144.747 2.34612 -236.119 
v -144.806 2.36469 -236.059 
v -144.7 2.35769 -236.175 
v -144.713 2.33532 -236.177 
v -144.791 2.38963 -236.061 
v -144.806 2.36469 -236.059 
v -144.765 2.35159 -236.04 
v -144.752 2.37772 -236.046 
v -144.727 2.37163 -235.537 
v -144.741 2.34421 -235.533 
v -144.667 2.32088 -235.378 
v -144.652 2.34364 -235.376 
v -144.815 2.40073 -235.616 
v -144.828 2.37169 -235.611 
v -144.9 2.42792 -235.656 
v -144.918 2.39995 -235.654 
v -144.637 2.3113 -235.29 
v -144.694 2.12123 -234.244 
v -144.67 2.11362 -234.05 
v -144.719 2.00119 -234.092 
v -144.743 2.0088 -234.272 
v -144.698 1.83299 -234.149 
v -144.722 1.84059 -234.31 
v -144.656 1.70787 -234.191 
v -144.68 1.71548 -234.338 
v -144.651 1.59737 -234.363 
v -144.627 1.58977 -234.227 
v -144.645 1.45242 -234.277 
v -144.669 1.46002 -234.396 
v -144.78 1.33192 -234.428 
v -144.756 1.32431 -234.325 
v -144.839 1.26263 -234.352 
v -144.863 1.27023 -234.446 
v -145.056 1.00231 -234.504 
v -145.032 0.994706 -234.439 
v -145.004 0.842805 -234.477 
v -145.028 0.85041 -234.529 
v -144.694 2.12123 -234.439 
v -144.743 2.00879 -234.453 
v -144.722 1.84059 -234.472 
v -144.68 1.71548 -234.486 
v -144.651 1.59737 -234.498 
v -144.669 1.46002 -234.514 
v -144.78 1.33192 -234.53 
v -144.863 1.27023 -234.539 
v -145.056 1.00231 -234.568 
v -145.028 0.85041 -234.581 
v -144.694 2.12123 -234.633 
v -144.743 2.0088 -234.633 
v -144.722 1.8406 -234.633 
v -144.68 1.71548 -234.633 
v -144.651 1.59737 -234.633 
v -144.669 1.46002 -234.633 
v -144.78 1.33192 -234.633 
v -144.863 1.27023 -234.633 
v -145.056 1.00231 -234.633 
v -145.028 0.85041 -234.633 
v -144.743 2.00879 -234.813 
v -144.694 2.12123 -234.828 
v -144.722 1.84059 -234.794 
v -144.68 1.71548 -234.78 
v -144.669 1.46002 -234.752 
v -144.651 1.59737 -234.768 
v -144.863 1.27023 -234.727 
v -144.78 1.33192 -234.736 
v -145.028 0.85041 -234.685 
v -145.056 1.00231 -234.698 
v -144.743 2.00879 -234.994 
v -144.694 2.12123 -235.022 
v -144.722 1.84059 -234.956 
v -144.68 1.71548 -234.928 
v -144.669 1.46002 -234.87 
v -144.651 1.59737 -234.904 
v -144.863 1.27023 -234.82 
v -144.78 1.33192 -234.838 
v -145.028 0.85041 -234.737 
v -145.056 1.00231 -234.762 
v -144.721 2.00178 -235.174 
v -144.672 2.11422 -235.217 
v -144.7 1.83358 -235.117 
v -144.658 1.70847 -235.075 
v -144.647 1.45301 -234.989 
v -144.629 1.59036 -235.039 
v -144.841 1.26323 -234.914 
v -144.758 1.32491 -234.941 
v -145.006 0.843402 -234.789 
v -145.034 0.9953 -234.827 
v -144.705 2.10482 -235.245 
v -144.672 2.11422 -235.217 
v -144.721 2.00178 -235.174 
v -144.755 1.99238 -235.2 
v -144.7 1.83358 -235.117 
v -144.734 1.82412 -235.141 
v -144.658 1.70847 -235.075 
v -144.692 1.69894 -235.096 
v -144.662 1.58076 -235.058 
v -144.629 1.59036 -235.039 
v -144.647 1.45301 -234.989 
v -144.68 1.44328 -235.006 
v -144.79 1.31503 -234.956 
v -144.758 1.32491 -234.941 
v -144.841 1.26323 -234.914 
v -144.873 1.25325 -234.928 
v -145.006 0.843402 -234.789 
v -145.037 0.832887 -234.796 
v -145.065 0.984962 -234.836 
v -145.034 0.9953 -234.827 
v -144.755 2.01254 -235.174 
v -144.706 2.12499 -235.216 
v -144.734 1.84424 -235.117 
v -144.691 1.71898 -235.075 
v -144.679 1.46312 -234.989 
v -144.662 1.60073 -235.039 
v -144.871 1.27284 -234.914 
v -144.789 1.33472 -234.941 
v -145.033 0.85194 -234.789 
v -145.062 1.0042 -234.827 
v -144.706 2.12499 -235.022 
v -144.755 2.01254 -234.994 
v -144.734 1.84423 -234.956 
v -144.691 1.71898 -234.928 
v -144.662 1.60073 -234.904 
v -144.679 1.46312 -234.87 
v -144.789 1.33472 -234.838 
v -144.871 1.27284 -234.82 
v -145.062 1.0042 -234.762 
v -145.033 0.851941 -234.737 
v -144.706 2.12499 -234.828 
v -144.755 2.01254 -234.813 
v -144.734 1.84424 -234.794 
v -144.691 1.71898 -234.78 
v -144.662 1.60073 -234.768 
v -144.679 1.46312 -234.752 
v -144.789 1.33472 -234.736 
v -144.871 1.27284 -234.727 
v -145.062 1.00419 -234.698 
v -145.033 0.85194 -234.685 
v -144.706 2.12499 -234.633 
v -144.755 2.01254 -234.633 
v -144.734 1.84424 -234.633 
v -144.691 1.71898 -234.633 
v -144.662 1.60073 -234.633 
v -144.679 1.46312 -234.633 
v -144.789 1.33472 -234.633 
v -144.871 1.27284 -234.633 
v -145.062 1.00419 -234.633 
v -145.033 0.85194 -234.633 
v -144.755 2.01254 -234.453 
v -144.706 2.12499 -234.439 
v -144.734 1.84423 -234.472 
v -144.691 1.71898 -234.486 
v -144.679 1.46312 -234.514 
v -144.662 1.60073 -234.498 
v -144.871 1.27284 -234.539 
v -144.789 1.33472 -234.53 
v -145.033 0.851937 -234.581 
v -145.062 1.00419 -234.568 
v -144.755 2.01254 -234.272 
v -144.706 2.12499 -234.244 
v -144.734 1.84424 -234.31 
v -144.691 1.71898 -234.338 
v -144.679 1.46312 -234.396 
v -144.662 1.60073 -234.363 
v -144.871 1.27284 -234.446 
v -144.789 1.33472 -234.428 
v -145.033 0.851941 -234.529 
v -145.062 1.00419 -234.504 
v -144.755 2.01254 -234.092 
v -144.706 2.12499 -234.05 
v -144.734 1.84424 -234.149 
v -144.691 1.71898 -234.191 
v -144.679 1.46312 -234.277 
v -144.662 1.60073 -234.227 
v -144.871 1.27284 -234.352 
v -144.789 1.33472 -234.325 
v -145.033 0.85194 -234.477 
v -145.062 1.00419 -234.439 
v -144.705 2.10482 -234.021 
v -144.755 1.99238 -234.066 
v -144.734 1.82412 -234.125 
v -144.692 1.69894 -234.17 
v -144.662 1.58076 -234.208 
v -144.68 1.44328 -234.26 
v -144.79 1.31503 -234.31 
v -144.873 1.25325 -234.339 
v -145.037 0.832884 -234.47 
v -145.065 0.984962 -234.43 
v -145.015 0.435346 -234.581 
v -145.015 0.435346 -234.598 
v -145.02 0.4168 -234.597 
v -145.02 0.4168 -234.578 
v -145.013 0.43483 -234.598 
v -144.989 0.427227 -234.581 
v -145.015 0.435346 -234.616 
v -145.02 0.416798 -234.615 
v -145.013 0.434834 -234.616 
v -145.015 0.435346 -234.633 
v -145.02 0.416798 -234.633 
v -145.013 0.434834 -234.633 
v -145.015 0.435345 -234.65 
v -145.02 0.416798 -234.651 
v -145.013 0.434833 -234.65 
v -145.015 0.435345 -234.668 
v -145.02 0.416798 -234.669 
v -145.013 0.434833 -234.668 
v -145.015 0.435348 -234.685 
v -145.02 0.416799 -234.688 
v -144.991 0.427824 -234.685 
v -144.662 2.24169 -234.225 
v -144.662 2.26186 -234.244 
v -144.662 2.26186 -234.05 
v -144.662 2.24168 -234.021 
v -144.626 2.25049 -234.05 
v -144.65 2.2581 -234.244 
v -144.662 2.24169 -234.429 
v -144.662 2.26186 -234.439 
v -144.65 2.2581 -234.439 
v -144.662 2.24169 -234.633 
v -144.662 2.26186 -234.633 
v -144.65 2.25809 -234.633 
v -144.662 2.24169 -234.837 
v -144.662 2.26186 -234.828 
v -144.65 2.25809 -234.828 
v -144.662 2.24168 -235.041 
v -144.662 2.26186 -235.022 
v -144.65 2.2581 -235.022 
v -144.662 2.24169 -235.245 
v -144.662 2.26186 -235.216 
v -144.628 2.25109 -235.217 
v -145.01 1.09646 -234.854 
v -144.94 1.18486 -234.883 
v -144.962 1.19188 -234.8 
v -145.032 1.10347 -234.78 
v -144.972 1.17477 -234.895 
v -144.94 1.18486 -234.883 
v -145.01 1.09646 -234.854 
v -145.041 1.08624 -234.864 
v -145.039 1.10559 -234.854 
v -144.97 1.19424 -234.883 
v -145.039 1.10559 -234.78 
v -144.97 1.19424 -234.8 
v -145.039 1.10559 -234.707 
v -144.97 1.19424 -234.716 
v -145.039 1.10559 -234.633 
v -144.97 1.19424 -234.633 
v -145.039 1.10559 -234.559 
v -144.97 1.19424 -234.55 
v -145.039 1.10559 -234.486 
v -144.97 1.19424 -234.467 
v -145.039 1.10559 -234.412 
v -144.97 1.19424 -234.383 
v -144.972 1.17477 -234.371 
v -145.041 1.08624 -234.402 
v -145.008 1.09586 -234.412 
v -144.938 1.18427 -234.383 
v -145.032 1.10347 -234.486 
v -144.962 1.19188 -234.467 
v -145.032 1.10347 -234.559 
v -144.962 1.19187 -234.55 
v -145.032 1.10347 -234.633 
v -144.962 1.19187 -234.633 
v -145.032 1.10347 -234.707 
v -144.962 1.19187 -234.716 
v -144.992 0.741384 -234.72 
v -144.97 0.734377 -234.764 
v -144.97 0.734377 -234.764 
v -145 0.723738 -234.77 
v -144.996 0.742674 -234.764 
v -144.996 0.742671 -234.72 
v -144.996 0.742675 -234.677 
v -144.996 0.742674 -234.633 
v -144.996 0.742675 -234.589 
v -144.996 0.742674 -234.546 
v -144.996 0.742671 -234.502 
v -145 0.723738 -234.496 
v -144.968 0.733783 -234.502 
v -144.992 0.741384 -234.546 
v -144.992 0.741384 -234.589 
v -144.992 0.741387 -234.633 
v -144.992 0.741384 -234.677 
v -144.944 0.634621 -234.741 
v -144.966 0.641632 -234.705 
v -144.965 0.535541 -234.687 
v -144.943 0.528534 -234.714 
v -144.943 0.528534 -234.714 
v -144.972 0.517651 -234.718 
v -144.973 0.62387 -234.746 
v -144.944 0.634621 -234.741 
v -144.968 0.536344 -234.714 
v -144.969 0.642693 -234.741 
v -144.968 0.536344 -234.687 
v -144.969 0.642693 -234.705 
v -144.968 0.536344 -234.66 
v -144.969 0.642693 -234.669 
v -144.968 0.536341 -234.633 
v -144.969 0.642696 -234.633 
v -144.968 0.536343 -234.606 
v -144.969 0.642696 -234.597 
v -144.968 0.536341 -234.579 
v -144.969 0.642696 -234.561 
v -144.968 0.536343 -234.552 
v -144.969 0.642694 -234.525 
v -144.972 0.517651 -234.548 
v -144.973 0.623871 -234.52 
v -144.941 0.527936 -234.552 
v -144.942 0.634026 -234.525 
v -144.965 0.535541 -234.579 
v -144.966 0.641629 -234.561 
v -144.965 0.535543 -234.606 
v -144.966 0.641629 -234.597 
v -144.965 0.535542 -234.633 
v -144.966 0.641629 -234.633 
v -144.965 0.535545 -234.66 
v -144.966 0.641632 -234.669 
v -144.963 0.471294 -234.698 
v -144.985 0.478302 -234.676 
v -144.963 0.471294 -234.698 
v -144.992 0.460335 -234.701 
v -144.987 0.478944 -234.698 
v -144.987 0.478945 -234.676 
v -144.987 0.478946 -234.655 
v -144.987 0.478946 -234.633 
v -144.987 0.478946 -234.611 
v -144.987 0.478946 -234.59 
v -144.987 0.478946 -234.568 
v -144.992 0.460333 -234.565 
v -144.961 0.470699 -234.568 
v -144.985 0.478302 -234.59 
v -144.985 0.478302 -234.611 
v -144.985 0.478302 -234.633 
v -144.985 0.478302 -234.655 

vn -0.889764 -0.00787402 0.464567 
vn -0.716535 -0.527559 0.464567 
vn 0 0 1 
vn -0.724409 0.511811 0.464567 
vn -0.283465 0.84252 0.464567 
vn 0.267717 0.84252 0.464567 
vn 0.716535 0.527559 0.464567 
vn 0.889764 0.00787402 0.464567 
vn 0.724409 -0.519685 0.464567 
vn 0.283465 -0.84252 0.464567 
vn -0.267717 -0.84252 0.464567 
vn -0.84252 -0.00787402 0.543307 
vn -0.669291 -0.00787402 -0.740157 
vn -0.535433 -0.401575 -0.740157 
vn -0.677165 -0.496063 0.543307 
vn -0.685039 0.488189 0.543307 
vn -0.543307 0.385827 -0.740157 
vn -0.267717 0.795276 0.543307 
vn -0.212598 0.637795 -0.740157 
vn -0.543307 0.385827 -0.740157 
vn -0.685039 0.488189 0.543307 
vn 0.251969 0.80315 0.543307 
vn 0.204724 0.637795 -0.740157 
vn 0.677165 0.496063 0.543307 
vn 0.535433 0.393701 -0.740157 
vn 0.84252 0.00787402 0.543307 
vn 0.669291 0.00787402 -0.740157 
vn 0.685039 -0.488189 0.543307 
vn 0.543307 -0.385827 -0.740157 
vn 0.267717 -0.795276 0.543307 
vn 0.212598 -0.637795 -0.740157 
vn -0.251969 -0.80315 0.543307 
vn -0.204724 -0.637795 -0.740157 
vn -0.96063 -0.00787402 0.267717 
vn -0.96063 -0.00787402 0.291339 
vn -0.771654 -0.566929 0.291339 
vn -0.771654 -0.574803 0.267717 
vn -0.787402 0.559055 0.267717 
vn -0.779528 0.559055 0.291339 
vn -0.307087 0.913386 0.267717 
vn -0.307087 0.905512 0.291339 
vn -0.779528 0.559055 0.291339 
vn -0.787402 0.559055 0.267717 
vn 0.291339 0.92126 0.267717 
vn 0.291339 0.913386 0.291339 
vn 0.771654 0.574803 0.267717 
vn 0.771654 0.566929 0.291339 
vn 0.96063 0.00787402 0.267717 
vn 0.96063 0.00787402 0.291339 
vn 0.779528 -0.559055 0.267717 
vn 0.779528 -0.559055 0.291339 
vn 0.307087 -0.913386 0.267717 
vn 0.307087 -0.905512 0.291339 
vn -0.291339 -0.92126 0.267717 
vn -0.291339 -0.913386 0.291339 
vn -0.692913 -0.00787402 0.716535 
vn -1 -0.00787402 0.023622 
vn -0.80315 -0.598425 0.023622 
vn -0.559055 -0.409449 0.716535 
vn -0.566929 0.401575 0.716535 
vn -0.811024 0.582677 0.023622 
vn -0.220472 0.661417 0.716535 
vn -0.314961 0.944882 0.023622 
vn -0.811024 0.582677 0.023622 
vn -0.566929 0.401575 0.716535 
vn 0.212598 0.661417 0.716535 
vn 0.299213 0.952756 0.023622 
vn 0.559055 0.409449 0.716535 
vn 0.80315 0.590551 0.023622 
vn 0.692913 0.00787402 0.716535 
vn 1 0.00787402 0.023622 
vn 0.566929 -0.401575 0.716535 
vn 0.811024 -0.582677 0.023622 
vn 0.220472 -0.661417 0.716535 
vn 0.314961 -0.944882 0.023622 
vn -0.212598 -0.661417 0.716535 
vn -0.299213 -0.952756 0.023622 
vn 0.0629921 0.19685 -0.976378 
vn 0.165354 0.11811 -0.976378 
vn -0.188976 -0.133858 -0.976378 
vn -0.0708661 -0.220472 -0.976378 
vn -0.228346 0 -0.976378 
vn 0.204724 0 -0.976378 
vn -0.188976 0.133858 -0.976378 
vn 0.165354 -0.11811 -0.976378 
vn -0.0629921 0.19685 -0.976378 
vn 0.0708661 -0.220472 -0.976378 
vn -0.0708661 0.220472 -0.976378 
vn 0.0629921 -0.19685 -0.976378 
vn 0.0708661 0.220472 -0.976378 
vn -0.0629921 -0.19685 -0.976378 
vn 0.188976 0.133858 -0.976378 
vn -0.165354 -0.11811 -0.976378 
vn 0.228346 0 -0.976378 
vn -0.204724 0 -0.976378 
vn 0.188976 -0.133858 -0.976378 
vn -0.165354 0.11811 -0.976378 
vn -1 -0.00787402 0 
vn -0.80315 -0.590551 0 
vn -0.543307 -0.401575 0.740157 
vn -0.677165 -0.00787402 0.740157 
vn -0.204724 -0.645669 0.740157 
vn -0.299213 -0.952756 0 
vn -0.811024 0.582677 0 
vn -0.551181 0.393701 0.740157 
vn -0.314961 0.944882 0 
vn -0.811024 0.582677 0 
vn -0.551181 0.393701 0.740157 
vn -0.212598 0.637795 0.740157 
vn 0.299213 0.952756 0 
vn 0.204724 0.645669 0.740157 
vn 0.80315 0.590551 0 
vn 0.543307 0.401575 0.740157 
vn 1 0.00787402 0 
vn 0.677165 0.00787402 0.740157 
vn 0.811024 -0.582677 0 
vn 0.551181 -0.393701 0.740157 
vn 0.212598 -0.637795 0.740157 
vn 0.314961 -0.944882 0 
vn 0.0787402 0.244094 -0.968504 
vn -0.0787402 0.244094 -0.968504 
vn 0.188976 -0.559055 -0.80315 
vn -0.181102 -0.566929 -0.80315 
vn 0.480315 -0.346457 -0.80315 
vn -0.204724 0.149606 -0.968504 
vn 0.590551 0.00787402 -0.80315 
vn -0.259843 0 -0.968504 
vn 0.472441 0.354331 -0.80315 
vn -0.204724 -0.149606 -0.968504 
vn 0.181102 0.566929 -0.80315 
vn -0.0787402 -0.244094 -0.968504 
vn -0.188976 0.559055 -0.80315 
vn 0.0787402 -0.244094 -0.968504 
vn -0.480315 0.346457 -0.80315 
vn 0.204724 -0.149606 -0.968504 
vn -0.590551 -0.00787402 -0.80315 
vn 0.259843 0 -0.968504 
vn -0.472441 -0.354331 -0.80315 
vn 0.204724 0.149606 -0.968504 
vn 0.480315 -0.346457 -0.80315 
vn 0.590551 0.00787402 -0.80315 
vn 0.472441 0.354331 -0.80315 
vn 0.181102 0.566929 -0.80315 
vn -0.188976 0.559055 -0.80315 
vn -0.480315 0.346457 -0.80315 
vn -0.480315 0.346457 -0.80315 
vn -0.590551 -0.00787402 -0.80315 
vn -0.472441 -0.354331 -0.80315 
vn -0.181102 -0.566929 -0.80315 
vn 0.188976 -0.559055 -0.80315 
vn 0.149606 -0.448819 0.88189 
vn 0.385827 -0.275591 0.88189 
vn -0.141732 -0.456693 0.88189 
vn -0.385827 -0.283465 0.88189 
vn -0.472441 0 0.88189 
vn -0.385827 0.275591 0.88189 
vn -0.149606 0.448819 0.88189 
vn -0.385827 0.275591 0.88189 
vn 0.141732 0.456693 0.88189 
vn 0.385827 0.283465 0.88189 
vn 0.472441 0 0.88189 
vn 0.393701 -0.275591 -0.874016 
vn 0.401575 -0.283465 -0.866142 
vn 0.496063 0.00787402 -0.866142 
vn 0.480315 0.00787402 -0.874016 
vn 0.393701 0.291339 -0.866142 
vn 0.385827 0.283465 -0.874016 
vn 0.149606 0.472441 -0.866142 
vn 0.141732 0.456693 -0.874016 
vn -0.15748 0.472441 -0.866142 
vn -0.149606 0.456693 -0.874016 
vn -0.401575 0.291339 -0.866142 
vn -0.393701 0.275591 -0.874016 
vn -0.393701 0.275591 -0.874016 
vn -0.401575 0.291339 -0.866142 
vn -0.496063 -0.00787402 -0.866142 
vn -0.480315 -0.00787402 -0.874016 
vn -0.393701 -0.291339 -0.866142 
vn -0.385827 -0.283465 -0.874016 
vn -0.149606 -0.472441 -0.866142 
vn -0.141732 -0.456693 -0.874016 
vn 0.15748 -0.464567 -0.866142 
vn 0.149606 -0.456693 -0.874016 
vn 1 0.00787402 0 
vn 1 0.00787402 0 
vn 0.811024 -0.582677 0 
vn 0.811024 -0.582677 0 
vn 0.80315 0.590551 0 
vn 0.80315 0.590551 0 
vn 0.299213 0.952756 0 
vn 0.299213 0.952756 0 
vn -0.314961 0.944882 0 
vn -0.314961 0.944882 0 
vn -0.811024 0.582677 0 
vn -0.811024 0.582677 0 
vn -1 -0.00787402 0 
vn -1 -0.00787402 0 
vn -0.811024 0.582677 0 
vn -0.811024 0.582677 0 
vn -0.80315 -0.590551 0 
vn -0.80315 -0.590551 0 
vn -0.299213 -0.952756 0 
vn -0.299213 -0.952756 0 
vn 0.314961 -0.944882 0 
vn 0.314961 -0.944882 0 
vn 0.811024 -0.582677 0 
vn 0.811024 -0.582677 0 
vn 1 0.00787402 0 
vn 0.811024 -0.582677 0 
vn 0.80315 0.590551 0 
vn 0.299213 0.952756 0 
vn -0.314961 0.944882 0 
vn -0.811024 0.582677 0 
vn -1 -0.00787402 0 
vn -0.811024 0.582677 0 
vn -0.80315 -0.590551 0 
vn -0.299213 -0.952756 0 
vn 0.314961 -0.944882 0 
vn 0.811024 -0.582677 0 
vn 1 0.00787402 0 
vn 0.811024 -0.582677 0 
vn 0.80315 0.590551 0 
vn 0.299213 0.952756 0 
vn -0.314961 0.944882 0 
vn -0.811024 0.582677 0 
vn -1 -0.00787402 0 
vn -0.811024 0.582677 0 
vn -0.80315 -0.590551 0 
vn -0.299213 -0.952756 0 
vn 0.314961 -0.944882 0 
vn 0.811024 -0.582677 0 
vn -1 -0.00787402 0 
vn -0.811024 0.582677 0 
vn -0.80315 -0.590551 0 
vn -0.299213 -0.952756 0 
vn 0.314961 -0.944882 0 
vn 0.811024 -0.582677 0 
vn 1 0.00787402 0 
vn 0.811024 -0.582677 0 
vn 0.80315 0.590551 0 
vn 0.299213 0.952756 0 
vn -0.314961 0.944882 0 
vn -0.811024 0.582677 0 
vn 1 0.00787402 0 
vn 0.811024 -0.582677 0 
vn 0.80315 0.590551 0 
vn 0.299213 0.952756 0 
vn -0.314961 0.944882 0 
vn -0.811024 0.582677 0 
vn -1 -0.00787402 0 
vn -0.811024 0.582677 0 
vn -0.80315 -0.590551 0 
vn -0.299213 -0.952756 0 
vn 0.314961 -0.944882 0 
vn 0.811024 -0.582677 0 
vn 1 0.00787402 0 
vn 0.811024 -0.582677 0 
vn 0.80315 0.590551 0 
vn 0.299213 0.952756 0 
vn -0.314961 0.944882 0 
vn -0.811024 0.582677 0 
vn -1 -0.00787402 0 
vn -0.811024 0.582677 0 
vn -0.80315 -0.590551 0 
vn -0.299213 -0.952756 0 
vn 0.314961 -0.944882 0 
vn 0.811024 -0.582677 0 
vn 0.811024 -0.582677 0 
vn 0.314961 -0.944882 0 
vn 1 0.00787402 0 
vn 0.811024 -0.582677 0 
vn 0.80315 0.590551 0 
vn 0.299213 0.952756 0 
vn -0.314961 0.944882 0 
vn -0.811024 0.582677 0 
vn -1 -0.00787402 0 
vn -0.811024 0.582677 0 
vn -0.80315 -0.590551 0 
vn -0.299213 -0.952756 0 
vn 1 0.00787402 0 
vn 0.811024 -0.582677 0 
vn 0.80315 0.590551 0 
vn 0.299213 0.952756 0 
vn -0.314961 0.944882 0 
vn -0.811024 0.582677 0 
vn -1 -0.00787402 0 
vn -0.811024 0.582677 0 
vn -0.80315 -0.590551 0 
vn -0.299213 -0.952756 0 
vn 0.314961 -0.944882 0 
vn 0.811024 -0.582677 0 
vn 1 0.00787402 0 
vn 0.811024 -0.582677 0 
vn 0.80315 0.590551 0 
vn 0.299213 0.952756 0 
vn -0.314961 0.944882 0 
vn -0.811024 0.582677 0 
vn -1 -0.00787402 0 
vn -0.811024 0.582677 0 
vn -0.80315 -0.590551 0 
vn -0.299213 -0.952756 0 
vn 0.314961 -0.944882 0 
vn 0.811024 -0.582677 0 
vn 1 0.00787402 0.00787402 
vn 0.811024 -0.582677 0.00787402 
vn 0.80315 0.590551 0.00787402 
vn 0.299213 0.952756 0.00787402 
vn -0.314961 0.944882 0.00787402 
vn -0.811024 0.582677 0.00787402 
vn -1 -0.00787402 0.00787402 
vn -0.811024 0.582677 0.00787402 
vn -0.80315 -0.590551 0.00787402 
vn -0.299213 -0.952756 0.00787402 
vn 0.314961 -0.944882 0.00787402 
vn 0.811024 -0.582677 0.00787402 
vn 0.811024 -0.582677 0.0393701 
vn 0.811024 -0.582677 0.0393701 
vn 1 0.00787402 0.0393701 
vn 1 0.00787402 0.0393701 
vn 0.80315 0.590551 0.0393701 
vn 0.80315 0.590551 0.0393701 
vn 0.299213 0.952756 0.0393701 
vn 0.299213 0.952756 0.0393701 
vn -0.314961 0.944882 0.0393701 
vn -0.314961 0.944882 0.0393701 
vn -0.811024 0.582677 0.0393701 
vn -0.811024 0.582677 0.0393701 
vn -0.811024 0.582677 0.0393701 
vn -0.811024 0.582677 0.0393701 
vn -1 -0.00787402 0.0393701 
vn -1 -0.00787402 0.0393701 
vn -0.80315 -0.590551 0.0393701 
vn -0.80315 -0.590551 0.0393701 
vn -0.299213 -0.952756 0.0393701 
vn -0.299213 -0.952756 0.0393701 
vn 0.314961 -0.944882 0.0393701 
vn 0.314961 -0.944882 0.0393701 
vn 0.787402 -0.559055 0.251969 
vn 0.968504 0.00787402 0.251969 
vn 0.307087 -0.92126 0.251969 
vn -0.291339 -0.92126 0.251969 
vn -0.779528 -0.574803 0.251969 
vn -0.968504 -0.00787402 0.251969 
vn -0.787402 0.559055 0.251969 
vn -0.307087 0.92126 0.251969 
vn -0.787402 0.559055 0.251969 
vn 0.291339 0.92126 0.251969 
vn 0.779528 0.574803 0.251969 
vn 0.787402 -0.559055 0.251969 
vn 0.968504 0.00787402 0.251969 
vn 0.307087 -0.92126 0.251969 
vn -0.291339 -0.92126 0.251969 
vn -0.779528 -0.574803 0.251969 
vn -0.968504 -0.00787402 0.251969 
vn -0.787402 0.559055 0.251969 
vn -0.307087 0.92126 0.251969 
vn -0.787402 0.559055 0.251969 
vn 0.291339 0.92126 0.251969 
vn 0.779528 0.574803 0.251969 
vn 0.724409 -0.519685 0.464567 
vn 0.889764 0.00787402 0.464567 
vn 0.283465 -0.84252 0.464567 
vn -0.267717 -0.84252 0.464567 
vn -0.716535 -0.527559 0.464567 
vn -0.889764 -0.00787402 0.464567 
vn -0.724409 0.511811 0.464567 
vn -0.283465 0.84252 0.464567 
vn -0.724409 0.511811 0.464567 
vn 0.267717 0.84252 0.464567 
vn 0.716535 0.527559 0.464567 
vn -0.181102 -0.574803 0.80315 
vn -0.480315 -0.354331 0.80315 
vn -0.480315 -0.354331 0.80315 
vn -0.181102 -0.574803 0.80315 
vn -0.598425 -0.00787402 0.80315 
vn -0.598425 -0.00787402 0.80315 
vn -0.488189 0.346457 0.80315 
vn -0.488189 0.346457 0.80315 
vn 0.188976 -0.566929 0.80315 
vn 0.188976 -0.566929 0.80315 
vn -0.188976 0.566929 0.80315 
vn -0.188976 0.566929 0.80315 
vn 0.181102 0.574803 0.80315 
vn 0.181102 0.574803 0.80315 
vn 0.480315 0.354331 0.80315 
vn 0.480315 0.354331 0.80315 
vn 0.598425 0.00787402 0.80315 
vn 0.598425 0.00787402 0.80315 
vn 0.488189 -0.346457 0.80315 
vn 0.488189 -0.346457 0.80315 
vn -0.80315 -0.590551 0.015748 
vn -1 -0.00787402 0.015748 
vn -0.299213 -0.952756 0.015748 
vn -0.811024 0.582677 0.015748 
vn -0.811024 0.582677 0.015748 
vn -0.314961 0.944882 0.015748 
vn 0.299213 0.952756 0.015748 
vn 0.80315 0.590551 0.015748 
vn 1 0.00787402 0.015748 
vn 0.811024 -0.582677 0.015748 
vn 0.811024 -0.582677 0.015748 
vn 0.314961 -0.944882 0.015748 
vn 0.0314961 0 -1 
vn 0.023622 0.015748 -1 
vn 0.023622 -0.015748 -1 
vn 0.00787402 -0.0314961 -1 
vn -0.00787402 -0.0314961 -1 
vn -0.023622 -0.015748 -1 
vn -0.0314961 0 -1 
vn -0.023622 0.015748 -1 
vn -0.00787402 0.0314961 -1 
vn 0.00787402 0.0314961 -1 
vn -0.80315 0.559055 0.212598 
vn -0.80315 0.559055 0.212598 
vn -0.322835 0.92126 0.212598 
vn -0.322835 0.92126 0.212598 
vn 0.283465 0.937008 0.212598 
vn 0.283465 0.937008 0.212598 
vn 0.283465 0.937008 0.212598 
vn 0.283465 0.937008 0.212598 
vn 0.779528 0.590551 0.212598 
vn 0.779528 0.590551 0.212598 
vn 0.976378 0.015748 0.212598 
vn 0.976378 0.015748 0.212598 
vn 0.80315 -0.559055 0.212598 
vn 0.80315 -0.559055 0.212598 
vn 0.322835 -0.92126 0.212598 
vn 0.322835 -0.92126 0.212598 
vn -0.283465 -0.937008 0.212598 
vn -0.283465 -0.937008 0.212598 
vn -0.779528 -0.590551 0.212598 
vn -0.779528 -0.590551 0.212598 
vn -0.976378 -0.023622 0.212598 
vn -0.976378 -0.023622 0.212598 
vn -0.80315 0.559055 0.212598 
vn -0.80315 0.559055 0.212598 
vn -0.322835 0.92126 0.212598 
vn -0.322835 0.92126 0.212598 
vn 0.283465 0.937008 0.204724 
vn 0.283465 0.937008 0.204724 
vn 0.283465 0.937008 0.204724 
vn 0.283465 0.937008 0.204724 
vn 0.779528 0.590551 0.212598 
vn 0.779528 0.590551 0.212598 
vn 0.976378 0.015748 0.204724 
vn 0.976378 0.015748 0.204724 
vn 0.80315 -0.559055 0.212598 
vn 0.80315 -0.559055 0.212598 
vn 0.322835 -0.92126 0.212598 
vn 0.322835 -0.92126 0.212598 
vn -0.283465 -0.937008 0.212598 
vn -0.283465 -0.937008 0.212598 
vn -0.779528 -0.590551 0.212598 
vn -0.779528 -0.590551 0.212598 
vn -0.976378 -0.023622 0.212598 
vn -0.976378 -0.023622 0.212598 
vn 0.204724 -0.582677 -0.787402 
vn 0.330709 -0.944882 -0.00787402 
vn -0.291339 -0.96063 -0.00787402 
vn -0.181102 -0.590551 -0.787402 
vn 0.503937 -0.354331 -0.787402 
vn 0.818898 -0.574803 -0.00787402 
vn 0.614173 0.015748 -0.787402 
vn 1 0.023622 -0.00787402 
vn 0.488189 0.370079 -0.787402 
vn 0.795276 0.606299 -0.00787402 
vn 0.181102 0.590551 -0.787402 
vn 0.291339 0.96063 -0.00787402 
vn -0.204724 0.582677 -0.787402 
vn -0.330709 0.944882 -0.00787402 
vn -0.503937 0.354331 -0.787402 
vn -0.818898 0.574803 -0.00787402 
vn -0.614173 -0.015748 -0.787402 
vn -1 -0.023622 -0.00787402 
vn -0.488189 -0.370079 -0.787402 
vn -0.795276 -0.606299 -0.00787402 
vn 0 0 -1 
vn -0.291339 -0.96063 0 
vn -0.291339 -0.952756 -0.0551181 
vn -0.795276 -0.606299 -0.0551181 
vn -0.795276 -0.606299 0 
vn 0.330709 -0.944882 0 
vn 0.330709 -0.944882 -0.0551181 
vn 0.818898 -0.574803 0 
vn 0.818898 -0.566929 -0.0551181 
vn 1 0.023622 0 
vn 1 0.023622 -0.0551181 
vn 0.795276 0.606299 0 
vn 0.795276 0.606299 -0.0551181 
vn 0.291339 0.96063 0 
vn 0.291339 0.952756 -0.0551181 
vn -0.330709 0.944882 0 
vn -0.330709 0.944882 -0.0551181 
vn 0.291339 0.952756 -0.0551181 
vn 0.291339 0.96063 0 
vn -0.818898 0.574803 0 
vn -0.818898 0.566929 -0.0551181 
vn -1 -0.023622 0 
vn -1 -0.023622 -0.0551181 
vn -0.291339 -0.96063 -0.00787402 
vn -0.795276 -0.606299 -0.00787402 
vn 0.330709 -0.944882 -0.00787402 
vn 0.818898 -0.574803 -0.00787402 
vn 1 0.023622 -0.00787402 
vn 0.795276 0.606299 -0.00787402 
vn 0.291339 0.96063 -0.00787402 
vn -0.330709 0.944882 -0.00787402 
vn 0.291339 0.96063 -0.00787402 
vn -0.818898 0.574803 -0.00787402 
vn -1 -0.023622 -0.00787402 
vn -0.307087 0.874016 0.377953 
vn -0.755906 0.527559 0.377953 
vn -0.755906 0.527559 0.377953 
vn -0.307087 0.874016 0.377953 
vn -0.929134 -0.015748 0.377953 
vn -0.929134 -0.015748 0.377953 
vn 0.267717 0.889764 0.377953 
vn 0.267717 0.889764 0.377953 
vn 0.740157 0.559055 0.377953 
vn 0.267717 0.889764 0.377953 
vn 0.267717 0.889764 0.377953 
vn 0.740157 0.559055 0.377953 
vn 0.929134 0.015748 0.377953 
vn 0.929134 0.015748 0.377953 
vn 0.755906 -0.527559 0.377953 
vn 0.755906 -0.527559 0.377953 
vn 0.307087 -0.874016 0.377953 
vn 0.307087 -0.874016 0.377953 
vn -0.267717 -0.889764 0.377953 
vn -0.267717 -0.889764 0.377953 
vn -0.740157 -0.559055 0.377953 
vn -0.740157 -0.559055 0.377953 
vn -0.307087 0.88189 -0.346457 
vn -0.307087 0.88189 -0.346457 
vn -0.771654 0.535433 -0.346457 
vn -0.771654 0.535433 -0.346457 
vn 0.267717 0.897638 -0.346457 
vn 0.267717 0.897638 -0.346457 
vn 0.748031 0.566929 -0.346457 
vn 0.748031 0.566929 -0.346457 
vn 0.267717 0.897638 -0.346457 
vn 0.267717 0.897638 -0.346457 
vn 0.937008 0.015748 -0.346457 
vn 0.937008 0.015748 -0.346457 
vn 0.771654 -0.535433 -0.346457 
vn 0.771654 -0.535433 -0.346457 
vn 0.307087 -0.88189 -0.346457 
vn 0.307087 -0.88189 -0.346457 
vn -0.267717 -0.897638 -0.346457 
vn -0.267717 -0.897638 -0.346457 
vn -0.748031 -0.566929 -0.346457 
vn -0.748031 -0.566929 -0.346457 
vn -0.937008 -0.015748 -0.346457 
vn -0.937008 -0.015748 -0.346457 
vn 0 0 1 
vn 0 0 1 
vn 0 0 1 
vn 0 0 1 
vn 0 0 1 
vn 0 0 1 
vn 0 0 1 
vn 0 0 1 
vn 0 0 1 
vn 0 0 1 
vn 0 0 1 
vn 0 0 1 
vn 0 0 1 
vn 0 0 1 
vn 0 0 1 
vn 0 0 1 
vn 0 0 1 
vn 0 0 1 
vn 0 0 1 
vn 0 0 1 
vn 0 0 1 
vn 0 0 1 
vn -0.653543 -0.496063 0.566929 
vn -0.23622 -0.787402 0.566929 
vn -0.23622 -0.787402 0.566929 
vn -0.653543 -0.496063 0.566929 
vn 0.267717 -0.779528 0.566929 
vn 0.267717 -0.779528 0.566929 
vn 0.677165 -0.472441 0.566929 
vn 0.677165 -0.472441 0.566929 
vn 0.818898 0.015748 0.566929 
vn 0.818898 0.015748 0.566929 
vn 0.653543 0.496063 0.566929 
vn 0.653543 0.496063 0.566929 
vn 0.23622 0.787402 0.566929 
vn 0.23622 0.787402 0.566929 
vn -0.267717 0.779528 0.566929 
vn 0.23622 0.787402 0.566929 
vn 0.23622 0.787402 0.566929 
vn -0.267717 0.779528 0.566929 
vn -0.677165 0.472441 0.566929 
vn -0.677165 0.472441 0.566929 
vn -0.818898 -0.015748 0.566929 
vn -0.818898 -0.015748 0.566929 
vn -0.267717 0.188976 0.944882 
vn -0.267717 0.188976 0.944882 
vn -0.110236 0.307087 0.944882 
vn -0.110236 0.307087 0.944882 
vn 0.0944882 0.307087 0.944882 
vn 0.0944882 0.307087 0.944882 
vn 0.0944882 0.307087 0.944882 
vn 0.0944882 0.307087 0.944882 
vn 0.259843 0.19685 0.944882 
vn 0.259843 0.19685 0.944882 
vn 0.322835 0.00787402 0.944882 
vn 0.322835 0.00787402 0.944882 
vn 0.267717 -0.188976 0.944882 
vn 0.267717 -0.188976 0.944882 
vn 0.110236 -0.307087 0.944882 
vn 0.110236 -0.307087 0.944882 
vn -0.0944882 -0.314961 0.944882 
vn -0.0944882 -0.314961 0.944882 
vn -0.259843 -0.19685 0.944882 
vn -0.259843 -0.19685 0.944882 
vn -0.322835 -0.00787402 0.944882 
vn -0.322835 -0.00787402 0.944882 
vn 0.322835 -0.929134 -0.181102 
vn 0.322835 -0.929134 -0.181102 
vn -0.283465 -0.937008 -0.181102 
vn -0.283465 -0.937008 -0.181102 
vn 0.80315 -0.559055 -0.181102 
vn 0.80315 -0.559055 -0.181102 
vn 0.984252 0.023622 -0.181102 
vn 0.984252 0.023622 -0.181102 
vn 0.779528 0.590551 -0.181102 
vn 0.779528 0.590551 -0.181102 
vn 0.283465 0.937008 -0.181102 
vn 0.283465 0.937008 -0.181102 
vn -0.322835 0.929134 -0.181102 
vn -0.322835 0.929134 -0.181102 
vn 0.283465 0.937008 -0.181102 
vn 0.283465 0.937008 -0.181102 
vn -0.80315 0.559055 -0.181102 
vn -0.80315 0.559055 -0.181102 
vn -0.984252 -0.023622 -0.181102 
vn -0.984252 -0.023622 -0.181102 
vn -0.779528 -0.590551 -0.181102 
vn -0.779528 -0.590551 -0.181102 
vn 0.267717 -0.771654 -0.582677 
vn 0.267717 -0.771654 -0.582677 
vn -0.23622 -0.779528 -0.582677 
vn -0.23622 -0.779528 -0.582677 
vn 0.669291 -0.464567 -0.582677 
vn 0.669291 -0.464567 -0.582677 
vn 0.811024 0.015748 -0.582677 
vn 0.811024 0.015748 -0.582677 
vn 0.645669 0.488189 -0.582677 
vn 0.645669 0.488189 -0.582677 
vn 0.23622 0.779528 -0.582677 
vn 0.23622 0.779528 -0.582677 
vn -0.267717 0.771654 -0.582677 
vn -0.267717 0.771654 -0.582677 
vn 0.23622 0.779528 -0.582677 
vn 0.23622 0.779528 -0.582677 
vn -0.669291 0.464567 -0.582677 
vn -0.669291 0.464567 -0.582677 
vn -0.811024 -0.015748 -0.582677 
vn -0.811024 -0.015748 -0.582677 
vn -0.645669 -0.488189 -0.582677 
vn -0.645669 -0.488189 -0.582677 
vn 0.299213 -0.850394 0.425197 
vn 0.299213 -0.850394 0.425197 
vn -0.259843 -0.866142 0.425197 
vn -0.259843 -0.866142 0.425197 
vn 0.740157 -0.519685 0.425197 
vn 0.740157 -0.519685 0.425197 
vn 0.905512 0.015748 0.425197 
vn 0.905512 0.015748 0.425197 
vn 0.724409 0.543307 0.425197 
vn 0.724409 0.543307 0.425197 
vn 0.259843 0.866142 0.425197 
vn 0.259843 0.866142 0.425197 
vn -0.299213 0.850394 0.425197 
vn -0.299213 0.850394 0.425197 
vn 0.259843 0.866142 0.425197 
vn 0.259843 0.866142 0.425197 
vn -0.740157 0.519685 0.425197 
vn -0.740157 0.519685 0.425197 
vn -0.905512 -0.015748 0.425197 
vn -0.905512 -0.015748 0.425197 
vn -0.716535 -0.543307 0.425197 
vn -0.716535 -0.543307 0.425197 
vn 0.19685 -0.566929 -0.80315 
vn 0.19685 -0.566929 -0.80315 
vn -0.173228 -0.574803 -0.80315 
vn -0.173228 -0.574803 -0.80315 
vn 0.488189 -0.338583 -0.80315 
vn 0.488189 -0.338583 -0.80315 
vn 0.598425 0.015748 -0.80315 
vn 0.598425 0.015748 -0.80315 
vn 0.472441 0.362205 -0.80315 
vn 0.472441 0.362205 -0.80315 
vn 0.173228 0.574803 -0.80315 
vn 0.173228 0.574803 -0.80315 
vn -0.19685 0.566929 -0.80315 
vn -0.19685 0.566929 -0.80315 
vn 0.173228 0.574803 -0.80315 
vn 0.173228 0.574803 -0.80315 
vn -0.488189 0.338583 -0.80315 
vn -0.488189 0.338583 -0.80315 
vn -0.598425 -0.015748 -0.80315 
vn -0.598425 -0.015748 -0.80315 
vn -0.480315 -0.362205 -0.80315 
vn -0.480315 -0.362205 -0.80315 
vn 0.330709 -0.944882 -0.00787402 
vn 0.330709 -0.944882 -0.00787402 
vn -0.291339 -0.96063 -0.00787402 
vn -0.291339 -0.96063 -0.00787402 
vn 0.818898 -0.574803 -0.00787402 
vn 0.818898 -0.574803 -0.00787402 
vn 1 0.015748 -0.00787402 
vn 1 0.015748 -0.00787402 
vn 0.795276 0.606299 -0.00787402 
vn 0.795276 0.606299 -0.00787402 
vn 0.291339 0.96063 -0.00787402 
vn 0.291339 0.96063 -0.00787402 
vn -0.330709 0.944882 -0.00787402 
vn -0.330709 0.944882 -0.00787402 
vn 0.291339 0.96063 -0.00787402 
vn 0.291339 0.96063 -0.00787402 
vn -0.818898 0.574803 -0.00787402 
vn -0.818898 0.574803 -0.00787402 
vn -1 -0.023622 -0.00787402 
vn -1 -0.023622 -0.00787402 
vn -0.795276 -0.606299 -0.00787402 
vn -0.795276 -0.606299 -0.00787402 
vn 0.251969 -0.732283 -0.629921 
vn 0.251969 -0.732283 -0.629921 
vn -0.228346 -0.748031 -0.629921 
vn -0.228346 -0.748031 -0.629921 
vn 0.637795 -0.440945 -0.629921 
vn 0.637795 -0.440945 -0.629921 
vn 0.779528 0.015748 -0.629921 
vn 0.779528 0.015748 -0.629921 
vn 0.622047 0.472441 -0.629921 
vn 0.622047 0.472441 -0.629921 
vn 0.228346 0.748031 -0.629921 
vn 0.228346 0.748031 -0.629921 
vn -0.251969 0.732283 -0.629921 
vn -0.251969 0.732283 -0.629921 
vn 0.228346 0.748031 -0.629921 
vn 0.228346 0.748031 -0.629921 
vn -0.637795 0.440945 -0.629921 
vn -0.637795 0.440945 -0.629921 
vn -0.779528 -0.015748 -0.629921 
vn -0.779528 -0.015748 -0.629921 
vn -0.622047 -0.472441 -0.629921 
vn -0.622047 -0.472441 -0.629921 
vn 0.440945 -0.858268 0.267717 
vn 0.92126 -0.291339 0.267717 
vn 0 0 1 
vn 0.858268 0.440945 0.267717 
vn 0.291339 0.92126 0.267717 
vn -0.440945 0.858268 0.267717 
vn -0.92126 0.291339 0.267717 
vn -0.850394 -0.440945 0.267717 
vn -0.291339 -0.92126 0.267717 
vn 0.440945 -0.858268 0.267717 
vn 0.125984 -0.244094 -0.96063 
vn 0.125984 -0.244094 -0.96063 
vn -0.0787402 -0.259843 -0.96063 
vn -0.0787402 -0.259843 -0.96063 
vn -0.244094 -0.125984 -0.96063 
vn -0.244094 -0.125984 -0.96063 
vn -0.259843 0.0787402 -0.96063 
vn -0.259843 0.0787402 -0.96063 
vn -0.125984 0.244094 -0.96063 
vn -0.125984 0.244094 -0.96063 
vn 0.0787402 0.259843 -0.96063 
vn 0.0787402 0.259843 -0.96063 
vn 0.244094 0.125984 -0.96063 
vn 0.244094 0.125984 -0.96063 
vn 0.259843 -0.0866142 -0.96063 
vn 0.259843 -0.0866142 -0.96063 
vn 0 0 -1 
vn 0 0 -1 
vn 0 0 -1 
vn 0 0 -1 
vn 0 0 -1 
vn 0 0 -1 
vn 0 0 -1 
vn 0 0 -1 
vn 0 0 -1 
vn -0.149606 -0.992126 0 
vn -0.149606 -0.992126 0 
vn -0.149606 -0.992126 0 
vn -0.149606 -0.992126 0 
vn -0.141732 -0.992126 0 
vn -0.141732 -0.992126 0 
vn -0.141732 -0.992126 0 
vn -0.141732 -0.992126 0 
vn -0.133858 -0.992126 0 
vn -0.133858 -0.992126 0 
vn -0.11811 -0.992126 0 
vn -0.125984 -0.992126 0 
vn -0.125984 -0.992126 0 
vn -0.11811 -0.992126 0 
vn -0.102362 -0.992126 0 
vn -0.102362 -0.992126 0 
vn -0.0866142 -0.992126 0.015748 
vn -0.0866142 -0.992126 0.015748 
vn -0.0787402 -1 0.0314961 
vn -0.125984 -0.992126 0.00787402 
vn -0.125984 -0.992126 0.00787402 
vn -0.133858 -0.992126 0 
vn -0.133858 -0.992126 0 
vn -0.141732 -0.992126 0 
vn -0.141732 -0.992126 0 
vn -0.110236 -0.992126 0.0314961 
vn 0.889764 -0.448819 -0.0472441 
vn 0.944882 -0.322835 -0.0393701 
vn 0.889764 -0.456693 -0.0472441 
vn 0.952756 -0.299213 -0.015748 
vn 0.952756 -0.299213 -0.015748 
vn 0.952756 -0.299213 -0.015748 
vn 0.952756 -0.299213 -0.00787402 
vn 0.952756 -0.299213 -0.00787402 
vn 0.952756 -0.299213 -0.00787402 
vn 0.952756 -0.299213 0 
vn 0.952756 -0.299213 0 
vn 0.952756 -0.299213 -0.023622 
vn 0.952756 -0.299213 -0.023622 
vn 0.952756 -0.299213 -0.023622 
vn 0.952756 -0.299213 -0.023622 
vn 0.952756 -0.299213 -0.0314961 
vn 0.952756 -0.299213 -0.0314961 
vn 0.952756 -0.299213 -0.0314961 
vn 0.952756 -0.299213 -0.023622 
vn 0.952756 -0.299213 -0.023622 
vn 0.952756 -0.299213 -0.023622 
vn 0.952756 -0.299213 0.015748 
vn 0.952756 -0.299213 0.023622 
vn 0.952756 -0.299213 0.015748 
vn 0.952756 -0.299213 0.015748 
vn 0.944882 -0.314961 0.0314961 
vn 0.740157 -0.669291 0.0393701 
vn 0.527559 -0.850394 0.0472441 
vn 0.952756 -0.299213 0.00787402 
vn 0.952756 -0.299213 0.00787402 
vn 0.952756 -0.283465 -0.0787402 
vn 0.952756 -0.275591 -0.0944882 
vn 0.952756 -0.291339 -0.0551181 
vn 0.952756 -0.299213 0.00787402 
vn 0.952756 -0.299213 0 
vn 0.952756 -0.299213 0 
vn 0.952756 -0.299213 0.00787402 
vn 0.952756 -0.299213 -0.00787402 
vn 0.952756 -0.299213 -0.00787402 
vn 0.952756 -0.299213 -0.015748 
vn 0.952756 -0.299213 -0.015748 
vn 0.952756 -0.299213 -0.023622 
vn 0.952756 -0.299213 -0.023622 
vn 0.952756 -0.299213 -0.023622 
vn 0.952756 -0.299213 -0.023622 
vn 0.952756 -0.299213 -0.023622 
vn 0.952756 -0.299213 -0.023622 
vn 0.952756 -0.299213 -0.0314961 
vn 0.952756 -0.299213 -0.0314961 
vn 0.952756 -0.299213 0.0314961 
vn 0.96063 -0.259843 0.0787402 
vn 0.952756 -0.299213 0.015748 
vn 0.952756 -0.299213 0.015748 
vn 0.952756 -0.299213 0.00787402 
vn 0.952756 -0.299213 0.00787402 
vn 0.952756 -0.0787402 0.299213 
vn 0.527559 0.80315 -0.267717 
vn 0.535433 0.80315 -0.259843 
vn 0.527559 0.80315 -0.267717 
vn 0.338583 0.629921 -0.700787 
vn 0.433071 0.755906 -0.488189 
vn 0.417323 0.740157 -0.527559 
vn 0.338583 0.629921 -0.700787 
vn 0.496063 0.834646 0.244094 
vn 0.496063 0.834646 0.244094 
vn 0.488189 0.834646 -0.267717 
vn 0.488189 0.826772 -0.275591 
vn 0.456693 0.748031 0.480315 
vn 0.456693 0.748031 0.480315 
vn 0.377953 0.582677 -0.716535 
vn 0.425197 0.645669 -0.637795 
vn 0.425197 0.645669 -0.629921 
vn 0.377953 0.582677 -0.716535 
vn 0.503937 0.76378 -0.401575 
vn 0.503937 0.771654 -0.393701 
vn 0.283465 0.299213 0.913386 
vn 0.283465 0.299213 0.913386 
vn 0.283465 0.299213 0.913386 
vn 0.283465 0.299213 0.913386 
vn 0.440945 0.685039 0.582677 
vn 0.440945 0.685039 0.582677 
vn 0.472441 0.771654 0.417323 
vn 0.472441 0.771654 0.417323 
vn 0.346457 0.448819 0.826772 
vn 0.346457 0.448819 0.818898 
vn 0.299213 0.330709 0.897638 
vn 0.299213 0.330709 0.897638 
vn 0.511811 0.795276 0.330709 
vn -0.503937 -0.866142 0.0314961 
vn -0.503937 -0.866142 0.015748 
vn -0.503937 -0.866142 0.015748 
vn -0.448819 -0.897638 0 
vn -0.448819 -0.889764 0 
vn -0.448819 -0.889764 0 
vn -0.448819 -0.897638 0 
vn -0.456693 -0.889764 0 
vn -0.448819 -0.889764 0 
vn -0.448819 -0.889764 0 
vn -0.456693 -0.889764 0 
vn -0.464567 -0.889764 0 
vn -0.464567 -0.889764 0 
vn -0.472441 -0.88189 0 
vn -0.472441 -0.88189 0 
vn -0.464567 -0.88189 0 
vn -0.464567 -0.88189 0 
vn -0.488189 -0.874016 0 
vn -0.488189 -0.874016 0 
vn -0.464567 -0.889764 0 
vn -0.472441 -0.88189 0.00787402 
vn -0.464567 -0.88189 0.00787402 
vn -0.464567 -0.889764 0 
vn -0.448819 -0.889764 0 
vn -0.448819 -0.889764 0 
vn -0.480315 -0.874016 0.0314961 
vn -0.992126 0.133858 -0.0472441 
vn -0.96063 0.275591 -0.0393701 
vn -0.984252 0.149606 -0.0472441 
vn -0.952756 0.299213 -0.015748 
vn -0.952756 0.299213 -0.00787402 
vn -0.952756 0.299213 -0.015748 
vn -0.952756 0.299213 -0.015748 
vn -0.952756 0.299213 -0.00787402 
vn -0.952756 0.299213 -0.00787402 
vn -0.952756 0.299213 0 
vn -0.952756 0.299213 0 
vn -0.952756 0.299213 -0.023622 
vn -0.952756 0.299213 -0.023622 
vn -0.952756 0.299213 -0.023622 
vn -0.952756 0.299213 -0.023622 
vn -0.952756 0.299213 -0.0314961 
vn -0.952756 0.299213 -0.023622 
vn -0.952756 0.299213 -0.0314961 
vn -0.952756 0.299213 -0.0314961 
vn -0.952756 0.299213 -0.023622 
vn -0.952756 0.299213 -0.023622 
vn -0.952756 0.307087 0.015748 
vn -0.952756 0.307087 0.023622 
vn -0.952756 0.299213 0.015748 
vn -0.952756 0.299213 0.015748 
vn -0.96063 0.283465 0.0314961 
vn -0.992126 -0.125984 0.0393701 
vn -0.92126 -0.393701 0.0472441 
vn -0.952756 0.299213 0.00787402 
vn -0.952756 0.299213 0.00787402 
vn -0.952756 0.299213 0 
vn -0.952756 0.299213 0 
vn -0.952756 0.299213 0.00787402 
vn -0.952756 0.299213 0.00787402 
vn -0.952756 0.299213 -0.00787402 
vn -0.952756 0.299213 -0.015748 
vn -0.952756 0.299213 -0.015748 
vn -0.952756 0.299213 -0.00787402 
vn -0.952756 0.299213 -0.023622 
vn -0.952756 0.299213 -0.023622 
vn -0.952756 0.299213 -0.023622 
vn -0.952756 0.299213 -0.023622 
vn -0.952756 0.299213 -0.023622 
vn -0.952756 0.299213 -0.023622 
vn -0.952756 0.299213 -0.0314961 
vn -0.952756 0.299213 -0.0314961 
vn -0.952756 0.307087 -0.0551181 
vn -0.944882 0.314961 -0.0787402 
vn -0.944882 0.322835 -0.0944882 
vn -0.952756 0.307087 0.0314961 
vn -0.952756 0.299213 0.015748 
vn -0.952756 0.299213 0.015748 
vn -0.937008 0.338583 0.0787402 
vn -0.952756 0.299213 0.00787402 
vn -0.952756 0.299213 0.00787402 
vn -0.826772 0.480315 0.299213 
vn 0.0866142 0.708661 -0.700787 
vn 0.0866142 0.708661 -0.700787 
vn 0.0787402 0.850394 -0.527559 
vn 0.0787402 0.874016 -0.488189 
vn 0.0787402 0.96063 -0.267717 
vn 0.0787402 0.968504 0.244094 
vn 0.0787402 0.968504 0.244094 
vn 0.0787402 0.96063 -0.275591 
vn 0.0551181 0.874016 0.480315 
vn 0.0551181 0.874016 0.480315 
vn 0.023622 0.692913 -0.716535 
vn 0.023622 0.692913 -0.716535 
vn 0.023622 0.779528 -0.629921 
vn 0.023622 0.771654 -0.637795 
vn 0.0314961 0.92126 -0.393701 
vn 0.0314961 0.913386 -0.401575 
vn -0.0551181 0.409449 0.913386 
vn -0.0551181 0.409449 0.913386 
vn -0.0551181 0.409449 0.913386 
vn -0.0551181 0.409449 0.913386 
vn 0.023622 0.96063 -0.267717 
vn 0.023622 0.96063 -0.267717 
vn 0.023622 0.968504 -0.259843 
vn 0.0551181 0.905512 0.417323 
vn 0.0314961 0.811024 0.582677 
vn 0.0314961 0.811024 0.582677 
vn 0.0551181 0.905512 0.417323 
vn -0.0314961 0.566929 0.818898 
vn -0.0314961 0.566929 0.826772 
vn -0.0551181 0.440945 0.897638 
vn -0.0551181 0.440945 0.897638 
vn 0.0393701 0.944882 0.330709 
vn 0.503937 0.866142 0.0314961 
vn 0.503937 0.866142 0.015748 
vn 0.503937 0.866142 0.015748 
vn 0.448819 0.897638 0 
vn 0.448819 0.889764 0 
vn 0.448819 0.889764 0 
vn 0.448819 0.897638 0 
vn 0.456693 0.889764 0 
vn 0.448819 0.889764 0 
vn 0.448819 0.889764 0 
vn 0.456693 0.889764 0 
vn 0.464567 0.889764 0 
vn 0.464567 0.889764 0 
vn 0.472441 0.88189 0 
vn 0.472441 0.88189 0 
vn 0.464567 0.88189 0 
vn 0.464567 0.88189 0 
vn 0.488189 0.874016 0 
vn 0.488189 0.874016 0 
vn 0.464567 0.889764 0 
vn 0.472441 0.88189 0.00787402 
vn 0.472441 0.88189 0.00787402 
vn 0.464567 0.889764 0 
vn 0.448819 0.889764 0 
vn 0.448819 0.889764 0 
vn 0.480315 0.874016 0.0314961 
vn 0.992126 -0.133858 -0.0472441 
vn 0.96063 -0.275591 -0.0393701 
vn 0.984252 -0.149606 -0.0472441 
vn 0.952756 -0.299213 -0.015748 
vn 0.952756 -0.299213 -0.00787402 
vn 0.952756 -0.299213 -0.015748 
vn 0.952756 -0.299213 -0.015748 
vn 0.952756 -0.299213 -0.00787402 
vn 0.952756 -0.299213 -0.00787402 
vn 0.952756 -0.299213 0 
vn 0.952756 -0.299213 0 
vn 0.952756 -0.299213 -0.023622 
vn 0.952756 -0.299213 -0.023622 
vn 0.952756 -0.299213 -0.023622 
vn 0.952756 -0.299213 -0.023622 
vn 0.952756 -0.299213 -0.0314961 
vn 0.952756 -0.299213 -0.023622 
vn 0.952756 -0.299213 -0.0314961 
vn 0.952756 -0.299213 -0.0314961 
vn 0.952756 -0.299213 -0.023622 
vn 0.952756 -0.299213 -0.023622 
vn 0.952756 -0.299213 0.015748 
vn 0.952756 -0.307087 0.023622 
vn 0.952756 -0.299213 0.015748 
vn 0.952756 -0.299213 0.015748 
vn 0.96063 -0.283465 0.0314961 
vn 0.992126 0.125984 0.0393701 
vn 0.92126 0.393701 0.0472441 
vn 0.952756 -0.299213 0.00787402 
vn 0.952756 -0.299213 0.00787402 
vn 0.952756 -0.299213 0 
vn 0.952756 -0.299213 0 
vn 0.952756 -0.299213 0.00787402 
vn 0.952756 -0.299213 0.00787402 
vn 0.952756 -0.299213 -0.00787402 
vn 0.952756 -0.299213 -0.015748 
vn 0.952756 -0.299213 -0.015748 
vn 0.952756 -0.299213 -0.00787402 
vn 0.952756 -0.299213 -0.023622 
vn 0.952756 -0.299213 -0.023622 
vn 0.952756 -0.299213 -0.023622 
vn 0.952756 -0.299213 -0.023622 
vn 0.952756 -0.299213 -0.023622 
vn 0.952756 -0.299213 -0.023622 
vn 0.952756 -0.299213 -0.0314961 
vn 0.952756 -0.299213 -0.0314961 
vn 0.952756 -0.307087 -0.0551181 
vn 0.944882 -0.314961 -0.0787402 
vn 0.944882 -0.322835 -0.0944882 
vn 0.952756 -0.307087 0.0314961 
vn 0.952756 -0.299213 0.015748 
vn 0.952756 -0.299213 0.015748 
vn 0.937008 -0.338583 0.0787402 
vn 0.952756 -0.299213 0.00787402 
vn 0.952756 -0.299213 0.00787402 
vn 0.826772 -0.480315 0.299213 
vn -0.0866142 -0.708661 -0.700787 
vn -0.0866142 -0.708661 -0.700787 
vn -0.0787402 -0.850394 -0.527559 
vn -0.0787402 -0.874016 -0.488189 
vn -0.0787402 -0.96063 -0.267717 
vn -0.0787402 -0.968504 0.244094 
vn -0.0787402 -0.968504 0.244094 
vn -0.0787402 -0.96063 -0.275591 
vn -0.0551181 -0.874016 0.480315 
vn -0.0551181 -0.874016 0.480315 
vn -0.023622 -0.692913 -0.716535 
vn -0.023622 -0.692913 -0.716535 
vn -0.023622 -0.779528 -0.629921 
vn -0.023622 -0.771654 -0.637795 
vn -0.0314961 -0.92126 -0.393701 
vn -0.0314961 -0.913386 -0.401575 
vn 0.0551181 -0.409449 0.913386 
vn 0.0551181 -0.409449 0.913386 
vn 0.0551181 -0.409449 0.913386 
vn 0.0551181 -0.409449 0.913386 
vn -0.023622 -0.96063 -0.267717 
vn -0.023622 -0.96063 -0.267717 
vn -0.023622 -0.968504 -0.259843 
vn -0.0551181 -0.905512 0.417323 
vn -0.0314961 -0.811024 0.582677 
vn -0.0314961 -0.811024 0.582677 
vn -0.0551181 -0.905512 0.417323 
vn 0.0314961 -0.566929 0.818898 
vn 0.0314961 -0.566929 0.826772 
vn 0.0551181 -0.440945 0.897638 
vn 0.0551181 -0.440945 0.897638 
vn -0.0393701 -0.944882 0.330709 
vn 0.149606 0.992126 0 
vn 0.149606 0.992126 0 
vn 0.149606 0.992126 0 
vn 0.149606 0.992126 0 
vn 0.141732 0.992126 0 
vn 0.141732 0.992126 0 
vn 0.141732 0.992126 0 
vn 0.141732 0.992126 0 
vn 0.133858 0.992126 0 
vn 0.133858 0.992126 0 
vn 0.11811 0.992126 0 
vn 0.125984 0.992126 0 
vn 0.125984 0.992126 0 
vn 0.11811 0.992126 0 
vn 0.102362 0.992126 0 
vn 0.102362 0.992126 0 
vn 0.0866142 0.992126 0.015748 
vn 0.0866142 0.992126 0.015748 
vn 0.0787402 1 0.0314961 
vn 0.125984 0.992126 0.00787402 
vn 0.125984 0.992126 0.00787402 
vn 0.133858 0.992126 0 
vn 0.133858 0.992126 0 
vn 0.141732 0.992126 0 
vn 0.141732 0.992126 0 
vn 0.110236 0.992126 0.0314961 
vn -0.889764 0.448819 -0.0472441 
vn -0.944882 0.322835 -0.0393701 
vn -0.889764 0.456693 -0.0472441 
vn -0.952756 0.299213 -0.015748 
vn -0.952756 0.299213 -0.015748 
vn -0.952756 0.299213 -0.015748 
vn -0.952756 0.299213 -0.00787402 
vn -0.952756 0.299213 -0.00787402 
vn -0.952756 0.299213 -0.00787402 
vn -0.952756 0.299213 0 
vn -0.952756 0.299213 0 
vn -0.952756 0.299213 -0.023622 
vn -0.952756 0.299213 -0.023622 
vn -0.952756 0.299213 -0.023622 
vn -0.952756 0.299213 -0.023622 
vn -0.952756 0.299213 -0.0314961 
vn -0.952756 0.299213 -0.0314961 
vn -0.952756 0.299213 -0.023622 
vn -0.952756 0.299213 -0.023622 
vn -0.952756 0.299213 -0.023622 
vn -0.952756 0.299213 -0.023622 
vn -0.952756 0.299213 0.015748 
vn -0.952756 0.299213 0.023622 
vn -0.952756 0.299213 0.015748 
vn -0.952756 0.299213 0.015748 
vn -0.944882 0.314961 0.0314961 
vn -0.740157 0.669291 0.0393701 
vn -0.527559 0.850394 0.0472441 
vn -0.952756 0.299213 0.00787402 
vn -0.952756 0.299213 0.00787402 
vn -0.952756 0.283465 -0.0787402 
vn -0.952756 0.275591 -0.0944882 
vn -0.952756 0.291339 -0.0551181 
vn -0.952756 0.299213 0.00787402 
vn -0.952756 0.299213 0 
vn -0.952756 0.299213 0 
vn -0.952756 0.299213 0.00787402 
vn -0.952756 0.299213 -0.00787402 
vn -0.952756 0.299213 -0.00787402 
vn -0.952756 0.299213 -0.015748 
vn -0.952756 0.299213 -0.015748 
vn -0.952756 0.299213 -0.023622 
vn -0.952756 0.299213 -0.023622 
vn -0.952756 0.299213 -0.023622 
vn -0.952756 0.299213 -0.023622 
vn -0.952756 0.299213 -0.023622 
vn -0.952756 0.299213 -0.023622 
vn -0.952756 0.299213 -0.0314961 
vn -0.952756 0.299213 -0.0314961 
vn -0.952756 0.299213 0.0314961 
vn -0.96063 0.259843 0.0787402 
vn -0.952756 0.299213 0.015748 
vn -0.952756 0.299213 0.015748 
vn -0.952756 0.299213 0.00787402 
vn -0.952756 0.299213 0.00787402 
vn -0.952756 0.0787402 0.299213 
vn -0.527559 -0.80315 -0.267717 
vn -0.535433 -0.80315 -0.259843 
vn -0.527559 -0.80315 -0.267717 
vn -0.338583 -0.629921 -0.700787 
vn -0.433071 -0.755906 -0.488189 
vn -0.417323 -0.740157 -0.527559 
vn -0.338583 -0.629921 -0.700787 
vn -0.496063 -0.834646 0.244094 
vn -0.496063 -0.834646 0.244094 
vn -0.488189 -0.834646 -0.267717 
vn -0.488189 -0.826772 -0.275591 
vn -0.456693 -0.748031 0.480315 
vn -0.456693 -0.748031 0.480315 
vn -0.377953 -0.582677 -0.716535 
vn -0.425197 -0.645669 -0.637795 
vn -0.425197 -0.645669 -0.629921 
vn -0.377953 -0.582677 -0.716535 
vn -0.503937 -0.76378 -0.401575 
vn -0.503937 -0.76378 -0.393701 
vn -0.283465 -0.299213 0.913386 
vn -0.283465 -0.299213 0.913386 
vn -0.283465 -0.299213 0.913386 
vn -0.283465 -0.299213 0.913386 
vn -0.440945 -0.685039 0.582677 
vn -0.440945 -0.685039 0.582677 
vn -0.472441 -0.771654 0.417323 
vn -0.472441 -0.771654 0.417323 
vn -0.346457 -0.448819 0.818898 
vn -0.346457 -0.448819 0.818898 
vn -0.299213 -0.330709 0.897638 
vn -0.299213 -0.330709 0.897638 
vn -0.511811 -0.795276 0.330709 
vn -0.992126 0.149606 0 
vn -0.992126 0.149606 0 
vn -0.992126 0.149606 0 
vn -0.992126 0.149606 0 
vn -0.992126 0.141732 0 
vn -0.992126 0.141732 0 
vn -0.992126 0.141732 0 
vn -0.992126 0.141732 0 
vn -0.992126 0.133858 0 
vn -0.992126 0.133858 0 
vn -0.992126 0.11811 0 
vn -0.992126 0.125984 0 
vn -0.992126 0.125984 0 
vn -0.992126 0.11811 0 
vn -0.992126 0.102362 0 
vn -0.992126 0.102362 0 
vn -0.992126 0.0866142 0.015748 
vn -0.992126 0.0866142 0.015748 
vn -0.992126 0.0866142 0.0314961 
vn -0.992126 0.125984 0.00787402 
vn -0.992126 0.125984 0.00787402 
vn -0.992126 0.133858 0 
vn -0.992126 0.133858 0 
vn -0.992126 0.141732 0 
vn -0.992126 0.141732 0 
vn -0.992126 0.110236 0.0314961 
vn -0.448819 -0.889764 -0.0472441 
vn -0.322835 -0.944882 -0.0393701 
vn -0.456693 -0.889764 -0.0472441 
vn -0.299213 -0.952756 -0.015748 
vn -0.299213 -0.952756 -0.015748 
vn -0.299213 -0.952756 -0.015748 
vn -0.299213 -0.952756 -0.00787402 
vn -0.299213 -0.952756 -0.00787402 
vn -0.299213 -0.952756 -0.00787402 
vn -0.299213 -0.952756 0 
vn -0.299213 -0.952756 0 
vn -0.299213 -0.952756 -0.023622 
vn -0.299213 -0.952756 -0.023622 
vn -0.299213 -0.952756 -0.023622 
vn -0.299213 -0.952756 -0.023622 
vn -0.299213 -0.952756 -0.0314961 
vn -0.299213 -0.952756 -0.0314961 
vn -0.299213 -0.952756 -0.0314961 
vn -0.299213 -0.952756 -0.023622 
vn -0.299213 -0.952756 -0.023622 
vn -0.299213 -0.952756 -0.023622 
vn -0.299213 -0.952756 0.015748 
vn -0.299213 -0.952756 0.023622 
vn -0.299213 -0.952756 0.015748 
vn -0.299213 -0.952756 0.015748 
vn -0.322835 -0.944882 0.0314961 
vn -0.669291 -0.740157 0.0393701 
vn -0.850394 -0.527559 0.0472441 
vn -0.299213 -0.952756 0.00787402 
vn -0.299213 -0.952756 0.00787402 
vn -0.283465 -0.952756 -0.0787402 
vn -0.275591 -0.952756 -0.0944882 
vn -0.291339 -0.952756 -0.0551181 
vn -0.299213 -0.952756 0.00787402 
vn -0.299213 -0.952756 0 
vn -0.299213 -0.952756 0 
vn -0.299213 -0.952756 0.00787402 
vn -0.299213 -0.952756 -0.00787402 
vn -0.299213 -0.952756 -0.00787402 
vn -0.299213 -0.952756 -0.015748 
vn -0.299213 -0.952756 -0.015748 
vn -0.299213 -0.952756 -0.023622 
vn -0.299213 -0.952756 -0.023622 
vn -0.299213 -0.952756 -0.023622 
vn -0.299213 -0.952756 -0.023622 
vn -0.299213 -0.952756 -0.023622 
vn -0.299213 -0.952756 -0.023622 
vn -0.299213 -0.952756 -0.0314961 
vn -0.299213 -0.952756 -0.0314961 
vn -0.299213 -0.952756 0.0314961 
vn -0.259843 -0.96063 0.0787402 
vn -0.299213 -0.952756 0.015748 
vn -0.299213 -0.952756 0.015748 
vn -0.299213 -0.952756 0.00787402 
vn -0.299213 -0.952756 0.00787402 
vn -0.0787402 -0.952756 0.299213 
vn 0.80315 -0.527559 -0.267717 
vn 0.80315 -0.535433 -0.259843 
vn 0.80315 -0.527559 -0.267717 
vn 0.629921 -0.338583 -0.700787 
vn 0.755906 -0.433071 -0.488189 
vn 0.740157 -0.417323 -0.527559 
vn 0.629921 -0.338583 -0.700787 
vn 0.834646 -0.496063 0.244094 
vn 0.834646 -0.496063 0.244094 
vn 0.834646 -0.488189 -0.267717 
vn 0.826772 -0.488189 -0.275591 
vn 0.748031 -0.456693 0.480315 
vn 0.748031 -0.456693 0.480315 
vn 0.582677 -0.377953 -0.716535 
vn 0.645669 -0.425197 -0.637795 
vn 0.645669 -0.425197 -0.629921 
vn 0.582677 -0.377953 -0.716535 
vn 0.76378 -0.503937 -0.401575 
vn 0.76378 -0.503937 -0.393701 
vn 0.299213 -0.283465 0.913386 
vn 0.299213 -0.283465 0.913386 
vn 0.299213 -0.283465 0.913386 
vn 0.299213 -0.283465 0.913386 
vn 0.685039 -0.440945 0.582677 
vn 0.685039 -0.440945 0.582677 
vn 0.771654 -0.472441 0.417323 
vn 0.771654 -0.480315 0.417323 
vn 0.448819 -0.346457 0.826772 
vn 0.448819 -0.346457 0.818898 
vn 0.330709 -0.299213 0.897638 
vn 0.330709 -0.299213 0.897638 
vn 0.795276 -0.511811 0.330709 
vn -0.866142 0.503937 0.0314961 
vn -0.866142 0.503937 0.015748 
vn -0.866142 0.503937 0.015748 
vn -0.897638 0.448819 0 
vn -0.889764 0.448819 0 
vn -0.889764 0.448819 0 
vn -0.897638 0.448819 0 
vn -0.889764 0.456693 0 
vn -0.889764 0.448819 0 
vn -0.889764 0.448819 0 
vn -0.889764 0.456693 0 
vn -0.889764 0.456693 0 
vn -0.889764 0.456693 0 
vn -0.88189 0.472441 0 
vn -0.88189 0.472441 0 
vn -0.88189 0.464567 0 
vn -0.88189 0.464567 0 
vn -0.874016 0.488189 0 
vn -0.874016 0.488189 0 
vn -0.889764 0.464567 0 
vn -0.88189 0.472441 0.00787402 
vn -0.88189 0.464567 0.00787402 
vn -0.889764 0.464567 0 
vn -0.889764 0.448819 0 
vn -0.889764 0.448819 0 
vn -0.874016 0.480315 0.0314961 
vn 0.133858 0.992126 -0.0472441 
vn 0.275591 0.96063 -0.0393701 
vn 0.149606 0.984252 -0.0472441 
vn 0.299213 0.952756 -0.015748 
vn 0.307087 0.952756 -0.00787402 
vn 0.299213 0.952756 -0.015748 
vn 0.299213 0.952756 -0.015748 
vn 0.299213 0.952756 -0.00787402 
vn 0.299213 0.952756 -0.00787402 
vn 0.299213 0.952756 0 
vn 0.299213 0.952756 0 
vn 0.299213 0.952756 -0.023622 
vn 0.299213 0.952756 -0.023622 
vn 0.299213 0.952756 -0.023622 
vn 0.299213 0.952756 -0.023622 
vn 0.299213 0.952756 -0.0314961 
vn 0.299213 0.952756 -0.023622 
vn 0.299213 0.952756 -0.0314961 
vn 0.299213 0.952756 -0.0314961 
vn 0.299213 0.952756 -0.023622 
vn 0.299213 0.952756 -0.023622 
vn 0.307087 0.952756 0.015748 
vn 0.307087 0.952756 0.023622 
vn 0.299213 0.952756 0.015748 
vn 0.299213 0.952756 0.015748 
vn 0.283465 0.96063 0.0314961 
vn -0.125984 0.992126 0.0393701 
vn -0.393701 0.92126 0.0472441 
vn 0.299213 0.952756 0.00787402 
vn 0.299213 0.952756 0.00787402 
vn 0.299213 0.952756 0 
vn 0.299213 0.952756 0 
vn 0.299213 0.952756 0.00787402 
vn 0.299213 0.952756 0.00787402 
vn 0.299213 0.952756 -0.00787402 
vn 0.299213 0.952756 -0.015748 
vn 0.299213 0.952756 -0.015748 
vn 0.299213 0.952756 -0.00787402 
vn 0.299213 0.952756 -0.023622 
vn 0.299213 0.952756 -0.023622 
vn 0.299213 0.952756 -0.023622 
vn 0.299213 0.952756 -0.023622 
vn 0.299213 0.952756 -0.023622 
vn 0.299213 0.952756 -0.023622 
vn 0.299213 0.952756 -0.0314961 
vn 0.299213 0.952756 -0.0314961 
vn 0.307087 0.952756 -0.0551181 
vn 0.314961 0.944882 -0.0787402 
vn 0.322835 0.944882 -0.0944882 
vn 0.307087 0.952756 0.0314961 
vn 0.299213 0.952756 0.015748 
vn 0.299213 0.952756 0.015748 
vn 0.338583 0.937008 0.0787402 
vn 0.299213 0.952756 0.00787402 
vn 0.299213 0.952756 0.00787402 
vn 0.480315 0.826772 0.299213 
vn 0.708661 -0.0866142 -0.700787 
vn 0.708661 -0.0866142 -0.700787 
vn 0.850394 -0.0866142 -0.527559 
vn 0.874016 -0.0787402 -0.488189 
vn 0.96063 -0.0787402 -0.267717 
vn 0.968504 -0.0787402 0.244094 
vn 0.968504 -0.0787402 0.244094 
vn 0.96063 -0.0787402 -0.275591 
vn 0.874016 -0.0472441 0.480315 
vn 0.874016 -0.0472441 0.480315 
vn 0.692913 -0.023622 -0.716535 
vn 0.692913 -0.023622 -0.716535 
vn 0.779528 -0.023622 -0.629921 
vn 0.771654 -0.023622 -0.637795 
vn 0.92126 -0.0314961 -0.393701 
vn 0.913386 -0.0314961 -0.401575 
vn 0.409449 0.0551181 0.913386 
vn 0.409449 0.0551181 0.913386 
vn 0.409449 0.0551181 0.913386 
vn 0.409449 0.0551181 0.913386 
vn 0.96063 -0.023622 -0.267717 
vn 0.96063 -0.023622 -0.267717 
vn 0.968504 -0.023622 -0.259843 
vn 0.905512 -0.0551181 0.417323 
vn 0.811024 -0.0314961 0.582677 
vn 0.811024 -0.0314961 0.582677 
vn 0.905512 -0.0551181 0.417323 
vn 0.566929 0.0314961 0.818898 
vn 0.566929 0.0314961 0.826772 
vn 0.440945 0.0551181 0.897638 
vn 0.440945 0.0551181 0.897638 
vn 0.944882 -0.0393701 0.330709 
vn 0.866142 -0.503937 0.0314961 
vn 0.866142 -0.503937 0.015748 
vn 0.866142 -0.496063 0.015748 
vn 0.897638 -0.448819 0 
vn 0.889764 -0.448819 0 
vn 0.889764 -0.448819 0 
vn 0.897638 -0.448819 0 
vn 0.889764 -0.456693 0 
vn 0.889764 -0.448819 0 
vn 0.889764 -0.448819 0 
vn 0.889764 -0.456693 0 
vn 0.889764 -0.456693 0 
vn 0.889764 -0.456693 0 
vn 0.88189 -0.472441 0 
vn 0.88189 -0.472441 0 
vn 0.88189 -0.464567 0 
vn 0.88189 -0.464567 0 
vn 0.874016 -0.488189 0 
vn 0.874016 -0.488189 0 
vn 0.889764 -0.464567 0 
vn 0.88189 -0.472441 0.00787402 
vn 0.88189 -0.464567 0.00787402 
vn 0.889764 -0.464567 0 
vn 0.889764 -0.448819 0 
vn 0.889764 -0.448819 0 
vn 0.874016 -0.480315 0.0314961 
vn -0.133858 -0.992126 -0.0472441 
vn -0.275591 -0.96063 -0.0393701 
vn -0.149606 -0.984252 -0.0472441 
vn -0.299213 -0.952756 -0.015748 
vn -0.307087 -0.952756 -0.00787402 
vn -0.299213 -0.952756 -0.015748 
vn -0.299213 -0.952756 -0.015748 
vn -0.299213 -0.952756 -0.00787402 
vn -0.299213 -0.952756 -0.00787402 
vn -0.299213 -0.952756 0 
vn -0.299213 -0.952756 0 
vn -0.299213 -0.952756 -0.023622 
vn -0.299213 -0.952756 -0.023622 
vn -0.299213 -0.952756 -0.023622 
vn -0.299213 -0.952756 -0.023622 
vn -0.299213 -0.952756 -0.0314961 
vn -0.299213 -0.952756 -0.023622 
vn -0.299213 -0.952756 -0.0314961 
vn -0.299213 -0.952756 -0.0314961 
vn -0.299213 -0.952756 -0.023622 
vn -0.299213 -0.952756 -0.023622 
vn -0.307087 -0.952756 0.015748 
vn -0.307087 -0.952756 0.023622 
vn -0.299213 -0.952756 0.015748 
vn -0.299213 -0.952756 0.015748 
vn -0.283465 -0.96063 0.0314961 
vn 0.125984 -0.992126 0.0393701 
vn 0.393701 -0.92126 0.0472441 
vn -0.299213 -0.952756 0.00787402 
vn -0.299213 -0.952756 0.00787402 
vn -0.299213 -0.952756 0 
vn -0.299213 -0.952756 0 
vn -0.299213 -0.952756 0.00787402 
vn -0.299213 -0.952756 0.00787402 
vn -0.299213 -0.952756 -0.00787402 
vn -0.299213 -0.952756 -0.015748 
vn -0.299213 -0.952756 -0.015748 
vn -0.299213 -0.952756 -0.00787402 
vn -0.299213 -0.952756 -0.023622 
vn -0.299213 -0.952756 -0.023622 
vn -0.299213 -0.952756 -0.023622 
vn -0.299213 -0.952756 -0.023622 
vn -0.299213 -0.952756 -0.023622 
vn -0.299213 -0.952756 -0.023622 
vn -0.299213 -0.952756 -0.0314961 
vn -0.299213 -0.952756 -0.0314961 
vn -0.307087 -0.952756 -0.0551181 
vn -0.314961 -0.944882 -0.0787402 
vn -0.322835 -0.944882 -0.0944882 
vn -0.307087 -0.952756 0.0314961 
vn -0.299213 -0.952756 0.015748 
vn -0.299213 -0.952756 0.015748 
vn -0.338583 -0.937008 0.0787402 
vn -0.299213 -0.952756 0.00787402 
vn -0.299213 -0.952756 0.00787402 
vn -0.480315 -0.826772 0.299213 
vn -0.708661 0.0866142 -0.700787 
vn -0.708661 0.0866142 -0.700787 
vn -0.850394 0.0787402 -0.527559 
vn -0.874016 0.0787402 -0.488189 
vn -0.96063 0.0787402 -0.267717 
vn -0.968504 0.0787402 0.244094 
vn -0.968504 0.0787402 0.244094 
vn -0.96063 0.0787402 -0.275591 
vn -0.874016 0.0472441 0.480315 
vn -0.874016 0.0472441 0.480315 
vn -0.692913 0.023622 -0.716535 
vn -0.692913 0.023622 -0.716535 
vn -0.779528 0.023622 -0.629921 
vn -0.771654 0.023622 -0.637795 
vn -0.92126 0.0314961 -0.393701 
vn -0.913386 0.0314961 -0.401575 
vn -0.409449 -0.0551181 0.913386 
vn -0.409449 -0.0551181 0.913386 
vn -0.409449 -0.0551181 0.913386 
vn -0.409449 -0.0551181 0.913386 
vn -0.96063 0.023622 -0.267717 
vn -0.96063 0.023622 -0.267717 
vn -0.968504 0.023622 -0.259843 
vn -0.905512 0.0551181 0.417323 
vn -0.811024 0.0314961 0.582677 
vn -0.811024 0.0314961 0.582677 
vn -0.905512 0.0551181 0.417323 
vn -0.566929 -0.0314961 0.818898 
vn -0.566929 -0.0314961 0.826772 
vn -0.440945 -0.0551181 0.897638 
vn -0.440945 -0.0551181 0.897638 
vn -0.944882 0.0393701 0.330709 
vn 0.992126 -0.141732 0 
vn 0.992126 -0.141732 0 
vn 0.992126 -0.149606 0 
vn 0.992126 -0.149606 0 
vn 0.992126 -0.141732 0 
vn 0.992126 -0.141732 0 
vn 0.992126 -0.141732 0 
vn 0.992126 -0.141732 0 
vn 0.992126 -0.133858 0 
vn 0.992126 -0.133858 0 
vn 0.992126 -0.11811 0 
vn 0.992126 -0.125984 0 
vn 0.992126 -0.125984 0 
vn 0.992126 -0.11811 0 
vn 0.992126 -0.102362 0 
vn 0.992126 -0.102362 0 
vn 0.992126 -0.0866142 0.015748 
vn 0.992126 -0.0866142 0.015748 
vn 1 -0.0866142 0.0314961 
vn 0.992126 -0.125984 0.00787402 
vn 0.992126 -0.125984 0.00787402 
vn 0.992126 -0.133858 0 
vn 0.992126 -0.133858 0 
vn 0.992126 -0.141732 0 
vn 0.992126 -0.141732 0 
vn 0.992126 -0.110236 0.0314961 
vn 0.448819 0.889764 -0.0472441 
vn 0.322835 0.944882 -0.0393701 
vn 0.456693 0.889764 -0.0472441 
vn 0.299213 0.952756 -0.015748 
vn 0.299213 0.952756 -0.015748 
vn 0.299213 0.952756 -0.015748 
vn 0.299213 0.952756 -0.00787402 
vn 0.299213 0.952756 -0.00787402 
vn 0.299213 0.952756 -0.00787402 
vn 0.299213 0.952756 0 
vn 0.299213 0.952756 0 
vn 0.299213 0.952756 -0.023622 
vn 0.299213 0.952756 -0.023622 
vn 0.299213 0.952756 -0.023622 
vn 0.299213 0.952756 -0.023622 
vn 0.299213 0.952756 -0.0314961 
vn 0.299213 0.952756 -0.0314961 
vn 0.299213 0.952756 -0.0314961 
vn 0.299213 0.952756 -0.023622 
vn 0.299213 0.952756 -0.023622 
vn 0.299213 0.952756 -0.023622 
vn 0.299213 0.952756 0.015748 
vn 0.299213 0.952756 0.023622 
vn 0.299213 0.952756 0.015748 
vn 0.299213 0.952756 0.015748 
vn 0.322835 0.944882 0.0314961 
vn 0.669291 0.740157 0.0393701 
vn 0.850394 0.527559 0.0472441 
vn 0.299213 0.952756 0.00787402 
vn 0.299213 0.952756 0.00787402 
vn 0.283465 0.952756 -0.0787402 
vn 0.275591 0.952756 -0.0944882 
vn 0.291339 0.952756 -0.0551181 
vn 0.299213 0.952756 0.00787402 
vn 0.299213 0.952756 0 
vn 0.299213 0.952756 0 
vn 0.299213 0.952756 0.00787402 
vn 0.299213 0.952756 -0.00787402 
vn 0.299213 0.952756 -0.00787402 
vn 0.299213 0.952756 -0.015748 
vn 0.299213 0.952756 -0.015748 
vn 0.299213 0.952756 -0.023622 
vn 0.299213 0.952756 -0.023622 
vn 0.299213 0.952756 -0.023622 
vn 0.299213 0.952756 -0.023622 
vn 0.299213 0.952756 -0.023622 
vn 0.299213 0.952756 -0.023622 
vn 0.299213 0.952756 -0.0314961 
vn 0.299213 0.952756 -0.0314961 
vn 0.299213 0.952756 0.0314961 
vn 0.259843 0.96063 0.0787402 
vn 0.299213 0.952756 0.015748 
vn 0.299213 0.952756 0.015748 
vn 0.299213 0.952756 0.00787402 
vn 0.299213 0.952756 0.00787402 
vn 0.0787402 0.952756 0.299213 
vn -0.80315 0.535433 -0.267717 
vn -0.80315 0.535433 -0.259843 
vn -0.80315 0.535433 -0.267717 
vn -0.629921 0.338583 -0.700787 
vn -0.755906 0.433071 -0.488189 
vn -0.740157 0.417323 -0.527559 
vn -0.629921 0.338583 -0.700787 
vn -0.834646 0.496063 0.244094 
vn -0.834646 0.496063 0.244094 
vn -0.834646 0.488189 -0.267717 
vn -0.826772 0.488189 -0.275591 
vn -0.748031 0.456693 0.480315 
vn -0.748031 0.456693 0.480315 
vn -0.582677 0.377953 -0.716535 
vn -0.645669 0.425197 -0.637795 
vn -0.645669 0.425197 -0.629921 
vn -0.582677 0.377953 -0.716535 
vn -0.76378 0.503937 -0.401575 
vn -0.76378 0.503937 -0.393701 
vn -0.299213 0.283465 0.913386 
vn -0.299213 0.283465 0.913386 
vn -0.299213 0.283465 0.913386 
vn -0.299213 0.283465 0.913386 
vn -0.685039 0.440945 0.582677 
vn -0.685039 0.440945 0.582677 
vn -0.771654 0.472441 0.417323 
vn -0.771654 0.472441 0.417323 
vn -0.448819 0.346457 0.826772 
vn -0.448819 0.346457 0.818898 
vn -0.330709 0.299213 0.897638 
vn -0.330709 0.299213 0.897638 
vn -0.795276 0.511811 0.330709 
vn 0.937008 -0.338583 -0.0708661 
vn 0.937008 -0.346457 0.0472441 
vn 0.976378 -0.188976 0.0629921 
vn 0.992126 -0.0944882 -0.0708661 
vn 0.984252 0.15748 0.0787402 
vn 0.976378 0.220472 -0.0629921 
vn 0.96063 0.251969 0.0787402 
vn 0.952756 0.299213 -0.0708661 
vn 0.992126 0.0787402 -0.0944882 
vn 1 0.0472441 0.0629921 
vn 0.929134 -0.362205 0 
vn 0.913386 -0.385827 -0.110236 
vn 0.716535 -0.692913 -0.102362 
vn 0.724409 -0.692913 -0.023622 
vn 0.614173 -0.787402 -0.0708661 
vn 0.622047 -0.771654 -0.11811 
vn 0.984252 0.0314961 -0.181102 
vn 0.992126 -0.0708661 0.133858 
vn 0.968504 0.173228 0.19685 
vn 0.944882 0.259843 -0.188976 
vn 0.937008 -0.346457 0 
vn 0.992126 -0.110236 0 
vn 0.976378 0.204724 0 
vn 0.96063 0.283465 0 
vn 1 0.0551181 0 
vn 0.905512 -0.417323 0 
vn 0.700787 -0.708661 0 
vn 0.606299 -0.795276 0 
vn 1 0 0 
vn 0.968504 0.23622 0 
vn 0.937008 -0.346457 0 
vn 0.992126 -0.110236 0 
vn 0.976378 0.204724 0 
vn 0.96063 0.283465 0 
vn 1 0.0551181 0 
vn 0.905512 -0.417323 0 
vn 0.700787 -0.708661 0 
vn 0.606299 -0.795276 0 
vn 1 0 0 
vn 0.968504 0.23622 0 
vn 0.992126 -0.110236 0 
vn 0.937008 -0.346457 0 
vn 0.976378 0.204724 0 
vn 0.96063 0.283465 0 
vn 0.905512 -0.417323 0 
vn 1 0.0551181 0 
vn 0.606299 -0.795276 0 
vn 0.700787 -0.708661 0 
vn 0.968504 0.23622 0 
vn 1 0 0 
vn 0.992126 -0.0944882 0.0629921 
vn 0.937008 -0.338583 0.0629921 
vn 0.976378 0.220472 0.0629921 
vn 0.952756 0.299213 0.0629921 
vn 0.913386 -0.393701 0.102362 
vn 0.992126 0.0787402 0.0866142 
vn 0.622047 -0.771654 0.102362 
vn 0.716535 -0.692913 0.0944882 
vn 0.952756 0.259843 0.173228 
vn 0.984252 0.023622 0.165354 
vn 0.984252 -0.125984 0.125984 
vn 0.937008 -0.322835 0.11811 
vn 0.968504 0.220472 0.11811 
vn 0.944882 0.314961 0.125984 
vn 0.937008 -0.299213 0.188976 
vn 0.976378 0.125984 0.15748 
vn 0.629921 -0.755906 0.204724 
vn 0.740157 -0.645669 0.19685 
vn 0.897638 0.283465 0.330709 
vn 0.944882 0.0472441 0.322835 
vn -0.015748 -0.212598 -0.976378 
vn 0.653543 -0.322835 -0.685039 
vn 0.629921 -0.338583 -0.700787 
vn -0.251969 -0.338583 -0.905512 
vn 0.598425 -0.141732 -0.787402 
vn -0.0944882 -0.370079 -0.92126 
vn 0.559055 -0.110236 -0.818898 
vn -0.0708661 -0.322835 -0.944882 
vn -0.0472441 -0.299213 -0.952756 
vn 0.543307 -0.244094 -0.80315 
vn 0.527559 -0.456693 -0.716535 
vn 0 -0.346457 -0.937008 
vn -0.0944882 -0.314961 -0.944882 
vn 0.480315 -0.669291 -0.566929 
vn 0.440945 -0.779528 -0.456693 
vn -0.0866142 -0.283465 -0.952756 
vn 0.299213 -0.15748 -0.944882 
vn -0.0314961 -0.267717 -0.96063 
vn -0.173228 -0.299213 -0.937008 
vn 0.354331 -0.244094 -0.905512 
vn -0.984252 0.165354 -0.015748 
vn -0.944882 0.338583 -0.0393701 
vn -0.984252 -0.181102 0.015748 
vn -0.96063 -0.283465 0.0314961 
vn -0.937008 0.338583 -0.0472441 
vn -0.992126 -0.0944882 0.015748 
vn -0.629921 0.76378 -0.125984 
vn -0.740157 0.669291 -0.102362 
vn -0.976378 -0.19685 0.110236 
vn -1 0.0472441 0.00787402 
vn -0.937008 0.346457 0 
vn -0.992126 0.110236 0 
vn -0.976378 -0.204724 0 
vn -0.96063 -0.283465 0 
vn -1 -0.0551181 0 
vn -0.913386 0.409449 0 
vn -0.708661 0.708661 0 
vn -0.614173 0.787402 0 
vn -1 -0.00787402 0 
vn -0.968504 -0.23622 0 
vn -0.937008 0.346457 0 
vn -0.992126 0.110236 0 
vn -0.976378 -0.204724 0 
vn -0.96063 -0.283465 0 
vn -1 -0.0551181 0 
vn -0.913386 0.409449 0 
vn -0.708661 0.708661 0 
vn -0.614173 0.787402 0 
vn -1 -0.00787402 0 
vn -0.968504 -0.23622 0 
vn -0.937008 0.346457 0 
vn -0.992126 0.110236 0 
vn -0.976378 -0.204724 0 
vn -0.96063 -0.283465 0 
vn -1 -0.0551181 0 
vn -0.913386 0.409449 0 
vn -0.708661 0.708661 0 
vn -0.614173 0.787402 0 
vn -1 -0.00787402 0 
vn -0.968504 -0.23622 0 
vn -0.992126 0.110236 0 
vn -0.937008 0.346457 0 
vn -0.976378 -0.204724 0 
vn -0.96063 -0.283465 0 
vn -0.913386 0.409449 0 
vn -1 -0.0551181 0 
vn -0.614173 0.787402 0 
vn -0.708661 0.708661 0 
vn -0.968504 -0.23622 0 
vn -1 -0.00787402 0 
vn -0.992126 0.110236 0 
vn -0.937008 0.346457 0 
vn -0.976378 -0.204724 0 
vn -0.96063 -0.283465 0 
vn -0.913386 0.409449 0 
vn -1 -0.0551181 0 
vn -0.614173 0.787402 0 
vn -0.708661 0.708661 0 
vn -0.968504 -0.23622 0 
vn -1 -0.00787402 0 
vn -0.984252 0.165354 0.015748 
vn -0.944882 0.338583 0.0393701 
vn -0.984252 -0.181102 -0.015748 
vn -0.96063 -0.283465 -0.0314961 
vn -0.937008 0.338583 0.0393701 
vn -0.992126 -0.0944882 -0.015748 
vn -0.629921 0.76378 0.125984 
vn -0.740157 0.669291 0.102362 
vn -0.976378 -0.19685 -0.110236 
vn -1 0.0472441 -0.00787402 
vn -0.015748 -0.212598 0.976378 
vn -0.244094 -0.338583 0.905512 
vn -0.0944882 -0.370079 0.92126 
vn -0.0787402 -0.322835 0.944882 
vn -0.0472441 -0.299213 0.952756 
vn 0 -0.346457 0.937008 
vn -0.0944882 -0.314961 0.944882 
vn -0.0866142 -0.283465 0.952756 
vn -0.0314961 -0.267717 0.96063 
vn -0.173228 -0.299213 0.937008 
vn -0.874016 0.425197 0.228346 
vn -0.88189 0.464567 0 
vn -0.23622 -0.748031 -0.614173 
vn -0.102362 -0.771654 0.629921 
vn 0.779528 -0.448819 -0.433071 
vn 0.787402 -0.614173 -0.0393701 
vn -0.88189 0.464567 0 
vn -0.299213 -0.952756 0 
vn 0.866142 -0.496063 0 
vn -0.88189 0.464567 0 
vn -0.299213 -0.952756 0 
vn 0.866142 -0.496063 0 
vn -0.88189 0.464567 0 
vn -0.299213 -0.952756 0 
vn 0.866142 -0.496063 0 
vn -0.88189 0.464567 0 
vn -0.23622 -0.755906 0.614173 
vn 0.795276 -0.456693 0.401575 
vn -0.874016 0.425197 -0.228346 
vn -0.110236 -0.787402 -0.614173 
vn 0.795276 -0.606299 0.0393701 
vn 0.299213 0.952756 0.0393701 
vn -0.937008 0.346457 0 
vn -0.929134 0.377953 0.023622 
vn -0.0314961 0.393701 0.92126 
vn 0.992126 -0.0944882 0 
vn 0.976378 -0.220472 -0.0708661 
vn 0.299213 0.952756 0 
vn -0.937008 0.346457 0 
vn 0.968504 -0.251969 0 
vn 0.299213 0.952756 0 
vn -0.937008 0.346457 0 
vn 0.968504 -0.251969 0 
vn 0.299213 0.952756 0 
vn -0.937008 0.346457 0 
vn 0.968504 -0.251969 0 
vn 0.299213 0.952756 -0.0393701 
vn -0.937008 0.346457 0 
vn 0.976378 -0.220472 0.0629921 
vn -0.023622 0.385827 -0.92126 
vn -0.929134 0.377953 -0.023622 
vn 0.992126 -0.102362 0 
vn 0.866142 -0.409449 0.299213 
vn 0.692913 -0.677165 0.23622 
vn 0.716535 -0.692913 0.125984 
vn 0.897638 -0.417323 0.149606 
vn -0.125984 -0.212598 -0.968504 
vn 0.440945 -0.708661 -0.551181 
vn 0.425197 -0.496063 -0.76378 
vn -0.15748 -0.220472 -0.96063 
vn -0.88189 0.464567 -0.0866142 
vn -0.700787 0.700787 -0.125984 
vn -0.889764 0.448819 0 
vn -0.700787 0.716535 0 
vn -0.889764 0.448819 0 
vn -0.700787 0.716535 0 
vn -0.889764 0.448819 0 
vn -0.700787 0.716535 0 
vn -0.889764 0.448819 0 
vn -0.700787 0.716535 0 
vn -0.889764 0.448819 0 
vn -0.700787 0.716535 0 
vn -0.88189 0.464567 0.0866142 
vn -0.700787 0.700787 0.125984 
vn -0.125984 -0.212598 0.968504 
vn -0.15748 -0.228346 0.96063 
vn 0.858268 -0.511811 0.00787402 
vn 0.677165 -0.732283 -0.0551181 
vn 0.897638 -0.417323 -0.165354 
vn 0.716535 -0.685039 -0.133858 
vn 0.889764 -0.456693 0 
vn 0.700787 -0.716535 0 
vn 0.889764 -0.456693 0 
vn 0.700787 -0.716535 0 
vn 0.889764 -0.456693 0 
vn 0.700787 -0.716535 0 
vn 0.92126 0.322835 0.204724 
vn 0.858268 0.330709 0.385827 
vn 0.259843 -0.149606 -0.952756 
vn -0.0551181 -0.23622 -0.968504 
vn -0.952756 -0.259843 0.165354 
vn -0.952756 -0.299213 0 
vn -0.952756 -0.299213 0 
vn -0.952756 -0.299213 0 
vn -0.952756 -0.299213 0 
vn -0.952756 -0.299213 0 
vn -0.952756 -0.259843 -0.165354 
vn -0.0551181 -0.23622 0.968504 
vn 0.952756 0.212598 0.228346 
vn 0.92126 0.322835 -0.220472 
vn 0.96063 0.291339 0 
vn 0.96063 0.291339 0 
vn 0.96063 0.291339 0 
vn 0.84252 0.220472 0.488189 
vn 0.937008 0.204724 0.283465 
vn 0.929134 -0.00787402 0.362205 
vn 0.80315 0.0551181 0.598425 
vn 0.23622 -0.259843 -0.937008 
vn -0.00787402 -0.23622 -0.968504 
vn -0.0629921 -0.228346 -0.968504 
vn 0.23622 -0.19685 -0.952756 
vn -0.992126 0.0787402 0.110236 
vn -0.976378 -0.133858 0.165354 
vn -1 0.0866142 0 
vn -0.992126 -0.149606 0 
vn -1 0.0866142 0 
vn -0.992126 -0.149606 0 
vn -1 0.0866142 0 
vn -0.992126 -0.149606 0 
vn -1 0.0866142 0 
vn -0.992126 -0.149606 0 
vn -1 0.0866142 0 
vn -0.992126 -0.149606 0 
vn -0.992126 0.0787402 -0.110236 
vn -0.976378 -0.133858 -0.165354 
vn -0.00787402 -0.23622 0.968504 
vn -0.0629921 -0.228346 0.968504 
vn 0.968504 -0.15748 0.173228 
vn 0.976378 0.0708661 0.19685 
vn 0.92126 0 -0.393701 
vn 0.929134 0.204724 -0.299213 
vn 0.992126 -0.0944882 0 
vn 0.992126 0.141732 0 
vn 0.992126 -0.0944882 0 
vn 0.992126 0.141732 0 
vn 0.992126 -0.0944882 0 
vn 0.992126 0.141732 0 
vn 0.685039 -0.125984 0.716535 
vn 0.84252 -0.275591 0.472441 
vn 0.244094 -0.354331 -0.905512 
vn -0.0393701 -0.259843 -0.968504 
vn -0.929134 0.362205 -0.0708661 
vn -0.913386 0.409449 0 
vn -0.913386 0.409449 0 
vn -0.913386 0.409449 0 
vn -0.913386 0.409449 0 
vn -0.913386 0.409449 0 
vn -0.929134 0.362205 0.0708661 
vn -0.0393701 -0.259843 0.968504 
vn 0.905512 -0.425197 0 
vn 0.826772 -0.259843 -0.503937 
vn 0.905512 -0.417323 0 
vn 0.905512 -0.417323 0 
vn 0.905512 -0.417323 0 

vt 0.06657 0.423975 
vt 0.033145 0.398441 
vt 0.087227 0.357126 
vt 0.107885 0.423975 
vt 0.141309 0.398441 
vt 0.154076 0.357126 
vt 0.141309 0.315811 
vt 0.107885 0.290277 
vt 0.06657 0.290277 
vt 0.033145 0.315811 
vt 0.020378 0.357126 
vt 0.657222 0.077698 
vt 0.662795 0.077698 
vt 0.662795 0.119856 
vt 0.657222 0.119856 
vt 0.657222 0.035541 
vt 0.662795 0.035541 
vt 0.657222 0.414956 
vt 0.662795 0.414956 
vt 0.662795 0.457113 
vt 0.657222 0.457113 
vt 0.657222 0.372799 
vt 0.662795 0.372799 
vt 0.657222 0.330642 
vt 0.662795 0.330642 
vt 0.657222 0.288484 
vt 0.662795 0.288484 
vt 0.657222 0.246327 
vt 0.662795 0.246327 
vt 0.657222 0.20417 
vt 0.662795 0.20417 
vt 0.657222 0.162013 
vt 0.662795 0.162013 
vt 0.627319 0.077698 
vt 0.647398 0.077698 
vt 0.647398 0.119856 
vt 0.627319 0.119856 
vt 0.627319 0.035541 
vt 0.647398 0.035541 
vt 0.627319 0.414956 
vt 0.647398 0.414956 
vt 0.647398 0.457113 
vt 0.627319 0.457113 
vt 0.627319 0.372799 
vt 0.647398 0.372799 
vt 0.627319 0.330642 
vt 0.647398 0.330642 
vt 0.627319 0.288484 
vt 0.647398 0.288484 
vt 0.627319 0.246327 
vt 0.647398 0.246327 
vt 0.627319 0.20417 
vt 0.647398 0.20417 
vt 0.627319 0.162013 
vt 0.647398 0.162013 
vt 0.662795 0.077698 
vt 0.671857 0.077698 
vt 0.671857 0.119856 
vt 0.662795 0.119856 
vt 0.662795 0.035541 
vt 0.671857 0.035541 
vt 0.662795 0.414956 
vt 0.671857 0.414956 
vt 0.671857 0.457113 
vt 0.662795 0.457113 
vt 0.662795 0.372799 
vt 0.671857 0.372799 
vt 0.662795 0.330642 
vt 0.671857 0.330642 
vt 0.662795 0.288484 
vt 0.671857 0.288484 
vt 0.662795 0.246327 
vt 0.671857 0.246327 
vt 0.662795 0.20417 
vt 0.671857 0.20417 
vt 0.662795 0.162013 
vt 0.671857 0.162013 
vt 0.723918 0.562503 
vt 0.713614 0.595107 
vt 0.6899 0.577601 
vt 0.694488 0.56244 
vt 0.677594 0.587162 
vt 0.686596 0.61541 
vt 0.662167 0.587237 
vt 0.653029 0.615442 
vt 0.713586 0.529894 
vt 0.689774 0.547307 
vt 0.649759 0.577782 
vt 0.625949 0.595197 
vt 0.645046 0.562649 
vt 0.615641 0.562594 
vt 0.649627 0.547485 
vt 0.625888 0.529973 
vt 0.661934 0.537925 
vt 0.65293 0.509678 
vt 0.677363 0.537851 
vt 0.686501 0.509647 
vt 0.754424 0.077698 
vt 0.754424 0.119856 
vt 0.747193 0.119856 
vt 0.747193 0.077698 
vt 0.747193 0.162013 
vt 0.754424 0.162013 
vt 0.754424 0.035541 
vt 0.747193 0.035541 
vt 0.754424 0.414956 
vt 0.754424 0.457113 
vt 0.747193 0.457113 
vt 0.747193 0.414956 
vt 0.754424 0.372799 
vt 0.747193 0.372799 
vt 0.754424 0.330642 
vt 0.747193 0.330642 
vt 0.754424 0.288484 
vt 0.747193 0.288484 
vt 0.754424 0.246327 
vt 0.747193 0.246327 
vt 0.747193 0.20417 
vt 0.754424 0.20417 
vt 0.742751 0.562526 
vt 0.728928 0.518795 
vt 0.736462 0.513373 
vt 0.752024 0.562528 
vt 0.695324 0.482727 
vt 0.692424 0.491564 
vt 0.644207 0.482725 
vt 0.647097 0.491565 
vt 0.603063 0.513369 
vt 0.610593 0.518801 
vt 0.58748 0.562546 
vt 0.596754 0.56255 
vt 0.603068 0.611719 
vt 0.610602 0.606295 
vt 0.644206 0.642361 
vt 0.647106 0.633524 
vt 0.695321 0.642367 
vt 0.692433 0.633525 
vt 0.736497 0.611722 
vt 0.728965 0.606292 
vt 0.761995 0.246327 
vt 0.761995 0.288484 
vt 0.761995 0.330642 
vt 0.761995 0.372799 
vt 0.761995 0.414956 
vt 0.761995 0.457113 
vt 0.761995 0.035541 
vt 0.761995 0.077698 
vt 0.761995 0.119856 
vt 0.761995 0.162013 
vt 0.761995 0.20417 
vt 0.647398 0.20417 
vt 0.647398 0.246327 
vt 0.647398 0.162013 
vt 0.647398 0.119856 
vt 0.647398 0.077698 
vt 0.647398 0.035541 
vt 0.647398 0.414956 
vt 0.647398 0.457113 
vt 0.647398 0.372799 
vt 0.647398 0.330642 
vt 0.647398 0.288484 
vt 0.676952 0.246327 
vt 0.678528 0.246327 
vt 0.678528 0.288484 
vt 0.676952 0.288484 
vt 0.678528 0.330642 
vt 0.676952 0.330642 
vt 0.678528 0.372799 
vt 0.676952 0.372799 
vt 0.678528 0.414956 
vt 0.676952 0.414956 
vt 0.678528 0.457113 
vt 0.676952 0.457113 
vt 0.676952 0.035541 
vt 0.678528 0.035541 
vt 0.678528 0.077698 
vt 0.676952 0.077698 
vt 0.678528 0.119856 
vt 0.676952 0.119856 
vt 0.678528 0.162013 
vt 0.676952 0.162013 
vt 0.678528 0.20417 
vt 0.676952 0.20417 
vt 0.827286 0.967275 
vt 0.827286 0.92043 
vt 0.791669 0.92043 
vt 0.791669 0.967275 
vt 0.862903 0.967275 
vt 0.862903 0.92043 
vt 0.89852 0.967275 
vt 0.89852 0.92043 
vt 0.934137 0.967275 
vt 0.934137 0.92043 
vt 0.969754 0.967275 
vt 0.969754 0.92043 
vt 0.932474 0.967275 
vt 0.932474 0.92043 
vt 0.968091 0.92043 
vt 0.968091 0.967275 
vt 0.896857 0.967275 
vt 0.896857 0.92043 
vt 0.861239 0.967275 
vt 0.861239 0.92043 
vt 0.825622 0.967275 
vt 0.825622 0.92043 
vt 0.790005 0.967275 
vt 0.790005 0.92043 
vt 0.827286 0.838519 
vt 0.791669 0.838519 
vt 0.862903 0.838519 
vt 0.89852 0.838519 
vt 0.934137 0.838519 
vt 0.969754 0.838519 
vt 0.932474 0.838519 
vt 0.968091 0.838519 
vt 0.896857 0.838519 
vt 0.861239 0.838519 
vt 0.825622 0.838519 
vt 0.790005 0.838519 
vt 0.827286 0.74501 
vt 0.791669 0.74501 
vt 0.862903 0.74501 
vt 0.89852 0.74501 
vt 0.934137 0.74501 
vt 0.969754 0.74501 
vt 0.932474 0.74501 
vt 0.968091 0.74501 
vt 0.896857 0.74501 
vt 0.861239 0.74501 
vt 0.825622 0.74501 
vt 0.790005 0.74501 
vt 0.932474 0.64441 
vt 0.968091 0.64441 
vt 0.896857 0.64441 
vt 0.861239 0.64441 
vt 0.825622 0.64441 
vt 0.790005 0.64441 
vt 0.827286 0.64441 
vt 0.791669 0.64441 
vt 0.862903 0.64441 
vt 0.89852 0.64441 
vt 0.934137 0.64441 
vt 0.969754 0.64441 
vt 0.827286 0.552784 
vt 0.791669 0.552784 
vt 0.862903 0.552784 
vt 0.89852 0.552784 
vt 0.934137 0.552784 
vt 0.969754 0.552784 
vt 0.932474 0.552784 
vt 0.968091 0.552784 
vt 0.896857 0.552784 
vt 0.861239 0.552784 
vt 0.825622 0.552784 
vt 0.790005 0.552784 
vt 0.827286 0.452544 
vt 0.791669 0.452544 
vt 0.862903 0.452544 
vt 0.89852 0.452544 
vt 0.934137 0.452544 
vt 0.969754 0.452544 
vt 0.932474 0.452544 
vt 0.968091 0.452544 
vt 0.896857 0.452544 
vt 0.861239 0.452544 
vt 0.825622 0.452544 
vt 0.790005 0.452544 
vt 0.790005 0.368847 
vt 0.825622 0.368847 
vt 0.827286 0.368847 
vt 0.791669 0.368847 
vt 0.862903 0.368847 
vt 0.89852 0.368847 
vt 0.934137 0.368847 
vt 0.969754 0.368847 
vt 0.932474 0.368847 
vt 0.968091 0.368847 
vt 0.896857 0.368847 
vt 0.861239 0.368847 
vt 0.827286 0.284953 
vt 0.791669 0.284953 
vt 0.862903 0.284953 
vt 0.89852 0.284953 
vt 0.934137 0.284953 
vt 0.969754 0.284953 
vt 0.932474 0.284953 
vt 0.968091 0.284953 
vt 0.896857 0.284953 
vt 0.861239 0.284953 
vt 0.825622 0.284953 
vt 0.790005 0.284953 
vt 0.827286 0.186147 
vt 0.791669 0.186147 
vt 0.862903 0.186147 
vt 0.89852 0.186147 
vt 0.934137 0.186147 
vt 0.969754 0.186147 
vt 0.932474 0.186147 
vt 0.968091 0.186147 
vt 0.896857 0.186147 
vt 0.861239 0.186147 
vt 0.825622 0.186147 
vt 0.790005 0.186147 
vt 0.827286 0.128703 
vt 0.791669 0.128703 
vt 0.862903 0.128703 
vt 0.89852 0.128703 
vt 0.934137 0.128703 
vt 0.969754 0.128703 
vt 0.932474 0.128703 
vt 0.968091 0.128703 
vt 0.896857 0.128703 
vt 0.861239 0.128703 
vt 0.825622 0.128703 
vt 0.790005 0.128703 
vt 0.678528 0.246327 
vt 0.747193 0.246327 
vt 0.747193 0.288484 
vt 0.678528 0.288484 
vt 0.747193 0.330642 
vt 0.678528 0.330642 
vt 0.747193 0.372799 
vt 0.678528 0.372799 
vt 0.747193 0.414956 
vt 0.678528 0.414956 
vt 0.747193 0.457113 
vt 0.678528 0.457113 
vt 0.678528 0.035541 
vt 0.747193 0.035541 
vt 0.747193 0.077698 
vt 0.678528 0.077698 
vt 0.747193 0.119856 
vt 0.678528 0.119856 
vt 0.747193 0.162013 
vt 0.678528 0.162013 
vt 0.747193 0.20417 
vt 0.678528 0.20417 
vt 0.60361 0.246327 
vt 0.60361 0.288484 
vt 0.60361 0.20417 
vt 0.60361 0.162013 
vt 0.60361 0.119856 
vt 0.60361 0.077698 
vt 0.60361 0.035541 
vt 0.60361 0.414956 
vt 0.60361 0.457113 
vt 0.60361 0.372799 
vt 0.60361 0.330642 
vt 0.579817 0.246327 
vt 0.579817 0.288484 
vt 0.579817 0.20417 
vt 0.579817 0.162013 
vt 0.579817 0.119856 
vt 0.579817 0.077698 
vt 0.579817 0.035541 
vt 0.579817 0.414956 
vt 0.579817 0.457113 
vt 0.579817 0.372799 
vt 0.579817 0.330642 
vt 0.551563 0.246327 
vt 0.551563 0.288484 
vt 0.551563 0.20417 
vt 0.551563 0.162013 
vt 0.551563 0.119856 
vt 0.551563 0.077698 
vt 0.551563 0.035541 
vt 0.551563 0.414956 
vt 0.551563 0.457113 
vt 0.551563 0.372799 
vt 0.551563 0.330642 
vt 0.688546 0.562465 
vt 0.685059 0.574154 
vt 0.674744 0.567879 
vt 0.675972 0.562603 
vt 0.671605 0.571135 
vt 0.67569 0.581514 
vt 0.667768 0.571087 
vt 0.663976 0.581552 
vt 0.684964 0.550816 
vt 0.674828 0.557315 
vt 0.664703 0.567773 
vt 0.654569 0.574272 
vt 0.66356 0.562484 
vt 0.650987 0.562623 
vt 0.664785 0.557207 
vt 0.654469 0.550932 
vt 0.667924 0.553952 
vt 0.663838 0.543572 
vt 0.671763 0.554 
vt 0.675555 0.543536 
vt 0.896857 0.047518 
vt 0.932474 0.047518 
vt 0.861239 0.047518 
vt 0.968091 0.047518 
vt 0.969754 0.047518 
vt 0.934137 0.047518 
vt 0.89852 0.047518 
vt 0.862903 0.047518 
vt 0.827286 0.047518 
vt 0.791669 0.047518 
vt 0.790005 0.047518 
vt 0.825622 0.047518 
vt 0.67569 0.581514 
vt 0.685059 0.574154 
vt 0.663976 0.581552 
vt 0.654569 0.574272 
vt 0.650987 0.562623 
vt 0.654469 0.550932 
vt 0.663838 0.543572 
vt 0.675555 0.543536 
vt 0.684964 0.550816 
vt 0.688546 0.562465 
vt 0.408401 0.155477 
vt 0.408401 0.143594 
vt 0.454601 0.143594 
vt 0.454601 0.155477 
vt 0.500801 0.143594 
vt 0.500801 0.155477 
vt 0.038804 0.155477 
vt 0.038804 0.143594 
vt 0.085004 0.143594 
vt 0.085004 0.155477 
vt 0.131204 0.143594 
vt 0.131204 0.155477 
vt 0.177403 0.143594 
vt 0.177403 0.155477 
vt 0.223603 0.143594 
vt 0.223603 0.155477 
vt 0.269803 0.143594 
vt 0.269803 0.155477 
vt 0.316002 0.143594 
vt 0.316002 0.155477 
vt 0.362202 0.143594 
vt 0.362202 0.155477 
vt 0.408401 0.216519 
vt 0.408401 0.209808 
vt 0.454601 0.209808 
vt 0.454601 0.216519 
vt 0.500801 0.209808 
vt 0.500801 0.216519 
vt 0.038804 0.216519 
vt 0.038804 0.209808 
vt 0.085004 0.209808 
vt 0.085004 0.216519 
vt 0.131204 0.209808 
vt 0.131204 0.216519 
vt 0.177403 0.209808 
vt 0.177403 0.216519 
vt 0.223603 0.209808 
vt 0.223603 0.216519 
vt 0.269803 0.209808 
vt 0.269803 0.216519 
vt 0.316002 0.209808 
vt 0.316002 0.216519 
vt 0.362202 0.209808 
vt 0.362202 0.216519 
vt 0.308281 0.884911 
vt 0.307407 0.882083 
vt 0.335103 0.882083 
vt 0.334229 0.884911 
vt 0.287288 0.900947 
vt 0.285001 0.8992 
vt 0.27927 0.926895 
vt 0.276442 0.926895 
vt 0.287288 0.952843 
vt 0.285001 0.954591 
vt 0.308281 0.96888 
vt 0.307407 0.971708 
vt 0.334229 0.96888 
vt 0.335103 0.971708 
vt 0.355221 0.952843 
vt 0.357509 0.954591 
vt 0.363239 0.926895 
vt 0.366067 0.926895 
vt 0.355221 0.900947 
vt 0.357509 0.8992 
vt 0.321255 0.926895 
vt 0.269803 0.235161 
vt 0.269803 0.216519 
vt 0.316002 0.216519 
vt 0.316002 0.235161 
vt 0.223603 0.235161 
vt 0.223603 0.216519 
vt 0.177403 0.235161 
vt 0.177403 0.216519 
vt 0.131204 0.235161 
vt 0.131204 0.216519 
vt 0.085004 0.235161 
vt 0.085004 0.216519 
vt 0.038804 0.235161 
vt 0.038804 0.216519 
vt 0.454601 0.235161 
vt 0.454601 0.216519 
vt 0.500801 0.216519 
vt 0.500801 0.235161 
vt 0.408401 0.235161 
vt 0.408401 0.216519 
vt 0.362202 0.235161 
vt 0.362202 0.216519 
vt 0.269803 0.257024 
vt 0.316002 0.257024 
vt 0.223603 0.257024 
vt 0.177403 0.257024 
vt 0.131204 0.257024 
vt 0.085004 0.257024 
vt 0.038804 0.257024 
vt 0.454601 0.257024 
vt 0.500801 0.257024 
vt 0.408401 0.257024 
vt 0.362202 0.257024 
vt 0.454601 0.042668 
vt 0.408401 0.042668 
vt 0.408401 0.033635 
vt 0.454601 0.033635 
vt 0.362202 0.033635 
vt 0.362202 0.042668 
vt 0.500801 0.042668 
vt 0.500801 0.033635 
vt 0.085004 0.042668 
vt 0.038804 0.042668 
vt 0.038804 0.033635 
vt 0.085004 0.033635 
vt 0.131204 0.042668 
vt 0.131204 0.033635 
vt 0.177403 0.042668 
vt 0.177403 0.033635 
vt 0.223603 0.042668 
vt 0.223603 0.033635 
vt 0.269803 0.042668 
vt 0.269803 0.033635 
vt 0.316002 0.042668 
vt 0.316002 0.033635 
vt 0.454601 0.042668 
vt 0.454601 0.069773 
vt 0.408401 0.069773 
vt 0.408401 0.042668 
vt 0.500801 0.042668 
vt 0.500801 0.069773 
vt 0.085004 0.042668 
vt 0.085004 0.069773 
vt 0.038804 0.069773 
vt 0.038804 0.042668 
vt 0.131204 0.042668 
vt 0.131204 0.069773 
vt 0.177403 0.042668 
vt 0.177403 0.069773 
vt 0.223603 0.042668 
vt 0.223603 0.069773 
vt 0.269803 0.042668 
vt 0.269803 0.069773 
vt 0.316002 0.042668 
vt 0.316002 0.069773 
vt 0.362202 0.042668 
vt 0.362202 0.069773 
vt 0.454601 0.033635 
vt 0.454601 0.033635 
vt 0.408401 0.033635 
vt 0.408401 0.033635 
vt 0.500801 0.033635 
vt 0.500801 0.033635 
vt 0.085004 0.033635 
vt 0.085004 0.033635 
vt 0.038804 0.033635 
vt 0.038804 0.033635 
vt 0.131204 0.033635 
vt 0.131204 0.033635 
vt 0.177403 0.033635 
vt 0.177403 0.033635 
vt 0.223603 0.033635 
vt 0.223603 0.033635 
vt 0.269803 0.033635 
vt 0.269803 0.033635 
vt 0.316002 0.033635 
vt 0.316002 0.033635 
vt 0.362202 0.033635 
vt 0.362202 0.033635 
vt 0.316002 0.081092 
vt 0.269803 0.081092 
vt 0.269803 0.071521 
vt 0.316002 0.071521 
vt 0.223603 0.071521 
vt 0.223603 0.081092 
vt 0.177403 0.071521 
vt 0.177403 0.081092 
vt 0.131204 0.071521 
vt 0.131204 0.081092 
vt 0.085004 0.071521 
vt 0.085004 0.081092 
vt 0.038804 0.071521 
vt 0.038804 0.081092 
vt 0.454601 0.071521 
vt 0.500801 0.071521 
vt 0.500801 0.081092 
vt 0.454601 0.081092 
vt 0.408401 0.071521 
vt 0.408401 0.081092 
vt 0.362202 0.071521 
vt 0.362202 0.081092 
vt 0.408401 0.071521 
vt 0.408401 0.069773 
vt 0.454601 0.069773 
vt 0.454601 0.071521 
vt 0.500801 0.069773 
vt 0.500801 0.071521 
vt 0.038804 0.071521 
vt 0.038804 0.069773 
vt 0.085004 0.069773 
vt 0.085004 0.071521 
vt 0.131204 0.069773 
vt 0.131204 0.071521 
vt 0.177403 0.069773 
vt 0.177403 0.071521 
vt 0.223603 0.069773 
vt 0.223603 0.071521 
vt 0.269803 0.069773 
vt 0.269803 0.071521 
vt 0.316002 0.069773 
vt 0.316002 0.071521 
vt 0.362202 0.069773 
vt 0.362202 0.071521 
vt 0.223603 0.143594 
vt 0.223603 0.081092 
vt 0.269803 0.081092 
vt 0.269803 0.143594 
vt 0.177403 0.143594 
vt 0.177403 0.081092 
vt 0.131204 0.143594 
vt 0.131204 0.081092 
vt 0.085004 0.143594 
vt 0.085004 0.081092 
vt 0.038804 0.143594 
vt 0.038804 0.081092 
vt 0.454601 0.143594 
vt 0.454601 0.081092 
vt 0.500801 0.081092 
vt 0.500801 0.143594 
vt 0.408401 0.143594 
vt 0.408401 0.081092 
vt 0.362202 0.143594 
vt 0.362202 0.081092 
vt 0.316002 0.143594 
vt 0.316002 0.081092 
vt 0.223603 0.163743 
vt 0.223603 0.155477 
vt 0.269803 0.155477 
vt 0.269803 0.163743 
vt 0.177403 0.163743 
vt 0.177403 0.155477 
vt 0.131204 0.163743 
vt 0.131204 0.155477 
vt 0.085004 0.163743 
vt 0.085004 0.155477 
vt 0.038804 0.163743 
vt 0.038804 0.155477 
vt 0.454601 0.163743 
vt 0.454601 0.155477 
vt 0.500801 0.155477 
vt 0.500801 0.163743 
vt 0.408401 0.163743 
vt 0.408401 0.155477 
vt 0.362202 0.163743 
vt 0.362202 0.155477 
vt 0.316002 0.163743 
vt 0.316002 0.155477 
vt 0.223603 0.1734 
vt 0.223603 0.163743 
vt 0.269803 0.163743 
vt 0.269803 0.1734 
vt 0.177403 0.1734 
vt 0.177403 0.163743 
vt 0.131204 0.1734 
vt 0.131204 0.163743 
vt 0.085004 0.1734 
vt 0.085004 0.163743 
vt 0.038804 0.1734 
vt 0.038804 0.163743 
vt 0.454601 0.1734 
vt 0.454601 0.163743 
vt 0.500801 0.163743 
vt 0.500801 0.1734 
vt 0.408401 0.1734 
vt 0.408401 0.163743 
vt 0.362202 0.1734 
vt 0.362202 0.163743 
vt 0.316002 0.1734 
vt 0.316002 0.163743 
vt 0.223603 0.18102 
vt 0.223603 0.1734 
vt 0.269803 0.1734 
vt 0.269803 0.18102 
vt 0.177403 0.18102 
vt 0.177403 0.1734 
vt 0.131204 0.18102 
vt 0.131204 0.1734 
vt 0.085004 0.18102 
vt 0.085004 0.1734 
vt 0.038804 0.18102 
vt 0.038804 0.1734 
vt 0.454601 0.18102 
vt 0.454601 0.1734 
vt 0.500801 0.1734 
vt 0.500801 0.18102 
vt 0.408401 0.18102 
vt 0.408401 0.1734 
vt 0.362202 0.18102 
vt 0.362202 0.1734 
vt 0.316002 0.18102 
vt 0.316002 0.1734 
vt 0.223603 0.19584 
vt 0.223603 0.18102 
vt 0.269803 0.18102 
vt 0.269803 0.19584 
vt 0.177403 0.19584 
vt 0.177403 0.18102 
vt 0.131204 0.19584 
vt 0.131204 0.18102 
vt 0.085004 0.19584 
vt 0.085004 0.18102 
vt 0.038804 0.19584 
vt 0.038804 0.18102 
vt 0.454601 0.19584 
vt 0.454601 0.18102 
vt 0.500801 0.18102 
vt 0.500801 0.19584 
vt 0.408401 0.19584 
vt 0.408401 0.18102 
vt 0.362202 0.19584 
vt 0.362202 0.18102 
vt 0.316002 0.19584 
vt 0.316002 0.18102 
vt 0.223603 0.209808 
vt 0.223603 0.19584 
vt 0.269803 0.19584 
vt 0.269803 0.209808 
vt 0.177403 0.209808 
vt 0.177403 0.19584 
vt 0.131204 0.209808 
vt 0.131204 0.19584 
vt 0.085004 0.209808 
vt 0.085004 0.19584 
vt 0.038804 0.209808 
vt 0.038804 0.19584 
vt 0.454601 0.209808 
vt 0.454601 0.19584 
vt 0.500801 0.19584 
vt 0.500801 0.209808 
vt 0.408401 0.209808 
vt 0.408401 0.19584 
vt 0.362202 0.209808 
vt 0.362202 0.19584 
vt 0.316002 0.209808 
vt 0.316002 0.19584 
vt 0.755411 0.746914 
vt 0.755411 0.775765 
vt 0.524604 0.862317 
vt 0.755411 0.804615 
vt 0.755411 0.833466 
vt 0.755411 0.862317 
vt 0.755411 0.891168 
vt 0.755411 0.920019 
vt 0.755411 0.94887 
vt 0.755411 0.977721 
vt 0.491454 0.863887 
vt 0.491454 0.863887 
vt 0.510371 0.909557 
vt 0.510371 0.909557 
vt 0.491454 0.955226 
vt 0.491454 0.955226 
vt 0.445785 0.974143 
vt 0.445785 0.974143 
vt 0.400115 0.955226 
vt 0.400115 0.955226 
vt 0.381198 0.909557 
vt 0.381198 0.909557 
vt 0.400115 0.863887 
vt 0.400115 0.863887 
vt 0.445785 0.84497 
vt 0.445785 0.84497 
vt 0.491454 0.863887 
vt 0.510371 0.909557 
vt 0.445785 0.909557 
vt 0.491454 0.955226 
vt 0.445785 0.974143 
vt 0.400115 0.955226 
vt 0.381198 0.909557 
vt 0.400115 0.863887 
vt 0.445785 0.84497 
vt 0.404931 0.41746 
vt 0.404931 0.419878 
vt 0.39303 0.419878 
vt 0.39303 0.41746 
vt 0.373242 0.41746 
vt 0.373242 0.419878 
vt 0.323197 0.419878 
vt 0.323197 0.41746 
vt 0.300494 0.41746 
vt 0.300494 0.419878 
vt 0.276225 0.41746 
vt 0.290056 0.41746 
vt 0.290056 0.419878 
vt 0.276225 0.419878 
vt 0.259263 0.41746 
vt 0.259263 0.419878 
vt 0.236795 0.41746 
vt 0.236795 0.419878 
vt 0.167677 0.418598 
vt 0.491145 0.41746 
vt 0.491145 0.419878 
vt 0.444969 0.419878 
vt 0.444969 0.41746 
vt 0.422317 0.419878 
vt 0.422317 0.41746 
vt 0.514992 0.418661 
vt 0.238123 0.3946 
vt 0.242044 0.395141 
vt 0.167677 0.418598 
vt 0.308662 0.370891 
vt 0.309015 0.368705 
vt 0.322319 0.368662 
vt 0.323745 0.370083 
vt 0.376601 0.337428 
vt 0.377249 0.339208 
vt 0.409469 0.286679 
vt 0.409542 0.283763 
vt 0.296477 0.3596 
vt 0.29724 0.357688 
vt 0.292645 0.342406 
vt 0.292854 0.338518 
vt 0.261854 0.384785 
vt 0.260041 0.383868 
vt 0.277482 0.366411 
vt 0.278744 0.367365 
vt 0.292645 0.342406 
vt 0.292854 0.338518 
vt 0.421019 0.325764 
vt 0.44381 0.369598 
vt 0.442112 0.369973 
vt 0.419917 0.327003 
vt 0.486493 0.407579 
vt 0.490303 0.407339 
vt 0.514992 0.418661 
vt 0.409469 0.286679 
vt 0.409542 0.283763 
vt 0.236795 0.41746 
vt 0.167677 0.418598 
vt 0.242044 0.395141 
vt 0.404931 0.41746 
vt 0.39303 0.41746 
vt 0.377249 0.339208 
vt 0.409469 0.286679 
vt 0.323745 0.370083 
vt 0.373242 0.41746 
vt 0.323197 0.41746 
vt 0.308662 0.370891 
vt 0.300494 0.41746 
vt 0.296477 0.3596 
vt 0.290056 0.41746 
vt 0.276225 0.41746 
vt 0.278744 0.367365 
vt 0.292645 0.342406 
vt 0.259263 0.41746 
vt 0.261854 0.384785 
vt 0.486493 0.407579 
vt 0.491145 0.41746 
vt 0.444969 0.41746 
vt 0.442112 0.369973 
vt 0.422317 0.41746 
vt 0.419917 0.327003 
vt 0.514992 0.418661 
vt 0.238123 0.3946 
vt 0.167677 0.418598 
vt 0.237689 0.391674 
vt 0.409542 0.283763 
vt 0.376601 0.337428 
vt 0.37704 0.333669 
vt 0.410264 0.279959 
vt 0.309015 0.368705 
vt 0.309508 0.365668 
vt 0.321799 0.365668 
vt 0.322319 0.368662 
vt 0.29724 0.357688 
vt 0.298754 0.355622 
vt 0.292854 0.338518 
vt 0.277482 0.366411 
vt 0.276159 0.364185 
vt 0.293217 0.33514 
vt 0.260041 0.383868 
vt 0.259282 0.381095 
vt 0.292854 0.338518 
vt 0.293217 0.33514 
vt 0.298754 0.355622 
vt 0.29724 0.357688 
vt 0.44381 0.369598 
vt 0.444969 0.367181 
vt 0.489746 0.403672 
vt 0.490303 0.407339 
vt 0.421019 0.325764 
vt 0.422637 0.324181 
vt 0.409542 0.283763 
vt 0.410264 0.279959 
vt 0.514992 0.418661 
vt 0.167677 0.418598 
vt 0.236795 0.419878 
vt 0.236795 0.41746 
vt 0.39303 0.419878 
vt 0.404931 0.419878 
vt 0.404931 0.41746 
vt 0.39303 0.41746 
vt 0.323197 0.419878 
vt 0.373242 0.419878 
vt 0.373242 0.41746 
vt 0.323197 0.41746 
vt 0.300494 0.41746 
vt 0.300494 0.419878 
vt 0.276225 0.41746 
vt 0.276225 0.419878 
vt 0.290056 0.419878 
vt 0.290056 0.41746 
vt 0.259263 0.41746 
vt 0.259263 0.419878 
vt 0.444969 0.419878 
vt 0.491145 0.419878 
vt 0.491145 0.41746 
vt 0.444969 0.41746 
vt 0.422317 0.419878 
vt 0.422317 0.41746 
vt 0.514992 0.418661 
vt 0.167677 0.418598 
vt 0.242044 0.395141 
vt 0.238123 0.3946 
vt 0.308662 0.370891 
vt 0.323745 0.370083 
vt 0.322319 0.368662 
vt 0.309015 0.368705 
vt 0.376601 0.337428 
vt 0.377249 0.339208 
vt 0.409469 0.286679 
vt 0.409542 0.283763 
vt 0.296477 0.3596 
vt 0.29724 0.357688 
vt 0.292645 0.342406 
vt 0.292854 0.338518 
vt 0.261854 0.384785 
vt 0.278744 0.367365 
vt 0.277482 0.366411 
vt 0.260041 0.383868 
vt 0.292645 0.342406 
vt 0.292854 0.338518 
vt 0.442112 0.369973 
vt 0.44381 0.369598 
vt 0.421019 0.325764 
vt 0.419917 0.327003 
vt 0.486493 0.407579 
vt 0.490303 0.407339 
vt 0.514992 0.418661 
vt 0.409469 0.286679 
vt 0.409542 0.283763 
vt 0.377249 0.339208 
vt 0.39303 0.41746 
vt 0.404931 0.41746 
vt 0.409469 0.286679 
vt 0.323745 0.370083 
vt 0.308662 0.370891 
vt 0.323197 0.41746 
vt 0.373242 0.41746 
vt 0.296477 0.3596 
vt 0.300494 0.41746 
vt 0.278744 0.367365 
vt 0.276225 0.41746 
vt 0.290056 0.41746 
vt 0.292645 0.342406 
vt 0.261854 0.384785 
vt 0.259263 0.41746 
vt 0.242044 0.395141 
vt 0.236795 0.41746 
vt 0.167677 0.418598 
vt 0.486493 0.407579 
vt 0.442112 0.369973 
vt 0.444969 0.41746 
vt 0.491145 0.41746 
vt 0.419917 0.327003 
vt 0.422317 0.41746 
vt 0.514992 0.418661 
vt 0.409542 0.283763 
vt 0.410264 0.279959 
vt 0.37704 0.333669 
vt 0.376601 0.337428 
vt 0.321799 0.365668 
vt 0.309508 0.365668 
vt 0.309015 0.368705 
vt 0.322319 0.368662 
vt 0.298754 0.355622 
vt 0.29724 0.357688 
vt 0.292854 0.338518 
vt 0.293217 0.33514 
vt 0.276159 0.364185 
vt 0.277482 0.366411 
vt 0.259282 0.381095 
vt 0.260041 0.383868 
vt 0.298754 0.355622 
vt 0.293217 0.33514 
vt 0.292854 0.338518 
vt 0.29724 0.357688 
vt 0.237689 0.391674 
vt 0.238123 0.3946 
vt 0.167677 0.418598 
vt 0.489746 0.403672 
vt 0.444969 0.367181 
vt 0.44381 0.369598 
vt 0.490303 0.407339 
vt 0.422637 0.324181 
vt 0.421019 0.325764 
vt 0.410264 0.279959 
vt 0.409542 0.283763 
vt 0.514992 0.418661 
vt 0.167677 0.438666 
vt 0.236795 0.437386 
vt 0.236795 0.439804 
vt 0.39303 0.437386 
vt 0.404931 0.437386 
vt 0.404931 0.439804 
vt 0.39303 0.439804 
vt 0.323197 0.437386 
vt 0.373242 0.437386 
vt 0.373242 0.439804 
vt 0.323197 0.439804 
vt 0.300494 0.439804 
vt 0.300494 0.437386 
vt 0.276225 0.439804 
vt 0.276226 0.437386 
vt 0.290056 0.437386 
vt 0.290056 0.439804 
vt 0.259263 0.439804 
vt 0.259263 0.437386 
vt 0.444969 0.437386 
vt 0.491145 0.437386 
vt 0.491145 0.439804 
vt 0.444969 0.439804 
vt 0.422317 0.437386 
vt 0.422317 0.439804 
vt 0.514992 0.438603 
vt 0.167677 0.438666 
vt 0.242044 0.462124 
vt 0.238123 0.462665 
vt 0.308662 0.486373 
vt 0.323745 0.487181 
vt 0.322319 0.488602 
vt 0.309015 0.48856 
vt 0.376601 0.519837 
vt 0.377249 0.518056 
vt 0.409469 0.570585 
vt 0.409542 0.573501 
vt 0.296477 0.497665 
vt 0.29724 0.499576 
vt 0.292645 0.514858 
vt 0.292854 0.518746 
vt 0.261854 0.47248 
vt 0.278744 0.489899 
vt 0.277482 0.490853 
vt 0.260041 0.473396 
vt 0.292645 0.514858 
vt 0.292854 0.518746 
vt 0.442112 0.487291 
vt 0.44381 0.487667 
vt 0.42102 0.5315 
vt 0.419917 0.530261 
vt 0.486493 0.449685 
vt 0.490303 0.449926 
vt 0.514992 0.438603 
vt 0.409469 0.570585 
vt 0.409542 0.573501 
vt 0.377249 0.518056 
vt 0.39303 0.439804 
vt 0.404931 0.439804 
vt 0.409469 0.570585 
vt 0.323745 0.487181 
vt 0.308662 0.486373 
vt 0.323197 0.439804 
vt 0.373242 0.439804 
vt 0.296477 0.497665 
vt 0.300494 0.439804 
vt 0.278744 0.489899 
vt 0.276225 0.439804 
vt 0.290056 0.439804 
vt 0.292645 0.514858 
vt 0.261854 0.47248 
vt 0.259263 0.439804 
vt 0.242044 0.462124 
vt 0.236795 0.439804 
vt 0.167677 0.438666 
vt 0.486493 0.449685 
vt 0.442112 0.487291 
vt 0.444969 0.439804 
vt 0.491145 0.439804 
vt 0.419917 0.530261 
vt 0.422317 0.439804 
vt 0.514992 0.438603 
vt 0.409542 0.573501 
vt 0.410264 0.577306 
vt 0.37704 0.523596 
vt 0.376601 0.519837 
vt 0.321799 0.491596 
vt 0.309508 0.491596 
vt 0.309015 0.48856 
vt 0.322319 0.488602 
vt 0.298754 0.501643 
vt 0.29724 0.499576 
vt 0.292854 0.518746 
vt 0.293217 0.522124 
vt 0.276159 0.49308 
vt 0.277482 0.490853 
vt 0.259282 0.476169 
vt 0.260041 0.473396 
vt 0.298754 0.501643 
vt 0.293217 0.522124 
vt 0.292854 0.518746 
vt 0.29724 0.499576 
vt 0.237689 0.465591 
vt 0.238123 0.462665 
vt 0.167677 0.438666 
vt 0.489746 0.453593 
vt 0.444969 0.490084 
vt 0.44381 0.487667 
vt 0.490303 0.449926 
vt 0.422637 0.533083 
vt 0.42102 0.5315 
vt 0.410264 0.577306 
vt 0.409542 0.573501 
vt 0.514992 0.438603 
vt 0.404931 0.439804 
vt 0.404931 0.437386 
vt 0.39303 0.437386 
vt 0.39303 0.439804 
vt 0.373242 0.439804 
vt 0.373242 0.437386 
vt 0.323197 0.437386 
vt 0.323197 0.439804 
vt 0.300494 0.439804 
vt 0.300494 0.437386 
vt 0.276225 0.439804 
vt 0.290056 0.439804 
vt 0.290056 0.437386 
vt 0.276226 0.437386 
vt 0.259263 0.439804 
vt 0.259263 0.437386 
vt 0.236795 0.439804 
vt 0.236795 0.437386 
vt 0.167677 0.438666 
vt 0.491145 0.439804 
vt 0.491145 0.437386 
vt 0.444969 0.437386 
vt 0.444969 0.439804 
vt 0.422317 0.437386 
vt 0.422317 0.439804 
vt 0.514992 0.438603 
vt 0.238123 0.462665 
vt 0.242044 0.462124 
vt 0.167677 0.438666 
vt 0.308662 0.486373 
vt 0.309015 0.48856 
vt 0.322319 0.488602 
vt 0.323745 0.487181 
vt 0.376601 0.519837 
vt 0.377249 0.518056 
vt 0.409469 0.570585 
vt 0.409542 0.573501 
vt 0.296477 0.497665 
vt 0.29724 0.499576 
vt 0.292645 0.514858 
vt 0.292854 0.518746 
vt 0.261854 0.47248 
vt 0.260041 0.473396 
vt 0.277482 0.490853 
vt 0.278744 0.489899 
vt 0.292645 0.514858 
vt 0.292854 0.518746 
vt 0.42102 0.5315 
vt 0.44381 0.487667 
vt 0.442112 0.487291 
vt 0.419917 0.530261 
vt 0.486493 0.449685 
vt 0.490303 0.449926 
vt 0.514992 0.438603 
vt 0.409469 0.570585 
vt 0.409542 0.573501 
vt 0.236795 0.439804 
vt 0.167677 0.438666 
vt 0.242044 0.462124 
vt 0.404931 0.439804 
vt 0.39303 0.439804 
vt 0.377249 0.518056 
vt 0.409469 0.570585 
vt 0.323745 0.487181 
vt 0.373242 0.439804 
vt 0.323197 0.439804 
vt 0.308662 0.486373 
vt 0.300494 0.439804 
vt 0.296477 0.497665 
vt 0.290056 0.439804 
vt 0.276225 0.439804 
vt 0.278744 0.489899 
vt 0.292645 0.514858 
vt 0.259263 0.439804 
vt 0.261854 0.47248 
vt 0.486493 0.449685 
vt 0.491145 0.439804 
vt 0.444969 0.439804 
vt 0.442112 0.487291 
vt 0.422317 0.439804 
vt 0.419917 0.530261 
vt 0.514992 0.438603 
vt 0.238123 0.462665 
vt 0.167677 0.438666 
vt 0.237689 0.465591 
vt 0.409542 0.573501 
vt 0.376601 0.519837 
vt 0.37704 0.523596 
vt 0.410264 0.577306 
vt 0.309015 0.48856 
vt 0.309508 0.491596 
vt 0.321799 0.491596 
vt 0.322319 0.488602 
vt 0.29724 0.499576 
vt 0.298754 0.501643 
vt 0.292854 0.518746 
vt 0.277482 0.490853 
vt 0.276159 0.49308 
vt 0.293217 0.522124 
vt 0.260041 0.473396 
vt 0.259282 0.476169 
vt 0.292854 0.518746 
vt 0.293217 0.522124 
vt 0.298754 0.501643 
vt 0.29724 0.499576 
vt 0.44381 0.487667 
vt 0.444969 0.490084 
vt 0.489746 0.453593 
vt 0.490303 0.449926 
vt 0.42102 0.5315 
vt 0.422637 0.533083 
vt 0.409542 0.573501 
vt 0.410264 0.577306 
vt 0.514992 0.438603 
vt 0.404931 0.41746 
vt 0.404931 0.419878 
vt 0.39303 0.419878 
vt 0.39303 0.41746 
vt 0.373242 0.41746 
vt 0.373242 0.419878 
vt 0.323197 0.419878 
vt 0.323197 0.41746 
vt 0.300494 0.41746 
vt 0.300494 0.419878 
vt 0.276225 0.41746 
vt 0.290056 0.41746 
vt 0.290056 0.419878 
vt 0.276225 0.419878 
vt 0.259263 0.41746 
vt 0.259263 0.419878 
vt 0.236795 0.41746 
vt 0.236795 0.419878 
vt 0.167677 0.418598 
vt 0.491145 0.41746 
vt 0.491145 0.419878 
vt 0.444969 0.419878 
vt 0.444969 0.41746 
vt 0.422317 0.419878 
vt 0.422317 0.41746 
vt 0.514992 0.418661 
vt 0.238123 0.3946 
vt 0.242044 0.395141 
vt 0.167677 0.418598 
vt 0.308662 0.370891 
vt 0.309015 0.368705 
vt 0.322319 0.368662 
vt 0.323745 0.370083 
vt 0.376601 0.337428 
vt 0.377249 0.339208 
vt 0.409469 0.286679 
vt 0.409542 0.283763 
vt 0.296477 0.3596 
vt 0.29724 0.357688 
vt 0.292645 0.342406 
vt 0.292854 0.338518 
vt 0.261854 0.384785 
vt 0.260041 0.383868 
vt 0.277482 0.366411 
vt 0.278744 0.367365 
vt 0.292645 0.342406 
vt 0.292854 0.338518 
vt 0.421019 0.325764 
vt 0.44381 0.369598 
vt 0.442112 0.369973 
vt 0.419917 0.327003 
vt 0.486493 0.407579 
vt 0.490303 0.407339 
vt 0.514992 0.418661 
vt 0.409469 0.286679 
vt 0.409542 0.283763 
vt 0.236795 0.41746 
vt 0.167677 0.418598 
vt 0.242044 0.395141 
vt 0.404931 0.41746 
vt 0.39303 0.41746 
vt 0.377249 0.339208 
vt 0.409469 0.286679 
vt 0.323745 0.370083 
vt 0.373242 0.41746 
vt 0.323197 0.41746 
vt 0.308662 0.370891 
vt 0.300494 0.41746 
vt 0.296477 0.3596 
vt 0.290056 0.41746 
vt 0.276225 0.41746 
vt 0.278744 0.367365 
vt 0.292645 0.342406 
vt 0.259263 0.41746 
vt 0.261854 0.384785 
vt 0.486493 0.407579 
vt 0.491145 0.41746 
vt 0.444969 0.41746 
vt 0.442112 0.369973 
vt 0.422317 0.41746 
vt 0.419917 0.327003 
vt 0.514992 0.418661 
vt 0.238123 0.3946 
vt 0.167677 0.418598 
vt 0.237689 0.391674 
vt 0.409542 0.283763 
vt 0.376601 0.337428 
vt 0.37704 0.333669 
vt 0.410264 0.279959 
vt 0.309015 0.368705 
vt 0.309508 0.365668 
vt 0.321799 0.365668 
vt 0.322319 0.368662 
vt 0.29724 0.357688 
vt 0.298754 0.355622 
vt 0.292854 0.338518 
vt 0.277482 0.366411 
vt 0.276159 0.364185 
vt 0.293217 0.33514 
vt 0.260041 0.383868 
vt 0.259282 0.381095 
vt 0.292854 0.338518 
vt 0.293217 0.33514 
vt 0.298754 0.355622 
vt 0.29724 0.357688 
vt 0.44381 0.369598 
vt 0.444969 0.367181 
vt 0.489746 0.403672 
vt 0.490303 0.407339 
vt 0.421019 0.325764 
vt 0.422637 0.324181 
vt 0.409542 0.283763 
vt 0.410264 0.279959 
vt 0.514992 0.418661 
vt 0.167677 0.418598 
vt 0.236795 0.419878 
vt 0.236795 0.41746 
vt 0.39303 0.419878 
vt 0.404931 0.419878 
vt 0.404931 0.41746 
vt 0.39303 0.41746 
vt 0.323197 0.419878 
vt 0.373242 0.419878 
vt 0.373242 0.41746 
vt 0.323197 0.41746 
vt 0.300494 0.41746 
vt 0.300494 0.419878 
vt 0.276225 0.41746 
vt 0.276225 0.419878 
vt 0.290056 0.419878 
vt 0.290056 0.41746 
vt 0.259263 0.41746 
vt 0.259263 0.419878 
vt 0.444969 0.419878 
vt 0.491145 0.419878 
vt 0.491145 0.41746 
vt 0.444969 0.41746 
vt 0.422317 0.419878 
vt 0.422317 0.41746 
vt 0.514992 0.418661 
vt 0.167677 0.418598 
vt 0.242044 0.395141 
vt 0.238123 0.3946 
vt 0.308662 0.370891 
vt 0.323745 0.370083 
vt 0.322319 0.368662 
vt 0.309015 0.368705 
vt 0.376601 0.337428 
vt 0.377249 0.339208 
vt 0.409469 0.286679 
vt 0.409542 0.283763 
vt 0.296477 0.3596 
vt 0.29724 0.357688 
vt 0.292645 0.342406 
vt 0.292854 0.338518 
vt 0.261854 0.384785 
vt 0.278744 0.367365 
vt 0.277482 0.366411 
vt 0.260041 0.383868 
vt 0.292645 0.342406 
vt 0.292854 0.338518 
vt 0.442112 0.369973 
vt 0.44381 0.369598 
vt 0.421019 0.325764 
vt 0.419917 0.327003 
vt 0.486493 0.407579 
vt 0.490303 0.407339 
vt 0.514992 0.418661 
vt 0.409469 0.286679 
vt 0.409542 0.283763 
vt 0.377249 0.339208 
vt 0.39303 0.41746 
vt 0.404931 0.41746 
vt 0.409469 0.286679 
vt 0.323745 0.370083 
vt 0.308662 0.370891 
vt 0.323197 0.41746 
vt 0.373242 0.41746 
vt 0.296477 0.3596 
vt 0.300494 0.41746 
vt 0.278744 0.367365 
vt 0.276225 0.41746 
vt 0.290056 0.41746 
vt 0.292645 0.342406 
vt 0.261854 0.384785 
vt 0.259263 0.41746 
vt 0.242044 0.395141 
vt 0.236795 0.41746 
vt 0.167677 0.418598 
vt 0.486493 0.407579 
vt 0.442112 0.369973 
vt 0.444969 0.41746 
vt 0.491145 0.41746 
vt 0.419917 0.327003 
vt 0.422317 0.41746 
vt 0.514992 0.418661 
vt 0.409542 0.283763 
vt 0.410264 0.279959 
vt 0.37704 0.333669 
vt 0.376601 0.337428 
vt 0.321799 0.365668 
vt 0.309508 0.365668 
vt 0.309015 0.368705 
vt 0.322319 0.368662 
vt 0.298754 0.355622 
vt 0.29724 0.357688 
vt 0.292854 0.338518 
vt 0.293217 0.33514 
vt 0.276159 0.364185 
vt 0.277482 0.366411 
vt 0.259282 0.381095 
vt 0.260041 0.383868 
vt 0.298754 0.355622 
vt 0.293217 0.33514 
vt 0.292854 0.338518 
vt 0.29724 0.357688 
vt 0.237689 0.391674 
vt 0.238123 0.3946 
vt 0.167677 0.418598 
vt 0.489746 0.403672 
vt 0.444969 0.367181 
vt 0.44381 0.369598 
vt 0.490303 0.407339 
vt 0.422637 0.324181 
vt 0.421019 0.325764 
vt 0.410264 0.279959 
vt 0.409542 0.283763 
vt 0.514992 0.418661 
vt 0.167677 0.438666 
vt 0.236795 0.437386 
vt 0.236795 0.439804 
vt 0.39303 0.437386 
vt 0.404931 0.437386 
vt 0.404931 0.439804 
vt 0.39303 0.439804 
vt 0.323197 0.437386 
vt 0.373242 0.437386 
vt 0.373242 0.439804 
vt 0.323197 0.439804 
vt 0.300494 0.439804 
vt 0.300494 0.437386 
vt 0.276225 0.439804 
vt 0.276226 0.437386 
vt 0.290056 0.437386 
vt 0.290056 0.439804 
vt 0.259263 0.439804 
vt 0.259263 0.437386 
vt 0.444969 0.437386 
vt 0.491145 0.437386 
vt 0.491145 0.439804 
vt 0.444969 0.439804 
vt 0.422317 0.437386 
vt 0.422317 0.439804 
vt 0.514992 0.438603 
vt 0.167677 0.438666 
vt 0.242044 0.462124 
vt 0.238123 0.462665 
vt 0.308662 0.486373 
vt 0.323745 0.487181 
vt 0.322319 0.488602 
vt 0.309015 0.48856 
vt 0.376601 0.519837 
vt 0.377249 0.518056 
vt 0.409469 0.570585 
vt 0.409542 0.573501 
vt 0.296477 0.497665 
vt 0.29724 0.499576 
vt 0.292645 0.514858 
vt 0.292854 0.518746 
vt 0.261854 0.47248 
vt 0.278744 0.489899 
vt 0.277482 0.490853 
vt 0.260041 0.473396 
vt 0.292645 0.514858 
vt 0.292854 0.518746 
vt 0.442112 0.487291 
vt 0.44381 0.487667 
vt 0.42102 0.5315 
vt 0.419917 0.530261 
vt 0.486493 0.449685 
vt 0.490303 0.449926 
vt 0.514992 0.438603 
vt 0.409469 0.570585 
vt 0.409542 0.573501 
vt 0.377249 0.518056 
vt 0.39303 0.439804 
vt 0.404931 0.439804 
vt 0.409469 0.570585 
vt 0.323745 0.487181 
vt 0.308662 0.486373 
vt 0.323197 0.439804 
vt 0.373242 0.439804 
vt 0.296477 0.497665 
vt 0.300494 0.439804 
vt 0.278744 0.489899 
vt 0.276225 0.439804 
vt 0.290056 0.439804 
vt 0.292645 0.514858 
vt 0.261854 0.47248 
vt 0.259263 0.439804 
vt 0.242044 0.462124 
vt 0.236795 0.439804 
vt 0.167677 0.438666 
vt 0.486493 0.449685 
vt 0.442112 0.487291 
vt 0.444969 0.439804 
vt 0.491145 0.439804 
vt 0.419917 0.530261 
vt 0.422317 0.439804 
vt 0.514992 0.438603 
vt 0.409542 0.573501 
vt 0.410264 0.577306 
vt 0.37704 0.523596 
vt 0.376601 0.519837 
vt 0.321799 0.491596 
vt 0.309508 0.491596 
vt 0.309015 0.48856 
vt 0.322319 0.488602 
vt 0.298754 0.501643 
vt 0.29724 0.499576 
vt 0.292854 0.518746 
vt 0.293217 0.522124 
vt 0.276159 0.49308 
vt 0.277482 0.490853 
vt 0.259282 0.476169 
vt 0.260041 0.473396 
vt 0.298754 0.501643 
vt 0.293217 0.522124 
vt 0.292854 0.518746 
vt 0.29724 0.499576 
vt 0.237689 0.465591 
vt 0.238123 0.462665 
vt 0.167677 0.438666 
vt 0.489746 0.453593 
vt 0.444969 0.490084 
vt 0.44381 0.487667 
vt 0.490303 0.449926 
vt 0.422637 0.533083 
vt 0.42102 0.5315 
vt 0.410264 0.577306 
vt 0.409542 0.573501 
vt 0.514992 0.438603 
vt 0.404931 0.439804 
vt 0.404931 0.437386 
vt 0.39303 0.437386 
vt 0.39303 0.439804 
vt 0.373242 0.439804 
vt 0.373242 0.437386 
vt 0.323197 0.437386 
vt 0.323197 0.439804 
vt 0.300494 0.439804 
vt 0.300494 0.437386 
vt 0.276225 0.439804 
vt 0.290056 0.439804 
vt 0.290056 0.437386 
vt 0.276226 0.437386 
vt 0.259263 0.439804 
vt 0.259263 0.437386 
vt 0.236795 0.439804 
vt 0.236795 0.437386 
vt 0.167677 0.438666 
vt 0.491145 0.439804 
vt 0.491145 0.437386 
vt 0.444969 0.437386 
vt 0.444969 0.439804 
vt 0.422317 0.437386 
vt 0.422317 0.439804 
vt 0.514992 0.438603 
vt 0.238123 0.462665 
vt 0.242044 0.462124 
vt 0.167677 0.438666 
vt 0.308662 0.486373 
vt 0.309015 0.48856 
vt 0.322319 0.488602 
vt 0.323745 0.487181 
vt 0.376601 0.519837 
vt 0.377249 0.518056 
vt 0.409469 0.570585 
vt 0.409542 0.573501 
vt 0.296477 0.497665 
vt 0.29724 0.499576 
vt 0.292645 0.514858 
vt 0.292854 0.518746 
vt 0.261854 0.47248 
vt 0.260041 0.473396 
vt 0.277482 0.490853 
vt 0.278744 0.489899 
vt 0.292645 0.514858 
vt 0.292854 0.518746 
vt 0.42102 0.5315 
vt 0.44381 0.487667 
vt 0.442112 0.487291 
vt 0.419917 0.530261 
vt 0.486493 0.449685 
vt 0.490303 0.449926 
vt 0.514992 0.438603 
vt 0.409469 0.570585 
vt 0.409542 0.573501 
vt 0.236795 0.439804 
vt 0.167677 0.438666 
vt 0.242044 0.462124 
vt 0.404931 0.439804 
vt 0.39303 0.439804 
vt 0.377249 0.518056 
vt 0.409469 0.570585 
vt 0.323745 0.487181 
vt 0.373242 0.439804 
vt 0.323197 0.439804 
vt 0.308662 0.486373 
vt 0.300494 0.439804 
vt 0.296477 0.497665 
vt 0.290056 0.439804 
vt 0.276225 0.439804 
vt 0.278744 0.489899 
vt 0.292645 0.514858 
vt 0.259263 0.439804 
vt 0.261854 0.47248 
vt 0.486493 0.449685 
vt 0.491145 0.439804 
vt 0.444969 0.439804 
vt 0.442112 0.487291 
vt 0.422317 0.439804 
vt 0.419917 0.530261 
vt 0.514992 0.438603 
vt 0.238123 0.462665 
vt 0.167677 0.438666 
vt 0.237689 0.465591 
vt 0.409542 0.573501 
vt 0.376601 0.519837 
vt 0.37704 0.523596 
vt 0.410264 0.577306 
vt 0.309015 0.48856 
vt 0.309508 0.491596 
vt 0.321799 0.491596 
vt 0.322319 0.488602 
vt 0.29724 0.499576 
vt 0.298754 0.501643 
vt 0.292854 0.518746 
vt 0.277482 0.490853 
vt 0.276159 0.49308 
vt 0.293217 0.522124 
vt 0.260041 0.473396 
vt 0.259282 0.476169 
vt 0.292854 0.518746 
vt 0.293217 0.522124 
vt 0.298754 0.501643 
vt 0.29724 0.499576 
vt 0.44381 0.487667 
vt 0.444969 0.490084 
vt 0.489746 0.453593 
vt 0.490303 0.449926 
vt 0.42102 0.5315 
vt 0.422637 0.533083 
vt 0.409542 0.573501 
vt 0.410264 0.577306 
vt 0.514992 0.438603 
vt 0.025358 0.548643 
vt 0.025358 0.468527 
vt 0.074809 0.48609 
vt 0.074809 0.560351 
vt 0.137222 0.509442 
vt 0.137222 0.57592 
vt 0.180478 0.526858 
vt 0.180478 0.58753 
vt 0.222563 0.597455 
vt 0.222563 0.541745 
vt 0.277801 0.56219 
vt 0.277801 0.611085 
vt 0.343773 0.618462 
vt 0.343773 0.573256 
vt 0.377211 0.585083 
vt 0.377211 0.626347 
vt 0.502304 0.651966 
vt 0.502304 0.623513 
vt 0.556678 0.640177 
vt 0.556678 0.663076 
vt 0.025358 0.628759 
vt 0.074809 0.634613 
vt 0.137222 0.642396 
vt 0.180478 0.648202 
vt 0.222563 0.653164 
vt 0.277801 0.65998 
vt 0.343773 0.663668 
vt 0.377211 0.66761 
vt 0.502304 0.68042 
vt 0.556678 0.685975 
vt 0.025358 0.708874 
vt 0.074809 0.708874 
vt 0.137222 0.708874 
vt 0.180478 0.708874 
vt 0.222563 0.708874 
vt 0.277801 0.708874 
vt 0.343773 0.708874 
vt 0.377211 0.708874 
vt 0.502304 0.708874 
vt 0.556678 0.708874 
vt 0.074809 0.783135 
vt 0.025358 0.788989 
vt 0.137222 0.775351 
vt 0.180478 0.769546 
vt 0.277801 0.757768 
vt 0.222563 0.764583 
vt 0.377211 0.750138 
vt 0.343773 0.75408 
vt 0.556678 0.731773 
vt 0.502304 0.737327 
vt 0.074809 0.857397 
vt 0.025358 0.869105 
vt 0.137222 0.841828 
vt 0.180478 0.830218 
vt 0.277801 0.806663 
vt 0.222563 0.820293 
vt 0.377211 0.791401 
vt 0.343773 0.799286 
vt 0.556678 0.754672 
vt 0.502304 0.765782 
vt 0.074809 0.931658 
vt 0.025358 0.949221 
vt 0.137222 0.908306 
vt 0.180478 0.890889 
vt 0.277801 0.855557 
vt 0.222563 0.876003 
vt 0.377211 0.832665 
vt 0.343773 0.844492 
vt 0.556678 0.777571 
vt 0.502304 0.794235 
vt 0.025358 0.949221 
vt 0.025358 0.949221 
vt 0.074809 0.931658 
vt 0.074809 0.931658 
vt 0.137222 0.908306 
vt 0.137222 0.908306 
vt 0.180478 0.890889 
vt 0.180478 0.890889 
vt 0.222563 0.876003 
vt 0.222563 0.876003 
vt 0.277801 0.855557 
vt 0.277801 0.855557 
vt 0.343773 0.844492 
vt 0.343773 0.844492 
vt 0.377211 0.832665 
vt 0.377211 0.832665 
vt 0.556678 0.777571 
vt 0.556678 0.777571 
vt 0.502304 0.794235 
vt 0.502304 0.794235 
vt 0.074809 0.931658 
vt 0.025358 0.949221 
vt 0.137222 0.908306 
vt 0.180478 0.890889 
vt 0.277801 0.855557 
vt 0.222563 0.876003 
vt 0.377211 0.832665 
vt 0.343773 0.844492 
vt 0.556678 0.777571 
vt 0.502304 0.794235 
vt 0.025358 0.869105 
vt 0.074809 0.857397 
vt 0.137222 0.841828 
vt 0.180478 0.830218 
vt 0.222563 0.820293 
vt 0.277801 0.806663 
vt 0.343773 0.799286 
vt 0.377211 0.791401 
vt 0.502304 0.765782 
vt 0.556678 0.754672 
vt 0.025358 0.788989 
vt 0.074809 0.783135 
vt 0.137222 0.775351 
vt 0.180478 0.769546 
vt 0.222563 0.764583 
vt 0.277801 0.757768 
vt 0.343773 0.75408 
vt 0.377211 0.750138 
vt 0.502304 0.737327 
vt 0.556678 0.731773 
vt 0.025358 0.708874 
vt 0.074809 0.708874 
vt 0.137222 0.708874 
vt 0.180478 0.708874 
vt 0.222563 0.708874 
vt 0.277801 0.708874 
vt 0.343773 0.708874 
vt 0.377211 0.708874 
vt 0.502304 0.708874 
vt 0.556678 0.708874 
vt 0.074809 0.634613 
vt 0.025358 0.628759 
vt 0.137222 0.642396 
vt 0.180478 0.648202 
vt 0.277801 0.65998 
vt 0.222563 0.653164 
vt 0.377211 0.66761 
vt 0.343773 0.663668 
vt 0.556678 0.685975 
vt 0.502304 0.68042 
vt 0.074809 0.560351 
vt 0.025358 0.548643 
vt 0.137222 0.57592 
vt 0.180478 0.58753 
vt 0.277801 0.611084 
vt 0.222563 0.597455 
vt 0.377211 0.626347 
vt 0.343773 0.618462 
vt 0.556678 0.663076 
vt 0.502304 0.651966 
vt 0.074809 0.48609 
vt 0.025358 0.468527 
vt 0.137222 0.509442 
vt 0.180478 0.526858 
vt 0.277801 0.56219 
vt 0.222563 0.541745 
vt 0.377211 0.585083 
vt 0.343773 0.573256 
vt 0.556678 0.640177 
vt 0.502304 0.623513 
vt 0.025358 0.468527 
vt 0.074809 0.48609 
vt 0.137222 0.509442 
vt 0.180478 0.526858 
vt 0.222563 0.541745 
vt 0.277801 0.56219 
vt 0.343773 0.573256 
vt 0.377211 0.585083 
vt 0.556678 0.640177 
vt 0.502304 0.623513 
vt 0.712816 0.685919 
vt 0.712816 0.69357 
vt 0.712816 0.69357 
vt 0.712816 0.685919 
vt 0.712816 0.69357 
vt 0.712816 0.685919 
vt 0.712816 0.701222 
vt 0.712816 0.701222 
vt 0.712816 0.701222 
vt 0.712816 0.708874 
vt 0.712816 0.708874 
vt 0.712816 0.708874 
vt 0.712816 0.716526 
vt 0.712816 0.716526 
vt 0.712816 0.716526 
vt 0.712816 0.724177 
vt 0.712816 0.724177 
vt 0.712816 0.724177 
vt 0.712816 0.731829 
vt 0.712816 0.731829 
vt 0.712816 0.731829 
vt 0.025358 0.548643 
vt 0.025358 0.548643 
vt 0.025358 0.468527 
vt 0.025358 0.468527 
vt 0.025358 0.468527 
vt 0.025358 0.548643 
vt 0.025358 0.628759 
vt 0.025358 0.628759 
vt 0.025358 0.628759 
vt 0.025358 0.708874 
vt 0.025358 0.708874 
vt 0.025358 0.708874 
vt 0.025358 0.788989 
vt 0.025358 0.788989 
vt 0.025358 0.788989 
vt 0.025358 0.869105 
vt 0.025358 0.869105 
vt 0.025358 0.869105 
vt 0.025358 0.949221 
vt 0.025358 0.949221 
vt 0.025358 0.949221 
vt 0.460927 0.806158 
vt 0.418934 0.818978 
vt 0.418934 0.782276 
vt 0.460927 0.77373 
vt 0.418934 0.818978 
vt 0.418934 0.818978 
vt 0.460927 0.806158 
vt 0.460927 0.806158 
vt 0.460927 0.806158 
vt 0.418934 0.818978 
vt 0.460927 0.77373 
vt 0.418934 0.782276 
vt 0.460927 0.741302 
vt 0.418934 0.745575 
vt 0.460927 0.708874 
vt 0.418934 0.708874 
vt 0.460927 0.676445 
vt 0.418934 0.672173 
vt 0.460927 0.644018 
vt 0.418934 0.635471 
vt 0.460927 0.61159 
vt 0.418934 0.59877 
vt 0.418934 0.59877 
vt 0.460927 0.61159 
vt 0.460927 0.61159 
vt 0.418934 0.59877 
vt 0.460927 0.644018 
vt 0.418934 0.635471 
vt 0.460927 0.676445 
vt 0.418934 0.672173 
vt 0.460927 0.708874 
vt 0.418934 0.708874 
vt 0.460927 0.741302 
vt 0.418934 0.745575 
vt 0.593747 0.747318 
vt 0.593747 0.76654 
vt 0.593747 0.76654 
vt 0.593747 0.76654 
vt 0.593747 0.76654 
vt 0.593747 0.747318 
vt 0.593747 0.728095 
vt 0.593747 0.708874 
vt 0.593747 0.689652 
vt 0.593747 0.67043 
vt 0.593747 0.651208 
vt 0.593747 0.651208 
vt 0.593747 0.651208 
vt 0.593747 0.67043 
vt 0.593747 0.689652 
vt 0.593747 0.708874 
vt 0.593747 0.728095 
vt 0.628542 0.756328 
vt 0.628542 0.740511 
vt 0.668791 0.732696 
vt 0.668791 0.744607 
vt 0.668791 0.744607 
vt 0.668791 0.744607 
vt 0.628542 0.756328 
vt 0.628542 0.756328 
vt 0.668791 0.744607 
vt 0.628542 0.756328 
vt 0.668791 0.732696 
vt 0.628542 0.74051 
vt 0.668791 0.720785 
vt 0.628542 0.724692 
vt 0.668791 0.708874 
vt 0.628542 0.708874 
vt 0.668791 0.696963 
vt 0.628542 0.693056 
vt 0.668791 0.685052 
vt 0.628542 0.677237 
vt 0.668791 0.673141 
vt 0.628542 0.661419 
vt 0.668791 0.673141 
vt 0.628542 0.661419 
vt 0.668791 0.673141 
vt 0.628542 0.661419 
vt 0.668791 0.685052 
vt 0.628542 0.677237 
vt 0.668791 0.696963 
vt 0.628542 0.693056 
vt 0.668791 0.708874 
vt 0.628542 0.708874 
vt 0.668791 0.720785 
vt 0.628542 0.724692 
vt 0.692932 0.737598 
vt 0.692932 0.728024 
vt 0.692932 0.737598 
vt 0.692932 0.737598 
vt 0.692932 0.737598 
vt 0.692932 0.728024 
vt 0.692932 0.718448 
vt 0.692932 0.708874 
vt 0.692932 0.699299 
vt 0.692932 0.689724 
vt 0.692932 0.68015 
vt 0.692932 0.68015 
vt 0.692932 0.68015 
vt 0.692932 0.689724 
vt 0.692932 0.699299 
vt 0.692932 0.708874 
vt 0.692932 0.718448 

usemtl Lance1Mtl

f 1391/1391/1391 1392/1392/1392 1393/1393/1393 
f 1394/1394/1394 1391/1391/1391 1393/1393/1393 
f 1395/1395/1395 1394/1394/1394 1393/1393/1393 
f 1396/1396/1396 1395/1395/1395 1393/1393/1393 
f 1397/1397/1397 1396/1396/1396 1393/1393/1393 
f 1398/1398/1398 1397/1397/1397 1393/1393/1393 
f 1399/1399/1399 1398/1398/1398 1393/1393/1393 
f 1400/1400/1400 1399/1399/1399 1393/1393/1393 
f 1401/1401/1401 1400/1400/1400 1393/1393/1393 
f 1392/1392/1392 1401/1401/1401 1393/1393/1393 
f 1402/1402/1402 1403/1403/1403 1404/1404/1404 
f 1404/1404/1404 1405/1405/1405 1402/1402/1402 
f 1406/1406/1406 1407/1407/1407 1403/1403/1403 
f 1403/1403/1403 1402/1402/1402 1406/1406/1406 
f 1408/1408/1408 1409/1409/1409 1410/1410/1410 
f 1410/1410/1410 1411/1411/1411 1408/1408/1408 
f 1412/1412/1412 1413/1413/1413 1409/1409/1409 
f 1409/1409/1409 1408/1408/1408 1412/1412/1412 
f 1414/1414/1414 1415/1415/1415 1413/1413/1413 
f 1413/1413/1413 1412/1412/1412 1414/1414/1414 
f 1416/1416/1416 1417/1417/1417 1415/1415/1415 
f 1415/1415/1415 1414/1414/1414 1416/1416/1416 
f 1418/1418/1418 1419/1419/1419 1417/1417/1417 
f 1417/1417/1417 1416/1416/1416 1418/1418/1418 
f 1420/1420/1420 1421/1421/1421 1419/1419/1419 
f 1419/1419/1419 1418/1418/1418 1420/1420/1420 
f 1422/1422/1422 1423/1423/1423 1421/1421/1421 
f 1421/1421/1421 1420/1420/1420 1422/1422/1422 
f 1405/1405/1405 1404/1404/1404 1423/1423/1423 
f 1423/1423/1423 1422/1422/1422 1405/1405/1405 
f 1424/1424/1424 1425/1425/1425 1426/1426/1426 
f 1426/1426/1426 1427/1427/1427 1424/1424/1424 
f 1424/1424/1424 1428/1428/1428 1429/1429/1429 
f 1429/1429/1429 1425/1425/1425 1424/1424/1424 
f 1430/1430/1430 1431/1431/1431 1432/1432/1432 
f 1432/1432/1432 1433/1433/1433 1430/1430/1430 
f 1434/1434/1434 1435/1435/1435 1431/1431/1431 
f 1431/1431/1431 1430/1430/1430 1434/1434/1434 
f 1436/1436/1436 1437/1437/1437 1435/1435/1435 
f 1435/1435/1435 1434/1434/1434 1436/1436/1436 
f 1438/1438/1438 1439/1439/1439 1437/1437/1437 
f 1437/1437/1437 1436/1436/1436 1438/1438/1438 
f 1440/1440/1440 1441/1441/1441 1439/1439/1439 
f 1439/1439/1439 1438/1438/1438 1440/1440/1440 
f 1442/1442/1442 1443/1443/1443 1441/1441/1441 
f 1441/1441/1441 1440/1440/1440 1442/1442/1442 
f 1444/1444/1444 1445/1445/1445 1443/1443/1443 
f 1443/1443/1443 1442/1442/1442 1444/1444/1444 
f 1427/1427/1427 1426/1426/1426 1445/1445/1445 
f 1445/1445/1445 1444/1444/1444 1427/1427/1427 
f 1446/1446/1446 1447/1447/1447 1448/1448/1448 
f 1448/1448/1448 1449/1449/1449 1446/1446/1446 
f 1450/1450/1450 1451/1451/1451 1447/1447/1447 
f 1447/1447/1447 1446/1446/1446 1450/1450/1450 
f 1452/1452/1452 1453/1453/1453 1454/1454/1454 
f 1454/1454/1454 1455/1455/1455 1452/1452/1452 
f 1456/1456/1456 1457/1457/1457 1453/1453/1453 
f 1453/1453/1453 1452/1452/1452 1456/1456/1456 
f 1458/1458/1458 1459/1459/1459 1457/1457/1457 
f 1457/1457/1457 1456/1456/1456 1458/1458/1458 
f 1460/1460/1460 1461/1461/1461 1459/1459/1459 
f 1459/1459/1459 1458/1458/1458 1460/1460/1460 
f 1462/1462/1462 1463/1463/1463 1461/1461/1461 
f 1461/1461/1461 1460/1460/1460 1462/1462/1462 
f 1464/1464/1464 1465/1465/1465 1463/1463/1463 
f 1463/1463/1463 1462/1462/1462 1464/1464/1464 
f 1466/1466/1466 1467/1467/1467 1465/1465/1465 
f 1465/1465/1465 1464/1464/1464 1466/1466/1466 
f 1449/1449/1449 1448/1448/1448 1467/1467/1467 
f 1467/1467/1467 1466/1466/1466 1449/1449/1449 
f 1468/1468/1468 1469/1469/1469 1470/1470/1470 
f 1470/1470/1470 1471/1471/1471 1468/1468/1468 
f 1472/1472/1472 1470/1470/1470 1469/1469/1469 
f 1469/1469/1469 1473/1473/1473 1472/1472/1472 
f 1474/1474/1474 1472/1472/1472 1473/1473/1473 
f 1473/1473/1473 1475/1475/1475 1474/1474/1474 
f 1476/1476/1476 1468/1468/1468 1471/1471/1471 
f 1471/1471/1471 1477/1477/1477 1476/1476/1476 
f 1478/1478/1478 1474/1474/1474 1475/1475/1475 
f 1475/1475/1475 1479/1479/1479 1478/1478/1478 
f 1480/1480/1480 1478/1478/1478 1479/1479/1479 
f 1479/1479/1479 1481/1481/1481 1480/1480/1480 
f 1482/1482/1482 1480/1480/1480 1481/1481/1481 
f 1481/1481/1481 1483/1483/1483 1482/1482/1482 
f 1484/1484/1484 1482/1482/1482 1483/1483/1483 
f 1483/1483/1483 1485/1485/1485 1484/1484/1484 
f 1486/1486/1486 1484/1484/1484 1485/1485/1485 
f 1485/1485/1485 1487/1487/1487 1486/1486/1486 
f 1477/1477/1477 1486/1486/1486 1487/1487/1487 
f 1487/1487/1487 1476/1476/1476 1477/1477/1477 
f 1488/1488/1488 1489/1489/1489 1490/1490/1490 
f 1490/1490/1490 1491/1491/1491 1488/1488/1488 
f 1492/1492/1492 1490/1490/1490 1489/1489/1489 
f 1489/1489/1489 1493/1493/1493 1492/1492/1492 
f 1494/1494/1494 1488/1488/1488 1491/1491/1491 
f 1491/1491/1491 1495/1495/1495 1494/1494/1494 
f 1496/1496/1496 1497/1497/1497 1498/1498/1498 
f 1498/1498/1498 1499/1499/1499 1496/1496/1496 
f 1500/1500/1500 1496/1496/1496 1499/1499/1499 
f 1499/1499/1499 1501/1501/1501 1500/1500/1500 
f 1502/1502/1502 1500/1500/1500 1501/1501/1501 
f 1501/1501/1501 1503/1503/1503 1502/1502/1502 
f 1504/1504/1504 1502/1502/1502 1503/1503/1503 
f 1503/1503/1503 1505/1505/1505 1504/1504/1504 
f 1506/1506/1506 1504/1504/1504 1505/1505/1505 
f 1505/1505/1505 1507/1507/1507 1506/1506/1506 
f 1508/1508/1508 1509/1509/1509 1506/1506/1506 
f 1506/1506/1506 1507/1507/1507 1508/1508/1508 
f 1493/1493/1493 1509/1509/1509 1508/1508/1508 
f 1508/1508/1508 1492/1492/1492 1493/1493/1493 
f 1510/1510/1510 1511/1511/1511 1512/1512/1512 
f 1512/1512/1512 1513/1513/1513 1510/1510/1510 
f 1514/1514/1514 1512/1512/1512 1511/1511/1511 
f 1511/1511/1511 1515/1515/1515 1514/1514/1514 
f 1516/1516/1516 1514/1514/1514 1515/1515/1515 
f 1515/1515/1515 1517/1517/1517 1516/1516/1516 
f 1518/1518/1518 1516/1516/1516 1517/1517/1517 
f 1517/1517/1517 1519/1519/1519 1518/1518/1518 
f 1520/1520/1520 1518/1518/1518 1519/1519/1519 
f 1519/1519/1519 1521/1521/1521 1520/1520/1520 
f 1522/1522/1522 1520/1520/1520 1521/1521/1521 
f 1521/1521/1521 1523/1523/1523 1522/1522/1522 
f 1524/1524/1524 1522/1522/1522 1523/1523/1523 
f 1523/1523/1523 1525/1525/1525 1524/1524/1524 
f 1526/1526/1526 1524/1524/1524 1525/1525/1525 
f 1525/1525/1525 1527/1527/1527 1526/1526/1526 
f 1528/1528/1528 1526/1526/1526 1527/1527/1527 
f 1527/1527/1527 1529/1529/1529 1528/1528/1528 
f 1513/1513/1513 1528/1528/1528 1529/1529/1529 
f 1529/1529/1529 1510/1510/1510 1513/1513/1513 
f 1530/1530/1530 1531/1531/1531 1504/1504/1504 
f 1504/1504/1504 1506/1506/1506 1530/1530/1530 
f 1531/1531/1531 1532/1532/1532 1502/1502/1502 
f 1502/1502/1502 1504/1504/1504 1531/1531/1531 
f 1532/1532/1532 1533/1533/1533 1500/1500/1500 
f 1500/1500/1500 1502/1502/1502 1532/1532/1532 
f 1533/1533/1533 1534/1534/1534 1496/1496/1496 
f 1496/1496/1496 1500/1500/1500 1533/1533/1533 
f 1534/1534/1534 1535/1535/1535 1497/1497/1497 
f 1497/1497/1497 1496/1496/1496 1534/1534/1534 
f 1536/1536/1536 1537/1537/1537 1488/1488/1488 
f 1488/1488/1488 1494/1494/1494 1536/1536/1536 
f 1537/1537/1537 1538/1538/1538 1489/1489/1489 
f 1489/1489/1489 1488/1488/1488 1537/1537/1537 
f 1539/1539/1539 1493/1493/1493 1489/1489/1489 
f 1489/1489/1489 1538/1538/1538 1539/1539/1539 
f 1493/1493/1493 1539/1539/1539 1540/1540/1540 
f 1540/1540/1540 1509/1509/1509 1493/1493/1493 
f 1540/1540/1540 1530/1530/1530 1506/1506/1506 
f 1506/1506/1506 1509/1509/1509 1540/1540/1540 
f 1476/1476/1476 1487/1487/1487 1515/1515/1515 
f 1515/1515/1515 1511/1511/1511 1476/1476/1476 
f 1487/1487/1487 1485/1485/1485 1517/1517/1517 
f 1517/1517/1517 1515/1515/1515 1487/1487/1487 
f 1485/1485/1485 1483/1483/1483 1519/1519/1519 
f 1519/1519/1519 1517/1517/1517 1485/1485/1485 
f 1483/1483/1483 1481/1481/1481 1521/1521/1521 
f 1521/1521/1521 1519/1519/1519 1483/1483/1483 
f 1481/1481/1481 1479/1479/1479 1523/1523/1523 
f 1523/1523/1523 1521/1521/1521 1481/1481/1481 
f 1479/1479/1479 1475/1475/1475 1525/1525/1525 
f 1525/1525/1525 1523/1523/1523 1479/1479/1479 
f 1475/1475/1475 1473/1473/1473 1527/1527/1527 
f 1527/1527/1527 1525/1525/1525 1475/1475/1475 
f 1473/1473/1473 1469/1469/1469 1529/1529/1529 
f 1529/1529/1529 1527/1527/1527 1473/1473/1473 
f 1468/1468/1468 1510/1510/1510 1529/1529/1529 
f 1529/1529/1529 1469/1469/1469 1468/1468/1468 
f 1468/1468/1468 1476/1476/1476 1511/1511/1511 
f 1511/1511/1511 1510/1510/1510 1468/1468/1468 
f 1541/1541/1541 1420/1420/1420 1418/1418/1418 
f 1418/1418/1418 1542/1542/1542 1541/1541/1541 
f 1543/1543/1543 1422/1422/1422 1420/1420/1420 
f 1420/1420/1420 1541/1541/1541 1543/1543/1543 
f 1544/1544/1544 1405/1405/1405 1422/1422/1422 
f 1422/1422/1422 1543/1543/1543 1544/1544/1544 
f 1545/1545/1545 1402/1402/1402 1405/1405/1405 
f 1405/1405/1405 1544/1544/1544 1545/1545/1545 
f 1546/1546/1546 1406/1406/1406 1402/1402/1402 
f 1402/1402/1402 1545/1545/1545 1546/1546/1546 
f 1547/1547/1547 1408/1408/1408 1411/1411/1411 
f 1411/1411/1411 1548/1548/1548 1547/1547/1547 
f 1549/1549/1549 1412/1412/1412 1408/1408/1408 
f 1408/1408/1408 1547/1547/1547 1549/1549/1549 
f 1550/1550/1550 1414/1414/1414 1412/1412/1412 
f 1412/1412/1412 1549/1549/1549 1550/1550/1550 
f 1551/1551/1551 1416/1416/1416 1414/1414/1414 
f 1414/1414/1414 1550/1550/1550 1551/1551/1551 
f 1542/1542/1542 1418/1418/1418 1416/1416/1416 
f 1416/1416/1416 1551/1551/1551 1542/1542/1542 
f 1552/1552/1552 1553/1553/1553 1554/1554/1554 
f 1554/1554/1554 1555/1555/1555 1552/1552/1552 
f 1555/1555/1555 1554/1554/1554 1556/1556/1556 
f 1556/1556/1556 1557/1557/1557 1555/1555/1555 
f 1557/1557/1557 1556/1556/1556 1558/1558/1558 
f 1558/1558/1558 1559/1559/1559 1557/1557/1557 
f 1559/1559/1559 1558/1558/1558 1560/1560/1560 
f 1560/1560/1560 1561/1561/1561 1559/1559/1559 
f 1561/1561/1561 1560/1560/1560 1562/1562/1562 
f 1562/1562/1562 1563/1563/1563 1561/1561/1561 
f 1564/1564/1564 1565/1565/1565 1566/1566/1566 
f 1566/1566/1566 1567/1567/1567 1564/1564/1564 
f 1567/1567/1567 1566/1566/1566 1568/1568/1568 
f 1568/1568/1568 1569/1569/1569 1567/1567/1567 
f 1569/1569/1569 1568/1568/1568 1570/1570/1570 
f 1570/1570/1570 1571/1571/1571 1569/1569/1569 
f 1571/1571/1571 1570/1570/1570 1572/1572/1572 
f 1572/1572/1572 1573/1573/1573 1571/1571/1571 
f 1573/1573/1573 1572/1572/1572 1553/1553/1553 
f 1553/1553/1553 1552/1552/1552 1573/1573/1573 
f 1463/1463/1463 1552/1552/1552 1555/1555/1555 
f 1555/1555/1555 1461/1461/1461 1463/1463/1463 
f 1461/1461/1461 1555/1555/1555 1557/1557/1557 
f 1557/1557/1557 1459/1459/1459 1461/1461/1461 
f 1459/1459/1459 1557/1557/1557 1559/1559/1559 
f 1559/1559/1559 1457/1457/1457 1459/1459/1459 
f 1457/1457/1457 1559/1559/1559 1561/1561/1561 
f 1561/1561/1561 1453/1453/1453 1457/1457/1457 
f 1453/1453/1453 1561/1561/1561 1563/1563/1563 
f 1563/1563/1563 1454/1454/1454 1453/1453/1453 
f 1451/1451/1451 1564/1564/1564 1567/1567/1567 
f 1567/1567/1567 1447/1447/1447 1451/1451/1451 
f 1447/1447/1447 1567/1567/1567 1569/1569/1569 
f 1569/1569/1569 1448/1448/1448 1447/1447/1447 
f 1448/1448/1448 1569/1569/1569 1571/1571/1571 
f 1571/1571/1571 1467/1467/1467 1448/1448/1448 
f 1467/1467/1467 1571/1571/1571 1573/1573/1573 
f 1573/1573/1573 1465/1465/1465 1467/1467/1467 
f 1465/1465/1465 1573/1573/1573 1552/1552/1552 
f 1552/1552/1552 1463/1463/1463 1465/1465/1465 
f 1574/1574/1574 1575/1575/1575 1576/1576/1576 
f 1576/1576/1576 1577/1577/1577 1574/1574/1574 
f 1578/1578/1578 1579/1579/1579 1575/1575/1575 
f 1575/1575/1575 1574/1574/1574 1578/1578/1578 
f 1580/1580/1580 1581/1581/1581 1579/1579/1579 
f 1579/1579/1579 1578/1578/1578 1580/1580/1580 
f 1582/1582/1582 1583/1583/1583 1581/1581/1581 
f 1581/1581/1581 1580/1580/1580 1582/1582/1582 
f 1584/1584/1584 1585/1585/1585 1583/1583/1583 
f 1583/1583/1583 1582/1582/1582 1584/1584/1584 
f 1586/1586/1586 1587/1587/1587 1588/1588/1588 
f 1588/1588/1588 1589/1589/1589 1586/1586/1586 
f 1590/1590/1590 1591/1591/1591 1587/1587/1587 
f 1587/1587/1587 1586/1586/1586 1590/1590/1590 
f 1592/1592/1592 1593/1593/1593 1591/1591/1591 
f 1591/1591/1591 1590/1590/1590 1592/1592/1592 
f 1594/1594/1594 1595/1595/1595 1593/1593/1593 
f 1593/1593/1593 1592/1592/1592 1594/1594/1594 
f 1596/1596/1596 1597/1597/1597 1595/1595/1595 
f 1595/1595/1595 1594/1594/1594 1596/1596/1596 
f 1575/1575/1575 1598/1598/1598 1599/1599/1599 
f 1599/1599/1599 1576/1576/1576 1575/1575/1575 
f 1579/1579/1579 1600/1600/1600 1598/1598/1598 
f 1598/1598/1598 1575/1575/1575 1579/1579/1579 
f 1581/1581/1581 1601/1601/1601 1600/1600/1600 
f 1600/1600/1600 1579/1579/1579 1581/1581/1581 
f 1583/1583/1583 1602/1602/1602 1601/1601/1601 
f 1601/1601/1601 1581/1581/1581 1583/1583/1583 
f 1585/1585/1585 1603/1603/1603 1602/1602/1602 
f 1602/1602/1602 1583/1583/1583 1585/1585/1585 
f 1587/1587/1587 1604/1604/1604 1605/1605/1605 
f 1605/1605/1605 1588/1588/1588 1587/1587/1587 
f 1591/1591/1591 1606/1606/1606 1604/1604/1604 
f 1604/1604/1604 1587/1587/1587 1591/1591/1591 
f 1593/1593/1593 1607/1607/1607 1606/1606/1606 
f 1606/1606/1606 1591/1591/1591 1593/1593/1593 
f 1595/1595/1595 1608/1608/1608 1607/1607/1607 
f 1607/1607/1607 1593/1593/1593 1595/1595/1595 
f 1597/1597/1597 1609/1609/1609 1608/1608/1608 
f 1608/1608/1608 1595/1595/1595 1597/1597/1597 
f 1598/1598/1598 1610/1610/1610 1611/1611/1611 
f 1611/1611/1611 1599/1599/1599 1598/1598/1598 
f 1600/1600/1600 1612/1612/1612 1610/1610/1610 
f 1610/1610/1610 1598/1598/1598 1600/1600/1600 
f 1601/1601/1601 1613/1613/1613 1612/1612/1612 
f 1612/1612/1612 1600/1600/1600 1601/1601/1601 
f 1602/1602/1602 1614/1614/1614 1613/1613/1613 
f 1613/1613/1613 1601/1601/1601 1602/1602/1602 
f 1603/1603/1603 1615/1615/1615 1614/1614/1614 
f 1614/1614/1614 1602/1602/1602 1603/1603/1603 
f 1604/1604/1604 1616/1616/1616 1617/1617/1617 
f 1617/1617/1617 1605/1605/1605 1604/1604/1604 
f 1606/1606/1606 1618/1618/1618 1616/1616/1616 
f 1616/1616/1616 1604/1604/1604 1606/1606/1606 
f 1607/1607/1607 1619/1619/1619 1618/1618/1618 
f 1618/1618/1618 1606/1606/1606 1607/1607/1607 
f 1608/1608/1608 1620/1620/1620 1619/1619/1619 
f 1619/1619/1619 1607/1607/1607 1608/1608/1608 
f 1609/1609/1609 1621/1621/1621 1620/1620/1620 
f 1620/1620/1620 1608/1608/1608 1609/1609/1609 
f 1616/1616/1616 1622/1622/1622 1623/1623/1623 
f 1623/1623/1623 1617/1617/1617 1616/1616/1616 
f 1618/1618/1618 1624/1624/1624 1622/1622/1622 
f 1622/1622/1622 1616/1616/1616 1618/1618/1618 
f 1619/1619/1619 1625/1625/1625 1624/1624/1624 
f 1624/1624/1624 1618/1618/1618 1619/1619/1619 
f 1620/1620/1620 1626/1626/1626 1625/1625/1625 
f 1625/1625/1625 1619/1619/1619 1620/1620/1620 
f 1621/1621/1621 1627/1627/1627 1626/1626/1626 
f 1626/1626/1626 1620/1620/1620 1621/1621/1621 
f 1610/1610/1610 1628/1628/1628 1629/1629/1629 
f 1629/1629/1629 1611/1611/1611 1610/1610/1610 
f 1612/1612/1612 1630/1630/1630 1628/1628/1628 
f 1628/1628/1628 1610/1610/1610 1612/1612/1612 
f 1613/1613/1613 1631/1631/1631 1630/1630/1630 
f 1630/1630/1630 1612/1612/1612 1613/1613/1613 
f 1614/1614/1614 1632/1632/1632 1631/1631/1631 
f 1631/1631/1631 1613/1613/1613 1614/1614/1614 
f 1615/1615/1615 1633/1633/1633 1632/1632/1632 
f 1632/1632/1632 1614/1614/1614 1615/1615/1615 
f 1628/1628/1628 1634/1634/1634 1635/1635/1635 
f 1635/1635/1635 1629/1629/1629 1628/1628/1628 
f 1630/1630/1630 1636/1636/1636 1634/1634/1634 
f 1634/1634/1634 1628/1628/1628 1630/1630/1630 
f 1631/1631/1631 1637/1637/1637 1636/1636/1636 
f 1636/1636/1636 1630/1630/1630 1631/1631/1631 
f 1632/1632/1632 1638/1638/1638 1637/1637/1637 
f 1637/1637/1637 1631/1631/1631 1632/1632/1632 
f 1633/1633/1633 1639/1639/1639 1638/1638/1638 
f 1638/1638/1638 1632/1632/1632 1633/1633/1633 
f 1622/1622/1622 1640/1640/1640 1641/1641/1641 
f 1641/1641/1641 1623/1623/1623 1622/1622/1622 
f 1624/1624/1624 1642/1642/1642 1640/1640/1640 
f 1640/1640/1640 1622/1622/1622 1624/1624/1624 
f 1625/1625/1625 1643/1643/1643 1642/1642/1642 
f 1642/1642/1642 1624/1624/1624 1625/1625/1625 
f 1626/1626/1626 1644/1644/1644 1643/1643/1643 
f 1643/1643/1643 1625/1625/1625 1626/1626/1626 
f 1627/1627/1627 1645/1645/1645 1644/1644/1644 
f 1644/1644/1644 1626/1626/1626 1627/1627/1627 
f 1634/1634/1634 1646/1646/1646 1647/1647/1647 
f 1647/1647/1647 1635/1635/1635 1634/1634/1634 
f 1636/1636/1636 1648/1648/1648 1646/1646/1646 
f 1646/1646/1646 1634/1634/1634 1636/1636/1636 
f 1637/1637/1637 1649/1649/1649 1648/1648/1648 
f 1648/1648/1648 1636/1636/1636 1637/1637/1637 
f 1638/1638/1638 1650/1650/1650 1649/1649/1649 
f 1649/1649/1649 1637/1637/1637 1638/1638/1638 
f 1639/1639/1639 1651/1651/1651 1650/1650/1650 
f 1650/1650/1650 1638/1638/1638 1639/1639/1639 
f 1640/1640/1640 1652/1652/1652 1653/1653/1653 
f 1653/1653/1653 1641/1641/1641 1640/1640/1640 
f 1642/1642/1642 1654/1654/1654 1652/1652/1652 
f 1652/1652/1652 1640/1640/1640 1642/1642/1642 
f 1643/1643/1643 1655/1655/1655 1654/1654/1654 
f 1654/1654/1654 1642/1642/1642 1643/1643/1643 
f 1644/1644/1644 1656/1656/1656 1655/1655/1655 
f 1655/1655/1655 1643/1643/1643 1644/1644/1644 
f 1645/1645/1645 1657/1657/1657 1656/1656/1656 
f 1656/1656/1656 1644/1644/1644 1645/1645/1645 
f 1657/1657/1657 1658/1658/1658 1659/1659/1659 
f 1659/1659/1659 1656/1656/1656 1657/1657/1657 
f 1646/1646/1646 1660/1660/1660 1661/1661/1661 
f 1661/1661/1661 1647/1647/1647 1646/1646/1646 
f 1648/1648/1648 1662/1662/1662 1660/1660/1660 
f 1660/1660/1660 1646/1646/1646 1648/1648/1648 
f 1649/1649/1649 1663/1663/1663 1662/1662/1662 
f 1662/1662/1662 1648/1648/1648 1649/1649/1649 
f 1650/1650/1650 1664/1664/1664 1663/1663/1663 
f 1663/1663/1663 1649/1649/1649 1650/1650/1650 
f 1651/1651/1651 1665/1665/1665 1664/1664/1664 
f 1664/1664/1664 1650/1650/1650 1651/1651/1651 
f 1652/1652/1652 1666/1666/1666 1667/1667/1667 
f 1667/1667/1667 1653/1653/1653 1652/1652/1652 
f 1654/1654/1654 1668/1668/1668 1666/1666/1666 
f 1666/1666/1666 1652/1652/1652 1654/1654/1654 
f 1655/1655/1655 1669/1669/1669 1668/1668/1668 
f 1668/1668/1668 1654/1654/1654 1655/1655/1655 
f 1656/1656/1656 1659/1659/1659 1669/1669/1669 
f 1669/1669/1669 1655/1655/1655 1656/1656/1656 
f 1660/1660/1660 1670/1670/1670 1671/1671/1671 
f 1671/1671/1671 1661/1661/1661 1660/1660/1660 
f 1662/1662/1662 1672/1672/1672 1670/1670/1670 
f 1670/1670/1670 1660/1660/1660 1662/1662/1662 
f 1663/1663/1663 1673/1673/1673 1672/1672/1672 
f 1672/1672/1672 1662/1662/1662 1663/1663/1663 
f 1664/1664/1664 1674/1674/1674 1673/1673/1673 
f 1673/1673/1673 1663/1663/1663 1664/1664/1664 
f 1665/1665/1665 1675/1675/1675 1674/1674/1674 
f 1674/1674/1674 1664/1664/1664 1665/1665/1665 
f 1666/1666/1666 1676/1676/1676 1677/1677/1677 
f 1677/1677/1677 1667/1667/1667 1666/1666/1666 
f 1668/1668/1668 1678/1678/1678 1676/1676/1676 
f 1676/1676/1676 1666/1666/1666 1668/1668/1668 
f 1669/1669/1669 1679/1679/1679 1678/1678/1678 
f 1678/1678/1678 1668/1668/1668 1669/1669/1669 
f 1659/1659/1659 1680/1680/1680 1679/1679/1679 
f 1679/1679/1679 1669/1669/1669 1659/1659/1659 
f 1658/1658/1658 1681/1681/1681 1680/1680/1680 
f 1680/1680/1680 1659/1659/1659 1658/1658/1658 
f 1670/1670/1670 1682/1682/1682 1683/1683/1683 
f 1683/1683/1683 1671/1671/1671 1670/1670/1670 
f 1672/1672/1672 1684/1684/1684 1682/1682/1682 
f 1682/1682/1682 1670/1670/1670 1672/1672/1672 
f 1673/1673/1673 1685/1685/1685 1684/1684/1684 
f 1684/1684/1684 1672/1672/1672 1673/1673/1673 
f 1674/1674/1674 1686/1686/1686 1685/1685/1685 
f 1685/1685/1685 1673/1673/1673 1674/1674/1674 
f 1675/1675/1675 1687/1687/1687 1686/1686/1686 
f 1686/1686/1686 1674/1674/1674 1675/1675/1675 
f 1676/1676/1676 1688/1688/1688 1689/1689/1689 
f 1689/1689/1689 1677/1677/1677 1676/1676/1676 
f 1678/1678/1678 1690/1690/1690 1688/1688/1688 
f 1688/1688/1688 1676/1676/1676 1678/1678/1678 
f 1679/1679/1679 1691/1691/1691 1690/1690/1690 
f 1690/1690/1690 1678/1678/1678 1679/1679/1679 
f 1680/1680/1680 1692/1692/1692 1691/1691/1691 
f 1691/1691/1691 1679/1679/1679 1680/1680/1680 
f 1681/1681/1681 1693/1693/1693 1692/1692/1692 
f 1692/1692/1692 1680/1680/1680 1681/1681/1681 
f 1682/1682/1682 1694/1694/1694 1695/1695/1695 
f 1695/1695/1695 1683/1683/1683 1682/1682/1682 
f 1684/1684/1684 1696/1696/1696 1694/1694/1694 
f 1694/1694/1694 1682/1682/1682 1684/1684/1684 
f 1685/1685/1685 1697/1697/1697 1696/1696/1696 
f 1696/1696/1696 1684/1684/1684 1685/1685/1685 
f 1686/1686/1686 1698/1698/1698 1697/1697/1697 
f 1697/1697/1697 1685/1685/1685 1686/1686/1686 
f 1687/1687/1687 1699/1699/1699 1698/1698/1698 
f 1698/1698/1698 1686/1686/1686 1687/1687/1687 
f 1688/1688/1688 1700/1700/1700 1701/1701/1701 
f 1701/1701/1701 1689/1689/1689 1688/1688/1688 
f 1690/1690/1690 1702/1702/1702 1700/1700/1700 
f 1700/1700/1700 1688/1688/1688 1690/1690/1690 
f 1691/1691/1691 1703/1703/1703 1702/1702/1702 
f 1702/1702/1702 1690/1690/1690 1691/1691/1691 
f 1692/1692/1692 1704/1704/1704 1703/1703/1703 
f 1703/1703/1703 1691/1691/1691 1692/1692/1692 
f 1693/1693/1693 1705/1705/1705 1704/1704/1704 
f 1704/1704/1704 1692/1692/1692 1693/1693/1693 
f 1706/1706/1706 1707/1707/1707 1708/1708/1708 
f 1708/1708/1708 1709/1709/1709 1706/1706/1706 
f 1709/1709/1709 1708/1708/1708 1710/1710/1710 
f 1710/1710/1710 1711/1711/1711 1709/1709/1709 
f 1711/1711/1711 1710/1710/1710 1712/1712/1712 
f 1712/1712/1712 1713/1713/1713 1711/1711/1711 
f 1713/1713/1713 1712/1712/1712 1714/1714/1714 
f 1714/1714/1714 1715/1715/1715 1713/1713/1713 
f 1715/1715/1715 1714/1714/1714 1716/1716/1716 
f 1716/1716/1716 1717/1717/1717 1715/1715/1715 
f 1718/1718/1718 1719/1719/1719 1720/1720/1720 
f 1720/1720/1720 1721/1721/1721 1718/1718/1718 
f 1721/1721/1721 1720/1720/1720 1722/1722/1722 
f 1722/1722/1722 1723/1723/1723 1721/1721/1721 
f 1723/1723/1723 1722/1722/1722 1724/1724/1724 
f 1724/1724/1724 1725/1725/1725 1723/1723/1723 
f 1725/1725/1725 1724/1724/1724 1726/1726/1726 
f 1726/1726/1726 1727/1727/1727 1725/1725/1725 
f 1727/1727/1727 1726/1726/1726 1707/1707/1707 
f 1707/1707/1707 1706/1706/1706 1727/1727/1727 
f 1728/1728/1728 1440/1440/1440 1438/1438/1438 
f 1438/1438/1438 1729/1729/1729 1728/1728/1728 
f 1730/1730/1730 1442/1442/1442 1440/1440/1440 
f 1440/1440/1440 1728/1728/1728 1730/1730/1730 
f 1731/1731/1731 1444/1444/1444 1442/1442/1442 
f 1442/1442/1442 1730/1730/1730 1731/1731/1731 
f 1732/1732/1732 1427/1427/1427 1444/1444/1444 
f 1444/1444/1444 1731/1731/1731 1732/1732/1732 
f 1733/1733/1733 1424/1424/1424 1427/1427/1427 
f 1427/1427/1427 1732/1732/1732 1733/1733/1733 
f 1733/1733/1733 1734/1734/1734 1428/1428/1428 
f 1428/1428/1428 1424/1424/1424 1733/1733/1733 
f 1735/1735/1735 1430/1430/1430 1433/1433/1433 
f 1433/1433/1433 1736/1736/1736 1735/1735/1735 
f 1737/1737/1737 1434/1434/1434 1430/1430/1430 
f 1430/1430/1430 1735/1735/1735 1737/1737/1737 
f 1738/1738/1738 1436/1436/1436 1434/1434/1434 
f 1434/1434/1434 1737/1737/1737 1738/1738/1738 
f 1729/1729/1729 1438/1438/1438 1436/1436/1436 
f 1436/1436/1436 1738/1738/1738 1729/1729/1729 
f 1739/1739/1739 1728/1728/1728 1729/1729/1729 
f 1729/1729/1729 1740/1740/1740 1739/1739/1739 
f 1741/1741/1741 1730/1730/1730 1728/1728/1728 
f 1728/1728/1728 1739/1739/1739 1741/1741/1741 
f 1742/1742/1742 1731/1731/1731 1730/1730/1730 
f 1730/1730/1730 1741/1741/1741 1742/1742/1742 
f 1743/1743/1743 1732/1732/1732 1731/1731/1731 
f 1731/1731/1731 1742/1742/1742 1743/1743/1743 
f 1744/1744/1744 1733/1733/1733 1732/1732/1732 
f 1732/1732/1732 1743/1743/1743 1744/1744/1744 
f 1744/1744/1744 1745/1745/1745 1734/1734/1734 
f 1734/1734/1734 1733/1733/1733 1744/1744/1744 
f 1746/1746/1746 1735/1735/1735 1736/1736/1736 
f 1736/1736/1736 1747/1747/1747 1746/1746/1746 
f 1748/1748/1748 1737/1737/1737 1735/1735/1735 
f 1735/1735/1735 1746/1746/1746 1748/1748/1748 
f 1749/1749/1749 1738/1738/1738 1737/1737/1737 
f 1737/1737/1737 1748/1748/1748 1749/1749/1749 
f 1740/1740/1740 1729/1729/1729 1738/1738/1738 
f 1738/1738/1738 1749/1749/1749 1740/1740/1740 
f 1750/1750/1750 1739/1739/1739 1740/1740/1740 
f 1740/1740/1740 1751/1751/1751 1750/1750/1750 
f 1752/1752/1752 1741/1741/1741 1739/1739/1739 
f 1739/1739/1739 1750/1750/1750 1752/1752/1752 
f 1753/1753/1753 1742/1742/1742 1741/1741/1741 
f 1741/1741/1741 1752/1752/1752 1753/1753/1753 
f 1754/1754/1754 1743/1743/1743 1742/1742/1742 
f 1742/1742/1742 1753/1753/1753 1754/1754/1754 
f 1755/1755/1755 1744/1744/1744 1743/1743/1743 
f 1743/1743/1743 1754/1754/1754 1755/1755/1755 
f 1755/1755/1755 1756/1756/1756 1745/1745/1745 
f 1745/1745/1745 1744/1744/1744 1755/1755/1755 
f 1757/1757/1757 1746/1746/1746 1747/1747/1747 
f 1747/1747/1747 1758/1758/1758 1757/1757/1757 
f 1759/1759/1759 1748/1748/1748 1746/1746/1746 
f 1746/1746/1746 1757/1757/1757 1759/1759/1759 
f 1760/1760/1760 1749/1749/1749 1748/1748/1748 
f 1748/1748/1748 1759/1759/1759 1760/1760/1760 
f 1751/1751/1751 1740/1740/1740 1749/1749/1749 
f 1749/1749/1749 1760/1760/1760 1751/1751/1751 
f 1761/1761/1761 1762/1762/1762 1763/1763/1763 
f 1763/1763/1763 1764/1764/1764 1761/1761/1761 
f 1765/1765/1765 1763/1763/1763 1762/1762/1762 
f 1762/1762/1762 1766/1766/1766 1765/1765/1765 
f 1767/1767/1767 1765/1765/1765 1766/1766/1766 
f 1766/1766/1766 1768/1768/1768 1767/1767/1767 
f 1769/1769/1769 1761/1761/1761 1764/1764/1764 
f 1764/1764/1764 1770/1770/1770 1769/1769/1769 
f 1771/1771/1771 1767/1767/1767 1768/1768/1768 
f 1768/1768/1768 1772/1772/1772 1771/1771/1771 
f 1773/1773/1773 1771/1771/1771 1772/1772/1772 
f 1772/1772/1772 1774/1774/1774 1773/1773/1773 
f 1775/1775/1775 1773/1773/1773 1774/1774/1774 
f 1774/1774/1774 1776/1776/1776 1775/1775/1775 
f 1777/1777/1777 1775/1775/1775 1776/1776/1776 
f 1776/1776/1776 1778/1778/1778 1777/1777/1777 
f 1779/1779/1779 1777/1777/1777 1778/1778/1778 
f 1778/1778/1778 1780/1780/1780 1779/1779/1779 
f 1770/1770/1770 1779/1779/1779 1780/1780/1780 
f 1780/1780/1780 1769/1769/1769 1770/1770/1770 
f 1702/1702/1702 1781/1781/1781 1782/1782/1782 
f 1782/1782/1782 1700/1700/1700 1702/1702/1702 
f 1703/1703/1703 1783/1783/1783 1781/1781/1781 
f 1781/1781/1781 1702/1702/1702 1703/1703/1703 
f 1700/1700/1700 1782/1782/1782 1784/1784/1784 
f 1784/1784/1784 1701/1701/1701 1700/1700/1700 
f 1699/1699/1699 1785/1785/1785 1786/1786/1786 
f 1786/1786/1786 1698/1698/1698 1699/1699/1699 
f 1698/1698/1698 1786/1786/1786 1787/1787/1787 
f 1787/1787/1787 1697/1697/1697 1698/1698/1698 
f 1697/1697/1697 1787/1787/1787 1788/1788/1788 
f 1788/1788/1788 1696/1696/1696 1697/1697/1697 
f 1696/1696/1696 1788/1788/1788 1789/1789/1789 
f 1789/1789/1789 1694/1694/1694 1696/1696/1696 
f 1694/1694/1694 1789/1789/1789 1790/1790/1790 
f 1790/1790/1790 1695/1695/1695 1694/1694/1694 
f 1705/1705/1705 1791/1791/1791 1792/1792/1792 
f 1792/1792/1792 1704/1704/1704 1705/1705/1705 
f 1704/1704/1704 1792/1792/1792 1783/1783/1783 
f 1783/1783/1783 1703/1703/1703 1704/1704/1704 
f 1472/1472/1472 1793/1793/1793 1794/1794/1794 
f 1794/1794/1794 1470/1470/1470 1472/1472/1472 
f 1474/1474/1474 1795/1795/1795 1793/1793/1793 
f 1793/1793/1793 1472/1472/1472 1474/1474/1474 
f 1478/1478/1478 1796/1796/1796 1795/1795/1795 
f 1795/1795/1795 1474/1474/1474 1478/1478/1478 
f 1480/1480/1480 1797/1797/1797 1796/1796/1796 
f 1796/1796/1796 1478/1478/1478 1480/1480/1480 
f 1482/1482/1482 1798/1798/1798 1797/1797/1797 
f 1797/1797/1797 1480/1480/1480 1482/1482/1482 
f 1484/1484/1484 1799/1799/1799 1798/1798/1798 
f 1798/1798/1798 1482/1482/1482 1484/1484/1484 
f 1486/1486/1486 1800/1800/1800 1799/1799/1799 
f 1799/1799/1799 1484/1484/1484 1486/1486/1486 
f 1477/1477/1477 1801/1801/1801 1800/1800/1800 
f 1800/1800/1800 1486/1486/1486 1477/1477/1477 
f 1471/1471/1471 1802/1802/1802 1801/1801/1801 
f 1801/1801/1801 1477/1477/1477 1471/1471/1471 
f 1470/1470/1470 1794/1794/1794 1802/1802/1802 
f 1802/1802/1802 1471/1471/1471 1470/1470/1470 
f 1803/1803/1803 1804/1804/1804 1805/1805/1805 
f 1805/1805/1805 1806/1806/1806 1803/1803/1803 
f 1806/1806/1806 1805/1805/1805 1807/1807/1807 
f 1807/1807/1807 1808/1808/1808 1806/1806/1806 
f 1809/1809/1809 1810/1810/1810 1811/1811/1811 
f 1811/1811/1811 1812/1812/1812 1809/1809/1809 
f 1812/1812/1812 1811/1811/1811 1813/1813/1813 
f 1813/1813/1813 1814/1814/1814 1812/1812/1812 
f 1814/1814/1814 1813/1813/1813 1815/1815/1815 
f 1815/1815/1815 1816/1816/1816 1814/1814/1814 
f 1816/1816/1816 1815/1815/1815 1817/1817/1817 
f 1817/1817/1817 1818/1818/1818 1816/1816/1816 
f 1818/1818/1818 1817/1817/1817 1819/1819/1819 
f 1819/1819/1819 1820/1820/1820 1818/1818/1818 
f 1820/1820/1820 1819/1819/1819 1821/1821/1821 
f 1821/1821/1821 1822/1822/1822 1820/1820/1820 
f 1822/1822/1822 1821/1821/1821 1823/1823/1823 
f 1823/1823/1823 1824/1824/1824 1822/1822/1822 
f 1824/1824/1824 1823/1823/1823 1804/1804/1804 
f 1804/1804/1804 1803/1803/1803 1824/1824/1824 
f 1825/1825/1825 1826/1826/1826 1827/1827/1827 
f 1827/1827/1827 1828/1828/1828 1825/1825/1825 
f 1828/1828/1828 1827/1827/1827 1829/1829/1829 
f 1829/1829/1829 1830/1830/1830 1828/1828/1828 
f 1831/1831/1831 1832/1832/1832 1833/1833/1833 
f 1833/1833/1833 1834/1834/1834 1831/1831/1831 
f 1834/1834/1834 1833/1833/1833 1835/1835/1835 
f 1835/1835/1835 1836/1836/1836 1834/1834/1834 
f 1836/1836/1836 1835/1835/1835 1837/1837/1837 
f 1837/1837/1837 1838/1838/1838 1836/1836/1836 
f 1838/1838/1838 1837/1837/1837 1839/1839/1839 
f 1839/1839/1839 1840/1840/1840 1838/1838/1838 
f 1840/1840/1840 1839/1839/1839 1841/1841/1841 
f 1841/1841/1841 1842/1842/1842 1840/1840/1840 
f 1842/1842/1842 1841/1841/1841 1843/1843/1843 
f 1843/1843/1843 1844/1844/1844 1842/1842/1842 
f 1844/1844/1844 1843/1843/1843 1845/1845/1845 
f 1845/1845/1845 1846/1846/1846 1844/1844/1844 
f 1846/1846/1846 1845/1845/1845 1826/1826/1826 
f 1826/1826/1826 1825/1825/1825 1846/1846/1846 
f 1847/1847/1847 1848/1848/1848 1849/1849/1849 
f 1849/1849/1849 1850/1850/1850 1847/1847/1847 
f 1851/1851/1851 1852/1852/1852 1848/1848/1848 
f 1848/1848/1848 1847/1847/1847 1851/1851/1851 
f 1853/1853/1853 1854/1854/1854 1852/1852/1852 
f 1852/1852/1852 1851/1851/1851 1853/1853/1853 
f 1855/1855/1855 1856/1856/1856 1854/1854/1854 
f 1854/1854/1854 1853/1853/1853 1855/1855/1855 
f 1857/1857/1857 1858/1858/1858 1856/1856/1856 
f 1856/1856/1856 1855/1855/1855 1857/1857/1857 
f 1859/1859/1859 1860/1860/1860 1858/1858/1858 
f 1858/1858/1858 1857/1857/1857 1859/1859/1859 
f 1861/1861/1861 1862/1862/1862 1860/1860/1860 
f 1860/1860/1860 1859/1859/1859 1861/1861/1861 
f 1863/1863/1863 1864/1864/1864 1862/1862/1862 
f 1862/1862/1862 1861/1861/1861 1863/1863/1863 
f 1865/1865/1865 1866/1866/1866 1864/1864/1864 
f 1864/1864/1864 1863/1863/1863 1865/1865/1865 
f 1850/1850/1850 1849/1849/1849 1866/1866/1866 
f 1866/1866/1866 1865/1865/1865 1850/1850/1850 
f 1861/1861/1861 1859/1859/1859 1867/1867/1867 
f 1859/1859/1859 1857/1857/1857 1867/1867/1867 
f 1857/1857/1857 1855/1855/1855 1867/1867/1867 
f 1855/1855/1855 1853/1853/1853 1867/1867/1867 
f 1853/1853/1853 1851/1851/1851 1867/1867/1867 
f 1851/1851/1851 1847/1847/1847 1867/1867/1867 
f 1847/1847/1847 1850/1850/1850 1867/1867/1867 
f 1850/1850/1850 1865/1865/1865 1867/1867/1867 
f 1865/1865/1865 1863/1863/1863 1867/1867/1867 
f 1863/1863/1863 1861/1861/1861 1867/1867/1867 
f 1868/1868/1868 1869/1869/1869 1870/1870/1870 
f 1870/1870/1870 1871/1871/1871 1868/1868/1868 
f 1872/1872/1872 1873/1873/1873 1869/1869/1869 
f 1869/1869/1869 1868/1868/1868 1872/1872/1872 
f 1874/1874/1874 1875/1875/1875 1873/1873/1873 
f 1873/1873/1873 1872/1872/1872 1874/1874/1874 
f 1876/1876/1876 1877/1877/1877 1875/1875/1875 
f 1875/1875/1875 1874/1874/1874 1876/1876/1876 
f 1878/1878/1878 1879/1879/1879 1877/1877/1877 
f 1877/1877/1877 1876/1876/1876 1878/1878/1878 
f 1880/1880/1880 1881/1881/1881 1879/1879/1879 
f 1879/1879/1879 1878/1878/1878 1880/1880/1880 
f 1882/1882/1882 1883/1883/1883 1884/1884/1884 
f 1884/1884/1884 1885/1885/1885 1882/1882/1882 
f 1886/1886/1886 1887/1887/1887 1883/1883/1883 
f 1883/1883/1883 1882/1882/1882 1886/1886/1886 
f 1888/1888/1888 1889/1889/1889 1887/1887/1887 
f 1887/1887/1887 1886/1886/1886 1888/1888/1888 
f 1871/1871/1871 1870/1870/1870 1889/1889/1889 
f 1889/1889/1889 1888/1888/1888 1871/1871/1871 
f 1890/1890/1890 1868/1868/1868 1871/1871/1871 
f 1871/1871/1871 1891/1891/1891 1890/1890/1890 
f 1892/1892/1892 1872/1872/1872 1868/1868/1868 
f 1868/1868/1868 1890/1890/1890 1892/1892/1892 
f 1893/1893/1893 1874/1874/1874 1872/1872/1872 
f 1872/1872/1872 1892/1892/1892 1893/1893/1893 
f 1894/1894/1894 1876/1876/1876 1874/1874/1874 
f 1874/1874/1874 1893/1893/1893 1894/1894/1894 
f 1895/1895/1895 1878/1878/1878 1876/1876/1876 
f 1876/1876/1876 1894/1894/1894 1895/1895/1895 
f 1896/1896/1896 1880/1880/1880 1878/1878/1878 
f 1878/1878/1878 1895/1895/1895 1896/1896/1896 
f 1897/1897/1897 1882/1882/1882 1885/1885/1885 
f 1885/1885/1885 1898/1898/1898 1897/1897/1897 
f 1899/1899/1899 1886/1886/1886 1882/1882/1882 
f 1882/1882/1882 1897/1897/1897 1899/1899/1899 
f 1900/1900/1900 1888/1888/1888 1886/1886/1886 
f 1886/1886/1886 1899/1899/1899 1900/1900/1900 
f 1891/1891/1891 1871/1871/1871 1888/1888/1888 
f 1888/1888/1888 1900/1900/1900 1891/1891/1891 
f 1901/1901/1901 1902/1902/1902 1903/1903/1903 
f 1903/1903/1903 1904/1904/1904 1901/1901/1901 
f 1905/1905/1905 1903/1903/1903 1902/1902/1902 
f 1902/1902/1902 1906/1906/1906 1905/1905/1905 
f 1907/1907/1907 1901/1901/1901 1904/1904/1904 
f 1904/1904/1904 1908/1908/1908 1907/1907/1907 
f 1909/1909/1909 1910/1910/1910 1911/1911/1911 
f 1911/1911/1911 1912/1912/1912 1909/1909/1909 
f 1913/1913/1913 1909/1909/1909 1912/1912/1912 
f 1912/1912/1912 1914/1914/1914 1913/1913/1913 
f 1915/1915/1915 1913/1913/1913 1914/1914/1914 
f 1914/1914/1914 1916/1916/1916 1915/1915/1915 
f 1917/1917/1917 1915/1915/1915 1916/1916/1916 
f 1916/1916/1916 1918/1918/1918 1917/1917/1917 
f 1919/1919/1919 1917/1917/1917 1918/1918/1918 
f 1918/1918/1918 1920/1920/1920 1919/1919/1919 
f 1921/1921/1921 1919/1919/1919 1920/1920/1920 
f 1920/1920/1920 1922/1922/1922 1921/1921/1921 
f 1906/1906/1906 1921/1921/1921 1922/1922/1922 
f 1922/1922/1922 1905/1905/1905 1906/1906/1906 
f 1923/1923/1923 1924/1924/1924 1925/1925/1925 
f 1925/1925/1925 1926/1926/1926 1923/1923/1923 
f 1927/1927/1927 1928/1928/1928 1924/1924/1924 
f 1924/1924/1924 1923/1923/1923 1927/1927/1927 
f 1929/1929/1929 1930/1930/1930 1931/1931/1931 
f 1931/1931/1931 1932/1932/1932 1929/1929/1929 
f 1933/1933/1933 1934/1934/1934 1930/1930/1930 
f 1930/1930/1930 1929/1929/1929 1933/1933/1933 
f 1935/1935/1935 1936/1936/1936 1934/1934/1934 
f 1934/1934/1934 1933/1933/1933 1935/1935/1935 
f 1937/1937/1937 1938/1938/1938 1936/1936/1936 
f 1936/1936/1936 1935/1935/1935 1937/1937/1937 
f 1939/1939/1939 1940/1940/1940 1938/1938/1938 
f 1938/1938/1938 1937/1937/1937 1939/1939/1939 
f 1941/1941/1941 1942/1942/1942 1940/1940/1940 
f 1940/1940/1940 1939/1939/1939 1941/1941/1941 
f 1943/1943/1943 1944/1944/1944 1942/1942/1942 
f 1942/1942/1942 1941/1941/1941 1943/1943/1943 
f 1926/1926/1926 1925/1925/1925 1944/1944/1944 
f 1944/1944/1944 1943/1943/1943 1926/1926/1926 
f 1945/1945/1945 1946/1946/1946 1947/1947/1947 
f 1947/1947/1947 1948/1948/1948 1945/1945/1945 
f 1949/1949/1949 1950/1950/1950 1946/1946/1946 
f 1946/1946/1946 1945/1945/1945 1949/1949/1949 
f 1951/1951/1951 1952/1952/1952 1953/1953/1953 
f 1953/1953/1953 1954/1954/1954 1951/1951/1951 
f 1955/1955/1955 1956/1956/1956 1952/1952/1952 
f 1952/1952/1952 1951/1951/1951 1955/1955/1955 
f 1957/1957/1957 1958/1958/1958 1956/1956/1956 
f 1956/1956/1956 1955/1955/1955 1957/1957/1957 
f 1959/1959/1959 1960/1960/1960 1958/1958/1958 
f 1958/1958/1958 1957/1957/1957 1959/1959/1959 
f 1961/1961/1961 1962/1962/1962 1960/1960/1960 
f 1960/1960/1960 1959/1959/1959 1961/1961/1961 
f 1963/1963/1963 1964/1964/1964 1962/1962/1962 
f 1962/1962/1962 1961/1961/1961 1963/1963/1963 
f 1965/1965/1965 1966/1966/1966 1964/1964/1964 
f 1964/1964/1964 1963/1963/1963 1965/1965/1965 
f 1948/1948/1948 1947/1947/1947 1966/1966/1966 
f 1966/1966/1966 1965/1965/1965 1948/1948/1948 
f 1967/1967/1967 1968/1968/1968 1969/1969/1969 
f 1969/1969/1969 1970/1970/1970 1967/1967/1967 
f 1971/1971/1971 1969/1969/1969 1968/1968/1968 
f 1968/1968/1968 1972/1972/1972 1971/1971/1971 
f 1973/1973/1973 1971/1971/1971 1972/1972/1972 
f 1972/1972/1972 1974/1974/1974 1973/1973/1973 
f 1975/1975/1975 1973/1973/1973 1974/1974/1974 
f 1974/1974/1974 1976/1976/1976 1975/1975/1975 
f 1977/1977/1977 1975/1975/1975 1976/1976/1976 
f 1976/1976/1976 1978/1978/1978 1977/1977/1977 
f 1979/1979/1979 1977/1977/1977 1978/1978/1978 
f 1978/1978/1978 1980/1980/1980 1979/1979/1979 
f 1981/1981/1981 1982/1982/1982 1983/1983/1983 
f 1983/1983/1983 1984/1984/1984 1981/1981/1981 
f 1985/1985/1985 1981/1981/1981 1984/1984/1984 
f 1984/1984/1984 1986/1986/1986 1985/1985/1985 
f 1987/1987/1987 1985/1985/1985 1986/1986/1986 
f 1986/1986/1986 1988/1988/1988 1987/1987/1987 
f 1970/1970/1970 1987/1987/1987 1988/1988/1988 
f 1988/1988/1988 1967/1967/1967 1970/1970/1970 
f 1989/1989/1989 1990/1990/1990 1991/1991/1991 
f 1991/1991/1991 1992/1992/1992 1989/1989/1989 
f 1992/1992/1992 1991/1991/1991 1993/1993/1993 
f 1993/1993/1993 1994/1994/1994 1992/1992/1992 
f 1995/1995/1995 1996/1996/1996 1997/1997/1997 
f 1997/1997/1997 1998/1998/1998 1995/1995/1995 
f 1998/1998/1998 1997/1997/1997 1999/1999/1999 
f 1999/1999/1999 2000/2000/2000 1998/1998/1998 
f 2000/2000/2000 1999/1999/1999 2001/2001/2001 
f 2001/2001/2001 2002/2002/2002 2000/2000/2000 
f 2002/2002/2002 2001/2001/2001 2003/2003/2003 
f 2003/2003/2003 2004/2004/2004 2002/2002/2002 
f 2004/2004/2004 2003/2003/2003 2005/2005/2005 
f 2005/2005/2005 2006/2006/2006 2004/2004/2004 
f 2006/2006/2006 2005/2005/2005 2007/2007/2007 
f 2007/2007/2007 2008/2008/2008 2006/2006/2006 
f 2008/2008/2008 2007/2007/2007 2009/2009/2009 
f 2009/2009/2009 2010/2010/2010 2008/2008/2008 
f 2010/2010/2010 2009/2009/2009 1990/1990/1990 
f 1990/1990/1990 1989/1989/1989 2010/2010/2010 
f 2011/2011/2011 2012/2012/2012 2013/2013/2013 
f 2013/2013/2013 2014/2014/2014 2011/2011/2011 
f 2015/2015/2015 2016/2016/2016 2012/2012/2012 
f 2012/2012/2012 2011/2011/2011 2015/2015/2015 
f 2017/2017/2017 2018/2018/2018 2016/2016/2016 
f 2016/2016/2016 2015/2015/2015 2017/2017/2017 
f 2019/2019/2019 2020/2020/2020 2018/2018/2018 
f 2018/2018/2018 2017/2017/2017 2019/2019/2019 
f 2021/2021/2021 2022/2022/2022 2020/2020/2020 
f 2020/2020/2020 2019/2019/2019 2021/2021/2021 
f 2023/2023/2023 2024/2024/2024 2025/2025/2025 
f 2025/2025/2025 2026/2026/2026 2023/2023/2023 
f 2027/2027/2027 2028/2028/2028 2024/2024/2024 
f 2024/2024/2024 2023/2023/2023 2027/2027/2027 
f 2029/2029/2029 2030/2030/2030 2028/2028/2028 
f 2028/2028/2028 2027/2027/2027 2029/2029/2029 
f 2031/2031/2031 2032/2032/2032 2030/2030/2030 
f 2030/2030/2030 2029/2029/2029 2031/2031/2031 
f 2014/2014/2014 2013/2013/2013 2032/2032/2032 
f 2032/2032/2032 2031/2031/2031 2014/2014/2014 
f 2033/2033/2033 2034/2034/2034 2035/2035/2035 
f 2035/2035/2035 2036/2036/2036 2033/2033/2033 
f 2037/2037/2037 2038/2038/2038 2034/2034/2034 
f 2034/2034/2034 2033/2033/2033 2037/2037/2037 
f 2039/2039/2039 2040/2040/2040 2038/2038/2038 
f 2038/2038/2038 2037/2037/2037 2039/2039/2039 
f 2041/2041/2041 2042/2042/2042 2040/2040/2040 
f 2040/2040/2040 2039/2039/2039 2041/2041/2041 
f 2043/2043/2043 2044/2044/2044 2042/2042/2042 
f 2042/2042/2042 2041/2041/2041 2043/2043/2043 
f 2045/2045/2045 2046/2046/2046 2047/2047/2047 
f 2047/2047/2047 2048/2048/2048 2045/2045/2045 
f 2049/2049/2049 2050/2050/2050 2046/2046/2046 
f 2046/2046/2046 2045/2045/2045 2049/2049/2049 
f 2051/2051/2051 2052/2052/2052 2050/2050/2050 
f 2050/2050/2050 2049/2049/2049 2051/2051/2051 
f 2053/2053/2053 2054/2054/2054 2052/2052/2052 
f 2052/2052/2052 2051/2051/2051 2053/2053/2053 
f 2036/2036/2036 2035/2035/2035 2054/2054/2054 
f 2054/2054/2054 2053/2053/2053 2036/2036/2036 
f 2055/2055/2055 2056/2056/2056 2057/2057/2057 
f 2057/2057/2057 2058/2058/2058 2055/2055/2055 
f 2059/2059/2059 2060/2060/2060 2056/2056/2056 
f 2056/2056/2056 2055/2055/2055 2059/2059/2059 
f 2061/2061/2061 2062/2062/2062 2060/2060/2060 
f 2060/2060/2060 2059/2059/2059 2061/2061/2061 
f 2063/2063/2063 2064/2064/2064 2062/2062/2062 
f 2062/2062/2062 2061/2061/2061 2063/2063/2063 
f 2065/2065/2065 2066/2066/2066 2064/2064/2064 
f 2064/2064/2064 2063/2063/2063 2065/2065/2065 
f 2067/2067/2067 2068/2068/2068 2069/2069/2069 
f 2069/2069/2069 2070/2070/2070 2067/2067/2067 
f 2071/2071/2071 2072/2072/2072 2068/2068/2068 
f 2068/2068/2068 2067/2067/2067 2071/2071/2071 
f 2073/2073/2073 2074/2074/2074 2072/2072/2072 
f 2072/2072/2072 2071/2071/2071 2073/2073/2073 
f 2075/2075/2075 2076/2076/2076 2074/2074/2074 
f 2074/2074/2074 2073/2073/2073 2075/2075/2075 
f 2058/2058/2058 2057/2057/2057 2076/2076/2076 
f 2076/2076/2076 2075/2075/2075 2058/2058/2058 
f 2077/2077/2077 2078/2078/2078 2079/2079/2079 
f 2079/2079/2079 2080/2080/2080 2077/2077/2077 
f 2081/2081/2081 2082/2082/2082 2078/2078/2078 
f 2078/2078/2078 2077/2077/2077 2081/2081/2081 
f 2083/2083/2083 2084/2084/2084 2082/2082/2082 
f 2082/2082/2082 2081/2081/2081 2083/2083/2083 
f 2085/2085/2085 2086/2086/2086 2084/2084/2084 
f 2084/2084/2084 2083/2083/2083 2085/2085/2085 
f 2087/2087/2087 2088/2088/2088 2086/2086/2086 
f 2086/2086/2086 2085/2085/2085 2087/2087/2087 
f 2089/2089/2089 2090/2090/2090 2091/2091/2091 
f 2091/2091/2091 2092/2092/2092 2089/2089/2089 
f 2093/2093/2093 2094/2094/2094 2090/2090/2090 
f 2090/2090/2090 2089/2089/2089 2093/2093/2093 
f 2095/2095/2095 2096/2096/2096 2094/2094/2094 
f 2094/2094/2094 2093/2093/2093 2095/2095/2095 
f 2097/2097/2097 2098/2098/2098 2096/2096/2096 
f 2096/2096/2096 2095/2095/2095 2097/2097/2097 
f 2080/2080/2080 2079/2079/2079 2098/2098/2098 
f 2098/2098/2098 2097/2097/2097 2080/2080/2080 
f 2099/2099/2099 2100/2100/2100 2101/2101/2101 
f 2101/2101/2101 2102/2102/2102 2099/2099/2099 
f 2103/2103/2103 2104/2104/2104 2100/2100/2100 
f 2100/2100/2100 2099/2099/2099 2103/2103/2103 
f 2105/2105/2105 2106/2106/2106 2104/2104/2104 
f 2104/2104/2104 2103/2103/2103 2105/2105/2105 
f 2107/2107/2107 2108/2108/2108 2106/2106/2106 
f 2106/2106/2106 2105/2105/2105 2107/2107/2107 
f 2109/2109/2109 2110/2110/2110 2108/2108/2108 
f 2108/2108/2108 2107/2107/2107 2109/2109/2109 
f 2111/2111/2111 2112/2112/2112 2113/2113/2113 
f 2113/2113/2113 2114/2114/2114 2111/2111/2111 
f 2115/2115/2115 2116/2116/2116 2112/2112/2112 
f 2112/2112/2112 2111/2111/2111 2115/2115/2115 
f 2117/2117/2117 2118/2118/2118 2116/2116/2116 
f 2116/2116/2116 2115/2115/2115 2117/2117/2117 
f 2119/2119/2119 2120/2120/2120 2118/2118/2118 
f 2118/2118/2118 2117/2117/2117 2119/2119/2119 
f 2102/2102/2102 2101/2101/2101 2120/2120/2120 
f 2120/2120/2120 2119/2119/2119 2102/2102/2102 
f 2121/2121/2121 2122/2122/2122 2123/2123/2123 
f 2123/2123/2123 2124/2124/2124 2121/2121/2121 
f 2125/2125/2125 2126/2126/2126 2122/2122/2122 
f 2122/2122/2122 2121/2121/2121 2125/2125/2125 
f 2127/2127/2127 2128/2128/2128 2126/2126/2126 
f 2126/2126/2126 2125/2125/2125 2127/2127/2127 
f 2129/2129/2129 2130/2130/2130 2128/2128/2128 
f 2128/2128/2128 2127/2127/2127 2129/2129/2129 
f 2131/2131/2131 2132/2132/2132 2130/2130/2130 
f 2130/2130/2130 2129/2129/2129 2131/2131/2131 
f 2133/2133/2133 2134/2134/2134 2135/2135/2135 
f 2135/2135/2135 2136/2136/2136 2133/2133/2133 
f 2137/2137/2137 2138/2138/2138 2134/2134/2134 
f 2134/2134/2134 2133/2133/2133 2137/2137/2137 
f 2139/2139/2139 2140/2140/2140 2138/2138/2138 
f 2138/2138/2138 2137/2137/2137 2139/2139/2139 
f 2141/2141/2141 2142/2142/2142 2140/2140/2140 
f 2140/2140/2140 2139/2139/2139 2141/2141/2141 
f 2124/2124/2124 2123/2123/2123 2142/2142/2142 
f 2142/2142/2142 2141/2141/2141 2124/2124/2124 
f 2143/2143/2143 2144/2144/2144 2145/2145/2145 
f 2144/2144/2144 2146/2146/2146 2145/2145/2145 
f 2146/2146/2146 2147/2147/2147 2145/2145/2145 
f 2147/2147/2147 2148/2148/2148 2145/2145/2145 
f 2148/2148/2148 2149/2149/2149 2145/2145/2145 
f 2149/2149/2149 2150/2150/2150 2145/2145/2145 
f 2150/2150/2150 2151/2151/2151 2145/2145/2145 
f 2151/2151/2151 2152/2152/2152 2145/2145/2145 
f 2153/2153/2153 2154/2154/2154 2155/2155/2155 
f 2155/2155/2155 2156/2156/2156 2153/2153/2153 
f 2156/2156/2156 2155/2155/2155 2157/2157/2157 
f 2157/2157/2157 2158/2158/2158 2156/2156/2156 
f 2158/2158/2158 2157/2157/2157 2159/2159/2159 
f 2159/2159/2159 2160/2160/2160 2158/2158/2158 
f 2160/2160/2160 2159/2159/2159 2161/2161/2161 
f 2161/2161/2161 2162/2162/2162 2160/2160/2160 
f 2162/2162/2162 2161/2161/2161 2163/2163/2163 
f 2163/2163/2163 2164/2164/2164 2162/2162/2162 
f 2164/2164/2164 2163/2163/2163 2165/2165/2165 
f 2165/2165/2165 2166/2166/2166 2164/2164/2164 
f 2166/2166/2166 2165/2165/2165 2167/2167/2167 
f 2167/2167/2167 2168/2168/2168 2166/2166/2166 
f 2168/2168/2168 2167/2167/2167 2154/2154/2154 
f 2154/2154/2154 2153/2153/2153 2168/2168/2168 
f 2169/2169/2169 2170/2170/2170 2171/2171/2171 
f 2170/2170/2170 2172/2172/2172 2171/2171/2171 
f 2172/2172/2172 2173/2173/2173 2171/2171/2171 
f 2173/2173/2173 2174/2174/2174 2171/2171/2171 
f 2174/2174/2174 2175/2175/2175 2171/2171/2171 
f 2175/2175/2175 2176/2176/2176 2171/2171/2171 
f 2176/2176/2176 2177/2177/2177 2171/2171/2171 
f 2177/2177/2177 2169/2169/2169 2171/2171/2171 
f 2178/2178/2178 2179/2179/2179 2180/2180/2180 
f 2180/2180/2180 2181/2181/2181 2178/2178/2178 
f 2182/2182/2182 2183/2183/2183 2184/2184/2184 
f 2184/2184/2184 2185/2185/2185 2182/2182/2182 
f 2186/2186/2186 2185/2185/2185 2184/2184/2184 
f 2184/2184/2184 2187/2187/2187 2186/2186/2186 
f 2188/2188/2188 2189/2189/2189 2190/2190/2190 
f 2190/2190/2190 2191/2191/2191 2188/2188/2188 
f 2192/2192/2192 2188/2188/2188 2191/2191/2191 
f 2191/2191/2191 2193/2193/2193 2192/2192/2192 
f 2189/2189/2189 2186/2186/2186 2187/2187/2187 
f 2187/2187/2187 2190/2190/2190 2189/2189/2189 
f 2194/2194/2194 2192/2192/2192 2193/2193/2193 
f 2193/2193/2193 2195/2195/2195 2194/2194/2194 
f 2194/2194/2194 2195/2195/2195 2196/2196/2196 
f 2197/2197/2197 2198/2198/2198 2199/2199/2199 
f 2199/2199/2199 2200/2200/2200 2197/2197/2197 
f 2200/2200/2200 2199/2199/2199 2201/2201/2201 
f 2201/2201/2201 2202/2202/2202 2200/2200/2200 
f 2202/2202/2202 2201/2201/2201 2179/2179/2179 
f 2179/2179/2179 2178/2178/2178 2202/2202/2202 
f 2203/2203/2203 2198/2198/2198 2197/2197/2197 
f 2182/2182/2182 2181/2181/2181 2180/2180/2180 
f 2180/2180/2180 2183/2183/2183 2182/2182/2182 
f 2204/2204/2204 2205/2205/2205 2206/2206/2206 
f 2207/2207/2207 2208/2208/2208 2209/2209/2209 
f 2209/2209/2209 2210/2210/2210 2207/2207/2207 
f 2211/2211/2211 2212/2212/2212 2210/2210/2210 
f 2210/2210/2210 2209/2209/2209 2211/2211/2211 
f 2213/2213/2213 2212/2212/2212 2211/2211/2211 
f 2211/2211/2211 2214/2214/2214 2213/2213/2213 
f 2215/2215/2215 2216/2216/2216 2208/2208/2208 
f 2208/2208/2208 2207/2207/2207 2215/2215/2215 
f 2217/2217/2217 2218/2218/2218 2216/2216/2216 
f 2216/2216/2216 2215/2215/2215 2217/2217/2217 
f 2219/2219/2219 2220/2220/2220 2221/2221/2221 
f 2221/2221/2221 2222/2222/2222 2219/2219/2219 
f 2223/2223/2223 2222/2222/2222 2221/2221/2221 
f 2221/2221/2221 2224/2224/2224 2223/2223/2223 
f 2205/2205/2205 2204/2204/2204 2220/2220/2220 
f 2220/2220/2220 2219/2219/2219 2205/2205/2205 
f 2225/2225/2225 2226/2226/2226 2227/2227/2227 
f 2227/2227/2227 2228/2228/2228 2225/2225/2225 
f 2229/2229/2229 2227/2227/2227 2226/2226/2226 
f 2226/2226/2226 2230/2230/2230 2229/2229/2229 
f 2229/2229/2229 2230/2230/2230 2231/2231/2231 
f 2232/2232/2232 2233/2233/2233 2225/2225/2225 
f 2225/2225/2225 2228/2228/2228 2232/2232/2232 
f 2234/2234/2234 2235/2235/2235 2236/2236/2236 
f 2237/2237/2237 2238/2238/2238 2239/2239/2239 
f 2239/2239/2239 2240/2240/2240 2237/2237/2237 
f 2241/2241/2241 2242/2242/2242 2243/2243/2243 
f 2243/2243/2243 2244/2244/2244 2241/2241/2241 
f 2244/2244/2244 2243/2243/2243 2245/2245/2245 
f 2245/2245/2245 2246/2246/2246 2244/2244/2244 
f 2247/2247/2247 2248/2248/2248 2249/2249/2249 
f 2249/2249/2249 2250/2250/2250 2247/2247/2247 
f 2248/2248/2248 2251/2251/2251 2252/2252/2252 
f 2252/2252/2252 2249/2249/2249 2248/2248/2248 
f 2246/2246/2246 2245/2245/2245 2247/2247/2247 
f 2247/2247/2247 2250/2250/2250 2246/2246/2246 
f 2251/2251/2251 2234/2234/2234 2236/2236/2236 
f 2236/2236/2236 2252/2252/2252 2251/2251/2251 
f 2253/2253/2253 2254/2254/2254 2255/2255/2255 
f 2255/2255/2255 2256/2256/2256 2253/2253/2253 
f 2256/2256/2256 2255/2255/2255 2257/2257/2257 
f 2257/2257/2257 2258/2258/2258 2256/2256/2256 
f 2258/2258/2258 2257/2257/2257 2237/2237/2237 
f 2237/2237/2237 2240/2240/2240 2258/2258/2258 
f 2254/2254/2254 2253/2253/2253 2259/2259/2259 
f 2260/2260/2260 2261/2261/2261 2262/2262/2262 
f 2263/2263/2263 2264/2264/2264 2265/2265/2265 
f 2265/2265/2265 2266/2266/2266 2263/2263/2263 
f 2267/2267/2267 2268/2268/2268 2269/2269/2269 
f 2269/2269/2269 2270/2270/2270 2267/2267/2267 
f 2271/2271/2271 2272/2272/2272 2268/2268/2268 
f 2268/2268/2268 2267/2267/2267 2271/2271/2271 
f 2273/2273/2273 2274/2274/2274 2275/2275/2275 
f 2275/2275/2275 2276/2276/2276 2273/2273/2273 
f 2277/2277/2277 2278/2278/2278 2275/2275/2275 
f 2275/2275/2275 2274/2274/2274 2277/2277/2277 
f 2279/2279/2279 2280/2280/2280 2281/2281/2281 
f 2281/2281/2281 2282/2282/2282 2279/2279/2279 
f 2260/2260/2260 2262/2262/2262 2278/2278/2278 
f 2278/2278/2278 2277/2277/2277 2260/2260/2260 
f 2283/2283/2283 2284/2284/2284 2285/2285/2285 
f 2285/2285/2285 2286/2286/2286 2283/2283/2283 
f 2287/2287/2287 2288/2288/2288 2284/2284/2284 
f 2284/2284/2284 2283/2283/2283 2287/2287/2287 
f 2289/2289/2289 2290/2290/2290 2288/2288/2288 
f 2288/2288/2288 2287/2287/2287 2289/2289/2289 
f 2285/2285/2285 2291/2291/2291 2286/2286/2286 
f 2239/2239/2239 2238/2238/2238 2242/2242/2242 
f 2242/2242/2242 2241/2241/2241 2239/2239/2239 
f 2264/2264/2264 2270/2270/2270 2269/2269/2269 
f 2269/2269/2269 2265/2265/2265 2264/2264/2264 
f 2292/2292/2292 2293/2293/2293 2294/2294/2294 
f 2295/2295/2295 2296/2296/2296 2297/2297/2297 
f 2297/2297/2297 2298/2298/2298 2295/2295/2295 
f 2299/2299/2299 2300/2300/2300 2301/2301/2301 
f 2301/2301/2301 2302/2302/2302 2299/2299/2299 
f 2303/2303/2303 2304/2304/2304 2299/2299/2299 
f 2299/2299/2299 2302/2302/2302 2303/2303/2303 
f 2305/2305/2305 2306/2306/2306 2307/2307/2307 
f 2307/2307/2307 2308/2308/2308 2305/2305/2305 
f 2309/2309/2309 2310/2310/2310 2306/2306/2306 
f 2306/2306/2306 2305/2305/2305 2309/2309/2309 
f 2308/2308/2308 2307/2307/2307 2304/2304/2304 
f 2304/2304/2304 2303/2303/2303 2308/2308/2308 
f 2294/2294/2294 2293/2293/2293 2310/2310/2310 
f 2310/2310/2310 2309/2309/2309 2294/2294/2294 
f 2311/2311/2311 2312/2312/2312 2313/2313/2313 
f 2313/2313/2313 2314/2314/2314 2311/2311/2311 
f 2315/2315/2315 2311/2311/2311 2314/2314/2314 
f 2314/2314/2314 2316/2316/2316 2315/2315/2315 
f 2296/2296/2296 2315/2315/2315 2316/2316/2316 
f 2316/2316/2316 2297/2297/2297 2296/2296/2296 
f 2317/2317/2317 2313/2313/2313 2312/2312/2312 
f 2295/2295/2295 2298/2298/2298 2301/2301/2301 
f 2301/2301/2301 2300/2300/2300 2295/2295/2295 
f 2318/2318/2318 2319/2319/2319 2320/2320/2320 
f 2321/2321/2321 2322/2322/2322 2323/2323/2323 
f 2323/2323/2323 2324/2324/2324 2321/2321/2321 
f 2325/2325/2325 2323/2323/2323 2322/2322/2322 
f 2322/2322/2322 2326/2326/2326 2325/2325/2325 
f 2325/2325/2325 2326/2326/2326 2327/2327/2327 
f 2327/2327/2327 2328/2328/2328 2325/2325/2325 
f 2329/2329/2329 2321/2321/2321 2324/2324/2324 
f 2324/2324/2324 2330/2330/2330 2329/2329/2329 
f 2331/2331/2331 2329/2329/2329 2330/2330/2330 
f 2330/2330/2330 2332/2332/2332 2331/2331/2331 
f 2333/2333/2333 2334/2334/2334 2335/2335/2335 
f 2335/2335/2335 2336/2336/2336 2333/2333/2333 
f 2335/2335/2335 2334/2334/2334 2337/2337/2337 
f 2337/2337/2337 2338/2338/2338 2335/2335/2335 
f 2319/2319/2319 2333/2333/2333 2336/2336/2336 
f 2336/2336/2336 2320/2320/2320 2319/2319/2319 
f 2339/2339/2339 2340/2340/2340 2341/2341/2341 
f 2341/2341/2341 2342/2342/2342 2339/2339/2339 
f 2340/2340/2340 2339/2339/2339 2343/2343/2343 
f 2343/2343/2343 2344/2344/2344 2340/2340/2340 
f 2343/2343/2343 2345/2345/2345 2344/2344/2344 
f 2346/2346/2346 2342/2342/2342 2341/2341/2341 
f 2341/2341/2341 2347/2347/2347 2346/2346/2346 
f 2348/2348/2348 2349/2349/2349 2350/2350/2350 
f 2350/2350/2350 2351/2351/2351 2348/2348/2348 
f 2352/2352/2352 2353/2353/2353 2354/2354/2354 
f 2354/2354/2354 2355/2355/2355 2352/2352/2352 
f 2353/2353/2353 2356/2356/2356 2357/2357/2357 
f 2357/2357/2357 2354/2354/2354 2353/2353/2353 
f 2358/2358/2358 2359/2359/2359 2360/2360/2360 
f 2360/2360/2360 2361/2361/2361 2358/2358/2358 
f 2362/2362/2362 2363/2363/2363 2359/2359/2359 
f 2359/2359/2359 2358/2358/2358 2362/2362/2362 
f 2356/2356/2356 2361/2361/2361 2360/2360/2360 
f 2360/2360/2360 2357/2357/2357 2356/2356/2356 
f 2363/2363/2363 2362/2362/2362 2364/2364/2364 
f 2364/2364/2364 2365/2365/2365 2363/2363/2363 
f 2366/2366/2366 2365/2365/2365 2364/2364/2364 
f 2367/2367/2367 2368/2368/2368 2369/2369/2369 
f 2369/2369/2369 2370/2370/2370 2367/2367/2367 
f 2368/2368/2368 2371/2371/2371 2372/2372/2372 
f 2372/2372/2372 2369/2369/2369 2368/2368/2368 
f 2371/2371/2371 2351/2351/2351 2350/2350/2350 
f 2350/2350/2350 2372/2372/2372 2371/2371/2371 
f 2370/2370/2370 2373/2373/2373 2367/2367/2367 
f 2374/2374/2374 2375/2375/2375 2376/2376/2376 
f 2376/2376/2376 2377/2377/2377 2374/2374/2374 
f 2378/2378/2378 2379/2379/2379 2380/2380/2380 
f 2380/2380/2380 2381/2381/2381 2378/2378/2378 
f 2379/2379/2379 2382/2382/2382 2383/2383/2383 
f 2383/2383/2383 2380/2380/2380 2379/2379/2379 
f 2384/2384/2384 2385/2385/2385 2386/2386/2386 
f 2386/2386/2386 2387/2387/2387 2384/2384/2384 
f 2386/2386/2386 2388/2388/2388 2389/2389/2389 
f 2389/2389/2389 2387/2387/2387 2386/2386/2386 
f 2390/2390/2390 2391/2391/2391 2392/2392/2392 
f 2392/2392/2392 2393/2393/2393 2390/2390/2390 
f 2388/2388/2388 2394/2394/2394 2395/2395/2395 
f 2395/2395/2395 2389/2389/2389 2388/2388/2388 
f 2396/2396/2396 2395/2395/2395 2394/2394/2394 
f 2397/2397/2397 2398/2398/2398 2399/2399/2399 
f 2399/2399/2399 2400/2400/2400 2397/2397/2397 
f 2398/2398/2398 2401/2401/2401 2402/2402/2402 
f 2402/2402/2402 2399/2399/2399 2398/2398/2398 
f 2401/2401/2401 2403/2403/2403 2404/2404/2404 
f 2404/2404/2404 2402/2402/2402 2401/2401/2401 
f 2397/2397/2397 2400/2400/2400 2405/2405/2405 
f 2348/2348/2348 2352/2352/2352 2355/2355/2355 
f 2355/2355/2355 2349/2349/2349 2348/2348/2348 
f 2377/2377/2377 2376/2376/2376 2378/2378/2378 
f 2378/2378/2378 2381/2381/2381 2377/2377/2377 
f 2406/2406/2406 2407/2407/2407 2408/2408/2408 
f 2409/2409/2409 2410/2410/2410 2411/2411/2411 
f 2411/2411/2411 2412/2412/2412 2409/2409/2409 
f 2413/2413/2413 2414/2414/2414 2415/2415/2415 
f 2415/2415/2415 2416/2416/2416 2413/2413/2413 
f 2417/2417/2417 2418/2418/2418 2413/2413/2413 
f 2413/2413/2413 2416/2416/2416 2417/2417/2417 
f 2419/2419/2419 2420/2420/2420 2421/2421/2421 
f 2421/2421/2421 2422/2422/2422 2419/2419/2419 
f 2423/2423/2423 2424/2424/2424 2420/2420/2420 
f 2420/2420/2420 2419/2419/2419 2423/2423/2423 
f 2422/2422/2422 2421/2421/2421 2418/2418/2418 
f 2418/2418/2418 2417/2417/2417 2422/2422/2422 
f 2408/2408/2408 2407/2407/2407 2424/2424/2424 
f 2424/2424/2424 2423/2423/2423 2408/2408/2408 
f 2425/2425/2425 2426/2426/2426 2427/2427/2427 
f 2427/2427/2427 2428/2428/2428 2425/2425/2425 
f 2429/2429/2429 2425/2425/2425 2428/2428/2428 
f 2428/2428/2428 2430/2430/2430 2429/2429/2429 
f 2410/2410/2410 2429/2429/2429 2430/2430/2430 
f 2430/2430/2430 2411/2411/2411 2410/2410/2410 
f 2431/2431/2431 2427/2427/2427 2426/2426/2426 
f 2409/2409/2409 2412/2412/2412 2415/2415/2415 
f 2415/2415/2415 2414/2414/2414 2409/2409/2409 
f 2432/2432/2432 2433/2433/2433 2434/2434/2434 
f 2435/2435/2435 2436/2436/2436 2437/2437/2437 
f 2437/2437/2437 2438/2438/2438 2435/2435/2435 
f 2439/2439/2439 2437/2437/2437 2436/2436/2436 
f 2436/2436/2436 2440/2440/2440 2439/2439/2439 
f 2439/2439/2439 2440/2440/2440 2441/2441/2441 
f 2441/2441/2441 2442/2442/2442 2439/2439/2439 
f 2443/2443/2443 2435/2435/2435 2438/2438/2438 
f 2438/2438/2438 2444/2444/2444 2443/2443/2443 
f 2445/2445/2445 2443/2443/2443 2444/2444/2444 
f 2444/2444/2444 2446/2446/2446 2445/2445/2445 
f 2447/2447/2447 2448/2448/2448 2449/2449/2449 
f 2449/2449/2449 2450/2450/2450 2447/2447/2447 
f 2449/2449/2449 2448/2448/2448 2451/2451/2451 
f 2451/2451/2451 2452/2452/2452 2449/2449/2449 
f 2433/2433/2433 2447/2447/2447 2450/2450/2450 
f 2450/2450/2450 2434/2434/2434 2433/2433/2433 
f 2453/2453/2453 2454/2454/2454 2455/2455/2455 
f 2455/2455/2455 2456/2456/2456 2453/2453/2453 
f 2454/2454/2454 2453/2453/2453 2457/2457/2457 
f 2457/2457/2457 2458/2458/2458 2454/2454/2454 
f 2457/2457/2457 2459/2459/2459 2458/2458/2458 
f 2460/2460/2460 2456/2456/2456 2455/2455/2455 
f 2455/2455/2455 2461/2461/2461 2460/2460/2460 
f 2462/2462/2462 2463/2463/2463 2464/2464/2464 
f 2464/2464/2464 2465/2465/2465 2462/2462/2462 
f 2466/2466/2466 2467/2467/2467 2468/2468/2468 
f 2468/2468/2468 2469/2469/2469 2466/2466/2466 
f 2467/2467/2467 2470/2470/2470 2471/2471/2471 
f 2471/2471/2471 2468/2468/2468 2467/2467/2467 
f 2472/2472/2472 2473/2473/2473 2474/2474/2474 
f 2474/2474/2474 2475/2475/2475 2472/2472/2472 
f 2476/2476/2476 2477/2477/2477 2473/2473/2473 
f 2473/2473/2473 2472/2472/2472 2476/2476/2476 
f 2470/2470/2470 2475/2475/2475 2474/2474/2474 
f 2474/2474/2474 2471/2471/2471 2470/2470/2470 
f 2477/2477/2477 2476/2476/2476 2478/2478/2478 
f 2478/2478/2478 2479/2479/2479 2477/2477/2477 
f 2480/2480/2480 2479/2479/2479 2478/2478/2478 
f 2481/2481/2481 2482/2482/2482 2483/2483/2483 
f 2483/2483/2483 2484/2484/2484 2481/2481/2481 
f 2482/2482/2482 2485/2485/2485 2486/2486/2486 
f 2486/2486/2486 2483/2483/2483 2482/2482/2482 
f 2485/2485/2485 2465/2465/2465 2464/2464/2464 
f 2464/2464/2464 2486/2486/2486 2485/2485/2485 
f 2484/2484/2484 2487/2487/2487 2481/2481/2481 
f 2488/2488/2488 2489/2489/2489 2490/2490/2490 
f 2490/2490/2490 2491/2491/2491 2488/2488/2488 
f 2492/2492/2492 2493/2493/2493 2494/2494/2494 
f 2494/2494/2494 2495/2495/2495 2492/2492/2492 
f 2493/2493/2493 2496/2496/2496 2497/2497/2497 
f 2497/2497/2497 2494/2494/2494 2493/2493/2493 
f 2498/2498/2498 2499/2499/2499 2500/2500/2500 
f 2500/2500/2500 2501/2501/2501 2498/2498/2498 
f 2500/2500/2500 2502/2502/2502 2503/2503/2503 
f 2503/2503/2503 2501/2501/2501 2500/2500/2500 
f 2504/2504/2504 2505/2505/2505 2506/2506/2506 
f 2506/2506/2506 2507/2507/2507 2504/2504/2504 
f 2502/2502/2502 2508/2508/2508 2509/2509/2509 
f 2509/2509/2509 2503/2503/2503 2502/2502/2502 
f 2510/2510/2510 2509/2509/2509 2508/2508/2508 
f 2511/2511/2511 2512/2512/2512 2513/2513/2513 
f 2513/2513/2513 2514/2514/2514 2511/2511/2511 
f 2512/2512/2512 2515/2515/2515 2516/2516/2516 
f 2516/2516/2516 2513/2513/2513 2512/2512/2512 
f 2515/2515/2515 2517/2517/2517 2518/2518/2518 
f 2518/2518/2518 2516/2516/2516 2515/2515/2515 
f 2511/2511/2511 2514/2514/2514 2519/2519/2519 
f 2462/2462/2462 2466/2466/2466 2469/2469/2469 
f 2469/2469/2469 2463/2463/2463 2462/2462/2462 
f 2491/2491/2491 2490/2490/2490 2492/2492/2492 
f 2492/2492/2492 2495/2495/2495 2491/2491/2491 
f 2520/2520/2520 2521/2521/2521 2522/2522/2522 
f 2522/2522/2522 2523/2523/2523 2520/2520/2520 
f 2524/2524/2524 2525/2525/2525 2526/2526/2526 
f 2526/2526/2526 2527/2527/2527 2524/2524/2524 
f 2528/2528/2528 2527/2527/2527 2526/2526/2526 
f 2526/2526/2526 2529/2529/2529 2528/2528/2528 
f 2530/2530/2530 2531/2531/2531 2532/2532/2532 
f 2532/2532/2532 2533/2533/2533 2530/2530/2530 
f 2534/2534/2534 2530/2530/2530 2533/2533/2533 
f 2533/2533/2533 2535/2535/2535 2534/2534/2534 
f 2531/2531/2531 2528/2528/2528 2529/2529/2529 
f 2529/2529/2529 2532/2532/2532 2531/2531/2531 
f 2536/2536/2536 2534/2534/2534 2535/2535/2535 
f 2535/2535/2535 2537/2537/2537 2536/2536/2536 
f 2536/2536/2536 2537/2537/2537 2538/2538/2538 
f 2539/2539/2539 2540/2540/2540 2541/2541/2541 
f 2541/2541/2541 2542/2542/2542 2539/2539/2539 
f 2542/2542/2542 2541/2541/2541 2543/2543/2543 
f 2543/2543/2543 2544/2544/2544 2542/2542/2542 
f 2544/2544/2544 2543/2543/2543 2521/2521/2521 
f 2521/2521/2521 2520/2520/2520 2544/2544/2544 
f 2545/2545/2545 2540/2540/2540 2539/2539/2539 
f 2524/2524/2524 2523/2523/2523 2522/2522/2522 
f 2522/2522/2522 2525/2525/2525 2524/2524/2524 
f 2546/2546/2546 2547/2547/2547 2548/2548/2548 
f 2549/2549/2549 2550/2550/2550 2551/2551/2551 
f 2551/2551/2551 2552/2552/2552 2549/2549/2549 
f 2553/2553/2553 2554/2554/2554 2552/2552/2552 
f 2552/2552/2552 2551/2551/2551 2553/2553/2553 
f 2555/2555/2555 2554/2554/2554 2553/2553/2553 
f 2553/2553/2553 2556/2556/2556 2555/2555/2555 
f 2557/2557/2557 2558/2558/2558 2550/2550/2550 
f 2550/2550/2550 2549/2549/2549 2557/2557/2557 
f 2559/2559/2559 2560/2560/2560 2558/2558/2558 
f 2558/2558/2558 2557/2557/2557 2559/2559/2559 
f 2561/2561/2561 2562/2562/2562 2563/2563/2563 
f 2563/2563/2563 2564/2564/2564 2561/2561/2561 
f 2565/2565/2565 2564/2564/2564 2563/2563/2563 
f 2563/2563/2563 2566/2566/2566 2565/2565/2565 
f 2547/2547/2547 2546/2546/2546 2562/2562/2562 
f 2562/2562/2562 2561/2561/2561 2547/2547/2547 
f 2567/2567/2567 2568/2568/2568 2569/2569/2569 
f 2569/2569/2569 2570/2570/2570 2567/2567/2567 
f 2571/2571/2571 2569/2569/2569 2568/2568/2568 
f 2568/2568/2568 2572/2572/2572 2571/2571/2571 
f 2571/2571/2571 2572/2572/2572 2573/2573/2573 
f 2574/2574/2574 2575/2575/2575 2567/2567/2567 
f 2567/2567/2567 2570/2570/2570 2574/2574/2574 
f 2576/2576/2576 2577/2577/2577 2578/2578/2578 
f 2579/2579/2579 2580/2580/2580 2581/2581/2581 
f 2581/2581/2581 2582/2582/2582 2579/2579/2579 
f 2583/2583/2583 2584/2584/2584 2585/2585/2585 
f 2585/2585/2585 2586/2586/2586 2583/2583/2583 
f 2586/2586/2586 2585/2585/2585 2587/2587/2587 
f 2587/2587/2587 2588/2588/2588 2586/2586/2586 
f 2589/2589/2589 2590/2590/2590 2591/2591/2591 
f 2591/2591/2591 2592/2592/2592 2589/2589/2589 
f 2590/2590/2590 2593/2593/2593 2594/2594/2594 
f 2594/2594/2594 2591/2591/2591 2590/2590/2590 
f 2588/2588/2588 2587/2587/2587 2589/2589/2589 
f 2589/2589/2589 2592/2592/2592 2588/2588/2588 
f 2593/2593/2593 2576/2576/2576 2578/2578/2578 
f 2578/2578/2578 2594/2594/2594 2593/2593/2593 
f 2595/2595/2595 2596/2596/2596 2597/2597/2597 
f 2597/2597/2597 2598/2598/2598 2595/2595/2595 
f 2598/2598/2598 2597/2597/2597 2599/2599/2599 
f 2599/2599/2599 2600/2600/2600 2598/2598/2598 
f 2600/2600/2600 2599/2599/2599 2579/2579/2579 
f 2579/2579/2579 2582/2582/2582 2600/2600/2600 
f 2596/2596/2596 2595/2595/2595 2601/2601/2601 
f 2602/2602/2602 2603/2603/2603 2604/2604/2604 
f 2605/2605/2605 2606/2606/2606 2607/2607/2607 
f 2607/2607/2607 2608/2608/2608 2605/2605/2605 
f 2609/2609/2609 2610/2610/2610 2611/2611/2611 
f 2611/2611/2611 2612/2612/2612 2609/2609/2609 
f 2613/2613/2613 2614/2614/2614 2610/2610/2610 
f 2610/2610/2610 2609/2609/2609 2613/2613/2613 
f 2615/2615/2615 2616/2616/2616 2617/2617/2617 
f 2617/2617/2617 2618/2618/2618 2615/2615/2615 
f 2619/2619/2619 2620/2620/2620 2617/2617/2617 
f 2617/2617/2617 2616/2616/2616 2619/2619/2619 
f 2621/2621/2621 2622/2622/2622 2623/2623/2623 
f 2623/2623/2623 2624/2624/2624 2621/2621/2621 
f 2602/2602/2602 2604/2604/2604 2620/2620/2620 
f 2620/2620/2620 2619/2619/2619 2602/2602/2602 
f 2625/2625/2625 2626/2626/2626 2627/2627/2627 
f 2627/2627/2627 2628/2628/2628 2625/2625/2625 
f 2629/2629/2629 2630/2630/2630 2626/2626/2626 
f 2626/2626/2626 2625/2625/2625 2629/2629/2629 
f 2631/2631/2631 2632/2632/2632 2630/2630/2630 
f 2630/2630/2630 2629/2629/2629 2631/2631/2631 
f 2627/2627/2627 2633/2633/2633 2628/2628/2628 
f 2581/2581/2581 2580/2580/2580 2584/2584/2584 
f 2584/2584/2584 2583/2583/2583 2581/2581/2581 
f 2606/2606/2606 2612/2612/2612 2611/2611/2611 
f 2611/2611/2611 2607/2607/2607 2606/2606/2606 
f 2634/2634/2634 2635/2635/2635 2636/2636/2636 
f 2636/2636/2636 2637/2637/2637 2634/2634/2634 
f 2638/2638/2638 2639/2639/2639 2640/2640/2640 
f 2640/2640/2640 2641/2641/2641 2638/2638/2638 
f 2642/2642/2642 2641/2641/2641 2640/2640/2640 
f 2640/2640/2640 2643/2643/2643 2642/2642/2642 
f 2644/2644/2644 2645/2645/2645 2646/2646/2646 
f 2646/2646/2646 2647/2647/2647 2644/2644/2644 
f 2648/2648/2648 2644/2644/2644 2647/2647/2647 
f 2647/2647/2647 2649/2649/2649 2648/2648/2648 
f 2645/2645/2645 2642/2642/2642 2643/2643/2643 
f 2643/2643/2643 2646/2646/2646 2645/2645/2645 
f 2650/2650/2650 2648/2648/2648 2649/2649/2649 
f 2649/2649/2649 2651/2651/2651 2650/2650/2650 
f 2650/2650/2650 2651/2651/2651 2652/2652/2652 
f 2653/2653/2653 2654/2654/2654 2655/2655/2655 
f 2655/2655/2655 2656/2656/2656 2653/2653/2653 
f 2656/2656/2656 2655/2655/2655 2657/2657/2657 
f 2657/2657/2657 2658/2658/2658 2656/2656/2656 
f 2658/2658/2658 2657/2657/2657 2635/2635/2635 
f 2635/2635/2635 2634/2634/2634 2658/2658/2658 
f 2659/2659/2659 2654/2654/2654 2653/2653/2653 
f 2638/2638/2638 2637/2637/2637 2636/2636/2636 
f 2636/2636/2636 2639/2639/2639 2638/2638/2638 
f 2660/2660/2660 2661/2661/2661 2662/2662/2662 
f 2663/2663/2663 2664/2664/2664 2665/2665/2665 
f 2665/2665/2665 2666/2666/2666 2663/2663/2663 
f 2667/2667/2667 2668/2668/2668 2666/2666/2666 
f 2666/2666/2666 2665/2665/2665 2667/2667/2667 
f 2669/2669/2669 2668/2668/2668 2667/2667/2667 
f 2667/2667/2667 2670/2670/2670 2669/2669/2669 
f 2671/2671/2671 2672/2672/2672 2664/2664/2664 
f 2664/2664/2664 2663/2663/2663 2671/2671/2671 
f 2673/2673/2673 2674/2674/2674 2672/2672/2672 
f 2672/2672/2672 2671/2671/2671 2673/2673/2673 
f 2675/2675/2675 2676/2676/2676 2677/2677/2677 
f 2677/2677/2677 2678/2678/2678 2675/2675/2675 
f 2679/2679/2679 2678/2678/2678 2677/2677/2677 
f 2677/2677/2677 2680/2680/2680 2679/2679/2679 
f 2661/2661/2661 2660/2660/2660 2676/2676/2676 
f 2676/2676/2676 2675/2675/2675 2661/2661/2661 
f 2681/2681/2681 2682/2682/2682 2683/2683/2683 
f 2683/2683/2683 2684/2684/2684 2681/2681/2681 
f 2685/2685/2685 2683/2683/2683 2682/2682/2682 
f 2682/2682/2682 2686/2686/2686 2685/2685/2685 
f 2685/2685/2685 2686/2686/2686 2687/2687/2687 
f 2688/2688/2688 2689/2689/2689 2681/2681/2681 
f 2681/2681/2681 2684/2684/2684 2688/2688/2688 
f 2690/2690/2690 2691/2691/2691 2692/2692/2692 
f 2693/2693/2693 2694/2694/2694 2695/2695/2695 
f 2695/2695/2695 2696/2696/2696 2693/2693/2693 
f 2697/2697/2697 2698/2698/2698 2699/2699/2699 
f 2699/2699/2699 2700/2700/2700 2697/2697/2697 
f 2700/2700/2700 2699/2699/2699 2701/2701/2701 
f 2701/2701/2701 2702/2702/2702 2700/2700/2700 
f 2703/2703/2703 2704/2704/2704 2705/2705/2705 
f 2705/2705/2705 2706/2706/2706 2703/2703/2703 
f 2704/2704/2704 2707/2707/2707 2708/2708/2708 
f 2708/2708/2708 2705/2705/2705 2704/2704/2704 
f 2702/2702/2702 2701/2701/2701 2703/2703/2703 
f 2703/2703/2703 2706/2706/2706 2702/2702/2702 
f 2707/2707/2707 2690/2690/2690 2692/2692/2692 
f 2692/2692/2692 2708/2708/2708 2707/2707/2707 
f 2709/2709/2709 2710/2710/2710 2711/2711/2711 
f 2711/2711/2711 2712/2712/2712 2709/2709/2709 
f 2712/2712/2712 2711/2711/2711 2713/2713/2713 
f 2713/2713/2713 2714/2714/2714 2712/2712/2712 
f 2714/2714/2714 2713/2713/2713 2693/2693/2693 
f 2693/2693/2693 2696/2696/2696 2714/2714/2714 
f 2710/2710/2710 2709/2709/2709 2715/2715/2715 
f 2716/2716/2716 2717/2717/2717 2718/2718/2718 
f 2719/2719/2719 2720/2720/2720 2721/2721/2721 
f 2721/2721/2721 2722/2722/2722 2719/2719/2719 
f 2723/2723/2723 2724/2724/2724 2725/2725/2725 
f 2725/2725/2725 2726/2726/2726 2723/2723/2723 
f 2727/2727/2727 2728/2728/2728 2724/2724/2724 
f 2724/2724/2724 2723/2723/2723 2727/2727/2727 
f 2729/2729/2729 2730/2730/2730 2731/2731/2731 
f 2731/2731/2731 2732/2732/2732 2729/2729/2729 
f 2733/2733/2733 2734/2734/2734 2731/2731/2731 
f 2731/2731/2731 2730/2730/2730 2733/2733/2733 
f 2735/2735/2735 2736/2736/2736 2737/2737/2737 
f 2737/2737/2737 2738/2738/2738 2735/2735/2735 
f 2716/2716/2716 2718/2718/2718 2734/2734/2734 
f 2734/2734/2734 2733/2733/2733 2716/2716/2716 
f 2739/2739/2739 2740/2740/2740 2741/2741/2741 
f 2741/2741/2741 2742/2742/2742 2739/2739/2739 
f 2743/2743/2743 2744/2744/2744 2740/2740/2740 
f 2740/2740/2740 2739/2739/2739 2743/2743/2743 
f 2745/2745/2745 2746/2746/2746 2744/2744/2744 
f 2744/2744/2744 2743/2743/2743 2745/2745/2745 
f 2741/2741/2741 2747/2747/2747 2742/2742/2742 
f 2695/2695/2695 2694/2694/2694 2698/2698/2698 
f 2698/2698/2698 2697/2697/2697 2695/2695/2695 
f 2720/2720/2720 2726/2726/2726 2725/2725/2725 
f 2725/2725/2725 2721/2721/2721 2720/2720/2720 
f 2748/2748/2748 2749/2749/2749 2750/2750/2750 
f 2751/2751/2751 2752/2752/2752 2753/2753/2753 
f 2753/2753/2753 2754/2754/2754 2751/2751/2751 
f 2755/2755/2755 2756/2756/2756 2757/2757/2757 
f 2757/2757/2757 2758/2758/2758 2755/2755/2755 
f 2759/2759/2759 2760/2760/2760 2755/2755/2755 
f 2755/2755/2755 2758/2758/2758 2759/2759/2759 
f 2761/2761/2761 2762/2762/2762 2763/2763/2763 
f 2763/2763/2763 2764/2764/2764 2761/2761/2761 
f 2765/2765/2765 2766/2766/2766 2762/2762/2762 
f 2762/2762/2762 2761/2761/2761 2765/2765/2765 
f 2764/2764/2764 2763/2763/2763 2760/2760/2760 
f 2760/2760/2760 2759/2759/2759 2764/2764/2764 
f 2750/2750/2750 2749/2749/2749 2766/2766/2766 
f 2766/2766/2766 2765/2765/2765 2750/2750/2750 
f 2767/2767/2767 2768/2768/2768 2769/2769/2769 
f 2769/2769/2769 2770/2770/2770 2767/2767/2767 
f 2771/2771/2771 2767/2767/2767 2770/2770/2770 
f 2770/2770/2770 2772/2772/2772 2771/2771/2771 
f 2752/2752/2752 2771/2771/2771 2772/2772/2772 
f 2772/2772/2772 2753/2753/2753 2752/2752/2752 
f 2773/2773/2773 2769/2769/2769 2768/2768/2768 
f 2751/2751/2751 2754/2754/2754 2757/2757/2757 
f 2757/2757/2757 2756/2756/2756 2751/2751/2751 
f 2774/2774/2774 2775/2775/2775 2776/2776/2776 
f 2777/2777/2777 2778/2778/2778 2779/2779/2779 
f 2779/2779/2779 2780/2780/2780 2777/2777/2777 
f 2781/2781/2781 2779/2779/2779 2778/2778/2778 
f 2778/2778/2778 2782/2782/2782 2781/2781/2781 
f 2781/2781/2781 2782/2782/2782 2783/2783/2783 
f 2783/2783/2783 2784/2784/2784 2781/2781/2781 
f 2785/2785/2785 2777/2777/2777 2780/2780/2780 
f 2780/2780/2780 2786/2786/2786 2785/2785/2785 
f 2787/2787/2787 2785/2785/2785 2786/2786/2786 
f 2786/2786/2786 2788/2788/2788 2787/2787/2787 
f 2789/2789/2789 2790/2790/2790 2791/2791/2791 
f 2791/2791/2791 2792/2792/2792 2789/2789/2789 
f 2791/2791/2791 2790/2790/2790 2793/2793/2793 
f 2793/2793/2793 2794/2794/2794 2791/2791/2791 
f 2775/2775/2775 2789/2789/2789 2792/2792/2792 
f 2792/2792/2792 2776/2776/2776 2775/2775/2775 
f 2795/2795/2795 2796/2796/2796 2797/2797/2797 
f 2797/2797/2797 2798/2798/2798 2795/2795/2795 
f 2796/2796/2796 2795/2795/2795 2799/2799/2799 
f 2799/2799/2799 2800/2800/2800 2796/2796/2796 
f 2799/2799/2799 2801/2801/2801 2800/2800/2800 
f 2802/2802/2802 2798/2798/2798 2797/2797/2797 
f 2797/2797/2797 2803/2803/2803 2802/2802/2802 
f 2804/2804/2804 2805/2805/2805 2806/2806/2806 
f 2806/2806/2806 2807/2807/2807 2804/2804/2804 
f 2808/2808/2808 2809/2809/2809 2810/2810/2810 
f 2810/2810/2810 2811/2811/2811 2808/2808/2808 
f 2809/2809/2809 2812/2812/2812 2813/2813/2813 
f 2813/2813/2813 2810/2810/2810 2809/2809/2809 
f 2814/2814/2814 2815/2815/2815 2816/2816/2816 
f 2816/2816/2816 2817/2817/2817 2814/2814/2814 
f 2818/2818/2818 2819/2819/2819 2815/2815/2815 
f 2815/2815/2815 2814/2814/2814 2818/2818/2818 
f 2812/2812/2812 2817/2817/2817 2816/2816/2816 
f 2816/2816/2816 2813/2813/2813 2812/2812/2812 
f 2819/2819/2819 2818/2818/2818 2820/2820/2820 
f 2820/2820/2820 2821/2821/2821 2819/2819/2819 
f 2822/2822/2822 2821/2821/2821 2820/2820/2820 
f 2823/2823/2823 2824/2824/2824 2825/2825/2825 
f 2825/2825/2825 2826/2826/2826 2823/2823/2823 
f 2824/2824/2824 2827/2827/2827 2828/2828/2828 
f 2828/2828/2828 2825/2825/2825 2824/2824/2824 
f 2827/2827/2827 2807/2807/2807 2806/2806/2806 
f 2806/2806/2806 2828/2828/2828 2827/2827/2827 
f 2826/2826/2826 2829/2829/2829 2823/2823/2823 
f 2830/2830/2830 2831/2831/2831 2832/2832/2832 
f 2832/2832/2832 2833/2833/2833 2830/2830/2830 
f 2834/2834/2834 2835/2835/2835 2836/2836/2836 
f 2836/2836/2836 2837/2837/2837 2834/2834/2834 
f 2835/2835/2835 2838/2838/2838 2839/2839/2839 
f 2839/2839/2839 2836/2836/2836 2835/2835/2835 
f 2840/2840/2840 2841/2841/2841 2842/2842/2842 
f 2842/2842/2842 2843/2843/2843 2840/2840/2840 
f 2842/2842/2842 2844/2844/2844 2845/2845/2845 
f 2845/2845/2845 2843/2843/2843 2842/2842/2842 
f 2846/2846/2846 2847/2847/2847 2848/2848/2848 
f 2848/2848/2848 2849/2849/2849 2846/2846/2846 
f 2844/2844/2844 2850/2850/2850 2851/2851/2851 
f 2851/2851/2851 2845/2845/2845 2844/2844/2844 
f 2852/2852/2852 2851/2851/2851 2850/2850/2850 
f 2853/2853/2853 2854/2854/2854 2855/2855/2855 
f 2855/2855/2855 2856/2856/2856 2853/2853/2853 
f 2854/2854/2854 2857/2857/2857 2858/2858/2858 
f 2858/2858/2858 2855/2855/2855 2854/2854/2854 
f 2857/2857/2857 2859/2859/2859 2860/2860/2860 
f 2860/2860/2860 2858/2858/2858 2857/2857/2857 
f 2853/2853/2853 2856/2856/2856 2861/2861/2861 
f 2804/2804/2804 2808/2808/2808 2811/2811/2811 
f 2811/2811/2811 2805/2805/2805 2804/2804/2804 
f 2833/2833/2833 2832/2832/2832 2834/2834/2834 
f 2834/2834/2834 2837/2837/2837 2833/2833/2833 
f 2862/2862/2862 2863/2863/2863 2864/2864/2864 
f 2865/2865/2865 2866/2866/2866 2867/2867/2867 
f 2867/2867/2867 2868/2868/2868 2865/2865/2865 
f 2869/2869/2869 2870/2870/2870 2871/2871/2871 
f 2871/2871/2871 2872/2872/2872 2869/2869/2869 
f 2873/2873/2873 2874/2874/2874 2869/2869/2869 
f 2869/2869/2869 2872/2872/2872 2873/2873/2873 
f 2875/2875/2875 2876/2876/2876 2877/2877/2877 
f 2877/2877/2877 2878/2878/2878 2875/2875/2875 
f 2879/2879/2879 2880/2880/2880 2876/2876/2876 
f 2876/2876/2876 2875/2875/2875 2879/2879/2879 
f 2878/2878/2878 2877/2877/2877 2874/2874/2874 
f 2874/2874/2874 2873/2873/2873 2878/2878/2878 
f 2864/2864/2864 2863/2863/2863 2880/2880/2880 
f 2880/2880/2880 2879/2879/2879 2864/2864/2864 
f 2881/2881/2881 2882/2882/2882 2883/2883/2883 
f 2883/2883/2883 2884/2884/2884 2881/2881/2881 
f 2885/2885/2885 2881/2881/2881 2884/2884/2884 
f 2884/2884/2884 2886/2886/2886 2885/2885/2885 
f 2866/2866/2866 2885/2885/2885 2886/2886/2886 
f 2886/2886/2886 2867/2867/2867 2866/2866/2866 
f 2887/2887/2887 2883/2883/2883 2882/2882/2882 
f 2865/2865/2865 2868/2868/2868 2871/2871/2871 
f 2871/2871/2871 2870/2870/2870 2865/2865/2865 
f 2888/2888/2888 2889/2889/2889 2890/2890/2890 
f 2891/2891/2891 2892/2892/2892 2893/2893/2893 
f 2893/2893/2893 2894/2894/2894 2891/2891/2891 
f 2895/2895/2895 2893/2893/2893 2892/2892/2892 
f 2892/2892/2892 2896/2896/2896 2895/2895/2895 
f 2895/2895/2895 2896/2896/2896 2897/2897/2897 
f 2897/2897/2897 2898/2898/2898 2895/2895/2895 
f 2899/2899/2899 2891/2891/2891 2894/2894/2894 
f 2894/2894/2894 2900/2900/2900 2899/2899/2899 
f 2901/2901/2901 2899/2899/2899 2900/2900/2900 
f 2900/2900/2900 2902/2902/2902 2901/2901/2901 
f 2903/2903/2903 2904/2904/2904 2905/2905/2905 
f 2905/2905/2905 2906/2906/2906 2903/2903/2903 
f 2905/2905/2905 2904/2904/2904 2907/2907/2907 
f 2907/2907/2907 2908/2908/2908 2905/2905/2905 
f 2889/2889/2889 2903/2903/2903 2906/2906/2906 
f 2906/2906/2906 2890/2890/2890 2889/2889/2889 
f 2909/2909/2909 2910/2910/2910 2911/2911/2911 
f 2911/2911/2911 2912/2912/2912 2909/2909/2909 
f 2910/2910/2910 2909/2909/2909 2913/2913/2913 
f 2913/2913/2913 2914/2914/2914 2910/2910/2910 
f 2913/2913/2913 2915/2915/2915 2914/2914/2914 
f 2916/2916/2916 2912/2912/2912 2911/2911/2911 
f 2911/2911/2911 2917/2917/2917 2916/2916/2916 
f 2918/2918/2918 2919/2919/2919 2920/2920/2920 
f 2920/2920/2920 2921/2921/2921 2918/2918/2918 
f 2922/2922/2922 2923/2923/2923 2924/2924/2924 
f 2924/2924/2924 2925/2925/2925 2922/2922/2922 
f 2923/2923/2923 2926/2926/2926 2927/2927/2927 
f 2927/2927/2927 2924/2924/2924 2923/2923/2923 
f 2928/2928/2928 2929/2929/2929 2930/2930/2930 
f 2930/2930/2930 2931/2931/2931 2928/2928/2928 
f 2932/2932/2932 2933/2933/2933 2929/2929/2929 
f 2929/2929/2929 2928/2928/2928 2932/2932/2932 
f 2926/2926/2926 2931/2931/2931 2930/2930/2930 
f 2930/2930/2930 2927/2927/2927 2926/2926/2926 
f 2933/2933/2933 2932/2932/2932 2934/2934/2934 
f 2934/2934/2934 2935/2935/2935 2933/2933/2933 
f 2936/2936/2936 2935/2935/2935 2934/2934/2934 
f 2937/2937/2937 2938/2938/2938 2939/2939/2939 
f 2939/2939/2939 2940/2940/2940 2937/2937/2937 
f 2938/2938/2938 2941/2941/2941 2942/2942/2942 
f 2942/2942/2942 2939/2939/2939 2938/2938/2938 
f 2941/2941/2941 2921/2921/2921 2920/2920/2920 
f 2920/2920/2920 2942/2942/2942 2941/2941/2941 
f 2940/2940/2940 2943/2943/2943 2937/2937/2937 
f 2944/2944/2944 2945/2945/2945 2946/2946/2946 
f 2946/2946/2946 2947/2947/2947 2944/2944/2944 
f 2948/2948/2948 2949/2949/2949 2950/2950/2950 
f 2950/2950/2950 2951/2951/2951 2948/2948/2948 
f 2949/2949/2949 2952/2952/2952 2953/2953/2953 
f 2953/2953/2953 2950/2950/2950 2949/2949/2949 
f 2954/2954/2954 2955/2955/2955 2956/2956/2956 
f 2956/2956/2956 2957/2957/2957 2954/2954/2954 
f 2956/2956/2956 2958/2958/2958 2959/2959/2959 
f 2959/2959/2959 2957/2957/2957 2956/2956/2956 
f 2960/2960/2960 2961/2961/2961 2962/2962/2962 
f 2962/2962/2962 2963/2963/2963 2960/2960/2960 
f 2958/2958/2958 2964/2964/2964 2965/2965/2965 
f 2965/2965/2965 2959/2959/2959 2958/2958/2958 
f 2966/2966/2966 2965/2965/2965 2964/2964/2964 
f 2967/2967/2967 2968/2968/2968 2969/2969/2969 
f 2969/2969/2969 2970/2970/2970 2967/2967/2967 
f 2968/2968/2968 2971/2971/2971 2972/2972/2972 
f 2972/2972/2972 2969/2969/2969 2968/2968/2968 
f 2971/2971/2971 2973/2973/2973 2974/2974/2974 
f 2974/2974/2974 2972/2972/2972 2971/2971/2971 
f 2967/2967/2967 2970/2970/2970 2975/2975/2975 
f 2918/2918/2918 2922/2922/2922 2925/2925/2925 
f 2925/2925/2925 2919/2919/2919 2918/2918/2918 
f 2947/2947/2947 2946/2946/2946 2948/2948/2948 
f 2948/2948/2948 2951/2951/2951 2947/2947/2947 
f 2976/2976/2976 2977/2977/2977 2978/2978/2978 
f 2978/2978/2978 2979/2979/2979 2976/2976/2976 
f 2980/2980/2980 2981/2981/2981 2982/2982/2982 
f 2982/2982/2982 2983/2983/2983 2980/2980/2980 
f 2984/2984/2984 2983/2983/2983 2982/2982/2982 
f 2982/2982/2982 2985/2985/2985 2984/2984/2984 
f 2986/2986/2986 2987/2987/2987 2988/2988/2988 
f 2988/2988/2988 2989/2989/2989 2986/2986/2986 
f 2990/2990/2990 2986/2986/2986 2989/2989/2989 
f 2989/2989/2989 2991/2991/2991 2990/2990/2990 
f 2987/2987/2987 2984/2984/2984 2985/2985/2985 
f 2985/2985/2985 2988/2988/2988 2987/2987/2987 
f 2992/2992/2992 2990/2990/2990 2991/2991/2991 
f 2991/2991/2991 2993/2993/2993 2992/2992/2992 
f 2992/2992/2992 2993/2993/2993 2994/2994/2994 
f 2995/2995/2995 2996/2996/2996 2997/2997/2997 
f 2997/2997/2997 2998/2998/2998 2995/2995/2995 
f 2998/2998/2998 2997/2997/2997 2999/2999/2999 
f 2999/2999/2999 3000/3000/3000 2998/2998/2998 
f 3000/3000/3000 2999/2999/2999 2977/2977/2977 
f 2977/2977/2977 2976/2976/2976 3000/3000/3000 
f 3001/3001/3001 2996/2996/2996 2995/2995/2995 
f 2980/2980/2980 2979/2979/2979 2978/2978/2978 
f 2978/2978/2978 2981/2981/2981 2980/2980/2980 
f 3002/3002/3002 3003/3003/3003 3004/3004/3004 
f 3005/3005/3005 3006/3006/3006 3007/3007/3007 
f 3007/3007/3007 3008/3008/3008 3005/3005/3005 
f 3009/3009/3009 3010/3010/3010 3008/3008/3008 
f 3008/3008/3008 3007/3007/3007 3009/3009/3009 
f 3011/3011/3011 3010/3010/3010 3009/3009/3009 
f 3009/3009/3009 3012/3012/3012 3011/3011/3011 
f 3013/3013/3013 3014/3014/3014 3006/3006/3006 
f 3006/3006/3006 3005/3005/3005 3013/3013/3013 
f 3015/3015/3015 3016/3016/3016 3014/3014/3014 
f 3014/3014/3014 3013/3013/3013 3015/3015/3015 
f 3017/3017/3017 3018/3018/3018 3019/3019/3019 
f 3019/3019/3019 3020/3020/3020 3017/3017/3017 
f 3021/3021/3021 3020/3020/3020 3019/3019/3019 
f 3019/3019/3019 3022/3022/3022 3021/3021/3021 
f 3003/3003/3003 3002/3002/3002 3018/3018/3018 
f 3018/3018/3018 3017/3017/3017 3003/3003/3003 
f 3023/3023/3023 3024/3024/3024 3025/3025/3025 
f 3025/3025/3025 3026/3026/3026 3023/3023/3023 
f 3027/3027/3027 3025/3025/3025 3024/3024/3024 
f 3024/3024/3024 3028/3028/3028 3027/3027/3027 
f 3027/3027/3027 3028/3028/3028 3029/3029/3029 
f 3030/3030/3030 3031/3031/3031 3023/3023/3023 
f 3023/3023/3023 3026/3026/3026 3030/3030/3030 
f 3032/3032/3032 3033/3033/3033 3034/3034/3034 
f 3035/3035/3035 3036/3036/3036 3037/3037/3037 
f 3037/3037/3037 3038/3038/3038 3035/3035/3035 
f 3039/3039/3039 3040/3040/3040 3041/3041/3041 
f 3041/3041/3041 3042/3042/3042 3039/3039/3039 
f 3042/3042/3042 3041/3041/3041 3043/3043/3043 
f 3043/3043/3043 3044/3044/3044 3042/3042/3042 
f 3045/3045/3045 3046/3046/3046 3047/3047/3047 
f 3047/3047/3047 3048/3048/3048 3045/3045/3045 
f 3046/3046/3046 3049/3049/3049 3050/3050/3050 
f 3050/3050/3050 3047/3047/3047 3046/3046/3046 
f 3044/3044/3044 3043/3043/3043 3045/3045/3045 
f 3045/3045/3045 3048/3048/3048 3044/3044/3044 
f 3049/3049/3049 3032/3032/3032 3034/3034/3034 
f 3034/3034/3034 3050/3050/3050 3049/3049/3049 
f 3051/3051/3051 3052/3052/3052 3053/3053/3053 
f 3053/3053/3053 3054/3054/3054 3051/3051/3051 
f 3054/3054/3054 3053/3053/3053 3055/3055/3055 
f 3055/3055/3055 3056/3056/3056 3054/3054/3054 
f 3056/3056/3056 3055/3055/3055 3035/3035/3035 
f 3035/3035/3035 3038/3038/3038 3056/3056/3056 
f 3052/3052/3052 3051/3051/3051 3057/3057/3057 
f 3058/3058/3058 3059/3059/3059 3060/3060/3060 
f 3061/3061/3061 3062/3062/3062 3063/3063/3063 
f 3063/3063/3063 3064/3064/3064 3061/3061/3061 
f 3065/3065/3065 3066/3066/3066 3067/3067/3067 
f 3067/3067/3067 3068/3068/3068 3065/3065/3065 
f 3069/3069/3069 3070/3070/3070 3066/3066/3066 
f 3066/3066/3066 3065/3065/3065 3069/3069/3069 
f 3071/3071/3071 3072/3072/3072 3073/3073/3073 
f 3073/3073/3073 3074/3074/3074 3071/3071/3071 
f 3075/3075/3075 3076/3076/3076 3073/3073/3073 
f 3073/3073/3073 3072/3072/3072 3075/3075/3075 
f 3077/3077/3077 3078/3078/3078 3079/3079/3079 
f 3079/3079/3079 3080/3080/3080 3077/3077/3077 
f 3058/3058/3058 3060/3060/3060 3076/3076/3076 
f 3076/3076/3076 3075/3075/3075 3058/3058/3058 
f 3081/3081/3081 3082/3082/3082 3083/3083/3083 
f 3083/3083/3083 3084/3084/3084 3081/3081/3081 
f 3085/3085/3085 3086/3086/3086 3082/3082/3082 
f 3082/3082/3082 3081/3081/3081 3085/3085/3085 
f 3087/3087/3087 3088/3088/3088 3086/3086/3086 
f 3086/3086/3086 3085/3085/3085 3087/3087/3087 
f 3083/3083/3083 3089/3089/3089 3084/3084/3084 
f 3037/3037/3037 3036/3036/3036 3040/3040/3040 
f 3040/3040/3040 3039/3039/3039 3037/3037/3037 
f 3062/3062/3062 3068/3068/3068 3067/3067/3067 
f 3067/3067/3067 3063/3063/3063 3062/3062/3062 
f 3090/3090/3090 3091/3091/3091 3092/3092/3092 
f 3092/3092/3092 3093/3093/3093 3090/3090/3090 
f 3093/3093/3093 3092/3092/3092 3094/3094/3094 
f 3094/3094/3094 3095/3095/3095 3093/3093/3093 
f 3095/3095/3095 3094/3094/3094 3096/3096/3096 
f 3096/3096/3096 3097/3097/3097 3095/3095/3095 
f 3098/3098/3098 3099/3099/3099 3100/3100/3100 
f 3100/3100/3100 3101/3101/3101 3098/3098/3098 
f 3102/3102/3102 3103/3103/3103 3104/3104/3104 
f 3104/3104/3104 3105/3105/3105 3102/3102/3102 
f 3106/3106/3106 3107/3107/3107 3108/3108/3108 
f 3108/3108/3108 3109/3109/3109 3106/3106/3106 
f 3110/3110/3110 3090/3090/3090 3093/3093/3093 
f 3093/3093/3093 3111/3111/3111 3110/3110/3110 
f 3111/3111/3111 3093/3093/3093 3095/3095/3095 
f 3095/3095/3095 3112/3112/3112 3111/3111/3111 
f 3112/3112/3112 3095/3095/3095 3097/3097/3097 
f 3097/3097/3097 3113/3113/3113 3112/3112/3112 
f 3114/3114/3114 3098/3098/3098 3101/3101/3101 
f 3101/3101/3101 3115/3115/3115 3114/3114/3114 
f 3116/3116/3116 3102/3102/3102 3105/3105/3105 
f 3105/3105/3105 3117/3117/3117 3116/3116/3116 
f 3118/3118/3118 3106/3106/3106 3109/3109/3109 
f 3109/3109/3109 3119/3119/3119 3118/3118/3118 
f 3120/3120/3120 3110/3110/3110 3111/3111/3111 
f 3111/3111/3111 3121/3121/3121 3120/3120/3120 
f 3121/3121/3121 3111/3111/3111 3112/3112/3112 
f 3112/3112/3112 3122/3122/3122 3121/3121/3121 
f 3122/3122/3122 3112/3112/3112 3113/3113/3113 
f 3113/3113/3113 3123/3123/3123 3122/3122/3122 
f 3124/3124/3124 3114/3114/3114 3115/3115/3115 
f 3115/3115/3115 3125/3125/3125 3124/3124/3124 
f 3126/3126/3126 3116/3116/3116 3117/3117/3117 
f 3117/3117/3117 3127/3127/3127 3126/3126/3126 
f 3128/3128/3128 3118/3118/3118 3119/3119/3119 
f 3119/3119/3119 3129/3129/3129 3128/3128/3128 
f 3130/3130/3130 3131/3131/3131 3120/3120/3120 
f 3120/3120/3120 3121/3121/3121 3130/3130/3130 
f 3132/3132/3132 3130/3130/3130 3121/3121/3121 
f 3121/3121/3121 3122/3122/3122 3132/3132/3132 
f 3133/3133/3133 3132/3132/3132 3122/3122/3122 
f 3122/3122/3122 3123/3123/3123 3133/3133/3133 
f 3134/3134/3134 3135/3135/3135 3124/3124/3124 
f 3124/3124/3124 3125/3125/3125 3134/3134/3134 
f 3136/3136/3136 3137/3137/3137 3126/3126/3126 
f 3126/3126/3126 3127/3127/3127 3136/3136/3136 
f 3138/3138/3138 3139/3139/3139 3128/3128/3128 
f 3128/3128/3128 3129/3129/3129 3138/3138/3138 
f 3140/3140/3140 3141/3141/3141 3131/3131/3131 
f 3131/3131/3131 3130/3130/3130 3140/3140/3140 
f 3142/3142/3142 3140/3140/3140 3130/3130/3130 
f 3130/3130/3130 3132/3132/3132 3142/3142/3142 
f 3143/3143/3143 3142/3142/3142 3132/3132/3132 
f 3132/3132/3132 3133/3133/3133 3143/3143/3143 
f 3144/3144/3144 3145/3145/3145 3135/3135/3135 
f 3135/3135/3135 3134/3134/3134 3144/3144/3144 
f 3146/3146/3146 3147/3147/3147 3137/3137/3137 
f 3137/3137/3137 3136/3136/3136 3146/3146/3146 
f 3148/3148/3148 3149/3149/3149 3139/3139/3139 
f 3139/3139/3139 3138/3138/3138 3148/3148/3148 
f 3150/3150/3150 3151/3151/3151 3141/3141/3141 
f 3141/3141/3141 3140/3140/3140 3150/3150/3150 
f 3152/3152/3152 3150/3150/3150 3140/3140/3140 
f 3140/3140/3140 3142/3142/3142 3152/3152/3152 
f 3153/3153/3153 3152/3152/3152 3142/3142/3142 
f 3142/3142/3142 3143/3143/3143 3153/3153/3153 
f 3154/3154/3154 3155/3155/3155 3145/3145/3145 
f 3145/3145/3145 3144/3144/3144 3154/3154/3154 
f 3156/3156/3156 3157/3157/3157 3147/3147/3147 
f 3147/3147/3147 3146/3146/3146 3156/3156/3156 
f 3158/3158/3158 3159/3159/3159 3149/3149/3149 
f 3149/3149/3149 3148/3148/3148 3158/3158/3158 
f 3160/3160/3160 3161/3161/3161 3162/3162/3162 
f 3162/3162/3162 3163/3163/3163 3160/3160/3160 
f 3162/3162/3162 3164/3164/3164 3165/3165/3165 
f 3165/3165/3165 3163/3163/3163 3162/3162/3162 
f 3164/3164/3164 3166/3166/3166 3167/3167/3167 
f 3167/3167/3167 3165/3165/3165 3164/3164/3164 
f 3168/3168/3168 3169/3169/3169 3170/3170/3170 
f 3170/3170/3170 3171/3171/3171 3168/3168/3168 
f 3172/3172/3172 3173/3173/3173 3174/3174/3174 
f 3174/3174/3174 3175/3175/3175 3172/3172/3172 
f 3176/3176/3176 3177/3177/3177 3178/3178/3178 
f 3178/3178/3178 3179/3179/3179 3176/3176/3176 
f 3160/3160/3160 3163/3163/3163 3180/3180/3180 
f 3180/3180/3180 3181/3181/3181 3160/3160/3160 
f 3163/3163/3163 3165/3165/3165 3182/3182/3182 
f 3182/3182/3182 3180/3180/3180 3163/3163/3163 
f 3165/3165/3165 3167/3167/3167 3183/3183/3183 
f 3183/3183/3183 3182/3182/3182 3165/3165/3165 
f 3168/3168/3168 3171/3171/3171 3184/3184/3184 
f 3184/3184/3184 3185/3185/3185 3168/3168/3168 
f 3172/3172/3172 3175/3175/3175 3186/3186/3186 
f 3186/3186/3186 3187/3187/3187 3172/3172/3172 
f 3178/3178/3178 3177/3177/3177 3188/3188/3188 
f 3188/3188/3188 3189/3189/3189 3178/3178/3178 
f 3190/3190/3190 3181/3181/3181 3180/3180/3180 
f 3180/3180/3180 3191/3191/3191 3190/3190/3190 
f 3191/3191/3191 3180/3180/3180 3182/3182/3182 
f 3182/3182/3182 3192/3192/3192 3191/3191/3191 
f 3192/3192/3192 3182/3182/3182 3183/3183/3183 
f 3183/3183/3183 3193/3193/3193 3192/3192/3192 
f 3194/3194/3194 3185/3185/3185 3184/3184/3184 
f 3184/3184/3184 3195/3195/3195 3194/3194/3194 
f 3196/3196/3196 3187/3187/3187 3186/3186/3186 
f 3186/3186/3186 3197/3197/3197 3196/3196/3196 
f 3198/3198/3198 3189/3189/3189 3188/3188/3188 
f 3188/3188/3188 3199/3199/3199 3198/3198/3198 
f 3200/3200/3200 3190/3190/3190 3191/3191/3191 
f 3191/3191/3191 3201/3201/3201 3200/3200/3200 
f 3201/3201/3201 3191/3191/3191 3192/3192/3192 
f 3192/3192/3192 3202/3202/3202 3201/3201/3201 
f 3202/3202/3202 3192/3192/3192 3193/3193/3193 
f 3193/3193/3193 3203/3203/3203 3202/3202/3202 
f 3204/3204/3204 3194/3194/3194 3195/3195/3195 
f 3195/3195/3195 3205/3205/3205 3204/3204/3204 
f 3206/3206/3206 3196/3196/3196 3197/3197/3197 
f 3197/3197/3197 3207/3207/3207 3206/3206/3206 
f 3208/3208/3208 3198/3198/3198 3199/3199/3199 
f 3199/3199/3199 3209/3209/3209 3208/3208/3208 
f 3210/3210/3210 3200/3200/3200 3201/3201/3201 
f 3201/3201/3201 3211/3211/3211 3210/3210/3210 
f 3211/3211/3211 3201/3201/3201 3202/3202/3202 
f 3202/3202/3202 3212/3212/3212 3211/3211/3211 
f 3212/3212/3212 3202/3202/3202 3203/3203/3203 
f 3203/3203/3203 3213/3213/3213 3212/3212/3212 
f 3214/3214/3214 3204/3204/3204 3205/3205/3205 
f 3205/3205/3205 3215/3215/3215 3214/3214/3214 
f 3216/3216/3216 3206/3206/3206 3207/3207/3207 
f 3207/3207/3207 3217/3217/3217 3216/3216/3216 
f 3218/3218/3218 3208/3208/3208 3209/3209/3209 
f 3209/3209/3209 3219/3219/3219 3218/3218/3218 
f 3220/3220/3220 3221/3221/3221 3210/3210/3210 
f 3210/3210/3210 3211/3211/3211 3220/3220/3220 
f 3222/3222/3222 3220/3220/3220 3211/3211/3211 
f 3211/3211/3211 3212/3212/3212 3222/3222/3222 
f 3223/3223/3223 3222/3222/3222 3212/3212/3212 
f 3212/3212/3212 3213/3213/3213 3223/3223/3223 
f 3224/3224/3224 3225/3225/3225 3214/3214/3214 
f 3214/3214/3214 3215/3215/3215 3224/3224/3224 
f 3226/3226/3226 3227/3227/3227 3216/3216/3216 
f 3216/3216/3216 3217/3217/3217 3226/3226/3226 
f 3228/3228/3228 3229/3229/3229 3218/3218/3218 
f 3218/3218/3218 3219/3219/3219 3228/3228/3228 
f 3230/3230/3230 3231/3231/3231 3221/3221/3221 
f 3221/3221/3221 3220/3220/3220 3230/3230/3230 
f 3232/3232/3232 3230/3230/3230 3220/3220/3220 
f 3220/3220/3220 3222/3222/3222 3232/3232/3232 
f 3233/3233/3233 3232/3232/3232 3222/3222/3222 
f 3222/3222/3222 3223/3223/3223 3233/3233/3233 
f 3234/3234/3234 3235/3235/3235 3225/3225/3225 
f 3225/3225/3225 3224/3224/3224 3234/3234/3234 
f 3236/3236/3236 3237/3237/3237 3227/3227/3227 
f 3227/3227/3227 3226/3226/3226 3236/3236/3236 
f 3238/3238/3238 3239/3239/3239 3229/3229/3229 
f 3229/3229/3229 3228/3228/3228 3238/3238/3238 
f 3240/3240/3240 3241/3241/3241 3231/3231/3231 
f 3231/3231/3231 3230/3230/3230 3240/3240/3240 
f 3242/3242/3242 3240/3240/3240 3230/3230/3230 
f 3230/3230/3230 3232/3232/3232 3242/3242/3242 
f 3243/3243/3243 3242/3242/3242 3232/3232/3232 
f 3232/3232/3232 3233/3233/3233 3243/3243/3243 
f 3244/3244/3244 3245/3245/3245 3235/3235/3235 
f 3235/3235/3235 3234/3234/3234 3244/3244/3244 
f 3246/3246/3246 3247/3247/3247 3237/3237/3237 
f 3237/3237/3237 3236/3236/3236 3246/3246/3246 
f 3248/3248/3248 3249/3249/3249 3239/3239/3239 
f 3239/3239/3239 3238/3238/3238 3248/3248/3248 
f 3250/3250/3250 3241/3241/3241 3240/3240/3240 
f 3240/3240/3240 3251/3251/3251 3250/3250/3250 
f 3251/3251/3251 3240/3240/3240 3242/3242/3242 
f 3242/3242/3242 3252/3252/3252 3251/3251/3251 
f 3252/3252/3252 3242/3242/3242 3243/3243/3243 
f 3243/3243/3243 3253/3253/3253 3252/3252/3252 
f 3254/3254/3254 3245/3245/3245 3244/3244/3244 
f 3244/3244/3244 3255/3255/3255 3254/3254/3254 
f 3256/3256/3256 3247/3247/3247 3246/3246/3246 
f 3246/3246/3246 3257/3257/3257 3256/3256/3256 
f 3248/3248/3248 3258/3258/3258 3259/3259/3259 
f 3259/3259/3259 3249/3249/3249 3248/3248/3248 
f 3250/3250/3250 3251/3251/3251 3092/3092/3092 
f 3092/3092/3092 3091/3091/3091 3250/3250/3250 
f 3092/3092/3092 3251/3251/3251 3252/3252/3252 
f 3252/3252/3252 3094/3094/3094 3092/3092/3092 
f 3094/3094/3094 3252/3252/3252 3253/3253/3253 
f 3253/3253/3253 3096/3096/3096 3094/3094/3094 
f 3254/3254/3254 3255/3255/3255 3100/3100/3100 
f 3100/3100/3100 3099/3099/3099 3254/3254/3254 
f 3256/3256/3256 3257/3257/3257 3104/3104/3104 
f 3104/3104/3104 3103/3103/3103 3256/3256/3256 
f 3259/3259/3259 3258/3258/3258 3108/3108/3108 
f 3108/3108/3108 3107/3107/3107 3259/3259/3259 
f 3260/3260/3260 3261/3261/3261 3262/3262/3262 
f 3262/3262/3262 3263/3263/3263 3260/3260/3260 
f 3263/3263/3263 3262/3262/3262 3264/3264/3264 
f 3264/3264/3264 3265/3265/3265 3263/3263/3263 
f 3261/3261/3261 3266/3266/3266 3267/3267/3267 
f 3267/3267/3267 3262/3262/3262 3261/3261/3261 
f 3267/3267/3267 3268/3268/3268 3264/3264/3264 
f 3264/3264/3264 3262/3262/3262 3267/3267/3267 
f 3266/3266/3266 3269/3269/3269 3270/3270/3270 
f 3270/3270/3270 3267/3267/3267 3266/3266/3266 
f 3270/3270/3270 3271/3271/3271 3268/3268/3268 
f 3268/3268/3268 3267/3267/3267 3270/3270/3270 
f 3272/3272/3272 3273/3273/3273 3270/3270/3270 
f 3270/3270/3270 3269/3269/3269 3272/3272/3272 
f 3270/3270/3270 3273/3273/3273 3274/3274/3274 
f 3274/3274/3274 3271/3271/3271 3270/3270/3270 
f 3275/3275/3275 3276/3276/3276 3273/3273/3273 
f 3273/3273/3273 3272/3272/3272 3275/3275/3275 
f 3273/3273/3273 3276/3276/3276 3277/3277/3277 
f 3277/3277/3277 3274/3274/3274 3273/3273/3273 
f 3276/3276/3276 3275/3275/3275 3278/3278/3278 
f 3278/3278/3278 3279/3279/3279 3276/3276/3276 
f 3277/3277/3277 3276/3276/3276 3279/3279/3279 
f 3279/3279/3279 3280/3280/3280 3277/3277/3277 
f 3281/3281/3281 3282/3282/3282 3283/3283/3283 
f 3283/3283/3283 3284/3284/3284 3281/3281/3281 
f 3285/3285/3285 3286/3286/3286 3281/3281/3281 
f 3281/3281/3281 3284/3284/3284 3285/3285/3285 
f 3287/3287/3287 3288/3288/3288 3282/3282/3282 
f 3282/3282/3282 3281/3281/3281 3287/3287/3287 
f 3286/3286/3286 3289/3289/3289 3287/3287/3287 
f 3287/3287/3287 3281/3281/3281 3286/3286/3286 
f 3290/3290/3290 3291/3291/3291 3288/3288/3288 
f 3288/3288/3288 3287/3287/3287 3290/3290/3290 
f 3289/3289/3289 3292/3292/3292 3290/3290/3290 
f 3290/3290/3290 3287/3287/3287 3289/3289/3289 
f 3290/3290/3290 3293/3293/3293 3294/3294/3294 
f 3294/3294/3294 3291/3291/3291 3290/3290/3290 
f 3295/3295/3295 3293/3293/3293 3290/3290/3290 
f 3290/3290/3290 3292/3292/3292 3295/3295/3295 
f 3293/3293/3293 3296/3296/3296 3297/3297/3297 
f 3297/3297/3297 3294/3294/3294 3293/3293/3293 
f 3298/3298/3298 3296/3296/3296 3293/3293/3293 
f 3293/3293/3293 3295/3295/3295 3298/3298/3298 
f 3296/3296/3296 3299/3299/3299 3300/3300/3300 
f 3300/3300/3300 3297/3297/3297 3296/3296/3296 
f 3296/3296/3296 3298/3298/3298 3301/3301/3301 
f 3301/3301/3301 3299/3299/3299 3296/3296/3296 
f 3157/3157/3157 3154/3154/3154 3144/3144/3144 
f 3144/3144/3144 3147/3147/3147 3157/3157/3157 
f 3171/3171/3171 3170/3170/3170 3173/3173/3173 
f 3173/3173/3173 3172/3172/3172 3171/3171/3171 
f 3171/3171/3171 3172/3172/3172 3187/3187/3187 
f 3187/3187/3187 3184/3184/3184 3171/3171/3171 
f 3187/3187/3187 3196/3196/3196 3195/3195/3195 
f 3195/3195/3195 3184/3184/3184 3187/3187/3187 
f 3196/3196/3196 3206/3206/3206 3205/3205/3205 
f 3205/3205/3205 3195/3195/3195 3196/3196/3196 
f 3206/3206/3206 3216/3216/3216 3215/3215/3215 
f 3215/3215/3215 3205/3205/3205 3206/3206/3206 
f 3227/3227/3227 3224/3224/3224 3215/3215/3215 
f 3215/3215/3215 3216/3216/3216 3227/3227/3227 
f 3237/3237/3237 3234/3234/3234 3224/3224/3224 
f 3224/3224/3224 3227/3227/3227 3237/3237/3237 
f 3247/3247/3247 3244/3244/3244 3234/3234/3234 
f 3234/3234/3234 3237/3237/3237 3247/3247/3247 
f 3255/3255/3255 3244/3244/3244 3247/3247/3247 
f 3247/3247/3247 3256/3256/3256 3255/3255/3255 
f 3255/3255/3255 3256/3256/3256 3103/3103/3103 
f 3103/3103/3103 3100/3100/3100 3255/3255/3255 
f 3103/3103/3103 3102/3102/3102 3101/3101/3101 
f 3101/3101/3101 3100/3100/3100 3103/3103/3103 
f 3102/3102/3102 3116/3116/3116 3115/3115/3115 
f 3115/3115/3115 3101/3101/3101 3102/3102/3102 
f 3116/3116/3116 3126/3126/3126 3125/3125/3125 
f 3125/3125/3125 3115/3115/3115 3116/3116/3116 
f 3137/3137/3137 3134/3134/3134 3125/3125/3125 
f 3125/3125/3125 3126/3126/3126 3137/3137/3137 
f 3147/3147/3147 3144/3144/3144 3134/3134/3134 
f 3134/3134/3134 3137/3137/3137 3147/3147/3147 
f 3302/3302/3302 3303/3303/3303 3304/3304/3304 
f 3304/3304/3304 3305/3305/3305 3302/3302/3302 
f 3306/3306/3306 3307/3307/3307 3308/3308/3308 
f 3308/3308/3308 3309/3309/3309 3306/3306/3306 
f 3306/3306/3306 3309/3309/3309 3310/3310/3310 
f 3310/3310/3310 3311/3311/3311 3306/3306/3306 
f 3310/3310/3310 3312/3312/3312 3313/3313/3313 
f 3313/3313/3313 3311/3311/3311 3310/3310/3310 
f 3312/3312/3312 3314/3314/3314 3315/3315/3315 
f 3315/3315/3315 3313/3313/3313 3312/3312/3312 
f 3314/3314/3314 3316/3316/3316 3317/3317/3317 
f 3317/3317/3317 3315/3315/3315 3314/3314/3314 
f 3318/3318/3318 3319/3319/3319 3317/3317/3317 
f 3317/3317/3317 3316/3316/3316 3318/3318/3318 
f 3320/3320/3320 3321/3321/3321 3319/3319/3319 
f 3319/3319/3319 3318/3318/3318 3320/3320/3320 
f 3322/3322/3322 3323/3323/3323 3321/3321/3321 
f 3321/3321/3321 3320/3320/3320 3322/3322/3322 
f 3324/3324/3324 3323/3323/3323 3322/3322/3322 
f 3322/3322/3322 3325/3325/3325 3324/3324/3324 
f 3324/3324/3324 3325/3325/3325 3326/3326/3326 
f 3326/3326/3326 3327/3327/3327 3324/3324/3324 
f 3326/3326/3326 3328/3328/3328 3329/3329/3329 
f 3329/3329/3329 3327/3327/3327 3326/3326/3326 
f 3328/3328/3328 3330/3330/3330 3331/3331/3331 
f 3331/3331/3331 3329/3329/3329 3328/3328/3328 
f 3330/3330/3330 3332/3332/3332 3333/3333/3333 
f 3333/3333/3333 3331/3331/3331 3330/3330/3330 
f 3334/3334/3334 3335/3335/3335 3333/3333/3333 
f 3333/3333/3333 3332/3332/3332 3334/3334/3334 
f 3305/3305/3305 3304/3304/3304 3335/3335/3335 
f 3335/3335/3335 3334/3334/3334 3305/3305/3305 
f 3158/3158/3158 3148/3148/3148 3336/3336/3336 
f 3336/3336/3336 3337/3337/3337 3158/3158/3158 
f 3176/3176/3176 3338/3338/3338 3339/3339/3339 
f 3339/3339/3339 3177/3177/3177 3176/3176/3176 
f 3177/3177/3177 3339/3339/3339 3340/3340/3340 
f 3340/3340/3340 3188/3188/3188 3177/3177/3177 
f 3340/3340/3340 3341/3341/3341 3199/3199/3199 
f 3199/3199/3199 3188/3188/3188 3340/3340/3340 
f 3341/3341/3341 3342/3342/3342 3209/3209/3209 
f 3209/3209/3209 3199/3199/3199 3341/3341/3341 
f 3342/3342/3342 3343/3343/3343 3219/3219/3219 
f 3219/3219/3219 3209/3209/3209 3342/3342/3342 
f 3344/3344/3344 3228/3228/3228 3219/3219/3219 
f 3219/3219/3219 3343/3343/3343 3344/3344/3344 
f 3345/3345/3345 3238/3238/3238 3228/3228/3228 
f 3228/3228/3228 3344/3344/3344 3345/3345/3345 
f 3346/3346/3346 3248/3248/3248 3238/3238/3238 
f 3238/3238/3238 3345/3345/3345 3346/3346/3346 
f 3346/3346/3346 3347/3347/3347 3258/3258/3258 
f 3258/3258/3258 3248/3248/3248 3346/3346/3346 
f 3347/3347/3347 3348/3348/3348 3108/3108/3108 
f 3108/3108/3108 3258/3258/3258 3347/3347/3347 
f 3349/3349/3349 3109/3109/3109 3108/3108/3108 
f 3108/3108/3108 3348/3348/3348 3349/3349/3349 
f 3349/3349/3349 3350/3350/3350 3119/3119/3119 
f 3119/3119/3119 3109/3109/3109 3349/3349/3349 
f 3350/3350/3350 3351/3351/3351 3129/3129/3129 
f 3129/3129/3129 3119/3119/3119 3350/3350/3350 
f 3352/3352/3352 3138/3138/3138 3129/3129/3129 
f 3129/3129/3129 3351/3351/3351 3352/3352/3352 
f 3336/3336/3336 3148/3148/3148 3138/3138/3138 
f 3138/3138/3138 3352/3352/3352 3336/3336/3336 
f 3353/3353/3353 3354/3354/3354 3355/3355/3355 
f 3355/3355/3355 3356/3356/3356 3353/3353/3353 
f 3357/3357/3357 3358/3358/3358 3359/3359/3359 
f 3359/3359/3359 3360/3360/3360 3357/3357/3357 
f 3359/3359/3359 3358/3358/3358 3361/3361/3361 
f 3361/3361/3361 3362/3362/3362 3359/3359/3359 
f 3361/3361/3361 3363/3363/3363 3364/3364/3364 
f 3364/3364/3364 3362/3362/3362 3361/3361/3361 
f 3363/3363/3363 3365/3365/3365 3366/3366/3366 
f 3366/3366/3366 3364/3364/3364 3363/3363/3363 
f 3365/3365/3365 3367/3367/3367 3368/3368/3368 
f 3368/3368/3368 3366/3366/3366 3365/3365/3365 
f 3369/3369/3369 3370/3370/3370 3368/3368/3368 
f 3368/3368/3368 3367/3367/3367 3369/3369/3369 
f 3371/3371/3371 3372/3372/3372 3370/3370/3370 
f 3370/3370/3370 3369/3369/3369 3371/3371/3371 
f 3373/3373/3373 3374/3374/3374 3372/3372/3372 
f 3372/3372/3372 3371/3371/3371 3373/3373/3373 
f 3373/3373/3373 3375/3375/3375 3376/3376/3376 
f 3376/3376/3376 3374/3374/3374 3373/3373/3373 
f 3376/3376/3376 3375/3375/3375 3377/3377/3377 
f 3377/3377/3377 3378/3378/3378 3376/3376/3376 
f 3379/3379/3379 3380/3380/3380 3378/3378/3378 
f 3378/3378/3378 3377/3377/3377 3379/3379/3379 
f 3379/3379/3379 3381/3381/3381 3382/3382/3382 
f 3382/3382/3382 3380/3380/3380 3379/3379/3379 
f 3381/3381/3381 3383/3383/3383 3384/3384/3384 
f 3384/3384/3384 3382/3382/3382 3381/3381/3381 
f 3385/3385/3385 3386/3386/3386 3384/3384/3384 
f 3384/3384/3384 3383/3383/3383 3385/3385/3385 
f 3355/3355/3355 3354/3354/3354 3386/3386/3386 
f 3386/3386/3386 3385/3385/3385 3355/3355/3355 
f 3387/3387/3387 3356/3356/3356 3355/3355/3355 
f 3355/3355/3355 3388/3388/3388 3387/3387/3387 
f 3389/3389/3389 3390/3390/3390 3358/3358/3358 
f 3358/3358/3358 3357/3357/3357 3389/3389/3389 
f 3358/3358/3358 3390/3390/3390 3391/3391/3391 
f 3391/3391/3391 3361/3361/3361 3358/3358/3358 
f 3391/3391/3391 3392/3392/3392 3363/3363/3363 
f 3363/3363/3363 3361/3361/3361 3391/3391/3391 
f 3392/3392/3392 3393/3393/3393 3365/3365/3365 
f 3365/3365/3365 3363/3363/3363 3392/3392/3392 
f 3393/3393/3393 3394/3394/3394 3367/3367/3367 
f 3367/3367/3367 3365/3365/3365 3393/3393/3393 
f 3395/3395/3395 3369/3369/3369 3367/3367/3367 
f 3367/3367/3367 3394/3394/3394 3395/3395/3395 
f 3396/3396/3396 3371/3371/3371 3369/3369/3369 
f 3369/3369/3369 3395/3395/3395 3396/3396/3396 
f 3397/3397/3397 3373/3373/3373 3371/3371/3371 
f 3371/3371/3371 3396/3396/3396 3397/3397/3397 
f 3397/3397/3397 3398/3398/3398 3375/3375/3375 
f 3375/3375/3375 3373/3373/3373 3397/3397/3397 
f 3375/3375/3375 3398/3398/3398 3399/3399/3399 
f 3399/3399/3399 3377/3377/3377 3375/3375/3375 
f 3399/3399/3399 3400/3400/3400 3379/3379/3379 
f 3379/3379/3379 3377/3377/3377 3399/3399/3399 
f 3400/3400/3400 3401/3401/3401 3381/3381/3381 
f 3381/3381/3381 3379/3379/3379 3400/3400/3400 
f 3401/3401/3401 3402/3402/3402 3383/3383/3383 
f 3383/3383/3383 3381/3381/3381 3401/3401/3401 
f 3403/3403/3403 3385/3385/3385 3383/3383/3383 
f 3383/3383/3383 3402/3402/3402 3403/3403/3403 
f 3388/3388/3388 3355/3355/3355 3385/3385/3385 
f 3385/3385/3385 3403/3403/3403 3388/3388/3388 
f 3280/3280/3280 3387/3387/3387 3388/3388/3388 
f 3388/3388/3388 3277/3277/3277 3280/3280/3280 
f 3280/3280/3280 3279/3279/3279 3390/3390/3390 
f 3390/3390/3390 3389/3389/3389 3280/3280/3280 
f 3390/3390/3390 3279/3279/3279 3278/3278/3278 
f 3278/3278/3278 3391/3391/3391 3390/3390/3390 
f 3278/3278/3278 3275/3275/3275 3392/3392/3392 
f 3392/3392/3392 3391/3391/3391 3278/3278/3278 
f 3275/3275/3275 3272/3272/3272 3393/3393/3393 
f 3393/3393/3393 3392/3392/3392 3275/3275/3275 
f 3272/3272/3272 3269/3269/3269 3394/3394/3394 
f 3394/3394/3394 3393/3393/3393 3272/3272/3272 
f 3266/3266/3266 3395/3395/3395 3394/3394/3394 
f 3394/3394/3394 3269/3269/3269 3266/3266/3266 
f 3261/3261/3261 3396/3396/3396 3395/3395/3395 
f 3395/3395/3395 3266/3266/3266 3261/3261/3261 
f 3260/3260/3260 3397/3397/3397 3396/3396/3396 
f 3396/3396/3396 3261/3261/3261 3260/3260/3260 
f 3260/3260/3260 3263/3263/3263 3398/3398/3398 
f 3398/3398/3398 3397/3397/3397 3260/3260/3260 
f 3398/3398/3398 3263/3263/3263 3265/3265/3265 
f 3265/3265/3265 3399/3399/3399 3398/3398/3398 
f 3265/3265/3265 3264/3264/3264 3400/3400/3400 
f 3400/3400/3400 3399/3399/3399 3265/3265/3265 
f 3264/3264/3264 3268/3268/3268 3401/3401/3401 
f 3401/3401/3401 3400/3400/3400 3264/3264/3264 
f 3268/3268/3268 3271/3271/3271 3402/3402/3402 
f 3402/3402/3402 3401/3401/3401 3268/3268/3268 
f 3274/3274/3274 3403/3403/3403 3402/3402/3402 
f 3402/3402/3402 3271/3271/3271 3274/3274/3274 
f 3277/3277/3277 3388/3388/3388 3403/3403/3403 
f 3403/3403/3403 3274/3274/3274 3277/3277/3277 
f 3155/3155/3155 3153/3153/3153 3143/3143/3143 
f 3143/3143/3143 3145/3145/3145 3155/3155/3155 
f 3166/3166/3166 3169/3169/3169 3168/3168/3168 
f 3168/3168/3168 3167/3167/3167 3166/3166/3166 
f 3167/3167/3167 3168/3168/3168 3185/3185/3185 
f 3185/3185/3185 3183/3183/3183 3167/3167/3167 
f 3185/3185/3185 3194/3194/3194 3193/3193/3193 
f 3193/3193/3193 3183/3183/3183 3185/3185/3185 
f 3194/3194/3194 3204/3204/3204 3203/3203/3203 
f 3203/3203/3203 3193/3193/3193 3194/3194/3194 
f 3204/3204/3204 3214/3214/3214 3213/3213/3213 
f 3213/3213/3213 3203/3203/3203 3204/3204/3204 
f 3225/3225/3225 3223/3223/3223 3213/3213/3213 
f 3213/3213/3213 3214/3214/3214 3225/3225/3225 
f 3235/3235/3235 3233/3233/3233 3223/3223/3223 
f 3223/3223/3223 3225/3225/3225 3235/3235/3235 
f 3245/3245/3245 3243/3243/3243 3233/3233/3233 
f 3233/3233/3233 3235/3235/3235 3245/3245/3245 
f 3253/3253/3253 3243/3243/3243 3245/3245/3245 
f 3245/3245/3245 3254/3254/3254 3253/3253/3253 
f 3096/3096/3096 3253/3253/3253 3254/3254/3254 
f 3254/3254/3254 3099/3099/3099 3096/3096/3096 
f 3099/3099/3099 3098/3098/3098 3097/3097/3097 
f 3097/3097/3097 3096/3096/3096 3099/3099/3099 
f 3098/3098/3098 3114/3114/3114 3113/3113/3113 
f 3113/3113/3113 3097/3097/3097 3098/3098/3098 
f 3114/3114/3114 3124/3124/3124 3123/3123/3123 
f 3123/3123/3123 3113/3113/3113 3114/3114/3114 
f 3135/3135/3135 3133/3133/3133 3123/3123/3123 
f 3123/3123/3123 3124/3124/3124 3135/3135/3135 
f 3145/3145/3145 3143/3143/3143 3133/3133/3133 
f 3133/3133/3133 3135/3135/3135 3145/3145/3145 
f 3303/3303/3303 3156/3156/3156 3146/3146/3146 
f 3146/3146/3146 3304/3304/3304 3303/3303/3303 
f 3175/3175/3175 3174/3174/3174 3307/3307/3307 
f 3307/3307/3307 3306/3306/3306 3175/3175/3175 
f 3175/3175/3175 3306/3306/3306 3311/3311/3311 
f 3311/3311/3311 3186/3186/3186 3175/3175/3175 
f 3311/3311/3311 3313/3313/3313 3197/3197/3197 
f 3197/3197/3197 3186/3186/3186 3311/3311/3311 
f 3313/3313/3313 3315/3315/3315 3207/3207/3207 
f 3207/3207/3207 3197/3197/3197 3313/3313/3313 
f 3315/3315/3315 3317/3317/3317 3217/3217/3217 
f 3217/3217/3217 3207/3207/3207 3315/3315/3315 
f 3319/3319/3319 3226/3226/3226 3217/3217/3217 
f 3217/3217/3217 3317/3317/3317 3319/3319/3319 
f 3321/3321/3321 3236/3236/3236 3226/3226/3226 
f 3226/3226/3226 3319/3319/3319 3321/3321/3321 
f 3323/3323/3323 3246/3246/3246 3236/3236/3236 
f 3236/3236/3236 3321/3321/3321 3323/3323/3323 
f 3257/3257/3257 3246/3246/3246 3323/3323/3323 
f 3323/3323/3323 3324/3324/3324 3257/3257/3257 
f 3257/3257/3257 3324/3324/3324 3327/3327/3327 
f 3327/3327/3327 3104/3104/3104 3257/3257/3257 
f 3327/3327/3327 3329/3329/3329 3105/3105/3105 
f 3105/3105/3105 3104/3104/3104 3327/3327/3327 
f 3329/3329/3329 3331/3331/3331 3117/3117/3117 
f 3117/3117/3117 3105/3105/3105 3329/3329/3329 
f 3331/3331/3331 3333/3333/3333 3127/3127/3127 
f 3127/3127/3127 3117/3117/3117 3331/3331/3331 
f 3335/3335/3335 3136/3136/3136 3127/3127/3127 
f 3127/3127/3127 3333/3333/3333 3335/3335/3335 
f 3304/3304/3304 3146/3146/3146 3136/3136/3136 
f 3136/3136/3136 3335/3335/3335 3304/3304/3304 
f 3159/3159/3159 3302/3302/3302 3305/3305/3305 
f 3305/3305/3305 3149/3149/3149 3159/3159/3159 
f 3309/3309/3309 3308/3308/3308 3179/3179/3179 
f 3179/3179/3179 3178/3178/3178 3309/3309/3309 
f 3309/3309/3309 3178/3178/3178 3189/3189/3189 
f 3189/3189/3189 3310/3310/3310 3309/3309/3309 
f 3189/3189/3189 3198/3198/3198 3312/3312/3312 
f 3312/3312/3312 3310/3310/3310 3189/3189/3189 
f 3198/3198/3198 3208/3208/3208 3314/3314/3314 
f 3314/3314/3314 3312/3312/3312 3198/3198/3198 
f 3208/3208/3208 3218/3218/3218 3316/3316/3316 
f 3316/3316/3316 3314/3314/3314 3208/3208/3208 
f 3229/3229/3229 3318/3318/3318 3316/3316/3316 
f 3316/3316/3316 3218/3218/3218 3229/3229/3229 
f 3239/3239/3239 3320/3320/3320 3318/3318/3318 
f 3318/3318/3318 3229/3229/3229 3239/3239/3239 
f 3249/3249/3249 3322/3322/3322 3320/3320/3320 
f 3320/3320/3320 3239/3239/3239 3249/3249/3249 
f 3325/3325/3325 3322/3322/3322 3249/3249/3249 
f 3249/3249/3249 3259/3259/3259 3325/3325/3325 
f 3325/3325/3325 3259/3259/3259 3107/3107/3107 
f 3107/3107/3107 3326/3326/3326 3325/3325/3325 
f 3107/3107/3107 3106/3106/3106 3328/3328/3328 
f 3328/3328/3328 3326/3326/3326 3107/3107/3107 
f 3106/3106/3106 3118/3118/3118 3330/3330/3330 
f 3330/3330/3330 3328/3328/3328 3106/3106/3106 
f 3118/3118/3118 3128/3128/3128 3332/3332/3332 
f 3332/3332/3332 3330/3330/3330 3118/3118/3118 
f 3139/3139/3139 3334/3334/3334 3332/3332/3332 
f 3332/3332/3332 3128/3128/3128 3139/3139/3139 
f 3149/3149/3149 3305/3305/3305 3334/3334/3334 
f 3334/3334/3334 3139/3139/3139 3149/3149/3149 
f 3337/3337/3337 3336/3336/3336 3354/3354/3354 
f 3354/3354/3354 3353/3353/3353 3337/3337/3337 
f 3360/3360/3360 3359/3359/3359 3339/3339/3339 
f 3339/3339/3339 3338/3338/3338 3360/3360/3360 
f 3339/3339/3339 3359/3359/3359 3362/3362/3362 
f 3362/3362/3362 3340/3340/3340 3339/3339/3339 
f 3362/3362/3362 3364/3364/3364 3341/3341/3341 
f 3341/3341/3341 3340/3340/3340 3362/3362/3362 
f 3364/3364/3364 3366/3366/3366 3342/3342/3342 
f 3342/3342/3342 3341/3341/3341 3364/3364/3364 
f 3366/3366/3366 3368/3368/3368 3343/3343/3343 
f 3343/3343/3343 3342/3342/3342 3366/3366/3366 
f 3370/3370/3370 3344/3344/3344 3343/3343/3343 
f 3343/3343/3343 3368/3368/3368 3370/3370/3370 
f 3372/3372/3372 3345/3345/3345 3344/3344/3344 
f 3344/3344/3344 3370/3370/3370 3372/3372/3372 
f 3374/3374/3374 3346/3346/3346 3345/3345/3345 
f 3345/3345/3345 3372/3372/3372 3374/3374/3374 
f 3374/3374/3374 3376/3376/3376 3347/3347/3347 
f 3347/3347/3347 3346/3346/3346 3374/3374/3374 
f 3347/3347/3347 3376/3376/3376 3378/3378/3378 
f 3378/3378/3378 3348/3348/3348 3347/3347/3347 
f 3380/3380/3380 3349/3349/3349 3348/3348/3348 
f 3348/3348/3348 3378/3378/3378 3380/3380/3380 
f 3380/3380/3380 3382/3382/3382 3350/3350/3350 
f 3350/3350/3350 3349/3349/3349 3380/3380/3380 
f 3382/3382/3382 3384/3384/3384 3351/3351/3351 
f 3351/3351/3351 3350/3350/3350 3382/3382/3382 
f 3386/3386/3386 3352/3352/3352 3351/3351/3351 
f 3351/3351/3351 3384/3384/3384 3386/3386/3386 
f 3354/3354/3354 3336/3336/3336 3352/3352/3352 
f 3352/3352/3352 3386/3386/3386 3354/3354/3354 
f 3282/3282/3282 3231/3231/3231 3241/3241/3241 
f 3241/3241/3241 3283/3283/3283 3282/3282/3282 
f 3284/3284/3284 3283/3283/3283 3241/3241/3241 
f 3241/3241/3241 3250/3250/3250 3284/3284/3284 
f 3284/3284/3284 3250/3250/3250 3091/3091/3091 
f 3091/3091/3091 3285/3285/3285 3284/3284/3284 
f 3285/3285/3285 3091/3091/3091 3090/3090/3090 
f 3090/3090/3090 3286/3286/3286 3285/3285/3285 
f 3288/3288/3288 3221/3221/3221 3231/3231/3231 
f 3231/3231/3231 3282/3282/3282 3288/3288/3288 
f 3286/3286/3286 3090/3090/3090 3110/3110/3110 
f 3110/3110/3110 3289/3289/3289 3286/3286/3286 
f 3291/3291/3291 3210/3210/3210 3221/3221/3221 
f 3221/3221/3221 3288/3288/3288 3291/3291/3291 
f 3289/3289/3289 3110/3110/3110 3120/3120/3120 
f 3120/3120/3120 3292/3292/3292 3289/3289/3289 
f 3294/3294/3294 3200/3200/3200 3210/3210/3210 
f 3210/3210/3210 3291/3291/3291 3294/3294/3294 
f 3292/3292/3292 3120/3120/3120 3131/3131/3131 
f 3131/3131/3131 3295/3295/3295 3292/3292/3292 
f 3297/3297/3297 3190/3190/3190 3200/3200/3200 
f 3200/3200/3200 3294/3294/3294 3297/3297/3297 
f 3295/3295/3295 3131/3131/3131 3141/3141/3141 
f 3141/3141/3141 3298/3298/3298 3295/3295/3295 
f 3299/3299/3299 3160/3160/3160 3181/3181/3181 
f 3181/3181/3181 3300/3300/3300 3299/3299/3299 
f 3300/3300/3300 3181/3181/3181 3190/3190/3190 
f 3190/3190/3190 3297/3297/3297 3300/3300/3300 
f 3299/3299/3299 3301/3301/3301 3161/3161/3161 
f 3161/3161/3161 3160/3160/3160 3299/3299/3299 
f 3298/3298/3298 3141/3141/3141 3151/3151/3151 
f 3151/3151/3151 3301/3301/3301 3298/3298/3298 

g RedcliffKnight2

v -145.125 4.10691 -232.077 
v -145.125 2.23691 -232.077 
v -144.255 2.23691 -232.077 
v -144.255 4.10691 -232.077 
v -145.125 4.17191 -232.142 
v -145.19 4.10691 -232.142 
v -145.19 2.23691 -232.142 
v -145.125 2.17191 -232.142 
v -144.255 2.17191 -232.142 
v -144.19 2.23691 -232.142 
v -144.19 4.10691 -232.142 
v -144.255 4.17191 -232.142 
v -145.125 4.17191 -232.142 
v -145.125 4.17191 -233.012 
v -145.19 4.10691 -233.012 
v -145.19 2.23691 -233.012 
v -145.125 2.17191 -233.012 
v -145.125 2.17191 -232.142 
v -145.125 2.17191 -232.142 
v -145.125 2.17191 -233.012 
v -144.255 2.17191 -233.012 
v -144.255 2.17191 -232.142 
v -144.255 2.17191 -232.142 
v -144.255 2.17191 -233.012 
v -144.19 2.23691 -233.012 
v -144.19 2.23691 -232.142 
v -144.19 4.10691 -233.012 
v -144.19 4.10691 -232.142 
v -144.255 4.17191 -233.012 
v -144.255 4.17191 -232.142 
v -144.255 4.17191 -232.142 
v -144.255 4.17191 -233.012 
v -145.125 4.17191 -233.012 
v -145.125 4.17191 -232.142 
v -145.125 4.17191 -233.012 
v -145.125 4.10691 -233.077 
v -145.125 2.23691 -233.077 
v -145.125 2.17191 -233.012 
v -144.255 2.23691 -233.077 
v -144.255 2.17191 -233.012 
v -144.255 4.10691 -233.077 
v -144.255 4.17191 -233.012 

vn 0 0 1 
vn 0 0 1 
vn 0 0 1 
vn 0 0 1 
vn 0 1 0 
vn -1 0 0 
vn -1 0 0 
vn 0 -1 0 
vn 0 -1 0 
vn 1 0 0 
vn 1 0 0 
vn 0 1 0 
vn 0 1 0 
vn 0 1 0 
vn -1 0 0 
vn -1 0 0 
vn 0 -1 0 
vn 0 -1 0 
vn 0 -1 0 
vn 0 -1 0 
vn 0 -1 0 
vn 0 -1 0 
vn 0 -1 0 
vn 0 -1 0 
vn 1 0 0 
vn 1 0 0 
vn 1 0 0 
vn 1 0 0 
vn 0 1 0 
vn 0 1 0 
vn 0 1 0 
vn 0 1 0 
vn 0 1 0 
vn 0 1 0 
vn 0 1 0 
vn 0 0 -1 
vn 0 0 -1 
vn 0 -1 0 
vn 0 0 -1 
vn 0 -1 0 
vn 0 0 -1 
vn 0 1 0 

vt 0.408691 0.621094 
vt 0.317871 0.621094 
vt 0.317871 0.503906 
vt 0.408691 0.503906 
vt 0.411621 0.621094 
vt 0.408691 0.628906 
vt 0.317871 0.628906 
vt 0.314941 0.621094 
vt 0.314941 0.503906 
vt 0.317871 0.496094 
vt 0.408691 0.496094 
vt 0.411621 0.503906 
vt 0.411621 0.628906 
vt 0.411621 0.746094 
vt 0.408691 0.746094 
vt 0.317871 0.746094 
vt 0.314941 0.746094 
vt 0.314941 0.628906 
vt 0.654785 0.238281 
vt 0.654785 0.355469 
vt 0.61084 0.355469 
vt 0.61084 0.238281 
vt 0.314941 0.996094 
vt 0.314941 0.878906 
vt 0.317871 0.878906 
vt 0.317871 0.996094 
vt 0.408691 0.878906 
vt 0.408691 0.996094 
vt 0.411621 0.878906 
vt 0.411621 0.996094 
vt 0.14795 0.210937 
vt 0.14795 0.09375 
vt 0.191894 0.09375 
vt 0.191894 0.210937 
vt 0.411621 0.753906 
vt 0.408691 0.753906 
vt 0.317871 0.753906 
vt 0.314941 0.753906 
vt 0.317871 0.871094 
vt 0.314941 0.871094 
vt 0.408691 0.871094 
vt 0.411621 0.871094 

usemtl RedcliffKnight1Mtl

f 3404/3404/3404 3405/3405/3405 3406/3406/3406 
f 3404/3404/3404 3406/3406/3406 3407/3407/3407 
f 3404/3404/3404 3408/3408/3408 3409/3409/3409 
f 3404/3404/3404 3409/3409/3409 3410/3410/3410 
f 3404/3404/3404 3410/3410/3410 3405/3405/3405 
f 3405/3405/3405 3410/3410/3410 3411/3411/3411 
f 3405/3405/3405 3411/3411/3411 3412/3412/3412 
f 3405/3405/3405 3412/3412/3412 3406/3406/3406 
f 3406/3406/3406 3412/3412/3412 3413/3413/3413 
f 3406/3406/3406 3413/3413/3413 3414/3414/3414 
f 3406/3406/3406 3414/3414/3414 3407/3407/3407 
f 3407/3407/3407 3414/3414/3414 3415/3415/3415 
f 3407/3407/3407 3415/3415/3415 3408/3408/3408 
f 3407/3407/3407 3408/3408/3408 3404/3404/3404 
f 3416/3416/3416 3417/3417/3417 3418/3418/3418 
f 3416/3416/3416 3418/3418/3418 3409/3409/3409 
f 3409/3409/3409 3418/3418/3418 3419/3419/3419 
f 3409/3409/3409 3419/3419/3419 3410/3410/3410 
f 3410/3410/3410 3419/3419/3419 3420/3420/3420 
f 3410/3410/3410 3420/3420/3420 3421/3421/3421 
f 3422/3422/3422 3423/3423/3423 3424/3424/3424 
f 3422/3422/3422 3424/3424/3424 3425/3425/3425 
f 3426/3426/3426 3427/3427/3427 3428/3428/3428 
f 3426/3426/3426 3428/3428/3428 3429/3429/3429 
f 3429/3429/3429 3428/3428/3428 3430/3430/3430 
f 3429/3429/3429 3430/3430/3430 3431/3431/3431 
f 3431/3431/3431 3430/3430/3430 3432/3432/3432 
f 3431/3431/3431 3432/3432/3432 3433/3433/3433 
f 3434/3434/3434 3435/3435/3435 3436/3436/3436 
f 3434/3434/3434 3436/3436/3436 3437/3437/3437 
f 3438/3438/3438 3439/3439/3439 3418/3418/3418 
f 3418/3418/3418 3439/3439/3439 3440/3440/3440 
f 3418/3418/3418 3440/3440/3440 3419/3419/3419 
f 3419/3419/3419 3440/3440/3440 3441/3441/3441 
f 3441/3441/3441 3440/3440/3440 3442/3442/3442 
f 3441/3441/3441 3442/3442/3442 3443/3443/3443 
f 3443/3443/3443 3442/3442/3442 3428/3428/3428 
f 3428/3428/3428 3442/3442/3442 3444/3444/3444 
f 3428/3428/3428 3444/3444/3444 3430/3430/3430 
f 3430/3430/3430 3444/3444/3444 3445/3445/3445 
f 3445/3445/3445 3444/3444/3444 3439/3439/3439 
f 3445/3445/3445 3439/3439/3439 3438/3438/3438 
f 3444/3444/3444 3442/3442/3442 3440/3440/3440 
f 3444/3444/3444 3440/3440/3440 3439/3439/3439 

g Shield1

v -140.844 3.199 -233.036 
v -140.864 3.21635 -233.234 
v -140.866 3.31176 -233.226 
v -140.852 3.32597 -233.025 
v -140.855 3.18162 -232.838 
v -140.861 3.3303 -232.846 
v -140.88 3.18254 -232.631 
v -140.88 3.16369 -232.632 
v -140.95 3.28075 -233.62 
v -140.916 3.35161 -233.418 
v -140.904 3.29286 -233.425 
v -140.95 3.26607 -233.627 
v -140.893 3.40515 -233.217 
v -140.89 3.44962 -233.014 
v -140.88 3.20196 -232.637 
v -140.895 3.47597 -232.855 
v -140.9 3.23353 -233.43 
v -140.951 3.25097 -233.629 
v -140.844 3.199 -233.036 
v -140.853 3.07204 -233.047 
v -140.866 3.12096 -233.243 
v -140.864 3.21635 -233.234 
v -140.855 3.18162 -232.838 
v -140.88 3.16369 -232.632 
v -140.88 3.14497 -232.635 
v -140.861 3.03672 -232.872 
v -140.95 3.22007 -233.625 
v -140.951 3.23574 -233.63 
v -140.904 3.17413 -233.435 
v -140.916 3.11523 -233.439 
v -140.894 3.02738 -233.25 
v -140.891 2.94838 -233.058 
v -140.88 3.12682 -232.644 
v -140.896 2.89493 -232.906 
v -140.951 3.25097 -233.629 
v -140.9 3.23353 -233.43 
v -141.003 3.26507 -233.619 
v -141.002 3.27941 -233.612 
v -140.95 3.28075 -233.62 
v -140.95 3.26607 -233.627 
v -140.895 3.47597 -232.855 
v -140.949 3.46943 -232.857 
v -140.934 3.20148 -232.641 
v -140.88 3.20196 -232.637 
v -140.88 3.18254 -232.631 
v -140.934 3.1825 -232.635 
v -140.934 3.16408 -232.636 
v -140.88 3.16369 -232.632 
v -140.945 3.4438 -233.013 
v -140.949 3.46943 -232.857 
v -140.895 3.47597 -232.855 
v -140.89 3.44962 -233.014 
v -140.948 3.40055 -233.213 
v -140.893 3.40515 -233.217 
v -140.916 3.35161 -233.418 
v -140.969 3.34845 -233.413 
v -140.95 3.28075 -233.62 
v -141.002 3.27941 -233.612 
v -141.003 3.25032 -233.621 
v -140.951 3.25097 -233.629 
v -141.002 3.22012 -233.617 
v -141.003 3.23543 -233.621 
v -140.951 3.23574 -233.63 
v -140.95 3.22007 -233.625 
v -140.934 3.12806 -232.647 
v -140.949 2.90173 -232.906 
v -140.896 2.89493 -232.906 
v -140.88 3.12682 -232.644 
v -140.934 3.14579 -232.638 
v -140.88 3.14497 -232.635 
v -140.949 2.90173 -232.906 
v -140.945 2.95414 -233.056 
v -140.891 2.94838 -233.058 
v -140.896 2.89493 -232.906 
v -140.948 3.03149 -233.246 
v -140.894 3.02738 -233.25 
v -140.97 3.11749 -233.433 
v -140.916 3.11523 -233.439 
v -141.002 3.22012 -233.617 
v -140.95 3.22007 -233.625 
v -140.911 3.19972 -232.655 
v -140.958 3.17352 -232.362 
v -140.942 3.16943 -232.361 
v -140.895 3.19564 -232.654 
v -140.93 3.15814 -232.36 
v -140.883 3.18419 -232.654 
v -140.926 3.14266 -232.361 
v -140.879 3.16842 -232.655 
v -140.93 3.12727 -232.363 
v -140.883 3.15269 -232.657 
v -140.942 3.11624 -232.365 
v -140.895 3.14137 -232.659 
v -140.911 3.13747 -232.66 
v -140.958 3.11252 -232.368 
v -141.021 3.30083 -233.827 
v -140.969 3.27618 -233.538 
v -140.954 3.27248 -233.54 
v -141.006 3.2973 -233.831 
v -140.903 3.25166 -233.247 
v -140.886 3.24777 -233.249 
v -140.885 3.22596 -232.951 
v -140.868 3.22194 -232.951 
v -141.157 3.09178 -231.502 
v -141.07 3.11747 -231.784 
v -141.085 3.12151 -231.788 
v -141.172 3.09576 -231.506 
v -141.002 3.1434 -232.071 
v -141.018 3.14747 -232.074 
v -140.942 3.2615 -233.542 
v -140.994 3.28665 -233.834 
v -140.874 3.23641 -233.25 
v -140.856 3.21042 -232.952 
v -141.146 3.08134 -231.499 
v -141.059 3.10667 -231.782 
v -140.991 3.13233 -232.07 
v -140.938 3.2462 -233.544 
v -140.99 3.27172 -233.836 
v -140.87 3.22063 -233.252 
v -140.851 3.1945 -232.953 
v -141.142 3.06723 -231.499 
v -141.055 3.092 -231.782 
v -140.987 3.11723 -232.07 
v -140.942 3.23079 -233.545 
v -140.994 3.25664 -233.837 
v -140.874 3.2048 -233.253 
v -140.856 3.17857 -232.955 
v -141.146 3.05335 -231.501 
v -141.059 3.07752 -231.784 
v -140.991 3.10227 -232.072 
v -140.954 3.21955 -233.545 
v -141.006 3.24558 -233.835 
v -140.886 3.19329 -233.253 
v -140.868 3.16704 -232.956 
v -141.157 3.04356 -231.506 
v -141.07 3.06724 -231.788 
v -141.002 3.0916 -232.076 
v -140.969 3.21548 -233.543 
v -141.021 3.24151 -233.832 
v -140.903 3.1892 -233.253 
v -140.884 3.16301 -232.956 
v -141.172 3.04047 -231.511 
v -141.085 3.06391 -231.793 
v -141.018 3.08806 -232.079 
v -140.929 3.52888 -233.005 
v -140.967 3.56113 -233.412 
v -141.034 3.87844 -233.362 
v -141.009 3.8505 -232.972 
v -141.042 3.65209 -232.15 
v -140.995 3.38571 -232.172 
v -140.943 3.47391 -232.588 
v -141.013 3.78729 -232.56 
v -141.09 3.4582 -231.797 
v -141.068 3.27028 -231.806 
v -141.129 3.1733 -231.588 
v -141.138 3.10174 -231.559 
v -141.002 3.82009 -232.761 
v -140.921 3.50242 -232.79 
v -140.932 3.50182 -232.796 
v -141.014 3.818 -232.767 
v -141.04 3.82963 -233.55 
v -140.999 3.54421 -233.675 
v -141.098 4.06561 -233.352 
v -141.078 4.04798 -232.952 
v -140.863 3.20228 -233.042 
v -140.935 3.23884 -233.46 
v -141.092 3.84266 -232.155 
v -141.087 4.01041 -232.564 
v -140.9 3.16537 -232.621 
v -140.986 3.12494 -232.158 
v -141.095 3.62276 -231.887 
v -141.057 3.09696 -231.839 
v -141.123 3.23549 -231.613 
v -141.143 3.07138 -231.546 
v -141.078 4.02976 -232.748 
v -141.089 4.0266 -232.758 
v -140.887 3.18378 -232.831 
v -140.874 3.1844 -232.838 
v -140.92 3.50481 -232.806 
v -140.932 3.50182 -232.796 
v -140.987 3.26259 -233.732 
v -141.105 4.06264 -233.443 
v -140.928 2.87414 -233.062 
v -141.009 2.55169 -233.086 
v -141.034 2.59183 -233.474 
v -140.967 2.91302 -233.468 
v -141.042 2.60439 -232.242 
v -141.013 2.54241 -232.669 
v -140.943 2.85591 -232.642 
v -140.995 2.87052 -232.217 
v -141.09 2.73404 -231.861 
v -141.068 2.92061 -231.837 
v -141.129 2.97829 -231.605 
v -141.138 3.04367 -231.564 
v -140.933 2.86457 -232.852 
v -140.921 2.86286 -232.846 
v -141.002 2.54483 -232.873 
v -141.013 2.54787 -232.878 
v -141.04 2.67255 -233.651 
v -140.999 2.97533 -233.724 
v -141.078 2.3537 -233.1 
v -141.098 2.40577 -233.497 
v -141.092 2.41762 -232.28 
v -141.087 2.32335 -232.712 
v -141.095 2.58756 -231.978 
v -141.123 2.92145 -231.641 
v -141.078 2.33618 -232.896 
v -141.089 2.34116 -232.906 
v -140.92 2.86324 -232.862 
v -140.933 2.86457 -232.852 
v -141.105 2.42451 -233.586 
v -141.019 3.90422 -233.685 
v -141.115 4.20665 -233.546 
v -141.055 4.0921 -233.455 
v -140.986 3.85108 -233.565 
v -140.943 3.55573 -233.693 
v -140.972 3.5935 -233.82 
v -140.93 3.26432 -233.752 
v -140.957 3.27596 -233.885 
v -140.943 2.96714 -233.744 
v -140.972 2.9521 -233.877 
v -141.019 2.6226 -233.797 
v -140.986 2.65403 -233.669 
v -141.055 2.39766 -233.603 
v -141.115 2.30067 -233.713 
v -141.1 2.26467 -233.551 
v -141.047 2.37834 -233.512 
v -141.077 2.207 -233.13 
v -141.026 2.32475 -233.106 
v -141.087 2.17441 -232.705 
v -141.035 2.29372 -232.709 
v -141.04 2.39165 -232.268 
v -141.088 2.283 -232.222 
v -141.042 2.56777 -231.958 
v -141.086 2.4795 -231.878 
v -141.07 2.91358 -231.614 
v -141.111 2.85109 -231.507 
v -141.076 2.97242 -231.577 
v -141.118 2.92033 -231.464 
v -141.086 3.0401 -231.535 
v -141.128 2.9889 -231.421 
v -141.091 3.06879 -231.517 
v -141.14 3.05667 -231.378 
v -141.128 3.13086 -231.409 
v -141.086 3.10018 -231.529 
v -141.118 3.20587 -231.439 
v -141.076 3.17418 -231.559 
v -141.07 3.23849 -231.585 
v -141.111 3.28158 -231.47 
v -141.086 3.71185 -231.77 
v -141.042 3.63888 -231.864 
v -141.088 3.96505 -232.074 
v -141.04 3.86607 -232.139 
v -141.035 4.03916 -232.556 
v -141.087 4.15594 -232.532 
v -141.077 4.19758 -232.955 
v -141.026 4.07759 -232.953 
v -141.047 4.0953 -233.362 
v -141.1 4.21399 -233.381 
v -141.115 4.20665 -233.546 
v -141.019 3.90422 -233.685 
v -141.169 3.85871 -233.661 
v -141.257 4.14074 -233.528 
v -140.972 3.5935 -233.82 
v -141.125 3.56908 -233.791 
v -140.957 3.27596 -233.885 
v -141.111 3.27308 -233.852 
v -140.972 2.9521 -233.877 
v -141.125 2.97097 -233.843 
v -141.019 2.6226 -233.797 
v -141.169 2.66322 -233.765 
v -141.115 2.30067 -233.713 
v -141.257 2.36237 -233.683 
v -141.115 2.30067 -233.713 
v -141.1 2.26467 -233.551 
v -141.243 2.32803 -233.527 
v -141.257 2.36237 -233.683 
v -141.077 2.207 -233.13 
v -141.221 2.27265 -233.12 
v -141.087 2.17441 -232.705 
v -141.088 2.283 -232.222 
v -141.233 2.34197 -232.245 
v -141.23 2.2412 -232.711 
v -141.086 2.4795 -231.878 
v -141.234 2.52498 -231.913 
v -141.111 2.85109 -231.507 
v -141.26 2.87058 -231.557 
v -141.118 2.92033 -231.464 
v -141.267 2.93491 -231.516 
v -141.128 2.9889 -231.421 
v -141.276 2.99858 -231.474 
v -141.14 3.05667 -231.378 
v -141.288 3.06148 -231.433 
v -141.14 3.05667 -231.378 
v -141.128 3.13086 -231.409 
v -141.276 3.13057 -231.463 
v -141.288 3.06148 -231.433 
v -141.118 3.20587 -231.439 
v -141.267 3.20046 -231.492 
v -141.111 3.28158 -231.47 
v -141.26 3.27103 -231.522 
v -141.086 3.71185 -231.77 
v -141.234 3.67325 -231.813 
v -141.088 3.96505 -232.074 
v -141.233 3.91097 -232.107 
v -141.087 4.15594 -232.532 
v -141.23 4.09115 -232.549 
v -141.077 4.19758 -232.955 
v -141.1 4.21399 -233.381 
v -141.243 4.14743 -233.368 
v -141.221 4.13133 -232.958 
v -141.115 4.20665 -233.546 
v -141.257 4.14074 -233.528 
v -140.986 3.85108 -233.565 
v -141.055 4.0921 -233.455 
v -141.105 4.06264 -233.443 
v -141.04 3.82963 -233.55 
v -141.105 4.06264 -233.443 
v -141.055 4.0921 -233.455 
v -141.047 4.0953 -233.362 
v -141.098 4.06561 -233.352 
v -141.026 4.07759 -232.953 
v -141.078 4.04798 -232.952 
v -141.078 4.03118 -232.762 
v -141.026 4.05971 -232.752 
v -141.089 4.0266 -232.758 
v -141.035 4.03916 -232.556 
v -141.04 3.86607 -232.139 
v -141.092 3.84266 -232.155 
v -141.087 4.01041 -232.564 
v -141.042 3.63888 -231.864 
v -141.095 3.62276 -231.887 
v -141.07 3.23849 -231.585 
v -141.123 3.23549 -231.613 
v -141.076 3.17418 -231.559 
v -141.129 3.1733 -231.588 
v -141.086 3.10018 -231.529 
v -141.138 3.10174 -231.559 
v -141.091 3.06879 -231.517 
v -141.143 3.07138 -231.546 
v -141.143 3.07138 -231.546 
v -141.091 3.06879 -231.517 
v -141.086 3.0401 -231.535 
v -141.138 3.04367 -231.564 
v -141.076 2.97242 -231.577 
v -141.129 2.97829 -231.605 
v -141.07 2.91358 -231.614 
v -141.123 2.92145 -231.641 
v -141.042 2.56777 -231.958 
v -141.095 2.58756 -231.978 
v -141.04 2.39165 -232.268 
v -141.092 2.41762 -232.28 
v -141.035 2.29372 -232.709 
v -141.087 2.32335 -232.712 
v -141.078 2.33618 -232.896 
v -141.026 2.30738 -232.905 
v -141.089 2.34116 -232.906 
v -141.026 2.32475 -233.106 
v -141.047 2.37834 -233.512 
v -141.098 2.40577 -233.497 
v -141.078 2.3537 -233.1 
v -141.055 2.39766 -233.603 
v -141.105 2.42451 -233.586 
v -141.105 2.42451 -233.586 
v -141.055 2.39766 -233.603 
v -140.986 2.65403 -233.669 
v -141.04 2.67255 -233.651 
v -140.943 2.96714 -233.744 
v -140.999 2.97533 -233.724 
v -140.93 3.26432 -233.752 
v -140.987 3.26259 -233.732 
v -140.943 3.55573 -233.693 
v -140.999 3.54421 -233.675 
v -141.002 3.82293 -232.777 
v -140.92 3.50481 -232.806 
v -140.921 3.50242 -232.79 
v -141.002 3.82009 -232.761 
v -141.078 4.03118 -232.762 
v -141.078 4.02976 -232.748 
v -140.875 3.18301 -232.822 
v -140.874 3.1844 -232.838 
v -140.92 2.86324 -232.862 
v -141.002 2.54473 -232.888 
v -141.002 2.54483 -232.873 
v -140.921 2.86286 -232.846 
v -141.078 2.33732 -232.91 
v -141.078 2.33618 -232.896 
v -141.077 2.18859 -232.917 
v -141.026 2.30738 -232.905 
v -141.077 4.17885 -232.743 
v -141.026 4.05971 -232.752 
v -141.221 2.25489 -232.916 
v -141.077 2.18859 -232.917 
v -141.221 4.11326 -232.753 
v -141.077 4.17885 -232.743 
v -141.078 4.02976 -232.748 
v -141.078 2.33732 -232.91 
v -141.014 3.818 -232.767 
v -141.002 3.82293 -232.777 
v -141.078 4.03118 -232.762 
v -141.089 4.0266 -232.758 
v -140.887 3.18378 -232.831 
v -140.875 3.18301 -232.822 
v -141.013 2.54787 -232.878 
v -141.002 2.54473 -232.888 
v -141.089 2.34116 -232.906 
v -141.078 2.33732 -232.91 
v -141.14 2.47823 -233.501 
v -141.083 2.73623 -233.57 
v -141.169 2.66322 -233.765 
v -141.257 2.36237 -233.683 
v -141.175 2.91289 -231.729 
v -141.154 2.62064 -232.029 
v -141.234 2.52498 -231.913 
v -141.26 2.87058 -231.557 
v -141.194 3.07818 -231.624 
v -141.186 3.02344 -231.659 
v -141.276 2.99858 -231.474 
v -141.288 3.06148 -231.433 
v -141.233 2.34197 -232.245 
v -141.148 2.46959 -232.306 
v -141.138 2.38793 -232.693 
v -141.23 2.2412 -232.711 
v -141.221 2.27265 -233.12 
v -141.125 2.4134 -233.032 
v -141.133 2.45325 -233.371 
v -141.243 2.32803 -233.527 
v -141.054 2.99767 -233.634 
v -141.125 2.97097 -233.843 
v -141.042 3.25469 -233.641 
v -141.111 3.27308 -233.852 
v -141.18 2.96833 -231.694 
v -141.267 2.93491 -231.516 
v -141.14 2.47823 -233.501 
v -141.003 3.16451 -232.611 
v -141.083 2.73623 -233.57 
v -141.175 2.91289 -231.729 
v -141.154 2.62064 -232.029 
v -141.194 3.07818 -231.624 
v -141.186 3.02344 -231.659 
v -141.138 2.38793 -232.693 
v -141.125 2.4134 -233.032 
v -141.129 2.39967 -232.863 
v -141.148 2.46959 -232.306 
v -141.133 2.45325 -233.371 
v -141.054 2.99767 -233.634 
v -141.042 3.25469 -233.641 
v -141.18 2.96833 -231.694 
v -141.221 2.25489 -232.916 
v -141.129 2.39967 -232.863 
v -141.169 3.85871 -233.661 
v -141.083 3.75279 -233.481 
v -141.14 3.99505 -233.369 
v -141.257 4.14074 -233.528 
v -141.234 3.67325 -231.813 
v -141.154 3.59919 -231.944 
v -141.175 3.25928 -231.699 
v -141.26 3.27103 -231.522 
v -141.276 3.13057 -231.463 
v -141.186 3.13817 -231.649 
v -141.233 3.91097 -232.107 
v -141.23 4.09115 -232.549 
v -141.138 3.94354 -232.557 
v -141.148 3.79594 -232.19 
v -141.221 4.13133 -232.958 
v -141.243 4.14743 -233.368 
v -141.133 3.99696 -233.236 
v -141.125 3.97744 -232.896 
v -141.125 3.56908 -233.791 
v -141.054 3.50653 -233.59 
v -141.267 3.20046 -231.492 
v -141.18 3.19856 -231.674 
v -141.14 3.99505 -233.369 
v -141.083 3.75279 -233.481 
v -141.175 3.25928 -231.699 
v -141.154 3.59919 -231.944 
v -141.186 3.13817 -231.649 
v -141.125 3.97744 -232.896 
v -141.138 3.94354 -232.557 
v -141.129 3.96146 -232.726 
v -141.148 3.79594 -232.19 
v -141.133 3.99696 -233.236 
v -141.054 3.50653 -233.59 
v -141.18 3.19856 -231.674 
v -141.221 4.11326 -232.753 
v -141.129 3.96146 -232.726 
v -141.092 3.13809 -232.309 
v -141.199 3.14205 -232.354 
v -141.186 3.09492 -232.375 
v -141.088 3.08877 -232.335 
v -141.153 3.07628 -232.418 
v -141.079 3.07122 -232.389 
v -141.079 3.07122 -232.389 
v -141.153 3.07628 -232.418 
v -141.119 3.09911 -232.459 
v -141.069 3.09681 -232.441 
v -141.069 3.09681 -232.441 
v -141.119 3.09911 -232.459 
v -141.104 3.15251 -232.474 
v -141.064 3.15127 -232.459 
v -141.273 3.1499 -232.444 
v -141.253 3.10359 -232.456 
v -141.203 3.0832 -232.478 
v -141.203 3.0832 -232.478 
v -141.15 3.1032 -232.497 
v -141.15 3.1032 -232.497 
v -141.128 3.15501 -232.502 
v -141.283 3.15469 -232.498 
v -141.261 3.10764 -232.506 
v -141.207 3.08657 -232.515 
v -141.207 3.08657 -232.515 
v -141.153 3.1064 -232.521 
v -141.153 3.1064 -232.521 
v -141.13 3.15659 -232.52 
v -141.017 3.08574 -232.325 
v -141.02 3.13713 -232.298 
v -141.01 3.06817 -232.382 
v -141.003 3.09496 -232.434 
v -141.01 3.06817 -232.382 
v -141 3.15065 -232.452 
v -141.003 3.09496 -232.434 
v -141.27 3.11217 -232.553 
v -141.292 3.15919 -232.55 
v -141.215 3.09003 -232.551 
v -141.158 3.10822 -232.547 
v -141.215 3.09003 -232.551 
v -141.134 3.15846 -232.542 
v -141.158 3.10822 -232.547 
v -141.279 3.17399 -232.719 
v -141.257 3.12625 -232.722 
v -141.201 3.10436 -232.721 
v -141.201 3.10436 -232.721 
v -141.145 3.12303 -232.716 
v -141.145 3.12303 -232.716 
v -141.121 3.17323 -232.71 
v -141.046 3.20367 -233.058 
v -141.045 3.14952 -233.041 
v -141.147 3.14978 -233.013 
v -141.158 3.20087 -233.026 
v -141.042 3.12245 -232.989 
v -141.119 3.12339 -232.97 
v -141.042 3.12245 -232.989 
v -141.039 3.13908 -232.933 
v -141.09 3.13878 -232.921 
v -141.119 3.12339 -232.97 
v -141.039 3.13908 -232.933 
v -141.037 3.1903 -232.905 
v -141.078 3.18948 -232.896 
v -141.09 3.13878 -232.921 
v -141.223 3.14526 -232.94 
v -141.242 3.19387 -232.946 
v -141.176 3.12064 -232.916 
v -141.127 3.13671 -232.887 
v -141.176 3.12064 -232.916 
v -141.105 3.18726 -232.871 
v -141.127 3.13671 -232.887 
v -141.238 3.14085 -232.892 
v -141.259 3.18922 -232.893 
v -141.185 3.1177 -232.88 
v -141.132 3.13583 -232.863 
v -141.185 3.1177 -232.88 
v -141.11 3.18571 -232.853 
v -141.132 3.13583 -232.863 
v -140.973 3.20386 -233.06 
v -140.973 3.14745 -233.042 
v -140.973 3.12007 -232.989 
v -140.973 3.12007 -232.989 
v -140.972 3.13778 -232.932 
v -140.972 3.13778 -232.932 
v -140.972 3.19023 -232.905 
v -141.252 3.13741 -232.846 
v -141.274 3.18485 -232.843 
v -141.197 3.11503 -232.844 
v -141.14 3.13328 -232.839 
v -141.197 3.11503 -232.844 
v -141.116 3.1839 -232.832 
v -141.14 3.13328 -232.839 
v -141.088 3.19118 -232.326 
v -141.186 3.19208 -232.366 
v -141.079 3.21797 -232.377 
v -141.153 3.21793 -232.406 
v -141.079 3.21797 -232.377 
v -141.069 3.20179 -232.432 
v -141.119 3.20266 -232.45 
v -141.153 3.21793 -232.406 
v -141.069 3.20179 -232.432 
v -141.119 3.20266 -232.45 
v -141.253 3.19759 -232.447 
v -141.203 3.22148 -232.466 
v -141.15 3.2052 -232.488 
v -141.203 3.22148 -232.466 
v -141.15 3.2052 -232.488 
v -141.261 3.20226 -232.497 
v -141.207 3.22464 -232.503 
v -141.153 3.2062 -232.512 
v -141.207 3.22464 -232.503 
v -141.153 3.2062 -232.512 
v -141.017 3.19247 -232.316 
v -141.01 3.2196 -232.368 
v -141.01 3.2196 -232.368 
v -141.003 3.20237 -232.425 
v -141.003 3.20237 -232.425 
v -141.27 3.20596 -232.544 
v -141.215 3.22756 -232.539 
v -141.158 3.20889 -232.538 
v -141.215 3.22756 -232.539 
v -141.158 3.20889 -232.538 
v -141.257 3.22151 -232.714 
v -141.201 3.24286 -232.709 
v -141.145 3.22365 -232.707 
v -141.201 3.24286 -232.709 
v -141.145 3.22365 -232.707 
v -141.147 3.24879 -233.004 
v -141.045 3.25399 -233.032 
v -141.119 3.26733 -232.957 
v -141.042 3.27168 -232.976 
v -141.042 3.27168 -232.976 
v -141.119 3.26733 -232.957 
v -141.09 3.24371 -232.912 
v -141.039 3.24551 -232.924 
v -141.039 3.24551 -232.924 
v -141.09 3.24371 -232.912 
v -141.223 3.24066 -232.932 
v -141.176 3.26074 -232.904 
v -141.176 3.26074 -232.904 
v -141.127 3.23988 -232.878 
v -141.127 3.23988 -232.878 
v -141.238 3.2366 -232.883 
v -141.185 3.25728 -232.867 
v -141.185 3.25728 -232.867 
v -141.132 3.23663 -232.855 
v -141.132 3.23663 -232.855 
v -140.973 3.25628 -233.033 
v -140.973 3.27402 -232.976 
v -140.972 3.24666 -232.923 
v -140.973 3.27402 -232.976 
v -140.972 3.24666 -232.923 
v -141.252 3.23205 -232.838 
v -141.197 3.25378 -232.832 
v -141.14 3.23482 -232.83 
v -141.197 3.25378 -232.832 
v -141.14 3.23482 -232.83 
v -140.895 3.42472 -233.42 
v -140.901 3.39134 -233.503 
v -140.904 3.42366 -233.507 
v -140.901 3.47326 -233.432 
v -140.901 3.54044 -233.337 
v -140.891 3.46718 -233.318 
v -140.904 3.59856 -233.254 
v -140.889 3.50147 -233.23 
v -140.924 3.72906 -233.012 
v -140.894 3.57026 -233.025 
v -140.965 3.86189 -232.788 
v -140.901 3.59949 -232.859 
v -140.978 3.89286 -232.739 
v -140.972 3.86858 -232.718 
v -140.904 3.59424 -232.783 
v -140.957 3.79496 -232.652 
v -140.905 3.58943 -232.757 
v -140.941 3.69163 -232.559 
v -140.897 3.52731 -232.72 
v -140.939 3.67747 -232.547 
v -140.937 3.66681 -232.543 
v -140.895 3.50723 -232.706 
v -140.99 3.80928 -232.406 
v -140.995 3.83153 -232.416 
v -141.024 3.97627 -232.548 
v -141.027 3.99223 -232.569 
v -141.022 3.98576 -232.594 
v -140.987 3.91344 -232.706 
v -140.935 3.64767 -232.527 
v -140.892 3.46001 -232.677 
v -140.929 3.59682 -232.498 
v -140.939 3.64629 -232.498 
v -140.935 3.61452 -232.478 
v -140.981 3.74726 -232.357 
v -140.984 3.73887 -232.329 
v -140.923 3.472 -232.396 
v -140.887 3.309 -232.577 
v -140.929 3.48959 -232.375 
v -140.973 3.60936 -232.225 
v -140.923 3.45625 -232.383 
v -140.928 3.47459 -232.365 
v -140.967 3.58005 -232.229 
v -140.919 3.42991 -232.387 
v -140.888 3.26239 -232.545 
v -140.924 3.44833 -232.37 
v -140.92 3.40998 -232.368 
v -140.925 3.4284 -232.35 
v -140.925 3.41257 -232.336 
v -140.89 3.21261 -232.513 
v -140.93 3.43089 -232.318 
v -140.926 3.37187 -232.308 
v -140.93 3.39022 -232.291 
v -140.964 3.52773 -232.197 
v -140.965 3.49398 -232.165 
v -140.972 3.53666 -232.165 
v -140.973 3.51806 -232.141 
v -140.927 3.33134 -232.28 
v -140.895 3.15224 -232.47 
v -140.931 3.34971 -232.263 
v -140.967 3.46038 -232.133 
v -140.974 3.48215 -232.111 
v -140.939 3.2192 -232.182 
v -140.92 3.13626 -232.288 
v -140.978 3.33934 -232.023 
v -140.943 3.23318 -232.163 
v -140.982 3.36959 -232.016 
v -140.895 3.04872 -233.452 
v -140.901 3.00306 -233.473 
v -140.904 3.0649 -233.538 
v -140.901 3.09606 -233.529 
v -140.891 2.98933 -233.36 
v -140.901 2.92039 -233.391 
v -140.889 2.94013 -233.279 
v -140.904 2.84875 -233.32 
v -140.894 2.83691 -233.089 
v -140.924 2.67819 -233.104 
v -140.901 2.77922 -232.931 
v -140.965 2.50858 -232.907 
v -140.904 2.77123 -232.855 
v -140.972 2.4897 -232.838 
v -140.978 2.46958 -232.864 
v -140.905 2.77151 -232.829 
v -140.957 2.55075 -232.76 
v -140.897 2.82622 -232.781 
v -140.941 2.63646 -232.652 
v -140.939 2.64821 -232.637 
v -140.895 2.84346 -232.764 
v -140.937 2.65811 -232.631 
v -140.99 2.49398 -232.521 
v -140.995 2.47375 -232.534 
v -141.024 2.35415 -232.69 
v -141.027 2.34207 -232.713 
v -141.022 2.35279 -232.737 
v -140.987 2.44358 -232.835 
v -140.892 2.88506 -232.728 
v -140.935 2.67415 -232.612 
v -140.929 2.71916 -232.575 
v -140.935 2.69825 -232.558 
v -140.939 2.67053 -232.584 
v -140.984 2.54991 -232.433 
v -140.981 2.54657 -232.462 
v -140.887 3.01629 -232.602 
v -140.923 2.82433 -232.452 
v -140.929 2.80339 -232.435 
v -140.973 2.65936 -232.308 
v -140.923 2.83763 -232.437 
v -140.928 2.81652 -232.423 
v -140.967 2.68909 -232.307 
v -140.888 3.05676 -232.563 
v -140.919 2.86433 -232.437 
v -140.924 2.84315 -232.423 
v -140.92 2.88059 -232.414 
v -140.925 2.85942 -232.4 
v -140.89 3.10018 -232.523 
v -140.925 2.87248 -232.383 
v -140.93 2.85141 -232.369 
v -140.926 2.90773 -232.349 
v -140.93 2.88664 -232.335 
v -140.965 2.76263 -232.229 
v -140.964 2.73492 -232.266 
v -140.973 2.73475 -232.209 
v -140.972 2.72069 -232.237 
v -140.927 2.94282 -232.314 
v -140.931 2.92171 -232.3 
v -140.967 2.79021 -232.192 
v -140.974 2.76498 -232.174 
v -140.939 3.03613 -232.198 
v -140.943 3.01909 -232.181 
v -140.978 2.89029 -232.062 
v -140.982 2.85932 -232.061 
v -140.981 3.41735 -233.413 
v -140.985 3.38538 -233.494 
v -140.901 3.39134 -233.503 
v -140.895 3.42472 -233.42 
v -140.985 3.38538 -233.494 
v -140.988 3.41659 -233.498 
v -140.904 3.42366 -233.507 
v -140.901 3.39134 -233.503 
v -140.988 3.41659 -233.498 
v -140.986 3.46422 -233.425 
v -140.901 3.47326 -233.432 
v -140.904 3.42366 -233.507 
v -140.978 3.45796 -233.313 
v -140.891 3.46718 -233.318 
v -140.988 3.52866 -233.332 
v -140.901 3.54044 -233.337 
v -140.979 3.49068 -233.226 
v -140.889 3.50147 -233.23 
v -140.992 3.58433 -233.25 
v -140.904 3.59856 -233.254 
v -140.986 3.55603 -233.026 
v -140.894 3.57026 -233.025 
v -141.015 3.7087 -233.013 
v -140.924 3.72906 -233.012 
v -140.997 3.58331 -232.863 
v -140.901 3.59949 -232.859 
v -141.058 3.83488 -232.795 
v -140.965 3.86189 -232.788 
v -141 3.57788 -232.789 
v -140.904 3.59424 -232.783 
v -141.071 3.86424 -232.747 
v -141.08 3.88374 -232.715 
v -140.987 3.91344 -232.706 
v -140.978 3.89286 -232.739 
v -141.002 3.57313 -232.764 
v -140.905 3.58943 -232.757 
v -141.116 3.95216 -232.605 
v -141.022 3.98576 -232.594 
v -141.122 3.95813 -232.581 
v -141.027 3.99223 -232.569 
v -141.122 3.95813 -232.581 
v -141.119 3.94264 -232.56 
v -141.024 3.97627 -232.548 
v -141.027 3.99223 -232.569 
v -140.995 3.51335 -232.728 
v -141.002 3.57313 -232.764 
v -140.905 3.58943 -232.757 
v -140.897 3.52731 -232.72 
v -141.094 3.80285 -232.431 
v -140.995 3.83153 -232.416 
v -140.994 3.49402 -232.713 
v -140.895 3.50723 -232.706 
v -141.039 3.6563 -232.559 
v -141.037 3.64608 -232.555 
v -140.937 3.66681 -232.543 
v -140.939 3.67747 -232.547 
v -141.09 3.78147 -232.422 
v -140.99 3.80928 -232.406 
v -141.09 3.78147 -232.422 
v -141.039 3.6563 -232.559 
v -140.939 3.67747 -232.547 
v -140.99 3.80928 -232.406 
v -140.991 3.44863 -232.686 
v -140.892 3.46001 -232.677 
v -141.035 3.62764 -232.539 
v -140.935 3.64767 -232.527 
v -141.035 3.62764 -232.539 
v -141.039 3.62614 -232.511 
v -140.939 3.64629 -232.498 
v -140.935 3.64767 -232.527 
v -141.082 3.72177 -232.374 
v -140.981 3.74726 -232.357 
v -141.082 3.72177 -232.374 
v -141.085 3.71353 -232.346 
v -140.984 3.73887 -232.329 
v -140.981 3.74726 -232.357 
v -140.989 3.30359 -232.587 
v -140.887 3.309 -232.577 
v -141.078 3.58907 -232.245 
v -140.973 3.60936 -232.225 
v -141.078 3.58907 -232.245 
v -141.072 3.56112 -232.25 
v -140.967 3.58005 -232.229 
v -140.973 3.60936 -232.225 
v -141.032 3.46116 -232.382 
v -140.928 3.47459 -232.365 
v -140.991 3.2589 -232.557 
v -140.888 3.26239 -232.545 
v -141.028 3.43608 -232.386 
v -140.924 3.44833 -232.37 
v -141.028 3.43608 -232.386 
v -141.029 3.41694 -232.367 
v -140.925 3.4284 -232.35 
v -140.924 3.44833 -232.37 
v -140.994 3.21119 -232.525 
v -140.89 3.21261 -232.513 
v -141.029 3.41694 -232.367 
v -141.035 3.41918 -232.336 
v -140.93 3.43089 -232.318 
v -140.925 3.4284 -232.35 
v -141.07 3.51099 -232.218 
v -140.964 3.52773 -232.197 
v -141.078 3.51932 -232.187 
v -140.972 3.53666 -232.165 
v -141.08 3.50143 -232.163 
v -141.082 3.46703 -232.135 
v -140.974 3.48215 -232.111 
v -140.973 3.51806 -232.141 
v -140.999 3.15337 -232.483 
v -140.895 3.15224 -232.47 
v -141.078 3.51932 -232.187 
v -140.972 3.53666 -232.165 
v -141.047 3.21669 -232.202 
v -141.027 3.13782 -232.306 
v -140.92 3.13626 -232.288 
v -140.939 3.2192 -232.182 
v -141.091 3.35934 -232.042 
v -140.982 3.36959 -232.016 
v -141.087 3.33058 -232.049 
v -141.051 3.22996 -232.184 
v -140.943 3.23318 -232.163 
v -140.978 3.33934 -232.023 
v -141.091 3.35934 -232.042 
v -140.982 3.36959 -232.016 
v -140.985 3.10046 -233.519 
v -140.981 3.05477 -233.444 
v -140.895 3.04872 -233.452 
v -140.901 3.09606 -233.529 
v -140.988 3.0704 -233.529 
v -140.985 3.10046 -233.519 
v -140.901 3.09606 -233.529 
v -140.904 3.0649 -233.538 
v -140.986 3.01073 -233.465 
v -140.988 3.0704 -233.529 
v -140.904 3.0649 -233.538 
v -140.901 3.00306 -233.473 
v -140.978 2.99752 -233.354 
v -140.891 2.98933 -233.36 
v -140.988 2.93107 -233.384 
v -140.901 2.92039 -233.391 
v -140.979 2.95017 -233.273 
v -140.889 2.94013 -233.279 
v -140.992 2.86213 -233.313 
v -140.904 2.84875 -233.32 
v -140.986 2.85107 -233.088 
v -140.894 2.83691 -233.089 
v -141.015 2.69848 -233.102 
v -140.924 2.67819 -233.104 
v -140.997 2.79592 -232.932 
v -140.901 2.77922 -232.931 
v -141.058 2.53632 -232.909 
v -140.965 2.50858 -232.907 
v -141 2.78842 -232.858 
v -140.904 2.77123 -232.855 
v -141.08 2.47432 -232.838 
v -141.071 2.49911 -232.867 
v -140.978 2.46958 -232.864 
v -140.987 2.44358 -232.835 
v -141.002 2.78874 -232.833 
v -140.905 2.77151 -232.829 
v -141.116 2.38787 -232.742 
v -141.022 2.35279 -232.737 
v -141.122 2.37775 -232.719 
v -141.027 2.34207 -232.713 
v -141.119 2.38946 -232.696 
v -141.122 2.37775 -232.719 
v -141.027 2.34207 -232.713 
v -141.024 2.35415 -232.69 
v -141.002 2.78874 -232.833 
v -140.995 2.84127 -232.786 
v -140.897 2.82622 -232.781 
v -140.905 2.77151 -232.829 
v -141.094 2.50472 -232.545 
v -140.995 2.47375 -232.534 
v -140.994 2.85782 -232.769 
v -140.895 2.84346 -232.764 
v -141.037 2.68063 -232.64 
v -141.039 2.67114 -232.645 
v -140.939 2.64821 -232.637 
v -140.937 2.65811 -232.631 
v -141.09 2.52412 -232.532 
v -140.99 2.49398 -232.521 
v -141.039 2.67114 -232.645 
v -141.09 2.52412 -232.532 
v -140.99 2.49398 -232.521 
v -140.939 2.64821 -232.637 
v -140.991 2.89773 -232.734 
v -140.892 2.88506 -232.728 
v -141.035 2.69603 -232.621 
v -140.935 2.67415 -232.612 
v -141.039 2.69266 -232.593 
v -141.035 2.69603 -232.621 
v -140.935 2.67415 -232.612 
v -140.939 2.67053 -232.584 
v -141.082 2.57463 -232.474 
v -140.981 2.54657 -232.462 
v -141.085 2.57795 -232.446 
v -141.082 2.57463 -232.474 
v -140.981 2.54657 -232.462 
v -140.984 2.54991 -232.433 
v -140.989 3.02345 -232.612 
v -140.887 3.01629 -232.602 
v -141.078 2.68289 -232.324 
v -140.973 2.65936 -232.308 
v -141.072 2.71123 -232.324 
v -141.078 2.68289 -232.324 
v -140.973 2.65936 -232.308 
v -140.967 2.68909 -232.307 
v -141.032 2.83258 -232.437 
v -140.928 2.81652 -232.423 
v -140.991 3.06216 -232.574 
v -140.888 3.05676 -232.563 
v -141.028 2.85801 -232.436 
v -140.924 2.84315 -232.423 
v -141.029 2.87358 -232.414 
v -141.028 2.85801 -232.436 
v -140.924 2.84315 -232.423 
v -140.925 2.85942 -232.4 
v -140.994 3.10366 -232.534 
v -140.89 3.10018 -232.523 
v -141.035 2.86597 -232.384 
v -141.029 2.87358 -232.414 
v -140.925 2.85942 -232.4 
v -140.93 2.85141 -232.369 
v -141.07 2.75505 -232.284 
v -140.964 2.73492 -232.266 
v -141.078 2.74157 -232.255 
v -140.972 2.72069 -232.237 
v -141.082 2.78393 -232.194 
v -141.08 2.75505 -232.229 
v -140.973 2.73475 -232.209 
v -140.974 2.76498 -232.174 
v -140.999 3.15337 -232.483 
v -140.895 3.15224 -232.47 
v -141.078 2.74157 -232.255 
v -140.972 2.72069 -232.237 
v -141.027 3.13782 -232.306 
v -141.047 3.04223 -232.218 
v -140.939 3.03613 -232.198 
v -140.92 3.13626 -232.288 
v -141.091 2.87392 -232.085 
v -140.982 2.85932 -232.061 
v -141.051 3.02598 -232.202 
v -141.087 2.90338 -232.086 
v -140.978 2.89029 -232.062 
v -140.943 3.01909 -232.181 
v -141.091 2.87392 -232.085 
v -140.982 2.85932 -232.061 

vn 1 0.0551181 -0.015748 
vn 0.992126 0.0314961 -0.141732 
vn 0.976378 0.165354 -0.141732 
vn 0.984252 0.181102 -0.015748 
vn 0.992126 0.0393701 0.0944882 
vn 0.976378 0.165354 0.110236 
vn 0.992126 0.015748 0.11811 
vn 0.992126 0 0.11811 
vn 0.968504 0.0787402 -0.23622 
vn 0.952756 0.228346 -0.212598 
vn 0.968504 0.149606 -0.212598 
vn 0.968504 0.0472441 -0.23622 
vn 0.944882 0.291339 -0.125984 
vn 0.96063 0.275591 -0.023622 
vn 0.992126 0.0551181 0.11811 
vn 0.968504 0.228346 0.0629921 
vn 0.976378 0.0866142 -0.204724 
vn 0.968504 0.0314961 -0.244094 
vn 1 -0.0551181 -0.023622 
vn 0.984252 -0.181102 -0.0472441 
vn 0.976378 -0.141732 -0.165354 
vn 0.992126 -0.00787402 -0.149606 
vn 0.992126 -0.0629921 0.0866142 
vn 0.992126 -0.023622 0.11811 
vn 0.992126 -0.0393701 0.110236 
vn 0.976378 -0.181102 0.0866142 
vn 0.968504 -0.0393701 -0.244094 
vn 0.968504 -0.00787402 -0.244094 
vn 0.968504 -0.110236 -0.23622 
vn 0.952756 -0.188976 -0.251969 
vn 0.944882 -0.267717 -0.173228 
vn 0.96063 -0.267717 -0.0708661 
vn 0.992126 -0.0708661 0.110236 
vn 0.968504 -0.23622 0.023622 
vn 0.968504 0.015748 -0.244094 
vn 0.976378 -0.0551181 -0.212598 
vn -0.149606 0.291339 -0.944882 
vn -0.149606 0.433071 -0.889764 
vn -0.149606 0.433071 -0.889764 
vn -0.149606 0.283465 -0.944882 
vn -0.0944882 0.622047 0.779528 
vn -0.0944882 0.622047 0.779528 
vn -0.0629921 0.464567 0.88189 
vn -0.0629921 0.448819 0.889764 
vn -0.0708661 0.11811 0.992126 
vn -0.0708661 0.11811 0.992126 
vn -0.0708661 -0.0866142 0.992126 
vn -0.0708661 -0.0866142 0.992126 
vn -0.102362 0.976378 -0.188976 
vn -0.110236 0.976378 -0.165354 
vn -0.11811 0.976378 -0.165354 
vn -0.110236 0.976378 -0.188976 
vn -0.0944882 0.968504 -0.228346 
vn -0.0944882 0.968504 -0.228346 
vn -0.0866142 0.952756 -0.275591 
vn -0.0866142 0.952756 -0.283465 
vn -0.0787402 0.944882 -0.314961 
vn -0.0708661 0.944882 -0.314961 
vn -0.149606 0.0866142 -0.984252 
vn -0.149606 0.0866142 -0.984252 
vn -0.149606 -0.275591 -0.952756 
vn -0.149606 -0.11811 -0.984252 
vn -0.149606 -0.11811 -0.984252 
vn -0.149606 -0.267717 -0.952756 
vn -0.0629921 -0.614173 0.787402 
vn -0.0944882 -0.740157 0.661417 
vn -0.0944882 -0.740157 0.661417 
vn -0.0708661 -0.598425 0.795276 
vn -0.0708661 -0.291339 0.952756 
vn -0.0708661 -0.283465 0.952756 
vn -0.11811 -0.937008 -0.330709 
vn -0.110236 -0.929134 -0.354331 
vn -0.110236 -0.929134 -0.354331 
vn -0.11811 -0.937008 -0.330709 
vn -0.102362 -0.913386 -0.393701 
vn -0.0944882 -0.913386 -0.393701 
vn -0.0866142 -0.889764 -0.440945 
vn -0.0866142 -0.889764 -0.440945 
vn -0.0787402 -0.874016 -0.480315 
vn -0.0787402 -0.874016 -0.480315 
vn 0.23622 0.96063 0.11811 
vn 0.23622 0.96063 0.125984 
vn 0.480315 0.866142 0.165354 
vn 0.480315 0.866142 0.133858 
vn 0.84252 0.496063 0.19685 
vn 0.850394 0.496063 0.149606 
vn 0.984252 -0.015748 0.181102 
vn 0.992126 -0.00787402 0.125984 
vn 0.84252 -0.519685 0.110236 
vn 0.858268 -0.511811 0.0629921 
vn 0.480315 -0.88189 0.015748 
vn 0.488189 -0.874016 -0.015748 
vn 0.23622 -0.968504 -0.0551181 
vn 0.23622 -0.968504 -0.0393701 
vn 0.228346 0.968504 0.0393701 
vn 0.23622 0.968504 0.0314961 
vn 0.472441 0.88189 -0.023622 
vn 0.472441 0.88189 -0.00787402 
vn 0.23622 0.968504 0.0472441 
vn 0.480315 0.874016 0.00787402 
vn 0.23622 0.968504 0.0866142 
vn 0.488189 0.866142 0.0866142 
vn 0.440945 0.874016 0.212598 
vn 0.456693 0.866142 0.204724 
vn 0.220472 0.96063 0.149606 
vn 0.212598 0.968504 0.149606 
vn 0.472441 0.866142 0.181102 
vn 0.228346 0.96063 0.141732 
vn 0.84252 0.527559 -0.125984 
vn 0.84252 0.527559 -0.110236 
vn 0.850394 0.519685 -0.0787402 
vn 0.858268 0.511811 0.0551181 
vn 0.80315 0.511811 0.291339 
vn 0.818898 0.503937 0.267717 
vn 0.834646 0.496063 0.228346 
vn 0.976378 0.015748 -0.19685 
vn 0.984252 0.015748 -0.173228 
vn 0.992126 0.015748 -0.141732 
vn 1 0 0.015748 
vn 0.952756 -0.023622 0.291339 
vn 0.968504 -0.023622 0.259843 
vn 0.976378 -0.015748 0.212598 
vn 0.84252 -0.496063 -0.220472 
vn 0.84252 -0.496063 -0.19685 
vn 0.850394 -0.496063 -0.165354 
vn 0.858268 -0.503937 -0.0314961 
vn 0.80315 -0.559055 0.204724 
vn 0.818898 -0.543307 0.173228 
vn 0.834646 -0.527559 0.141732 
vn 0.472441 -0.866142 -0.173228 
vn 0.472441 -0.866142 -0.165354 
vn 0.488189 -0.858268 -0.149606 
vn 0.488189 -0.866142 -0.0708661 
vn 0.440945 -0.897638 0.0629921 
vn 0.456693 -0.889764 0.0472441 
vn 0.472441 -0.88189 0.0314961 
vn 0.23622 -0.96063 -0.133858 
vn 0.23622 -0.96063 -0.125984 
vn 0.23622 -0.96063 -0.11811 
vn 0.23622 -0.968504 -0.0787402 
vn 0.212598 -0.976378 -0.015748 
vn 0.220472 -0.976378 -0.023622 
vn 0.228346 -0.968504 -0.0314961 
vn 0.976378 0.204724 -0.0472441 
vn 0.984252 0.165354 -0.102362 
vn 0.96063 0.283465 -0.0708661 
vn 0.96063 0.291339 -0.015748 
vn 0.96063 0.204724 0.181102 
vn 0.976378 0.102362 0.188976 
vn 0.976378 0.15748 0.141732 
vn 0.96063 0.259843 0.125984 
vn 0.905512 0.212598 0.377953 
vn 0.96063 0.0629921 0.259843 
vn 0.968504 0 0.259843 
vn 0.96063 -0.023622 0.275591 
vn 0.401575 0.19685 -0.897638 
vn 0.464567 0.173228 -0.866142 
vn 0.464567 0.181102 -0.866142 
vn 0.409449 0.19685 -0.889764 
vn 0.96063 0.244094 -0.110236 
vn 0.976378 0.133858 -0.141732 
vn 0.944882 0.330709 -0.0629921 
vn 0.944882 0.330709 0 
vn 1 0.015748 -0.0629921 
vn 0.992126 0.015748 -0.141732 
vn 0.944882 0.267717 0.173228 
vn 0.944882 0.322835 0.110236 
vn 0.992126 -0.00787402 0.133858 
vn 0.984252 -0.015748 0.19685 
vn 0.952756 0.181102 0.228346 
vn 0.968504 -0.023622 0.244094 
vn 0.992126 -0.0393701 0.133858 
vn 0.96063 -0.023622 0.283465 
vn 0.645669 0.259843 -0.716535 
vn 0.653543 0.259843 -0.708661 
vn 0.480315 -0.0708661 0.874016 
vn 0.480315 -0.0708661 0.874016 
vn 0.598425 0.0393701 0.80315 
vn 0.598425 0.0393701 0.80315 
vn 0.984252 0.015748 -0.181102 
vn 0.944882 0.322835 -0.0944882 
vn 0.976378 -0.204724 -0.0866142 
vn 0.96063 -0.283465 -0.0629921 
vn 0.96063 -0.259843 -0.125984 
vn 0.984252 -0.141732 -0.125984 
vn 0.96063 -0.23622 0.141732 
vn 0.96063 -0.283465 0.0787402 
vn 0.976378 -0.181102 0.110236 
vn 0.976378 -0.133858 0.165354 
vn 0.905512 -0.275591 0.330709 
vn 0.96063 -0.102362 0.244094 
vn 0.968504 -0.0393701 0.251969 
vn 0.96063 -0.023622 0.275591 
vn 0.464567 -0.023622 -0.88189 
vn 0.464567 -0.023622 -0.88189 
vn 0.401575 -0.0393701 -0.913386 
vn 0.409449 -0.0393701 -0.913386 
vn 0.96063 -0.220472 -0.149606 
vn 0.976378 -0.110236 -0.165354 
vn 0.944882 -0.322835 -0.0551181 
vn 0.944882 -0.314961 -0.11811 
vn 0.944882 -0.291339 0.11811 
vn 0.937008 -0.338583 0.0551181 
vn 0.952756 -0.220472 0.19685 
vn 0.992126 0.015748 0.141732 
vn 0.645669 -0.133858 -0.755906 
vn 0.653543 -0.133858 -0.748031 
vn 0.598425 -0.181102 0.779528 
vn 0.598425 -0.181102 0.779528 
vn 0.944882 -0.299213 -0.149606 
vn 0.952756 0.275591 -0.149606 
vn 0.913386 0.377953 -0.125984 
vn 0.92126 0.377953 -0.11811 
vn 0.952756 0.267717 -0.141732 
vn 0.976378 0.149606 -0.173228 
vn 0.976378 0.149606 -0.173228 
vn 0.984252 0.015748 -0.19685 
vn 0.984252 0.015748 -0.19685 
vn 0.976378 -0.11811 -0.19685 
vn 0.976378 -0.11811 -0.19685 
vn 0.952756 -0.244094 -0.188976 
vn 0.952756 -0.23622 -0.188976 
vn 0.92126 -0.346457 -0.181102 
vn 0.913386 -0.354331 -0.188976 
vn 0.913386 -0.385827 -0.133858 
vn 0.913386 -0.385827 -0.125984 
vn 0.92126 -0.385827 -0.0708661 
vn 0.92126 -0.385827 -0.0629921 
vn 0.913386 -0.393701 0.0551181 
vn 0.92126 -0.393701 0.0551181 
vn 0.929134 -0.346457 0.133858 
vn 0.92126 -0.354331 0.141732 
vn 0.937008 -0.259843 0.228346 
vn 0.937008 -0.259843 0.23622 
vn 0.944882 -0.141732 0.283465 
vn 0.944882 -0.141732 0.291339 
vn 0.944882 -0.0787402 0.314961 
vn 0.944882 -0.0787402 0.314961 
vn 0.944882 -0.0551181 0.322835 
vn 0.944882 -0.0551181 0.322835 
vn 0.944882 -0.0314961 0.330709 
vn 0.944882 -0.0314961 0.330709 
vn 0.944882 -0.00787402 0.330709 
vn 0.944882 0 0.330709 
vn 0.944882 0.023622 0.322835 
vn 0.944882 0.023622 0.322835 
vn 0.944882 0.0944882 0.307087 
vn 0.944882 0.0866142 0.307087 
vn 0.937008 0.212598 0.267717 
vn 0.937008 0.220472 0.267717 
vn 0.929134 0.314961 0.19685 
vn 0.929134 0.322835 0.19685 
vn 0.913386 0.377953 0.125984 
vn 0.913386 0.377953 0.11811 
vn 0.92126 0.393701 0 
vn 0.92126 0.393701 0 
vn 0.913386 0.401575 -0.0551181 
vn 0.913386 0.401575 -0.0629921 
vn -0.267717 0.330709 -0.905512 
vn -0.251969 0.346457 -0.905512 
vn -0.251969 0.354331 -0.905512 
vn -0.267717 0.338583 -0.905512 
vn -0.228346 0.275591 -0.937008 
vn -0.228346 0.275591 -0.937008 
vn -0.212598 0.0866142 -0.976378 
vn -0.212598 0.0866142 -0.976378 
vn -0.220472 -0.110236 -0.968504 
vn -0.228346 -0.110236 -0.968504 
vn -0.251969 -0.188976 -0.952756 
vn -0.259843 -0.188976 -0.944882 
vn -0.267717 -0.173228 -0.944882 
vn -0.275591 -0.181102 -0.944882 
vn -0.417323 -0.889764 -0.15748 
vn -0.417323 -0.897638 -0.133858 
vn -0.952756 -0.291339 0.023622 
vn -0.96063 -0.23622 0.11811 
vn -0.417323 -0.905512 -0.0866142 
vn -0.952756 -0.291339 -0.015748 
vn -0.425197 -0.905512 0.0551181 
vn -0.401575 -0.858268 0.330709 
vn -0.929134 -0.346457 0.125984 
vn -0.944882 -0.338583 0.00787402 
vn -0.370079 -0.748031 0.551181 
vn -0.913386 -0.338583 0.220472 
vn -0.330709 -0.606299 0.724409 
vn -0.897638 -0.330709 0.283465 
vn -0.322835 -0.535433 0.779528 
vn -0.913386 -0.299213 0.275591 
vn -0.314961 -0.543307 0.779528 
vn -0.905512 -0.330709 0.267717 
vn -0.307087 -0.551181 0.771654 
vn -0.937008 -0.322835 0.11811 
vn -0.307087 0.401575 0.858268 
vn -0.314961 0.401575 0.858268 
vn -0.314961 0.409449 0.858268 
vn -0.307087 0.417323 0.858268 
vn -0.322835 0.385827 0.866142 
vn -0.322835 0.401575 0.858268 
vn -0.322835 0.472441 0.818898 
vn -0.322835 0.480315 0.811024 
vn -0.362205 0.645669 0.677165 
vn -0.370079 0.645669 0.669291 
vn -0.393701 0.787402 0.472441 
vn -0.401575 0.787402 0.464567 
vn -0.417323 0.88189 0.212598 
vn -0.425197 0.88189 0.212598 
vn -0.417323 0.905512 0.0708661 
vn -0.417323 0.905512 0.023622 
vn -0.417323 0.905512 0.0314961 
vn -0.417323 0.905512 0.0708661 
vn -0.425197 0.905512 0 
vn -0.417323 0.905512 0 
vn 0.370079 -0.314961 0.874016 
vn 0.377953 -0.291339 0.874016 
vn 0.385827 -0.291339 0.874016 
vn 0.370079 -0.314961 0.874016 
vn 0.496063 -0.866142 -0.00787402 
vn 0.496063 -0.866142 -0.00787402 
vn 0.496063 -0.866142 -0.0314961 
vn 0.496063 -0.866142 -0.0393701 
vn 0.496063 -0.866142 -0.0708661 
vn 0.496063 -0.866142 -0.0708661 
vn 0.464567 -0.88189 0.0866142 
vn 0.488189 -0.866142 -0.0708661 
vn 0.472441 -0.88189 -0.0551181 
vn 0.496063 -0.84252 -0.19685 
vn 0.480315 -0.755906 -0.448819 
vn 0.480315 -0.755906 -0.448819 
vn 0.496063 -0.84252 -0.204724 
vn 0.464567 -0.614173 -0.645669 
vn 0.456693 -0.614173 -0.637795 
vn 0.440945 -0.448819 -0.771654 
vn 0.433071 -0.464567 -0.771654 
vn 0.448819 -0.377953 -0.811024 
vn 0.448819 -0.377953 -0.811024 
vn 0.440945 -0.393701 -0.80315 
vn 0.440945 -0.393701 -0.811024 
vn 0.440945 -0.401575 -0.80315 
vn 0.433071 -0.401575 -0.80315 
vn 0.440945 0.535433 -0.724409 
vn 0.433071 0.535433 -0.724409 
vn 0.440945 0.527559 -0.724409 
vn 0.440945 0.527559 -0.724409 
vn 0.448819 0.511811 -0.732283 
vn 0.448819 0.511811 -0.732283 
vn 0.440945 0.574803 -0.685039 
vn 0.440945 0.590551 -0.677165 
vn 0.456693 0.716535 -0.527559 
vn 0.464567 0.716535 -0.519685 
vn 0.480315 0.818898 -0.314961 
vn 0.480315 0.818898 -0.307087 
vn 0.496063 0.866142 -0.0472441 
vn 0.496063 0.866142 -0.0472441 
vn 0.480315 0.874016 0 
vn 0.488189 0.866142 0.0787402 
vn 0.472441 0.874016 0.0944882 
vn 0.496063 0.866142 0.0866142 
vn 0.496063 0.858268 0.11811 
vn 0.496063 0.858268 0.110236 
vn 0.496063 0.866142 0.0787402 
vn 0.496063 0.858268 0.141732 
vn 0.496063 0.858268 0.141732 
vn 0.377953 0.133858 0.913386 
vn 0.377953 0.133858 0.913386 
vn 0.370079 0.15748 0.913386 
vn 0.370079 0.15748 0.913386 
vn 0.346457 0.0944882 0.937008 
vn 0.346457 0.0944882 0.937008 
vn 0.330709 -0.0787402 0.937008 
vn 0.330709 -0.0787402 0.937008 
vn 0.346457 -0.251969 0.905512 
vn 0.346457 -0.251969 0.905512 
vn 0.952756 0.291339 0.00787402 
vn 0.976378 0.19685 -0.015748 
vn 0.976378 0.173228 0.125984 
vn 0.952756 0.283465 0.0944882 
vn 0.944882 0.330709 0.023622 
vn 0.937008 0.338583 0.0787402 
vn 0.992126 -0.00787402 0.11811 
vn 1 0.015748 0.0393701 
vn 0.976378 -0.212598 -0.0314961 
vn 0.952756 -0.291339 -0.0472441 
vn 0.952756 -0.299213 0.0393701 
vn 0.976378 -0.188976 0.0944882 
vn 0.944882 -0.330709 -0.0314961 
vn 0.937008 -0.346457 0.015748 
vn 0.92126 -0.393701 -0.00787402 
vn 0.92126 -0.393701 -0.00787402 
vn 0.92126 0.393701 0.0629921 
vn 0.92126 0.393701 0.0629921 
vn -0.96063 -0.283465 -0.0472441 
vn -0.417323 -0.905512 -0.0787402 
vn -0.417323 0.905512 0.0787402 
vn -0.417323 0.905512 0.0787402 
vn 0.488189 -0.866142 -0.149606 
vn 0.464567 0.850394 0.23622 
vn 0.606299 0.133858 0.779528 
vn 0.606299 0.133858 0.787402 
vn 0.322835 0.0551181 0.944882 
vn 0.338583 0.0551181 0.937008 
vn 0.606299 0.0708661 -0.787402 
vn 0.606299 0.0708661 -0.787402 
vn 0.606299 -0.267717 0.748031 
vn 0.606299 -0.267717 0.748031 
vn 0.330709 -0.220472 0.913386 
vn 0.322835 -0.212598 0.92126 
vn -0.866142 0.433071 0.259843 
vn -0.913386 0.244094 0.322835 
vn -0.913386 0.275591 0.291339 
vn -0.96063 -0.23622 0.11811 
vn -0.889764 0.259843 -0.377953 
vn -0.88189 0.370079 -0.299213 
vn -0.913386 -0.338583 0.220472 
vn -0.897638 -0.330709 0.283465 
vn -0.897638 0.0393701 -0.440945 
vn -0.897638 0.149606 -0.417323 
vn -0.905512 -0.330709 0.267717 
vn -0.937008 -0.322835 0.11811 
vn -0.929134 -0.346457 0.125984 
vn -0.858268 0.472441 -0.188976 
vn -0.84252 0.535433 -0.0708661 
vn -0.944882 -0.338583 0.00787402 
vn -0.952756 -0.291339 -0.015748 
vn -0.84252 0.527559 0.0551181 
vn -0.826772 0.551181 0.11811 
vn -0.952756 -0.291339 0.023622 
vn -0.944882 0.125984 0.314961 
vn -0.944882 0.133858 0.307087 
vn -0.952756 -0.023622 0.307087 
vn -0.952756 -0.023622 0.307087 
vn -0.897638 0.173228 -0.409449 
vn -0.913386 -0.299213 0.275591 
vn -0.984252 0.165354 0.023622 
vn -1 0.00787402 -0.0629921 
vn -0.984252 0.173228 0.00787402 
vn -0.984252 0.0551181 -0.173228 
vn -0.984252 0.125984 -0.141732 
vn -0.984252 0.015748 -0.188976 
vn -0.984252 -0.00787402 -0.188976 
vn -0.984252 0.173228 -0.0472441 
vn -0.992126 0.149606 0.023622 
vn -0.984252 0.165354 -0.023622 
vn -0.984252 0.165354 -0.0866142 
vn -0.992126 0.11811 0.0629921 
vn -0.992126 0.0866142 0.0314961 
vn -1 0 0.0393701 
vn -0.984252 0.015748 -0.188976 
vn -0.96063 -0.283465 -0.0472441 
vn -0.84252 0.535433 0.00787402 
vn -0.913386 -0.322835 0.23622 
vn -0.913386 -0.299213 0.275591 
vn -0.866142 -0.472441 0.181102 
vn -0.874016 -0.448819 0.19685 
vn -0.88189 -0.299213 -0.370079 
vn -0.88189 -0.314961 -0.354331 
vn -0.889764 -0.188976 -0.417323 
vn -0.897638 -0.141732 -0.417323 
vn -0.897638 -0.0472441 -0.433071 
vn -0.897638 -0.0787402 -0.440945 
vn -0.858268 -0.440945 -0.275591 
vn -0.84252 -0.519685 -0.149606 
vn -0.84252 -0.511811 -0.165354 
vn -0.858268 -0.440945 -0.267717 
vn -0.84252 -0.543307 -0.015748 
vn -0.826772 -0.566929 0.0629921 
vn -0.826772 -0.559055 0.023622 
vn -0.84252 -0.535433 -0.0393701 
vn -0.944882 -0.181102 0.275591 
vn -0.944882 -0.181102 0.291339 
vn -0.897638 -0.0787402 -0.433071 
vn -0.897638 -0.0944882 -0.433071 
vn -0.984252 -0.165354 -0.00787402 
vn -0.984252 -0.173228 -0.023622 
vn -0.984252 -0.023622 -0.181102 
vn -0.984252 -0.0944882 -0.15748 
vn -0.984252 0.0393701 -0.188976 
vn -0.992126 -0.149606 -0.00787402 
vn -0.984252 -0.165354 -0.0787402 
vn -0.984252 -0.165354 -0.0472441 
vn -0.984252 -0.149606 -0.110236 
vn -0.992126 -0.125984 0.0393701 
vn -0.992126 -0.0866142 0.023622 
vn -0.984252 0.015748 -0.188976 
vn -0.84252 -0.527559 -0.0708661 
vn -0.84252 -0.527559 -0.0866142 
vn -0.267717 -0.0866142 0.96063 
vn -0.598425 -0.0708661 0.795276 
vn -0.448819 -0.732283 0.519685 
vn -0.204724 -0.748031 0.629921 
vn -0.244094 -0.944882 0.220472 
vn -0.125984 -0.952756 0.283465 
vn 0.0551181 -0.897638 -0.433071 
vn 0.173228 -0.913386 -0.362205 
vn 0.173228 -0.913386 -0.362205 
vn 0.0629921 -0.897638 -0.433071 
vn 0.204724 -0.322835 -0.929134 
vn 0.519685 -0.354331 -0.779528 
vn 0.566929 0.0708661 -0.818898 
vn 0.228346 0.0866142 -0.968504 
vn -0.905512 -0.0393701 0.417323 
vn -0.661417 -0.716535 0.244094 
vn -0.346457 -0.937008 0.0708661 
vn 0.275591 -0.937008 -0.212598 
vn 0.283465 -0.937008 -0.228346 
vn 0.826772 -0.401575 -0.401575 
vn 0.913386 0.0314961 -0.393701 
vn -0.984252 -0.015748 0.173228 
vn -0.677165 -0.732283 0.0551181 
vn -0.370079 -0.929134 -0.023622 
vn 0.314961 -0.937008 -0.141732 
vn 0.322835 -0.937008 -0.141732 
vn 0.897638 -0.401575 -0.173228 
vn 0.992126 0.015748 -0.149606 
vn -0.11811 -0.771654 0.622047 
vn -0.149606 -0.0866142 0.984252 
vn -0.0787402 -0.952756 0.291339 
vn 0.023622 -0.889764 -0.448819 
vn 0.015748 -0.897638 -0.448819 
vn 0.110236 0.0866142 -0.992126 
vn 0.0944882 -0.314961 -0.944882 
vn -0.700787 -0.708661 -0.023622 
vn -1 0 0.0472441 
vn -0.370079 -0.929134 -0.0629921 
vn 0.314961 -0.944882 -0.102362 
vn 0.314961 -0.944882 -0.102362 
vn 1 0.00787402 -0.0629921 
vn 0.905512 -0.425197 -0.0866142 
vn -1 0.00787402 -0.0551181 
vn -0.677165 -0.724409 -0.102362 
vn -0.370079 -0.92126 -0.102362 
vn 0.314961 -0.944882 -0.0629921 
vn 0.314961 -0.944882 -0.0629921 
vn 0.905512 -0.433071 0.015748 
vn 1 -0.00787402 0.0551181 
vn -0.149606 0.0866142 -0.984252 
vn -0.125984 -0.622047 -0.771654 
vn -0.377953 -0.622047 -0.685039 
vn -0.503937 0.0787402 -0.866142 
vn -0.0787402 -0.88189 -0.456693 
vn -0.212598 -0.889764 -0.409449 
vn 0.015748 -0.96063 0.275591 
vn 0.023622 -0.96063 0.283465 
vn 0.141732 -0.96063 0.228346 
vn 0.141732 -0.968504 0.220472 
vn 0.0944882 -0.472441 0.874016 
vn 0.102362 -0.0866142 0.992126 
vn 0.464567 -0.0787402 0.88189 
vn 0.425197 -0.480315 0.76378 
vn -0.622047 -0.653543 -0.440945 
vn -0.850394 0.0472441 -0.519685 
vn -0.330709 -0.905512 -0.267717 
vn 0.259843 -0.96063 0.102362 
vn 0.259843 -0.96063 0.0866142 
vn 0.858268 -0.0472441 0.503937 
vn 0.779528 -0.464567 0.425197 
vn -0.661417 -0.700787 -0.259843 
vn -0.952756 0.023622 -0.291339 
vn -0.362205 -0.913386 -0.181102 
vn 0.314961 -0.944882 0.023622 
vn 0.307087 -0.952756 0.015748 
vn 0.96063 -0.023622 0.267717 
vn 0.874016 -0.433071 0.212598 
vn -0.0314961 0.0866142 -0.992126 
vn -0.0314961 -0.645669 -0.76378 
vn -0.0314961 -0.889764 -0.456693 
vn -0.023622 -0.952756 0.291339 
vn -0.023622 -0.952756 0.299213 
vn -0.015748 -0.464567 0.88189 
vn -0.015748 -0.0866142 1 
vn -0.692913 -0.692913 -0.181102 
vn -0.984252 0.015748 -0.165354 
vn -0.370079 -0.92126 -0.141732 
vn 0.314961 -0.952756 -0.023622 
vn 0.307087 -0.952756 -0.023622 
vn 0.984252 -0.015748 0.181102 
vn 0.889764 -0.440945 0.11811 
vn -0.204724 0.629921 0.748031 
vn -0.448819 0.629921 0.637795 
vn -0.125984 0.889764 0.440945 
vn -0.244094 0.889764 0.377953 
vn 0.0551181 0.96063 -0.267717 
vn 0.0629921 0.96063 -0.267717 
vn 0.173228 0.968504 -0.19685 
vn 0.173228 0.968504 -0.19685 
vn 0.204724 0.480315 -0.858268 
vn 0.519685 0.480315 -0.708661 
vn -0.661417 0.661417 0.362205 
vn -0.346457 0.905512 0.228346 
vn 0.283465 0.96063 -0.0629921 
vn 0.275591 0.96063 -0.0472441 
vn 0.826772 0.464567 -0.322835 
vn -0.685039 0.708661 0.181102 
vn -0.370079 0.92126 0.133858 
vn 0.322835 0.944882 0.023622 
vn 0.314961 0.952756 0.023622 
vn 0.897638 0.433071 -0.102362 
vn -0.11811 0.653543 0.748031 
vn -0.0787402 0.889764 0.448819 
vn 0.015748 0.96063 -0.283465 
vn 0.023622 0.96063 -0.291339 
vn 0.0944882 0.472441 -0.874016 
vn -0.700787 0.708661 0.0944882 
vn -0.370079 0.92126 0.102362 
vn 0.314961 0.944882 0.0629921 
vn 0.314961 0.944882 0.0629921 
vn 0.905512 0.433071 -0.015748 
vn -0.677165 0.732283 0.023622 
vn -0.370079 0.929134 0.0629921 
vn 0.314961 0.944882 0.102362 
vn 0.314961 0.944882 0.102362 
vn 0.905512 0.417323 0.0866142 
vn -0.377953 0.732283 -0.566929 
vn -0.125984 0.748031 -0.653543 
vn -0.212598 0.944882 -0.251969 
vn -0.0787402 0.952756 -0.299213 
vn 0.015748 0.897638 0.440945 
vn 0.141732 0.913386 0.385827 
vn 0.141732 0.913386 0.385827 
vn 0.023622 0.897638 0.448819 
vn 0.0944882 0.314961 0.944882 
vn 0.425197 0.338583 0.84252 
vn -0.622047 0.716535 -0.322835 
vn -0.330709 0.937008 -0.110236 
vn 0.259843 0.929134 0.251969 
vn 0.259843 0.929134 0.259843 
vn 0.779528 0.385827 0.496063 
vn -0.661417 0.732283 -0.133858 
vn -0.362205 0.929134 -0.015748 
vn 0.307087 0.937008 0.181102 
vn 0.314961 0.929134 0.188976 
vn 0.874016 0.393701 0.283465 
vn -0.0314961 0.771654 -0.637795 
vn -0.0314961 0.952756 -0.299213 
vn -0.023622 0.889764 0.456693 
vn -0.023622 0.889764 0.456693 
vn -0.015748 0.307087 0.952756 
vn -0.692913 0.716535 -0.0551181 
vn -0.370079 0.929134 0.015748 
vn 0.314961 0.937008 0.141732 
vn 0.307087 0.937008 0.141732 
vn 0.889764 0.409449 0.19685 
vn 0.992126 0.0944882 -0.0944882 
vn 0.992126 0.0787402 -0.102362 
vn 0.992126 0.0866142 -0.102362 
vn 0.992126 0.102362 -0.0866142 
vn 0.992126 0.125984 -0.0708661 
vn 0.992126 0.11811 -0.0708661 
vn 0.984252 0.149606 -0.0393701 
vn 0.992126 0.141732 -0.0472441 
vn 0.976378 0.204724 0.015748 
vn 0.984252 0.181102 -0.00787402 
vn 0.968504 0.23622 0.0629921 
vn 0.976378 0.212598 0.0393701 
vn 0.952756 0.291339 0.0708661 
vn 0.96063 0.267717 0.0787402 
vn 0.976378 0.220472 0.0551181 
vn 0.968504 0.251969 0.0787402 
vn 0.976378 0.19685 0.0787402 
vn 0.968504 0.220472 0.102362 
vn 0.984252 0.165354 0.0944882 
vn 0.976378 0.204724 0.0944882 
vn 0.984252 0.181102 0.0708661 
vn 0.984252 0.15748 0.102362 
vn 0.96063 0.259843 0.110236 
vn 0.96063 0.267717 0.110236 
vn 0.952756 0.299213 0.0944882 
vn 0.952756 0.291339 0.102362 
vn 0.952756 0.291339 0.11811 
vn 0.952756 0.291339 0.102362 
vn 0.984252 0.173228 0.0866142 
vn 0.984252 0.125984 0.110236 
vn 0.984252 0.15748 0.110236 
vn 0.976378 0.19685 0.125984 
vn 0.976378 0.181102 0.141732 
vn 0.968504 0.204724 0.141732 
vn 0.968504 0.19685 0.149606 
vn 0.984252 0.125984 0.11811 
vn 0.992126 0.0866142 0.11811 
vn 0.976378 0.15748 0.149606 
vn 0.976378 0.188976 0.133858 
vn 0.984252 0.110236 0.133858 
vn 0.976378 0.133858 0.149606 
vn 0.976378 0.188976 0.125984 
vn 0.992126 0.110236 0.102362 
vn 0.992126 0.0551181 0.133858 
vn 0.984252 0.11811 0.133858 
vn 0.984252 0.0708661 0.141732 
vn 0.984252 0.102362 0.141732 
vn 0.984252 0.0866142 0.141732 
vn 0.992126 0.0393701 0.141732 
vn 0.984252 0.110236 0.165354 
vn 0.984252 0.0787402 0.141732 
vn 0.984252 0.102362 0.165354 
vn 0.976378 0.141732 0.181102 
vn 0.976378 0.133858 0.181102 
vn 0.968504 0.149606 0.188976 
vn 0.968504 0.141732 0.19685 
vn 0.984252 0.0551181 0.149606 
vn 0.992126 -0.015748 0.133858 
vn 0.984252 0.0787402 0.181102 
vn 0.976378 0.110236 0.19685 
vn 0.968504 0.125984 0.204724 
vn 0.984252 0.0393701 0.15748 
vn 0.992126 -0.015748 0.141732 
vn 0.976378 0.0866142 0.188976 
vn 0.984252 0.0629921 0.181102 
vn 0.976378 0.0944882 0.188976 
vn 0.992126 -0.0787402 -0.110236 
vn 0.992126 -0.0866142 -0.102362 
vn 0.992126 -0.0629921 -0.11811 
vn 0.992126 -0.0629921 -0.11811 
vn 0.992126 -0.102362 -0.0944882 
vn 0.992126 -0.110236 -0.0866142 
vn 0.992126 -0.125984 -0.0708661 
vn 0.984252 -0.141732 -0.0629921 
vn 0.984252 -0.173228 -0.0393701 
vn 0.976378 -0.204724 -0.015748 
vn 0.976378 -0.220472 0 
vn 0.968504 -0.23622 0.023622 
vn 0.976378 -0.228346 0.015748 
vn 0.96063 -0.275591 0.0314961 
vn 0.952756 -0.291339 0.015748 
vn 0.976378 -0.204724 0.0393701 
vn 0.968504 -0.259843 0.0393701 
vn 0.984252 -0.181102 0.0629921 
vn 0.968504 -0.23622 0.0629921 
vn 0.976378 -0.212598 0.0551181 
vn 0.984252 -0.173228 0.0787402 
vn 0.984252 -0.188976 0.0393701 
vn 0.96063 -0.275591 0.0629921 
vn 0.96063 -0.283465 0.0629921 
vn 0.952756 -0.307087 0.0393701 
vn 0.952756 -0.307087 0.0472441 
vn 0.952756 -0.307087 0.0708661 
vn 0.952756 -0.299213 0.0472441 
vn 0.984252 -0.149606 0.0866142 
vn 0.984252 -0.188976 0.0551181 
vn 0.984252 -0.173228 0.0787402 
vn 0.976378 -0.204724 0.102362 
vn 0.976378 -0.212598 0.0944882 
vn 0.968504 -0.220472 0.110236 
vn 0.968504 -0.228346 0.110236 
vn 0.992126 -0.110236 0.102362 
vn 0.984252 -0.141732 0.0944882 
vn 0.976378 -0.173228 0.11811 
vn 0.968504 -0.212598 0.102362 
vn 0.984252 -0.133858 0.110236 
vn 0.976378 -0.15748 0.125984 
vn 0.976378 -0.212598 0.0944882 
vn 0.992126 -0.0787402 0.11811 
vn 0.992126 -0.125984 0.0787402 
vn 0.984252 -0.141732 0.110236 
vn 0.984252 -0.0944882 0.125984 
vn 0.984252 -0.125984 0.125984 
vn 0.992126 -0.0629921 0.125984 
vn 0.984252 -0.110236 0.125984 
vn 0.984252 -0.133858 0.141732 
vn 0.984252 -0.0944882 0.125984 
vn 0.984252 -0.125984 0.149606 
vn 0.976378 -0.165354 0.15748 
vn 0.976378 -0.165354 0.149606 
vn 0.968504 -0.173228 0.165354 
vn 0.968504 -0.181102 0.15748 
vn 0.984252 -0.0787402 0.141732 
vn 0.984252 -0.110236 0.165354 
vn 0.976378 -0.141732 0.173228 
vn 0.968504 -0.15748 0.181102 
vn 0.984252 -0.0629921 0.149606 
vn 0.984252 -0.0944882 0.165354 
vn 0.976378 -0.11811 0.173228 
vn 0.976378 -0.125984 0.165354 
vn 0.110236 -0.92126 0.370079 
vn 0.102362 -0.929134 0.362205 
vn 0.102362 -0.929134 0.362205 
vn 0.110236 -0.92126 0.370079 
vn -0.0866142 -0.133858 -0.984252 
vn -0.0866142 -0.125984 -0.984252 
vn -0.0866142 -0.125984 -0.984252 
vn -0.0866142 -0.125984 -0.984252 
vn -0.125984 0.834646 -0.535433 
vn -0.133858 0.818898 -0.551181 
vn -0.133858 0.818898 -0.559055 
vn -0.125984 0.834646 -0.543307 
vn 0.11811 -0.92126 0.362205 
vn 0.11811 -0.92126 0.362205 
vn -0.141732 0.811024 -0.566929 
vn -0.149606 0.811024 -0.566929 
vn 0.125984 -0.937008 0.330709 
vn 0.125984 -0.937008 0.338583 
vn -0.15748 0.84252 -0.519685 
vn -0.15748 0.834646 -0.519685 
vn 0.149606 -0.96063 0.244094 
vn 0.141732 -0.96063 0.244094 
vn -0.181102 0.850394 -0.496063 
vn -0.181102 0.84252 -0.503937 
vn 0.165354 -0.984252 0.0551181 
vn 0.165354 -0.984252 0.0551181 
vn -0.19685 0.818898 -0.535433 
vn -0.19685 0.818898 -0.543307 
vn 0.173228 -0.976378 -0.11811 
vn 0.173228 -0.976378 -0.11811 
vn -0.19685 0.811024 -0.551181 
vn -0.204724 0.80315 -0.559055 
vn -0.204724 0.80315 -0.559055 
vn -0.204724 0.80315 -0.559055 
vn 0.173228 -0.968504 -0.173228 
vn 0.173228 -0.968504 -0.173228 
vn -0.251969 0.866142 -0.433071 
vn -0.251969 0.858268 -0.440945 
vn -0.291339 0.913386 -0.291339 
vn -0.291339 0.913386 -0.299213 
vn -0.338583 0.732283 0.598425 
vn -0.322835 0.669291 0.661417 
vn -0.322835 0.669291 0.669291 
vn -0.338583 0.724409 0.598425 
vn 0.141732 -0.543307 -0.826772 
vn 0.141732 -0.503937 -0.850394 
vn 0.141732 -0.496063 -0.858268 
vn 0.141732 -0.535433 -0.834646 
vn -0.275591 0.488189 0.826772 
vn -0.267717 0.480315 0.834646 
vn 0.133858 -0.543307 -0.826772 
vn 0.141732 -0.535433 -0.834646 
vn -0.173228 0.275591 0.944882 
vn -0.204724 0.456693 0.866142 
vn -0.19685 0.456693 0.866142 
vn -0.173228 0.275591 0.944882 
vn -0.244094 0.346457 0.905512 
vn -0.244094 0.346457 0.905512 
vn 0.0944882 -0.716535 0.692913 
vn 0.0787402 -0.716535 0.692913 
vn 0.0708661 -0.716535 0.692913 
vn 0.0866142 -0.716535 0.692913 
vn 0.125984 -0.527559 -0.834646 
vn 0.133858 -0.527559 -0.84252 
vn -0.220472 0.622047 0.748031 
vn -0.220472 0.614173 0.755906 
vn -0.19685 0.976378 0.023622 
vn -0.149606 0.944882 -0.299213 
vn -0.15748 0.944882 -0.299213 
vn -0.19685 0.976378 0.023622 
vn -0.0944882 0.795276 -0.598425 
vn -0.102362 0.795276 -0.598425 
vn -0.275591 0.929134 0.244094 
vn -0.291339 0.795276 0.527559 
vn -0.291339 0.80315 0.527559 
vn -0.275591 0.929134 0.251969 
vn 0.110236 -0.559055 -0.818898 
vn 0.11811 -0.551181 -0.826772 
vn -0.267717 0.590551 0.755906 
vn -0.259843 0.590551 0.76378 
vn -0.149606 -0.19685 0.968504 
vn -0.0629921 -0.535433 0.84252 
vn -0.0708661 -0.527559 0.850394 
vn -0.149606 -0.19685 0.968504 
vn -0.0629921 -0.527559 0.850394 
vn -0.0629921 -0.519685 0.850394 
vn 0.110236 -0.559055 -0.826772 
vn 0.110236 -0.551181 -0.826772 
vn -0.125984 -0.188976 0.976378 
vn -0.125984 -0.181102 0.976378 
vn -0.188976 0.692913 0.692913 
vn -0.188976 0.692913 0.692913 
vn -0.188976 0.685039 0.700787 
vn -0.188976 0.685039 0.700787 
vn 0.102362 -0.566929 -0.818898 
vn 0.102362 -0.566929 -0.818898 
vn -0.0944882 0.992126 -0.0866142 
vn -0.0393701 0.929134 -0.370079 
vn -0.0472441 0.929134 -0.370079 
vn -0.0944882 0.992126 -0.0944882 
vn -0.0472441 0.889764 -0.464567 
vn -0.0472441 0.88189 -0.464567 
vn -0.0944882 0.952756 -0.283465 
vn -0.0944882 0.952756 -0.291339 
vn -0.251969 0.708661 0.653543 
vn -0.251969 0.637795 0.732283 
vn -0.244094 0.629921 0.740157 
vn -0.251969 0.708661 0.661417 
vn 0.0944882 -0.590551 -0.80315 
vn 0.102362 -0.582677 -0.811024 
vn -0.244094 0.787402 0.566929 
vn -0.244094 0.779528 0.574803 
vn -0.0944882 -0.811024 0.582677 
vn -0.102362 -0.795276 0.598425 
vn -0.110236 -0.795276 0.598425 
vn -0.0944882 -0.80315 0.590551 
vn -0.23622 0.637795 0.732283 
vn -0.23622 0.637795 0.732283 
vn -0.141732 -0.559055 0.811024 
vn -0.0866142 -0.811024 0.582677 
vn -0.0944882 -0.80315 0.582677 
vn -0.149606 -0.559055 0.818898 
vn -0.204724 -0.244094 0.944882 
vn -0.204724 -0.244094 0.952756 
vn 0.102362 0.850394 0.511811 
vn 0.110236 0.84252 0.519685 
vn 0.110236 0.84252 0.527559 
vn 0.102362 0.850394 0.519685 
vn -0.0866142 0.299213 -0.952756 
vn -0.0866142 0.299213 -0.952756 
vn -0.0866142 0.299213 -0.952756 
vn -0.0866142 0.299213 -0.952756 
vn -0.133858 -0.716535 -0.685039 
vn -0.125984 -0.724409 -0.677165 
vn -0.125984 -0.724409 -0.677165 
vn -0.133858 -0.708661 -0.692913 
vn 0.11811 0.850394 0.519685 
vn 0.11811 0.84252 0.519685 
vn -0.149606 -0.700787 -0.700787 
vn -0.141732 -0.700787 -0.700787 
vn 0.125984 0.866142 0.488189 
vn 0.125984 0.858268 0.488189 
vn -0.15748 -0.732283 -0.661417 
vn -0.15748 -0.732283 -0.661417 
vn 0.141732 0.905512 0.409449 
vn 0.149606 0.897638 0.409449 
vn -0.181102 -0.748031 -0.637795 
vn -0.181102 -0.748031 -0.637795 
vn 0.165354 0.96063 0.228346 
vn 0.165354 0.96063 0.228346 
vn -0.204724 -0.716535 -0.669291 
vn -0.19685 -0.708661 -0.677165 
vn 0.173228 0.984252 0.0551181 
vn 0.173228 0.984252 0.0551181 
vn -0.204724 -0.692913 -0.692913 
vn -0.204724 -0.700787 -0.685039 
vn -0.19685 -0.700787 -0.685039 
vn -0.19685 -0.692913 -0.692913 
vn 0.173228 0.984252 -0.00787402 
vn 0.173228 0.984252 -0.00787402 
vn -0.259843 -0.779528 -0.574803 
vn -0.251969 -0.771654 -0.582677 
vn -0.291339 -0.850394 -0.440945 
vn -0.291339 -0.84252 -0.448819 
vn -0.322835 -0.779528 0.543307 
vn -0.338583 -0.818898 0.464567 
vn -0.338583 -0.818898 0.464567 
vn -0.322835 -0.771654 0.543307 
vn 0.141732 0.645669 -0.748031 
vn 0.141732 0.677165 -0.724409 
vn 0.141732 0.669291 -0.724409 
vn 0.141732 0.637795 -0.755906 
vn -0.267717 -0.629921 0.732283 
vn -0.275591 -0.622047 0.732283 
vn 0.141732 0.677165 -0.716535 
vn 0.133858 0.677165 -0.724409 
vn -0.19685 -0.606299 0.771654 
vn -0.173228 -0.440945 0.88189 
vn -0.173228 -0.433071 0.88189 
vn -0.19685 -0.598425 0.779528 
vn -0.244094 -0.503937 0.826772 
vn -0.244094 -0.496063 0.834646 
vn 0.0708661 0.590551 0.80315 
vn 0.0787402 0.582677 0.811024 
vn 0.0866142 0.574803 0.811024 
vn 0.0787402 0.590551 0.80315 
vn 0.133858 0.669291 -0.732283 
vn 0.125984 0.661417 -0.732283 
vn -0.220472 -0.748031 0.629921 
vn -0.220472 -0.740157 0.637795 
vn -0.149606 -0.874016 -0.464567 
vn -0.19685 -0.968504 -0.141732 
vn -0.19685 -0.968504 -0.141732 
vn -0.149606 -0.874016 -0.456693 
vn -0.102362 -0.685039 -0.716535 
vn -0.0944882 -0.685039 -0.724409 
vn -0.291339 -0.874016 0.385827 
vn -0.275591 -0.96063 0.0866142 
vn -0.275591 -0.96063 0.0866142 
vn -0.291339 -0.874016 0.385827 
vn 0.11811 0.692913 -0.716535 
vn 0.110236 0.685039 -0.716535 
vn -0.259843 -0.724409 0.637795 
vn -0.267717 -0.716535 0.637795 
vn -0.0708661 0.377953 0.92126 
vn -0.149606 0.023622 0.992126 
vn -0.149606 0.023622 0.992126 
vn -0.0708661 0.370079 0.929134 
vn -0.0629921 0.377953 0.92126 
vn -0.0629921 0.370079 0.929134 
vn 0.110236 0.692913 -0.716535 
vn 0.110236 0.685039 -0.716535 
vn -0.125984 0.015748 0.992126 
vn -0.125984 0.015748 0.992126 
vn -0.188976 -0.80315 0.559055 
vn -0.188976 -0.80315 0.566929 
vn -0.188976 -0.795276 0.574803 
vn -0.188976 -0.80315 0.566929 
vn 0.102362 0.700787 -0.700787 
vn 0.102362 0.700787 -0.708661 
vn -0.0472441 -0.850394 -0.527559 
vn -0.0944882 -0.96063 -0.259843 
vn -0.0944882 -0.96063 -0.267717 
vn -0.0393701 -0.850394 -0.527559 
vn -0.0472441 -0.795276 -0.606299 
vn -0.0472441 -0.795276 -0.606299 
vn -0.0944882 -0.889764 -0.448819 
vn -0.0944882 -0.889764 -0.456693 
vn -0.244094 -0.748031 0.614173 
vn -0.251969 -0.811024 0.527559 
vn -0.251969 -0.811024 0.527559 
vn -0.251969 -0.748031 0.614173 
vn 0.102362 0.716535 -0.692913 
vn 0.0944882 0.708661 -0.700787 
vn -0.244094 -0.874016 0.425197 
vn -0.244094 -0.866142 0.433071 
vn -0.110236 0.685039 0.716535 
vn -0.0944882 0.692913 0.716535 
vn -0.0944882 0.685039 0.724409 
vn -0.102362 0.677165 0.724409 
vn -0.23622 -0.76378 0.606299 
vn -0.23622 -0.755906 0.606299 
vn -0.0944882 0.700787 0.708661 
vn -0.149606 0.409449 0.897638 
vn -0.149606 0.401575 0.905512 
vn -0.0866142 0.692913 0.716535 
vn -0.204724 0.0787402 0.976378 
vn -0.204724 0.0708661 0.976378 

vt 0.810927 0.693359 
vt 0.810863 0.775931 
vt 0.770553 0.775837 
vt 0.758327 0.693156 
vt 0.810993 0.610746 
vt 0.750911 0.619438 
vt 0.805213 0.524961 
vt 0.811055 0.524146 
vt 0.802641 0.941202 
vt 0.759864 0.860363 
vt 0.785377 0.859037 
vt 0.806912 0.944082 
vt 0.729264 0.776438 
vt 0.70404 0.691969 
vt 0.798422 0.528612 
vt 0.691302 0.627126 
vt 0.8108 0.85869 
vt 0.810727 0.944841 
vt 0.810927 0.693359 
vt 0.863528 0.693239 
vt 0.851172 0.7759 
vt 0.810863 0.775931 
vt 0.810993 0.610746 
vt 0.811055 0.524146 
vt 0.816893 0.524979 
vt 0.871064 0.619527 
vt 0.818821 0.941212 
vt 0.814544 0.944086 
vt 0.836223 0.859077 
vt 0.861733 0.860443 
vt 0.892457 0.776563 
vt 0.91782 0.692134 
vt 0.823672 0.528648 
vt 0.930661 0.627309 
vt 0.810727 0.944841 
vt 0.8108 0.85869 
vt 0.797884 0.963847 
vt 0.786906 0.95588 
vt 0.802641 0.941202 
vt 0.806912 0.944082 
vt 0.691302 0.627126 
vt 0.673418 0.62084 
vt 0.784569 0.51072 
vt 0.798422 0.528612 
vt 0.805213 0.524961 
vt 0.79739 0.5039 
vt 0.811073 0.501591 
vt 0.811055 0.524146 
vt 0.681065 0.696424 
vt 0.673418 0.62084 
vt 0.691302 0.627126 
vt 0.70404 0.691969 
vt 0.707334 0.784234 
vt 0.729264 0.776438 
vt 0.759864 0.860363 
vt 0.739654 0.87097 
vt 0.802641 0.941202 
vt 0.786906 0.95588 
vt 0.810711 0.966604 
vt 0.810727 0.944841 
vt 0.834533 0.955915 
vt 0.823542 0.963866 
vt 0.814544 0.944086 
vt 0.818821 0.941212 
vt 0.837559 0.510782 
vt 0.948558 0.621052 
vt 0.930661 0.627309 
vt 0.823672 0.528648 
vt 0.824752 0.503932 
vt 0.816893 0.524979 
vt 0.948558 0.621052 
vt 0.940789 0.696618 
vt 0.91782 0.692134 
vt 0.930661 0.627309 
vt 0.914376 0.784387 
vt 0.892457 0.776563 
vt 0.881927 0.87108 
vt 0.861733 0.860443 
vt 0.834533 0.955915 
vt 0.818821 0.941212 
vt 0.511829 0.023078 
vt 0.62456 0.023279 
vt 0.624299 0.032113 
vt 0.511559 0.032041 
vt 0.624151 0.040904 
vt 0.511425 0.040902 
vt 0.624102 0.049639 
vt 0.511384 0.049641 
vt 0.624151 0.058364 
vt 0.511425 0.058362 
vt 0.624301 0.067136 
vt 0.511558 0.067188 
vt 0.511829 0.076135 
vt 0.624563 0.075964 
vt 0.060162 0.022537 
vt 0.17247 0.023747 
vt 0.172808 0.032441 
vt 0.060256 0.031366 
vt 0.285898 0.021014 
vt 0.286229 0.030358 
vt 0.39889 0.024729 
vt 0.398795 0.033672 
vt 0.961936 0.032179 
vt 0.84942 0.032176 
vt 0.849444 0.023463 
vt 0.96195 0.023465 
vt 0.736907 0.032168 
vt 0.73703 0.02346 
vt 0.172985 0.041048 
vt 0.060404 0.040432 
vt 0.286376 0.039995 
vt 0.398778 0.041904 
vt 0.961911 0.040891 
vt 0.849378 0.040889 
vt 0.736813 0.04088 
vt 0.173045 0.049609 
vt 0.06046 0.049611 
vt 0.286426 0.049649 
vt 0.398779 0.049653 
vt 0.961899 0.049599 
vt 0.84936 0.049599 
vt 0.736779 0.049599 
vt 0.172983 0.058168 
vt 0.060401 0.05879 
vt 0.286377 0.059281 
vt 0.398778 0.057379 
vt 0.961912 0.058306 
vt 0.849378 0.058309 
vt 0.736814 0.058318 
vt 0.172803 0.066767 
vt 0.060251 0.067856 
vt 0.286231 0.068885 
vt 0.398795 0.065566 
vt 0.961938 0.067018 
vt 0.849422 0.06702 
vt 0.73691 0.067029 
vt 0.172462 0.075458 
vt 0.060155 0.076687 
vt 0.285898 0.078216 
vt 0.39889 0.074493 
vt 0.961951 0.075731 
vt 0.849446 0.075733 
vt 0.737035 0.075736 
vt 0.237821 0.735242 
vt 0.238497 0.835419 
vt 0.158361 0.829558 
vt 0.155852 0.734021 
vt 0.185225 0.530671 
vt 0.253388 0.530955 
vt 0.241716 0.634715 
vt 0.161985 0.634139 
vt 0.223985 0.438323 
vt 0.273075 0.437747 
vt 0.296465 0.382632 
vt 0.313653 0.37315 
vt 0.158775 0.68284 
vt 0.239794 0.683602 
vt 0.239535 0.685149 
vt 0.158596 0.684409 
vt 0.173877 0.874301 
vt 0.247703 0.899749 
vt 0.110837 0.831036 
vt 0.103611 0.733492 
vt 0.318803 0.73692 
vt 0.318794 0.840142 
vt 0.136795 0.535994 
vt 0.104573 0.639097 
vt 0.318804 0.63689 
vt 0.318805 0.522121 
vt 0.18404 0.4646 
vt 0.318807 0.442946 
vt 0.280975 0.390945 
vt 0.318808 0.369703 
vt 0.103215 0.683734 
vt 0.104532 0.686016 
vt 0.318804 0.686864 
vt 0.318803 0.688562 
vt 0.239623 0.687264 
vt 0.239535 0.685149 
vt 0.31879 0.907802 
vt 0.113965 0.850744 
vt 0.399775 0.735238 
vt 0.481735 0.73402 
vt 0.479223 0.829572 
vt 0.399091 0.835423 
vt 0.452389 0.530676 
vt 0.475627 0.634139 
vt 0.395894 0.634711 
vt 0.384223 0.530956 
vt 0.41363 0.438329 
vt 0.364539 0.437749 
vt 0.341152 0.382635 
vt 0.323963 0.373151 
vt 0.398073 0.685141 
vt 0.397817 0.683596 
vt 0.478825 0.682816 
vt 0.479011 0.68434 
vt 0.463704 0.874315 
vt 0.389877 0.899754 
vt 0.533974 0.733538 
vt 0.526746 0.831064 
vt 0.500818 0.536008 
vt 0.533033 0.639125 
vt 0.453575 0.464609 
vt 0.356642 0.39095 
vt 0.53438 0.683814 
vt 0.533076 0.686199 
vt 0.397984 0.687258 
vt 0.398073 0.685141 
vt 0.523619 0.850769 
vt 0.154812 0.916548 
vt 0.079008 0.880361 
vt 0.105331 0.858311 
vt 0.168455 0.886777 
vt 0.244499 0.91318 
vt 0.236865 0.944559 
vt 0.31879 0.921531 
vt 0.318788 0.95373 
vt 0.393081 0.913186 
vt 0.400711 0.944567 
vt 0.482767 0.916565 
vt 0.469125 0.886792 
vt 0.532253 0.858337 
vt 0.558575 0.880388 
vt 0.568326 0.843812 
vt 0.538892 0.834294 
vt 0.580242 0.739219 
vt 0.548887 0.734514 
vt 0.576233 0.631616 
vt 0.546318 0.636587 
vt 0.512176 0.52985 
vt 0.538733 0.516057 
vt 0.462453 0.455834 
vt 0.48386 0.435009 
vt 0.364177 0.378434 
vt 0.379376 0.350246 
vt 0.347643 0.369465 
vt 0.359551 0.339292 
vt 0.328415 0.360141 
vt 0.338926 0.330237 
vt 0.318808 0.357008 
vt 0.31881 0.323786 
vt 0.298694 0.330235 
vt 0.309203 0.36014 
vt 0.278069 0.339288 
vt 0.289974 0.369461 
vt 0.273441 0.378428 
vt 0.258244 0.350239 
vt 0.153756 0.434995 
vt 0.175162 0.455823 
vt 0.098877 0.51604 
vt 0.125436 0.529833 
vt 0.091282 0.636565 
vt 0.061368 0.631595 
vt 0.057349 0.739193 
vt 0.088704 0.734479 
vt 0.098693 0.834264 
vt 0.069259 0.843784 
vt 0.079008 0.880361 
vt 0.154812 0.916548 
vt 0.138949 0.952475 
vt 0.05411 0.903267 
vt 0.236865 0.944559 
vt 0.228544 0.982106 
vt 0.318788 0.95373 
vt 0.318786 0.992148 
vt 0.400711 0.944567 
vt 0.409029 0.982115 
vt 0.482767 0.916565 
vt 0.498626 0.952494 
vt 0.558575 0.880388 
vt 0.583471 0.903295 
vt 0.558575 0.880388 
vt 0.568326 0.843812 
vt 0.605819 0.854201 
vt 0.583471 0.903295 
vt 0.580242 0.739219 
vt 0.619437 0.741838 
vt 0.576233 0.631616 
vt 0.538733 0.516057 
vt 0.572796 0.499126 
vt 0.613587 0.623396 
vt 0.48386 0.435009 
vt 0.51205 0.409627 
vt 0.379376 0.350246 
vt 0.401708 0.318518 
vt 0.359551 0.339292 
vt 0.376484 0.303853 
vt 0.338926 0.330237 
vt 0.349182 0.292622 
vt 0.31881 0.323786 
vt 0.318812 0.287378 
vt 0.31881 0.323786 
vt 0.298694 0.330235 
vt 0.288441 0.292619 
vt 0.318812 0.287378 
vt 0.278069 0.339288 
vt 0.261139 0.303847 
vt 0.258244 0.350239 
vt 0.235915 0.318511 
vt 0.153756 0.434995 
vt 0.125567 0.409612 
vt 0.098877 0.51604 
vt 0.064816 0.499106 
vt 0.061368 0.631595 
vt 0.024014 0.623371 
vt 0.057349 0.739193 
vt 0.069259 0.843784 
vt 0.031766 0.854172 
vt 0.018155 0.741811 
vt 0.079008 0.880361 
vt 0.05411 0.903267 
vt 0.168455 0.886777 
vt 0.105331 0.858311 
vt 0.113965 0.850744 
vt 0.173877 0.874301 
vt 0.113965 0.850744 
vt 0.105331 0.858311 
vt 0.098693 0.834264 
vt 0.110837 0.831036 
vt 0.088704 0.734479 
vt 0.103611 0.733492 
vt 0.103305 0.687159 
vt 0.088251 0.685187 
vt 0.104532 0.686016 
vt 0.091282 0.636565 
vt 0.125436 0.529833 
vt 0.136795 0.535994 
vt 0.104573 0.639097 
vt 0.175162 0.455823 
vt 0.18404 0.4646 
vt 0.273441 0.378428 
vt 0.280975 0.390945 
vt 0.289974 0.369461 
vt 0.296465 0.382632 
vt 0.309203 0.36014 
vt 0.313653 0.37315 
vt 0.318808 0.357008 
vt 0.318808 0.369703 
vt 0.318808 0.369703 
vt 0.318808 0.357008 
vt 0.328415 0.360141 
vt 0.323963 0.373151 
vt 0.347643 0.369465 
vt 0.341152 0.382635 
vt 0.364177 0.378434 
vt 0.356642 0.39095 
vt 0.462453 0.455834 
vt 0.453575 0.464609 
vt 0.512176 0.52985 
vt 0.500818 0.536008 
vt 0.546318 0.636587 
vt 0.533033 0.639125 
vt 0.53438 0.683814 
vt 0.549344 0.68519 
vt 0.533076 0.686199 
vt 0.548887 0.734514 
vt 0.538892 0.834294 
vt 0.526746 0.831064 
vt 0.533974 0.733538 
vt 0.532253 0.858337 
vt 0.523619 0.850769 
vt 0.523619 0.850769 
vt 0.532253 0.858337 
vt 0.469125 0.886792 
vt 0.463704 0.874315 
vt 0.393081 0.913186 
vt 0.389877 0.899754 
vt 0.31879 0.921531 
vt 0.31879 0.907802 
vt 0.244499 0.91318 
vt 0.247703 0.899749 
vt 0.1585 0.68671 
vt 0.239623 0.687264 
vt 0.239794 0.683602 
vt 0.158775 0.68284 
vt 0.103305 0.687159 
vt 0.103215 0.683734 
vt 0.318805 0.685171 
vt 0.318803 0.688562 
vt 0.397984 0.687258 
vt 0.479107 0.686655 
vt 0.478825 0.682816 
vt 0.397817 0.683596 
vt 0.534307 0.687292 
vt 0.53438 0.683814 
vt 0.580529 0.684895 
vt 0.549344 0.68519 
vt 0.057065 0.684872 
vt 0.088251 0.685187 
vt 0.619647 0.682848 
vt 0.580529 0.684895 
vt 0.017946 0.682823 
vt 0.057065 0.684872 
vt 0.103215 0.683734 
vt 0.534307 0.687292 
vt 0.158596 0.684409 
vt 0.1585 0.68671 
vt 0.103305 0.687159 
vt 0.104532 0.686016 
vt 0.318804 0.686864 
vt 0.318805 0.685171 
vt 0.479011 0.68434 
vt 0.479107 0.686655 
vt 0.533076 0.686199 
vt 0.534307 0.687292 
vt 0.904879 0.486178 
vt 0.934374 0.49626 
vt 0.913257 0.532828 
vt 0.873205 0.519136 
vt 0.972204 0.292559 
vt 0.934857 0.323796 
vt 0.913914 0.298626 
vt 0.96463 0.256206 
vt 0.993363 0.282094 
vt 0.98631 0.285582 
vt 0.983785 0.246733 
vt 0.993363 0.241996 
vt 0.887164 0.338815 
vt 0.915159 0.35339 
vt 0.902826 0.395695 
vt 0.870416 0.396264 
vt 0.870416 0.447689 
vt 0.902825 0.433565 
vt 0.903647 0.471434 
vt 0.871532 0.499115 
vt 0.963868 0.506015 
vt 0.95331 0.546075 
vt 0.993355 0.50931 
vt 0.993363 0.55055 
vt 0.979257 0.28907 
vt 0.974208 0.25147 
vt 0.904879 0.486178 
vt 0.993265 0.394114 
vt 0.934374 0.49626 
vt 0.972204 0.292559 
vt 0.934857 0.323796 
vt 0.993363 0.282094 
vt 0.98631 0.285582 
vt 0.902826 0.395695 
vt 0.902825 0.433565 
vt 0.902825 0.41463 
vt 0.915159 0.35339 
vt 0.903647 0.471434 
vt 0.963868 0.506015 
vt 0.993355 0.50931 
vt 0.979257 0.28907 
vt 0.870416 0.421977 
vt 0.902825 0.41463 
vt 0.913257 0.532828 
vt 0.934374 0.49626 
vt 0.904879 0.486178 
vt 0.873205 0.519136 
vt 0.913914 0.298626 
vt 0.934857 0.323796 
vt 0.972204 0.292559 
vt 0.96463 0.256206 
vt 0.983785 0.246733 
vt 0.98631 0.285582 
vt 0.887164 0.338815 
vt 0.870416 0.396264 
vt 0.902826 0.395695 
vt 0.915159 0.35339 
vt 0.870416 0.447689 
vt 0.871532 0.499115 
vt 0.903647 0.471434 
vt 0.902825 0.433565 
vt 0.95331 0.546075 
vt 0.963868 0.506015 
vt 0.974208 0.25147 
vt 0.979257 0.28907 
vt 0.904879 0.486178 
vt 0.934374 0.49626 
vt 0.972204 0.292559 
vt 0.934857 0.323796 
vt 0.98631 0.285582 
vt 0.902825 0.433565 
vt 0.902826 0.395695 
vt 0.902825 0.41463 
vt 0.915159 0.35339 
vt 0.903647 0.471434 
vt 0.963868 0.506015 
vt 0.979257 0.28907 
vt 0.870416 0.421977 
vt 0.902825 0.41463 
vt 0.058203 0.139621 
vt 0.089927 0.139621 
vt 0.089927 0.164961 
vt 0.058203 0.164961 
vt 0.089927 0.189864 
vt 0.058203 0.189864 
vt 0.058203 0.189864 
vt 0.089927 0.189864 
vt 0.089927 0.214326 
vt 0.058203 0.214326 
vt 0.058203 0.214326 
vt 0.089927 0.214326 
vt 0.089927 0.238786 
vt 0.058203 0.238786 
vt 0.118814 0.139621 
vt 0.118814 0.164961 
vt 0.118814 0.189864 
vt 0.118814 0.189864 
vt 0.118814 0.214326 
vt 0.118814 0.214326 
vt 0.118814 0.238786 
vt 0.135923 0.139621 
vt 0.135923 0.164961 
vt 0.135923 0.189864 
vt 0.135923 0.189864 
vt 0.135923 0.214326 
vt 0.135923 0.214326 
vt 0.135923 0.238786 
vt 0.034056 0.164961 
vt 0.034056 0.139621 
vt 0.034056 0.189864 
vt 0.034056 0.214326 
vt 0.034056 0.189864 
vt 0.034056 0.238786 
vt 0.034056 0.214326 
vt 0.184227 0.164961 
vt 0.184227 0.139621 
vt 0.184227 0.189864 
vt 0.184227 0.214326 
vt 0.184227 0.189864 
vt 0.184227 0.238786 
vt 0.184227 0.214326 
vt 0.248612 0.139621 
vt 0.248612 0.164961 
vt 0.248612 0.189864 
vt 0.248612 0.189864 
vt 0.248612 0.214326 
vt 0.248612 0.214326 
vt 0.248612 0.238786 
vt 0.387664 0.139621 
vt 0.387664 0.164961 
vt 0.349751 0.164961 
vt 0.349751 0.139621 
vt 0.387664 0.189864 
vt 0.349751 0.189864 
vt 0.387664 0.189864 
vt 0.387664 0.214326 
vt 0.349751 0.214326 
vt 0.349751 0.189864 
vt 0.387664 0.214326 
vt 0.387664 0.238786 
vt 0.349751 0.238786 
vt 0.349751 0.214326 
vt 0.316203 0.164961 
vt 0.316203 0.139621 
vt 0.316203 0.189864 
vt 0.316203 0.214326 
vt 0.316203 0.189864 
vt 0.316203 0.238786 
vt 0.316203 0.214326 
vt 0.296193 0.164961 
vt 0.296193 0.139621 
vt 0.296193 0.189864 
vt 0.296193 0.214326 
vt 0.296193 0.189864 
vt 0.296193 0.238786 
vt 0.296193 0.214326 
vt 0.418012 0.139621 
vt 0.418012 0.164961 
vt 0.418012 0.189864 
vt 0.418012 0.189864 
vt 0.418012 0.214326 
vt 0.418012 0.214326 
vt 0.418012 0.238786 
vt 0.280865 0.164961 
vt 0.280865 0.139621 
vt 0.280865 0.189864 
vt 0.280865 0.214326 
vt 0.280865 0.189864 
vt 0.280865 0.238786 
vt 0.280865 0.214326 
vt 0.058203 0.164961 
vt 0.089927 0.164961 
vt 0.058203 0.189864 
vt 0.089927 0.189864 
vt 0.058203 0.189864 
vt 0.058203 0.214326 
vt 0.089927 0.214326 
vt 0.089927 0.189864 
vt 0.058203 0.214326 
vt 0.089927 0.214326 
vt 0.118814 0.164961 
vt 0.118814 0.189864 
vt 0.118814 0.214326 
vt 0.118814 0.189864 
vt 0.118814 0.214326 
vt 0.135923 0.164961 
vt 0.135923 0.189864 
vt 0.135923 0.214326 
vt 0.135923 0.189864 
vt 0.135923 0.214326 
vt 0.034056 0.164961 
vt 0.034056 0.189864 
vt 0.034056 0.189864 
vt 0.034056 0.214326 
vt 0.034056 0.214326 
vt 0.184227 0.164961 
vt 0.184227 0.189864 
vt 0.184227 0.214326 
vt 0.184227 0.189864 
vt 0.184227 0.214326 
vt 0.248612 0.164961 
vt 0.248612 0.189864 
vt 0.248612 0.214326 
vt 0.248612 0.189864 
vt 0.248612 0.214326 
vt 0.349751 0.164961 
vt 0.387664 0.164961 
vt 0.349751 0.189864 
vt 0.387664 0.189864 
vt 0.387664 0.189864 
vt 0.349751 0.189864 
vt 0.349751 0.214326 
vt 0.387664 0.214326 
vt 0.387664 0.214326 
vt 0.349751 0.214326 
vt 0.316203 0.164961 
vt 0.316203 0.189864 
vt 0.316203 0.189864 
vt 0.316203 0.214326 
vt 0.316203 0.214326 
vt 0.296193 0.164961 
vt 0.296193 0.189864 
vt 0.296193 0.189864 
vt 0.296193 0.214326 
vt 0.296193 0.214326 
vt 0.418012 0.164961 
vt 0.418012 0.189864 
vt 0.418012 0.214326 
vt 0.418012 0.189864 
vt 0.418012 0.214326 
vt 0.280865 0.164961 
vt 0.280865 0.189864 
vt 0.280865 0.214326 
vt 0.280865 0.189864 
vt 0.280865 0.214326 
vt 0.66027 0.476532 
vt 0.668897 0.49418 
vt 0.6619 0.495607 
vt 0.649849 0.480105 
vt 0.633583 0.460529 
vt 0.649354 0.455167 
vt 0.619449 0.443451 
vt 0.640408 0.436396 
vt 0.586467 0.393003 
vt 0.621889 0.393104 
vt 0.552457 0.346621 
vt 0.612455 0.357387 
vt 0.544438 0.336425 
vt 0.549512 0.331258 
vt 0.612167 0.34081 
vt 0.564786 0.31562 
vt 0.612723 0.335138 
vt 0.585947 0.293666 
vt 0.625646 0.325904 
vt 0.588839 0.290628 
vt 0.591174 0.289657 
vt 0.629743 0.322377 
vt 0.55594 0.262095 
vt 0.551137 0.264585 
vt 0.521151 0.295798 
vt 0.517928 0.300641 
vt 0.51999 0.306043 
vt 0.539056 0.329544 
vt 0.595121 0.285749 
vt 0.639528 0.315382 
vt 0.605801 0.278501 
vt 0.594841 0.27942 
vt 0.60147 0.274406 
vt 0.569234 0.249923 
vt 0.570481 0.243558 
vt 0.631151 0.253944 
vt 0.670487 0.290632 
vt 0.626835 0.249665 
vt 0.596972 0.218623 
vt 0.634354 0.250841 
vt 0.629941 0.247313 
vt 0.603587 0.219237 
vt 0.64024 0.251334 
vt 0.679993 0.282949 
vt 0.635836 0.247797 
vt 0.644232 0.24671 
vt 0.639847 0.243162 
vt 0.643066 0.239689 
vt 0.690194 0.274977 
vt 0.638713 0.236119 
vt 0.651444 0.232873 
vt 0.647088 0.229344 
vt 0.615011 0.210647 
vt 0.621805 0.203135 
vt 0.6124 0.203828 
vt 0.616002 0.198143 
vt 0.65977 0.226042 
vt 0.702508 0.264508 
vt 0.655407 0.222541 
vt 0.628545 0.195601 
vt 0.623303 0.191063 
vt 0.682264 0.202244 
vt 0.702495 0.2241 
vt 0.652765 0.169202 
vt 0.678812 0.198339 
vt 0.646004 0.168186 
vt 0.744796 0.476489 
vt 0.755217 0.480059 
vt 0.743171 0.495565 
vt 0.736174 0.49414 
vt 0.755703 0.455121 
vt 0.771477 0.460477 
vt 0.764643 0.436346 
vt 0.785604 0.443394 
vt 0.783145 0.393047 
vt 0.818568 0.392933 
vt 0.792567 0.357327 
vt 0.852561 0.346538 
vt 0.792849 0.340751 
vt 0.8555 0.331174 
vt 0.860576 0.33634 
vt 0.792292 0.335079 
vt 0.84022 0.315543 
vt 0.779367 0.325851 
vt 0.819053 0.293598 
vt 0.816162 0.290563 
vt 0.77527 0.322328 
vt 0.813831 0.289597 
vt 0.849045 0.262014 
vt 0.85385 0.264501 
vt 0.883847 0.295702 
vt 0.887072 0.300545 
vt 0.885013 0.305947 
vt 0.865955 0.329456 
vt 0.765487 0.315336 
vt 0.809887 0.285693 
vt 0.799207 0.278448 
vt 0.803538 0.274352 
vt 0.810168 0.279365 
vt 0.83452 0.243497 
vt 0.835769 0.249863 
vt 0.734528 0.290597 
vt 0.773853 0.253898 
vt 0.778168 0.249618 
vt 0.808024 0.218569 
vt 0.770649 0.250796 
vt 0.775061 0.247266 
vt 0.801409 0.219184 
vt 0.725024 0.282923 
vt 0.764764 0.251291 
vt 0.769167 0.247753 
vt 0.760771 0.24667 
vt 0.765154 0.24312 
vt 0.714824 0.274963 
vt 0.761934 0.239648 
vt 0.766285 0.236076 
vt 0.753552 0.232838 
vt 0.757906 0.229306 
vt 0.783173 0.203081 
vt 0.789971 0.210589 
vt 0.788973 0.198086 
vt 0.792579 0.203768 
vt 0.745221 0.226013 
vt 0.749582 0.222508 
vt 0.776428 0.195552 
vt 0.781667 0.19101 
vt 0.722711 0.202229 
vt 0.726162 0.198322 
vt 0.752191 0.169169 
vt 0.758952 0.168148 
vt 0.833277 0.139674 
vt 0.823147 0.139674 
vt 0.823147 0.123381 
vt 0.833277 0.123381 
vt 0.823147 0.139674 
vt 0.816295 0.139674 
vt 0.816295 0.123381 
vt 0.823147 0.123381 
vt 0.816295 0.139674 
vt 0.809305 0.139674 
vt 0.809305 0.123381 
vt 0.816295 0.123381 
vt 0.844757 0.139674 
vt 0.844757 0.123381 
vt 0.797446 0.139674 
vt 0.797446 0.123381 
vt 0.861946 0.139674 
vt 0.861946 0.123381 
vt 0.784921 0.139674 
vt 0.784921 0.123381 
vt 0.883413 0.139674 
vt 0.883413 0.123381 
vt 0.763171 0.139674 
vt 0.763171 0.123381 
vt 0.897209 0.139674 
vt 0.897209 0.123381 
vt 0.732365 0.139674 
vt 0.732365 0.123381 
vt 0.90291 0.139674 
vt 0.90291 0.123381 
vt 0.714075 0.139674 
vt 0.708311 0.139674 
vt 0.708311 0.123381 
vt 0.714075 0.123381 
vt 0.908315 0.139674 
vt 0.908315 0.123381 
vt 0.698013 0.139674 
vt 0.698013 0.123381 
vt 0.68867 0.139674 
vt 0.68867 0.123381 
vt 0.68867 0.139674 
vt 0.68553 0.139674 
vt 0.68553 0.123381 
vt 0.68867 0.123381 
vt 0.913764 0.139674 
vt 0.908315 0.139674 
vt 0.908315 0.123381 
vt 0.913764 0.123381 
vt 0.672793 0.139674 
vt 0.672793 0.123381 
vt 0.918136 0.139674 
vt 0.918136 0.123381 
vt 0.64788 0.139674 
vt 0.633132 0.139674 
vt 0.633132 0.123381 
vt 0.64788 0.123381 
vt 0.660266 0.139674 
vt 0.660266 0.123381 
vt 0.660266 0.139674 
vt 0.64788 0.139674 
vt 0.64788 0.123381 
vt 0.660266 0.123381 
vt 0.931192 0.139674 
vt 0.931192 0.123381 
vt 0.629351 0.139674 
vt 0.629351 0.123381 
vt 0.629351 0.139674 
vt 0.625095 0.139674 
vt 0.625095 0.123381 
vt 0.629351 0.123381 
vt 0.612851 0.139674 
vt 0.612851 0.123381 
vt 0.612851 0.139674 
vt 0.600636 0.139674 
vt 0.600636 0.123381 
vt 0.612851 0.123381 
vt 0.944539 0.139674 
vt 0.944539 0.123381 
vt 0.589058 0.139674 
vt 0.589058 0.123381 
vt 0.589058 0.139674 
vt 0.577709 0.139674 
vt 0.577709 0.123381 
vt 0.589058 0.123381 
vt 0.565836 0.139674 
vt 0.565836 0.123381 
vt 0.950903 0.139674 
vt 0.950903 0.123381 
vt 0.553796 0.139674 
vt 0.553796 0.123381 
vt 0.553796 0.139674 
vt 0.549852 0.139674 
vt 0.549852 0.123381 
vt 0.553796 0.123381 
vt 0.958275 0.139674 
vt 0.958275 0.123381 
vt 0.549852 0.139674 
vt 0.546047 0.139674 
vt 0.546047 0.123381 
vt 0.549852 0.123381 
vt 0.535345 0.139674 
vt 0.535345 0.123381 
vt 0.52448 0.139674 
vt 0.52448 0.123381 
vt 0.520596 0.139674 
vt 0.516095 0.139674 
vt 0.516095 0.123381 
vt 0.520596 0.123381 
vt 0.968083 0.139674 
vt 0.968083 0.123381 
vt 0.52448 0.139674 
vt 0.52448 0.123381 
vt 0.469629 0.139674 
vt 0.457534 0.139674 
vt 0.457534 0.123381 
vt 0.469629 0.123381 
vt 0.504567 0.139674 
vt 0.504567 0.123381 
vt 0.494014 0.139674 
vt 0.48148 0.139674 
vt 0.48148 0.123381 
vt 0.494014 0.123381 
vt 0.504567 0.139674 
vt 0.504567 0.123381 
vt 0.819692 0.120259 
vt 0.829713 0.120259 
vt 0.829713 0.102119 
vt 0.819692 0.102119 
vt 0.812947 0.120259 
vt 0.819692 0.120259 
vt 0.819692 0.102119 
vt 0.812947 0.102119 
vt 0.801474 0.120259 
vt 0.812947 0.120259 
vt 0.812947 0.102119 
vt 0.801474 0.102119 
vt 0.840929 0.120259 
vt 0.840929 0.102119 
vt 0.789265 0.120259 
vt 0.789265 0.102119 
vt 0.852495 0.120259 
vt 0.852495 0.102119 
vt 0.768172 0.120259 
vt 0.768172 0.102119 
vt 0.870382 0.120259 
vt 0.870382 0.102119 
vt 0.737811 0.120259 
vt 0.737811 0.102119 
vt 0.892414 0.120259 
vt 0.892414 0.102119 
vt 0.71937 0.120259 
vt 0.71937 0.102119 
vt 0.906323 0.120259 
vt 0.906323 0.102119 
vt 0.703369 0.120259 
vt 0.713576 0.120259 
vt 0.713576 0.102119 
vt 0.703369 0.102119 
vt 0.912119 0.120259 
vt 0.912119 0.102119 
vt 0.693728 0.120259 
vt 0.693728 0.102119 
vt 0.690522 0.120259 
vt 0.690522 0.102119 
vt 0.677645 0.120259 
vt 0.690522 0.120259 
vt 0.690522 0.102119 
vt 0.677645 0.102119 
vt 0.912119 0.120259 
vt 0.91778 0.120259 
vt 0.91778 0.102119 
vt 0.912119 0.102119 
vt 0.664658 0.120259 
vt 0.664658 0.102119 
vt 0.923208 0.120259 
vt 0.923208 0.102119 
vt 0.634215 0.120259 
vt 0.639512 0.120259 
vt 0.639512 0.102119 
vt 0.634215 0.102119 
vt 0.651651 0.120259 
vt 0.651651 0.102119 
vt 0.639512 0.120259 
vt 0.651651 0.120259 
vt 0.651651 0.102119 
vt 0.639512 0.102119 
vt 0.927692 0.120259 
vt 0.927692 0.102119 
vt 0.629412 0.120259 
vt 0.629412 0.102119 
vt 0.616855 0.120259 
vt 0.629412 0.120259 
vt 0.629412 0.102119 
vt 0.616855 0.102119 
vt 0.605165 0.120259 
vt 0.605165 0.102119 
vt 0.594081 0.120259 
vt 0.605165 0.120259 
vt 0.605165 0.102119 
vt 0.594081 0.102119 
vt 0.941087 0.120259 
vt 0.941087 0.102119 
vt 0.582711 0.120259 
vt 0.582711 0.102119 
vt 0.570827 0.120259 
vt 0.582711 0.120259 
vt 0.582711 0.102119 
vt 0.570827 0.102119 
vt 0.558969 0.120259 
vt 0.558969 0.102119 
vt 0.954261 0.120259 
vt 0.954261 0.102119 
vt 0.55514 0.120259 
vt 0.55514 0.102119 
vt 0.55099 0.120259 
vt 0.55514 0.120259 
vt 0.55514 0.102119 
vt 0.55099 0.102119 
vt 0.960632 0.120259 
vt 0.960632 0.102119 
vt 0.540109 0.120259 
vt 0.55099 0.120259 
vt 0.55099 0.102119 
vt 0.540109 0.102119 
vt 0.529603 0.120259 
vt 0.529603 0.102119 
vt 0.525951 0.120259 
vt 0.525951 0.102119 
vt 0.51076 0.120259 
vt 0.521389 0.120259 
vt 0.521389 0.102119 
vt 0.51076 0.102119 
vt 0.967733 0.120259 
vt 0.967733 0.102119 
vt 0.525951 0.120259 
vt 0.525951 0.102119 
vt 0.453604 0.120259 
vt 0.467972 0.120259 
vt 0.467972 0.102119 
vt 0.453604 0.102119 
vt 0.500669 0.120259 
vt 0.500669 0.102119 
vt 0.477179 0.120259 
vt 0.48889 0.120259 
vt 0.48889 0.102119 
vt 0.477179 0.102119 
vt 0.500669 0.120259 
vt 0.500669 0.102119 

usemtl Shield1Mtl

f 3446/3446/3446 3447/3447/3447 3448/3448/3448 
f 3448/3448/3448 3449/3449/3449 3446/3446/3446 
f 3450/3450/3450 3451/3451/3451 3452/3452/3452 
f 3452/3452/3452 3453/3453/3453 3450/3450/3450 
f 3446/3446/3446 3449/3449/3449 3451/3451/3451 
f 3451/3451/3451 3450/3450/3450 3446/3446/3446 
f 3454/3454/3454 3455/3455/3455 3456/3456/3456 
f 3456/3456/3456 3457/3457/3457 3454/3454/3454 
f 3455/3455/3455 3458/3458/3458 3448/3448/3448 
f 3448/3448/3448 3456/3456/3456 3455/3455/3455 
f 3449/3449/3449 3448/3448/3448 3458/3458/3458 
f 3458/3458/3458 3459/3459/3459 3449/3449/3449 
f 3460/3460/3460 3452/3452/3452 3451/3451/3451 
f 3451/3451/3451 3461/3461/3461 3460/3460/3460 
f 3451/3451/3451 3449/3449/3449 3459/3459/3459 
f 3459/3459/3459 3461/3461/3461 3451/3451/3451 
f 3457/3457/3457 3456/3456/3456 3462/3462/3462 
f 3462/3462/3462 3463/3463/3463 3457/3457/3457 
f 3456/3456/3456 3448/3448/3448 3447/3447/3447 
f 3447/3447/3447 3462/3462/3462 3456/3456/3456 
f 3464/3464/3464 3465/3465/3465 3466/3466/3466 
f 3466/3466/3466 3467/3467/3467 3464/3464/3464 
f 3468/3468/3468 3469/3469/3469 3470/3470/3470 
f 3470/3470/3470 3471/3471/3471 3468/3468/3468 
f 3464/3464/3464 3468/3468/3468 3471/3471/3471 
f 3471/3471/3471 3465/3465/3465 3464/3464/3464 
f 3472/3472/3472 3473/3473/3473 3474/3474/3474 
f 3474/3474/3474 3475/3475/3475 3472/3472/3472 
f 3475/3475/3475 3474/3474/3474 3466/3466/3466 
f 3466/3466/3466 3476/3476/3476 3475/3475/3475 
f 3465/3465/3465 3477/3477/3477 3476/3476/3476 
f 3476/3476/3476 3466/3466/3466 3465/3465/3465 
f 3478/3478/3478 3479/3479/3479 3471/3471/3471 
f 3471/3471/3471 3470/3470/3470 3478/3478/3478 
f 3471/3471/3471 3479/3479/3479 3477/3477/3477 
f 3477/3477/3477 3465/3465/3465 3471/3471/3471 
f 3473/3473/3473 3480/3480/3480 3481/3481/3481 
f 3481/3481/3481 3474/3474/3474 3473/3473/3473 
f 3474/3474/3474 3481/3481/3481 3467/3467/3467 
f 3467/3467/3467 3466/3466/3466 3474/3474/3474 
f 3482/3482/3482 3483/3483/3483 3484/3484/3484 
f 3484/3484/3484 3485/3485/3485 3482/3482/3482 
f 3486/3486/3486 3487/3487/3487 3488/3488/3488 
f 3488/3488/3488 3489/3489/3489 3486/3486/3486 
f 3490/3490/3490 3491/3491/3491 3492/3492/3492 
f 3492/3492/3492 3493/3493/3493 3490/3490/3490 
f 3494/3494/3494 3495/3495/3495 3496/3496/3496 
f 3496/3496/3496 3497/3497/3497 3494/3494/3494 
f 3498/3498/3498 3494/3494/3494 3497/3497/3497 
f 3497/3497/3497 3499/3499/3499 3498/3498/3498 
f 3500/3500/3500 3501/3501/3501 3498/3498/3498 
f 3498/3498/3498 3499/3499/3499 3500/3500/3500 
f 3502/3502/3502 3503/3503/3503 3501/3501/3501 
f 3501/3501/3501 3500/3500/3500 3502/3502/3502 
f 3504/3504/3504 3482/3482/3482 3485/3485/3485 
f 3485/3485/3485 3505/3505/3505 3504/3504/3504 
f 3489/3489/3489 3488/3488/3488 3491/3491/3491 
f 3491/3491/3491 3490/3490/3490 3489/3489/3489 
f 3506/3506/3506 3507/3507/3507 3508/3508/3508 
f 3508/3508/3508 3509/3509/3509 3506/3506/3506 
f 3510/3510/3510 3511/3511/3511 3512/3512/3512 
f 3512/3512/3512 3513/3513/3513 3510/3510/3510 
f 3492/3492/3492 3514/3514/3514 3515/3515/3515 
f 3515/3515/3515 3493/3493/3493 3492/3492/3492 
f 3516/3516/3516 3517/3517/3517 3518/3518/3518 
f 3518/3518/3518 3519/3519/3519 3516/3516/3516 
f 3517/3517/3517 3520/3520/3520 3521/3521/3521 
f 3521/3521/3521 3518/3518/3518 3517/3517/3517 
f 3520/3520/3520 3522/3522/3522 3523/3523/3523 
f 3523/3523/3523 3521/3521/3521 3520/3520/3520 
f 3522/3522/3522 3524/3524/3524 3525/3525/3525 
f 3525/3525/3525 3523/3523/3523 3522/3522/3522 
f 3507/3507/3507 3504/3504/3504 3505/3505/3505 
f 3505/3505/3505 3508/3508/3508 3507/3507/3507 
f 3514/3514/3514 3510/3510/3510 3513/3513/3513 
f 3513/3513/3513 3515/3515/3515 3514/3514/3514 
f 3526/3526/3526 3527/3527/3527 3528/3528/3528 
f 3528/3528/3528 3529/3529/3529 3526/3526/3526 
f 3529/3529/3529 3528/3528/3528 3530/3530/3530 
f 3530/3530/3530 3531/3531/3531 3529/3529/3529 
f 3531/3531/3531 3530/3530/3530 3532/3532/3532 
f 3532/3532/3532 3533/3533/3533 3531/3531/3531 
f 3533/3533/3533 3532/3532/3532 3534/3534/3534 
f 3534/3534/3534 3535/3535/3535 3533/3533/3533 
f 3535/3535/3535 3534/3534/3534 3536/3536/3536 
f 3536/3536/3536 3537/3537/3537 3535/3535/3535 
f 3538/3538/3538 3537/3537/3537 3536/3536/3536 
f 3536/3536/3536 3539/3539/3539 3538/3538/3538 
f 3540/3540/3540 3541/3541/3541 3542/3542/3542 
f 3542/3542/3542 3543/3543/3543 3540/3540/3540 
f 3542/3542/3542 3541/3541/3541 3544/3544/3544 
f 3544/3544/3544 3545/3545/3545 3542/3542/3542 
f 3544/3544/3544 3546/3546/3546 3547/3547/3547 
f 3547/3547/3547 3545/3545/3545 3544/3544/3544 
f 3546/3546/3546 3526/3526/3526 3529/3529/3529 
f 3529/3529/3529 3547/3547/3547 3546/3546/3546 
f 3548/3548/3548 3549/3549/3549 3550/3550/3550 
f 3550/3550/3550 3551/3551/3551 3548/3548/3548 
f 3549/3549/3549 3552/3552/3552 3553/3553/3553 
f 3553/3553/3553 3550/3550/3550 3549/3549/3549 
f 3552/3552/3552 3528/3528/3528 3527/3527/3527 
f 3527/3527/3527 3553/3553/3553 3552/3552/3552 
f 3543/3543/3543 3542/3542/3542 3554/3554/3554 
f 3554/3554/3554 3555/3555/3555 3543/3543/3543 
f 3554/3554/3554 3542/3542/3542 3545/3545/3545 
f 3545/3545/3545 3556/3556/3556 3554/3554/3554 
f 3545/3545/3545 3547/3547/3547 3557/3557/3557 
f 3557/3557/3557 3556/3556/3556 3545/3545/3545 
f 3547/3547/3547 3529/3529/3529 3531/3531/3531 
f 3531/3531/3531 3557/3557/3557 3547/3547/3547 
f 3558/3558/3558 3559/3559/3559 3549/3549/3549 
f 3549/3549/3549 3548/3548/3548 3558/3558/3558 
f 3559/3559/3559 3560/3560/3560 3552/3552/3552 
f 3552/3552/3552 3549/3549/3549 3559/3559/3559 
f 3560/3560/3560 3530/3530/3530 3528/3528/3528 
f 3528/3528/3528 3552/3552/3552 3560/3560/3560 
f 3555/3555/3555 3554/3554/3554 3561/3561/3561 
f 3561/3561/3561 3562/3562/3562 3555/3555/3555 
f 3554/3554/3554 3556/3556/3556 3563/3563/3563 
f 3563/3563/3563 3561/3561/3561 3554/3554/3554 
f 3556/3556/3556 3557/3557/3557 3564/3564/3564 
f 3564/3564/3564 3563/3563/3563 3556/3556/3556 
f 3557/3557/3557 3531/3531/3531 3533/3533/3533 
f 3533/3533/3533 3564/3564/3564 3557/3557/3557 
f 3565/3565/3565 3566/3566/3566 3559/3559/3559 
f 3559/3559/3559 3558/3558/3558 3565/3565/3565 
f 3566/3566/3566 3567/3567/3567 3560/3560/3560 
f 3560/3560/3560 3559/3559/3559 3566/3566/3566 
f 3567/3567/3567 3532/3532/3532 3530/3530/3530 
f 3530/3530/3530 3560/3560/3560 3567/3567/3567 
f 3562/3562/3562 3561/3561/3561 3568/3568/3568 
f 3568/3568/3568 3569/3569/3569 3562/3562/3562 
f 3561/3561/3561 3563/3563/3563 3570/3570/3570 
f 3570/3570/3570 3568/3568/3568 3561/3561/3561 
f 3563/3563/3563 3564/3564/3564 3571/3571/3571 
f 3571/3571/3571 3570/3570/3570 3563/3563/3563 
f 3564/3564/3564 3533/3533/3533 3535/3535/3535 
f 3535/3535/3535 3571/3571/3571 3564/3564/3564 
f 3572/3572/3572 3573/3573/3573 3566/3566/3566 
f 3566/3566/3566 3565/3565/3565 3572/3572/3572 
f 3573/3573/3573 3574/3574/3574 3567/3567/3567 
f 3567/3567/3567 3566/3566/3566 3573/3573/3573 
f 3574/3574/3574 3534/3534/3534 3532/3532/3532 
f 3532/3532/3532 3567/3567/3567 3574/3574/3574 
f 3569/3569/3569 3568/3568/3568 3575/3575/3575 
f 3575/3575/3575 3576/3576/3576 3569/3569/3569 
f 3568/3568/3568 3570/3570/3570 3577/3577/3577 
f 3577/3577/3577 3575/3575/3575 3568/3568/3568 
f 3570/3570/3570 3571/3571/3571 3578/3578/3578 
f 3578/3578/3578 3577/3577/3577 3570/3570/3570 
f 3571/3571/3571 3535/3535/3535 3537/3537/3537 
f 3537/3537/3537 3578/3578/3578 3571/3571/3571 
f 3579/3579/3579 3580/3580/3580 3573/3573/3573 
f 3573/3573/3573 3572/3572/3572 3579/3579/3579 
f 3580/3580/3580 3581/3581/3581 3574/3574/3574 
f 3574/3574/3574 3573/3573/3573 3580/3580/3580 
f 3581/3581/3581 3536/3536/3536 3534/3534/3534 
f 3534/3534/3534 3574/3574/3574 3581/3581/3581 
f 3576/3576/3576 3575/3575/3575 3582/3582/3582 
f 3582/3582/3582 3583/3583/3583 3576/3576/3576 
f 3575/3575/3575 3577/3577/3577 3584/3584/3584 
f 3584/3584/3584 3582/3582/3582 3575/3575/3575 
f 3577/3577/3577 3578/3578/3578 3585/3585/3585 
f 3585/3585/3585 3584/3584/3584 3577/3577/3577 
f 3585/3585/3585 3578/3578/3578 3537/3537/3537 
f 3537/3537/3537 3538/3538/3538 3585/3585/3585 
f 3586/3586/3586 3587/3587/3587 3580/3580/3580 
f 3580/3580/3580 3579/3579/3579 3586/3586/3586 
f 3587/3587/3587 3588/3588/3588 3581/3581/3581 
f 3581/3581/3581 3580/3580/3580 3587/3587/3587 
f 3588/3588/3588 3539/3539/3539 3536/3536/3536 
f 3536/3536/3536 3581/3581/3581 3588/3588/3588 
f 3589/3589/3589 3590/3590/3590 3591/3591/3591 
f 3591/3591/3591 3592/3592/3592 3589/3589/3589 
f 3593/3593/3593 3594/3594/3594 3595/3595/3595 
f 3595/3595/3595 3596/3596/3596 3593/3593/3593 
f 3597/3597/3597 3598/3598/3598 3594/3594/3594 
f 3594/3594/3594 3593/3593/3593 3597/3597/3597 
f 3599/3599/3599 3600/3600/3600 3598/3598/3598 
f 3598/3598/3598 3597/3597/3597 3599/3599/3599 
f 3601/3601/3601 3602/3602/3602 3603/3603/3603 
f 3603/3603/3603 3604/3604/3604 3601/3601/3601 
f 3605/3605/3605 3591/3591/3591 3590/3590/3590 
f 3590/3590/3590 3606/3606/3606 3605/3605/3605 
f 3591/3591/3591 3607/3607/3607 3608/3608/3608 
f 3608/3608/3608 3592/3592/3592 3591/3591/3591 
f 3590/3590/3590 3589/3589/3589 3609/3609/3609 
f 3609/3609/3609 3610/3610/3610 3590/3590/3590 
f 3611/3611/3611 3593/3593/3593 3596/3596/3596 
f 3596/3596/3596 3612/3612/3612 3611/3611/3611 
f 3613/3613/3613 3595/3595/3595 3594/3594/3594 
f 3594/3594/3594 3614/3614/3614 3613/3613/3613 
f 3615/3615/3615 3597/3597/3597 3593/3593/3593 
f 3593/3593/3593 3611/3611/3611 3615/3615/3615 
f 3614/3614/3614 3594/3594/3594 3598/3598/3598 
f 3598/3598/3598 3616/3616/3616 3614/3614/3614 
f 3617/3617/3617 3599/3599/3599 3597/3597/3597 
f 3597/3597/3597 3615/3615/3615 3617/3617/3617 
f 3616/3616/3616 3598/3598/3598 3600/3600/3600 
f 3600/3600/3600 3618/3618/3618 3616/3616/3616 
f 3619/3619/3619 3601/3601/3601 3604/3604/3604 
f 3604/3604/3604 3620/3620/3620 3619/3619/3619 
f 3621/3621/3621 3622/3622/3622 3623/3623/3623 
f 3623/3623/3623 3624/3624/3624 3621/3621/3621 
f 3606/3606/3606 3590/3590/3590 3610/3610/3610 
f 3610/3610/3610 3625/3625/3625 3606/3606/3606 
f 3591/3591/3591 3605/3605/3605 3626/3626/3626 
f 3626/3626/3626 3607/3607/3607 3591/3591/3591 
f 3627/3627/3627 3628/3628/3628 3629/3629/3629 
f 3629/3629/3629 3630/3630/3630 3627/3627/3627 
f 3631/3631/3631 3632/3632/3632 3633/3633/3633 
f 3633/3633/3633 3634/3634/3634 3631/3631/3631 
f 3635/3635/3635 3631/3631/3631 3634/3634/3634 
f 3634/3634/3634 3636/3636/3636 3635/3635/3635 
f 3637/3637/3637 3635/3635/3635 3636/3636/3636 
f 3636/3636/3636 3638/3638/3638 3637/3637/3637 
f 3639/3639/3639 3640/3640/3640 3641/3641/3641 
f 3641/3641/3641 3642/3642/3642 3639/3639/3639 
f 3643/3643/3643 3644/3644/3644 3630/3630/3630 
f 3630/3630/3630 3629/3629/3629 3643/3643/3643 
f 3645/3645/3645 3646/3646/3646 3629/3629/3629 
f 3629/3629/3629 3628/3628/3628 3645/3645/3645 
f 3609/3609/3609 3627/3627/3627 3630/3630/3630 
f 3630/3630/3630 3610/3610/3610 3609/3609/3609 
f 3647/3647/3647 3648/3648/3648 3632/3632/3632 
f 3632/3632/3632 3631/3631/3631 3647/3647/3647 
f 3613/3613/3613 3614/3614/3614 3634/3634/3634 
f 3634/3634/3634 3633/3633/3633 3613/3613/3613 
f 3649/3649/3649 3647/3647/3647 3631/3631/3631 
f 3631/3631/3631 3635/3635/3635 3649/3649/3649 
f 3614/3614/3614 3616/3616/3616 3636/3636/3636 
f 3636/3636/3636 3634/3634/3634 3614/3614/3614 
f 3650/3650/3650 3649/3649/3649 3635/3635/3635 
f 3635/3635/3635 3637/3637/3637 3650/3650/3650 
f 3616/3616/3616 3618/3618/3618 3638/3638/3638 
f 3638/3638/3638 3636/3636/3636 3616/3616/3616 
f 3642/3642/3642 3641/3641/3641 3651/3651/3651 
f 3651/3651/3651 3652/3652/3652 3642/3642/3642 
f 3653/3653/3653 3622/3622/3622 3621/3621/3621 
f 3621/3621/3621 3654/3654/3654 3653/3653/3653 
f 3644/3644/3644 3625/3625/3625 3610/3610/3610 
f 3610/3610/3610 3630/3630/3630 3644/3644/3644 
f 3629/3629/3629 3646/3646/3646 3655/3655/3655 
f 3655/3655/3655 3643/3643/3643 3629/3629/3629 
f 3656/3656/3656 3657/3657/3657 3658/3658/3658 
f 3658/3658/3658 3659/3659/3659 3656/3656/3656 
f 3656/3656/3656 3659/3659/3659 3660/3660/3660 
f 3660/3660/3660 3661/3661/3661 3656/3656/3656 
f 3661/3661/3661 3660/3660/3660 3662/3662/3662 
f 3662/3662/3662 3663/3663/3663 3661/3661/3661 
f 3663/3663/3663 3662/3662/3662 3664/3664/3664 
f 3664/3664/3664 3665/3665/3665 3663/3663/3663 
f 3666/3666/3666 3665/3665/3665 3664/3664/3664 
f 3664/3664/3664 3667/3667/3667 3666/3666/3666 
f 3666/3666/3666 3667/3667/3667 3668/3668/3668 
f 3668/3668/3668 3669/3669/3669 3666/3666/3666 
f 3670/3670/3670 3669/3669/3669 3668/3668/3668 
f 3668/3668/3668 3671/3671/3671 3670/3670/3670 
f 3672/3672/3672 3670/3670/3670 3671/3671/3671 
f 3671/3671/3671 3673/3673/3673 3672/3672/3672 
f 3674/3674/3674 3675/3675/3675 3676/3676/3676 
f 3676/3676/3676 3677/3677/3677 3674/3674/3674 
f 3677/3677/3677 3676/3676/3676 3678/3678/3678 
f 3678/3678/3678 3679/3679/3679 3677/3677/3677 
f 3679/3679/3679 3678/3678/3678 3680/3680/3680 
f 3680/3680/3680 3681/3681/3681 3679/3679/3679 
f 3681/3681/3681 3680/3680/3680 3682/3682/3682 
f 3682/3682/3682 3683/3683/3683 3681/3681/3681 
f 3683/3683/3683 3682/3682/3682 3684/3684/3684 
f 3684/3684/3684 3685/3685/3685 3683/3683/3683 
f 3685/3685/3685 3684/3684/3684 3686/3686/3686 
f 3686/3686/3686 3687/3687/3687 3685/3685/3685 
f 3688/3688/3688 3687/3687/3687 3686/3686/3686 
f 3686/3686/3686 3689/3689/3689 3688/3688/3688 
f 3690/3690/3690 3688/3688/3688 3689/3689/3689 
f 3689/3689/3689 3691/3691/3691 3690/3690/3690 
f 3691/3691/3691 3692/3692/3692 3693/3693/3693 
f 3693/3693/3693 3690/3690/3690 3691/3691/3691 
f 3694/3694/3694 3693/3693/3693 3692/3692/3692 
f 3692/3692/3692 3695/3695/3695 3694/3694/3694 
f 3696/3696/3696 3694/3694/3694 3695/3695/3695 
f 3695/3695/3695 3697/3697/3697 3696/3696/3696 
f 3696/3696/3696 3697/3697/3697 3698/3698/3698 
f 3698/3698/3698 3699/3699/3699 3696/3696/3696 
f 3700/3700/3700 3701/3701/3701 3702/3702/3702 
f 3702/3702/3702 3703/3703/3703 3700/3700/3700 
f 3703/3703/3703 3702/3702/3702 3658/3658/3658 
f 3658/3658/3658 3657/3657/3657 3703/3703/3703 
f 3704/3704/3704 3705/3705/3705 3706/3706/3706 
f 3706/3706/3706 3707/3707/3707 3704/3704/3704 
f 3705/3705/3705 3708/3708/3708 3709/3709/3709 
f 3709/3709/3709 3706/3706/3706 3705/3705/3705 
f 3708/3708/3708 3710/3710/3710 3711/3711/3711 
f 3711/3711/3711 3709/3709/3709 3708/3708/3708 
f 3710/3710/3710 3712/3712/3712 3713/3713/3713 
f 3713/3713/3713 3711/3711/3711 3710/3710/3710 
f 3712/3712/3712 3714/3714/3714 3715/3715/3715 
f 3715/3715/3715 3713/3713/3713 3712/3712/3712 
f 3714/3714/3714 3716/3716/3716 3717/3717/3717 
f 3717/3717/3717 3715/3715/3715 3714/3714/3714 
f 3718/3718/3718 3719/3719/3719 3720/3720/3720 
f 3720/3720/3720 3721/3721/3721 3718/3718/3718 
f 3719/3719/3719 3722/3722/3722 3723/3723/3723 
f 3723/3723/3723 3720/3720/3720 3719/3719/3719 
f 3724/3724/3724 3725/3725/3725 3726/3726/3726 
f 3726/3726/3726 3727/3727/3727 3724/3724/3724 
f 3725/3725/3725 3728/3728/3728 3729/3729/3729 
f 3729/3729/3729 3726/3726/3726 3725/3725/3725 
f 3728/3728/3728 3730/3730/3730 3731/3731/3731 
f 3731/3731/3731 3729/3729/3729 3728/3728/3728 
f 3730/3730/3730 3732/3732/3732 3733/3733/3733 
f 3733/3733/3733 3731/3731/3731 3730/3730/3730 
f 3732/3732/3732 3734/3734/3734 3735/3735/3735 
f 3735/3735/3735 3733/3733/3733 3732/3732/3732 
f 3734/3734/3734 3736/3736/3736 3737/3737/3737 
f 3737/3737/3737 3735/3735/3735 3734/3734/3734 
f 3738/3738/3738 3739/3739/3739 3740/3740/3740 
f 3740/3740/3740 3741/3741/3741 3738/3738/3738 
f 3739/3739/3739 3742/3742/3742 3743/3743/3743 
f 3743/3743/3743 3740/3740/3740 3739/3739/3739 
f 3742/3742/3742 3744/3744/3744 3745/3745/3745 
f 3745/3745/3745 3743/3743/3743 3742/3742/3742 
f 3744/3744/3744 3746/3746/3746 3747/3747/3747 
f 3747/3747/3747 3745/3745/3745 3744/3744/3744 
f 3746/3746/3746 3748/3748/3748 3749/3749/3749 
f 3749/3749/3749 3747/3747/3747 3746/3746/3746 
f 3748/3748/3748 3750/3750/3750 3751/3751/3751 
f 3751/3751/3751 3749/3749/3749 3748/3748/3748 
f 3752/3752/3752 3753/3753/3753 3754/3754/3754 
f 3754/3754/3754 3755/3755/3755 3752/3752/3752 
f 3753/3753/3753 3756/3756/3756 3757/3757/3757 
f 3757/3757/3757 3754/3754/3754 3753/3753/3753 
f 3758/3758/3758 3759/3759/3759 3760/3760/3760 
f 3760/3760/3760 3761/3761/3761 3758/3758/3758 
f 3762/3762/3762 3763/3763/3763 3764/3764/3764 
f 3764/3764/3764 3765/3765/3765 3762/3762/3762 
f 3765/3765/3765 3764/3764/3764 3766/3766/3766 
f 3766/3766/3766 3767/3767/3767 3765/3765/3765 
f 3768/3768/3768 3769/3769/3769 3770/3770/3770 
f 3771/3771/3771 3772/3772/3772 3773/3773/3773 
f 3773/3773/3773 3774/3774/3774 3771/3771/3771 
f 3772/3772/3772 3775/3775/3775 3776/3776/3776 
f 3776/3776/3776 3773/3773/3773 3772/3772/3772 
f 3775/3775/3775 3777/3777/3777 3778/3778/3778 
f 3778/3778/3778 3776/3776/3776 3775/3775/3775 
f 3777/3777/3777 3779/3779/3779 3780/3780/3780 
f 3780/3780/3780 3778/3778/3778 3777/3777/3777 
f 3779/3779/3779 3781/3781/3781 3782/3782/3782 
f 3782/3782/3782 3780/3780/3780 3779/3779/3779 
f 3781/3781/3781 3783/3783/3783 3784/3784/3784 
f 3784/3784/3784 3782/3782/3782 3781/3781/3781 
f 3785/3785/3785 3786/3786/3786 3787/3787/3787 
f 3787/3787/3787 3788/3788/3788 3785/3785/3785 
f 3788/3788/3788 3787/3787/3787 3789/3789/3789 
f 3789/3789/3789 3790/3790/3790 3788/3788/3788 
f 3790/3790/3790 3789/3789/3789 3791/3791/3791 
f 3791/3791/3791 3792/3792/3792 3790/3790/3790 
f 3792/3792/3792 3791/3791/3791 3793/3793/3793 
f 3793/3793/3793 3794/3794/3794 3792/3792/3792 
f 3794/3794/3794 3793/3793/3793 3795/3795/3795 
f 3795/3795/3795 3796/3796/3796 3794/3794/3794 
f 3795/3795/3795 3797/3797/3797 3798/3798/3798 
f 3798/3798/3798 3796/3796/3796 3795/3795/3795 
f 3799/3799/3799 3800/3800/3800 3801/3801/3801 
f 3802/3802/3802 3803/3803/3803 3804/3804/3804 
f 3804/3804/3804 3805/3805/3805 3802/3802/3802 
f 3803/3803/3803 3806/3806/3806 3807/3807/3807 
f 3807/3807/3807 3804/3804/3804 3803/3803/3803 
f 3808/3808/3808 3809/3809/3809 3810/3810/3810 
f 3810/3810/3810 3811/3811/3811 3808/3808/3808 
f 3811/3811/3811 3810/3810/3810 3812/3812/3812 
f 3812/3812/3812 3813/3813/3813 3811/3811/3811 
f 3812/3812/3812 3814/3814/3814 3815/3815/3815 
f 3815/3815/3815 3813/3813/3813 3812/3812/3812 
f 3814/3814/3814 3816/3816/3816 3817/3817/3817 
f 3817/3817/3817 3815/3815/3815 3814/3814/3814 
f 3816/3816/3816 3758/3758/3758 3761/3761/3761 
f 3761/3761/3761 3817/3817/3817 3816/3816/3816 
f 3818/3818/3818 3819/3819/3819 3589/3589/3589 
f 3589/3589/3589 3592/3592/3592 3818/3818/3818 
f 3820/3820/3820 3821/3821/3821 3596/3596/3596 
f 3596/3596/3596 3595/3595/3595 3820/3820/3820 
f 3822/3822/3822 3818/3818/3818 3592/3592/3592 
f 3592/3592/3592 3608/3608/3608 3822/3822/3822 
f 3821/3821/3821 3823/3823/3823 3612/3612/3612 
f 3612/3612/3612 3596/3596/3596 3821/3821/3821 
f 3824/3824/3824 3820/3820/3820 3595/3595/3595 
f 3595/3595/3595 3613/3613/3613 3824/3824/3824 
f 3819/3819/3819 3825/3825/3825 3609/3609/3609 
f 3609/3609/3609 3589/3589/3589 3819/3819/3819 
f 3627/3627/3627 3826/3826/3826 3827/3827/3827 
f 3827/3827/3827 3628/3628/3628 3627/3627/3627 
f 3632/3632/3632 3828/3828/3828 3829/3829/3829 
f 3829/3829/3829 3633/3633/3633 3632/3632/3632 
f 3628/3628/3628 3827/3827/3827 3830/3830/3830 
f 3830/3830/3830 3645/3645/3645 3628/3628/3628 
f 3648/3648/3648 3831/3831/3831 3828/3828/3828 
f 3828/3828/3828 3632/3632/3632 3648/3648/3648 
f 3829/3829/3829 3824/3824/3824 3613/3613/3613 
f 3613/3613/3613 3633/3633/3633 3829/3829/3829 
f 3825/3825/3825 3826/3826/3826 3627/3627/3627 
f 3627/3627/3627 3609/3609/3609 3825/3825/3825 
f 3832/3832/3832 3833/3833/3833 3675/3675/3675 
f 3675/3675/3675 3674/3674/3674 3832/3832/3832 
f 3673/3673/3673 3833/3833/3833 3832/3832/3832 
f 3832/3832/3832 3672/3672/3672 3673/3673/3673 
f 3834/3834/3834 3835/3835/3835 3701/3701/3701 
f 3701/3701/3701 3700/3700/3700 3834/3834/3834 
f 3698/3698/3698 3835/3835/3835 3834/3834/3834 
f 3834/3834/3834 3699/3699/3699 3698/3698/3698 
f 3836/3836/3836 3837/3837/3837 3724/3724/3724 
f 3724/3724/3724 3727/3727/3727 3836/3836/3836 
f 3837/3837/3837 3836/3836/3836 3723/3723/3723 
f 3723/3723/3723 3722/3722/3722 3837/3837/3837 
f 3838/3838/3838 3839/3839/3839 3752/3752/3752 
f 3752/3752/3752 3755/3755/3755 3838/3838/3838 
f 3839/3839/3839 3838/3838/3838 3751/3751/3751 
f 3751/3751/3751 3750/3750/3750 3839/3839/3839 
f 3840/3840/3840 3769/3769/3769 3771/3771/3771 
f 3771/3771/3771 3774/3774/3774 3840/3840/3840 
f 3766/3766/3766 3769/3769/3769 3768/3768/3768 
f 3768/3768/3768 3767/3767/3767 3766/3766/3766 
f 3841/3841/3841 3800/3800/3800 3802/3802/3802 
f 3802/3802/3802 3805/3805/3805 3841/3841/3841 
f 3797/3797/3797 3800/3800/3800 3799/3799/3799 
f 3799/3799/3799 3798/3798/3798 3797/3797/3797 
f 3842/3842/3842 3624/3624/3624 3623/3623/3623 
f 3623/3623/3623 3843/3843/3843 3842/3842/3842 
f 3842/3842/3842 3843/3843/3843 3844/3844/3844 
f 3844/3844/3844 3845/3845/3845 3842/3842/3842 
f 3846/3846/3846 3603/3603/3603 3602/3602/3602 
f 3602/3602/3602 3847/3847/3847 3846/3846/3846 
f 3654/3654/3654 3848/3848/3848 3849/3849/3849 
f 3849/3849/3849 3653/3653/3653 3654/3654/3654 
f 3848/3848/3848 3850/3850/3850 3851/3851/3851 
f 3851/3851/3851 3849/3849/3849 3848/3848/3848 
f 3640/3640/3640 3639/3639/3639 3846/3846/3846 
f 3846/3846/3846 3847/3847/3847 3640/3640/3640 
f 3801/3801/3801 3800/3800/3800 3841/3841/3841 
f 3770/3770/3770 3769/3769/3769 3840/3840/3840 
f 3852/3852/3852 3853/3853/3853 3854/3854/3854 
f 3854/3854/3854 3855/3855/3855 3852/3852/3852 
f 3856/3856/3856 3857/3857/3857 3858/3858/3858 
f 3858/3858/3858 3859/3859/3859 3856/3856/3856 
f 3860/3860/3860 3861/3861/3861 3862/3862/3862 
f 3862/3862/3862 3863/3863/3863 3860/3860/3860 
f 3864/3864/3864 3865/3865/3865 3866/3866/3866 
f 3866/3866/3866 3867/3867/3867 3864/3864/3864 
f 3857/3857/3857 3865/3865/3865 3864/3864/3864 
f 3864/3864/3864 3858/3858/3858 3857/3857/3857 
f 3868/3868/3868 3869/3869/3869 3870/3870/3870 
f 3870/3870/3870 3871/3871/3871 3868/3868/3868 
f 3871/3871/3871 3870/3870/3870 3852/3852/3852 
f 3852/3852/3852 3855/3855/3855 3871/3871/3871 
f 3853/3853/3853 3872/3872/3872 3873/3873/3873 
f 3873/3873/3873 3854/3854/3854 3853/3853/3853 
f 3872/3872/3872 3874/3874/3874 3875/3875/3875 
f 3875/3875/3875 3873/3873/3873 3872/3872/3872 
f 3861/3861/3861 3876/3876/3876 3877/3877/3877 
f 3877/3877/3877 3862/3862/3862 3861/3861/3861 
f 3876/3876/3876 3856/3856/3856 3859/3859/3859 
f 3859/3859/3859 3877/3877/3877 3876/3876/3876 
f 3878/3878/3878 3879/3879/3879 3880/3880/3880 
f 3881/3881/3881 3879/3879/3879 3882/3882/3882 
f 3883/3883/3883 3879/3879/3879 3884/3884/3884 
f 3885/3885/3885 3879/3879/3879 3886/3886/3886 
f 3886/3886/3886 3887/3887/3887 3885/3885/3885 
f 3888/3888/3888 3879/3879/3879 3885/3885/3885 
f 3882/3882/3882 3879/3879/3879 3888/3888/3888 
f 3886/3886/3886 3879/3879/3879 3889/3889/3889 
f 3889/3889/3889 3879/3879/3879 3878/3878/3878 
f 3880/3880/3880 3879/3879/3879 3890/3890/3890 
f 3890/3890/3890 3879/3879/3879 3891/3891/3891 
f 3884/3884/3884 3879/3879/3879 3892/3892/3892 
f 3892/3892/3892 3879/3879/3879 3881/3881/3881 
f 3893/3893/3893 3894/3894/3894 3869/3869/3869 
f 3869/3869/3869 3868/3868/3868 3893/3893/3893 
f 3894/3894/3894 3893/3893/3893 3867/3867/3867 
f 3867/3867/3867 3866/3866/3866 3894/3894/3894 
f 3895/3895/3895 3896/3896/3896 3897/3897/3897 
f 3897/3897/3897 3898/3898/3898 3895/3895/3895 
f 3899/3899/3899 3900/3900/3900 3901/3901/3901 
f 3901/3901/3901 3902/3902/3902 3899/3899/3899 
f 3903/3903/3903 3904/3904/3904 3860/3860/3860 
f 3860/3860/3860 3863/3863/3863 3903/3903/3903 
f 3905/3905/3905 3906/3906/3906 3907/3907/3907 
f 3907/3907/3907 3908/3908/3908 3905/3905/3905 
f 3905/3905/3905 3908/3908/3908 3900/3900/3900 
f 3900/3900/3900 3899/3899/3899 3905/3905/3905 
f 3909/3909/3909 3910/3910/3910 3911/3911/3911 
f 3911/3911/3911 3912/3912/3912 3909/3909/3909 
f 3910/3910/3910 3898/3898/3898 3897/3897/3897 
f 3897/3897/3897 3911/3911/3911 3910/3910/3910 
f 3913/3913/3913 3914/3914/3914 3896/3896/3896 
f 3896/3896/3896 3895/3895/3895 3913/3913/3913 
f 3875/3875/3875 3874/3874/3874 3914/3914/3914 
f 3914/3914/3914 3913/3913/3913 3875/3875/3875 
f 3915/3915/3915 3916/3916/3916 3904/3904/3904 
f 3904/3904/3904 3903/3903/3903 3915/3915/3915 
f 3902/3902/3902 3901/3901/3901 3916/3916/3916 
f 3916/3916/3916 3915/3915/3915 3902/3902/3902 
f 3917/3917/3917 3918/3918/3918 3879/3879/3879 
f 3919/3919/3919 3920/3920/3920 3879/3879/3879 
f 3883/3883/3883 3921/3921/3921 3879/3879/3879 
f 3922/3922/3922 3879/3879/3879 3923/3923/3923 
f 3923/3923/3923 3924/3924/3924 3922/3922/3922 
f 3925/3925/3925 3923/3923/3923 3879/3879/3879 
f 3920/3920/3920 3925/3925/3925 3879/3879/3879 
f 3922/3922/3922 3926/3926/3926 3879/3879/3879 
f 3926/3926/3926 3917/3917/3917 3879/3879/3879 
f 3918/3918/3918 3927/3927/3927 3879/3879/3879 
f 3927/3927/3927 3891/3891/3891 3879/3879/3879 
f 3921/3921/3921 3928/3928/3928 3879/3879/3879 
f 3928/3928/3928 3919/3919/3919 3879/3879/3879 
f 3929/3929/3929 3909/3909/3909 3912/3912/3912 
f 3912/3912/3912 3930/3930/3930 3929/3929/3929 
f 3930/3930/3930 3907/3907/3907 3906/3906/3906 
f 3906/3906/3906 3929/3929/3929 3930/3930/3930 
f 3931/3931/3931 3932/3932/3932 3933/3933/3933 
f 3933/3933/3933 3934/3934/3934 3931/3931/3931 
f 3934/3934/3934 3933/3933/3933 3935/3935/3935 
f 3935/3935/3935 3936/3936/3936 3934/3934/3934 
f 3937/3937/3937 3938/3938/3938 3939/3939/3939 
f 3939/3939/3939 3940/3940/3940 3937/3937/3937 
f 3941/3941/3941 3942/3942/3942 3943/3943/3943 
f 3943/3943/3943 3944/3944/3944 3941/3941/3941 
f 3932/3932/3932 3945/3945/3945 3946/3946/3946 
f 3946/3946/3946 3933/3933/3933 3932/3932/3932 
f 3933/3933/3933 3946/3946/3946 3947/3947/3947 
f 3947/3947/3947 3935/3935/3935 3933/3933/3933 
f 3938/3938/3938 3948/3948/3948 3949/3949/3949 
f 3949/3949/3949 3939/3939/3939 3938/3938/3938 
f 3942/3942/3942 3950/3950/3950 3951/3951/3951 
f 3951/3951/3951 3943/3943/3943 3942/3942/3942 
f 3946/3946/3946 3945/3945/3945 3952/3952/3952 
f 3952/3952/3952 3953/3953/3953 3946/3946/3946 
f 3947/3947/3947 3946/3946/3946 3953/3953/3953 
f 3953/3953/3953 3954/3954/3954 3947/3947/3947 
f 3949/3949/3949 3948/3948/3948 3955/3955/3955 
f 3955/3955/3955 3956/3956/3956 3949/3949/3949 
f 3951/3951/3951 3950/3950/3950 3957/3957/3957 
f 3957/3957/3957 3958/3958/3958 3951/3951/3951 
f 3934/3934/3934 3959/3959/3959 3960/3960/3960 
f 3960/3960/3960 3931/3931/3931 3934/3934/3934 
f 3936/3936/3936 3961/3961/3961 3959/3959/3959 
f 3959/3959/3959 3934/3934/3934 3936/3936/3936 
f 3940/3940/3940 3962/3962/3962 3963/3963/3963 
f 3963/3963/3963 3937/3937/3937 3940/3940/3940 
f 3944/3944/3944 3964/3964/3964 3965/3965/3965 
f 3965/3965/3965 3941/3941/3941 3944/3944/3944 
f 3966/3966/3966 3953/3953/3953 3952/3952/3952 
f 3952/3952/3952 3967/3967/3967 3966/3966/3966 
f 3968/3968/3968 3954/3954/3954 3953/3953/3953 
f 3953/3953/3953 3966/3966/3966 3968/3968/3968 
f 3969/3969/3969 3956/3956/3956 3955/3955/3955 
f 3955/3955/3955 3970/3970/3970 3969/3969/3969 
f 3971/3971/3971 3958/3958/3958 3957/3957/3957 
f 3957/3957/3957 3972/3972/3972 3971/3971/3971 
f 3973/3973/3973 3974/3974/3974 3966/3966/3966 
f 3966/3966/3966 3967/3967/3967 3973/3973/3973 
f 3974/3974/3974 3975/3975/3975 3968/3968/3968 
f 3968/3968/3968 3966/3966/3966 3974/3974/3974 
f 3976/3976/3976 3977/3977/3977 3969/3969/3969 
f 3969/3969/3969 3970/3970/3970 3976/3976/3976 
f 3978/3978/3978 3979/3979/3979 3971/3971/3971 
f 3971/3971/3971 3972/3972/3972 3978/3978/3978 
f 3980/3980/3980 3981/3981/3981 3982/3982/3982 
f 3982/3982/3982 3983/3983/3983 3980/3980/3980 
f 3981/3981/3981 3984/3984/3984 3985/3985/3985 
f 3985/3985/3985 3982/3982/3982 3981/3981/3981 
f 3986/3986/3986 3987/3987/3987 3988/3988/3988 
f 3988/3988/3988 3989/3989/3989 3986/3986/3986 
f 3990/3990/3990 3991/3991/3991 3992/3992/3992 
f 3992/3992/3992 3993/3993/3993 3990/3990/3990 
f 3983/3983/3983 3982/3982/3982 3994/3994/3994 
f 3994/3994/3994 3995/3995/3995 3983/3983/3983 
f 3982/3982/3982 3985/3985/3985 3996/3996/3996 
f 3996/3996/3996 3994/3994/3994 3982/3982/3982 
f 3989/3989/3989 3988/3988/3988 3997/3997/3997 
f 3997/3997/3997 3998/3998/3998 3989/3989/3989 
f 3993/3993/3993 3992/3992/3992 3999/3999/3999 
f 3999/3999/3999 4000/4000/4000 3993/3993/3993 
f 3994/3994/3994 4001/4001/4001 4002/4002/4002 
f 4002/4002/4002 3995/3995/3995 3994/3994/3994 
f 3996/3996/3996 4003/4003/4003 4001/4001/4001 
f 4001/4001/4001 3994/3994/3994 3996/3996/3996 
f 3997/3997/3997 4004/4004/4004 4005/4005/4005 
f 4005/4005/4005 3998/3998/3998 3997/3997/3997 
f 3999/3999/3999 4006/4006/4006 4007/4007/4007 
f 4007/4007/4007 4000/4000/4000 3999/3999/3999 
f 3981/3981/3981 3980/3980/3980 4008/4008/4008 
f 4008/4008/4008 4009/4009/4009 3981/3981/3981 
f 3984/3984/3984 3981/3981/3981 4009/4009/4009 
f 4009/4009/4009 4010/4010/4010 3984/3984/3984 
f 3987/3987/3987 3986/3986/3986 4011/4011/4011 
f 4011/4011/4011 4012/4012/4012 3987/3987/3987 
f 3991/3991/3991 3990/3990/3990 4013/4013/4013 
f 4013/4013/4013 4014/4014/4014 3991/3991/3991 
f 4015/4015/4015 4016/4016/4016 4002/4002/4002 
f 4002/4002/4002 4001/4001/4001 4015/4015/4015 
f 4017/4017/4017 4015/4015/4015 4001/4001/4001 
f 4001/4001/4001 4003/4003/4003 4017/4017/4017 
f 4018/4018/4018 4019/4019/4019 4005/4005/4005 
f 4005/4005/4005 4004/4004/4004 4018/4018/4018 
f 4020/4020/4020 4021/4021/4021 4007/4007/4007 
f 4007/4007/4007 4006/4006/4006 4020/4020/4020 
f 4015/4015/4015 3974/3974/3974 3973/3973/3973 
f 3973/3973/3973 4016/4016/4016 4015/4015/4015 
f 4017/4017/4017 3975/3975/3975 3974/3974/3974 
f 3974/3974/3974 4015/4015/4015 4017/4017/4017 
f 4018/4018/4018 3977/3977/3977 3976/3976/3976 
f 3976/3976/3976 4019/4019/4019 4018/4018/4018 
f 4020/4020/4020 3979/3979/3979 3978/3978/3978 
f 3978/3978/3978 4021/4021/4021 4020/4020/4020 
f 3931/3931/3931 4022/4022/4022 4023/4023/4023 
f 4023/4023/4023 3932/3932/3932 3931/3931/3931 
f 4022/4022/4022 4024/4024/4024 4025/4025/4025 
f 4025/4025/4025 4023/4023/4023 4022/4022/4022 
f 4026/4026/4026 4027/4027/4027 4028/4028/4028 
f 4028/4028/4028 4029/4029/4029 4026/4026/4026 
f 4030/4030/4030 3944/3944/3944 3943/3943/3943 
f 3943/3943/3943 4031/4031/4031 4030/4030/4030 
f 3932/3932/3932 4023/4023/4023 4032/4032/4032 
f 4032/4032/4032 3945/3945/3945 3932/3932/3932 
f 4023/4023/4023 4025/4025/4025 4033/4033/4033 
f 4033/4033/4033 4032/4032/4032 4023/4023/4023 
f 4029/4029/4029 4028/4028/4028 4034/4034/4034 
f 4034/4034/4034 4035/4035/4035 4029/4029/4029 
f 4031/4031/4031 3943/3943/3943 3951/3951/3951 
f 3951/3951/3951 4036/4036/4036 4031/4031/4031 
f 4032/4032/4032 4037/4037/4037 3952/3952/3952 
f 3952/3952/3952 3945/3945/3945 4032/4032/4032 
f 4033/4033/4033 4038/4038/4038 4037/4037/4037 
f 4037/4037/4037 4032/4032/4032 4033/4033/4033 
f 4034/4034/4034 4039/4039/4039 4040/4040/4040 
f 4040/4040/4040 4035/4035/4035 4034/4034/4034 
f 3951/3951/3951 3958/3958/3958 4041/4041/4041 
f 4041/4041/4041 4036/4036/4036 3951/3951/3951 
f 4022/4022/4022 3931/3931/3931 3960/3960/3960 
f 3960/3960/3960 4042/4042/4042 4022/4022/4022 
f 4024/4024/4024 4022/4022/4022 4042/4042/4042 
f 4042/4042/4042 4043/4043/4043 4024/4024/4024 
f 4027/4027/4027 4026/4026/4026 4044/4044/4044 
f 4044/4044/4044 4045/4045/4045 4027/4027/4027 
f 3944/3944/3944 4030/4030/4030 4046/4046/4046 
f 4046/4046/4046 3964/3964/3964 3944/3944/3944 
f 4047/4047/4047 3967/3967/3967 3952/3952/3952 
f 3952/3952/3952 4037/4037/4037 4047/4047/4047 
f 4048/4048/4048 4047/4047/4047 4037/4037/4037 
f 4037/4037/4037 4038/4038/4038 4048/4048/4048 
f 4049/4049/4049 4050/4050/4050 4040/4040/4040 
f 4040/4040/4040 4039/4039/4039 4049/4049/4049 
f 3971/3971/3971 4051/4051/4051 4041/4041/4041 
f 4041/4041/4041 3958/3958/3958 3971/3971/3971 
f 4047/4047/4047 4052/4052/4052 3973/3973/3973 
f 3973/3973/3973 3967/3967/3967 4047/4047/4047 
f 4048/4048/4048 4053/4053/4053 4052/4052/4052 
f 4052/4052/4052 4047/4047/4047 4048/4048/4048 
f 4049/4049/4049 4054/4054/4054 4055/4055/4055 
f 4055/4055/4055 4050/4050/4050 4049/4049/4049 
f 3971/3971/3971 3979/3979/3979 4056/4056/4056 
f 4056/4056/4056 4051/4051/4051 3971/3971/3971 
f 3980/3980/3980 3983/3983/3983 4057/4057/4057 
f 4057/4057/4057 4058/4058/4058 3980/3980/3980 
f 4058/4058/4058 4057/4057/4057 4059/4059/4059 
f 4059/4059/4059 4060/4060/4060 4058/4058/4058 
f 4061/4061/4061 4062/4062/4062 4063/4063/4063 
f 4063/4063/4063 4064/4064/4064 4061/4061/4061 
f 4065/4065/4065 4066/4066/4066 3992/3992/3992 
f 3992/3992/3992 3991/3991/3991 4065/4065/4065 
f 3983/3983/3983 3995/3995/3995 4067/4067/4067 
f 4067/4067/4067 4057/4057/4057 3983/3983/3983 
f 4057/4057/4057 4067/4067/4067 4068/4068/4068 
f 4068/4068/4068 4059/4059/4059 4057/4057/4057 
f 4062/4062/4062 4069/4069/4069 4070/4070/4070 
f 4070/4070/4070 4063/4063/4063 4062/4062/4062 
f 4066/4066/4066 4071/4071/4071 3999/3999/3999 
f 3999/3999/3999 3992/3992/3992 4066/4066/4066 
f 4067/4067/4067 3995/3995/3995 4002/4002/4002 
f 4002/4002/4002 4072/4072/4072 4067/4067/4067 
f 4068/4068/4068 4067/4067/4067 4072/4072/4072 
f 4072/4072/4072 4073/4073/4073 4068/4068/4068 
f 4070/4070/4070 4069/4069/4069 4074/4074/4074 
f 4074/4074/4074 4075/4075/4075 4070/4070/4070 
f 3999/3999/3999 4071/4071/4071 4076/4076/4076 
f 4076/4076/4076 4006/4006/4006 3999/3999/3999 
f 4058/4058/4058 4077/4077/4077 4008/4008/4008 
f 4008/4008/4008 3980/3980/3980 4058/4058/4058 
f 4060/4060/4060 4078/4078/4078 4077/4077/4077 
f 4077/4077/4077 4058/4058/4058 4060/4060/4060 
f 4064/4064/4064 4079/4079/4079 4080/4080/4080 
f 4080/4080/4080 4061/4061/4061 4064/4064/4064 
f 3991/3991/3991 4014/4014/4014 4081/4081/4081 
f 4081/4081/4081 4065/4065/4065 3991/3991/3991 
f 4082/4082/4082 4072/4072/4072 4002/4002/4002 
f 4002/4002/4002 4016/4016/4016 4082/4082/4082 
f 4083/4083/4083 4073/4073/4073 4072/4072/4072 
f 4072/4072/4072 4082/4082/4082 4083/4083/4083 
f 4084/4084/4084 4075/4075/4075 4074/4074/4074 
f 4074/4074/4074 4085/4085/4085 4084/4084/4084 
f 4020/4020/4020 4006/4006/4006 4076/4076/4076 
f 4076/4076/4076 4086/4086/4086 4020/4020/4020 
f 3973/3973/3973 4052/4052/4052 4082/4082/4082 
f 4082/4082/4082 4016/4016/4016 3973/3973/3973 
f 4052/4052/4052 4053/4053/4053 4083/4083/4083 
f 4083/4083/4083 4082/4082/4082 4052/4052/4052 
f 4055/4055/4055 4054/4054/4054 4084/4084/4084 
f 4084/4084/4084 4085/4085/4085 4055/4055/4055 
f 4056/4056/4056 3979/3979/3979 4020/4020/4020 
f 4020/4020/4020 4086/4086/4086 4056/4056/4056 
f 4087/4087/4087 4088/4088/4088 4089/4089/4089 
f 4089/4089/4089 4090/4090/4090 4087/4087/4087 
f 4090/4090/4090 4091/4091/4091 4092/4092/4092 
f 4092/4092/4092 4087/4087/4087 4090/4090/4090 
f 4091/4091/4091 4093/4093/4093 4094/4094/4094 
f 4094/4094/4094 4092/4092/4092 4091/4091/4091 
f 4093/4093/4093 4095/4095/4095 4096/4096/4096 
f 4096/4096/4096 4094/4094/4094 4093/4093/4093 
f 4095/4095/4095 4097/4097/4097 4098/4098/4098 
f 4098/4098/4098 4096/4096/4096 4095/4095/4095 
f 4097/4097/4097 4099/4099/4099 4100/4100/4100 
f 4100/4100/4100 4101/4101/4101 4097/4097/4097 
f 4097/4097/4097 4101/4101/4101 4098/4098/4098 
f 4101/4101/4101 4100/4100/4100 4102/4102/4102 
f 4102/4102/4102 4103/4103/4103 4101/4101/4101 
f 4103/4103/4103 4102/4102/4102 4104/4104/4104 
f 4104/4104/4104 4105/4105/4105 4103/4103/4103 
f 4106/4106/4106 4107/4107/4107 4108/4108/4108 
f 4109/4109/4109 4106/4106/4106 4104/4104/4104 
f 4104/4104/4104 4110/4110/4110 4109/4109/4109 
f 4110/4110/4110 4104/4104/4104 4102/4102/4102 
f 4102/4102/4102 4111/4111/4111 4110/4110/4110 
f 4102/4102/4102 4112/4112/4112 4111/4111/4111 
f 4102/4102/4102 4113/4113/4113 4112/4112/4112 
f 4102/4102/4102 4100/4100/4100 4114/4114/4114 
f 4114/4114/4114 4113/4113/4113 4102/4102/4102 
f 4100/4100/4100 4099/4099/4099 4114/4114/4114 
f 4106/4106/4106 4108/4108/4108 4105/4105/4105 
f 4105/4105/4105 4104/4104/4104 4106/4106/4106 
f 4115/4115/4115 4116/4116/4116 4108/4108/4108 
f 4108/4108/4108 4107/4107/4107 4115/4115/4115 
f 4115/4115/4115 4117/4117/4117 4116/4116/4116 
f 4118/4118/4118 4119/4119/4119 4117/4117/4117 
f 4117/4117/4117 4115/4115/4115 4118/4118/4118 
f 4120/4120/4120 4121/4121/4121 4119/4119/4119 
f 4119/4119/4119 4118/4118/4118 4120/4120/4120 
f 4122/4122/4122 4123/4123/4123 4116/4116/4116 
f 4116/4116/4116 4117/4117/4117 4122/4122/4122 
f 4124/4124/4124 4122/4122/4122 4117/4117/4117 
f 4117/4117/4117 4119/4119/4119 4124/4124/4124 
f 4125/4125/4125 4124/4124/4124 4119/4119/4119 
f 4119/4119/4119 4121/4121/4121 4125/4125/4125 
f 4122/4122/4122 4126/4126/4126 4123/4123/4123 
f 4127/4127/4127 4126/4126/4126 4122/4122/4122 
f 4122/4122/4122 4124/4124/4124 4127/4127/4127 
f 4128/4128/4128 4127/4127/4127 4124/4124/4124 
f 4124/4124/4124 4125/4125/4125 4128/4128/4128 
f 4129/4129/4129 4130/4130/4130 4123/4123/4123 
f 4123/4123/4123 4126/4126/4126 4129/4129/4129 
f 4131/4131/4131 4129/4129/4129 4126/4126/4126 
f 4126/4126/4126 4127/4127/4127 4131/4131/4131 
f 4129/4129/4129 4132/4132/4132 4130/4130/4130 
f 4133/4133/4133 4132/4132/4132 4129/4129/4129 
f 4129/4129/4129 4131/4131/4131 4133/4133/4133 
f 4132/4132/4132 4134/4134/4134 4135/4135/4135 
f 4135/4135/4135 4130/4130/4130 4132/4132/4132 
f 4133/4133/4133 4136/4136/4136 4134/4134/4134 
f 4134/4134/4134 4132/4132/4132 4133/4133/4133 
f 4134/4134/4134 4137/4137/4137 4135/4135/4135 
f 4134/4134/4134 4136/4136/4136 4138/4138/4138 
f 4138/4138/4138 4137/4137/4137 4134/4134/4134 
f 4139/4139/4139 4140/4140/4140 4138/4138/4138 
f 4138/4138/4138 4136/4136/4136 4139/4139/4139 
f 4140/4140/4140 4139/4139/4139 4141/4141/4141 
f 4141/4141/4141 4142/4142/4142 4140/4140/4140 
f 4135/4135/4135 4137/4137/4137 4143/4143/4143 
f 4143/4143/4143 4144/4144/4144 4135/4135/4135 
f 4137/4137/4137 4138/4138/4138 4145/4145/4145 
f 4145/4145/4145 4143/4143/4143 4137/4137/4137 
f 4138/4138/4138 4140/4140/4140 4146/4146/4146 
f 4146/4146/4146 4145/4145/4145 4138/4138/4138 
f 4140/4140/4140 4142/4142/4142 4147/4147/4147 
f 4147/4147/4147 4146/4146/4146 4140/4140/4140 
f 4143/4143/4143 4148/4148/4148 4149/4149/4149 
f 4149/4149/4149 4144/4144/4144 4143/4143/4143 
f 4146/4146/4146 4150/4150/4150 4151/4151/4151 
f 4151/4151/4151 4145/4145/4145 4146/4146/4146 
f 4152/4152/4152 4150/4150/4150 4146/4146/4146 
f 4146/4146/4146 4147/4147/4147 4152/4152/4152 
f 4148/4148/4148 4143/4143/4143 4145/4145/4145 
f 4145/4145/4145 4151/4151/4151 4148/4148/4148 
f 4153/4153/4153 4154/4154/4154 4155/4155/4155 
f 4155/4155/4155 4156/4156/4156 4153/4153/4153 
f 4154/4154/4154 4153/4153/4153 4157/4157/4157 
f 4157/4157/4157 4158/4158/4158 4154/4154/4154 
f 4158/4158/4158 4157/4157/4157 4159/4159/4159 
f 4159/4159/4159 4160/4160/4160 4158/4158/4158 
f 4160/4160/4160 4159/4159/4159 4161/4161/4161 
f 4161/4161/4161 4162/4162/4162 4160/4160/4160 
f 4162/4162/4162 4161/4161/4161 4163/4163/4163 
f 4163/4163/4163 4164/4164/4164 4162/4162/4162 
f 4164/4164/4164 4163/4163/4163 4165/4165/4165 
f 4165/4165/4165 4166/4166/4166 4164/4164/4164 
f 4164/4164/4164 4166/4166/4166 4167/4167/4167 
f 4165/4165/4165 4168/4168/4168 4169/4169/4169 
f 4169/4169/4169 4166/4166/4166 4165/4165/4165 
f 4168/4168/4168 4170/4170/4170 4171/4171/4171 
f 4171/4171/4171 4169/4169/4169 4168/4168/4168 
f 4172/4172/4172 4173/4173/4173 4174/4174/4174 
f 4175/4175/4175 4176/4176/4176 4171/4171/4171 
f 4171/4171/4171 4172/4172/4172 4175/4175/4175 
f 4176/4176/4176 4177/4177/4177 4169/4169/4169 
f 4169/4169/4169 4171/4171/4171 4176/4176/4176 
f 4169/4169/4169 4177/4177/4177 4178/4178/4178 
f 4169/4169/4169 4178/4178/4178 4179/4179/4179 
f 4169/4169/4169 4179/4179/4179 4180/4180/4180 
f 4180/4180/4180 4166/4166/4166 4169/4169/4169 
f 4166/4166/4166 4180/4180/4180 4167/4167/4167 
f 4172/4172/4172 4171/4171/4171 4170/4170/4170 
f 4170/4170/4170 4173/4173/4173 4172/4172/4172 
f 4173/4173/4173 4181/4181/4181 4182/4182/4182 
f 4182/4182/4182 4174/4174/4174 4173/4173/4173 
f 4182/4182/4182 4181/4181/4181 4183/4183/4183 
f 4183/4183/4183 4184/4184/4184 4185/4185/4185 
f 4185/4185/4185 4182/4182/4182 4183/4183/4183 
f 4184/4184/4184 4186/4186/4186 4187/4187/4187 
f 4187/4187/4187 4185/4185/4185 4184/4184/4184 
f 4181/4181/4181 4188/4188/4188 4189/4189/4189 
f 4189/4189/4189 4183/4183/4183 4181/4181/4181 
f 4183/4183/4183 4189/4189/4189 4190/4190/4190 
f 4190/4190/4190 4184/4184/4184 4183/4183/4183 
f 4184/4184/4184 4190/4190/4190 4191/4191/4191 
f 4191/4191/4191 4186/4186/4186 4184/4184/4184 
f 4189/4189/4189 4188/4188/4188 4192/4192/4192 
f 4189/4189/4189 4192/4192/4192 4193/4193/4193 
f 4193/4193/4193 4190/4190/4190 4189/4189/4189 
f 4190/4190/4190 4193/4193/4193 4194/4194/4194 
f 4194/4194/4194 4191/4191/4191 4190/4190/4190 
f 4188/4188/4188 4195/4195/4195 4196/4196/4196 
f 4196/4196/4196 4192/4192/4192 4188/4188/4188 
f 4192/4192/4192 4196/4196/4196 4197/4197/4197 
f 4197/4197/4197 4193/4193/4193 4192/4192/4192 
f 4196/4196/4196 4195/4195/4195 4198/4198/4198 
f 4196/4196/4196 4198/4198/4198 4199/4199/4199 
f 4199/4199/4199 4197/4197/4197 4196/4196/4196 
f 4198/4198/4198 4195/4195/4195 4200/4200/4200 
f 4200/4200/4200 4201/4201/4201 4198/4198/4198 
f 4199/4199/4199 4198/4198/4198 4201/4201/4201 
f 4201/4201/4201 4202/4202/4202 4199/4199/4199 
f 4201/4201/4201 4200/4200/4200 4203/4203/4203 
f 4201/4201/4201 4203/4203/4203 4204/4204/4204 
f 4204/4204/4204 4202/4202/4202 4201/4201/4201 
f 4204/4204/4204 4205/4205/4205 4206/4206/4206 
f 4206/4206/4206 4202/4202/4202 4204/4204/4204 
f 4205/4205/4205 4207/4207/4207 4208/4208/4208 
f 4208/4208/4208 4206/4206/4206 4205/4205/4205 
f 4200/4200/4200 4144/4144/4144 4209/4209/4209 
f 4209/4209/4209 4203/4203/4203 4200/4200/4200 
f 4203/4203/4203 4209/4209/4209 4210/4210/4210 
f 4210/4210/4210 4204/4204/4204 4203/4203/4203 
f 4204/4204/4204 4210/4210/4210 4211/4211/4211 
f 4211/4211/4211 4205/4205/4205 4204/4204/4204 
f 4212/4212/4212 4207/4207/4207 4205/4205/4205 
f 4205/4205/4205 4211/4211/4211 4212/4212/4212 
f 4209/4209/4209 4144/4144/4144 4149/4149/4149 
f 4149/4149/4149 4213/4213/4213 4209/4209/4209 
f 4211/4211/4211 4210/4210/4210 4214/4214/4214 
f 4214/4214/4214 4215/4215/4215 4211/4211/4211 
f 4211/4211/4211 4215/4215/4215 4216/4216/4216 
f 4216/4216/4216 4212/4212/4212 4211/4211/4211 
f 4210/4210/4210 4209/4209/4209 4213/4213/4213 
f 4213/4213/4213 4214/4214/4214 4210/4210/4210 
f 4217/4217/4217 4218/4218/4218 4219/4219/4219 
f 4219/4219/4219 4220/4220/4220 4217/4217/4217 
f 4221/4221/4221 4222/4222/4222 4223/4223/4223 
f 4223/4223/4223 4224/4224/4224 4221/4221/4221 
f 4225/4225/4225 4226/4226/4226 4227/4227/4227 
f 4227/4227/4227 4228/4228/4228 4225/4225/4225 
f 4229/4229/4229 4217/4217/4217 4220/4220/4220 
f 4220/4220/4220 4230/4230/4230 4229/4229/4229 
f 4226/4226/4226 4231/4231/4231 4232/4232/4232 
f 4232/4232/4232 4227/4227/4227 4226/4226/4226 
f 4233/4233/4233 4229/4229/4229 4230/4230/4230 
f 4230/4230/4230 4234/4234/4234 4233/4233/4233 
f 4231/4231/4231 4235/4235/4235 4236/4236/4236 
f 4236/4236/4236 4232/4232/4232 4231/4231/4231 
f 4237/4237/4237 4233/4233/4233 4234/4234/4234 
f 4234/4234/4234 4238/4238/4238 4237/4237/4237 
f 4235/4235/4235 4239/4239/4239 4240/4240/4240 
f 4240/4240/4240 4236/4236/4236 4235/4235/4235 
f 4241/4241/4241 4237/4237/4237 4238/4238/4238 
f 4238/4238/4238 4242/4242/4242 4241/4241/4241 
f 4239/4239/4239 4243/4243/4243 4244/4244/4244 
f 4244/4244/4244 4240/4240/4240 4239/4239/4239 
f 4245/4245/4245 4241/4241/4241 4242/4242/4242 
f 4242/4242/4242 4246/4246/4246 4245/4245/4245 
f 4247/4247/4247 4248/4248/4248 4249/4249/4249 
f 4249/4249/4249 4250/4250/4250 4247/4247/4247 
f 4251/4251/4251 4245/4245/4245 4246/4246/4246 
f 4246/4246/4246 4252/4252/4252 4251/4251/4251 
f 4248/4248/4248 4253/4253/4253 4254/4254/4254 
f 4254/4254/4254 4249/4249/4249 4248/4248/4248 
f 4253/4253/4253 4255/4255/4255 4256/4256/4256 
f 4256/4256/4256 4254/4254/4254 4253/4253/4253 
f 4257/4257/4257 4258/4258/4258 4259/4259/4259 
f 4259/4259/4259 4260/4260/4260 4257/4257/4257 
f 4261/4261/4261 4262/4262/4262 4263/4263/4263 
f 4263/4263/4263 4264/4264/4264 4261/4261/4261 
f 4258/4258/4258 4265/4265/4265 4266/4266/4266 
f 4266/4266/4266 4259/4259/4259 4258/4258/4258 
f 4267/4267/4267 4261/4261/4261 4264/4264/4264 
f 4264/4264/4264 4268/4268/4268 4267/4267/4267 
f 4269/4269/4269 4270/4270/4270 4271/4271/4271 
f 4271/4271/4271 4272/4272/4272 4269/4269/4269 
f 4243/4243/4243 4247/4247/4247 4250/4250/4250 
f 4250/4250/4250 4244/4244/4244 4243/4243/4243 
f 4265/4265/4265 4273/4273/4273 4274/4274/4274 
f 4274/4274/4274 4266/4266/4266 4265/4265/4265 
f 4275/4275/4275 4276/4276/4276 4277/4277/4277 
f 4277/4277/4277 4278/4278/4278 4275/4275/4275 
f 4279/4279/4279 4267/4267/4267 4268/4268/4268 
f 4268/4268/4268 4280/4280/4280 4279/4279/4279 
f 4270/4270/4270 4281/4281/4281 4282/4282/4282 
f 4282/4282/4282 4271/4271/4271 4270/4270/4270 
f 4283/4283/4283 4284/4284/4284 4285/4285/4285 
f 4285/4285/4285 4286/4286/4286 4283/4283/4283 
f 4284/4284/4284 4287/4287/4287 4288/4288/4288 
f 4288/4288/4288 4285/4285/4285 4284/4284/4284 
f 4289/4289/4289 4290/4290/4290 4291/4291/4291 
f 4291/4291/4291 4292/4292/4292 4289/4289/4289 
f 4293/4293/4293 4279/4279/4279 4280/4280/4280 
f 4280/4280/4280 4294/4294/4294 4293/4293/4293 
f 4290/4290/4290 4295/4295/4295 4296/4296/4296 
f 4296/4296/4296 4291/4291/4291 4290/4290/4290 
f 4297/4297/4297 4298/4298/4298 4299/4299/4299 
f 4299/4299/4299 4300/4300/4300 4297/4297/4297 
f 4298/4298/4298 4301/4301/4301 4302/4302/4302 
f 4302/4302/4302 4299/4299/4299 4298/4298/4298 
f 4303/4303/4303 4293/4293/4293 4294/4294/4294 
f 4294/4294/4294 4304/4304/4304 4303/4303/4303 
f 4301/4301/4301 4305/4305/4305 4306/4306/4306 
f 4306/4306/4306 4302/4302/4302 4301/4301/4301 
f 4307/4307/4307 4308/4308/4308 4309/4309/4309 
f 4309/4309/4309 4310/4310/4310 4307/4307/4307 
f 4311/4311/4311 4303/4303/4303 4304/4304/4304 
f 4304/4304/4304 4312/4312/4312 4311/4311/4311 
f 4313/4313/4313 4314/4314/4314 4315/4315/4315 
f 4315/4315/4315 4316/4316/4316 4313/4313/4313 
f 4314/4314/4314 4317/4317/4317 4318/4318/4318 
f 4318/4318/4318 4315/4315/4315 4314/4314/4314 
f 4317/4317/4317 4319/4319/4319 4320/4320/4320 
f 4320/4320/4320 4318/4318/4318 4317/4317/4317 
f 4321/4321/4321 4322/4322/4322 4323/4323/4323 
f 4323/4323/4323 4324/4324/4324 4321/4321/4321 
f 4325/4325/4325 4311/4311/4311 4312/4312/4312 
f 4312/4312/4312 4326/4326/4326 4325/4325/4325 
f 4327/4327/4327 4321/4321/4321 4324/4324/4324 
f 4324/4324/4324 4328/4328/4328 4327/4327/4327 
f 4329/4329/4329 4330/4330/4330 4331/4331/4331 
f 4331/4331/4331 4332/4332/4332 4329/4329/4329 
f 4322/4322/4322 4333/4333/4333 4334/4334/4334 
f 4334/4334/4334 4323/4323/4323 4322/4322/4322 
f 4335/4335/4335 4336/4336/4336 4337/4337/4337 
f 4337/4337/4337 4338/4338/4338 4335/4335/4335 
f 4339/4339/4339 4335/4335/4335 4338/4338/4338 
f 4338/4338/4338 4340/4340/4340 4339/4339/4339 
f 4336/4336/4336 4329/4329/4329 4332/4332/4332 
f 4332/4332/4332 4337/4337/4337 4336/4336/4336 
f 4341/4341/4341 4342/4342/4342 4343/4343/4343 
f 4343/4343/4343 4344/4344/4344 4341/4341/4341 
f 4345/4345/4345 4346/4346/4346 4347/4347/4347 
f 4347/4347/4347 4348/4348/4348 4345/4345/4345 
f 4349/4349/4349 4350/4350/4350 4351/4351/4351 
f 4351/4351/4351 4352/4352/4352 4349/4349/4349 
f 4342/4342/4342 4353/4353/4353 4354/4354/4354 
f 4354/4354/4354 4343/4343/4343 4342/4342/4342 
f 4355/4355/4355 4349/4349/4349 4352/4352/4352 
f 4352/4352/4352 4356/4356/4356 4355/4355/4355 
f 4353/4353/4353 4357/4357/4357 4358/4358/4358 
f 4358/4358/4358 4354/4354/4354 4353/4353/4353 
f 4359/4359/4359 4355/4355/4355 4356/4356/4356 
f 4356/4356/4356 4360/4360/4360 4359/4359/4359 
f 4357/4357/4357 4361/4361/4361 4362/4362/4362 
f 4362/4362/4362 4358/4358/4358 4357/4357/4357 
f 4363/4363/4363 4359/4359/4359 4360/4360/4360 
f 4360/4360/4360 4364/4364/4364 4363/4363/4363 
f 4361/4361/4361 4365/4365/4365 4366/4366/4366 
f 4366/4366/4366 4362/4362/4362 4361/4361/4361 
f 4367/4367/4367 4363/4363/4363 4364/4364/4364 
f 4364/4364/4364 4368/4368/4368 4367/4367/4367 
f 4365/4365/4365 4369/4369/4369 4370/4370/4370 
f 4370/4370/4370 4366/4366/4366 4365/4365/4365 
f 4371/4371/4371 4372/4372/4372 4373/4373/4373 
f 4373/4373/4373 4374/4374/4374 4371/4371/4371 
f 4369/4369/4369 4375/4375/4375 4376/4376/4376 
f 4376/4376/4376 4370/4370/4370 4369/4369/4369 
f 4377/4377/4377 4371/4371/4371 4374/4374/4374 
f 4374/4374/4374 4378/4378/4378 4377/4377/4377 
f 4379/4379/4379 4377/4377/4377 4378/4378/4378 
f 4378/4378/4378 4380/4380/4380 4379/4379/4379 
f 4381/4381/4381 4382/4382/4382 4383/4383/4383 
f 4383/4383/4383 4384/4384/4384 4381/4381/4381 
f 4385/4385/4385 4386/4386/4386 4387/4387/4387 
f 4387/4387/4387 4388/4388/4388 4385/4385/4385 
f 4389/4389/4389 4381/4381/4381 4384/4384/4384 
f 4384/4384/4384 4390/4390/4390 4389/4389/4389 
f 4386/4386/4386 4391/4391/4391 4392/4392/4392 
f 4392/4392/4392 4387/4387/4387 4386/4386/4386 
f 4393/4393/4393 4394/4394/4394 4395/4395/4395 
f 4395/4395/4395 4396/4396/4396 4393/4393/4393 
f 4372/4372/4372 4367/4367/4367 4368/4368/4368 
f 4368/4368/4368 4373/4373/4373 4372/4372/4372 
f 4397/4397/4397 4389/4389/4389 4390/4390/4390 
f 4390/4390/4390 4398/4398/4398 4397/4397/4397 
f 4399/4399/4399 4400/4400/4400 4401/4401/4401 
f 4401/4401/4401 4402/4402/4402 4399/4399/4399 
f 4391/4391/4391 4403/4403/4403 4404/4404/4404 
f 4404/4404/4404 4392/4392/4392 4391/4391/4391 
f 4405/4405/4405 4393/4393/4393 4396/4396/4396 
f 4396/4396/4396 4406/4406/4406 4405/4405/4405 
f 4407/4407/4407 4408/4408/4408 4409/4409/4409 
f 4409/4409/4409 4410/4410/4410 4407/4407/4407 
f 4411/4411/4411 4407/4407/4407 4410/4410/4410 
f 4410/4410/4410 4412/4412/4412 4411/4411/4411 
f 4413/4413/4413 4414/4414/4414 4415/4415/4415 
f 4415/4415/4415 4416/4416/4416 4413/4413/4413 
f 4403/4403/4403 4417/4417/4417 4418/4418/4418 
f 4418/4418/4418 4404/4404/4404 4403/4403/4403 
f 4419/4419/4419 4413/4413/4413 4416/4416/4416 
f 4416/4416/4416 4420/4420/4420 4419/4419/4419 
f 4421/4421/4421 4422/4422/4422 4423/4423/4423 
f 4423/4423/4423 4424/4424/4424 4421/4421/4421 
f 4425/4425/4425 4421/4421/4421 4424/4424/4424 
f 4424/4424/4424 4426/4426/4426 4425/4425/4425 
f 4417/4417/4417 4427/4427/4427 4428/4428/4428 
f 4428/4428/4428 4418/4418/4418 4417/4417/4417 
f 4429/4429/4429 4425/4425/4425 4426/4426/4426 
f 4426/4426/4426 4430/4430/4430 4429/4429/4429 
f 4431/4431/4431 4432/4432/4432 4433/4433/4433 
f 4433/4433/4433 4434/4434/4434 4431/4431/4431 
f 4427/4427/4427 4435/4435/4435 4436/4436/4436 
f 4436/4436/4436 4428/4428/4428 4427/4427/4427 
f 4437/4437/4437 4438/4438/4438 4439/4439/4439 
f 4439/4439/4439 4440/4440/4440 4437/4437/4437 
f 4441/4441/4441 4437/4437/4437 4440/4440/4440 
f 4440/4440/4440 4442/4442/4442 4441/4441/4441 
f 4443/4443/4443 4441/4441/4441 4442/4442/4442 
f 4442/4442/4442 4444/4444/4444 4443/4443/4443 
f 4445/4445/4445 4446/4446/4446 4447/4447/4447 
f 4447/4447/4447 4448/4448/4448 4445/4445/4445 
f 4435/4435/4435 4449/4449/4449 4450/4450/4450 
f 4450/4450/4450 4436/4436/4436 4435/4435/4435 
f 4446/4446/4446 4451/4451/4451 4452/4452/4452 
f 4452/4452/4452 4447/4447/4447 4446/4446/4446 
f 4453/4453/4453 4454/4454/4454 4455/4455/4455 
f 4455/4455/4455 4456/4456/4456 4453/4453/4453 
f 4457/4457/4457 4445/4445/4445 4448/4448/4448 
f 4448/4448/4448 4458/4458/4458 4457/4457/4457 
f 4459/4459/4459 4460/4460/4460 4461/4461/4461 
f 4461/4461/4461 4462/4462/4462 4459/4459/4459 
f 4460/4460/4460 4463/4463/4463 4464/4464/4464 
f 4464/4464/4464 4461/4461/4461 4460/4460/4460 
f 4454/4454/4454 4459/4459/4459 4462/4462/4462 
f 4462/4462/4462 4455/4455/4455 4454/4454/4454 

g RedcliffKnight3

v -142.125 4.10691 -232.077 
v -142.125 2.23691 -232.077 
v -141.255 2.23691 -232.077 
v -141.255 4.10691 -232.077 
v -142.125 4.17191 -232.142 
v -142.19 4.10691 -232.142 
v -142.19 2.23691 -232.142 
v -142.125 2.17191 -232.142 
v -141.255 2.17191 -232.142 
v -141.19 2.23691 -232.142 
v -141.19 4.10691 -232.142 
v -141.255 4.17191 -232.142 
v -142.125 4.17191 -232.142 
v -142.125 4.17191 -233.012 
v -142.19 4.10691 -233.012 
v -142.19 4.10691 -232.142 
v -142.19 2.23691 -233.012 
v -142.19 2.23691 -232.142 
v -142.125 2.17191 -233.012 
v -142.125 2.17191 -232.142 
v -142.125 2.17191 -232.142 
v -142.125 2.17191 -233.012 
v -141.255 2.17191 -233.012 
v -141.255 2.17191 -232.142 
v -141.255 2.17191 -232.142 
v -141.255 2.17191 -233.012 
v -141.19 2.23691 -233.012 
v -141.19 4.10691 -233.012 
v -141.255 4.17191 -233.012 
v -141.255 4.17191 -232.142 
v -141.255 4.17191 -232.142 
v -141.255 4.17191 -233.012 
v -142.125 4.17191 -233.012 
v -142.125 4.17191 -232.142 
v -142.125 4.17191 -233.012 
v -142.125 4.10691 -233.077 
v -142.125 2.23691 -233.077 
v -142.125 2.17191 -233.012 
v -141.255 2.23691 -233.077 
v -141.255 2.17191 -233.012 
v -141.255 4.10691 -233.077 
v -141.255 4.17191 -233.012 

vn 0 0 1 
vn 0 0 1 
vn 0 0 1 
vn 0 0 1 
vn 0 1 0 
vn -1 0 0 
vn -1 0 0 
vn 0 -1 0 
vn 0 -1 0 
vn 1 0 0 
vn 1 0 0 
vn 0 1 0 
vn 0 1 0 
vn 0 1 0 
vn -1 0 0 
vn -1 0 0 
vn -1 0 0 
vn -1 0 0 
vn 0 -1 0 
vn 0 -1 0 
vn 0 -1 0 
vn 0 -1 0 
vn 0 -1 0 
vn 0 -1 0 
vn 0 -1 0 
vn 0 -1 0 
vn 1 0 0 
vn 1 0 0 
vn 0 1 0 
vn 0 1 0 
vn 0 1 0 
vn 0 1 0 
vn 0 1 0 
vn 0 1 0 
vn 0 1 0 
vn 0 0 -1 
vn 0 0 -1 
vn 0 -1 0 
vn 0 0 -1 
vn 0 -1 0 
vn 0 0 -1 
vn 0 1 0 

vt 0.262207 0.871094 
vt 0.171387 0.871094 
vt 0.171387 0.753906 
vt 0.262207 0.753906 
vt 0.265137 0.871094 
vt 0.262207 0.878906 
vt 0.171387 0.878906 
vt 0.168457 0.871094 
vt 0.168457 0.753906 
vt 0.171387 0.746094 
vt 0.262207 0.746094 
vt 0.265137 0.753906 
vt 0.265137 0.378906 
vt 0.265137 0.496094 
vt 0.262207 0.496094 
vt 0.262207 0.378906 
vt 0.171387 0.496094 
vt 0.171387 0.378906 
vt 0.168457 0.496094 
vt 0.168457 0.378906 
vt 0.602051 0.238281 
vt 0.602051 0.355469 
vt 0.558106 0.355469 
vt 0.558106 0.238281 
vt 0.168457 0.746094 
vt 0.168457 0.628906 
vt 0.171387 0.628906 
vt 0.262207 0.628906 
vt 0.265137 0.628906 
vt 0.265137 0.746094 
vt 0.663574 0.355469 
vt 0.663574 0.238281 
vt 0.707519 0.238281 
vt 0.707519 0.355469 
vt 0.265137 0.503906 
vt 0.262207 0.503906 
vt 0.171387 0.503906 
vt 0.168457 0.503906 
vt 0.171387 0.621094 
vt 0.168457 0.621094 
vt 0.262207 0.621094 
vt 0.265137 0.621094 

usemtl RedcliffKnight1Mtl

f 4465/4465/4465 4466/4466/4466 4467/4467/4467 
f 4465/4465/4465 4467/4467/4467 4468/4468/4468 
f 4465/4465/4465 4469/4469/4469 4470/4470/4470 
f 4465/4465/4465 4470/4470/4470 4471/4471/4471 
f 4465/4465/4465 4471/4471/4471 4466/4466/4466 
f 4466/4466/4466 4471/4471/4471 4472/4472/4472 
f 4466/4466/4466 4472/4472/4472 4473/4473/4473 
f 4466/4466/4466 4473/4473/4473 4467/4467/4467 
f 4467/4467/4467 4473/4473/4473 4474/4474/4474 
f 4467/4467/4467 4474/4474/4474 4475/4475/4475 
f 4467/4467/4467 4475/4475/4475 4468/4468/4468 
f 4468/4468/4468 4475/4475/4475 4476/4476/4476 
f 4468/4468/4468 4476/4476/4476 4469/4469/4469 
f 4468/4468/4468 4469/4469/4469 4465/4465/4465 
f 4477/4477/4477 4478/4478/4478 4479/4479/4479 
f 4477/4477/4477 4479/4479/4479 4480/4480/4480 
f 4480/4480/4480 4479/4479/4479 4481/4481/4481 
f 4480/4480/4480 4481/4481/4481 4482/4482/4482 
f 4482/4482/4482 4481/4481/4481 4483/4483/4483 
f 4482/4482/4482 4483/4483/4483 4484/4484/4484 
f 4485/4485/4485 4486/4486/4486 4487/4487/4487 
f 4485/4485/4485 4487/4487/4487 4488/4488/4488 
f 4489/4489/4489 4490/4490/4490 4491/4491/4491 
f 4489/4489/4489 4491/4491/4491 4474/4474/4474 
f 4474/4474/4474 4491/4491/4491 4492/4492/4492 
f 4474/4474/4474 4492/4492/4492 4475/4475/4475 
f 4475/4475/4475 4492/4492/4492 4493/4493/4493 
f 4475/4475/4475 4493/4493/4493 4494/4494/4494 
f 4495/4495/4495 4496/4496/4496 4497/4497/4497 
f 4495/4495/4495 4497/4497/4497 4498/4498/4498 
f 4499/4499/4499 4500/4500/4500 4479/4479/4479 
f 4479/4479/4479 4500/4500/4500 4501/4501/4501 
f 4479/4479/4479 4501/4501/4501 4481/4481/4481 
f 4481/4481/4481 4501/4501/4501 4502/4502/4502 
f 4502/4502/4502 4501/4501/4501 4503/4503/4503 
f 4502/4502/4502 4503/4503/4503 4504/4504/4504 
f 4504/4504/4504 4503/4503/4503 4491/4491/4491 
f 4491/4491/4491 4503/4503/4503 4505/4505/4505 
f 4491/4491/4491 4505/4505/4505 4492/4492/4492 
f 4492/4492/4492 4505/4505/4505 4506/4506/4506 
f 4506/4506/4506 4505/4505/4505 4500/4500/4500 
f 4506/4506/4506 4500/4500/4500 4499/4499/4499 
f 4505/4505/4505 4503/4503/4503 4501/4501/4501 
f 4505/4505/4505 4501/4501/4501 4500/4500/4500 

g RedcliffKnight4

v -144.125 2.10691 -232.077 
v -144.125 0.236909 -232.077 
v -143.255 0.236909 -232.077 
v -143.255 2.10691 -232.077 
v -144.125 2.17191 -232.142 
v -144.19 2.10691 -232.142 
v -144.19 0.236909 -232.142 
v -144.125 0.171909 -232.142 
v -143.255 0.171909 -232.142 
v -143.19 0.236909 -232.142 
v -143.19 2.10691 -232.142 
v -143.255 2.17191 -232.142 
v -144.125 2.17191 -232.142 
v -144.125 2.17191 -233.012 
v -144.19 2.10691 -233.012 
v -144.19 0.236909 -233.012 
v -144.125 0.171909 -233.012 
v -144.125 0.171909 -232.142 
v -144.125 0.171909 -232.142 
v -144.125 0.171909 -233.012 
v -143.255 0.171909 -233.012 
v -143.255 0.171909 -232.142 
v -143.255 0.171909 -232.142 
v -143.255 0.171909 -233.012 
v -143.19 0.236909 -233.012 
v -143.19 0.236909 -232.142 
v -143.19 2.10691 -233.012 
v -143.19 2.10691 -232.142 
v -143.255 2.17191 -233.012 
v -143.255 2.17191 -232.142 
v -143.255 2.17191 -232.142 
v -143.255 2.17191 -233.012 
v -144.125 2.17191 -233.012 
v -144.125 2.17191 -232.142 
v -144.125 2.17191 -233.012 
v -144.125 2.10691 -233.077 
v -144.125 0.236909 -233.077 
v -144.125 0.171909 -233.012 
v -143.255 0.236909 -233.077 
v -143.255 0.171909 -233.012 
v -143.255 2.10691 -233.077 
v -143.255 2.17191 -233.012 

vn 0 0 1 
vn 0 0 1 
vn 0 0 1 
vn 0 0 1 
vn 0 1 0 
vn -1 0 0 
vn -1 0 0 
vn 0 -1 0 
vn 0 -1 0 
vn 1 0 0 
vn 1 0 0 
vn 0 1 0 
vn 0 1 0 
vn 0 1 0 
vn -1 0 0 
vn -1 0 0 
vn 0 -1 0 
vn 0 -1 0 
vn 0 -1 0 
vn 0 -1 0 
vn 0 -1 0 
vn 0 -1 0 
vn 0 -1 0 
vn 0 -1 0 
vn 1 0 0 
vn 1 0 0 
vn 1 0 0 
vn 1 0 0 
vn 0 1 0 
vn 0 1 0 
vn 0 1 0 
vn 0 1 0 
vn 0 1 0 
vn 0 1 0 
vn 0 1 0 
vn 0 0 -1 
vn 0 0 -1 
vn 0 -1 0 
vn 0 0 -1 
vn 0 -1 0 
vn 0 0 -1 
vn 0 1 0 

vt 0.70166 0.621094 
vt 0.61084 0.621094 
vt 0.61084 0.503906 
vt 0.70166 0.503906 
vt 0.70459 0.621094 
vt 0.70166 0.628906 
vt 0.61084 0.628906 
vt 0.60791 0.621094 
vt 0.60791 0.503906 
vt 0.61084 0.496094 
vt 0.70166 0.496094 
vt 0.70459 0.503906 
vt 0.70459 0.628906 
vt 0.70459 0.746094 
vt 0.70166 0.746094 
vt 0.61084 0.746094 
vt 0.60791 0.746094 
vt 0.60791 0.628906 
vt 0.549317 0.238281 
vt 0.549317 0.355469 
vt 0.505371 0.355469 
vt 0.505371 0.238281 
vt 0.60791 0.996094 
vt 0.60791 0.878906 
vt 0.61084 0.878906 
vt 0.61084 0.996094 
vt 0.70166 0.878906 
vt 0.70166 0.996094 
vt 0.70459 0.878906 
vt 0.70459 0.996094 
vt 0.399902 0.355469 
vt 0.399902 0.238281 
vt 0.443848 0.238281 
vt 0.443848 0.355469 
vt 0.70459 0.753906 
vt 0.70166 0.753906 
vt 0.61084 0.753906 
vt 0.60791 0.753906 
vt 0.61084 0.871094 
vt 0.60791 0.871094 
vt 0.70166 0.871094 
vt 0.70459 0.871094 

usemtl RedcliffKnight1Mtl

f 4507/4507/4507 4508/4508/4508 4509/4509/4509 
f 4507/4507/4507 4509/4509/4509 4510/4510/4510 
f 4507/4507/4507 4511/4511/4511 4512/4512/4512 
f 4507/4507/4507 4512/4512/4512 4513/4513/4513 
f 4507/4507/4507 4513/4513/4513 4508/4508/4508 
f 4508/4508/4508 4513/4513/4513 4514/4514/4514 
f 4508/4508/4508 4514/4514/4514 4515/4515/4515 
f 4508/4508/4508 4515/4515/4515 4509/4509/4509 
f 4509/4509/4509 4515/4515/4515 4516/4516/4516 
f 4509/4509/4509 4516/4516/4516 4517/4517/4517 
f 4509/4509/4509 4517/4517/4517 4510/4510/4510 
f 4510/4510/4510 4517/4517/4517 4518/4518/4518 
f 4510/4510/4510 4518/4518/4518 4511/4511/4511 
f 4510/4510/4510 4511/4511/4511 4507/4507/4507 
f 4519/4519/4519 4520/4520/4520 4521/4521/4521 
f 4519/4519/4519 4521/4521/4521 4512/4512/4512 
f 4512/4512/4512 4521/4521/4521 4522/4522/4522 
f 4512/4512/4512 4522/4522/4522 4513/4513/4513 
f 4513/4513/4513 4522/4522/4522 4523/4523/4523 
f 4513/4513/4513 4523/4523/4523 4524/4524/4524 
f 4525/4525/4525 4526/4526/4526 4527/4527/4527 
f 4525/4525/4525 4527/4527/4527 4528/4528/4528 
f 4529/4529/4529 4530/4530/4530 4531/4531/4531 
f 4529/4529/4529 4531/4531/4531 4532/4532/4532 
f 4532/4532/4532 4531/4531/4531 4533/4533/4533 
f 4532/4532/4532 4533/4533/4533 4534/4534/4534 
f 4534/4534/4534 4533/4533/4533 4535/4535/4535 
f 4534/4534/4534 4535/4535/4535 4536/4536/4536 
f 4537/4537/4537 4538/4538/4538 4539/4539/4539 
f 4537/4537/4537 4539/4539/4539 4540/4540/4540 
f 4541/4541/4541 4542/4542/4542 4521/4521/4521 
f 4521/4521/4521 4542/4542/4542 4543/4543/4543 
f 4521/4521/4521 4543/4543/4543 4522/4522/4522 
f 4522/4522/4522 4543/4543/4543 4544/4544/4544 
f 4544/4544/4544 4543/4543/4543 4545/4545/4545 
f 4544/4544/4544 4545/4545/4545 4546/4546/4546 
f 4546/4546/4546 4545/4545/4545 4531/4531/4531 
f 4531/4531/4531 4545/4545/4545 4547/4547/4547 
f 4531/4531/4531 4547/4547/4547 4533/4533/4533 
f 4533/4533/4533 4547/4547/4547 4548/4548/4548 
f 4548/4548/4548 4547/4547/4547 4542/4542/4542 
f 4548/4548/4548 4542/4542/4542 4541/4541/4541 
f 4547/4547/4547 4545/4545/4545 4543/4543/4543 
f 4547/4547/4547 4543/4543/4543 4542/4542/4542 

g RedcliffKnight5

v -143.125 2.10691 -232.077 
v -143.125 0.236909 -232.077 
v -142.255 0.236909 -232.077 
v -142.255 2.10691 -232.077 
v -143.125 2.17191 -232.142 
v -143.19 2.10691 -232.142 
v -143.19 0.236909 -232.142 
v -143.125 0.171909 -232.142 
v -142.255 0.171909 -232.142 
v -142.19 0.236909 -232.142 
v -142.19 2.10691 -232.142 
v -142.255 2.17191 -232.142 
v -143.125 2.17191 -232.142 
v -143.125 2.17191 -233.012 
v -143.19 2.10691 -233.012 
v -143.19 2.10691 -232.142 
v -143.19 0.236909 -233.012 
v -143.19 0.236909 -232.142 
v -143.125 0.171909 -233.012 
v -143.125 0.171909 -232.142 
v -143.125 0.171909 -232.142 
v -143.125 0.171909 -233.012 
v -142.255 0.171909 -233.012 
v -142.255 0.171909 -232.142 
v -142.255 0.171909 -232.142 
v -142.255 0.171909 -233.012 
v -142.19 0.236909 -233.012 
v -142.19 2.10691 -233.012 
v -142.255 2.17191 -233.012 
v -142.255 2.17191 -232.142 
v -142.255 2.17191 -232.142 
v -142.255 2.17191 -233.012 
v -143.125 2.17191 -233.012 
v -143.125 2.17191 -232.142 
v -143.125 2.17191 -233.012 
v -143.125 2.10691 -233.077 
v -143.125 0.236909 -233.077 
v -143.125 0.171909 -233.012 
v -142.255 0.236909 -233.077 
v -142.255 0.171909 -233.012 
v -142.255 2.10691 -233.077 
v -142.255 2.17191 -233.012 

vn 0 0 1 
vn 0 0 1 
vn 0 0 1 
vn 0 0 1 
vn 0 1 0 
vn -1 0 0 
vn -1 0 0 
vn 0 -1 0 
vn 0 -1 0 
vn 1 0 0 
vn 1 0 0 
vn 0 1 0 
vn 0 1 0 
vn 0 1 0 
vn -1 0 0 
vn -1 0 0 
vn -1 0 0 
vn -1 0 0 
vn 0 -1 0 
vn 0 -1 0 
vn 0 -1 0 
vn 0 -1 0 
vn 0 -1 0 
vn 0 -1 0 
vn 0 -1 0 
vn 0 -1 0 
vn 1 0 0 
vn 1 0 0 
vn 0 1 0 
vn 0 1 0 
vn 0 1 0 
vn 0 1 0 
vn 0 1 0 
vn 0 1 0 
vn 0 1 0 
vn 0 0 -1 
vn 0 0 -1 
vn 0 -1 0 
vn 0 0 -1 
vn 0 -1 0 
vn 0 0 -1 
vn 0 1 0 

vt 0.555176 0.871094 
vt 0.464356 0.871094 
vt 0.464356 0.753906 
vt 0.555176 0.753906 
vt 0.558106 0.871094 
vt 0.555176 0.878906 
vt 0.464356 0.878906 
vt 0.461426 0.871094 
vt 0.461426 0.753906 
vt 0.464356 0.746094 
vt 0.555176 0.746094 
vt 0.558106 0.753906 
vt 0.558106 0.378906 
vt 0.558106 0.496094 
vt 0.555176 0.496094 
vt 0.555176 0.378906 
vt 0.464356 0.496094 
vt 0.464356 0.378906 
vt 0.461426 0.496094 
vt 0.461426 0.378906 
vt 0.496582 0.238281 
vt 0.496582 0.355469 
vt 0.452637 0.355469 
vt 0.452637 0.238281 
vt 0.461426 0.746094 
vt 0.461426 0.628906 
vt 0.464356 0.628906 
vt 0.555176 0.628906 
vt 0.558106 0.628906 
vt 0.558106 0.746094 
vt 0.347168 0.355469 
vt 0.347168 0.238281 
vt 0.391113 0.238281 
vt 0.391113 0.355469 
vt 0.558106 0.503906 
vt 0.555176 0.503906 
vt 0.464356 0.503906 
vt 0.461426 0.503906 
vt 0.464356 0.621094 
vt 0.461426 0.621094 
vt 0.555176 0.621094 
vt 0.558106 0.621094 

usemtl RedcliffKnight1Mtl

f 4549/4549/4549 4550/4550/4550 4551/4551/4551 
f 4549/4549/4549 4551/4551/4551 4552/4552/4552 
f 4549/4549/4549 4553/4553/4553 4554/4554/4554 
f 4549/4549/4549 4554/4554/4554 4555/4555/4555 
f 4549/4549/4549 4555/4555/4555 4550/4550/4550 
f 4550/4550/4550 4555/4555/4555 4556/4556/4556 
f 4550/4550/4550 4556/4556/4556 4557/4557/4557 
f 4550/4550/4550 4557/4557/4557 4551/4551/4551 
f 4551/4551/4551 4557/4557/4557 4558/4558/4558 
f 4551/4551/4551 4558/4558/4558 4559/4559/4559 
f 4551/4551/4551 4559/4559/4559 4552/4552/4552 
f 4552/4552/4552 4559/4559/4559 4560/4560/4560 
f 4552/4552/4552 4560/4560/4560 4553/4553/4553 
f 4552/4552/4552 4553/4553/4553 4549/4549/4549 
f 4561/4561/4561 4562/4562/4562 4563/4563/4563 
f 4561/4561/4561 4563/4563/4563 4564/4564/4564 
f 4564/4564/4564 4563/4563/4563 4565/4565/4565 
f 4564/4564/4564 4565/4565/4565 4566/4566/4566 
f 4566/4566/4566 4565/4565/4565 4567/4567/4567 
f 4566/4566/4566 4567/4567/4567 4568/4568/4568 
f 4569/4569/4569 4570/4570/4570 4571/4571/4571 
f 4569/4569/4569 4571/4571/4571 4572/4572/4572 
f 4573/4573/4573 4574/4574/4574 4575/4575/4575 
f 4573/4573/4573 4575/4575/4575 4558/4558/4558 
f 4558/4558/4558 4575/4575/4575 4576/4576/4576 
f 4558/4558/4558 4576/4576/4576 4559/4559/4559 
f 4559/4559/4559 4576/4576/4576 4577/4577/4577 
f 4559/4559/4559 4577/4577/4577 4578/4578/4578 
f 4579/4579/4579 4580/4580/4580 4581/4581/4581 
f 4579/4579/4579 4581/4581/4581 4582/4582/4582 
f 4583/4583/4583 4584/4584/4584 4563/4563/4563 
f 4563/4563/4563 4584/4584/4584 4585/4585/4585 
f 4563/4563/4563 4585/4585/4585 4565/4565/4565 
f 4565/4565/4565 4585/4585/4585 4586/4586/4586 
f 4586/4586/4586 4585/4585/4585 4587/4587/4587 
f 4586/4586/4586 4587/4587/4587 4588/4588/4588 
f 4588/4588/4588 4587/4587/4587 4575/4575/4575 
f 4575/4575/4575 4587/4587/4587 4589/4589/4589 
f 4575/4575/4575 4589/4589/4589 4576/4576/4576 
f 4576/4576/4576 4589/4589/4589 4590/4590/4590 
f 4590/4590/4590 4589/4589/4589 4584/4584/4584 
f 4590/4590/4590 4584/4584/4584 4583/4583/4583 
f 4589/4589/4589 4587/4587/4587 4585/4585/4585 
f 4589/4589/4589 4585/4585/4585 4584/4584/4584 

g RedcliffKnight6

v -144.125 4.10691 -232.077 
v -144.125 2.23691 -232.077 
v -142.255 2.23691 -232.077 
v -142.255 4.10691 -232.077 
v -144.125 4.17191 -232.142 
v -144.19 4.10691 -232.142 
v -144.19 2.23691 -232.142 
v -144.125 2.17191 -232.142 
v -142.255 2.17191 -232.142 
v -142.19 2.23691 -232.142 
v -142.19 4.10691 -232.142 
v -142.255 4.17191 -232.142 
v -144.125 4.17191 -232.142 
v -144.125 4.17191 -233.012 
v -144.19 4.10691 -233.012 
v -144.19 2.23691 -233.012 
v -144.125 2.17191 -233.012 
v -144.125 2.17191 -232.142 
v -144.125 2.17191 -232.142 
v -144.125 2.17191 -233.012 
v -142.255 2.17191 -233.012 
v -142.255 2.17191 -232.142 
v -142.255 2.17191 -232.142 
v -142.255 2.17191 -233.012 
v -142.19 2.23691 -233.012 
v -142.19 2.23691 -232.142 
v -142.19 4.10691 -233.012 
v -142.19 4.10691 -232.142 
v -142.255 4.17191 -233.012 
v -142.255 4.17191 -232.142 
v -142.255 4.17191 -232.142 
v -142.255 4.17191 -233.012 
v -144.125 4.17191 -233.012 
v -144.125 4.17191 -232.142 
v -144.125 4.17191 -233.012 
v -144.125 4.10691 -233.077 
v -144.125 2.23691 -233.077 
v -144.125 2.17191 -233.012 
v -142.255 2.23691 -233.077 
v -142.255 2.17191 -233.012 
v -142.255 4.10691 -233.077 
v -142.255 4.17191 -233.012 

vn 0 0 1 
vn 0 0 1 
vn 0 0 1 
vn 0 0 1 
vn 0 1 0 
vn -1 0 0 
vn -1 0 0 
vn 0 -1 0 
vn 0 -1 0 
vn 1 0 0 
vn 1 0 0 
vn 0 1 0 
vn 0 1 0 
vn 0 1 0 
vn -1 0 0 
vn -1 0 0 
vn 0 -1 0 
vn 0 -1 0 
vn 0 -1 0 
vn 0 -1 0 
vn 0 -1 0 
vn 0 -1 0 
vn 0 -1 0 
vn 0 -1 0 
vn 1 0 0 
vn 1 0 0 
vn 1 0 0 
vn 1 0 0 
vn 0 1 0 
vn 0 1 0 
vn 0 1 0 
vn 0 1 0 
vn 0 1 0 
vn 0 1 0 
vn 0 1 0 
vn 0 0 -1 
vn 0 0 -1 
vn 0 -1 0 
vn 0 0 -1 
vn 0 -1 0 
vn 0 0 -1 
vn 0 1 0 

vt 0.115723 0.496094 
vt 0.0249022 0.496094 
vt 0.0249022 0.253906 
vt 0.115723 0.253906 
vt 0.118652 0.496094 
vt 0.115723 0.503906 
vt 0.0249022 0.503906 
vt 0.0219727 0.496094 
vt 0.0219727 0.253906 
vt 0.0249022 0.246094 
vt 0.115723 0.246094 
vt 0.118652 0.253906 
vt 0.118652 0.503906 
vt 0.118652 0.621094 
vt 0.115723 0.621094 
vt 0.0249022 0.621094 
vt 0.0219727 0.621094 
vt 0.0219727 0.503906 
vt 0.337646 0.240234 
vt 0.337646 0.357422 
vt 0.246826 0.357422 
vt 0.246826 0.240234 
vt 0.0219727 0.996094 
vt 0.0219727 0.878906 
vt 0.0249022 0.878906 
vt 0.0249022 0.996094 
vt 0.115723 0.878906 
vt 0.115723 0.996094 
vt 0.118652 0.878906 
vt 0.118652 0.996094 
vt 0.14795 0.357422 
vt 0.14795 0.240234 
vt 0.238769 0.240234 
vt 0.238769 0.357422 
vt 0.118652 0.628906 
vt 0.115723 0.628906 
vt 0.0249022 0.628906 
vt 0.0219727 0.628906 
vt 0.0249022 0.871094 
vt 0.0219727 0.871094 
vt 0.115723 0.871094 
vt 0.118652 0.871094 

usemtl RedcliffKnight1Mtl

f 4591/4591/4591 4592/4592/4592 4593/4593/4593 
f 4591/4591/4591 4593/4593/4593 4594/4594/4594 
f 4591/4591/4591 4595/4595/4595 4596/4596/4596 
f 4591/4591/4591 4596/4596/4596 4597/4597/4597 
f 4591/4591/4591 4597/4597/4597 4592/4592/4592 
f 4592/4592/4592 4597/4597/4597 4598/4598/4598 
f 4592/4592/4592 4598/4598/4598 4599/4599/4599 
f 4592/4592/4592 4599/4599/4599 4593/4593/4593 
f 4593/4593/4593 4599/4599/4599 4600/4600/4600 
f 4593/4593/4593 4600/4600/4600 4601/4601/4601 
f 4593/4593/4593 4601/4601/4601 4594/4594/4594 
f 4594/4594/4594 4601/4601/4601 4602/4602/4602 
f 4594/4594/4594 4602/4602/4602 4595/4595/4595 
f 4594/4594/4594 4595/4595/4595 4591/4591/4591 
f 4603/4603/4603 4604/4604/4604 4605/4605/4605 
f 4603/4603/4603 4605/4605/4605 4596/4596/4596 
f 4596/4596/4596 4605/4605/4605 4606/4606/4606 
f 4596/4596/4596 4606/4606/4606 4597/4597/4597 
f 4597/4597/4597 4606/4606/4606 4607/4607/4607 
f 4597/4597/4597 4607/4607/4607 4608/4608/4608 
f 4609/4609/4609 4610/4610/4610 4611/4611/4611 
f 4609/4609/4609 4611/4611/4611 4612/4612/4612 
f 4613/4613/4613 4614/4614/4614 4615/4615/4615 
f 4613/4613/4613 4615/4615/4615 4616/4616/4616 
f 4616/4616/4616 4615/4615/4615 4617/4617/4617 
f 4616/4616/4616 4617/4617/4617 4618/4618/4618 
f 4618/4618/4618 4617/4617/4617 4619/4619/4619 
f 4618/4618/4618 4619/4619/4619 4620/4620/4620 
f 4621/4621/4621 4622/4622/4622 4623/4623/4623 
f 4621/4621/4621 4623/4623/4623 4624/4624/4624 
f 4625/4625/4625 4626/4626/4626 4605/4605/4605 
f 4605/4605/4605 4626/4626/4626 4627/4627/4627 
f 4605/4605/4605 4627/4627/4627 4606/4606/4606 
f 4606/4606/4606 4627/4627/4627 4628/4628/4628 
f 4628/4628/4628 4627/4627/4627 4629/4629/4629 
f 4628/4628/4628 4629/4629/4629 4630/4630/4630 
f 4630/4630/4630 4629/4629/4629 4615/4615/4615 
f 4615/4615/4615 4629/4629/4629 4631/4631/4631 
f 4615/4615/4615 4631/4631/4631 4617/4617/4617 
f 4617/4617/4617 4631/4631/4631 4632/4632/4632 
f 4632/4632/4632 4631/4631/4631 4626/4626/4626 
f 4632/4632/4632 4626/4626/4626 4625/4625/4625 
f 4631/4631/4631 4629/4629/4629 4627/4627/4627 
f 4631/4631/4631 4627/4627/4627 4626/4626/4626 

