# This file is brought to you by Roblox Corporation
# Generated by Roblox Studio

mtllib Roland_Knight_Verified.mtl

g Handle1

v -199.471 1.80187 -221.771 
v -199.471 2.00812 -221.866 
v -199.588 2.15105 -221.759 
v -199.471 1.80187 -221.771 
v -199.355 2.15101 -221.759 
v -199.471 2.00812 -221.866 
v -199.516 2.14708 -221.759 
v -199.471 1.87329 -221.761 
v -199.471 2.14834 -221.513 
v -199.471 2.30812 -221.369 
v -199.516 2.14708 -221.759 
v -199.471 2.14834 -221.513 
v -199.427 2.14708 -221.759 
v -199.471 2.14834 -221.513 
v -199.471 1.87329 -221.761 
v -199.471 2.30812 -221.369 
v -199.471 2.14834 -221.513 
v -199.427 2.14708 -221.759 
v -199.471 2.25276 -227.674 
v -199.471 2.0532 -227.493 
v -199.516 2.18731 -227.32 
v -199.471 2.25276 -227.674 
v -199.427 2.18731 -227.32 
v -199.471 2.0532 -227.493 
v -199.516 2.13953 -227.062 
v -199.516 2.18731 -227.32 
v -199.471 1.90783 -227.247 
v -199.471 2.0532 -227.493 
v -199.427 2.13953 -227.062 
v -199.471 1.90783 -227.247 
v -199.427 2.18731 -227.32 
v -199.471 2.0532 -227.493 
v -199.471 1.90783 -227.247 
v -199.471 1.75779 -226.78 
v -199.516 2.13953 -227.062 
v -199.516 2.06278 -226.647 
v -199.471 1.90783 -227.247 
v -199.427 2.13953 -227.062 
v -199.471 1.75779 -226.78 
v -199.427 2.06278 -226.647 
v -199.471 2.02059 -222.311 
v -199.471 2.07314 -221.835 
v -199.516 2.12649 -222.143 
v -199.516 2.14708 -221.759 
v -199.516 2.18731 -227.32 
v -199.471 2.25299 -227.248 
v -199.471 2.25276 -227.674 
v -199.471 2.07314 -221.835 
v -199.471 2.02059 -222.311 
v -199.427 2.12649 -222.143 
v -199.427 2.14708 -221.759 
v -199.427 2.18731 -227.32 
v -199.471 2.25276 -227.674 
v -199.471 2.25299 -227.248 
v -199.471 1.99156 -222.537 
v -199.516 2.07175 -223.006 
v -199.471 1.89925 -223.409 
v -199.471 1.99156 -222.537 
v -199.471 1.89925 -223.409 
v -199.427 2.07175 -223.006 
v -199.471 1.99156 -222.537 
v -199.516 2.12649 -222.143 
v -199.516 2.07175 -223.006 
v -199.471 2.02059 -222.311 
v -199.427 2.12649 -222.143 
v -199.471 1.99156 -222.537 
v -199.427 2.07175 -223.006 
v -199.471 2.02059 -222.311 
v -199.471 1.89925 -223.409 
v -199.516 2.00552 -223.924 
v -199.471 1.82006 -223.911 
v -199.516 2.07175 -223.006 
v -199.471 1.89925 -223.409 
v -199.471 1.82006 -223.911 
v -199.427 2.00552 -223.924 
v -199.427 2.07175 -223.006 
v -199.516 2.00552 -223.924 
v -199.471 1.77492 -224.43 
v -199.471 1.82006 -223.911 
v -199.427 2.00552 -223.924 
v -199.471 1.82006 -223.911 
v -199.471 1.77492 -224.43 
v -199.471 1.75779 -226.78 
v -199.471 1.73245 -226.132 
v -199.516 2.06278 -226.647 
v -199.516 1.9971 -225.759 
v -199.471 1.73245 -226.132 
v -199.471 1.75779 -226.78 
v -199.427 2.06278 -226.647 
v -199.427 1.9971 -225.759 
v -199.516 2.00552 -223.924 
v -199.516 1.9971 -225.759 
v -199.471 1.75911 -225.18 
v -199.471 1.77492 -224.43 
v -199.427 1.9971 -225.759 
v -199.427 2.00552 -223.924 
v -199.471 1.75911 -225.18 
v -199.471 1.77492 -224.43 
v -199.516 1.9971 -225.759 
v -199.471 1.73245 -226.132 
v -199.471 1.75911 -225.18 
v -199.427 1.9971 -225.759 
v -199.471 1.75911 -225.18 
v -199.471 1.73245 -226.132 
v -199.516 1.9971 -225.759 
v -199.471 2.18972 -223.996 
v -199.471 2.2207 -225.804 
v -199.516 2.00552 -223.924 
v -199.427 1.9971 -225.759 
v -199.471 2.18972 -223.996 
v -199.427 2.00552 -223.924 
v -199.471 2.2207 -225.804 
v -199.516 2.00552 -223.924 
v -199.471 2.17401 -223.079 
v -199.471 2.18972 -223.996 
v -199.516 2.07175 -223.006 
v -199.427 2.00552 -223.924 
v -199.471 2.17401 -223.079 
v -199.427 2.07175 -223.006 
v -199.471 2.18972 -223.996 
v -199.471 2.2207 -225.804 
v -199.471 2.23482 -226.628 
v -199.516 2.06278 -226.647 
v -199.516 1.9971 -225.759 
v -199.471 2.23482 -226.628 
v -199.471 2.2207 -225.804 
v -199.427 2.06278 -226.647 
v -199.427 1.9971 -225.759 
v -199.471 2.20599 -222.169 
v -199.516 2.07175 -223.006 
v -199.516 2.12649 -222.143 
v -199.471 2.17401 -223.079 
v -199.427 2.07175 -223.006 
v -199.471 2.20599 -222.169 
v -199.427 2.12649 -222.143 
v -199.471 2.17401 -223.079 
v -199.471 2.31987 -226.962 
v -199.588 2.06671 -226.647 
v -199.588 2.1485 -227.062 
v -199.471 2.30665 -226.621 
v -199.355 2.06664 -226.647 
v -199.471 2.31987 -226.962 
v -199.356 2.14837 -227.062 
v -199.471 2.30665 -226.621 
v -199.471 2.32496 -227.244 
v -199.588 2.1485 -227.062 
v -199.587 2.20139 -227.324 
v -199.471 2.31987 -226.962 
v -199.471 2.32496 -227.244 
v -199.357 2.20122 -227.324 
v -199.356 2.14837 -227.062 
v -199.471 2.31987 -226.962 
v -199.588 2.15105 -221.759 
v -199.588 2.12455 -222.142 
v -199.471 2.27792 -222.174 
v -199.471 2.3445 -221.306 
v -199.355 2.15101 -221.759 
v -199.471 2.27792 -222.174 
v -199.355 2.12458 -222.142 
v -199.471 2.3445 -221.306 
v -199.516 2.06278 -226.647 
v -199.471 2.24822 -226.97 
v -199.516 2.13953 -227.062 
v -199.471 2.23482 -226.628 
v -199.516 2.18731 -227.32 
v -199.516 2.13953 -227.062 
v -199.471 2.25299 -227.248 
v -199.471 2.24822 -226.97 
v -199.471 2.24822 -226.97 
v -199.427 2.06278 -226.647 
v -199.427 2.13953 -227.062 
v -199.471 2.23482 -226.628 
v -199.471 2.25299 -227.248 
v -199.427 2.13953 -227.062 
v -199.427 2.18731 -227.32 
v -199.471 2.24822 -226.97 
v -199.427 2.14708 -221.759 
v -199.427 2.12649 -222.143 
v -199.471 2.20599 -222.169 
v -199.471 2.30812 -221.369 
v -199.516 2.14708 -221.759 
v -199.471 2.20599 -222.169 
v -199.516 2.12649 -222.143 
v -199.471 2.30812 -221.369 
v -199.588 2.07409 -223.005 
v -199.471 2.27792 -222.174 
v -199.588 2.12455 -222.142 
v -199.471 2.24606 -223.082 
v -199.355 2.07407 -223.005 
v -199.471 2.27792 -222.174 
v -199.471 2.24606 -223.082 
v -199.355 2.12458 -222.142 
v -199.471 2.30665 -226.621 
v -199.471 2.29277 -225.802 
v -199.588 2.06671 -226.647 
v -199.588 1.99867 -225.758 
v -199.471 2.29277 -225.802 
v -199.471 2.30665 -226.621 
v -199.355 2.06664 -226.647 
v -199.355 1.99865 -225.758 
v -199.588 2.00574 -223.923 
v -199.471 2.24606 -223.082 
v -199.588 2.07409 -223.005 
v -199.471 2.26182 -223.997 
v -199.355 2.00574 -223.923 
v -199.471 2.24606 -223.082 
v -199.471 2.26182 -223.997 
v -199.355 2.07407 -223.005 
v -199.588 1.99867 -225.758 
v -199.471 2.26182 -223.997 
v -199.588 2.00574 -223.923 
v -199.471 2.29277 -225.802 
v -199.355 1.99865 -225.758 
v -199.471 2.26182 -223.997 
v -199.471 2.29277 -225.802 
v -199.355 2.00574 -223.923 
v -199.355 1.99865 -225.758 
v -199.471 1.6604 -226.135 
v -199.471 1.68702 -225.18 
v -199.588 1.99867 -225.758 
v -199.471 1.68702 -225.18 
v -199.471 1.6604 -226.135 
v -199.588 1.99867 -225.758 
v -199.588 2.00574 -223.923 
v -199.471 1.68702 -225.18 
v -199.471 1.70284 -224.429 
v -199.355 2.00574 -223.923 
v -199.355 1.99865 -225.758 
v -199.471 1.68702 -225.18 
v -199.471 1.70284 -224.429 
v -199.471 1.6604 -226.135 
v -199.471 1.68674 -226.792 
v -199.588 2.06671 -226.647 
v -199.588 1.99867 -225.758 
v -199.471 1.68674 -226.792 
v -199.471 1.6604 -226.135 
v -199.355 2.06664 -226.647 
v -199.355 1.99865 -225.758 
v -199.588 2.00574 -223.923 
v -199.471 1.74829 -223.904 
v -199.471 1.70284 -224.429 
v -199.355 2.00574 -223.923 
v -199.471 1.70284 -224.429 
v -199.471 1.74829 -223.904 
v -199.588 2.12455 -222.142 
v -199.471 1.91969 -222.531 
v -199.588 2.07409 -223.005 
v -199.471 1.94871 -222.306 
v -199.471 1.91969 -222.531 
v -199.355 2.12458 -222.142 
v -199.355 2.07407 -223.005 
v -199.471 1.94871 -222.306 
v -199.471 1.82753 -223.402 
v -199.471 1.74829 -223.904 
v -199.588 2.00574 -223.923 
v -199.588 2.07409 -223.005 
v -199.471 1.82753 -223.402 
v -199.355 2.00574 -223.923 
v -199.471 1.74829 -223.904 
v -199.355 2.07407 -223.005 
v -199.471 1.91969 -222.531 
v -199.355 2.07407 -223.005 
v -199.471 1.82753 -223.402 
v -199.471 1.91969 -222.531 
v -199.471 1.82753 -223.402 
v -199.588 2.07409 -223.005 
v -199.471 1.94871 -222.306 
v -199.471 2.00812 -221.866 
v -199.355 2.12458 -222.142 
v -199.355 2.15101 -221.759 
v -199.471 2.00812 -221.866 
v -199.471 1.94871 -222.306 
v -199.588 2.12455 -222.142 
v -199.588 2.15105 -221.759 
v -199.471 1.83954 -227.27 
v -199.471 1.68674 -226.792 
v -199.356 2.14837 -227.062 
v -199.355 2.06664 -226.647 
v -199.471 1.83954 -227.27 
v -199.588 2.1485 -227.062 
v -199.471 1.68674 -226.792 
v -199.588 2.06671 -226.647 
v -199.587 2.20139 -227.324 
v -199.471 2.27704 -227.742 
v -199.471 2.32496 -227.244 
v -199.357 2.20122 -227.324 
v -199.471 2.32496 -227.244 
v -199.471 2.27704 -227.742 
v -199.357 2.20122 -227.324 
v -199.471 1.99596 -227.537 
v -199.471 1.83954 -227.27 
v -199.356 2.14837 -227.062 
v -199.588 2.1485 -227.062 
v -199.471 1.83954 -227.27 
v -199.587 2.20139 -227.324 
v -199.471 1.99596 -227.537 
v -199.471 2.27704 -227.742 
v -199.471 1.99596 -227.537 
v -199.357 2.20122 -227.324 
v -199.471 2.27704 -227.742 
v -199.587 2.20139 -227.324 
v -199.471 1.99596 -227.537 
v -199.355 2.15101 -221.759 
v -199.471 1.80187 -221.771 
v -199.471 2.10121 -221.458 
v -199.588 2.15105 -221.759 
v -199.471 2.10121 -221.458 
v -199.471 1.80187 -221.771 
v -199.471 2.3445 -221.306 
v -199.355 2.15101 -221.759 
v -199.471 2.10121 -221.458 
v -199.471 2.3445 -221.306 
v -199.471 2.10121 -221.458 
v -199.588 2.15105 -221.759 
v -199.471 1.87329 -221.761 
v -199.471 2.07314 -221.835 
v -199.427 2.14708 -221.759 
v -199.471 1.87329 -221.761 
v -199.516 2.14708 -221.759 
v -199.471 2.07314 -221.835 

vn 0 0.716535 0.692913 
vn 0 0.716535 0.692913 
vn 0 0.716535 0.692913 
vn 0 0.716535 0.692913 
vn 0 0.716535 0.692913 
vn 0 0.716535 0.692913 
vn 0 0.716535 0.692913 
vn 0 0.716535 0.692913 
vn 0 0.716535 0.692913 
vn 0 0.716535 0.692913 
vn 0 0.716535 0.692913 
vn 0 0.716535 0.692913 
vn 0 0.716535 0.692913 
vn 0 0.716535 0.692913 
vn 0 0.716535 0.692913 
vn 0 0.716535 0.692913 
vn 0 0.716535 0.692913 
vn 0 0.716535 0.692913 
vn 0 0.716535 0.692913 
vn 0 0.716535 0.692913 
vn 0 0.716535 0.692913 
vn 0 0.716535 0.692913 
vn 0 0.716535 0.692913 
vn 0 0.716535 0.692913 
vn 0 0.716535 0.692913 
vn 0 0.716535 0.692913 
vn 0 0.716535 0.692913 
vn 0 0.716535 0.692913 
vn 0 0.716535 0.692913 
vn 0 0.716535 0.692913 
vn 0 0.716535 0.692913 
vn 0 0.716535 0.692913 
vn 0 0.716535 0.692913 
vn 0 0.716535 0.692913 
vn 0 0.716535 0.692913 
vn 0 0.716535 0.692913 
vn 0 0.716535 0.692913 
vn 0 0.716535 0.692913 
vn 0 0.716535 0.692913 
vn 0 0.716535 0.692913 
vn 0 0.716535 0.692913 
vn 0 0.716535 0.692913 
vn 0 0.716535 0.692913 
vn 0 0.716535 0.692913 
vn 0 0.716535 0.692913 
vn 0 0.716535 0.692913 
vn 0 0.716535 0.692913 
vn 0 0.716535 0.692913 
vn 0 0.716535 0.692913 
vn 0 0.716535 0.692913 
vn 0 0.716535 0.692913 
vn 0 0.716535 0.692913 
vn 0 0.716535 0.692913 
vn 0 0.716535 0.692913 
vn 0 0.716535 0.692913 
vn 0 0.716535 0.692913 
vn 0 0.716535 0.692913 
vn 0 0.716535 0.692913 
vn 0 0.716535 0.692913 
vn 0 0.716535 0.692913 
vn 0 0.716535 0.692913 
vn 0 0.716535 0.692913 
vn 0 0.716535 0.692913 
vn 0 0.716535 0.692913 
vn 0 0.716535 0.692913 
vn 0 0.716535 0.692913 
vn 0 0.716535 0.692913 
vn 0 0.716535 0.692913 
vn 0 0.716535 0.692913 
vn 0 0.716535 0.692913 
vn 0 0.716535 0.692913 
vn 0 0.716535 0.692913 
vn 0 0.716535 0.692913 
vn 0 0.716535 0.692913 
vn 0 0.716535 0.692913 
vn 0 0.716535 0.692913 
vn 0 0.716535 0.692913 
vn 0 0.716535 0.692913 
vn 0 0.716535 0.692913 
vn 0 0.716535 0.692913 
vn 0 0.716535 0.692913 
vn 0 0.716535 0.692913 
vn 0 0.716535 0.692913 
vn 0 0.716535 0.692913 
vn 0 0.716535 0.692913 
vn 0 0.716535 0.692913 
vn 0 0.716535 0.692913 
vn 0 0.716535 0.692913 
vn 0 0.716535 0.692913 
vn 0 0.716535 0.692913 
vn 0 0.716535 0.692913 
vn 0 0.716535 0.692913 
vn 0 0.716535 0.692913 
vn 0 0.716535 0.692913 
vn 0 0.716535 0.692913 
vn 0 0.716535 0.692913 
vn 0 0.716535 0.692913 
vn 0 0.716535 0.692913 
vn 0 0.716535 0.692913 
vn 0 0.716535 0.692913 
vn 0 0.716535 0.692913 
vn 0 0.716535 0.692913 
vn 0 0.716535 0.692913 
vn 0 0.716535 0.692913 
vn 0 0.716535 0.692913 
vn 0 0.716535 0.692913 
vn 0 0.716535 0.692913 
vn 0 0.716535 0.692913 
vn 0 0.716535 0.692913 
vn 0 0.716535 0.692913 
vn 0 0.716535 0.692913 
vn 0 0.716535 0.692913 
vn 0 0.716535 0.692913 
vn 0 0.716535 0.692913 
vn 0 0.716535 0.692913 
vn 0 0.716535 0.692913 
vn 0 0.716535 0.692913 
vn 0 0.716535 0.692913 
vn 0 0.716535 0.692913 
vn 0 0.716535 0.692913 
vn 0 0.716535 0.692913 
vn 0 0.716535 0.692913 
vn 0 0.716535 0.692913 
vn 0 0.716535 0.692913 
vn 0 0.716535 0.692913 
vn 0 0.716535 0.692913 
vn 0 0.716535 0.692913 
vn 0 0.716535 0.692913 
vn 0 0.716535 0.692913 
vn 0 0.716535 0.692913 
vn 0 0.716535 0.692913 
vn 0 0.716535 0.692913 
vn 0 0.716535 0.692913 
vn 0 0.716535 0.692913 
vn 0 0.716535 0.692913 
vn 0 0.716535 0.692913 
vn 0 0.716535 0.692913 
vn 0 0.716535 0.692913 
vn 0 0.716535 0.692913 
vn 0 0.716535 0.692913 
vn 0 0.716535 0.692913 
vn 0 0.716535 0.692913 
vn 0 0.716535 0.692913 
vn 0 0.716535 0.692913 
vn 0 0.716535 0.692913 
vn 0 0.716535 0.692913 
vn 0 0.716535 0.692913 
vn 0 0.716535 0.692913 
vn 0 0.716535 0.692913 
vn 0 0.716535 0.692913 
vn 0 0.716535 0.692913 
vn 0 0.716535 0.692913 
vn 0 0.716535 0.692913 
vn 0 0.716535 0.692913 
vn 0 0.716535 0.692913 
vn 0 0.716535 0.692913 
vn 0 0.716535 0.692913 
vn 0 0.716535 0.692913 
vn 0 0.716535 0.692913 
vn 0 0.716535 0.692913 
vn 0 0.716535 0.692913 
vn 0 0.716535 0.692913 
vn 0 0.716535 0.692913 
vn 0 0.716535 0.692913 
vn 0 0.716535 0.692913 
vn 0 0.716535 0.692913 
vn 0 0.716535 0.692913 
vn 0 0.716535 0.692913 
vn 0 0.716535 0.692913 
vn 0 0.716535 0.692913 
vn 0 0.716535 0.692913 
vn 0 0.716535 0.692913 
vn 0 0.716535 0.692913 
vn 0 0.716535 0.692913 
vn 0 0.716535 0.692913 
vn 0 0.716535 0.692913 
vn 0 0.716535 0.692913 
vn 0 0.716535 0.692913 
vn 0 0.716535 0.692913 
vn 0 0.716535 0.692913 
vn 0 0.716535 0.692913 
vn 0 0.716535 0.692913 
vn 0 0.716535 0.692913 
vn 0 0.716535 0.692913 
vn 0 0.716535 0.692913 
vn 0 0.716535 0.692913 
vn 0 0.716535 0.692913 
vn 0 0.716535 0.692913 
vn 0 0.716535 0.692913 
vn 0 0.716535 0.692913 
vn 0 0.716535 0.692913 
vn 0 0.716535 0.692913 
vn 0 0.716535 0.692913 
vn 0 0.716535 0.692913 
vn 0 0.716535 0.692913 
vn 0 0.716535 0.692913 
vn 0 0.716535 0.692913 
vn 0 0.716535 0.692913 
vn 0 0.716535 0.692913 
vn 0 0.716535 0.692913 
vn 0 0.716535 0.692913 
vn 0 0.716535 0.692913 
vn 0 0.716535 0.692913 
vn 0 0.716535 0.692913 
vn 0 0.716535 0.692913 
vn 0 0.716535 0.692913 
vn 0 0.716535 0.692913 
vn 0 0.716535 0.692913 
vn 0 0.716535 0.692913 
vn 0 0.716535 0.692913 
vn 0 0.716535 0.692913 
vn 0 0.716535 0.692913 
vn 0 0.716535 0.692913 
vn 0 0.716535 0.692913 
vn 0 0.716535 0.692913 
vn 0 0.716535 0.692913 
vn 0 0.716535 0.692913 
vn 0 0.716535 0.692913 
vn 0 0.716535 0.692913 
vn 0 0.716535 0.692913 
vn 0 0.716535 0.692913 
vn 0 0.708661 0.700787 
vn 0 0.716535 0.692913 
vn 0 0.716535 0.692913 
vn 0 0.716535 0.692913 
vn 0 0.716535 0.692913 
vn 0 0.716535 0.692913 
vn 0 0.716535 0.692913 
vn 0 0.716535 0.692913 
vn 0 0.716535 0.692913 
vn 0 0.716535 0.692913 
vn 0 0.716535 0.692913 
vn 0 0.716535 0.692913 
vn 0 0.716535 0.692913 
vn 0 0.716535 0.692913 
vn 0 0.716535 0.692913 
vn 0 0.716535 0.692913 
vn 0 0.716535 0.692913 
vn 0 0.716535 0.692913 
vn 0 0.716535 0.692913 
vn 0 0.716535 0.692913 
vn 0 0.716535 0.692913 
vn 0 0.716535 0.692913 
vn 0 0.716535 0.692913 
vn 0 0.716535 0.692913 
vn 0 0.716535 0.692913 
vn 0 0.716535 0.692913 
vn 0 0.716535 0.692913 
vn 0 0.716535 0.692913 
vn 0 0.716535 0.692913 
vn 0 0.716535 0.692913 
vn 0 0.716535 0.692913 
vn 0 0.716535 0.692913 
vn 0 0.716535 0.692913 
vn 0 0.716535 0.692913 
vn 0 0.716535 0.692913 
vn 0 0.716535 0.692913 
vn 0 0.716535 0.692913 
vn 0 0.716535 0.692913 
vn 0 0.716535 0.692913 
vn 0 0.716535 0.692913 
vn 0 0.716535 0.692913 
vn 0 0.716535 0.692913 
vn 0 0.716535 0.692913 
vn 0 0.716535 0.692913 
vn 0 0.716535 0.692913 
vn 0 0.716535 0.692913 
vn 0 0.716535 0.692913 
vn 0 0.716535 0.692913 
vn 0 0.716535 0.692913 
vn 0 0.716535 0.692913 
vn 0 0.716535 0.692913 
vn 0 0.716535 0.692913 
vn 0 0.716535 0.692913 
vn 0 0.716535 0.692913 
vn 0 0.716535 0.692913 
vn 0 0.716535 0.692913 
vn 0 0.716535 0.692913 
vn 0 0.716535 0.692913 
vn 0 0.716535 0.692913 
vn 0 0.716535 0.692913 
vn 0 0.716535 0.692913 
vn 0 0.716535 0.692913 
vn 0 0.716535 0.692913 
vn 0 0.716535 0.692913 
vn 0 0.716535 0.692913 
vn 0 0.716535 0.692913 
vn 0 0.716535 0.692913 
vn 0 0.716535 0.692913 
vn 0 0.716535 0.692913 
vn 0 0.716535 0.692913 
vn 0 0.716535 0.692913 
vn 0 0.716535 0.692913 
vn 0 0.716535 0.692913 
vn 0 0.716535 0.692913 
vn 0 0.716535 0.692913 
vn 0 0.716535 0.692913 
vn 0 0.716535 0.692913 
vn 0 0.716535 0.692913 
vn 0 0.716535 0.692913 
vn 0 0.716535 0.692913 
vn 0 0.716535 0.692913 
vn 0 0.716535 0.692913 
vn 0 0.716535 0.692913 
vn 0 0.716535 0.692913 
vn 0 0.716535 0.692913 
vn 0 0.716535 0.692913 
vn 0 0.716535 0.692913 
vn 0 0.716535 0.692913 
vn 0 0.716535 0.692913 
vn 0 0.716535 0.692913 
vn 0 0.716535 0.692913 
vn 0 0.716535 0.692913 
vn 0 0.716535 0.692913 
vn 0 0.716535 0.692913 
vn 0 0.716535 0.692913 
vn 0 0.716535 0.692913 
vn 0 0.716535 0.692913 
vn 0 0.716535 0.692913 
vn 0 0.716535 0.692913 

vt 0.763119 0.495012 
vt 0.763091 0.495142 
vt 0.763144 0.495181 
vt 0.763119 0.495012 
vt 0.763144 0.495181 
vt 0.763091 0.495142 
vt 0.631471 0.711721 
vt 0.630692 0.706527 
vt 0.63615 0.711083 
vt 0.639321 0.713729 
vt 0.631471 0.711721 
vt 0.63615 0.711083 
vt 0.631471 0.711721 
vt 0.63615 0.711083 
vt 0.630692 0.706527 
vt 0.639321 0.713729 
vt 0.63615 0.711083 
vt 0.631471 0.711721 
vt 0.519396 0.729649 
vt 0.522305 0.72537 
vt 0.525945 0.727453 
vt 0.519396 0.729649 
vt 0.525945 0.727453 
vt 0.522305 0.72537 
vt 0.530726 0.725849 
vt 0.525945 0.727453 
vt 0.526584 0.721947 
vt 0.522305 0.72537 
vt 0.530726 0.725849 
vt 0.526584 0.721947 
vt 0.525945 0.727453 
vt 0.522305 0.72537 
vt 0.526584 0.721947 
vt 0.535056 0.717839 
vt 0.530726 0.725849 
vt 0.538406 0.723274 
vt 0.526584 0.721947 
vt 0.530726 0.725849 
vt 0.535056 0.717839 
vt 0.538406 0.723274 
vt 0.620637 0.710805 
vt 0.629836 0.71052 
vt 0.624125 0.712363 
vt 0.631471 0.711721 
vt 0.525945 0.727453 
vt 0.527491 0.728506 
vt 0.519396 0.729649 
vt 0.629836 0.71052 
vt 0.620637 0.710805 
vt 0.624125 0.712363 
vt 0.631471 0.711721 
vt 0.525945 0.727453 
vt 0.519396 0.729649 
vt 0.527491 0.728506 
vt 0.616282 0.71086 
vt 0.607581 0.713647 
vt 0.599464 0.711454 
vt 0.616282 0.71086 
vt 0.599464 0.711454 
vt 0.607581 0.713647 
vt 0.616282 0.71086 
vt 0.624125 0.712363 
vt 0.607581 0.713647 
vt 0.620637 0.710805 
vt 0.624125 0.712363 
vt 0.616282 0.71086 
vt 0.607581 0.713647 
vt 0.620637 0.710805 
vt 0.599464 0.711454 
vt 0.589966 0.714859 
vt 0.589708 0.711302 
vt 0.607581 0.713647 
vt 0.599464 0.711454 
vt 0.589708 0.711302 
vt 0.589966 0.714859 
vt 0.607581 0.713647 
vt 0.589966 0.714859 
vt 0.579727 0.711842 
vt 0.589708 0.711302 
vt 0.589966 0.714859 
vt 0.589708 0.711302 
vt 0.579727 0.711842 
vt 0.535056 0.717839 
vt 0.547293 0.715614 
vt 0.538406 0.723274 
vt 0.555094 0.719637 
vt 0.547293 0.715614 
vt 0.535056 0.717839 
vt 0.538406 0.723274 
vt 0.555094 0.719637 
vt 0.589966 0.714859 
vt 0.555094 0.719637 
vt 0.565436 0.71356 
vt 0.579727 0.711842 
vt 0.555094 0.719637 
vt 0.589966 0.714859 
vt 0.565436 0.71356 
vt 0.579727 0.711842 
vt 0.555094 0.719637 
vt 0.547293 0.715614 
vt 0.565436 0.71356 
vt 0.555094 0.719637 
vt 0.565436 0.71356 
vt 0.547293 0.715614 
vt 0.555094 0.719637 
vt 0.589091 0.718552 
vt 0.554839 0.724006 
vt 0.589966 0.714859 
vt 0.555094 0.719637 
vt 0.589091 0.718552 
vt 0.589966 0.714859 
vt 0.554839 0.724006 
vt 0.589966 0.714859 
vt 0.606469 0.715785 
vt 0.589091 0.718552 
vt 0.607581 0.713647 
vt 0.589966 0.714859 
vt 0.606469 0.715785 
vt 0.607581 0.713647 
vt 0.589091 0.718552 
vt 0.554839 0.724006 
vt 0.539231 0.726491 
vt 0.538406 0.723274 
vt 0.555094 0.719637 
vt 0.539231 0.726491 
vt 0.554839 0.724006 
vt 0.538406 0.723274 
vt 0.555094 0.719637 
vt 0.623846 0.713943 
vt 0.607581 0.713647 
vt 0.624125 0.712363 
vt 0.606469 0.715785 
vt 0.607581 0.713647 
vt 0.623846 0.713943 
vt 0.624125 0.712363 
vt 0.606469 0.715785 
vt 0.759947 0.495697 
vt 0.76013 0.495555 
vt 0.759881 0.495638 
vt 0.760157 0.495659 
vt 0.76013 0.495555 
vt 0.759947 0.495697 
vt 0.759881 0.495638 
vt 0.760157 0.495659 
vt 0.759777 0.495724 
vt 0.759881 0.495638 
vt 0.759726 0.49569 
vt 0.759947 0.495697 
vt 0.759777 0.495724 
vt 0.759726 0.49569 
vt 0.759881 0.495638 
vt 0.759947 0.495697 
vt 0.763144 0.495181 
vt 0.762906 0.495201 
vt 0.762897 0.495253 
vt 0.763398 0.495246 
vt 0.763144 0.495181 
vt 0.762897 0.495253 
vt 0.762906 0.495201 
vt 0.763398 0.495246 
vt 0.538406 0.723274 
vt 0.532767 0.727666 
vt 0.530726 0.725849 
vt 0.539231 0.726491 
vt 0.525945 0.727453 
vt 0.530726 0.725849 
vt 0.527491 0.728506 
vt 0.532767 0.727666 
vt 0.532767 0.727666 
vt 0.538406 0.723274 
vt 0.530726 0.725849 
vt 0.539231 0.726491 
vt 0.527491 0.728506 
vt 0.530726 0.725849 
vt 0.525945 0.727453 
vt 0.532767 0.727666 
vt 0.631471 0.711721 
vt 0.624125 0.712363 
vt 0.623846 0.713943 
vt 0.639321 0.713729 
vt 0.631471 0.711721 
vt 0.623846 0.713943 
vt 0.624125 0.712363 
vt 0.639321 0.713729 
vt 0.76237 0.495243 
vt 0.762897 0.495253 
vt 0.762906 0.495201 
vt 0.762334 0.495312 
vt 0.76237 0.495243 
vt 0.762897 0.495253 
vt 0.762334 0.495312 
vt 0.762906 0.495201 
vt 0.760157 0.495659 
vt 0.760662 0.495578 
vt 0.76013 0.495555 
vt 0.76067 0.495437 
vt 0.760662 0.495578 
vt 0.760157 0.495659 
vt 0.76013 0.495555 
vt 0.76067 0.495437 
vt 0.7618 0.495282 
vt 0.762334 0.495312 
vt 0.76237 0.495243 
vt 0.761772 0.495402 
vt 0.7618 0.495282 
vt 0.762334 0.495312 
vt 0.761772 0.495402 
vt 0.76237 0.495243 
vt 0.76067 0.495437 
vt 0.761772 0.495402 
vt 0.7618 0.495282 
vt 0.760662 0.495578 
vt 0.76067 0.495437 
vt 0.761772 0.495402 
vt 0.760662 0.495578 
vt 0.7618 0.495282 
vt 0.76067 0.495437 
vt 0.760418 0.495307 
vt 0.761005 0.49524 
vt 0.76067 0.495437 
vt 0.761005 0.49524 
vt 0.760418 0.495307 
vt 0.76067 0.495437 
vt 0.7618 0.495282 
vt 0.761005 0.49524 
vt 0.761468 0.495185 
vt 0.7618 0.495282 
vt 0.76067 0.495437 
vt 0.761005 0.49524 
vt 0.761468 0.495185 
vt 0.760418 0.495307 
vt 0.760022 0.495379 
vt 0.76013 0.495555 
vt 0.76067 0.495437 
vt 0.760022 0.495379 
vt 0.760418 0.495307 
vt 0.76013 0.495555 
vt 0.76067 0.495437 
vt 0.7618 0.495282 
vt 0.761792 0.495167 
vt 0.761468 0.495185 
vt 0.7618 0.495282 
vt 0.761468 0.495185 
vt 0.761792 0.495167 
vt 0.762906 0.495201 
vt 0.762652 0.495153 
vt 0.76237 0.495243 
vt 0.762793 0.495151 
vt 0.762652 0.495153 
vt 0.762906 0.495201 
vt 0.76237 0.495243 
vt 0.762793 0.495151 
vt 0.762107 0.495172 
vt 0.761792 0.495167 
vt 0.7618 0.495282 
vt 0.76237 0.495243 
vt 0.762107 0.495172 
vt 0.7618 0.495282 
vt 0.761792 0.495167 
vt 0.76237 0.495243 
vt 0.762652 0.495153 
vt 0.76237 0.495243 
vt 0.762107 0.495172 
vt 0.762652 0.495153 
vt 0.762107 0.495172 
vt 0.76237 0.495243 
vt 0.762793 0.495151 
vt 0.763091 0.495142 
vt 0.762906 0.495201 
vt 0.763144 0.495181 
vt 0.763091 0.495142 
vt 0.762793 0.495151 
vt 0.762906 0.495201 
vt 0.763144 0.495181 
vt 0.759747 0.495512 
vt 0.760022 0.495379 
vt 0.759881 0.495638 
vt 0.76013 0.495555 
vt 0.759747 0.495512 
vt 0.759881 0.495638 
vt 0.760022 0.495379 
vt 0.76013 0.495555 
vt 0.759726 0.49569 
vt 0.759514 0.495761 
vt 0.759777 0.495724 
vt 0.759726 0.49569 
vt 0.759777 0.495724 
vt 0.759514 0.495761 
vt 0.759726 0.49569 
vt 0.759609 0.495623 
vt 0.759747 0.495512 
vt 0.759881 0.495638 
vt 0.759881 0.495638 
vt 0.759747 0.495512 
vt 0.759726 0.49569 
vt 0.759609 0.495623 
vt 0.759514 0.495761 
vt 0.759609 0.495623 
vt 0.759726 0.49569 
vt 0.759514 0.495761 
vt 0.759726 0.49569 
vt 0.759609 0.495623 
vt 0.763144 0.495181 
vt 0.763119 0.495012 
vt 0.763296 0.49516 
vt 0.763144 0.495181 
vt 0.763296 0.49516 
vt 0.763119 0.495012 
vt 0.763398 0.495246 
vt 0.763144 0.495181 
vt 0.763296 0.49516 
vt 0.763398 0.495246 
vt 0.763296 0.49516 
vt 0.763144 0.495181 
vt 0.630692 0.706527 
vt 0.629836 0.71052 
vt 0.631471 0.711721 
vt 0.630692 0.706527 
vt 0.631471 0.711721 
vt 0.629836 0.71052 

usemtl Handle1Mtl

f 1/1/1 2/2/2 3/3/3 
f 4/4/4 5/5/5 6/6/6 
f 7/7/7 8/8/8 9/9/9 
f 10/10/10 11/11/11 12/12/12 
f 13/13/13 14/14/14 15/15/15 
f 16/16/16 17/17/17 18/18/18 
f 19/19/19 20/20/20 21/21/21 
f 22/22/22 23/23/23 24/24/24 
f 25/25/25 26/26/26 27/27/27 
f 26/26/26 28/28/28 27/27/27 
f 29/29/29 30/30/30 31/31/31 
f 31/31/31 30/30/30 32/32/32 
f 33/33/33 34/34/34 35/35/35 
f 35/35/35 34/34/34 36/36/36 
f 37/37/37 38/38/38 39/39/39 
f 38/38/38 40/40/40 39/39/39 
f 41/41/41 42/42/42 43/43/43 
f 44/44/44 43/43/43 42/42/42 
f 45/45/45 46/46/46 47/47/47 
f 48/48/48 49/49/49 50/50/50 
f 50/50/50 51/51/51 48/48/48 
f 52/52/52 53/53/53 54/54/54 
f 55/55/55 56/56/56 57/57/57 
f 58/58/58 59/59/59 60/60/60 
f 61/61/61 62/62/62 63/63/63 
f 62/62/62 61/61/61 64/64/64 
f 65/65/65 66/66/66 67/67/67 
f 66/66/66 65/65/65 68/68/68 
f 69/69/69 70/70/70 71/71/71 
f 72/72/72 70/70/70 69/69/69 
f 73/73/73 74/74/74 75/75/75 
f 75/75/75 76/76/76 73/73/73 
f 77/77/77 78/78/78 79/79/79 
f 80/80/80 81/81/81 82/82/82 
f 83/83/83 84/84/84 85/85/85 
f 86/86/86 85/85/85 84/84/84 
f 87/87/87 88/88/88 89/89/89 
f 89/89/89 90/90/90 87/87/87 
f 91/91/91 92/92/92 93/93/93 
f 91/91/91 93/93/93 94/94/94 
f 95/95/95 96/96/96 97/97/97 
f 97/97/97 96/96/96 98/98/98 
f 99/99/99 100/100/100 101/101/101 
f 102/102/102 103/103/103 104/104/104 
f 105/105/105 106/106/106 107/107/107 
f 106/106/106 105/105/105 108/108/108 
f 109/109/109 110/110/110 111/111/111 
f 110/110/110 109/109/109 112/112/112 
f 113/113/113 114/114/114 115/115/115 
f 114/114/114 113/113/113 116/116/116 
f 117/117/117 118/118/118 119/119/119 
f 118/118/118 117/117/117 120/120/120 
f 121/121/121 122/122/122 123/123/123 
f 123/123/123 124/124/124 121/121/121 
f 125/125/125 126/126/126 127/127/127 
f 128/128/128 127/127/127 126/126/126 
f 129/129/129 130/130/130 131/131/131 
f 130/130/130 129/129/129 132/132/132 
f 133/133/133 134/134/134 135/135/135 
f 134/134/134 133/133/133 136/136/136 
f 137/137/137 138/138/138 139/139/139 
f 138/138/138 137/137/137 140/140/140 
f 141/141/141 142/142/142 143/143/143 
f 142/142/142 141/141/141 144/144/144 
f 145/145/145 146/146/146 147/147/147 
f 146/146/146 145/145/145 148/148/148 
f 149/149/149 150/150/150 151/151/151 
f 151/151/151 152/152/152 149/149/149 
f 153/153/153 154/154/154 155/155/155 
f 155/155/155 156/156/156 153/153/153 
f 157/157/157 158/158/158 159/159/159 
f 160/160/160 158/158/158 157/157/157 
f 161/161/161 162/162/162 163/163/163 
f 162/162/162 161/161/161 164/164/164 
f 165/165/165 166/166/166 167/167/167 
f 166/166/166 168/168/168 167/167/167 
f 169/169/169 170/170/170 171/171/171 
f 170/170/170 169/169/169 172/172/172 
f 173/173/173 174/174/174 175/175/175 
f 173/173/173 176/176/176 174/174/174 
f 177/177/177 178/178/178 179/179/179 
f 179/179/179 180/180/180 177/177/177 
f 181/181/181 182/182/182 183/183/183 
f 184/184/184 182/182/182 181/181/181 
f 185/185/185 186/186/186 187/187/187 
f 186/186/186 185/185/185 188/188/188 
f 189/189/189 190/190/190 191/191/191 
f 190/190/190 189/189/189 192/192/192 
f 193/193/193 194/194/194 195/195/195 
f 196/196/196 195/195/195 194/194/194 
f 197/197/197 198/198/198 199/199/199 
f 199/199/199 200/200/200 197/197/197 
f 201/201/201 202/202/202 203/203/203 
f 202/202/202 201/201/201 204/204/204 
f 205/205/205 206/206/206 207/207/207 
f 206/206/206 205/205/205 208/208/208 
f 209/209/209 210/210/210 211/211/211 
f 210/210/210 209/209/209 212/212/212 
f 213/213/213 214/214/214 215/215/215 
f 214/214/214 213/213/213 216/216/216 
f 217/217/217 218/218/218 219/219/219 
f 220/220/220 221/221/221 222/222/222 
f 223/223/223 224/224/224 225/225/225 
f 225/225/225 224/224/224 226/226/226 
f 227/227/227 228/228/228 229/229/229 
f 227/227/227 229/229/229 230/230/230 
f 231/231/231 232/232/232 233/233/233 
f 233/233/233 234/234/234 231/231/231 
f 235/235/235 236/236/236 237/237/237 
f 238/238/238 237/237/237 236/236/236 
f 239/239/239 240/240/240 241/241/241 
f 242/242/242 243/243/243 244/244/244 
f 245/245/245 246/246/246 247/247/247 
f 246/246/246 245/245/245 248/248/248 
f 249/249/249 250/250/250 251/251/251 
f 250/250/250 249/249/249 252/252/252 
f 253/253/253 254/254/254 255/255/255 
f 255/255/255 256/256/256 253/253/253 
f 257/257/257 258/258/258 259/259/259 
f 260/260/260 258/258/258 257/257/257 
f 261/261/261 262/262/262 263/263/263 
f 264/264/264 265/265/265 266/266/266 
f 267/267/267 268/268/268 269/269/269 
f 269/269/269 268/268/268 270/270/270 
f 271/271/271 272/272/272 273/273/273 
f 273/273/273 274/274/274 271/271/271 
f 275/275/275 276/276/276 277/277/277 
f 277/277/277 276/276/276 278/278/278 
f 279/279/279 280/280/280 281/281/281 
f 280/280/280 282/282/282 281/281/281 
f 283/283/283 284/284/284 285/285/285 
f 286/286/286 287/287/287 288/288/288 
f 289/289/289 290/290/290 291/291/291 
f 289/289/289 291/291/291 292/292/292 
f 293/293/293 294/294/294 295/295/295 
f 295/295/295 294/294/294 296/296/296 
f 297/297/297 298/298/298 299/299/299 
f 300/300/300 301/301/301 302/302/302 
f 303/303/303 304/304/304 305/305/305 
f 306/306/306 307/307/307 308/308/308 
f 309/309/309 310/310/310 311/311/311 
f 312/312/312 313/313/313 314/314/314 
f 315/315/315 316/316/316 317/317/317 
f 318/318/318 319/319/319 320/320/320 

g Handle2

v -202.054 3.94525 -223.026 
v -202.945 2.05475 -223.026 
v -202.054 2.05475 -223.026 
v -201.973 2.05475 -222.945 
v -201.973 3.94525 -222.945 
v -202.945 3.94525 -223.026 
v -203.026 3.94525 -222.945 
v -203.026 2.05475 -222.945 
v -203.026 3.94525 -222.055 
v -203.026 2.05475 -222.945 
v -203.026 2.05475 -222.055 
v -202.945 3.94525 -221.974 
v -202.945 2.05475 -221.974 
v -202.054 2.05475 -221.974 
v -202.054 3.94525 -221.974 
v -202.054 2.05475 -221.974 
v -201.973 3.94525 -222.055 
v -201.973 2.05475 -222.055 
v -201.973 3.94525 -222.945 
v -201.973 2.05475 -222.945 
v -201.973 2.05475 -222.055 
v -201.973 3.94525 -222.945 
v -202.054 1.97373 -222.945 
v -202.945 1.97373 -222.055 
v -202.054 1.97373 -222.055 
v -202.945 1.97373 -222.945 
v -202.945 4.02627 -222.945 
v -202.054 4.02627 -222.055 
v -202.945 4.02627 -222.055 
v -202.054 4.02627 -222.945 
v -202.054 3.94525 -223.026 
v -201.973 3.94525 -222.945 
v -202.054 4.02627 -222.945 
v -202.945 3.94525 -223.026 
v -202.945 4.02627 -222.945 
v -203.026 3.94525 -222.945 
v -202.054 2.05475 -223.026 
v -202.054 1.97373 -222.945 
v -201.973 2.05475 -222.945 
v -202.945 1.97373 -222.945 
v -202.945 2.05475 -223.026 
v -203.026 2.05475 -222.945 
v -202.054 4.02627 -222.055 
v -201.973 3.94525 -222.055 
v -202.054 3.94525 -221.974 
v -202.945 4.02627 -222.055 
v -202.945 3.94525 -221.974 
v -203.026 3.94525 -222.055 
v -201.973 2.05475 -222.055 
v -202.054 1.97373 -222.055 
v -202.054 2.05475 -221.974 
v -202.945 2.05475 -221.974 
v -202.945 1.97373 -222.055 
v -203.026 2.05475 -222.055 
v -202.054 4.02627 -222.945 
v -201.973 3.94525 -222.055 
v -202.054 4.02627 -222.055 
v -201.973 3.94525 -222.945 
v -201.973 2.05475 -222.945 
v -202.054 1.97373 -222.055 
v -201.973 2.05475 -222.055 
v -202.054 1.97373 -222.945 
v -202.945 1.97373 -222.945 
v -203.026 2.05475 -222.055 
v -202.945 1.97373 -222.055 
v -203.026 2.05475 -222.945 
v -203.026 3.94525 -222.945 
v -202.945 4.02627 -222.055 
v -203.026 3.94525 -222.055 
v -202.945 4.02627 -222.945 

vn 0.00787402 1 0 
vn 0 1 0 
vn 0 1 0 
vn 0 1 0 
vn 0 1 0 
vn 0 1 0 
vn 0 1 0 
vn 0 1 0 
vn 0 1 0 
vn 0 1 0 
vn 0 1 0 
vn 0 1 0 
vn 0 1 0 
vn 0 1 0 
vn 0 1 0 
vn 0 1 0 
vn 0 1 0 
vn 0 1 0 
vn 0 1 0 
vn 0 1 0 
vn 0 1 0 
vn 0 1 0 
vn 0 1 0 
vn 0 1 0 
vn 0 1 0 
vn 0 1 0 
vn 0.354331 -0.464567 0.811024 
vn -0.811024 -0.464567 -0.354331 
vn 0.393701 -0.787402 0.472441 
vn -0.905512 -0.275591 0.330709 
vn 0.00787402 1 0 
vn 0 1 0 
vn 0 1 0 
vn 0 1 0 
vn 0 1 0 
vn 0 1 0 
vn 0 1 0 
vn 0 1 0 
vn 0 1 0 
vn 0 1 0 
vn 0 1 0 
vn 0 1 0 
vn 0 1 0 
vn 0 1 0 
vn 0 1 0 
vn 0 1 0 
vn 0 1 0 
vn 0 1 0 
vn 0 1 0 
vn 0 1 0 
vn 0 1 0 
vn 0 1 0 
vn 0 1 0 
vn 0 1 0 
vn 0 1 0 
vn 0 1 0 
vn 0 1 0 
vn 0 1 0 
vn 0 1 0 
vn 0 1 0 
vn 0 1 0 
vn 0 1 0 
vn 0 1 0 
vn 0 1 0 
vn 0 1 0 
vn 0 1 0 
vn 0 1 0 
vn 0 1 0 
vn 0 1 0 
vn 0 1 0 

vt 0.262207 0.871094 
vt 0.171387 0.753906 
vt 0.171387 0.871094 
vt 0.171387 0.878906 
vt 0.262207 0.878906 
vt 0.262207 0.753906 
vt 0.262207 0.746094 
vt 0.171387 0.746094 
vt 0.262207 0.628906 
vt 0.171387 0.746094 
vt 0.171387 0.628906 
vt 0.262207 0.621094 
vt 0.171387 0.621094 
vt 0.171387 0.503906 
vt 0.262207 0.503906 
vt 0.171387 0.503906 
vt 0.262207 0.496094 
vt 0.171387 0.496094 
vt 0.262207 0.378906 
vt 0.171387 0.878906 
vt 0.171387 0.496094 
vt 0.262207 0.878906 
vt 0.602051 0.238281 
vt 0.558106 0.355469 
vt 0.602051 0.355469 
vt 0.558106 0.238281 
vt 0.663574 0.355469 
vt 0.707519 0.238281 
vt 0.663574 0.238281 
vt 0.707519 0.355469 
vt 0.262207 0.871094 
vt 0.262207 0.878906 
vt 0.265137 0.871094 
vt 0.262207 0.753906 
vt 0.265137 0.753906 
vt 0.262207 0.746094 
vt 0.171387 0.871094 
vt 0.168457 0.871094 
vt 0.171387 0.878906 
vt 0.168457 0.753906 
vt 0.171387 0.753906 
vt 0.171387 0.746094 
vt 0.265137 0.503906 
vt 0.262207 0.496094 
vt 0.262207 0.503906 
vt 0.265137 0.621094 
vt 0.262207 0.621094 
vt 0.262207 0.628906 
vt 0.171387 0.496094 
vt 0.168457 0.503906 
vt 0.171387 0.503906 
vt 0.171387 0.621094 
vt 0.168457 0.621094 
vt 0.171387 0.628906 
vt 0.265137 0.378906 
vt 0.262207 0.496094 
vt 0.265137 0.496094 
vt 0.262207 0.378906 
vt 0.171387 0.378906 
vt 0.168457 0.496094 
vt 0.171387 0.496094 
vt 0.168457 0.378906 
vt 0.168457 0.746094 
vt 0.171387 0.628906 
vt 0.168457 0.628906 
vt 0.171387 0.746094 
vt 0.262207 0.746094 
vt 0.265137 0.628906 
vt 0.262207 0.628906 
vt 0.265137 0.746094 

usemtl Handle2Mtl

f 321/321/321 322/322/322 323/323/323 
f 321/321/321 323/323/323 324/324/324 
f 321/321/321 324/324/324 325/325/325 
f 321/321/321 326/326/326 322/322/322 
f 322/322/322 326/326/326 327/327/327 
f 322/322/322 327/327/327 328/328/328 
f 328/328/328 327/327/327 329/329/329 
f 330/330/330 329/329/329 331/331/331 
f 331/331/331 329/329/329 332/332/332 
f 331/331/331 332/332/332 333/333/333 
f 332/332/332 334/334/334 333/333/333 
f 332/332/332 335/335/335 336/336/336 
f 337/337/337 336/336/336 335/335/335 
f 337/337/337 338/338/338 334/334/334 
f 337/337/337 339/339/339 338/338/338 
f 340/340/340 341/341/341 342/342/342 
f 343/343/343 344/344/344 345/345/345 
f 343/343/343 346/346/346 344/344/344 
f 347/347/347 348/348/348 349/349/349 
f 347/347/347 350/350/350 348/348/348 
f 351/351/351 352/352/352 353/353/353 
f 354/354/354 351/351/351 353/353/353 
f 354/354/354 353/353/353 355/355/355 
f 354/354/354 355/355/355 356/356/356 
f 357/357/357 358/358/358 359/359/359 
f 357/357/357 360/360/360 358/358/358 
f 357/357/357 361/361/361 360/360/360 
f 361/361/361 362/362/362 360/360/360 
f 363/363/363 364/364/364 365/365/365 
f 366/366/366 363/363/363 365/365/365 
f 366/366/366 365/365/365 367/367/367 
f 368/368/368 366/366/366 367/367/367 
f 369/369/369 370/370/370 371/371/371 
f 370/370/370 372/372/372 371/371/371 
f 370/370/370 373/373/373 372/372/372 
f 373/373/373 374/374/374 372/372/372 
f 375/375/375 376/376/376 377/377/377 
f 375/375/375 378/378/378 376/376/376 
f 379/379/379 380/380/380 381/381/381 
f 379/379/379 382/382/382 380/380/380 
f 383/383/383 384/384/384 385/385/385 
f 383/383/383 386/386/386 384/384/384 
f 387/387/387 388/388/388 389/389/389 
f 387/387/387 390/390/390 388/388/388 

g Handle3

v -201.054 1.94525 -223.026 
v -201.945 0.0547521 -223.026 
v -201.054 0.0547521 -223.026 
v -200.973 0.0547531 -222.945 
v -200.973 1.94525 -222.945 
v -201.945 1.94525 -223.026 
v -202.026 1.94525 -222.945 
v -202.026 0.0547521 -222.945 
v -202.026 1.94525 -222.055 
v -202.026 0.0547521 -222.945 
v -202.026 0.0547531 -222.055 
v -201.945 1.94525 -221.974 
v -201.945 0.0547531 -221.974 
v -201.054 0.0547521 -221.974 
v -201.054 1.94525 -221.974 
v -201.054 0.0547521 -221.974 
v -200.973 1.94525 -222.055 
v -200.973 0.0547521 -222.055 
v -200.973 1.94525 -222.945 
v -200.973 0.0547531 -222.945 
v -200.973 0.0547521 -222.055 
v -200.973 1.94525 -222.945 
v -201.054 -0.026268 -222.945 
v -201.945 -0.026268 -222.055 
v -201.054 -0.0262671 -222.055 
v -201.945 -0.0262671 -222.945 
v -201.945 2.02627 -222.945 
v -201.054 2.02627 -222.055 
v -201.945 2.02627 -222.055 
v -201.054 2.02627 -222.945 
v -201.054 1.94525 -223.026 
v -200.973 1.94525 -222.945 
v -201.054 2.02627 -222.945 
v -201.945 1.94525 -223.026 
v -201.945 2.02627 -222.945 
v -202.026 1.94525 -222.945 
v -201.054 0.0547521 -223.026 
v -201.054 -0.026268 -222.945 
v -200.973 0.0547531 -222.945 
v -201.945 -0.0262671 -222.945 
v -201.945 0.0547521 -223.026 
v -202.026 0.0547521 -222.945 
v -201.054 2.02627 -222.055 
v -200.973 1.94525 -222.055 
v -201.054 1.94525 -221.974 
v -201.945 2.02627 -222.055 
v -201.945 1.94525 -221.974 
v -202.026 1.94525 -222.055 
v -200.973 0.0547521 -222.055 
v -201.054 -0.0262671 -222.055 
v -201.054 0.0547521 -221.974 
v -201.945 0.0547531 -221.974 
v -201.945 -0.026268 -222.055 
v -202.026 0.0547531 -222.055 
v -201.054 2.02627 -222.945 
v -200.973 1.94525 -222.055 
v -201.054 2.02627 -222.055 
v -200.973 1.94525 -222.945 
v -200.973 0.0547531 -222.945 
v -201.054 -0.0262671 -222.055 
v -200.973 0.0547521 -222.055 
v -201.054 -0.026268 -222.945 
v -201.945 -0.0262671 -222.945 
v -202.026 0.0547531 -222.055 
v -201.945 -0.026268 -222.055 
v -202.026 0.0547521 -222.945 
v -202.026 1.94525 -222.945 
v -201.945 2.02627 -222.055 
v -202.026 1.94525 -222.055 
v -201.945 2.02627 -222.945 

vn 0.00787402 1 0 
vn 0 1 0 
vn 0 1 0 
vn 0 1 0 
vn 0 1 0 
vn 0 1 0 
vn 0 1 0 
vn 0 1 0 
vn 0 1 0 
vn 0 1 0 
vn 0 1 0 
vn 0 1 0 
vn 0 1 0 
vn 0 1 0 
vn 0 1 0 
vn 0 1 0 
vn 0 1 0 
vn 0 1 0 
vn 0 1 0 
vn 0 1 0 
vn 0 1 0 
vn 0 1 0 
vn 0 1 0 
vn 0 1 0 
vn 0 1 0 
vn 0 1 0 
vn 0.354331 -0.464567 0.811024 
vn -0.811024 -0.464567 -0.354331 
vn 0.393701 -0.787402 0.472441 
vn -0.905512 -0.275591 0.330709 
vn 0.00787402 1 0 
vn 0 1 0 
vn 0 1 0 
vn 0 1 0 
vn 0 1 0 
vn 0 1 0 
vn 0 1 0 
vn 0 1 0 
vn 0 1 0 
vn 0 1 0 
vn 0 1 0 
vn 0 1 0 
vn 0 1 0 
vn 0 1 0 
vn 0 1 0 
vn 0 1 0 
vn 0 1 0 
vn 0 1 0 
vn 0 1 0 
vn 0 1 0 
vn 0 1 0 
vn 0 1 0 
vn 0 1 0 
vn 0 1 0 
vn 0 1 0 
vn 0 1 0 
vn 0 1 0 
vn 0 1 0 
vn 0 1 0 
vn 0 1 0 
vn 0 1 0 
vn 0 1 0 
vn 0 1 0 
vn 0 1 0 
vn 0 1 0 
vn 0 1 0 
vn 0 1 0 
vn 0 1 0 
vn 0 1 0 
vn 0 1 0 

vt 0.262207 0.871094 
vt 0.171387 0.753906 
vt 0.171387 0.871094 
vt 0.171387 0.878906 
vt 0.262207 0.878906 
vt 0.262207 0.753906 
vt 0.262207 0.746094 
vt 0.171387 0.746094 
vt 0.262207 0.628906 
vt 0.171387 0.746094 
vt 0.171387 0.628906 
vt 0.262207 0.621094 
vt 0.171387 0.621094 
vt 0.171387 0.503906 
vt 0.262207 0.503906 
vt 0.171387 0.503906 
vt 0.262207 0.496094 
vt 0.171387 0.496094 
vt 0.262207 0.378906 
vt 0.171387 0.878906 
vt 0.171387 0.496094 
vt 0.262207 0.878906 
vt 0.602051 0.238281 
vt 0.558106 0.355469 
vt 0.602051 0.355469 
vt 0.558106 0.238281 
vt 0.663574 0.355469 
vt 0.707519 0.238281 
vt 0.663574 0.238281 
vt 0.707519 0.355469 
vt 0.262207 0.871094 
vt 0.262207 0.878906 
vt 0.265137 0.871094 
vt 0.262207 0.753906 
vt 0.265137 0.753906 
vt 0.262207 0.746094 
vt 0.171387 0.871094 
vt 0.168457 0.871094 
vt 0.171387 0.878906 
vt 0.168457 0.753906 
vt 0.171387 0.753906 
vt 0.171387 0.746094 
vt 0.265137 0.503906 
vt 0.262207 0.496094 
vt 0.262207 0.503906 
vt 0.265137 0.621094 
vt 0.262207 0.621094 
vt 0.262207 0.628906 
vt 0.171387 0.496094 
vt 0.168457 0.503906 
vt 0.171387 0.503906 
vt 0.171387 0.621094 
vt 0.168457 0.621094 
vt 0.171387 0.628906 
vt 0.265137 0.378906 
vt 0.262207 0.496094 
vt 0.265137 0.496094 
vt 0.262207 0.378906 
vt 0.171387 0.378906 
vt 0.168457 0.496094 
vt 0.171387 0.496094 
vt 0.168457 0.378906 
vt 0.168457 0.746094 
vt 0.171387 0.628906 
vt 0.168457 0.628906 
vt 0.171387 0.746094 
vt 0.262207 0.746094 
vt 0.265137 0.628906 
vt 0.262207 0.628906 
vt 0.265137 0.746094 

usemtl Handle2Mtl

f 391/391/391 392/392/392 393/393/393 
f 391/391/391 393/393/393 394/394/394 
f 391/391/391 394/394/394 395/395/395 
f 391/391/391 396/396/396 392/392/392 
f 392/392/392 396/396/396 397/397/397 
f 392/392/392 397/397/397 398/398/398 
f 398/398/398 397/397/397 399/399/399 
f 400/400/400 399/399/399 401/401/401 
f 401/401/401 399/399/399 402/402/402 
f 401/401/401 402/402/402 403/403/403 
f 402/402/402 404/404/404 403/403/403 
f 402/402/402 405/405/405 406/406/406 
f 407/407/407 406/406/406 405/405/405 
f 407/407/407 408/408/408 404/404/404 
f 407/407/407 409/409/409 408/408/408 
f 410/410/410 411/411/411 412/412/412 
f 413/413/413 414/414/414 415/415/415 
f 413/413/413 416/416/416 414/414/414 
f 417/417/417 418/418/418 419/419/419 
f 417/417/417 420/420/420 418/418/418 
f 421/421/421 422/422/422 423/423/423 
f 424/424/424 421/421/421 423/423/423 
f 424/424/424 423/423/423 425/425/425 
f 424/424/424 425/425/425 426/426/426 
f 427/427/427 428/428/428 429/429/429 
f 427/427/427 430/430/430 428/428/428 
f 427/427/427 431/431/431 430/430/430 
f 431/431/431 432/432/432 430/430/430 
f 433/433/433 434/434/434 435/435/435 
f 436/436/436 433/433/433 435/435/435 
f 436/436/436 435/435/435 437/437/437 
f 438/438/438 436/436/436 437/437/437 
f 439/439/439 440/440/440 441/441/441 
f 440/440/440 442/442/442 441/441/441 
f 440/440/440 443/443/443 442/442/442 
f 443/443/443 444/444/444 442/442/442 
f 445/445/445 446/446/446 447/447/447 
f 445/445/445 448/448/448 446/446/446 
f 449/449/449 450/450/450 451/451/451 
f 449/449/449 452/452/452 450/450/450 
f 453/453/453 454/454/454 455/455/455 
f 453/453/453 456/456/456 454/454/454 
f 457/457/457 458/458/458 459/459/459 
f 457/457/457 460/460/460 458/458/458 

g Part1

v -199.767 2.86254 -222.505 
v -199.767 2.86254 -222.495 
v -199.767 2.85254 -222.505 
v -199.767 2.85254 -222.495 
v -199.777 2.86254 -222.495 
v -199.767 2.86254 -222.495 
v -199.777 2.86254 -222.505 
v -199.767 2.86254 -222.505 
v -199.767 2.86254 -222.495 
v -199.777 2.86254 -222.495 
v -199.767 2.85254 -222.495 
v -199.777 2.85254 -222.495 
v -199.777 2.86254 -222.495 
v -199.777 2.86254 -222.505 
v -199.777 2.85254 -222.495 
v -199.777 2.85254 -222.505 
v -199.777 2.85254 -222.505 
v -199.767 2.85254 -222.505 
v -199.777 2.85254 -222.495 
v -199.767 2.85254 -222.495 
v -199.777 2.86254 -222.505 
v -199.767 2.86254 -222.505 
v -199.777 2.85254 -222.505 
v -199.767 2.85254 -222.505 

vn 1 0 0 
vn 1 0 0 
vn 1 0 0 
vn 1 0 0 
vn 0 1 0 
vn 0 1 0 
vn 0 1 0 
vn 0 1 0 
vn 0 0 1 
vn 0 0 1 
vn 0 0 1 
vn 0 0 1 
vn -1 0 0 
vn -1 0 0 
vn -1 0 0 
vn -1 0 0 
vn 0 -1 0 
vn 0 -1 0 
vn 0 -1 0 
vn 0 -1 0 
vn 0 0 -1 
vn 0 0 -1 
vn 0 0 -1 
vn 0 0 -1 

vt 3.25125 -2.5 
vt 3.25 -2.5 
vt 3.25125 -2.50125 
vt 3.25 -2.50125 
vt 3.25125 -2.5 
vt 3.25 -2.5 
vt 3.25125 -2.50125 
vt 3.25 -2.50125 
vt 3.25125 -2.5 
vt 3.25 -2.5 
vt 3.25125 -2.50125 
vt 3.25 -2.50125 
vt 3.25125 -2.5 
vt 3.25 -2.5 
vt 3.25125 -2.50125 
vt 3.25 -2.50125 
vt 3.25125 -2.5 
vt 3.25 -2.5 
vt 3.25125 -2.50125 
vt 3.25 -2.50125 
vt 3.25125 -2.5 
vt 3.25 -2.5 
vt 3.25125 -2.50125 
vt 3.25 -2.50125 

usemtl Part1Mtl

f 461/461/461 462/462/462 463/463/463 
f 463/463/463 462/462/462 464/464/464 
f 465/465/465 466/466/466 467/467/467 
f 467/467/467 466/466/466 468/468/468 
f 469/469/469 470/470/470 471/471/471 
f 471/471/471 470/470/470 472/472/472 
f 473/473/473 474/474/474 475/475/475 
f 475/475/475 474/474/474 476/476/476 
f 477/477/477 478/478/478 479/479/479 
f 479/479/479 478/478/478 480/480/480 
f 481/481/481 482/482/482 483/483/483 
f 483/483/483 482/482/482 484/484/484 

g Handle4

v -199.908 3.76998 -221.944 
v -200.455 3.53593 -222.018 
v -200.629 3.67684 -221.944 
v -200.455 3.53356 -222.011 
v -200.629 3.67652 -221.937 
v -199.908 3.76903 -221.937 
v -199.916 3.49913 -222.02 
v -199.916 3.49692 -222.014 
v -199.581 3.76711 -221.944 
v -199.14 4.07482 -221.944 
v -199.581 3.76669 -221.937 
v -199.139 4.07919 -221.939 
v -198.819 3.83315 -221.938 
v -198.524 4.53574 -222.537 
v -199.127 4.07977 -223.048 
v -199.127 4.07555 -223.042 
v -198.817 3.83155 -223.045 
v -199.589 3.76711 -223.049 
v -199.917 3.77281 -223.067 
v -199.589 3.76688 -223.056 
v -199.916 3.77564 -223.074 
v -198.817 3.83354 -223.052 
v -201.545 3.53593 -222.018 
v -202.092 3.76998 -221.944 
v -201.371 3.67684 -221.944 
v -201.545 3.53356 -222.011 
v -201.371 3.67652 -221.937 
v -202.092 3.76903 -221.937 
v -202.084 3.49913 -222.02 
v -202.084 3.49692 -222.014 
v -202.419 3.76711 -221.944 
v -202.86 4.07482 -221.944 
v -202.419 3.76669 -221.937 
v -202.861 4.07919 -221.939 
v -203.181 3.83315 -221.938 
v -203.476 4.53574 -222.537 
v -202.873 4.07555 -223.042 
v -202.873 4.07977 -223.048 
v -203.183 3.83155 -223.045 
v -202.411 3.76711 -223.049 
v -202.083 3.77281 -223.067 
v -202.411 3.76688 -223.056 
v -202.084 3.77564 -223.074 
v -203.183 3.83354 -223.052 
v -199.917 3.77281 -223.067 
v -199.916 3.49913 -223.037 
v -199.589 3.76711 -223.049 
v -199.916 3.49908 -223.044 
v -199.589 3.76688 -223.056 
v -199.916 3.77564 -223.074 
v -198.817 3.83155 -223.045 
v -198.817 3.83354 -223.052 
v -202.083 3.77281 -223.067 
v -202.411 3.76711 -223.049 
v -202.084 3.49913 -223.037 
v -202.411 3.76688 -223.056 
v -202.084 3.49908 -223.044 
v -202.084 3.77564 -223.074 
v -203.183 3.83155 -223.045 
v -203.183 3.83354 -223.052 
v -199.589 3.76711 -223.049 
v -199.916 3.49913 -223.037 
v -199.916 3.49908 -223.044 
v -199.589 3.76688 -223.056 
v -198.817 3.83155 -223.045 
v -202.084 3.49913 -223.037 
v -202.411 3.76711 -223.049 
v -202.084 3.49908 -223.044 
v -203.183 3.83155 -223.045 
v -202.411 3.76688 -223.056 
v -199.402 4.14746 -222.69 
v -199.367 4.21899 -222.669 
v -198.712 4.16583 -222.533 
v -202.598 4.14746 -222.69 
v -203.288 4.16583 -222.533 
v -202.633 4.21899 -222.669 
v -199.344 4.25472 -222.533 
v -199.352 4.24282 -222.474 
v -198.712 4.16583 -222.533 
v -199.366 4.22003 -222.395 
v -198.712 4.16583 -222.533 
v -199.355 4.23806 -222.6 
v -198.712 4.16583 -222.533 
v -199.367 4.21899 -222.669 
v -199.355 4.23806 -222.6 
v -198.712 4.16583 -222.533 
v -202.633 4.21899 -222.669 
v -203.288 4.16583 -222.533 
v -202.645 4.23806 -222.6 
v -202.645 4.23806 -222.6 
v -203.288 4.16583 -222.533 
v -202.656 4.25472 -222.533 
v -202.648 4.24282 -222.474 
v -203.288 4.16583 -222.533 
v -202.634 4.22003 -222.395 
v -202.656 4.25472 -222.533 
v -203.288 4.16583 -222.533 
v -202.648 4.24282 -222.474 
v -202.084 3.77291 -223.048 
v -202.088 3.48521 -223.023 
v -202.412 3.75673 -223.032 
v -202.088 3.48437 -223.056 
v -199.368 4.12491 -222.386 
v -199.442 4.07762 -222.444 
v -198.712 4.16583 -222.533 
v -199.366 4.22003 -222.395 
v -198.712 4.16583 -222.533 
v -202.632 4.12491 -222.386 
v -203.288 4.16583 -222.533 
v -202.558 4.07762 -222.444 
v -202.634 4.22003 -222.395 
v -203.288 4.16583 -222.533 
v -199.44 4.08084 -222.644 
v -199.402 4.14746 -222.69 
v -198.712 4.16583 -222.533 
v -199.916 3.77291 -223.048 
v -199.588 3.75673 -223.032 
v -199.912 3.48521 -223.023 
v -199.912 3.48437 -223.056 
v -198.81 3.82631 -223.033 
v -199.587 3.75636 -223.072 
v -202.552 4.06836 -222.555 
v -203.288 4.16583 -222.533 
v -202.56 4.08084 -222.644 
v -203.288 4.16583 -222.533 
v -202.598 4.14746 -222.69 
v -202.558 4.07762 -222.444 
v -203.288 4.16583 -222.533 
v -199.448 4.06836 -222.555 
v -199.44 4.08084 -222.644 
v -198.712 4.16583 -222.533 
v -199.442 4.07762 -222.444 
v -199.448 4.06836 -222.555 
v -198.712 4.16583 -222.533 
v -202.018 4.1943 -222.339 
v -203.492 4.52418 -222.537 
v -202.016 4.11417 -221.942 
v -202.874 4.06843 -221.957 
v -202.42 3.75702 -221.961 
v -202.092 3.77277 -221.964 
v -201.215 4.03058 -222.057 
v -201.359 3.66847 -221.958 
v -201.539 3.52714 -222.034 
v -201.218 4.0267 -222.309 
v -201.218 4.02656 -222.497 
v -201.21 4.06074 -222.497 
v -201.218 4.02681 -222.714 
v -202.009 4.27955 -222.526 
v -202.009 4.23931 -222.332 
v -203.494 4.55087 -222.538 
v -202.009 4.22087 -222.749 
v -201.211 4.06062 -222.719 
v -202.011 4.13832 -223.056 
v -201.213 4.05733 -222.952 
v -202.881 4.08531 -223.065 
v -202.87 4.08513 -221.922 
v -203.188 3.82647 -221.957 
v -203.194 3.82869 -221.93 
v -202.092 3.76665 -221.918 
v -202.011 4.14312 -221.906 
v -201.358 3.66807 -221.924 
v -202.42 3.75612 -221.92 
v -202.088 3.47951 -222.006 
v -201.539 3.51626 -222.003 
v -202.887 4.06888 -223.029 
v -202.017 4.10842 -223.021 
v -202.084 3.77291 -223.048 
v -202.412 3.75673 -223.032 
v -201.36 3.66675 -223.012 
v -201.215 4.03067 -222.931 
v -202.084 3.77291 -223.048 
v -199.982 4.1943 -222.339 
v -199.984 4.11417 -221.942 
v -198.508 4.52418 -222.537 
v -200.785 4.03058 -222.057 
v -200.641 3.66847 -221.958 
v -200.782 4.0267 -222.309 
v -200.782 4.02656 -222.497 
v -200.461 3.52714 -222.034 
v -199.908 3.77277 -221.964 
v -199.126 4.06843 -221.957 
v -199.58 3.75702 -221.961 
v -198.812 3.82647 -221.957 
v -200.782 4.02681 -222.714 
v -200.79 4.06074 -222.497 
v -199.991 4.23931 -222.332 
v -199.991 4.27955 -222.526 
v -198.506 4.55087 -222.538 
v -199.119 4.08531 -223.065 
v -199.991 4.22087 -222.749 
v -200.789 4.06062 -222.719 
v -199.989 4.13832 -223.056 
v -200.787 4.05733 -222.952 
v -199.13 4.08513 -221.922 
v -198.812 3.82647 -221.957 
v -198.806 3.82869 -221.93 
v -199.909 3.76665 -221.918 
v -199.989 4.14312 -221.906 
v -200.642 3.66807 -221.924 
v -199.58 3.75612 -221.92 
v -199.912 3.47951 -222.006 
v -200.461 3.51626 -222.003 
v -199.114 4.06888 -223.029 
v -199.983 4.10842 -223.021 
v -199.916 3.77291 -223.048 
v -199.588 3.75673 -223.032 
v -200.785 4.03067 -222.931 
v -200.64 3.66675 -223.012 
v -199.916 3.77291 -223.048 
v -202.019 4.23411 -222.525 
v -203.492 4.52418 -222.537 
v -202.018 4.1943 -222.339 
v -201.218 4.02656 -222.497 
v -201.218 4.02681 -222.714 
v -202.018 4.17611 -222.74 
v -202.017 4.10842 -223.021 
v -201.215 4.03067 -222.931 
v -201.211 4.06062 -222.719 
v -201.21 4.06074 -222.497 
v -201.218 4.0267 -222.309 
v -202.009 4.27955 -222.526 
v -201.21 4.06056 -222.305 
v -201.215 4.03058 -222.057 
v -202.009 4.23931 -222.332 
v -201.213 4.05733 -222.952 
v -202.009 4.22087 -222.749 
v -201.358 3.66979 -223.045 
v -201.36 3.66675 -223.012 
v -202.011 4.13832 -223.056 
v -202.083 3.77607 -223.094 
v -201.539 3.5226 -223.057 
v -201.539 3.522 -223.024 
v -202.084 3.77291 -223.048 
v -202.088 3.48437 -223.056 
v -202.088 3.48521 -223.023 
v -202.881 4.08531 -223.065 
v -202.083 3.77607 -223.094 
v -202.413 3.75636 -223.072 
v -203.196 3.82958 -223.061 
v -203.494 4.55087 -222.538 
v -203.19 3.82631 -223.033 
v -203.196 3.82958 -223.061 
v -202.887 4.06888 -223.029 
v -202.412 3.75673 -223.032 
v -202.011 4.14312 -221.906 
v -202.87 4.08513 -221.922 
v -202.874 4.06843 -221.957 
v -203.188 3.82647 -221.957 
v -201.212 4.05713 -222.036 
v -201.358 3.66807 -221.924 
v -201.359 3.66847 -221.958 
v -201.539 3.51626 -222.003 
v -202.092 3.76665 -221.918 
v -202.42 3.75612 -221.92 
v -203.194 3.82869 -221.93 
v -201.539 3.52714 -222.034 
v -202.088 3.48914 -222.037 
v -202.088 3.47951 -222.006 
v -202.092 3.77277 -221.964 
v -202.016 4.11417 -221.942 
v -202.42 3.75702 -221.961 
v -203.188 3.82647 -221.957 
v -203.194 3.82869 -221.93 
v -199.981 4.23411 -222.525 
v -199.982 4.1943 -222.339 
v -198.508 4.52418 -222.537 
v -200.782 4.02656 -222.497 
v -200.782 4.02681 -222.714 
v -199.982 4.17611 -222.74 
v -199.983 4.10842 -223.021 
v -200.785 4.03067 -222.931 
v -200.789 4.06062 -222.719 
v -200.79 4.06074 -222.497 
v -200.782 4.0267 -222.309 
v -199.991 4.27955 -222.526 
v -200.79 4.06056 -222.305 
v -199.991 4.23931 -222.332 
v -200.785 4.03058 -222.057 
v -200.787 4.05733 -222.952 
v -199.991 4.22087 -222.749 
v -200.642 3.66979 -223.045 
v -200.64 3.66675 -223.012 
v -199.989 4.13832 -223.056 
v -199.917 3.77607 -223.094 
v -200.461 3.5226 -223.057 
v -200.461 3.522 -223.024 
v -199.916 3.77291 -223.048 
v -199.912 3.48437 -223.056 
v -199.912 3.48521 -223.023 
v -199.119 4.08531 -223.065 
v -199.917 3.77607 -223.094 
v -199.587 3.75636 -223.072 
v -198.804 3.82958 -223.061 
v -198.506 4.55087 -222.538 
v -198.81 3.82631 -223.033 
v -198.804 3.82958 -223.061 
v -199.114 4.06888 -223.029 
v -199.588 3.75673 -223.032 
v -199.13 4.08513 -221.922 
v -199.126 4.06843 -221.957 
v -199.989 4.14312 -221.906 
v -200.788 4.05713 -222.036 
v -200.642 3.66807 -221.924 
v -200.641 3.66847 -221.958 
v -200.461 3.51626 -222.003 
v -199.909 3.76665 -221.918 
v -200.461 3.52714 -222.034 
v -199.58 3.75612 -221.92 
v -198.806 3.82869 -221.93 
v -199.912 3.48914 -222.037 
v -199.912 3.47951 -222.006 
v -199.908 3.77277 -221.964 
v -199.984 4.11417 -221.942 
v -199.58 3.75702 -221.961 
v -198.812 3.82647 -221.957 
v -198.806 3.82869 -221.93 
v -199.985 4.25338 -222.525 
v -199.986 4.21335 -222.336 
v -200.771 4.04328 -222.497 
v -200.771 4.04328 -222.716 
v -199.986 4.19504 -222.744 
v -199.986 4.12107 -223.036 
v -200.771 4.04328 -222.937 
v -200.773 4.05015 -222.717 
v -200.773 4.05016 -222.497 
v -200.771 4.04328 -222.307 
v -200.773 4.04859 -222.941 
v -200.773 4.05016 -222.307 
v -200.771 4.04328 -222.05 
v -200.773 4.04866 -222.046 
v -200.629 3.67737 -223.032 
v -200.629 3.67684 -223.025 
v -200.455 3.53593 -223.037 
v -199.917 3.77281 -223.067 
v -200.455 3.53632 -223.044 
v -199.916 3.77564 -223.074 
v -199.916 3.49913 -223.037 
v -199.916 3.49908 -223.044 
v -199.987 4.20185 -222.746 
v -199.987 4.12558 -223.041 
v -198.524 4.54279 -222.537 
v -199.986 4.26029 -222.526 
v -199.987 4.2202 -222.335 
v -202.015 4.25338 -222.525 
v -202.014 4.21335 -222.336 
v -201.229 4.04328 -222.497 
v -201.229 4.04328 -222.716 
v -202.014 4.19504 -222.744 
v -202.014 4.12107 -223.036 
v -201.229 4.04328 -222.937 
v -201.227 4.05015 -222.717 
v -201.227 4.05016 -222.497 
v -201.229 4.04328 -222.307 
v -201.227 4.05016 -222.307 
v -201.229 4.04328 -222.05 
v -201.227 4.04866 -222.046 
v -201.227 4.04859 -222.941 
v -201.371 3.67737 -223.032 
v -201.371 3.67684 -223.025 
v -201.545 3.53593 -223.037 
v -202.083 3.77281 -223.067 
v -201.545 3.53632 -223.044 
v -202.084 3.77564 -223.074 
v -202.084 3.49913 -223.037 
v -202.084 3.49908 -223.044 
v -202.013 4.12558 -223.041 
v -202.013 4.20185 -222.746 
v -203.476 4.54279 -222.537 
v -202.014 4.26029 -222.526 
v -202.013 4.2202 -222.335 
v -199.986 4.21335 -222.336 
v -198.524 4.53574 -222.537 
v -199.986 4.12643 -221.927 
v -200.771 4.04328 -222.307 
v -200.771 4.04328 -222.497 
v -200.771 4.04328 -222.05 
v -200.629 3.67684 -221.944 
v -199.908 3.76998 -221.944 
v -200.773 4.05016 -222.497 
v -200.771 4.04328 -222.716 
v -199.14 4.07482 -221.944 
v -199.986 4.26029 -222.526 
v -200.773 4.05015 -222.717 
v -199.987 4.20185 -222.746 
v -200.773 4.04859 -222.941 
v -200.455 3.53593 -222.018 
v -199.916 3.49913 -222.02 
v -199.581 3.76711 -221.944 
v -198.819 3.83118 -221.944 
v -199.581 3.76669 -221.937 
v -198.819 3.83315 -221.938 
v -199.987 4.12558 -223.041 
v -200.629 3.67737 -223.032 
v -199.916 3.77564 -223.074 
v -199.916 3.49908 -223.044 
v -200.455 3.53632 -223.044 
v -199.127 4.07977 -223.048 
v -199.916 3.77564 -223.074 
v -198.524 4.54279 -222.537 
v -198.817 3.83354 -223.052 
v -198.817 3.83155 -223.045 
v -199.127 4.07555 -223.042 
v -199.589 3.76711 -223.049 
v -199.986 4.12107 -223.036 
v -199.917 3.77281 -223.067 
v -199.139 4.07919 -221.939 
v -200.629 3.67684 -223.025 
v -200.771 4.04328 -222.937 
v -199.917 3.77281 -223.067 
v -200.455 3.53593 -223.037 
v -199.916 3.49913 -223.037 
v -198.819 3.83118 -221.944 
v -198.819 3.83315 -221.938 
v -199.987 4.13084 -221.922 
v -199.908 3.76903 -221.937 
v -199.987 4.2202 -222.335 
v -200.629 3.67652 -221.937 
v -200.773 4.04866 -222.046 
v -200.773 4.05016 -222.307 
v -199.916 3.49692 -222.014 
v -200.455 3.53356 -222.011 
v -202.014 4.21335 -222.336 
v -202.014 4.12643 -221.927 
v -203.476 4.53574 -222.537 
v -201.229 4.04328 -222.307 
v -201.229 4.04328 -222.497 
v -201.229 4.04328 -222.05 
v -201.371 3.67684 -221.944 
v -202.092 3.76998 -221.944 
v -201.229 4.04328 -222.716 
v -201.227 4.05016 -222.497 
v -202.86 4.07482 -221.944 
v -201.545 3.53593 -222.018 
v -202.084 3.49913 -222.02 
v -202.419 3.76711 -221.944 
v -203.181 3.83118 -221.944 
v -202.419 3.76669 -221.937 
v -203.181 3.83315 -221.938 
v -201.227 4.05015 -222.717 
v -202.014 4.26029 -222.526 
v -201.227 4.04859 -222.941 
v -202.013 4.20185 -222.746 
v -202.084 3.49692 -222.014 
v -202.092 3.76903 -221.937 
v -201.545 3.53356 -222.011 
v -202.013 4.2202 -222.335 
v -201.227 4.05016 -222.307 
v -201.227 4.04866 -222.046 
v -202.013 4.13084 -221.922 
v -201.371 3.67652 -221.937 
v -203.476 4.54279 -222.537 
v -202.861 4.07919 -221.939 
v -203.181 3.83118 -221.944 
v -203.181 3.83315 -221.938 
v -202.873 4.07977 -223.048 
v -202.013 4.12558 -223.041 
v -202.084 3.77564 -223.074 
v -203.183 3.83354 -223.052 
v -203.183 3.83155 -223.045 
v -201.371 3.67737 -223.032 
v -202.084 3.77564 -223.074 
v -201.545 3.53632 -223.044 
v -202.084 3.49908 -223.044 
v -202.873 4.07555 -223.042 
v -202.411 3.76711 -223.049 
v -202.014 4.12107 -223.036 
v -202.083 3.77281 -223.067 
v -201.229 4.04328 -222.937 
v -201.371 3.67684 -223.025 
v -202.083 3.77281 -223.067 
v -202.084 3.49913 -223.037 
v -201.545 3.53593 -223.037 
v -202.561 4.05424 -222.438 
v -202.555 4.04422 -222.556 
v -203.342 4.1663 -222.533 
v -199.445 4.04422 -222.556 
v -198.658 4.1663 -222.533 
v -199.436 4.05939 -222.655 
v -199.439 4.05424 -222.438 
v -198.658 4.1663 -222.533 
v -202.555 4.04422 -222.556 
v -202.565 4.05939 -222.655 
v -203.342 4.1663 -222.533 
v -199.361 4.11187 -222.367 
v -198.658 4.1663 -222.533 
v -199.439 4.05424 -222.438 
v -202.639 4.11187 -222.367 
v -202.561 4.05424 -222.438 
v -203.342 4.1663 -222.533 
v -199.436 4.05939 -222.655 
v -198.658 4.1663 -222.533 
v -199.395 4.1383 -222.711 
v -202.565 4.05939 -222.655 
v -202.605 4.1383 -222.711 
v -203.342 4.1663 -222.533 
v -202.643 4.2302 -222.688 
v -203.342 4.1663 -222.533 
v -199.356 4.23248 -222.376 
v -198.658 4.1663 -222.533 
v -199.361 4.11187 -222.367 
v -202.644 4.23248 -222.376 
v -202.639 4.11187 -222.367 
v -203.342 4.1663 -222.533 
v -199.335 4.27741 -222.533 
v -198.658 4.1663 -222.533 
v -199.343 4.26453 -222.467 
v -202.665 4.27741 -222.533 
v -202.657 4.26453 -222.467 
v -203.342 4.1663 -222.533 
v -199.346 4.25971 -222.607 
v -198.658 4.1663 -222.533 
v -199.335 4.27741 -222.533 
v -199.343 4.26453 -222.467 
v -198.658 4.1663 -222.533 
v -199.356 4.23248 -222.376 
v -202.654 4.25971 -222.607 
v -202.665 4.27741 -222.533 
v -203.342 4.1663 -222.533 
v -202.657 4.26453 -222.467 
v -202.644 4.23248 -222.376 
v -203.342 4.1663 -222.533 
v -199.357 4.2302 -222.688 
v -198.658 4.1663 -222.533 
v -199.346 4.25971 -222.607 
v -202.643 4.2302 -222.688 
v -202.654 4.25971 -222.607 
v -203.342 4.1663 -222.533 
v -199.395 4.1383 -222.711 
v -198.658 4.1663 -222.533 
v -199.357 4.2302 -222.688 
v -199.917 3.77607 -223.094 
v -200.461 3.5226 -223.057 
v -199.912 3.48437 -223.056 
v -202.088 3.48437 -223.056 
v -201.539 3.5226 -223.057 
v -202.083 3.77607 -223.094 
v -202.083 3.77607 -223.094 
v -202.413 3.75636 -223.072 
v -202.088 3.48437 -223.056 
v -202.412 3.75673 -223.032 
v -203.19 3.82631 -223.033 
v -203.196 3.82958 -223.061 
v -199.917 3.77607 -223.094 
v -199.912 3.48437 -223.056 
v -199.587 3.75636 -223.072 
v -199.588 3.75673 -223.032 
v -198.81 3.82631 -223.033 
v -198.804 3.82958 -223.061 

vn 0.015748 0.133858 -0.992126 
vn -0.307087 -0.464567 -0.826772 
vn -0.637795 -0.433071 -0.637795 
vn -0.291339 -0.88189 0.377953 
vn -0.606299 -0.409449 0.677165 
vn -0.015748 -0.133858 0.992126 
vn 0.23622 -0.527559 -0.811024 
vn 0.23622 -0.88189 0.401575 
vn 0.259843 -0.551181 -0.795276 
vn 0.503937 -0.165354 -0.850394 
vn 0.220472 -0.590551 0.779528 
vn 0.362205 0.425197 0.826772 
vn 0.96063 -0.220472 0.181102 
vn 0.787402 -0.614173 -0.00787402 
vn 0.354331 0.401575 -0.84252 
vn 0.496063 -0.181102 0.850394 
vn 0.606299 -0.377953 0.700787 
vn 0.212598 -0.559055 0.80315 
vn 0.015748 -0.00787402 1 
vn 0.251969 -0.590551 -0.76378 
vn -0.015748 0.00787402 -1 
vn 0.952756 -0.204724 -0.228346 
vn 0.307087 -0.464567 -0.826772 
vn -0.015748 0.133858 -0.992126 
vn 0.637795 -0.433071 -0.637795 
vn 0.291339 -0.88189 0.377953 
vn 0.606299 -0.409449 0.677165 
vn 0.015748 -0.133858 0.992126 
vn -0.23622 -0.527559 -0.811024 
vn -0.23622 -0.88189 0.401575 
vn -0.259843 -0.551181 -0.795276 
vn -0.503937 -0.165354 -0.850394 
vn -0.220472 -0.590551 0.779528 
vn -0.362205 0.425197 0.826772 
vn -0.96063 -0.220472 0.181102 
vn -0.787402 -0.614173 -0.00787402 
vn -0.496063 -0.181102 0.850394 
vn -0.354331 0.401575 -0.84252 
vn -0.606299 -0.377953 0.700787 
vn -0.212598 -0.559055 0.80315 
vn -0.015748 -0.00787402 1 
vn -0.251969 -0.590551 -0.76378 
vn 0.015748 0.00787402 -1 
vn -0.952756 -0.204724 -0.228346 
vn 0.015748 -0.00787402 1 
vn 0.23622 -0.708661 0.661417 
vn 0.212598 -0.559055 0.80315 
vn 0.23622 -0.76378 -0.606299 
vn 0.251969 -0.590551 -0.76378 
vn -0.015748 0.00787402 -1 
vn 0.606299 -0.377953 0.700787 
vn 0.952756 -0.204724 -0.228346 
vn -0.015748 -0.00787402 1 
vn -0.212598 -0.559055 0.80315 
vn -0.23622 -0.708661 0.661417 
vn -0.251969 -0.590551 -0.76378 
vn -0.23622 -0.76378 -0.606299 
vn 0.015748 0.00787402 -1 
vn -0.606299 -0.377953 0.700787 
vn -0.952756 -0.204724 -0.228346 
vn 0.212598 -0.559055 0.80315 
vn 0.23622 -0.708661 0.661417 
vn 0.23622 -0.76378 -0.606299 
vn 0.251969 -0.590551 -0.76378 
vn 0.606299 -0.377953 0.700787 
vn -0.23622 -0.708661 0.661417 
vn -0.212598 -0.559055 0.80315 
vn -0.23622 -0.76378 -0.606299 
vn -0.606299 -0.377953 0.700787 
vn -0.251969 -0.590551 -0.76378 
vn 0.212598 -0.370079 -0.905512 
vn 0.212598 0.543307 -0.811024 
vn 1 0 0 
vn -0.212598 -0.370079 -0.905512 
vn -1 0 0 
vn -0.212598 0.543307 -0.811024 
vn 0.141732 0.992126 -0.023622 
vn 0.141732 0.952756 0.259843 
vn 1 0 0 
vn 0.212598 0.559055 0.80315 
vn 1 0 0 
vn 0.133858 0.952756 -0.275591 
vn 1 0 0 
vn 0.212598 0.543307 -0.811024 
vn 0.133858 0.952756 -0.275591 
vn 1 0 0 
vn -0.212598 0.543307 -0.811024 
vn -1 0 0 
vn -0.133858 0.952756 -0.275591 
vn -0.133858 0.952756 -0.275591 
vn -1 0 0 
vn -0.141732 0.992126 -0.023622 
vn -0.141732 0.952756 0.259843 
vn -1 0 0 
vn -0.212598 0.559055 0.80315 
vn -0.141732 0.992126 -0.023622 
vn -1 0 0 
vn -0.141732 0.952756 0.259843 
vn 0 1 0 
vn 0 1 0 
vn 0 1 0 
vn 0 1 0 
vn 0.212598 -0.559055 0.80315 
vn 0.141732 -0.96063 0.228346 
vn 1 0 0 
vn 0.212598 0.559055 0.80315 
vn 1 0 0 
vn -0.212598 -0.559055 0.80315 
vn -1 0 0 
vn -0.141732 -0.96063 0.228346 
vn -0.212598 0.559055 0.80315 
vn -1 0 0 
vn 0.165354 -0.889764 -0.425197 
vn 0.212598 -0.370079 -0.905512 
vn 1 0 0 
vn 0 1 0 
vn 0 1 0 
vn 0 1 0 
vn 0 1 0 
vn 0 1 0 
vn 0 1 0 
vn -0.133858 -0.992126 -0.023622 
vn -1 0 0 
vn -0.165354 -0.889764 -0.425197 
vn -1 0 0 
vn -0.212598 -0.370079 -0.905512 
vn -0.141732 -0.96063 0.228346 
vn -1 0 0 
vn 0.133858 -0.992126 -0.023622 
vn 0.165354 -0.889764 -0.425197 
vn 1 0 0 
vn 0.141732 -0.96063 0.228346 
vn 0.133858 -0.992126 -0.023622 
vn 1 0 0 
vn 0 1 0 
vn 0 1 0 
vn 0 1 0 
vn 0 1 0 
vn 0 1 0 
vn 0 1 0 
vn 0 1 0 
vn 0 1 0 
vn 0 1 0 
vn 0 1 0 
vn 0 1 0 
vn 0 1 0 
vn 0 1 0 
vn 0 1 0 
vn 0 1 0 
vn 0 1 0 
vn 0 1 0 
vn 0 1 0 
vn 0 1 0 
vn 0 1 0 
vn 0 1 0 
vn 0 1 0 
vn 0 1 0 
vn 0 1 0 
vn 0 1 0 
vn 0 1 0 
vn 0 1 0 
vn 0 1 0 
vn 0 1 0 
vn 0 1 0 
vn 0 1 0 
vn 0 1 0 
vn 0 1 0 
vn 0 1 0 
vn 0 1 0 
vn 0 1 0 
vn 0 1 0 
vn 0 1 0 
vn 0 1 0 
vn 0 1 0 
vn 0 1 0 
vn 0 1 0 
vn 0 1 0 
vn 0 1 0 
vn 0 1 0 
vn 0 1 0 
vn 0 1 0 
vn 0 1 0 
vn 0 1 0 
vn 0 1 0 
vn 0 1 0 
vn 0 1 0 
vn 0 1 0 
vn 0 1 0 
vn 0 1 0 
vn 0 1 0 
vn 0 1 0 
vn 0 1 0 
vn 0 1 0 
vn 0 1 0 
vn 0 1 0 
vn 0 1 0 
vn 0 1 0 
vn 0 1 0 
vn 0 1 0 
vn 0 1 0 
vn 0 1 0 
vn 0 1 0 
vn 0 1 0 
vn 0 1 0 
vn 0 1 0 
vn 0 1 0 
vn 0 1 0 
vn 0 1 0 
vn 0 1 0 
vn 0 1 0 
vn 0 1 0 
vn 0 1 0 
vn 0 1 0 
vn 0 1 0 
vn 0 1 0 
vn 0 1 0 
vn 0 1 0 
vn 0 1 0 
vn 0 1 0 
vn 0 1 0 
vn 0 1 0 
vn 0 1 0 
vn 0 1 0 
vn 0 1 0 
vn 0 1 0 
vn 0 1 0 
vn 0 1 0 
vn 0 1 0 
vn 0 1 0 
vn 0 1 0 
vn 0 1 0 
vn 0 1 0 
vn 0 1 0 
vn 0 1 0 
vn 0 1 0 
vn 0 1 0 
vn 0 1 0 
vn 0 1 0 
vn 0 1 0 
vn 0 1 0 
vn 0 1 0 
vn 0 1 0 
vn 0 1 0 
vn 0 1 0 
vn 0 1 0 
vn 0 1 0 
vn 0 1 0 
vn 0 1 0 
vn 0 1 0 
vn 0 1 0 
vn 0 1 0 
vn 0 1 0 
vn 0 1 0 
vn 0 1 0 
vn 0 1 0 
vn 0 1 0 
vn 0 1 0 
vn 0 1 0 
vn 0 1 0 
vn 0 1 0 
vn 0 1 0 
vn 0 1 0 
vn 0 1 0 
vn 0 1 0 
vn 0 1 0 
vn 0 1 0 
vn 0 1 0 
vn 0 1 0 
vn 0 1 0 
vn 0 1 0 
vn 0 1 0 
vn 0 1 0 
vn 0 1 0 
vn 0 1 0 
vn 0 1 0 
vn 0 1 0 
vn 0 1 0 
vn 0 1 0 
vn 0 1 0 
vn 0 1 0 
vn 0 1 0 
vn 0 1 0 
vn 0 1 0 
vn 0 1 0 
vn 0 1 0 
vn 0 1 0 
vn 0 1 0 
vn 0 1 0 
vn 0 1 0 
vn 0 1 0 
vn 0 1 0 
vn 0 1 0 
vn 0 1 0 
vn 0 1 0 
vn 0 1 0 
vn 0 1 0 
vn 0 1 0 
vn 0 1 0 
vn 0 1 0 
vn 0 1 0 
vn 0 1 0 
vn 0 1 0 
vn 0 1 0 
vn 0 1 0 
vn 0 1 0 
vn 0 1 0 
vn 0 1 0 
vn 0 1 0 
vn 0 1 0 
vn 0 1 0 
vn 0 1 0 
vn 0 1 0 
vn 0 1 0 
vn 0 1 0 
vn 0 1 0 
vn 0 1 0 
vn 0.212598 -0.976378 0.023622 
vn 0.188976 -0.968504 -0.15748 
vn -0.535433 -0.84252 0.00787402 
vn -0.551181 -0.826772 0.0944882 
vn 0.188976 -0.96063 0.188976 
vn 0.125984 -0.645669 0.755906 
vn -0.755906 -0.590551 0.267717 
vn -0.834646 0.543307 -0.0944882 
vn -0.850394 0.527559 -0.00787402 
vn -0.551181 -0.834646 -0.0787402 
vn -0.724409 0.448819 -0.527559 
vn -0.834646 0.543307 0.0866142 
vn -0.748031 -0.598425 -0.283465 
vn -0.740157 0.433071 0.511811 
vn -0.629921 -0.370079 -0.677165 
vn -0.598425 -0.511811 0.614173 
vn -0.275591 -0.708661 0.645669 
vn 0.015748 -0.00787402 1 
vn -0.283465 -0.716535 -0.637795 
vn -0.015748 0.00787402 -1 
vn 0.23622 -0.708661 0.661417 
vn 0.23622 -0.76378 -0.606299 
vn -0.188976 0.96063 -0.19685 
vn -0.125984 0.645669 -0.755906 
vn 0.913386 0.401575 -0.0314961 
vn -0.212598 0.976378 -0.023622 
vn -0.188976 0.968504 0.15748 
vn -0.212598 -0.976378 0.023622 
vn -0.188976 -0.968504 -0.15748 
vn 0.535433 -0.84252 0.00787402 
vn 0.551181 -0.826772 0.0944882 
vn -0.188976 -0.96063 0.188976 
vn -0.125984 -0.645669 0.755906 
vn 0.755906 -0.590551 0.267717 
vn 0.834646 0.543307 -0.0944882 
vn 0.850394 0.527559 -0.00787402 
vn 0.551181 -0.834646 -0.0787402 
vn 0.834646 0.543307 0.0866142 
vn 0.748031 -0.598425 -0.283465 
vn 0.740157 0.433071 0.511811 
vn 0.724409 0.448819 -0.527559 
vn 0.629921 -0.370079 -0.677165 
vn 0.598425 -0.511811 0.614173 
vn 0.275591 -0.708661 0.645669 
vn -0.015748 -0.00787402 1 
vn 0.283465 -0.716535 -0.637795 
vn 0.015748 0.00787402 -1 
vn -0.23622 -0.708661 0.661417 
vn -0.23622 -0.76378 -0.606299 
vn 0.125984 0.645669 -0.755906 
vn 0.188976 0.96063 -0.19685 
vn -0.913386 0.401575 -0.0314961 
vn 0.212598 0.976378 -0.023622 
vn 0.188976 0.968504 0.15748 
vn 0.188976 -0.968504 -0.15748 
vn 0.787402 -0.614173 -0.00787402 
vn 0.11811 -0.622047 -0.771654 
vn -0.551181 -0.834646 -0.0787402 
vn -0.535433 -0.84252 0.00787402 
vn -0.748031 -0.598425 -0.283465 
vn -0.637795 -0.433071 -0.637795 
vn 0.015748 0.133858 -0.992126 
vn -0.850394 0.527559 -0.00787402 
vn -0.551181 -0.826772 0.0944882 
vn 0.503937 -0.165354 -0.850394 
vn -0.212598 0.976378 -0.023622 
vn -0.834646 0.543307 -0.0944882 
vn -0.188976 0.96063 -0.19685 
vn -0.724409 0.448819 -0.527559 
vn -0.307087 -0.464567 -0.826772 
vn 0.23622 -0.527559 -0.811024 
vn 0.259843 -0.551181 -0.795276 
vn 0.582677 -0.370079 -0.716535 
vn 0.220472 -0.590551 0.779528 
vn 0.96063 -0.220472 0.181102 
vn -0.125984 0.645669 -0.755906 
vn -0.629921 -0.370079 -0.677165 
vn -0.015748 0.00787402 -1 
vn 0.23622 -0.76378 -0.606299 
vn -0.283465 -0.716535 -0.637795 
vn 0.354331 0.401575 -0.84252 
vn -0.015748 0.00787402 -1 
vn 0.913386 0.401575 -0.0314961 
vn 0.952756 -0.204724 -0.228346 
vn 0.606299 -0.377953 0.700787 
vn 0.496063 -0.181102 0.850394 
vn 0.212598 -0.559055 0.80315 
vn 0.125984 -0.645669 0.755906 
vn 0.015748 -0.00787402 1 
vn 0.362205 0.425197 0.826772 
vn -0.598425 -0.511811 0.614173 
vn -0.755906 -0.590551 0.267717 
vn 0.015748 -0.00787402 1 
vn -0.275591 -0.708661 0.645669 
vn 0.23622 -0.708661 0.661417 
vn 0.582677 -0.370079 -0.716535 
vn 0.96063 -0.220472 0.181102 
vn -0.11811 0.622047 0.771654 
vn -0.015748 -0.133858 0.992126 
vn -0.188976 0.968504 0.15748 
vn -0.606299 -0.409449 0.677165 
vn -0.740157 0.433071 0.511811 
vn -0.834646 0.543307 0.0866142 
vn 0.23622 -0.88189 0.401575 
vn -0.291339 -0.88189 0.377953 
vn -0.188976 -0.968504 -0.15748 
vn -0.11811 -0.622047 -0.771654 
vn -0.787402 -0.614173 -0.00787402 
vn 0.551181 -0.834646 -0.0787402 
vn 0.535433 -0.84252 0.00787402 
vn 0.748031 -0.598425 -0.283465 
vn 0.637795 -0.433071 -0.637795 
vn -0.015748 0.133858 -0.992126 
vn 0.551181 -0.826772 0.0944882 
vn 0.850394 0.527559 -0.00787402 
vn -0.503937 -0.165354 -0.850394 
vn 0.307087 -0.464567 -0.826772 
vn -0.23622 -0.527559 -0.811024 
vn -0.259843 -0.551181 -0.795276 
vn -0.582677 -0.370079 -0.716535 
vn -0.220472 -0.590551 0.779528 
vn -0.96063 -0.220472 0.181102 
vn 0.834646 0.543307 -0.0944882 
vn 0.212598 0.976378 -0.023622 
vn 0.724409 0.448819 -0.527559 
vn 0.188976 0.96063 -0.19685 
vn -0.23622 -0.88189 0.401575 
vn 0.015748 -0.133858 0.992126 
vn 0.291339 -0.88189 0.377953 
vn 0.188976 0.968504 0.15748 
vn 0.834646 0.543307 0.0866142 
vn 0.740157 0.433071 0.511811 
vn 0.11811 0.622047 0.771654 
vn 0.606299 -0.409449 0.677165 
vn -0.913386 0.401575 -0.0314961 
vn -0.362205 0.425197 0.826772 
vn -0.582677 -0.370079 -0.716535 
vn -0.96063 -0.220472 0.181102 
vn -0.354331 0.401575 -0.84252 
vn 0.125984 0.645669 -0.755906 
vn 0.015748 0.00787402 -1 
vn -0.952756 -0.204724 -0.228346 
vn -0.606299 -0.377953 0.700787 
vn 0.629921 -0.370079 -0.677165 
vn 0.015748 0.00787402 -1 
vn 0.283465 -0.716535 -0.637795 
vn -0.23622 -0.76378 -0.606299 
vn -0.496063 -0.181102 0.850394 
vn -0.212598 -0.559055 0.80315 
vn -0.125984 -0.645669 0.755906 
vn -0.015748 -0.00787402 1 
vn 0.755906 -0.590551 0.267717 
vn 0.598425 -0.511811 0.614173 
vn -0.015748 -0.00787402 1 
vn -0.23622 -0.708661 0.661417 
vn 0.275591 -0.708661 0.645669 
vn 0 1 0 
vn 0 1 0 
vn 0 1 0 
vn 0 1 0 
vn 0 1 0 
vn 0 1 0 
vn 0 1 0 
vn 0 1 0 
vn 0 1 0 
vn 0 1 0 
vn 0 1 0 
vn 0 1 0 
vn 0 1 0 
vn 0 1 0 
vn 0 1 0 
vn 0 1 0 
vn 0 1 0 
vn 0 1 0 
vn 0 1 0 
vn 0 1 0 
vn 0 1 0 
vn 0 1 0 
vn 0 1 0 
vn 0 1 0 
vn 0 1 0 
vn 0 1 0 
vn 0 1 0 
vn 0 1 0 
vn 0 1 0 
vn 0 1 0 
vn 0 1 0 
vn 0 1 0 
vn 0 1 0 
vn 0 1 0 
vn 0 1 0 
vn 0 1 0 
vn 0 1 0 
vn 0 1 0 
vn 0 1 0 
vn 0 1 0 
vn 0 1 0 
vn 0 1 0 
vn 0 1 0 
vn 0 1 0 
vn 0 1 0 
vn 0 1 0 
vn 0 1 0 
vn 0 1 0 
vn 0 1 0 
vn 0 1 0 
vn 0 1 0 
vn 0 1 0 
vn 0 1 0 
vn 0 1 0 
vn 0 1 0 
vn 0 1 0 
vn 0 1 0 
vn 0 1 0 
vn 0 1 0 
vn 0 1 0 
vn 0 1 0 
vn 0 1 0 
vn 0 1 0 
vn 0 1 0 
vn 0 1 0 
vn 0 1 0 
vn 0 1 0 
vn 0 1 0 
vn 0 1 0 
vn 0 1 0 
vn 0 1 0 
vn 0 1 0 
vn 0 1 0 
vn 0 1 0 
vn 0 1 0 
vn 0 1 0 

vt 0.91635 0.26319 
vt 0.918773 0.25022 
vt 0.918369 0.244045 
vt 0.921187 0.250384 
vt 0.922468 0.24427 
vt 0.921837 0.26354 
vt 0.916106 0.260941 
vt 0.922286 0.261284 
vt 0.915478 0.280144 
vt 0.909585 0.330731 
vt 0.921191 0.280196 
vt 0.923598 0.32865 
vt 0.923598 0.32865 
vt 0.917871 0.455228 
vt 0.914667 0.335562 
vt 0.92833 0.338002 
vt 0.92833 0.338002 
vt 0.926628 0.291546 
vt 0.928023 0.265455 
vt 0.915167 0.291429 
vt 0.912804 0.265941 
vt 0.915167 0.291429 
vt 0.918773 0.25022 
vt 0.91635 0.26319 
vt 0.918369 0.244045 
vt 0.921187 0.250384 
vt 0.922468 0.24427 
vt 0.921837 0.26354 
vt 0.916106 0.260941 
vt 0.922286 0.261284 
vt 0.915478 0.280144 
vt 0.909585 0.330731 
vt 0.921191 0.280196 
vt 0.923598 0.32865 
vt 0.923598 0.32865 
vt 0.917871 0.455228 
vt 0.92833 0.338002 
vt 0.914667 0.335562 
vt 0.92833 0.338002 
vt 0.926628 0.291546 
vt 0.928023 0.265455 
vt 0.915167 0.291429 
vt 0.912804 0.265941 
vt 0.915167 0.291429 
vt 0.929947 0.180576 
vt 0.934906 0.181309 
vt 0.929947 0.200703 
vt 0.93148 0.181402 
vt 0.930682 0.206816 
vt 0.93711 0.186522 
vt 0.929947 0.200703 
vt 0.930682 0.206816 
vt 0.929947 0.180576 
vt 0.929947 0.200703 
vt 0.934906 0.181309 
vt 0.930682 0.206816 
vt 0.93148 0.181402 
vt 0.93711 0.186522 
vt 0.929947 0.200703 
vt 0.930682 0.206816 
vt 0.929947 0.200703 
vt 0.934906 0.181309 
vt 0.93148 0.181402 
vt 0.930682 0.206816 
vt 0.929947 0.200703 
vt 0.934906 0.181309 
vt 0.929947 0.200703 
vt 0.93148 0.181402 
vt 0.929947 0.200703 
vt 0.930682 0.206816 
vt 0.174475 0.747344 
vt 0.162677 0.742966 
vt 0.178088 0.748684 
vt 0.174475 0.747344 
vt 0.178088 0.748684 
vt 0.162677 0.742966 
vt 0.161126 0.723002 
vt 0.16014 0.715131 
vt 0.161126 0.723002 
vt 0.157738 0.702977 
vt 0.159614 0.710924 
vt 0.162266 0.732108 
vt 0.162638 0.73508 
vt 0.162677 0.742966 
vt 0.162266 0.732108 
vt 0.162845 0.74739 
vt 0.162677 0.742966 
vt 0.162845 0.74739 
vt 0.162266 0.732108 
vt 0.162266 0.732108 
vt 0.162638 0.73508 
vt 0.161126 0.723002 
vt 0.16014 0.715131 
vt 0.159614 0.710924 
vt 0.157738 0.702977 
vt 0.161126 0.723002 
vt 0.161126 0.723002 
vt 0.16014 0.715131 
vt 0.953385 0.567295 
vt 0.958343 0.568028 
vt 0.953385 0.587422 
vt 0.954917 0.568121 
vt 0.172694 0.696502 
vt 0.188194 0.699393 
vt 0.173272 0.696394 
vt 0.157738 0.702977 
vt 0.15947 0.698974 
vt 0.172694 0.696502 
vt 0.173272 0.696394 
vt 0.188194 0.699393 
vt 0.157738 0.702977 
vt 0.15947 0.698974 
vt 0.185268 0.74097 
vt 0.174475 0.747344 
vt 0.185268 0.74097 
vt 0.953385 0.567295 
vt 0.953385 0.587422 
vt 0.958343 0.568028 
vt 0.954917 0.568121 
vt 0.953385 0.587422 
vt 0.95412 0.593535 
vt 0.184162 0.726108 
vt 0.183877 0.722278 
vt 0.185268 0.74097 
vt 0.185268 0.74097 
vt 0.174475 0.747344 
vt 0.182771 0.70742 
vt 0.182486 0.703585 
vt 0.184162 0.726108 
vt 0.185268 0.74097 
vt 0.183877 0.722278 
vt 0.182771 0.70742 
vt 0.184162 0.726108 
vt 0.182486 0.703585 
vt 0.953385 0.652091 
vt 0.941309 0.841947 
vt 0.947558 0.648158 
vt 0.933022 0.717449 
vt 0.938915 0.666863 
vt 0.939787 0.649909 
vt 0.943619 0.619983 
vt 0.941806 0.630764 
vt 0.94221 0.636939 
vt 0.943759 0.602843 
vt 0.943293 0.586561 
vt 0.943551 0.567295 
vt 0.943102 0.602095 
vt 0.939995 0.648565 
vt 0.933022 0.649468 
vt 0.942066 0.817993 
vt 0.944155 0.647787 
vt 0.940078 0.59893 
vt 0.944683 0.646107 
vt 0.94099 0.616658 
vt 0.938104 0.72228 
vt 0.947035 0.715369 
vt 0.933022 0.717449 
vt 0.947035 0.715369 
vt 0.945275 0.650259 
vt 0.937756 0.647992 
vt 0.945906 0.630989 
vt 0.944629 0.666915 
vt 0.945724 0.648003 
vt 0.944624 0.637103 
vt 0.951767 0.724721 
vt 0.941701 0.645979 
vt 0.951461 0.652174 
vt 0.950066 0.678265 
vt 0.943884 0.626747 
vt 0.942462 0.617056 
vt 0.943383 0.641585 
vt 0.953385 0.652091 
vt 0.947558 0.648158 
vt 0.941309 0.841947 
vt 0.943619 0.619983 
vt 0.941806 0.630764 
vt 0.943759 0.602843 
vt 0.943293 0.586561 
vt 0.94221 0.636939 
vt 0.939787 0.649909 
vt 0.933022 0.717449 
vt 0.938915 0.666863 
vt 0.938915 0.666863 
vt 0.943102 0.602095 
vt 0.943551 0.567295 
vt 0.933022 0.649468 
vt 0.939995 0.648565 
vt 0.942066 0.817993 
vt 0.938104 0.72228 
vt 0.944155 0.647787 
vt 0.940078 0.59893 
vt 0.944683 0.646107 
vt 0.94099 0.616658 
vt 0.947035 0.715369 
vt 0.933022 0.717449 
vt 0.947035 0.715369 
vt 0.945275 0.650259 
vt 0.937756 0.647992 
vt 0.945906 0.630989 
vt 0.944629 0.666915 
vt 0.945724 0.648003 
vt 0.944624 0.637103 
vt 0.951767 0.724721 
vt 0.941701 0.645979 
vt 0.951461 0.652174 
vt 0.950066 0.678265 
vt 0.942462 0.617056 
vt 0.943884 0.626747 
vt 0.943383 0.641585 
vt 0.946255 0.651494 
vt 0.941309 0.841947 
vt 0.953385 0.652091 
vt 0.943293 0.586561 
vt 0.943102 0.602095 
vt 0.941995 0.649651 
vt 0.941701 0.645979 
vt 0.942462 0.617056 
vt 0.940078 0.59893 
vt 0.943551 0.567295 
vt 0.943759 0.602843 
vt 0.939995 0.648565 
vt 0.945702 0.599658 
vt 0.943619 0.619983 
vt 0.933022 0.649468 
vt 0.94099 0.616658 
vt 0.944155 0.647787 
vt 0.94018 0.62687 
vt 0.943884 0.626747 
vt 0.944683 0.646107 
vt 0.942298 0.64172 
vt 0.941505 0.63189 
vt 0.943092 0.631811 
vt 0.943383 0.641585 
vt 0.941787 0.639981 
vt 0.943637 0.639875 
vt 0.938104 0.72228 
vt 0.936242 0.652659 
vt 0.938604 0.678148 
vt 0.938604 0.678148 
vt 0.942066 0.817993 
vt 0.951767 0.724721 
vt 0.938104 0.72228 
vt 0.951767 0.724721 
vt 0.950066 0.678265 
vt 0.937756 0.647992 
vt 0.947035 0.715369 
vt 0.933022 0.717449 
vt 0.933022 0.717449 
vt 0.945121 0.619666 
vt 0.945906 0.630989 
vt 0.941806 0.630764 
vt 0.944624 0.637103 
vt 0.945275 0.650259 
vt 0.944629 0.666915 
vt 0.947035 0.715369 
vt 0.94221 0.636939 
vt 0.939544 0.64766 
vt 0.945724 0.648003 
vt 0.939787 0.649909 
vt 0.947558 0.648158 
vt 0.938915 0.666863 
vt 0.938915 0.666863 
vt 0.944629 0.666915 
vt 0.946255 0.651494 
vt 0.953385 0.652091 
vt 0.941309 0.841947 
vt 0.943293 0.586561 
vt 0.943102 0.602095 
vt 0.941995 0.649651 
vt 0.941701 0.645979 
vt 0.942462 0.617056 
vt 0.940078 0.59893 
vt 0.943551 0.567295 
vt 0.943759 0.602843 
vt 0.939995 0.648565 
vt 0.945702 0.599658 
vt 0.933022 0.649468 
vt 0.943619 0.619983 
vt 0.94099 0.616658 
vt 0.944155 0.647787 
vt 0.94018 0.62687 
vt 0.943884 0.626747 
vt 0.944683 0.646107 
vt 0.942298 0.64172 
vt 0.941505 0.63189 
vt 0.943092 0.631811 
vt 0.943383 0.641585 
vt 0.941787 0.639981 
vt 0.943637 0.639875 
vt 0.938104 0.72228 
vt 0.936242 0.652659 
vt 0.938604 0.678148 
vt 0.938604 0.678148 
vt 0.942066 0.817993 
vt 0.951767 0.724721 
vt 0.938104 0.72228 
vt 0.951767 0.724721 
vt 0.950066 0.678265 
vt 0.947035 0.715369 
vt 0.933022 0.717449 
vt 0.937756 0.647992 
vt 0.945121 0.619666 
vt 0.945906 0.630989 
vt 0.941806 0.630764 
vt 0.944624 0.637103 
vt 0.945275 0.650259 
vt 0.94221 0.636939 
vt 0.944629 0.666915 
vt 0.947035 0.715369 
vt 0.939544 0.64766 
vt 0.945724 0.648003 
vt 0.939787 0.649909 
vt 0.947558 0.648158 
vt 0.938915 0.666863 
vt 0.938915 0.666863 
vt 0.944629 0.666915 
vt 0.922817 0.264775 
vt 0.929947 0.265372 
vt 0.919855 0.199842 
vt 0.919665 0.215376 
vt 0.918557 0.262932 
vt 0.918264 0.259261 
vt 0.919024 0.230337 
vt 0.916641 0.212211 
vt 0.920113 0.180576 
vt 0.920322 0.216125 
vt 0.917553 0.22994 
vt 0.922265 0.21294 
vt 0.920181 0.233264 
vt 0.921683 0.232948 
vt 0.916742 0.240151 
vt 0.920447 0.240028 
vt 0.919654 0.245092 
vt 0.919945 0.254866 
vt 0.918068 0.245172 
vt 0.91886 0.255001 
vt 0.9202 0.253156 
vt 0.91835 0.253262 
vt 0.920717 0.261068 
vt 0.921245 0.259388 
vt 0.918629 0.431274 
vt 0.916557 0.261846 
vt 0.909585 0.26275 
vt 0.922817 0.264775 
vt 0.929947 0.265372 
vt 0.919855 0.199842 
vt 0.919665 0.215376 
vt 0.918557 0.262932 
vt 0.918264 0.259261 
vt 0.919024 0.230337 
vt 0.916641 0.212211 
vt 0.920113 0.180576 
vt 0.920322 0.216125 
vt 0.922265 0.21294 
vt 0.920181 0.233264 
vt 0.921683 0.232948 
vt 0.917553 0.22994 
vt 0.916742 0.240151 
vt 0.920447 0.240028 
vt 0.919654 0.245092 
vt 0.919945 0.254866 
vt 0.918068 0.245172 
vt 0.91886 0.255001 
vt 0.9202 0.253156 
vt 0.91835 0.253262 
vt 0.921245 0.259388 
vt 0.920717 0.261068 
vt 0.918629 0.431274 
vt 0.916557 0.261846 
vt 0.909585 0.26275 
vt 0.929947 0.265372 
vt 0.917871 0.455228 
vt 0.924121 0.26144 
vt 0.920322 0.216125 
vt 0.919855 0.199842 
vt 0.920181 0.233264 
vt 0.918369 0.244045 
vt 0.91635 0.26319 
vt 0.920113 0.180576 
vt 0.919665 0.215376 
vt 0.909585 0.330731 
vt 0.916557 0.261846 
vt 0.916641 0.212211 
vt 0.920717 0.261068 
vt 0.917553 0.22994 
vt 0.918773 0.25022 
vt 0.916106 0.260941 
vt 0.915478 0.280144 
vt 0.915478 0.280144 
vt 0.921191 0.280196 
vt 0.921191 0.280196 
vt 0.921245 0.259388 
vt 0.916742 0.240151 
vt 0.91886 0.255001 
vt 0.91835 0.253262 
vt 0.918068 0.245172 
vt 0.914667 0.335562 
vt 0.912804 0.265941 
vt 0.918629 0.431274 
vt 0.914667 0.335562 
vt 0.92833 0.338002 
vt 0.92833 0.338002 
vt 0.926628 0.291546 
vt 0.918264 0.259261 
vt 0.928023 0.265455 
vt 0.923598 0.32865 
vt 0.920447 0.240028 
vt 0.919024 0.230337 
vt 0.919945 0.254866 
vt 0.919654 0.245092 
vt 0.9202 0.253156 
vt 0.909585 0.330731 
vt 0.923598 0.32865 
vt 0.914319 0.261273 
vt 0.921837 0.26354 
vt 0.909585 0.26275 
vt 0.922468 0.24427 
vt 0.921683 0.232948 
vt 0.922265 0.21294 
vt 0.922286 0.261284 
vt 0.921187 0.250384 
vt 0.929947 0.265372 
vt 0.924121 0.26144 
vt 0.917871 0.455228 
vt 0.920322 0.216125 
vt 0.919855 0.199842 
vt 0.920181 0.233264 
vt 0.918369 0.244045 
vt 0.91635 0.26319 
vt 0.919665 0.215376 
vt 0.920113 0.180576 
vt 0.909585 0.330731 
vt 0.918773 0.25022 
vt 0.916106 0.260941 
vt 0.915478 0.280144 
vt 0.915478 0.280144 
vt 0.921191 0.280196 
vt 0.921191 0.280196 
vt 0.916641 0.212211 
vt 0.916557 0.261846 
vt 0.917553 0.22994 
vt 0.920717 0.261068 
vt 0.922286 0.261284 
vt 0.921837 0.26354 
vt 0.921187 0.250384 
vt 0.909585 0.26275 
vt 0.922265 0.21294 
vt 0.921683 0.232948 
vt 0.914319 0.261273 
vt 0.922468 0.24427 
vt 0.918629 0.431274 
vt 0.923598 0.32865 
vt 0.909585 0.330731 
vt 0.923598 0.32865 
vt 0.914667 0.335562 
vt 0.921245 0.259388 
vt 0.912804 0.265941 
vt 0.914667 0.335562 
vt 0.92833 0.338002 
vt 0.916742 0.240151 
vt 0.91886 0.255001 
vt 0.918068 0.245172 
vt 0.91835 0.253262 
vt 0.92833 0.338002 
vt 0.926628 0.291546 
vt 0.918264 0.259261 
vt 0.928023 0.265455 
vt 0.919024 0.230337 
vt 0.920447 0.240028 
vt 0.919945 0.254866 
vt 0.9202 0.253156 
vt 0.919654 0.245092 
vt 0.204918 0.244793 
vt 0.206309 0.263481 
vt 0.204633 0.240958 
vt 0.206309 0.263481 
vt 0.206024 0.25965 
vt 0.207415 0.278343 
vt 0.204918 0.244793 
vt 0.204633 0.240958 
vt 0.206309 0.263481 
vt 0.207415 0.278343 
vt 0.206024 0.25965 
vt 0.194841 0.233875 
vt 0.195419 0.233767 
vt 0.210341 0.236765 
vt 0.194841 0.233875 
vt 0.210341 0.236765 
vt 0.195419 0.233767 
vt 0.207415 0.278343 
vt 0.207415 0.278343 
vt 0.196622 0.284716 
vt 0.207415 0.278343 
vt 0.196622 0.284716 
vt 0.207415 0.278343 
vt 0.184825 0.280339 
vt 0.200235 0.286057 
vt 0.179885 0.24035 
vt 0.181617 0.236346 
vt 0.194841 0.233875 
vt 0.179885 0.24035 
vt 0.194841 0.233875 
vt 0.181617 0.236346 
vt 0.183273 0.260375 
vt 0.183273 0.260375 
vt 0.182287 0.252504 
vt 0.183273 0.260375 
vt 0.182287 0.252504 
vt 0.183273 0.260375 
vt 0.184413 0.269481 
vt 0.184785 0.272453 
vt 0.183273 0.260375 
vt 0.182287 0.252504 
vt 0.181761 0.248297 
vt 0.179885 0.24035 
vt 0.184413 0.269481 
vt 0.183273 0.260375 
vt 0.184785 0.272453 
vt 0.182287 0.252504 
vt 0.179885 0.24035 
vt 0.181761 0.248297 
vt 0.184825 0.280339 
vt 0.184992 0.284762 
vt 0.184413 0.269481 
vt 0.184825 0.280339 
vt 0.184413 0.269481 
vt 0.184992 0.284762 
vt 0.196622 0.284716 
vt 0.200235 0.286057 
vt 0.184825 0.280339 
vt 0.942298 0.64172 
vt 0.941505 0.63189 
vt 0.941787 0.639981 
vt 0.941787 0.639981 
vt 0.941505 0.63189 
vt 0.942298 0.64172 
vt 0.960548 0.57324 
vt 0.95412 0.593535 
vt 0.954917 0.568121 
vt 0.953385 0.587422 
vt 0.953385 0.587422 
vt 0.95412 0.593535 
vt 0.960548 0.57324 
vt 0.954917 0.568121 
vt 0.95412 0.593535 
vt 0.953385 0.587422 
vt 0.953385 0.587422 
vt 0.95412 0.593535 

usemtl Handle4Mtl

f 485/485/485 486/486/486 487/487/487 
f 488/488/488 487/487/487 486/486/486 
f 488/488/488 489/489/489 487/487/487 
f 488/488/488 490/490/490 489/489/489 
f 491/491/491 488/488/488 486/486/486 
f 488/488/488 491/491/491 492/492/492 
f 493/493/493 492/492/492 491/491/491 
f 493/493/493 485/485/485 494/494/494 
f 492/492/492 493/493/493 495/495/495 
f 495/495/495 496/496/496 490/490/490 
f 496/496/496 495/495/495 497/497/497 
f 498/498/498 496/496/496 494/494/494 
f 499/499/499 498/498/498 500/500/500 
f 500/500/500 501/501/501 499/499/499 
f 502/502/502 500/500/500 503/503/503 
f 504/504/504 505/505/505 499/499/499 
f 504/504/504 499/499/499 506/506/506 
f 507/507/507 508/508/508 509/509/509 
f 507/507/507 509/509/509 510/510/510 
f 510/510/510 509/509/509 511/511/511 
f 512/512/512 510/510/510 511/511/511 
f 510/510/510 513/513/513 507/507/507 
f 513/513/513 510/510/510 514/514/514 
f 514/514/514 515/515/515 513/513/513 
f 515/515/515 516/516/516 508/508/508 
f 515/515/515 514/514/514 517/517/517 
f 517/517/517 512/512/512 518/518/518 
f 518/518/518 519/519/519 517/517/517 
f 518/518/518 520/520/520 516/516/516 
f 521/521/521 520/520/520 522/522/522 
f 522/522/522 523/523/523 521/521/521 
f 524/524/524 525/525/525 521/521/521 
f 526/526/526 522/522/522 527/527/527 
f 526/526/526 528/528/528 522/522/522 
f 529/529/529 530/530/530 531/531/531 
f 532/532/532 533/533/533 531/531/531 
f 534/534/534 533/533/533 532/532/532 
f 535/535/535 533/533/533 536/536/536 
f 537/537/537 538/538/538 539/539/539 
f 540/540/540 541/541/541 538/538/538 
f 542/542/542 541/541/541 540/540/540 
f 540/540/540 543/543/543 544/544/544 
f 545/545/545 546/546/546 547/547/547 
f 548/548/548 549/549/549 545/545/545 
f 550/550/550 551/551/551 552/552/552 
f 553/553/553 554/554/554 551/551/551 
f 555/555/555 556/556/556 557/557/557 
f 558/558/558 559/559/559 560/560/560 
f 561/561/561 562/562/562 563/563/563 
f 562/562/562 564/564/564 565/565/565 
f 566/566/566 561/561/561 567/567/567 
f 568/568/568 569/569/569 570/570/570 
f 571/571/571 572/572/572 573/573/573 
f 574/574/574 575/575/575 576/576/576 
f 577/577/577 578/578/578 579/579/579 
f 580/580/580 581/581/581 582/582/582 
f 583/583/583 584/584/584 585/585/585 
f 586/586/586 585/585/585 584/584/584 
f 587/587/587 588/588/588 589/589/589 
f 590/590/590 587/587/587 591/591/591 
f 592/592/592 593/593/593 594/594/594 
f 595/595/595 596/596/596 592/592/592 
f 597/597/597 598/598/598 599/599/599 
f 600/600/600 601/601/601 602/602/602 
f 601/601/601 603/603/603 602/602/602 
f 604/604/604 605/605/605 601/601/601 
f 606/606/606 607/607/607 608/608/608 
f 608/608/608 609/609/609 610/610/610 
f 611/611/611 612/612/612 606/606/606 
f 613/613/613 614/614/614 615/615/615 
f 616/616/616 617/617/617 618/618/618 
f 619/619/619 620/620/620 621/621/621 
f 621/621/621 620/620/620 622/622/622 
f 623/623/623 624/624/624 622/622/622 
f 625/625/625 619/619/619 621/621/621 
f 621/621/621 626/626/626 625/625/625 
f 624/624/624 627/627/627 626/626/626 
f 619/619/619 625/625/625 628/628/628 
f 629/629/629 619/619/619 628/628/628 
f 630/630/630 631/631/631 629/629/629 
f 632/632/632 630/630/630 633/633/633 
f 632/632/632 633/633/633 634/634/634 
f 635/635/635 632/632/632 634/634/634 
f 635/635/635 636/636/636 632/632/632 
f 637/637/637 635/635/635 634/634/634 
f 637/637/637 638/638/638 635/635/635 
f 639/639/639 634/634/634 620/620/620 
f 640/640/640 620/620/620 634/634/634 
f 641/641/641 640/640/640 642/642/642 
f 643/643/643 640/640/640 644/644/644 
f 644/644/644 645/645/645 643/643/643 
f 646/646/646 643/643/643 647/647/647 
f 643/643/643 648/648/648 647/647/647 
f 649/649/649 620/620/620 650/650/650 
f 649/649/649 650/650/650 651/651/651 
f 652/652/652 649/649/649 651/651/651 
f 653/653/653 650/650/650 654/654/654 
f 650/650/650 653/653/653 655/655/655 
f 656/656/656 657/657/657 658/658/658 
f 656/656/656 659/659/659 657/657/657 
f 660/660/660 657/657/657 659/659/659 
f 659/659/659 656/656/656 661/661/661 
f 656/656/656 662/662/662 661/661/661 
f 663/663/663 664/664/664 660/660/660 
f 657/657/657 665/665/665 658/658/658 
f 666/666/666 665/665/665 664/664/664 
f 666/666/666 667/667/667 665/665/665 
f 668/668/668 669/669/669 662/662/662 
f 670/670/670 669/669/669 671/671/671 
f 671/671/671 672/672/672 670/670/670 
f 672/672/672 673/673/673 658/658/658 
f 674/674/674 672/672/672 671/671/671 
f 671/671/671 675/675/675 674/674/674 
f 676/676/676 672/672/672 674/674/674 
f 674/674/674 677/677/677 676/676/676 
f 658/658/658 678/678/678 672/672/672 
f 679/679/679 678/678/678 665/665/665 
f 678/678/678 679/679/679 680/680/680 
f 681/681/681 682/682/682 678/678/678 
f 683/683/683 682/682/682 681/681/681 
f 684/684/684 685/685/685 681/681/681 
f 686/686/686 681/681/681 685/685/685 
f 687/687/687 688/688/688 658/658/658 
f 687/687/687 689/689/689 688/688/688 
f 690/690/690 689/689/689 687/687/687 
f 691/691/691 688/688/688 692/692/692 
f 688/688/688 693/693/693 692/692/692 
f 694/694/694 695/695/695 696/696/696 
f 697/697/697 694/694/694 696/696/696 
f 698/698/698 694/694/694 697/697/697 
f 699/699/699 695/695/695 694/694/694 
f 698/698/698 699/699/699 694/694/694 
f 700/700/700 695/695/695 699/699/699 
f 701/701/701 700/700/700 699/699/699 
f 701/701/701 699/699/699 698/698/698 
f 702/702/702 701/701/701 698/698/698 
f 703/703/703 702/702/702 698/698/698 
f 704/704/704 703/703/703 697/697/697 
f 703/703/703 705/705/705 702/702/702 
f 703/703/703 704/704/704 706/706/706 
f 707/707/707 706/706/706 704/704/704 
f 706/706/706 708/708/708 703/703/703 
f 702/702/702 709/709/709 701/701/701 
f 702/702/702 710/710/710 709/709/709 
f 711/711/711 701/701/701 709/709/709 
f 701/701/701 711/711/711 712/712/712 
f 709/709/709 713/713/713 711/711/711 
f 713/713/713 714/714/714 711/711/711 
f 711/711/711 714/714/714 715/715/715 
f 711/711/711 716/716/716 712/712/712 
f 711/711/711 715/715/715 716/716/716 
f 716/716/716 717/717/717 712/712/712 
f 718/718/718 716/716/716 715/715/715 
f 717/717/717 716/716/716 719/719/719 
f 716/716/716 718/718/718 719/719/719 
f 720/720/720 721/721/721 713/713/713 
f 722/722/722 721/721/721 720/720/720 
f 722/722/722 720/720/720 723/723/723 
f 720/720/720 713/713/713 724/724/724 
f 720/720/720 725/725/725 726/726/726 
f 725/725/725 720/720/720 727/727/727 
f 727/727/727 728/728/728 725/725/725 
f 720/720/720 695/695/695 727/727/727 
f 708/708/708 729/729/729 724/724/724 
f 729/729/729 730/730/730 724/724/724 
f 695/695/695 730/730/730 731/731/731 
f 730/730/730 732/732/732 731/731/731 
f 708/708/708 733/733/733 729/729/729 
f 733/733/733 708/708/708 706/706/706 
f 706/706/706 707/707/707 733/733/733 
f 734/734/734 729/729/729 733/733/733 
f 734/734/734 733/733/733 707/707/707 
f 707/707/707 735/735/735 734/734/734 
f 736/736/736 734/734/734 735/735/735 
f 736/736/736 737/737/737 734/734/734 
f 738/738/738 730/730/730 737/737/737 
f 730/730/730 738/738/738 739/739/739 
f 735/735/735 740/740/740 736/736/736 
f 741/741/741 736/736/736 740/740/740 
f 736/736/736 741/741/741 742/742/742 
f 740/740/740 743/743/743 741/741/741 
f 735/735/735 744/744/744 743/743/743 
f 743/743/743 744/744/744 731/731/731 
f 745/745/745 741/741/741 743/743/743 
f 745/745/745 742/742/742 741/741/741 
f 742/742/742 745/745/745 738/738/738 
f 745/745/745 731/731/731 746/746/746 
f 746/746/746 738/738/738 745/745/745 
f 738/738/738 746/746/746 747/747/747 
f 748/748/748 749/749/749 750/750/750 
f 751/751/751 749/749/749 748/748/748 
f 748/748/748 752/752/752 751/751/751 
f 753/753/753 748/748/748 750/750/750 
f 752/752/752 748/748/748 753/753/753 
f 754/754/754 753/753/753 750/750/750 
f 755/755/755 753/753/753 754/754/754 
f 753/753/753 755/755/755 752/752/752 
f 755/755/755 756/756/756 752/752/752 
f 757/757/757 752/752/752 756/756/756 
f 757/757/757 758/758/758 751/751/751 
f 759/759/759 757/757/757 756/756/756 
f 758/758/758 757/757/757 760/760/760 
f 761/761/761 760/760/760 757/757/757 
f 760/760/760 762/762/762 758/758/758 
f 763/763/763 756/756/756 755/755/755 
f 764/764/764 756/756/756 763/763/763 
f 755/755/755 765/765/765 763/763/763 
f 765/765/765 755/755/755 766/766/766 
f 765/765/765 767/767/767 763/763/763 
f 767/767/767 765/765/765 768/768/768 
f 769/769/769 768/768/768 765/765/765 
f 770/770/770 765/765/765 766/766/766 
f 765/765/765 770/770/770 769/769/769 
f 766/766/766 771/771/771 770/770/770 
f 770/770/770 772/772/772 769/769/769 
f 773/773/773 770/770/770 771/771/771 
f 772/772/772 770/770/770 773/773/773 
f 774/774/774 767/767/767 775/775/775 
f 776/776/776 774/774/774 775/775/775 
f 776/776/776 777/777/777 774/774/774 
f 774/774/774 778/778/778 767/767/767 
f 779/779/779 774/774/774 780/780/780 
f 779/779/779 781/781/781 774/774/774 
f 781/781/781 779/779/779 782/782/782 
f 781/781/781 750/750/750 774/774/774 
f 783/783/783 750/750/750 784/784/784 
f 785/785/785 778/778/778 783/783/783 
f 761/761/761 778/778/778 785/785/785 
f 786/786/786 761/761/761 785/785/785 
f 761/761/761 786/786/786 760/760/760 
f 762/762/762 760/760/760 786/786/786 
f 785/785/785 787/787/787 786/786/786 
f 786/786/786 787/787/787 762/762/762 
f 762/762/762 787/787/787 788/788/788 
f 787/787/787 789/789/789 788/788/788 
f 790/790/790 789/789/789 787/787/787 
f 791/791/791 788/788/788 789/789/789 
f 792/792/792 790/790/790 783/783/783 
f 783/783/783 793/793/793 792/792/792 
f 789/789/789 794/794/794 791/791/791 
f 794/794/794 789/789/789 795/795/795 
f 796/796/796 791/791/791 794/794/794 
f 797/797/797 788/788/788 796/796/796 
f 796/796/796 784/784/784 797/797/797 
f 798/798/798 796/796/796 794/794/794 
f 795/795/795 798/798/798 794/794/794 
f 798/798/798 795/795/795 792/792/792 
f 799/799/799 798/798/798 792/792/792 
f 799/799/799 792/792/792 800/800/800 
f 801/801/801 498/498/498 802/802/802 
f 802/802/802 803/803/803 801/801/801 
f 801/801/801 803/803/803 804/804/804 
f 805/805/805 498/498/498 801/801/801 
f 801/801/801 804/804/804 805/805/805 
f 806/806/806 498/498/498 805/805/805 
f 805/805/805 807/807/807 806/806/806 
f 805/805/805 804/804/804 807/807/807 
f 808/808/808 807/807/807 804/804/804 
f 809/809/809 808/808/808 804/804/804 
f 810/810/810 809/809/809 803/803/803 
f 808/808/808 811/811/811 807/807/807 
f 809/809/809 810/810/810 812/812/812 
f 813/813/813 812/812/812 810/810/810 
f 812/812/812 813/813/813 814/814/814 
f 489/489/489 814/814/814 813/813/813 
f 813/813/813 487/487/487 489/489/489 
f 815/815/815 807/807/807 811/811/811 
f 807/807/807 815/815/815 816/816/816 
f 817/817/817 816/816/816 815/815/815 
f 817/817/817 818/818/818 816/816/816 
f 815/815/815 819/819/819 817/817/817 
f 815/815/815 820/820/820 819/819/819 
f 821/821/821 817/817/817 819/819/819 
f 821/821/821 819/819/819 822/822/822 
f 811/811/811 823/823/823 824/824/824 
f 824/824/824 823/823/823 825/825/825 
f 823/823/823 826/826/826 825/825/825 
f 808/808/808 826/826/826 823/823/823 
f 826/826/826 827/827/827 825/825/825 
f 809/809/809 827/827/827 826/826/826 
f 828/828/828 829/829/829 520/520/520 
f 828/828/828 830/830/830 829/829/829 
f 830/830/830 828/828/828 831/831/831 
f 832/832/832 828/828/828 520/520/520 
f 832/832/832 831/831/831 828/828/828 
f 833/833/833 832/832/832 520/520/520 
f 833/833/833 834/834/834 832/832/832 
f 831/831/831 832/832/832 834/834/834 
f 834/834/834 835/835/835 831/831/831 
f 836/836/836 831/831/831 835/835/835 
f 836/836/836 837/837/837 830/830/830 
f 837/837/837 836/836/836 838/838/838 
f 838/838/838 839/839/839 837/837/837 
f 839/839/839 838/838/838 840/840/840 
f 840/840/840 511/511/511 839/839/839 
f 839/839/839 511/511/511 509/509/509 
f 841/841/841 835/835/835 834/834/834 
f 834/834/834 842/842/842 841/841/841 
f 842/842/842 834/834/834 843/843/843 
f 843/843/843 844/844/844 842/842/842 
f 843/843/843 845/845/845 844/844/844 
f 846/846/846 842/842/842 844/844/844 
f 846/846/846 847/847/847 842/842/842 
f 844/844/844 848/848/848 846/846/846 
f 849/849/849 846/846/846 848/848/848 
f 841/841/841 850/850/850 851/851/851 
f 850/850/850 852/852/852 851/851/851 
f 835/835/835 851/851/851 853/853/853 
f 851/851/851 852/852/852 853/853/853 
f 853/853/853 852/852/852 854/854/854 
f 836/836/836 853/853/853 854/854/854 
f 855/855/855 856/856/856 857/857/857 
f 855/855/855 858/858/858 859/859/859 
f 855/855/855 860/860/860 858/858/858 
f 860/860/860 855/855/855 857/857/857 
f 857/857/857 861/861/861 860/860/860 
f 861/861/861 857/857/857 862/862/862 
f 863/863/863 864/864/864 859/859/859 
f 857/857/857 856/856/856 865/865/865 
f 862/862/862 857/857/857 865/865/865 
f 866/866/866 867/867/867 863/863/863 
f 868/868/868 869/869/869 867/867/867 
f 870/870/870 862/862/862 871/871/871 
f 872/872/872 871/871/871 862/862/862 
f 872/872/872 865/865/865 873/873/873 
f 872/872/872 873/873/873 874/874/874 
f 875/875/875 874/874/874 873/873/873 
f 869/869/869 876/876/876 877/877/877 
f 876/876/876 878/878/878 877/877/877 
f 879/879/879 880/880/880 878/878/878 
f 881/881/881 882/882/882 876/876/876 
f 881/881/881 876/876/876 883/883/883 
f 884/884/884 881/881/881 885/885/885 
f 881/881/881 883/883/883 856/856/856 
f 886/886/886 887/887/887 885/885/885 
f 886/886/886 856/856/856 888/888/888 
f 886/886/886 888/888/888 889/889/889 
f 890/890/890 856/856/856 883/883/883 
f 891/891/891 888/888/888 892/892/892 
f 888/888/888 891/891/891 893/893/893 
f 893/893/893 894/894/894 895/895/895 
f 896/896/896 890/890/890 897/897/897 
f 890/890/890 896/896/896 865/865/865 
f 898/898/898 890/890/890 883/883/883 
f 899/899/899 890/890/890 898/898/898 
f 900/900/900 898/898/898 883/883/883 
f 898/898/898 901/901/901 899/899/899 
f 901/901/901 898/898/898 902/902/902 
f 900/900/900 902/902/902 898/898/898 
f 902/902/902 900/900/900 903/903/903 
f 900/900/900 863/863/863 903/903/903 
f 874/874/874 899/899/899 904/904/904 
f 899/899/899 905/905/905 904/904/904 
f 906/906/906 907/907/907 908/908/908 
f 909/909/909 906/906/906 910/910/910 
f 911/911/911 906/906/906 909/909/909 
f 906/906/906 911/911/911 907/907/907 
f 912/912/912 907/907/907 911/911/911 
f 907/907/907 912/912/912 913/913/913 
f 914/914/914 915/915/915 910/910/910 
f 907/907/907 916/916/916 908/908/908 
f 913/913/913 916/916/916 907/907/907 
f 913/913/913 917/917/917 918/918/918 
f 919/919/919 913/913/913 918/918/918 
f 919/919/919 920/920/920 916/916/916 
f 921/921/921 920/920/920 919/919/919 
f 920/920/920 921/921/921 922/922/922 
f 923/923/923 924/924/924 915/915/915 
f 925/925/925 926/926/926 923/923/923 
f 921/921/921 927/927/927 928/928/928 
f 929/929/929 928/928/928 927/927/927 
f 915/915/915 930/930/930 931/931/931 
f 930/930/930 932/932/932 931/931/931 
f 932/932/932 930/930/930 933/933/933 
f 933/933/933 934/934/934 932/932/932 
f 934/934/934 933/933/933 928/928/928 
f 930/930/930 935/935/935 933/933/933 
f 928/928/928 933/933/933 936/936/936 
f 933/933/933 935/935/935 936/936/936 
f 936/936/936 937/937/937 938/938/938 
f 937/937/937 936/936/936 916/916/916 
f 908/908/908 936/936/936 935/935/935 
f 935/935/935 939/939/939 908/908/908 
f 939/939/939 935/935/935 940/940/940 
f 939/939/939 940/940/940 941/941/941 
f 939/939/939 942/942/942 943/943/943 
f 944/944/944 940/940/940 925/925/925 
f 940/940/940 944/944/944 945/945/945 
f 945/945/945 946/946/946 947/947/947 
f 948/948/948 943/943/943 949/949/949 
f 948/948/948 950/950/950 908/908/908 
f 948/948/948 951/951/951 950/950/950 
f 952/952/952 950/950/950 953/953/953 
f 950/950/950 954/954/954 953/953/953 
f 955/955/955 956/956/956 954/954/954 
f 957/957/957 958/958/958 959/959/959 
f 960/960/960 961/961/961 962/962/962 
f 963/963/963 964/964/964 960/960/960 
f 965/965/965 966/966/966 967/967/967 
f 968/968/968 969/969/969 970/970/970 
f 971/971/971 972/972/972 973/973/973 
f 974/974/974 975/975/975 976/976/976 
f 977/977/977 978/978/978 979/979/979 
f 978/978/978 980/980/980 981/981/981 
f 982/982/982 983/983/983 984/984/984 
f 985/985/985 986/986/986 987/987/987 
f 988/988/988 989/989/989 990/990/990 
f 991/991/991 992/992/992 993/993/993 
f 994/994/994 995/995/995 996/996/996 
f 997/997/997 998/998/998 999/999/999 
f 1000/1000/1000 1001/1001/1001 1002/1002/1002 
f 1003/1003/1003 1004/1004/1004 1005/1005/1005 
f 1006/1006/1006 1007/1007/1007 1008/1008/1008 
f 1009/1009/1009 1010/1010/1010 1011/1011/1011 
f 1012/1012/1012 1013/1013/1013 1014/1014/1014 
f 1015/1015/1015 1016/1016/1016 1017/1017/1017 
f 1018/1018/1018 1019/1019/1019 1020/1020/1020 
f 1021/1021/1021 1022/1022/1022 1023/1023/1023 
f 1023/1023/1023 1022/1022/1022 1024/1024/1024 
f 1022/1022/1022 1025/1025/1025 1024/1024/1024 
f 1025/1025/1025 1022/1022/1022 1026/1026/1026 
f 1027/1027/1027 1028/1028/1028 1029/1029/1029 
f 1028/1028/1028 1030/1030/1030 1029/1029/1029 
f 1029/1029/1029 1031/1031/1031 1032/1032/1032 

g Handle5

v -200.006 2.07762 -222.074 
v -200.006 2.07762 -222.942 
v -199.59 2.22935 -222.508 
v -202.035 2.07762 -222.074 
v -202.452 2.22935 -222.508 
v -202.035 2.07762 -222.942 
v -200.068 2.0337 -222 
v -200.068 2.0337 -223.016 
v -200.006 2.07762 -222.074 
v -200.006 2.07762 -222.942 
v -201.021 1.82327 -221.928 
v -201.021 1.82327 -223.089 
v -201.973 2.0337 -223.016 
v -201.973 2.0337 -222 
v -202.035 2.07762 -222.074 
v -202.035 2.07762 -222.942 
v -201.021 1.82327 -221.928 
v -201.021 1.82327 -223.089 
v -200.006 2.21765 -222.074 
v -200.006 2.07762 -222.074 
v -199.59 2.22935 -222.508 
v -200.006 2.07762 -222.942 
v -200.006 2.21765 -222.942 
v -199.59 2.22935 -222.508 
v -202.035 2.21765 -222.074 
v -202.452 2.22935 -222.508 
v -202.035 2.07762 -222.074 
v -202.035 2.07762 -222.942 
v -202.452 2.22935 -222.508 
v -202.035 2.21765 -222.942 
v -199.974 4.04975 -221.998 
v -199.964 3.60759 -223.058 
v -199.974 4.04975 -223.058 
v -201.021 3.61682 -223.203 
v -200.007 4.08111 -223.058 
v -201.021 3.61682 -223.203 
v -200.007 4.08111 -221.998 
v -201.021 3.57604 -221.981 
v -201.021 4.08111 -221.998 
v -201.021 3.57604 -221.981 
v -201.021 4.08111 -223.058 
v -201.021 3.61682 -223.203 
v -199.964 3.60759 -221.998 
v -201.021 3.57604 -221.981 
v -200.169 3.07115 -222.948 
v -200.17 3.0556 -222.032 
v -201.021 2.89135 -222.064 
v -201.021 2.81067 -222.957 
v -200.242 3.0387 -222.082 
v -201.021 2.9002 -222.11 
v -200.315 2.75567 -222.075 
v -201.021 2.75567 -222.103 
v -200.2 3.04757 -222.064 
v -200.216 3.0439 -222.105 
v -200.29 2.75567 -222.098 
v -200.315 2.75567 -222.075 
v -200.29 2.75567 -222.871 
v -200.216 3.06151 -222.878 
v -200.199 3.06528 -222.918 
v -200.243 3.05409 -222.903 
v -200.29 2.75567 -222.871 
v -201.021 2.82318 -222.927 
v -200.315 2.75567 -222.895 
v -201.021 2.75567 -222.92 
v -202.067 4.04975 -221.998 
v -202.067 4.04975 -223.058 
v -202.078 3.60759 -223.058 
v -201.021 3.61682 -223.203 
v -202.035 4.08111 -223.058 
v -201.021 3.61682 -223.203 
v -202.035 4.08111 -221.998 
v -201.021 3.57604 -221.981 
v -201.021 4.08111 -221.998 
v -201.021 3.57604 -221.981 
v -201.021 4.08111 -223.058 
v -201.021 3.61682 -223.203 
v -202.078 3.60759 -221.998 
v -201.021 3.57604 -221.981 
v -201.873 3.07115 -222.948 
v -201.871 3.0556 -222.032 
v -201.021 2.89135 -222.064 
v -201.021 2.81067 -222.957 
v -201.799 3.0387 -222.082 
v -201.021 2.9002 -222.11 
v -201.727 2.75567 -222.075 
v -201.021 2.75567 -222.103 
v -201.841 3.04757 -222.064 
v -201.825 3.0439 -222.105 
v -201.752 2.75567 -222.098 
v -201.727 2.75567 -222.075 
v -201.752 2.75567 -222.871 
v -201.826 3.06151 -222.878 
v -201.842 3.06528 -222.918 
v -201.799 3.05409 -222.903 
v -201.752 2.75567 -222.871 
v -201.021 2.82318 -222.927 
v -201.727 2.75567 -222.895 
v -201.021 2.75567 -222.92 
v -199.982 2.22839 -222.958 
v -199.56 2.23503 -222.508 
v -199.982 2.22812 -222.059 
v -202.059 2.22839 -222.958 
v -202.059 2.22812 -222.059 
v -202.481 2.23503 -222.508 
v -200.29 2.75567 -222.098 
v -200.006 2.21765 -222.074 
v -200.29 2.75567 -222.871 
v -200.006 2.21765 -222.942 
v -201.752 2.75567 -222.098 
v -201.752 2.75567 -222.871 
v -202.035 2.21765 -222.074 
v -202.035 2.21765 -222.942 
v -200.006 2.21765 -222.942 
v -200.006 2.07762 -222.942 
v -200.068 2.21765 -223.016 
v -200.068 2.0337 -223.016 
v -201.021 2.21765 -223.035 
v -201.021 1.82327 -223.089 
v -201.021 2.21765 -221.981 
v -200.068 2.0337 -222 
v -200.068 2.21765 -222 
v -201.021 1.82327 -221.928 
v -200.006 2.07762 -222.074 
v -200.006 2.21765 -222.074 
v -202.035 2.21765 -222.942 
v -201.973 2.21765 -223.016 
v -202.035 2.07762 -222.942 
v -201.973 2.0337 -223.016 
v -201.021 2.21765 -223.035 
v -201.021 1.82327 -223.089 
v -201.973 2.0337 -222 
v -201.021 2.21765 -221.981 
v -201.973 2.21765 -222 
v -201.021 1.82327 -221.928 
v -202.035 2.07762 -222.074 
v -202.035 2.21765 -222.074 
v -201.021 2.81067 -222.957 
v -201.021 3.61682 -223.203 
v -199.964 3.60759 -223.058 
v -201.021 2.81067 -222.957 
v -202.078 3.60759 -223.058 
v -201.021 3.61682 -223.203 
v -201.021 2.75567 -222.103 
v -201.021 2.21765 -221.981 
v -200.315 2.75567 -222.075 
v -200.068 2.21765 -222 
v -200.006 2.21765 -222.074 
v -200.29 2.75567 -222.098 
v -201.021 2.75567 -222.103 
v -201.727 2.75567 -222.075 
v -201.021 2.21765 -221.981 
v -201.973 2.21765 -222 
v -202.035 2.21765 -222.074 
v -201.752 2.75567 -222.098 
v -200.315 2.75567 -222.895 
v -201.021 2.21765 -223.035 
v -201.021 2.75567 -222.92 
v -200.068 2.21765 -223.016 
v -200.006 2.21765 -222.942 
v -200.29 2.75567 -222.871 
v -201.021 2.21765 -223.035 
v -201.727 2.75567 -222.895 
v -201.021 2.75567 -222.92 
v -201.973 2.21765 -223.016 
v -202.035 2.21765 -222.942 
v -201.752 2.75567 -222.871 
v -201.021 2.22239 -223.065 
v -200.304 2.75928 -222.924 
v -201.021 2.75831 -222.95 
v -200.054 2.22402 -223.042 
v -199.982 2.22839 -222.958 
v -200.262 2.76016 -222.883 
v -201.737 2.75928 -222.924 
v -201.021 2.22239 -223.065 
v -201.021 2.75831 -222.95 
v -201.987 2.22402 -223.042 
v -202.059 2.22839 -222.958 
v -201.779 2.76016 -222.883 
v -201.021 2.75899 -222.073 
v -200.306 2.75952 -222.047 
v -201.021 2.22176 -221.951 
v -200.054 2.2234 -221.974 
v -199.982 2.22812 -222.059 
v -200.262 2.76 -222.085 
v -201.021 2.75899 -222.073 
v -201.021 2.22176 -221.951 
v -201.736 2.75952 -222.047 
v -201.987 2.2234 -221.974 
v -202.059 2.22812 -222.059 
v -201.779 2.76 -222.085 
v -201.021 3.57494 -221.951 
v -199.941 3.60311 -221.978 
v -200.155 3.0362 -222.015 
v -201.021 2.8675 -222.046 
v -200.152 3.05105 -222.963 
v -199.941 3.60209 -223.077 
v -201.021 2.78494 -222.971 
v -200.231 3.01461 -222.068 
v -201.021 2.88014 -222.087 
v -200.306 2.75952 -222.047 
v -201.021 2.75899 -222.073 
v -200.194 3.01785 -222.065 
v -200.198 3.01959 -222.101 
v -200.262 2.76 -222.085 
v -200.306 2.75952 -222.047 
v -200.262 2.76016 -222.883 
v -200.198 3.03726 -222.883 
v -200.192 3.03601 -222.915 
v -200.228 3.02973 -222.913 
v -200.262 2.76016 -222.883 
v -201.021 2.80102 -222.946 
v -200.304 2.75928 -222.924 
v -201.021 2.75831 -222.95 
v -201.021 2.78494 -222.971 
v -199.941 3.60209 -223.077 
v -201.021 3.61578 -223.233 
v -201.021 2.78494 -222.971 
v -201.021 3.61578 -223.233 
v -202.101 3.60209 -223.077 
v -199.982 2.22839 -222.958 
v -200.054 2.22402 -223.042 
v -199.983 2.06261 -222.955 
v -200.054 2.01658 -223.036 
v -201.021 2.22239 -223.065 
v -201.988 2.01658 -223.036 
v -201.021 1.80222 -223.11 
v -200.054 2.01658 -221.98 
v -201.021 2.22176 -221.951 
v -200.054 2.2234 -221.974 
v -199.983 2.0626 -222.062 
v -199.982 2.22812 -222.059 
v -201.988 2.01658 -221.98 
v -201.021 1.80222 -221.907 
v -201.021 2.22176 -221.951 
v -200.054 2.01658 -221.98 
v -201.021 1.80222 -221.907 
v -201.988 2.01658 -221.98 
v -201.987 2.2234 -221.974 
v -202.059 2.0626 -222.062 
v -202.059 2.22812 -222.059 
v -201.021 1.80222 -223.11 
v -200.054 2.01658 -223.036 
v -201.021 2.22239 -223.065 
v -201.987 2.22402 -223.042 
v -201.988 2.01658 -223.036 
v -202.059 2.06261 -222.955 
v -202.059 2.22839 -222.958 
v -200.262 2.76 -222.085 
v -200.262 2.76016 -222.883 
v -199.982 2.22812 -222.059 
v -199.982 2.22839 -222.958 
v -201.779 2.76 -222.085 
v -202.059 2.22812 -222.059 
v -201.779 2.76016 -222.883 
v -202.059 2.22839 -222.958 
v -199.952 4.05957 -223.076 
v -199.941 3.60311 -221.978 
v -199.953 4.05924 -221.979 
v -199.941 3.60209 -223.077 
v -201.021 3.61578 -223.233 
v -201.021 3.57494 -221.951 
v -199.997 4.10386 -223.076 
v -201.021 3.61578 -223.233 
v -199.998 4.10304 -221.979 
v -201.021 3.57494 -221.951 
v -201.021 4.10558 -223.076 
v -201.021 3.61578 -223.233 
v -201.021 4.10294 -221.977 
v -201.021 3.57494 -221.951 
v -201.887 3.0362 -222.015 
v -201.021 2.8675 -222.046 
v -202.1 3.60311 -221.978 
v -201.811 3.01461 -222.068 
v -201.021 2.88014 -222.087 
v -201.736 2.75952 -222.047 
v -201.021 2.75899 -222.073 
v -201.847 3.01785 -222.065 
v -201.843 3.01959 -222.101 
v -201.89 3.05105 -222.963 
v -202.101 3.60209 -223.077 
v -201.779 2.76 -222.085 
v -201.736 2.75952 -222.047 
v -201.779 2.76016 -222.883 
v -201.843 3.03726 -222.883 
v -201.021 2.78494 -222.971 
v -201.85 3.03601 -222.915 
v -201.813 3.02973 -222.913 
v -201.779 2.76016 -222.883 
v -201.021 2.80102 -222.946 
v -201.737 2.75928 -222.924 
v -201.021 2.75831 -222.95 
v -200.006 2.21765 -222.942 
v -200.006 2.21765 -222.074 
v -199.59 2.22935 -222.508 
v -202.035 2.21765 -222.942 
v -202.452 2.22935 -222.508 
v -202.035 2.21765 -222.074 
v -200.054 2.01658 -223.036 
v -199.983 2.0626 -222.062 
v -199.983 2.06261 -222.955 
v -200.054 2.01658 -221.98 
v -201.021 1.80222 -221.907 
v -201.021 1.80222 -223.11 
v -201.988 2.01658 -221.98 
v -201.988 2.01658 -223.036 
v -202.059 2.0626 -222.062 
v -202.059 2.06261 -222.955 
v -201.021 1.80222 -221.907 
v -201.021 1.80222 -223.11 
v -199.982 2.22812 -222.059 
v -199.56 2.23503 -222.508 
v -199.983 2.0626 -222.062 
v -199.983 2.06261 -222.955 
v -199.56 2.23503 -222.508 
v -199.982 2.22839 -222.958 
v -202.059 2.22812 -222.059 
v -202.059 2.0626 -222.062 
v -202.481 2.23503 -222.508 
v -202.059 2.06261 -222.955 
v -202.059 2.22839 -222.958 
v -202.481 2.23503 -222.508 
v -199.983 2.0626 -222.062 
v -199.56 2.23503 -222.508 
v -199.983 2.06261 -222.955 
v -202.059 2.0626 -222.062 
v -202.059 2.06261 -222.955 
v -202.481 2.23503 -222.508 
v -202.09 4.05957 -223.076 
v -202.1 3.60311 -221.978 
v -202.101 3.60209 -223.077 
v -201.021 3.61578 -223.233 
v -202.089 4.05924 -221.979 
v -202.045 4.10386 -223.076 
v -201.021 3.61578 -223.233 
v -202.044 4.10304 -221.979 
v -201.021 3.57494 -221.951 
v -201.021 4.10558 -223.076 
v -201.021 3.61578 -223.233 
v -201.021 4.10294 -221.977 
v -201.021 3.57494 -221.951 

vn 0.338583 -0.937008 0 
vn 0.338583 -0.937008 0 
vn 0.338583 -0.937008 0 
vn -0.346457 -0.937008 0 
vn -0.346457 -0.937008 0 
vn -0.346457 -0.937008 0 
vn 0.338583 -0.937008 0 
vn 0.338583 -0.937008 0 
vn 0.582677 -0.818898 0 
vn 0.582677 -0.818898 0 
vn 0 -1 0 
vn 0 -1 0 
vn -0.338583 -0.937008 0 
vn -0.338583 -0.937008 0 
vn -0.582677 -0.818898 0 
vn -0.582677 -0.818898 0 
vn 0 -1 0 
vn 0 -1 0 
vn 0.724409 0 0.692913 
vn 0.724409 0 0.692913 
vn 0.724409 0 0.692913 
vn 0.724409 0 -0.692913 
vn 0.724409 0 -0.692913 
vn 0.724409 0 -0.692913 
vn -0.724409 0 0.692913 
vn -0.724409 0 0.692913 
vn -0.724409 0 0.692913 
vn -0.724409 0 -0.692913 
vn -0.724409 0 -0.692913 
vn -0.724409 0 -0.692913 
vn 0.716535 0.314961 0.629921 
vn 0.818898 -0.149606 -0.551181 
vn 0.740157 0.322835 -0.590551 
vn 0.133858 0 -0.992126 
vn 0.314961 0.748031 -0.582677 
vn 0.0944882 0.102362 -0.992126 
vn 0.291339 0.724409 0.622047 
vn 0.00787402 0.00787402 1 
vn 0 0.716535 0.692913 
vn 0 0.0314961 1 
vn 0 0.80315 -0.590551 
vn 0 0.299213 -0.952756 
vn 0.732283 -0.149606 0.669291 
vn 0 -0.0787402 1 
vn 0.559055 -0.661417 -0.496063 
vn 0.511811 -0.637795 0.574803 
vn 0 -0.795276 0.606299 
vn 0 -1 -0.023622 
vn 0.385827 -0.795276 0.472441 
vn 0 -0.661417 0.748031 
vn -0.0393701 0.0393701 1 
vn 0 0.0393701 1 
vn 0.204724 -0.976378 -0.0314961 
vn 0.582677 -0.80315 0.149606 
vn 0.88189 -0.212598 0.425197 
vn 0.661417 -0.149606 0.732283 
vn 0.968504 -0.244094 0 
vn 0.582677 -0.795276 -0.15748 
vn 0.251969 -0.96063 0.0866142 
vn 0.480315 -0.80315 -0.354331 
vn 0.692913 -0.181102 -0.700787 
vn 0 -0.748031 -0.661417 
vn 0.346457 -0.11811 -0.929134 
vn 0 -0.0472441 -1 
vn -0.716535 0.314961 0.629921 
vn -0.740157 0.322835 -0.590551 
vn -0.818898 -0.149606 -0.551181 
vn -0.133858 0 -0.992126 
vn -0.314961 0.748031 -0.582677 
vn -0.0944882 0.102362 -0.992126 
vn -0.291339 0.724409 0.622047 
vn -0.00787402 0.00787402 1 
vn 0 0.716535 0.692913 
vn 0 0.0314961 1 
vn 0 0.80315 -0.590551 
vn 0 0.299213 -0.952756 
vn -0.732283 -0.149606 0.669291 
vn 0 -0.0787402 1 
vn -0.559055 -0.661417 -0.496063 
vn -0.511811 -0.637795 0.574803 
vn 0 -0.795276 0.606299 
vn 0 -1 -0.023622 
vn -0.385827 -0.795276 0.472441 
vn 0 -0.661417 0.748031 
vn 0.0393701 0.0393701 1 
vn 0 0.0393701 1 
vn -0.204724 -0.976378 -0.0314961 
vn -0.582677 -0.80315 0.149606 
vn -0.88189 -0.212598 0.425197 
vn -0.661417 -0.149606 0.732283 
vn -0.968504 -0.244094 0 
vn -0.582677 -0.795276 -0.15748 
vn -0.251969 -0.96063 0.0866142 
vn -0.480315 -0.80315 -0.354331 
vn -0.692913 -0.181102 -0.700787 
vn 0 -0.748031 -0.661417 
vn -0.346457 -0.11811 -0.929134 
vn 0 -0.0472441 -1 
vn 0 1 0 
vn 0 1 0 
vn 0 1 0 
vn 0 1 0 
vn 0 1 0 
vn 0 1 0 
vn 0.88189 0.464567 0 
vn 0.88189 0.464567 0 
vn 0.88189 0.464567 0 
vn 0.88189 0.464567 0 
vn -0.88189 0.464567 0 
vn -0.88189 0.464567 0 
vn -0.88189 0.464567 0 
vn -0.88189 0.464567 0 
vn 0.76378 0 -0.645669 
vn 0.76378 0 -0.645669 
vn 0.440945 0.0472441 -0.897638 
vn 0.346457 0.0629921 -0.937008 
vn 0 0.0944882 -0.992126 
vn 0 0.0944882 -0.992126 
vn 0 0.0944882 0.992126 
vn 0.346457 0.0629921 0.937008 
vn 0.440945 0.0472441 0.897638 
vn 0 0.0944882 0.992126 
vn 0.76378 0 0.645669 
vn 0.76378 0 0.645669 
vn -0.76378 0 -0.645669 
vn -0.440945 0.0472441 -0.897638 
vn -0.76378 0 -0.645669 
vn -0.346457 0.0629921 -0.937008 
vn 0 0.0944882 -0.992126 
vn 0 0.0944882 -0.992126 
vn -0.354331 0.0629921 0.937008 
vn 0 0.0944882 0.992126 
vn -0.440945 0.0472441 0.897638 
vn 0 0.0944882 0.992126 
vn -0.76378 0 0.645669 
vn -0.76378 0 0.645669 
vn 0.125984 -0.291339 -0.944882 
vn 0.125984 -0.291339 -0.944882 
vn 0.125984 -0.291339 -0.944882 
vn -0.125984 -0.291339 -0.944882 
vn -0.125984 -0.291339 -0.944882 
vn -0.125984 -0.291339 -0.944882 
vn 0 0.181102 0.984252 
vn 0 0.181102 0.984252 
vn 0.299213 0.291339 0.913386 
vn 0.448819 0.338583 0.826772 
vn 0.685039 0.393701 0.614173 
vn 0.685039 0.393701 0.614173 
vn 0 0.181102 0.984252 
vn -0.299213 0.291339 0.913386 
vn 0 0.181102 0.984252 
vn -0.448819 0.338583 0.826772 
vn -0.685039 0.393701 0.614173 
vn -0.685039 0.393701 0.614173 
vn 0.322835 0.338583 -0.88189 
vn 0 0.220472 -0.976378 
vn 0 0.220472 -0.976378 
vn 0.440945 0.377953 -0.811024 
vn 0.677165 0.440945 -0.598425 
vn 0.677165 0.440945 -0.598425 
vn 0 0.220472 -0.976378 
vn -0.322835 0.338583 -0.88189 
vn 0 0.220472 -0.976378 
vn -0.440945 0.377953 -0.811024 
vn -0.677165 0.440945 -0.598425 
vn -0.677165 0.440945 -0.598425 
vn 0 -0.913386 -0.409449 
vn 0 1 0 
vn 0 1 0.015748 
vn 0 1 0 
vn 0 1 0 
vn 0 1 0 
vn 0 1 0 
vn 0 -0.913386 -0.409449 
vn 0 1 0.015748 
vn 0 1 0 
vn 0 1 0 
vn 0 1 0 
vn 0 1 0 
vn 0 1 0 
vn 0 1 0.00787402 
vn 0 1 0 
vn 0 1 0 
vn 0 1 0 
vn 0 1 0 
vn 0 1 0.00787402 
vn 0 1 0 
vn 0 1 0 
vn 0 1 0 
vn 0 1 0 
vn 0 1 -0.00787402 
vn 0 1 0 
vn 0 1 0 
vn 0 0.188976 -0.984252 
vn 0 1 0 
vn 0 1 0 
vn 0 0.976378 -0.204724 
vn 0 1 0 
vn -0.708661 0.370079 -0.606299 
vn 0 1 0 
vn 0 1 0.0314961 
vn 0 1 0 
vn 0 1 0 
vn 0 1 0 
vn 0 1 0 
vn 0 1 0 
vn 0 1 0 
vn 0 1 0 
vn 0 1 0 
vn 0 1 0 
vn -0.629921 0.488189 0.598425 
vn 0 1 0 
vn 0 -1 -0.0551181 
vn 0 1 0 
vn 0 1 0 
vn 0 1 0 
vn 0 1 0 
vn 0 1 0 
vn 0 1 0 
vn 0 1 0 
vn 0 1 0 
vn -0.00787402 1 -0.00787402 
vn 0 1 0 
vn 0 1 0.0314961 
vn 0 1 0 
vn 0 -0.992126 -0.102362 
vn 0 1 0 
vn 0 1 -0.0314961 
vn 0 1 0 
vn 0 1 0 
vn 0 1 0 
vn 0 1 0 
vn 0 1 -0.023622 
vn 0 1 -0.0314961 
vn 0 1 0 
vn 0 1 -0.023622 
vn 0 1 0 
vn 0 1 0 
vn 0.00787402 1 0.00787402 
vn 0 1 0 
vn 0 -0.992126 -0.102362 
vn 0 1 0 
vn 0 1 0.0314961 
vn 0 1 0 
vn 0 1 0 
vn 0.00787402 1 -0.00787402 
vn 0 1 0 
vn 0 1 0 
vn 0 1 0 
vn 0 1 0 
vn 0 1 0 
vn 0 1 0 
vn 0 1 0 
vn 0 1 0 
vn 0 1 0 
vn 0 1 0 
vn 0 1 0 
vn 0 1 0 
vn 0 1 0 
vn 0 1 0 
vn 0 1 -0.00787402 
vn 0 1 0 
vn 0 1 0 
vn 0 1 0 
vn 0 1 0 
vn 0.527559 0.685039 -0.503937 
vn 0 -0.811024 -0.582677 
vn 0 0.992126 0.0944882 
vn 0 1 0 
vn 0 1 0 
vn 0 0.188976 -0.984252 
vn 0 1 0 
vn 0 1 0 
vn -0.708661 0.370079 -0.606299 
vn 0 1 0 
vn 0 1 0.0314961 
vn 0 1 0 
vn 0 1 0 
vn 0 1 0 
vn 0 1 0 
vn 0 1 0 
vn 0 1 0 
vn 0 1 0 
vn 0 1 0 
vn 0 0.976378 -0.204724 
vn 0 1 0 
vn 0 1 0 
vn 0 1 0 
vn -0.629921 0.488189 0.598425 
vn 0 1 0 
vn 0 -1 -0.0551181 
vn -0.0314961 1 0 
vn -0.0314961 1 0 
vn -0.0314961 1 0 
vn 0.0314961 1 0 
vn 0.0314961 1 0 
vn 0.0314961 1 0 
vn 0 1 0 
vn 0 1 0 
vn 0 1 0 
vn 0 1 0 
vn 0 0.984252 0.19685 
vn 0 0.984252 -0.19685 
vn 0 1 0 
vn 0 1 0 
vn 0 1 0 
vn 0 1 0 
vn 0 0.984252 0.19685 
vn 0 0.984252 -0.19685 
vn 0 1 0 
vn 0 1 0 
vn -0.00787402 1 0.00787402 
vn 0 1 0 
vn 0 1 0 
vn 0 1 0 
vn 0 1 0 
vn 0.00787402 1 0.00787402 
vn 0 1 0 
vn 0.00787402 1 -0.00787402 
vn 0 1 0 
vn 0 1 0 
vn 0 1 0 
vn 0 1 0 
vn 0 1 0 
vn 0 1 0 
vn 0 1 0 
vn 0 1 0 
vn 0 1 0 
vn 0 1 0 
vn 0 1 0 
vn 0 1 0 
vn 0 1 0 
vn 0 1 0 
vn 0 1 0 
vn 0 1 0 
vn 0 1 0 
vn 0.527559 0.685039 -0.503937 
vn 0 -0.811024 -0.582677 
vn 0 0.992126 0.0944882 
vn 0 1 0 

vt 0.63886 0.260557 
vt 0.63482 0.221882 
vt 0.642325 0.241042 
vt 0.63886 0.260557 
vt 0.642325 0.241042 
vt 0.63482 0.221882 
vt 0.635189 0.264866 
vt 0.630669 0.218187 
vt 0.63886 0.260557 
vt 0.63482 0.221882 
vt 0.562932 0.30945 
vt 0.563882 0.174837 
vt 0.630669 0.218187 
vt 0.635189 0.264866 
vt 0.63886 0.260557 
vt 0.63482 0.221882 
vt 0.562932 0.30945 
vt 0.563882 0.174837 
vt 0.647805 0.261597 
vt 0.63886 0.260557 
vt 0.642325 0.241042 
vt 0.63482 0.221882 
vt 0.643651 0.219832 
vt 0.642325 0.241042 
vt 0.647805 0.261597 
vt 0.642325 0.241042 
vt 0.63886 0.260557 
vt 0.63482 0.221882 
vt 0.642325 0.241042 
vt 0.643651 0.219832 
vt 0.816624 0.259056 
vt 0.781469 0.1891 
vt 0.809052 0.194292 
vt 0.825975 0.0649518 
vt 0.812531 0.19377 
vt 0.825975 0.0649518 
vt 0.820219 0.259212 
vt 0.835937 0.392578 
vt 0.913855 0.330236 
vt 0.835937 0.392578 
vt 0.913855 0.114828 
vt 0.825975 0.0649518 
vt 0.785974 0.26649 
vt 0.835937 0.392578 
vt 0.733533 0.189953 
vt 0.738639 0.284571 
vt 0.684117 0.37339 
vt 0.667379 0.110755 
vt 0.731207 0.28494 
vt 0.67958 0.370597 
vt 0.696595 0.285414 
vt 0.664089 0.364085 
vt 0.735784 0.283882 
vt 0.732409 0.281211 
vt 0.697046 0.282093 
vt 0.696595 0.285414 
vt 0.693974 0.19649 
vt 0.728571 0.193692 
vt 0.731152 0.190893 
vt 0.726925 0.190386 
vt 0.693974 0.19649 
vt 0.664907 0.113435 
vt 0.693184 0.193068 
vt 0.657918 0.116764 
vt 0.816624 0.259056 
vt 0.809052 0.194292 
vt 0.781469 0.1891 
vt 0.825975 0.0649518 
vt 0.812531 0.19377 
vt 0.825975 0.0649518 
vt 0.820219 0.259212 
vt 0.835937 0.392578 
vt 0.913855 0.330236 
vt 0.835937 0.392578 
vt 0.913855 0.114828 
vt 0.825975 0.0649518 
vt 0.785974 0.26649 
vt 0.835937 0.392578 
vt 0.733533 0.189953 
vt 0.738639 0.284571 
vt 0.684117 0.37339 
vt 0.667379 0.110755 
vt 0.731207 0.28494 
vt 0.67958 0.370597 
vt 0.696595 0.285414 
vt 0.664089 0.364085 
vt 0.735784 0.283882 
vt 0.732409 0.281211 
vt 0.697046 0.282093 
vt 0.696595 0.285414 
vt 0.693974 0.19649 
vt 0.728571 0.193692 
vt 0.731152 0.190893 
vt 0.726925 0.190386 
vt 0.693974 0.19649 
vt 0.664907 0.113435 
vt 0.693184 0.193068 
vt 0.657918 0.116764 
vt 0.759945 0.640214 
vt 0.736554 0.638213 
vt 0.714073 0.644869 
vt 0.759945 0.640214 
vt 0.714073 0.644869 
vt 0.736554 0.638213 
vt 0.697046 0.282093 
vt 0.647805 0.261597 
vt 0.693974 0.19649 
vt 0.643651 0.219832 
vt 0.697046 0.282093 
vt 0.693974 0.19649 
vt 0.647805 0.261597 
vt 0.643651 0.219832 
vt 0.643651 0.219832 
vt 0.63482 0.221882 
vt 0.641735 0.213225 
vt 0.630669 0.218187 
vt 0.599896 0.145121 
vt 0.563882 0.174837 
vt 0.604133 0.339626 
vt 0.635189 0.264866 
vt 0.646662 0.268434 
vt 0.562932 0.30945 
vt 0.63886 0.260557 
vt 0.647805 0.261597 
vt 0.643651 0.219832 
vt 0.641735 0.213225 
vt 0.63482 0.221882 
vt 0.630669 0.218187 
vt 0.599896 0.145121 
vt 0.563882 0.174837 
vt 0.635189 0.264866 
vt 0.604133 0.339626 
vt 0.646662 0.268434 
vt 0.562932 0.30945 
vt 0.63886 0.260557 
vt 0.647805 0.261597 
vt 0.667379 0.110755 
vt 0.825975 0.0649518 
vt 0.781469 0.1891 
vt 0.667379 0.110755 
vt 0.781469 0.1891 
vt 0.825975 0.0649518 
vt 0.664089 0.364085 
vt 0.604133 0.339626 
vt 0.696595 0.285414 
vt 0.646662 0.268434 
vt 0.647805 0.261597 
vt 0.697046 0.282093 
vt 0.664089 0.364085 
vt 0.696595 0.285414 
vt 0.604133 0.339626 
vt 0.646662 0.268434 
vt 0.647805 0.261597 
vt 0.697046 0.282093 
vt 0.693184 0.193068 
vt 0.599896 0.145121 
vt 0.657918 0.116764 
vt 0.641735 0.213225 
vt 0.643651 0.219832 
vt 0.693974 0.19649 
vt 0.599896 0.145121 
vt 0.693184 0.193068 
vt 0.657918 0.116764 
vt 0.641735 0.213225 
vt 0.643651 0.219832 
vt 0.693974 0.19649 
vt 0.84136 0.591575 
vt 0.79095 0.690662 
vt 0.871807 0.652184 
vt 0.76787 0.637477 
vt 0.759945 0.640214 
vt 0.784879 0.692392 
vt 0.79095 0.690662 
vt 0.84136 0.591575 
vt 0.871807 0.652184 
vt 0.76787 0.637477 
vt 0.759945 0.640214 
vt 0.784879 0.692392 
vt 0.603094 0.660976 
vt 0.68668 0.695125 
vt 0.62861 0.597896 
vt 0.705842 0.643127 
vt 0.714073 0.644869 
vt 0.692783 0.696141 
vt 0.603094 0.660976 
vt 0.62861 0.597896 
vt 0.68668 0.695125 
vt 0.705842 0.643127 
vt 0.714073 0.644869 
vt 0.692783 0.696141 
vt 0.572537 0.842459 
vt 0.709013 0.788929 
vt 0.688963 0.736857 
vt 0.594599 0.679065 
vt 0.793205 0.730978 
vt 0.794725 0.783426 
vt 0.876644 0.658983 
vt 0.688541 0.728668 
vt 0.597361 0.674746 
vt 0.68668 0.695125 
vt 0.603094 0.660976 
vt 0.690679 0.732347 
vt 0.694043 0.730246 
vt 0.692783 0.696141 
vt 0.68668 0.695125 
vt 0.784879 0.692392 
vt 0.78811 0.725824 
vt 0.791072 0.727305 
vt 0.792358 0.723697 
vt 0.784879 0.692392 
vt 0.874015 0.656818 
vt 0.79095 0.690662 
vt 0.871807 0.652184 
vt 0.876644 0.658983 
vt 0.794725 0.783426 
vt 0.930042 0.829621 
vt 0.876644 0.658983 
vt 0.930042 0.829621 
vt 0.794725 0.783426 
vt 0.759945 0.640214 
vt 0.76787 0.637477 
vt 0.757218 0.629253 
vt 0.761634 0.624333 
vt 0.84136 0.591575 
vt 0.761634 0.624333 
vt 0.807403 0.551655 
vt 0.710254 0.629557 
vt 0.62861 0.597896 
vt 0.705842 0.643127 
vt 0.715404 0.633791 
vt 0.714073 0.644869 
vt 0.710254 0.629557 
vt 0.662114 0.551888 
vt 0.62861 0.597896 
vt 0.710254 0.629557 
vt 0.662114 0.551888 
vt 0.710254 0.629557 
vt 0.705842 0.643127 
vt 0.715404 0.633791 
vt 0.714073 0.644869 
vt 0.807403 0.551655 
vt 0.761634 0.624333 
vt 0.84136 0.591575 
vt 0.76787 0.637477 
vt 0.761634 0.624333 
vt 0.757218 0.629253 
vt 0.759945 0.640214 
vt 0.692783 0.696141 
vt 0.784879 0.692392 
vt 0.714073 0.644869 
vt 0.759945 0.640214 
vt 0.692783 0.696141 
vt 0.714073 0.644869 
vt 0.784879 0.692392 
vt 0.759945 0.640214 
vt 0.789134 0.814149 
vt 0.709013 0.788929 
vt 0.717346 0.822739 
vt 0.794725 0.783426 
vt 0.930042 0.829621 
vt 0.572537 0.842459 
vt 0.789961 0.819321 
vt 0.930042 0.829621 
vt 0.717113 0.828038 
vt 0.572537 0.842459 
vt 0.874901 0.928813 
vt 0.930042 0.829621 
vt 0.641076 0.928813 
vt 0.572537 0.842459 
vt 0.688963 0.736857 
vt 0.594599 0.679065 
vt 0.709013 0.788929 
vt 0.688541 0.728668 
vt 0.597361 0.674746 
vt 0.68668 0.695125 
vt 0.603094 0.660976 
vt 0.690679 0.732347 
vt 0.694043 0.730246 
vt 0.793205 0.730978 
vt 0.794725 0.783426 
vt 0.692783 0.696141 
vt 0.68668 0.695125 
vt 0.784879 0.692392 
vt 0.78811 0.725824 
vt 0.876644 0.658983 
vt 0.791072 0.727305 
vt 0.792358 0.723697 
vt 0.784879 0.692392 
vt 0.874015 0.656818 
vt 0.79095 0.690662 
vt 0.871807 0.652184 
vt 0.643651 0.219832 
vt 0.647805 0.261597 
vt 0.642325 0.241042 
vt 0.643651 0.219832 
vt 0.642325 0.241042 
vt 0.647805 0.261597 
vt 0.761634 0.624333 
vt 0.715404 0.633791 
vt 0.757218 0.629253 
vt 0.710254 0.629557 
vt 0.662114 0.551888 
vt 0.807403 0.551655 
vt 0.710254 0.629557 
vt 0.761634 0.624333 
vt 0.715404 0.633791 
vt 0.757218 0.629253 
vt 0.662114 0.551888 
vt 0.807403 0.551655 
vt 0.714073 0.644869 
vt 0.736554 0.638213 
vt 0.715404 0.633791 
vt 0.757218 0.629253 
vt 0.736554 0.638213 
vt 0.759945 0.640214 
vt 0.714073 0.644869 
vt 0.715404 0.633791 
vt 0.736554 0.638213 
vt 0.757218 0.629253 
vt 0.759945 0.640214 
vt 0.736554 0.638213 
vt 0.715404 0.633791 
vt 0.736554 0.638213 
vt 0.757218 0.629253 
vt 0.715404 0.633791 
vt 0.757218 0.629253 
vt 0.736554 0.638213 
vt 0.789134 0.814149 
vt 0.709013 0.788929 
vt 0.794725 0.783426 
vt 0.930042 0.829621 
vt 0.717346 0.822739 
vt 0.789961 0.819321 
vt 0.930042 0.829621 
vt 0.717113 0.828038 
vt 0.572537 0.842459 
vt 0.874901 0.928813 
vt 0.930042 0.829621 
vt 0.641076 0.928813 
vt 0.572537 0.842459 

usemtl Handle4Mtl

f 1033/1033/1033 1034/1034/1034 1035/1035/1035 
f 1036/1036/1036 1037/1037/1037 1038/1038/1038 
f 1039/1039/1039 1040/1040/1040 1041/1041/1041 
f 1041/1041/1041 1040/1040/1040 1042/1042/1042 
f 1039/1039/1039 1043/1043/1043 1040/1040/1040 
f 1043/1043/1043 1044/1044/1044 1040/1040/1040 
f 1045/1045/1045 1046/1046/1046 1047/1047/1047 
f 1045/1045/1045 1047/1047/1047 1048/1048/1048 
f 1045/1045/1045 1049/1049/1049 1046/1046/1046 
f 1049/1049/1049 1045/1045/1045 1050/1050/1050 
f 1051/1051/1051 1052/1052/1052 1053/1053/1053 
f 1054/1054/1054 1055/1055/1055 1056/1056/1056 
f 1057/1057/1057 1058/1058/1058 1059/1059/1059 
f 1060/1060/1060 1061/1061/1061 1062/1062/1062 
f 1063/1063/1063 1064/1064/1064 1065/1065/1065 
f 1064/1064/1064 1066/1066/1066 1065/1065/1065 
f 1063/1063/1063 1065/1065/1065 1067/1067/1067 
f 1065/1065/1065 1068/1068/1068 1067/1067/1067 
f 1067/1067/1067 1069/1069/1069 1063/1063/1063 
f 1063/1063/1063 1069/1069/1069 1070/1070/1070 
f 1067/1067/1067 1071/1071/1071 1069/1069/1069 
f 1069/1069/1069 1071/1071/1071 1072/1072/1072 
f 1071/1071/1071 1067/1067/1067 1073/1073/1073 
f 1073/1073/1073 1067/1067/1067 1074/1074/1074 
f 1064/1064/1064 1063/1063/1063 1075/1075/1075 
f 1076/1076/1076 1075/1075/1075 1063/1063/1063 
f 1075/1075/1075 1077/1077/1077 1064/1064/1064 
f 1076/1076/1076 1078/1078/1078 1075/1075/1075 
f 1077/1077/1077 1075/1075/1075 1078/1078/1078 
f 1078/1078/1078 1076/1076/1076 1079/1079/1079 
f 1077/1077/1077 1080/1080/1080 1064/1064/1064 
f 1079/1079/1079 1081/1081/1081 1078/1078/1078 
f 1081/1081/1081 1079/1079/1079 1082/1082/1082 
f 1083/1083/1083 1082/1082/1082 1084/1084/1084 
f 1082/1082/1082 1083/1083/1083 1081/1081/1081 
f 1078/1078/1078 1081/1081/1081 1085/1085/1085 
f 1086/1086/1086 1078/1078/1078 1085/1085/1085 
f 1081/1081/1081 1086/1086/1086 1085/1085/1085 
f 1086/1086/1086 1077/1077/1077 1078/1078/1078 
f 1087/1087/1087 1086/1086/1086 1081/1081/1081 
f 1081/1081/1081 1088/1088/1088 1087/1087/1087 
f 1089/1089/1089 1086/1086/1086 1087/1087/1087 
f 1086/1086/1086 1089/1089/1089 1090/1090/1090 
f 1077/1077/1077 1086/1086/1086 1090/1090/1090 
f 1077/1077/1077 1090/1090/1090 1091/1091/1091 
f 1090/1090/1090 1092/1092/1092 1091/1091/1091 
f 1092/1092/1092 1077/1077/1077 1091/1091/1091 
f 1077/1077/1077 1092/1092/1092 1080/1080/1080 
f 1093/1093/1093 1092/1092/1092 1090/1090/1090 
f 1080/1080/1080 1092/1092/1092 1094/1094/1094 
f 1092/1092/1092 1093/1093/1093 1095/1095/1095 
f 1094/1094/1094 1092/1092/1092 1095/1095/1095 
f 1094/1094/1094 1095/1095/1095 1096/1096/1096 
f 1097/1097/1097 1098/1098/1098 1099/1099/1099 
f 1099/1099/1099 1098/1098/1098 1100/1100/1100 
f 1097/1097/1097 1101/1101/1101 1098/1098/1098 
f 1098/1098/1098 1101/1101/1101 1102/1102/1102 
f 1101/1101/1101 1097/1097/1097 1103/1103/1103 
f 1097/1097/1097 1104/1104/1104 1103/1103/1103 
f 1101/1101/1101 1103/1103/1103 1105/1105/1105 
f 1103/1103/1103 1106/1106/1106 1105/1105/1105 
f 1107/1107/1107 1101/1101/1101 1105/1105/1105 
f 1107/1107/1107 1108/1108/1108 1101/1101/1101 
f 1097/1097/1097 1099/1099/1099 1109/1109/1109 
f 1110/1110/1110 1097/1097/1097 1109/1109/1109 
f 1109/1109/1109 1099/1099/1099 1111/1111/1111 
f 1110/1110/1110 1109/1109/1109 1112/1112/1112 
f 1109/1109/1109 1111/1111/1111 1112/1112/1112 
f 1110/1110/1110 1112/1112/1112 1113/1113/1113 
f 1111/1111/1111 1099/1099/1099 1114/1114/1114 
f 1112/1112/1112 1115/1115/1115 1113/1113/1113 
f 1113/1113/1113 1115/1115/1115 1116/1116/1116 
f 1116/1116/1116 1117/1117/1117 1118/1118/1118 
f 1117/1117/1117 1116/1116/1116 1115/1115/1115 
f 1115/1115/1115 1112/1112/1112 1119/1119/1119 
f 1112/1112/1112 1120/1120/1120 1119/1119/1119 
f 1115/1115/1115 1119/1119/1119 1120/1120/1120 
f 1112/1112/1112 1111/1111/1111 1120/1120/1120 
f 1120/1120/1120 1121/1121/1121 1115/1115/1115 
f 1115/1115/1115 1121/1121/1121 1122/1122/1122 
f 1120/1120/1120 1123/1123/1123 1121/1121/1121 
f 1123/1123/1123 1120/1120/1120 1124/1124/1124 
f 1111/1111/1111 1124/1124/1124 1120/1120/1120 
f 1124/1124/1124 1111/1111/1111 1125/1125/1125 
f 1111/1111/1111 1126/1126/1126 1125/1125/1125 
f 1124/1124/1124 1125/1125/1125 1126/1126/1126 
f 1126/1126/1126 1111/1111/1111 1114/1114/1114 
f 1126/1126/1126 1127/1127/1127 1124/1124/1124 
f 1126/1126/1126 1114/1114/1114 1128/1128/1128 
f 1127/1127/1127 1126/1126/1126 1129/1129/1129 
f 1126/1126/1126 1128/1128/1128 1129/1129/1129 
f 1130/1130/1130 1129/1129/1129 1128/1128/1128 
f 1131/1131/1131 1132/1132/1132 1133/1133/1133 
f 1134/1134/1134 1135/1135/1135 1136/1136/1136 
f 1137/1137/1137 1138/1138/1138 1139/1139/1139 
f 1139/1139/1139 1138/1138/1138 1140/1140/1140 
f 1141/1141/1141 1142/1142/1142 1143/1143/1143 
f 1142/1142/1142 1144/1144/1144 1143/1143/1143 
f 1145/1145/1145 1146/1146/1146 1147/1147/1147 
f 1148/1148/1148 1147/1147/1147 1146/1146/1146 
f 1149/1149/1149 1147/1147/1147 1148/1148/1148 
f 1149/1149/1149 1148/1148/1148 1150/1150/1150 
f 1151/1151/1151 1152/1152/1152 1153/1153/1153 
f 1152/1152/1152 1151/1151/1151 1154/1154/1154 
f 1155/1155/1155 1153/1153/1153 1152/1152/1152 
f 1153/1153/1153 1155/1155/1155 1156/1156/1156 
f 1157/1157/1157 1158/1158/1158 1159/1159/1159 
f 1158/1158/1158 1160/1160/1160 1159/1159/1159 
f 1158/1158/1158 1161/1161/1161 1160/1160/1160 
f 1162/1162/1162 1160/1160/1160 1161/1161/1161 
f 1163/1163/1163 1164/1164/1164 1165/1165/1165 
f 1164/1164/1164 1163/1163/1163 1166/1166/1166 
f 1165/1165/1165 1167/1167/1167 1163/1163/1163 
f 1167/1167/1167 1165/1165/1165 1168/1168/1168 
f 1169/1169/1169 1170/1170/1170 1171/1171/1171 
f 1172/1172/1172 1173/1173/1173 1174/1174/1174 
f 1175/1175/1175 1176/1176/1176 1177/1177/1177 
f 1177/1177/1177 1176/1176/1176 1178/1178/1178 
f 1179/1179/1179 1177/1177/1177 1178/1178/1178 
f 1177/1177/1177 1179/1179/1179 1180/1180/1180 
f 1181/1181/1181 1182/1182/1182 1183/1183/1183 
f 1182/1182/1182 1184/1184/1184 1183/1183/1183 
f 1184/1184/1184 1182/1182/1182 1185/1185/1185 
f 1186/1186/1186 1185/1185/1185 1182/1182/1182 
f 1187/1187/1187 1188/1188/1188 1189/1189/1189 
f 1188/1188/1188 1187/1187/1187 1190/1190/1190 
f 1187/1187/1187 1191/1191/1191 1190/1190/1190 
f 1191/1191/1191 1187/1187/1187 1192/1192/1192 
f 1193/1193/1193 1194/1194/1194 1195/1195/1195 
f 1194/1194/1194 1193/1193/1193 1196/1196/1196 
f 1197/1197/1197 1194/1194/1194 1196/1196/1196 
f 1194/1194/1194 1197/1197/1197 1198/1198/1198 
f 1199/1199/1199 1200/1200/1200 1201/1201/1201 
f 1200/1200/1200 1199/1199/1199 1202/1202/1202 
f 1203/1203/1203 1200/1200/1200 1202/1202/1202 
f 1200/1200/1200 1203/1203/1203 1204/1204/1204 
f 1205/1205/1205 1206/1206/1206 1207/1207/1207 
f 1206/1206/1206 1205/1205/1205 1208/1208/1208 
f 1205/1205/1205 1209/1209/1209 1208/1208/1208 
f 1209/1209/1209 1205/1205/1205 1210/1210/1210 
f 1211/1211/1211 1212/1212/1212 1213/1213/1213 
f 1212/1212/1212 1214/1214/1214 1213/1213/1213 
f 1215/1215/1215 1214/1214/1214 1212/1212/1212 
f 1216/1216/1216 1215/1215/1215 1212/1212/1212 
f 1217/1217/1217 1218/1218/1218 1219/1219/1219 
f 1219/1219/1219 1218/1218/1218 1220/1220/1220 
f 1221/1221/1221 1219/1219/1219 1220/1220/1220 
f 1219/1219/1219 1221/1221/1221 1222/1222/1222 
f 1223/1223/1223 1224/1224/1224 1225/1225/1225 
f 1223/1223/1223 1225/1225/1225 1226/1226/1226 
f 1224/1224/1224 1227/1227/1227 1225/1225/1225 
f 1224/1224/1224 1228/1228/1228 1227/1227/1227 
f 1227/1227/1227 1228/1228/1228 1229/1229/1229 
f 1225/1225/1225 1230/1230/1230 1226/1226/1226 
f 1226/1226/1226 1230/1230/1230 1231/1231/1231 
f 1231/1231/1231 1232/1232/1232 1233/1233/1233 
f 1232/1232/1232 1231/1231/1231 1230/1230/1230 
f 1230/1230/1230 1225/1225/1225 1234/1234/1234 
f 1225/1225/1225 1235/1235/1235 1234/1234/1234 
f 1230/1230/1230 1234/1234/1234 1235/1235/1235 
f 1225/1225/1225 1227/1227/1227 1235/1235/1235 
f 1235/1235/1235 1236/1236/1236 1230/1230/1230 
f 1230/1230/1230 1236/1236/1236 1237/1237/1237 
f 1235/1235/1235 1238/1238/1238 1236/1236/1236 
f 1238/1238/1238 1235/1235/1235 1239/1239/1239 
f 1227/1227/1227 1239/1239/1239 1235/1235/1235 
f 1239/1239/1239 1227/1227/1227 1240/1240/1240 
f 1227/1227/1227 1241/1241/1241 1240/1240/1240 
f 1239/1239/1239 1240/1240/1240 1241/1241/1241 
f 1241/1241/1241 1227/1227/1227 1229/1229/1229 
f 1241/1241/1241 1242/1242/1242 1239/1239/1239 
f 1241/1241/1241 1229/1229/1229 1243/1243/1243 
f 1242/1242/1242 1241/1241/1241 1244/1244/1244 
f 1241/1241/1241 1243/1243/1243 1244/1244/1244 
f 1245/1245/1245 1244/1244/1244 1243/1243/1243 
f 1246/1246/1246 1247/1247/1247 1248/1248/1248 
f 1249/1249/1249 1250/1250/1250 1251/1251/1251 
f 1252/1252/1252 1253/1253/1253 1254/1254/1254 
f 1253/1253/1253 1255/1255/1255 1254/1254/1254 
f 1253/1253/1253 1256/1256/1256 1255/1255/1255 
f 1256/1256/1256 1257/1257/1257 1258/1258/1258 
f 1259/1259/1259 1260/1260/1260 1261/1261/1261 
f 1261/1261/1261 1262/1262/1262 1259/1259/1259 
f 1262/1262/1262 1261/1261/1261 1263/1263/1263 
f 1264/1264/1264 1260/1260/1260 1265/1265/1265 
f 1266/1266/1266 1267/1267/1267 1268/1268/1268 
f 1266/1266/1266 1269/1269/1269 1270/1270/1270 
f 1271/1271/1271 1270/1270/1270 1269/1269/1269 
f 1270/1270/1270 1271/1271/1271 1272/1272/1272 
f 1273/1273/1273 1274/1274/1274 1275/1275/1275 
f 1275/1275/1275 1276/1276/1276 1277/1277/1277 
f 1277/1277/1277 1276/1276/1276 1278/1278/1278 
f 1279/1279/1279 1278/1278/1278 1276/1276/1276 
f 1280/1280/1280 1281/1281/1281 1282/1282/1282 
f 1281/1281/1281 1283/1283/1283 1282/1282/1282 
f 1284/1284/1284 1285/1285/1285 1286/1286/1286 
f 1286/1286/1286 1285/1285/1285 1287/1287/1287 
f 1288/1288/1288 1289/1289/1289 1290/1290/1290 
f 1289/1289/1289 1288/1288/1288 1291/1291/1291 
f 1291/1291/1291 1288/1288/1288 1292/1292/1292 
f 1293/1293/1293 1290/1290/1290 1289/1289/1289 
f 1290/1290/1290 1294/1294/1294 1288/1288/1288 
f 1288/1288/1288 1294/1294/1294 1295/1295/1295 
f 1296/1296/1296 1294/1294/1294 1290/1290/1290 
f 1290/1290/1290 1297/1297/1297 1296/1296/1296 
f 1296/1296/1296 1298/1298/1298 1294/1294/1294 
f 1298/1298/1298 1299/1299/1299 1294/1294/1294 
f 1298/1298/1298 1296/1296/1296 1300/1300/1300 
f 1296/1296/1296 1301/1301/1301 1300/1300/1300 
f 1302/1302/1302 1293/1293/1293 1303/1303/1303 
f 1293/1293/1293 1302/1302/1302 1304/1304/1304 
f 1303/1303/1303 1305/1305/1305 1302/1302/1302 
f 1305/1305/1305 1303/1303/1303 1306/1306/1306 
f 1307/1307/1307 1306/1306/1306 1308/1308/1308 
f 1306/1306/1306 1307/1307/1307 1305/1305/1305 
f 1305/1305/1305 1309/1309/1309 1302/1302/1302 
f 1310/1310/1310 1302/1302/1302 1309/1309/1309 
f 1305/1305/1305 1310/1310/1310 1309/1309/1309 
f 1311/1311/1311 1304/1304/1304 1302/1302/1302 
f 1310/1310/1310 1311/1311/1311 1302/1302/1302 
f 1304/1304/1304 1311/1311/1311 1312/1312/1312 
f 1313/1313/1313 1310/1310/1310 1305/1305/1305 
f 1305/1305/1305 1314/1314/1314 1313/1313/1313 
f 1315/1315/1315 1310/1310/1310 1313/1313/1313 
f 1310/1310/1310 1315/1315/1315 1316/1316/1316 
f 1311/1311/1311 1310/1310/1310 1316/1316/1316 
f 1311/1311/1311 1317/1317/1317 1312/1312/1312 
f 1311/1311/1311 1316/1316/1316 1318/1318/1318 
f 1317/1317/1317 1311/1311/1311 1319/1319/1319 
f 1319/1319/1319 1311/1311/1311 1318/1318/1318 
f 1316/1316/1316 1319/1319/1319 1318/1318/1318 
f 1320/1320/1320 1319/1319/1319 1316/1316/1316 
f 1317/1317/1317 1319/1319/1319 1321/1321/1321 
f 1319/1319/1319 1320/1320/1320 1322/1322/1322 
f 1321/1321/1321 1319/1319/1319 1322/1322/1322 
f 1321/1321/1321 1322/1322/1322 1323/1323/1323 
f 1324/1324/1324 1325/1325/1325 1326/1326/1326 
f 1327/1327/1327 1328/1328/1328 1329/1329/1329 
f 1330/1330/1330 1331/1331/1331 1332/1332/1332 
f 1330/1330/1330 1333/1333/1333 1331/1331/1331 
f 1330/1330/1330 1334/1334/1334 1333/1333/1333 
f 1330/1330/1330 1335/1335/1335 1334/1334/1334 
f 1336/1336/1336 1337/1337/1337 1338/1338/1338 
f 1338/1338/1338 1337/1337/1337 1339/1339/1339 
f 1340/1340/1340 1337/1337/1337 1336/1336/1336 
f 1337/1337/1337 1340/1340/1340 1341/1341/1341 
f 1342/1342/1342 1343/1343/1343 1344/1344/1344 
f 1345/1345/1345 1346/1346/1346 1347/1347/1347 
f 1348/1348/1348 1349/1349/1349 1350/1350/1350 
f 1351/1351/1351 1352/1352/1352 1353/1353/1353 
f 1354/1354/1354 1355/1355/1355 1356/1356/1356 
f 1357/1357/1357 1358/1358/1358 1359/1359/1359 
f 1360/1360/1360 1361/1361/1361 1362/1362/1362 
f 1362/1362/1362 1363/1363/1363 1360/1360/1360 
f 1361/1361/1361 1360/1360/1360 1364/1364/1364 
f 1223/1223/1223 1361/1361/1361 1364/1364/1364 
f 1365/1365/1365 1364/1364/1364 1360/1360/1360 
f 1360/1360/1360 1366/1366/1366 1365/1365/1365 
f 1364/1364/1364 1365/1365/1365 1367/1367/1367 
f 1364/1364/1364 1367/1367/1367 1368/1368/1368 
f 1369/1369/1369 1367/1367/1367 1365/1365/1365 
f 1369/1369/1369 1365/1365/1365 1370/1370/1370 
f 1367/1367/1367 1369/1369/1369 1371/1371/1371 
f 1367/1367/1367 1371/1371/1371 1372/1372/1372 

g Handle6

v -199.054 3.94525 -223.026 
v -199.945 2.05475 -223.026 
v -199.054 2.05475 -223.026 
v -198.973 2.05475 -222.945 
v -198.973 3.94525 -222.945 
v -199.945 3.94525 -223.026 
v -200.026 3.94525 -222.945 
v -200.026 2.05475 -222.945 
v -200.026 3.94525 -222.055 
v -200.026 2.05475 -222.945 
v -200.026 2.05475 -222.055 
v -199.945 3.94525 -221.974 
v -199.945 2.05475 -221.974 
v -199.054 2.05475 -221.974 
v -199.054 3.94525 -221.974 
v -199.054 2.05475 -221.974 
v -198.973 3.94525 -222.055 
v -198.973 2.05475 -222.055 
v -198.973 3.94525 -222.945 
v -198.973 2.05475 -222.945 
v -198.973 2.05475 -222.055 
v -198.973 3.94525 -222.945 
v -199.054 1.97373 -222.945 
v -199.945 1.97373 -222.055 
v -199.054 1.97373 -222.055 
v -199.945 1.97373 -222.945 
v -199.945 4.02627 -222.945 
v -199.054 4.02627 -222.055 
v -199.945 4.02627 -222.055 
v -199.054 4.02627 -222.945 
v -199.054 3.94525 -223.026 
v -198.973 3.94525 -222.945 
v -199.054 4.02627 -222.945 
v -199.945 3.94525 -223.026 
v -199.945 4.02627 -222.945 
v -200.026 3.94525 -222.945 
v -199.054 2.05475 -223.026 
v -199.054 1.97373 -222.945 
v -198.973 2.05475 -222.945 
v -199.945 1.97373 -222.945 
v -199.945 2.05475 -223.026 
v -200.026 2.05475 -222.945 
v -199.054 4.02627 -222.055 
v -198.973 3.94525 -222.055 
v -199.054 3.94525 -221.974 
v -199.945 4.02627 -222.055 
v -199.945 3.94525 -221.974 
v -200.026 3.94525 -222.055 
v -198.973 2.05475 -222.055 
v -199.054 1.97373 -222.055 
v -199.054 2.05475 -221.974 
v -199.945 2.05475 -221.974 
v -199.945 1.97373 -222.055 
v -200.026 2.05475 -222.055 
v -199.054 4.02627 -222.945 
v -198.973 3.94525 -222.055 
v -199.054 4.02627 -222.055 
v -198.973 3.94525 -222.945 
v -198.973 2.05475 -222.945 
v -199.054 1.97373 -222.055 
v -198.973 2.05475 -222.055 
v -199.054 1.97373 -222.945 
v -199.945 1.97373 -222.945 
v -200.026 2.05475 -222.055 
v -199.945 1.97373 -222.055 
v -200.026 2.05475 -222.945 
v -200.026 3.94525 -222.945 
v -199.945 4.02627 -222.055 
v -200.026 3.94525 -222.055 
v -199.945 4.02627 -222.945 

vn 0.00787402 1 0 
vn 0 1 0 
vn 0 1 0 
vn 0 1 0 
vn 0 1 0 
vn 0 1 0 
vn 0 1 0 
vn 0 1 0 
vn 0 1 0 
vn 0 1 0 
vn 0 1 0 
vn 0 1 0 
vn 0 1 0 
vn 0 1 0 
vn 0 1 0 
vn 0 1 0 
vn 0 1 0 
vn 0 1 0 
vn 0 1 0 
vn 0 1 0 
vn 0 1 0 
vn 0 1 0 
vn 0 1 0 
vn 0 1 0 
vn 0 1 0 
vn 0 1 0 
vn 0.354331 -0.464567 0.811024 
vn -0.811024 -0.464567 -0.354331 
vn 0.393701 -0.787402 0.472441 
vn -0.905512 -0.275591 0.330709 
vn 0.00787402 1 0 
vn 0 1 0 
vn 0 1 0 
vn 0 1 0 
vn 0 1 0 
vn 0 1 0 
vn 0 1 0 
vn 0 1 0 
vn 0 1 0 
vn 0 1 0 
vn 0 1 0 
vn 0 1 0 
vn 0 1 0 
vn 0 1 0 
vn 0 1 0 
vn 0 1 0 
vn 0 1 0 
vn 0 1 0 
vn 0 1 0 
vn 0 1 0 
vn 0 1 0 
vn 0 1 0 
vn 0 1 0 
vn 0 1 0 
vn 0 1 0 
vn 0 1 0 
vn 0 1 0 
vn 0 1 0 
vn 0 1 0 
vn 0 1 0 
vn 0 1 0 
vn 0 1 0 
vn 0 1 0 
vn 0 1 0 
vn 0 1 0 
vn 0 1 0 
vn 0 1 0 
vn 0 1 0 
vn 0 1 0 
vn 0 1 0 

vt 0.262207 0.871094 
vt 0.171387 0.753906 
vt 0.171387 0.871094 
vt 0.171387 0.878906 
vt 0.262207 0.878906 
vt 0.262207 0.753906 
vt 0.262207 0.746094 
vt 0.171387 0.746094 
vt 0.262207 0.628906 
vt 0.171387 0.746094 
vt 0.171387 0.628906 
vt 0.262207 0.621094 
vt 0.171387 0.621094 
vt 0.171387 0.503906 
vt 0.262207 0.503906 
vt 0.171387 0.503906 
vt 0.262207 0.496094 
vt 0.171387 0.496094 
vt 0.262207 0.378906 
vt 0.171387 0.878906 
vt 0.171387 0.496094 
vt 0.262207 0.878906 
vt 0.602051 0.238281 
vt 0.558106 0.355469 
vt 0.602051 0.355469 
vt 0.558106 0.238281 
vt 0.663574 0.355469 
vt 0.707519 0.238281 
vt 0.663574 0.238281 
vt 0.707519 0.355469 
vt 0.262207 0.871094 
vt 0.262207 0.878906 
vt 0.265137 0.871094 
vt 0.262207 0.753906 
vt 0.265137 0.753906 
vt 0.262207 0.746094 
vt 0.171387 0.871094 
vt 0.168457 0.871094 
vt 0.171387 0.878906 
vt 0.168457 0.753906 
vt 0.171387 0.753906 
vt 0.171387 0.746094 
vt 0.265137 0.503906 
vt 0.262207 0.496094 
vt 0.262207 0.503906 
vt 0.265137 0.621094 
vt 0.262207 0.621094 
vt 0.262207 0.628906 
vt 0.171387 0.496094 
vt 0.168457 0.503906 
vt 0.171387 0.503906 
vt 0.171387 0.621094 
vt 0.168457 0.621094 
vt 0.171387 0.628906 
vt 0.265137 0.378906 
vt 0.262207 0.496094 
vt 0.265137 0.496094 
vt 0.262207 0.378906 
vt 0.171387 0.378906 
vt 0.168457 0.496094 
vt 0.171387 0.496094 
vt 0.168457 0.378906 
vt 0.168457 0.746094 
vt 0.171387 0.628906 
vt 0.168457 0.628906 
vt 0.171387 0.746094 
vt 0.262207 0.746094 
vt 0.265137 0.628906 
vt 0.262207 0.628906 
vt 0.265137 0.746094 

usemtl Handle2Mtl

f 1373/1373/1373 1374/1374/1374 1375/1375/1375 
f 1373/1373/1373 1375/1375/1375 1376/1376/1376 
f 1373/1373/1373 1376/1376/1376 1377/1377/1377 
f 1373/1373/1373 1378/1378/1378 1374/1374/1374 
f 1374/1374/1374 1378/1378/1378 1379/1379/1379 
f 1374/1374/1374 1379/1379/1379 1380/1380/1380 
f 1380/1380/1380 1379/1379/1379 1381/1381/1381 
f 1382/1382/1382 1381/1381/1381 1383/1383/1383 
f 1383/1383/1383 1381/1381/1381 1384/1384/1384 
f 1383/1383/1383 1384/1384/1384 1385/1385/1385 
f 1384/1384/1384 1386/1386/1386 1385/1385/1385 
f 1384/1384/1384 1387/1387/1387 1388/1388/1388 
f 1389/1389/1389 1388/1388/1388 1387/1387/1387 
f 1389/1389/1389 1390/1390/1390 1386/1386/1386 
f 1389/1389/1389 1391/1391/1391 1390/1390/1390 
f 1392/1392/1392 1393/1393/1393 1394/1394/1394 
f 1395/1395/1395 1396/1396/1396 1397/1397/1397 
f 1395/1395/1395 1398/1398/1398 1396/1396/1396 
f 1399/1399/1399 1400/1400/1400 1401/1401/1401 
f 1399/1399/1399 1402/1402/1402 1400/1400/1400 
f 1403/1403/1403 1404/1404/1404 1405/1405/1405 
f 1406/1406/1406 1403/1403/1403 1405/1405/1405 
f 1406/1406/1406 1405/1405/1405 1407/1407/1407 
f 1406/1406/1406 1407/1407/1407 1408/1408/1408 
f 1409/1409/1409 1410/1410/1410 1411/1411/1411 
f 1409/1409/1409 1412/1412/1412 1410/1410/1410 
f 1409/1409/1409 1413/1413/1413 1412/1412/1412 
f 1413/1413/1413 1414/1414/1414 1412/1412/1412 
f 1415/1415/1415 1416/1416/1416 1417/1417/1417 
f 1418/1418/1418 1415/1415/1415 1417/1417/1417 
f 1418/1418/1418 1417/1417/1417 1419/1419/1419 
f 1420/1420/1420 1418/1418/1418 1419/1419/1419 
f 1421/1421/1421 1422/1422/1422 1423/1423/1423 
f 1422/1422/1422 1424/1424/1424 1423/1423/1423 
f 1422/1422/1422 1425/1425/1425 1424/1424/1424 
f 1425/1425/1425 1426/1426/1426 1424/1424/1424 
f 1427/1427/1427 1428/1428/1428 1429/1429/1429 
f 1427/1427/1427 1430/1430/1430 1428/1428/1428 
f 1431/1431/1431 1432/1432/1432 1433/1433/1433 
f 1431/1431/1431 1434/1434/1434 1432/1432/1432 
f 1435/1435/1435 1436/1436/1436 1437/1437/1437 
f 1435/1435/1435 1438/1438/1438 1436/1436/1436 
f 1439/1439/1439 1440/1440/1440 1441/1441/1441 
f 1439/1439/1439 1442/1442/1442 1440/1440/1440 

g Handle7

v -200.054 1.94525 -223.026 
v -200.945 0.0547521 -223.026 
v -200.054 0.0547521 -223.026 
v -199.973 0.0547531 -222.945 
v -199.973 1.94525 -222.945 
v -200.945 1.94525 -223.026 
v -201.026 1.94525 -222.945 
v -201.026 0.0547521 -222.945 
v -201.026 1.94525 -222.055 
v -201.026 0.0547521 -222.945 
v -201.026 0.0547531 -222.055 
v -200.945 1.94525 -221.974 
v -200.945 0.0547531 -221.974 
v -200.054 0.0547521 -221.974 
v -200.054 1.94525 -221.974 
v -200.054 0.0547521 -221.974 
v -199.973 1.94525 -222.055 
v -199.973 0.0547521 -222.055 
v -199.973 1.94525 -222.945 
v -199.973 0.0547531 -222.945 
v -199.973 0.0547521 -222.055 
v -199.973 1.94525 -222.945 
v -200.054 -0.026268 -222.945 
v -200.945 -0.026268 -222.055 
v -200.054 -0.0262671 -222.055 
v -200.945 -0.0262671 -222.945 
v -200.945 2.02627 -222.945 
v -200.054 2.02627 -222.055 
v -200.945 2.02627 -222.055 
v -200.054 2.02627 -222.945 
v -200.054 1.94525 -223.026 
v -199.973 1.94525 -222.945 
v -200.054 2.02627 -222.945 
v -200.945 1.94525 -223.026 
v -200.945 2.02627 -222.945 
v -201.026 1.94525 -222.945 
v -200.054 0.0547521 -223.026 
v -200.054 -0.026268 -222.945 
v -199.973 0.0547531 -222.945 
v -200.945 -0.0262671 -222.945 
v -200.945 0.0547521 -223.026 
v -201.026 0.0547521 -222.945 
v -200.054 2.02627 -222.055 
v -199.973 1.94525 -222.055 
v -200.054 1.94525 -221.974 
v -200.945 2.02627 -222.055 
v -200.945 1.94525 -221.974 
v -201.026 1.94525 -222.055 
v -199.973 0.0547521 -222.055 
v -200.054 -0.0262671 -222.055 
v -200.054 0.0547521 -221.974 
v -200.945 0.0547531 -221.974 
v -200.945 -0.026268 -222.055 
v -201.026 0.0547531 -222.055 
v -200.054 2.02627 -222.945 
v -199.973 1.94525 -222.055 
v -200.054 2.02627 -222.055 
v -199.973 1.94525 -222.945 
v -199.973 0.0547531 -222.945 
v -200.054 -0.0262671 -222.055 
v -199.973 0.0547521 -222.055 
v -200.054 -0.026268 -222.945 
v -200.945 -0.0262671 -222.945 
v -201.026 0.0547531 -222.055 
v -200.945 -0.026268 -222.055 
v -201.026 0.0547521 -222.945 
v -201.026 1.94525 -222.945 
v -200.945 2.02627 -222.055 
v -201.026 1.94525 -222.055 
v -200.945 2.02627 -222.945 

vn 0.00787402 1 0 
vn 0 1 0 
vn 0 1 0 
vn 0 1 0 
vn 0 1 0 
vn 0 1 0 
vn 0 1 0 
vn 0 1 0 
vn 0 1 0 
vn 0 1 0 
vn 0 1 0 
vn 0 1 0 
vn 0 1 0 
vn 0 1 0 
vn 0 1 0 
vn 0 1 0 
vn 0 1 0 
vn 0 1 0 
vn 0 1 0 
vn 0 1 0 
vn 0 1 0 
vn 0 1 0 
vn 0 1 0 
vn 0 1 0 
vn 0 1 0 
vn 0 1 0 
vn 0.354331 -0.464567 0.811024 
vn -0.811024 -0.464567 -0.354331 
vn 0.393701 -0.787402 0.472441 
vn -0.905512 -0.275591 0.330709 
vn 0.00787402 1 0 
vn 0 1 0 
vn 0 1 0 
vn 0 1 0 
vn 0 1 0 
vn 0 1 0 
vn 0 1 0 
vn 0 1 0 
vn 0 1 0 
vn 0 1 0 
vn 0 1 0 
vn 0 1 0 
vn 0 1 0 
vn 0 1 0 
vn 0 1 0 
vn 0 1 0 
vn 0 1 0 
vn 0 1 0 
vn 0 1 0 
vn 0 1 0 
vn 0 1 0 
vn 0 1 0 
vn 0 1 0 
vn 0 1 0 
vn 0 1 0 
vn 0 1 0 
vn 0 1 0 
vn 0 1 0 
vn 0 1 0 
vn 0 1 0 
vn 0 1 0 
vn 0 1 0 
vn 0 1 0 
vn 0 1 0 
vn 0 1 0 
vn 0 1 0 
vn 0 1 0 
vn 0 1 0 
vn 0 1 0 
vn 0 1 0 

vt 0.262207 0.871094 
vt 0.171387 0.753906 
vt 0.171387 0.871094 
vt 0.171387 0.878906 
vt 0.262207 0.878906 
vt 0.262207 0.753906 
vt 0.262207 0.746094 
vt 0.171387 0.746094 
vt 0.262207 0.628906 
vt 0.171387 0.746094 
vt 0.171387 0.628906 
vt 0.262207 0.621094 
vt 0.171387 0.621094 
vt 0.171387 0.503906 
vt 0.262207 0.503906 
vt 0.171387 0.503906 
vt 0.262207 0.496094 
vt 0.171387 0.496094 
vt 0.262207 0.378906 
vt 0.171387 0.878906 
vt 0.171387 0.496094 
vt 0.262207 0.878906 
vt 0.602051 0.238281 
vt 0.558106 0.355469 
vt 0.602051 0.355469 
vt 0.558106 0.238281 
vt 0.663574 0.355469 
vt 0.707519 0.238281 
vt 0.663574 0.238281 
vt 0.707519 0.355469 
vt 0.262207 0.871094 
vt 0.262207 0.878906 
vt 0.265137 0.871094 
vt 0.262207 0.753906 
vt 0.265137 0.753906 
vt 0.262207 0.746094 
vt 0.171387 0.871094 
vt 0.168457 0.871094 
vt 0.171387 0.878906 
vt 0.168457 0.753906 
vt 0.171387 0.753906 
vt 0.171387 0.746094 
vt 0.265137 0.503906 
vt 0.262207 0.496094 
vt 0.262207 0.503906 
vt 0.265137 0.621094 
vt 0.262207 0.621094 
vt 0.262207 0.628906 
vt 0.171387 0.496094 
vt 0.168457 0.503906 
vt 0.171387 0.503906 
vt 0.171387 0.621094 
vt 0.168457 0.621094 
vt 0.171387 0.628906 
vt 0.265137 0.378906 
vt 0.262207 0.496094 
vt 0.265137 0.496094 
vt 0.262207 0.378906 
vt 0.171387 0.378906 
vt 0.168457 0.496094 
vt 0.171387 0.496094 
vt 0.168457 0.378906 
vt 0.168457 0.746094 
vt 0.171387 0.628906 
vt 0.168457 0.628906 
vt 0.171387 0.746094 
vt 0.262207 0.746094 
vt 0.265137 0.628906 
vt 0.262207 0.628906 
vt 0.265137 0.746094 

usemtl Handle2Mtl

f 1443/1443/1443 1444/1444/1444 1445/1445/1445 
f 1443/1443/1443 1445/1445/1445 1446/1446/1446 
f 1443/1443/1443 1446/1446/1446 1447/1447/1447 
f 1443/1443/1443 1448/1448/1448 1444/1444/1444 
f 1444/1444/1444 1448/1448/1448 1449/1449/1449 
f 1444/1444/1444 1449/1449/1449 1450/1450/1450 
f 1450/1450/1450 1449/1449/1449 1451/1451/1451 
f 1452/1452/1452 1451/1451/1451 1453/1453/1453 
f 1453/1453/1453 1451/1451/1451 1454/1454/1454 
f 1453/1453/1453 1454/1454/1454 1455/1455/1455 
f 1454/1454/1454 1456/1456/1456 1455/1455/1455 
f 1454/1454/1454 1457/1457/1457 1458/1458/1458 
f 1459/1459/1459 1458/1458/1458 1457/1457/1457 
f 1459/1459/1459 1460/1460/1460 1456/1456/1456 
f 1459/1459/1459 1461/1461/1461 1460/1460/1460 
f 1462/1462/1462 1463/1463/1463 1464/1464/1464 
f 1465/1465/1465 1466/1466/1466 1467/1467/1467 
f 1465/1465/1465 1468/1468/1468 1466/1466/1466 
f 1469/1469/1469 1470/1470/1470 1471/1471/1471 
f 1469/1469/1469 1472/1472/1472 1470/1470/1470 
f 1473/1473/1473 1474/1474/1474 1475/1475/1475 
f 1476/1476/1476 1473/1473/1473 1475/1475/1475 
f 1476/1476/1476 1475/1475/1475 1477/1477/1477 
f 1476/1476/1476 1477/1477/1477 1478/1478/1478 
f 1479/1479/1479 1480/1480/1480 1481/1481/1481 
f 1479/1479/1479 1482/1482/1482 1480/1480/1480 
f 1479/1479/1479 1483/1483/1483 1482/1482/1482 
f 1483/1483/1483 1484/1484/1484 1482/1482/1482 
f 1485/1485/1485 1486/1486/1486 1487/1487/1487 
f 1488/1488/1488 1485/1485/1485 1487/1487/1487 
f 1488/1488/1488 1487/1487/1487 1489/1489/1489 
f 1490/1490/1490 1488/1488/1488 1489/1489/1489 
f 1491/1491/1491 1492/1492/1492 1493/1493/1493 
f 1492/1492/1492 1494/1494/1494 1493/1493/1493 
f 1492/1492/1492 1495/1495/1495 1494/1494/1494 
f 1495/1495/1495 1496/1496/1496 1494/1494/1494 
f 1497/1497/1497 1498/1498/1498 1499/1499/1499 
f 1497/1497/1497 1500/1500/1500 1498/1498/1498 
f 1501/1501/1501 1502/1502/1502 1503/1503/1503 
f 1501/1501/1501 1504/1504/1504 1502/1502/1502 
f 1505/1505/1505 1506/1506/1506 1507/1507/1507 
f 1505/1505/1505 1508/1508/1508 1506/1506/1506 
f 1509/1509/1509 1510/1510/1510 1511/1511/1511 
f 1509/1509/1509 1512/1512/1512 1510/1510/1510 

g Handle8

v -201 4.51307 -223.659 
v -200.18 4.61904 -222.69 
v -201 4.3564 -223.572 
v -201 4.22286 -223.484 
v -201 4.51307 -223.659 
v -201 4.3564 -223.572 
v -201.821 4.61904 -222.69 
v -201 4.22286 -223.484 
v -201 4.5468 -223.634 
v -200.454 4.64766 -222.841 
v -200.573 4.11614 -222.891 
v -199.909 4.57958 -222.048 
v -201 3.93134 -223.064 
v -200.47 4.13364 -222.482 
v -201 3.97453 -222.483 
v -201 4.5468 -223.634 
v -201.427 4.11614 -222.891 
v -201.546 4.64766 -222.841 
v -202.091 4.57958 -222.048 
v -201 3.93134 -223.064 
v -201.53 4.13364 -222.482 
v -201 3.97453 -222.483 
v -200.609 5.17575 -222.598 
v -199.998 5.21148 -222.594 
v -199.998 5.14908 -222.603 
v -199.866 5.22332 -222.575 
v -200.604 5.10536 -222.608 
v -199.996 5.08785 -222.588 
v -200.597 5.0366 -222.591 
v -199.994 5.03733 -222.55 
v -199.849 5.05377 -222.532 
v -199.846 5.10405 -222.568 
v -199.733 5.09087 -222.465 
v -199.852 5.16366 -222.583 
v -199.727 5.14245 -222.499 
v -199.656 5.19703 -222.399 
v -199.662 5.14515 -222.368 
v -199.739 5.2004 -222.516 
v -199.766 5.25574 -222.515 
v -199.633 5.25879 -222.292 
v -199.638 5.20951 -222.262 
v -199.672 5.25147 -222.421 
v -199.651 5.27926 -222.161 
v -199.707 5.30007 -222.43 
v -199.647 5.32335 -222.191 
v -199.69 5.35244 -222.071 
v -199.651 5.30715 -222.319 
v -199.664 5.3638 -222.22 
v -199.687 5.39036 -222.1 
v -199.75 5.42877 -221.994 
v -199.701 5.42256 -222.133 
v -199.698 5.39444 -222.246 
v -199.688 5.34714 -222.337 
v -199.731 5.44413 -222.163 
v -199.757 5.48544 -222.06 
v -199.746 5.46089 -222.024 
v -200.282 6.04787 -221.465 
v -200.292 6.06799 -221.486 
v -200.288 6.02992 -221.441 
v -199.781 5.49871 -222.095 
v -200.317 6.08719 -221.499 
v -199.814 5.49866 -222.124 
v -199.771 5.4518 -222.188 
v -199.746 5.41059 -222.264 
v -202.002 5.21148 -222.594 
v -201.391 5.17575 -222.598 
v -202.002 5.14908 -222.603 
v -202.134 5.22332 -222.575 
v -201.396 5.10536 -222.608 
v -202.004 5.08785 -222.588 
v -201.403 5.0366 -222.591 
v -202.006 5.03733 -222.55 
v -202.151 5.05377 -222.532 
v -202.154 5.10405 -222.568 
v -202.267 5.09087 -222.465 
v -202.148 5.16366 -222.583 
v -202.273 5.14245 -222.499 
v -202.344 5.19703 -222.399 
v -202.338 5.14515 -222.368 
v -202.261 5.2004 -222.516 
v -202.234 5.25574 -222.515 
v -202.328 5.25147 -222.421 
v -202.367 5.25879 -222.292 
v -202.362 5.20951 -222.262 
v -202.349 5.27926 -222.161 
v -202.353 5.32335 -222.191 
v -202.31 5.35244 -222.071 
v -202.349 5.30715 -222.319 
v -202.313 5.39036 -222.1 
v -202.25 5.42877 -221.994 
v -202.336 5.3638 -222.22 
v -202.299 5.42256 -222.133 
v -202.254 5.46089 -222.024 
v -202.293 5.30007 -222.43 
v -202.243 5.48544 -222.06 
v -201.718 6.04787 -221.465 
v -201.708 6.06799 -221.486 
v -201.712 6.02992 -221.441 
v -201.683 6.08719 -221.499 
v -202.22 5.49871 -222.095 
v -202.269 5.44413 -222.163 
v -202.186 5.49866 -222.124 
v -202.302 5.39444 -222.246 
v -202.229 5.4518 -222.188 
v -202.312 5.34714 -222.337 
v -202.254 5.41059 -222.264 
v -202.261 5.3727 -222.346 
v -200.47 4.13364 -222.482 
v -200.567 4.11856 -222.143 
v -201 3.97453 -222.483 
v -199.909 4.57958 -222.048 
v -200.812 4.1337 -221.97 
v -201 4.133 -221.931 
v -201 4.07896 -221.616 
v -200.495 4.79154 -221.959 
v -200.363 4.75134 -221.985 
v -200.283 4.98485 -222.015 
v -201.53 4.13364 -222.482 
v -201 3.97453 -222.483 
v -201.433 4.11856 -222.143 
v -202.091 4.57958 -222.048 
v -201.189 4.1337 -221.97 
v -201 4.133 -221.931 
v -201 4.07896 -221.616 
v -201.506 4.79154 -221.959 
v -201.638 4.75134 -221.985 
v -201.717 4.98485 -222.015 
v -199.994 5.03733 -222.55 
v -200.586 4.944 -222.486 
v -200.591 4.97994 -222.548 
v -201.414 4.944 -222.486 
v -202.006 5.03733 -222.55 
v -201.409 4.97994 -222.548 
v -199.909 4.57958 -222.048 
v -200.454 4.64766 -222.841 
v -200.579 5.18026 -222.932 
v -201 4.5468 -223.634 
v -201 5.31167 -223.181 
v -201 4.5468 -223.634 
v -202.091 4.57958 -222.048 
v -201.421 5.18026 -222.932 
v -201.546 4.64766 -222.841 
v -201 4.5468 -223.634 
v -201 5.31167 -223.181 
v -202.041 5.16435 -222.253 
v -202.028 5.23305 -222.274 
v -202.041 5.16644 -222.254 
v -202.034 5.23768 -222.272 
v -202.033 5.23467 -222.266 
v -202.035 5.2947 -222.313 
v -202.037 5.29735 -222.315 
v -202.052 5.16992 -222.24 
v -202.067 5.18988 -222.207 
v -202.046 5.24806 -222.238 
v -202.077 5.22416 -222.159 
v -202.056 5.27369 -222.195 
v -202.054 5.30893 -222.145 
v -202.072 5.2687 -222.105 
v -202.033 5.35098 -222.097 
v -202.047 5.31951 -222.053 
v -202.038 5.39182 -222.135 
v -202.057 5.35624 -222.181 
v -201.576 5.95973 -221.527 
v -201.583 5.93987 -221.485 
v -201.576 5.99841 -221.553 
v -201.537 5.9263 -221.506 
v -201.538 5.94442 -221.536 
v -201.393 5.90718 -221.519 
v -201.532 5.97156 -221.559 
v -201.521 6.00331 -221.569 
v -201.582 6.04483 -221.559 
v -201.392 5.92092 -221.542 
v -201.155 5.96765 -221.478 
v -201.389 5.9421 -221.559 
v -201.383 5.96784 -221.567 
v -201.376 5.99461 -221.564 
v -199.973 5.23305 -222.274 
v -199.959 5.16435 -222.253 
v -199.959 5.16644 -222.254 
v -199.967 5.23467 -222.266 
v -199.966 5.23768 -222.272 
v -199.966 5.2947 -222.313 
v -199.963 5.29735 -222.315 
v -199.933 5.18988 -222.207 
v -199.948 5.16992 -222.24 
v -199.954 5.24806 -222.238 
v -199.923 5.22416 -222.159 
v -199.944 5.27369 -222.195 
v -199.946 5.30893 -222.145 
v -199.928 5.2687 -222.105 
v -199.967 5.35098 -222.097 
v -199.953 5.31951 -222.053 
v -199.962 5.39182 -222.135 
v -199.943 5.35624 -222.181 
v -200.424 5.95973 -221.527 
v -200.417 5.93987 -221.485 
v -200.424 5.99841 -221.553 
v -200.463 5.9263 -221.506 
v -200.462 5.94442 -221.536 
v -200.607 5.90718 -221.519 
v -200.468 5.97156 -221.559 
v -200.479 6.00331 -221.569 
v -200.418 6.04483 -221.559 
v -200.608 5.92092 -221.542 
v -200.845 5.96765 -221.478 
v -200.611 5.9421 -221.559 
v -200.617 5.96784 -221.567 
v -200.624 5.99461 -221.564 
v -200.609 5.17575 -222.598 
v -199.998 5.14908 -222.603 
v -200.604 5.10536 -222.608 
v -200.613 5.23705 -222.562 
v -199.998 5.21148 -222.594 
v -199.996 5.08785 -222.588 
v -200.597 5.0366 -222.591 
v -199.994 5.03733 -222.55 
v -200.591 4.97994 -222.548 
v -201.396 5.10536 -222.608 
v -202.002 5.14908 -222.603 
v -201.391 5.17575 -222.598 
v -202.002 5.21148 -222.594 
v -201.387 5.23705 -222.562 
v -201.403 5.0366 -222.591 
v -202.004 5.08785 -222.588 
v -201.409 4.97994 -222.548 
v -202.006 5.03733 -222.55 
v -201.461 6.14798 -221.398 
v -201.458 6.12332 -221.374 
v -201.341 6.38867 -221.134 
v -201.48 6.07991 -221.414 
v -201.488 6.10733 -221.45 
v -200.539 6.14798 -221.398 
v -200.659 6.38867 -221.134 
v -200.542 6.12332 -221.374 
v -200.52 6.07991 -221.414 
v -200.512 6.10733 -221.45 
v -200.283 4.98485 -222.015 
v -200.444 5.14167 -221.412 
v -200.363 4.75134 -221.985 
v -200.495 4.79154 -221.959 
v -200.617 5.02143 -221.879 
v -201.717 4.98485 -222.015 
v -201.638 4.75134 -221.985 
v -201.556 5.14167 -221.412 
v -201.506 4.79154 -221.959 
v -201.383 5.02143 -221.879 
v -200.304 6.16998 -221.389 
v -200.361 6.14284 -221.376 
v -200.305 6.15776 -221.368 
v -200.299 6.17461 -221.411 
v -200.204 6.22836 -221.37 
v -200.289 6.17095 -221.432 
v -200.278 6.15956 -221.45 
v -200.213 6.22936 -221.356 
v -200.218 6.22504 -221.341 
v -200.219 6.21607 -221.327 
v -200.106 6.33221 -221.238 
v -200.193 6.22219 -221.38 
v -200.265 6.14216 -221.46 
v -200.181 6.2118 -221.386 
v -200.352 6.10256 -221.505 
v -200.392 6.11176 -221.5 
v -199.852 5.48531 -222.143 
v -200.171 6.19876 -221.386 
v -200.254 6.12142 -221.461 
v -200.163 6.18507 -221.38 
v -200.246 6.10049 -221.454 
v -200.242 6.08254 -221.439 
v -200.16 6.1728 -221.37 
v -200.242 6.07033 -221.419 
v -200.161 6.16382 -221.356 
v -200.248 6.0657 -221.397 
v -200.308 6.01684 -221.418 
v -199.75 5.42877 -221.994 
v -200.166 6.1595 -221.341 
v -200.257 6.06936 -221.375 
v -201.579 6.02148 -221.381 
v -201.538 6.12017 -221.31 
v -201.619 6.01228 -221.385 
v -201.629 6.04699 -221.364 
v -201.732 6.08075 -221.358 
v -201.719 6.09815 -221.348 
v -201.557 6.13241 -221.307 
v -201.356 6.37003 -221.152 
v -201.636 6.08399 -221.354 
v -201.708 6.11889 -221.346 
v -201.571 6.1484 -221.311 
v -201.58 6.16569 -221.321 
v -201.582 6.18165 -221.336 
v -201.639 6.14284 -221.376 
v -201.639 6.11765 -221.359 
v -201.7 6.13982 -221.354 
v -201.696 6.15776 -221.368 
v -201.792 6.1901 -221.31 
v -201.802 6.17706 -221.31 
v -201.784 6.2038 -221.316 
v -201.781 6.21607 -221.327 
v -201.894 6.33221 -221.238 
v -201.781 6.21607 -221.327 
v -201.782 6.22504 -221.341 
v -201.696 6.15776 -221.368 
v -201.787 6.22936 -221.356 
v -201.796 6.22836 -221.37 
v -201.696 6.16998 -221.389 
v -201.639 6.14284 -221.376 
v -201.702 6.17461 -221.411 
v -201.711 6.17095 -221.432 
v -201.722 6.15956 -221.45 
v -201.635 6.15572 -221.403 
v -201.627 6.15434 -221.436 
v -201.618 6.1389 -221.47 
v -201.608 6.11176 -221.5 
v -201.577 6.19386 -221.354 
v -201.582 6.18165 -221.336 
v -201.565 6.20046 -221.371 
v -201.356 6.37003 -221.152 
v -201.549 6.20043 -221.386 
v -201.53 6.1938 -221.396 
v -201.568 6.11339 -221.487 
v -201.495 6.04329 -221.527 
v -201.512 6.18155 -221.399 
v -201.484 6.05468 -221.51 
v -201.376 6.00145 -221.528 
v -201.535 6.1072 -221.467 
v -201.497 6.16557 -221.395 
v -201.488 6.14828 -221.384 
v -201.486 6.13231 -221.369 
v -201.509 6.07616 -221.42 
v -201.515 6.09412 -221.444 
v -201.469 6.05371 -221.466 
v -201.469 6.04149 -221.446 
v -201.475 6.05834 -221.489 
v -201.366 6.0037 -221.468 
v -201.372 6.01082 -221.515 
v -201.185 5.96874 -221.48 
v -201.368 6.01454 -221.499 
v -201.366 6.01204 -221.483 
v -199.966 5.23768 -222.272 
v -199.976 5.1685 -222.252 
v -199.978 5.24042 -222.271 
v -199.959 5.16644 -222.254 
v -199.963 5.29735 -222.315 
v -200.617 5.20378 -222.24 
v -200.61 5.12646 -222.22 
v -199.976 5.09484 -222.263 
v -200.604 5.04735 -222.232 
v -199.977 5.0307 -222.301 
v -200.6 4.97848 -222.272 
v -199.981 5.29982 -222.315 
v -199.986 5.33773 -222.379 
v -200.624 5.26754 -222.288 
v -201.443 5.19384 -222.948 
v -201 5.33343 -223.202 
v -201.45 5.31477 -222.739 
v -201 5.46711 -222.538 
v -202.118 4.57583 -222.036 
v -201.1 5.59515 -221.754 
v -201 5.61745 -221.776 
v -201 5.52449 -221.225 
v -201.144 5.45304 -221.62 
v -201.458 5.24676 -222.132 
v -201.391 5.03063 -221.852 
v -201.659 5.0815 -222.132 
v -201.556 5.15186 -221.384 
v -201.742 4.99811 -222.006 
v -201.647 4.74012 -221.958 
v -201 5.30277 -221.586 
v -200.93 5.32245 -221.595 
v -200.856 5.45304 -221.62 
v -201 4.42595 -221.823 
v -200.61 5.03063 -221.852 
v -200.816 4.37816 -221.873 
v -201 4.06416 -221.59 
v -201.184 4.37816 -221.873 
v -200.49 4.77626 -221.933 
v -200.799 4.11138 -221.954 
v -201 4.10301 -221.93 
v -200.444 5.15186 -221.384 
v -201 3.94468 -222.48 
v -200.353 4.74012 -221.958 
v -200.258 4.99811 -222.006 
v -200.556 4.09507 -222.129 
v -200.455 4.10788 -222.482 
v -199.882 4.57583 -222.036 
v -200.945 5.33523 -221.618 
v -201 4.42261 -221.853 
v -200.831 4.37959 -221.899 
v -201 5.32042 -221.61 
v -201.055 5.33523 -221.618 
v -201 4.42261 -221.853 
v -201 5.32042 -221.61 
v -201.169 4.37959 -221.899 
v -202.08 5.29571 -222.277 
v -202.113 5.36071 -222.252 
v -202.09 5.31977 -222.228 
v -202.106 5.3911 -222.194 
v -202.059 5.23029 -222.28 
v -202.065 5.28197 -222.311 
v -202.049 5.22529 -222.294 
v -202.075 5.24659 -222.247 
v -202.092 5.19849 -222.221 
v -202.075 5.17621 -222.258 
v -202.103 5.23547 -222.169 
v -202.06 5.16778 -222.276 
v -202.048 5.16625 -222.284 
v -202.042 5.22536 -222.299 
v -202.045 5.27537 -222.334 
v -202.021 5.22727 -222.298 
v -202.023 5.16657 -222.282 
v -201.409 5.12676 -222.244 
v -202.023 5.1046 -222.291 
v -202.048 5.16625 -222.284 
v -202.062 5.107 -222.291 
v -202.06 5.16778 -222.276 
v -202.021 5.05066 -222.323 
v -201.414 5.05637 -222.254 
v -202.087 5.1128 -222.277 
v -202.081 5.05648 -222.32 
v -202.11 5.12788 -222.248 
v -202.075 5.17621 -222.258 
v -202.125 5.06856 -222.296 
v -202.018 5.01282 -222.373 
v -201.419 4.95219 -222.347 
v -201.418 4.99507 -222.29 
v -202.102 5.02228 -222.366 
v -202.014 4.99685 -222.434 
v -201.418 4.93425 -222.416 
v -202.01 5.00539 -222.496 
v -201.414 4.944 -222.486 
v -202.006 5.03733 -222.55 
v -202.151 5.05377 -222.532 
v -202.123 5.00962 -222.423 
v -202.14 5.02062 -222.481 
v -202.267 5.09087 -222.465 
v -202.245 5.05364 -222.422 
v -202.338 5.14515 -222.368 
v -202.168 5.04173 -222.33 
v -202.21 5.03643 -222.374 
v -202.311 5.10384 -222.333 
v -202.362 5.20951 -222.262 
v -202.159 5.09254 -222.252 
v -202.214 5.07549 -222.27 
v -202.268 5.07941 -222.298 
v -202.336 5.16689 -222.234 
v -202.129 5.15867 -222.202 
v -202.092 5.19849 -222.221 
v -202.18 5.1331 -222.193 
v -202.137 5.20494 -222.143 
v -202.103 5.23547 -222.169 
v -202.097 5.28327 -222.111 
v -202.184 5.18876 -222.125 
v -202.127 5.26174 -222.08 
v -202.071 5.33709 -222.055 
v -202.237 5.12562 -222.196 
v -202.292 5.13746 -222.21 
v -202.286 5.20676 -222.122 
v -202.237 5.18938 -222.118 
v -202.212 5.26138 -222.041 
v -202.167 5.25405 -222.055 
v -202.095 5.32382 -222.02 
v -201.592 5.96832 -221.483 
v -202.326 5.23831 -222.137 
v -202.349 5.27926 -222.161 
v -202.255 5.28264 -222.038 
v -202.29 5.31461 -222.049 
v -202.31 5.35244 -222.071 
v -202.202 5.36185 -221.965 
v -202.232 5.394 -221.973 
v -202.25 5.42877 -221.994 
v -201.692 6.01684 -221.418 
v -202.166 5.33722 -221.972 
v -201.659 6.01065 -221.398 
v -201.752 6.0657 -221.397 
v -202.128 5.32387 -221.991 
v -201.743 6.06936 -221.375 
v -201.758 6.07033 -221.419 
v -201.758 6.08254 -221.439 
v -201.839 6.16382 -221.356 
v -201.84 6.1728 -221.37 
v -201.754 6.10049 -221.454 
v -201.746 6.12142 -221.461 
v -201.837 6.18507 -221.38 
v -201.834 6.1595 -221.341 
v -201.825 6.1605 -221.327 
v -201.814 6.16667 -221.316 
v -201.829 6.19876 -221.386 
v -201.735 6.14216 -221.46 
v -201.819 6.2118 -221.386 
v -201.807 6.22219 -221.38 
v -201.648 6.10256 -221.505 
v -200.831 4.37959 -221.899 
v -200.617 5.02143 -221.879 
v -200.945 5.33523 -221.618 
v -200.883 5.44892 -221.633 
v -200.495 4.79154 -221.959 
v -200.812 4.1337 -221.97 
v -201.169 4.37959 -221.899 
v -201.506 4.79154 -221.959 
v -201.189 4.1337 -221.97 
v -201.383 5.02143 -221.879 
v -201.055 5.33523 -221.618 
v -201.117 5.44892 -221.633 
v -200.186 6.16667 -221.316 
v -200.281 6.09815 -221.348 
v -200.269 6.08075 -221.358 
v -200.257 6.06936 -221.375 
v -200.198 6.17706 -221.31 
v -200.292 6.11889 -221.346 
v -202.124 5.37499 -222.386 
v -202.201 5.40756 -222.354 
v -202.187 5.37971 -222.42 
v -202.102 5.35986 -222.422 
v -202.061 5.33922 -222.365 
v -202.072 5.34579 -222.345 
v -202.035 5.2947 -222.313 
v -202.136 5.3935 -222.337 
v -202.04 5.29648 -222.302 
v -202.028 5.23305 -222.274 
v -202.033 5.23467 -222.266 
v -202.041 5.16435 -222.253 
v -202.052 5.16992 -222.24 
v -202.084 5.3583 -222.308 
v -202.052 5.30723 -222.274 
v -202.046 5.24806 -222.238 
v -202.137 5.41568 -222.279 
v -202.089 5.3774 -222.26 
v -202.061 5.32753 -222.23 
v -202.056 5.27369 -222.195 
v -202.057 5.35624 -222.181 
v -202.054 5.30893 -222.145 
v -202.083 5.40332 -222.208 
v -202.038 5.39182 -222.135 
v -202.198 5.43662 -222.285 
v -202.262 5.4371 -222.276 
v -202.061 5.43581 -222.161 
v -201.576 5.99841 -221.553 
v -202.125 5.44294 -222.221 
v -201.582 6.04483 -221.559 
v -202.179 5.4691 -222.219 
v -202.098 5.47624 -222.171 
v -202.145 5.50704 -222.164 
v -202.235 5.47788 -222.201 
v -202.319 5.41705 -222.255 
v -202.193 5.52333 -222.14 
v -202.286 5.46799 -222.171 
v -202.362 5.37949 -222.223 
v -201.592 6.09121 -221.547 
v -201.653 6.12275 -221.526 
v -201.506 6.03475 -221.566 
v -201.521 6.00331 -221.569 
v -201.383 5.96784 -221.567 
v -201.376 5.99461 -221.564 
v -201.49 6.06058 -221.551 
v -201.605 6.1321 -221.522 
v -201.369 6.01846 -221.551 
v -201.155 5.96765 -221.478 
v -201.474 6.07791 -221.526 
v -201.363 6.03555 -221.529 
v -201.558 6.13339 -221.507 
v -201.461 6.08432 -221.494 
v -201.359 6.04288 -221.502 
v -201.357 6.03916 -221.474 
v -201.358 6.02503 -221.449 
v -201.453 6.07792 -221.46 
v -201.452 6.05935 -221.429 
v -201.517 6.12555 -221.483 
v -201.488 6.10733 -221.45 
v -201.814 6.16667 -221.316 
v -201.732 6.08075 -221.358 
v -201.719 6.09815 -221.348 
v -201.743 6.06936 -221.375 
v -201.802 6.17706 -221.31 
v -201.708 6.11889 -221.346 
v -200.945 5.33523 -221.618 
v -200.883 5.44892 -221.633 
v -201 5.51915 -221.255 
v -201 5.32042 -221.61 
v -201.055 5.33523 -221.618 
v -201 5.51915 -221.255 
v -201.117 5.44892 -221.633 
v -201 5.32042 -221.61 
v -200.831 4.37959 -221.899 
v -201 4.07896 -221.616 
v -200.812 4.1337 -221.97 
v -201.169 4.37959 -221.899 
v -201.189 4.1337 -221.97 
v -201 4.07896 -221.616 
v -202.024 5.1685 -222.252 
v -202.034 5.23768 -222.272 
v -202.022 5.24042 -222.271 
v -202.041 5.16644 -222.254 
v -201.383 5.20378 -222.24 
v -201.39 5.12646 -222.22 
v -202.024 5.09484 -222.263 
v -201.396 5.04735 -222.232 
v -202.023 5.0307 -222.301 
v -201.4 4.97848 -222.272 
v -202.037 5.29735 -222.315 
v -202.019 5.29982 -222.315 
v -201.376 5.26754 -222.288 
v -202.014 5.33773 -222.379 
v -201.37 5.30802 -222.357 
v -202.049 5.33655 -222.376 
v -202.01 5.34832 -222.453 
v -201.366 5.31904 -222.437 
v -202.007 5.32998 -222.525 
v -201.365 5.29892 -222.514 
v -202.069 5.34964 -222.445 
v -201.366 5.2507 -222.578 
v -202.094 5.33476 -222.512 
v -202.005 5.28548 -222.584 
v -202.004 5.22148 -222.623 
v -202.152 5.35372 -222.474 
v -202.119 5.29421 -222.567 
v -201.37 5.18173 -222.619 
v -202.005 5.14762 -222.633 
v -202.141 5.23405 -222.602 
v -202.158 5.16326 -222.611 
v -202.204 5.32186 -222.515 
v -202.249 5.26908 -222.538 
v -202.281 5.20331 -222.539 
v -202.253 5.35934 -222.441 
v -202.353 5.25896 -222.436 
v -202.372 5.19413 -222.41 
v -202.397 5.26107 -222.295 
v -202.311 5.31697 -222.447 
v -202.376 5.31917 -222.326 
v -202.27 5.3984 -222.359 
v -202.331 5.36739 -222.349 
v -200.175 6.1605 -221.327 
v -200.186 6.16667 -221.316 
v -200.198 6.17706 -221.31 
v -200.281 6.09815 -221.348 
v -200.208 6.1901 -221.31 
v -200.292 6.11889 -221.346 
v -200.216 6.2038 -221.316 
v -200.219 6.21607 -221.327 
v -200.305 6.15776 -221.368 
v -200.3 6.13982 -221.354 
v -200.361 6.14284 -221.376 
v -200.361 6.11765 -221.359 
v -200.365 6.08399 -221.354 
v -200.42 6.16569 -221.321 
v -200.418 6.18165 -221.336 
v -200.429 6.1484 -221.311 
v -200.644 6.37003 -221.152 
v -200.372 6.04699 -221.364 
v -200.444 6.13241 -221.307 
v -200.269 6.08075 -221.358 
v -200.462 6.12017 -221.31 
v -200.381 6.01228 -221.385 
v -200.341 6.01065 -221.398 
v -200.48 6.11353 -221.32 
v -199.798 5.36185 -221.965 
v -200.421 6.02148 -221.381 
v -199.834 5.33722 -221.972 
v -200.495 5.96448 -221.436 
v -200.497 6.11351 -221.334 
v -200.457 6.03685 -221.386 
v -200.508 5.98188 -221.426 
v -200.481 6.05605 -221.4 
v -200.509 6.1201 -221.352 
v -200.514 6.13231 -221.369 
v -200.491 6.07616 -221.42 
v -200.531 6.04149 -221.446 
v -200.519 6.00262 -221.424 
v -200.527 6.02355 -221.431 
v -200.634 6.0037 -221.468 
v -200.632 5.99079 -221.458 
v -200.815 5.96874 -221.48 
v -200.628 5.97528 -221.453 
v -200.623 5.95952 -221.455 
v -200.617 5.94593 -221.463 
v -200.612 5.93656 -221.476 
v -200.609 5.93284 -221.492 
v -200.607 5.93534 -221.508 
v -200.484 5.95309 -221.453 
v -200.475 5.94943 -221.474 
v -200.469 5.95406 -221.497 
v -200.408 5.96832 -221.483 
v -200.4 5.9697 -221.449 
v -200.391 5.98513 -221.415 
v -199.872 5.32387 -221.991 
v -199.905 5.32382 -222.02 
v -199.929 5.33709 -222.055 
v -199.833 5.25405 -222.055 
v -199.873 5.26174 -222.08 
v -199.903 5.28327 -222.111 
v -199.788 5.26138 -222.041 
v -199.816 5.18876 -222.125 
v -199.863 5.20494 -222.143 
v -199.897 5.23547 -222.169 
v -199.908 5.19849 -222.221 
v -199.871 5.15867 -222.202 
v -199.925 5.17621 -222.258 
v -199.89 5.12788 -222.248 
v -199.82 5.1331 -222.193 
v -199.841 5.09254 -222.252 
v -199.875 5.06856 -222.296 
v -199.913 5.1128 -222.277 
v -199.764 5.18938 -222.118 
v -199.919 5.05648 -222.32 
v -199.938 5.107 -222.291 
v -199.979 5.05066 -222.323 
v -199.763 5.12562 -222.196 
v -199.714 5.20676 -222.122 
v -199.786 5.07549 -222.27 
v -199.708 5.13746 -222.21 
v -199.745 5.28264 -222.038 
v -199.664 5.16689 -222.234 
v -199.832 5.04173 -222.33 
v -199.733 5.07941 -222.298 
v -199.79 5.03643 -222.374 
v -199.898 5.02228 -222.366 
v -199.877 5.00962 -222.423 
v -199.689 5.10384 -222.333 
v -199.982 5.01282 -222.373 
v -200.581 4.95219 -222.347 
v -200.583 4.99507 -222.29 
v -199.986 4.99685 -222.434 
v -200.582 4.93425 -222.416 
v -199.99 5.00539 -222.496 
v -200.586 4.944 -222.486 
v -199.994 5.03733 -222.55 
v -199.849 5.05377 -222.532 
v -199.86 5.02062 -222.481 
v -199.733 5.09087 -222.465 
v -199.755 5.05364 -222.422 
v -199.662 5.14515 -222.368 
v -199.638 5.20951 -222.262 
v -199.674 5.23831 -222.137 
v -199.651 5.27926 -222.161 
v -199.71 5.31461 -222.049 
v -199.69 5.35244 -222.071 
v -199.768 5.394 -221.973 
v -200.531 6.05371 -221.466 
v -200.634 6.0037 -221.468 
v -200.531 6.04149 -221.446 
v -200.491 6.07616 -221.42 
v -200.486 6.09412 -221.444 
v -200.525 6.05834 -221.489 
v -200.465 6.1072 -221.467 
v -200.516 6.05468 -221.51 
v -200.432 6.11339 -221.487 
v -200.512 6.14828 -221.384 
v -200.514 6.13231 -221.369 
v -200.503 6.16557 -221.395 
v -200.644 6.37003 -221.152 
v -200.488 6.18155 -221.399 
v -200.47 6.1938 -221.396 
v -200.451 6.20043 -221.386 
v -200.382 6.1389 -221.47 
v -200.435 6.20046 -221.371 
v -200.373 6.15434 -221.436 
v -200.423 6.19386 -221.354 
v -200.418 6.18165 -221.336 
v -200.365 6.15572 -221.403 
v -202.023 5.0307 -222.301 
v -202.056 5.09542 -222.264 
v -202.024 5.09484 -222.263 
v -201.396 5.04735 -222.232 
v -202.079 5.03532 -222.299 
v -202.073 5.09882 -222.254 
v -202.041 5.16644 -222.254 
v -202.024 5.1685 -222.252 
v -201.39 5.12646 -222.22 
v -202.119 5.04626 -222.277 
v -202.093 5.11204 -222.229 
v -202.152 5.06976 -222.234 
v -202.217 5.04943 -222.256 
v -202.173 5.11059 -222.175 
v -202.241 5.10146 -222.179 
v -202.176 5.16658 -222.106 
v -202.052 5.16992 -222.24 
v -202.041 5.16435 -222.253 
v -202.112 5.14161 -222.185 
v -202.067 5.18988 -222.207 
v -202.119 5.18656 -222.128 
v -202.077 5.22416 -222.159 
v -202.072 5.2687 -222.105 
v -202.109 5.24172 -222.067 
v -202.047 5.31951 -222.053 
v -202.159 5.23205 -222.036 
v -202.077 5.30222 -222.009 
v -202.215 5.24108 -222.019 
v -201.583 5.93987 -221.485 
v -202.168 5.31817 -221.948 
v -202.214 5.34905 -221.941 
v -202.12 5.30171 -221.972 
v -201.594 5.94184 -221.44 
v -201.531 5.91997 -221.472 
v -201.537 5.9263 -221.506 
v -201.393 5.90718 -221.519 
v -201.607 5.96147 -221.397 
v -201.519 5.92613 -221.44 
v -201.391 5.90285 -221.492 
v -201.155 5.96765 -221.478 
v -201.386 5.90882 -221.465 
v -201.503 5.94311 -221.415 
v -201.621 5.99359 -221.361 
v -201.38 5.92461 -221.442 
v -201.373 5.94811 -221.428 
v -201.366 5.97565 -221.424 
v -201.47 5.99972 -221.396 
v -201.487 5.96849 -221.399 
v -201.529 6.02303 -221.364 
v -201.573 6.00375 -221.357 
v -201.511 6.09399 -221.299 
v -201.485 6.094 -221.321 
v -201.495 6.04942 -221.383 
v -201.538 6.10368 -221.285 
v -201.341 6.38867 -221.134 
v -201.466 6.10428 -221.347 
v -201.48 6.07991 -221.414 
v -201.458 6.12332 -221.374 
v -201.565 6.12175 -221.28 
v -201.587 6.14637 -221.286 
v -201.641 6.08064 -221.325 
v -201.632 6.03397 -221.337 
v -201.719 6.08734 -221.32 
v -201.701 6.11787 -221.317 
v -201.738 6.06309 -221.335 
v -201.799 6.16641 -221.282 
v -201.78 6.18742 -221.283 
v -201.821 6.15035 -221.292 
v -201.908 6.35323 -221.221 
v -201.668 5.99301 -221.376 
v -201.71 6.00116 -221.4 
v -201.756 6.04764 -221.359 
v -201.841 6.14162 -221.309 
v -201.856 6.14132 -221.332 
v -201.771 6.04302 -221.39 
v -201.739 6.01978 -221.432 
v -201.865 6.14928 -221.357 
v -201.867 6.16428 -221.38 
v -201.78 6.05053 -221.423 
v -201.781 6.06911 -221.453 
v -201.748 6.04774 -221.468 
v -201.732 6.07831 -221.5 
v -201.775 6.09579 -221.476 
v -201.861 6.18421 -221.398 
v -201.761 6.12636 -221.487 
v -201.698 6.10414 -221.519 
v -200.9 5.59515 -221.754 
v -201 5.52449 -221.225 
v -201 5.61745 -221.776 
v -200.856 5.45304 -221.62 
v -201 5.46711 -222.538 
v -200.542 5.24676 -222.132 
v -200.61 5.03063 -221.852 
v -200.55 5.31477 -222.739 
v -201 5.33343 -223.202 
v -200.557 5.19384 -222.948 
v -199.882 4.57583 -222.036 
v -200.341 5.0815 -222.132 
v -200.444 5.15186 -221.384 
v -200.258 4.99811 -222.006 
v -200.353 4.74012 -221.958 
v -200.567 5.29156 -222.732 
v -201 5.31167 -223.181 
v -201 5.43767 -222.532 
v -200.579 5.18026 -222.932 
v -199.909 4.57958 -222.048 
v -200.917 5.57035 -221.757 
v -201 5.58749 -221.774 
v -201 5.51915 -221.255 
v -200.883 5.44892 -221.633 
v -200.564 5.22712 -222.139 
v -200.617 5.02143 -221.879 
v -200.359 5.05801 -222.135 
v -200.444 5.14167 -221.412 
v -200.283 4.98485 -222.015 
v -200.444 5.14167 -221.412 
v -201.433 5.29156 -222.732 
v -201 5.43767 -222.532 
v -201 5.31167 -223.181 
v -201.421 5.18026 -222.932 
v -202.091 4.57958 -222.048 
v -201.083 5.57035 -221.757 
v -201 5.58749 -221.774 
v -201 5.51915 -221.255 
v -201.117 5.44892 -221.633 
v -201.436 5.22712 -222.139 
v -201.383 5.02143 -221.879 
v -201.641 5.05801 -222.135 
v -201.556 5.14167 -221.412 
v -201.717 4.98485 -222.015 
v -201.556 5.14167 -221.412 
v -200.268 6.07831 -221.5 
v -199.721 5.47393 -222.015 
v -200.252 6.04774 -221.468 
v -199.726 5.43325 -221.977 
v -200.261 6.01978 -221.432 
v -200.302 6.10414 -221.519 
v -199.765 5.52267 -222.103 
v -199.807 5.52333 -222.14 
v -199.726 5.43325 -221.977 
v -200.29 6.00116 -221.4 
v -199.749 5.38942 -221.951 
v -200.347 6.12275 -221.526 
v -200.257 6.15626 -221.485 
v -200.239 6.12636 -221.487 
v -199.855 5.50704 -222.164 
v -200.139 6.18421 -221.398 
v -200.225 6.09579 -221.476 
v -200.151 6.20631 -221.408 
v -200.092 6.35323 -221.221 
v -200.133 6.16428 -221.38 
v -200.169 6.22741 -221.409 
v -200.19 6.2442 -221.401 
v -200.276 6.18055 -221.471 
v -200.211 6.25386 -221.384 
v -200.395 6.1321 -221.522 
v -200.294 6.19677 -221.447 
v -200.383 6.1636 -221.487 
v -200.309 6.20247 -221.415 
v -200.371 6.18315 -221.444 
v -200.228 6.25465 -221.361 
v -200.36 6.18495 -221.398 
v -200.317 6.19575 -221.381 
v -200.239 6.24649 -221.335 
v -200.241 6.2308 -221.312 
v -200.319 6.17712 -221.35 
v -200.354 6.16524 -221.357 
v -200.404 6.21702 -221.352 
v -200.396 6.19828 -221.324 
v -200.659 6.38867 -221.134 
v -200.422 6.22665 -221.379 
v -200.447 6.22597 -221.401 
v -200.475 6.21592 -221.415 
v -200.502 6.19821 -221.42 
v -200.524 6.17428 -221.414 
v -200.539 6.14798 -221.398 
v -200.442 6.13339 -221.507 
v -200.512 6.10733 -221.45 
v -200.483 6.12555 -221.483 
v -200.51 6.06058 -221.551 
v -200.526 6.07791 -221.526 
v -200.539 6.08432 -221.494 
v -200.548 6.05935 -221.429 
v -200.52 6.07991 -221.414 
v -200.547 6.07792 -221.46 
v -200.642 6.02503 -221.449 
v -200.643 6.03916 -221.474 
v -200.845 5.96765 -221.478 
v -200.642 6.04288 -221.502 
v -200.637 6.03555 -221.529 
v -200.631 6.01846 -221.551 
v -200.624 5.99461 -221.564 
v -200.494 6.03475 -221.566 
v -200.617 5.96784 -221.567 
v -200.479 6.00331 -221.569 
v -200.418 6.04483 -221.559 
v -200.408 6.09121 -221.547 
v -199.902 5.47624 -222.171 
v -199.939 5.43581 -222.161 
v -200.424 5.99841 -221.553 
v -199.962 5.39182 -222.135 
v -199.875 5.44294 -222.221 
v -199.917 5.40332 -222.208 
v -199.943 5.35624 -222.181 
v -199.821 5.4691 -222.219 
v -199.765 5.47788 -222.201 
v -199.802 5.43662 -222.285 
v -199.863 5.41568 -222.279 
v -199.864 5.3935 -222.337 
v -199.799 5.40756 -222.354 
v -199.877 5.37499 -222.386 
v -199.928 5.34579 -222.345 
v -199.939 5.33922 -222.365 
v -199.966 5.2947 -222.313 
v -199.916 5.3583 -222.308 
v -199.96 5.29648 -222.302 
v -199.973 5.23305 -222.274 
v -199.967 5.23467 -222.266 
v -199.959 5.16435 -222.253 
v -199.948 5.16992 -222.24 
v -199.948 5.30723 -222.274 
v -199.954 5.24806 -222.238 
v -199.911 5.3774 -222.26 
v -199.939 5.32753 -222.23 
v -199.944 5.27369 -222.195 
v -199.946 5.30893 -222.145 
v -199.635 5.1324 -222.373 
v -199.738 5.02905 -222.427 
v -199.667 5.08324 -222.331 
v -199.609 5.20194 -222.259 
v -199.641 5.15085 -222.225 
v -199.651 5.22661 -222.122 
v -199.699 5.18827 -222.103 
v -199.622 5.27642 -222.152 
v -199.731 5.26739 -222.016 
v -199.785 5.24108 -222.019 
v -199.689 5.30698 -222.029 
v -199.664 5.35384 -222.056 
v -199.749 5.38942 -221.951 
v -199.726 5.43325 -221.977 
v -199.786 5.34905 -221.941 
v -200.29 6.00116 -221.4 
v -199.832 5.31817 -221.948 
v -199.841 5.23205 -222.036 
v -200.332 5.99301 -221.376 
v -199.88 5.30171 -221.972 
v -199.923 5.30222 -222.009 
v -200.379 5.99359 -221.361 
v -200.406 5.94184 -221.44 
v -200.417 5.93987 -221.485 
v -200.393 5.96147 -221.397 
v -200.469 5.91997 -221.472 
v -200.463 5.9263 -221.506 
v -200.607 5.90718 -221.519 
v -200.481 5.92613 -221.44 
v -200.609 5.90285 -221.492 
v -200.845 5.96765 -221.478 
v -200.497 5.94311 -221.415 
v -200.614 5.90882 -221.465 
v -200.62 5.92461 -221.442 
v -200.627 5.94811 -221.428 
v -200.634 5.97565 -221.424 
v -200.53 5.99972 -221.396 
v -200.513 5.96849 -221.399 
v -200.471 6.02303 -221.364 
v -200.427 6.00375 -221.357 
v -200.489 6.09399 -221.299 
v -200.462 6.10368 -221.285 
v -200.515 6.094 -221.321 
v -200.505 6.04942 -221.383 
v -200.659 6.38867 -221.134 
v -200.534 6.10428 -221.347 
v -200.52 6.07991 -221.414 
v -200.542 6.12332 -221.374 
v -200.435 6.12175 -221.28 
v -200.413 6.14637 -221.286 
v -200.359 6.08064 -221.325 
v -200.368 6.03397 -221.337 
v -200.281 6.08734 -221.32 
v -200.299 6.11787 -221.317 
v -200.263 6.06309 -221.335 
v -200.244 6.04764 -221.359 
v -200.22 6.18742 -221.283 
v -200.201 6.16641 -221.282 
v -200.18 6.15035 -221.292 
v -200.092 6.35323 -221.221 
v -200.16 6.14162 -221.309 
v -200.144 6.14132 -221.332 
v -200.229 6.04302 -221.39 
v -200.261 6.01978 -221.432 
v -200.135 6.14928 -221.357 
v -200.133 6.16428 -221.38 
v -200.22 6.05053 -221.423 
v -200.219 6.06911 -221.453 
v -200.252 6.04774 -221.468 
v -200.268 6.07831 -221.5 
v -200.225 6.09579 -221.476 
v -200.139 6.18421 -221.398 
v -200.239 6.12636 -221.487 
v -200.302 6.10414 -221.519 
v -201.609 5.98513 -221.415 
v -201.6 5.9697 -221.449 
v -201.525 5.94943 -221.474 
v -201.531 5.95406 -221.497 
v -201.393 5.93534 -221.508 
v -201.516 5.95309 -221.453 
v -201.391 5.93284 -221.492 
v -201.185 5.96874 -221.48 
v -201.505 5.96448 -221.436 
v -201.388 5.93656 -221.476 
v -201.383 5.94593 -221.463 
v -201.492 5.98188 -221.426 
v -201.377 5.95952 -221.455 
v -201.372 5.97528 -221.453 
v -201.368 5.99079 -221.458 
v -201.366 6.0037 -221.468 
v -201.481 6.00262 -221.424 
v -201.473 6.02355 -221.431 
v -201.469 6.04149 -221.446 
v -201.519 6.05605 -221.4 
v -201.509 6.07616 -221.42 
v -201.543 6.03685 -221.386 
v -201.491 6.1201 -221.352 
v -201.486 6.13231 -221.369 
v -201.503 6.11351 -221.334 
v -201.52 6.11353 -221.32 
v -199.979 5.05066 -222.323 
v -200.586 5.05637 -222.254 
v -200.583 4.99507 -222.29 
v -199.977 5.1046 -222.291 
v -200.592 5.12676 -222.244 
v -199.979 5.22727 -222.298 
v -200.598 5.19552 -222.261 
v -201.414 5.05637 -222.254 
v -202.021 5.05066 -222.323 
v -201.418 4.99507 -222.29 
v -201.409 5.12676 -222.244 
v -202.023 5.1046 -222.291 
v -202.021 5.22727 -222.298 
v -201.402 5.19552 -222.261 
v -202.244 5.33542 -222.426 
v -202.204 5.37998 -222.343 
v -202.202 5.40984 -222.272 
v -202.183 5.44441 -222.202 
v -202.196 5.30001 -222.496 
v -202.188 5.35221 -222.408 
v -202.115 5.2739 -222.545 
v -202.153 5.32656 -222.462 
v -202.004 5.26547 -222.562 
v -201.387 5.23705 -222.562 
v -201.386 5.27994 -222.505 
v -202.094 5.30779 -222.499 
v -202.007 5.30295 -222.512 
v -201.387 5.29787 -222.436 
v -202.073 5.31996 -222.442 
v -202.011 5.31837 -222.451 
v -201.391 5.28812 -222.366 
v -202.015 5.30945 -222.389 
v -201.396 5.25218 -222.304 
v -202.111 5.33144 -222.418 
v -202.055 5.30859 -222.385 
v -202.018 5.27747 -222.335 
v -201.402 5.19552 -222.261 
v -202.076 5.31392 -222.37 
v -202.135 5.34797 -222.38 
v -202.15 5.36792 -222.329 
v -202.092 5.32331 -222.346 
v -202.152 5.39234 -222.267 
v -202.054 5.27663 -222.327 
v -202.106 5.33834 -222.305 
v -202.14 5.4231 -222.205 
v -199.996 5.14762 -222.633 
v -199.859 5.23405 -222.602 
v -199.996 5.22148 -222.623 
v -200.63 5.18173 -222.619 
v -199.843 5.16326 -222.611 
v -199.751 5.26908 -222.538 
v -199.719 5.20331 -222.539 
v -199.881 5.29421 -222.567 
v -199.796 5.32186 -222.515 
v -199.647 5.25896 -222.436 
v -199.628 5.19413 -222.41 
v -199.603 5.26107 -222.295 
v -199.995 5.28548 -222.584 
v -200.634 5.2507 -222.578 
v -199.993 5.32998 -222.525 
v -200.635 5.29892 -222.514 
v -200.634 5.31904 -222.437 
v -199.906 5.33476 -222.512 
v -199.99 5.34832 -222.453 
v -200.63 5.30802 -222.357 
v -199.931 5.34964 -222.445 
v -199.848 5.35372 -222.474 
v -199.951 5.33655 -222.376 
v -199.898 5.35986 -222.422 
v -199.813 5.37971 -222.42 
v -199.747 5.35934 -222.441 
v -199.689 5.31697 -222.447 
v -199.73 5.3984 -222.359 
v -199.624 5.31917 -222.326 
v -199.669 5.36739 -222.349 
v -199.738 5.4371 -222.276 
v -199.681 5.41705 -222.255 
v -199.638 5.37949 -222.223 
v -199.618 5.33011 -222.187 
v -199.622 5.27642 -222.152 
v -199.664 5.35384 -222.056 
v -199.66 5.40088 -222.092 
v -199.677 5.44096 -222.133 
v -199.714 5.46799 -222.171 
v -199.734 5.50532 -222.059 
v -199.838 5.03295 -222.551 
v -199.99 5.01538 -222.57 
v -199.986 4.97741 -222.506 
v -200.604 4.92108 -222.493 
v -200.6 4.91015 -222.414 
v -199.851 4.99349 -222.49 
v -199.712 5.07332 -222.479 
v -199.982 4.96707 -222.432 
v -199.871 4.98018 -222.421 
v -199.979 4.98582 -222.36 
v -200.599 4.93031 -222.336 
v -199.896 4.9949 -222.354 
v -199.977 5.0307 -222.301 
v -200.6 4.97848 -222.272 
v -199.921 5.03532 -222.299 
v -199.83 5.01453 -222.317 
v -199.881 5.04626 -222.277 
v -199.944 5.09542 -222.264 
v -199.927 5.09882 -222.254 
v -199.959 5.16435 -222.253 
v -199.948 5.16992 -222.24 
v -199.976 5.09484 -222.263 
v -200.604 5.04735 -222.232 
v -199.959 5.16644 -222.254 
v -199.976 5.1685 -222.252 
v -200.61 5.12646 -222.22 
v -199.907 5.11204 -222.229 
v -199.888 5.14161 -222.185 
v -199.848 5.06976 -222.234 
v -199.933 5.18988 -222.207 
v -199.881 5.18656 -222.128 
v -199.923 5.22416 -222.159 
v -199.827 5.11059 -222.175 
v -199.928 5.2687 -222.105 
v -199.783 5.04943 -222.256 
v -199.824 5.16658 -222.106 
v -199.891 5.24172 -222.067 
v -199.953 5.31951 -222.053 
v -199.759 5.10146 -222.179 
v -199.76 5.1672 -222.098 
v -199.693 5.11559 -222.196 
v -199.719 5.05413 -222.289 
v -199.78 5.00845 -222.37 
v -199.817 5.44441 -222.202 
v -199.739 5.3727 -222.346 
v -199.798 5.40984 -222.272 
v -199.796 5.37998 -222.343 
v -199.756 5.33542 -222.426 
v -199.804 5.30001 -222.496 
v -199.812 5.35221 -222.408 
v -199.851 5.36792 -222.329 
v -199.865 5.34797 -222.38 
v -199.848 5.39234 -222.267 
v -199.885 5.2739 -222.545 
v -199.847 5.32656 -222.462 
v -199.889 5.33144 -222.418 
v -199.907 5.30779 -222.499 
v -199.996 5.26547 -222.562 
v -200.613 5.23705 -222.562 
v -200.614 5.27994 -222.505 
v -199.927 5.31996 -222.442 
v -199.993 5.30295 -222.512 
v -200.613 5.29787 -222.436 
v -199.989 5.31837 -222.451 
v -200.609 5.28812 -222.366 
v -199.985 5.30945 -222.389 
v -200.604 5.25218 -222.304 
v -199.945 5.30859 -222.385 
v -199.982 5.27747 -222.335 
v -200.598 5.19552 -222.261 
v -199.979 5.22727 -222.298 
v -199.956 5.27537 -222.334 
v -199.924 5.31392 -222.37 
v -199.908 5.32331 -222.346 
v -199.946 5.27663 -222.327 
v -199.958 5.22536 -222.299 
v -199.952 5.22529 -222.294 
v -199.977 5.16657 -222.282 
v -200.592 5.12676 -222.244 
v -199.952 5.16625 -222.284 
v -199.977 5.1046 -222.291 
v -199.94 5.16778 -222.276 
v -199.952 5.16625 -222.284 
v -199.925 5.17621 -222.258 
v -199.94 5.16778 -222.276 
v -200.586 5.05637 -222.254 
v -199.941 5.23029 -222.28 
v -199.908 5.19849 -222.221 
v -199.935 5.28197 -222.311 
v -199.894 5.33834 -222.305 
v -199.92 5.29571 -222.277 
v -199.887 5.36071 -222.252 
v -199.925 5.24659 -222.247 
v -199.897 5.23547 -222.169 
v -199.91 5.31977 -222.228 
v -199.914 5.27578 -222.199 
v -199.894 5.3911 -222.194 
v -199.914 5.35328 -222.173 
v -199.917 5.31541 -222.143 
v -199.903 5.28327 -222.111 
v -199.936 5.39376 -222.121 
v -199.86 5.4231 -222.205 
v -199.94 5.36165 -222.091 
v -199.929 5.33709 -222.055 
v -200.412 5.9812 -221.51 
v -200.408 5.96832 -221.483 
v -200.469 5.95406 -221.497 
v -200.469 5.96628 -221.517 
v -200.607 5.93534 -221.508 
v -200.607 5.94368 -221.523 
v -200.815 5.96874 -221.48 
v -200.473 5.98422 -221.532 
v -200.412 6.00639 -221.527 
v -200.609 5.95659 -221.533 
v -200.481 6.00515 -221.539 
v -199.918 5.42853 -222.142 
v -200.409 6.04005 -221.531 
v -199.888 5.46068 -222.15 
v -200.402 6.07705 -221.522 
v -200.492 6.0259 -221.537 
v -200.613 5.9721 -221.537 
v -200.618 5.98786 -221.536 
v -200.505 6.04329 -221.527 
v -200.624 6.00145 -221.528 
v -200.629 6.01082 -221.515 
v -200.632 6.01454 -221.499 
v -200.634 6.01204 -221.483 
v -201.358 6.02503 -221.449 
v -201.155 5.96765 -221.478 
v -201.361 6.00273 -221.432 
v -201.366 5.97565 -221.424 
v -201.458 6.03169 -221.406 
v -201.452 6.05935 -221.429 
v -201.47 5.99972 -221.396 
v -201.495 6.04942 -221.383 
v -201.48 6.07991 -221.414 
v -201.529 6.02303 -221.364 
v -200.642 6.02503 -221.449 
v -200.639 6.00273 -221.432 
v -200.845 5.96765 -221.478 
v -200.634 5.97565 -221.424 
v -200.542 6.03169 -221.406 
v -200.548 6.05935 -221.429 
v -200.53 5.99972 -221.396 
v -200.505 6.04942 -221.383 
v -200.52 6.07991 -221.414 
v -200.471 6.02303 -221.364 
v -201 4.07896 -221.616 
v -200.831 4.37959 -221.899 
v -201 4.42261 -221.853 
v -201 4.07896 -221.616 
v -201 4.42261 -221.853 
v -201.169 4.37959 -221.899 
v -202.149 5.48531 -222.143 
v -202.112 5.46068 -222.15 
v -202.083 5.42853 -222.142 
v -201.598 6.07705 -221.522 
v -201.591 6.04005 -221.531 
v -202.064 5.39376 -222.121 
v -201.588 6.00639 -221.527 
v -201.508 6.0259 -221.537 
v -201.519 6.00515 -221.539 
v -201.387 5.9721 -221.537 
v -201.382 5.98786 -221.536 
v -201.391 5.95659 -221.533 
v -201.527 5.98422 -221.532 
v -201.588 5.9812 -221.51 
v -201.393 5.94368 -221.523 
v -201.531 5.96628 -221.517 
v -201.393 5.93534 -221.508 
v -201.531 5.95406 -221.497 
v -201.592 5.96832 -221.483 
v -202.071 5.33709 -222.055 
v -202.06 5.36165 -222.091 
v -202.097 5.28327 -222.111 
v -202.083 5.31541 -222.143 
v -202.086 5.35328 -222.173 
v -202.086 5.27578 -222.199 
v -202.301 5.18827 -222.103 
v -202.269 5.26739 -222.016 
v -202.24 5.1672 -222.098 
v -202.349 5.22661 -222.122 
v -202.307 5.11559 -222.196 
v -202.359 5.15085 -222.225 
v -202.391 5.20194 -222.259 
v -202.378 5.27642 -222.152 
v -202.311 5.30698 -222.029 
v -202.336 5.35384 -222.056 
v -202.251 5.38942 -221.951 
v -202.274 5.43325 -221.977 
v -202.333 5.08324 -222.331 
v -202.365 5.1324 -222.373 
v -202.281 5.05413 -222.289 
v -202.262 5.02905 -222.427 
v -202.288 5.07332 -222.479 
v -202.22 5.00845 -222.37 
v -202.149 4.99349 -222.49 
v -202.162 5.03295 -222.551 
v -202.129 4.98018 -222.421 
v -202.014 4.97741 -222.506 
v -202.01 5.01538 -222.57 
v -201.396 4.92108 -222.493 
v -201.4 4.91015 -222.414 
v -202.018 4.96707 -222.432 
v -202.17 5.01453 -222.317 
v -202.104 4.9949 -222.354 
v -202.021 4.98582 -222.36 
v -201.401 4.93031 -222.336 
v -201.4 4.97848 -222.272 
v -201.647 4.74012 -221.958 
v -201.556 5.15186 -221.384 
v -201.51 4.77626 -221.933 
v -201.742 4.99811 -222.006 
v -201.391 5.03063 -221.852 
v -201.444 4.09507 -222.129 
v -202.118 4.57583 -222.036 
v -201.545 4.10788 -222.482 
v -201 3.94468 -222.48 
v -201.201 4.11138 -221.954 
v -201 4.10301 -221.93 
v -201 4.06416 -221.59 
v -201.184 4.37816 -221.873 
v -201 4.42595 -221.823 
v -200.816 4.37816 -221.873 
v -201.07 5.32245 -221.595 
v -201.144 5.45304 -221.62 
v -201 5.30277 -221.586 
v -201.48 6.07991 -221.414 
v -201.476 6.17428 -221.414 
v -201.461 6.14798 -221.398 
v -201.341 6.38867 -221.134 
v -201.499 6.19821 -221.42 
v -201.525 6.21592 -221.415 
v -201.553 6.22597 -221.401 
v -201.617 6.1636 -221.487 
v -201.724 6.18055 -221.471 
v -201.629 6.18315 -221.444 
v -201.578 6.22665 -221.379 
v -201.596 6.21702 -221.352 
v -201.604 6.19828 -221.324 
v -201.646 6.16524 -221.357 
v -201.64 6.18495 -221.398 
v -201.706 6.19677 -221.447 
v -201.691 6.20247 -221.415 
v -201.683 6.19575 -221.381 
v -201.681 6.17712 -221.35 
v -201.789 6.25386 -221.384 
v -201.772 6.25465 -221.361 
v -201.761 6.24649 -221.335 
v -201.759 6.2308 -221.312 
v -201.908 6.35323 -221.221 
v -201.81 6.2442 -221.401 
v -201.743 6.15626 -221.485 
v -201.831 6.22741 -221.409 
v -201.698 6.10414 -221.519 
v -201.849 6.20631 -221.408 
v -201.761 6.12636 -221.487 
v -201.861 6.18421 -221.398 
v -201.775 6.09579 -221.476 
v -201.867 6.16428 -221.38 
v -202.236 5.52267 -222.103 
v -201.732 6.07831 -221.5 
v -202.323 5.44096 -222.133 
v -202.266 5.50532 -222.059 
v -202.279 5.47393 -222.015 
v -201.748 6.04774 -221.468 
v -202.274 5.43325 -221.977 
v -201.739 6.01978 -221.432 
v -202.34 5.40088 -222.092 
v -202.336 5.35384 -222.056 
v -201.71 6.00116 -221.4 
v -202.274 5.43325 -221.977 
v -202.251 5.38942 -221.951 
v -202.382 5.33011 -222.187 
v -202.378 5.27642 -222.152 
v -201.78 6.18742 -221.283 
v -201.766 6.21006 -221.293 
v -201.759 6.2308 -221.312 
v -201.681 6.17712 -221.35 
v -201.688 6.14952 -221.328 
v -201.701 6.11787 -221.317 
v -201.646 6.16524 -221.357 
v -201.646 6.12704 -221.331 
v -201.641 6.08064 -221.325 
v -201.587 6.14637 -221.286 
v -201.719 6.08734 -221.32 
v -201.799 6.16641 -221.282 
v -201.738 6.06309 -221.335 
v -201.756 6.04764 -221.359 
v -201.821 6.15035 -221.292 
v -201.601 6.17332 -221.301 
v -201.341 6.38867 -221.134 
v -201.604 6.19828 -221.324 
v -200.22 6.18742 -221.283 
v -200.234 6.21006 -221.293 
v -200.241 6.2308 -221.312 
v -200.319 6.17712 -221.35 
v -200.312 6.14952 -221.328 
v -200.299 6.11787 -221.317 
v -200.354 6.16524 -221.357 
v -200.354 6.12704 -221.331 
v -200.359 6.08064 -221.325 
v -200.413 6.14637 -221.286 
v -200.201 6.16641 -221.282 
v -200.281 6.08734 -221.32 
v -200.263 6.06309 -221.335 
v -200.18 6.15035 -221.292 
v -200.244 6.04764 -221.359 
v -200.399 6.17332 -221.301 
v -200.396 6.19828 -221.324 
v -200.659 6.38867 -221.134 
v -199.882 4.57583 -222.036 
v -200.557 5.19384 -222.948 
v -200.43 4.64841 -222.859 
v -201 4.54388 -223.664 
v -201 5.33343 -223.202 
v -202.118 4.57583 -222.036 
v -201.57 4.64841 -222.859 
v -201.443 5.19384 -222.948 
v -201 4.54388 -223.664 
v -201 5.33343 -223.202 
v -201.383 5.02518 -222.61 
v -202.01 5.01538 -222.57 
v -201.39 4.96146 -222.562 
v -201.376 5.10253 -222.63 
v -202.007 5.0752 -222.615 
v -200.61 4.96146 -222.562 
v -199.99 5.01538 -222.57 
v -200.617 5.02518 -222.61 
v -199.993 5.0752 -222.615 
v -200.624 5.10253 -222.63 
v -202.01 5.01538 -222.57 
v -201.396 4.92108 -222.493 
v -201.39 4.96146 -222.562 
v -200.604 4.92108 -222.493 
v -199.99 5.01538 -222.57 
v -200.61 4.96146 -222.562 
v -201.366 5.2507 -222.578 
v -202.004 5.22148 -222.623 
v -201.37 5.18173 -222.619 
v -202.005 5.14762 -222.633 
v -201.376 5.10253 -222.63 
v -202.007 5.0752 -222.615 
v -201.383 5.02518 -222.61 
v -202.01 5.01538 -222.57 
v -202.162 5.03295 -222.551 
v -202.165 5.0926 -222.593 
v -202.158 5.16326 -222.611 
v -202.288 5.07332 -222.479 
v -202.294 5.13454 -222.518 
v -202.281 5.20331 -222.539 
v -202.372 5.19413 -222.41 
v -202.365 5.1324 -222.373 
v -202.397 5.26107 -222.295 
v -202.391 5.20194 -222.259 
v -202.378 5.27642 -222.152 
v -199.996 5.14762 -222.633 
v -199.835 5.0926 -222.593 
v -199.843 5.16326 -222.611 
v -200.624 5.10253 -222.63 
v -200.63 5.18173 -222.619 
v -199.996 5.22148 -222.623 
v -200.634 5.2507 -222.578 
v -199.993 5.0752 -222.615 
v -200.617 5.02518 -222.61 
v -199.99 5.01538 -222.57 
v -199.838 5.03295 -222.551 
v -199.712 5.07332 -222.479 
v -199.706 5.13454 -222.518 
v -199.719 5.20331 -222.539 
v -199.628 5.19413 -222.41 
v -199.635 5.1324 -222.373 
v -199.603 5.26107 -222.295 
v -199.609 5.20194 -222.259 
v -199.622 5.27642 -222.152 
v -201.447 4.09687 -222.902 
v -201 3.90416 -223.077 
v -201 4.54388 -223.664 
v -201 3.94468 -222.48 
v -201.57 4.64841 -222.859 
v -201.545 4.10788 -222.482 
v -202.118 4.57583 -222.036 
v -200.553 4.09687 -222.902 
v -201 4.54388 -223.664 
v -201 3.90416 -223.077 
v -200.43 4.64841 -222.859 
v -201 3.94468 -222.48 
v -199.882 4.57583 -222.036 
v -200.455 4.10788 -222.482 

vn 0 1 0 
vn 0 1 0 
vn 0 1 0 
vn 0 1 0 
vn 0 1 0 
vn 0 1 0 
vn 0 1 0 
vn 0 1 0 
vn 0.692913 -0.362205 -0.622047 
vn 0.818898 -0.125984 -0.559055 
vn 0.669291 -0.645669 -0.377953 
vn 0.818898 -0.362205 -0.440945 
vn 0.464567 -0.80315 -0.370079 
vn 0.566929 -0.818898 -0.0866142 
vn 0.330709 -0.944882 0.023622 
vn -0.692913 -0.362205 -0.622047 
vn -0.669291 -0.645669 -0.377953 
vn -0.818898 -0.125984 -0.559055 
vn -0.818898 -0.362205 -0.440945 
vn -0.464567 -0.80315 -0.377953 
vn -0.566929 -0.818898 -0.0866142 
vn -0.330709 -0.944882 0.023622 
vn -0.015748 0.330709 -0.944882 
vn 0.0472441 0.330709 -0.944882 
vn 0.0787402 -0.0472441 -0.992126 
vn 0.244094 0.354331 -0.897638 
vn 0.015748 -0.0472441 -1 
vn 0.102362 -0.425197 -0.897638 
vn 0.0393701 -0.425197 -0.905512 
vn 0.110236 -0.590551 -0.80315 
vn 0.362205 -0.551181 -0.748031 
vn 0.362205 -0.377953 -0.850394 
vn 0.708661 -0.433071 -0.559055 
vn 0.330709 -0.015748 -0.944882 
vn 0.716535 -0.259843 -0.645669 
vn 0.929134 -0.0944882 -0.362205 
vn 0.92126 -0.267717 -0.267717 
vn 0.645669 0.0944882 -0.755906 
vn 0.480315 0.448819 -0.755906 
vn 0.992126 0.0787402 -0.0866142 
vn 0.992126 -0.0944882 0.00787402 
vn 0.826772 0.251969 -0.496063 
vn 0.976378 0.0629921 0.220472 
vn 0.614173 0.566929 -0.559055 
vn 0.968504 0.228346 0.11811 
vn 0.913386 0.204724 0.362205 
vn 0.88189 0.401575 -0.259843 
vn 0.850394 0.519685 -0.0944882 
vn 0.905512 0.354331 0.244094 
vn 0.850394 0.299213 0.440945 
vn 0.787402 0.614173 -0.00787402 
vn 0.598425 0.755906 -0.275591 
vn 0.637795 0.677165 -0.377953 
vn 0.551181 0.795276 -0.251969 
vn 0.748031 0.661417 0.00787402 
vn 0.850394 0.433071 0.307087 
vn 0.992126 -0.00787402 -0.102362 
vn 0.811024 0.346457 -0.480315 
vn 0.889764 -0.338583 0.314961 
vn 0.535433 0.795276 -0.275591 
vn 0.488189 0.566929 -0.669291 
vn 0.228346 0.818898 -0.519685 
vn 0.220472 0.866142 -0.440945 
vn 0.251969 0.88189 -0.393701 
vn -0.0472441 0.330709 -0.944882 
vn 0.015748 0.330709 -0.944882 
vn -0.0787402 -0.0472441 -0.992126 
vn -0.244094 0.354331 -0.897638 
vn -0.00787402 -0.0472441 -1 
vn -0.102362 -0.417323 -0.897638 
vn -0.0393701 -0.425197 -0.905512 
vn -0.110236 -0.590551 -0.80315 
vn -0.362205 -0.551181 -0.748031 
vn -0.362205 -0.377953 -0.850394 
vn -0.708661 -0.433071 -0.559055 
vn -0.330709 -0.015748 -0.944882 
vn -0.716535 -0.259843 -0.645669 
vn -0.929134 -0.0944882 -0.362205 
vn -0.92126 -0.267717 -0.267717 
vn -0.645669 0.0944882 -0.755906 
vn -0.480315 0.448819 -0.755906 
vn -0.826772 0.251969 -0.496063 
vn -0.992126 0.0787402 -0.0866142 
vn -0.992126 -0.0944882 0.00787402 
vn -0.976378 0.0629921 0.220472 
vn -0.968504 0.228346 0.11811 
vn -0.913386 0.204724 0.362205 
vn -0.88189 0.401575 -0.259843 
vn -0.905512 0.346457 0.244094 
vn -0.850394 0.299213 0.440945 
vn -0.850394 0.519685 -0.0944882 
vn -0.787402 0.614173 -0.00787402 
vn -0.850394 0.433071 0.307087 
vn -0.614173 0.566929 -0.559055 
vn -0.748031 0.661417 0.00787402 
vn -0.992126 -0.00787402 -0.102362 
vn -0.811024 0.346457 -0.480315 
vn -0.889764 -0.338583 0.314961 
vn -0.488189 0.566929 -0.669291 
vn -0.535433 0.795276 -0.275591 
vn -0.551181 0.795276 -0.251969 
vn -0.228346 0.818898 -0.519685 
vn -0.598425 0.755906 -0.275591 
vn -0.220472 0.866142 -0.440945 
vn -0.637795 0.677165 -0.377953 
vn -0.251969 0.88189 -0.393701 
vn -0.299213 0.858268 -0.425197 
vn 0.425197 -0.897638 0.0787402 
vn 0.385827 -0.779528 0.488189 
vn 0.181102 -0.968504 0.173228 
vn 0.212598 -0.370079 0.905512 
vn 0.173228 -0.905512 0.393701 
vn 0 -1 0.023622 
vn 0 -0.984252 -0.165354 
vn 0.417323 -0.283465 0.866142 
vn 0.204724 -0.212598 0.952756 
vn 0.0708661 -0.165354 0.984252 
vn -0.425197 -0.897638 0.0787402 
vn -0.181102 -0.968504 0.173228 
vn -0.385827 -0.779528 0.488189 
vn -0.212598 -0.370079 0.905512 
vn -0.173228 -0.905512 0.393701 
vn 0 -1 0.023622 
vn 0 -0.984252 -0.165354 
vn -0.417323 -0.283465 0.866142 
vn -0.204724 -0.212598 0.952756 
vn -0.0708661 -0.165354 0.984252 
vn 0.11811 -0.850394 -0.511811 
vn 0.0944882 -0.937008 -0.330709 
vn 0.0787402 -0.858268 -0.511811 
vn -0.0944882 -0.937008 -0.330709 
vn -0.11811 -0.850394 -0.511811 
vn -0.0787402 -0.858268 -0.511811 
vn 0.826772 0.0944882 -0.559055 
vn 0.818898 0.0944882 -0.566929 
vn 0.748031 0.212598 -0.629921 
vn 0 0.362205 -0.929134 
vn 0 0.511811 -0.858268 
vn 0 0.362205 -0.929134 
vn -0.826772 0.0944882 -0.559055 
vn -0.748031 0.212598 -0.629921 
vn -0.818898 0.0944882 -0.566929 
vn 0 0.362205 -0.929134 
vn 0 0.511811 -0.858268 
vn 0 1 0 
vn 0 1 0 
vn 0 1 0 
vn 0 1 0 
vn 0 1 0 
vn 0 1 0 
vn 0 1 0 
vn 0 1 0 
vn 0 1 0 
vn 0 1 0 
vn 0 1 0 
vn 0 1 0 
vn 0 1 0 
vn 0 1 0 
vn 0 1 0 
vn 0 1 0 
vn 0 1 0 
vn 0 1 0 
vn 0 1 0 
vn 0 1 0 
vn 0 1 0 
vn 0 1 0 
vn 0 1 0 
vn 0 1 0 
vn 0 1 0 
vn 0 1 0 
vn 0 1 0 
vn 0 1 0 
vn 0 1 0 
vn 0 1 0 
vn 0 1 0 
vn 0 1 0 
vn 0 1 0 
vn 0 1 0 
vn 0 1 0 
vn 0 1 0 
vn 0 1 0 
vn 0 1 0 
vn 0 1 0 
vn 0 1 0 
vn 0 1 0 
vn 0 1 0 
vn 0 1 0 
vn 0 1 0 
vn 0 1 0 
vn 0 1 0 
vn 0 1 0 
vn 0 1 0 
vn 0 1 0 
vn 0 1 0 
vn 0 1 0 
vn 0 1 0 
vn 0 1 0 
vn 0 1 0 
vn 0 1 0 
vn 0 1 0 
vn 0 1 0 
vn 0 1 0 
vn 0 1 0 
vn 0 1 0 
vn 0 1 0 
vn 0 1 0 
vn 0 1 0 
vn 0 1 0 
vn -0.015748 0.330709 -0.944882 
vn 0.0787402 -0.0472441 -0.992126 
vn 0.015748 -0.0472441 -1 
vn -0.0314961 0.669291 -0.740157 
vn 0.0472441 0.330709 -0.944882 
vn 0.102362 -0.425197 -0.897638 
vn 0.0393701 -0.425197 -0.905512 
vn 0.110236 -0.590551 -0.80315 
vn 0.0551181 -0.598425 -0.80315 
vn -0.00787402 -0.0472441 -1 
vn -0.0787402 -0.0472441 -0.992126 
vn 0.015748 0.330709 -0.944882 
vn -0.0472441 0.330709 -0.944882 
vn 0.0314961 0.669291 -0.740157 
vn -0.0393701 -0.425197 -0.905512 
vn -0.102362 -0.417323 -0.897638 
vn -0.0551181 -0.598425 -0.80315 
vn -0.110236 -0.590551 -0.80315 
vn 0 1 0 
vn 0 1 0 
vn 0 1 0 
vn 0 1 0 
vn 0 1 0 
vn 0 1 0 
vn 0 1 0 
vn 0 1 0 
vn 0 1 0 
vn 0 1 0 
vn 0.913386 -0.267717 0.314961 
vn 0 -0.779528 0.629921 
vn 0.496063 -0.685039 0.535433 
vn -0.354331 -0.771654 0.527559 
vn -0.740157 -0.535433 0.409449 
vn -0.913386 -0.267717 0.314961 
vn -0.496063 -0.685039 0.535433 
vn 0 -0.779528 0.629921 
vn 0.354331 -0.771654 0.527559 
vn 0.740157 -0.535433 0.409449 
vn -0.448819 0.858268 0.244094 
vn 0.212598 0.88189 0.409449 
vn -0.472441 0.76378 0.433071 
vn -0.338583 0.929134 -0.141732 
vn -0.244094 0.850394 -0.472441 
vn -0.15748 0.858268 -0.488189 
vn 0.0472441 0.700787 -0.708661 
vn -0.511811 0.84252 -0.173228 
vn -0.677165 0.716535 0.165354 
vn -0.716535 0.606299 0.338583 
vn 0.440945 0.700787 0.559055 
vn 0.0787402 0.732283 -0.677165 
vn 0.283465 0.472441 -0.834646 
vn 0.393701 0.519685 -0.755906 
vn 0.173228 0.669291 -0.716535 
vn -0.0944882 0.677165 -0.732283 
vn -0.11811 0.724409 -0.677165 
vn 0.645669 0.251969 -0.716535 
vn 0.511811 0.165354 -0.84252 
vn 0.818898 -0.0314961 -0.566929 
vn 0.685039 -0.15748 -0.716535 
vn 0.76378 -0.448819 -0.464567 
vn 0.897638 -0.283465 -0.330709 
vn 0.740157 -0.661417 -0.133858 
vn 0.874016 -0.488189 -0.0393701 
vn 0.614173 -0.755906 0.220472 
vn 0.614173 -0.519685 0.598425 
vn 0.755906 0 0.661417 
vn 0.748031 -0.606299 0.275591 
vn 0.417323 -0.724409 0.551181 
vn 0.181102 -0.590551 0.787402 
vn 0.00787402 -0.551181 0.834646 
vn -0.0551181 -0.622047 0.779528 
vn -0.125984 -0.433071 0.889764 
vn -0.19685 -0.590551 0.779528 
vn 0.015748 -0.362205 0.929134 
vn -0.275591 -0.354331 0.889764 
vn 0.0551181 -0.480315 0.874016 
vn -0.19685 -0.110236 0.976378 
vn 0.228346 -0.0314961 0.968504 
vn -0.527559 -0.0708661 0.84252 
vn -0.692913 0.251969 0.677165 
vn -0.724409 0.409449 0.551181 
vn -0.251969 0.559055 0.787402 
vn -0.244094 0.314961 0.92126 
vn 0.393701 0.322835 0.858268 
vn 0.440945 0.496063 0.748031 
vn 0.401575 -0.0866142 0.913386 
vn 0.102362 -0.354331 0.929134 
vn 0.622047 0.212598 0.755906 
vn 0.685039 0.354331 0.629921 
vn -0.440945 0.700787 0.559055 
vn 0.716535 0.606299 0.338583 
vn 0.677165 0.716535 0.173228 
vn 0.472441 0.76378 0.433071 
vn 0.511811 0.84252 -0.173228 
vn 0.244094 0.850394 -0.472441 
vn 0.448819 0.858268 0.244094 
vn -0.220472 0.88189 0.409449 
vn 0.338583 0.929134 -0.141732 
vn 0.15748 0.858268 -0.480315 
vn -0.0551181 0.700787 -0.708661 
vn -0.165354 0.976378 0.149606 
vn -0.0708661 0.96063 -0.267717 
vn 0.015748 0.826772 -0.566929 
vn 0.0944882 0.677165 -0.732283 
vn -0.629921 0.771654 0.0787402 
vn -0.692913 0.677165 0.244094 
vn -0.425197 0.874016 -0.244094 
vn 0.19685 0.779528 -0.590551 
vn -0.133858 0.850394 -0.503937 
vn 0.149606 0.740157 -0.661417 
vn 0.322835 0.669291 -0.669291 
vn 0.188976 0.574803 -0.795276 
vn 0.440945 0.559055 -0.700787 
vn 0.330709 0.771654 -0.543307 
vn 0.244094 0.566929 -0.787402 
vn 0.614173 0.614173 -0.503937 
vn 0.716535 0.291339 -0.637795 
vn 0.897638 -0.00787402 -0.448819 
vn 0.937008 -0.15748 -0.314961 
vn 0.96063 0.283465 0.00787402 
vn 0.874016 0.440945 -0.204724 
vn 0.551181 0.80315 0.204724 
vn 0.566929 0.716535 0.401575 
vn 0.464567 0.866142 -0.188976 
vn 0.299213 0.826772 0.480315 
vn 0.291339 0.826772 -0.488189 
vn 0.425197 0.448819 -0.787402 
vn 0.314961 0.944882 -0.102362 
vn 0.307087 0.905512 0.291339 
vn 0 1 0 
vn 0 1 0 
vn 0 1 0 
vn 0 1 0 
vn 0 1 0 
vn 0 1 0 
vn 0 1 0 
vn 0 1 0 
vn 0 1 0 
vn 0 1 0 
vn 0 1 0 
vn 0 1 0 
vn 0 1 0 
vn 0 1 0 
vn 0 1 0 
vn 0 1 0 
vn 0 1 0 
vn 0 1 0 
vn 0 1 0 
vn 0 1 0 
vn 0 1 0 
vn 0 1 0 
vn 0 1 0 
vn 0 1 0 
vn 0 1 0 
vn 0 1 0 
vn 0 1 0 
vn 0 1 0 
vn 0 1 0 
vn 0 1 0 
vn 0 1 0 
vn 0 1 0 
vn 0 1 0 
vn 0 1 0 
vn 0 1 0 
vn 0 1 0 
vn 0 1 0 
vn 0 1 0 
vn 0 1 0 
vn 0 1 0 
vn 0 1 0 
vn 0 1 0 
vn 0 1 0 
vn 0 1 0 
vn 0 1 0 
vn 0 1 0 
vn 0 1 0 
vn 0.19685 -0.251969 0.944882 
vn 0 -0.259843 0.968504 
vn 0.19685 -0.251969 0.944882 
vn 0 -0.259843 0.968504 
vn -0.19685 -0.251969 0.944882 
vn 0 -0.259843 0.968504 
vn 0 -0.259843 0.968504 
vn -0.19685 -0.251969 0.944882 
vn 0.913386 0.385827 0.11811 
vn 0.787402 0.559055 -0.251969 
vn 0.96063 0.259843 -0.0708661 
vn 0.787402 0.409449 -0.464567 
vn 0.874016 0.149606 0.464567 
vn 0.834646 0.480315 0.275591 
vn 0.700787 0.259843 0.669291 
vn 0.952756 0.0472441 0.307087 
vn 0.913386 -0.11811 0.385827 
vn 0.84252 -0.023622 0.535433 
vn 0.944882 -0.228346 0.228346 
vn 0.692913 0.0787402 0.716535 
vn 0.275591 0.204724 0.937008 
vn 0.259843 0.409449 0.874016 
vn 0.251969 0.732283 0.629921 
vn -0.0393701 0.440945 0.897638 
vn -0.0472441 0.0629921 1 
vn -0.0551181 0.0629921 1 
vn -0.0551181 -0.322835 0.944882 
vn 0.204724 -0.181102 0.96063 
vn 0.181102 -0.385827 0.905512 
vn 0.551181 -0.275591 0.787402 
vn -0.0708661 -0.669291 0.740157 
vn -0.0866142 -0.322835 0.944882 
vn 0.448819 -0.464567 0.76378 
vn 0.0708661 -0.708661 0.708661 
vn 0.551181 -0.527559 0.645669 
vn 0.685039 -0.362205 0.629921 
vn 0.204724 -0.740157 0.637795 
vn -0.0866142 -0.897638 0.425197 
vn -0.110236 -0.897638 0.433071 
vn -0.102362 -0.661417 0.740157 
vn -0.0629921 -0.913386 0.401575 
vn -0.110236 -0.992126 0.0472441 
vn -0.102362 -0.992126 0.0551181 
vn -0.11811 -0.929134 -0.338583 
vn -0.0944882 -0.937008 -0.330709 
vn -0.11811 -0.850394 -0.511811 
vn -0.322835 -0.818898 -0.464567 
vn -0.188976 -0.984252 0.0472441 
vn -0.291339 -0.905512 -0.314961 
vn -0.622047 -0.724409 -0.299213 
vn -0.551181 -0.818898 -0.165354 
vn -0.818898 -0.574803 -0.0472441 
vn -0.0708661 -0.905512 0.417323 
vn -0.338583 -0.929134 0.133858 
vn -0.724409 -0.685039 0.0629921 
vn -0.889764 -0.409449 0.212598 
vn 0.23622 -0.755906 0.606299 
vn -0.11811 -0.866142 0.480315 
vn -0.448819 -0.84252 0.291339 
vn -0.787402 -0.535433 0.307087 
vn 0.590551 -0.566929 0.574803 
vn 0.732283 -0.433071 0.527559 
vn 0.244094 -0.748031 0.614173 
vn 0.606299 -0.614173 0.503937 
vn 0.755906 -0.503937 0.417323 
vn 0.748031 -0.582677 0.314961 
vn 0.259843 -0.740157 0.622047 
vn 0.598425 -0.669291 0.440945 
vn 0.716535 -0.661417 0.228346 
vn -0.133858 -0.80315 0.574803 
vn -0.496063 -0.732283 0.472441 
vn -0.488189 -0.614173 0.622047 
vn -0.125984 -0.740157 0.661417 
vn -0.0944882 -0.677165 0.732283 
vn 0.267717 -0.732283 0.622047 
vn 0.582677 -0.716535 0.377953 
vn 0.259843 -0.96063 0.0787402 
vn -0.771654 -0.393701 0.503937 
vn -0.874016 -0.251969 0.417323 
vn -0.440945 -0.511811 0.740157 
vn -0.716535 -0.251969 0.653543 
vn -0.811024 -0.110236 0.574803 
vn -0.401575 -0.425197 0.811024 
vn -0.661417 -0.149606 0.740157 
vn -0.755906 0 0.661417 
vn -0.606299 -0.519685 0.598425 
vn -0.0708661 -0.637795 0.771654 
vn -0.314961 -0.590551 0.740157 
vn -0.614173 -0.755906 0.220472 
vn 0.275591 -0.740157 0.614173 
vn -0.417323 -0.724409 0.551181 
vn -0.740157 -0.661417 -0.133858 
vn -0.76378 -0.448819 -0.464567 
vn -0.874016 -0.488189 -0.0393701 
vn -0.897638 -0.283465 -0.330709 
vn -0.685039 -0.15748 -0.716535 
vn -0.511811 0.165354 -0.84252 
vn -0.818898 -0.0314961 -0.566929 
vn -0.748031 -0.606299 0.275591 
vn -0.519685 -0.629921 0.574803 
vn -0.228346 -0.543307 0.811024 
vn -0.645669 0.251969 -0.716535 
vn -0.283465 0.472441 -0.834646 
vn -0.393701 0.519685 -0.755906 
vn -0.0787402 0.732283 -0.677165 
vn -0.173228 0.669291 -0.716535 
vn 0.448819 -0.181102 0.874016 
vn 0.448819 -0.181102 0.874016 
vn 0.448819 -0.181102 0.874016 
vn 0.448819 -0.181102 0.874016 
vn 0.448819 -0.181102 0.874016 
vn 0.448819 -0.181102 0.874016 
vn -0.448819 -0.181102 0.874016 
vn -0.448819 -0.181102 0.874016 
vn -0.448819 -0.181102 0.874016 
vn -0.448819 -0.181102 0.874016 
vn -0.448819 -0.181102 0.874016 
vn -0.448819 -0.181102 0.874016 
vn 0.228346 -0.543307 0.811024 
vn -0.015748 -0.362205 0.929134 
vn 0.19685 -0.590551 0.779528 
vn 0.417323 -0.724409 0.551181 
vn -0.102362 -0.354331 0.929134 
vn -0.228346 -0.0314961 0.976378 
vn 0 1 0 
vn 0 1 0 
vn 0 1 0 
vn 0 1 0 
vn 0 1 0 
vn 0 1 0 
vn 0 1 0 
vn 0 1 0 
vn 0 1 0 
vn 0 1 0 
vn 0 1 0 
vn 0 1 0 
vn 0 1 0 
vn 0 1 0 
vn 0 1 0 
vn 0 1 0 
vn 0 1 0 
vn 0 1 0 
vn 0 1 0 
vn 0 1 0 
vn 0 1 0 
vn 0 1 0 
vn 0 1 0 
vn 0 1 0 
vn 0 1 0 
vn 0 1 0 
vn 0 1 0 
vn 0 1 0 
vn 0 1 0 
vn 0 1 0 
vn 0 1 0 
vn 0 1 0 
vn 0 1 0 
vn 0 1 0 
vn 0 1 0 
vn 0 1 0 
vn 0 1 0 
vn 0 1 0 
vn 0 1 0 
vn 0 1 0 
vn 0 1 0 
vn 0 1 0 
vn 0 1 0 
vn 0 1 0 
vn 0 1 0 
vn 0 1 0 
vn 0 1 0 
vn 0 1 0 
vn 0 1 0 
vn 0 1 0 
vn 0 1 0 
vn 0 1 0 
vn 0 1 0 
vn 0 1 0 
vn 0 1 0 
vn 0 1 0 
vn 0 1 0 
vn 0 1 0 
vn 0 1 0 
vn -0.228346 -0.543307 0.811024 
vn -0.19685 -0.590551 0.779528 
vn 0.015748 -0.362205 0.929134 
vn -0.417323 -0.724409 0.551181 
vn 0.102362 -0.354331 0.929134 
vn 0.228346 -0.0314961 0.968504 
vn 0.598425 -0.677165 0.433071 
vn 0.84252 -0.409449 0.338583 
vn 0 -0.818898 0.574803 
vn 0 -0.874016 0.488189 
vn -0.598425 -0.677165 0.433071 
vn 0 -0.818898 0.574803 
vn -0.84252 -0.409449 0.338583 
vn 0 -0.874016 0.488189 
vn 0.88189 -0.0629921 0.464567 
vn 0.88189 -0.0629921 0.464567 
vn 0.88189 -0.0629921 0.464567 
vn -0.88189 -0.0629921 0.464567 
vn -0.88189 -0.0629921 0.464567 
vn -0.88189 -0.0629921 0.464567 
vn 0 1 0 
vn 0 1 0 
vn 0 1 0 
vn 0 1 0 
vn 0 1 0 
vn 0 1 0 
vn 0 1 0 
vn 0 1 0 
vn 0 1 0 
vn 0 1 0 
vn 0 1 0 
vn 0 1 0 
vn 0 1 0 
vn 0 1 0 
vn 0 1 0 
vn 0 1 0 
vn 0 1 0 
vn 0 1 0 
vn 0 1 0 
vn 0 1 0 
vn 0 1 0 
vn 0 1 0 
vn 0 1 0 
vn 0 1 0 
vn 0 1 0 
vn 0 1 0 
vn 0 1 0 
vn 0 1 0 
vn 0 1 0 
vn 0 1 0 
vn 0 1 0 
vn 0 1 0 
vn 0 1 0 
vn 0 1 0 
vn 0 1 0 
vn 0 1 0 
vn 0 1 0 
vn 0 1 0 
vn 0 1 0 
vn 0 1 0 
vn 0 1 0 
vn 0 1 0 
vn 0.519685 -0.629921 0.574803 
vn 0.228346 -0.543307 0.811024 
vn -0.102362 -0.354331 0.929134 
vn -0.015748 -0.362205 0.929134 
vn -0.401575 -0.0866142 0.913386 
vn -0.228346 -0.0314961 0.976378 
vn -0.622047 0.212598 0.755906 
vn -0.685039 0.354331 0.629921 
vn -0.440945 0.496063 0.748031 
vn -0.393701 0.322835 0.858268 
vn 0.251969 0.559055 0.787402 
vn 0.244094 0.314961 0.92126 
vn 0.19685 -0.110236 0.976378 
vn 0.692913 0.251969 0.677165 
vn 0.724409 0.409449 0.551181 
vn 0.527559 -0.0708661 0.84252 
vn -0.0551181 -0.480315 0.874016 
vn 0.125984 -0.433071 0.889764 
vn 0.275591 -0.354331 0.889764 
vn 0.19685 -0.590551 0.779528 
vn 0 -0.551181 0.834646 
vn 0.0551181 -0.622047 0.779528 
vn 0.314961 -0.590551 0.740157 
vn -0.299213 -0.653543 0.692913 
vn 0.401575 -0.425197 0.811024 
vn -0.181102 -0.590551 0.787402 
vn 0.0708661 -0.637795 0.771654 
vn -0.0393701 -0.708661 0.700787 
vn -0.606299 -0.653543 0.456693 
vn -0.488189 -0.456693 0.740157 
vn -0.188976 -0.448819 0.874016 
vn -0.795276 -0.220472 0.559055 
vn -0.834646 -0.527559 0.15748 
vn -0.905512 -0.425197 -0.00787402 
vn -0.92126 -0.0393701 0.385827 
vn -0.535433 0.448819 0.716535 
vn -0.354331 -0.0944882 0.929134 
vn -0.488189 0.267717 0.826772 
vn -0.267717 0.574803 0.779528 
vn -0.251969 0.401575 0.88189 
vn -0.212598 -0.480315 0.850394 
vn -0.204724 0.015748 0.976378 
vn -0.149606 -0.377953 0.913386 
vn -0.0944882 -0.708661 0.692913 
vn -0.0551181 -0.92126 0.377953 
vn -0.023622 -1 0.015748 
vn 0 -0.984252 -0.165354 
vn 0.0787402 -0.897638 0.433071 
vn 0.173228 -0.984252 0.0708661 
vn 0.204724 -0.968504 -0.102362 
vn -0.259843 -0.96063 0.0787402 
vn -0.181102 -0.929134 0.322835 
vn -0.0787402 -0.787402 0.606299 
vn -0.275591 -0.740157 0.614173 
vn -0.582677 -0.716535 0.377953 
vn -0.716535 -0.661417 0.228346 
vn -0.267717 -0.732283 0.622047 
vn -0.598425 -0.669291 0.440945 
vn -0.748031 -0.582677 0.314961 
vn 0.0944882 -0.677165 0.732283 
vn -0.259843 -0.740157 0.622047 
vn -0.606299 -0.614173 0.503937 
vn -0.755906 -0.503937 0.417323 
vn -0.732283 -0.433071 0.527559 
vn -0.590551 -0.566929 0.574803 
vn -0.685039 -0.362205 0.629921 
vn -0.551181 -0.527559 0.645669 
vn -0.244094 -0.748031 0.614173 
vn -0.23622 -0.755906 0.606299 
vn -0.204724 -0.740157 0.637795 
vn -0.448819 -0.464567 0.76378 
vn 0.125984 -0.740157 0.661417 
vn -0.0708661 -0.708661 0.708661 
vn -0.181102 -0.385827 0.905512 
vn 0.0629921 -0.669291 0.740157 
vn 0.133858 -0.80315 0.574803 
vn 0.488189 -0.614173 0.622047 
vn 0.11811 -0.866142 0.480315 
vn 0.496063 -0.732283 0.472441 
vn 0.440945 -0.511811 0.740157 
vn 0.787402 -0.535433 0.307087 
vn 0.0708661 -0.905512 0.417323 
vn 0.448819 -0.84252 0.291339 
vn 0.338583 -0.929134 0.133858 
vn 0.0629921 -0.913386 0.401575 
vn 0.188976 -0.984252 0.0472441 
vn 0.724409 -0.685039 0.0629921 
vn 0.0866142 -0.897638 0.425197 
vn 0.110236 -0.897638 0.433071 
vn 0.102362 -0.661417 0.740157 
vn 0.110236 -0.992126 0.0472441 
vn 0.102362 -0.992126 0.0551181 
vn 0.11811 -0.929134 -0.338583 
vn 0.0944882 -0.937008 -0.330709 
vn 0.11811 -0.850394 -0.511811 
vn 0.322835 -0.818898 -0.464567 
vn 0.291339 -0.905512 -0.314961 
vn 0.622047 -0.724409 -0.299213 
vn 0.551181 -0.818898 -0.165354 
vn 0.818898 -0.574803 -0.0472441 
vn 0.889764 -0.409449 0.212598 
vn 0.771654 -0.393701 0.503937 
vn 0.874016 -0.251969 0.417323 
vn 0.716535 -0.251969 0.653543 
vn 0.811024 -0.110236 0.574803 
vn 0.661417 -0.149606 0.740157 
vn -0.551181 0.80315 0.204724 
vn -0.299213 0.826772 0.480315 
vn -0.566929 0.716535 0.401575 
vn -0.96063 0.283465 0.00787402 
vn -0.874016 0.440945 -0.204724 
vn -0.464567 0.866142 -0.188976 
vn -0.614173 0.614173 -0.503937 
vn -0.330709 0.771654 -0.543307 
vn -0.322835 0.669291 -0.669291 
vn -0.897638 -0.00787402 -0.448819 
vn -0.937008 -0.15748 -0.314961 
vn -0.716535 0.291339 -0.637795 
vn -0.19685 0.779528 -0.590551 
vn -0.440945 0.559055 -0.700787 
vn -0.149606 0.740157 -0.661417 
vn 0.133858 0.850394 -0.503937 
vn -0.015748 0.826772 -0.566929 
vn 0.425197 0.874016 -0.244094 
vn 0.0708661 0.96063 -0.267717 
vn 0.629921 0.771654 0.0787402 
vn 0.692913 0.677165 0.244094 
vn 0.165354 0.976378 0.149606 
vn 0 1 0 
vn 0 1 0 
vn 0 1 0 
vn 0 1 0 
vn 0 1 0 
vn 0 1 0 
vn 0 1 0 
vn 0 1 0 
vn 0 1 0 
vn 0 1 0 
vn 0 1 0 
vn 0 1 0 
vn 0 1 0 
vn 0 1 0 
vn 0 1 0 
vn 0 1 0 
vn 0 1 0 
vn 0 1 0 
vn 0 1 0 
vn 0 1 0 
vn 0 1 0 
vn 0 1 0 
vn 0 1 0 
vn 0 1 0 
vn 0 1 0 
vn 0 1 0 
vn 0 1 0 
vn 0 1 0 
vn 0 1 0 
vn 0 1 0 
vn 0 1 0 
vn 0 1 0 
vn 0 1 0 
vn 0 1 0 
vn 0 1 0 
vn 0 1 0 
vn 0 1 0 
vn 0 1 0 
vn 0 1 0 
vn 0 1 0 
vn 0 1 0 
vn 0 1 0 
vn 0 1 0 
vn 0 1 0 
vn 0 1 0 
vn 0 1 0 
vn 0 1 0 
vn 0 1 0 
vn 0 1 0 
vn 0 1 0 
vn 0 1 0 
vn 0 1 0 
vn 0 1 0 
vn 0 1 0 
vn 0 1 0 
vn 0 1 0 
vn 0 1 0 
vn 0 1 0 
vn 0 1 0 
vn 0 1 0 
vn 0 1 0 
vn 0 1 0 
vn 0 1 0 
vn 0 1 0 
vn 0 1 0 
vn 0 1 0 
vn 0 1 0 
vn 0 1 0 
vn 0 1 0 
vn 0 1 0 
vn 0 1 0 
vn 0 1 0 
vn 0 1 0 
vn 0 1 0 
vn 0 1 0 
vn 0 1 0 
vn 0 1 0 
vn 0 1 0 
vn 0 1 0 
vn 0 1 0 
vn 0 1 0 
vn 0 1 0 
vn 0 1 0 
vn 0 1 0 
vn 0 1 0 
vn 0 1 0 
vn 0 1 0 
vn 0 1 0 
vn 0 1 0 
vn 0 1 0 
vn 0 1 0 
vn 0 1 0 
vn 0 1 0 
vn 0 1 0 
vn 0 1 0 
vn 0 1 0 
vn 0 1 0 
vn 0 1 0 
vn 0 1 0 
vn 0 1 0 
vn 0 1 0 
vn 0.590551 0.771654 -0.220472 
vn 0.322835 0.905512 -0.267717 
vn 0.23622 0.952756 -0.188976 
vn 0.637795 0.661417 -0.401575 
vn 0.755906 0.645669 -0.0629921 
vn 0.551181 0.826772 0.110236 
vn 0.212598 0.976378 -0.0472441 
vn 0.700787 0.692913 0.188976 
vn 0.866142 0.417323 0.275591 
vn 0.716535 0.653543 0.251969 
vn 0.354331 0.905512 0.228346 
vn 0.614173 0.779528 0.102362 
vn -0.275591 0.952756 -0.141732 
vn 0.716535 0.700787 0 
vn 0.692913 0.716535 0 
vn -0.598425 0.771654 -0.220472 
vn -0.23622 0.952756 -0.188976 
vn -0.322835 0.905512 -0.267717 
vn -0.637795 0.661417 -0.401575 
vn -0.755906 0.645669 -0.0629921 
vn -0.551181 0.826772 0.110236 
vn -0.212598 0.976378 -0.0472441 
vn -0.700787 0.692913 0.188976 
vn -0.866142 0.417323 0.275591 
vn -0.716535 0.653543 0.251969 
vn -0.354331 0.905512 0.228346 
vn -0.614173 0.779528 0.102362 
vn 0.275591 0.952756 -0.141732 
vn -0.716535 0.700787 0 
vn -0.692913 0.716535 0 
vn 0 1 0 
vn 0 1 0 
vn 0 1 0 
vn 0 1 0 
vn 0 1 0 
vn 0 1 0 
vn 0 1 0 
vn 0 1 0 
vn 0 1 0 
vn 0 1 0 
vn 0 1 0 
vn 0 1 0 
vn 0 1 0 
vn 0 1 0 
vn 0 1 0 
vn 0 1 0 
vn 0 1 0 
vn 0 1 0 
vn 0 1 0 
vn 0 1 0 
vn 0 1 0 
vn 0 1 0 
vn 0 1 0 
vn 0 1 0 
vn 0 1 0 
vn 0 1 0 
vn 0 1 0 
vn 0 1 0 
vn 0 1 0 
vn 0 1 0 
vn 0 1 0 
vn 0 1 0 
vn 0 1 0 
vn 0 1 0 
vn 0 1 0 
vn 0 1 0 
vn 0 1 0 
vn 0 1 0 
vn 0 1 0 
vn 0 1 0 
vn 0 1 0 
vn 0 1 0 
vn 0 1 0 
vn 0 1 0 
vn 0 1 0 
vn 0 1 0 
vn 0 1 0 
vn 0 1 0 
vn 0 1 0 
vn 0 1 0 
vn 0 1 0 
vn 0 1 0 
vn 0 1 0 
vn 0 1 0 
vn 0 1 0 
vn 0 1 0 
vn 0 1 0 
vn 0 1 0 
vn 0 1 0 
vn 0 1 0 
vn 0 1 0 
vn 0 1 0 
vn 0 1 0 
vn 0 1 0 
vn 0 1 0 
vn 0 1 0 
vn 0 1 0 
vn 0 1 0 
vn 0 1 0 
vn 0 1 0 
vn 0 1 0 
vn 0 1 0 
vn 0 1 0 
vn 0 1 0 
vn 0 1 0 
vn 0 1 0 
vn 0 1 0 
vn 0 1 0 
vn 0 1 0 
vn 0 1 0 
vn 0 1 0 
vn 0 1 0 
vn 0 1 0 
vn 0 1 0 
vn 0 1 0 
vn 0 1 0 
vn 0 1 0 
vn 0 1 0 
vn 0 1 0 
vn 0 1 0 
vn 0 1 0 
vn 0 1 0 
vn 0 1 0 
vn 0 1 0 
vn 0 1 0 
vn 0 1 0 
vn 0 1 0 
vn 0 1 0 
vn 0 1 0 
vn 0 1 0 
vn 0 1 0 
vn 0 1 0 
vn 0 1 0 
vn 0 1 0 
vn 0 1 0 
vn 0 1 0 
vn 0 1 0 
vn 0 1 0 
vn 0 1 0 
vn 0 1 0 
vn 0 1 0 
vn 0 1 0 
vn 0 1 0 
vn 0 1 0 
vn 0 1 0 
vn 0 1 0 
vn 0 1 0 
vn 0 1 0 
vn 0 1 0 
vn 0 1 0 
vn 0 1 0 
vn 0 1 0 
vn 0 1 0 
vn 0 1 0 
vn 0 1 0 
vn 0 1 0 
vn 0 1 0 
vn 0 1 0 
vn 0 1 0 
vn 0 1 0 
vn 0 1 0 
vn 0 1 0 
vn 0 1 0 
vn 0 1 0 
vn 0 1 0 
vn 0 1 0 
vn 0 1 0 
vn 0 1 0 
vn 0 1 0 
vn 0 1 0 
vn 0 1 0 
vn 0 1 0 
vn 0 1 0 
vn 0 1 0 
vn 0 1 0 
vn 0 1 0 
vn 0 1 0 
vn 0 1 0 
vn 0 1 0 
vn 0 1 0 
vn 0 1 0 
vn 0 1 0 
vn 0 1 0 
vn 0 1 0 
vn 0 1 0 
vn 0 1 0 
vn 0 1 0 
vn 0 1 0 
vn 0 1 0 
vn 0 1 0 
vn 0 1 0 
vn 0 1 0 
vn 0 1 0 
vn 0 1 0 
vn 0 1 0 
vn 0 1 0 
vn 0 1 0 
vn 0 1 0 
vn 0 1 0 
vn 0.0708661 -0.787402 0.606299 
vn 0.181102 -0.929134 0.322835 
vn -0.173228 -0.984252 0.0708661 
vn -0.212598 -0.968504 -0.102362 
vn 0 -0.984252 -0.165354 
vn -0.0787402 -0.897638 0.433071 
vn 0.023622 -1 0.015748 
vn 0.212598 -0.480315 0.850394 
vn 0.0393701 -0.708661 0.700787 
vn 0.0551181 -0.92126 0.377953 
vn 0.0944882 -0.708661 0.692913 
vn 0.188976 -0.448819 0.874016 
vn 0.149606 -0.377953 0.913386 
vn 0.204724 0.015748 0.976378 
vn 0.251969 0.401575 0.88189 
vn 0.267717 0.574803 0.779528 
vn 0.354331 -0.0944882 0.929134 
vn 0.488189 0.267717 0.826772 
vn 0.535433 0.448819 0.716535 
vn 0.795276 -0.220472 0.559055 
vn 0.92126 -0.0393701 0.385827 
vn 0.488189 -0.456693 0.740157 
vn 0.834646 -0.527559 0.15748 
vn 0.905512 -0.425197 -0.00787402 
vn 0.606299 -0.653543 0.456693 
vn 0.299213 -0.653543 0.692913 
vn 0.0629921 -0.669291 0.740157 
vn 0.0866142 -0.322835 0.944882 
vn 0.102362 -0.661417 0.740157 
vn 0.0472441 -0.322835 0.944882 
vn 0.0551181 0.0629921 1 
vn 0.0393701 0.440945 0.897638 
vn 0.0314961 0.433071 0.897638 
vn -0.0866142 -0.322835 0.944882 
vn -0.0708661 -0.669291 0.740157 
vn -0.102362 -0.661417 0.740157 
vn -0.0551181 0.0629921 1 
vn -0.0551181 -0.322835 0.944882 
vn -0.0393701 0.440945 0.897638 
vn -0.0314961 0.433071 0.897638 
vn -0.307087 0.795276 -0.519685 
vn 0.0866142 0.92126 -0.385827 
vn 0.133858 0.889764 -0.433071 
vn 0.149606 0.818898 -0.551181 
vn -0.244094 0.724409 -0.637795 
vn 0.0472441 0.913386 -0.393701 
vn -0.133858 0.677165 -0.724409 
vn 0.023622 0.905512 -0.425197 
vn -0.015748 0.669291 -0.748031 
vn 0.0314961 0.669291 -0.740157 
vn 0.0393701 0.897638 -0.433071 
vn 0 0.897638 -0.440945 
vn 0.00787402 0.897638 -0.433071 
vn 0.0314961 1 -0.0551181 
vn 0.11811 0.992126 -0.0787402 
vn 0.023622 1 -0.0551181 
vn 0.023622 0.944882 0.330709 
vn 0.015748 0.944882 0.330709 
vn 0 0.748031 0.661417 
vn 0.291339 0.944882 -0.141732 
vn 0.212598 0.929134 0.299213 
vn -0.00787402 0.748031 0.669291 
vn -0.0314961 0.433071 0.897638 
vn 0.511811 0.84252 0.165354 
vn 0.385827 0.897638 -0.204724 
vn 0.448819 0.850394 -0.267717 
vn 0.661417 0.748031 0.0314961 
vn 0.496063 0.779528 -0.377953 
vn 0.653543 0.606299 0.456693 
vn 0.740157 0.661417 -0.0866142 
vn 0.503937 0.661417 -0.559055 
vn 0 1 0 
vn 0 1 0 
vn 0 1 0 
vn 0 1 0 
vn 0 1 0 
vn 0 1 0 
vn 0 1 0 
vn 0 1 0 
vn 0 1 0 
vn 0 1 0 
vn 0 1 0 
vn 0 1 0 
vn 0 1 0 
vn 0 1 0 
vn 0 1 0 
vn 0 1 0 
vn 0 1 0 
vn 0 1 0 
vn 0 1 0 
vn 0 1 0 
vn 0 1 0 
vn 0 1 0 
vn 0 1 0 
vn 0 1 0 
vn 0 1 0 
vn 0 1 0 
vn 0 1 0 
vn 0 1 0 
vn 0 1 0 
vn 0 1 0 
vn 0 1 0 
vn 0 1 0 
vn 0 1 0 
vn 0 1 0 
vn 0 1 0 
vn 0 1 0 
vn 0 1 0 
vn 0 1 0 
vn 0 1 0 
vn 0 1 0 
vn 0 1 0 
vn 0 1 0 
vn 0 1 0 
vn 0 1 0 
vn 0 1 0 
vn 0 1 0 
vn 0 1 0 
vn 0 1 0 
vn 0 1 0 
vn 0 1 0 
vn 0 1 0 
vn 0 1 0 
vn 0 1 0 
vn 0 1 0 
vn 0 1 0 
vn 0 1 0 
vn 0 1 0 
vn 0 1 0 
vn 0 1 0 
vn 0 1 0 
vn 0 1 0 
vn 0 1 0 
vn 0 1 0 
vn 0 1 0 
vn 0 1 0 
vn 0 1 0 
vn 0 1 0 
vn 0 1 0 
vn 0 1 0 
vn 0 1 0 
vn 0 1 0 
vn 0 1 0 
vn 0 1 0 
vn 0 1 0 
vn 0 1 0 
vn 0 1 0 
vn 0 1 0 
vn 0 1 0 
vn 0 1 0 
vn 0 1 0 
vn 0 1 0 
vn 0 1 0 
vn 0 1 0 
vn -0.149606 0.826772 -0.551181 
vn 0.299213 0.858268 -0.425197 
vn -0.133858 0.889764 -0.433071 
vn -0.0866142 0.92126 -0.385827 
vn 0.307087 0.795276 -0.519685 
vn 0.244094 0.724409 -0.637795 
vn -0.0472441 0.913386 -0.393701 
vn -0.448819 0.850394 -0.267717 
vn -0.385827 0.897638 -0.204724 
vn -0.496063 0.779528 -0.377953 
vn 0.133858 0.677165 -0.724409 
vn -0.023622 0.905512 -0.425197 
vn -0.291339 0.944882 -0.141732 
vn 0 0.897638 -0.440945 
vn 0.015748 0.669291 -0.748031 
vn -0.0314961 0.669291 -0.740157 
vn -0.0393701 0.897638 -0.433071 
vn -0.11811 0.992126 -0.0787402 
vn -0.00787402 0.897638 -0.433071 
vn -0.0314961 1 -0.0551181 
vn -0.023622 1 -0.0551181 
vn -0.023622 0.944882 0.330709 
vn -0.015748 0.944882 0.330709 
vn 0 0.748031 0.661417 
vn -0.212598 0.929134 0.299213 
vn 0.00787402 0.748031 0.669291 
vn 0.0314961 0.433071 0.897638 
vn 0.0393701 0.440945 0.897638 
vn -0.251969 0.732283 0.629921 
vn -0.511811 0.84252 0.165354 
vn -0.661417 0.748031 0.0314961 
vn -0.653543 0.606299 0.456693 
vn -0.259843 0.409449 0.874016 
vn -0.700787 0.259843 0.669291 
vn 0.0472441 0.0629921 1 
vn 0.0551181 0.0629921 1 
vn -0.275591 0.204724 0.937008 
vn 0.0472441 -0.322835 0.944882 
vn -0.692913 0.0787402 0.716535 
vn -0.204724 -0.181102 0.96063 
vn -0.84252 -0.023622 0.535433 
vn -0.551181 -0.275591 0.787402 
vn 0.0866142 -0.322835 0.944882 
vn -0.874016 0.149606 0.464567 
vn -0.913386 -0.11811 0.385827 
vn -0.834646 0.480315 0.275591 
vn -0.740157 0.661417 -0.0866142 
vn -0.913386 0.385827 0.11811 
vn -0.787402 0.559055 -0.251969 
vn -0.952756 0.0472441 0.307087 
vn -0.944882 -0.228346 0.228346 
vn -0.96063 0.259843 -0.0708661 
vn -0.992126 -0.0708661 0.133858 
vn -0.787402 0.409449 -0.464567 
vn -0.952756 0.102362 -0.283465 
vn -0.976378 -0.212598 -0.0551181 
vn -0.929134 -0.354331 0.0629921 
vn -0.88189 -0.0629921 -0.464567 
vn -0.503937 0.661417 -0.559055 
vn -0.913386 -0.354331 -0.204724 
vn -0.874016 -0.480315 -0.0708661 
vn -0.393701 -0.716535 -0.574803 
vn -0.362205 -0.858268 -0.362205 
vn 0.228346 -0.84252 -0.480315 
vn 0.220472 -0.732283 -0.645669 
vn -0.023622 -0.866142 -0.503937 
vn -0.0314961 -0.755906 -0.653543 
vn -0.425197 0.448819 -0.787402 
vn 0.165354 -0.425197 -0.889764 
vn -0.385827 -0.267717 -0.88189 
vn -0.0629921 -0.480315 -0.874016 
vn 0.0708661 -0.0629921 -0.992126 
vn -0.724409 0.244094 -0.645669 
vn -0.307087 0.15748 -0.937008 
vn -0.456693 0.519685 -0.724409 
vn -0.220472 0.472441 -0.850394 
vn -0.0629921 0.299213 -0.952756 
vn -0.11811 -0.141732 -0.984252 
vn -0.188976 0.228346 -0.952756 
vn -0.188976 0.574803 -0.795276 
vn -0.244094 0.566929 -0.787402 
vn -0.291339 0.826772 -0.488189 
vn -0.314961 0.944882 -0.102362 
vn -0.307087 0.905512 0.291339 
vn 0 1 0 
vn 0 1 0 
vn 0 1 0 
vn 0 1 0 
vn 0 1 0 
vn 0 1 0 
vn 0 1 0 
vn 0 1 0 
vn 0 1 0 
vn 0 1 0 
vn 0 1 0 
vn 0 1 0 
vn 0 1 0 
vn 0 1 0 
vn 0 1 0 
vn 0 1 0 
vn 0 1 0 
vn 0 1 0 
vn 0 1 0 
vn 0 1 0 
vn 0.346457 0.535433 0.771654 
vn 0.346457 0.535433 0.771654 
vn 0.346457 0.535433 0.771654 
vn -0.346457 0.535433 0.771654 
vn -0.346457 0.535433 0.771654 
vn -0.346457 0.535433 0.771654 
vn 0.11811 0.724409 -0.677165 
vn 0.456693 0.519685 -0.724409 
vn 0.724409 0.244094 -0.645669 
vn 0.220472 0.472441 -0.850394 
vn 0.307087 0.15748 -0.937008 
vn 0.88189 -0.0629921 -0.464567 
vn 0.385827 -0.267717 -0.88189 
vn 0.0629921 0.299213 -0.952756 
vn -0.0708661 -0.0629921 -0.992126 
vn 0.11811 -0.141732 -0.984252 
vn 0.188976 0.228346 -0.952756 
vn 0.0629921 -0.480315 -0.874016 
vn -0.165354 -0.425197 -0.889764 
vn 0.393701 -0.716535 -0.574803 
vn 0.0314961 -0.755906 -0.653543 
vn -0.220472 -0.732283 -0.645669 
vn 0.023622 -0.866142 -0.503937 
vn -0.228346 -0.84252 -0.488189 
vn 0.362205 -0.858268 -0.362205 
vn 0.874016 -0.480315 -0.0708661 
vn 0.913386 -0.354331 -0.204724 
vn 0.929134 -0.354331 0.0629921 
vn 0.976378 -0.212598 -0.0551181 
vn 0.952756 0.102362 -0.283465 
vn 0.992126 -0.0708661 0.133858 
vn 0 1 0 
vn 0 1 0 
vn 0 1 0 
vn 0 1 0 
vn 0 1 0 
vn 0 1 0 
vn 0 1 0 
vn 0 1 0 
vn 0 1 0 
vn 0 1 0 
vn 0 1 0 
vn 0 1 0 
vn 0 1 0 
vn 0 1 0 
vn 0 1 0 
vn 0 1 0 
vn 0 1 0 
vn 0 1 0 
vn 0 1 0 
vn 0 1 0 
vn 0 1 0 
vn 0 1 0 
vn 0 1 0 
vn 0 1 0 
vn 0 1 0 
vn 0 1 0 
vn 0 1 0 
vn 0 1 0 
vn 0 1 0 
vn 0 1 0 
vn 0 1 0 
vn 0 1 0 
vn 0 1 0 
vn 0 1 0 
vn 0 1 0 
vn 0 1 0 
vn 0 1 0 
vn 0 1 0 
vn 0 1 0 
vn 0 1 0 
vn 0 1 0 
vn 0 1 0 
vn 0 1 0 
vn 0 1 0 
vn 0 1 0 
vn 0 1 0 
vn 0 1 0 
vn 0 1 0 
vn 0 1 0 
vn 0 1 0 
vn 0 1 0 
vn 0 1 0 
vn 0 1 0 
vn 0 1 0 
vn 0 1 0 
vn 0 1 0 
vn 0 1 0 
vn 0 1 0 
vn 0 1 0 
vn 0 1 0 
vn 0 1 0 
vn 0 1 0 
vn 0 1 0 
vn 0 1 0 
vn 0 1 0 
vn 0 1 0 
vn 0 1 0 
vn 0 1 0 
vn 0 1 0 
vn 0 1 0 
vn 0 1 0 
vn 0 1 0 
vn 0 1 0 
vn 0 1 0 
vn 0 1 0 
vn 0 1 0 
vn 0 1 0 
vn 0 1 0 
vn 0 1 0 
vn 0 1 0 
vn 0 1 0 
vn 0 1 0 
vn 0 1 0 
vn 0 1 0 
vn 0 1 0 
vn 0 1 0 
vn 0 1 0 
vn 0 1 0 
vn 0 1 0 
vn 0 1 0 
vn 0 1 0 
vn 0 1 0 
vn 0 1 0 
vn 0 1 0 
vn 0 1 0 
vn 0 1 0 
vn 0 1 0 
vn 0 1 0 
vn 0 1 0 
vn 0 1 0 
vn 0 1 0 
vn 0 1 0 
vn 0 1 0 
vn 0 1 0 
vn 0 1 0 
vn 0 1 0 
vn 0 1 0 
vn 0 1 0 
vn 0 1 0 
vn 0 1 0 
vn 0 1 0 
vn 0 1 0 
vn 0 1 0 
vn 0 1 0 
vn 0 1 0 
vn 0 1 0 
vn 0 1 0 
vn 0 1 0 
vn 0 1 0 
vn 0 1 0 
vn 0 1 0 
vn 0 1 0 
vn 0 1 0 
vn 0 1 0 
vn 0 1 0 
vn 0 1 0 
vn 0 1 0 
vn 0 1 0 
vn 0 1 0 
vn 0 1 0 
vn 0 1 0 
vn 0 1 0 
vn 0 1 0 
vn 0 1 0 
vn 0 1 0 
vn 0 1 0 
vn 0 1 0 
vn 0 1 0 
vn 0 1 0 
vn 0 1 0 
vn 0 1 0 
vn 0 1 0 
vn 0 1 0 
vn 0 1 0 
vn 0 1 0 
vn 0 1 0 
vn 0 1 0 
vn 0 1 0 
vn 0 1 0 
vn 0 1 0 
vn 0 1 0 
vn 0 1 0 
vn 0 1 0 
vn 0 1 0 
vn 0 1 0 
vn 0 1 0 
vn 0 1 0 
vn 0 1 0 
vn 0 1 0 
vn 0 1 0 
vn 0 1 0 
vn 0 1 0 
vn 0 1 0 
vn 0 1 0 
vn 0 1 0 
vn 0 1 0 
vn 0 1 0 
vn 0 1 0 
vn 0 1 0 
vn 0 1 0 
vn 0 1 0 
vn 0 1 0 
vn 0 1 0 
vn 0 1 0 
vn 0 1 0 
vn 0 1 0 
vn 0 1 0 
vn 0 1 0 
vn 0 1 0 
vn 0 1 0 
vn 0 1 0 
vn 0 1 0 
vn 0 1 0 
vn 0 1 0 
vn 0 1 0 
vn 0 1 0 
vn 0 1 0 
vn 0 1 0 
vn 0 1 0 
vn 0 1 0 
vn 0 1 0 
vn 0 1 0 
vn 0 1 0 
vn 0 1 0 
vn 0 1 0 
vn 0 1 0 
vn 0 1 0 
vn 0 1 0 
vn 0 1 0 
vn 0 1 0 
vn 0 1 0 
vn 0 1 0 
vn 0 1 0 
vn 0 1 0 
vn 0 1 0 
vn 0 1 0 
vn 0 1 0 
vn 0 1 0 
vn 0 1 0 
vn 0 1 0 
vn 0 1 0 

vt 0.412954 0.424433 
vt 0.412954 0.317066 
vt 0.428377 0.421732 
vt 0.44311 0.416988 
vt 0.412954 0.424433 
vt 0.428377 0.421732 
vt 0.412954 0.317066 
vt 0.44311 0.416988 
vt 0.782457 0.393223 
vt 0.763243 0.280549 
vt 0.819451 0.278608 
vt 0.762224 0.22468 
vt 0.869681 0.311254 
vt 0.808868 0.239944 
vt 0.871153 0.229743 
vt 0.782457 0.393223 
vt 0.819451 0.278608 
vt 0.763243 0.280549 
vt 0.762224 0.22468 
vt 0.869681 0.311254 
vt 0.808868 0.239944 
vt 0.871153 0.229743 
vt 0.429218 0.901884 
vt 0.424907 0.898445 
vt 0.425394 0.898281 
vt 0.424165 0.897158 
vt 0.429427 0.902161 
vt 0.425865 0.898148 
vt 0.429155 0.90201 
vt 0.426332 0.898036 
vt 0.425894 0.896566 
vt 0.425308 0.896701 
vt 0.425413 0.894764 
vt 0.424739 0.896894 
vt 0.424639 0.894987 
vt 0.423721 0.892908 
vt 0.424771 0.892521 
vt 0.423903 0.895307 
vt 0.42318 0.895747 
vt 0.422353 0.890299 
vt 0.423767 0.889629 
vt 0.422737 0.893444 
vt 0.42203 0.885742 
vt 0.421797 0.89416 
vt 0.420181 0.886843 
vt 0.419013 0.880464 
vt 0.421037 0.891162 
vt 0.418453 0.888171 
vt 0.416669 0.882152 
vt 0.413868 0.873023 
vt 0.414479 0.884119 
vt 0.416824 0.889791 
vt 0.419798 0.892264 
vt 0.412412 0.886421 
vt 0.408434 0.878797 
vt 0.411008 0.875797 
vt 0.3019 0.769207 
vt 0.296432 0.771082 
vt 0.305878 0.766548 
vt 0.406077 0.882066 
vt 0.289339 0.772405 
vt 0.403872 0.88565 
vt 0.410461 0.889143 
vt 0.415305 0.891798 
vt 0.424907 0.898445 
vt 0.429218 0.901884 
vt 0.425394 0.898281 
vt 0.424165 0.897158 
vt 0.429427 0.902161 
vt 0.425865 0.898148 
vt 0.429155 0.90201 
vt 0.426332 0.898036 
vt 0.425894 0.896566 
vt 0.425308 0.896701 
vt 0.425413 0.894764 
vt 0.424739 0.896894 
vt 0.424639 0.894987 
vt 0.423721 0.892908 
vt 0.424771 0.892521 
vt 0.423903 0.895307 
vt 0.42318 0.895747 
vt 0.422737 0.893444 
vt 0.422353 0.890299 
vt 0.423767 0.889629 
vt 0.42203 0.885742 
vt 0.420181 0.886843 
vt 0.419013 0.880464 
vt 0.421037 0.891162 
vt 0.416669 0.882152 
vt 0.413868 0.873023 
vt 0.418453 0.888171 
vt 0.414479 0.884119 
vt 0.411008 0.875797 
vt 0.421797 0.89416 
vt 0.408434 0.878797 
vt 0.3019 0.769207 
vt 0.296432 0.771082 
vt 0.305878 0.766548 
vt 0.289339 0.772405 
vt 0.406077 0.882066 
vt 0.412412 0.886421 
vt 0.403872 0.88565 
vt 0.416824 0.889791 
vt 0.410461 0.889143 
vt 0.419798 0.892264 
vt 0.415305 0.891798 
vt 0.418646 0.893685 
vt 0.808868 0.239944 
vt 0.809667 0.204351 
vt 0.871153 0.229743 
vt 0.762224 0.22468 
vt 0.823492 0.172808 
vt 0.843731 0.16096 
vt 0.833242 0.127062 
vt 0.751538 0.190692 
vt 0.754492 0.202427 
vt 0.739254 0.212153 
vt 0.808868 0.239944 
vt 0.871153 0.229743 
vt 0.809667 0.204351 
vt 0.762224 0.22468 
vt 0.823492 0.172808 
vt 0.843731 0.16096 
vt 0.833242 0.127062 
vt 0.751538 0.190692 
vt 0.754492 0.202427 
vt 0.739254 0.212153 
vt 0.426303 0.898178 
vt 0.428889 0.901753 
vt 0.428986 0.901871 
vt 0.428889 0.901753 
vt 0.426303 0.898178 
vt 0.428986 0.901871 
vt 0.762224 0.22468 
vt 0.763243 0.280549 
vt 0.708236 0.290384 
vt 0.782457 0.393223 
vt 0.672011 0.33653 
vt 0.781948 0.391472 
vt 0.762224 0.22468 
vt 0.708236 0.290384 
vt 0.763243 0.280549 
vt 0.781948 0.391472 
vt 0.672011 0.33653 
vt 0.158354 0.430995 
vt 0.160608 0.426153 
vt 0.160542 0.430895 
vt 0.161387 0.426632 
vt 0.159178 0.42519 
vt 0.162792 0.423858 
vt 0.163127 0.424571 
vt 0.155247 0.429778 
vt 0.151104 0.425579 
vt 0.156696 0.422324 
vt 0.147775 0.417579 
vt 0.154381 0.416448 
vt 0.15411 0.407749 
vt 0.147498 0.406456 
vt 0.157218 0.397886 
vt 0.152036 0.394399 
vt 0.162101 0.400751 
vt 0.159799 0.408918 
vt 0.250031 0.297539 
vt 0.24755 0.296341 
vt 0.254308 0.298209 
vt 0.246581 0.293025 
vt 0.248227 0.291723 
vt 0.23315 0.281939 
vt 0.25008 0.289973 
vt 0.251841 0.287604 
vt 0.26021 0.298572 
vt 0.234661 0.280449 
vt 0.214782 0.260051 
vt 0.235914 0.27877 
vt 0.236932 0.276916 
vt 0.237722 0.274912 
vt 0.160608 0.426153 
vt 0.158354 0.430995 
vt 0.160542 0.430895 
vt 0.159178 0.42519 
vt 0.161387 0.426632 
vt 0.162792 0.423858 
vt 0.163127 0.424571 
vt 0.151104 0.425579 
vt 0.155247 0.429778 
vt 0.156696 0.422324 
vt 0.147775 0.417579 
vt 0.154381 0.416448 
vt 0.15411 0.407749 
vt 0.147498 0.406456 
vt 0.157218 0.397886 
vt 0.152036 0.394399 
vt 0.162101 0.400751 
vt 0.159799 0.408918 
vt 0.250031 0.297539 
vt 0.24755 0.296341 
vt 0.254308 0.298209 
vt 0.246581 0.293025 
vt 0.248227 0.291723 
vt 0.23315 0.281939 
vt 0.25008 0.289973 
vt 0.251841 0.287604 
vt 0.26021 0.298572 
vt 0.234661 0.280449 
vt 0.214782 0.260051 
vt 0.235914 0.27877 
vt 0.236932 0.276916 
vt 0.237722 0.274912 
vt 0.429218 0.901884 
vt 0.425394 0.898281 
vt 0.429427 0.902161 
vt 0.429026 0.901719 
vt 0.424907 0.898445 
vt 0.425865 0.898148 
vt 0.429155 0.90201 
vt 0.426332 0.898036 
vt 0.428986 0.901871 
vt 0.429427 0.902161 
vt 0.425394 0.898281 
vt 0.429218 0.901884 
vt 0.424907 0.898445 
vt 0.429026 0.901719 
vt 0.429155 0.90201 
vt 0.425865 0.898148 
vt 0.428986 0.901871 
vt 0.426332 0.898036 
vt 0.290998 0.247702 
vt 0.285271 0.240608 
vt 0.433544 0.144244 
vt 0.267281 0.2604 
vt 0.27133 0.267888 
vt 0.290998 0.247702 
vt 0.433544 0.144244 
vt 0.285271 0.240608 
vt 0.267281 0.2604 
vt 0.27133 0.267888 
vt 0.739254 0.212153 
vt 0.738108 0.200202 
vt 0.754492 0.202427 
vt 0.751538 0.190692 
vt 0.724842 0.182592 
vt 0.739254 0.212153 
vt 0.754492 0.202427 
vt 0.738108 0.200202 
vt 0.751538 0.190692 
vt 0.724842 0.182592 
vt 0.292695 0.741974 
vt 0.281865 0.730453 
vt 0.294284 0.737863 
vt 0.292051 0.746095 
vt 0.305653 0.74793 
vt 0.292261 0.750036 
vt 0.293196 0.753651 
vt 0.306169 0.746502 
vt 0.306807 0.745031 
vt 0.307542 0.743515 
vt 0.319293 0.751766 
vt 0.305282 0.749311 
vt 0.294651 0.756897 
vt 0.305065 0.750632 
vt 0.280814 0.773211 
vt 0.271274 0.773617 
vt 0.401733 0.889613 
vt 0.304991 0.751876 
vt 0.296417 0.759376 
vt 0.305041 0.753018 
vt 0.298349 0.760996 
vt 0.300281 0.761722 
vt 0.305196 0.754044 
vt 0.301805 0.76166 
vt 0.305453 0.754961 
vt 0.302874 0.761224 
vt 0.308606 0.763012 
vt 0.413193 0.873715 
vt 0.305781 0.755768 
vt 0.303504 0.760629 
vt 0.310143 0.749575 
vt 0.298715 0.746692 
vt 0.310628 0.754065 
vt 0.307157 0.754436 
vt 0.30376 0.760045 
vt 0.303786 0.759564 
vt 0.297976 0.748577 
vt 0.269557 0.736612 
vt 0.304266 0.755158 
vt 0.303611 0.759462 
vt 0.297133 0.750377 
vt 0.296183 0.752075 
vt 0.295123 0.753662 
vt 0.300327 0.757731 
vt 0.302011 0.756283 
vt 0.303271 0.759812 
vt 0.302796 0.760653 
vt 0.307481 0.758542 
vt 0.307024 0.757833 
vt 0.307933 0.759317 
vt 0.308362 0.760172 
vt 0.319293 0.751766 
vt 0.307542 0.743515 
vt 0.306807 0.745031 
vt 0.294284 0.737863 
vt 0.306169 0.746502 
vt 0.305653 0.74793 
vt 0.292695 0.741974 
vt 0.281865 0.730453 
vt 0.292051 0.746095 
vt 0.292261 0.750036 
vt 0.293196 0.753651 
vt 0.276333 0.738881 
vt 0.27262 0.749503 
vt 0.271002 0.761343 
vt 0.271274 0.773617 
vt 0.253664 0.713897 
vt 0.260624 0.705552 
vt 0.24679 0.721724 
vt 0.0851 0.591984 
vt 0.239945 0.729164 
vt 0.233062 0.736289 
vt 0.258586 0.773896 
vt 0.25106 0.798465 
vt 0.225955 0.743151 
vt 0.246455 0.79739 
vt 0.241849 0.818118 
vt 0.24625 0.775793 
vt 0.21857 0.74997 
vt 0.210846 0.756817 
vt 0.202659 0.763756 
vt 0.226455 0.784369 
vt 0.235152 0.779394 
vt 0.236498 0.796843 
vt 0.231519 0.797497 
vt 0.241549 0.796827 
vt 0.231024 0.816995 
vt 0.239236 0.817694 
vt 0.227518 0.846156 
vt 0.236546 0.81741 
vt 0.233803 0.817195 
vt 0.161387 0.426632 
vt 0.163207 0.430251 
vt 0.162739 0.427325 
vt 0.160542 0.430895 
vt 0.163127 0.424571 
vt 0.163503 0.429827 
vt 0.163529 0.429889 
vt 0.165219 0.430337 
vt 0.163571 0.429916 
vt 0.166155 0.429781 
vt 0.163597 0.429919 
vt 0.163643 0.425622 
vt 0.164735 0.42517 
vt 0.163523 0.429775 
vt 0.664296 0.694434 
vt 0.630779 0.666805 
vt 0.680291 0.685963 
vt 0.690992 0.648199 
vt 0.711977 0.735557 
vt 0.758966 0.653305 
vt 0.757542 0.645945 
vt 0.802892 0.647027 
vt 0.771563 0.663131 
vt 0.722308 0.692649 
vt 0.743791 0.70863 
vt 0.718095 0.70854 
vt 0.730522 0.718139 
vt 0.721655 0.718776 
vt 0.728585 0.730226 
vt 0.782232 0.67485 
vt 0.777577 0.672359 
vt 0.771563 0.663131 
vt 0.771727 0.756723 
vt 0.743791 0.70863 
vt 0.756444 0.761249 
vt 0.782979 0.789848 
vt 0.756444 0.761249 
vt 0.737323 0.728247 
vt 0.74929 0.781823 
vt 0.757702 0.797013 
vt 0.730522 0.718139 
vt 0.706304 0.816096 
vt 0.728585 0.730226 
vt 0.721655 0.718776 
vt 0.726186 0.771033 
vt 0.699854 0.769812 
vt 0.711977 0.735557 
vt 0.67478 0.138141 
vt 0.788878 0.143321 
vt 0.795481 0.163811 
vt 0.677993 0.131777 
vt 0.67478 0.138141 
vt 0.788878 0.143321 
vt 0.677993 0.131777 
vt 0.795481 0.163811 
vt 0.417745 0.904998 
vt 0.412292 0.901517 
vt 0.412379 0.90655 
vt 0.405523 0.901017 
vt 0.423405 0.906949 
vt 0.420508 0.903513 
vt 0.424498 0.90524 
vt 0.420102 0.909951 
vt 0.42409 0.916439 
vt 0.428914 0.911447 
vt 0.414769 0.920581 
vt 0.430259 0.907756 
vt 0.43008 0.905184 
vt 0.42504 0.904309 
vt 0.422565 0.90232 
vt 0.425817 0.902699 
vt 0.429247 0.902066 
vt 0.428812 0.901697 
vt 0.429292 0.899697 
vt 0.43228 0.901328 
vt 0.430687 0.898288 
vt 0.434574 0.900094 
vt 0.428611 0.898611 
vt 0.428843 0.901647 
vt 0.431788 0.896781 
vt 0.429219 0.897106 
vt 0.433338 0.894475 
vt 0.43731 0.89762 
vt 0.429826 0.895425 
vt 0.427919 0.898186 
vt 0.428839 0.901623 
vt 0.428845 0.901617 
vt 0.428086 0.896669 
vt 0.427319 0.898064 
vt 0.428847 0.901669 
vt 0.42679 0.898085 
vt 0.428889 0.901753 
vt 0.426303 0.898178 
vt 0.425806 0.896644 
vt 0.427196 0.89654 
vt 0.426457 0.896553 
vt 0.425312 0.894824 
vt 0.426168 0.894693 
vt 0.424665 0.892567 
vt 0.428331 0.894871 
vt 0.42715 0.894686 
vt 0.425829 0.892326 
vt 0.42367 0.889651 
vt 0.430717 0.893047 
vt 0.428739 0.892439 
vt 0.427157 0.892257 
vt 0.425241 0.889168 
vt 0.435337 0.890298 
vt 0.440475 0.89254 
vt 0.431809 0.889235 
vt 0.43677 0.883437 
vt 0.44277 0.884182 
vt 0.442556 0.872725 
vt 0.432396 0.88328 
vt 0.436203 0.873744 
vt 0.438367 0.859185 
vt 0.429155 0.888857 
vt 0.427031 0.888882 
vt 0.426304 0.884066 
vt 0.42903 0.883534 
vt 0.427421 0.876053 
vt 0.431327 0.874843 
vt 0.432665 0.861949 
vt 0.326687 0.751981 
vt 0.423995 0.884805 
vt 0.421961 0.885722 
vt 0.42417 0.877383 
vt 0.421379 0.878841 
vt 0.41893 0.880441 
vt 0.419659 0.868687 
vt 0.416256 0.871091 
vt 0.413193 0.873715 
vt 0.308606 0.763012 
vt 0.423461 0.866445 
vt 0.310117 0.758751 
vt 0.302874 0.761224 
vt 0.427752 0.864264 
vt 0.303504 0.760629 
vt 0.301805 0.76166 
vt 0.300281 0.761722 
vt 0.305453 0.754961 
vt 0.305196 0.754044 
vt 0.298349 0.760996 
vt 0.296417 0.759376 
vt 0.305041 0.753018 
vt 0.305781 0.755768 
vt 0.306161 0.756489 
vt 0.306579 0.757162 
vt 0.304991 0.751876 
vt 0.294651 0.756897 
vt 0.305065 0.750632 
vt 0.305282 0.749311 
vt 0.280814 0.773211 
vt 0.795481 0.163811 
vt 0.724842 0.182592 
vt 0.67478 0.138141 
vt 0.662514 0.14656 
vt 0.751538 0.190692 
vt 0.823492 0.172808 
vt 0.795481 0.163811 
vt 0.751538 0.190692 
vt 0.823492 0.172808 
vt 0.724842 0.182592 
vt 0.67478 0.138141 
vt 0.662514 0.14656 
vt 0.306579 0.757162 
vt 0.303786 0.759564 
vt 0.30376 0.760045 
vt 0.303504 0.760629 
vt 0.307024 0.757833 
vt 0.303611 0.759462 
vt 0.166681 0.422045 
vt 0.168987 0.420529 
vt 0.168185 0.422583 
vt 0.166396 0.423413 
vt 0.164829 0.423186 
vt 0.164664 0.421956 
vt 0.162792 0.423858 
vt 0.166944 0.419887 
vt 0.162155 0.4228 
vt 0.160608 0.426153 
vt 0.159178 0.42519 
vt 0.158354 0.430995 
vt 0.155247 0.429778 
vt 0.164297 0.419734 
vt 0.16095 0.420422 
vt 0.156696 0.422324 
vt 0.167415 0.416446 
vt 0.164017 0.415861 
vt 0.159741 0.415833 
vt 0.154381 0.416448 
vt 0.159799 0.408918 
vt 0.15411 0.407749 
vt 0.164579 0.410123 
vt 0.162101 0.400751 
vt 0.170098 0.417417 
vt 0.17221 0.418617 
vt 0.166595 0.403133 
vt 0.254308 0.298209 
vt 0.16855 0.411459 
vt 0.26021 0.298572 
vt 0.171838 0.412945 
vt 0.170667 0.405204 
vt 0.174342 0.407135 
vt 0.174564 0.414557 
vt 0.173884 0.419949 
vt 0.177664 0.409032 
vt 0.176836 0.41627 
vt 0.175227 0.421365 
vt 0.267418 0.298692 
vt 0.275656 0.306795 
vt 0.253442 0.284603 
vt 0.251841 0.287604 
vt 0.236932 0.276916 
vt 0.237722 0.274912 
vt 0.254811 0.281012 
vt 0.275504 0.298684 
vt 0.238306 0.272791 
vt 0.214782 0.260051 
vt 0.255817 0.277123 
vt 0.238718 0.27058 
vt 0.275525 0.287902 
vt 0.256394 0.272968 
vt 0.239014 0.268301 
vt 0.239252 0.265976 
vt 0.239478 0.26362 
vt 0.256483 0.268677 
vt 0.256029 0.264435 
vt 0.274164 0.277386 
vt 0.27133 0.267888 
vt 0.306579 0.757162 
vt 0.30376 0.760045 
vt 0.303786 0.759564 
vt 0.303504 0.760629 
vt 0.307024 0.757833 
vt 0.303611 0.759462 
vt 0.67478 0.138141 
vt 0.662514 0.14656 
vt 0.63976 0.104777 
vt 0.677993 0.131777 
vt 0.67478 0.138141 
vt 0.63976 0.104777 
vt 0.662514 0.14656 
vt 0.677993 0.131777 
vt 0.795481 0.163811 
vt 0.833242 0.127062 
vt 0.823492 0.172808 
vt 0.795481 0.163811 
vt 0.823492 0.172808 
vt 0.833242 0.127062 
vt 0.163207 0.430251 
vt 0.161387 0.426632 
vt 0.162739 0.427325 
vt 0.160542 0.430895 
vt 0.163503 0.429827 
vt 0.163529 0.429889 
vt 0.165219 0.430337 
vt 0.163571 0.429916 
vt 0.166155 0.429781 
vt 0.163597 0.429919 
vt 0.163127 0.424571 
vt 0.163643 0.425622 
vt 0.163523 0.429775 
vt 0.164735 0.42517 
vt 0.163566 0.429778 
vt 0.164831 0.424101 
vt 0.165482 0.425368 
vt 0.163591 0.429834 
vt 0.165926 0.425767 
vt 0.163577 0.429934 
vt 0.166003 0.424433 
vt 0.163506 0.43007 
vt 0.166723 0.424971 
vt 0.166194 0.426205 
vt 0.166371 0.426638 
vt 0.167469 0.423966 
vt 0.167177 0.425517 
vt 0.163362 0.43023 
vt 0.1665 0.427055 
vt 0.167479 0.426034 
vt 0.167691 0.426527 
vt 0.168194 0.424595 
vt 0.168697 0.425226 
vt 0.169056 0.425849 
vt 0.169277 0.423301 
vt 0.170662 0.424897 
vt 0.171097 0.425743 
vt 0.173341 0.424634 
vt 0.170073 0.424083 
vt 0.172635 0.423499 
vt 0.17054 0.421417 
vt 0.171724 0.422425 
vt 0.306161 0.756489 
vt 0.306579 0.757162 
vt 0.307024 0.757833 
vt 0.303786 0.759564 
vt 0.307481 0.758542 
vt 0.303611 0.759462 
vt 0.307933 0.759317 
vt 0.308362 0.760172 
vt 0.302796 0.760653 
vt 0.303271 0.759812 
vt 0.300327 0.757731 
vt 0.302011 0.756283 
vt 0.304266 0.755158 
vt 0.296183 0.752075 
vt 0.295123 0.753662 
vt 0.297133 0.750377 
vt 0.269557 0.736612 
vt 0.307157 0.754436 
vt 0.297976 0.748577 
vt 0.30376 0.760045 
vt 0.298715 0.746692 
vt 0.310628 0.754065 
vt 0.310117 0.758751 
vt 0.29932 0.744814 
vt 0.419659 0.868687 
vt 0.310143 0.749575 
vt 0.423461 0.866445 
vt 0.320557 0.741194 
vt 0.299781 0.742911 
vt 0.309327 0.745334 
vt 0.318112 0.739686 
vt 0.308265 0.741614 
vt 0.300081 0.740985 
vt 0.300198 0.739025 
vt 0.307153 0.738728 
vt 0.311585 0.734805 
vt 0.315793 0.738069 
vt 0.313606 0.736418 
vt 0.31774 0.723998 
vt 0.319416 0.724832 
vt 0.325723 0.704805 
vt 0.321097 0.725665 
vt 0.322788 0.726464 
vt 0.324509 0.727181 
vt 0.326277 0.727764 
vt 0.328098 0.728165 
vt 0.329967 0.728345 
vt 0.323053 0.742485 
vt 0.325633 0.74353 
vt 0.328328 0.744286 
vt 0.326687 0.751981 
vt 0.321947 0.753152 
vt 0.316438 0.753834 
vt 0.427752 0.864264 
vt 0.432665 0.861949 
vt 0.438367 0.859185 
vt 0.431327 0.874843 
vt 0.436203 0.873744 
vt 0.442556 0.872725 
vt 0.427421 0.876053 
vt 0.432396 0.88328 
vt 0.43677 0.883437 
vt 0.44277 0.884182 
vt 0.440475 0.89254 
vt 0.435337 0.890298 
vt 0.43731 0.89762 
vt 0.433338 0.894475 
vt 0.431809 0.889235 
vt 0.430717 0.893047 
vt 0.429826 0.895425 
vt 0.431788 0.896781 
vt 0.42903 0.883534 
vt 0.429219 0.897106 
vt 0.430687 0.898288 
vt 0.428611 0.898611 
vt 0.429155 0.888857 
vt 0.426304 0.884066 
vt 0.428739 0.892439 
vt 0.427031 0.888882 
vt 0.42417 0.877383 
vt 0.425241 0.889168 
vt 0.428331 0.894871 
vt 0.427157 0.892257 
vt 0.42715 0.894686 
vt 0.428086 0.896669 
vt 0.427196 0.89654 
vt 0.425829 0.892326 
vt 0.427919 0.898186 
vt 0.428839 0.901623 
vt 0.428845 0.901617 
vt 0.427319 0.898064 
vt 0.428847 0.901669 
vt 0.42679 0.898085 
vt 0.428889 0.901753 
vt 0.426303 0.898178 
vt 0.425806 0.896644 
vt 0.426457 0.896553 
vt 0.425312 0.894824 
vt 0.426168 0.894693 
vt 0.424665 0.892567 
vt 0.42367 0.889651 
vt 0.423995 0.884805 
vt 0.421961 0.885722 
vt 0.421379 0.878841 
vt 0.41893 0.880441 
vt 0.416256 0.871091 
vt 0.236498 0.796843 
vt 0.231024 0.816995 
vt 0.231519 0.797497 
vt 0.226455 0.784369 
vt 0.235152 0.779394 
vt 0.241549 0.796827 
vt 0.24625 0.775793 
vt 0.246455 0.79739 
vt 0.258586 0.773896 
vt 0.210846 0.756817 
vt 0.202659 0.763756 
vt 0.21857 0.74997 
vt 0.0851 0.591984 
vt 0.225955 0.743151 
vt 0.233062 0.736289 
vt 0.239945 0.729164 
vt 0.271002 0.761343 
vt 0.24679 0.721724 
vt 0.27262 0.749503 
vt 0.253664 0.713897 
vt 0.260624 0.705552 
vt 0.276333 0.738881 
vt 0.166155 0.429781 
vt 0.166387 0.43155 
vt 0.165219 0.430337 
vt 0.163571 0.429916 
vt 0.167421 0.430327 
vt 0.167644 0.432516 
vt 0.163773 0.432842 
vt 0.163207 0.430251 
vt 0.163529 0.429889 
vt 0.168836 0.430877 
vt 0.169572 0.433879 
vt 0.170838 0.431682 
vt 0.171394 0.430014 
vt 0.174053 0.432687 
vt 0.174428 0.430441 
vt 0.179099 0.433306 
vt 0.16682 0.437189 
vt 0.164774 0.434815 
vt 0.173079 0.435661 
vt 0.171071 0.43998 
vt 0.178877 0.437018 
vt 0.178123 0.442098 
vt 0.187857 0.442149 
vt 0.187121 0.436733 
vt 0.199442 0.438865 
vt 0.186286 0.432569 
vt 0.19721 0.433967 
vt 0.185337 0.429227 
vt 0.292757 0.346186 
vt 0.193578 0.426059 
vt 0.191751 0.422784 
vt 0.195344 0.429747 
vt 0.291859 0.342137 
vt 0.299956 0.345463 
vt 0.29926 0.347736 
vt 0.312765 0.349452 
vt 0.291392 0.337444 
vt 0.300896 0.343293 
vt 0.312957 0.347867 
vt 0.332845 0.346324 
vt 0.313334 0.346329 
vt 0.302043 0.341198 
vt 0.291313 0.332505 
vt 0.313865 0.34484 
vt 0.314508 0.343393 
vt 0.315221 0.341972 
vt 0.304794 0.337216 
vt 0.303373 0.339153 
vt 0.298755 0.331577 
vt 0.295136 0.332184 
vt 0.299399 0.323088 
vt 0.301006 0.323518 
vt 0.301936 0.330751 
vt 0.297816 0.322537 
vt 0.306969 0.297976 
vt 0.302636 0.323813 
vt 0.30441 0.329864 
vt 0.304298 0.323951 
vt 0.29623 0.321871 
vt 0.294718 0.321118 
vt 0.290513 0.327079 
vt 0.291068 0.32955 
vt 0.286781 0.326582 
vt 0.286871 0.326436 
vt 0.286373 0.32655 
vt 0.288186 0.329368 
vt 0.287574 0.329741 
vt 0.288764 0.329004 
vt 0.29309 0.339911 
vt 0.287344 0.331976 
vt 0.283755 0.330606 
vt 0.285882 0.326321 
vt 0.289344 0.328662 
vt 0.289965 0.328354 
vt 0.285389 0.325774 
vt 0.280807 0.328218 
vt 0.290656 0.328092 
vt 0.291441 0.327892 
vt 0.285041 0.324857 
vt 0.285019 0.323562 
vt 0.278629 0.324785 
vt 0.277147 0.320103 
vt 0.285675 0.321935 
vt 0.292315 0.327781 
vt 0.28709 0.320327 
vt 0.276167 0.314052 
vt 0.758966 0.653305 
vt 0.802892 0.647027 
vt 0.757542 0.645945 
vt 0.771563 0.663131 
vt 0.690992 0.648199 
vt 0.722308 0.692649 
vt 0.743791 0.70863 
vt 0.680291 0.685963 
vt 0.630779 0.666805 
vt 0.664296 0.694434 
vt 0.711977 0.735557 
vt 0.718095 0.70854 
vt 0.730522 0.718139 
vt 0.721655 0.718776 
vt 0.728585 0.730226 
vt 0.696283 0.26906 
vt 0.672011 0.33653 
vt 0.644949 0.255829 
vt 0.708236 0.290384 
vt 0.762224 0.22468 
vt 0.649652 0.163885 
vt 0.63976 0.166044 
vt 0.63976 0.104777 
vt 0.662514 0.14656 
vt 0.703957 0.212113 
vt 0.724842 0.182592 
vt 0.725549 0.21729 
vt 0.738108 0.200202 
vt 0.739254 0.212153 
vt 0.738108 0.200202 
vt 0.696283 0.26906 
vt 0.644949 0.255829 
vt 0.672011 0.33653 
vt 0.708236 0.290384 
vt 0.762224 0.22468 
vt 0.649652 0.163885 
vt 0.63976 0.166044 
vt 0.63976 0.104777 
vt 0.662514 0.14656 
vt 0.703957 0.212113 
vt 0.724842 0.182592 
vt 0.725549 0.21729 
vt 0.738108 0.200202 
vt 0.739254 0.212153 
vt 0.738108 0.200202 
vt 0.277147 0.320103 
vt 0.185888 0.415293 
vt 0.278629 0.324785 
vt 0.188186 0.417777 
vt 0.280807 0.328218 
vt 0.276167 0.314052 
vt 0.180663 0.410978 
vt 0.177664 0.409032 
vt 0.187612 0.41719 
vt 0.283755 0.330606 
vt 0.189779 0.419845 
vt 0.275656 0.306795 
vt 0.289231 0.318877 
vt 0.28709 0.320327 
vt 0.174342 0.407135 
vt 0.292315 0.327781 
vt 0.285675 0.321935 
vt 0.293286 0.327761 
vt 0.29309 0.339911 
vt 0.291441 0.327892 
vt 0.294341 0.32785 
vt 0.295459 0.328061 
vt 0.292018 0.317708 
vt 0.296624 0.328404 
vt 0.275504 0.298684 
vt 0.295107 0.316987 
vt 0.285935 0.298702 
vt 0.298458 0.316889 
vt 0.295958 0.300316 
vt 0.297827 0.328871 
vt 0.304904 0.303685 
vt 0.301946 0.317519 
vt 0.299063 0.329443 
vt 0.300336 0.330098 
vt 0.305405 0.318952 
vt 0.31195 0.308554 
vt 0.326583 0.284938 
vt 0.33353 0.291018 
vt 0.433544 0.144244 
vt 0.320075 0.278942 
vt 0.313895 0.272977 
vt 0.307983 0.266986 
vt 0.302299 0.260811 
vt 0.296657 0.2544 
vt 0.290998 0.247702 
vt 0.275525 0.287902 
vt 0.27133 0.267888 
vt 0.274164 0.277386 
vt 0.254811 0.281012 
vt 0.255817 0.277123 
vt 0.256394 0.272968 
vt 0.256029 0.264435 
vt 0.267281 0.2604 
vt 0.256483 0.268677 
vt 0.239478 0.26362 
vt 0.239252 0.265976 
vt 0.214782 0.260051 
vt 0.239014 0.268301 
vt 0.238718 0.27058 
vt 0.238306 0.272791 
vt 0.237722 0.274912 
vt 0.253442 0.284603 
vt 0.236932 0.276916 
vt 0.251841 0.287604 
vt 0.26021 0.298572 
vt 0.267418 0.298692 
vt 0.170667 0.405204 
vt 0.166595 0.403133 
vt 0.254308 0.298209 
vt 0.162101 0.400751 
vt 0.16855 0.411459 
vt 0.164579 0.410123 
vt 0.159799 0.408918 
vt 0.171838 0.412945 
vt 0.174564 0.414557 
vt 0.170098 0.417417 
vt 0.167415 0.416446 
vt 0.166944 0.419887 
vt 0.168987 0.420529 
vt 0.166681 0.422045 
vt 0.164664 0.421956 
vt 0.164829 0.423186 
vt 0.162792 0.423858 
vt 0.164297 0.419734 
vt 0.162155 0.4228 
vt 0.160608 0.426153 
vt 0.159178 0.42519 
vt 0.158354 0.430995 
vt 0.155247 0.429778 
vt 0.16095 0.420422 
vt 0.156696 0.422324 
vt 0.164017 0.415861 
vt 0.159741 0.415833 
vt 0.154381 0.416448 
vt 0.15411 0.407749 
vt 0.171368 0.426552 
vt 0.169531 0.427785 
vt 0.171549 0.427545 
vt 0.173864 0.425765 
vt 0.174243 0.42711 
vt 0.177974 0.42614 
vt 0.178555 0.428116 
vt 0.177237 0.424394 
vt 0.184274 0.42644 
vt 0.185337 0.429227 
vt 0.183092 0.424039 
vt 0.181783 0.421926 
vt 0.189779 0.419845 
vt 0.187612 0.41719 
vt 0.191751 0.422784 
vt 0.283755 0.330606 
vt 0.193578 0.426059 
vt 0.186286 0.432569 
vt 0.287344 0.331976 
vt 0.195344 0.429747 
vt 0.19721 0.433967 
vt 0.291313 0.332505 
vt 0.291859 0.342137 
vt 0.292757 0.346186 
vt 0.291392 0.337444 
vt 0.299956 0.345463 
vt 0.29926 0.347736 
vt 0.312765 0.349452 
vt 0.300896 0.343293 
vt 0.312957 0.347867 
vt 0.332845 0.346324 
vt 0.302043 0.341198 
vt 0.313334 0.346329 
vt 0.313865 0.34484 
vt 0.314508 0.343393 
vt 0.315221 0.341972 
vt 0.304794 0.337216 
vt 0.303373 0.339153 
vt 0.298755 0.331577 
vt 0.295136 0.332184 
vt 0.299399 0.323088 
vt 0.297816 0.322537 
vt 0.301006 0.323518 
vt 0.301936 0.330751 
vt 0.306969 0.297976 
vt 0.302636 0.323813 
vt 0.30441 0.329864 
vt 0.304298 0.323951 
vt 0.29623 0.321871 
vt 0.294718 0.321118 
vt 0.290513 0.327079 
vt 0.291068 0.32955 
vt 0.286781 0.326582 
vt 0.286871 0.326436 
vt 0.286373 0.32655 
vt 0.285882 0.326321 
vt 0.287574 0.329741 
vt 0.288186 0.329368 
vt 0.288764 0.329004 
vt 0.29309 0.339911 
vt 0.289344 0.328662 
vt 0.289965 0.328354 
vt 0.285389 0.325774 
vt 0.280807 0.328218 
vt 0.290656 0.328092 
vt 0.291441 0.327892 
vt 0.285041 0.324857 
vt 0.285019 0.323562 
vt 0.278629 0.324785 
vt 0.277147 0.320103 
vt 0.285675 0.321935 
vt 0.292315 0.327781 
vt 0.28709 0.320327 
vt 0.276167 0.314052 
vt 0.316438 0.753834 
vt 0.321947 0.753152 
vt 0.325633 0.74353 
vt 0.328328 0.744286 
vt 0.329967 0.728345 
vt 0.323053 0.742485 
vt 0.328098 0.728165 
vt 0.325723 0.704805 
vt 0.320557 0.741194 
vt 0.326277 0.727764 
vt 0.324509 0.727181 
vt 0.318112 0.739686 
vt 0.322788 0.726464 
vt 0.321097 0.725665 
vt 0.319416 0.724832 
vt 0.31774 0.723998 
vt 0.315793 0.738069 
vt 0.313606 0.736418 
vt 0.311585 0.734805 
vt 0.308265 0.741614 
vt 0.307153 0.738728 
vt 0.309327 0.745334 
vt 0.300081 0.740985 
vt 0.300198 0.739025 
vt 0.299781 0.742911 
vt 0.29932 0.744814 
vt 0.428611 0.898611 
vt 0.428843 0.901647 
vt 0.428845 0.901617 
vt 0.429292 0.899697 
vt 0.428812 0.901697 
vt 0.425817 0.902699 
vt 0.42874 0.90173 
vt 0.428843 0.901647 
vt 0.428611 0.898611 
vt 0.428845 0.901617 
vt 0.428812 0.901697 
vt 0.429292 0.899697 
vt 0.425817 0.902699 
vt 0.42874 0.90173 
vt 0.420898 0.895119 
vt 0.417645 0.895538 
vt 0.413951 0.894319 
vt 0.40864 0.892396 
vt 0.422452 0.896356 
vt 0.420084 0.896424 
vt 0.423565 0.897528 
vt 0.421732 0.897227 
vt 0.424403 0.898665 
vt 0.429026 0.901719 
vt 0.428864 0.90164 
vt 0.422935 0.898077 
vt 0.423895 0.898993 
vt 0.428745 0.901627 
vt 0.422323 0.898939 
vt 0.423437 0.899526 
vt 0.42868 0.901657 
vt 0.423225 0.900411 
vt 0.428679 0.901708 
vt 0.421111 0.898505 
vt 0.421965 0.900328 
vt 0.423788 0.901683 
vt 0.42874 0.90173 
vt 0.420888 0.900356 
vt 0.419493 0.898209 
vt 0.416947 0.89796 
vt 0.419446 0.900585 
vt 0.412885 0.897503 
vt 0.421736 0.902735 
vt 0.416841 0.901079 
vt 0.406984 0.896306 
vt 0.1665 0.427055 
vt 0.167479 0.426034 
vt 0.166371 0.426638 
vt 0.163362 0.43023 
vt 0.167691 0.426527 
vt 0.168697 0.425226 
vt 0.169056 0.425849 
vt 0.167177 0.425517 
vt 0.168194 0.424595 
vt 0.170662 0.424897 
vt 0.171097 0.425743 
vt 0.173341 0.424634 
vt 0.166194 0.426205 
vt 0.163506 0.43007 
vt 0.165926 0.425767 
vt 0.163577 0.429934 
vt 0.163591 0.429834 
vt 0.166723 0.424971 
vt 0.165482 0.425368 
vt 0.163566 0.429778 
vt 0.166003 0.424433 
vt 0.167469 0.423966 
vt 0.164831 0.424101 
vt 0.166396 0.423413 
vt 0.168185 0.422583 
vt 0.169277 0.423301 
vt 0.170073 0.424083 
vt 0.17054 0.421417 
vt 0.172635 0.423499 
vt 0.171724 0.422425 
vt 0.17221 0.418617 
vt 0.173884 0.419949 
vt 0.175227 0.421365 
vt 0.17632 0.42286 
vt 0.177218 0.424452 
vt 0.181762 0.421997 
vt 0.180376 0.419972 
vt 0.178749 0.418072 
vt 0.176836 0.41627 
vt 0.183392 0.413045 
vt 0.167882 0.427438 
vt 0.166569 0.427829 
vt 0.166638 0.428244 
vt 0.16348 0.429953 
vt 0.163553 0.429919 
vt 0.167946 0.427993 
vt 0.169438 0.427055 
vt 0.166646 0.428694 
vt 0.167942 0.428621 
vt 0.16653 0.429202 
vt 0.163592 0.429914 
vt 0.167814 0.429374 
vt 0.166155 0.429781 
vt 0.163597 0.429919 
vt 0.167421 0.430327 
vt 0.169337 0.429619 
vt 0.168836 0.430877 
vt 0.166387 0.43155 
vt 0.167644 0.432516 
vt 0.164774 0.434815 
vt 0.16682 0.437189 
vt 0.165219 0.430337 
vt 0.163571 0.429916 
vt 0.163773 0.432842 
vt 0.163207 0.430251 
vt 0.163529 0.429889 
vt 0.169572 0.433879 
vt 0.173079 0.435661 
vt 0.170838 0.431682 
vt 0.171071 0.43998 
vt 0.178877 0.437018 
vt 0.178123 0.442098 
vt 0.174053 0.432687 
vt 0.187857 0.442149 
vt 0.171394 0.430014 
vt 0.179099 0.433306 
vt 0.187121 0.436733 
vt 0.199442 0.438865 
vt 0.174428 0.430441 
vt 0.178952 0.430442 
vt 0.17445 0.428635 
vt 0.171581 0.428674 
vt 0.169518 0.428619 
vt 0.40864 0.892396 
vt 0.418646 0.893685 
vt 0.413951 0.894319 
vt 0.417645 0.895538 
vt 0.420898 0.895119 
vt 0.422452 0.896356 
vt 0.420084 0.896424 
vt 0.416947 0.89796 
vt 0.419493 0.898209 
vt 0.412885 0.897503 
vt 0.423565 0.897528 
vt 0.421732 0.897227 
vt 0.421111 0.898505 
vt 0.422935 0.898077 
vt 0.424403 0.898665 
vt 0.429026 0.901719 
vt 0.428864 0.90164 
vt 0.422323 0.898939 
vt 0.423895 0.898993 
vt 0.428745 0.901627 
vt 0.423437 0.899526 
vt 0.42868 0.901657 
vt 0.423225 0.900411 
vt 0.428679 0.901708 
vt 0.421965 0.900328 
vt 0.423788 0.901683 
vt 0.42874 0.90173 
vt 0.425817 0.902699 
vt 0.422565 0.90232 
vt 0.420888 0.900356 
vt 0.419446 0.900585 
vt 0.421736 0.902735 
vt 0.42504 0.904309 
vt 0.424498 0.90524 
vt 0.429247 0.902066 
vt 0.428812 0.901697 
vt 0.43008 0.905184 
vt 0.429292 0.899697 
vt 0.430259 0.907756 
vt 0.43228 0.901328 
vt 0.428914 0.911447 
vt 0.434574 0.900094 
vt 0.428843 0.901647 
vt 0.423405 0.906949 
vt 0.42409 0.916439 
vt 0.420508 0.903513 
vt 0.416841 0.901079 
vt 0.417745 0.904998 
vt 0.412292 0.901517 
vt 0.420102 0.909951 
vt 0.414769 0.920581 
vt 0.412379 0.90655 
vt 0.413253 0.91284 
vt 0.405523 0.901017 
vt 0.40424 0.906676 
vt 0.403024 0.913403 
vt 0.401688 0.92122 
vt 0.394564 0.904196 
vt 0.406984 0.896306 
vt 0.39133 0.910023 
vt 0.387373 0.916219 
vt 0.270642 0.803625 
vt 0.269302 0.806578 
vt 0.265426 0.807811 
vt 0.263849 0.805911 
vt 0.252759 0.823927 
vt 0.250964 0.822192 
vt 0.227518 0.846156 
vt 0.261737 0.803779 
vt 0.27131 0.798573 
vt 0.248952 0.820764 
vt 0.2589 0.801774 
vt 0.397241 0.898841 
vt 0.271572 0.791618 
vt 0.399564 0.893992 
vt 0.27151 0.783132 
vt 0.255324 0.799975 
vt 0.246742 0.819618 
vt 0.244362 0.818744 
vt 0.25106 0.798465 
vt 0.241849 0.818118 
vt 0.239236 0.817694 
vt 0.236546 0.81741 
vt 0.233803 0.817195 
vt 0.316705 0.339155 
vt 0.332845 0.346324 
vt 0.315963 0.340562 
vt 0.315221 0.341972 
vt 0.306241 0.335392 
vt 0.307652 0.333708 
vt 0.304794 0.337216 
vt 0.301936 0.330751 
vt 0.30441 0.329864 
vt 0.298755 0.331577 
vt 0.316705 0.339155 
vt 0.315963 0.340562 
vt 0.332845 0.346324 
vt 0.315221 0.341972 
vt 0.306241 0.335392 
vt 0.307652 0.333708 
vt 0.304794 0.337216 
vt 0.301936 0.330751 
vt 0.30441 0.329864 
vt 0.298755 0.331577 
vt 0.833242 0.127062 
vt 0.795481 0.163811 
vt 0.788878 0.143321 
vt 0.833242 0.127062 
vt 0.788878 0.143321 
vt 0.795481 0.163811 
vt 0.401733 0.889613 
vt 0.399564 0.893992 
vt 0.397241 0.898841 
vt 0.27151 0.783132 
vt 0.271572 0.791618 
vt 0.394564 0.904196 
vt 0.27131 0.798573 
vt 0.255324 0.799975 
vt 0.2589 0.801774 
vt 0.246742 0.819618 
vt 0.244362 0.818744 
vt 0.248952 0.820764 
vt 0.261737 0.803779 
vt 0.270642 0.803625 
vt 0.250964 0.822192 
vt 0.263849 0.805911 
vt 0.252759 0.823927 
vt 0.265426 0.807811 
vt 0.269302 0.806578 
vt 0.387373 0.916219 
vt 0.39133 0.910023 
vt 0.401688 0.92122 
vt 0.403024 0.913403 
vt 0.40424 0.906676 
vt 0.413253 0.91284 
vt 0.178555 0.428116 
vt 0.184274 0.42644 
vt 0.178952 0.430442 
vt 0.177974 0.42614 
vt 0.17445 0.428635 
vt 0.174243 0.42711 
vt 0.173864 0.425765 
vt 0.177237 0.424394 
vt 0.183092 0.424039 
vt 0.181783 0.421926 
vt 0.189779 0.419845 
vt 0.187612 0.41719 
vt 0.171549 0.427545 
vt 0.171368 0.426552 
vt 0.171581 0.428674 
vt 0.169531 0.427785 
vt 0.169438 0.427055 
vt 0.169518 0.428619 
vt 0.167946 0.427993 
vt 0.167882 0.427438 
vt 0.167942 0.428621 
vt 0.166638 0.428244 
vt 0.166569 0.427829 
vt 0.16348 0.429953 
vt 0.163553 0.429919 
vt 0.166646 0.428694 
vt 0.169337 0.429619 
vt 0.167814 0.429374 
vt 0.16653 0.429202 
vt 0.163592 0.429914 
vt 0.163597 0.429919 
vt 0.728585 0.730226 
vt 0.730522 0.718139 
vt 0.737323 0.728247 
vt 0.721655 0.718776 
vt 0.743791 0.70863 
vt 0.726186 0.771033 
vt 0.711977 0.735557 
vt 0.699854 0.769812 
vt 0.706304 0.816096 
vt 0.74929 0.781823 
vt 0.757702 0.797013 
vt 0.782979 0.789848 
vt 0.756444 0.761249 
vt 0.771727 0.756723 
vt 0.756444 0.761249 
vt 0.777577 0.672359 
vt 0.771563 0.663131 
vt 0.782232 0.67485 
vt 0.267281 0.2604 
vt 0.296657 0.2544 
vt 0.290998 0.247702 
vt 0.433544 0.144244 
vt 0.302299 0.260811 
vt 0.307983 0.266986 
vt 0.313895 0.272977 
vt 0.285935 0.298702 
vt 0.292018 0.317708 
vt 0.295958 0.300316 
vt 0.320075 0.278942 
vt 0.326583 0.284938 
vt 0.33353 0.291018 
vt 0.31195 0.308554 
vt 0.304904 0.303685 
vt 0.295107 0.316987 
vt 0.298458 0.316889 
vt 0.301946 0.317519 
vt 0.305405 0.318952 
vt 0.296624 0.328404 
vt 0.297827 0.328871 
vt 0.299063 0.329443 
vt 0.300336 0.330098 
vt 0.29309 0.339911 
vt 0.295459 0.328061 
vt 0.289231 0.318877 
vt 0.294341 0.32785 
vt 0.276167 0.314052 
vt 0.293286 0.327761 
vt 0.28709 0.320327 
vt 0.292315 0.327781 
vt 0.285675 0.321935 
vt 0.291441 0.327892 
vt 0.180663 0.410978 
vt 0.277147 0.320103 
vt 0.178749 0.418072 
vt 0.183392 0.413045 
vt 0.185888 0.415293 
vt 0.278629 0.324785 
vt 0.188186 0.417777 
vt 0.280807 0.328218 
vt 0.180376 0.419972 
vt 0.181762 0.421997 
vt 0.283755 0.330606 
vt 0.187612 0.41719 
vt 0.189779 0.419845 
vt 0.17632 0.42286 
vt 0.177218 0.424452 
vt 0.287574 0.329741 
vt 0.286907 0.330109 
vt 0.286172 0.330457 
vt 0.285876 0.32572 
vt 0.286581 0.32614 
vt 0.286871 0.326436 
vt 0.288408 0.323682 
vt 0.289604 0.325141 
vt 0.290513 0.327079 
vt 0.294718 0.321118 
vt 0.286781 0.326582 
vt 0.288186 0.329368 
vt 0.286373 0.32655 
vt 0.285882 0.326321 
vt 0.288764 0.329004 
vt 0.293296 0.320277 
vt 0.306969 0.297976 
vt 0.291969 0.319345 
vt 0.287574 0.329741 
vt 0.286907 0.330109 
vt 0.286172 0.330457 
vt 0.285876 0.32572 
vt 0.286581 0.32614 
vt 0.286871 0.326436 
vt 0.288408 0.323682 
vt 0.289604 0.325141 
vt 0.290513 0.327079 
vt 0.294718 0.321118 
vt 0.288186 0.329368 
vt 0.286781 0.326582 
vt 0.286373 0.32655 
vt 0.288764 0.329004 
vt 0.285882 0.326321 
vt 0.293296 0.320277 
vt 0.291969 0.319345 
vt 0.306969 0.297976 
vt 0.711977 0.735557 
vt 0.664296 0.694434 
vt 0.670604 0.735324 
vt 0.586864 0.747555 
vt 0.630779 0.666805 
vt 0.711977 0.735557 
vt 0.670604 0.735324 
vt 0.664296 0.694434 
vt 0.586864 0.747555 
vt 0.630779 0.666805 
vt 0.163256 0.430174 
vt 0.166689 0.427857 
vt 0.163378 0.430033 
vt 0.163123 0.430402 
vt 0.166603 0.427458 
vt 0.163378 0.430033 
vt 0.166689 0.427857 
vt 0.163256 0.430174 
vt 0.166603 0.427458 
vt 0.163123 0.430402 
vt 0.166569 0.427829 
vt 0.16348 0.429953 
vt 0.163378 0.430033 
vt 0.16348 0.429953 
vt 0.166569 0.427829 
vt 0.163378 0.430033 
vt 0.163506 0.43007 
vt 0.166371 0.426638 
vt 0.163362 0.43023 
vt 0.1665 0.427055 
vt 0.163123 0.430402 
vt 0.166603 0.427458 
vt 0.163256 0.430174 
vt 0.166689 0.427857 
vt 0.167946 0.427515 
vt 0.167844 0.427014 
vt 0.167691 0.426527 
vt 0.169487 0.427142 
vt 0.169313 0.426481 
vt 0.169056 0.425849 
vt 0.171097 0.425743 
vt 0.171405 0.426642 
vt 0.173341 0.424634 
vt 0.173882 0.425849 
vt 0.177218 0.424452 
vt 0.1665 0.427055 
vt 0.167844 0.427014 
vt 0.167691 0.426527 
vt 0.163123 0.430402 
vt 0.163362 0.43023 
vt 0.166371 0.426638 
vt 0.163506 0.43007 
vt 0.166603 0.427458 
vt 0.163256 0.430174 
vt 0.166689 0.427857 
vt 0.167946 0.427515 
vt 0.169487 0.427142 
vt 0.169313 0.426481 
vt 0.169056 0.425849 
vt 0.171097 0.425743 
vt 0.171405 0.426642 
vt 0.173341 0.424634 
vt 0.173882 0.425849 
vt 0.177218 0.424452 
vt 0.671048 0.776963 
vt 0.645996 0.813566 
vt 0.586864 0.747555 
vt 0.706304 0.816096 
vt 0.670604 0.735324 
vt 0.699854 0.769812 
vt 0.711977 0.735557 
vt 0.671048 0.776963 
vt 0.586864 0.747555 
vt 0.645996 0.813566 
vt 0.670604 0.735324 
vt 0.706304 0.816096 
vt 0.711977 0.735557 
vt 0.699854 0.769812 

usemtl Handle4Mtl

f 1513/1513/1513 1514/1514/1514 1515/1515/1515 
f 1516/1516/1516 1515/1515/1515 1514/1514/1514 
f 1517/1517/1517 1518/1518/1518 1519/1519/1519 
f 1520/1520/1520 1519/1519/1519 1518/1518/1518 
f 1521/1521/1521 1522/1522/1522 1523/1523/1523 
f 1524/1524/1524 1523/1523/1523 1522/1522/1522 
f 1523/1523/1523 1525/1525/1525 1521/1521/1521 
f 1526/1526/1526 1523/1523/1523 1524/1524/1524 
f 1527/1527/1527 1525/1525/1525 1523/1523/1523 
f 1526/1526/1526 1527/1527/1527 1523/1523/1523 
f 1528/1528/1528 1529/1529/1529 1530/1530/1530 
f 1529/1529/1529 1531/1531/1531 1530/1530/1530 
f 1529/1529/1529 1528/1528/1528 1532/1532/1532 
f 1533/1533/1533 1531/1531/1531 1529/1529/1529 
f 1534/1534/1534 1529/1529/1529 1532/1532/1532 
f 1533/1533/1533 1529/1529/1529 1534/1534/1534 
f 1535/1535/1535 1536/1536/1536 1537/1537/1537 
f 1536/1536/1536 1538/1538/1538 1537/1537/1537 
f 1539/1539/1539 1537/1537/1537 1540/1540/1540 
f 1541/1541/1541 1540/1540/1540 1542/1542/1542 
f 1540/1540/1540 1543/1543/1543 1542/1542/1542 
f 1543/1543/1543 1540/1540/1540 1544/1544/1544 
f 1537/1537/1537 1544/1544/1544 1540/1540/1540 
f 1544/1544/1544 1545/1545/1545 1543/1543/1543 
f 1544/1544/1544 1537/1537/1537 1546/1546/1546 
f 1546/1546/1546 1537/1537/1537 1538/1538/1538 
f 1545/1545/1545 1544/1544/1544 1547/1547/1547 
f 1546/1546/1546 1547/1547/1547 1544/1544/1544 
f 1547/1547/1547 1548/1548/1548 1545/1545/1545 
f 1545/1545/1545 1548/1548/1548 1549/1549/1549 
f 1547/1547/1547 1546/1546/1546 1550/1550/1550 
f 1550/1550/1550 1548/1548/1548 1547/1547/1547 
f 1538/1538/1538 1551/1551/1551 1546/1546/1546 
f 1551/1551/1551 1550/1550/1550 1546/1546/1546 
f 1548/1548/1548 1552/1552/1552 1549/1549/1549 
f 1549/1549/1549 1552/1552/1552 1553/1553/1553 
f 1548/1548/1548 1550/1550/1550 1554/1554/1554 
f 1551/1551/1551 1554/1554/1554 1550/1550/1550 
f 1554/1554/1554 1552/1552/1552 1548/1548/1548 
f 1552/1552/1552 1555/1555/1555 1553/1553/1553 
f 1554/1554/1554 1551/1551/1551 1556/1556/1556 
f 1555/1555/1555 1552/1552/1552 1557/1557/1557 
f 1557/1557/1557 1558/1558/1558 1555/1555/1555 
f 1552/1552/1552 1554/1554/1554 1559/1559/1559 
f 1556/1556/1556 1559/1559/1559 1554/1554/1554 
f 1552/1552/1552 1560/1560/1560 1557/1557/1557 
f 1559/1559/1559 1560/1560/1560 1552/1552/1552 
f 1558/1558/1558 1557/1557/1557 1561/1561/1561 
f 1561/1561/1561 1562/1562/1562 1558/1558/1558 
f 1560/1560/1560 1563/1563/1563 1557/1557/1557 
f 1557/1557/1557 1563/1563/1563 1561/1561/1561 
f 1559/1559/1559 1564/1564/1564 1560/1560/1560 
f 1559/1559/1559 1556/1556/1556 1565/1565/1565 
f 1565/1565/1565 1564/1564/1564 1559/1559/1559 
f 1560/1560/1560 1566/1566/1566 1563/1563/1563 
f 1564/1564/1564 1566/1566/1566 1560/1560/1560 
f 1567/1567/1567 1561/1561/1561 1563/1563/1563 
f 1562/1562/1562 1561/1561/1561 1568/1568/1568 
f 1561/1561/1561 1567/1567/1567 1568/1568/1568 
f 1569/1569/1569 1562/1562/1562 1568/1568/1568 
f 1570/1570/1570 1568/1568/1568 1567/1567/1567 
f 1568/1568/1568 1570/1570/1570 1569/1569/1569 
f 1562/1562/1562 1569/1569/1569 1571/1571/1571 
f 1572/1572/1572 1563/1563/1563 1566/1566/1566 
f 1563/1563/1563 1572/1572/1572 1567/1567/1567 
f 1573/1573/1573 1567/1567/1567 1572/1572/1572 
f 1567/1567/1567 1573/1573/1573 1570/1570/1570 
f 1566/1566/1566 1574/1574/1574 1572/1572/1572 
f 1573/1573/1573 1572/1572/1572 1574/1574/1574 
f 1564/1564/1564 1575/1575/1575 1566/1566/1566 
f 1574/1574/1574 1566/1566/1566 1575/1575/1575 
f 1575/1575/1575 1564/1564/1564 1576/1576/1576 
f 1565/1565/1565 1576/1576/1576 1564/1564/1564 
f 1577/1577/1577 1578/1578/1578 1579/1579/1579 
f 1579/1579/1579 1580/1580/1580 1577/1577/1577 
f 1579/1579/1579 1581/1581/1581 1582/1582/1582 
f 1582/1582/1582 1583/1583/1583 1584/1584/1584 
f 1585/1585/1585 1582/1582/1582 1584/1584/1584 
f 1582/1582/1582 1585/1585/1585 1586/1586/1586 
f 1586/1586/1586 1579/1579/1579 1582/1582/1582 
f 1587/1587/1587 1586/1586/1586 1585/1585/1585 
f 1579/1579/1579 1586/1586/1586 1588/1588/1588 
f 1580/1580/1580 1579/1579/1579 1588/1588/1588 
f 1586/1586/1586 1587/1587/1587 1589/1589/1589 
f 1589/1589/1589 1588/1588/1588 1586/1586/1586 
f 1587/1587/1587 1590/1590/1590 1589/1589/1589 
f 1590/1590/1590 1587/1587/1587 1591/1591/1591 
f 1588/1588/1588 1589/1589/1589 1592/1592/1592 
f 1590/1590/1590 1592/1592/1592 1589/1589/1589 
f 1588/1588/1588 1593/1593/1593 1580/1580/1580 
f 1593/1593/1593 1588/1588/1588 1592/1592/1592 
f 1592/1592/1592 1590/1590/1590 1594/1594/1594 
f 1594/1594/1594 1593/1593/1593 1592/1592/1592 
f 1591/1591/1591 1595/1595/1595 1590/1590/1590 
f 1595/1595/1595 1594/1594/1594 1590/1590/1590 
f 1595/1595/1595 1591/1591/1591 1596/1596/1596 
f 1597/1597/1597 1595/1595/1595 1596/1596/1596 
f 1595/1595/1595 1597/1597/1597 1598/1598/1598 
f 1599/1599/1599 1598/1598/1598 1597/1597/1597 
f 1594/1594/1594 1595/1595/1595 1600/1600/1600 
f 1598/1598/1598 1599/1599/1599 1601/1601/1601 
f 1602/1602/1602 1601/1601/1601 1599/1599/1599 
f 1603/1603/1603 1595/1595/1595 1598/1598/1598 
f 1595/1595/1595 1603/1603/1603 1600/1600/1600 
f 1604/1604/1604 1598/1598/1598 1601/1601/1601 
f 1598/1598/1598 1604/1604/1604 1603/1603/1603 
f 1601/1601/1601 1602/1602/1602 1605/1605/1605 
f 1600/1600/1600 1606/1606/1606 1594/1594/1594 
f 1593/1593/1593 1594/1594/1594 1606/1606/1606 
f 1601/1601/1601 1607/1607/1607 1604/1604/1604 
f 1601/1601/1601 1605/1605/1605 1607/1607/1607 
f 1602/1602/1602 1608/1608/1608 1605/1605/1605 
f 1605/1605/1605 1609/1609/1609 1607/1607/1607 
f 1609/1609/1609 1605/1605/1605 1608/1608/1608 
f 1608/1608/1608 1602/1602/1602 1610/1610/1610 
f 1611/1611/1611 1607/1607/1607 1609/1609/1609 
f 1604/1604/1604 1607/1607/1607 1612/1612/1612 
f 1607/1607/1607 1611/1611/1611 1612/1612/1612 
f 1612/1612/1612 1613/1613/1613 1604/1604/1604 
f 1603/1603/1603 1604/1604/1604 1613/1613/1613 
f 1613/1613/1613 1612/1612/1612 1614/1614/1614 
f 1611/1611/1611 1614/1614/1614 1612/1612/1612 
f 1603/1603/1603 1613/1613/1613 1615/1615/1615 
f 1615/1615/1615 1600/1600/1600 1603/1603/1603 
f 1615/1615/1615 1613/1613/1613 1616/1616/1616 
f 1613/1613/1613 1614/1614/1614 1616/1616/1616 
f 1600/1600/1600 1615/1615/1615 1617/1617/1617 
f 1606/1606/1606 1600/1600/1600 1617/1617/1617 
f 1615/1615/1615 1616/1616/1616 1618/1618/1618 
f 1617/1617/1617 1615/1615/1615 1618/1618/1618 
f 1619/1619/1619 1606/1606/1606 1617/1617/1617 
f 1617/1617/1617 1618/1618/1618 1619/1619/1619 
f 1620/1620/1620 1621/1621/1621 1622/1622/1622 
f 1620/1620/1620 1623/1623/1623 1621/1621/1621 
f 1624/1624/1624 1622/1622/1622 1621/1621/1621 
f 1625/1625/1625 1622/1622/1622 1624/1624/1624 
f 1625/1625/1625 1624/1624/1624 1626/1626/1626 
f 1621/1621/1621 1627/1627/1627 1624/1624/1624 
f 1627/1627/1627 1621/1621/1621 1628/1628/1628 
f 1628/1628/1628 1621/1621/1621 1623/1623/1623 
f 1623/1623/1623 1629/1629/1629 1628/1628/1628 
f 1630/1630/1630 1631/1631/1631 1632/1632/1632 
f 1630/1630/1630 1632/1632/1632 1633/1633/1633 
f 1634/1634/1634 1632/1632/1632 1631/1631/1631 
f 1635/1635/1635 1634/1634/1634 1631/1631/1631 
f 1635/1635/1635 1636/1636/1636 1634/1634/1634 
f 1634/1634/1634 1637/1637/1637 1632/1632/1632 
f 1638/1638/1638 1632/1632/1632 1637/1637/1637 
f 1633/1633/1633 1632/1632/1632 1638/1638/1638 
f 1633/1633/1633 1638/1638/1638 1639/1639/1639 
f 1640/1640/1640 1641/1641/1641 1642/1642/1642 
f 1643/1643/1643 1644/1644/1644 1645/1645/1645 
f 1646/1646/1646 1647/1647/1647 1648/1648/1648 
f 1647/1647/1647 1649/1649/1649 1648/1648/1648 
f 1650/1650/1650 1648/1648/1648 1651/1651/1651 
f 1652/1652/1652 1653/1653/1653 1654/1654/1654 
f 1655/1655/1655 1654/1654/1654 1653/1653/1653 
f 1656/1656/1656 1655/1655/1655 1653/1653/1653 
f 1657/1657/1657 1658/1658/1658 1659/1659/1659 
f 1658/1658/1658 1660/1660/1660 1659/1659/1659 
f 1657/1657/1657 1661/1661/1661 1658/1658/1658 
f 1662/1662/1662 1660/1660/1660 1658/1658/1658 
f 1660/1660/1660 1662/1662/1662 1663/1663/1663 
f 1661/1661/1661 1664/1664/1664 1665/1665/1665 
f 1661/1661/1661 1665/1665/1665 1666/1666/1666 
f 1666/1666/1666 1665/1665/1665 1667/1667/1667 
f 1666/1666/1666 1667/1667/1667 1668/1668/1668 
f 1667/1667/1667 1669/1669/1669 1668/1668/1668 
f 1669/1669/1669 1667/1667/1667 1670/1670/1670 
f 1670/1670/1670 1671/1671/1671 1669/1669/1669 
f 1671/1671/1671 1670/1670/1670 1672/1672/1672 
f 1673/1673/1673 1669/1669/1669 1671/1671/1671 
f 1669/1669/1669 1673/1673/1673 1674/1674/1674 
f 1675/1675/1675 1671/1671/1671 1672/1672/1672 
f 1675/1675/1675 1673/1673/1673 1671/1671/1671 
f 1672/1672/1672 1676/1676/1676 1675/1675/1675 
f 1673/1673/1673 1675/1675/1675 1677/1677/1677 
f 1678/1678/1678 1675/1675/1675 1676/1676/1676 
f 1675/1675/1675 1678/1678/1678 1679/1679/1679 
f 1678/1678/1678 1680/1680/1680 1679/1679/1679 
f 1681/1681/1681 1677/1677/1677 1675/1675/1675 
f 1681/1681/1681 1675/1675/1675 1679/1679/1679 
f 1681/1681/1681 1682/1682/1682 1677/1677/1677 
f 1682/1682/1682 1683/1683/1683 1677/1677/1677 
f 1684/1684/1684 1679/1679/1679 1680/1680/1680 
f 1679/1679/1679 1684/1684/1684 1681/1681/1681 
f 1680/1680/1680 1685/1685/1685 1684/1684/1684 
f 1681/1681/1681 1686/1686/1686 1682/1682/1682 
f 1686/1686/1686 1681/1681/1681 1684/1684/1684 
f 1684/1684/1684 1685/1685/1685 1686/1686/1686 
f 1687/1687/1687 1682/1682/1682 1686/1686/1686 
f 1686/1686/1686 1685/1685/1685 1687/1687/1687 
f 1687/1687/1687 1685/1685/1685 1688/1688/1688 
f 1689/1689/1689 1690/1690/1690 1691/1691/1691 
f 1692/1692/1692 1690/1690/1690 1689/1689/1689 
f 1689/1689/1689 1691/1691/1691 1693/1693/1693 
f 1693/1693/1693 1694/1694/1694 1689/1689/1689 
f 1694/1694/1694 1693/1693/1693 1695/1695/1695 
f 1692/1692/1692 1696/1696/1696 1697/1697/1697 
f 1696/1696/1696 1692/1692/1692 1698/1698/1698 
f 1698/1698/1698 1699/1699/1699 1696/1696/1696 
f 1699/1699/1699 1698/1698/1698 1700/1700/1700 
f 1701/1701/1701 1699/1699/1699 1700/1700/1700 
f 1699/1699/1699 1701/1701/1701 1702/1702/1702 
f 1703/1703/1703 1702/1702/1702 1701/1701/1701 
f 1702/1702/1702 1703/1703/1703 1704/1704/1704 
f 1701/1701/1701 1705/1705/1705 1703/1703/1703 
f 1705/1705/1705 1701/1701/1701 1706/1706/1706 
f 1703/1703/1703 1707/1707/1707 1704/1704/1704 
f 1705/1705/1705 1707/1707/1707 1703/1703/1703 
f 1708/1708/1708 1704/1704/1704 1707/1707/1707 
f 1707/1707/1707 1705/1705/1705 1709/1709/1709 
f 1707/1707/1707 1710/1710/1710 1708/1708/1708 
f 1710/1710/1710 1707/1707/1707 1711/1711/1711 
f 1711/1711/1711 1712/1712/1712 1710/1710/1710 
f 1709/1709/1709 1713/1713/1713 1707/1707/1707 
f 1711/1711/1711 1707/1707/1707 1713/1713/1713 
f 1713/1713/1713 1709/1709/1709 1714/1714/1714 
f 1715/1715/1715 1714/1714/1714 1709/1709/1709 
f 1713/1713/1713 1716/1716/1716 1711/1711/1711 
f 1711/1711/1711 1716/1716/1716 1712/1712/1712 
f 1712/1712/1712 1716/1716/1716 1717/1717/1717 
f 1716/1716/1716 1713/1713/1713 1718/1718/1718 
f 1714/1714/1714 1718/1718/1718 1713/1713/1713 
f 1716/1716/1716 1718/1718/1718 1717/1717/1717 
f 1718/1718/1718 1714/1714/1714 1719/1719/1719 
f 1718/1718/1718 1719/1719/1719 1717/1717/1717 
f 1719/1719/1719 1720/1720/1720 1717/1717/1717 
f 1721/1721/1721 1722/1722/1722 1723/1723/1723 
f 1724/1724/1724 1725/1725/1725 1721/1721/1721 
f 1723/1723/1723 1726/1726/1726 1727/1727/1727 
f 1728/1728/1728 1729/1729/1729 1727/1727/1727 
f 1730/1730/1730 1731/1731/1731 1732/1732/1732 
f 1732/1732/1732 1733/1733/1733 1734/1734/1734 
f 1735/1735/1735 1736/1736/1736 1730/1730/1730 
f 1737/1737/1737 1738/1738/1738 1735/1735/1735 
f 1739/1739/1739 1740/1740/1740 1741/1741/1741 
f 1739/1739/1739 1742/1742/1742 1740/1740/1740 
f 1742/1742/1742 1739/1739/1739 1743/1743/1743 
f 1744/1744/1744 1745/1745/1745 1746/1746/1746 
f 1747/1747/1747 1744/1744/1744 1746/1746/1746 
f 1744/1744/1744 1747/1747/1747 1748/1748/1748 
f 1749/1749/1749 1750/1750/1750 1751/1751/1751 
f 1751/1751/1751 1750/1750/1750 1752/1752/1752 
f 1750/1750/1750 1753/1753/1753 1752/1752/1752 
f 1754/1754/1754 1755/1755/1755 1756/1756/1756 
f 1755/1755/1755 1757/1757/1757 1756/1756/1756 
f 1756/1756/1756 1757/1757/1757 1758/1758/1758 
f 1759/1759/1759 1760/1760/1760 1761/1761/1761 
f 1762/1762/1762 1763/1763/1763 1764/1764/1764 
f 1763/1763/1763 1765/1765/1765 1764/1764/1764 
f 1759/1759/1759 1766/1766/1766 1762/1762/1762 
f 1763/1763/1763 1762/1762/1762 1766/1766/1766 
f 1761/1761/1761 1767/1767/1767 1759/1759/1759 
f 1766/1766/1766 1759/1759/1759 1767/1767/1767 
f 1767/1767/1767 1761/1761/1761 1768/1768/1768 
f 1768/1768/1768 1769/1769/1769 1767/1767/1767 
f 1767/1767/1767 1769/1769/1769 1766/1766/1766 
f 1766/1766/1766 1769/1769/1769 1763/1763/1763 
f 1770/1770/1770 1765/1765/1765 1763/1763/1763 
f 1763/1763/1763 1769/1769/1769 1770/1770/1770 
f 1765/1765/1765 1770/1770/1770 1771/1771/1771 
f 1770/1770/1770 1769/1769/1769 1772/1772/1772 
f 1772/1772/1772 1771/1771/1771 1770/1770/1770 
f 1773/1773/1773 1765/1765/1765 1771/1771/1771 
f 1765/1765/1765 1773/1773/1773 1774/1774/1774 
f 1775/1775/1775 1774/1774/1774 1773/1773/1773 
f 1773/1773/1773 1574/1574/1574 1775/1775/1775 
f 1574/1574/1574 1773/1773/1773 1573/1573/1573 
f 1771/1771/1771 1573/1573/1573 1773/1773/1773 
f 1776/1776/1776 1771/1771/1771 1772/1772/1772 
f 1772/1772/1772 1769/1769/1769 1776/1776/1776 
f 1573/1573/1573 1771/1771/1771 1777/1777/1777 
f 1771/1771/1771 1776/1776/1776 1777/1777/1777 
f 1777/1777/1777 1570/1570/1570 1573/1573/1573 
f 1778/1778/1778 1777/1777/1777 1776/1776/1776 
f 1776/1776/1776 1769/1769/1769 1778/1778/1778 
f 1570/1570/1570 1777/1777/1777 1779/1779/1779 
f 1777/1777/1777 1778/1778/1778 1779/1779/1779 
f 1780/1780/1780 1570/1570/1570 1779/1779/1779 
f 1570/1570/1570 1780/1780/1780 1569/1569/1569 
f 1781/1781/1781 1779/1779/1779 1778/1778/1778 
f 1779/1779/1779 1781/1781/1781 1780/1780/1780 
f 1778/1778/1778 1769/1769/1769 1781/1781/1781 
f 1782/1782/1782 1569/1569/1569 1780/1780/1780 
f 1780/1780/1780 1781/1781/1781 1782/1782/1782 
f 1571/1571/1571 1569/1569/1569 1782/1782/1782 
f 1783/1783/1783 1782/1782/1782 1781/1781/1781 
f 1781/1781/1781 1769/1769/1769 1783/1783/1783 
f 1784/1784/1784 1571/1571/1571 1782/1782/1782 
f 1782/1782/1782 1783/1783/1783 1784/1784/1784 
f 1571/1571/1571 1784/1784/1784 1785/1785/1785 
f 1785/1785/1785 1786/1786/1786 1571/1571/1571 
f 1787/1787/1787 1784/1784/1784 1783/1783/1783 
f 1783/1783/1783 1769/1769/1769 1787/1787/1787 
f 1784/1784/1784 1787/1787/1787 1788/1788/1788 
f 1788/1788/1788 1785/1785/1785 1784/1784/1784 
f 1789/1789/1789 1790/1790/1790 1791/1791/1791 
f 1791/1791/1791 1790/1790/1790 1792/1792/1792 
f 1792/1792/1792 1793/1793/1793 1791/1791/1791 
f 1793/1793/1793 1792/1792/1792 1794/1794/1794 
f 1795/1795/1795 1792/1792/1792 1790/1790/1790 
f 1790/1790/1790 1796/1796/1796 1795/1795/1795 
f 1797/1797/1797 1794/1794/1794 1792/1792/1792 
f 1792/1792/1792 1795/1795/1795 1797/1797/1797 
f 1794/1794/1794 1797/1797/1797 1798/1798/1798 
f 1795/1795/1795 1796/1796/1796 1799/1799/1799 
f 1795/1795/1795 1799/1799/1799 1797/1797/1797 
f 1799/1799/1799 1796/1796/1796 1800/1800/1800 
f 1800/1800/1800 1796/1796/1796 1801/1801/1801 
f 1800/1800/1800 1801/1801/1801 1802/1802/1802 
f 1799/1799/1799 1800/1800/1800 1803/1803/1803 
f 1797/1797/1797 1799/1799/1799 1803/1803/1803 
f 1803/1803/1803 1800/1800/1800 1802/1802/1802 
f 1803/1803/1803 1798/1798/1798 1797/1797/1797 
f 1802/1802/1802 1804/1804/1804 1803/1803/1803 
f 1798/1798/1798 1803/1803/1803 1804/1804/1804 
f 1804/1804/1804 1802/1802/1802 1805/1805/1805 
f 1806/1806/1806 1798/1798/1798 1804/1804/1804 
f 1798/1798/1798 1806/1806/1806 1807/1807/1807 
f 1808/1808/1808 1804/1804/1804 1805/1805/1805 
f 1804/1804/1804 1808/1808/1808 1806/1806/1806 
f 1805/1805/1805 1809/1809/1809 1808/1808/1808 
f 1807/1807/1807 1806/1806/1806 1810/1810/1810 
f 1808/1808/1808 1809/1809/1809 1810/1810/1810 
f 1806/1806/1806 1808/1808/1808 1810/1810/1810 
f 1811/1811/1811 1812/1812/1812 1810/1810/1810 
f 1813/1813/1813 1812/1812/1812 1811/1811/1811 
f 1812/1812/1812 1814/1814/1814 1810/1810/1810 
f 1814/1814/1814 1815/1815/1815 1810/1810/1810 
f 1812/1812/1812 1813/1813/1813 1816/1816/1816 
f 1816/1816/1816 1814/1814/1814 1812/1812/1812 
f 1813/1813/1813 1817/1817/1817 1816/1816/1816 
f 1818/1818/1818 1815/1815/1815 1814/1814/1814 
f 1814/1814/1814 1816/1816/1816 1818/1818/1818 
f 1815/1815/1815 1818/1818/1818 1819/1819/1819 
f 1820/1820/1820 1815/1815/1815 1819/1819/1819 
f 1816/1816/1816 1821/1821/1821 1818/1818/1818 
f 1821/1821/1821 1816/1816/1816 1817/1817/1817 
f 1818/1818/1818 1822/1822/1822 1819/1819/1819 
f 1822/1822/1822 1818/1818/1818 1821/1821/1821 
f 1823/1823/1823 1820/1820/1820 1819/1819/1819 
f 1823/1823/1823 1819/1819/1819 1822/1822/1822 
f 1824/1824/1824 1820/1820/1820 1823/1823/1823 
f 1817/1817/1817 1825/1825/1825 1821/1821/1821 
f 1825/1825/1825 1817/1817/1817 1826/1826/1826 
f 1821/1821/1821 1827/1827/1827 1822/1822/1822 
f 1827/1827/1827 1821/1821/1821 1825/1825/1825 
f 1826/1826/1826 1828/1828/1828 1825/1825/1825 
f 1825/1825/1825 1828/1828/1828 1827/1827/1827 
f 1829/1829/1829 1822/1822/1822 1827/1827/1827 
f 1822/1822/1822 1829/1829/1829 1823/1823/1823 
f 1827/1827/1827 1828/1828/1828 1829/1829/1829 
f 1830/1830/1830 1823/1823/1823 1829/1829/1829 
f 1823/1823/1823 1830/1830/1830 1824/1824/1824 
f 1829/1829/1829 1828/1828/1828 1830/1830/1830 
f 1830/1830/1830 1831/1831/1831 1824/1824/1824 
f 1831/1831/1831 1832/1832/1832 1824/1824/1824 
f 1830/1830/1830 1828/1828/1828 1833/1833/1833 
f 1831/1831/1831 1830/1830/1830 1833/1833/1833 
f 1832/1832/1832 1831/1831/1831 1834/1834/1834 
f 1835/1835/1835 1832/1832/1832 1834/1834/1834 
f 1833/1833/1833 1836/1836/1836 1831/1831/1831 
f 1836/1836/1836 1834/1834/1834 1831/1831/1831 
f 1833/1833/1833 1828/1828/1828 1837/1837/1837 
f 1836/1836/1836 1833/1833/1833 1837/1837/1837 
f 1837/1837/1837 1828/1828/1828 1838/1838/1838 
f 1838/1838/1838 1828/1828/1828 1839/1839/1839 
f 1840/1840/1840 1838/1838/1838 1839/1839/1839 
f 1841/1841/1841 1837/1837/1837 1838/1838/1838 
f 1838/1838/1838 1840/1840/1840 1841/1841/1841 
f 1836/1836/1836 1837/1837/1837 1841/1841/1841 
f 1840/1840/1840 1842/1842/1842 1841/1841/1841 
f 1842/1842/1842 1840/1840/1840 1843/1843/1843 
f 1841/1841/1841 1844/1844/1844 1836/1836/1836 
f 1834/1834/1834 1836/1836/1836 1844/1844/1844 
f 1844/1844/1844 1841/1841/1841 1842/1842/1842 
f 1845/1845/1845 1842/1842/1842 1843/1843/1843 
f 1846/1846/1846 1834/1834/1834 1844/1844/1844 
f 1834/1834/1834 1846/1846/1846 1835/1835/1835 
f 1835/1835/1835 1846/1846/1846 1847/1847/1847 
f 1846/1846/1846 1844/1844/1844 1848/1848/1848 
f 1848/1848/1848 1844/1844/1844 1842/1842/1842 
f 1846/1846/1846 1848/1848/1848 1847/1847/1847 
f 1842/1842/1842 1845/1845/1845 1849/1849/1849 
f 1848/1848/1848 1842/1842/1842 1849/1849/1849 
f 1849/1849/1849 1845/1845/1845 1847/1847/1847 
f 1848/1848/1848 1849/1849/1849 1847/1847/1847 
f 1850/1850/1850 1851/1851/1851 1852/1852/1852 
f 1851/1851/1851 1850/1850/1850 1853/1853/1853 
f 1852/1852/1852 1854/1854/1854 1850/1850/1850 
f 1851/1851/1851 1855/1855/1855 1852/1852/1852 
f 1855/1855/1855 1851/1851/1851 1856/1856/1856 
f 1856/1856/1856 1857/1857/1857 1858/1858/1858 
f 1858/1858/1858 1859/1859/1859 1860/1860/1860 
f 1854/1854/1854 1852/1852/1852 1861/1861/1861 
f 1855/1855/1855 1861/1861/1861 1852/1852/1852 
f 1861/1861/1861 1862/1862/1862 1854/1854/1854 
f 1861/1861/1861 1855/1855/1855 1863/1863/1863 
f 1861/1861/1861 1863/1863/1863 1862/1862/1862 
f 1864/1864/1864 1865/1865/1865 1866/1866/1866 
f 1866/1866/1866 1865/1865/1865 1867/1867/1867 
f 1866/1866/1866 1868/1868/1868 1864/1864/1864 
f 1869/1869/1869 1866/1866/1866 1867/1867/1867 
f 1869/1869/1869 1867/1867/1867 1870/1870/1870 
f 1869/1869/1869 1870/1870/1870 1871/1871/1871 
f 1872/1872/1872 1869/1869/1869 1871/1871/1871 
f 1872/1872/1872 1873/1873/1873 1869/1869/1869 
f 1866/1866/1866 1869/1869/1869 1873/1873/1873 
f 1873/1873/1873 1872/1872/1872 1874/1874/1874 
f 1875/1875/1875 1866/1866/1866 1873/1873/1873 
f 1874/1874/1874 1875/1875/1875 1873/1873/1873 
f 1868/1868/1868 1866/1866/1866 1875/1875/1875 
f 1876/1876/1876 1875/1875/1875 1874/1874/1874 
f 1875/1875/1875 1876/1876/1876 1877/1877/1877 
f 1868/1868/1868 1875/1875/1875 1877/1877/1877 
f 1868/1868/1868 1877/1877/1877 1878/1878/1878 
f 1879/1879/1879 1871/1871/1871 1880/1880/1880 
f 1880/1880/1880 1871/1871/1871 1881/1881/1881 
f 1880/1880/1880 1882/1882/1882 1879/1879/1879 
f 1883/1883/1883 1880/1880/1880 1881/1881/1881 
f 1882/1882/1882 1880/1880/1880 1884/1884/1884 
f 1880/1880/1880 1883/1883/1883 1884/1884/1884 
f 1885/1885/1885 1886/1886/1886 1882/1882/1882 
f 1887/1887/1887 1884/1884/1884 1883/1883/1883 
f 1884/1884/1884 1888/1888/1888 1885/1885/1885 
f 1884/1884/1884 1887/1887/1887 1888/1888/1888 
f 1889/1889/1889 1885/1885/1885 1888/1888/1888 
f 1890/1890/1890 1887/1887/1887 1883/1883/1883 
f 1889/1889/1889 1888/1888/1888 1891/1891/1891 
f 1892/1892/1892 1887/1887/1887 1890/1890/1890 
f 1893/1893/1893 1892/1892/1892 1890/1890/1890 
f 1888/1888/1888 1887/1887/1887 1894/1894/1894 
f 1888/1888/1888 1894/1894/1894 1891/1891/1891 
f 1892/1892/1892 1894/1894/1894 1887/1887/1887 
f 1895/1895/1895 1891/1891/1891 1894/1894/1894 
f 1896/1896/1896 1894/1894/1894 1892/1892/1892 
f 1895/1895/1895 1894/1894/1894 1896/1896/1896 
f 1897/1897/1897 1898/1898/1898 1899/1899/1899 
f 1898/1898/1898 1897/1897/1897 1900/1900/1900 
f 1901/1901/1901 1902/1902/1902 1903/1903/1903 
f 1902/1902/1902 1901/1901/1901 1904/1904/1904 
f 1905/1905/1905 1906/1906/1906 1907/1907/1907 
f 1908/1908/1908 1907/1907/1907 1906/1906/1906 
f 1905/1905/1905 1909/1909/1909 1910/1910/1910 
f 1911/1911/1911 1910/1910/1910 1909/1909/1909 
f 1907/1907/1907 1912/1912/1912 1905/1905/1905 
f 1909/1909/1909 1905/1905/1905 1912/1912/1912 
f 1913/1913/1913 1909/1909/1909 1912/1912/1912 
f 1909/1909/1909 1913/1913/1913 1914/1914/1914 
f 1914/1914/1914 1911/1911/1911 1909/1909/1909 
f 1912/1912/1912 1915/1915/1915 1913/1913/1913 
f 1911/1911/1911 1914/1914/1914 1916/1916/1916 
f 1917/1917/1917 1911/1911/1911 1916/1916/1916 
f 1911/1911/1911 1917/1917/1917 1918/1918/1918 
f 1911/1911/1911 1918/1918/1918 1919/1919/1919 
f 1920/1920/1920 1919/1919/1919 1918/1918/1918 
f 1921/1921/1921 1918/1918/1918 1917/1917/1917 
f 1918/1918/1918 1921/1921/1921 1920/1920/1920 
f 1922/1922/1922 1920/1920/1920 1921/1921/1921 
f 1923/1923/1923 1922/1922/1922 1921/1921/1921 
f 1924/1924/1924 1923/1923/1923 1921/1921/1921 
f 1923/1923/1923 1924/1924/1924 1925/1925/1925 
f 1926/1926/1926 1925/1925/1925 1924/1924/1924 
f 1925/1925/1925 1927/1927/1927 1923/1923/1923 
f 1927/1927/1927 1928/1928/1928 1923/1923/1923 
f 1925/1925/1925 1926/1926/1926 1929/1929/1929 
f 1927/1927/1927 1925/1925/1925 1930/1930/1930 
f 1929/1929/1929 1930/1930/1930 1925/1925/1925 
f 1926/1926/1926 1931/1931/1931 1929/1929/1929 
f 1931/1931/1931 1926/1926/1926 1932/1932/1932 
f 1930/1930/1930 1929/1929/1929 1933/1933/1933 
f 1931/1931/1931 1933/1933/1933 1929/1929/1929 
f 1930/1930/1930 1934/1934/1934 1927/1927/1927 
f 1935/1935/1935 1927/1927/1927 1934/1934/1934 
f 1927/1927/1927 1935/1935/1935 1936/1936/1936 
f 1934/1934/1934 1930/1930/1930 1937/1937/1937 
f 1933/1933/1933 1937/1937/1937 1930/1930/1930 
f 1938/1938/1938 1935/1935/1935 1934/1934/1934 
f 1937/1937/1937 1938/1938/1938 1934/1934/1934 
f 1935/1935/1935 1938/1938/1938 1939/1939/1939 
f 1940/1940/1940 1939/1939/1939 1938/1938/1938 
f 1939/1939/1939 1940/1940/1940 1941/1941/1941 
f 1942/1942/1942 1941/1941/1941 1940/1940/1940 
f 1940/1940/1940 1943/1943/1943 1942/1942/1942 
f 1944/1944/1944 1940/1940/1940 1938/1938/1938 
f 1938/1938/1938 1937/1937/1937 1944/1944/1944 
f 1940/1940/1940 1945/1945/1945 1943/1943/1943 
f 1940/1940/1940 1944/1944/1944 1945/1945/1945 
f 1945/1945/1945 1946/1946/1946 1943/1943/1943 
f 1946/1946/1946 1945/1945/1945 1947/1947/1947 
f 1944/1944/1944 1947/1947/1947 1945/1945/1945 
f 1947/1947/1947 1948/1948/1948 1946/1946/1946 
f 1949/1949/1949 1944/1944/1944 1937/1937/1937 
f 1937/1937/1937 1933/1933/1933 1949/1949/1949 
f 1947/1947/1947 1944/1944/1944 1950/1950/1950 
f 1944/1944/1944 1949/1949/1949 1950/1950/1950 
f 1948/1948/1948 1947/1947/1947 1951/1951/1951 
f 1950/1950/1950 1951/1951/1951 1947/1947/1947 
f 1951/1951/1951 1952/1952/1952 1948/1948/1948 
f 1953/1953/1953 1949/1949/1949 1933/1933/1933 
f 1954/1954/1954 1950/1950/1950 1949/1949/1949 
f 1949/1949/1949 1953/1953/1953 1954/1954/1954 
f 1933/1933/1933 1931/1931/1931 1953/1953/1953 
f 1951/1951/1951 1950/1950/1950 1955/1955/1955 
f 1950/1950/1950 1954/1954/1954 1955/1955/1955 
f 1952/1952/1952 1951/1951/1951 1956/1956/1956 
f 1956/1956/1956 1951/1951/1951 1955/1955/1955 
f 1957/1957/1957 1953/1953/1953 1931/1931/1931 
f 1932/1932/1932 1957/1957/1957 1931/1931/1931 
f 1957/1957/1957 1932/1932/1932 1958/1958/1958 
f 1953/1953/1953 1957/1957/1957 1959/1959/1959 
f 1959/1959/1959 1954/1954/1954 1953/1953/1953 
f 1958/1958/1958 1960/1960/1960 1957/1957/1957 
f 1960/1960/1960 1959/1959/1959 1957/1957/1957 
f 1960/1960/1960 1958/1958/1958 1961/1961/1961 
f 1962/1962/1962 1960/1960/1960 1961/1961/1961 
f 1959/1959/1959 1960/1960/1960 1963/1963/1963 
f 1960/1960/1960 1962/1962/1962 1964/1964/1964 
f 1964/1964/1964 1963/1963/1963 1960/1960/1960 
f 1965/1965/1965 1964/1964/1964 1962/1962/1962 
f 1954/1954/1954 1959/1959/1959 1966/1966/1966 
f 1963/1963/1963 1966/1966/1966 1959/1959/1959 
f 1967/1967/1967 1954/1954/1954 1966/1966/1966 
f 1967/1967/1967 1955/1955/1955 1954/1954/1954 
f 1956/1956/1956 1955/1955/1955 1967/1967/1967 
f 1968/1968/1968 1967/1967/1967 1966/1966/1966 
f 1968/1968/1968 1956/1956/1956 1967/1967/1967 
f 1966/1966/1966 1963/1963/1963 1969/1969/1969 
f 1969/1969/1969 1968/1968/1968 1966/1966/1966 
f 1970/1970/1970 1969/1969/1969 1963/1963/1963 
f 1970/1970/1970 1968/1968/1968 1969/1969/1969 
f 1963/1963/1963 1964/1964/1964 1971/1971/1971 
f 1963/1963/1963 1971/1971/1971 1970/1970/1970 
f 1964/1964/1964 1965/1965/1965 1972/1972/1972 
f 1972/1972/1972 1971/1971/1971 1964/1964/1964 
f 1965/1965/1965 1973/1973/1973 1972/1972/1972 
f 1956/1956/1956 1968/1968/1968 1974/1974/1974 
f 1974/1974/1974 1952/1952/1952 1956/1956/1956 
f 1952/1952/1952 1974/1974/1974 1975/1975/1975 
f 1976/1976/1976 1974/1974/1974 1968/1968/1968 
f 1968/1968/1968 1970/1970/1970 1976/1976/1976 
f 1977/1977/1977 1975/1975/1975 1974/1974/1974 
f 1974/1974/1974 1976/1976/1976 1977/1977/1977 
f 1975/1975/1975 1977/1977/1977 1978/1978/1978 
f 1970/1970/1970 1979/1979/1979 1976/1976/1976 
f 1979/1979/1979 1977/1977/1977 1976/1976/1976 
f 1980/1980/1980 1978/1978/1978 1977/1977/1977 
f 1977/1977/1977 1979/1979/1979 1980/1980/1980 
f 1978/1978/1978 1980/1980/1980 1981/1981/1981 
f 1980/1980/1980 1982/1982/1982 1981/1981/1981 
f 1979/1979/1979 1982/1982/1982 1980/1980/1980 
f 1981/1981/1981 1982/1982/1982 1610/1610/1610 
f 1970/1970/1970 1983/1983/1983 1979/1979/1979 
f 1983/1983/1983 1970/1970/1970 1971/1971/1971 
f 1982/1982/1982 1979/1979/1979 1984/1984/1984 
f 1983/1983/1983 1984/1984/1984 1979/1979/1979 
f 1982/1982/1982 1985/1985/1985 1610/1610/1610 
f 1971/1971/1971 1986/1986/1986 1983/1983/1983 
f 1971/1971/1971 1972/1972/1972 1986/1986/1986 
f 1984/1984/1984 1987/1987/1987 1982/1982/1982 
f 1987/1987/1987 1985/1985/1985 1982/1982/1982 
f 1984/1984/1984 1793/1793/1793 1987/1987/1987 
f 1610/1610/1610 1985/1985/1985 1988/1988/1988 
f 1610/1610/1610 1988/1988/1988 1608/1608/1608 
f 1791/1791/1791 1793/1793/1793 1984/1984/1984 
f 1984/1984/1984 1983/1983/1983 1791/1791/1791 
f 1988/1988/1988 1989/1989/1989 1608/1608/1608 
f 1608/1608/1608 1989/1989/1989 1609/1609/1609 
f 1985/1985/1985 1990/1990/1990 1988/1988/1988 
f 1988/1988/1988 1991/1991/1991 1989/1989/1989 
f 1988/1988/1988 1990/1990/1990 1991/1991/1991 
f 1989/1989/1989 1992/1992/1992 1609/1609/1609 
f 1991/1991/1991 1992/1992/1992 1989/1989/1989 
f 1993/1993/1993 1609/1609/1609 1992/1992/1992 
f 1609/1609/1609 1993/1993/1993 1611/1611/1611 
f 1992/1992/1992 1991/1991/1991 1994/1994/1994 
f 1994/1994/1994 1993/1993/1993 1992/1992/1992 
f 1991/1991/1991 1990/1990/1990 1810/1810/1810 
f 1994/1994/1994 1991/1991/1991 1810/1810/1810 
f 1985/1985/1985 1995/1995/1995 1990/1990/1990 
f 1990/1990/1990 1995/1995/1995 1810/1810/1810 
f 1995/1995/1995 1985/1985/1985 1987/1987/1987 
f 1987/1987/1987 1996/1996/1996 1995/1995/1995 
f 1995/1995/1995 1996/1996/1996 1810/1810/1810 
f 1987/1987/1987 1997/1997/1997 1996/1996/1996 
f 1996/1996/1996 1997/1997/1997 1810/1810/1810 
f 1993/1993/1993 1994/1994/1994 1998/1998/1998 
f 1998/1998/1998 1994/1994/1994 1810/1810/1810 
f 1998/1998/1998 1999/1999/1999 1993/1993/1993 
f 1999/1999/1999 1611/1611/1611 1993/1993/1993 
f 2000/2000/2000 1998/1998/1998 1810/1810/1810 
f 1999/1999/1999 1998/1998/1998 2000/2000/2000 
f 1997/1997/1997 1807/1807/1807 1810/1810/1810 
f 1997/1997/1997 1794/1794/1794 1807/1807/1807 
f 1999/1999/1999 2000/2000/2000 2001/2001/2001 
f 2001/2001/2001 2000/2000/2000 1810/1810/1810 
f 1611/1611/1611 1999/1999/1999 2002/2002/2002 
f 2001/2001/2001 1820/1820/1820 1999/1999/1999 
f 1820/1820/1820 2002/2002/2002 1999/1999/1999 
f 2003/2003/2003 2004/2004/2004 2005/2005/2005 
f 2004/2004/2004 2006/2006/2006 2005/2005/2005 
f 2004/2004/2004 2003/2003/2003 2007/2007/2007 
f 2008/2008/2008 2007/2007/2007 2003/2003/2003 
f 2009/2009/2009 2010/2010/2010 2011/2011/2011 
f 2010/2010/2010 2009/2009/2009 2012/2012/2012 
f 2013/2013/2013 2012/2012/2012 2009/2009/2009 
f 2012/2012/2012 2013/2013/2013 2014/2014/2014 
f 2015/2015/2015 2016/2016/2016 2017/2017/2017 
f 2018/2018/2018 2015/2015/2015 2017/2017/2017 
f 2016/2016/2016 2019/2019/2019 2020/2020/2020 
f 2021/2021/2021 2022/2022/2022 2023/2023/2023 
f 2023/2023/2023 2024/2024/2024 2021/2021/2021 
f 2025/2025/2025 2021/2021/2021 2024/2024/2024 
f 2021/2021/2021 2025/2025/2025 2026/2026/2026 
f 2027/2027/2027 2026/2026/2026 2025/2025/2025 
f 2022/2022/2022 2021/2021/2021 2028/2028/2028 
f 2026/2026/2026 2028/2028/2028 2021/2021/2021 
f 2026/2026/2026 2027/2027/2027 2029/2029/2029 
f 2030/2030/2030 2029/2029/2029 2027/2027/2027 
f 2029/2029/2029 2030/2030/2030 2031/2031/2031 
f 2031/2031/2031 2032/2032/2032 2033/2033/2033 
f 2029/2029/2029 2034/2034/2034 2026/2026/2026 
f 2028/2028/2028 2026/2026/2026 2034/2034/2034 
f 2031/2031/2031 2035/2035/2035 2029/2029/2029 
f 2034/2034/2034 2029/2029/2029 2035/2035/2035 
f 2035/2035/2035 2031/2031/2031 2036/2036/2036 
f 2034/2034/2034 2037/2037/2037 2028/2028/2028 
f 2035/2035/2035 2038/2038/2038 2034/2034/2034 
f 2037/2037/2037 2034/2034/2034 2038/2038/2038 
f 2036/2036/2036 2039/2039/2039 2035/2035/2035 
f 2038/2038/2038 2035/2035/2035 2039/2039/2039 
f 2039/2039/2039 2036/2036/2036 2040/2040/2040 
f 2040/2040/2040 2041/2041/2041 2039/2039/2039 
f 2041/2041/2041 2040/2040/2040 2042/2042/2042 
f 2039/2039/2039 2043/2043/2043 2038/2038/2038 
f 2043/2043/2043 2039/2039/2039 2041/2041/2041 
f 2037/2037/2037 2038/2038/2038 2043/2043/2043 
f 2043/2043/2043 2041/2041/2041 2044/2044/2044 
f 2045/2045/2045 2028/2028/2028 2037/2037/2037 
f 2028/2028/2028 2045/2045/2045 2022/2022/2022 
f 2046/2046/2046 2022/2022/2022 2045/2045/2045 
f 2043/2043/2043 2044/2044/2044 2047/2047/2047 
f 2048/2048/2048 2047/2047/2047 2044/2044/2044 
f 2037/2037/2037 2043/2043/2043 2049/2049/2049 
f 2049/2049/2049 2043/2043/2043 2047/2047/2047 
f 2047/2047/2047 2048/2048/2048 2050/2050/2050 
f 2051/2051/2051 2037/2037/2037 2049/2049/2049 
f 2037/2037/2037 2051/2051/2051 2045/2045/2045 
f 2049/2049/2049 2047/2047/2047 2052/2052/2052 
f 2050/2050/2050 2052/2052/2052 2047/2047/2047 
f 2049/2049/2049 2053/2053/2053 2051/2051/2051 
f 2053/2053/2053 2049/2049/2049 2052/2052/2052 
f 2054/2054/2054 2045/2045/2045 2051/2051/2051 
f 2045/2045/2045 2054/2054/2054 2046/2046/2046 
f 2054/2054/2054 2055/2055/2055 2046/2046/2046 
f 2051/2051/2051 2056/2056/2056 2054/2054/2054 
f 2056/2056/2056 2051/2051/2051 2053/2053/2053 
f 2057/2057/2057 2055/2055/2055 2054/2054/2054 
f 2054/2054/2054 2056/2056/2056 2057/2057/2057 
f 2055/2055/2055 2057/2057/2057 2058/2058/2058 
f 2059/2059/2059 2053/2053/2053 2052/2052/2052 
f 2052/2052/2052 2050/2050/2050 2059/2059/2059 
f 2060/2060/2060 2056/2056/2056 2053/2053/2053 
f 2061/2061/2061 2059/2059/2059 2050/2050/2050 
f 2050/2050/2050 2062/2062/2062 2061/2061/2061 
f 2062/2062/2062 2063/2063/2063 2061/2061/2061 
f 2064/2064/2064 2061/2061/2061 2063/2063/2063 
f 2059/2059/2059 2061/2061/2061 2065/2065/2065 
f 2061/2061/2061 2064/2064/2064 2065/2065/2065 
f 2053/2053/2053 2059/2059/2059 2066/2066/2066 
f 2053/2053/2053 2066/2066/2066 2060/2060/2060 
f 2065/2065/2065 2066/2066/2066 2059/2059/2059 
f 2067/2067/2067 2065/2065/2065 2064/2064/2064 
f 2064/2064/2064 2068/2068/2068 2067/2067/2067 
f 2065/2065/2065 2067/2067/2067 2069/2069/2069 
f 2067/2067/2067 2068/2068/2068 2070/2070/2070 
f 2070/2070/2070 2069/2069/2069 2067/2067/2067 
f 2071/2071/2071 2065/2065/2065 2069/2069/2069 
f 2065/2065/2065 2071/2071/2071 2066/2066/2066 
f 2069/2069/2069 2070/2070/2070 2072/2072/2072 
f 2070/2070/2070 2068/2068/2068 2073/2073/2073 
f 2073/2073/2073 2072/2072/2072 2070/2070/2070 
f 2073/2073/2073 2068/2068/2068 2074/2074/2074 
f 2074/2074/2074 2068/2068/2068 2075/2075/2075 
f 2074/2074/2074 2076/2076/2076 2073/2073/2073 
f 2075/2075/2075 2076/2076/2076 2074/2074/2074 
f 2072/2072/2072 2073/2073/2073 2076/2076/2076 
f 2076/2076/2076 2075/2075/2075 2077/2077/2077 
f 2078/2078/2078 2069/2069/2069 2072/2072/2072 
f 2069/2069/2069 2078/2078/2078 2071/2071/2071 
f 2079/2079/2079 2072/2072/2072 2076/2076/2076 
f 2077/2077/2077 2079/2079/2079 2076/2076/2076 
f 2080/2080/2080 2081/2081/2081 2082/2082/2082 
f 2080/2080/2080 2083/2083/2083 2081/2081/2081 
f 2084/2084/2084 2082/2082/2082 2085/2085/2085 
f 2086/2086/2086 2087/2087/2087 2088/2088/2088 
f 2089/2089/2089 2086/2086/2086 2088/2088/2088 
f 2090/2090/2090 2091/2091/2091 2092/2092/2092 
f 2093/2093/2093 2091/2091/2091 2090/2090/2090 
f 2094/2094/2094 2095/2095/2095 2096/2096/2096 
f 2097/2097/2097 2098/2098/2098 2099/2099/2099 
f 2100/2100/2100 2101/2101/2101 2102/2102/2102 
f 2101/2101/2101 2100/2100/2100 2103/2103/2103 
f 2104/2104/2104 2100/2100/2100 2102/2102/2102 
f 2100/2100/2100 2104/2104/2104 2105/2105/2105 
f 2106/2106/2106 2105/2105/2105 2107/2107/2107 
f 2108/2108/2108 2107/2107/2107 2109/2109/2109 
f 2110/2110/2110 2102/2102/2102 2101/2101/2101 
f 2111/2111/2111 2104/2104/2104 2102/2102/2102 
f 2102/2102/2102 2110/2110/2110 2111/2111/2111 
f 2111/2111/2111 2112/2112/2112 2104/2104/2104 
f 2113/2113/2113 2112/2112/2112 2111/2111/2111 
f 2113/2113/2113 2111/2111/2111 2110/2110/2110 
f 2112/2112/2112 2113/2113/2113 2114/2114/2114 
f 2110/2110/2110 2115/2115/2115 2113/2113/2113 
f 2116/2116/2116 2114/2114/2114 2113/2113/2113 
f 2116/2116/2116 2113/2113/2113 2115/2115/2115 
f 2114/2114/2114 2116/2116/2116 2117/2117/2117 
f 2115/2115/2115 2110/2110/2110 2025/2025/2025 
f 2118/2118/2118 2117/2117/2117 2116/2116/2116 
f 2117/2117/2117 2118/2118/2118 2119/2119/2119 
f 2115/2115/2115 2120/2120/2120 2116/2116/2116 
f 2116/2116/2116 2120/2120/2120 2118/2118/2118 
f 2118/2118/2118 2121/2121/2121 2119/2119/2119 
f 2115/2115/2115 2024/2024/2024 2120/2120/2120 
f 2024/2024/2024 2115/2115/2115 2025/2025/2025 
f 2120/2120/2120 2122/2122/2122 2118/2118/2118 
f 2121/2121/2121 2118/2118/2118 2123/2123/2123 
f 2118/2118/2118 2122/2122/2122 2123/2123/2123 
f 2121/2121/2121 2123/2123/2123 2124/2124/2124 
f 2120/2120/2120 2125/2125/2125 2122/2122/2122 
f 2125/2125/2125 2120/2120/2120 2024/2024/2024 
f 2122/2122/2122 2126/2126/2126 2123/2123/2123 
f 2126/2126/2126 2122/2122/2122 2125/2125/2125 
f 2123/2123/2123 2126/2126/2126 2124/2124/2124 
f 2127/2127/2127 2124/2124/2124 2128/2128/2128 
f 2124/2124/2124 2129/2129/2129 2128/2128/2128 
f 2126/2126/2126 2129/2129/2129 2124/2124/2124 
f 2129/2129/2129 2130/2130/2130 2128/2128/2128 
f 2126/2126/2126 2125/2125/2125 2131/2131/2131 
f 2126/2126/2126 2131/2131/2131 2129/2129/2129 
f 2129/2129/2129 2132/2132/2132 2130/2130/2130 
f 2131/2131/2131 2132/2132/2132 2129/2129/2129 
f 2132/2132/2132 2133/2133/2133 2130/2130/2130 
f 2023/2023/2023 2131/2131/2131 2125/2125/2125 
f 2024/2024/2024 2023/2023/2023 2125/2125/2125 
f 2134/2134/2134 2132/2132/2132 2131/2131/2131 
f 2131/2131/2131 2023/2023/2023 2134/2134/2134 
f 2132/2132/2132 2135/2135/2135 2133/2133/2133 
f 2136/2136/2136 2133/2133/2133 2135/2135/2135 
f 2135/2135/2135 2137/2137/2137 2136/2136/2136 
f 2135/2135/2135 2132/2132/2132 2138/2138/2138 
f 2132/2132/2132 2134/2134/2134 2138/2138/2138 
f 2137/2137/2137 2135/2135/2135 2139/2139/2139 
f 2138/2138/2138 2139/2139/2139 2135/2135/2135 
f 2139/2139/2139 2058/2058/2058 2137/2137/2137 
f 2140/2140/2140 2138/2138/2138 2134/2134/2134 
f 2139/2139/2139 2138/2138/2138 2141/2141/2141 
f 2141/2141/2141 2138/2138/2138 2140/2140/2140 
f 2134/2134/2134 2022/2022/2022 2140/2140/2140 
f 2022/2022/2022 2134/2134/2134 2023/2023/2023 
f 2046/2046/2046 2141/2141/2141 2140/2140/2140 
f 2022/2022/2022 2046/2046/2046 2140/2140/2140 
f 2141/2141/2141 2055/2055/2055 2139/2139/2139 
f 2055/2055/2055 2141/2141/2141 2046/2046/2046 
f 2139/2139/2139 2055/2055/2055 2058/2058/2058 
f 1788/1788/1788 1787/1787/1787 2142/2142/2142 
f 1787/1787/1787 1769/1769/1769 2142/2142/2142 
f 2143/2143/2143 1788/1788/1788 2142/2142/2142 
f 2142/2142/2142 1769/1769/1769 2143/2143/2143 
f 2143/2143/2143 1769/1769/1769 2144/2144/2144 
f 2145/2145/2145 2143/2143/2143 2144/2144/2144 
f 2144/2144/2144 1769/1769/1769 2146/2146/2146 
f 2147/2147/2147 2144/2144/2144 2146/2146/2146 
f 2146/2146/2146 1769/1769/1769 2148/2148/2148 
f 2148/2148/2148 1769/1769/1769 2149/2149/2149 
f 2150/2150/2150 2148/2148/2148 2149/2149/2149 
f 2151/2151/2151 2146/2146/2146 2148/2148/2148 
f 2151/2151/2151 2148/2148/2148 2150/2150/2150 
f 2147/2147/2147 2146/2146/2146 2151/2151/2151 
f 2152/2152/2152 2151/2151/2151 2150/2150/2150 
f 2153/2153/2153 2147/2147/2147 2151/2151/2151 
f 2151/2151/2151 2152/2152/2152 2153/2153/2153 
f 2147/2147/2147 2153/2153/2153 2154/2154/2154 
f 2154/2154/2154 2145/2145/2145 2147/2147/2147 
f 2152/2152/2152 2155/2155/2155 2153/2153/2153 
f 2155/2155/2155 2152/2152/2152 2156/2156/2156 
f 2153/2153/2153 2157/2157/2157 2154/2154/2154 
f 2157/2157/2157 2153/2153/2153 2155/2155/2155 
f 2155/2155/2155 2156/2156/2156 2158/2158/2158 
f 2157/2157/2157 2155/2155/2155 2158/2158/2158 
f 2145/2145/2145 2154/2154/2154 2159/2159/2159 
f 2160/2160/2160 2154/2154/2154 2157/2157/2157 
f 2154/2154/2154 2160/2160/2160 2159/2159/2159 
f 2160/2160/2160 2157/2157/2157 2158/2158/2158 
f 2159/2159/2159 2161/2161/2161 2145/2145/2145 
f 2162/2162/2162 2159/2159/2159 2160/2160/2160 
f 2162/2162/2162 2160/2160/2160 2158/2158/2158 
f 2161/2161/2161 2159/2159/2159 2163/2163/2163 
f 2159/2159/2159 2162/2162/2162 2163/2163/2163 
f 2161/2161/2161 2163/2163/2163 2164/2164/2164 
f 2161/2161/2161 2164/2164/2164 1788/1788/1788 
f 1785/1785/1785 1788/1788/1788 2164/2164/2164 
f 2165/2165/2165 2162/2162/2162 2158/2158/2158 
f 2166/2166/2166 1785/1785/1785 2164/2164/2164 
f 2167/2167/2167 2162/2162/2162 2165/2165/2165 
f 2162/2162/2162 2167/2167/2167 2163/2163/2163 
f 2168/2168/2168 2164/2164/2164 2163/2163/2163 
f 2164/2164/2164 2168/2168/2168 2166/2166/2166 
f 2169/2169/2169 2163/2163/2163 2167/2167/2167 
f 2170/2170/2170 2165/2165/2165 2158/2158/2158 
f 2165/2165/2165 2171/2171/2171 2167/2167/2167 
f 2171/2171/2171 2165/2165/2165 2170/2170/2170 
f 2172/2172/2172 2167/2167/2167 2171/2171/2171 
f 2167/2167/2167 2172/2172/2172 2169/2169/2169 
f 2170/2170/2170 2173/2173/2173 2171/2171/2171 
f 2174/2174/2174 2170/2170/2170 2158/2158/2158 
f 2173/2173/2173 2170/2170/2170 2174/2174/2174 
f 2175/2175/2175 2174/2174/2174 2158/2158/2158 
f 2176/2176/2176 2174/2174/2174 2175/2175/2175 
f 2174/2174/2174 2176/2176/2176 2173/2173/2173 
f 2177/2177/2177 2173/2173/2173 2176/2176/2176 
f 2171/2171/2171 2178/2178/2178 2172/2172/2172 
f 2178/2178/2178 2171/2171/2171 2173/2173/2173 
f 2173/2173/2173 2177/2177/2177 2179/2179/2179 
f 2173/2173/2173 2179/2179/2179 2178/2178/2178 
f 2180/2180/2180 2179/2179/2179 2177/2177/2177 
f 2181/2181/2181 2179/2179/2179 2180/2180/2180 
f 2180/2180/2180 2182/2182/2182 2181/2181/2181 
f 2183/2183/2183 2179/2179/2179 2181/2181/2181 
f 2179/2179/2179 2183/2183/2183 2178/2178/2178 
f 2181/2181/2181 2182/2182/2182 2183/2183/2183 
f 2184/2184/2184 2178/2178/2178 2183/2183/2183 
f 2178/2178/2178 2184/2184/2184 2172/2172/2172 
f 2183/2183/2183 2182/2182/2182 2184/2184/2184 
f 2185/2185/2185 2172/2172/2172 2184/2184/2184 
f 2184/2184/2184 2182/2182/2182 2185/2185/2185 
f 2172/2172/2172 2185/2185/2185 2169/2169/2169 
f 2185/2185/2185 2182/2182/2182 2186/2186/2186 
f 2186/2186/2186 2169/2169/2169 2185/2185/2185 
f 2186/2186/2186 2182/2182/2182 2187/2187/2187 
f 2187/2187/2187 2182/2182/2182 2188/2188/2188 
f 2169/2169/2169 2186/2186/2186 2189/2189/2189 
f 2187/2187/2187 2189/2189/2189 2186/2186/2186 
f 2188/2188/2188 2190/2190/2190 2187/2187/2187 
f 2189/2189/2189 2187/2187/2187 2190/2190/2190 
f 2190/2190/2190 2188/2188/2188 2191/2191/2191 
f 2192/2192/2192 2190/2190/2190 2191/2191/2191 
f 2193/2193/2193 2189/2189/2189 2190/2190/2190 
f 2190/2190/2190 2192/2192/2192 2193/2193/2193 
f 2194/2194/2194 2169/2169/2169 2189/2189/2189 
f 2189/2189/2189 2193/2193/2193 2194/2194/2194 
f 2169/2169/2169 2194/2194/2194 2163/2163/2163 
f 2168/2168/2168 2163/2163/2163 2194/2194/2194 
f 2195/2195/2195 2194/2194/2194 2193/2193/2193 
f 2194/2194/2194 2195/2195/2195 2168/2168/2168 
f 2196/2196/2196 2193/2193/2193 2192/2192/2192 
f 2193/2193/2193 2196/2196/2196 2195/2195/2195 
f 2192/2192/2192 2197/2197/2197 2196/2196/2196 
f 2198/2198/2198 2168/2168/2168 2195/2195/2195 
f 2196/2196/2196 2198/2198/2198 2195/2195/2195 
f 2197/2197/2197 2199/2199/2199 2196/2196/2196 
f 2198/2198/2198 2196/2196/2196 2199/2199/2199 
f 2199/2199/2199 2197/2197/2197 2200/2200/2200 
f 2168/2168/2168 2198/2198/2198 2201/2201/2201 
f 2199/2199/2199 2202/2202/2202 2198/2198/2198 
f 2202/2202/2202 2201/2201/2201 2198/2198/2198 
f 2200/2200/2200 2203/2203/2203 2199/2199/2199 
f 2202/2202/2202 2199/2199/2199 2203/2203/2203 
f 2203/2203/2203 2200/2200/2200 2204/2204/2204 
f 2205/2205/2205 2203/2203/2203 2204/2204/2204 
f 2201/2201/2201 2166/2166/2166 2168/2168/2168 
f 2206/2206/2206 2203/2203/2203 2205/2205/2205 
f 2207/2207/2207 2206/2206/2206 2205/2205/2205 
f 2207/2207/2207 2208/2208/2208 2206/2206/2206 
f 2209/2209/2209 2203/2203/2203 2206/2206/2206 
f 2203/2203/2203 2209/2209/2209 2202/2202/2202 
f 2210/2210/2210 2206/2206/2206 2208/2208/2208 
f 2206/2206/2206 2210/2210/2210 2209/2209/2209 
f 2208/2208/2208 2211/2211/2211 2210/2210/2210 
f 2211/2211/2211 2208/2208/2208 2212/2212/2212 
f 2201/2201/2201 2202/2202/2202 2213/2213/2213 
f 2212/2212/2212 2214/2214/2214 2211/2211/2211 
f 2214/2214/2214 2212/2212/2212 2215/2215/2215 
f 2215/2215/2215 2216/2216/2216 2214/2214/2214 
f 2202/2202/2202 2217/2217/2217 2213/2213/2213 
f 2217/2217/2217 2202/2202/2202 2209/2209/2209 
f 2218/2218/2218 2201/2201/2201 2213/2213/2213 
f 2213/2213/2213 2217/2217/2217 2218/2218/2218 
f 2209/2209/2209 2219/2219/2219 2217/2217/2217 
f 2219/2219/2219 2209/2209/2209 2210/2210/2210 
f 2218/2218/2218 2217/2217/2217 2220/2220/2220 
f 2217/2217/2217 2219/2219/2219 2220/2220/2220 
f 2201/2201/2201 2218/2218/2218 2221/2221/2221 
f 2166/2166/2166 2201/2201/2201 2221/2221/2221 
f 2222/2222/2222 2218/2218/2218 2220/2220/2220 
f 2210/2210/2210 2223/2223/2223 2219/2219/2219 
f 2223/2223/2223 2210/2210/2210 2211/2211/2211 
f 2224/2224/2224 2220/2220/2220 2219/2219/2219 
f 2220/2220/2220 2224/2224/2224 2222/2222/2222 
f 2225/2225/2225 2219/2219/2219 2223/2223/2223 
f 2219/2219/2219 2225/2225/2225 2224/2224/2224 
f 2211/2211/2211 2226/2226/2226 2223/2223/2223 
f 2226/2226/2226 2211/2211/2211 2214/2214/2214 
f 2223/2223/2223 2227/2227/2227 2225/2225/2225 
f 2227/2227/2227 2223/2223/2223 2226/2226/2226 
f 2228/2228/2228 2224/2224/2224 2225/2225/2225 
f 2228/2228/2228 2222/2222/2222 2224/2224/2224 
f 2214/2214/2214 2229/2229/2229 2226/2226/2226 
f 2229/2229/2229 2214/2214/2214 2216/2216/2216 
f 2216/2216/2216 2230/2230/2230 2229/2229/2229 
f 2216/2216/2216 2231/2231/2231 2230/2230/2230 
f 2232/2232/2232 2226/2226/2226 2229/2229/2229 
f 2230/2230/2230 2232/2232/2232 2229/2229/2229 
f 2226/2226/2226 2232/2232/2232 2227/2227/2227 
f 2232/2232/2232 2230/2230/2230 2233/2233/2233 
f 2233/2233/2233 2234/2234/2234 2232/2232/2232 
f 2234/2234/2234 2227/2227/2227 2232/2232/2232 
f 2234/2234/2234 2233/2233/2233 2235/2235/2235 
f 2235/2235/2235 2236/2236/2236 2234/2234/2234 
f 2237/2237/2237 2234/2234/2234 2236/2236/2236 
f 2234/2234/2234 2237/2237/2237 2238/2238/2238 
f 2227/2227/2227 2234/2234/2234 2238/2238/2238 
f 2237/2237/2237 2239/2239/2239 2238/2238/2238 
f 2238/2238/2238 2240/2240/2240 2227/2227/2227 
f 2238/2238/2238 2239/2239/2239 2240/2240/2240 
f 2227/2227/2227 2240/2240/2240 2225/2225/2225 
f 2239/2239/2239 2241/2241/2241 2240/2240/2240 
f 2240/2240/2240 2228/2228/2228 2225/2225/2225 
f 2240/2240/2240 2241/2241/2241 2228/2228/2228 
f 2241/2241/2241 2242/2242/2242 2228/2228/2228 
f 2228/2228/2228 2242/2242/2242 2222/2222/2222 
f 2242/2242/2242 2243/2243/2243 2222/2222/2222 
f 2218/2218/2218 2222/2222/2222 2243/2243/2243 
f 2243/2243/2243 2242/2242/2242 2244/2244/2244 
f 2243/2243/2243 2221/2221/2221 2218/2218/2218 
f 2244/2244/2244 2245/2245/2245 2243/2243/2243 
f 2221/2221/2221 2243/2243/2243 2245/2245/2245 
f 2245/2245/2245 2244/2244/2244 2246/2246/2246 
f 2245/2245/2245 2166/2166/2166 2221/2221/2221 
f 2246/2246/2246 2247/2247/2247 2245/2245/2245 
f 2166/2166/2166 2245/2245/2245 2247/2247/2247 
f 2247/2247/2247 2246/2246/2246 1786/1786/1786 
f 1785/1785/1785 2166/2166/2166 2247/2247/2247 
f 1785/1785/1785 2247/2247/2247 1786/1786/1786 
f 2248/2248/2248 2249/2249/2249 2250/2250/2250 
f 2251/2251/2251 2248/2248/2248 2250/2250/2250 
f 2252/2252/2252 2253/2253/2253 2248/2248/2248 
f 2248/2248/2248 2251/2251/2251 2252/2252/2252 
f 2254/2254/2254 2255/2255/2255 2253/2253/2253 
f 2253/2253/2253 2252/2252/2252 2254/2254/2254 
f 2255/2255/2255 2254/2254/2254 2256/2256/2256 
f 2251/2251/2251 2257/2257/2257 2252/2252/2252 
f 2257/2257/2257 2251/2251/2251 2258/2258/2258 
f 2252/2252/2252 2259/2259/2259 2254/2254/2254 
f 2259/2259/2259 2252/2252/2252 2257/2257/2257 
f 2257/2257/2257 2258/2258/2258 2260/2260/2260 
f 2259/2259/2259 2257/2257/2257 2260/2260/2260 
f 2261/2261/2261 2254/2254/2254 2259/2259/2259 
f 2261/2261/2261 2256/2256/2256 2254/2254/2254 
f 2261/2261/2261 2259/2259/2259 2260/2260/2260 
f 2256/2256/2256 2261/2261/2261 2262/2262/2262 
f 2262/2262/2262 2261/2261/2261 2260/2260/2260 
f 2262/2262/2262 1774/1774/1774 2256/2256/2256 
f 2263/2263/2263 2262/2262/2262 2260/2260/2260 
f 2262/2262/2262 2264/2264/2264 1774/1774/1774 
f 2264/2264/2264 2262/2262/2262 2263/2263/2263 
f 1765/1765/1765 1774/1774/1774 2264/2264/2264 
f 2265/2265/2265 2263/2263/2263 2260/2260/2260 
f 2263/2263/2263 2266/2266/2266 2264/2264/2264 
f 2266/2266/2266 2263/2263/2263 2265/2265/2265 
f 1764/1764/1764 2264/2264/2264 2266/2266/2266 
f 2264/2264/2264 1764/1764/1764 1765/1765/1765 
f 2267/2267/2267 2265/2265/2265 2260/2260/2260 
f 2268/2268/2268 2267/2267/2267 2260/2260/2260 
f 1760/1760/1760 2267/2267/2267 2268/2268/2268 
f 2269/2269/2269 2265/2265/2265 2267/2267/2267 
f 2267/2267/2267 1760/1760/1760 2269/2269/2269 
f 2265/2265/2265 2269/2269/2269 2266/2266/2266 
f 2266/2266/2266 1762/1762/1762 1764/1764/1764 
f 1762/1762/1762 2266/2266/2266 2269/2269/2269 
f 1759/1759/1759 2269/2269/2269 1760/1760/1760 
f 1762/1762/1762 2269/2269/2269 1759/1759/1759 
f 2270/2270/2270 2271/2271/2271 2272/2272/2272 
f 2273/2273/2273 2270/2270/2270 2272/2272/2272 
f 2271/2271/2271 2270/2270/2270 2274/2274/2274 
f 2274/2274/2274 2275/2275/2275 2271/2271/2271 
f 2276/2276/2276 2271/2271/2271 2275/2275/2275 
f 2276/2276/2276 2272/2272/2272 2271/2271/2271 
f 2272/2272/2272 2276/2276/2276 2277/2277/2277 
f 2278/2278/2278 2272/2272/2272 2277/2277/2277 
f 2275/2275/2275 2274/2274/2274 2279/2279/2279 
f 2280/2280/2280 2279/2279/2279 2281/2281/2281 
f 2279/2279/2279 2280/2280/2280 2275/2275/2275 
f 2282/2282/2282 2283/2283/2283 2281/2281/2281 
f 2283/2283/2283 2282/2282/2282 2284/2284/2284 
f 2284/2284/2284 2285/2285/2285 2283/2283/2283 
f 2286/2286/2286 2275/2275/2275 2280/2280/2280 
f 2275/2275/2275 2286/2286/2286 2287/2287/2287 
f 2281/2281/2281 2288/2288/2288 2280/2280/2280 
f 2286/2286/2286 2280/2280/2280 2288/2288/2288 
f 2288/2288/2288 2281/2281/2281 2283/2283/2283 
f 2286/2286/2286 2288/2288/2288 2289/2289/2289 
f 2283/2283/2283 2290/2290/2290 2288/2288/2288 
f 2289/2289/2289 2288/2288/2288 2290/2290/2290 
f 2290/2290/2290 2283/2283/2283 2285/2285/2285 
f 2289/2289/2289 2290/2290/2290 2291/2291/2291 
f 2290/2290/2290 2292/2292/2292 2291/2291/2291 
f 2292/2292/2292 2290/2290/2290 2293/2293/2293 
f 2285/2285/2285 2293/2293/2293 2290/2290/2290 
f 2293/2293/2293 2294/2294/2294 2292/2292/2292 
f 2293/2293/2293 2285/2285/2285 2295/2295/2295 
f 2294/2294/2294 2293/2293/2293 2296/2296/2296 
f 2295/2295/2295 2296/2296/2296 2293/2293/2293 
f 2297/2297/2297 2295/2295/2295 2285/2285/2285 
f 2296/2296/2296 2298/2298/2298 2294/2294/2294 
f 2297/2297/2297 2299/2299/2299 2295/2295/2295 
f 2297/2297/2297 2300/2300/2300 2299/2299/2299 
f 2296/2296/2296 2295/2295/2295 2301/2301/2301 
f 2299/2299/2299 2301/2301/2301 2295/2295/2295 
f 2298/2298/2298 2296/2296/2296 2302/2302/2302 
f 2301/2301/2301 2302/2302/2302 2296/2296/2296 
f 2303/2303/2303 2298/2298/2298 2302/2302/2302 
f 2298/2298/2298 2303/2303/2303 2304/2304/2304 
f 2303/2303/2303 2305/2305/2305 2304/2304/2304 
f 2302/2302/2302 2301/2301/2301 2306/2306/2306 
f 2299/2299/2299 2306/2306/2306 2301/2301/2301 
f 2302/2302/2302 2307/2307/2307 2303/2303/2303 
f 2307/2307/2307 2302/2302/2302 2306/2306/2306 
f 2305/2305/2305 2303/2303/2303 2308/2308/2308 
f 2307/2307/2307 2308/2308/2308 2303/2303/2303 
f 2308/2308/2308 2309/2309/2309 2305/2305/2305 
f 2308/2308/2308 2307/2307/2307 2310/2310/2310 
f 2310/2310/2310 2309/2309/2309 2308/2308/2308 
f 2306/2306/2306 2311/2311/2311 2307/2307/2307 
f 2311/2311/2311 2310/2310/2310 2307/2307/2307 
f 2306/2306/2306 2299/2299/2299 2312/2312/2312 
f 2311/2311/2311 2306/2306/2306 2312/2312/2312 
f 2313/2313/2313 2309/2309/2309 2310/2310/2310 
f 2310/2310/2310 2311/2311/2311 2313/2313/2313 
f 2314/2314/2314 2309/2309/2309 2313/2313/2313 
f 2315/2315/2315 2309/2309/2309 2314/2314/2314 
f 2314/2314/2314 2316/2316/2316 2315/2315/2315 
f 2313/2313/2313 2317/2317/2317 2314/2314/2314 
f 2316/2316/2316 2314/2314/2314 2317/2317/2317 
f 2317/2317/2317 2313/2313/2313 2311/2311/2311 
f 2318/2318/2318 2316/2316/2316 2317/2317/2317 
f 2319/2319/2319 2317/2317/2317 2311/2311/2311 
f 2317/2317/2317 2319/2319/2319 2318/2318/2318 
f 2311/2311/2311 2312/2312/2312 2319/2319/2319 
f 2320/2320/2320 2318/2318/2318 2319/2319/2319 
f 2318/2318/2318 2320/2320/2320 2321/2321/2321 
f 2321/2321/2321 2322/2322/2322 2318/2318/2318 
f 2319/2319/2319 2323/2323/2323 2320/2320/2320 
f 2323/2323/2323 2319/2319/2319 2312/2312/2312 
f 2321/2321/2321 2320/2320/2320 2324/2324/2324 
f 2320/2320/2320 2323/2323/2323 2324/2324/2324 
f 2322/2322/2322 2321/2321/2321 2325/2325/2325 
f 2325/2325/2325 2321/2321/2321 2324/2324/2324 
f 2325/2325/2325 2326/2326/2326 2322/2322/2322 
f 2326/2326/2326 2325/2325/2325 2327/2327/2327 
f 2327/2327/2327 2325/2325/2325 2324/2324/2324 
f 2323/2323/2323 2328/2328/2328 2324/2324/2324 
f 2328/2328/2328 2329/2329/2329 2324/2324/2324 
f 2328/2328/2328 2330/2330/2330 2329/2329/2329 
f 2323/2323/2323 2331/2331/2331 2328/2328/2328 
f 2330/2330/2330 2328/2328/2328 2331/2331/2331 
f 2331/2331/2331 2323/2323/2323 2312/2312/2312 
f 2332/2332/2332 2330/2330/2330 2331/2331/2331 
f 2330/2330/2330 2332/2332/2332 2333/2333/2333 
f 2331/2331/2331 2334/2334/2334 2332/2332/2332 
f 2334/2334/2334 2331/2331/2331 2312/2312/2312 
f 2333/2333/2333 2335/2335/2335 2336/2336/2336 
f 2335/2335/2335 2334/2334/2334 2337/2337/2337 
f 2335/2335/2335 2338/2338/2338 2336/2336/2336 
f 2337/2337/2337 2338/2338/2338 2335/2335/2335 
f 2334/2334/2334 2312/2312/2312 2339/2339/2339 
f 2299/2299/2299 2339/2339/2339 2312/2312/2312 
f 2339/2339/2339 2299/2299/2299 2300/2300/2300 
f 2300/2300/2300 2340/2340/2340 2339/2339/2339 
f 2339/2339/2339 2341/2341/2341 2334/2334/2334 
f 2341/2341/2341 2339/2339/2339 2340/2340/2340 
f 2342/2342/2342 2338/2338/2338 2337/2337/2337 
f 2337/2337/2337 2341/2341/2341 2342/2342/2342 
f 2343/2343/2343 2338/2338/2338 2342/2342/2342 
f 2342/2342/2342 2341/2341/2341 2343/2343/2343 
f 2340/2340/2340 2344/2344/2344 2341/2341/2341 
f 2341/2341/2341 2344/2344/2344 2343/2343/2343 
f 2344/2344/2344 2340/2340/2340 2345/2345/2345 
f 2346/2346/2346 2338/2338/2338 2343/2343/2343 
f 2343/2343/2343 2344/2344/2344 2346/2346/2346 
f 2347/2347/2347 2338/2338/2338 2346/2346/2346 
f 2348/2348/2348 2346/2346/2346 2344/2344/2344 
f 2346/2346/2346 2348/2348/2348 2347/2347/2347 
f 2345/2345/2345 2348/2348/2348 2344/2344/2344 
f 2345/2345/2345 2349/2349/2349 2348/2348/2348 
f 2349/2349/2349 2347/2347/2347 2348/2348/2348 
f 2349/2349/2349 2345/2345/2345 2350/2350/2350 
f 2351/2351/2351 2349/2349/2349 2350/2350/2350 
f 2352/2352/2352 2347/2347/2347 2349/2349/2349 
f 2349/2349/2349 2351/2351/2351 2352/2352/2352 
f 2347/2347/2347 2352/2352/2352 2353/2353/2353 
f 2351/2351/2351 2354/2354/2354 2352/2352/2352 
f 2354/2354/2354 2351/2351/2351 2355/2355/2355 
f 2356/2356/2356 2357/2357/2357 2358/2358/2358 
f 2359/2359/2359 2357/2357/2357 2356/2356/2356 
f 2358/2358/2358 2360/2360/2360 2356/2356/2356 
f 2361/2361/2361 2359/2359/2359 2356/2356/2356 
f 2359/2359/2359 2361/2361/2361 2362/2362/2362 
f 2360/2360/2360 2363/2363/2363 2356/2356/2356 
f 2363/2363/2363 2361/2361/2361 2356/2356/2356 
f 2363/2363/2363 2360/2360/2360 2364/2364/2364 
f 2365/2365/2365 2363/2363/2363 2364/2364/2364 
f 2363/2363/2363 2365/2365/2365 2366/2366/2366 
f 2367/2367/2367 2361/2361/2361 2363/2363/2363 
f 2362/2362/2362 2361/2361/2361 2367/2367/2367 
f 2366/2366/2366 2367/2367/2367 2363/2363/2363 
f 2368/2368/2368 2362/2362/2362 2367/2367/2367 
f 2367/2367/2367 2369/2369/2369 2368/2368/2368 
f 2367/2367/2367 2366/2366/2366 2369/2369/2369 
f 2366/2366/2366 2370/2370/2370 2369/2369/2369 
f 2371/2371/2371 2372/2372/2372 2373/2373/2373 
f 2374/2374/2374 2372/2372/2372 2371/2371/2371 
f 2371/2371/2371 2375/2375/2375 2374/2374/2374 
f 2376/2376/2376 2371/2371/2371 2373/2373/2373 
f 2373/2373/2373 2377/2377/2377 2376/2376/2376 
f 2376/2376/2376 2377/2377/2377 2378/2378/2378 
f 2379/2379/2379 2376/2376/2376 2378/2378/2378 
f 2379/2379/2379 2380/2380/2380 2376/2376/2376 
f 2371/2371/2371 2376/2376/2376 2380/2380/2380 
f 2380/2380/2380 2379/2379/2379 2381/2381/2381 
f 2375/2375/2375 2371/2371/2371 2382/2382/2382 
f 2382/2382/2382 2371/2371/2371 2380/2380/2380 
f 2381/2381/2381 2382/2382/2382 2380/2380/2380 
f 2383/2383/2383 2382/2382/2382 2381/2381/2381 
f 2375/2375/2375 2382/2382/2382 2384/2384/2384 
f 2382/2382/2382 2385/2385/2385 2384/2384/2384 
f 2386/2386/2386 2387/2387/2387 2388/2388/2388 
f 2389/2389/2389 2386/2386/2386 2388/2388/2388 
f 2386/2386/2386 2389/2389/2389 2390/2390/2390 
f 2386/2386/2386 2391/2391/2391 2387/2387/2387 
f 2387/2387/2387 2391/2391/2391 2392/2392/2392 
f 2391/2391/2391 2393/2393/2393 2392/2392/2392 
f 2394/2394/2394 2393/2393/2393 2391/2391/2391 
f 2395/2395/2395 2394/2394/2394 2391/2391/2391 
f 2386/2386/2386 2395/2395/2395 2391/2391/2391 
f 2394/2394/2394 2395/2395/2395 2396/2396/2396 
f 2390/2390/2390 2397/2397/2397 2386/2386/2386 
f 2397/2397/2397 2395/2395/2395 2386/2386/2386 
f 2396/2396/2396 2395/2395/2395 2397/2397/2397 
f 2398/2398/2398 2396/2396/2396 2397/2397/2397 
f 2397/2397/2397 2390/2390/2390 2399/2399/2399 
f 2397/2397/2397 2399/2399/2399 2400/2400/2400 
f 2401/2401/2401 2402/2402/2402 2403/2403/2403 
f 2404/2404/2404 2403/2403/2403 2402/2402/2402 
f 2403/2403/2403 2404/2404/2404 2405/2405/2405 
f 2406/2406/2406 2407/2407/2407 2401/2401/2401 
f 2407/2407/2407 2406/2406/2406 2408/2408/2408 
f 2409/2409/2409 2410/2410/2410 2405/2405/2405 
f 2411/2411/2411 2410/2410/2410 2409/2409/2409 
f 2412/2412/2412 2408/2408/2408 2406/2406/2406 
f 2406/2406/2406 2413/2413/2413 2412/2412/2412 
f 2413/2413/2413 2406/2406/2406 2414/2414/2414 
f 2408/2408/2408 2412/2412/2412 2415/2415/2415 
f 2416/2416/2416 2414/2414/2414 2417/2417/2417 
f 2414/2414/2414 2416/2416/2416 2418/2418/2418 
f 2418/2418/2418 2413/2413/2413 2414/2414/2414 
f 2418/2418/2418 2416/2416/2416 2419/2419/2419 
f 2416/2416/2416 2420/2420/2420 2419/2419/2419 
f 2413/2413/2413 2418/2418/2418 2421/2421/2421 
f 2421/2421/2421 2418/2418/2418 2419/2419/2419 
f 2413/2413/2413 2421/2421/2421 2422/2422/2422 
f 2422/2422/2422 2421/2421/2421 2419/2419/2419 
f 2422/2422/2422 2423/2423/2423 2413/2413/2413 
f 2423/2423/2423 2412/2412/2412 2413/2413/2413 
f 2424/2424/2424 2422/2422/2422 2419/2419/2419 
f 2423/2423/2423 2422/2422/2422 2424/2424/2424 
f 2412/2412/2412 2423/2423/2423 2425/2425/2425 
f 2425/2425/2425 2415/2415/2415 2412/2412/2412 
f 2424/2424/2424 2426/2426/2426 2423/2423/2423 
f 2427/2427/2427 2423/2423/2423 2426/2426/2426 
f 2425/2425/2425 2423/2423/2423 2427/2427/2427 
f 2424/2424/2424 2428/2428/2428 2426/2426/2426 
f 2426/2426/2426 2429/2429/2429 2427/2427/2427 
f 2429/2429/2429 2426/2426/2426 2428/2428/2428 
f 2428/2428/2428 2424/2424/2424 2430/2430/2430 
f 2430/2430/2430 2424/2424/2424 2419/2419/2419 
f 2428/2428/2428 2431/2431/2431 2429/2429/2429 
f 2430/2430/2430 2432/2432/2432 2428/2428/2428 
f 2431/2431/2431 2428/2428/2428 2432/2432/2432 
f 2433/2433/2433 2430/2430/2430 2419/2419/2419 
f 2432/2432/2432 2430/2430/2430 2433/2433/2433 
f 2434/2434/2434 2433/2433/2433 2419/2419/2419 
f 2435/2435/2435 2433/2433/2433 2434/2434/2434 
f 2433/2433/2433 2435/2435/2435 2432/2432/2432 
f 2436/2436/2436 2432/2432/2432 2435/2435/2435 
f 2432/2432/2432 2436/2436/2436 2431/2431/2431 
f 2436/2436/2436 2437/2437/2437 2431/2431/2431 
f 2437/2437/2437 2436/2436/2436 2438/2438/2438 
f 2438/2438/2438 2439/2439/2439 2437/2437/2437 
f 2440/2440/2440 2431/2431/2431 2437/2437/2437 
f 2431/2431/2431 2440/2440/2440 2429/2429/2429 
f 2437/2437/2437 2439/2439/2439 2440/2440/2440 
f 2441/2441/2441 2429/2429/2429 2440/2440/2440 
f 2440/2440/2440 2439/2439/2439 2441/2441/2441 
f 2429/2429/2429 2441/2441/2441 2427/2427/2427 
f 2442/2442/2442 2427/2427/2427 2441/2441/2441 
f 2441/2441/2441 2439/2439/2439 2442/2442/2442 
f 2427/2427/2427 2442/2442/2442 2425/2425/2425 
f 2442/2442/2442 2439/2439/2439 2443/2443/2443 
f 2443/2443/2443 2439/2439/2439 2444/2444/2444 
f 2444/2444/2444 2439/2439/2439 2445/2445/2445 
f 2446/2446/2446 2442/2442/2442 2443/2443/2443 
f 2442/2442/2442 2446/2446/2446 2425/2425/2425 
f 2447/2447/2447 2444/2444/2444 2445/2445/2445 
f 2448/2448/2448 2443/2443/2443 2444/2444/2444 
f 2443/2443/2443 2448/2448/2448 2446/2446/2446 
f 2444/2444/2444 2447/2447/2447 2448/2448/2448 
f 2446/2446/2446 2449/2449/2449 2425/2425/2425 
f 2448/2448/2448 2450/2450/2450 2446/2446/2446 
f 2449/2449/2449 2446/2446/2446 2450/2450/2450 
f 2447/2447/2447 2451/2451/2451 2448/2448/2448 
f 2450/2450/2450 2448/2448/2448 2451/2451/2451 
f 2452/2452/2452 2447/2447/2447 2453/2453/2453 
f 2452/2452/2452 2454/2454/2454 2447/2447/2447 
f 2451/2451/2451 2447/2447/2447 2454/2454/2454 
f 2455/2455/2455 2454/2454/2454 2452/2452/2452 
f 2454/2454/2454 2455/2455/2455 2456/2456/2456 
f 2456/2456/2456 2455/2455/2455 2457/2457/2457 
f 2458/2458/2458 2454/2454/2454 2456/2456/2456 
f 2454/2454/2454 2458/2458/2458 2451/2451/2451 
f 2458/2458/2458 2456/2456/2456 2457/2457/2457 
f 2459/2459/2459 2451/2451/2451 2458/2458/2458 
f 2459/2459/2459 2458/2458/2458 2457/2457/2457 
f 2451/2451/2451 2459/2459/2459 2450/2450/2450 
f 2460/2460/2460 2459/2459/2459 2457/2457/2457 
f 2450/2450/2450 2459/2459/2459 2460/2460/2460 
f 2450/2450/2450 2460/2460/2460 2449/2449/2449 
f 2461/2461/2461 2460/2460/2460 2457/2457/2457 
f 2461/2461/2461 2449/2449/2449 2460/2460/2460 
f 2449/2449/2449 2461/2461/2461 2462/2462/2462 
f 2463/2463/2463 2462/2462/2462 2461/2461/2461 
f 2462/2462/2462 2463/2463/2463 2464/2464/2464 
f 2464/2464/2464 2465/2465/2465 2462/2462/2462 
f 2466/2466/2466 2449/2449/2449 2462/2462/2462 
f 2466/2466/2466 2462/2462/2462 2465/2465/2465 
f 2425/2425/2425 2449/2449/2449 2466/2466/2466 
f 2466/2466/2466 2415/2415/2415 2425/2425/2425 
f 2465/2465/2465 2467/2467/2467 2466/2466/2466 
f 2415/2415/2415 2466/2466/2466 2467/2467/2467 
f 2467/2467/2467 2465/2465/2465 2468/2468/2468 
f 2469/2469/2469 2468/2468/2468 2465/2465/2465 
f 2468/2468/2468 2469/2469/2469 2470/2470/2470 
f 2468/2468/2468 2471/2471/2471 2467/2467/2467 
f 2471/2471/2471 2415/2415/2415 2467/2467/2467 
f 2470/2470/2470 2472/2472/2472 2468/2468/2468 
f 2471/2471/2471 2468/2468/2468 2472/2472/2472 
f 2472/2472/2472 2470/2470/2470 2473/2473/2473 
f 2415/2415/2415 2471/2471/2471 2474/2474/2474 
f 2474/2474/2474 2408/2408/2408 2415/2415/2415 
f 2408/2408/2408 2474/2474/2474 2475/2475/2475 
f 2476/2476/2476 2475/2475/2475 2474/2474/2474 
f 2477/2477/2477 2474/2474/2474 2471/2471/2471 
f 2474/2474/2474 2477/2477/2477 2476/2476/2476 
f 2472/2472/2472 2477/2477/2477 2471/2471/2471 
f 2478/2478/2478 2476/2476/2476 2477/2477/2477 
f 2476/2476/2476 2478/2478/2478 2479/2479/2479 
f 2480/2480/2480 2479/2479/2479 2478/2478/2478 
f 2478/2478/2478 2481/2481/2481 2480/2480/2480 
f 2482/2482/2482 2480/2480/2480 2481/2481/2481 
f 2481/2481/2481 2483/2483/2483 2482/2482/2482 
f 2481/2481/2481 2478/2478/2478 2484/2484/2484 
f 2477/2477/2477 2484/2484/2484 2478/2478/2478 
f 2483/2483/2483 2481/2481/2481 2485/2485/2485 
f 2484/2484/2484 2485/2485/2485 2481/2481/2481 
f 2485/2485/2485 2486/2486/2486 2483/2483/2483 
f 2486/2486/2486 2485/2485/2485 2487/2487/2487 
f 2488/2488/2488 2487/2487/2487 2489/2489/2489 
f 2490/2490/2490 2487/2487/2487 2485/2485/2485 
f 2485/2485/2485 2484/2484/2484 2490/2490/2490 
f 2487/2487/2487 2490/2490/2490 2491/2491/2491 
f 2484/2484/2484 2477/2477/2477 2492/2492/2492 
f 2492/2492/2492 2490/2490/2490 2484/2484/2484 
f 2477/2477/2477 2472/2472/2472 2492/2492/2492 
f 2493/2493/2493 2491/2491/2491 2490/2490/2490 
f 2490/2490/2490 2492/2492/2492 2493/2493/2493 
f 2472/2472/2472 2493/2493/2493 2492/2492/2492 
f 2491/2491/2491 2493/2493/2493 2494/2494/2494 
f 2493/2493/2493 2472/2472/2472 2473/2473/2473 
f 2473/2473/2473 2494/2494/2494 2493/2493/2493 
f 2494/2494/2494 2473/2473/2473 2495/2495/2495 
f 2496/2496/2496 2497/2497/2497 2498/2498/2498 
f 2498/2498/2498 2499/2499/2499 2496/2496/2496 
f 2499/2499/2499 2498/2498/2498 2500/2500/2500 
f 2501/2501/2501 2499/2499/2499 2500/2500/2500 
f 2500/2500/2500 2502/2502/2502 2501/2501/2501 
f 2499/2499/2499 2501/2501/2501 2503/2503/2503 
f 2504/2504/2504 2501/2501/2501 2502/2502/2502 
f 2502/2502/2502 2505/2505/2505 2504/2504/2504 
f 2506/2506/2506 2503/2503/2503 2501/2501/2501 
f 2501/2501/2501 2504/2504/2504 2506/2506/2506 
f 2503/2503/2503 2506/2506/2506 2507/2507/2507 
f 2508/2508/2508 2507/2507/2507 2506/2506/2506 
f 2507/2507/2507 2508/2508/2508 2509/2509/2509 
f 2510/2510/2510 2506/2506/2506 2504/2504/2504 
f 2506/2506/2506 2510/2510/2510 2508/2508/2508 
f 2505/2505/2505 2510/2510/2510 2504/2504/2504 
f 2510/2510/2510 2511/2511/2511 2508/2508/2508 
f 2505/2505/2505 2512/2512/2512 2510/2510/2510 
f 2505/2505/2505 2513/2513/2513 2512/2512/2512 
f 2511/2511/2511 2510/2510/2510 2514/2514/2514 
f 2512/2512/2512 2514/2514/2514 2510/2510/2510 
f 2512/2512/2512 2513/2513/2513 2515/2515/2515 
f 2513/2513/2513 2516/2516/2516 2515/2515/2515 
f 2514/2514/2514 2512/2512/2512 2517/2517/2517 
f 2516/2516/2516 2518/2518/2518 2515/2515/2515 
f 2518/2518/2518 2516/2516/2516 2519/2519/2519 
f 2515/2515/2515 2520/2520/2520 2512/2512/2512 
f 2520/2520/2520 2515/2515/2515 2518/2518/2518 
f 2517/2517/2517 2512/2512/2512 2520/2520/2520 
f 2519/2519/2519 2521/2521/2521 2518/2518/2518 
f 2521/2521/2521 2519/2519/2519 2522/2522/2522 
f 2523/2523/2523 2521/2521/2521 2522/2522/2522 
f 2524/2524/2524 2518/2518/2518 2521/2521/2521 
f 2518/2518/2518 2524/2524/2524 2520/2520/2520 
f 2521/2521/2521 2523/2523/2523 2525/2525/2525 
f 2525/2525/2525 2524/2524/2524 2521/2521/2521 
f 2525/2525/2525 2523/2523/2523 2526/2526/2526 
f 2527/2527/2527 2520/2520/2520 2524/2524/2524 
f 2520/2520/2520 2527/2527/2527 2517/2517/2517 
f 2524/2524/2524 2525/2525/2525 2528/2528/2528 
f 2528/2528/2528 2525/2525/2525 2526/2526/2526 
f 2528/2528/2528 2527/2527/2527 2524/2524/2524 
f 2529/2529/2529 2528/2528/2528 2526/2526/2526 
f 2527/2527/2527 2528/2528/2528 2529/2529/2529 
f 2530/2530/2530 2529/2529/2529 2526/2526/2526 
f 2531/2531/2531 2530/2530/2530 2526/2526/2526 
f 2532/2532/2532 2530/2530/2530 2531/2531/2531 
f 2533/2533/2533 2529/2529/2529 2530/2530/2530 
f 2530/2530/2530 2532/2532/2532 2533/2533/2533 
f 2529/2529/2529 2533/2533/2533 2527/2527/2527 
f 2532/2532/2532 2534/2534/2534 2533/2533/2533 
f 2533/2533/2533 2535/2535/2535 2527/2527/2527 
f 2535/2535/2535 2533/2533/2533 2534/2534/2534 
f 2517/2517/2517 2527/2527/2527 2535/2535/2535 
f 2534/2534/2534 2536/2536/2536 2535/2535/2535 
f 2535/2535/2535 2537/2537/2537 2517/2517/2517 
f 2537/2537/2537 2535/2535/2535 2536/2536/2536 
f 2536/2536/2536 2534/2534/2534 2538/2538/2538 
f 2539/2539/2539 2538/2538/2538 2534/2534/2534 
f 2536/2536/2536 2540/2540/2540 2537/2537/2537 
f 2538/2538/2538 2540/2540/2540 2536/2536/2536 
f 2538/2538/2538 2539/2539/2539 2541/2541/2541 
f 2541/2541/2541 2540/2540/2540 2538/2538/2538 
f 2542/2542/2542 2541/2541/2541 2539/2539/2539 
f 2541/2541/2541 2542/2542/2542 2543/2543/2543 
f 2543/2543/2543 2540/2540/2540 2541/2541/2541 
f 2537/2537/2537 2540/2540/2540 2544/2544/2544 
f 2544/2544/2544 2540/2540/2540 2545/2545/2545 
f 2544/2544/2544 2545/2545/2545 2546/2546/2546 
f 2544/2544/2544 2547/2547/2547 2537/2537/2537 
f 2547/2547/2547 2544/2544/2544 2546/2546/2546 
f 2517/2517/2517 2537/2537/2537 2547/2547/2547 
f 2546/2546/2546 2548/2548/2548 2547/2547/2547 
f 2548/2548/2548 2546/2546/2546 2549/2549/2549 
f 2550/2550/2550 2547/2547/2547 2548/2548/2548 
f 2547/2547/2547 2550/2550/2550 2517/2517/2517 
f 2517/2517/2517 2550/2550/2550 2514/2514/2514 
f 2514/2514/2514 2550/2550/2550 2551/2551/2551 
f 2514/2514/2514 2551/2551/2551 2511/2511/2511 
f 2549/2549/2549 2552/2552/2552 2553/2553/2553 
f 2550/2550/2550 2553/2553/2553 2554/2554/2554 
f 2553/2553/2553 2552/2552/2552 2555/2555/2555 
f 2554/2554/2554 2553/2553/2553 2555/2555/2555 
f 2551/2551/2551 2554/2554/2554 2556/2556/2556 
f 2556/2556/2556 2554/2554/2554 2555/2555/2555 
f 2557/2557/2557 2551/2551/2551 2556/2556/2556 
f 2557/2557/2557 2556/2556/2556 2555/2555/2555 
f 2558/2558/2558 2511/2511/2511 2551/2551/2551 
f 2551/2551/2551 2557/2557/2557 2558/2558/2558 
f 2558/2558/2558 2559/2559/2559 2511/2511/2511 
f 2560/2560/2560 2557/2557/2557 2555/2555/2555 
f 2558/2558/2558 2557/2557/2557 2560/2560/2560 
f 2561/2561/2561 2560/2560/2560 2555/2555/2555 
f 2558/2558/2558 2560/2560/2560 2562/2562/2562 
f 2562/2562/2562 2560/2560/2560 2561/2561/2561 
f 2559/2559/2559 2558/2558/2558 2562/2562/2562 
f 2563/2563/2563 2559/2559/2559 2562/2562/2562 
f 2562/2562/2562 2561/2561/2561 2563/2563/2563 
f 2559/2559/2559 2563/2563/2563 2564/2564/2564 
f 2565/2565/2565 2564/2564/2564 2563/2563/2563 
f 2561/2561/2561 2566/2566/2566 2563/2563/2563 
f 2565/2565/2565 2563/2563/2563 2566/2566/2566 
f 2566/2566/2566 2561/2561/2561 2567/2567/2567 
f 2568/2568/2568 2565/2565/2565 2566/2566/2566 
f 2565/2565/2565 2568/2568/2568 2569/2569/2569 
f 2570/2570/2570 1983/1983/1983 1986/1986/1986 
f 1983/1983/1983 2570/2570/2570 1791/1791/1791 
f 1986/1986/1986 2571/2571/2571 2570/2570/2570 
f 2571/2571/2571 1986/1986/1986 1972/1972/1972 
f 1972/1972/1972 1973/1973/1973 2571/2571/2571 
f 1973/1973/1973 2572/2572/2572 2571/2571/2571 
f 2572/2572/2572 1973/1973/1973 2573/2573/2573 
f 2574/2574/2574 2572/2572/2572 2573/2573/2573 
f 2575/2575/2575 2571/2571/2571 2572/2572/2572 
f 2571/2571/2571 2575/2575/2575 2570/2570/2570 
f 2572/2572/2572 2574/2574/2574 2576/2576/2576 
f 2576/2576/2576 2575/2575/2575 2572/2572/2572 
f 2576/2576/2576 2574/2574/2574 2577/2577/2577 
f 2578/2578/2578 2570/2570/2570 2575/2575/2575 
f 2575/2575/2575 2576/2576/2576 2579/2579/2579 
f 2579/2579/2579 2578/2578/2578 2575/2575/2575 
f 2579/2579/2579 2576/2576/2576 2577/2577/2577 
f 2570/2570/2570 2578/2578/2578 1791/1791/1791 
f 2578/2578/2578 2579/2579/2579 2580/2580/2580 
f 2580/2580/2580 2579/2579/2579 2577/2577/2577 
f 1791/1791/1791 2578/2578/2578 1789/1789/1789 
f 2580/2580/2580 2581/2581/2581 2578/2578/2578 
f 2581/2581/2581 1789/1789/1789 2578/2578/2578 
f 2582/2582/2582 2580/2580/2580 2577/2577/2577 
f 2581/2581/2581 2580/2580/2580 2582/2582/2582 
f 2583/2583/2583 2582/2582/2582 2577/2577/2577 
f 2584/2584/2584 2583/2583/2583 2577/2577/2577 
f 2585/2585/2585 2584/2584/2584 2577/2577/2577 
f 2586/2586/2586 2582/2582/2582 2583/2583/2583 
f 2582/2582/2582 2586/2586/2586 2581/2581/2581 
f 2587/2587/2587 2583/2583/2583 2584/2584/2584 
f 2585/2585/2585 2587/2587/2587 2584/2584/2584 
f 2583/2583/2583 2587/2587/2587 2586/2586/2586 
f 2585/2585/2585 2588/2588/2588 2587/2587/2587 
f 2588/2588/2588 2589/2589/2589 2587/2587/2587 
f 2589/2589/2589 2586/2586/2586 2587/2587/2587 
f 2589/2589/2589 2588/2588/2588 2590/2590/2590 
f 2586/2586/2586 2591/2591/2591 2581/2581/2581 
f 2591/2591/2591 2586/2586/2586 2589/2589/2589 
f 1789/1789/1789 2581/2581/2581 2591/2591/2591 
f 2590/2590/2590 2592/2592/2592 2589/2589/2589 
f 2592/2592/2592 2590/2590/2590 2593/2593/2593 
f 2589/2589/2589 2594/2594/2594 2591/2591/2591 
f 2594/2594/2594 2589/2589/2589 2592/2592/2592 
f 2593/2593/2593 1796/1796/1796 2592/2592/2592 
f 2592/2592/2592 1796/1796/1796 2594/2594/2594 
f 2595/2595/2595 2591/2591/2591 2594/2594/2594 
f 2591/2591/2591 2595/2595/2595 1789/1789/1789 
f 2594/2594/2594 1796/1796/1796 2595/2595/2595 
f 1790/1790/1790 1789/1789/1789 2595/2595/2595 
f 2595/2595/2595 1796/1796/1796 1790/1790/1790 
f 2596/2596/2596 2597/2597/2597 2598/2598/2598 
f 2599/2599/2599 2600/2600/2600 2597/2597/2597 
f 2601/2601/2601 2602/2602/2602 2600/2600/2600 
f 2603/2603/2603 2604/2604/2604 2605/2605/2605 
f 2606/2606/2606 2607/2607/2607 2603/2603/2603 
f 2608/2608/2608 2606/2606/2606 2609/2609/2609 
f 1606/1606/1606 1619/1619/1619 2610/2610/2610 
f 2610/2610/2610 1593/1593/1593 1606/1606/1606 
f 1618/1618/1618 2611/2611/2611 1619/1619/1619 
f 2611/2611/2611 2610/2610/2610 1619/1619/1619 
f 1616/1616/1616 2612/2612/2612 1618/1618/1618 
f 2611/2611/2611 1618/1618/1618 2612/2612/2612 
f 2612/2612/2612 1616/1616/1616 2613/2613/2613 
f 1614/1614/1614 2613/2613/2613 1616/1616/1616 
f 2610/2610/2610 2614/2614/2614 1593/1593/1593 
f 2614/2614/2614 1580/1580/1580 1593/1593/1593 
f 2610/2610/2610 2611/2611/2611 2615/2615/2615 
f 2615/2615/2615 2614/2614/2614 2610/2610/2610 
f 1580/1580/1580 2614/2614/2614 2616/2616/2616 
f 2616/2616/2616 1577/1577/1577 1580/1580/1580 
f 2617/2617/2617 2614/2614/2614 2615/2615/2615 
f 2614/2614/2614 2617/2617/2617 2616/2616/2616 
f 1577/1577/1577 2616/2616/2616 2618/2618/2618 
f 2618/2618/2618 2619/2619/2619 1577/1577/1577 
f 2618/2618/2618 2620/2620/2620 2619/2619/2619 
f 2618/2618/2618 2616/2616/2616 2621/2621/2621 
f 2617/2617/2617 2621/2621/2621 2616/2616/2616 
f 2620/2620/2620 2618/2618/2618 2622/2622/2622 
f 2618/2618/2618 2621/2621/2621 2622/2622/2622 
f 2622/2622/2622 2623/2623/2623 2620/2620/2620 
f 2617/2617/2617 2624/2624/2624 2621/2621/2621 
f 2622/2622/2622 2621/2621/2621 2624/2624/2624 
f 2623/2623/2623 2622/2622/2622 2625/2625/2625 
f 2622/2622/2622 2624/2624/2624 2625/2625/2625 
f 2625/2625/2625 2626/2626/2626 2623/2623/2623 
f 2626/2626/2626 2625/2625/2625 2627/2627/2627 
f 2624/2624/2624 2627/2627/2627 2625/2625/2625 
f 2627/2627/2627 2628/2628/2628 2626/2626/2626 
f 2624/2624/2624 2617/2617/2617 2629/2629/2629 
f 2615/2615/2615 2629/2629/2629 2617/2617/2617 
f 2627/2627/2627 2624/2624/2624 2630/2630/2630 
f 2629/2629/2629 2630/2630/2630 2624/2624/2624 
f 2628/2628/2628 2627/2627/2627 2631/2631/2631 
f 2630/2630/2630 2631/2631/2631 2627/2627/2627 
f 2631/2631/2631 2632/2632/2632 2628/2628/2628 
f 2632/2632/2632 2631/2631/2631 1920/1920/1920 
f 2631/2631/2631 2630/2630/2630 1919/1919/1919 
f 1919/1919/1919 1920/1920/1920 2631/2631/2631 
f 2630/2630/2630 2629/2629/2629 2633/2633/2633 
f 2633/2633/2633 1919/1919/1919 2630/2630/2630 
f 2629/2629/2629 2615/2615/2615 2634/2634/2634 
f 2634/2634/2634 2633/2633/2633 2629/2629/2629 
f 2611/2611/2611 2634/2634/2634 2615/2615/2615 
f 2634/2634/2634 2611/2611/2611 2635/2635/2635 
f 2612/2612/2612 2635/2635/2635 2611/2611/2611 
f 2633/2633/2633 2634/2634/2634 2636/2636/2636 
f 2635/2635/2635 2636/2636/2636 2634/2634/2634 
f 2635/2635/2635 2612/2612/2612 2637/2637/2637 
f 2636/2636/2636 2638/2638/2638 2633/2633/2633 
f 1919/1919/1919 2633/2633/2633 2638/2638/2638 
f 2636/2636/2636 2635/2635/2635 2639/2639/2639 
f 2637/2637/2637 2639/2639/2639 2635/2635/2635 
f 2613/2613/2613 2637/2637/2637 2612/2612/2612 
f 2639/2639/2639 1910/1910/1910 2636/2636/2636 
f 2638/2638/2638 2636/2636/2636 1910/1910/1910 
f 2638/2638/2638 1911/1911/1911 1919/1919/1919 
f 1910/1910/1910 1911/1911/1911 2638/2638/2638 
f 2637/2637/2637 2613/2613/2613 2640/2640/2640 
f 1910/1910/1910 2639/2639/2639 1905/1905/1905 
f 2639/2639/2639 2637/2637/2637 1906/1906/1906 
f 1906/1906/1906 1905/1905/1905 2639/2639/2639 
f 2637/2637/2637 1908/1908/1908 1906/1906/1906 
f 1908/1908/1908 2637/2637/2637 2640/2640/2640 
f 2641/2641/2641 2642/2642/2642 2643/2643/2643 
f 2643/2643/2643 2644/2644/2644 2641/2641/2641 
f 2642/2642/2642 2641/2641/2641 2645/2645/2645 
f 2645/2645/2645 2646/2646/2646 2642/2642/2642 
f 2646/2646/2646 2645/2645/2645 2647/2647/2647 
f 2648/2648/2648 2643/2643/2643 2642/2642/2642 
f 2649/2649/2649 2642/2642/2642 2646/2646/2646 
f 2642/2642/2642 2649/2649/2649 2648/2648/2648 
f 2650/2650/2650 2646/2646/2646 2647/2647/2647 
f 2647/2647/2647 2651/2651/2651 2650/2650/2650 
f 2652/2652/2652 2650/2650/2650 2651/2651/2651 
f 2643/2643/2643 2648/2648/2648 2653/2653/2653 
f 2653/2653/2653 2654/2654/2654 2643/2643/2643 
f 2655/2655/2655 2654/2654/2654 2653/2653/2653 
f 2654/2654/2654 2655/2655/2655 2656/2656/2656 
f 2656/2656/2656 2655/2655/2655 2657/2657/2657 
f 2653/2653/2653 2658/2658/2658 2655/2655/2655 
f 2658/2658/2658 2653/2653/2653 2648/2648/2648 
f 2659/2659/2659 2657/2657/2657 2655/2655/2655 
f 2657/2657/2657 2659/2659/2659 2660/2660/2660 
f 2661/2661/2661 2655/2655/2655 2658/2658/2658 
f 2655/2655/2655 2661/2661/2661 2659/2659/2659 
f 2648/2648/2648 2662/2662/2662 2658/2658/2658 
f 2662/2662/2662 2661/2661/2661 2658/2658/2658 
f 2662/2662/2662 2648/2648/2648 2649/2649/2649 
f 1862/1862/1862 2660/2660/2660 2659/2659/2659 
f 2660/2660/2660 1862/1862/1862 1863/1863/1863 
f 2663/2663/2663 2659/2659/2659 2661/2661/2661 
f 2659/2659/2659 2663/2663/2663 1862/1862/1862 
f 2661/2661/2661 2662/2662/2662 2664/2664/2664 
f 2664/2664/2664 2663/2663/2663 2661/2661/2661 
f 2649/2649/2649 2665/2665/2665 2662/2662/2662 
f 2665/2665/2665 2664/2664/2664 2662/2662/2662 
f 1854/1854/1854 1862/1862/1862 2663/2663/2663 
f 2649/2649/2649 2666/2666/2666 2665/2665/2665 
f 2646/2646/2646 2666/2666/2666 2649/2649/2649 
f 2663/2663/2663 2664/2664/2664 2482/2482/2482 
f 2482/2482/2482 2483/2483/2483 2663/2663/2663 
f 2664/2664/2664 2665/2665/2665 2480/2480/2480 
f 2480/2480/2480 2482/2482/2482 2664/2664/2664 
f 2479/2479/2479 2665/2665/2665 2666/2666/2666 
f 2479/2479/2479 2480/2480/2480 2665/2665/2665 
f 2646/2646/2646 2667/2667/2667 2666/2666/2666 
f 2646/2646/2646 2650/2650/2650 2667/2667/2667 
f 2668/2668/2668 2666/2666/2666 2667/2667/2667 
f 2668/2668/2668 2479/2479/2479 2666/2666/2666 
f 2669/2669/2669 2667/2667/2667 2650/2650/2650 
f 2650/2650/2650 2652/2652/2652 2669/2669/2669 
f 2667/2667/2667 2670/2670/2670 2668/2668/2668 
f 2667/2667/2667 2669/2669/2669 2670/2670/2670 
f 2671/2671/2671 2479/2479/2479 2668/2668/2668 
f 2671/2671/2671 2668/2668/2668 2670/2670/2670 
f 2669/2669/2669 2672/2672/2672 2670/2670/2670 
f 2671/2671/2671 2670/2670/2670 2672/2672/2672 
f 2652/2652/2652 2673/2673/2673 2669/2669/2669 
f 2672/2672/2672 2669/2669/2669 2673/2673/2673 
f 2673/2673/2673 2652/2652/2652 2674/2674/2674 
f 2652/2652/2652 2675/2675/2675 2674/2674/2674 
f 2676/2676/2676 2674/2674/2674 2675/2675/2675 
f 2674/2674/2674 2676/2676/2676 2677/2677/2677 
f 2404/2404/2404 2677/2677/2677 2676/2676/2676 
f 2674/2674/2674 2678/2678/2678 2673/2673/2673 
f 2678/2678/2678 2674/2674/2674 2677/2677/2677 
f 2673/2673/2673 2679/2679/2679 2672/2672/2672 
f 2673/2673/2673 2678/2678/2678 2679/2679/2679 
f 2475/2475/2475 2672/2672/2672 2679/2679/2679 
f 2475/2475/2475 2671/2671/2671 2672/2672/2672 
f 2679/2679/2679 2408/2408/2408 2475/2475/2475 
f 2475/2475/2475 2476/2476/2476 2671/2671/2671 
f 2479/2479/2479 2671/2671/2671 2476/2476/2476 
f 2678/2678/2678 2407/2407/2407 2679/2679/2679 
f 2408/2408/2408 2679/2679/2679 2407/2407/2407 
f 2407/2407/2407 2678/2678/2678 2680/2680/2680 
f 2677/2677/2677 2680/2680/2680 2678/2678/2678 
f 2680/2680/2680 2401/2401/2401 2407/2407/2407 
f 2677/2677/2677 2402/2402/2402 2680/2680/2680 
f 2402/2402/2402 2401/2401/2401 2680/2680/2680 
f 2677/2677/2677 2404/2404/2404 2402/2402/2402 
f 2681/2681/2681 2682/2682/2682 2683/2683/2683 
f 2682/2682/2682 2684/2684/2684 2683/2683/2683 
f 2685/2685/2685 2683/2683/2683 2684/2684/2684 
f 2681/2681/2681 2683/2683/2683 2686/2686/2686 
f 2687/2687/2687 2681/2681/2681 2686/2686/2686 
f 2683/2683/2683 2685/2685/2685 2688/2688/2688 
f 2686/2686/2686 2497/2497/2497 2687/2687/2687 
f 2683/2683/2683 2689/2689/2689 2686/2686/2686 
f 2689/2689/2689 2683/2683/2683 2688/2688/2688 
f 2497/2497/2497 2686/2686/2686 2689/2689/2689 
f 2497/2497/2497 2496/2496/2496 2687/2687/2687 
f 2688/2688/2688 2685/2685/2685 2690/2690/2690 
f 2691/2691/2691 2690/2690/2690 2685/2685/2685 
f 2688/2688/2688 2692/2692/2692 2689/2689/2689 
f 2692/2692/2692 2688/2688/2688 2690/2690/2690 
f 2690/2690/2690 2691/2691/2691 2693/2693/2693 
f 2694/2694/2694 2693/2693/2693 2691/2691/2691 
f 2690/2690/2690 2695/2695/2695 2692/2692/2692 
f 2695/2695/2695 2690/2690/2690 2693/2693/2693 
f 2696/2696/2696 2689/2689/2689 2692/2692/2692 
f 2697/2697/2697 2692/2692/2692 2695/2695/2695 
f 2692/2692/2692 2697/2697/2697 2696/2696/2696 
f 2693/2693/2693 2698/2698/2698 2695/2695/2695 
f 2695/2695/2695 2699/2699/2699 2697/2697/2697 
f 2699/2699/2699 2695/2695/2695 2698/2698/2698 
f 2700/2700/2700 2699/2699/2699 2698/2698/2698 
f 2701/2701/2701 2699/2699/2699 2700/2700/2700 
f 2698/2698/2698 2693/2693/2693 2702/2702/2702 
f 2693/2693/2693 2703/2703/2703 2702/2702/2702 
f 2702/2702/2702 2704/2704/2704 2698/2698/2698 
f 2704/2704/2704 2702/2702/2702 2705/2705/2705 
f 2702/2702/2702 2706/2706/2706 2705/2705/2705 
f 2699/2699/2699 2701/2701/2701 2707/2707/2707 
f 2707/2707/2707 2697/2697/2697 2699/2699/2699 
f 2701/2701/2701 2708/2708/2708 2707/2707/2707 
f 2697/2697/2697 2707/2707/2707 2709/2709/2709 
f 2708/2708/2708 2709/2709/2709 2707/2707/2707 
f 2708/2708/2708 2701/2701/2701 2710/2710/2710 
f 2709/2709/2709 2696/2696/2696 2697/2697/2697 
f 2710/2710/2710 2711/2711/2711 2708/2708/2708 
f 2711/2711/2711 2710/2710/2710 2712/2712/2712 
f 2709/2709/2709 2708/2708/2708 2713/2713/2713 
f 2711/2711/2711 2713/2713/2713 2708/2708/2708 
f 2714/2714/2714 2711/2711/2711 2712/2712/2712 
f 2713/2713/2713 2715/2715/2715 2709/2709/2709 
f 2696/2696/2696 2709/2709/2709 2715/2715/2715 
f 2713/2713/2713 2711/2711/2711 2716/2716/2716 
f 2711/2711/2711 2714/2714/2714 2717/2717/2717 
f 2717/2717/2717 2716/2716/2716 2711/2711/2711 
f 2718/2718/2718 2717/2717/2717 2714/2714/2714 
f 2717/2717/2717 2718/2718/2718 2516/2516/2516 
f 2718/2718/2718 2519/2519/2519 2516/2516/2516 
f 2516/2516/2516 2513/2513/2513 2717/2717/2717 
f 2716/2716/2716 2717/2717/2717 2513/2513/2513 
f 2716/2716/2716 2719/2719/2719 2713/2713/2713 
f 2715/2715/2715 2713/2713/2713 2719/2719/2719 
f 2719/2719/2719 2716/2716/2716 2720/2720/2720 
f 2505/2505/2505 2716/2716/2716 2513/2513/2513 
f 2716/2716/2716 2505/2505/2505 2720/2720/2720 
f 2502/2502/2502 2719/2719/2719 2720/2720/2720 
f 2505/2505/2505 2502/2502/2502 2720/2720/2720 
f 2721/2721/2721 2715/2715/2715 2719/2719/2719 
f 2719/2719/2719 2502/2502/2502 2721/2721/2721 
f 2715/2715/2715 2721/2721/2721 2722/2722/2722 
f 2502/2502/2502 2500/2500/2500 2721/2721/2721 
f 2722/2722/2722 2721/2721/2721 2500/2500/2500 
f 2723/2723/2723 2715/2715/2715 2722/2722/2722 
f 2715/2715/2715 2723/2723/2723 2696/2696/2696 
f 2689/2689/2689 2696/2696/2696 2723/2723/2723 
f 2723/2723/2723 2497/2497/2497 2689/2689/2689 
f 2723/2723/2723 2722/2722/2722 2498/2498/2498 
f 2498/2498/2498 2497/2497/2497 2723/2723/2723 
f 2500/2500/2500 2498/2498/2498 2722/2722/2722 
f 2724/2724/2724 1574/1574/1574 1575/1575/1575 
f 1565/1565/1565 2725/2725/2725 1576/1576/1576 
f 2725/2725/2725 1565/1565/1565 1556/1556/1556 
f 2726/2726/2726 1575/1575/1575 1576/1576/1576 
f 1575/1575/1575 2726/2726/2726 2724/2724/2724 
f 2727/2727/2727 1576/1576/1576 2725/2725/2725 
f 1576/1576/1576 2727/2727/2727 2726/2726/2726 
f 2728/2728/2728 2725/2725/2725 1556/1556/1556 
f 2727/2727/2727 2725/2725/2725 2728/2728/2728 
f 1556/1556/1556 1551/1551/1551 2728/2728/2728 
f 2729/2729/2729 2728/2728/2728 1551/1551/1551 
f 2729/2729/2729 1551/1551/1551 1538/1538/1538 
f 2730/2730/2730 2727/2727/2727 2728/2728/2728 
f 2730/2730/2730 2728/2728/2728 2729/2729/2729 
f 2731/2731/2731 2726/2726/2726 2727/2727/2727 
f 2732/2732/2732 2727/2727/2727 2730/2730/2730 
f 2727/2727/2727 2732/2732/2732 2731/2731/2731 
f 2726/2726/2726 2731/2731/2731 2733/2733/2733 
f 2733/2733/2733 2724/2724/2724 2726/2726/2726 
f 2734/2734/2734 2729/2729/2729 1538/1538/1538 
f 1538/1538/1538 1536/1536/1536 2734/2734/2734 
f 2730/2730/2730 2729/2729/2729 2735/2735/2735 
f 2729/2729/2729 2734/2734/2734 2735/2735/2735 
f 2736/2736/2736 2730/2730/2730 2735/2735/2735 
f 2730/2730/2730 2736/2736/2736 2732/2732/2732 
f 2735/2735/2735 2734/2734/2734 2737/2737/2737 
f 2738/2738/2738 2734/2734/2734 1536/1536/1536 
f 2738/2738/2738 2737/2737/2737 2734/2734/2734 
f 2739/2739/2739 2738/2738/2738 1536/1536/1536 
f 2738/2738/2738 2739/2739/2739 2740/2740/2740 
f 2741/2741/2741 2735/2735/2735 2737/2737/2737 
f 2735/2735/2735 2741/2741/2741 2736/2736/2736 
f 2737/2737/2737 2738/2738/2738 2742/2742/2742 
f 2738/2738/2738 2740/2740/2740 2742/2742/2742 
f 2742/2742/2742 2741/2741/2741 2737/2737/2737 
f 2742/2742/2742 2740/2740/2740 2743/2743/2743 
f 2742/2742/2742 2743/2743/2743 2744/2744/2744 
f 2741/2741/2741 2742/2742/2742 2744/2744/2744 
f 2744/2744/2744 2743/2743/2743 2745/2745/2745 
f 2744/2744/2744 2745/2745/2745 2746/2746/2746 
f 2746/2746/2746 2741/2741/2741 2744/2744/2744 
f 2746/2746/2746 2745/2745/2745 2747/2747/2747 
f 2741/2741/2741 2746/2746/2746 2748/2748/2748 
f 2748/2748/2748 2736/2736/2736 2741/2741/2741 
f 2746/2746/2746 2747/2747/2747 2749/2749/2749 
f 2749/2749/2749 2748/2748/2748 2746/2746/2746 
f 2749/2749/2749 2747/2747/2747 2750/2750/2750 
f 2749/2749/2749 2750/2750/2750 2751/2751/2751 
f 2748/2748/2748 2749/2749/2749 2752/2752/2752 
f 2751/2751/2751 2752/2752/2752 2749/2749/2749 
f 2736/2736/2736 2748/2748/2748 2753/2753/2753 
f 2752/2752/2752 2753/2753/2753 2748/2748/2748 
f 2753/2753/2753 2732/2732/2732 2736/2736/2736 
f 2732/2732/2732 2753/2753/2753 2754/2754/2754 
f 2754/2754/2754 2731/2731/2731 2732/2732/2732 
f 2753/2753/2753 2752/2752/2752 2755/2755/2755 
f 2755/2755/2755 2754/2754/2754 2753/2753/2753 
f 2752/2752/2752 2751/2751/2751 2756/2756/2756 
f 2752/2752/2752 2757/2757/2757 2755/2755/2755 
f 2757/2757/2757 2752/2752/2752 2756/2756/2756 
f 2758/2758/2758 2756/2756/2756 2751/2751/2751 
f 2751/2751/2751 2759/2759/2759 2758/2758/2758 
f 2756/2756/2756 2758/2758/2758 2760/2760/2760 
f 2760/2760/2760 2757/2757/2757 2756/2756/2756 
f 2759/2759/2759 2761/2761/2761 2758/2758/2758 
f 2757/2757/2757 2760/2760/2760 2762/2762/2762 
f 2761/2761/2761 2763/2763/2763 2758/2758/2758 
f 2757/2757/2757 2762/2762/2762 2764/2764/2764 
f 2763/2763/2763 2761/2761/2761 2215/2215/2215 
f 2215/2215/2215 2765/2765/2765 2763/2763/2763 
f 2216/2216/2216 2215/2215/2215 2761/2761/2761 
f 2766/2766/2766 2216/2216/2216 2761/2761/2761 
f 2765/2765/2765 2215/2215/2215 2212/2212/2212 
f 2757/2757/2757 2764/2764/2764 2767/2767/2767 
f 2767/2767/2767 2764/2764/2764 2768/2768/2768 
f 2769/2769/2769 2757/2757/2757 2767/2767/2767 
f 2757/2757/2757 2769/2769/2769 2755/2755/2755 
f 2754/2754/2754 2755/2755/2755 2769/2769/2769 
f 2765/2765/2765 2212/2212/2212 2208/2208/2208 
f 2765/2765/2765 2208/2208/2208 2207/2207/2207 
f 2769/2769/2769 2770/2770/2770 2754/2754/2754 
f 2731/2731/2731 2754/2754/2754 2770/2770/2770 
f 2770/2770/2770 2733/2733/2733 2731/2731/2731 
f 2770/2770/2770 2769/2769/2769 2771/2771/2771 
f 2767/2767/2767 2771/2771/2771 2769/2769/2769 
f 2733/2733/2733 2770/2770/2770 2772/2772/2772 
f 2771/2771/2771 2772/2772/2772 2770/2770/2770 
f 2771/2771/2771 2767/2767/2767 2773/2773/2773 
f 2767/2767/2767 2768/2768/2768 2773/2773/2773 
f 2773/2773/2773 2768/2768/2768 2774/2774/2774 
f 2773/2773/2773 2775/2775/2775 2771/2771/2771 
f 2772/2772/2772 2771/2771/2771 2775/2775/2775 
f 2773/2773/2773 2774/2774/2774 2776/2776/2776 
f 2775/2775/2775 2773/2773/2773 2776/2776/2776 
f 2775/2775/2775 2777/2777/2777 2772/2772/2772 
f 2733/2733/2733 2772/2772/2772 2777/2777/2777 
f 2776/2776/2776 2778/2778/2778 2775/2775/2775 
f 2777/2777/2777 2775/2775/2775 2778/2778/2778 
f 2774/2774/2774 2779/2779/2779 2776/2776/2776 
f 2778/2778/2778 2776/2776/2776 2779/2779/2779 
f 2779/2779/2779 2774/2774/2774 2780/2780/2780 
f 2778/2778/2778 2781/2781/2781 2777/2777/2777 
f 2779/2779/2779 2781/2781/2781 2778/2778/2778 
f 2733/2733/2733 2777/2777/2777 2782/2782/2782 
f 2780/2780/2780 2783/2783/2783 2779/2779/2779 
f 2781/2781/2781 2779/2779/2779 2783/2783/2783 
f 2783/2783/2783 2780/2780/2780 2784/2784/2784 
f 2724/2724/2724 2733/2733/2733 2782/2782/2782 
f 2785/2785/2785 2783/2783/2783 2784/2784/2784 
f 2785/2785/2785 2781/2781/2781 2783/2783/2783 
f 2784/2784/2784 2786/2786/2786 2785/2785/2785 
f 2787/2787/2787 2785/2785/2785 2786/2786/2786 
f 2782/2782/2782 1775/1775/1775 2724/2724/2724 
f 1574/1574/1574 2724/2724/2724 1775/1775/1775 
f 2785/2785/2785 2787/2787/2787 2788/2788/2788 
f 2789/2789/2789 2788/2788/2788 2787/2787/2787 
f 2788/2788/2788 2789/2789/2789 2790/2790/2790 
f 2789/2789/2789 2791/2791/2791 2790/2790/2790 
f 2792/2792/2792 2785/2785/2785 2788/2788/2788 
f 2788/2788/2788 2790/2790/2790 2792/2792/2792 
f 2792/2792/2792 2793/2793/2793 2785/2785/2785 
f 2781/2781/2781 2785/2785/2785 2793/2793/2793 
f 2794/2794/2794 2792/2792/2792 2790/2790/2790 
f 2790/2790/2790 2791/2791/2791 2794/2794/2794 
f 2793/2793/2793 2792/2792/2792 2795/2795/2795 
f 2792/2792/2792 2794/2794/2794 2795/2795/2795 
f 2793/2793/2793 2796/2796/2796 2781/2781/2781 
f 2777/2777/2777 2781/2781/2781 2796/2796/2796 
f 2777/2777/2777 2796/2796/2796 2782/2782/2782 
f 2796/2796/2796 2793/2793/2793 2797/2797/2797 
f 2795/2795/2795 2797/2797/2797 2793/2793/2793 
f 2782/2782/2782 2796/2796/2796 2798/2798/2798 
f 2797/2797/2797 2798/2798/2798 2796/2796/2796 
f 1775/1775/1775 2782/2782/2782 2798/2798/2798 
f 2798/2798/2798 2797/2797/2797 2799/2799/2799 
f 2799/2799/2799 1775/1775/1775 2798/2798/2798 
f 2797/2797/2797 2795/2795/2795 2800/2800/2800 
f 2800/2800/2800 2799/2799/2799 2797/2797/2797 
f 2801/2801/2801 2795/2795/2795 2794/2794/2794 
f 2795/2795/2795 2801/2801/2801 2800/2800/2800 
f 2794/2794/2794 2791/2791/2791 2801/2801/2801 
f 2802/2802/2802 2800/2800/2800 2801/2801/2801 
f 2801/2801/2801 2791/2791/2791 2802/2802/2802 
f 2799/2799/2799 2800/2800/2800 2803/2803/2803 
f 2800/2800/2800 2802/2802/2802 2803/2803/2803 
f 1775/1775/1775 2799/2799/2799 1774/1774/1774 
f 2803/2803/2803 1774/1774/1774 2799/2799/2799 
f 2804/2804/2804 2803/2803/2803 2802/2802/2802 
f 2802/2802/2802 2791/2791/2791 2804/2804/2804 
f 2803/2803/2803 2804/2804/2804 2255/2255/2255 
f 2804/2804/2804 2791/2791/2791 2805/2805/2805 
f 2255/2255/2255 2804/2804/2804 2805/2805/2805 
f 2256/2256/2256 2803/2803/2803 2255/2255/2255 
f 2803/2803/2803 2256/2256/2256 1774/1774/1774 
f 2805/2805/2805 2253/2253/2253 2255/2255/2255 
f 2805/2805/2805 2791/2791/2791 2806/2806/2806 
f 2253/2253/2253 2805/2805/2805 2806/2806/2806 
f 2806/2806/2806 2791/2791/2791 2807/2807/2807 
f 2807/2807/2807 2791/2791/2791 2249/2249/2249 
f 2248/2248/2248 2806/2806/2806 2807/2807/2807 
f 2249/2249/2249 2248/2248/2248 2807/2807/2807 
f 2806/2806/2806 2248/2248/2248 2253/2253/2253 
f 2808/2808/2808 2809/2809/2809 2810/2810/2810 
f 2810/2810/2810 2809/2809/2809 2811/2811/2811 
f 2810/2810/2810 2812/2812/2812 2808/2808/2808 
f 2811/2811/2811 2812/2812/2812 2810/2810/2810 
f 2808/2808/2808 2812/2812/2812 2813/2813/2813 
f 2812/2812/2812 2811/2811/2811 2814/2814/2814 
f 2815/2815/2815 2813/2813/2813 2812/2812/2812 
f 2812/2812/2812 2814/2814/2814 2815/2815/2815 
f 2813/2813/2813 2815/2815/2815 2816/2816/2816 
f 2814/2814/2814 2817/2817/2817 2815/2815/2815 
f 2818/2818/2818 2819/2819/2819 2820/2820/2820 
f 2819/2819/2819 2821/2821/2821 2820/2820/2820 
f 2818/2818/2818 2822/2822/2822 2819/2819/2819 
f 2822/2822/2822 2821/2821/2821 2819/2819/2819 
f 2822/2822/2822 2818/2818/2818 2823/2823/2823 
f 2821/2821/2821 2822/2822/2822 2824/2824/2824 
f 2823/2823/2823 2825/2825/2825 2822/2822/2822 
f 2825/2825/2825 2824/2824/2824 2822/2822/2822 
f 2825/2825/2825 2823/2823/2823 2826/2826/2826 
f 2824/2824/2824 2825/2825/2825 2827/2827/2827 
f 2828/2828/2828 2829/2829/2829 2830/2830/2830 
f 2831/2831/2831 2832/2832/2832 2833/2833/2833 
f 2002/2002/2002 1614/1614/1614 1611/1611/1611 
f 2002/2002/2002 2834/2834/2834 1614/1614/1614 
f 2613/2613/2613 1614/1614/1614 2834/2834/2834 
f 2834/2834/2834 2640/2640/2640 2613/2613/2613 
f 1824/1824/1824 2834/2834/2834 2002/2002/2002 
f 2002/2002/2002 1820/1820/1820 1824/1824/1824 
f 2640/2640/2640 2834/2834/2834 2835/2835/2835 
f 1815/1815/1815 1820/1820/1820 2001/2001/2001 
f 1815/1815/1815 2001/2001/2001 1810/1810/1810 
f 2836/2836/2836 2640/2640/2640 2835/2835/2835 
f 2640/2640/2640 2836/2836/2836 1908/1908/1908 
f 2834/2834/2834 2837/2837/2837 2835/2835/2835 
f 2837/2837/2837 2834/2834/2834 1824/1824/1824 
f 2835/2835/2835 2838/2838/2838 2836/2836/2836 
f 2838/2838/2838 2835/2835/2835 2837/2837/2837 
f 2839/2839/2839 1908/1908/1908 2836/2836/2836 
f 2840/2840/2840 2836/2836/2836 2838/2838/2838 
f 2836/2836/2836 2840/2840/2840 2839/2839/2839 
f 2837/2837/2837 2841/2841/2841 2838/2838/2838 
f 2838/2838/2838 2842/2842/2842 2840/2840/2840 
f 2842/2842/2842 2838/2838/2838 2841/2841/2841 
f 2837/2837/2837 1832/1832/1832 2841/2841/2841 
f 1824/1824/1824 1832/1832/1832 2837/2837/2837 
f 2841/2841/2841 2843/2843/2843 2842/2842/2842 
f 2843/2843/2843 2841/2841/2841 2844/2844/2844 
f 1832/1832/1832 2844/2844/2844 2841/2841/2841 
f 2845/2845/2845 2842/2842/2842 2843/2843/2843 
f 2846/2846/2846 2840/2840/2840 2842/2842/2842 
f 2842/2842/2842 2845/2845/2845 2846/2846/2846 
f 2840/2840/2840 2846/2846/2846 2847/2847/2847 
f 2847/2847/2847 2839/2839/2839 2840/2840/2840 
f 2843/2843/2843 2844/2844/2844 1847/1847/1847 
f 2845/2845/2845 2843/2843/2843 1847/1847/1847 
f 2844/2844/2844 1832/1832/1832 1835/1835/1835 
f 2844/2844/2844 1835/1835/1835 1847/1847/1847 
f 2848/2848/2848 2846/2846/2846 2845/2845/2845 
f 2848/2848/2848 2845/2845/2845 1847/1847/1847 
f 2846/2846/2846 2848/2848/2848 2849/2849/2849 
f 2849/2849/2849 2847/2847/2847 2846/2846/2846 
f 2850/2850/2850 2849/2849/2849 2848/2848/2848 
f 2850/2850/2850 2848/2848/2848 1847/1847/1847 
f 2850/2850/2850 2851/2851/2851 2849/2849/2849 
f 2851/2851/2851 2847/2847/2847 2849/2849/2849 
f 2847/2847/2847 2851/2851/2851 2852/2852/2852 
f 2852/2852/2852 2853/2853/2853 2847/2847/2847 
f 2854/2854/2854 2847/2847/2847 2853/2853/2853 
f 2839/2839/2839 2847/2847/2847 2854/2854/2854 
f 2855/2855/2855 2854/2854/2854 2853/2853/2853 
f 2854/2854/2854 2855/2855/2855 2856/2856/2856 
f 2856/2856/2856 2839/2839/2839 2854/2854/2854 
f 1915/1915/1915 2856/2856/2856 2855/2855/2855 
f 2839/2839/2839 2856/2856/2856 2857/2857/2857 
f 1908/1908/1908 2839/2839/2839 2857/2857/2857 
f 1907/1907/1907 1908/1908/1908 2857/2857/2857 
f 2858/2858/2858 2857/2857/2857 2856/2856/2856 
f 2857/2857/2857 2858/2858/2858 1907/1907/1907 
f 2856/2856/2856 1915/1915/1915 2858/2858/2858 
f 1912/1912/1912 1907/1907/1907 2858/2858/2858 
f 1915/1915/1915 1912/1912/1912 2858/2858/2858 
f 2297/2297/2297 2859/2859/2859 2860/2860/2860 
f 2300/2300/2300 2297/2297/2297 2860/2860/2860 
f 2859/2859/2859 2297/2297/2297 2861/2861/2861 
f 2861/2861/2861 2297/2297/2297 2285/2285/2285 
f 2284/2284/2284 2859/2859/2859 2861/2861/2861 
f 2285/2285/2285 2284/2284/2284 2861/2861/2861 
f 2862/2862/2862 2860/2860/2860 2859/2859/2859 
f 2284/2284/2284 2863/2863/2863 2859/2859/2859 
f 2864/2864/2864 2859/2859/2859 2863/2863/2863 
f 2859/2859/2859 2864/2864/2864 2862/2862/2862 
f 2282/2282/2282 2863/2863/2863 2284/2284/2284 
f 2865/2865/2865 2862/2862/2862 2864/2864/2864 
f 2862/2862/2862 2865/2865/2865 2866/2866/2866 
f 2860/2860/2860 2862/2862/2862 2867/2867/2867 
f 2866/2866/2866 2867/2867/2867 2862/2862/2862 
f 2867/2867/2867 2300/2300/2300 2860/2860/2860 
f 2867/2867/2867 2866/2866/2866 2868/2868/2868 
f 2868/2868/2868 2869/2869/2869 2867/2867/2867 
f 2300/2300/2300 2867/2867/2867 2869/2869/2869 
f 2869/2869/2869 2868/2868/2868 2870/2870/2870 
f 2340/2340/2340 2300/2300/2300 2869/2869/2869 
f 2871/2871/2871 2865/2865/2865 2864/2864/2864 
f 2872/2872/2872 2865/2865/2865 2871/2871/2871 
f 2873/2873/2873 2864/2864/2864 2863/2863/2863 
f 2864/2864/2864 2873/2873/2873 2871/2871/2871 
f 2863/2863/2863 2282/2282/2282 2873/2873/2873 
f 2874/2874/2874 2872/2872/2872 2871/2871/2871 
f 2874/2874/2874 2875/2875/2875 2872/2872/2872 
f 2876/2876/2876 2871/2871/2871 2873/2873/2873 
f 2871/2871/2871 2876/2876/2876 2874/2874/2874 
f 2282/2282/2282 2876/2876/2876 2873/2873/2873 
f 2874/2874/2874 2877/2877/2877 2875/2875/2875 
f 2875/2875/2875 2877/2877/2877 2878/2878/2878 
f 2879/2879/2879 2874/2874/2874 2876/2876/2876 
f 2874/2874/2874 2879/2879/2879 2877/2877/2877 
f 2877/2877/2877 2880/2880/2880 2878/2878/2878 
f 2879/2879/2879 2880/2880/2880 2877/2877/2877 
f 2881/2881/2881 2878/2878/2878 2880/2880/2880 
f 2882/2882/2882 2881/2881/2881 2880/2880/2880 
f 2880/2880/2880 2883/2883/2883 2882/2882/2882 
f 2880/2880/2880 2879/2879/2879 2884/2884/2884 
f 2883/2883/2883 2880/2880/2880 2884/2884/2884 
f 2885/2885/2885 2879/2879/2879 2876/2876/2876 
f 2876/2876/2876 2282/2282/2282 2885/2885/2885 
f 2886/2886/2886 2884/2884/2884 2879/2879/2879 
f 2879/2879/2879 2885/2885/2885 2886/2886/2886 
f 2883/2883/2883 2884/2884/2884 2887/2887/2887 
f 2884/2884/2884 2886/2886/2886 2887/2887/2887 
f 2883/2883/2883 2887/2887/2887 2888/2888/2888 
f 2888/2888/2888 2887/2887/2887 2270/2270/2270 
f 2888/2888/2888 2270/2270/2270 2889/2889/2889 
f 2274/2274/2274 2887/2887/2887 2886/2886/2886 
f 2887/2887/2887 2274/2274/2274 2270/2270/2270 
f 2279/2279/2279 2886/2886/2886 2885/2885/2885 
f 2886/2886/2886 2279/2279/2279 2274/2274/2274 
f 2885/2885/2885 2281/2281/2281 2279/2279/2279 
f 2281/2281/2281 2885/2885/2885 2282/2282/2282 
f 2890/2890/2890 2891/2891/2891 2892/2892/2892 
f 2893/2893/2893 2891/2891/2891 2890/2890/2890 
f 2891/2891/2891 2894/2894/2894 2892/2892/2892 
f 2892/2892/2892 2895/2895/2895 2890/2890/2890 
f 2890/2890/2890 2895/2895/2895 2896/2896/2896 
f 2897/2897/2897 2896/2896/2896 2895/2895/2895 
f 2897/2897/2897 2895/2895/2895 2898/2898/2898 
f 2899/2899/2899 2898/2898/2898 2895/2895/2895 
f 2895/2895/2895 2892/2892/2892 2899/2899/2899 
f 2900/2900/2900 2898/2898/2898 2899/2899/2899 
f 2900/2900/2900 2899/2899/2899 2901/2901/2901 
f 2899/2899/2899 2892/2892/2892 2902/2902/2902 
f 2902/2902/2902 2901/2901/2901 2899/2899/2899 
f 2894/2894/2894 2902/2902/2902 2892/2892/2892 
f 2901/2901/2901 2903/2903/2903 2904/2904/2904 
f 2902/2902/2902 2894/2894/2894 2905/2905/2905 
f 2905/2905/2905 2903/2903/2903 2902/2902/2902 
f 2894/2894/2894 2906/2906/2906 2905/2905/2905 
f 2903/2903/2903 2905/2905/2905 2907/2907/2907 
f 2905/2905/2905 2906/2906/2906 2357/2357/2357 
f 2907/2907/2907 2905/2905/2905 2357/2357/2357 
f 2072/2072/2072 2079/2079/2079 2078/2078/2078 
f 2908/2908/2908 2079/2079/2079 2077/2077/2077 
f 2079/2079/2079 2909/2909/2909 2078/2078/2078 
f 2909/2909/2909 2079/2079/2079 2910/2910/2910 
f 2909/2909/2909 2910/2910/2910 2911/2911/2911 
f 2912/2912/2912 2078/2078/2078 2909/2909/2909 
f 2912/2912/2912 2071/2071/2071 2078/2078/2078 
f 2912/2912/2912 2909/2909/2909 2911/2911/2911 
f 2071/2071/2071 2912/2912/2912 2913/2913/2913 
f 2913/2913/2913 2912/2912/2912 2911/2911/2911 
f 2913/2913/2913 2066/2066/2066 2071/2071/2071 
f 2914/2914/2914 2913/2913/2913 2911/2911/2911 
f 2913/2913/2913 2915/2915/2915 2066/2066/2066 
f 2915/2915/2915 2913/2913/2913 2914/2914/2914 
f 2916/2916/2916 2066/2066/2066 2915/2915/2915 
f 2916/2916/2916 2060/2060/2060 2066/2066/2066 
f 2914/2914/2914 2917/2917/2917 2915/2915/2915 
f 2918/2918/2918 2914/2914/2914 2911/2911/2911 
f 2917/2917/2917 2914/2914/2914 2918/2918/2918 
f 2919/2919/2919 2918/2918/2918 2911/2911/2911 
f 2920/2920/2920 2919/2919/2919 2911/2911/2911 
f 2921/2921/2921 2919/2919/2919 2920/2920/2920 
f 2922/2922/2922 2918/2918/2918 2919/2919/2919 
f 2919/2919/2919 2921/2921/2921 2922/2922/2922 
f 2918/2918/2918 2922/2922/2922 2917/2917/2917 
f 2923/2923/2923 2915/2915/2915 2917/2917/2917 
f 2916/2916/2916 2915/2915/2915 2923/2923/2923 
f 2924/2924/2924 2917/2917/2917 2922/2922/2922 
f 2923/2923/2923 2917/2917/2917 2924/2924/2924 
f 2925/2925/2925 2922/2922/2922 2921/2921/2921 
f 2924/2924/2924 2922/2922/2922 2925/2925/2925 
f 2921/2921/2921 2926/2926/2926 2925/2925/2925 
f 2924/2924/2924 2927/2927/2927 2923/2923/2923 
f 2923/2923/2923 2927/2927/2927 2916/2916/2916 
f 2925/2925/2925 2928/2928/2928 2924/2924/2924 
f 2927/2927/2927 2924/2924/2924 2928/2928/2928 
f 2926/2926/2926 2929/2929/2929 2925/2925/2925 
f 2928/2928/2928 2925/2925/2925 2929/2929/2929 
f 2929/2929/2929 2926/2926/2926 2930/2930/2930 
f 2930/2930/2930 2931/2931/2931 2929/2929/2929 
f 2929/2929/2929 2931/2931/2931 2928/2928/2928 
f 2928/2928/2928 2931/2931/2931 2927/2927/2927 
f 2932/2932/2932 2916/2916/2916 2927/2927/2927 
f 2927/2927/2927 2931/2931/2931 2932/2932/2932 
f 2916/2916/2916 2932/2932/2932 2933/2933/2933 
f 2060/2060/2060 2916/2916/2916 2933/2933/2933 
f 2932/2932/2932 2931/2931/2931 2934/2934/2934 
f 2934/2934/2934 2933/2933/2933 2932/2932/2932 
f 2933/2933/2933 2935/2935/2935 2060/2060/2060 
f 2056/2056/2056 2060/2060/2060 2935/2935/2935 
f 2936/2936/2936 2933/2933/2933 2934/2934/2934 
f 2934/2934/2934 2931/2931/2931 2936/2936/2936 
f 2935/2935/2935 2933/2933/2933 2937/2937/2937 
f 2933/2933/2933 2936/2936/2936 2937/2937/2937 
f 2938/2938/2938 2937/2937/2937 2936/2936/2936 
f 2936/2936/2936 2931/2931/2931 2938/2938/2938 
f 2937/2937/2937 2938/2938/2938 2939/2939/2939 
f 2938/2938/2938 2931/2931/2931 2940/2940/2940 
f 2935/2935/2935 2941/2941/2941 2056/2056/2056 
f 2056/2056/2056 2941/2941/2941 2057/2057/2057 
f 2941/2941/2941 2935/2935/2935 2942/2942/2942 
f 2057/2057/2057 2941/2941/2941 2943/2943/2943 
f 2058/2058/2058 2057/2057/2057 2943/2943/2943 
f 2942/2942/2942 2944/2944/2944 2941/2941/2941 
f 2941/2941/2941 2944/2944/2944 2943/2943/2943 
f 2942/2942/2942 2945/2945/2945 2944/2944/2944 
f 2945/2945/2945 2942/2942/2942 2946/2946/2946 
f 2946/2946/2946 2947/2947/2947 2945/2945/2945 
f 2947/2947/2947 2946/2946/2946 2948/2948/2948 
f 2949/2949/2949 2944/2944/2944 2945/2945/2945 
f 2947/2947/2947 2949/2949/2949 2945/2945/2945 
f 2944/2944/2944 2949/2949/2949 2943/2943/2943 
f 2949/2949/2949 2947/2947/2947 2950/2950/2950 
f 2951/2951/2951 2952/2952/2952 2948/2948/2948 
f 2951/2951/2951 2953/2953/2953 2952/2952/2952 
f 2954/2954/2954 2943/2943/2943 2949/2949/2949 
f 2950/2950/2950 2954/2954/2954 2949/2949/2949 
f 2954/2954/2954 2058/2058/2058 2943/2943/2943 
f 2954/2954/2954 2950/2950/2950 2955/2955/2955 
f 2137/2137/2137 2058/2058/2058 2954/2954/2954 
f 2955/2955/2955 2137/2137/2137 2954/2954/2954 
f 2956/2956/2956 2931/2931/2931 2957/2957/2957 
f 2957/2957/2957 2931/2931/2931 2958/2958/2958 
f 2959/2959/2959 2957/2957/2957 2958/2958/2958 
f 2960/2960/2960 2956/2956/2956 2957/2957/2957 
f 2960/2960/2960 2957/2957/2957 2959/2959/2959 
f 2961/2961/2961 2956/2956/2956 2960/2960/2960 
f 2962/2962/2962 2960/2960/2960 2959/2959/2959 
f 2963/2963/2963 2961/2961/2961 2960/2960/2960 
f 2960/2960/2960 2962/2962/2962 2963/2963/2963 
f 2961/2961/2961 2963/2963/2963 2964/2964/2964 
f 2963/2963/2963 2965/2965/2965 2964/2964/2964 
f 2966/2966/2966 2967/2967/2967 2961/2961/2961 
f 2968/2968/2968 2967/2967/2967 2966/2966/2966 
f 2969/2969/2969 2970/2970/2970 2968/2968/2968 
f 2965/2965/2965 2963/2963/2963 2971/2971/2971 
f 2962/2962/2962 2971/2971/2971 2963/2963/2963 
f 2965/2965/2965 2971/2971/2971 2972/2972/2972 
f 2971/2971/2971 2962/2962/2962 2973/2973/2973 
f 2971/2971/2971 2973/2973/2973 2972/2972/2972 
f 2974/2974/2974 2975/2975/2975 2419/2419/2419 
f 2975/2975/2975 2976/2976/2976 2419/2419/2419 
f 2977/2977/2977 2976/2976/2976 2975/2975/2975 
f 2978/2978/2978 2975/2975/2975 2974/2974/2974 
f 2975/2975/2975 2978/2978/2978 2977/2977/2977 
f 2974/2974/2974 2979/2979/2979 2978/2978/2978 
f 2978/2978/2978 2980/2980/2980 2977/2977/2977 
f 2979/2979/2979 2981/2981/2981 2978/2978/2978 
f 2980/2980/2980 2978/2978/2978 2981/2981/2981 
f 2981/2981/2981 2979/2979/2979 2982/2982/2982 
f 2982/2982/2982 2983/2983/2983 2981/2981/2981 
f 2984/2984/2984 2985/2985/2985 2979/2979/2979 
f 2984/2984/2984 2986/2986/2986 2985/2985/2985 
f 2987/2987/2987 2988/2988/2988 2986/2986/2986 
f 2981/2981/2981 2989/2989/2989 2980/2980/2980 
f 2983/2983/2983 2989/2989/2989 2981/2981/2981 
f 2989/2989/2989 2990/2990/2990 2980/2980/2980 
f 2983/2983/2983 2991/2991/2991 2989/2989/2989 
f 2989/2989/2989 2991/2991/2991 2990/2990/2990 
f 2992/2992/2992 2993/2993/2993 2994/2994/2994 
f 2993/2993/2993 2995/2995/2995 2994/2994/2994 
f 2996/2996/2996 2995/2995/2995 2993/2993/2993 
f 2997/2997/2997 2998/2998/2998 2999/2999/2999 
f 2999/2999/2999 2998/2998/2998 3000/3000/3000 
f 2999/2999/2999 3000/3000/3000 3001/3001/3001 
f 3002/3002/3002 3003/3003/3003 3004/3004/3004 
f 3005/3005/3005 3006/3006/3006 3002/3002/3002 
f 3007/3007/3007 3008/3008/3008 3009/3009/3009 
f 3009/3009/3009 3010/3010/3010 3011/3011/3011 
f 3012/3012/3012 3013/3013/3013 3014/3014/3014 
f 3015/3015/3015 3016/3016/3016 3017/3017/3017 
f 3018/3018/3018 3019/3019/3019 3020/3020/3020 
f 3020/3020/3020 3021/3021/3021 3022/3022/3022 
f 3022/3022/3022 3021/3021/3021 3023/3023/3023 
f 3024/3024/3024 3023/3023/3023 3025/3025/3025 
f 3023/3023/3023 3026/3026/3026 3025/3025/3025 
f 3021/3021/3021 3027/3027/3027 3023/3023/3023 
f 3026/3026/3026 3023/3023/3023 3027/3027/3027 
f 3027/3027/3027 3021/3021/3021 3028/3028/3028 
f 3027/3027/3027 3029/3029/3029 3026/3026/3026 
f 3028/3028/3028 3030/3030/3030 3027/3027/3027 
f 3029/3029/3029 3027/3027/3027 3030/3030/3030 
f 3030/3030/3030 3028/3028/3028 3031/3031/3031 
f 3031/3031/3031 3032/3032/3032 3030/3030/3030 
f 3029/3029/3029 3030/3030/3030 3032/3032/3032 
f 3029/3029/3029 3032/3032/3032 3033/3033/3033 
f 3032/3032/3032 3034/3034/3034 3033/3033/3033 
f 3033/3033/3033 3034/3034/3034 3035/3035/3035 
f 3034/3034/3034 3036/3036/3036 3035/3035/3035 
f 3037/3037/3037 3038/3038/3038 3039/3039/3039 
f 3040/3040/3040 3037/3037/3037 3041/3041/3041 
f 3041/3041/3041 3042/3042/3042 3043/3043/3043 
f 3037/3037/3037 3040/3040/3040 3044/3044/3044 
f 3038/3038/3038 3037/3037/3037 3044/3044/3044 
f 3044/3044/3044 3045/3045/3045 3046/3046/3046 
f 3047/3047/3047 3044/3044/3044 3046/3046/3046 
f 3044/3044/3044 3047/3047/3047 3038/3038/3038 
f 3048/3048/3048 3038/3038/3038 3047/3047/3047 
f 3049/3049/3049 3039/3039/3039 3038/3038/3038 
f 3038/3038/3038 3048/3048/3048 3049/3049/3049 
f 3039/3039/3039 3049/3049/3049 3050/3050/3050 
f 3051/3051/3051 3050/3050/3050 3049/3049/3049 
f 3048/3048/3048 3051/3051/3051 3049/3049/3049 
f 3051/3051/3051 3048/3048/3048 3052/3052/3052 
f 3052/3052/3052 3053/3053/3053 3051/3051/3051 
f 3053/3053/3053 3052/3052/3052 3054/3054/3054 
f 3055/3055/3055 3053/3053/3053 3054/3054/3054 
f 3056/3056/3056 3057/3057/3057 3058/3058/3058 
f 3056/3056/3056 3059/3059/3059 3057/3057/3057 
f 3058/3058/3058 3060/3060/3060 3056/3056/3056 
f 3059/3059/3059 3056/3056/3056 3061/3061/3061 
f 3062/3062/3062 3056/3056/3056 3060/3060/3060 
f 3061/3061/3061 3056/3056/3056 3062/3062/3062 
f 3063/3063/3063 3064/3064/3064 3065/3065/3065 
f 3064/3064/3064 3063/3063/3063 3066/3066/3066 
f 3063/3063/3063 3065/3065/3065 3067/3067/3067 
f 3063/3063/3063 3068/3068/3068 3066/3066/3066 
f 3067/3067/3067 3069/3069/3069 3063/3063/3063 
f 3069/3069/3069 3068/3068/3068 3063/3063/3063 

g Rolandknightverified1

v -200.935 1.935 -222 
v -200.935 0.0650001 -222 
v -200.065 0.0650001 -222 
v -200.065 1.935 -222 
v -200.935 2 -222.065 
v -201 1.935 -222.065 
v -201 0.0650001 -222.065 
v -200.935 0 -222.065 
v -200.065 0 -222.065 
v -200 0.0650001 -222.065 
v -200 1.935 -222.065 
v -200.065 2 -222.065 
v -200.935 2 -222.065 
v -200.935 2 -222.935 
v -201 1.935 -222.935 
v -201 1.935 -222.065 
v -201 0.0650001 -222.935 
v -201 0.0650001 -222.065 
v -200.935 0 -222.935 
v -200.935 0 -222.065 
v -200.935 0 -222.065 
v -200.935 0 -222.935 
v -200.065 0 -222.935 
v -200.065 0 -222.065 
v -200.065 0 -222.065 
v -200.065 0 -222.935 
v -200 0.0650001 -222.935 
v -200 1.935 -222.935 
v -200.065 2 -222.935 
v -200.065 2 -222.065 
v -200.065 2 -222.065 
v -200.065 2 -222.935 
v -200.935 2 -222.935 
v -200.935 2 -222.065 
v -200.935 2 -222.935 
v -200.935 1.935 -223 
v -200.935 0.0650001 -223 
v -200.935 0 -222.935 
v -200.065 0.0650001 -223 
v -200.065 0 -222.935 
v -200.065 1.935 -223 
v -200.065 2 -222.935 

vn 0 0 1 
vn 0 0 1 
vn 0 0 1 
vn 0 0 1 
vn 0 1 0 
vn -1 0 0 
vn -1 0 0 
vn 0 -1 0 
vn 0 -1 0 
vn 1 0 0 
vn 1 0 0 
vn 0 1 0 
vn 0 1 0 
vn 0 1 0 
vn -1 0 0 
vn -1 0 0 
vn -1 0 0 
vn -1 0 0 
vn 0 -1 0 
vn 0 -1 0 
vn 0 -1 0 
vn 0 -1 0 
vn 0 -1 0 
vn 0 -1 0 
vn 0 -1 0 
vn 0 -1 0 
vn 1 0 0 
vn 1 0 0 
vn 0 1 0 
vn 0 1 0 
vn 0 1 0 
vn 0 1 0 
vn 0 1 0 
vn 0 1 0 
vn 0 1 0 
vn 0 0 -1 
vn 0 0 -1 
vn 0 -1 0 
vn 0 0 -1 
vn 0 -1 0 
vn 0 0 -1 
vn 0 1 0 

vt 0.555176 0.871094 
vt 0.464356 0.871094 
vt 0.464356 0.753906 
vt 0.555176 0.753906 
vt 0.558106 0.871094 
vt 0.555176 0.878906 
vt 0.464356 0.878906 
vt 0.461426 0.871094 
vt 0.461426 0.753906 
vt 0.464356 0.746094 
vt 0.555176 0.746094 
vt 0.558106 0.753906 
vt 0.558106 0.378906 
vt 0.558106 0.496094 
vt 0.555176 0.496094 
vt 0.555176 0.378906 
vt 0.464356 0.496094 
vt 0.464356 0.378906 
vt 0.461426 0.496094 
vt 0.461426 0.378906 
vt 0.496582 0.238281 
vt 0.496582 0.355469 
vt 0.452637 0.355469 
vt 0.452637 0.238281 
vt 0.461426 0.746094 
vt 0.461426 0.628906 
vt 0.464356 0.628906 
vt 0.555176 0.628906 
vt 0.558106 0.628906 
vt 0.558106 0.746094 
vt 0.347168 0.355469 
vt 0.347168 0.238281 
vt 0.391113 0.238281 
vt 0.391113 0.355469 
vt 0.558106 0.503906 
vt 0.555176 0.503906 
vt 0.464356 0.503906 
vt 0.461426 0.503906 
vt 0.464356 0.621094 
vt 0.461426 0.621094 
vt 0.555176 0.621094 
vt 0.558106 0.621094 

usemtl Rolandknightverified1Mtl

f 3070/3070/3070 3071/3071/3071 3072/3072/3072 
f 3070/3070/3070 3072/3072/3072 3073/3073/3073 
f 3070/3070/3070 3074/3074/3074 3075/3075/3075 
f 3070/3070/3070 3075/3075/3075 3076/3076/3076 
f 3070/3070/3070 3076/3076/3076 3071/3071/3071 
f 3071/3071/3071 3076/3076/3076 3077/3077/3077 
f 3071/3071/3071 3077/3077/3077 3078/3078/3078 
f 3071/3071/3071 3078/3078/3078 3072/3072/3072 
f 3072/3072/3072 3078/3078/3078 3079/3079/3079 
f 3072/3072/3072 3079/3079/3079 3080/3080/3080 
f 3072/3072/3072 3080/3080/3080 3073/3073/3073 
f 3073/3073/3073 3080/3080/3080 3081/3081/3081 
f 3073/3073/3073 3081/3081/3081 3074/3074/3074 
f 3073/3073/3073 3074/3074/3074 3070/3070/3070 
f 3082/3082/3082 3083/3083/3083 3084/3084/3084 
f 3082/3082/3082 3084/3084/3084 3085/3085/3085 
f 3085/3085/3085 3084/3084/3084 3086/3086/3086 
f 3085/3085/3085 3086/3086/3086 3087/3087/3087 
f 3087/3087/3087 3086/3086/3086 3088/3088/3088 
f 3087/3087/3087 3088/3088/3088 3089/3089/3089 
f 3090/3090/3090 3091/3091/3091 3092/3092/3092 
f 3090/3090/3090 3092/3092/3092 3093/3093/3093 
f 3094/3094/3094 3095/3095/3095 3096/3096/3096 
f 3094/3094/3094 3096/3096/3096 3079/3079/3079 
f 3079/3079/3079 3096/3096/3096 3097/3097/3097 
f 3079/3079/3079 3097/3097/3097 3080/3080/3080 
f 3080/3080/3080 3097/3097/3097 3098/3098/3098 
f 3080/3080/3080 3098/3098/3098 3099/3099/3099 
f 3100/3100/3100 3101/3101/3101 3102/3102/3102 
f 3100/3100/3100 3102/3102/3102 3103/3103/3103 
f 3104/3104/3104 3105/3105/3105 3084/3084/3084 
f 3084/3084/3084 3105/3105/3105 3106/3106/3106 
f 3084/3084/3084 3106/3106/3106 3086/3086/3086 
f 3086/3086/3086 3106/3106/3106 3107/3107/3107 
f 3107/3107/3107 3106/3106/3106 3108/3108/3108 
f 3107/3107/3107 3108/3108/3108 3109/3109/3109 
f 3109/3109/3109 3108/3108/3108 3096/3096/3096 
f 3096/3096/3096 3108/3108/3108 3110/3110/3110 
f 3096/3096/3096 3110/3110/3110 3097/3097/3097 
f 3097/3097/3097 3110/3110/3110 3111/3111/3111 
f 3111/3111/3111 3110/3110/3110 3105/3105/3105 
f 3111/3111/3111 3105/3105/3105 3104/3104/3104 
f 3110/3110/3110 3108/3108/3108 3106/3106/3106 
f 3110/3110/3110 3106/3106/3106 3105/3105/3105 

g Rolandknightverified2

v -201.935 1.935 -222 
v -201.935 0.0650001 -222 
v -201.065 0.0650001 -222 
v -201.065 1.935 -222 
v -201.935 2 -222.065 
v -202 1.935 -222.065 
v -202 0.0650001 -222.065 
v -201.935 0 -222.065 
v -201.065 0 -222.065 
v -201 0.0650001 -222.065 
v -201 1.935 -222.065 
v -201.065 2 -222.065 
v -201.935 2 -222.065 
v -201.935 2 -222.935 
v -202 1.935 -222.935 
v -202 0.0650001 -222.935 
v -201.935 0 -222.935 
v -201.935 0 -222.065 
v -201.935 0 -222.065 
v -201.935 0 -222.935 
v -201.065 0 -222.935 
v -201.065 0 -222.065 
v -201.065 0 -222.065 
v -201.065 0 -222.935 
v -201 0.0650001 -222.935 
v -201 0.0650001 -222.065 
v -201 1.935 -222.935 
v -201 1.935 -222.065 
v -201.065 2 -222.935 
v -201.065 2 -222.065 
v -201.065 2 -222.065 
v -201.065 2 -222.935 
v -201.935 2 -222.935 
v -201.935 2 -222.065 
v -201.935 2 -222.935 
v -201.935 1.935 -223 
v -201.935 0.0650001 -223 
v -201.935 0 -222.935 
v -201.065 0.0650001 -223 
v -201.065 0 -222.935 
v -201.065 1.935 -223 
v -201.065 2 -222.935 

vn 0 0 1 
vn 0 0 1 
vn 0 0 1 
vn 0 0 1 
vn 0 1 0 
vn -1 0 0 
vn -1 0 0 
vn 0 -1 0 
vn 0 -1 0 
vn 1 0 0 
vn 1 0 0 
vn 0 1 0 
vn 0 1 0 
vn 0 1 0 
vn -1 0 0 
vn -1 0 0 
vn 0 -1 0 
vn 0 -1 0 
vn 0 -1 0 
vn 0 -1 0 
vn 0 -1 0 
vn 0 -1 0 
vn 0 -1 0 
vn 0 -1 0 
vn 1 0 0 
vn 1 0 0 
vn 1 0 0 
vn 1 0 0 
vn 0 1 0 
vn 0 1 0 
vn 0 1 0 
vn 0 1 0 
vn 0 1 0 
vn 0 1 0 
vn 0 1 0 
vn 0 0 -1 
vn 0 0 -1 
vn 0 -1 0 
vn 0 0 -1 
vn 0 -1 0 
vn 0 0 -1 
vn 0 1 0 

vt 0.70166 0.621094 
vt 0.61084 0.621094 
vt 0.61084 0.503906 
vt 0.70166 0.503906 
vt 0.70459 0.621094 
vt 0.70166 0.628906 
vt 0.61084 0.628906 
vt 0.60791 0.621094 
vt 0.60791 0.503906 
vt 0.61084 0.496094 
vt 0.70166 0.496094 
vt 0.70459 0.503906 
vt 0.70459 0.628906 
vt 0.70459 0.746094 
vt 0.70166 0.746094 
vt 0.61084 0.746094 
vt 0.60791 0.746094 
vt 0.60791 0.628906 
vt 0.549317 0.238281 
vt 0.549317 0.355469 
vt 0.505371 0.355469 
vt 0.505371 0.238281 
vt 0.60791 0.996094 
vt 0.60791 0.878906 
vt 0.61084 0.878906 
vt 0.61084 0.996094 
vt 0.70166 0.878906 
vt 0.70166 0.996094 
vt 0.70459 0.878906 
vt 0.70459 0.996094 
vt 0.399902 0.355469 
vt 0.399902 0.238281 
vt 0.443848 0.238281 
vt 0.443848 0.355469 
vt 0.70459 0.753906 
vt 0.70166 0.753906 
vt 0.61084 0.753906 
vt 0.60791 0.753906 
vt 0.61084 0.871094 
vt 0.60791 0.871094 
vt 0.70166 0.871094 
vt 0.70459 0.871094 

usemtl Rolandknightverified1Mtl

f 3112/3112/3112 3113/3113/3113 3114/3114/3114 
f 3112/3112/3112 3114/3114/3114 3115/3115/3115 
f 3112/3112/3112 3116/3116/3116 3117/3117/3117 
f 3112/3112/3112 3117/3117/3117 3118/3118/3118 
f 3112/3112/3112 3118/3118/3118 3113/3113/3113 
f 3113/3113/3113 3118/3118/3118 3119/3119/3119 
f 3113/3113/3113 3119/3119/3119 3120/3120/3120 
f 3113/3113/3113 3120/3120/3120 3114/3114/3114 
f 3114/3114/3114 3120/3120/3120 3121/3121/3121 
f 3114/3114/3114 3121/3121/3121 3122/3122/3122 
f 3114/3114/3114 3122/3122/3122 3115/3115/3115 
f 3115/3115/3115 3122/3122/3122 3123/3123/3123 
f 3115/3115/3115 3123/3123/3123 3116/3116/3116 
f 3115/3115/3115 3116/3116/3116 3112/3112/3112 
f 3124/3124/3124 3125/3125/3125 3126/3126/3126 
f 3124/3124/3124 3126/3126/3126 3117/3117/3117 
f 3117/3117/3117 3126/3126/3126 3127/3127/3127 
f 3117/3117/3117 3127/3127/3127 3118/3118/3118 
f 3118/3118/3118 3127/3127/3127 3128/3128/3128 
f 3118/3118/3118 3128/3128/3128 3129/3129/3129 
f 3130/3130/3130 3131/3131/3131 3132/3132/3132 
f 3130/3130/3130 3132/3132/3132 3133/3133/3133 
f 3134/3134/3134 3135/3135/3135 3136/3136/3136 
f 3134/3134/3134 3136/3136/3136 3137/3137/3137 
f 3137/3137/3137 3136/3136/3136 3138/3138/3138 
f 3137/3137/3137 3138/3138/3138 3139/3139/3139 
f 3139/3139/3139 3138/3138/3138 3140/3140/3140 
f 3139/3139/3139 3140/3140/3140 3141/3141/3141 
f 3142/3142/3142 3143/3143/3143 3144/3144/3144 
f 3142/3142/3142 3144/3144/3144 3145/3145/3145 
f 3146/3146/3146 3147/3147/3147 3126/3126/3126 
f 3126/3126/3126 3147/3147/3147 3148/3148/3148 
f 3126/3126/3126 3148/3148/3148 3127/3127/3127 
f 3127/3127/3127 3148/3148/3148 3149/3149/3149 
f 3149/3149/3149 3148/3148/3148 3150/3150/3150 
f 3149/3149/3149 3150/3150/3150 3151/3151/3151 
f 3151/3151/3151 3150/3150/3150 3136/3136/3136 
f 3136/3136/3136 3150/3150/3150 3152/3152/3152 
f 3136/3136/3136 3152/3152/3152 3138/3138/3138 
f 3138/3138/3138 3152/3152/3152 3153/3153/3153 
f 3153/3153/3153 3152/3152/3152 3147/3147/3147 
f 3153/3153/3153 3147/3147/3147 3146/3146/3146 
f 3152/3152/3152 3150/3150/3150 3148/3148/3148 
f 3152/3152/3152 3148/3148/3148 3147/3147/3147 

g Rolandknightverified3

v -199.935 3.935 -222 
v -199.935 2.065 -222 
v -199.065 2.065 -222 
v -199.065 3.935 -222 
v -199.935 4 -222.065 
v -200 3.935 -222.065 
v -200 2.065 -222.065 
v -199.935 2 -222.065 
v -199.065 2 -222.065 
v -199 2.065 -222.065 
v -199 3.935 -222.065 
v -199.065 4 -222.065 
v -199.935 4 -222.065 
v -199.935 4 -222.935 
v -200 3.935 -222.935 
v -200 3.935 -222.065 
v -200 2.065 -222.935 
v -200 2.065 -222.065 
v -199.935 2 -222.935 
v -199.935 2 -222.065 
v -199.935 2 -222.065 
v -199.935 2 -222.935 
v -199.065 2 -222.935 
v -199.065 2 -222.065 
v -199.065 2 -222.065 
v -199.065 2 -222.935 
v -199 2.065 -222.935 
v -199 3.935 -222.935 
v -199.065 4 -222.935 
v -199.065 4 -222.065 
v -199.065 4 -222.065 
v -199.065 4 -222.935 
v -199.935 4 -222.935 
v -199.935 4 -222.065 
v -199.935 4 -222.935 
v -199.935 3.935 -223 
v -199.935 2.065 -223 
v -199.935 2 -222.935 
v -199.065 2.065 -223 
v -199.065 2 -222.935 
v -199.065 3.935 -223 
v -199.065 4 -222.935 

vn 0 0 1 
vn 0 0 1 
vn 0 0 1 
vn 0 0 1 
vn 0 1 0 
vn -1 0 0 
vn -1 0 0 
vn 0 -1 0 
vn 0 -1 0 
vn 1 0 0 
vn 1 0 0 
vn 0 1 0 
vn 0 1 0 
vn 0 1 0 
vn -1 0 0 
vn -1 0 0 
vn -1 0 0 
vn -1 0 0 
vn 0 -1 0 
vn 0 -1 0 
vn 0 -1 0 
vn 0 -1 0 
vn 0 -1 0 
vn 0 -1 0 
vn 0 -1 0 
vn 0 -1 0 
vn 1 0 0 
vn 1 0 0 
vn 0 1 0 
vn 0 1 0 
vn 0 1 0 
vn 0 1 0 
vn 0 1 0 
vn 0 1 0 
vn 0 1 0 
vn 0 0 -1 
vn 0 0 -1 
vn 0 -1 0 
vn 0 0 -1 
vn 0 -1 0 
vn 0 0 -1 
vn 0 1 0 

vt 0.262207 0.871094 
vt 0.171387 0.871094 
vt 0.171387 0.753906 
vt 0.262207 0.753906 
vt 0.265137 0.871094 
vt 0.262207 0.878906 
vt 0.171387 0.878906 
vt 0.168457 0.871094 
vt 0.168457 0.753906 
vt 0.171387 0.746094 
vt 0.262207 0.746094 
vt 0.265137 0.753906 
vt 0.265137 0.378906 
vt 0.265137 0.496094 
vt 0.262207 0.496094 
vt 0.262207 0.378906 
vt 0.171387 0.496094 
vt 0.171387 0.378906 
vt 0.168457 0.496094 
vt 0.168457 0.378906 
vt 0.602051 0.238281 
vt 0.602051 0.355469 
vt 0.558106 0.355469 
vt 0.558106 0.238281 
vt 0.168457 0.746094 
vt 0.168457 0.628906 
vt 0.171387 0.628906 
vt 0.262207 0.628906 
vt 0.265137 0.628906 
vt 0.265137 0.746094 
vt 0.663574 0.355469 
vt 0.663574 0.238281 
vt 0.707519 0.238281 
vt 0.707519 0.355469 
vt 0.265137 0.503906 
vt 0.262207 0.503906 
vt 0.171387 0.503906 
vt 0.168457 0.503906 
vt 0.171387 0.621094 
vt 0.168457 0.621094 
vt 0.262207 0.621094 
vt 0.265137 0.621094 

usemtl Rolandknightverified1Mtl

f 3154/3154/3154 3155/3155/3155 3156/3156/3156 
f 3154/3154/3154 3156/3156/3156 3157/3157/3157 
f 3154/3154/3154 3158/3158/3158 3159/3159/3159 
f 3154/3154/3154 3159/3159/3159 3160/3160/3160 
f 3154/3154/3154 3160/3160/3160 3155/3155/3155 
f 3155/3155/3155 3160/3160/3160 3161/3161/3161 
f 3155/3155/3155 3161/3161/3161 3162/3162/3162 
f 3155/3155/3155 3162/3162/3162 3156/3156/3156 
f 3156/3156/3156 3162/3162/3162 3163/3163/3163 
f 3156/3156/3156 3163/3163/3163 3164/3164/3164 
f 3156/3156/3156 3164/3164/3164 3157/3157/3157 
f 3157/3157/3157 3164/3164/3164 3165/3165/3165 
f 3157/3157/3157 3165/3165/3165 3158/3158/3158 
f 3157/3157/3157 3158/3158/3158 3154/3154/3154 
f 3166/3166/3166 3167/3167/3167 3168/3168/3168 
f 3166/3166/3166 3168/3168/3168 3169/3169/3169 
f 3169/3169/3169 3168/3168/3168 3170/3170/3170 
f 3169/3169/3169 3170/3170/3170 3171/3171/3171 
f 3171/3171/3171 3170/3170/3170 3172/3172/3172 
f 3171/3171/3171 3172/3172/3172 3173/3173/3173 
f 3174/3174/3174 3175/3175/3175 3176/3176/3176 
f 3174/3174/3174 3176/3176/3176 3177/3177/3177 
f 3178/3178/3178 3179/3179/3179 3180/3180/3180 
f 3178/3178/3178 3180/3180/3180 3163/3163/3163 
f 3163/3163/3163 3180/3180/3180 3181/3181/3181 
f 3163/3163/3163 3181/3181/3181 3164/3164/3164 
f 3164/3164/3164 3181/3181/3181 3182/3182/3182 
f 3164/3164/3164 3182/3182/3182 3183/3183/3183 
f 3184/3184/3184 3185/3185/3185 3186/3186/3186 
f 3184/3184/3184 3186/3186/3186 3187/3187/3187 
f 3188/3188/3188 3189/3189/3189 3168/3168/3168 
f 3168/3168/3168 3189/3189/3189 3190/3190/3190 
f 3168/3168/3168 3190/3190/3190 3170/3170/3170 
f 3170/3170/3170 3190/3190/3190 3191/3191/3191 
f 3191/3191/3191 3190/3190/3190 3192/3192/3192 
f 3191/3191/3191 3192/3192/3192 3193/3193/3193 
f 3193/3193/3193 3192/3192/3192 3180/3180/3180 
f 3180/3180/3180 3192/3192/3192 3194/3194/3194 
f 3180/3180/3180 3194/3194/3194 3181/3181/3181 
f 3181/3181/3181 3194/3194/3194 3195/3195/3195 
f 3195/3195/3195 3194/3194/3194 3189/3189/3189 
f 3195/3195/3195 3189/3189/3189 3188/3188/3188 
f 3194/3194/3194 3192/3192/3192 3190/3190/3190 
f 3194/3194/3194 3190/3190/3190 3189/3189/3189 

g Rolandknightverified4

v -202.935 3.935 -222 
v -202.935 2.065 -222 
v -202.065 2.065 -222 
v -202.065 3.935 -222 
v -202.935 4 -222.065 
v -203 3.935 -222.065 
v -203 2.065 -222.065 
v -202.935 2 -222.065 
v -202.065 2 -222.065 
v -202 2.065 -222.065 
v -202 3.935 -222.065 
v -202.065 4 -222.065 
v -202.935 4 -222.065 
v -202.935 4 -222.935 
v -203 3.935 -222.935 
v -203 2.065 -222.935 
v -202.935 2 -222.935 
v -202.935 2 -222.065 
v -202.935 2 -222.065 
v -202.935 2 -222.935 
v -202.065 2 -222.935 
v -202.065 2 -222.065 
v -202.065 2 -222.065 
v -202.065 2 -222.935 
v -202 2.065 -222.935 
v -202 2.065 -222.065 
v -202 3.935 -222.935 
v -202 3.935 -222.065 
v -202.065 4 -222.935 
v -202.065 4 -222.065 
v -202.065 4 -222.065 
v -202.065 4 -222.935 
v -202.935 4 -222.935 
v -202.935 4 -222.065 
v -202.935 4 -222.935 
v -202.935 3.935 -223 
v -202.935 2.065 -223 
v -202.935 2 -222.935 
v -202.065 2.065 -223 
v -202.065 2 -222.935 
v -202.065 3.935 -223 
v -202.065 4 -222.935 

vn 0 0 1 
vn 0 0 1 
vn 0 0 1 
vn 0 0 1 
vn 0 1 0 
vn -1 0 0 
vn -1 0 0 
vn 0 -1 0 
vn 0 -1 0 
vn 1 0 0 
vn 1 0 0 
vn 0 1 0 
vn 0 1 0 
vn 0 1 0 
vn -1 0 0 
vn -1 0 0 
vn 0 -1 0 
vn 0 -1 0 
vn 0 -1 0 
vn 0 -1 0 
vn 0 -1 0 
vn 0 -1 0 
vn 0 -1 0 
vn 0 -1 0 
vn 1 0 0 
vn 1 0 0 
vn 1 0 0 
vn 1 0 0 
vn 0 1 0 
vn 0 1 0 
vn 0 1 0 
vn 0 1 0 
vn 0 1 0 
vn 0 1 0 
vn 0 1 0 
vn 0 0 -1 
vn 0 0 -1 
vn 0 -1 0 
vn 0 0 -1 
vn 0 -1 0 
vn 0 0 -1 
vn 0 1 0 

vt 0.408691 0.621094 
vt 0.317871 0.621094 
vt 0.317871 0.503906 
vt 0.408691 0.503906 
vt 0.411621 0.621094 
vt 0.408691 0.628906 
vt 0.317871 0.628906 
vt 0.314941 0.621094 
vt 0.314941 0.503906 
vt 0.317871 0.496094 
vt 0.408691 0.496094 
vt 0.411621 0.503906 
vt 0.411621 0.628906 
vt 0.411621 0.746094 
vt 0.408691 0.746094 
vt 0.317871 0.746094 
vt 0.314941 0.746094 
vt 0.314941 0.628906 
vt 0.654785 0.238281 
vt 0.654785 0.355469 
vt 0.61084 0.355469 
vt 0.61084 0.238281 
vt 0.314941 0.996094 
vt 0.314941 0.878906 
vt 0.317871 0.878906 
vt 0.317871 0.996094 
vt 0.408691 0.878906 
vt 0.408691 0.996094 
vt 0.411621 0.878906 
vt 0.411621 0.996094 
vt 0.14795 0.210937 
vt 0.14795 0.09375 
vt 0.191894 0.09375 
vt 0.191894 0.210937 
vt 0.411621 0.753906 
vt 0.408691 0.753906 
vt 0.317871 0.753906 
vt 0.314941 0.753906 
vt 0.317871 0.871094 
vt 0.314941 0.871094 
vt 0.408691 0.871094 
vt 0.411621 0.871094 

usemtl Rolandknightverified1Mtl

f 3196/3196/3196 3197/3197/3197 3198/3198/3198 
f 3196/3196/3196 3198/3198/3198 3199/3199/3199 
f 3196/3196/3196 3200/3200/3200 3201/3201/3201 
f 3196/3196/3196 3201/3201/3201 3202/3202/3202 
f 3196/3196/3196 3202/3202/3202 3197/3197/3197 
f 3197/3197/3197 3202/3202/3202 3203/3203/3203 
f 3197/3197/3197 3203/3203/3203 3204/3204/3204 
f 3197/3197/3197 3204/3204/3204 3198/3198/3198 
f 3198/3198/3198 3204/3204/3204 3205/3205/3205 
f 3198/3198/3198 3205/3205/3205 3206/3206/3206 
f 3198/3198/3198 3206/3206/3206 3199/3199/3199 
f 3199/3199/3199 3206/3206/3206 3207/3207/3207 
f 3199/3199/3199 3207/3207/3207 3200/3200/3200 
f 3199/3199/3199 3200/3200/3200 3196/3196/3196 
f 3208/3208/3208 3209/3209/3209 3210/3210/3210 
f 3208/3208/3208 3210/3210/3210 3201/3201/3201 
f 3201/3201/3201 3210/3210/3210 3211/3211/3211 
f 3201/3201/3201 3211/3211/3211 3202/3202/3202 
f 3202/3202/3202 3211/3211/3211 3212/3212/3212 
f 3202/3202/3202 3212/3212/3212 3213/3213/3213 
f 3214/3214/3214 3215/3215/3215 3216/3216/3216 
f 3214/3214/3214 3216/3216/3216 3217/3217/3217 
f 3218/3218/3218 3219/3219/3219 3220/3220/3220 
f 3218/3218/3218 3220/3220/3220 3221/3221/3221 
f 3221/3221/3221 3220/3220/3220 3222/3222/3222 
f 3221/3221/3221 3222/3222/3222 3223/3223/3223 
f 3223/3223/3223 3222/3222/3222 3224/3224/3224 
f 3223/3223/3223 3224/3224/3224 3225/3225/3225 
f 3226/3226/3226 3227/3227/3227 3228/3228/3228 
f 3226/3226/3226 3228/3228/3228 3229/3229/3229 
f 3230/3230/3230 3231/3231/3231 3210/3210/3210 
f 3210/3210/3210 3231/3231/3231 3232/3232/3232 
f 3210/3210/3210 3232/3232/3232 3211/3211/3211 
f 3211/3211/3211 3232/3232/3232 3233/3233/3233 
f 3233/3233/3233 3232/3232/3232 3234/3234/3234 
f 3233/3233/3233 3234/3234/3234 3235/3235/3235 
f 3235/3235/3235 3234/3234/3234 3220/3220/3220 
f 3220/3220/3220 3234/3234/3234 3236/3236/3236 
f 3220/3220/3220 3236/3236/3236 3222/3222/3222 
f 3222/3222/3222 3236/3236/3236 3237/3237/3237 
f 3237/3237/3237 3236/3236/3236 3231/3231/3231 
f 3237/3237/3237 3231/3231/3231 3230/3230/3230 
f 3236/3236/3236 3234/3234/3234 3232/3232/3232 
f 3236/3236/3236 3232/3232/3232 3231/3231/3231 

g Rolandknightverified5

v -202 2.06436 -222.062 
v -202 2.06436 -222.943 
v -201.943 2 -222.946 
v -201.943 2 -222.053 
v -201.941 2.06444 -222.006 
v -201.645 2.75413 -222.162 
v -201.702 2.75408 -222.22 
v -201.702 2.75408 -222.783 
v -201.645 2.75413 -222.841 
v -201.941 2.06444 -223 
v -201 2.06444 -222.006 
v -201 2.75413 -222.162 
v -201 2 -222.053 
v -201 2 -222.946 
v -201 2 -222.053 
v -201.943 2 -222.053 
v -201.943 2 -222.946 
v -201 2.06444 -223 
v -201 2 -222.946 
v -201 2.75413 -222.841 
v -200 2.06436 -222.062 
v -200.057 2 -222.053 
v -200.057 2 -222.946 
v -200 2.06436 -222.943 
v -200.057 2 -222.053 
v -200.059 2.06444 -222.006 
v -200.057 2 -222.053 
v -200.057 2 -222.946 
v -200.059 2.06444 -223 
v -200 2.06436 -222.062 
v -202 3.93601 -222.061 
v -201.945 4.00037 -222.06 
v -201.945 4.00037 -222.939 
v -202 3.93601 -222.939 
v -201.945 3.93599 -222 
v -201 3.93599 -222 
v -201 4.00037 -222.06 
v -201.945 4.00037 -222.06 
v -201 4.00037 -222.06 
v -201 4.00037 -222.939 
v -201.945 4.00037 -222.939 
v -201 4.00037 -222.939 
v -201 3.93599 -223 
v -201.945 3.93599 -223 
v -200 3.93601 -222.939 
v -200.055 4.00037 -222.939 
v -200.055 4.00037 -222.06 
v -200 3.93601 -222.061 
v -200.298 2.75408 -222.783 
v -200.298 2.75408 -222.22 
v -200.355 2.75413 -222.841 
v -200.055 3.93599 -222 
v -200 3.93601 -222.061 
v -200.055 4.00037 -222.06 
v -200.055 3.93599 -223 
v -200.055 3.49193 -223 
v -201 3.49193 -223 
v -201 3.49193 -222 
v -200.055 3.49193 -222 
v -200.055 4.00037 -222.06 
v -200.055 4.00037 -222.939 
v -202 3.49193 -222.061 
v -201.945 3.49193 -222 
v -202 3.49193 -222.939 
v -202 3.49193 -222.939 
v -201.945 3.49193 -223 
v -200 3.49193 -222.061 
v -200 3.49193 -222.061 
v -200 3.49193 -222.939 
v -200.355 2.75413 -222.162 
v -200.298 2.75408 -222.22 

vn -0.913386 -0.0944882 0.401575 
vn -0.913386 -0.110236 -0.401575 
vn -0.393701 -0.826772 -0.409449 
vn -0.409449 -0.80315 0.433071 
vn -0.377953 -0.11811 0.92126 
vn -0.377953 0.00787402 0.929134 
vn -0.929134 0.00787402 0.370079 
vn -0.929134 0.015748 -0.377953 
vn -0.377953 0.00787402 -0.929134 
vn -0.377953 -0.149606 -0.913386 
vn 0 -0.204724 0.976378 
vn 0 0 1 
vn 0 -0.889764 0.448819 
vn 0 -0.905512 -0.425197 
vn 0 -0.889764 0.448819 
vn -0.409449 -0.80315 0.433071 
vn -0.393701 -0.826772 -0.409449 
vn 0 -0.23622 -0.968504 
vn 0 -0.905512 -0.425197 
vn 0 0.00787402 -1 
vn 0.913386 -0.0944882 0.401575 
vn 0.401575 -0.80315 0.433071 
vn 0.393701 -0.826772 -0.409449 
vn 0.913386 -0.110236 -0.401575 
vn 0.401575 -0.80315 0.433071 
vn 0.377953 -0.11811 0.92126 
vn 0.401575 -0.80315 0.433071 
vn 0.393701 -0.826772 -0.409449 
vn 0.377953 -0.149606 -0.913386 
vn 0.913386 -0.0944882 0.401575 
vn -0.874016 0.330709 0.346457 
vn -0.401575 0.834646 0.377953 
vn -0.401575 0.834646 -0.377953 
vn -0.874016 0.330709 -0.346457 
vn -0.393701 0.346457 0.850394 
vn 0 0.362205 0.929134 
vn 0 0.913386 0.401575 
vn -0.401575 0.834646 0.377953 
vn 0 0.913386 0.401575 
vn 0 0.92126 -0.393701 
vn -0.401575 0.834646 -0.377953 
vn 0 0.92126 -0.393701 
vn 0 0.370079 -0.929134 
vn -0.393701 0.346457 -0.850394 
vn 0.874016 0.330709 -0.346457 
vn 0.401575 0.834646 -0.377953 
vn 0.401575 0.834646 0.377953 
vn 0.874016 0.330709 0.346457 
vn 0.929134 0.015748 -0.377953 
vn 0.929134 0.00787402 0.370079 
vn 0.377953 0.00787402 -0.929134 
vn 0.393701 0.346457 0.850394 
vn 0.874016 0.330709 0.346457 
vn 0.401575 0.834646 0.377953 
vn 0.393701 0.346457 -0.850394 
vn 0.385827 -0.173228 -0.905512 
vn 0 -0.102362 -0.992126 
vn 0 -0.110236 0.992126 
vn 0.385827 -0.173228 0.905512 
vn 0.401575 0.834646 0.377953 
vn 0.401575 0.834646 -0.377953 
vn -0.913386 -0.212598 0.354331 
vn -0.385827 -0.173228 0.905512 
vn -0.913386 -0.212598 -0.354331 
vn -0.913386 -0.212598 -0.354331 
vn -0.385827 -0.173228 -0.905512 
vn 0.913386 -0.212598 0.354331 
vn 0.913386 -0.212598 0.354331 
vn 0.913386 -0.212598 -0.354331 
vn 0.377953 0.00787402 0.929134 
vn 0.929134 0.00787402 0.370079 

vt 0.027936 0.500536 
vt 0.027936 0.624816 
vt 0.0232875 0.624816 
vt 0.0232875 0.500536 
vt 0.027936 0.497313 
vt 0.0584295 0.497313 
vt 0.0584295 0.500536 
vt 0.0584295 0.624816 
vt 0.0584295 0.627655 
vt 0.027936 0.627655 
vt 0.027936 0.373755 
vt 0.0584295 0.375154 
vt 0.0232875 0.373634 
vt 0.29305 0.358737 
vt 0.29305 0.235202 
vt 0.33991 0.235202 
vt 0.33991 0.358737 
vt 0.027936 0.749481 
vt 0.0232875 0.749532 
vt 0.0584295 0.748538 
vt 0.027936 0.999574 
vt 0.0232875 0.999574 
vt 0.0232875 0.875088 
vt 0.027936 0.875088 
vt 0.0232875 0.249805 
vt 0.027936 0.252181 
vt 0.246191 0.235202 
vt 0.246191 0.358737 
vt 0.027936 0.871924 
vt 0.027936 0.249805 
vt 0.112758 0.500536 
vt 0.117116 0.500536 
vt 0.117116 0.624816 
vt 0.112758 0.624816 
vt 0.112758 0.497313 
vt 0.112758 0.375117 
vt 0.117116 0.37495 
vt 0.24002 0.358772 
vt 0.19346 0.358773 
vt 0.19346 0.235273 
vt 0.24002 0.235273 
vt 0.117116 0.748933 
vt 0.112758 0.748779 
vt 0.112758 0.627655 
vt 0.112758 0.875088 
vt 0.117116 0.875088 
vt 0.117116 0.999574 
vt 0.112758 0.999574 
vt 0.0584295 0.875088 
vt 0.0584295 0.999574 
vt 0.0584295 0.871924 
vt 0.112758 0.252181 
vt 0.112758 0.249805 
vt 0.117116 0.249805 
vt 0.112758 0.871924 
vt 0.0927188 0.871924 
vt 0.0927188 0.748354 
vt 0.0927188 0.375656 
vt 0.0927188 0.252181 
vt 0.146899 0.358773 
vt 0.146899 0.235273 
vt 0.0927188 0.500536 
vt 0.0927188 0.497313 
vt 0.0927188 0.624816 
vt 0.0927188 0.624581 
vt 0.0927188 0.627655 
vt 0.0927188 0.249805 
vt 0.0927188 0.999574 
vt 0.0927188 0.875088 
vt 0.0584295 0.252181 
vt 0.0584295 0.249805 

usemtl Rolandknightverified1Mtl

f 3238/3238/3238 3239/3239/3239 3240/3240/3240 
f 3240/3240/3240 3241/3241/3241 3238/3238/3238 
f 3242/3242/3242 3243/3243/3243 3244/3244/3244 
f 3244/3244/3244 3238/3238/3238 3242/3242/3242 
f 3245/3245/3245 3239/3239/3239 3238/3238/3238 
f 3238/3238/3238 3244/3244/3244 3245/3245/3245 
f 3245/3245/3245 3246/3246/3246 3247/3247/3247 
f 3247/3247/3247 3239/3239/3239 3245/3245/3245 
f 3242/3242/3242 3238/3238/3238 3241/3241/3241 
f 3247/3247/3247 3240/3240/3240 3239/3239/3239 
f 3248/3248/3248 3249/3249/3249 3243/3243/3243 
f 3243/3243/3243 3242/3242/3242 3248/3248/3248 
f 3250/3250/3250 3248/3248/3248 3242/3242/3242 
f 3242/3242/3242 3241/3241/3241 3250/3250/3250 
f 3251/3251/3251 3252/3252/3252 3253/3253/3253 
f 3253/3253/3253 3254/3254/3254 3251/3251/3251 
f 3240/3240/3240 3247/3247/3247 3255/3255/3255 
f 3255/3255/3255 3256/3256/3256 3240/3240/3240 
f 3246/3246/3246 3257/3257/3257 3255/3255/3255 
f 3255/3255/3255 3247/3247/3247 3246/3246/3246 
f 3258/3258/3258 3259/3259/3259 3260/3260/3260 
f 3260/3260/3260 3261/3261/3261 3258/3258/3258 
f 3262/3262/3262 3263/3263/3263 3248/3248/3248 
f 3248/3248/3248 3250/3250/3250 3262/3262/3262 
f 3264/3264/3264 3252/3252/3252 3251/3251/3251 
f 3251/3251/3251 3265/3265/3265 3264/3264/3264 
f 3260/3260/3260 3256/3256/3256 3255/3255/3255 
f 3255/3255/3255 3266/3266/3266 3260/3260/3260 
f 3261/3261/3261 3260/3260/3260 3266/3266/3266 
f 3262/3262/3262 3267/3267/3267 3263/3263/3263 
f 3268/3268/3268 3269/3269/3269 3270/3270/3270 
f 3270/3270/3270 3271/3271/3271 3268/3268/3268 
f 3269/3269/3269 3272/3272/3272 3273/3273/3273 
f 3273/3273/3273 3274/3274/3274 3269/3269/3269 
f 3275/3275/3275 3276/3276/3276 3277/3277/3277 
f 3277/3277/3277 3278/3278/3278 3275/3275/3275 
f 3279/3279/3279 3280/3280/3280 3281/3281/3281 
f 3281/3281/3281 3270/3270/3270 3279/3279/3279 
f 3271/3271/3271 3270/3270/3270 3281/3281/3281 
f 3269/3269/3269 3268/3268/3268 3272/3272/3272 
f 3282/3282/3282 3283/3283/3283 3284/3284/3284 
f 3284/3284/3284 3285/3285/3285 3282/3282/3282 
f 3286/3286/3286 3287/3287/3287 3258/3258/3258 
f 3258/3258/3258 3261/3261/3261 3286/3286/3286 
f 3266/3266/3266 3288/3288/3288 3286/3286/3286 
f 3286/3286/3286 3261/3261/3261 3266/3266/3266 
f 3289/3289/3289 3290/3290/3290 3291/3291/3291 
f 3292/3292/3292 3283/3283/3283 3282/3282/3282 
f 3280/3280/3280 3292/3292/3292 3293/3293/3293 
f 3293/3293/3293 3294/3294/3294 3280/3280/3280 
f 3289/3289/3289 3273/3273/3273 3295/3295/3295 
f 3295/3295/3295 3296/3296/3296 3289/3289/3289 
f 3291/3291/3291 3274/3274/3274 3273/3273/3273 
f 3273/3273/3273 3289/3289/3289 3291/3291/3291 
f 3277/3277/3277 3276/3276/3276 3297/3297/3297 
f 3297/3297/3297 3298/3298/3298 3277/3277/3277 
f 3283/3283/3283 3292/3292/3292 3280/3280/3280 
f 3280/3280/3280 3279/3279/3279 3283/3283/3283 
f 3299/3299/3299 3300/3300/3300 3272/3272/3272 
f 3272/3272/3272 3268/3268/3268 3299/3299/3299 
f 3271/3271/3271 3301/3301/3301 3299/3299/3299 
f 3299/3299/3299 3268/3268/3268 3271/3271/3271 
f 3302/3302/3302 3271/3271/3271 3281/3281/3281 
f 3281/3281/3281 3303/3303/3303 3302/3302/3302 
f 3272/3272/3272 3300/3300/3300 3295/3295/3295 
f 3295/3295/3295 3273/3273/3273 3272/3272/3272 
f 3280/3280/3280 3294/3294/3294 3303/3303/3303 
f 3303/3303/3303 3281/3281/3281 3280/3280/3280 
f 3304/3304/3304 3290/3290/3290 3289/3289/3289 
f 3289/3289/3289 3296/3296/3296 3304/3304/3304 
f 3285/3285/3285 3305/3305/3305 3306/3306/3306 
f 3306/3306/3306 3282/3282/3282 3285/3285/3285 
f 3306/3306/3306 3293/3293/3293 3292/3292/3292 
f 3292/3292/3292 3282/3282/3282 3306/3306/3306 
f 3288/3288/3288 3266/3266/3266 3255/3255/3255 
f 3255/3255/3255 3257/3257/3257 3288/3288/3288 
f 3248/3248/3248 3263/3263/3263 3307/3307/3307 
f 3307/3307/3307 3249/3249/3249 3248/3248/3248 
f 3308/3308/3308 3307/3307/3307 3263/3263/3263 
f 3263/3263/3263 3267/3267/3267 3308/3308/3308 
f 3306/3306/3306 3305/3305/3305 3287/3287/3287 
f 3287/3287/3287 3286/3286/3286 3306/3306/3306 
f 3308/3308/3308 3304/3304/3304 3296/3296/3296 
f 3296/3296/3296 3307/3307/3307 3308/3308/3308 
f 3307/3307/3307 3296/3296/3296 3295/3295/3295 
f 3295/3295/3295 3249/3249/3249 3307/3307/3307 
f 3295/3295/3295 3300/3300/3300 3243/3243/3243 
f 3243/3243/3243 3249/3249/3249 3295/3295/3295 
f 3300/3300/3300 3299/3299/3299 3244/3244/3244 
f 3244/3244/3244 3243/3243/3243 3300/3300/3300 
f 3301/3301/3301 3245/3245/3245 3244/3244/3244 
f 3244/3244/3244 3299/3299/3299 3301/3301/3301 
f 3245/3245/3245 3302/3302/3302 3303/3303/3303 
f 3303/3303/3303 3246/3246/3246 3245/3245/3245 
f 3294/3294/3294 3257/3257/3257 3246/3246/3246 
f 3246/3246/3246 3303/3303/3303 3294/3294/3294 
f 3294/3294/3294 3293/3293/3293 3288/3288/3288 
f 3288/3288/3288 3257/3257/3257 3294/3294/3294 
f 3293/3293/3293 3306/3306/3306 3286/3286/3286 
f 3286/3286/3286 3288/3288/3288 3293/3293/3293 

g Rolandknightverified6

v -200.706 3.92167 -222.206 
v -200.787 3.89879 -222.287 
v -200.754 3.89879 -222.328 
v -200.66 3.92167 -222.262 
v -200.637 3.98683 -222.137 
v -200.58 3.98683 -222.206 
v -200.591 4.08436 -222.091 
v -200.526 4.08436 -222.168 
v -200.575 4.19939 -222.075 
v -200.508 4.19939 -222.155 
v -200.575 4.80061 -222.075 
v -200.508 4.80061 -222.155 
v -200.591 4.91564 -222.091 
v -200.526 4.91564 -222.168 
v -200.637 5.01317 -222.137 
v -200.58 5.01317 -222.206 
v -200.706 5.07833 -222.206 
v -200.66 5.07833 -222.262 
v -200.787 5.10121 -222.287 
v -200.754 5.10121 -222.328 
v -200.728 3.89879 -222.373 
v -200.623 3.92167 -222.324 
v -200.535 3.98683 -222.283 
v -200.476 4.08436 -222.256 
v -200.455 4.19939 -222.246 
v -200.455 4.80061 -222.246 
v -200.476 4.91564 -222.256 
v -200.535 5.01317 -222.283 
v -200.623 5.07833 -222.324 
v -200.728 5.10121 -222.373 
v -200.71 3.89879 -222.422 
v -200.599 3.92167 -222.392 
v -200.504 3.98683 -222.367 
v -200.441 4.08436 -222.35 
v -200.419 4.19939 -222.344 
v -200.419 4.80061 -222.344 
v -200.441 4.91564 -222.35 
v -200.504 5.01317 -222.367 
v -200.599 5.07833 -222.392 
v -200.71 5.10121 -222.422 
v -200.701 3.89879 -222.474 
v -200.586 3.92167 -222.464 
v -200.489 3.98683 -222.455 
v -200.424 4.08436 -222.45 
v -200.401 4.19939 -222.448 
v -200.401 4.80061 -222.448 
v -200.424 4.91564 -222.45 
v -200.489 5.01317 -222.455 
v -200.586 5.07833 -222.464 
v -200.701 5.10121 -222.474 
v -200.701 3.89879 -222.526 
v -200.586 3.92167 -222.536 
v -200.489 3.98683 -222.545 
v -200.424 4.08436 -222.55 
v -200.401 4.19939 -222.552 
v -200.401 4.80061 -222.552 
v -200.424 4.91564 -222.55 
v -200.489 5.01317 -222.545 
v -200.586 5.07833 -222.536 
v -200.701 5.10121 -222.526 
v -200.71 3.89879 -222.578 
v -200.599 3.92167 -222.608 
v -200.504 3.98683 -222.633 
v -200.441 4.08436 -222.65 
v -200.419 4.19939 -222.656 
v -200.419 4.80061 -222.656 
v -200.441 4.91564 -222.65 
v -200.504 5.01317 -222.633 
v -200.599 5.07833 -222.608 
v -200.71 5.10121 -222.578 
v -200.728 3.89879 -222.627 
v -200.623 3.92167 -222.676 
v -200.535 3.98683 -222.717 
v -200.476 4.08436 -222.744 
v -200.455 4.19939 -222.754 
v -200.455 4.80061 -222.754 
v -200.476 4.91564 -222.744 
v -200.535 5.01317 -222.717 
v -200.623 5.07833 -222.676 
v -200.728 5.10121 -222.627 
v -200.754 3.89879 -222.672 
v -200.66 3.92167 -222.738 
v -200.58 3.98683 -222.794 
v -200.526 4.08436 -222.832 
v -200.508 4.19939 -222.845 
v -200.508 4.80061 -222.845 
v -200.526 4.91564 -222.832 
v -200.58 5.01317 -222.794 
v -200.66 5.07833 -222.738 
v -200.754 5.10121 -222.672 
v -200.787 3.89879 -222.713 
v -200.706 3.92167 -222.794 
v -200.637 3.98683 -222.863 
v -200.591 4.08436 -222.909 
v -200.575 4.19939 -222.925 
v -200.575 4.80061 -222.925 
v -200.591 4.91564 -222.909 
v -200.637 5.01317 -222.863 
v -200.706 5.07833 -222.794 
v -200.787 5.10121 -222.713 
v -201 5.10121 -222.5 
v -200.787 5.10121 -222.713 
v -200.815 5.10121 -222.737 
v -200.854 5.10121 -222.763 
v -200.905 5.10121 -222.785 
v -200.967 5.10121 -222.799 
v -201.033 5.10121 -222.799 
v -201.095 5.10121 -222.785 
v -201.146 5.10121 -222.763 
v -201.185 5.10121 -222.737 
v -201.213 5.10121 -222.713 
v -201.237 5.10121 -222.685 
v -201.263 5.10121 -222.646 
v -201.285 5.10121 -222.595 
v -201.299 5.10121 -222.533 
v -201.299 5.10121 -222.467 
v -201.285 5.10121 -222.405 
v -201.263 5.10121 -222.354 
v -201.237 5.10121 -222.315 
v -201.213 5.10121 -222.287 
v -201.185 5.10121 -222.263 
v -201.146 5.10121 -222.237 
v -201.095 5.10121 -222.215 
v -201.033 5.10121 -222.201 
v -200.967 5.10121 -222.201 
v -200.905 5.10121 -222.215 
v -200.854 5.10121 -222.237 
v -200.815 5.10121 -222.263 
v -200.787 5.10121 -222.287 
v -200.754 5.10121 -222.328 
v -200.728 5.10121 -222.373 
v -200.71 5.10121 -222.422 
v -200.701 5.10121 -222.474 
v -200.701 5.10121 -222.526 
v -200.71 5.10121 -222.578 
v -200.728 5.10121 -222.627 
v -200.754 5.10121 -222.672 
v -201.294 3.92167 -222.206 
v -201.213 3.89879 -222.287 
v -201.172 3.89879 -222.254 
v -201.238 3.92167 -222.16 
v -201.363 3.98683 -222.137 
v -201.294 3.98683 -222.08 
v -201.409 4.08436 -222.091 
v -201.332 4.08436 -222.026 
v -201.425 4.19939 -222.075 
v -201.345 4.19939 -222.008 
v -201.425 4.80061 -222.075 
v -201.345 4.80061 -222.008 
v -201.409 4.91564 -222.091 
v -201.332 4.91564 -222.026 
v -201.363 5.01317 -222.137 
v -201.294 5.01317 -222.08 
v -201.294 5.07833 -222.206 
v -201.238 5.07833 -222.16 
v -201.213 5.10121 -222.287 
v -201.185 5.10121 -222.263 
v -201.127 3.89879 -222.228 
v -201.176 3.92167 -222.123 
v -201.217 3.98683 -222.035 
v -201.244 4.08436 -221.976 
v -201.254 4.19939 -221.955 
v -201.254 4.80061 -221.955 
v -201.244 4.91564 -221.976 
v -201.217 5.01317 -222.035 
v -201.176 5.07833 -222.123 
v -201.146 5.10121 -222.237 
v -201.078 3.89879 -222.21 
v -201.108 3.92167 -222.099 
v -201.133 3.98683 -222.004 
v -201.15 4.08436 -221.941 
v -201.156 4.19939 -221.919 
v -201.156 4.80061 -221.919 
v -201.15 4.91564 -221.941 
v -201.133 5.01317 -222.004 
v -201.108 5.07833 -222.099 
v -201.095 5.10121 -222.215 
v -201.026 3.89879 -222.201 
v -201.036 3.92167 -222.086 
v -201.045 3.98683 -221.989 
v -201.05 4.08436 -221.924 
v -201.052 4.19939 -221.901 
v -201.052 4.80061 -221.901 
v -201.05 4.91564 -221.924 
v -201.045 5.01317 -221.989 
v -201.036 5.07833 -222.086 
v -201.033 5.10121 -222.201 
v -200.974 3.89879 -222.201 
v -200.964 3.92167 -222.086 
v -200.955 3.98683 -221.989 
v -200.95 4.08436 -221.924 
v -200.948 4.19939 -221.901 
v -200.948 4.80061 -221.901 
v -200.95 4.91564 -221.924 
v -200.955 5.01317 -221.989 
v -200.964 5.07833 -222.086 
v -200.967 5.10121 -222.201 
v -200.922 3.89879 -222.21 
v -200.892 3.92167 -222.099 
v -200.867 3.98683 -222.004 
v -200.85 4.08436 -221.941 
v -200.844 4.19939 -221.919 
v -200.844 4.80061 -221.919 
v -200.85 4.91564 -221.941 
v -200.867 5.01317 -222.004 
v -200.892 5.07833 -222.099 
v -200.905 5.10121 -222.215 
v -200.873 3.89879 -222.228 
v -200.824 3.92167 -222.123 
v -200.783 3.98683 -222.035 
v -200.756 4.08436 -221.976 
v -200.746 4.19939 -221.955 
v -200.746 4.80061 -221.955 
v -200.756 4.91564 -221.976 
v -200.783 5.01317 -222.035 
v -200.824 5.07833 -222.123 
v -200.854 5.10121 -222.237 
v -200.828 3.89879 -222.254 
v -200.762 3.92167 -222.16 
v -200.706 3.98683 -222.08 
v -200.668 4.08436 -222.026 
v -200.655 4.19939 -222.008 
v -200.655 4.80061 -222.008 
v -200.668 4.91564 -222.026 
v -200.706 5.01317 -222.08 
v -200.762 5.07833 -222.16 
v -200.815 5.10121 -222.263 
v -201.294 3.92167 -222.794 
v -201.213 3.89879 -222.713 
v -201.246 3.89879 -222.672 
v -201.34 3.92167 -222.738 
v -201.363 3.98683 -222.863 
v -201.42 3.98683 -222.794 
v -201.409 4.08436 -222.909 
v -201.474 4.08436 -222.832 
v -201.425 4.19939 -222.925 
v -201.493 4.19939 -222.845 
v -201.425 4.80061 -222.925 
v -201.493 4.80061 -222.845 
v -201.409 4.91564 -222.909 
v -201.474 4.91564 -222.832 
v -201.363 5.01317 -222.863 
v -201.42 5.01317 -222.794 
v -201.294 5.07833 -222.794 
v -201.34 5.07833 -222.738 
v -201.213 5.10121 -222.713 
v -201.237 5.10121 -222.685 
v -201.272 3.89879 -222.627 
v -201.377 3.92167 -222.676 
v -201.465 3.98683 -222.717 
v -201.524 4.08436 -222.744 
v -201.545 4.19939 -222.754 
v -201.545 4.80061 -222.754 
v -201.524 4.91564 -222.744 
v -201.465 5.01317 -222.717 
v -201.377 5.07833 -222.676 
v -201.263 5.10121 -222.646 
v -201.29 3.89879 -222.578 
v -201.402 3.92167 -222.608 
v -201.496 3.98683 -222.633 
v -201.559 4.08436 -222.65 
v -201.581 4.19939 -222.656 
v -201.581 4.80061 -222.656 
v -201.559 4.91564 -222.65 
v -201.496 5.01317 -222.633 
v -201.402 5.07833 -222.608 
v -201.285 5.10121 -222.595 
v -201.299 3.89879 -222.526 
v -201.414 3.92167 -222.536 
v -201.511 3.98683 -222.545 
v -201.576 4.08436 -222.55 
v -201.599 4.19939 -222.552 
v -201.599 4.80061 -222.552 
v -201.576 4.91564 -222.55 
v -201.511 5.01317 -222.545 
v -201.414 5.07833 -222.536 
v -201.299 5.10121 -222.533 
v -201.299 3.89879 -222.474 
v -201.414 3.92167 -222.464 
v -201.511 3.98683 -222.455 
v -201.576 4.08436 -222.45 
v -201.599 4.19939 -222.448 
v -201.599 4.80061 -222.448 
v -201.576 4.91564 -222.45 
v -201.511 5.01317 -222.455 
v -201.414 5.07833 -222.464 
v -201.299 5.10121 -222.467 
v -201.29 3.89879 -222.422 
v -201.402 3.92167 -222.392 
v -201.496 3.98683 -222.367 
v -201.559 4.08436 -222.35 
v -201.581 4.19939 -222.344 
v -201.581 4.80061 -222.344 
v -201.559 4.91564 -222.35 
v -201.496 5.01317 -222.367 
v -201.402 5.07833 -222.392 
v -201.285 5.10121 -222.405 
v -201.272 3.89879 -222.373 
v -201.377 3.92167 -222.324 
v -201.465 3.98683 -222.283 
v -201.524 4.08436 -222.256 
v -201.545 4.19939 -222.246 
v -201.545 4.80061 -222.246 
v -201.524 4.91564 -222.256 
v -201.465 5.01317 -222.283 
v -201.377 5.07833 -222.324 
v -201.263 5.10121 -222.354 
v -201.246 3.89879 -222.328 
v -201.34 3.92167 -222.262 
v -201.42 3.98683 -222.206 
v -201.474 4.08436 -222.168 
v -201.493 4.19939 -222.155 
v -201.493 4.80061 -222.155 
v -201.474 4.91564 -222.168 
v -201.42 5.01317 -222.206 
v -201.34 5.07833 -222.262 
v -201.237 5.10121 -222.315 
v -201.246 3.89879 -222.672 
v -201.213 3.89879 -222.713 
v -201.185 3.89879 -222.737 
v -201.165 3.89879 -222.665 
v -201.272 3.89879 -222.627 
v -201.19 3.89879 -222.636 
v -201.29 3.89879 -222.578 
v -201.215 3.89879 -222.592 
v -201.299 3.89879 -222.526 
v -201.231 3.89879 -222.533 
v -201.299 3.89879 -222.474 
v -201.231 3.89879 -222.467 
v -201.29 3.89879 -222.422 
v -201.215 3.89879 -222.408 
v -201.272 3.89879 -222.373 
v -201.19 3.89879 -222.364 
v -201.246 3.89879 -222.328 
v -201.165 3.89879 -222.335 
v -201.213 3.89879 -222.287 
v -201.172 3.89879 -222.254 
v -201.146 3.89879 -222.763 
v -201.136 3.89879 -222.69 
v -201.118 3.89879 -222.618 
v -201.143 3.89879 -222.586 
v -201.164 3.89879 -222.533 
v -201.164 3.89879 -222.467 
v -201.143 3.89879 -222.414 
v -201.118 3.89879 -222.382 
v -201.136 3.89879 -222.31 
v -201.127 3.89879 -222.228 
v -201.095 3.89879 -222.785 
v -201.092 3.89879 -222.715 
v -201.086 3.89879 -222.643 
v -201.071 3.89879 -222.571 
v -201.095 3.89879 -222.532 
v -201.095 3.89879 -222.468 
v -201.071 3.89879 -222.429 
v -201.086 3.89879 -222.357 
v -201.092 3.89879 -222.285 
v -201.078 3.89879 -222.21 
v -201.033 3.89879 -222.799 
v -201.033 3.89879 -222.731 
v -201.033 3.89879 -222.664 
v -201.032 3.89879 -222.595 
v -201.024 3.89879 -222.524 
v -201.024 3.89879 -222.476 
v -201.032 3.89879 -222.405 
v -201.033 3.89879 -222.336 
v -201.033 3.89879 -222.269 
v -201.026 3.89879 -222.201 
v -200.967 3.89879 -222.799 
v -200.967 3.89879 -222.731 
v -200.967 3.89879 -222.664 
v -200.968 3.89879 -222.595 
v -200.976 3.89879 -222.524 
v -200.976 3.89879 -222.476 
v -200.968 3.89879 -222.405 
v -200.967 3.89879 -222.336 
v -200.967 3.89879 -222.269 
v -200.974 3.89879 -222.201 
v -200.905 3.89879 -222.785 
v -200.908 3.89879 -222.715 
v -200.914 3.89879 -222.643 
v -200.929 3.89879 -222.571 
v -200.905 3.89879 -222.532 
v -200.905 3.89879 -222.468 
v -200.929 3.89879 -222.429 
v -200.914 3.89879 -222.357 
v -200.908 3.89879 -222.285 
v -200.922 3.89879 -222.21 
v -200.854 3.89879 -222.763 
v -200.864 3.89879 -222.69 
v -200.882 3.89879 -222.618 
v -200.857 3.89879 -222.586 
v -200.836 3.89879 -222.533 
v -200.836 3.89879 -222.467 
v -200.857 3.89879 -222.414 
v -200.882 3.89879 -222.382 
v -200.864 3.89879 -222.31 
v -200.873 3.89879 -222.228 
v -200.815 3.89879 -222.737 
v -200.835 3.89879 -222.665 
v -200.81 3.89879 -222.636 
v -200.785 3.89879 -222.592 
v -200.769 3.89879 -222.533 
v -200.769 3.89879 -222.467 
v -200.785 3.89879 -222.408 
v -200.81 3.89879 -222.364 
v -200.835 3.89879 -222.335 
v -200.828 3.89879 -222.254 
v -200.787 3.89879 -222.713 
v -200.754 3.89879 -222.672 
v -200.728 3.89879 -222.627 
v -200.71 3.89879 -222.578 
v -200.701 3.89879 -222.526 
v -200.701 3.89879 -222.474 
v -200.71 3.89879 -222.422 
v -200.728 3.89879 -222.373 
v -200.754 3.89879 -222.328 
v -200.787 3.89879 -222.287 
v -200.706 3.92167 -222.794 
v -200.787 3.89879 -222.713 
v -200.815 3.89879 -222.737 
v -200.762 3.92167 -222.84 
v -200.637 3.98683 -222.863 
v -200.706 3.98683 -222.92 
v -200.591 4.08436 -222.909 
v -200.668 4.08436 -222.974 
v -200.575 4.19939 -222.925 
v -200.655 4.19939 -222.992 
v -200.575 4.80061 -222.925 
v -200.655 4.80061 -222.992 
v -200.591 4.91564 -222.909 
v -200.668 4.91564 -222.974 
v -200.637 5.01317 -222.863 
v -200.706 5.01317 -222.92 
v -200.706 5.07833 -222.794 
v -200.762 5.07833 -222.84 
v -200.787 5.10121 -222.713 
v -200.815 5.10121 -222.737 
v -200.854 3.89879 -222.763 
v -200.824 3.92167 -222.877 
v -200.783 3.98683 -222.965 
v -200.756 4.08436 -223.024 
v -200.746 4.19939 -223.045 
v -200.746 4.80061 -223.045 
v -200.756 4.91564 -223.024 
v -200.783 5.01317 -222.965 
v -200.824 5.07833 -222.877 
v -200.854 5.10121 -222.763 
v -200.905 3.89879 -222.785 
v -200.892 3.92167 -222.901 
v -200.867 3.98683 -222.996 
v -200.85 4.08436 -223.059 
v -200.844 4.19939 -223.081 
v -200.844 4.80061 -223.081 
v -200.85 4.91564 -223.059 
v -200.867 5.01317 -222.996 
v -200.892 5.07833 -222.901 
v -200.905 5.10121 -222.785 
v -200.967 3.89879 -222.799 
v -200.964 3.92167 -222.914 
v -200.955 3.98683 -223.011 
v -200.95 4.08436 -223.076 
v -200.948 4.19939 -223.099 
v -200.948 4.80061 -223.099 
v -200.95 4.91564 -223.076 
v -200.955 5.01317 -223.011 
v -200.964 5.07833 -222.914 
v -200.967 5.10121 -222.799 
v -201.033 3.89879 -222.799 
v -201.036 3.92167 -222.914 
v -201.045 3.98683 -223.011 
v -201.05 4.08436 -223.076 
v -201.052 4.19939 -223.099 
v -201.052 4.80061 -223.099 
v -201.05 4.91564 -223.076 
v -201.045 5.01317 -223.011 
v -201.036 5.07833 -222.914 
v -201.033 5.10121 -222.799 
v -201.095 3.89879 -222.785 
v -201.108 3.92167 -222.901 
v -201.133 3.98683 -222.996 
v -201.15 4.08436 -223.059 
v -201.156 4.19939 -223.081 
v -201.156 4.80061 -223.081 
v -201.15 4.91564 -223.059 
v -201.133 5.01317 -222.996 
v -201.108 5.07833 -222.901 
v -201.095 5.10121 -222.785 
v -201.146 3.89879 -222.763 
v -201.176 3.92167 -222.877 
v -201.217 3.98683 -222.965 
v -201.244 4.08436 -223.024 
v -201.254 4.19939 -223.045 
v -201.254 4.80061 -223.045 
v -201.244 4.91564 -223.024 
v -201.217 5.01317 -222.965 
v -201.176 5.07833 -222.877 
v -201.146 5.10121 -222.763 
v -201.185 3.89879 -222.737 
v -201.238 3.92167 -222.84 
v -201.294 3.98683 -222.92 
v -201.332 4.08436 -222.974 
v -201.345 4.19939 -222.992 
v -201.345 4.80061 -222.992 
v -201.332 4.91564 -222.974 
v -201.294 5.01317 -222.92 
v -201.238 5.07833 -222.84 
v -201.185 5.10121 -222.737 
v -201.213 3.89879 -222.713 
v -201.294 3.92167 -222.794 
v -201.363 3.98683 -222.863 
v -201.409 4.08436 -222.909 
v -201.425 4.19939 -222.925 
v -201.425 4.80061 -222.925 
v -201.409 4.91564 -222.909 
v -201.363 5.01317 -222.863 
v -201.294 5.07833 -222.794 
v -201.213 5.10121 -222.713 

vn 0.267717 -0.92126 0.267717 
vn 0 -1 0 
vn 0 -1 0 
vn 0.314961 -0.92126 0.220472 
vn 0.503937 -0.708661 0.503937 
vn 0.582677 -0.708661 0.409449 
vn 0.653543 -0.385827 0.653543 
vn 0.755906 -0.385827 0.527559 
vn 0.708661 0 0.708661 
vn 0.818898 0 0.574803 
vn 0.708661 0 0.708661 
vn 0.818898 0 0.574803 
vn 0.653543 0.385827 0.653543 
vn 0.755906 0.385827 0.527559 
vn 0.503937 0.708661 0.503937 
vn 0.582677 0.708661 0.409449 
vn 0.267717 0.92126 0.267717 
vn 0.314961 0.92126 0.220472 
vn 0 1 0 
vn 0 1 0 
vn 0 -1 0 
vn 0.346457 -0.92126 0.165354 
vn 0.637795 -0.708661 0.299213 
vn 0.834646 -0.385827 0.393701 
vn 0.905512 0 0.425197 
vn 0.905512 0 0.425197 
vn 0.834646 0.385827 0.393701 
vn 0.637795 0.708661 0.299213 
vn 0.346457 0.92126 0.165354 
vn 0 1 0 
vn 0 -1 0 
vn 0.370079 -0.92126 0.102362 
vn 0.685039 -0.708661 0.181102 
vn 0.889764 -0.385827 0.23622 
vn 0.968504 0 0.259843 
vn 0.968504 0 0.259843 
vn 0.889764 0.385827 0.23622 
vn 0.685039 0.708661 0.181102 
vn 0.370079 0.92126 0.102362 
vn 0 1 0 
vn 0 -1 0 
vn 0.377953 -0.92126 0.0314961 
vn 0.700787 -0.708661 0.0629921 
vn 0.92126 -0.385827 0.0787402 
vn 1 0 0.0866142 
vn 1 0 0.0866142 
vn 0.92126 0.385827 0.0787402 
vn 0.700787 0.708661 0.0629921 
vn 0.377953 0.92126 0.0314961 
vn 0 1 0 
vn 0 -1 0 
vn 0.377953 -0.92126 -0.0314961 
vn 0.700787 -0.708661 -0.0629921 
vn 0.92126 -0.385827 -0.0787402 
vn 1 0 -0.0866142 
vn 1 0 -0.0866142 
vn 0.92126 0.385827 -0.0787402 
vn 0.700787 0.708661 -0.0629921 
vn 0.377953 0.92126 -0.0314961 
vn 0 1 0 
vn 0 -1 0 
vn 0.370079 -0.92126 -0.102362 
vn 0.685039 -0.708661 -0.181102 
vn 0.889764 -0.385827 -0.23622 
vn 0.968504 0 -0.259843 
vn 0.968504 0 -0.259843 
vn 0.889764 0.385827 -0.23622 
vn 0.685039 0.708661 -0.181102 
vn 0.370079 0.92126 -0.102362 
vn 0 1 0 
vn 0 -1 0 
vn 0.346457 -0.92126 -0.165354 
vn 0.637795 -0.708661 -0.299213 
vn 0.834646 -0.385827 -0.393701 
vn 0.905512 0 -0.425197 
vn 0.905512 0 -0.425197 
vn 0.834646 0.385827 -0.393701 
vn 0.637795 0.708661 -0.299213 
vn 0.346457 0.92126 -0.165354 
vn 0 1 0 
vn 0 -1 0 
vn 0.314961 -0.92126 -0.220472 
vn 0.582677 -0.708661 -0.409449 
vn 0.755906 -0.385827 -0.527559 
vn 0.818898 0 -0.574803 
vn 0.818898 0 -0.574803 
vn 0.755906 0.385827 -0.527559 
vn 0.582677 0.708661 -0.409449 
vn 0.314961 0.92126 -0.220472 
vn 0 1 0 
vn 0 -1 0 
vn 0.267717 -0.92126 -0.267717 
vn 0.503937 -0.708661 -0.496063 
vn 0.653543 -0.385827 -0.653543 
vn 0.708661 0 -0.708661 
vn 0.708661 0 -0.708661 
vn 0.653543 0.385827 -0.653543 
vn 0.503937 0.708661 -0.496063 
vn 0.267717 0.92126 -0.267717 
vn 0 1 0 
vn 0 1 0 
vn 0 1 0 
vn 0 1 0 
vn 0 1 0 
vn 0 1 0 
vn 0 1 0 
vn 0 1 0 
vn 0 1 0 
vn 0 1 0 
vn 0 1 0 
vn 0 1 0 
vn 0 1 0 
vn 0 1 0 
vn 0 1 0 
vn 0 1 0 
vn 0 1 0 
vn 0 1 0 
vn 0 1 0 
vn 0 1 0 
vn 0 1 0 
vn 0 1 0 
vn 0 1 0 
vn 0 1 0 
vn 0 1 0 
vn 0 1 0 
vn 0 1 0 
vn 0 1 0 
vn 0 1 0 
vn 0 1 0 
vn 0 1 0 
vn 0 1 0 
vn 0 1 0 
vn 0 1 0 
vn 0 1 0 
vn 0 1 0 
vn 0 1 0 
vn 0 1 0 
vn -0.267717 -0.92126 0.267717 
vn 0 -1 0 
vn 0 -1 0 
vn -0.220472 -0.92126 0.314961 
vn -0.496063 -0.708661 0.503937 
vn -0.409449 -0.708661 0.582677 
vn -0.653543 -0.385827 0.653543 
vn -0.527559 -0.385827 0.755906 
vn -0.708661 0 0.708661 
vn -0.574803 0 0.818898 
vn -0.708661 0 0.708661 
vn -0.574803 0 0.818898 
vn -0.653543 0.385827 0.653543 
vn -0.527559 0.385827 0.755906 
vn -0.496063 0.708661 0.503937 
vn -0.409449 0.708661 0.582677 
vn -0.267717 0.92126 0.267717 
vn -0.220472 0.92126 0.314961 
vn 0 1 0 
vn 0 1 0 
vn 0 -1 0 
vn -0.165354 -0.92126 0.346457 
vn -0.299213 -0.708661 0.637795 
vn -0.393701 -0.385827 0.834646 
vn -0.425197 0 0.905512 
vn -0.425197 0 0.905512 
vn -0.393701 0.385827 0.834646 
vn -0.299213 0.708661 0.637795 
vn -0.165354 0.92126 0.346457 
vn 0 1 0 
vn 0 -1 0 
vn -0.102362 -0.92126 0.370079 
vn -0.181102 -0.708661 0.685039 
vn -0.23622 -0.385827 0.889764 
vn -0.259843 0 0.968504 
vn -0.259843 0 0.968504 
vn -0.23622 0.385827 0.889764 
vn -0.181102 0.708661 0.685039 
vn -0.102362 0.92126 0.370079 
vn 0 1 0 
vn 0 -1 0 
vn -0.0314961 -0.92126 0.377953 
vn -0.0629921 -0.708661 0.700787 
vn -0.0787402 -0.385827 0.92126 
vn -0.0866142 0 1 
vn -0.0866142 0 1 
vn -0.0787402 0.385827 0.92126 
vn -0.0629921 0.708661 0.700787 
vn -0.0314961 0.92126 0.377953 
vn 0 1 0 
vn 0 -1 0 
vn 0.0314961 -0.92126 0.377953 
vn 0.0629921 -0.708661 0.700787 
vn 0.0787402 -0.385827 0.92126 
vn 0.0866142 0 1 
vn 0.0866142 0 1 
vn 0.0787402 0.385827 0.92126 
vn 0.0629921 0.708661 0.700787 
vn 0.0314961 0.92126 0.377953 
vn 0 1 0 
vn 0 -1 0 
vn 0.102362 -0.92126 0.370079 
vn 0.181102 -0.708661 0.685039 
vn 0.23622 -0.385827 0.889764 
vn 0.259843 0 0.968504 
vn 0.259843 0 0.968504 
vn 0.23622 0.385827 0.889764 
vn 0.181102 0.708661 0.685039 
vn 0.102362 0.92126 0.370079 
vn 0 1 0 
vn 0 -1 0 
vn 0.165354 -0.92126 0.346457 
vn 0.299213 -0.708661 0.637795 
vn 0.393701 -0.385827 0.834646 
vn 0.425197 0 0.905512 
vn 0.425197 0 0.905512 
vn 0.393701 0.385827 0.834646 
vn 0.299213 0.708661 0.637795 
vn 0.165354 0.92126 0.346457 
vn 0 1 0 
vn 0 -1 0 
vn 0.220472 -0.92126 0.314961 
vn 0.409449 -0.708661 0.582677 
vn 0.527559 -0.385827 0.755906 
vn 0.574803 0 0.818898 
vn 0.574803 0 0.818898 
vn 0.527559 0.385827 0.755906 
vn 0.409449 0.708661 0.582677 
vn 0.220472 0.92126 0.314961 
vn 0 1 0 
vn -0.267717 -0.92126 -0.267717 
vn 0 -1 0 
vn 0 -1 0 
vn -0.314961 -0.92126 -0.220472 
vn -0.496063 -0.708661 -0.496063 
vn -0.582677 -0.708661 -0.409449 
vn -0.653543 -0.385827 -0.653543 
vn -0.755906 -0.385827 -0.527559 
vn -0.708661 0 -0.708661 
vn -0.818898 0 -0.574803 
vn -0.708661 0 -0.708661 
vn -0.818898 0 -0.574803 
vn -0.653543 0.385827 -0.653543 
vn -0.755906 0.385827 -0.527559 
vn -0.496063 0.708661 -0.496063 
vn -0.582677 0.708661 -0.409449 
vn -0.267717 0.92126 -0.267717 
vn -0.314961 0.92126 -0.220472 
vn 0 1 0 
vn 0 1 0 
vn 0 -1 0 
vn -0.346457 -0.92126 -0.165354 
vn -0.637795 -0.708661 -0.299213 
vn -0.834646 -0.385827 -0.393701 
vn -0.905512 0 -0.425197 
vn -0.905512 0 -0.425197 
vn -0.834646 0.385827 -0.393701 
vn -0.637795 0.708661 -0.299213 
vn -0.346457 0.92126 -0.165354 
vn 0 1 0 
vn 0 -1 0 
vn -0.370079 -0.92126 -0.102362 
vn -0.685039 -0.708661 -0.181102 
vn -0.889764 -0.385827 -0.23622 
vn -0.968504 0 -0.259843 
vn -0.968504 0 -0.259843 
vn -0.889764 0.385827 -0.23622 
vn -0.685039 0.708661 -0.181102 
vn -0.370079 0.92126 -0.102362 
vn 0 1 0 
vn 0 -1 0 
vn -0.377953 -0.92126 -0.0314961 
vn -0.700787 -0.708661 -0.0629921 
vn -0.92126 -0.385827 -0.0787402 
vn -1 0 -0.0866142 
vn -1 0 -0.0866142 
vn -0.92126 0.385827 -0.0787402 
vn -0.700787 0.708661 -0.0629921 
vn -0.377953 0.92126 -0.0314961 
vn 0 1 0 
vn 0 -1 0 
vn -0.377953 -0.92126 0.0314961 
vn -0.700787 -0.708661 0.0629921 
vn -0.92126 -0.385827 0.0787402 
vn -1 0 0.0866142 
vn -1 0 0.0866142 
vn -0.92126 0.385827 0.0787402 
vn -0.700787 0.708661 0.0629921 
vn -0.377953 0.92126 0.0314961 
vn 0 1 0 
vn 0 -1 0 
vn -0.370079 -0.92126 0.102362 
vn -0.685039 -0.708661 0.181102 
vn -0.889764 -0.385827 0.23622 
vn -0.968504 0 0.259843 
vn -0.968504 0 0.259843 
vn -0.889764 0.385827 0.23622 
vn -0.685039 0.708661 0.181102 
vn -0.370079 0.92126 0.102362 
vn 0 1 0 
vn 0 -1 0 
vn -0.346457 -0.92126 0.165354 
vn -0.637795 -0.708661 0.299213 
vn -0.834646 -0.385827 0.393701 
vn -0.905512 0 0.425197 
vn -0.905512 0 0.425197 
vn -0.834646 0.385827 0.393701 
vn -0.637795 0.708661 0.299213 
vn -0.346457 0.92126 0.165354 
vn 0 1 0 
vn 0 -1 0 
vn -0.314961 -0.92126 0.220472 
vn -0.582677 -0.708661 0.409449 
vn -0.755906 -0.385827 0.527559 
vn -0.818898 0 0.574803 
vn -0.818898 0 0.574803 
vn -0.755906 0.385827 0.527559 
vn -0.582677 0.708661 0.409449 
vn -0.314961 0.92126 0.220472 
vn 0 1 0 
vn 0 -1 0 
vn 0 -1 0 
vn 0 -1 0 
vn 0 -1 0 
vn 0 -1 0 
vn 0 -1 0 
vn 0 -1 0 
vn 0 -1 0 
vn 0 -1 0 
vn 0 -1 0 
vn 0 -1 0 
vn 0 -1 0 
vn 0 -1 0 
vn 0 -1 0 
vn 0 -1 0 
vn 0 -1 0 
vn 0 -1 0 
vn 0 -1 0 
vn 0 -1 0 
vn 0 -1 0 
vn 0 -1 0 
vn 0 -1 0 
vn 0 -1 0 
vn 0 -1 0 
vn 0 -1 0 
vn 0 -1 0 
vn 0 -1 0 
vn 0 -1 0 
vn 0 -1 0 
vn 0 -1 0 
vn 0 -1 0 
vn 0 -1 0 
vn 0 -1 0 
vn 0 -1 0 
vn 0 -1 0 
vn 0 -1 0 
vn 0 -1 0 
vn 0 -1 0 
vn 0 -1 0 
vn 0 -1 0 
vn 0 -1 0 
vn 0 -1 0 
vn 0 -1 0 
vn 0 -1 0 
vn 0 -1 0 
vn 0 -1 0 
vn 0 -1 0 
vn 0 -1 0 
vn 0 -1 0 
vn 0 -1 0 
vn 0 -1 0 
vn 0 -1 0 
vn 0 -1 0 
vn 0 -1 0 
vn 0 -1 0 
vn 0 -1 0 
vn 0 -1 0 
vn 0 -1 0 
vn 0 -1 0 
vn 0 -1 0 
vn 0 -1 0 
vn 0 -1 0 
vn 0 -1 0 
vn 0 -1 0 
vn 0 -1 0 
vn 0 -1 0 
vn 0 -1 0 
vn 0 -1 0 
vn 0 -1 0 
vn 0 -1 0 
vn 0 -1 0 
vn 0 -1 0 
vn 0 -1 0 
vn 0 -1 0 
vn 0 -1 0 
vn 0 -1 0 
vn 0 -1 0 
vn 0 -1 0 
vn 0 -1 0 
vn 0 -1 0 
vn 0 -1 0 
vn 0 -1 0 
vn 0 -1 0 
vn 0 -1 0 
vn 0 -1 0 
vn 0 -1 0 
vn 0 -1 0 
vn 0 -1 0 
vn 0 -1 0 
vn 0 -1 0 
vn 0 -1 0 
vn 0 -1 0 
vn 0 -1 0 
vn 0 -1 0 
vn 0 -1 0 
vn 0 -1 0 
vn 0 -1 0 
vn 0 -1 0 
vn 0 -1 0 
vn 0 -1 0 
vn 0.267717 -0.92126 -0.267717 
vn 0 -1 0 
vn 0 -1 0 
vn 0.220472 -0.92126 -0.314961 
vn 0.503937 -0.708661 -0.496063 
vn 0.409449 -0.708661 -0.582677 
vn 0.653543 -0.385827 -0.653543 
vn 0.527559 -0.385827 -0.755906 
vn 0.708661 0 -0.708661 
vn 0.574803 0 -0.818898 
vn 0.708661 0 -0.708661 
vn 0.574803 0 -0.818898 
vn 0.653543 0.385827 -0.653543 
vn 0.527559 0.385827 -0.755906 
vn 0.503937 0.708661 -0.496063 
vn 0.409449 0.708661 -0.582677 
vn 0.267717 0.92126 -0.267717 
vn 0.220472 0.92126 -0.314961 
vn 0 1 0 
vn 0 1 0 
vn 0 -1 0 
vn 0.165354 -0.92126 -0.346457 
vn 0.299213 -0.708661 -0.637795 
vn 0.393701 -0.385827 -0.834646 
vn 0.425197 0 -0.905512 
vn 0.425197 0 -0.905512 
vn 0.393701 0.385827 -0.834646 
vn 0.299213 0.708661 -0.637795 
vn 0.165354 0.92126 -0.346457 
vn 0 1 0 
vn 0 -1 0 
vn 0.102362 -0.92126 -0.370079 
vn 0.181102 -0.708661 -0.685039 
vn 0.23622 -0.385827 -0.889764 
vn 0.259843 0 -0.968504 
vn 0.259843 0 -0.968504 
vn 0.23622 0.385827 -0.889764 
vn 0.181102 0.708661 -0.685039 
vn 0.102362 0.92126 -0.370079 
vn 0 1 0 
vn 0 -1 0 
vn 0.0314961 -0.92126 -0.377953 
vn 0.0629921 -0.708661 -0.700787 
vn 0.0787402 -0.385827 -0.92126 
vn 0.0866142 0 -1 
vn 0.0866142 0 -1 
vn 0.0787402 0.385827 -0.92126 
vn 0.0629921 0.708661 -0.700787 
vn 0.0314961 0.92126 -0.377953 
vn 0 1 0 
vn 0 -1 0 
vn -0.0314961 -0.92126 -0.377953 
vn -0.0629921 -0.708661 -0.700787 
vn -0.0787402 -0.385827 -0.92126 
vn -0.0866142 0 -1 
vn -0.0866142 0 -1 
vn -0.0787402 0.385827 -0.92126 
vn -0.0629921 0.708661 -0.700787 
vn -0.0314961 0.92126 -0.377953 
vn 0 1 0 
vn 0 -1 0 
vn -0.102362 -0.92126 -0.370079 
vn -0.181102 -0.708661 -0.685039 
vn -0.23622 -0.385827 -0.889764 
vn -0.259843 0 -0.968504 
vn -0.259843 0 -0.968504 
vn -0.23622 0.385827 -0.889764 
vn -0.181102 0.708661 -0.685039 
vn -0.102362 0.92126 -0.370079 
vn 0 1 0 
vn 0 -1 0 
vn -0.165354 -0.92126 -0.346457 
vn -0.299213 -0.708661 -0.637795 
vn -0.393701 -0.385827 -0.834646 
vn -0.425197 0 -0.905512 
vn -0.425197 0 -0.905512 
vn -0.393701 0.385827 -0.834646 
vn -0.299213 0.708661 -0.637795 
vn -0.165354 0.92126 -0.346457 
vn 0 1 0 
vn 0 -1 0 
vn -0.220472 -0.92126 -0.314961 
vn -0.409449 -0.708661 -0.582677 
vn -0.527559 -0.385827 -0.755906 
vn -0.574803 0 -0.818898 
vn -0.574803 0 -0.818898 
vn -0.527559 0.385827 -0.755906 
vn -0.409449 0.708661 -0.582677 
vn -0.220472 0.92126 -0.314961 
vn 0 1 0 
vn 0 -1 0 
vn -0.267717 -0.92126 -0.267717 
vn -0.496063 -0.708661 -0.496063 
vn -0.653543 -0.385827 -0.653543 
vn -0.708661 0 -0.708661 
vn -0.708661 0 -0.708661 
vn -0.653543 0.385827 -0.653543 
vn -0.496063 0.708661 -0.496063 
vn -0.267717 0.92126 -0.267717 
vn 0 1 0 

vt 0.880859 0.984375 
vt 0.880859 0.984375 
vt 0.880859 0.984375 
vt 0.880859 0.984375 
vt 0.880859 0.984375 
vt 0.880859 0.984375 
vt 0.880859 0.984375 
vt 0.880859 0.984375 
vt 0.880859 0.984375 
vt 0.880859 0.984375 
vt 0.880859 0.984375 
vt 0.880859 0.984375 
vt 0.880859 0.984375 
vt 0.880859 0.984375 
vt 0.880859 0.984375 
vt 0.880859 0.984375 
vt 0.880859 0.984375 
vt 0.880859 0.984375 
vt 0.880859 0.984375 
vt 0.880859 0.984375 
vt 0.880859 0.984375 
vt 0.880859 0.984375 
vt 0.880859 0.984375 
vt 0.880859 0.984375 
vt 0.880859 0.984375 
vt 0.880859 0.984375 
vt 0.880859 0.984375 
vt 0.880859 0.984375 
vt 0.880859 0.984375 
vt 0.880859 0.984375 
vt 0.880859 0.984375 
vt 0.880859 0.984375 
vt 0.880859 0.984375 
vt 0.880859 0.984375 
vt 0.880859 0.984375 
vt 0.880859 0.984375 
vt 0.880859 0.984375 
vt 0.880859 0.984375 
vt 0.880859 0.984375 
vt 0.880859 0.984375 
vt 0.880859 0.984375 
vt 0.880859 0.984375 
vt 0.880859 0.984375 
vt 0.880859 0.984375 
vt 0.880859 0.984375 
vt 0.880859 0.984375 
vt 0.880859 0.984375 
vt 0.880859 0.984375 
vt 0.880859 0.984375 
vt 0.880859 0.984375 
vt 0.880859 0.984375 
vt 0.880859 0.984375 
vt 0.880859 0.984375 
vt 0.880859 0.984375 
vt 0.880859 0.984375 
vt 0.880859 0.984375 
vt 0.880859 0.984375 
vt 0.880859 0.984375 
vt 0.880859 0.984375 
vt 0.880859 0.984375 
vt 0.880859 0.984375 
vt 0.880859 0.984375 
vt 0.880859 0.984375 
vt 0.880859 0.984375 
vt 0.880859 0.984375 
vt 0.880859 0.984375 
vt 0.880859 0.984375 
vt 0.880859 0.984375 
vt 0.880859 0.984375 
vt 0.880859 0.984375 
vt 0.880859 0.984375 
vt 0.880859 0.984375 
vt 0.880859 0.984375 
vt 0.880859 0.984375 
vt 0.880859 0.984375 
vt 0.880859 0.984375 
vt 0.880859 0.984375 
vt 0.880859 0.984375 
vt 0.880859 0.984375 
vt 0.880859 0.984375 
vt 0.880859 0.984375 
vt 0.880859 0.984375 
vt 0.880859 0.984375 
vt 0.880859 0.984375 
vt 0.880859 0.984375 
vt 0.880859 0.984375 
vt 0.880859 0.984375 
vt 0.880859 0.984375 
vt 0.880859 0.984375 
vt 0.880859 0.984375 
vt 0.880859 0.984375 
vt 0.880859 0.984375 
vt 0.880859 0.984375 
vt 0.880859 0.984375 
vt 0.880859 0.984375 
vt 0.880859 0.984375 
vt 0.880859 0.984375 
vt 0.880859 0.984375 
vt 0.880859 0.984375 
vt 0.880859 0.984375 
vt 0.880859 0.984375 
vt 0.880859 0.984375 
vt 0.880859 0.984375 
vt 0.880859 0.984375 
vt 0.880859 0.984375 
vt 0.880859 0.984375 
vt 0.880859 0.984375 
vt 0.880859 0.984375 
vt 0.880859 0.984375 
vt 0.880859 0.984375 
vt 0.880859 0.984375 
vt 0.880859 0.984375 
vt 0.880859 0.984375 
vt 0.880859 0.984375 
vt 0.880859 0.984375 
vt 0.880859 0.984375 
vt 0.880859 0.984375 
vt 0.880859 0.984375 
vt 0.880859 0.984375 
vt 0.880859 0.984375 
vt 0.880859 0.984375 
vt 0.880859 0.984375 
vt 0.880859 0.984375 
vt 0.880859 0.984375 
vt 0.880859 0.984375 
vt 0.880859 0.984375 
vt 0.880859 0.984375 
vt 0.880859 0.984375 
vt 0.880859 0.984375 
vt 0.880859 0.984375 
vt 0.880859 0.984375 
vt 0.880859 0.984375 
vt 0.880859 0.984375 
vt 0.880859 0.984375 
vt 0.880859 0.984375 
vt 0.880859 0.984375 
vt 0.880859 0.984375 
vt 0.880859 0.984375 
vt 0.880859 0.984375 
vt 0.880859 0.984375 
vt 0.880859 0.984375 
vt 0.880859 0.984375 
vt 0.880859 0.984375 
vt 0.880859 0.984375 
vt 0.880859 0.984375 
vt 0.880859 0.984375 
vt 0.880859 0.984375 
vt 0.880859 0.984375 
vt 0.880859 0.984375 
vt 0.880859 0.984375 
vt 0.880859 0.984375 
vt 0.880859 0.984375 
vt 0.880859 0.984375 
vt 0.880859 0.984375 
vt 0.880859 0.984375 
vt 0.880859 0.984375 
vt 0.880859 0.984375 
vt 0.880859 0.984375 
vt 0.880859 0.984375 
vt 0.880859 0.984375 
vt 0.880859 0.984375 
vt 0.880859 0.984375 
vt 0.880859 0.984375 
vt 0.880859 0.984375 
vt 0.880859 0.984375 
vt 0.880859 0.984375 
vt 0.880859 0.984375 
vt 0.880859 0.984375 
vt 0.880859 0.984375 
vt 0.880859 0.984375 
vt 0.880859 0.984375 
vt 0.880859 0.984375 
vt 0.880859 0.984375 
vt 0.880859 0.984375 
vt 0.880859 0.984375 
vt 0.880859 0.984375 
vt 0.880859 0.984375 
vt 0.880859 0.984375 
vt 0.880859 0.984375 
vt 0.880859 0.984375 
vt 0.880859 0.984375 
vt 0.880859 0.984375 
vt 0.880859 0.984375 
vt 0.880859 0.984375 
vt 0.880859 0.984375 
vt 0.880859 0.984375 
vt 0.880859 0.984375 
vt 0.880859 0.984375 
vt 0.880859 0.984375 
vt 0.880859 0.984375 
vt 0.880859 0.984375 
vt 0.880859 0.984375 
vt 0.880859 0.984375 
vt 0.880859 0.984375 
vt 0.880859 0.984375 
vt 0.880859 0.984375 
vt 0.880859 0.984375 
vt 0.880859 0.984375 
vt 0.880859 0.984375 
vt 0.880859 0.984375 
vt 0.880859 0.984375 
vt 0.880859 0.984375 
vt 0.880859 0.984375 
vt 0.880859 0.984375 
vt 0.880859 0.984375 
vt 0.880859 0.984375 
vt 0.880859 0.984375 
vt 0.880859 0.984375 
vt 0.880859 0.984375 
vt 0.880859 0.984375 
vt 0.880859 0.984375 
vt 0.880859 0.984375 
vt 0.880859 0.984375 
vt 0.880859 0.984375 
vt 0.880859 0.984375 
vt 0.880859 0.984375 
vt 0.880859 0.984375 
vt 0.880859 0.984375 
vt 0.880859 0.984375 
vt 0.880859 0.984375 
vt 0.880859 0.984375 
vt 0.880859 0.984375 
vt 0.880859 0.984375 
vt 0.880859 0.984375 
vt 0.880859 0.984375 
vt 0.880859 0.984375 
vt 0.880859 0.984375 
vt 0.880859 0.984375 
vt 0.880859 0.984375 
vt 0.880859 0.984375 
vt 0.880859 0.984375 
vt 0.880859 0.984375 
vt 0.880859 0.984375 
vt 0.880859 0.984375 
vt 0.880859 0.984375 
vt 0.880859 0.984375 
vt 0.880859 0.984375 
vt 0.880859 0.984375 
vt 0.880859 0.984375 
vt 0.880859 0.984375 
vt 0.880859 0.984375 
vt 0.880859 0.984375 
vt 0.880859 0.984375 
vt 0.880859 0.984375 
vt 0.880859 0.984375 
vt 0.880859 0.984375 
vt 0.880859 0.984375 
vt 0.880859 0.984375 
vt 0.880859 0.984375 
vt 0.880859 0.984375 
vt 0.880859 0.984375 
vt 0.880859 0.984375 
vt 0.880859 0.984375 
vt 0.880859 0.984375 
vt 0.880859 0.984375 
vt 0.880859 0.984375 
vt 0.880859 0.984375 
vt 0.880859 0.984375 
vt 0.880859 0.984375 
vt 0.880859 0.984375 
vt 0.880859 0.984375 
vt 0.880859 0.984375 
vt 0.880859 0.984375 
vt 0.880859 0.984375 
vt 0.880859 0.984375 
vt 0.880859 0.984375 
vt 0.880859 0.984375 
vt 0.880859 0.984375 
vt 0.880859 0.984375 
vt 0.880859 0.984375 
vt 0.880859 0.984375 
vt 0.880859 0.984375 
vt 0.880859 0.984375 
vt 0.880859 0.984375 
vt 0.880859 0.984375 
vt 0.880859 0.984375 
vt 0.880859 0.984375 
vt 0.880859 0.984375 
vt 0.880859 0.984375 
vt 0.880859 0.984375 
vt 0.880859 0.984375 
vt 0.880859 0.984375 
vt 0.880859 0.984375 
vt 0.880859 0.984375 
vt 0.880859 0.984375 
vt 0.880859 0.984375 
vt 0.880859 0.984375 
vt 0.880859 0.984375 
vt 0.880859 0.984375 
vt 0.880859 0.984375 
vt 0.880859 0.984375 
vt 0.880859 0.984375 
vt 0.880859 0.984375 
vt 0.880859 0.984375 
vt 0.880859 0.984375 
vt 0.880859 0.984375 
vt 0.880859 0.984375 
vt 0.880859 0.984375 
vt 0.880859 0.984375 
vt 0.880859 0.984375 
vt 0.880859 0.984375 
vt 0.880859 0.984375 
vt 0.880859 0.984375 
vt 0.880859 0.984375 
vt 0.880859 0.984375 
vt 0.880859 0.984375 
vt 0.880859 0.984375 
vt 0.880859 0.984375 
vt 0.880859 0.984375 
vt 0.880859 0.984375 
vt 0.880859 0.984375 
vt 0.880859 0.984375 
vt 0.880859 0.984375 
vt 0.880859 0.984375 
vt 0.880859 0.984375 
vt 0.880859 0.984375 
vt 0.880859 0.984375 
vt 0.880859 0.984375 
vt 0.880859 0.984375 
vt 0.880859 0.984375 
vt 0.880859 0.984375 
vt 0.880859 0.984375 
vt 0.880859 0.984375 
vt 0.880859 0.984375 
vt 0.880859 0.984375 
vt 0.880859 0.984375 
vt 0.880859 0.984375 
vt 0.880859 0.984375 
vt 0.880859 0.984375 
vt 0.880859 0.984375 
vt 0.880859 0.984375 
vt 0.880859 0.984375 
vt 0.880859 0.984375 
vt 0.880859 0.984375 
vt 0.880859 0.984375 
vt 0.880859 0.984375 
vt 0.880859 0.984375 
vt 0.880859 0.984375 
vt 0.880859 0.984375 
vt 0.880859 0.984375 
vt 0.880859 0.984375 
vt 0.880859 0.984375 
vt 0.880859 0.984375 
vt 0.880859 0.984375 
vt 0.880859 0.984375 
vt 0.880859 0.984375 
vt 0.880859 0.984375 
vt 0.880859 0.984375 
vt 0.880859 0.984375 
vt 0.880859 0.984375 
vt 0.880859 0.984375 
vt 0.880859 0.984375 
vt 0.880859 0.984375 
vt 0.880859 0.984375 
vt 0.880859 0.984375 
vt 0.880859 0.984375 
vt 0.880859 0.984375 
vt 0.880859 0.984375 
vt 0.880859 0.984375 
vt 0.880859 0.984375 
vt 0.880859 0.984375 
vt 0.880859 0.984375 
vt 0.880859 0.984375 
vt 0.880859 0.984375 
vt 0.880859 0.984375 
vt 0.880859 0.984375 
vt 0.880859 0.984375 
vt 0.880859 0.984375 
vt 0.880859 0.984375 
vt 0.880859 0.984375 
vt 0.880859 0.984375 
vt 0.880859 0.984375 
vt 0.880859 0.984375 
vt 0.880859 0.984375 
vt 0.880859 0.984375 
vt 0.880859 0.984375 
vt 0.880859 0.984375 
vt 0.880859 0.984375 
vt 0.880859 0.984375 
vt 0.880859 0.984375 
vt 0.880859 0.984375 
vt 0.880859 0.984375 
vt 0.880859 0.984375 
vt 0.880859 0.984375 
vt 0.880859 0.984375 
vt 0.880859 0.984375 
vt 0.880859 0.984375 
vt 0.880859 0.984375 
vt 0.880859 0.984375 
vt 0.880859 0.984375 
vt 0.880859 0.984375 
vt 0.880859 0.984375 
vt 0.880859 0.984375 
vt 0.880859 0.984375 
vt 0.880859 0.984375 
vt 0.880859 0.984375 
vt 0.880859 0.984375 
vt 0.880859 0.984375 
vt 0.880859 0.984375 
vt 0.880859 0.984375 
vt 0.880859 0.984375 
vt 0.880859 0.984375 
vt 0.880859 0.984375 
vt 0.880859 0.984375 
vt 0.880859 0.984375 
vt 0.880859 0.984375 
vt 0.880859 0.984375 
vt 0.880859 0.984375 
vt 0.880859 0.984375 
vt 0.880859 0.984375 
vt 0.880859 0.984375 
vt 0.880859 0.984375 
vt 0.880859 0.984375 
vt 0.880859 0.984375 
vt 0.880859 0.984375 
vt 0.880859 0.984375 
vt 0.880859 0.984375 
vt 0.909811 0.769788 
vt 0.917475 0.765625 
vt 0.921256 0.765625 
vt 0.91504 0.769788 
vt 0.903314 0.781643 
vt 0.90977 0.781643 
vt 0.898973 0.799384 
vt 0.906249 0.799384 
vt 0.897449 0.820312 
vt 0.905012 0.820312 
vt 0.897449 0.929688 
vt 0.905012 0.929688 
vt 0.898973 0.950616 
vt 0.906249 0.950616 
vt 0.903314 0.968357 
vt 0.90977 0.968357 
vt 0.909811 0.980212 
vt 0.91504 0.980212 
vt 0.917475 0.984375 
vt 0.921256 0.984375 
vt 0.925531 0.765625 
vt 0.920951 0.769788 
vt 0.917068 0.781643 
vt 0.914474 0.799384 
vt 0.913563 0.820312 
vt 0.913563 0.929688 
vt 0.914474 0.950616 
vt 0.917068 0.968357 
vt 0.920951 0.980212 
vt 0.925531 0.984375 
vt 0.93017 0.765625 
vt 0.927365 0.769788 
vt 0.924987 0.781643 
vt 0.923398 0.799384 
vt 0.92284 0.820312 
vt 0.92284 0.929688 
vt 0.923398 0.950616 
vt 0.924987 0.968357 
vt 0.927365 0.980212 
vt 0.93017 0.984375 
vt 0.935032 0.765625 
vt 0.934087 0.769788 
vt 0.933286 0.781643 
vt 0.932751 0.799384 
vt 0.932563 0.820312 
vt 0.932563 0.929688 
vt 0.932751 0.950616 
vt 0.933286 0.968357 
vt 0.934087 0.980212 
vt 0.935032 0.984375 
vt 0.939968 0.765625 
vt 0.940913 0.769788 
vt 0.941714 0.781643 
vt 0.942249 0.799384 
vt 0.942437 0.820312 
vt 0.942437 0.929688 
vt 0.942249 0.950616 
vt 0.941714 0.968357 
vt 0.940913 0.980212 
vt 0.939968 0.984375 
vt 0.94483 0.765625 
vt 0.947635 0.769788 
vt 0.950013 0.781643 
vt 0.951602 0.799384 
vt 0.95216 0.820312 
vt 0.95216 0.929688 
vt 0.951602 0.950616 
vt 0.950013 0.968357 
vt 0.947635 0.980212 
vt 0.94483 0.984375 
vt 0.949469 0.765625 
vt 0.954049 0.769788 
vt 0.957932 0.781643 
vt 0.960526 0.799384 
vt 0.961437 0.820312 
vt 0.961437 0.929688 
vt 0.960526 0.950616 
vt 0.957932 0.968357 
vt 0.954049 0.980212 
vt 0.949469 0.984375 
vt 0.953744 0.765625 
vt 0.95996 0.769788 
vt 0.96523 0.781643 
vt 0.968751 0.799384 
vt 0.969988 0.820312 
vt 0.969988 0.929688 
vt 0.968751 0.950616 
vt 0.96523 0.968357 
vt 0.95996 0.980212 
vt 0.953744 0.984375 
vt 0.957525 0.765625 
vt 0.965189 0.769788 
vt 0.971686 0.781643 
vt 0.976027 0.799384 
vt 0.977551 0.820312 
vt 0.977551 0.929688 
vt 0.976027 0.950616 
vt 0.971686 0.968357 
vt 0.965189 0.980212 
vt 0.957525 0.984375 

usemtl Rolandknightverified1Mtl

f 3309/3309/3309 3310/3310/3310 3311/3311/3311 
f 3311/3311/3311 3312/3312/3312 3309/3309/3309 
f 3313/3313/3313 3309/3309/3309 3312/3312/3312 
f 3312/3312/3312 3314/3314/3314 3313/3313/3313 
f 3315/3315/3315 3313/3313/3313 3314/3314/3314 
f 3314/3314/3314 3316/3316/3316 3315/3315/3315 
f 3317/3317/3317 3315/3315/3315 3316/3316/3316 
f 3316/3316/3316 3318/3318/3318 3317/3317/3317 
f 3319/3319/3319 3317/3317/3317 3318/3318/3318 
f 3318/3318/3318 3320/3320/3320 3319/3319/3319 
f 3321/3321/3321 3319/3319/3319 3320/3320/3320 
f 3320/3320/3320 3322/3322/3322 3321/3321/3321 
f 3323/3323/3323 3321/3321/3321 3322/3322/3322 
f 3322/3322/3322 3324/3324/3324 3323/3323/3323 
f 3325/3325/3325 3323/3323/3323 3324/3324/3324 
f 3324/3324/3324 3326/3326/3326 3325/3325/3325 
f 3327/3327/3327 3325/3325/3325 3326/3326/3326 
f 3326/3326/3326 3328/3328/3328 3327/3327/3327 
f 3312/3312/3312 3311/3311/3311 3329/3329/3329 
f 3329/3329/3329 3330/3330/3330 3312/3312/3312 
f 3314/3314/3314 3312/3312/3312 3330/3330/3330 
f 3330/3330/3330 3331/3331/3331 3314/3314/3314 
f 3316/3316/3316 3314/3314/3314 3331/3331/3331 
f 3331/3331/3331 3332/3332/3332 3316/3316/3316 
f 3318/3318/3318 3316/3316/3316 3332/3332/3332 
f 3332/3332/3332 3333/3333/3333 3318/3318/3318 
f 3320/3320/3320 3318/3318/3318 3333/3333/3333 
f 3333/3333/3333 3334/3334/3334 3320/3320/3320 
f 3322/3322/3322 3320/3320/3320 3334/3334/3334 
f 3334/3334/3334 3335/3335/3335 3322/3322/3322 
f 3324/3324/3324 3322/3322/3322 3335/3335/3335 
f 3335/3335/3335 3336/3336/3336 3324/3324/3324 
f 3326/3326/3326 3324/3324/3324 3336/3336/3336 
f 3336/3336/3336 3337/3337/3337 3326/3326/3326 
f 3328/3328/3328 3326/3326/3326 3337/3337/3337 
f 3337/3337/3337 3338/3338/3338 3328/3328/3328 
f 3330/3330/3330 3329/3329/3329 3339/3339/3339 
f 3339/3339/3339 3340/3340/3340 3330/3330/3330 
f 3331/3331/3331 3330/3330/3330 3340/3340/3340 
f 3340/3340/3340 3341/3341/3341 3331/3331/3331 
f 3332/3332/3332 3331/3331/3331 3341/3341/3341 
f 3341/3341/3341 3342/3342/3342 3332/3332/3332 
f 3333/3333/3333 3332/3332/3332 3342/3342/3342 
f 3342/3342/3342 3343/3343/3343 3333/3333/3333 
f 3334/3334/3334 3333/3333/3333 3343/3343/3343 
f 3343/3343/3343 3344/3344/3344 3334/3334/3334 
f 3335/3335/3335 3334/3334/3334 3344/3344/3344 
f 3344/3344/3344 3345/3345/3345 3335/3335/3335 
f 3336/3336/3336 3335/3335/3335 3345/3345/3345 
f 3345/3345/3345 3346/3346/3346 3336/3336/3336 
f 3337/3337/3337 3336/3336/3336 3346/3346/3346 
f 3346/3346/3346 3347/3347/3347 3337/3337/3337 
f 3338/3338/3338 3337/3337/3337 3347/3347/3347 
f 3347/3347/3347 3348/3348/3348 3338/3338/3338 
f 3340/3340/3340 3339/3339/3339 3349/3349/3349 
f 3349/3349/3349 3350/3350/3350 3340/3340/3340 
f 3341/3341/3341 3340/3340/3340 3350/3350/3350 
f 3350/3350/3350 3351/3351/3351 3341/3341/3341 
f 3342/3342/3342 3341/3341/3341 3351/3351/3351 
f 3351/3351/3351 3352/3352/3352 3342/3342/3342 
f 3343/3343/3343 3342/3342/3342 3352/3352/3352 
f 3352/3352/3352 3353/3353/3353 3343/3343/3343 
f 3344/3344/3344 3343/3343/3343 3353/3353/3353 
f 3353/3353/3353 3354/3354/3354 3344/3344/3344 
f 3345/3345/3345 3344/3344/3344 3354/3354/3354 
f 3354/3354/3354 3355/3355/3355 3345/3345/3345 
f 3346/3346/3346 3345/3345/3345 3355/3355/3355 
f 3355/3355/3355 3356/3356/3356 3346/3346/3346 
f 3347/3347/3347 3346/3346/3346 3356/3356/3356 
f 3356/3356/3356 3357/3357/3357 3347/3347/3347 
f 3348/3348/3348 3347/3347/3347 3357/3357/3357 
f 3357/3357/3357 3358/3358/3358 3348/3348/3348 
f 3350/3350/3350 3349/3349/3349 3359/3359/3359 
f 3359/3359/3359 3360/3360/3360 3350/3350/3350 
f 3351/3351/3351 3350/3350/3350 3360/3360/3360 
f 3360/3360/3360 3361/3361/3361 3351/3351/3351 
f 3352/3352/3352 3351/3351/3351 3361/3361/3361 
f 3361/3361/3361 3362/3362/3362 3352/3352/3352 
f 3353/3353/3353 3352/3352/3352 3362/3362/3362 
f 3362/3362/3362 3363/3363/3363 3353/3353/3353 
f 3354/3354/3354 3353/3353/3353 3363/3363/3363 
f 3363/3363/3363 3364/3364/3364 3354/3354/3354 
f 3355/3355/3355 3354/3354/3354 3364/3364/3364 
f 3364/3364/3364 3365/3365/3365 3355/3355/3355 
f 3356/3356/3356 3355/3355/3355 3365/3365/3365 
f 3365/3365/3365 3366/3366/3366 3356/3356/3356 
f 3357/3357/3357 3356/3356/3356 3366/3366/3366 
f 3366/3366/3366 3367/3367/3367 3357/3357/3357 
f 3358/3358/3358 3357/3357/3357 3367/3367/3367 
f 3367/3367/3367 3368/3368/3368 3358/3358/3358 
f 3360/3360/3360 3359/3359/3359 3369/3369/3369 
f 3369/3369/3369 3370/3370/3370 3360/3360/3360 
f 3361/3361/3361 3360/3360/3360 3370/3370/3370 
f 3370/3370/3370 3371/3371/3371 3361/3361/3361 
f 3362/3362/3362 3361/3361/3361 3371/3371/3371 
f 3371/3371/3371 3372/3372/3372 3362/3362/3362 
f 3363/3363/3363 3362/3362/3362 3372/3372/3372 
f 3372/3372/3372 3373/3373/3373 3363/3363/3363 
f 3364/3364/3364 3363/3363/3363 3373/3373/3373 
f 3373/3373/3373 3374/3374/3374 3364/3364/3364 
f 3365/3365/3365 3364/3364/3364 3374/3374/3374 
f 3374/3374/3374 3375/3375/3375 3365/3365/3365 
f 3366/3366/3366 3365/3365/3365 3375/3375/3375 
f 3375/3375/3375 3376/3376/3376 3366/3366/3366 
f 3367/3367/3367 3366/3366/3366 3376/3376/3376 
f 3376/3376/3376 3377/3377/3377 3367/3367/3367 
f 3368/3368/3368 3367/3367/3367 3377/3377/3377 
f 3377/3377/3377 3378/3378/3378 3368/3368/3368 
f 3370/3370/3370 3369/3369/3369 3379/3379/3379 
f 3379/3379/3379 3380/3380/3380 3370/3370/3370 
f 3371/3371/3371 3370/3370/3370 3380/3380/3380 
f 3380/3380/3380 3381/3381/3381 3371/3371/3371 
f 3372/3372/3372 3371/3371/3371 3381/3381/3381 
f 3381/3381/3381 3382/3382/3382 3372/3372/3372 
f 3373/3373/3373 3372/3372/3372 3382/3382/3382 
f 3382/3382/3382 3383/3383/3383 3373/3373/3373 
f 3374/3374/3374 3373/3373/3373 3383/3383/3383 
f 3383/3383/3383 3384/3384/3384 3374/3374/3374 
f 3375/3375/3375 3374/3374/3374 3384/3384/3384 
f 3384/3384/3384 3385/3385/3385 3375/3375/3375 
f 3376/3376/3376 3375/3375/3375 3385/3385/3385 
f 3385/3385/3385 3386/3386/3386 3376/3376/3376 
f 3377/3377/3377 3376/3376/3376 3386/3386/3386 
f 3386/3386/3386 3387/3387/3387 3377/3377/3377 
f 3378/3378/3378 3377/3377/3377 3387/3387/3387 
f 3387/3387/3387 3388/3388/3388 3378/3378/3378 
f 3380/3380/3380 3379/3379/3379 3389/3389/3389 
f 3389/3389/3389 3390/3390/3390 3380/3380/3380 
f 3381/3381/3381 3380/3380/3380 3390/3390/3390 
f 3390/3390/3390 3391/3391/3391 3381/3381/3381 
f 3382/3382/3382 3381/3381/3381 3391/3391/3391 
f 3391/3391/3391 3392/3392/3392 3382/3382/3382 
f 3383/3383/3383 3382/3382/3382 3392/3392/3392 
f 3392/3392/3392 3393/3393/3393 3383/3383/3383 
f 3384/3384/3384 3383/3383/3383 3393/3393/3393 
f 3393/3393/3393 3394/3394/3394 3384/3384/3384 
f 3385/3385/3385 3384/3384/3384 3394/3394/3394 
f 3394/3394/3394 3395/3395/3395 3385/3385/3385 
f 3386/3386/3386 3385/3385/3385 3395/3395/3395 
f 3395/3395/3395 3396/3396/3396 3386/3386/3386 
f 3387/3387/3387 3386/3386/3386 3396/3396/3396 
f 3396/3396/3396 3397/3397/3397 3387/3387/3387 
f 3388/3388/3388 3387/3387/3387 3397/3397/3397 
f 3397/3397/3397 3398/3398/3398 3388/3388/3388 
f 3390/3390/3390 3389/3389/3389 3399/3399/3399 
f 3399/3399/3399 3400/3400/3400 3390/3390/3390 
f 3391/3391/3391 3390/3390/3390 3400/3400/3400 
f 3400/3400/3400 3401/3401/3401 3391/3391/3391 
f 3392/3392/3392 3391/3391/3391 3401/3401/3401 
f 3401/3401/3401 3402/3402/3402 3392/3392/3392 
f 3393/3393/3393 3392/3392/3392 3402/3402/3402 
f 3402/3402/3402 3403/3403/3403 3393/3393/3393 
f 3394/3394/3394 3393/3393/3393 3403/3403/3403 
f 3403/3403/3403 3404/3404/3404 3394/3394/3394 
f 3395/3395/3395 3394/3394/3394 3404/3404/3404 
f 3404/3404/3404 3405/3405/3405 3395/3395/3395 
f 3396/3396/3396 3395/3395/3395 3405/3405/3405 
f 3405/3405/3405 3406/3406/3406 3396/3396/3396 
f 3397/3397/3397 3396/3396/3396 3406/3406/3406 
f 3406/3406/3406 3407/3407/3407 3397/3397/3397 
f 3398/3398/3398 3397/3397/3397 3407/3407/3407 
f 3407/3407/3407 3408/3408/3408 3398/3398/3398 
f 3409/3409/3409 3410/3410/3410 3411/3411/3411 
f 3409/3409/3409 3411/3411/3411 3412/3412/3412 
f 3409/3409/3409 3412/3412/3412 3413/3413/3413 
f 3409/3409/3409 3413/3413/3413 3414/3414/3414 
f 3409/3409/3409 3414/3414/3414 3415/3415/3415 
f 3409/3409/3409 3415/3415/3415 3416/3416/3416 
f 3409/3409/3409 3416/3416/3416 3417/3417/3417 
f 3409/3409/3409 3417/3417/3417 3418/3418/3418 
f 3409/3409/3409 3418/3418/3418 3419/3419/3419 
f 3409/3409/3409 3419/3419/3419 3420/3420/3420 
f 3409/3409/3409 3420/3420/3420 3421/3421/3421 
f 3409/3409/3409 3421/3421/3421 3422/3422/3422 
f 3409/3409/3409 3422/3422/3422 3423/3423/3423 
f 3409/3409/3409 3423/3423/3423 3424/3424/3424 
f 3409/3409/3409 3424/3424/3424 3425/3425/3425 
f 3409/3409/3409 3425/3425/3425 3426/3426/3426 
f 3409/3409/3409 3426/3426/3426 3427/3427/3427 
f 3409/3409/3409 3427/3427/3427 3428/3428/3428 
f 3409/3409/3409 3428/3428/3428 3429/3429/3429 
f 3409/3409/3409 3429/3429/3429 3430/3430/3430 
f 3409/3409/3409 3430/3430/3430 3431/3431/3431 
f 3409/3409/3409 3431/3431/3431 3432/3432/3432 
f 3409/3409/3409 3432/3432/3432 3433/3433/3433 
f 3409/3409/3409 3433/3433/3433 3434/3434/3434 
f 3409/3409/3409 3434/3434/3434 3435/3435/3435 
f 3409/3409/3409 3435/3435/3435 3436/3436/3436 
f 3409/3409/3409 3436/3436/3436 3437/3437/3437 
f 3409/3409/3409 3437/3437/3437 3438/3438/3438 
f 3409/3409/3409 3438/3438/3438 3439/3439/3439 
f 3409/3409/3409 3439/3439/3439 3440/3440/3440 
f 3409/3409/3409 3440/3440/3440 3441/3441/3441 
f 3409/3409/3409 3441/3441/3441 3442/3442/3442 
f 3409/3409/3409 3442/3442/3442 3443/3443/3443 
f 3409/3409/3409 3443/3443/3443 3444/3444/3444 
f 3409/3409/3409 3444/3444/3444 3445/3445/3445 
f 3409/3409/3409 3445/3445/3445 3410/3410/3410 
f 3446/3446/3446 3447/3447/3447 3448/3448/3448 
f 3448/3448/3448 3449/3449/3449 3446/3446/3446 
f 3450/3450/3450 3446/3446/3446 3449/3449/3449 
f 3449/3449/3449 3451/3451/3451 3450/3450/3450 
f 3452/3452/3452 3450/3450/3450 3451/3451/3451 
f 3451/3451/3451 3453/3453/3453 3452/3452/3452 
f 3454/3454/3454 3452/3452/3452 3453/3453/3453 
f 3453/3453/3453 3455/3455/3455 3454/3454/3454 
f 3456/3456/3456 3454/3454/3454 3455/3455/3455 
f 3455/3455/3455 3457/3457/3457 3456/3456/3456 
f 3458/3458/3458 3456/3456/3456 3457/3457/3457 
f 3457/3457/3457 3459/3459/3459 3458/3458/3458 
f 3460/3460/3460 3458/3458/3458 3459/3459/3459 
f 3459/3459/3459 3461/3461/3461 3460/3460/3460 
f 3462/3462/3462 3460/3460/3460 3461/3461/3461 
f 3461/3461/3461 3463/3463/3463 3462/3462/3462 
f 3464/3464/3464 3462/3462/3462 3463/3463/3463 
f 3463/3463/3463 3465/3465/3465 3464/3464/3464 
f 3449/3449/3449 3448/3448/3448 3466/3466/3466 
f 3466/3466/3466 3467/3467/3467 3449/3449/3449 
f 3451/3451/3451 3449/3449/3449 3467/3467/3467 
f 3467/3467/3467 3468/3468/3468 3451/3451/3451 
f 3453/3453/3453 3451/3451/3451 3468/3468/3468 
f 3468/3468/3468 3469/3469/3469 3453/3453/3453 
f 3455/3455/3455 3453/3453/3453 3469/3469/3469 
f 3469/3469/3469 3470/3470/3470 3455/3455/3455 
f 3457/3457/3457 3455/3455/3455 3470/3470/3470 
f 3470/3470/3470 3471/3471/3471 3457/3457/3457 
f 3459/3459/3459 3457/3457/3457 3471/3471/3471 
f 3471/3471/3471 3472/3472/3472 3459/3459/3459 
f 3461/3461/3461 3459/3459/3459 3472/3472/3472 
f 3472/3472/3472 3473/3473/3473 3461/3461/3461 
f 3463/3463/3463 3461/3461/3461 3473/3473/3473 
f 3473/3473/3473 3474/3474/3474 3463/3463/3463 
f 3465/3465/3465 3463/3463/3463 3474/3474/3474 
f 3474/3474/3474 3475/3475/3475 3465/3465/3465 
f 3467/3467/3467 3466/3466/3466 3476/3476/3476 
f 3476/3476/3476 3477/3477/3477 3467/3467/3467 
f 3468/3468/3468 3467/3467/3467 3477/3477/3477 
f 3477/3477/3477 3478/3478/3478 3468/3468/3468 
f 3469/3469/3469 3468/3468/3468 3478/3478/3478 
f 3478/3478/3478 3479/3479/3479 3469/3469/3469 
f 3470/3470/3470 3469/3469/3469 3479/3479/3479 
f 3479/3479/3479 3480/3480/3480 3470/3470/3470 
f 3471/3471/3471 3470/3470/3470 3480/3480/3480 
f 3480/3480/3480 3481/3481/3481 3471/3471/3471 
f 3472/3472/3472 3471/3471/3471 3481/3481/3481 
f 3481/3481/3481 3482/3482/3482 3472/3472/3472 
f 3473/3473/3473 3472/3472/3472 3482/3482/3482 
f 3482/3482/3482 3483/3483/3483 3473/3473/3473 
f 3474/3474/3474 3473/3473/3473 3483/3483/3483 
f 3483/3483/3483 3484/3484/3484 3474/3474/3474 
f 3475/3475/3475 3474/3474/3474 3484/3484/3484 
f 3484/3484/3484 3485/3485/3485 3475/3475/3475 
f 3477/3477/3477 3476/3476/3476 3486/3486/3486 
f 3486/3486/3486 3487/3487/3487 3477/3477/3477 
f 3478/3478/3478 3477/3477/3477 3487/3487/3487 
f 3487/3487/3487 3488/3488/3488 3478/3478/3478 
f 3479/3479/3479 3478/3478/3478 3488/3488/3488 
f 3488/3488/3488 3489/3489/3489 3479/3479/3479 
f 3480/3480/3480 3479/3479/3479 3489/3489/3489 
f 3489/3489/3489 3490/3490/3490 3480/3480/3480 
f 3481/3481/3481 3480/3480/3480 3490/3490/3490 
f 3490/3490/3490 3491/3491/3491 3481/3481/3481 
f 3482/3482/3482 3481/3481/3481 3491/3491/3491 
f 3491/3491/3491 3492/3492/3492 3482/3482/3482 
f 3483/3483/3483 3482/3482/3482 3492/3492/3492 
f 3492/3492/3492 3493/3493/3493 3483/3483/3483 
f 3484/3484/3484 3483/3483/3483 3493/3493/3493 
f 3493/3493/3493 3494/3494/3494 3484/3484/3484 
f 3485/3485/3485 3484/3484/3484 3494/3494/3494 
f 3494/3494/3494 3495/3495/3495 3485/3485/3485 
f 3487/3487/3487 3486/3486/3486 3496/3496/3496 
f 3496/3496/3496 3497/3497/3497 3487/3487/3487 
f 3488/3488/3488 3487/3487/3487 3497/3497/3497 
f 3497/3497/3497 3498/3498/3498 3488/3488/3488 
f 3489/3489/3489 3488/3488/3488 3498/3498/3498 
f 3498/3498/3498 3499/3499/3499 3489/3489/3489 
f 3490/3490/3490 3489/3489/3489 3499/3499/3499 
f 3499/3499/3499 3500/3500/3500 3490/3490/3490 
f 3491/3491/3491 3490/3490/3490 3500/3500/3500 
f 3500/3500/3500 3501/3501/3501 3491/3491/3491 
f 3492/3492/3492 3491/3491/3491 3501/3501/3501 
f 3501/3501/3501 3502/3502/3502 3492/3492/3492 
f 3493/3493/3493 3492/3492/3492 3502/3502/3502 
f 3502/3502/3502 3503/3503/3503 3493/3493/3493 
f 3494/3494/3494 3493/3493/3493 3503/3503/3503 
f 3503/3503/3503 3504/3504/3504 3494/3494/3494 
f 3495/3495/3495 3494/3494/3494 3504/3504/3504 
f 3504/3504/3504 3505/3505/3505 3495/3495/3495 
f 3497/3497/3497 3496/3496/3496 3506/3506/3506 
f 3506/3506/3506 3507/3507/3507 3497/3497/3497 
f 3498/3498/3498 3497/3497/3497 3507/3507/3507 
f 3507/3507/3507 3508/3508/3508 3498/3498/3498 
f 3499/3499/3499 3498/3498/3498 3508/3508/3508 
f 3508/3508/3508 3509/3509/3509 3499/3499/3499 
f 3500/3500/3500 3499/3499/3499 3509/3509/3509 
f 3509/3509/3509 3510/3510/3510 3500/3500/3500 
f 3501/3501/3501 3500/3500/3500 3510/3510/3510 
f 3510/3510/3510 3511/3511/3511 3501/3501/3501 
f 3502/3502/3502 3501/3501/3501 3511/3511/3511 
f 3511/3511/3511 3512/3512/3512 3502/3502/3502 
f 3503/3503/3503 3502/3502/3502 3512/3512/3512 
f 3512/3512/3512 3513/3513/3513 3503/3503/3503 
f 3504/3504/3504 3503/3503/3503 3513/3513/3513 
f 3513/3513/3513 3514/3514/3514 3504/3504/3504 
f 3505/3505/3505 3504/3504/3504 3514/3514/3514 
f 3514/3514/3514 3515/3515/3515 3505/3505/3505 
f 3507/3507/3507 3506/3506/3506 3516/3516/3516 
f 3516/3516/3516 3517/3517/3517 3507/3507/3507 
f 3508/3508/3508 3507/3507/3507 3517/3517/3517 
f 3517/3517/3517 3518/3518/3518 3508/3508/3508 
f 3509/3509/3509 3508/3508/3508 3518/3518/3518 
f 3518/3518/3518 3519/3519/3519 3509/3509/3509 
f 3510/3510/3510 3509/3509/3509 3519/3519/3519 
f 3519/3519/3519 3520/3520/3520 3510/3510/3510 
f 3511/3511/3511 3510/3510/3510 3520/3520/3520 
f 3520/3520/3520 3521/3521/3521 3511/3511/3511 
f 3512/3512/3512 3511/3511/3511 3521/3521/3521 
f 3521/3521/3521 3522/3522/3522 3512/3512/3512 
f 3513/3513/3513 3512/3512/3512 3522/3522/3522 
f 3522/3522/3522 3523/3523/3523 3513/3513/3513 
f 3514/3514/3514 3513/3513/3513 3523/3523/3523 
f 3523/3523/3523 3524/3524/3524 3514/3514/3514 
f 3515/3515/3515 3514/3514/3514 3524/3524/3524 
f 3524/3524/3524 3525/3525/3525 3515/3515/3515 
f 3517/3517/3517 3516/3516/3516 3526/3526/3526 
f 3526/3526/3526 3527/3527/3527 3517/3517/3517 
f 3518/3518/3518 3517/3517/3517 3527/3527/3527 
f 3527/3527/3527 3528/3528/3528 3518/3518/3518 
f 3519/3519/3519 3518/3518/3518 3528/3528/3528 
f 3528/3528/3528 3529/3529/3529 3519/3519/3519 
f 3520/3520/3520 3519/3519/3519 3529/3529/3529 
f 3529/3529/3529 3530/3530/3530 3520/3520/3520 
f 3521/3521/3521 3520/3520/3520 3530/3530/3530 
f 3530/3530/3530 3531/3531/3531 3521/3521/3521 
f 3522/3522/3522 3521/3521/3521 3531/3531/3531 
f 3531/3531/3531 3532/3532/3532 3522/3522/3522 
f 3523/3523/3523 3522/3522/3522 3532/3532/3532 
f 3532/3532/3532 3533/3533/3533 3523/3523/3523 
f 3524/3524/3524 3523/3523/3523 3533/3533/3533 
f 3533/3533/3533 3534/3534/3534 3524/3524/3524 
f 3525/3525/3525 3524/3524/3524 3534/3534/3534 
f 3534/3534/3534 3535/3535/3535 3525/3525/3525 
f 3527/3527/3527 3526/3526/3526 3310/3310/3310 
f 3310/3310/3310 3309/3309/3309 3527/3527/3527 
f 3528/3528/3528 3527/3527/3527 3309/3309/3309 
f 3309/3309/3309 3313/3313/3313 3528/3528/3528 
f 3529/3529/3529 3528/3528/3528 3313/3313/3313 
f 3313/3313/3313 3315/3315/3315 3529/3529/3529 
f 3530/3530/3530 3529/3529/3529 3315/3315/3315 
f 3315/3315/3315 3317/3317/3317 3530/3530/3530 
f 3531/3531/3531 3530/3530/3530 3317/3317/3317 
f 3317/3317/3317 3319/3319/3319 3531/3531/3531 
f 3532/3532/3532 3531/3531/3531 3319/3319/3319 
f 3319/3319/3319 3321/3321/3321 3532/3532/3532 
f 3533/3533/3533 3532/3532/3532 3321/3321/3321 
f 3321/3321/3321 3323/3323/3323 3533/3533/3533 
f 3534/3534/3534 3533/3533/3533 3323/3323/3323 
f 3323/3323/3323 3325/3325/3325 3534/3534/3534 
f 3535/3535/3535 3534/3534/3534 3325/3325/3325 
f 3325/3325/3325 3327/3327/3327 3535/3535/3535 
f 3536/3536/3536 3537/3537/3537 3538/3538/3538 
f 3538/3538/3538 3539/3539/3539 3536/3536/3536 
f 3540/3540/3540 3536/3536/3536 3539/3539/3539 
f 3539/3539/3539 3541/3541/3541 3540/3540/3540 
f 3542/3542/3542 3540/3540/3540 3541/3541/3541 
f 3541/3541/3541 3543/3543/3543 3542/3542/3542 
f 3544/3544/3544 3542/3542/3542 3543/3543/3543 
f 3543/3543/3543 3545/3545/3545 3544/3544/3544 
f 3546/3546/3546 3544/3544/3544 3545/3545/3545 
f 3545/3545/3545 3547/3547/3547 3546/3546/3546 
f 3548/3548/3548 3546/3546/3546 3547/3547/3547 
f 3547/3547/3547 3549/3549/3549 3548/3548/3548 
f 3550/3550/3550 3548/3548/3548 3549/3549/3549 
f 3549/3549/3549 3551/3551/3551 3550/3550/3550 
f 3552/3552/3552 3550/3550/3550 3551/3551/3551 
f 3551/3551/3551 3553/3553/3553 3552/3552/3552 
f 3554/3554/3554 3552/3552/3552 3553/3553/3553 
f 3553/3553/3553 3555/3555/3555 3554/3554/3554 
f 3539/3539/3539 3538/3538/3538 3556/3556/3556 
f 3556/3556/3556 3557/3557/3557 3539/3539/3539 
f 3541/3541/3541 3539/3539/3539 3557/3557/3557 
f 3557/3557/3557 3558/3558/3558 3541/3541/3541 
f 3543/3543/3543 3541/3541/3541 3558/3558/3558 
f 3558/3558/3558 3559/3559/3559 3543/3543/3543 
f 3545/3545/3545 3543/3543/3543 3559/3559/3559 
f 3559/3559/3559 3560/3560/3560 3545/3545/3545 
f 3547/3547/3547 3545/3545/3545 3560/3560/3560 
f 3560/3560/3560 3561/3561/3561 3547/3547/3547 
f 3549/3549/3549 3547/3547/3547 3561/3561/3561 
f 3561/3561/3561 3562/3562/3562 3549/3549/3549 
f 3551/3551/3551 3549/3549/3549 3562/3562/3562 
f 3562/3562/3562 3563/3563/3563 3551/3551/3551 
f 3553/3553/3553 3551/3551/3551 3563/3563/3563 
f 3563/3563/3563 3564/3564/3564 3553/3553/3553 
f 3555/3555/3555 3553/3553/3553 3564/3564/3564 
f 3564/3564/3564 3565/3565/3565 3555/3555/3555 
f 3557/3557/3557 3556/3556/3556 3566/3566/3566 
f 3566/3566/3566 3567/3567/3567 3557/3557/3557 
f 3558/3558/3558 3557/3557/3557 3567/3567/3567 
f 3567/3567/3567 3568/3568/3568 3558/3558/3558 
f 3559/3559/3559 3558/3558/3558 3568/3568/3568 
f 3568/3568/3568 3569/3569/3569 3559/3559/3559 
f 3560/3560/3560 3559/3559/3559 3569/3569/3569 
f 3569/3569/3569 3570/3570/3570 3560/3560/3560 
f 3561/3561/3561 3560/3560/3560 3570/3570/3570 
f 3570/3570/3570 3571/3571/3571 3561/3561/3561 
f 3562/3562/3562 3561/3561/3561 3571/3571/3571 
f 3571/3571/3571 3572/3572/3572 3562/3562/3562 
f 3563/3563/3563 3562/3562/3562 3572/3572/3572 
f 3572/3572/3572 3573/3573/3573 3563/3563/3563 
f 3564/3564/3564 3563/3563/3563 3573/3573/3573 
f 3573/3573/3573 3574/3574/3574 3564/3564/3564 
f 3565/3565/3565 3564/3564/3564 3574/3574/3574 
f 3574/3574/3574 3575/3575/3575 3565/3565/3565 
f 3567/3567/3567 3566/3566/3566 3576/3576/3576 
f 3576/3576/3576 3577/3577/3577 3567/3567/3567 
f 3568/3568/3568 3567/3567/3567 3577/3577/3577 
f 3577/3577/3577 3578/3578/3578 3568/3568/3568 
f 3569/3569/3569 3568/3568/3568 3578/3578/3578 
f 3578/3578/3578 3579/3579/3579 3569/3569/3569 
f 3570/3570/3570 3569/3569/3569 3579/3579/3579 
f 3579/3579/3579 3580/3580/3580 3570/3570/3570 
f 3571/3571/3571 3570/3570/3570 3580/3580/3580 
f 3580/3580/3580 3581/3581/3581 3571/3571/3571 
f 3572/3572/3572 3571/3571/3571 3581/3581/3581 
f 3581/3581/3581 3582/3582/3582 3572/3572/3572 
f 3573/3573/3573 3572/3572/3572 3582/3582/3582 
f 3582/3582/3582 3583/3583/3583 3573/3573/3573 
f 3574/3574/3574 3573/3573/3573 3583/3583/3583 
f 3583/3583/3583 3584/3584/3584 3574/3574/3574 
f 3575/3575/3575 3574/3574/3574 3584/3584/3584 
f 3584/3584/3584 3585/3585/3585 3575/3575/3575 
f 3577/3577/3577 3576/3576/3576 3586/3586/3586 
f 3586/3586/3586 3587/3587/3587 3577/3577/3577 
f 3578/3578/3578 3577/3577/3577 3587/3587/3587 
f 3587/3587/3587 3588/3588/3588 3578/3578/3578 
f 3579/3579/3579 3578/3578/3578 3588/3588/3588 
f 3588/3588/3588 3589/3589/3589 3579/3579/3579 
f 3580/3580/3580 3579/3579/3579 3589/3589/3589 
f 3589/3589/3589 3590/3590/3590 3580/3580/3580 
f 3581/3581/3581 3580/3580/3580 3590/3590/3590 
f 3590/3590/3590 3591/3591/3591 3581/3581/3581 
f 3582/3582/3582 3581/3581/3581 3591/3591/3591 
f 3591/3591/3591 3592/3592/3592 3582/3582/3582 
f 3583/3583/3583 3582/3582/3582 3592/3592/3592 
f 3592/3592/3592 3593/3593/3593 3583/3583/3583 
f 3584/3584/3584 3583/3583/3583 3593/3593/3593 
f 3593/3593/3593 3594/3594/3594 3584/3584/3584 
f 3585/3585/3585 3584/3584/3584 3594/3594/3594 
f 3594/3594/3594 3595/3595/3595 3585/3585/3585 
f 3587/3587/3587 3586/3586/3586 3596/3596/3596 
f 3596/3596/3596 3597/3597/3597 3587/3587/3587 
f 3588/3588/3588 3587/3587/3587 3597/3597/3597 
f 3597/3597/3597 3598/3598/3598 3588/3588/3588 
f 3589/3589/3589 3588/3588/3588 3598/3598/3598 
f 3598/3598/3598 3599/3599/3599 3589/3589/3589 
f 3590/3590/3590 3589/3589/3589 3599/3599/3599 
f 3599/3599/3599 3600/3600/3600 3590/3590/3590 
f 3591/3591/3591 3590/3590/3590 3600/3600/3600 
f 3600/3600/3600 3601/3601/3601 3591/3591/3591 
f 3592/3592/3592 3591/3591/3591 3601/3601/3601 
f 3601/3601/3601 3602/3602/3602 3592/3592/3592 
f 3593/3593/3593 3592/3592/3592 3602/3602/3602 
f 3602/3602/3602 3603/3603/3603 3593/3593/3593 
f 3594/3594/3594 3593/3593/3593 3603/3603/3603 
f 3603/3603/3603 3604/3604/3604 3594/3594/3594 
f 3595/3595/3595 3594/3594/3594 3604/3604/3604 
f 3604/3604/3604 3605/3605/3605 3595/3595/3595 
f 3597/3597/3597 3596/3596/3596 3606/3606/3606 
f 3606/3606/3606 3607/3607/3607 3597/3597/3597 
f 3598/3598/3598 3597/3597/3597 3607/3607/3607 
f 3607/3607/3607 3608/3608/3608 3598/3598/3598 
f 3599/3599/3599 3598/3598/3598 3608/3608/3608 
f 3608/3608/3608 3609/3609/3609 3599/3599/3599 
f 3600/3600/3600 3599/3599/3599 3609/3609/3609 
f 3609/3609/3609 3610/3610/3610 3600/3600/3600 
f 3601/3601/3601 3600/3600/3600 3610/3610/3610 
f 3610/3610/3610 3611/3611/3611 3601/3601/3601 
f 3602/3602/3602 3601/3601/3601 3611/3611/3611 
f 3611/3611/3611 3612/3612/3612 3602/3602/3602 
f 3603/3603/3603 3602/3602/3602 3612/3612/3612 
f 3612/3612/3612 3613/3613/3613 3603/3603/3603 
f 3604/3604/3604 3603/3603/3603 3613/3613/3613 
f 3613/3613/3613 3614/3614/3614 3604/3604/3604 
f 3605/3605/3605 3604/3604/3604 3614/3614/3614 
f 3614/3614/3614 3615/3615/3615 3605/3605/3605 
f 3607/3607/3607 3606/3606/3606 3616/3616/3616 
f 3616/3616/3616 3617/3617/3617 3607/3607/3607 
f 3608/3608/3608 3607/3607/3607 3617/3617/3617 
f 3617/3617/3617 3618/3618/3618 3608/3608/3608 
f 3609/3609/3609 3608/3608/3608 3618/3618/3618 
f 3618/3618/3618 3619/3619/3619 3609/3609/3609 
f 3610/3610/3610 3609/3609/3609 3619/3619/3619 
f 3619/3619/3619 3620/3620/3620 3610/3610/3610 
f 3611/3611/3611 3610/3610/3610 3620/3620/3620 
f 3620/3620/3620 3621/3621/3621 3611/3611/3611 
f 3612/3612/3612 3611/3611/3611 3621/3621/3621 
f 3621/3621/3621 3622/3622/3622 3612/3612/3612 
f 3613/3613/3613 3612/3612/3612 3622/3622/3622 
f 3622/3622/3622 3623/3623/3623 3613/3613/3613 
f 3614/3614/3614 3613/3613/3613 3623/3623/3623 
f 3623/3623/3623 3624/3624/3624 3614/3614/3614 
f 3615/3615/3615 3614/3614/3614 3624/3624/3624 
f 3624/3624/3624 3625/3625/3625 3615/3615/3615 
f 3617/3617/3617 3616/3616/3616 3447/3447/3447 
f 3447/3447/3447 3446/3446/3446 3617/3617/3617 
f 3618/3618/3618 3617/3617/3617 3446/3446/3446 
f 3446/3446/3446 3450/3450/3450 3618/3618/3618 
f 3619/3619/3619 3618/3618/3618 3450/3450/3450 
f 3450/3450/3450 3452/3452/3452 3619/3619/3619 
f 3620/3620/3620 3619/3619/3619 3452/3452/3452 
f 3452/3452/3452 3454/3454/3454 3620/3620/3620 
f 3621/3621/3621 3620/3620/3620 3454/3454/3454 
f 3454/3454/3454 3456/3456/3456 3621/3621/3621 
f 3622/3622/3622 3621/3621/3621 3456/3456/3456 
f 3456/3456/3456 3458/3458/3458 3622/3622/3622 
f 3623/3623/3623 3622/3622/3622 3458/3458/3458 
f 3458/3458/3458 3460/3460/3460 3623/3623/3623 
f 3624/3624/3624 3623/3623/3623 3460/3460/3460 
f 3460/3460/3460 3462/3462/3462 3624/3624/3624 
f 3625/3625/3625 3624/3624/3624 3462/3462/3462 
f 3462/3462/3462 3464/3464/3464 3625/3625/3625 
f 3626/3626/3626 3627/3627/3627 3628/3628/3628 
f 3628/3628/3628 3629/3629/3629 3626/3626/3626 
f 3630/3630/3630 3626/3626/3626 3629/3629/3629 
f 3629/3629/3629 3631/3631/3631 3630/3630/3630 
f 3632/3632/3632 3630/3630/3630 3631/3631/3631 
f 3631/3631/3631 3633/3633/3633 3632/3632/3632 
f 3634/3634/3634 3632/3632/3632 3633/3633/3633 
f 3633/3633/3633 3635/3635/3635 3634/3634/3634 
f 3636/3636/3636 3634/3634/3634 3635/3635/3635 
f 3635/3635/3635 3637/3637/3637 3636/3636/3636 
f 3638/3638/3638 3636/3636/3636 3637/3637/3637 
f 3637/3637/3637 3639/3639/3639 3638/3638/3638 
f 3640/3640/3640 3638/3638/3638 3639/3639/3639 
f 3639/3639/3639 3641/3641/3641 3640/3640/3640 
f 3642/3642/3642 3640/3640/3640 3641/3641/3641 
f 3641/3641/3641 3643/3643/3643 3642/3642/3642 
f 3644/3644/3644 3642/3642/3642 3643/3643/3643 
f 3643/3643/3643 3645/3645/3645 3644/3644/3644 
f 3629/3629/3629 3628/3628/3628 3646/3646/3646 
f 3646/3646/3646 3647/3647/3647 3629/3629/3629 
f 3631/3631/3631 3629/3629/3629 3647/3647/3647 
f 3647/3647/3647 3648/3648/3648 3631/3631/3631 
f 3633/3633/3633 3631/3631/3631 3648/3648/3648 
f 3648/3648/3648 3649/3649/3649 3633/3633/3633 
f 3635/3635/3635 3633/3633/3633 3649/3649/3649 
f 3649/3649/3649 3650/3650/3650 3635/3635/3635 
f 3637/3637/3637 3635/3635/3635 3650/3650/3650 
f 3650/3650/3650 3651/3651/3651 3637/3637/3637 
f 3639/3639/3639 3637/3637/3637 3651/3651/3651 
f 3651/3651/3651 3652/3652/3652 3639/3639/3639 
f 3641/3641/3641 3639/3639/3639 3652/3652/3652 
f 3652/3652/3652 3653/3653/3653 3641/3641/3641 
f 3643/3643/3643 3641/3641/3641 3653/3653/3653 
f 3653/3653/3653 3654/3654/3654 3643/3643/3643 
f 3645/3645/3645 3643/3643/3643 3654/3654/3654 
f 3654/3654/3654 3655/3655/3655 3645/3645/3645 
f 3647/3647/3647 3646/3646/3646 3656/3656/3656 
f 3656/3656/3656 3657/3657/3657 3647/3647/3647 
f 3648/3648/3648 3647/3647/3647 3657/3657/3657 
f 3657/3657/3657 3658/3658/3658 3648/3648/3648 
f 3649/3649/3649 3648/3648/3648 3658/3658/3658 
f 3658/3658/3658 3659/3659/3659 3649/3649/3649 
f 3650/3650/3650 3649/3649/3649 3659/3659/3659 
f 3659/3659/3659 3660/3660/3660 3650/3650/3650 
f 3651/3651/3651 3650/3650/3650 3660/3660/3660 
f 3660/3660/3660 3661/3661/3661 3651/3651/3651 
f 3652/3652/3652 3651/3651/3651 3661/3661/3661 
f 3661/3661/3661 3662/3662/3662 3652/3652/3652 
f 3653/3653/3653 3652/3652/3652 3662/3662/3662 
f 3662/3662/3662 3663/3663/3663 3653/3653/3653 
f 3654/3654/3654 3653/3653/3653 3663/3663/3663 
f 3663/3663/3663 3664/3664/3664 3654/3654/3654 
f 3655/3655/3655 3654/3654/3654 3664/3664/3664 
f 3664/3664/3664 3665/3665/3665 3655/3655/3655 
f 3657/3657/3657 3656/3656/3656 3666/3666/3666 
f 3666/3666/3666 3667/3667/3667 3657/3657/3657 
f 3658/3658/3658 3657/3657/3657 3667/3667/3667 
f 3667/3667/3667 3668/3668/3668 3658/3658/3658 
f 3659/3659/3659 3658/3658/3658 3668/3668/3668 
f 3668/3668/3668 3669/3669/3669 3659/3659/3659 
f 3660/3660/3660 3659/3659/3659 3669/3669/3669 
f 3669/3669/3669 3670/3670/3670 3660/3660/3660 
f 3661/3661/3661 3660/3660/3660 3670/3670/3670 
f 3670/3670/3670 3671/3671/3671 3661/3661/3661 
f 3662/3662/3662 3661/3661/3661 3671/3671/3671 
f 3671/3671/3671 3672/3672/3672 3662/3662/3662 
f 3663/3663/3663 3662/3662/3662 3672/3672/3672 
f 3672/3672/3672 3673/3673/3673 3663/3663/3663 
f 3664/3664/3664 3663/3663/3663 3673/3673/3673 
f 3673/3673/3673 3674/3674/3674 3664/3664/3664 
f 3665/3665/3665 3664/3664/3664 3674/3674/3674 
f 3674/3674/3674 3675/3675/3675 3665/3665/3665 
f 3667/3667/3667 3666/3666/3666 3676/3676/3676 
f 3676/3676/3676 3677/3677/3677 3667/3667/3667 
f 3668/3668/3668 3667/3667/3667 3677/3677/3677 
f 3677/3677/3677 3678/3678/3678 3668/3668/3668 
f 3669/3669/3669 3668/3668/3668 3678/3678/3678 
f 3678/3678/3678 3679/3679/3679 3669/3669/3669 
f 3670/3670/3670 3669/3669/3669 3679/3679/3679 
f 3679/3679/3679 3680/3680/3680 3670/3670/3670 
f 3671/3671/3671 3670/3670/3670 3680/3680/3680 
f 3680/3680/3680 3681/3681/3681 3671/3671/3671 
f 3672/3672/3672 3671/3671/3671 3681/3681/3681 
f 3681/3681/3681 3682/3682/3682 3672/3672/3672 
f 3673/3673/3673 3672/3672/3672 3682/3682/3682 
f 3682/3682/3682 3683/3683/3683 3673/3673/3673 
f 3674/3674/3674 3673/3673/3673 3683/3683/3683 
f 3683/3683/3683 3684/3684/3684 3674/3674/3674 
f 3675/3675/3675 3674/3674/3674 3684/3684/3684 
f 3684/3684/3684 3685/3685/3685 3675/3675/3675 
f 3677/3677/3677 3676/3676/3676 3686/3686/3686 
f 3686/3686/3686 3687/3687/3687 3677/3677/3677 
f 3678/3678/3678 3677/3677/3677 3687/3687/3687 
f 3687/3687/3687 3688/3688/3688 3678/3678/3678 
f 3679/3679/3679 3678/3678/3678 3688/3688/3688 
f 3688/3688/3688 3689/3689/3689 3679/3679/3679 
f 3680/3680/3680 3679/3679/3679 3689/3689/3689 
f 3689/3689/3689 3690/3690/3690 3680/3680/3680 
f 3681/3681/3681 3680/3680/3680 3690/3690/3690 
f 3690/3690/3690 3691/3691/3691 3681/3681/3681 
f 3682/3682/3682 3681/3681/3681 3691/3691/3691 
f 3691/3691/3691 3692/3692/3692 3682/3682/3682 
f 3683/3683/3683 3682/3682/3682 3692/3692/3692 
f 3692/3692/3692 3693/3693/3693 3683/3683/3683 
f 3684/3684/3684 3683/3683/3683 3693/3693/3693 
f 3693/3693/3693 3694/3694/3694 3684/3684/3684 
f 3685/3685/3685 3684/3684/3684 3694/3694/3694 
f 3694/3694/3694 3695/3695/3695 3685/3685/3685 
f 3687/3687/3687 3686/3686/3686 3696/3696/3696 
f 3696/3696/3696 3697/3697/3697 3687/3687/3687 
f 3688/3688/3688 3687/3687/3687 3697/3697/3697 
f 3697/3697/3697 3698/3698/3698 3688/3688/3688 
f 3689/3689/3689 3688/3688/3688 3698/3698/3698 
f 3698/3698/3698 3699/3699/3699 3689/3689/3689 
f 3690/3690/3690 3689/3689/3689 3699/3699/3699 
f 3699/3699/3699 3700/3700/3700 3690/3690/3690 
f 3691/3691/3691 3690/3690/3690 3700/3700/3700 
f 3700/3700/3700 3701/3701/3701 3691/3691/3691 
f 3692/3692/3692 3691/3691/3691 3701/3701/3701 
f 3701/3701/3701 3702/3702/3702 3692/3692/3692 
f 3693/3693/3693 3692/3692/3692 3702/3702/3702 
f 3702/3702/3702 3703/3703/3703 3693/3693/3693 
f 3694/3694/3694 3693/3693/3693 3703/3703/3703 
f 3703/3703/3703 3704/3704/3704 3694/3694/3694 
f 3695/3695/3695 3694/3694/3694 3704/3704/3704 
f 3704/3704/3704 3705/3705/3705 3695/3695/3695 
f 3697/3697/3697 3696/3696/3696 3706/3706/3706 
f 3706/3706/3706 3707/3707/3707 3697/3697/3697 
f 3698/3698/3698 3697/3697/3697 3707/3707/3707 
f 3707/3707/3707 3708/3708/3708 3698/3698/3698 
f 3699/3699/3699 3698/3698/3698 3708/3708/3708 
f 3708/3708/3708 3709/3709/3709 3699/3699/3699 
f 3700/3700/3700 3699/3699/3699 3709/3709/3709 
f 3709/3709/3709 3710/3710/3710 3700/3700/3700 
f 3701/3701/3701 3700/3700/3700 3710/3710/3710 
f 3710/3710/3710 3711/3711/3711 3701/3701/3701 
f 3702/3702/3702 3701/3701/3701 3711/3711/3711 
f 3711/3711/3711 3712/3712/3712 3702/3702/3702 
f 3703/3703/3703 3702/3702/3702 3712/3712/3712 
f 3712/3712/3712 3713/3713/3713 3703/3703/3703 
f 3704/3704/3704 3703/3703/3703 3713/3713/3713 
f 3713/3713/3713 3714/3714/3714 3704/3704/3704 
f 3705/3705/3705 3704/3704/3704 3714/3714/3714 
f 3714/3714/3714 3715/3715/3715 3705/3705/3705 
f 3707/3707/3707 3706/3706/3706 3716/3716/3716 
f 3716/3716/3716 3717/3717/3717 3707/3707/3707 
f 3708/3708/3708 3707/3707/3707 3717/3717/3717 
f 3717/3717/3717 3718/3718/3718 3708/3708/3708 
f 3709/3709/3709 3708/3708/3708 3718/3718/3718 
f 3718/3718/3718 3719/3719/3719 3709/3709/3709 
f 3710/3710/3710 3709/3709/3709 3719/3719/3719 
f 3719/3719/3719 3720/3720/3720 3710/3710/3710 
f 3711/3711/3711 3710/3710/3710 3720/3720/3720 
f 3720/3720/3720 3721/3721/3721 3711/3711/3711 
f 3712/3712/3712 3711/3711/3711 3721/3721/3721 
f 3721/3721/3721 3722/3722/3722 3712/3712/3712 
f 3713/3713/3713 3712/3712/3712 3722/3722/3722 
f 3722/3722/3722 3723/3723/3723 3713/3713/3713 
f 3714/3714/3714 3713/3713/3713 3723/3723/3723 
f 3723/3723/3723 3724/3724/3724 3714/3714/3714 
f 3715/3715/3715 3714/3714/3714 3724/3724/3724 
f 3724/3724/3724 3725/3725/3725 3715/3715/3715 
f 3726/3726/3726 3727/3727/3727 3728/3728/3728 
f 3728/3728/3728 3729/3729/3729 3726/3726/3726 
f 3730/3730/3730 3726/3726/3726 3729/3729/3729 
f 3729/3729/3729 3731/3731/3731 3730/3730/3730 
f 3732/3732/3732 3730/3730/3730 3731/3731/3731 
f 3731/3731/3731 3733/3733/3733 3732/3732/3732 
f 3734/3734/3734 3732/3732/3732 3733/3733/3733 
f 3733/3733/3733 3735/3735/3735 3734/3734/3734 
f 3736/3736/3736 3734/3734/3734 3735/3735/3735 
f 3735/3735/3735 3737/3737/3737 3736/3736/3736 
f 3738/3738/3738 3736/3736/3736 3737/3737/3737 
f 3737/3737/3737 3739/3739/3739 3738/3738/3738 
f 3740/3740/3740 3738/3738/3738 3739/3739/3739 
f 3739/3739/3739 3741/3741/3741 3740/3740/3740 
f 3742/3742/3742 3740/3740/3740 3741/3741/3741 
f 3741/3741/3741 3743/3743/3743 3742/3742/3742 
f 3744/3744/3744 3742/3742/3742 3743/3743/3743 
f 3743/3743/3743 3745/3745/3745 3744/3744/3744 
f 3729/3729/3729 3728/3728/3728 3746/3746/3746 
f 3746/3746/3746 3747/3747/3747 3729/3729/3729 
f 3731/3731/3731 3729/3729/3729 3747/3747/3747 
f 3747/3747/3747 3748/3748/3748 3731/3731/3731 
f 3733/3733/3733 3731/3731/3731 3748/3748/3748 
f 3748/3748/3748 3749/3749/3749 3733/3733/3733 
f 3735/3735/3735 3733/3733/3733 3749/3749/3749 
f 3749/3749/3749 3750/3750/3750 3735/3735/3735 
f 3737/3737/3737 3735/3735/3735 3750/3750/3750 
f 3750/3750/3750 3751/3751/3751 3737/3737/3737 
f 3739/3739/3739 3737/3737/3737 3751/3751/3751 
f 3751/3751/3751 3752/3752/3752 3739/3739/3739 
f 3741/3741/3741 3739/3739/3739 3752/3752/3752 
f 3752/3752/3752 3753/3753/3753 3741/3741/3741 
f 3743/3743/3743 3741/3741/3741 3753/3753/3753 
f 3753/3753/3753 3754/3754/3754 3743/3743/3743 
f 3745/3745/3745 3743/3743/3743 3754/3754/3754 
f 3754/3754/3754 3755/3755/3755 3745/3745/3745 
f 3747/3747/3747 3746/3746/3746 3756/3756/3756 
f 3756/3756/3756 3757/3757/3757 3747/3747/3747 
f 3748/3748/3748 3747/3747/3747 3757/3757/3757 
f 3757/3757/3757 3758/3758/3758 3748/3748/3748 
f 3749/3749/3749 3748/3748/3748 3758/3758/3758 
f 3758/3758/3758 3759/3759/3759 3749/3749/3749 
f 3750/3750/3750 3749/3749/3749 3759/3759/3759 
f 3759/3759/3759 3760/3760/3760 3750/3750/3750 
f 3751/3751/3751 3750/3750/3750 3760/3760/3760 
f 3760/3760/3760 3761/3761/3761 3751/3751/3751 
f 3752/3752/3752 3751/3751/3751 3761/3761/3761 
f 3761/3761/3761 3762/3762/3762 3752/3752/3752 
f 3753/3753/3753 3752/3752/3752 3762/3762/3762 
f 3762/3762/3762 3763/3763/3763 3753/3753/3753 
f 3754/3754/3754 3753/3753/3753 3763/3763/3763 
f 3763/3763/3763 3764/3764/3764 3754/3754/3754 
f 3755/3755/3755 3754/3754/3754 3764/3764/3764 
f 3764/3764/3764 3765/3765/3765 3755/3755/3755 
f 3757/3757/3757 3756/3756/3756 3766/3766/3766 
f 3766/3766/3766 3767/3767/3767 3757/3757/3757 
f 3758/3758/3758 3757/3757/3757 3767/3767/3767 
f 3767/3767/3767 3768/3768/3768 3758/3758/3758 
f 3759/3759/3759 3758/3758/3758 3768/3768/3768 
f 3768/3768/3768 3769/3769/3769 3759/3759/3759 
f 3760/3760/3760 3759/3759/3759 3769/3769/3769 
f 3769/3769/3769 3770/3770/3770 3760/3760/3760 
f 3761/3761/3761 3760/3760/3760 3770/3770/3770 
f 3770/3770/3770 3771/3771/3771 3761/3761/3761 
f 3762/3762/3762 3761/3761/3761 3771/3771/3771 
f 3771/3771/3771 3772/3772/3772 3762/3762/3762 
f 3763/3763/3763 3762/3762/3762 3772/3772/3772 
f 3772/3772/3772 3773/3773/3773 3763/3763/3763 
f 3764/3764/3764 3763/3763/3763 3773/3773/3773 
f 3773/3773/3773 3774/3774/3774 3764/3764/3764 
f 3765/3765/3765 3764/3764/3764 3774/3774/3774 
f 3774/3774/3774 3775/3775/3775 3765/3765/3765 
f 3767/3767/3767 3766/3766/3766 3776/3776/3776 
f 3776/3776/3776 3777/3777/3777 3767/3767/3767 
f 3768/3768/3768 3767/3767/3767 3777/3777/3777 
f 3777/3777/3777 3778/3778/3778 3768/3768/3768 
f 3769/3769/3769 3768/3768/3768 3778/3778/3778 
f 3778/3778/3778 3779/3779/3779 3769/3769/3769 
f 3770/3770/3770 3769/3769/3769 3779/3779/3779 
f 3779/3779/3779 3780/3780/3780 3770/3770/3770 
f 3771/3771/3771 3770/3770/3770 3780/3780/3780 
f 3780/3780/3780 3781/3781/3781 3771/3771/3771 
f 3772/3772/3772 3771/3771/3771 3781/3781/3781 
f 3781/3781/3781 3782/3782/3782 3772/3772/3772 
f 3773/3773/3773 3772/3772/3772 3782/3782/3782 
f 3782/3782/3782 3783/3783/3783 3773/3773/3773 
f 3774/3774/3774 3773/3773/3773 3783/3783/3783 
f 3783/3783/3783 3784/3784/3784 3774/3774/3774 
f 3775/3775/3775 3774/3774/3774 3784/3784/3784 
f 3784/3784/3784 3785/3785/3785 3775/3775/3775 
f 3777/3777/3777 3776/3776/3776 3786/3786/3786 
f 3786/3786/3786 3787/3787/3787 3777/3777/3777 
f 3778/3778/3778 3777/3777/3777 3787/3787/3787 
f 3787/3787/3787 3788/3788/3788 3778/3778/3778 
f 3779/3779/3779 3778/3778/3778 3788/3788/3788 
f 3788/3788/3788 3789/3789/3789 3779/3779/3779 
f 3780/3780/3780 3779/3779/3779 3789/3789/3789 
f 3789/3789/3789 3790/3790/3790 3780/3780/3780 
f 3781/3781/3781 3780/3780/3780 3790/3790/3790 
f 3790/3790/3790 3791/3791/3791 3781/3781/3781 
f 3782/3782/3782 3781/3781/3781 3791/3791/3791 
f 3791/3791/3791 3792/3792/3792 3782/3782/3782 
f 3783/3783/3783 3782/3782/3782 3792/3792/3792 
f 3792/3792/3792 3793/3793/3793 3783/3783/3783 
f 3784/3784/3784 3783/3783/3783 3793/3793/3793 
f 3793/3793/3793 3794/3794/3794 3784/3784/3784 
f 3785/3785/3785 3784/3784/3784 3794/3794/3794 
f 3794/3794/3794 3795/3795/3795 3785/3785/3785 
f 3787/3787/3787 3786/3786/3786 3796/3796/3796 
f 3796/3796/3796 3797/3797/3797 3787/3787/3787 
f 3788/3788/3788 3787/3787/3787 3797/3797/3797 
f 3797/3797/3797 3798/3798/3798 3788/3788/3788 
f 3789/3789/3789 3788/3788/3788 3798/3798/3798 
f 3798/3798/3798 3799/3799/3799 3789/3789/3789 
f 3790/3790/3790 3789/3789/3789 3799/3799/3799 
f 3799/3799/3799 3800/3800/3800 3790/3790/3790 
f 3791/3791/3791 3790/3790/3790 3800/3800/3800 
f 3800/3800/3800 3801/3801/3801 3791/3791/3791 
f 3792/3792/3792 3791/3791/3791 3801/3801/3801 
f 3801/3801/3801 3802/3802/3802 3792/3792/3792 
f 3793/3793/3793 3792/3792/3792 3802/3802/3802 
f 3802/3802/3802 3803/3803/3803 3793/3793/3793 
f 3794/3794/3794 3793/3793/3793 3803/3803/3803 
f 3803/3803/3803 3804/3804/3804 3794/3794/3794 
f 3795/3795/3795 3794/3794/3794 3804/3804/3804 
f 3804/3804/3804 3805/3805/3805 3795/3795/3795 
f 3797/3797/3797 3796/3796/3796 3806/3806/3806 
f 3806/3806/3806 3807/3807/3807 3797/3797/3797 
f 3798/3798/3798 3797/3797/3797 3807/3807/3807 
f 3807/3807/3807 3808/3808/3808 3798/3798/3798 
f 3799/3799/3799 3798/3798/3798 3808/3808/3808 
f 3808/3808/3808 3809/3809/3809 3799/3799/3799 
f 3800/3800/3800 3799/3799/3799 3809/3809/3809 
f 3809/3809/3809 3810/3810/3810 3800/3800/3800 
f 3801/3801/3801 3800/3800/3800 3810/3810/3810 
f 3810/3810/3810 3811/3811/3811 3801/3801/3801 
f 3802/3802/3802 3801/3801/3801 3811/3811/3811 
f 3811/3811/3811 3812/3812/3812 3802/3802/3802 
f 3803/3803/3803 3802/3802/3802 3812/3812/3812 
f 3812/3812/3812 3813/3813/3813 3803/3803/3803 
f 3804/3804/3804 3803/3803/3803 3813/3813/3813 
f 3813/3813/3813 3814/3814/3814 3804/3804/3804 
f 3805/3805/3805 3804/3804/3804 3814/3814/3814 
f 3814/3814/3814 3815/3815/3815 3805/3805/3805 
f 3807/3807/3807 3806/3806/3806 3816/3816/3816 
f 3816/3816/3816 3817/3817/3817 3807/3807/3807 
f 3808/3808/3808 3807/3807/3807 3817/3817/3817 
f 3817/3817/3817 3818/3818/3818 3808/3808/3808 
f 3809/3809/3809 3808/3808/3808 3818/3818/3818 
f 3818/3818/3818 3819/3819/3819 3809/3809/3809 
f 3810/3810/3810 3809/3809/3809 3819/3819/3819 
f 3819/3819/3819 3820/3820/3820 3810/3810/3810 
f 3811/3811/3811 3810/3810/3810 3820/3820/3820 
f 3820/3820/3820 3821/3821/3821 3811/3811/3811 
f 3812/3812/3812 3811/3811/3811 3821/3821/3821 
f 3821/3821/3821 3822/3822/3822 3812/3812/3812 
f 3813/3813/3813 3812/3812/3812 3822/3822/3822 
f 3822/3822/3822 3823/3823/3823 3813/3813/3813 
f 3814/3814/3814 3813/3813/3813 3823/3823/3823 
f 3823/3823/3823 3824/3824/3824 3814/3814/3814 
f 3815/3815/3815 3814/3814/3814 3824/3824/3824 
f 3824/3824/3824 3825/3825/3825 3815/3815/3815 

