# This file is brought to you by Roblox Corporation
# Generated by Roblox Studio

mtllib 212121.mtl

g Head1

v 342 2.99999 161.37 
v 342 2.99999 161.37 
v 342 2.99999 161.37 
v 342 2.99999 161.37 
v 342 2.99999 161.37 
v 342 2.69999 161.37 
v 342 2.69999 161.37 
v 342 2.99999 161.37 
v 342 2.99999 161.37 
v 342 2.69998 161.37 
v 342 2.7 161.37 
v 344 2.69998 161.37 
v 342 2.7 161.37 
v 342 2.69999 161.37 
v 341.9 2.69999 161.37 
v 342 2.69999 161.37 
v 342 2.69999 161.37 
v 342 2.69999 161.37 
v 342 2.99999 161.37 
v 341.9 3 161.37 
v 342 2.99999 161.37 
v 342 2.99999 161.37 
v 342 2.99999 161.37 
v 342 2.99999 161.37 
v 341.9 2.99999 161.37 
v 341.9 2.99999 161.37 
v 341.9 3 161.37 
v 341.9 3 160.87 
v 341.9 2.69999 160.87 
v 341.9 3 160.87 
v 341.9 3 161.37 
v 341.9 3 160.87 
v 341.9 3 161.37 
v 341.9 3 161.37 
v 341.9 2.69999 161.37 
v 341.9 3 161.37 
v 341.9 3 161.37 
v 341.9 3 161.37 
v 341.9 3 161.37 
v 341.9 2.99999 161.37 
v 341.9 2.69999 161.37 
v 341.9 3 161.37 
v 341.9 3 161.37 
v 342 2.69999 160.87 
v 342 3 160.87 
v 342 3 160.87 
v 342 3 160.87 
v 342 3 160.87 
v 342 4.59998 160.87 
v 342 2.7 161.37 
v 342 2.69999 160.87 
v 342 2.69998 161.37 
v 342 2.69998 161.37 
v 342 2.69998 160.87 
v 344 2.69998 161.37 
v 342 2.69998 160.87 
v 342 2.69998 160.87 
v 342 2.69998 159.87 
v 342 2.69998 159.87 
v 342 2.69998 159.87 
v 342 2.69999 159.87 
v 342 3 160.87 
v 342 2.69999 160.87 
v 341.9 2.69999 160.87 
v 341.9 3 160.87 
v 341.9 4.29999 161.37 
v 341.9 3 160.87 
v 341.9 2.69999 160.87 
v 341.9 2.69998 160.87 
v 341.9 2.69998 159.87 
v 342 2.69998 159.87 
v 341.9 2.69998 159.87 
v 341.9 2.69998 160.87 
v 341.9 4.69999 160.87 
v 341.9 4.69999 160.87 
v 341.9 2.69998 160.87 
v 342 4.59998 160.87 
v 342 2.69998 160.87 
v 342 2.69998 160.87 
v 342 2.69999 159.87 
v 341.9 4.69999 159.87 
v 341.9 4.29999 161.47 
v 341.9 4.69999 161.47 
v 341.9 4.69999 161.37 
v 341.9 4.69999 161.47 
v 341.9 4.29999 161.47 
v 343.35 4.29999 161.47 
v 342.3 4.59998 160.87 
v 342.3 4.59998 160.67 
v 342.3 4.59998 160.67 
v 342.3 4.59998 160.87 
v 343.6 4.59998 160.67 
v 342 4.59998 161.37 
v 342 4.59998 160.87 
v 343.6 4.59998 161.37 
v 342 4.59998 160.87 
v 342 4.59998 160.87 
v 342 4.59998 160.87 
v 342 4.59998 161.37 
v 342 4.59998 160.87 
v 342 4.59998 160.87 
v 342 4.59998 160.87 
v 342 4.59998 160.87 
v 342 4.59998 160.87 
v 342 4.59998 160.87 
v 342 4.59998 160.87 
v 342.3 4.59998 160.87 
v 342.3 4.59998 160.87 
v 342 4.69999 161.37 
v 343.6 4.69999 161.37 
v 342.3 4.69998 161.37 
v 343.6 4.69999 161.37 
v 342 4.69999 161.37 
v 343.6 4.69999 161.47 
v 342 4.69999 161.37 
v 342 4.69999 161.37 
v 342 4.69999 160.87 
v 342 4.69999 161.37 
v 341.9 4.69999 161.37 
v 342 4.69999 161.37 
v 341.9 4.69999 161.37 
v 341.9 4.69999 161.37 
v 341.9 4.69999 161.47 
v 341.9 4.69999 161.37 
v 341.9 4.69999 161.37 
v 341.9 4.69999 161.37 
v 341.9 4.69999 161.37 
v 341.9 4.69999 160.87 
v 342 4.69999 161.37 
v 342 4.69999 160.87 
v 341.9 4.69999 160.87 
v 342 4.69999 161.37 
v 342 4.69999 161.37 
v 342 4.69998 160.87 
v 341.9 4.69999 161.37 
v 341.9 4.69999 161.37 
v 342.3 4.69998 161.37 
v 343.6 4.69998 161.37 
v 343.6 4.69998 161.37 
v 343.6 4.69998 161.37 
v 343.6 4.69998 161.37 
v 342 4.69998 161.37 
v 342.3 4.69998 160.87 
v 342 4.69998 161.37 
v 342 4.69998 161.37 
v 341.9 4.69999 161.37 
v 341.9 4.69999 161.37 
v 341.9 4.29999 161.37 
v 342.3 4.59998 161.37 
v 342 4.59998 161.37 
v 342.3 4.59998 160.87 
v 342 4.59998 161.37 
v 342.3 4.59998 161.37 
v 342 4.29999 161.37 
v 343.6 4.29999 161.37 
v 342.3 4.69997 159.87 
v 342.3 4.69997 160.67 
v 343.6 4.69997 159.87 
v 342.3 4.69997 160.67 
v 342.3 4.69997 159.87 
v 342.3 4.69998 160.67 
v 342.3 4.69998 160.67 
v 342 4.69998 159.87 
v 342.3 4.59998 160.67 
v 342.3 4.59998 160.87 
v 342.3 4.59998 160.67 
v 343.6 4.59998 160.67 
v 342.3 4.59998 160.87 
v 342.3 4.59998 160.87 
v 342.3 4.59998 160.67 
v 342.3 4.69998 160.67 
v 342.3 4.69998 160.67 
v 342.3 4.69997 160.67 
v 342.3 4.59998 160.67 
v 343.6 4.59998 160.67 
v 342 4.69998 160.87 
v 342 4.69998 159.87 
v 342 4.69999 160.87 
v 342 4.69998 160.87 
v 342.3 4.69998 160.67 
v 342 4.69997 160.87 
v 342.3 4.69998 160.87 
v 342.3 4.69998 160.67 
v 342.3 4.69998 160.87 
v 342.3 4.69998 160.87 
v 342.3 4.69998 160.67 
v 342.3 4.69998 160.67 
v 342.3 4.69998 160.67 
v 343.6 4.69998 160.67 
v 342 4.69998 160.87 
v 342 4.69998 160.87 
v 342 4.69998 160.87 
v 342.3 4.69998 160.67 
v 342.3 4.69998 160.67 
v 342 4.69998 160.87 
v 342 4.69998 160.87 
v 341.9 3 160.87 
v 342 4.69998 160.87 
v 342 4.69998 160.87 
v 342 4.69998 160.87 
v 342.3 4.69998 160.87 
v 342 4.69999 160.87 
v 342 4.69999 159.87 
v 341.9 4.69999 160.87 
v 342 4.69999 159.87 
v 342 4.69998 160.87 
v 342 4.69999 160.87 
v 342 4.69999 160.87 
v 341.9 4.69999 160.87 
v 342 4.69997 160.87 
v 342.3 4.69998 160.87 
v 342.3 4.59998 160.87 
v 342.3 4.59998 160.87 
v 342 4.59998 160.87 
v 342 4.69997 160.87 
v 342 4.69997 160.87 
v 342 4.69997 160.87 
v 342 4.59998 160.87 
v 342 4.59998 160.87 
v 342 4.69998 160.87 
v 342 4.59998 160.87 
v 342 4.69998 160.87 
v 342 4.59998 160.87 
v 342 4.59998 160.87 
v 342 4.59998 160.87 
v 342 4.59998 160.87 
v 342 4.59998 160.87 
v 342 4.59998 161.37 
v 342 4.59998 160.87 
v 342.3 4.59998 160.87 
v 343.6 4.59998 161.37 
v 342.3 4.59998 160.87 
v 342 4.29999 161.37 
v 342 4.59998 160.87 
v 342 4.59998 160.87 
v 342 2.99999 161.37 
v 342 4.59998 161.37 
v 344 4.59998 161.37 
v 341.9 4.29999 161.37 
v 342 4.29999 161.37 
v 341.9 4.29999 161.47 
v 341.9 4.29999 161.37 
v 343.35 4.29999 161.47 
v 342 4.29999 161.37 
v 342 4.29999 161.37 
v 341.9 4.29999 161.37 
v 341.9 4.29999 161.37 
v 342 4.29999 161.37 
v 341.9 4.29999 161.37 
v 341.9 4.29999 161.37 
v 341.9 4.29999 161.37 
v 342 2.99999 161.37 
v 342 3 160.87 
v 342 4.59998 160.87 
v 342.3 4.69997 159.87 
v 341.9 4.69999 159.87 
v 342 4.69999 159.87 
v 341.9 2.69998 159.87 
v 341.9 4.69999 159.87 
v 342.3 4.69998 159.87 
v 342.3 4.69997 159.87 
v 342.3 4.69998 159.87 
v 342 4.69998 159.87 
v 342.3 4.69997 159.87 
v 343.6 4.69997 159.87 
v 342.3 4.59998 159.87 
v 342.3 4.69998 159.87 
v 342.3 4.69997 159.87 
v 342.3 4.59998 159.87 
v 342.3 4.59998 159.87 
v 342 2.69998 159.87 
v 342.3 4.59998 159.87 
v 343.6 4.59998 159.87 
v 342 4.59998 159.87 
v 342 2.69999 159.87 
v 342 2.69998 159.87 
v 342 2.69999 159.87 
v 342 4.59998 159.87 
v 342.3 4.59998 159.87 
v 342 4.59998 159.87 
v 342.3 4.59998 159.87 
v 342.3 4.59998 159.87 
v 342.3 4.59998 159.87 
v 342 4.59998 159.87 
v 342 4.59998 159.87 
v 342.3 4.59998 159.87 
v 342 4.59998 159.87 
v 342.3 4.59998 159.87 
v 342.2 4.29998 159.77 
v 342.2 4.29998 159.87 
v 342.6 4.29998 159.87 
v 342.2 4.29998 159.87 
v 342.2 4.29998 159.77 
v 342.2 3.89997 159.77 
v 342.6 3.89997 159.87 
v 342.2 3.89997 159.87 
v 342.2 3.89997 159.77 
v 342.2 3.89997 159.87 
v 342.6 3.89997 159.87 
v 342.2 4.29998 159.87 
v 342.2 3.89997 159.87 
v 342 2.69998 159.87 
v 342.2 3.89997 159.77 
v 342.2 4.29998 159.77 
v 342.6 4.29998 159.77 
v 342.6 3.89997 159.77 
v 342.2 3.29999 159.77 
v 342.2 3.29999 159.67 
v 342.2 2.69999 159.67 
v 342.2 3.29999 159.67 
v 342.2 3.29999 159.77 
v 342.4 3.29999 159.77 
v 342.4 3.29999 159.77 
v 342.2 3.29999 159.77 
v 342.2 2.69999 159.77 
v 342.2 2.69999 159.77 
v 342 3.49999 159.87 
v 342 2.69999 159.87 
v 344 2.69999 159.87 
v 342 2.69999 159.87 
v 342 3.49999 159.87 
v 342 2.69999 159.77 
v 342 2.69999 159.87 
v 342 2.69999 159.87 
v 342 2.69999 159.77 
v 342 3.49999 159.77 
v 342.4 3.09999 159.77 
v 342 3.49999 159.77 
v 342 2.69999 159.87 
v 342 2.69999 159.77 
v 344 2.69999 159.87 
v 342.35 3.29998 159.77 
v 342.2 2.69999 159.67 
v 342.2 3.29999 159.67 
v 342.4 2.69999 159.67 
v 344 2.69998 160.47 
v 343.6 4.69999 161.47 
v 343.6 4.59998 161.37 
v 344 2.69998 161.37 
v 344 2.69998 160.47 
v 344.1 2.69998 161.37 
v 344 2.69998 160.47 
v 344 2.69998 161.37 
v 344 2.69998 161.37 
v 344 2.69998 161.37 
v 344 2.69998 160.47 
v 344 2.69998 159.87 
v 344.1 2.69998 161.37 
v 344.1 2.69998 159.87 
v 344 2.69998 161.37 
v 344 2.69998 161.37 
v 344.1 4.29998 161.47 
v 344.1 4.69998 161.47 
v 343.6 4.69998 161.47 
v 344.1 4.69998 161.47 
v 344.1 4.29998 161.47 
v 344.1 4.69998 161.37 
v 343.6 4.69998 161.47 
v 344.1 4.69998 161.47 
v 344.1 4.69998 161.37 
v 343.6 4.69998 161.37 
v 343.6 4.69998 161.47 
v 343.6 4.69999 161.37 
v 343.6 4.69999 161.47 
v 343.6 4.69998 161.37 
v 343.6 4.29999 161.47 
v 343.6 4.29999 161.47 
v 343.6 4.29998 161.47 
v 343.6 4.29999 161.47 
v 344.1 4.29998 161.47 
v 343.6 4.29998 161.47 
v 343.6 4.29998 161.37 
v 343.6 4.29999 161.47 
v 343.6 4.29999 161.47 
v 343.6 4.29999 161.47 
v 343.6 4.29999 161.47 
v 343.6 4.29999 161.47 
v 343.6 4.29999 161.37 
v 344.1 4.69998 159.87 
v 344.1 4.69998 161.37 
v 344.1 2.69998 161.37 
v 344.1 4.69998 161.37 
v 344.1 4.69998 159.87 
v 344 4.69998 161.37 
v 344.1 4.69998 161.37 
v 344 4.69998 161.37 
v 344.1 4.29998 161.37 
v 344.1 4.29998 161.37 
v 344.1 4.69998 161.37 
v 344.1 4.29998 161.37 
v 343.6 4.59998 161.37 
v 343.6 4.59998 161.37 
v 344 4.59998 161.37 
v 343.6 4.59998 161.37 
v 344 4.59998 161.37 
v 344 4.59998 161.37 
v 343.6 4.69998 161.37 
v 343.6 4.69998 161.37 
v 343.6 4.29999 161.37 
v 343.6 4.59998 161.37 
v 343.6 4.59998 161.37 
v 343.6 4.59998 161.37 
v 343.6 4.59998 161.37 
v 343.6 4.29998 161.37 
v 343.6 4.59998 161.37 
v 343.6 4.29998 161.37 
v 343.6 4.69998 161.37 
v 343.6 4.59998 161.37 
v 344 4.59998 161.37 
v 344 4.69998 161.37 
v 344 4.69998 159.87 
v 343.6 4.69998 160.67 
v 343.6 4.69998 161.37 
v 343.6 4.69998 161.37 
v 343.6 4.59998 160.67 
v 343.6 4.69997 160.67 
v 343.6 4.69997 160.67 
v 343.6 4.59998 160.67 
v 343.6 4.69998 160.67 
v 343.6 4.69998 160.67 
v 343.6 4.69998 160.67 
v 343.6 4.69998 161.37 
v 344 4.69998 161.37 
v 343.6 4.69998 160.67 
v 343.6 4.69998 160.67 
v 343.6 4.69998 160.67 
v 343.6 4.69998 160.67 
v 343.6 4.59998 161.37 
v 344 4.69998 161.37 
v 343.6 4.69998 161.37 
v 344 4.69998 161.37 
v 344 4.59998 161.37 
v 344 4.59998 159.87 
v 343.6 4.59998 161.37 
v 343.6 4.59998 161.37 
v 343.6 4.59998 161.37 
v 343.6 4.59998 161.37 
v 343.6 4.59998 161.37 
v 343.6 4.59998 160.67 
v 343.6 4.69997 159.87 
v 343.6 4.69997 160.67 
v 343.6 4.29999 161.47 
v 343.6 4.29998 161.47 
v 342.6 3.89997 159.77 
v 342.6 3.89997 159.77 
v 342.6 4.29998 159.77 
v 342.6 4.29998 159.87 
v 342.6 4.29998 159.77 
v 342.6 4.29998 159.87 
v 342.6 3.89997 159.87 
v 344.1 2.69998 159.87 
v 344 4.59998 159.87 
v 344 4.59998 159.87 
v 344 4.59998 159.87 
v 344 4.69998 159.87 
v 344.1 4.69998 159.87 
v 344 4.59998 159.87 
v 344 4.69998 159.87 
v 344 4.69998 159.87 
v 344 4.59998 159.87 
v 343.6 4.69998 159.87 
v 343.6 4.69998 159.87 
v 344 4.69998 159.87 
v 343.6 4.59998 159.87 
v 343.6 4.59998 159.87 
v 343.6 4.59998 159.87 
v 343.6 4.69998 159.87 
v 343.6 4.59998 159.87 
v 343.6 4.59998 159.87 
v 344 4.69998 159.87 
v 344 4.59998 159.87 
v 344 2.69998 159.87 
v 344 4.59998 159.87 
v 343.6 4.59998 159.87 
v 343.6 4.59998 159.87 
v 343.6 4.59998 159.87 
v 343.6 4.59998 159.87 
v 344 4.59998 159.87 
v 343.6 4.59998 159.87 
v 343.6 4.59998 159.87 
v 344 4.59998 159.87 
v 344 4.59998 159.87 
v 344 4.59998 159.87 
v 343.6 4.59998 159.87 
v 342.3 4.59998 159.87 
v 343.6 4.59998 159.87 
v 343.6 4.59998 159.87 
v 343.6 4.59998 159.87 
v 343.6 4.59998 159.87 
v 343.6 4.59998 159.87 
v 343.6 4.59998 159.87 
v 343.6 4.59998 159.87 
v 343.6 4.59998 159.87 
v 343.6 4.59998 159.87 
v 343.8 4.29998 159.77 
v 343.8 3.89997 159.77 
v 343.4 3.89997 159.77 
v 343.8 3.89997 159.77 
v 343.8 4.29998 159.77 
v 343.8 4.29998 159.87 
v 343.8 4.29998 159.87 
v 343.8 4.29998 159.77 
v 343.4 4.29998 159.77 
v 343.8 3.89997 159.87 
v 343.8 4.29998 159.87 
v 343.4 4.29998 159.87 
v 343.8 3.89997 159.87 
v 343.8 3.89997 159.77 
v 343.8 3.89997 159.87 
v 343.4 3.89997 159.87 
v 344.1 2.69998 159.87 
v 343.4 4.29998 159.77 
v 343.4 4.29998 159.87 
v 343.4 4.29998 159.77 
v 343.4 3.89997 159.77 
v 343.4 4.29998 159.87 
v 343.4 3.89997 159.87 
v 343.4 3.89997 159.87 
v 343.4 3.89997 159.77 
v 343.6 3.09998 159.67 
v 343.6 2.89999 159.67 
v 343.6 3.09999 159.67 
v 343.6 3.09998 159.77 
v 343.6 3.09998 159.77 
v 343.6 3.09998 159.67 
v 343.6 3.09998 159.67 
v 343.6 2.89999 159.77 
v 343.6 3.09998 159.77 
v 343.4 3.09998 159.77 
v 343.6 2.89999 159.77 
v 343.6 2.89999 159.67 
v 343.6 2.89999 159.77 
v 343.6 2.89999 159.67 
v 343.6 2.89999 159.67 
v 343.6 2.89999 159.67 
v 343.6 2.89999 159.67 
v 343.6 2.89999 159.67 
v 343.6 2.89999 159.67 
v 343.6 3.09998 159.67 
v 343.6 3.09999 159.67 
v 343.6 3.09998 159.67 
v 343.6 3.09999 159.67 
v 343.6 2.89999 159.67 
v 343.4 3.09999 159.67 
v 343.6 3.09999 159.67 
v 343.6 3.09999 159.67 
v 343.6 3.09999 159.67 
v 343.4 3.09999 159.67 
v 343.8 2.69999 159.67 
v 343.8 2.69999 159.77 
v 343.6 2.69999 159.77 
v 343.8 2.69999 159.77 
v 343.8 2.69999 159.67 
v 343.8 3.29999 159.67 
v 343.8 2.69999 159.77 
v 343.8 3.29999 159.77 
v 343.6 3.29999 159.77 
v 343.8 3.29999 159.77 
v 344 2.69999 159.77 
v 344 2.69999 159.87 
v 344 2.69999 159.77 
v 344 3.49999 159.87 
v 344 2.69998 159.87 
v 344 2.69998 159.87 
v 344 2.69998 159.87 
v 344 2.69998 159.87 
v 344 2.69998 159.87 
v 344 2.69998 159.87 
v 344 3.49999 159.87 
v 343.6 3.29999 159.77 
v 343.8 3.29999 159.67 
v 343.6 3.29999 159.67 
v 343.8 3.29999 159.77 
v 343.6 3.29999 159.67 
v 343.8 3.29999 159.67 
v 343.8 2.69999 159.67 
v 344 3.49999 159.77 
v 343.6 3.09999 159.77 
v 343.6 3.29999 159.77 
v 344 2.69999 159.77 
v 343.6 2.69999 159.77 
v 343.6 2.7 159.77 
v 343.6 3.29999 159.77 
v 343.6 3.29998 159.77 
v 343.6 3.09999 159.77 
v 343.6 3.29999 159.77 
v 343.6 3.29999 159.77 
v 343.6 3.09999 159.77 
v 343.6 2.9 159.77 
v 343.6 3.09998 159.77 
v 343.6 2.7 159.77 
v 343.6 2.9 159.77 
v 343.6 2.9 159.77 
v 343.6 2.69999 159.77 
v 343.6 3.29998 159.77 
v 343.6 3.29999 159.77 
v 343.6 3.29998 159.67 
v 343.6 2.9 159.77 
v 343.6 2.89999 159.77 
v 343.6 2.89999 159.77 
v 343.6 3.09998 159.77 
v 343.6 3.09999 159.77 
v 343.6 3.09999 159.77 
v 343.6 2.89999 159.77 
v 343.6 3.09998 159.77 
v 343.6 2.89999 159.67 
v 343.6 2.69999 159.77 
v 343.6 2.7 159.77 
v 343.6 2.7 159.77 
v 343.6 3.09999 159.77 
v 343.6 3.29999 159.77 
v 343.6 3.29999 159.77 
v 343.6 3.29998 159.77 
v 343.6 2.7 159.77 
v 343.6 2.9 159.77 
v 343.6 2.7 159.77 
v 343.6 2.9 159.77 
v 343.4 3.09998 159.77 
v 343.4 3.09998 159.77 
v 343.4 2.89999 159.77 
v 343.4 2.89999 159.77 
v 342.4 2.69999 159.77 
v 342.4 2.69999 159.77 
v 342.4 2.69999 159.67 
v 343.6 3.29999 159.67 
v 343.6 3.09998 159.67 
v 343.6 2.69999 159.67 
v 343.6 2.69999 159.67 
v 343.6 2.69999 159.77 
v 343.6 2.69999 159.67 
v 343.6 2.69999 159.67 
v 343.6 2.69999 159.77 
v 343.6 2.69999 159.67 
v 343.6 3.29998 159.67 
v 343.6 2.69999 159.67 
v 343.4 3.09999 159.67 
v 343.4 2.89999 159.77 
v 343.4 2.89999 159.67 
v 343.6 2.89999 159.67 
v 344 3.49999 159.77 
v 342 3.49999 159.77 
v 344 3.49999 159.87 
v 342.4 3.29998 159.77 
v 343.4 3.09999 159.67 
v 342.4 3.29998 159.67 
v 343.4 3.09999 159.67 
v 343.4 2.89999 159.67 
v 343.4 3.09999 159.67 
v 343.4 2.89999 159.67 
v 343.4 2.89999 159.67 
v 343.6 2.89999 159.67 
v 343.4 2.89999 159.67 
v 343.4 2.89999 159.67 
v 343.6 2.89999 159.67 
v 343.4 3.09998 159.67 
v 343.4 2.89999 159.67 
v 342.6 2.89999 159.67 
v 343.4 2.89999 159.67 
v 343.4 3.09998 159.67 
v 342.6 2.89999 159.67 
v 342.6 3.09999 159.67 
v 342.6 2.89999 159.67 
v 342.6 3.09999 159.67 
v 342.6 2.89999 159.67 
v 342.6 2.89999 159.67 
v 342.6 3.09998 159.67 
v 342.6 3.09998 159.67 
v 342.6 3.09999 159.67 
v 342.6 2.89999 159.67 
v 342.4 3.09999 159.67 
v 342.6 3.09999 159.67 
v 342.6 3.09999 159.67 
v 342.6 3.09999 159.67 
v 342.4 3.09999 159.67 
v 342.4 2.69999 159.67 
v 342.4 3.09999 159.67 
v 342.4 3.09999 159.67 
v 343.6 3.29998 159.67 
v 342.4 3.29998 159.67 
v 342.4 3.29999 159.77 
v 342.4 3.29999 159.77 
v 342.4 3.29998 159.77 
v 342.4 3.29998 159.77 
v 342.4 3.29999 159.67 
v 342.4 3.29999 159.67 
v 342.4 3.29999 159.77 
v 342.4 3.29998 159.67 
v 342.4 3.09999 159.77 
v 342.4 2.9 159.77 
v 342.4 2.7 159.77 
v 342.4 3.09998 159.77 
v 342.4 3.29999 159.77 
v 342.4 3.09999 159.77 
v 342.4 3.29999 159.77 
v 342.4 2.69999 159.77 
v 342.4 2.9 159.77 
v 342.4 2.7 159.77 
v 342.4 2.7 159.77 
v 342.6 2.89999 159.77 
v 342.4 2.89999 159.77 
v 342.4 2.89999 159.77 
v 342.4 2.89999 159.77 
v 342.6 2.89999 159.77 
v 342.6 3.09998 159.77 
v 342.4 2.89999 159.77 
v 342.4 3.09998 159.77 
v 342.4 3.09998 159.67 
v 342.4 3.09998 159.77 
v 342.4 2.9 159.77 
v 342.4 2.9 159.77 
v 342.4 2.89999 159.77 
v 342.4 3.09998 159.77 
v 342.4 2.89999 159.77 
v 342.4 3.09998 159.67 
v 342.4 2.69999 159.77 
v 342.2 2.69999 159.77 
v 342.2 2.69999 159.67 
v 342.4 2.69999 159.77 
v 342.4 2.69999 159.77 
v 342.4 2.69999 159.67 
v 342.4 2.69999 159.77 
v 342.4 3.09999 159.77 
v 342.4 3.09999 159.77 
v 342.4 3.09998 159.77 
v 342.4 3.09999 159.77 
v 342.4 2.7 159.77 
v 342.4 2.7 159.77 
v 342.4 2.9 159.77 
v 342.4 2.7 159.77 
v 342.4 2.9 159.77 
v 342.4 3.09998 159.77 
v 342.6 3.09998 159.77 
v 342.6 3.09998 159.77 
v 342.4 3.09998 159.77 
v 342.4 3.09998 159.67 
v 342.4 2.89999 159.67 
v 342.6 2.89999 159.77 
v 342.4 3.09998 159.67 
v 342.4 3.09999 159.67 
v 342.4 2.89999 159.67 
v 342.4 2.89999 159.67 
v 342.4 2.89999 159.67 
v 342.4 2.89999 159.67 
v 342.4 2.89999 159.67 
v 342.4 2.89999 159.67 
v 342.4 3.09998 159.67 
v 342.4 3.09998 159.67 
v 342.4 2.89999 159.67 
v 342.4 2.69999 159.67 
v 342.4 2.69999 159.67 
v 342.4 2.89999 159.67 
v 342.4 3.29999 159.67 
v 342.6 2.89999 159.67 
v 342.4 2.89999 159.67 
v 342.6 2.89999 159.67 
v 342.4 2.89999 159.67 
v 342.4 2.89999 159.67 
v 342 2.69998 159.87 
v 342 4.69997 160.87 
v 342.3 4.59998 159.87 
v 342 3.49999 159.87 
v 342.4 3.29998 159.77 
v 343.6 2.89999 159.67 
v 344 3.49999 159.77 
v 342.4 3.09999 159.67 
v 342.4 2.89999 159.77 
v 342 2.69999 161.37 
v 342 2.99999 161.37 
v 341.9 2.99999 161.37 
v 341.9 2.99999 161.37 
v 341.9 2.99999 160.87 
v 341.9 2.69999 160.87 
v 341.9 2.69999 161.37 
v 341.9 2.69999 161.37 
v 342 2.69999 161.37 
v 341.9 2.69999 161.37 
v 342 2.69999 160.87 
v 342 2.69999 160.87 
v 342 2.99999 160.87 
v 342 4.59998 160.87 
v 342 2.99999 160.87 
v 342 2.69999 160.87 
v 341.9 2.69999 160.87 
v 341.9 2.99999 160.87 
v 341.9 2.99999 161.37 
v 341.9 4.29999 161.37 
v 341.9 2.99999 160.87 
v 341.9 2.69999 160.87 
v 341.9 2.69998 159.87 
v 342 2.69999 159.87 
v 341.9 2.69998 159.87 
v 341.9 4.69999 160.87 
v 341.9 4.69999 160.87 
v 341.9 2.69999 160.87 
v 342 4.59998 160.87 
v 342 2.69999 160.87 
v 341.9 4.69998 159.87 
v 341.9 4.29999 161.47 
v 341.9 4.69999 161.47 
v 341.9 4.69999 161.37 
v 341.9 4.69999 161.47 
v 341.9 4.29999 161.47 
v 343.35 4.29999 161.47 
v 342.3 4.59998 160.67 
v 342.3 4.59998 160.87 
v 343.6 4.59998 160.67 
v 342 4.59998 161.37 
v 342 4.59998 160.87 
v 343.6 4.59998 161.37 
v 342 4.69999 161.37 
v 343.6 4.69998 161.37 
v 342.3 4.69998 161.37 
v 343.6 4.69998 161.37 
v 343.6 4.69999 161.47 
v 341.9 4.69999 161.47 
v 342 4.69998 160.87 
v 341.9 4.69999 160.87 
v 342.3 4.69998 161.37 
v 342.3 4.69998 160.87 
v 342 4.59998 161.37 
v 342.3 4.59998 160.87 
v 342 4.59998 161.37 
v 342 4.29999 161.37 
v 343.6 4.29998 161.37 
v 342.3 4.69998 160.67 
v 343.6 4.69997 159.87 
v 342 4.69998 159.87 
v 342.3 4.59998 160.67 
v 343.6 4.59998 160.67 
v 342.3 4.59998 160.67 
v 342.3 4.69998 160.67 
v 343.6 4.59998 160.67 
v 342 4.69998 160.87 
v 342.3 4.69998 160.87 
v 342.3 4.69998 160.67 
v 343.6 4.69998 160.67 
v 341.9 4.69999 160.87 
v 341.9 2.99999 160.87 
v 341.9 4.69999 160.87 
v 342 4.69998 160.87 
v 341.9 4.69999 160.87 
v 342.3 4.59998 160.87 
v 342.3 4.69998 160.87 
v 342 4.69998 160.87 
v 342 4.59998 160.87 
v 342.3 4.59998 160.87 
v 342 4.59998 160.87 
v 343.6 4.59998 161.37 
v 342.3 4.69998 160.87 
v 342 2.99999 161.37 
v 342 4.59998 161.37 
v 342 4.29999 161.37 
v 342 4.59998 161.37 
v 344 4.59998 161.37 
v 341.9 4.29999 161.37 
v 342 4.29999 161.37 
v 341.9 4.29999 161.47 
v 341.9 4.29999 161.37 
v 343.35 4.29999 161.47 
v 342 4.29999 161.37 
v 341.9 4.29999 161.37 
v 342 2.99999 161.37 
v 341.9 2.99999 161.37 
v 342 2.99999 160.87 
v 341.9 4.69998 159.87 
v 342 4.69998 159.87 
v 341.9 2.69998 159.87 
v 341.9 4.69998 159.87 
v 343.6 4.69997 159.87 
v 342.3 4.59998 159.87 
v 342 2.69999 159.87 
v 343.6 4.59998 159.87 
v 342 4.59998 159.87 
v 342 4.59998 159.87 
v 342 2.69999 159.87 
v 342 4.69998 159.87 
v 342.2 4.29997 159.77 
v 342.2 4.29997 159.87 
v 342.6 4.29997 159.87 
v 342.2 4.29997 159.87 
v 342.2 4.29997 159.77 
v 342.2 3.89997 159.77 
v 342.6 3.89997 159.87 
v 342.2 3.89997 159.87 
v 342.2 3.89997 159.77 
v 342.2 3.89997 159.87 
v 342.6 3.89997 159.87 
v 342.2 4.29997 159.87 
v 342.2 3.89997 159.87 
v 342.2 3.89997 159.77 
v 342.2 4.29997 159.77 
v 342.6 4.29997 159.77 
v 342.6 3.89997 159.77 
v 342.2 3.29999 159.77 
v 342.2 3.29999 159.67 
v 342.2 2.69999 159.67 
v 342.2 3.29999 159.67 
v 342.2 3.29999 159.77 
v 342.4 3.29999 159.77 
v 342.4 3.29999 159.77 
v 342.2 3.29999 159.77 
v 342.2 2.69999 159.77 
v 342.2 2.69999 159.77 
v 342 3.49999 159.87 
v 342 2.69999 159.87 
v 344 2.69999 159.87 
v 342 2.69999 159.87 
v 342 3.49999 159.87 
v 342.4 3.09998 159.77 
v 344 2.69999 159.87 
v 342.35 3.29998 159.77 
v 342.2 2.69999 159.67 
v 342.2 3.29999 159.67 
v 342.4 2.69999 159.67 
v 343.6 4.69999 161.47 
v 343.6 4.59998 161.37 
v 344.1 2.69998 161.37 
v 344.1 2.69998 161.37 
v 344.1 2.69998 159.87 
v 344.1 4.29998 161.47 
v 344.1 4.69998 161.47 
v 343.6 4.69999 161.47 
v 344.1 4.69998 161.47 
v 344.1 4.29998 161.47 
v 344.1 4.69998 161.37 
v 343.6 4.69999 161.47 
v 344.1 4.69998 161.47 
v 344.1 4.69998 161.37 
v 343.6 4.69998 161.37 
v 343.6 4.29999 161.47 
v 344.1 4.29998 161.47 
v 343.6 4.29999 161.47 
v 343.6 4.29998 161.37 
v 343.6 4.29999 161.47 
v 343.6 4.29999 161.47 
v 343.6 4.29998 161.37 
v 344.1 4.69998 159.87 
v 344.1 4.69998 161.37 
v 344.1 2.69998 161.37 
v 344.1 4.69998 159.87 
v 344 4.69998 161.37 
v 344.1 4.69998 161.37 
v 344 4.69998 161.37 
v 344.1 4.29998 161.37 
v 344.1 4.29998 161.37 
v 344.1 4.69998 161.37 
v 344.1 4.29998 161.37 
v 343.6 4.59998 161.37 
v 344 4.59998 161.37 
v 343.6 4.69998 161.37 
v 343.6 4.29998 161.37 
v 344 4.59998 161.37 
v 344 4.69998 161.37 
v 344 4.69998 159.87 
v 342.3 4.59998 160.67 
v 343.6 4.59998 160.67 
v 343.6 4.69998 160.67 
v 343.6 4.69998 160.67 
v 343.6 4.69998 161.37 
v 344 4.69998 161.37 
v 344 4.59998 161.37 
v 344 4.59998 159.87 
v 343.6 4.59998 161.37 
v 343.6 4.69998 160.67 
v 342.6 3.89997 159.77 
v 342.6 3.89997 159.77 
v 342.6 4.29997 159.77 
v 342.6 4.29997 159.87 
v 342.6 4.29997 159.77 
v 342.6 4.29997 159.87 
v 342.6 3.89997 159.87 
v 344.1 2.69998 159.87 
v 344 4.59998 159.87 
v 344.1 4.69998 159.87 
v 344 4.59998 159.87 
v 344 2.69999 159.87 
v 343.8 4.29997 159.77 
v 343.8 3.89997 159.77 
v 343.4 3.89997 159.77 
v 343.8 3.89997 159.77 
v 343.8 4.29997 159.77 
v 343.8 4.29997 159.87 
v 343.8 4.29997 159.87 
v 343.8 4.29997 159.77 
v 343.4 4.29997 159.77 
v 343.8 3.89997 159.87 
v 343.8 4.29997 159.87 
v 343.4 4.29997 159.87 
v 343.8 3.89997 159.87 
v 343.8 3.89997 159.77 
v 343.8 3.89997 159.87 
v 343.4 3.89997 159.87 
v 344.1 2.69998 159.87 
v 343.4 4.29997 159.77 
v 343.4 4.29997 159.87 
v 343.4 4.29997 159.77 
v 343.4 3.89997 159.77 
v 343.4 4.29997 159.87 
v 343.4 3.89997 159.87 
v 343.4 3.89997 159.87 
v 343.4 3.89997 159.77 
v 343.6 3.09999 159.67 
v 343.6 3.09998 159.77 
v 343.6 2.89999 159.77 
v 343.6 3.09998 159.77 
v 343.4 3.09999 159.77 
v 343.6 2.89999 159.77 
v 343.6 3.09999 159.67 
v 343.4 3.09999 159.67 
v 343.8 2.69999 159.67 
v 343.8 2.69999 159.77 
v 343.8 2.69999 159.77 
v 343.8 2.69999 159.67 
v 343.8 3.29999 159.67 
v 343.8 2.69999 159.77 
v 343.8 3.29999 159.77 
v 343.6 3.29998 159.77 
v 343.8 3.29999 159.77 
v 344 2.69999 159.87 
v 343.6 3.29998 159.77 
v 343.8 3.29999 159.67 
v 343.6 3.29999 159.67 
v 343.8 3.29999 159.77 
v 343.6 3.29999 159.67 
v 343.8 3.29999 159.67 
v 343.8 2.69999 159.67 
v 343.6 3.09998 159.77 
v 343.6 3.29998 159.77 
v 343.6 3.09998 159.77 
v 343.6 2.89999 159.77 
v 343.6 2.89999 159.77 
v 343.6 3.09998 159.77 
v 343.6 2.89999 159.67 
v 343.6 2.69999 159.77 
v 343.6 2.89999 159.77 
v 343.4 3.09999 159.77 
v 343.4 2.89999 159.77 
v 342.4 2.69999 159.77 
v 342.4 2.69999 159.77 
v 342.4 2.69999 159.67 
v 343.6 3.09999 159.67 
v 343.6 2.69999 159.67 
v 343.6 3.29999 159.67 
v 343.6 2.69999 159.67 
v 343.6 2.69999 159.67 
v 343.4 2.89999 159.77 
v 343.4 2.89999 159.67 
v 342.4 3.29999 159.77 
v 343.4 3.09999 159.67 
v 343.6 3.09999 159.67 
v 342.4 3.29998 159.67 
v 343.4 2.89999 159.67 
v 343.6 2.89999 159.67 
v 342.6 2.89999 159.67 
v 342.6 3.09998 159.67 
v 342.6 3.09998 159.67 
v 342.6 2.89999 159.67 
v 342.4 3.09998 159.67 
v 342.4 3.29998 159.67 
v 342.4 3.09998 159.77 
v 342.4 2.69999 159.77 
v 342.4 2.9 159.77 
v 342.6 2.89999 159.77 
v 342.6 3.09999 159.77 
v 342.4 2.9 159.77 
v 342.4 3.09998 159.77 
v 342.4 3.09998 159.67 
v 342.4 3.09998 159.77 
v 342.4 3.09998 159.77 
v 342.4 2.9 159.77 
v 342.2 2.69999 159.77 
v 342.2 2.69999 159.67 
v 342.4 2.9 159.77 
v 342.6 3.09999 159.77 
v 342.6 2.89999 159.77 
v 342.4 2.89999 159.67 
v 342.4 2.89999 159.67 
v 342.4 2.69999 159.67 
v 342.4 3.29998 159.67 
v 342.4 2.89999 159.67 
v 342.4 2.89999 159.67 
v 342.3 4.69998 160.67 
v 342 3.49999 159.87 
v 341.937 2.99999 161.37 
v 341.962 2.99999 160.87 
v 341.978 2.69999 160.87 
v 341.987 2.69999 161.37 
v 341.987 2.69999 161.37 
v 341.978 2.69999 160.87 
v 344.04 2.69998 161.37 
v 342 4.59998 160.87 
v 341.962 2.99999 160.87 
v 341.937 2.99999 161.37 
v 341.936 4.29999 161.382 
v 341.983 2.69999 159.848 
v 341.976 4.67095 160.87 
v 341.976 4.67095 160.87 
v 341.978 2.69999 160.87 
v 342 4.59998 160.87 
v 341.993 4.66248 159.87 
v 341.962 4.67915 161.383 
v 341.936 4.29999 161.382 
v 342.3 4.59998 160.67 
v 342.3 4.69164 160.67 
v 342.3 4.59998 160.87 
v 341.962 4.67915 161.383 
v 342 4.59998 160.87 
v 343.6 4.65149 161.387 
v 341.962 4.67915 161.383 
v 342 4.59998 160.87 
v 341.976 4.67095 160.87 
v 342.3 4.65292 160.87 
v 341.962 4.67915 161.383 
v 343.6 4.65149 161.387 
v 341.962 4.67915 161.383 
v 342.3 4.59998 161.37 
v 342.3 4.65292 160.87 
v 341.962 4.67915 161.383 
v 342.3 4.65292 160.87 
v 341.936 4.29999 161.382 
v 343.6 4.29998 161.43 
v 342.3 4.64998 159.87 
v 342.3 4.69164 160.67 
v 343.6 4.61902 159.87 
v 341.993 4.66248 159.87 
v 342.3 4.69164 160.67 
v 341.976 4.67095 160.87 
v 342.3 4.65292 160.87 
v 342.3 4.69164 160.67 
v 343.6 4.65149 161.387 
v 341.976 4.67095 160.87 
v 341.976 4.67095 160.87 
v 341.962 4.67915 161.383 
v 341.976 4.67095 160.87 
v 343.6 4.65149 161.387 
v 341.937 2.99999 161.37 
v 341.936 4.29999 161.382 
v 341.962 4.67915 161.383 
v 341.937 2.99999 161.37 
v 344.04 4.66248 161.377 
v 341.983 2.69999 159.848 
v 342.3 4.64998 159.87 
v 343.6 4.61902 159.87 
v 341.993 4.66248 159.87 
v 342.2 3.89997 159.804 
v 342.6 3.89997 159.837 
v 342.2 4.29998 159.837 
v 342.2 3.89997 159.804 
v 342.2 4.29998 159.837 
v 342.6 4.29998 159.804 
v 342 3.49999 159.799 
v 341.983 2.69999 159.848 
v 344.014 2.69998 159.844 
v 342 3.49999 159.799 
v 342.4 3.09999 159.732 
v 342.36 3.29999 159.741 
v 341.983 2.69999 159.848 
v 343.6 4.65149 161.387 
v 344.014 2.69998 159.844 
v 344.04 2.69998 161.37 
v 344.1 4.29998 161.437 
v 343.6 4.65149 161.387 
v 343.6 4.29998 161.43 
v 343.6 4.29998 161.43 
v 344.014 4.64544 159.87 
v 344.04 4.66248 161.377 
v 344.04 2.69998 161.37 
v 344.04 4.66248 161.377 
v 344.1 4.29998 161.437 
v 343.6 4.65149 161.387 
v 344.04 4.66248 161.377 
v 343.6 4.29998 161.43 
v 342.3 4.69164 160.67 
v 341.987 2.69999 161.37 
v 341.936 4.29999 161.382 
v 343.6 4.29998 161.43 
v 342.6 3.89997 159.837 
v 342.6 4.29998 159.804 
v 344.014 2.69998 159.844 
v 344.014 4.64544 159.87 
v 344.014 4.64544 159.87 
v 344.014 2.69998 159.844 
v 343.8 4.29998 159.804 
v 343.8 3.89997 159.837 
v 343.4 3.89997 159.804 
v 343.8 3.89997 159.837 
v 343.8 4.29998 159.804 
v 343.4 4.29998 159.837 
v 343.4 4.29998 159.837 
v 343.4 3.89997 159.804 
v 343.6 2.89999 159.69 
v 343.6 3.09998 159.729 
v 343.4 3.09999 159.699 
v 343.6 3.09998 159.729 
v 343.6 2.89999 159.69 
v 343.4 3.09999 159.699 
v 344 3.49999 159.795 
v 344 3.49999 159.795 
v 343.6 3.09998 159.729 
v 343.64 3.29999 159.735 
v 343.64 3.29999 159.735 
v 343.6 3.09998 159.729 
v 343.625 2.77272 159.745 
v 343.4 3.09999 159.699 
v 343.625 2.77272 159.745 
v 343.625 2.77272 159.745 
v 343.6 2.89999 159.69 
v 343.4 2.89999 159.689 
v 343.4 2.89999 159.689 
v 342.382 2.8037 159.739 
v 343.625 2.77272 159.745 
v 343.6 3.09998 159.729 
v 343.64 3.29999 159.735 
v 343.4 2.89999 159.689 
v 343.4 2.89999 159.689 
v 343.4 3.09999 159.699 
v 343.64 3.29999 159.735 
v 343.6 3.09998 159.729 
v 342.36 3.29999 159.741 
v 343.4 2.89999 159.689 
v 343.6 2.89999 159.69 
v 343.625 2.77272 159.745 
v 342.6 2.89999 159.695 
v 342.6 3.09999 159.707 
v 342.6 3.09999 159.707 
v 342.6 2.89999 159.695 
v 342.4 3.09999 159.732 
v 342.382 2.8037 159.739 
v 342.4 3.09999 159.732 
v 342.36 3.29999 159.741 
v 342.382 2.8037 159.739 
v 342.4 3.09999 159.732 
v 342.382 2.8037 159.739 
v 342.6 2.89999 159.695 
v 342.6 3.09999 159.707 
v 342.4 3.09999 159.732 
v 342.6 3.09999 159.707 
v 342.6 2.89999 159.695 
v 342.4 3.09999 159.732 
v 342.382 2.8037 159.739 
v 342.36 3.29999 159.741 
v 342.382 2.8037 159.739 
v 342 4.59998 160.87 
v 341.962 2.99999 160.87 
v 341.976 4.67095 160.87 
v 342.3 4.69164 160.67 

vn 0 -1 0 
vn 0 -1 0 
vn 0 -1 0 
vn 0 0 1 
vn 0 0 1 
vn 0 0 1 
vn 1 0 0 
vn 1 0 0 
vn 1 0 0 
vn 0 0 1 
vn 0 0 1 
vn 0 0 1 
vn 0 -1 0 
vn 0 -1 0 
vn 0 -1 0 
vn 0 -1 0 
vn 1 0 0 
vn 0 0 1 
vn 0 0 1 
vn 0 0 1 
vn 0 -1 0 
vn 0 -1 0 
vn 0 0 1 
vn 0 0 1 
vn 0 0 1 
vn 0 -1 0 
vn -1 0 0 
vn -1 0 0 
vn -1 0 0 
vn 0 1 0 
vn 0 1 0 
vn 0 1 0 
vn 0 0 1 
vn 0 0 1 
vn 0 0 1 
vn 0 1 0 
vn 0 0 1 
vn -1 0 0 
vn -1 0 0 
vn -1 0 0 
vn -1 0 0 
vn 0 -1 0 
vn -1 0 0 
vn 0 -1 0 
vn 0 1 0 
vn 0 1 0 
vn -1 0 0 
vn -1 0 0 
vn -1 0 0 
vn -1 0 0 
vn -1 0 0 
vn -1 0 0 
vn 0 -1 0 
vn 0 -1 0 
vn 0 -1 0 
vn -1 0 0 
vn -1 0 0 
vn 0 -1 0 
vn 0 -1 0 
vn -1 0 0 
vn -1 0 0 
vn 0 0 -1 
vn 0 0 -1 
vn 0 0 -1 
vn -1 0 0 
vn -1 0 0 
vn 0 0 -1 
vn 0 -1 0 
vn 0 -1 0 
vn 0 -1 0 
vn 0 -1 0 
vn -1 0 0 
vn -1 0 0 
vn -1 0 0 
vn 0 0 1 
vn 0 0 1 
vn 0 0 1 
vn 0 0 1 
vn 0 -1 0 
vn 0 -1 0 
vn -1 0 0 
vn -1 0 0 
vn -1 0 0 
vn -1 0 0 
vn 0 0 1 
vn 0 0 1 
vn 0 0 1 
vn 1 0 0 
vn 1 0 0 
vn 0 1 0 
vn 0 1 0 
vn 0 1 0 
vn 0 1 0 
vn 0 1 0 
vn 0 1 0 
vn 0 1 0 
vn 0 1 0 
vn 0 1 0 
vn 1 0 0 
vn 1 0 0 
vn 1 0 0 
vn 0 0 -1 
vn 0 0 -1 
vn 0 0 -1 
vn 0 1 0 
vn 0 0 1 
vn 0 0 1 
vn 0 0 1 
vn 0 0 -1 
vn 0 0 -1 
vn 0 0 -1 
vn 0 1 0 
vn 0 1 0 
vn 0 1 0 
vn 1 0 0 
vn 1 0 0 
vn 1 0 0 
vn 0 1 0 
vn 0 0 1 
vn 0 0 1 
vn 0 0 1 
vn 0 1 0 
vn 0 1 0 
vn 0 1 0 
vn 0 1 0 
vn -1 0 0 
vn -1 0 0 
vn -1 0 0 
vn 0 1 0 
vn 0 1 0 
vn 0 1 0 
vn 1 0 0 
vn 0 0 1 
vn 1 0 0 
vn -1 0 0 
vn 0 1 0 
vn 0 1 0 
vn 0 1 0 
vn 0 1 0 
vn 0 0 -1 
vn 0 0 -1 
vn 0 1 0 
vn 0 1 0 
vn 0 0 -1 
vn 1 0 0 
vn 0 0 -1 
vn 0 0 -1 
vn 0 0 -1 
vn 0 -1 0 
vn 0 -1 0 
vn 0 -1 0 
vn 0 0 -1 
vn 0 0 -1 
vn 0 0 -1 
vn 0 0 -1 
vn 0 1 0 
vn 0 1 0 
vn 0 1 0 
vn 1 0 0 
vn 1 0 0 
vn 1 0 0 
vn 0 1 0 
vn 0 1 0 
vn 1 0 0 
vn 0 -1 0 
vn 0 -1 0 
vn 0 -1 0 
vn 1 0 0 
vn 0 0 1 
vn 0 0 -1 
vn 0 0 -1 
vn 0 0 -1 
vn 0 0 1 
vn 0 0 1 
vn 0 0 -1 
vn 1 0 0 
vn 1 0 0 
vn 1 0 0 
vn 0 1 0 
vn 0 1 0 
vn 0 1 0 
vn 0 1 0 
vn -1 0 0 
vn -1 0 0 
vn -1 0 0 
vn 0 0 -1 
vn 0 1 0 
vn 0 1 0 
vn 0 1 0 
vn 0 1 0 
vn 0 1 0 
vn 0 1 0 
vn 0 0 -1 
vn -1 0 0 
vn 0 0 -1 
vn 0 0 -1 
vn 0 0 -1 
vn 0 1 0 
vn 0 0 -1 
vn 0 0 -1 
vn 0 0 -1 
vn 0 1 0 
vn 0 1 0 
vn 0 1 0 
vn 1 0 0 
vn 0 0 1 
vn 0 0 1 
vn 0 0 -1 
vn 0 0 -1 
vn 0 0 1 
vn 0 0 1 
vn 0 -1 0 
vn -1 0 0 
vn -1 0 0 
vn -1 0 0 
vn -1 0 0 
vn 0 0 1 
vn 0 0 -1 
vn 0 0 -1 
vn -1 0 0 
vn -1 0 0 
vn -1 0 0 
vn 0 -1 0 
vn 0 -1 0 
vn 0 -1 0 
vn -1 0 0 
vn 0 0 -1 
vn 1 0 0 
vn 0 -1 0 
vn 0 0 -1 
vn 0 -1 0 
vn -1 0 0 
vn 1 0 0 
vn 0 0 1 
vn -1 0 0 
vn 1 0 0 
vn 0 0 1 
vn 0 0 1 
vn -1 0 0 
vn 0 -1 0 
vn 0 -1 0 
vn 0 -1 0 
vn 0 -1 0 
vn 1 0 0 
vn 0 -1 0 
vn 0 -1 0 
vn 0 -1 0 
vn 0 0 1 
vn 0 0 1 
vn 0 0 -1 
vn -1 0 0 
vn 1 0 0 
vn 0 0 -1 
vn -1 0 0 
vn 0 1 0 
vn 0 0 -1 
vn 0 0 -1 
vn 0 0 -1 
vn 0 1 0 
vn 0 1 0 
vn 0 0 -1 
vn 0 0 -1 
vn 0 0 -1 
vn 0 0 -1 
vn 0 0 -1 
vn 0 0 -1 
vn -1 0 0 
vn -1 0 0 
vn -1 0 0 
vn 0 0 -1 
vn 0 0 -1 
vn 0 0 -1 
vn 0 0 -1 
vn 1 0 0 
vn 1 0 0 
vn 1 0 0 
vn 0 0 -1 
vn 0 0 -1 
vn 0 -1 0 
vn 0 -1 0 
vn 0 -1 0 
vn -1 0 0 
vn -1 0 0 
vn 1 0 0 
vn 0 -1 0 
vn 0 0 -1 
vn 0 0 -1 
vn -1 0 0 
vn 0 1 0 
vn 0 1 0 
vn 0 1 0 
vn -1 0 0 
vn -1 0 0 
vn -1 0 0 
vn 0 -1 0 
vn 0 -1 0 
vn 0 -1 0 
vn 0 0 1 
vn 0 0 1 
vn 0 0 1 
vn -1 0 0 
vn 0 0 -1 
vn 0 0 -1 
vn 0 0 -1 
vn 0 0 -1 
vn 0 -1 0 
vn -1 0 0 
vn -1 0 0 
vn -1 0 0 
vn 0 1 0 
vn 0 1 0 
vn 0 1 0 
vn 0 0 1 
vn 0 0 1 
vn 0 0 1 
vn -1 0 0 
vn 0 0 1 
vn 0 0 1 
vn 0 0 1 
vn -1 0 0 
vn -1 0 0 
vn -1 0 0 
vn 0 -1 0 
vn 0 0 -1 
vn 0 0 -1 
vn 0 0 -1 
vn 0 0 -1 
vn -1 0 0 
vn 0 -1 0 
vn 0 -1 0 
vn 0 -1 0 
vn 0 0 -1 
vn 0 0 -1 
vn 0 0 -1 
vn 0 0 -1 
vn 0 -1 0 
vn 0 0 1 
vn 0 0 -1 
vn 0 -1 0 
vn 0 -1 0 
vn 0 -1 0 
vn 1 0 0 
vn 1 0 0 
vn 1 0 0 
vn 0 -1 0 
vn 1 0 0 
vn 1 0 0 
vn 0 0 1 
vn 0 -1 0 
vn 0 0 1 
vn 0 0 1 
vn 0 0 1 
vn 0 0 1 
vn 0 0 1 
vn 1 0 0 
vn 1 0 0 
vn 1 0 0 
vn 0 1 0 
vn 0 1 0 
vn 0 1 0 
vn 0 1 0 
vn 1 0 0 
vn 1 0 0 
vn 1 0 0 
vn 1 0 0 
vn 0 0 1 
vn 0 0 1 
vn 0 0 1 
vn 0 0 1 
vn 0 -1 0 
vn 0 -1 0 
vn 0 -1 0 
vn 1 0 0 
vn 1 0 0 
vn 0 -1 0 
vn 0 -1 0 
vn 0 -1 0 
vn 0 -1 0 
vn 1 0 0 
vn 1 0 0 
vn 1 0 0 
vn 0 1 0 
vn 0 1 0 
vn 0 1 0 
vn 0 0 1 
vn 0 0 1 
vn 0 -1 0 
vn 1 0 0 
vn 0 0 -1 
vn 0 0 -1 
vn 0 0 -1 
vn 0 0 1 
vn 0 0 1 
vn 0 0 1 
vn 0 1 0 
vn 0 1 0 
vn 0 1 0 
vn 0 1 0 
vn -1 0 0 
vn -1 0 0 
vn -1 0 0 
vn 0 -1 0 
vn 0 -1 0 
vn 0 0 -1 
vn 0 0 -1 
vn -1 0 0 
vn 0 0 -1 
vn 0 -1 0 
vn -1 0 0 
vn -1 0 0 
vn -1 0 0 
vn 1 0 0 
vn 1 0 0 
vn 1 0 0 
vn 0 0 1 
vn 0 0 1 
vn -1 0 0 
vn -1 0 0 
vn -1 0 0 
vn 1 0 0 
vn 0 1 0 
vn 0 1 0 
vn 0 1 0 
vn 0 0 -1 
vn 0 0 -1 
vn 0 0 -1 
vn 0 1 0 
vn 1 0 0 
vn 0 0 1 
vn 0 0 1 
vn 1 0 0 
vn 1 0 0 
vn 1 0 0 
vn 1 0 0 
vn 0 -1 0 
vn 0 0 1 
vn -1 0 0 
vn -1 0 0 
vn -1 0 0 
vn -1 0 0 
vn 0 1 0 
vn -1 0 0 
vn -1 0 0 
vn 0 0 -1 
vn 1 0 0 
vn 1 0 0 
vn 1 0 0 
vn 0 1 0 
vn 0 0 1 
vn 1 0 0 
vn 1 0 0 
vn -1 0 0 
vn 0 1 0 
vn 0 1 0 
vn 0 0 -1 
vn 0 0 -1 
vn 0 0 -1 
vn 0 1 0 
vn 1 0 0 
vn 1 0 0 
vn -1 0 0 
vn 0 1 0 
vn 0 1 0 
vn 0 0 -1 
vn -1 0 0 
vn -1 0 0 
vn 0 0 -1 
vn 0 0 -1 
vn 0 0 -1 
vn 0 0 -1 
vn 0 0 -1 
vn 0 0 -1 
vn 0 0 -1 
vn 1 0 0 
vn 1 0 0 
vn 1 0 0 
vn 0 0 -1 
vn 0 -1 0 
vn 0 -1 0 
vn 0 -1 0 
vn 0 0 -1 
vn 1 0 0 
vn 0 -1 0 
vn 0 0 -1 
vn 0 -1 0 
vn 0 -1 0 
vn 0 -1 0 
vn 0 0 -1 
vn 1 0 0 
vn 0 -1 0 
vn 0 -1 0 
vn 0 -1 0 
vn 0 0 -1 
vn 0 -1 0 
vn 0 0 -1 
vn 0 0 -1 
vn 0 0 -1 
vn 1 0 0 
vn 1 0 0 
vn 1 0 0 
vn 0 1 0 
vn 0 1 0 
vn 0 1 0 
vn 0 0 1 
vn 0 0 1 
vn 0 0 1 
vn 1 0 0 
vn 0 -1 0 
vn 0 -1 0 
vn 0 -1 0 
vn 0 0 -1 
vn 0 0 -1 
vn -1 0 0 
vn -1 0 0 
vn -1 0 0 
vn 0 1 0 
vn 0 0 1 
vn -1 0 0 
vn 0 -1 0 
vn 1 0 0 
vn 1 0 0 
vn 1 0 0 
vn 1 0 0 
vn 0 -1 0 
vn 0 -1 0 
vn 0 -1 0 
vn 0 0 1 
vn 0 0 1 
vn 0 0 1 
vn 1 0 0 
vn 0 1 0 
vn 0 1 0 
vn 0 1 0 
vn 1 0 0 
vn 0 0 -1 
vn 0 0 -1 
vn 0 0 -1 
vn 1 0 0 
vn 0 0 -1 
vn 0 0 -1 
vn 0 0 -1 
vn 0 0 -1 
vn 0 0 -1 
vn 0 0 -1 
vn 1 0 0 
vn 0 1 0 
vn 0 1 0 
vn 0 1 0 
vn 0 -1 0 
vn 0 -1 0 
vn 0 -1 0 
vn 1 0 0 
vn 1 0 0 
vn 1 0 0 
vn 0 0 1 
vn 0 0 1 
vn 0 0 1 
vn 1 0 0 
vn 0 -1 0 
vn 1 0 0 
vn 1 0 0 
vn 1 0 0 
vn 0 0 -1 
vn 0 0 -1 
vn 1 0 0 
vn 0 -1 0 
vn 0 -1 0 
vn 0 -1 0 
vn 0 0 1 
vn 0 1 0 
vn 0 1 0 
vn 0 1 0 
vn 0 1 0 
vn 0 0 -1 
vn 0 0 -1 
vn 0 0 -1 
vn 0 0 -1 
vn 0 0 -1 
vn 0 0 -1 
vn 0 0 -1 
vn 0 0 1 
vn 0 0 1 
vn 0 0 1 
vn 0 0 1 
vn 1 0 0 
vn 1 0 0 
vn 1 0 0 
vn 0 0 1 
vn 0 0 1 
vn 0 0 1 
vn 1 0 0 
vn 1 0 0 
vn 1 0 0 
vn 0 0 1 
vn -1 0 0 
vn -1 0 0 
vn -1 0 0 
vn 0 1 0 
vn 0 1 0 
vn 0 0 1 
vn 0 -1 0 
vn 0 -1 0 
vn 0 -1 0 
vn -1 0 0 
vn -1 0 0 
vn -1 0 0 
vn 0 -1 0 
vn 0 -1 0 
vn 0 -1 0 
vn 1 0 0 
vn 0 1 0 
vn 0 1 0 
vn 0 1 0 
vn 0 0 -1 
vn 0 0 -1 
vn 1 0 0 
vn 0 1 0 
vn 0 0 -1 
vn 0 -1 0 
vn 0 1 0 
vn 0 0 -1 
vn 0 0 -1 
vn 0 -1 0 
vn 0 -1 0 
vn -1 0 0 
vn -1 0 0 
vn -1 0 0 
vn 0 -1 0 
vn -1 0 0 
vn -1 0 0 
vn 0 -1 0 
vn -1 0 0 
vn 0 0 -1 
vn 0 0 -1 
vn 0 0 -1 
vn 0 1 0 
vn 0 0 1 
vn 0 0 -1 
vn 0 0 -1 
vn 0 1 0 
vn 0 1 0 
vn 0 1 0 
vn 0 0 -1 
vn 0 0 -1 
vn 0 0 -1 
vn -1 0 0 
vn -1 0 0 
vn -1 0 0 
vn 0 -1 0 
vn 0 -1 0 
vn 0 -1 0 
vn -1 0 0 
vn 0 0 -1 
vn 0 -1 0 
vn 0 0 -1 
vn 0 0 -1 
vn 0 0 -1 
vn -1 0 0 
vn -1 0 0 
vn 0 0 -1 
vn 0 0 -1 
vn 1 0 0 
vn 1 0 0 
vn 1 0 0 
vn 1 0 0 
vn 0 0 -1 
vn 1 0 0 
vn 0 0 -1 
vn 0 0 -1 
vn 0 0 -1 
vn 1 0 0 
vn 0 1 0 
vn 0 1 0 
vn 0 1 0 
vn 0 0 -1 
vn 0 0 -1 
vn 0 1 0 
vn 0 1 0 
vn 0 1 0 
vn 0 0 -1 
vn 0 1 0 
vn 0 1 0 
vn 0 0 1 
vn 0 1 0 
vn 1 0 0 
vn 1 0 0 
vn 1 0 0 
vn 0 0 1 
vn 0 0 1 
vn 0 0 1 
vn 0 0 1 
vn -1 0 0 
vn -1 0 0 
vn -1 0 0 
vn 0 0 1 
vn -1 0 0 
vn -1 0 0 
vn -1 0 0 
vn 0 1 0 
vn 0 1 0 
vn 0 1 0 
vn 0 0 1 
vn 0 0 1 
vn 0 0 1 
vn -1 0 0 
vn -1 0 0 
vn -1 0 0 
vn 0 0 1 
vn 0 1 0 
vn 0 1 0 
vn 0 0 1 
vn 1 0 0 
vn 1 0 0 
vn 1 0 0 
vn 0 -1 0 
vn 0 -1 0 
vn 0 -1 0 
vn 1 0 0 
vn 1 0 0 
vn 1 0 0 
vn 0 0 1 
vn 0 -1 0 
vn 0 -1 0 
vn 0 -1 0 
vn -1 0 0 
vn 0 -1 0 
vn 0 -1 0 
vn 0 0 -1 
vn 0 0 -1 
vn -1 0 0 
vn 0 0 -1 
vn 0 0 -1 
vn 0 -1 0 
vn 0 -1 0 
vn 0 -1 0 
vn 0 1 0 
vn 0 0 -1 
vn 0 -1 0 
vn -1 0 0 
vn -1 0 0 
vn -1 0 0 
vn -1 0 0 
vn 0 1 0 
vn 0 0 -1 
vn 0 0 -1 
vn 0 0 -1 
vn 0 0 -1 
vn 1 0 0 
vn 1 0 0 
vn 0 -1 0 
vn 0 0 -1 
vn 0 0 -1 
vn 0 -1 0 
vn 0 -1 0 
vn 0 -1 0 
vn 0 0 -1 
vn 0 -1 0 
vn 0 0 -1 
vn 0 1 0 
vn 0 -1 0 
vn 0 1 0 
vn 1 0 0 
vn 1 0 0 
vn 1 0 0 
vn -1 0 0 
vn 0 0 -1 
vn 0 0 1 
vn 0 0 1 
vn 0 0 1 
vn -1 0 0 
vn -1 0 0 
vn -1 0 0 
vn 0 0 1 
vn -1 0 0 
vn 0 -1 0 
vn 0 -1 0 
vn 0 -1 0 
vn -1 0 0 
vn -1 0 0 
vn -1 0 0 
vn 0 0 -1 
vn 0 0 -1 
vn 0 0 -1 
vn -1 0 0 
vn -1 0 0 
vn -1 0 0 
vn 0 0 -1 
vn 0 -1 0 
vn 0 -1 0 
vn 0 -1 0 
vn -1 0 0 
vn -1 0 0 
vn 0 0 1 
vn 0 0 1 
vn 0 0 1 
vn 0 0 1 
vn -1 0 0 
vn -1 0 0 
vn -1 0 0 
vn -1 0 0 
vn 0 0 1 
vn 0 0 1 
vn 0 0 1 
vn 0 1 0 
vn 0 1 0 
vn 0 1 0 
vn 0 1 0 
vn 0 1 0 
vn 0 1 0 
vn 0 0 -1 
vn 0 0 -1 
vn 0 0 -1 
vn 0 1 0 
vn 0 1 0 
vn 0 1 0 
vn 0 1 0 
vn 0 1 0 
vn 0 1 0 
vn 0 1 0 
vn 0 -1 0 
vn 0 -1 0 
vn 0 0 -1 
vn 0 0 -1 
vn 0 0 -1 
vn 0 1 0 
vn 0 1 0 
vn 0 1 0 
vn 0 -1 0 
vn 0 -1 0 
vn 0 0 -1 
vn 0 0 -1 
vn 0 0 -1 
vn 0 1 0 
vn 0 1 0 
vn 0 1 0 
vn 0 1 0 
vn 0 1 0 
vn 0 0 -1 
vn 0 0 -1 
vn 0 0 -1 
vn -1 0 0 
vn 0 0 1 
vn 0 0 1 
vn 0 0 1 
vn 0 -1 0 
vn 0 0 -1 
vn 0 0 -1 
vn 0 -1 0 
vn 0 0 -1 
vn 1 0 0 
vn 1 0 0 
vn 1 0 0 
vn 0 0 1 
vn 0 0 1 
vn -1 0 0 
vn 0 -1 0 
vn 0 -1 0 
vn 0 -1 0 
vn 0 -1 0 
vn 0 0 1 
vn 0 0 1 
vn 0 0 1 
vn 0 0 1 
vn 0 0 -1 
vn 0 0 -1 
vn 0 0 -1 
vn 0 0 -1 
vn 0 1 0 
vn 0 0 -1 
vn 0 0 -1 
vn 0 0 -1 
vn 0 0 -1 
vn 0 0 -1 
vn 1 0 0 
vn 1 0 0 
vn 1 0 0 
vn 0 1 0 
vn 0 1 0 
vn 0 1 0 
vn -1 0 0 
vn -1 0 0 
vn -1 0 0 
vn 0 -1 0 
vn 0 -1 0 
vn 0 -1 0 
vn 0 0 1 
vn 0 0 1 
vn 0 0 1 
vn -1 0 0 
vn 0 0 -1 
vn 0 0 -1 
vn 0 0 -1 
vn 0 -1 0 
vn -1 0 0 
vn -1 0 0 
vn -1 0 0 
vn 0 1 0 
vn 0 1 0 
vn 0 1 0 
vn 0 0 1 
vn 0 0 1 
vn 0 0 1 
vn -1 0 0 
vn 0 0 1 
vn 0 0 1 
vn 0 0 1 
vn -1 0 0 
vn -1 0 0 
vn 0 0 -1 
vn 0 -1 0 
vn 0 0 -1 
vn 0 0 -1 
vn 0 0 -1 
vn 0 0 -1 
vn 0 0 1 
vn 0 0 -1 
vn 0 -1 0 
vn 0 0 1 
vn 0 -1 0 
vn 0 0 1 
vn 0 0 1 
vn 0 0 1 
vn 1 0 0 
vn 1 0 0 
vn 1 0 0 
vn 0 1 0 
vn 0 1 0 
vn 0 1 0 
vn 0 1 0 
vn 0 0 1 
vn 0 -1 0 
vn 0 -1 0 
vn 0 -1 0 
vn 0 0 1 
vn 0 -1 0 
vn 0 -1 0 
vn 1 0 0 
vn 1 0 0 
vn 1 0 0 
vn 0 1 0 
vn 0 1 0 
vn 0 0 1 
vn 0 0 1 
vn 0 -1 0 
vn 1 0 0 
vn 0 0 -1 
vn 0 0 -1 
vn 0 0 -1 
vn 0 1 0 
vn 0 0 -1 
vn 0 0 -1 
vn -1 0 0 
vn -1 0 0 
vn -1 0 0 
vn 0 0 1 
vn 0 0 1 
vn 0 0 1 
vn 0 1 0 
vn 0 0 1 
vn 1 0 0 
vn 1 0 0 
vn 1 0 0 
vn 0 0 1 
vn 0 0 -1 
vn 0 0 -1 
vn 1 0 0 
vn 1 0 0 
vn 1 0 0 
vn 0 1 0 
vn 0 0 1 
vn 1 0 0 
vn 1 0 0 
vn -1 0 0 
vn 0 0 -1 
vn 0 0 -1 
vn 0 0 -1 
vn 0 0 -1 
vn 0 0 -1 
vn 0 0 -1 
vn 1 0 0 
vn 1 0 0 
vn 1 0 0 
vn 0 1 0 
vn 0 1 0 
vn 0 1 0 
vn 0 0 1 
vn 0 0 1 
vn 0 0 1 
vn 1 0 0 
vn 0 -1 0 
vn 0 -1 0 
vn 0 -1 0 
vn 0 0 -1 
vn 0 0 -1 
vn -1 0 0 
vn -1 0 0 
vn -1 0 0 
vn 0 1 0 
vn 0 0 1 
vn -1 0 0 
vn 0 -1 0 
vn 1 0 0 
vn 1 0 0 
vn 0 0 1 
vn 0 0 1 
vn 0 0 1 
vn 1 0 0 
vn 0 0 -1 
vn 0 0 -1 
vn 0 -1 0 
vn 0 -1 0 
vn 1 0 0 
vn 1 0 0 
vn 1 0 0 
vn 0 0 1 
vn 0 0 1 
vn 0 0 1 
vn 1 0 0 
vn 1 0 0 
vn 0 1 0 
vn 0 1 0 
vn 0 1 0 
vn 0 1 0 
vn 0 0 -1 
vn 0 0 -1 
vn 0 0 -1 
vn 0 0 -1 
vn 0 0 -1 
vn 0 0 1 
vn 0 0 1 
vn -1 0 0 
vn -1 0 0 
vn -1 0 0 
vn 0 0 -1 
vn 0 0 -1 
vn 0 0 -1 
vn 0 0 -1 
vn 0 0 -1 
vn 0 -1 0 
vn 0 -1 0 
vn -1 0 0 
vn -1 0 0 
vn -1 0 0 
vn 0 -1 0 
vn 0 0 -1 
vn 0 0 1 
vn 0 0 -1 
vn 0 0 -1 
vn 0 0 -1 
vn 0 0 -1 
vn 0 0 -1 
vn 0 0 -1 
vn 0 0 -1 
vn 0 0 -1 
vn 0 0 -1 
vn 0 0 -1 
vn 0 0 -1 
vn 0 0 -1 
vn 0 1 0 
vn 0 0 1 
vn 0 0 1 
vn 0 0 1 
vn 0 0 1 
vn 0 0 1 
vn -1 0 0 
vn -1 0 0 
vn -1 0 0 
vn 0 0 1 
vn 1 0 0 
vn 1 0 0 
vn 0 -1 0 
vn 0 -1 0 
vn 0 0 -1 
vn 0 0 -1 
vn 0 0 -1 
vn -1 0 0 
vn 1 0 0 
vn 1 0 0 
vn 1 0 0 
vn 0 0 -1 
vn 0 0 -1 
vn 0 0 1 
vn 0 1 0 
vn -1 0 0 
vn -1 0 0 
vn -1 0 0 
vn -1 0 0 
vn 0 -1 0 
vn 0 -1 0 
vn 0 -1 0 
vn -1 0 0 
vn -1 0 0 
vn -1 0 0 
vn -1 0 0 
vn -1 0 0 
vn -1 0 0 
vn 0 0 1 
vn 0 0 1 
vn 0 0 1 
vn -1 0 0 
vn 0 0 1 
vn 0 0 1 
vn 1 0 0 
vn 1 0 0 
vn 0 1 0 
vn 0 1 0 
vn 0 1 0 
vn 0 1 0 
vn 1 0 0 
vn 1 0 0 
vn 1 0 0 
vn 0 0 1 
vn 0 0 -1 
vn 0 0 -1 
vn 0 1 0 
vn 0 1 0 
vn 0 1 0 
vn 0 -1 0 
vn 0 -1 0 
vn 0 0 -1 
vn 0 0 -1 
vn 0 1 0 
vn 0 1 0 
vn 0 1 0 
vn 0 1 0 
vn 0 -1 0 
vn 0 1 0 
vn 0 1 0 
vn 0 1 0 
vn 0 1 0 
vn 0 1 0 
vn -1 0 0 
vn -1 0 0 
vn 0 -1 0 
vn 0 -1 0 
vn 1 0 0 
vn 1 0 0 
vn 0 0 1 
vn 0 0 1 
vn 0 0 1 
vn 0 0 -1 
vn 0 0 -1 
vn 0 0 -1 
vn 0 0 -1 
vn 0 0 1 
vn 0 0 1 
vn 0 0 1 
vn 0 0 -1 
vn 0 0 -1 
vn 0 0 -1 
vn 0 0 1 
vn 0 0 1 
vn 0 0 1 
vn 0 0 -1 
vn 0 0 -1 
vn 0 0 -1 
vn 0 -1 0 
vn 0 0 1 
vn 0 -1 0 
vn 0 0 1 
vn 0 0 1 
vn 0 0 1 
vn 0 0 1 
vn 0 0 1 
vn 1 0 0 
vn 1 0 0 
vn 1 0 0 
vn 0 0 -1 
vn 0 0 -1 
vn 0 0 -1 
vn 0 1 0 
vn 0 0 -1 
vn 0 0 -1 
vn 0 0 1 
vn 0 -1 0 
vn 0 -1 0 
vn 0 0 -1 
vn 0 0 1 
vn 1 0 0 
vn 0 1 0 
vn 0 0 -1 
vn 0 0 -1 
vn 0 0 -1 
vn 0 0 -1 
vn 0 0 -1 
vn 0 0 1 
vn 0 0 1 
vn 0 0 1 
vn 0 0 -1 
vn 0 0 1 
vn 0 0 1 
vn 0 0 1 
vn 0 0 1 
vn 0 0 -1 
vn 0 0 -1 
vn 0 0 -1 
vn 0 0 1 
vn 0 0 -1 
vn 0 0 -1 
vn 0 0 -1 
vn 0 0 1 
vn 0 0 1 
vn 0 0 1 
vn 0 0 -1 
vn 0 0 -1 
vn 0 1 0 
vn 0 1 0 
vn 0 1 0 
vn 0 0 -1 
vn 0 0 -1 
vn -1 0 0 
vn -1 0 0 
vn -1 0 0 
vn 0 0 1 
vn 0 0 -1 
vn 0 0 -1 
vn 0 0 -1 
vn 0 0 -1 
vn 0 0 -1 
vn 0 0 -1 
vn 0 0 -1 
vn 0 0 -1 
vn 0 0 -1 
vn 0 0 -1 
vn 0 0 -1 
vn 0 0 -1 
vn 0 0 -1 
vn 0 0 -1 
vn 0 0 -1 
vn 0 0 1 
vn 0 0 1 
vn 0 0 1 
vn 0 0 1 
vn 0 0 1 
vn 0 0 1 
vn 0 0 1 
vn 0 0 -1 
vn 0 0 -1 
vn 1 0 0 
vn 1 0 0 
vn 1 0 0 
vn 0 0 -1 
vn 0 0 -1 
vn 0 0 -1 
vn 0 0 -1 
vn 0 0 1 

vt 41.3594 233.092 
vt 41.3594 233.092 
vt 41.3594 233.092 
vt 41.3594 -103.95 
vt 41.3594 -103.95 
vt 41.3594 -103.988 
vt -240.092 -103.988 
vt -240.092 -103.95 
vt -240.092 -103.95 
vt 41.3594 -103.988 
vt 41.3594 -103.988 
vt 41.6094 -103.988 
vt 41.3594 233.092 
vt 41.3594 233.092 
vt 41.3469 233.092 
vt 41.3594 233.092 
vt -240.092 -103.988 
vt 41.3594 -103.988 
vt 41.3594 -103.95 
vt 41.3469 -103.95 
vt 41.3594 233.092 
vt 41.3594 233.092 
vt 41.3594 -103.95 
vt 41.3594 -103.95 
vt 41.3469 -103.95 
vt 41.3469 233.092 
vt 328.092 -103.95 
vt 328.029 -103.95 
vt 328.029 -103.988 
vt 46.6531 233.029 
vt 46.6531 233.092 
vt 46.6531 233.029 
vt 41.3469 -103.95 
vt 41.3469 -103.95 
vt 41.3469 -103.988 
vt 46.6531 233.092 
vt 41.3469 -103.95 
vt 328.092 -103.95 
vt 328.092 -103.95 
vt 328.092 -103.95 
vt 328.092 -103.988 
vt 41.3469 233.092 
vt 328.092 -103.95 
vt 41.3594 233.029 
vt 46.6406 233.029 
vt 46.6406 233.029 
vt 328.029 -103.95 
vt 328.029 -103.95 
vt 328.029 -103.75 
vt 328.092 -103.988 
vt 328.029 -103.988 
vt 328.092 -103.988 
vt 41.3594 233.092 
vt 41.3594 233.029 
vt 41.6094 233.092 
vt 328.029 -103.988 
vt 328.029 -103.988 
vt 41.3594 232.904 
vt 41.3594 232.904 
vt 327.904 -103.988 
vt 327.904 -103.988 
vt 46.6406 -103.95 
vt 46.6406 -103.988 
vt 46.6531 -103.988 
vt 328.029 -103.95 
vt 328.092 -103.788 
vt 46.6531 -103.95 
vt 41.3469 233.029 
vt 41.3469 233.029 
vt 41.3469 232.904 
vt 41.3594 232.904 
vt 327.904 -103.988 
vt 328.029 -103.988 
vt 328.029 -103.738 
vt 41.3469 -103.738 
vt 41.3469 -103.988 
vt 41.3594 -103.75 
vt 41.3594 -103.988 
vt 41.3594 233.029 
vt 41.3594 232.904 
vt 327.904 -103.738 
vt 328.104 -103.788 
vt 328.104 -103.738 
vt 328.092 -103.738 
vt 41.3469 -103.738 
vt 41.3469 -103.788 
vt 41.5281 -103.788 
vt -240.029 -103.75 
vt -240.004 -103.75 
vt 46.6031 233.004 
vt 46.6031 233.029 
vt 46.4406 233.004 
vt 46.6406 233.092 
vt 46.6406 233.029 
vt 46.4406 233.092 
vt 46.6406 233.029 
vt 46.6406 233.029 
vt 46.6406 233.029 
vt -240.092 -103.75 
vt -240.029 -103.75 
vt -240.029 -103.75 
vt 46.6406 -103.75 
vt 46.6406 -103.75 
vt 46.6406 -103.75 
vt 46.6406 233.029 
vt 41.3594 -103.75 
vt 41.3969 -103.75 
vt 41.3969 -103.75 
vt 46.6406 -103.738 
vt 46.4406 -103.738 
vt 46.6031 -103.738 
vt 46.4406 233.092 
vt 46.6406 233.092 
vt 46.4406 233.104 
vt -240.092 -103.738 
vt -240.092 -103.738 
vt -240.029 -103.738 
vt 46.6406 233.092 
vt 41.3469 -103.738 
vt 41.3594 -103.738 
vt 41.3469 -103.738 
vt 46.6531 233.092 
vt 46.6531 233.104 
vt 46.6531 233.092 
vt 46.6531 233.092 
vt 328.092 -103.738 
vt 328.092 -103.738 
vt 328.029 -103.738 
vt 46.6406 233.092 
vt 46.6406 233.029 
vt 46.6531 233.029 
vt -240.092 -103.738 
vt 41.3594 -103.738 
vt -240.029 -103.738 
vt 328.092 -103.738 
vt 46.6531 233.092 
vt 46.6031 233.092 
vt 46.4406 233.092 
vt 46.4406 233.092 
vt 46.4406 -103.738 
vt 46.4406 -103.738 
vt 46.6406 233.092 
vt 46.6031 233.029 
vt 46.6406 -103.738 
vt -240.092 -103.738 
vt 46.6531 -103.738 
vt 46.6531 -103.738 
vt 46.6531 -103.788 
vt 41.3969 233.092 
vt 41.3594 233.092 
vt 41.3969 233.029 
vt 46.6406 -103.75 
vt 46.6031 -103.75 
vt 46.6406 -103.788 
vt 46.4406 -103.788 
vt 46.6031 232.904 
vt 46.6031 233.004 
vt 46.4406 232.904 
vt -240.004 -103.738 
vt -239.904 -103.738 
vt -240.004 -103.738 
vt 46.6031 233.004 
vt 46.6406 232.904 
vt -240.004 -103.75 
vt 41.3969 233.029 
vt 41.3969 233.004 
vt 41.5594 233.004 
vt -240.029 -103.75 
vt 41.3969 -103.75 
vt 46.6031 -103.75 
vt 46.6031 -103.738 
vt 46.6031 -103.738 
vt 41.3969 -103.738 
vt 41.3969 -103.75 
vt 46.4406 -103.75 
vt -240.029 -103.738 
vt -239.904 -103.738 
vt -240.029 -103.738 
vt 46.6406 233.029 
vt 46.6031 233.004 
vt 46.6406 233.029 
vt 46.6031 233.029 
vt 328.004 -103.738 
vt 328.029 -103.738 
vt 328.029 -103.738 
vt 46.6031 -103.738 
vt 46.6031 233.004 
vt 46.6031 233.004 
vt 46.4406 233.004 
vt 46.6406 233.029 
vt 46.6406 233.029 
vt 46.6406 233.029 
vt 46.6031 -103.738 
vt 328.004 -103.738 
vt 46.6406 -103.738 
vt 46.6406 -103.738 
vt 46.6531 -103.95 
vt 46.6406 233.029 
vt 46.6406 -103.738 
vt 46.6406 -103.738 
vt 46.6031 -103.738 
vt 46.6406 233.029 
vt 46.6406 232.904 
vt 46.6531 233.029 
vt -239.904 -103.738 
vt 41.3594 -103.738 
vt 41.3594 -103.738 
vt 46.6406 -103.738 
vt 46.6531 -103.738 
vt 41.3594 -103.738 
vt 41.3969 -103.738 
vt 41.3969 233.029 
vt 328.029 -103.75 
vt 328.029 -103.75 
vt 328.029 -103.738 
vt 328.029 -103.738 
vt 41.3594 -103.738 
vt 46.6406 -103.75 
vt 46.6406 -103.75 
vt 328.029 -103.738 
vt 328.029 -103.75 
vt 328.029 -103.738 
vt 41.3594 233.029 
vt 41.3594 233.029 
vt 41.3594 233.029 
vt 328.029 -103.75 
vt 46.6406 -103.75 
vt -240.092 -103.75 
vt 41.3594 233.029 
vt 46.6031 -103.75 
vt 41.5594 233.092 
vt 328.029 -103.75 
vt -240.092 -103.788 
vt 41.3594 -103.75 
vt 328.029 -103.75 
vt -240.092 -103.95 
vt 41.3594 -103.75 
vt 41.6094 -103.75 
vt 328.092 -103.788 
vt 41.3594 233.092 
vt 41.3469 233.104 
vt 41.3469 233.092 
vt 41.5281 233.104 
vt -240.092 -103.788 
vt 41.3594 233.092 
vt 41.3469 233.092 
vt 41.3469 233.092 
vt 41.3594 -103.788 
vt 41.3469 -103.788 
vt 46.6531 -103.788 
vt 328.092 -103.788 
vt -240.092 -103.95 
vt 46.6406 -103.95 
vt 328.029 -103.75 
vt 46.6031 232.904 
vt 46.6531 -103.738 
vt 46.6406 -103.738 
vt 46.6531 -103.988 
vt 46.6531 232.904 
vt 46.6031 232.904 
vt 46.6031 -103.738 
vt 46.6031 -103.738 
vt 46.6406 -103.738 
vt 46.6031 -103.738 
vt 46.4406 -103.738 
vt 46.6031 -103.75 
vt 327.904 -103.738 
vt 327.904 -103.738 
vt 327.904 -103.75 
vt 46.6031 -103.75 
vt 46.6406 -103.988 
vt 46.6031 -103.75 
vt 46.4406 -103.75 
vt -239.904 -103.75 
vt -239.904 -103.988 
vt -239.904 -103.988 
vt 46.6406 -103.988 
vt 46.6406 -103.75 
vt 41.3969 232.904 
vt 41.3594 232.904 
vt 41.3969 232.904 
vt 327.904 -103.75 
vt 327.904 -103.75 
vt -239.904 -103.75 
vt 41.3594 232.904 
vt 46.6031 -103.75 
vt 46.6406 -103.75 
vt 327.904 -103.75 
vt 46.6156 232.892 
vt 46.6156 232.904 
vt 46.5656 232.904 
vt 327.904 -103.788 
vt 327.892 -103.788 
vt 327.892 -103.838 
vt 41.4344 232.904 
vt 41.3844 232.904 
vt 41.3844 232.892 
vt 41.3844 -103.838 
vt 41.4344 -103.838 
vt 41.3844 -103.788 
vt 327.904 -103.838 
vt 46.6406 -103.988 
vt 46.6156 -103.838 
vt 46.6156 -103.788 
vt 46.5656 -103.788 
vt 41.4344 232.892 
vt 327.892 -103.913 
vt 327.879 -103.913 
vt 327.879 -103.988 
vt 46.6156 232.879 
vt 46.6156 232.892 
vt 46.5906 232.892 
vt 41.4094 -103.913 
vt 41.3844 -103.913 
vt 41.3844 -103.988 
vt 327.892 -103.988 
vt 41.3594 -103.888 
vt 41.3594 -103.988 
vt 41.6094 -103.988 
vt 327.904 -103.988 
vt 327.904 -103.888 
vt 327.892 -103.988 
vt 41.3594 232.904 
vt 46.6406 -103.988 
vt 46.6406 -103.988 
vt 46.6406 -103.888 
vt 46.5906 -103.938 
vt 327.892 -103.888 
vt 41.3594 232.904 
vt 41.3594 232.892 
vt 41.6094 232.904 
vt 46.5969 -103.913 
vt 46.6156 -103.988 
vt 46.6156 -103.913 
vt 46.5906 -103.988 
vt 41.6094 232.979 
vt 41.5594 -103.738 
vt 46.4406 -103.75 
vt 41.6094 233.092 
vt 41.6094 232.979 
vt 41.6219 233.092 
vt -239.979 -103.988 
vt -240.092 -103.988 
vt -240.092 -103.988 
vt 41.6094 233.092 
vt -239.979 -103.988 
vt -239.904 -103.988 
vt 41.6219 -103.988 
vt 41.6219 232.904 
vt 41.6094 -103.988 
vt 41.6094 -103.988 
vt 41.6219 -103.788 
vt 41.6219 -103.738 
vt 41.5594 -103.738 
vt -240.104 -103.738 
vt -240.104 -103.788 
vt -240.092 -103.738 
vt 46.4406 233.104 
vt 46.3781 233.104 
vt 46.3781 233.092 
vt 46.4406 233.092 
vt -240.104 -103.738 
vt -240.092 -103.738 
vt -240.104 -103.738 
vt -240.092 -103.738 
vt 41.5594 -103.788 
vt 41.5594 -103.788 
vt 41.5594 -103.788 
vt 41.5594 -103.788 
vt 41.6219 233.104 
vt 41.5594 233.104 
vt 41.5594 233.092 
vt -240.104 -103.788 
vt -240.104 -103.788 
vt 41.5594 233.104 
vt 41.5594 233.104 
vt 41.5594 233.104 
vt 41.5594 233.092 
vt -239.904 -103.738 
vt -240.092 -103.738 
vt -240.092 -103.988 
vt 46.3781 233.092 
vt 46.3781 232.904 
vt 46.3906 233.092 
vt 41.6219 -103.738 
vt 41.6094 -103.738 
vt 41.6219 233.092 
vt -240.092 -103.788 
vt 46.3781 -103.738 
vt 46.3781 -103.788 
vt 46.4406 -103.75 
vt 41.5594 -103.75 
vt 41.6094 -103.75 
vt 41.5594 -103.75 
vt 46.3906 233.092 
vt 46.3906 233.092 
vt 46.4406 233.092 
vt 46.4406 233.092 
vt 328.092 -103.788 
vt 328.092 -103.75 
vt 328.092 -103.75 
vt 41.5594 233.092 
vt 41.5594 233.092 
vt 46.4406 -103.788 
vt 46.4406 -103.75 
vt 328.092 -103.788 
vt 46.4406 -103.738 
vt 41.5594 233.092 
vt 328.092 -103.75 
vt 328.092 -103.738 
vt 327.904 -103.738 
vt -240.004 -103.738 
vt -240.092 -103.738 
vt -240.092 -103.738 
vt 41.5594 -103.75 
vt 41.5594 -103.738 
vt 328.004 -103.738 
vt 328.004 -103.75 
vt 328.004 -103.738 
vt -240.004 -103.738 
vt 46.4406 233.004 
vt 46.4406 233.092 
vt 46.3906 233.092 
vt 46.4406 -103.738 
vt 46.4406 -103.738 
vt 46.4406 -103.738 
vt 46.4406 233.004 
vt -240.092 -103.75 
vt 41.6094 -103.738 
vt 41.5594 -103.738 
vt -240.092 -103.738 
vt -240.092 -103.75 
vt -239.904 -103.75 
vt -240.092 -103.75 
vt 41.5594 233.092 
vt 41.5594 -103.75 
vt 328.092 -103.75 
vt 328.092 -103.75 
vt 328.004 -103.75 
vt 327.904 -103.738 
vt 46.4406 233.004 
vt 328.104 -103.788 
vt 328.104 -103.788 
vt 46.5656 -103.838 
vt -239.892 -103.838 
vt -239.892 -103.788 
vt -239.904 -103.788 
vt 46.5656 232.892 
vt 41.4344 -103.788 
vt -239.904 -103.838 
vt -239.904 -103.988 
vt 327.904 -103.75 
vt 46.3906 232.904 
vt 46.3906 232.904 
vt 46.3906 -103.738 
vt 46.3781 -103.738 
vt 46.3906 -103.75 
vt 46.3906 232.904 
vt -239.904 -103.738 
vt -239.904 -103.75 
vt 327.904 -103.738 
vt 46.4406 232.904 
vt 46.3906 232.904 
vt 46.4406 -103.75 
vt 327.904 -103.75 
vt 327.904 -103.75 
vt 46.4406 -103.738 
vt 46.4406 -103.75 
vt 46.4406 -103.75 
vt 46.3906 -103.738 
vt 46.3906 -103.75 
vt 46.3906 -103.988 
vt 46.3906 -103.75 
vt -239.904 -103.75 
vt -239.904 -103.75 
vt -239.904 -103.75 
vt 46.4406 -103.75 
vt 41.6094 232.904 
vt 41.5594 232.904 
vt 41.5594 232.904 
vt 46.3906 -103.75 
vt -239.904 -103.75 
vt 41.6094 232.904 
vt 46.4406 -103.75 
vt 41.3969 232.904 
vt 41.5594 232.904 
vt 41.5594 232.904 
vt 46.4406 -103.75 
vt -239.904 -103.75 
vt 41.5594 232.904 
vt 41.5594 232.904 
vt 41.5594 232.904 
vt 46.4406 -103.75 
vt 41.5594 232.904 
vt 46.4156 -103.788 
vt 46.4156 -103.838 
vt 46.4656 -103.838 
vt -239.892 -103.838 
vt -239.892 -103.788 
vt -239.904 -103.788 
vt 46.4156 232.904 
vt 46.4156 232.892 
vt 46.4656 232.892 
vt 41.5844 -103.838 
vt 41.5844 -103.788 
vt 41.5344 -103.788 
vt -239.904 -103.838 
vt 41.5844 232.892 
vt 41.5844 232.904 
vt 41.5344 232.904 
vt 46.3781 -103.988 
vt 46.4656 -103.788 
vt 327.904 -103.788 
vt 327.892 -103.788 
vt 327.892 -103.838 
vt 46.4656 232.904 
vt 41.5344 -103.838 
vt 327.904 -103.838 
vt 41.5344 232.892 
vt -239.879 -103.938 
vt -239.879 -103.963 
vt -239.879 -103.938 
vt -239.892 -103.938 
vt 41.5594 232.892 
vt 41.5594 232.879 
vt 41.5594 232.879 
vt 41.5594 -103.963 
vt 41.5594 -103.938 
vt 41.5344 -103.938 
vt -239.892 -103.963 
vt 46.4406 232.879 
vt 46.4406 232.892 
vt 46.4406 232.879 
vt -239.879 -103.963 
vt 46.4406 -103.963 
vt 46.4406 -103.963 
vt 46.4406 -103.963 
vt -239.879 -103.963 
vt 46.4406 -103.938 
vt 46.4406 -103.938 
vt 46.4406 -103.938 
vt 46.4406 -103.938 
vt 46.4406 -103.963 
vt 46.4656 -103.938 
vt -239.879 -103.938 
vt 46.4406 232.879 
vt 46.4406 232.879 
vt 46.4656 232.879 
vt 41.5844 232.879 
vt 41.5844 232.892 
vt 41.5594 232.892 
vt -239.892 -103.988 
vt -239.879 -103.988 
vt -239.879 -103.913 
vt 41.5844 -103.988 
vt 41.5844 -103.913 
vt 41.5594 -103.913 
vt -239.892 -103.913 
vt 41.6094 232.892 
vt -239.904 -103.988 
vt -239.892 -103.988 
vt -239.904 -103.888 
vt 46.3906 -103.988 
vt 46.3906 -103.988 
vt -239.904 -103.988 
vt 41.6094 232.904 
vt 41.6094 232.904 
vt 41.6094 232.904 
vt 41.6094 -103.888 
vt 46.4406 232.892 
vt 46.4156 232.879 
vt 46.4406 232.879 
vt 46.4156 232.892 
vt 46.4406 -103.913 
vt 46.4156 -103.913 
vt 46.4156 -103.988 
vt 46.3906 -103.888 
vt 46.4406 -103.938 
vt 46.4406 -103.913 
vt 46.3906 -103.988 
vt 41.5594 -103.988 
vt 41.5594 -103.988 
vt 41.5594 -103.913 
vt 41.5594 -103.913 
vt -239.892 -103.938 
vt -239.892 -103.913 
vt -239.892 -103.913 
vt 41.5594 -103.938 
vt 41.5594 -103.963 
vt 41.5594 -103.938 
vt -239.892 -103.988 
vt -239.892 -103.963 
vt -239.892 -103.963 
vt 41.5594 -103.988 
vt 327.892 -103.913 
vt 327.892 -103.913 
vt 327.879 -103.913 
vt 46.4406 232.892 
vt 46.4406 232.892 
vt 41.5594 -103.963 
vt 41.5594 232.892 
vt 41.5594 232.892 
vt 41.5594 232.892 
vt 327.892 -103.963 
vt 327.892 -103.938 
vt 327.879 -103.963 
vt 41.5594 232.892 
vt 41.5594 232.892 
vt 41.5594 232.892 
vt -239.892 -103.938 
vt 46.4406 232.892 
vt 46.4406 232.892 
vt 46.4406 232.892 
vt 46.4406 -103.988 
vt 46.4406 -103.963 
vt -239.892 -103.988 
vt 46.4406 232.892 
vt 46.4656 -103.938 
vt 41.5344 232.892 
vt 46.4656 232.892 
vt 46.4656 -103.963 
vt 46.5906 -103.988 
vt 41.4094 232.892 
vt 41.4094 232.879 
vt 327.879 -103.913 
vt 327.879 -103.938 
vt 327.879 -103.988 
vt 41.5594 232.879 
vt 327.892 -103.988 
vt 327.879 -103.988 
vt 41.5594 232.879 
vt 327.892 -103.988 
vt 46.4406 -103.988 
vt 46.4406 -103.913 
vt 46.4406 -103.988 
vt 46.4656 232.879 
vt 41.5344 -103.963 
vt 46.4656 -103.963 
vt 46.4406 -103.963 
vt 46.3906 232.892 
vt 46.6406 232.892 
vt 46.3906 232.904 
vt 46.5906 -103.913 
vt 46.4656 -103.938 
vt 46.5906 -103.913 
vt 327.879 -103.938 
vt 327.879 -103.963 
vt 327.879 -103.938 
vt 41.5344 232.879 
vt 41.5344 232.879 
vt 41.5594 232.879 
vt 327.879 -103.963 
vt 46.4656 -103.963 
vt 41.5594 232.879 
vt 46.4656 -103.938 
vt 46.4656 -103.963 
vt 46.5656 -103.963 
vt 327.879 -103.963 
vt 327.879 -103.938 
vt 46.5656 -103.963 
vt 46.5656 -103.938 
vt -239.879 -103.963 
vt -239.879 -103.938 
vt -239.879 -103.963 
vt -239.879 -103.963 
vt 46.5656 -103.938 
vt -239.879 -103.938 
vt 46.5656 -103.938 
vt 46.5656 -103.963 
vt 46.5906 -103.938 
vt -239.879 -103.938 
vt 46.5656 232.879 
vt 46.5656 232.879 
vt 46.5906 232.879 
vt 46.5906 -103.988 
vt 46.5906 -103.938 
vt 46.5906 232.879 
vt 46.4406 232.879 
vt 46.5906 232.879 
vt 46.5906 -103.913 
vt 46.5906 232.892 
vt 46.5906 232.892 
vt 41.4094 -103.913 
vt 46.5906 232.879 
vt -239.879 -103.913 
vt -239.892 -103.913 
vt -239.879 -103.913 
vt 41.4094 -103.938 
vt 41.4094 -103.963 
vt 41.4094 -103.988 
vt 41.4094 -103.938 
vt 327.892 -103.913 
vt 327.892 -103.938 
vt 327.892 -103.913 
vt 41.4094 -103.988 
vt 327.892 -103.963 
vt 327.892 -103.988 
vt 327.892 -103.988 
vt 46.5656 232.892 
vt 46.5906 232.892 
vt 46.5906 232.892 
vt 41.4094 -103.963 
vt 41.4344 -103.963 
vt 41.4344 -103.938 
vt 327.892 -103.963 
vt 327.892 -103.938 
vt 327.879 -103.938 
vt 41.4094 -103.938 
vt 46.5906 232.892 
vt 46.5906 232.892 
vt 41.4094 -103.963 
vt -239.892 -103.938 
vt -239.892 -103.963 
vt -239.879 -103.938 
vt 41.4094 232.892 
vt 41.3844 232.892 
vt 41.3844 232.879 
vt -239.892 -103.988 
vt -239.892 -103.988 
vt -239.879 -103.988 
vt 41.4094 -103.988 
vt 41.4094 232.892 
vt 41.4094 232.892 
vt 41.4094 232.892 
vt 327.892 -103.938 
vt 41.4094 232.892 
vt 41.4094 232.892 
vt 46.5906 -103.963 
vt 46.5906 -103.988 
vt 327.892 -103.963 
vt 46.5906 -103.938 
vt 46.5656 -103.938 
vt 41.4344 232.892 
vt 41.4094 232.892 
vt 41.4094 232.879 
vt 46.5906 232.879 
vt 46.5656 -103.963 
vt 41.4094 232.879 
vt 327.879 -103.938 
vt 327.879 -103.963 
vt 327.879 -103.963 
vt 327.879 -103.963 
vt 46.5906 232.879 
vt 46.5906 -103.963 
vt 46.5906 -103.963 
vt 46.5906 -103.938 
vt 46.5906 -103.938 
vt -239.879 -103.963 
vt -239.879 -103.988 
vt 41.4094 232.879 
vt 46.5906 -103.963 
vt 46.5906 -103.913 
vt 41.4344 232.879 
vt 41.4094 232.879 
vt 41.4344 232.879 
vt 46.5906 -103.963 
vt 41.4094 232.879 
vt 46.6406 -103.988 
vt 46.6406 233.029 
vt 41.3969 232.904 
vt 46.6406 232.904 
vt -239.892 -103.913 
vt -239.879 -103.963 
vt -239.892 -103.888 
vt 327.879 -103.938 
vt 46.5906 -103.963 
vt 41.3594 -103.988 
vt 41.3594 -103.95 
vt 41.3469 -103.95 
vt 328.092 -103.95 
vt 328.029 -103.95 
vt 328.029 -103.988 
vt 41.3469 -103.988 
vt 328.092 -103.988 
vt 41.3594 233.092 
vt 41.3469 233.092 
vt 41.3594 233.029 
vt 328.029 -103.988 
vt 328.029 -103.95 
vt 328.029 -103.75 
vt 46.6406 -103.95 
vt 46.6406 -103.988 
vt 46.6531 -103.988 
vt 328.029 -103.95 
vt 328.092 -103.95 
vt 328.092 -103.788 
vt 46.6531 -103.95 
vt 41.3469 233.029 
vt 41.3469 232.904 
vt 41.3594 232.904 
vt 327.904 -103.988 
vt 328.029 -103.738 
vt 41.3469 -103.738 
vt 41.3469 -103.988 
vt 41.3594 -103.75 
vt 41.3594 -103.988 
vt 327.904 -103.738 
vt 328.104 -103.788 
vt 328.104 -103.738 
vt 328.092 -103.738 
vt 41.3469 -103.738 
vt 41.3469 -103.788 
vt 41.5281 -103.788 
vt 46.6031 233.004 
vt 46.6031 233.029 
vt 46.4406 233.004 
vt 46.6406 233.092 
vt 46.6406 233.029 
vt 46.4406 233.092 
vt 46.6406 -103.738 
vt 46.4406 -103.738 
vt 46.6031 -103.738 
vt 46.4406 233.092 
vt 46.4406 233.104 
vt 46.6531 233.104 
vt 46.6406 233.029 
vt 46.6531 233.029 
vt 46.6031 233.092 
vt 46.6031 233.029 
vt 41.3594 233.092 
vt 41.3969 233.029 
vt 46.6406 -103.75 
vt 46.6406 -103.788 
vt 46.4406 -103.788 
vt 46.6031 233.004 
vt 46.4406 232.904 
vt 46.6406 232.904 
vt 41.3969 233.004 
vt 41.5594 233.004 
vt 46.6031 -103.75 
vt 46.6031 -103.738 
vt 46.4406 -103.75 
vt 46.6406 233.029 
vt 46.6031 233.029 
vt 46.6031 233.004 
vt 46.4406 233.004 
vt 46.6531 233.029 
vt 46.6531 -103.95 
vt 46.6531 -103.738 
vt 46.6406 -103.738 
vt 328.029 -103.738 
vt 41.3969 -103.75 
vt 41.3969 -103.738 
vt 41.3594 -103.738 
vt 41.3594 233.029 
vt 46.6031 -103.75 
vt 46.6406 -103.75 
vt 41.5594 233.092 
vt 46.6031 -103.738 
vt -240.092 -103.95 
vt -240.092 -103.75 
vt -240.092 -103.788 
vt 41.3594 -103.75 
vt 41.6094 -103.75 
vt 328.092 -103.788 
vt 41.3594 233.092 
vt 41.3469 233.104 
vt 41.3469 233.092 
vt 41.5281 233.104 
vt 41.3594 -103.788 
vt 41.3469 -103.788 
vt 41.3594 -103.95 
vt 41.3469 -103.95 
vt 46.6406 -103.95 
vt 46.6531 -103.738 
vt 46.6406 -103.738 
vt 46.6531 -103.988 
vt 46.6531 232.904 
vt 46.4406 -103.738 
vt 46.6031 -103.75 
vt 46.6406 -103.988 
vt 46.4406 -103.75 
vt 46.6406 -103.75 
vt -239.904 -103.75 
vt -239.904 -103.988 
vt -239.904 -103.738 
vt 46.6156 232.892 
vt 46.6156 232.904 
vt 46.5656 232.904 
vt 327.904 -103.788 
vt 327.892 -103.788 
vt 327.892 -103.838 
vt 41.4344 232.904 
vt 41.3844 232.904 
vt 41.3844 232.892 
vt 41.3844 -103.838 
vt 41.4344 -103.838 
vt 41.3844 -103.788 
vt 327.904 -103.838 
vt 46.6156 -103.838 
vt 46.6156 -103.788 
vt 46.5656 -103.788 
vt 41.4344 232.892 
vt 327.892 -103.913 
vt 327.879 -103.913 
vt 327.879 -103.988 
vt 46.6156 232.879 
vt 46.6156 232.892 
vt 46.5906 232.892 
vt 41.4094 -103.913 
vt 41.3844 -103.913 
vt 41.3844 -103.988 
vt 327.892 -103.988 
vt 41.3594 -103.888 
vt 41.3594 -103.988 
vt 41.6094 -103.988 
vt 327.904 -103.988 
vt 327.904 -103.888 
vt 46.5906 -103.938 
vt 41.6094 232.904 
vt 46.5969 -103.913 
vt 46.6156 -103.988 
vt 46.6156 -103.913 
vt 46.5906 -103.988 
vt 41.5594 -103.738 
vt 46.4406 -103.75 
vt 41.6219 233.092 
vt 41.6219 -103.988 
vt 41.6219 232.904 
vt 41.6219 -103.788 
vt 41.6219 -103.738 
vt 41.5594 -103.738 
vt -240.104 -103.738 
vt -240.104 -103.788 
vt -240.092 -103.738 
vt 46.4406 233.104 
vt 46.3781 233.104 
vt 46.3781 233.092 
vt 46.4406 233.092 
vt 41.5594 -103.788 
vt 41.6219 233.104 
vt 41.5594 233.104 
vt 41.5594 233.092 
vt 41.5594 -103.788 
vt 41.5594 233.104 
vt 41.5594 233.092 
vt -239.904 -103.738 
vt -240.092 -103.738 
vt -240.092 -103.988 
vt 46.3781 232.904 
vt 46.3906 233.092 
vt 41.6219 -103.738 
vt 41.6094 -103.738 
vt 41.6219 233.092 
vt -240.092 -103.788 
vt 46.3781 -103.738 
vt 46.3781 -103.788 
vt 46.4406 -103.75 
vt 46.3906 233.092 
vt 46.4406 -103.738 
vt 46.4406 -103.788 
vt 328.092 -103.75 
vt 328.092 -103.738 
vt 327.904 -103.738 
vt 41.3969 -103.75 
vt 41.5594 -103.75 
vt 41.5594 -103.738 
vt 46.4406 233.004 
vt 41.5594 -103.738 
vt -240.092 -103.738 
vt -240.092 -103.75 
vt -239.904 -103.75 
vt 41.5594 -103.75 
vt 46.4406 -103.738 
vt 46.5656 -103.838 
vt -239.892 -103.838 
vt -239.892 -103.788 
vt -239.904 -103.788 
vt 46.5656 232.892 
vt 41.4344 -103.788 
vt -239.904 -103.838 
vt -239.904 -103.988 
vt 327.904 -103.75 
vt 46.3781 -103.738 
vt 46.3906 -103.75 
vt 46.3906 -103.988 
vt 46.4156 -103.788 
vt 46.4156 -103.838 
vt 46.4656 -103.838 
vt -239.892 -103.838 
vt -239.892 -103.788 
vt -239.904 -103.788 
vt 46.4156 232.904 
vt 46.4156 232.892 
vt 46.4656 232.892 
vt 41.5844 -103.838 
vt 41.5844 -103.788 
vt 41.5344 -103.788 
vt -239.904 -103.838 
vt 41.5844 232.892 
vt 41.5844 232.904 
vt 41.5344 232.904 
vt 46.3781 -103.988 
vt 46.4656 -103.788 
vt 327.904 -103.788 
vt 327.892 -103.788 
vt 327.892 -103.838 
vt 46.4656 232.904 
vt 41.5344 -103.838 
vt 327.904 -103.838 
vt 41.5344 232.892 
vt -239.879 -103.938 
vt -239.892 -103.938 
vt 41.5594 -103.963 
vt 41.5594 -103.938 
vt 41.5344 -103.938 
vt -239.892 -103.963 
vt 46.4406 -103.938 
vt 46.4656 -103.938 
vt 41.5844 232.879 
vt 41.5844 232.892 
vt -239.892 -103.988 
vt -239.879 -103.988 
vt -239.879 -103.913 
vt 41.5844 -103.988 
vt 41.5844 -103.913 
vt 41.5594 -103.913 
vt -239.892 -103.913 
vt -239.904 -103.988 
vt 46.4406 232.892 
vt 46.4156 232.879 
vt 46.4406 232.879 
vt 46.4156 232.892 
vt 46.4406 -103.913 
vt 46.4156 -103.913 
vt 46.4156 -103.988 
vt 46.4406 -103.938 
vt 46.4406 -103.913 
vt 41.5594 -103.938 
vt 41.5594 -103.963 
vt 327.892 -103.963 
vt 327.892 -103.938 
vt 327.879 -103.963 
vt 46.4406 -103.988 
vt 46.4406 -103.963 
vt 46.4656 -103.938 
vt 46.4656 -103.963 
vt 46.5906 -103.988 
vt 41.4094 232.892 
vt 41.4094 232.879 
vt 327.879 -103.938 
vt 327.879 -103.988 
vt 327.879 -103.913 
vt 41.5594 232.879 
vt 46.4406 -103.988 
vt 41.5344 -103.963 
vt 46.4656 -103.963 
vt 46.5906 -103.913 
vt 46.4656 -103.938 
vt 46.4406 -103.938 
vt 46.5906 -103.913 
vt 46.4656 -103.963 
vt 46.4406 -103.963 
vt 46.5656 -103.963 
vt 46.5656 -103.938 
vt 46.5656 -103.938 
vt 46.5656 -103.963 
vt 46.5906 -103.938 
vt 46.5906 232.879 
vt 41.4094 -103.938 
vt 41.4094 -103.988 
vt 41.4094 -103.963 
vt 41.4344 -103.963 
vt 41.4344 -103.938 
vt 327.892 -103.963 
vt 327.892 -103.938 
vt 327.879 -103.938 
vt 41.4094 -103.938 
vt -239.892 -103.938 
vt -239.892 -103.963 
vt 41.3844 232.892 
vt 41.3844 232.879 
vt 46.5906 -103.963 
vt 46.5656 -103.938 
vt 46.5656 -103.963 
vt 327.879 -103.963 
vt -239.879 -103.963 
vt -239.879 -103.988 
vt -239.879 -103.913 
vt 46.5906 -103.963 
vt 46.5906 -103.963 
vt 41.3969 -103.738 
vt 46.6406 232.904 
vt 328.092 -103.95 
vt 328.029 -103.95 
vt 328.029 -103.988 
vt 328.092 -103.988 
vt 41.3578 233.092 
vt 41.3567 233.029 
vt 41.6144 233.092 
vt 328.029 -103.75 
vt 328.029 -103.95 
vt 328.092 -103.95 
vt 328.093 -103.788 
vt 327.901 -103.988 
vt 328.029 -103.741 
vt 41.3564 -103.741 
vt 41.3567 -103.988 
vt 41.3594 -103.75 
vt 327.904 -103.742 
vt 41.3546 -103.74 
vt 41.3513 -103.788 
vt -240.004 -103.75 
vt -240.004 -103.739 
vt 46.6031 233.029 
vt 46.6454 233.093 
vt 46.6406 233.029 
vt 46.4406 233.094 
vt -240.093 -103.74 
vt -240.029 -103.75 
vt -240.029 -103.741 
vt 41.3969 -103.743 
vt 46.6454 -103.74 
vt 46.4406 -103.744 
vt 46.6454 233.093 
vt 46.6031 233.092 
vt 46.6031 233.029 
vt 41.3546 233.093 
vt 41.3969 233.029 
vt 46.6487 -103.788 
vt 46.4406 -103.788 
vt 46.6031 232.904 
vt 46.6031 233.004 
vt 46.4406 232.904 
vt 46.6415 232.904 
vt 41.3969 233.004 
vt 46.6436 233.029 
vt 46.6031 233.029 
vt 46.6031 233.004 
vt 46.4406 233.094 
vt 46.6436 233.029 
vt 328.029 -103.741 
vt 328.093 -103.74 
vt 41.3564 233.029 
vt 41.5594 233.094 
vt -240.092 -103.95 
vt -240.093 -103.788 
vt 41.3546 -103.74 
vt 41.3515 -103.95 
vt 41.6144 -103.742 
vt 46.6427 -103.988 
vt 46.6031 -103.744 
vt 46.4406 -103.748 
vt 46.6415 -103.742 
vt 41.3844 -103.838 
vt 41.4344 -103.838 
vt 41.3844 -103.788 
vt 46.6156 -103.838 
vt 46.6156 -103.788 
vt 46.5656 -103.788 
vt 41.3594 -103.888 
vt 41.3573 -103.988 
vt 41.6112 -103.988 
vt 46.6406 -103.888 
vt 46.5906 -103.938 
vt 46.5956 -103.913 
vt 41.3573 232.901 
vt 41.5594 -103.744 
vt 41.6112 232.901 
vt 41.6144 -103.988 
vt 41.6219 -103.788 
vt 41.5594 -103.744 
vt 41.5594 -103.788 
vt 41.5594 -103.788 
vt -239.904 -103.744 
vt -240.093 -103.742 
vt -240.092 -103.988 
vt 46.3856 -103.742 
vt 46.3781 -103.788 
vt 46.4406 -103.744 
vt 46.3856 233.093 
vt 46.4406 -103.788 
vt 46.6031 -103.739 
vt 41.3578 -103.988 
vt 41.3513 233.093 
vt 41.5594 233.099 
vt 46.5656 -103.838 
vt 41.4344 -103.788 
vt -239.901 -103.988 
vt 46.3888 232.904 
vt 46.3888 -103.744 
vt 46.3888 -103.988 
vt 46.4156 -103.788 
vt 46.4156 -103.838 
vt 46.4656 -103.838 
vt 41.5844 -103.838 
vt 41.5844 -103.788 
vt 41.5344 -103.788 
vt 46.4656 -103.788 
vt 41.5344 -103.838 
vt 41.5594 -103.963 
vt 41.5594 -103.938 
vt 41.5344 -103.938 
vt 46.4406 -103.938 
vt 46.4406 -103.963 
vt 46.4656 -103.938 
vt 41.6094 -103.888 
vt 46.3906 -103.888 
vt 46.4406 -103.938 
vt 46.4356 -103.913 
vt 41.5644 -103.913 
vt 41.5594 -103.938 
vt 41.5625 -103.978 
vt 46.4656 -103.938 
vt 46.4375 -103.978 
vt 46.4375 232.888 
vt 46.4406 232.882 
vt 46.4656 232.882 
vt 46.4656 -103.963 
vt 46.5929 -103.975 
vt 327.888 -103.978 
vt 327.887 -103.938 
vt 327.887 -103.913 
vt 41.5344 -103.963 
vt 46.4656 -103.963 
vt 46.4656 -103.938 
vt 46.4356 -103.913 
vt 46.4406 -103.938 
vt 46.5956 -103.913 
vt 46.4656 -103.963 
vt 46.4406 -103.963 
vt 46.4375 -103.978 
vt 46.5656 -103.963 
vt 46.5656 -103.938 
vt 46.5656 -103.938 
vt 46.5656 -103.963 
vt 46.5906 -103.938 
vt 46.5929 -103.975 
vt 46.5906 -103.938 
vt 41.4044 -103.913 
vt 41.4071 -103.975 
vt 41.4094 -103.938 
vt 41.4071 -103.975 
vt 41.4344 -103.963 
vt 41.4344 -103.938 
vt 41.4094 -103.938 
vt 46.5656 -103.938 
vt 46.5656 -103.963 
vt -239.887 -103.938 
vt -239.888 -103.975 
vt -239.888 -103.913 
vt 46.5929 -103.975 
vt 46.6406 -103.75 
vt 46.6453 -103.95 
vt 46.6436 -103.741 
vt 41.3969 -103.739 

usemtl Head1Mtl

f 1/1/1 2/2/2 3/3/3 
f 4/4/4 5/5/5 6/6/6 
f 7/7/7 8/8/8 9/9/9 
f 10/10/10 6/6/6 11/11/11 
f 6/6/6 10/10/10 12/12/12 
f 13/13/13 14/14/14 15/15/15 
f 14/14/14 16/16/16 15/15/15 
f 17/17/17 7/7/7 9/9/9 
f 18/18/18 19/19/19 20/20/20 
f 21/21/21 22/22/22 2/2/2 
f 23/23/23 24/24/24 25/25/25 
f 3/3/3 22/22/22 26/26/26 
f 22/22/22 3/3/3 2/2/2 
f 27/27/27 28/28/28 29/29/29 
f 30/30/30 31/31/31 32/32/32 
f 33/33/33 34/34/34 35/35/35 
f 31/31/31 36/36/36 32/32/32 
f 25/25/25 24/24/24 37/37/37 
f 20/20/20 35/35/35 18/18/18 
f 35/35/35 20/20/20 33/33/33 
f 38/38/38 39/39/39 40/40/40 
f 41/41/41 27/27/27 29/29/29 
f 42/42/42 3/3/3 26/26/26 
f 40/40/40 43/43/43 38/38/38 
f 13/13/13 15/15/15 44/44/44 
f 45/45/45 46/46/46 30/30/30 
f 47/47/47 48/48/48 49/49/49 
f 50/50/50 51/51/51 52/52/52 
f 53/53/53 54/54/54 55/55/55 
f 56/56/56 52/52/52 57/57/57 
f 54/54/54 58/58/58 59/59/59 
f 60/60/60 56/56/56 61/61/61 
f 61/61/61 56/56/56 57/57/57 
f 57/57/57 47/47/47 49/49/49 
f 47/47/47 57/57/57 51/51/51 
f 62/62/62 63/63/63 64/64/64 
f 65/65/65 38/38/38 66/66/66 
f 67/67/67 62/62/62 64/64/64 
f 15/15/15 68/68/68 44/44/44 
f 69/69/69 70/70/70 71/71/71 
f 72/72/72 73/73/73 74/74/74 
f 75/75/75 76/76/76 77/77/77 
f 76/76/76 78/78/78 77/77/77 
f 79/79/79 69/69/69 80/80/80 
f 72/72/72 74/74/74 81/81/81 
f 82/82/82 83/83/83 84/84/84 
f 85/85/85 86/86/86 87/87/87 
f 88/88/88 89/89/89 89/89/89 
f 90/90/90 91/91/91 92/92/92 
f 93/93/93 91/91/91 94/94/94 
f 91/91/91 93/93/93 95/95/95 
f 96/96/96 94/94/94 97/97/97 
f 94/94/94 96/96/96 98/98/98 
f 99/99/99 100/100/100 101/101/101 
f 102/102/102 103/103/103 104/104/104 
f 105/105/105 94/94/94 98/98/98 
f 106/106/106 107/107/107 108/108/108 
f 91/91/91 97/97/97 94/94/94 
f 109/109/109 110/110/110 111/111/111 
f 112/112/112 113/113/113 114/114/114 
f 115/115/115 116/116/116 117/117/117 
f 113/113/113 118/118/118 114/114/114 
f 119/119/119 120/120/120 121/121/121 
f 118/118/118 122/122/122 123/123/123 
f 124/124/124 122/122/122 125/125/125 
f 122/122/122 124/124/124 123/123/123 
f 126/126/126 127/127/127 128/128/128 
f 129/129/129 130/130/130 131/131/131 
f 117/117/117 132/132/132 115/115/115 
f 120/120/120 133/133/133 121/121/121 
f 117/117/117 116/116/116 134/134/134 
f 135/135/135 128/128/128 127/127/127 
f 131/131/131 136/136/136 129/129/129 
f 137/137/137 138/138/138 139/139/139 
f 140/140/140 111/111/111 141/141/141 
f 142/142/142 137/137/137 143/143/143 
f 111/111/111 144/144/144 109/109/109 
f 116/116/116 145/145/145 134/134/134 
f 146/146/146 147/147/147 148/148/148 
f 149/149/149 150/150/150 151/151/151 
f 152/152/152 153/153/153 154/154/154 
f 154/154/154 153/153/153 155/155/155 
f 156/156/156 157/157/157 158/158/158 
f 159/159/159 160/160/160 161/161/161 
f 162/162/162 156/156/156 163/163/163 
f 164/164/164 89/89/89 159/159/159 
f 89/89/89 164/164/164 88/88/88 
f 165/165/165 166/166/166 167/167/167 
f 164/164/164 168/168/168 88/88/88 
f 107/107/107 169/169/169 108/108/108 
f 170/170/170 171/171/171 172/172/172 
f 161/161/161 164/164/164 159/159/159 
f 173/173/173 174/174/174 174/174/174 
f 170/170/170 172/172/172 175/175/175 
f 176/176/176 177/177/177 178/178/178 
f 163/163/163 179/179/179 162/162/162 
f 180/180/180 181/181/181 182/182/182 
f 181/181/181 180/180/180 162/162/162 
f 183/183/183 184/184/184 185/185/185 
f 162/162/162 179/179/179 181/181/181 
f 171/171/171 186/186/186 172/172/172 
f 143/143/143 187/187/187 188/188/188 
f 187/187/187 143/143/143 189/189/189 
f 143/143/143 137/137/137 139/139/139 
f 190/190/190 191/191/191 192/192/192 
f 191/191/191 190/190/190 143/143/143 
f 190/190/190 142/142/142 143/143/143 
f 193/193/193 172/172/172 186/186/186 
f 185/185/185 194/194/194 183/183/183 
f 195/195/195 196/196/196 197/197/197 
f 198/198/198 190/190/190 192/192/192 
f 199/199/199 200/200/200 201/201/201 
f 202/202/202 203/203/203 204/204/204 
f 205/205/205 178/178/178 177/177/177 
f 206/206/206 207/207/207 75/75/75 
f 208/208/208 195/195/195 209/209/209 
f 197/197/197 209/209/209 195/195/195 
f 128/128/128 65/65/65 66/66/66 
f 206/206/206 75/75/75 210/210/210 
f 106/106/106 108/108/108 211/211/211 
f 212/212/212 165/165/165 151/151/151 
f 184/184/184 213/213/213 185/185/185 
f 214/214/214 215/215/215 216/216/216 
f 217/217/217 106/106/106 211/211/211 
f 218/218/218 199/199/199 219/219/219 
f 220/220/220 221/221/221 222/222/222 
f 223/223/223 224/224/224 225/225/225 
f 221/221/221 226/226/226 222/222/222 
f 196/196/196 227/227/227 103/103/103 
f 128/128/128 66/66/66 126/126/126 
f 103/103/103 227/227/227 104/104/104 
f 101/101/101 228/228/228 99/99/99 
f 150/150/150 229/229/229 151/151/151 
f 225/225/225 229/229/229 223/223/223 
f 229/229/229 225/225/225 151/151/151 
f 230/230/230 219/219/219 199/199/199 
f 149/149/149 151/151/151 231/231/231 
f 213/213/213 232/232/232 185/185/185 
f 99/99/99 228/228/228 233/233/233 
f 201/201/201 230/230/230 199/199/199 
f 234/234/234 210/210/210 77/77/77 
f 216/216/216 235/235/235 214/214/214 
f 236/236/236 99/99/99 233/233/233 
f 237/237/237 4/4/4 238/238/238 
f 82/82/82 84/84/84 239/239/239 
f 240/240/240 241/241/241 242/242/242 
f 241/241/241 240/240/240 243/243/243 
f 233/233/233 244/244/244 236/236/236 
f 240/240/240 245/245/245 243/243/243 
f 242/242/242 246/246/246 247/247/247 
f 246/246/246 242/242/242 241/241/241 
f 248/248/248 249/249/249 24/24/24 
f 148/148/148 250/250/250 146/146/146 
f 251/251/251 66/66/66 43/43/43 
f 244/244/244 252/252/252 236/236/236 
f 249/249/249 37/37/37 24/24/24 
f 66/66/66 38/38/38 43/43/43 
f 103/103/103 253/253/253 197/197/197 
f 48/48/48 254/254/254 49/49/49 
f 156/156/156 158/158/158 255/255/255 
f 256/256/256 257/257/257 258/258/258 
f 203/203/203 259/259/259 204/204/204 
f 260/260/260 156/156/156 255/255/255 
f 261/261/261 262/262/262 263/263/263 
f 177/177/177 177/177/177 205/205/205 
f 263/263/263 263/263/263 261/261/261 
f 264/264/264 265/265/265 266/266/266 
f 267/267/267 268/268/268 269/269/269 
f 270/270/270 271/271/271 272/272/272 
f 271/271/271 270/270/270 273/273/273 
f 274/274/274 275/275/275 276/276/276 
f 277/277/277 278/278/278 272/272/272 
f 279/279/279 280/280/280 281/281/281 
f 282/282/282 283/283/283 269/269/269 
f 272/272/272 271/271/271 277/277/277 
f 284/284/284 274/274/274 276/276/276 
f 280/280/280 285/285/285 281/281/281 
f 286/286/286 287/287/287 263/263/263 
f 283/283/283 288/288/288 269/269/269 
f 269/269/269 288/288/288 267/267/267 
f 284/284/284 276/276/276 205/205/205 
f 262/262/262 286/286/286 263/263/263 
f 177/177/177 284/284/284 205/205/205 
f 289/289/289 290/290/290 291/291/291 
f 292/292/292 293/293/293 294/294/294 
f 295/295/295 296/296/296 297/297/297 
f 298/298/298 299/299/299 300/300/300 
f 301/301/301 292/292/292 294/294/294 
f 257/257/257 302/302/302 258/258/258 
f 303/303/303 304/304/304 305/305/305 
f 295/295/295 297/297/297 306/306/306 
f 307/307/307 308/308/308 309/309/309 
f 310/310/310 311/311/311 312/312/312 
f 313/313/313 314/314/314 315/315/315 
f 313/313/313 315/315/315 313/313/313 
f 316/316/316 307/307/307 309/309/309 
f 317/317/317 318/318/318 319/319/319 
f 320/320/320 321/321/321 322/322/322 
f 69/69/69 71/71/71 80/80/80 
f 323/323/323 80/80/80 71/71/71 
f 324/324/324 277/277/277 271/271/271 
f 325/325/325 326/326/326 327/327/327 
f 328/328/328 322/322/322 321/321/321 
f 329/329/329 330/330/330 331/331/331 
f 327/327/327 326/326/326 332/332/332 
f 333/333/333 334/334/334 335/335/335 
f 54/54/54 336/336/336 55/55/55 
f 336/336/336 54/54/54 59/59/59 
f 337/337/337 85/85/85 87/87/87 
f 123/123/123 114/114/114 118/118/118 
f 155/155/155 153/153/153 338/338/338 
f 165/165/165 167/167/167 151/151/151 
f 339/339/339 340/340/340 341/341/341 
f 342/342/342 343/343/343 344/344/344 
f 336/336/336 345/345/345 55/55/55 
f 344/344/344 346/346/346 342/342/342 
f 342/342/342 346/346/346 347/347/347 
f 12/12/12 348/348/348 238/238/238 
f 341/341/341 340/340/340 349/349/349 
f 12/12/12 350/350/350 351/351/351 
f 350/350/350 12/12/12 10/10/10 
f 238/238/238 4/4/4 12/12/12 
f 352/352/352 353/353/353 354/354/354 
f 355/355/355 356/356/356 357/357/357 
f 358/358/358 359/359/359 360/360/360 
f 358/358/358 360/360/360 361/361/361 
f 362/362/362 363/363/363 364/364/364 
f 363/363/363 362/362/362 365/365/365 
f 337/337/337 87/87/87 366/366/366 
f 352/352/352 367/367/367 368/368/368 
f 367/367/367 352/352/352 369/369/369 
f 370/370/370 371/371/371 372/372/372 
f 373/373/373 362/362/362 374/374/374 
f 354/354/354 369/369/369 352/352/352 
f 375/375/375 376/376/376 377/377/377 
f 374/374/374 362/362/362 364/364/364 
f 377/377/377 243/243/243 375/375/375 
f 375/375/375 243/243/243 378/378/378 
f 379/379/379 380/380/380 381/381/381 
f 382/382/382 383/383/383 384/384/384 
f 348/348/348 385/385/385 238/238/238 
f 238/238/238 385/385/385 386/386/386 
f 387/387/387 370/370/370 372/372/372 
f 356/356/356 388/388/388 357/357/357 
f 389/389/389 390/390/390 391/391/391 
f 91/91/91 95/95/95 92/92/92 
f 392/392/392 393/393/393 394/394/394 
f 395/395/395 95/95/95 396/396/396 
f 95/95/95 93/93/93 396/396/396 
f 397/397/397 398/398/398 361/361/361 
f 110/110/110 141/141/141 111/111/111 
f 399/399/399 400/400/400 401/401/401 
f 402/402/402 403/403/403 149/149/149 
f 404/404/404 405/405/405 391/391/391 
f 401/401/401 406/406/406 399/399/399 
f 149/149/149 231/231/231 402/402/402 
f 407/407/407 389/389/389 391/391/391 
f 360/360/360 397/397/397 361/361/361 
f 408/408/408 402/402/402 231/231/231 
f 404/404/404 391/391/391 390/390/390 
f 409/409/409 410/410/410 411/411/411 
f 139/139/139 189/189/189 143/143/143 
f 412/412/412 413/413/413 414/414/414 
f 174/174/174 415/415/415 416/416/416 
f 417/417/417 418/418/418 419/419/419 
f 151/151/151 167/167/167 231/231/231 
f 414/414/414 420/420/420 412/412/412 
f 421/421/421 422/422/422 423/423/423 
f 424/424/424 425/425/425 426/426/426 
f 427/427/427 421/421/421 423/423/423 
f 414/414/414 413/413/413 428/428/428 
f 393/393/393 429/429/429 430/430/430 
f 431/431/431 432/432/432 433/433/433 
f 434/434/434 414/414/414 428/428/428 
f 430/430/430 394/394/394 393/393/393 
f 231/231/231 435/435/435 408/408/408 
f 394/394/394 436/436/436 392/392/392 
f 437/437/437 438/438/438 418/418/418 
f 419/419/419 418/418/418 439/439/439 
f 425/425/425 175/175/175 172/172/172 
f 440/440/440 417/417/417 419/419/419 
f 441/441/441 158/158/158 157/157/157 
f 426/426/426 425/425/425 172/172/172 
f 12/12/12 4/4/4 6/6/6 
f 442/442/442 399/399/399 443/443/443 
f 406/406/406 443/443/443 399/399/399 
f 245/245/245 378/378/378 243/243/243 
f 305/305/305 444/444/444 303/303/303 
f 445/445/445 446/446/446 447/447/447 
f 291/291/291 448/448/448 289/289/289 
f 299/299/299 449/449/449 300/300/300 
f 447/447/447 450/450/450 445/445/445 
f 379/379/379 381/381/381 451/451/451 
f 452/452/452 409/409/409 411/411/411 
f 396/396/396 453/453/453 454/454/454 
f 454/454/454 395/395/395 396/396/396 
f 455/455/455 456/456/456 457/457/457 
f 383/383/383 458/458/458 384/384/384 
f 459/459/459 433/433/433 460/460/460 
f 433/433/433 459/459/459 431/431/431 
f 419/419/419 461/461/461 440/440/440 
f 462/462/462 427/427/427 463/463/463 
f 265/265/265 464/464/464 266/266/266 
f 465/465/465 440/440/440 466/466/466 
f 466/466/466 440/440/440 461/461/461 
f 467/467/467 468/468/468 469/469/469 
f 468/468/468 467/467/467 470/470/470 
f 471/471/471 457/457/457 472/472/472 
f 457/457/457 471/471/471 473/473/473 
f 474/474/474 475/475/475 476/476/476 
f 273/273/273 477/477/477 472/472/472 
f 478/478/478 479/479/479 480/480/480 
f 477/477/477 471/471/471 472/472/472 
f 470/470/470 481/481/481 468/468/468 
f 482/482/482 459/459/459 460/460/460 
f 483/483/483 478/478/478 480/480/480 
f 484/484/484 266/266/266 464/464/464 
f 485/485/485 486/486/486 487/487/487 
f 484/484/484 464/464/464 488/488/488 
f 489/489/489 474/474/474 476/476/476 
f 479/479/479 490/490/490 480/480/480 
f 480/480/480 490/490/490 491/491/491 
f 492/492/492 480/480/480 491/491/491 
f 488/488/488 493/493/493 484/484/484 
f 487/487/487 494/494/494 485/485/485 
f 495/495/495 496/496/496 497/497/497 
f 498/498/498 499/499/499 500/500/500 
f 501/501/501 502/502/502 503/503/503 
f 504/504/504 505/505/505 506/506/506 
f 500/500/500 507/507/507 498/498/498 
f 508/508/508 509/509/509 510/510/510 
f 472/472/472 457/457/457 511/511/511 
f 512/512/512 495/495/495 497/497/497 
f 513/513/513 514/514/514 515/515/515 
f 503/503/503 516/516/516 501/501/501 
f 517/517/517 504/504/504 506/506/506 
f 518/518/518 513/513/513 515/515/515 
f 510/510/510 519/519/519 508/508/508 
f 520/520/520 521/521/521 522/522/522 
f 521/521/521 520/520/520 523/523/523 
f 524/524/524 525/525/525 526/526/526 
f 527/527/527 528/528/528 529/529/529 
f 523/523/523 530/530/530 521/521/521 
f 531/531/531 532/532/532 533/533/533 
f 530/530/530 534/534/534 521/521/521 
f 535/535/535 536/536/536 537/537/537 
f 534/534/534 538/538/538 521/521/521 
f 539/539/539 540/540/540 541/541/541 
f 542/542/542 543/543/543 544/544/544 
f 521/521/521 545/545/545 522/522/522 
f 546/546/546 547/547/547 548/548/548 
f 549/549/549 550/550/550 551/551/551 
f 552/552/552 553/553/553 554/554/554 
f 555/555/555 556/556/556 557/557/557 
f 558/558/558 552/552/552 554/554/554 
f 559/559/559 331/331/331 330/330/330 
f 560/560/560 561/561/561 562/562/562 
f 472/472/472 563/563/563 564/564/564 
f 347/347/347 565/565/565 342/342/342 
f 340/340/340 566/566/566 349/349/349 
f 567/567/567 336/336/336 568/568/568 
f 456/456/456 511/511/511 457/457/457 
f 317/317/317 319/319/319 569/569/569 
f 570/570/570 571/571/571 572/572/572 
f 571/571/571 570/570/570 573/573/573 
f 574/574/574 575/575/575 576/576/576 
f 472/472/472 564/564/564 271/271/271 
f 577/577/577 578/578/578 579/579/579 
f 578/578/578 577/577/577 580/580/580 
f 581/581/581 555/555/555 582/582/582 
f 583/583/583 557/557/557 584/584/584 
f 557/557/557 583/583/583 555/555/555 
f 585/585/585 586/586/586 587/587/587 
f 583/583/583 588/588/588 555/555/555 
f 589/589/589 588/588/588 590/590/590 
f 588/588/588 589/589/589 555/555/555 
f 591/591/591 592/592/592 593/593/593 
f 589/589/589 582/582/582 555/555/555 
f 581/581/581 582/582/582 594/594/594 
f 595/595/595 596/596/596 597/597/597 
f 598/598/598 599/599/599 532/532/532 
f 600/600/600 589/589/589 590/590/590 
f 601/601/601 602/602/602 603/603/603 
f 604/604/604 605/605/605 606/606/606 
f 607/607/607 608/608/608 609/609/609 
f 587/587/587 610/610/610 585/585/585 
f 611/611/611 612/612/612 613/613/613 
f 614/614/614 615/615/615 580/580/580 
f 593/593/593 616/616/616 591/591/591 
f 617/617/617 598/598/598 532/532/532 
f 336/336/336 59/59/59 568/568/568 
f 618/618/618 578/578/578 615/615/615 
f 603/603/603 619/619/619 601/601/601 
f 601/601/601 524/524/524 526/526/526 
f 524/524/524 601/601/601 619/619/619 
f 532/532/532 599/599/599 533/533/533 
f 617/617/617 532/532/532 620/620/620 
f 618/618/618 615/615/615 621/621/621 
f 622/622/622 614/614/614 580/580/580 
f 609/609/609 623/623/623 624/624/624 
f 609/609/609 624/624/624 607/607/607 
f 597/597/597 625/625/625 626/626/626 
f 625/625/625 597/597/597 596/596/596 
f 605/605/605 626/626/626 606/606/606 
f 627/627/627 626/626/626 625/625/625 
f 626/626/626 627/627/627 606/606/606 
f 551/551/551 628/628/628 549/549/549 
f 627/627/627 629/629/629 630/630/630 
f 631/631/631 607/607/607 624/624/624 
f 632/632/632 630/630/630 629/629/629 
f 627/627/627 630/630/630 606/606/606 
f 537/537/537 633/633/633 535/535/535 
f 634/634/634 541/541/541 540/540/540 
f 635/635/635 574/574/574 576/576/576 
f 547/547/547 636/636/636 548/548/548 
f 637/637/637 527/527/527 529/529/529 
f 544/544/544 543/543/543 638/638/638 
f 638/638/638 543/543/543 639/639/639 
f 326/326/326 577/577/577 579/579/579 
f 640/640/640 641/641/641 642/642/642 
f 326/326/326 579/579/579 643/643/643 
f 644/644/644 634/634/634 540/540/540 
f 634/634/634 644/644/644 645/645/645 
f 646/646/646 647/647/647 648/648/648 
f 649/649/649 650/650/650 651/651/651 
f 647/647/647 652/652/652 648/648/648 
f 653/653/653 535/535/535 633/633/633 
f 654/654/654 649/649/649 651/651/651 
f 655/655/655 656/656/656 657/657/657 
f 658/658/658 659/659/659 648/648/648 
f 652/652/652 658/658/658 648/648/648 
f 656/656/656 653/653/653 660/660/660 
f 644/644/644 655/655/655 661/661/661 
f 662/662/662 663/663/663 664/664/664 
f 663/663/663 662/662/662 665/665/665 
f 657/657/657 666/666/666 655/655/655 
f 667/667/667 664/664/664 663/663/663 
f 660/660/660 657/657/657 656/656/656 
f 666/666/666 661/661/661 655/655/655 
f 668/668/668 669/669/669 670/670/670 
f 665/665/665 671/671/671 663/663/663 
f 672/672/672 673/673/673 674/674/674 
f 644/644/644 661/661/661 645/645/645 
f 660/660/660 653/653/653 675/675/675 
f 661/661/661 676/676/676 645/645/645 
f 677/677/677 672/672/672 674/674/674 
f 678/678/678 679/679/679 613/613/613 
f 643/643/643 680/680/680 332/332/332 
f 681/681/681 682/682/682 312/312/312 
f 313/313/313 683/683/683 313/313/313 
f 312/312/312 684/684/684 310/310/310 
f 685/685/685 686/686/686 687/687/687 
f 271/271/271 273/273/273 472/472/472 
f 313/313/313 315/315/315 688/688/688 
f 332/332/332 680/680/680 327/327/327 
f 689/689/689 315/315/315 690/690/690 
f 315/315/315 689/689/689 688/688/688 
f 688/688/688 689/689/689 691/691/691 
f 692/692/692 693/693/693 694/694/694 
f 690/690/690 315/315/315 695/695/695 
f 696/696/696 697/697/697 698/698/698 
f 699/699/699 700/700/700 701/701/701 
f 702/702/702 703/703/703 704/704/704 
f 705/705/705 706/706/706 707/707/707 
f 708/708/708 702/702/702 704/704/704 
f 701/701/701 709/709/709 710/710/710 
f 689/689/689 711/711/711 691/691/691 
f 712/712/712 713/713/713 714/714/714 
f 715/715/715 716/716/716 717/717/717 
f 718/718/718 719/719/719 720/720/720 
f 695/695/695 721/721/721 690/690/690 
f 722/722/722 723/723/723 724/724/724 
f 693/693/693 725/725/725 694/694/694 
f 726/726/726 727/727/727 623/623/623 
f 728/728/728 729/729/729 325/325/325 
f 698/698/698 730/730/730 696/696/696 
f 728/728/728 327/327/327 731/731/731 
f 327/327/327 728/728/728 325/325/325 
f 731/731/731 732/732/732 728/728/728 
f 733/733/733 724/724/724 734/734/734 
f 734/734/734 724/724/724 735/735/735 
f 701/701/701 700/700/700 736/736/736 
f 728/728/728 732/732/732 737/737/737 
f 729/729/729 622/622/622 325/325/325 
f 580/580/580 325/325/325 622/622/622 
f 738/738/738 734/734/734 735/735/735 
f 705/705/705 739/739/739 740/740/740 
f 739/739/739 705/705/705 707/707/707 
f 739/739/739 741/741/741 740/740/740 
f 741/741/741 739/739/739 742/742/742 
f 700/700/700 743/743/743 736/736/736 
f 744/744/744 745/745/745 675/675/675 
f 676/676/676 746/746/746 747/747/747 
f 713/713/713 748/748/748 714/714/714 
f 714/714/714 749/749/749 685/685/685 
f 749/749/749 714/714/714 748/748/748 
f 720/720/720 719/719/719 749/749/749 
f 750/750/750 715/715/715 717/717/717 
f 720/720/720 749/749/749 748/748/748 
f 675/675/675 751/751/751 744/744/744 
f 752/752/752 335/335/335 334/334/334 
f 687/687/687 714/714/714 685/685/685 
f 747/747/747 645/645/645 676/676/676 
f 745/745/745 660/660/660 675/675/675 
f 753/753/753 754/754/754 755/755/755 
f 669/669/669 756/756/756 670/670/670 
f 757/757/757 755/755/755 754/754/754 
f 52/52/52 51/51/51 57/57/57 
f 30/30/30 32/32/32 45/45/45 
f 758/758/758 324/324/324 271/271/271 
f 103/103/103 197/197/197 196/196/196 
f 77/77/77 210/210/210 75/75/75 
f 173/173/173 174/174/174 416/416/416 
f 182/182/182 181/181/181 759/759/759 
f 760/760/760 485/485/485 494/494/494 
f 641/641/641 761/761/761 642/642/642 
f 332/332/332 326/326/326 643/643/643 
f 686/686/686 762/762/762 687/687/687 
f 418/418/418 438/438/438 439/439/439 
f 423/423/423 463/463/463 427/427/427 
f 521/521/521 538/538/538 763/763/763 
f 562/562/562 561/561/561 764/764/764 
f 580/580/580 615/615/615 578/578/578 
f 611/611/611 613/613/613 679/679/679 
f 611/611/611 679/679/679 682/682/682 
f 633/633/633 675/675/675 653/653/653 
f 739/739/739 765/765/765 742/742/742 
f 737/737/737 766/766/766 728/728/728 

g Leftear1

v 342.14 4.42605 160.457 
v 342.172 4.43453 160.654 
v 341.918 3.87161 160.516 
v 341.95 3.88008 160.714 
v 340.981 4.92836 160.824 
v 342.172 4.43453 160.654 
v 340.949 4.91988 160.627 
v 342.14 4.42605 160.457 
v 342.172 4.43453 160.654 
v 340.981 4.92836 160.824 
v 341.95 3.88008 160.714 
v 340.76 4.37391 160.884 
v 340.981 4.92836 160.824 
v 340.949 4.91988 160.627 
v 340.76 4.37391 160.884 
v 340.728 4.36544 160.686 
v 340.728 4.36544 160.686 
v 341.918 3.87161 160.516 
v 340.76 4.37391 160.884 
v 341.95 3.88008 160.714 
v 340.949 4.91988 160.627 
v 342.14 4.42605 160.457 
v 340.728 4.36544 160.686 
v 341.918 3.87161 160.516 

vn 0.913386 -0.377953 -0.133858 
vn 0.913386 -0.377953 -0.133858 
vn 0.913386 -0.377953 -0.133858 
vn 0.913386 -0.377953 -0.133858 
vn 0.370079 0.92126 -0.102362 
vn 0.370079 0.92126 -0.102362 
vn 0.370079 0.92126 -0.102362 
vn 0.370079 0.92126 -0.102362 
vn 0.15748 0.0393701 0.984252 
vn 0.15748 0.0393701 0.984252 
vn 0.15748 0.0393701 0.984252 
vn 0.15748 0.0393701 0.984252 
vn -0.913386 0.377953 0.133858 
vn -0.913386 0.377953 0.133858 
vn -0.913386 0.377953 0.133858 
vn -0.913386 0.377953 0.133858 
vn -0.370079 -0.92126 0.102362 
vn -0.370079 -0.92126 0.102362 
vn -0.370079 -0.92126 0.102362 
vn -0.370079 -0.92126 0.102362 
vn -0.15748 -0.0393701 -0.984252 
vn -0.15748 -0.0393701 -0.984252 
vn -0.15748 -0.0393701 -0.984252 
vn -0.15748 -0.0393701 -0.984252 

vt 4.025 -6 
vt 4 -6 
vt 4.025 -6.075 
vt 4 -6.075 
vt 4.1625 -6 
vt 4 -6 
vt 4.1625 -6.025 
vt 4 -6.025 
vt 4.1625 -6 
vt 4 -6 
vt 4.1625 -6.075 
vt 4 -6.075 
vt 4.025 -6 
vt 4 -6 
vt 4.025 -6.075 
vt 4 -6.075 
vt 4.1625 -6 
vt 4 -6 
vt 4.1625 -6.025 
vt 4 -6.025 
vt 4.1625 -6 
vt 4 -6 
vt 4.1625 -6.075 
vt 4 -6.075 

usemtl Leftear1Mtl

f 1247/1247/1247 1248/1248/1248 1249/1249/1249 
f 1249/1249/1249 1248/1248/1248 1250/1250/1250 
f 1251/1251/1251 1252/1252/1252 1253/1253/1253 
f 1253/1253/1253 1252/1252/1252 1254/1254/1254 
f 1255/1255/1255 1256/1256/1256 1257/1257/1257 
f 1257/1257/1257 1256/1256/1256 1258/1258/1258 
f 1259/1259/1259 1260/1260/1260 1261/1261/1261 
f 1261/1261/1261 1260/1260/1260 1262/1262/1262 
f 1263/1263/1263 1264/1264/1264 1265/1265/1265 
f 1265/1265/1265 1264/1264/1264 1266/1266/1266 
f 1267/1267/1267 1268/1268/1268 1269/1269/1269 
f 1269/1269/1269 1268/1268/1268 1270/1270/1270 

g Rightear1

v 345.044 4.92589 160.635 
v 345.018 4.92589 160.833 
v 345.272 4.37156 160.665 
v 345.246 4.37156 160.863 
v 343.828 4.4284 160.676 
v 345.018 4.92589 160.833 
v 343.854 4.4284 160.478 
v 345.044 4.92589 160.635 
v 345.018 4.92589 160.833 
v 343.828 4.4284 160.676 
v 345.246 4.37156 160.863 
v 344.055 3.87407 160.706 
v 343.828 4.4284 160.676 
v 343.854 4.4284 160.478 
v 344.055 3.87407 160.706 
v 344.081 3.87407 160.508 
v 344.081 3.87407 160.508 
v 345.272 4.37156 160.665 
v 344.055 3.87407 160.706 
v 345.246 4.37156 160.863 
v 343.854 4.4284 160.478 
v 345.044 4.92589 160.635 
v 344.081 3.87407 160.508 
v 345.272 4.37156 160.665 

vn 0.913386 0.385827 0.11811 
vn 0.913386 0.385827 0.11811 
vn 0.913386 0.385827 0.11811 
vn 0.913386 0.385827 0.11811 
vn -0.377953 0.92126 -0.0472441 
vn -0.377953 0.92126 -0.0472441 
vn -0.377953 0.92126 -0.0472441 
vn -0.377953 0.92126 -0.0472441 
vn -0.133858 0 0.992126 
vn -0.133858 0 0.992126 
vn -0.133858 0 0.992126 
vn -0.133858 0 0.992126 
vn -0.913386 -0.385827 -0.11811 
vn -0.913386 -0.385827 -0.11811 
vn -0.913386 -0.385827 -0.11811 
vn -0.913386 -0.385827 -0.11811 
vn 0.377953 -0.92126 0.0472441 
vn 0.377953 -0.92126 0.0472441 
vn 0.377953 -0.92126 0.0472441 
vn 0.377953 -0.92126 0.0472441 
vn 0.133858 0 -0.992126 
vn 0.133858 0 -0.992126 
vn 0.133858 0 -0.992126 
vn 0.133858 0 -0.992126 

vt 4.275 -5.25 
vt 4.25 -5.25 
vt 4.275 -5.325 
vt 4.25 -5.325 
vt 4.4125 -5.25 
vt 4.25 -5.25 
vt 4.4125 -5.275 
vt 4.25 -5.275 
vt 4.4125 -5.25 
vt 4.25 -5.25 
vt 4.4125 -5.325 
vt 4.25 -5.325 
vt 4.275 -5.25 
vt 4.25 -5.25 
vt 4.275 -5.325 
vt 4.25 -5.325 
vt 4.4125 -5.25 
vt 4.25 -5.25 
vt 4.4125 -5.275 
vt 4.25 -5.275 
vt 4.4125 -5.25 
vt 4.25 -5.25 
vt 4.4125 -5.325 
vt 4.25 -5.325 

usemtl Leftear1Mtl

f 1271/1271/1271 1272/1272/1272 1273/1273/1273 
f 1273/1273/1273 1272/1272/1272 1274/1274/1274 
f 1275/1275/1275 1276/1276/1276 1277/1277/1277 
f 1277/1277/1277 1276/1276/1276 1278/1278/1278 
f 1279/1279/1279 1280/1280/1280 1281/1281/1281 
f 1281/1281/1281 1280/1280/1280 1282/1282/1282 
f 1283/1283/1283 1284/1284/1284 1285/1285/1285 
f 1285/1285/1285 1284/1284/1284 1286/1286/1286 
f 1287/1287/1287 1288/1288/1288 1289/1289/1289 
f 1289/1289/1289 1288/1288/1288 1290/1290/1290 
f 1291/1291/1291 1292/1292/1292 1293/1293/1293 
f 1293/1293/1293 1292/1292/1292 1294/1294/1294 

g Union1

v 341.85 2.19999 165.47 
v 341.75 2.19999 165.47 
v 341.85 2.19999 164.77 
v 341.75 2.19999 165.47 
v 341.85 2.19999 165.47 
v 341.85 4.19999 165.47 
v 341.85 2.19999 164.77 
v 341.85 4.19999 165.47 
v 341.85 2.19999 165.47 
v 341.85 4.19999 164.77 
v 341.75 4.19999 165.47 
v 341.75 4.19999 165.47 
v 341.85 4.19999 165.47 
v 341.85 4.19999 164.77 
v 341.75 2.19999 165.47 
v 341.75 4.19999 165.47 
v 341.75 3.2 164.77 
v 341.85 4.19998 163.67 
v 341.85 4.19998 164.77 
v 341.85 4.19998 163.67 
v 341.75 4.19998 163.67 
v 341.75 4.19999 164.77 
v 341.85 4.19999 164.77 
v 341.75 3.2 164.77 
v 341.75 4.19999 164.77 
v 341.75 4.19999 164.77 
v 341.75 3.2 164.77 
v 341.85 4.19998 164.77 
v 341.75 4.19998 164.77 
v 341.85 3.2 164.77 
v 341.75 4.19998 164.77 
v 341.85 3.2 164.77 
v 341.85 2.2 164.77 
v 341.85 2.19999 164.77 
v 341.85 3.2 164.77 
v 341.85 2.2 164.77 
v 341.85 3.19998 164.77 
v 341.85 2.2 163.67 
v 341.85 3.19998 164.77 
v 341.85 3.19998 164.77 
v 341.85 3.2 164.77 
v 341.85 3.2 164.77 
v 341.85 3.2 164.77 
v 341.75 3.2 164.77 
v 341.75 2.19999 164.77 
v 341.75 2.2 164.77 
v 341.75 2.19999 164.77 
v 341.85 4.19998 164.77 
v 341.85 3.19998 164.77 
v 341.85 4.19998 163.67 
v 341.85 3.19998 164.77 
v 341.85 3.19998 164.77 
v 341.85 3.19998 163.67 
v 341.75 3.2 164.77 
v 341.85 3.19998 163.67 
v 341.75 3.2 164.77 
v 341.75 3.2 164.77 
v 341.75 3.2 164.77 
v 341.75 3.2 163.67 
v 341.75 3.2 164.77 
v 341.75 3.2 164.77 
v 341.75 2.2 164.77 
v 341.75 3.2 163.67 
v 341.75 3.2 164.77 
v 341.75 4.19998 164.77 
v 341.75 3.2 163.67 
v 341.75 4.19998 163.67 
v 341.75 2.2 164.77 
v 341.75 2.2 164.77 
v 341.75 2.2 164.77 
v 341.75 3.2 164.77 
v 341.75 3.2 163.67 
v 341.75 2.19999 164.77 
v 341.75 2.2 164.77 
v 341.75 2.2 164.77 
v 341.75 2.2 164.77 
v 341.75 2.2 163.67 
v 341.75 2.2 164.77 
v 341.85 2.2 164.77 
v 341.85 2.2 163.67 
v 341.85 4.19999 162.17 
v 341.85 3.19998 163.67 
v 341.85 2.19999 162.17 
v 341.85 4.19998 163.67 
v 341.85 4.19999 163.67 
v 341.85 4.19999 162.17 
v 341.75 4.19999 162.17 
v 341.85 4.19999 163.67 
v 341.85 4.19998 163.67 
v 341.85 4.19999 163.67 
v 341.75 4.19998 163.67 
v 341.85 4.19998 163.67 
v 341.85 3.19998 163.67 
v 341.85 3.19998 163.67 
v 341.85 3.19998 163.67 
v 341.85 2.19999 163.67 
v 341.85 2.19999 163.67 
v 341.85 3.19998 163.67 
v 341.75 2.19999 163.67 
v 341.85 3.19998 163.67 
v 341.85 4.19998 163.67 
v 341.85 3.19998 163.67 
v 341.85 4.19998 163.67 
v 341.85 4.19998 163.67 
v 341.85 3.19998 163.67 
v 341.75 4.19999 163.67 
v 341.75 4.19999 163.67 
v 341.85 2.19999 163.67 
v 341.75 2.19999 163.67 
v 341.75 2.19999 162.17 
v 341.75 3.19998 163.67 
v 341.75 3.19998 163.67 
v 341.85 3.19998 163.67 
v 341.85 2.2 163.67 
v 341.75 3.19998 163.67 
v 341.85 3.19998 163.67 
v 341.75 3.19998 163.67 
v 341.75 3.19998 163.67 
v 341.75 3.2 163.67 
v 341.75 3.2 163.67 
v 341.75 2.2 163.67 
v 341.75 2.2 163.67 
v 341.75 3.19998 163.67 
v 341.85 2.19999 162.17 
v 341.85 4.19999 162.17 
v 341.85 4.19999 161.37 
v 341.75 4.19999 162.17 
v 341.85 4.19999 161.37 
v 341.85 4.19999 162.17 
v 341.85 2.19999 162.17 
v 341.85 2.19999 162.17 
v 341.85 4.19999 162.17 
v 341.75 4.19999 162.17 
v 341.75 4.19999 161.37 
v 341.75 4.19999 161.37 
v 341.85 4.19999 161.37 
v 341.85 2.19999 161.37 
v 341.75 4.19999 162.17 
v 341.75 4.19999 161.37 
v 341.75 2.19999 161.47 
v 341.75 4.19999 162.17 
v 341.85 4.19999 162.17 
v 341.75 2.19999 162.17 
v 341.75 4.19999 163.67 
v 341.75 4.19999 162.17 
v 341.75 2.19999 162.17 
v 341.85 2.19999 162.17 
v 341.85 2.19999 162.17 
v 341.75 2.19999 162.17 
v 341.75 2.19999 161.47 
v 341.75 2.19999 162.17 
v 341.75 2.19999 162.17 
v 341.75 2.19999 163.67 
v 341.75 2.19999 161.37 
v 341.75 2.19999 161.37 
v 341.75 2.19999 161.37 
v 341.85 2.19999 161.37 
v 341.85 2.19999 161.37 

vn 0 -1 0 
vn 0 -1 0 
vn 0 -1 0 
vn 0 0 1 
vn 0 0 1 
vn 0 0 1 
vn 1 0 0 
vn 1 0 0 
vn 1 0 0 
vn 1 0 0 
vn 0 0 1 
vn 0 1 0 
vn 0 1 0 
vn 0 1 0 
vn -1 0 0 
vn -1 0 0 
vn -1 0 0 
vn 0 1 0 
vn 0 1 0 
vn 0 1 0 
vn 0 1 0 
vn 0 0 -1 
vn 0 0 -1 
vn 0 0 -1 
vn 0 1 0 
vn -1 0 0 
vn -1 0 0 
vn 0 0 1 
vn 0 0 1 
vn 0 0 1 
vn 0 1 0 
vn 0 0 -1 
vn 0 0 -1 
vn 0 0 -1 
vn 1 0 0 
vn 1 0 0 
vn 1 0 0 
vn 1 0 0 
vn 0 0 1 
vn 0 0 1 
vn 1 0 0 
vn 0 1 0 
vn 0 1 0 
vn 0 1 0 
vn 0 0 -1 
vn 0 0 -1 
vn 0 -1 0 
vn 1 0 0 
vn 1 0 0 
vn 1 0 0 
vn 0 -1 0 
vn 0 -1 0 
vn 0 -1 0 
vn 0 0 1 
vn 0 -1 0 
vn 0 1 0 
vn 0 1 0 
vn 0 1 0 
vn 0 1 0 
vn 0 0 1 
vn 0 0 1 
vn 0 0 1 
vn -1 0 0 
vn -1 0 0 
vn -1 0 0 
vn 0 1 0 
vn -1 0 0 
vn -1 0 0 
vn 0 0 1 
vn -1 0 0 
vn -1 0 0 
vn -1 0 0 
vn -1 0 0 
vn -1 0 0 
vn 0 -1 0 
vn 0 -1 0 
vn 0 -1 0 
vn 0 -1 0 
vn 0 -1 0 
vn 0 -1 0 
vn 1 0 0 
vn 1 0 0 
vn 1 0 0 
vn 1 0 0 
vn 0 1 0 
vn 0 1 0 
vn 0 1 0 
vn 1 0 0 
vn 0 0 1 
vn 0 0 1 
vn 0 0 1 
vn 1 0 0 
vn 0 -1 0 
vn 0 -1 0 
vn 1 0 0 
vn 1 0 0 
vn 0 0 1 
vn 0 0 1 
vn 0 0 1 
vn 0 0 -1 
vn 0 0 -1 
vn 0 0 -1 
vn 0 0 -1 
vn 0 1 0 
vn 1 0 0 
vn 0 0 1 
vn 0 1 0 
vn 0 -1 0 
vn 0 -1 0 
vn 0 -1 0 
vn 0 0 1 
vn -1 0 0 
vn 0 0 -1 
vn 0 0 -1 
vn 0 0 -1 
vn 1 0 0 
vn 0 -1 0 
vn 0 -1 0 
vn 0 0 -1 
vn 0 0 -1 
vn -1 0 0 
vn 0 0 -1 
vn -1 0 0 
vn 0 -1 0 
vn 0 1 0 
vn 0 1 0 
vn 0 1 0 
vn 1 0 0 
vn 1 0 0 
vn 1 0 0 
vn 0 0 1 
vn 0 0 1 
vn 0 0 1 
vn 0 1 0 
vn 0 0 -1 
vn 0 0 -1 
vn 0 0 -1 
vn -1 0 0 
vn -1 0 0 
vn -1 0 0 
vn 0 0 -1 
vn 0 0 -1 
vn 0 0 -1 
vn -1 0 0 
vn -1 0 0 
vn -1 0 0 
vn 0 0 -1 
vn 0 -1 0 
vn 0 -1 0 
vn 0 -1 0 
vn 0 0 1 
vn -1 0 0 
vn -1 0 0 
vn 0 0 -1 
vn -1 0 0 
vn 0 -1 0 
vn 0 -1 0 
vn 1 0 0 

vt 14.0353 -7.76182 
vt 14.0228 -7.76182 
vt 14.0353 -7.84932 
vt 14.0228 2.55939 
vt 14.0353 2.55939 
vt 14.0353 2.80939 
vt 16.8493 2.55939 
vt 16.7618 2.80939 
vt 16.7618 2.55939 
vt 16.8493 2.80939 
vt 14.0228 2.80939 
vt 5.97722 -7.76182 
vt 5.96472 -7.76182 
vt 5.96472 -7.84932 
vt 3.23818 2.55939 
vt 3.23818 2.80939 
vt 3.15069 2.68439 
vt 5.96472 -7.98681 
vt 5.96472 -7.84933 
vt 5.96472 -7.98682 
vt 5.97722 -7.98681 
vt 5.97722 2.80939 
vt 5.96472 2.80939 
vt 5.97722 2.68439 
vt 5.97722 -7.84932 
vt 3.15068 2.80939 
vt 3.15068 2.68439 
vt 14.0353 2.80939 
vt 14.0228 2.80939 
vt 14.0353 2.68439 
vt 5.97722 -7.84933 
vt 5.96472 2.68439 
vt 5.96472 2.55939 
vt 5.96472 2.55939 
vt 16.8493 2.68439 
vt 16.8493 2.55939 
vt 16.8493 2.68439 
vt 16.9868 2.55939 
vt 14.0353 2.68439 
vt 14.0353 2.68439 
vt 16.8493 2.68439 
vt 5.96472 -7.84932 
vt 5.96472 -7.84933 
vt 5.97722 -7.84933 
vt 5.97722 2.55939 
vt 5.97722 2.55939 
vt 14.0228 -7.84932 
vt 16.8493 2.80939 
vt 16.8493 2.68439 
vt 16.9868 2.80939 
vt 14.0353 -7.84933 
vt 14.0353 -7.84933 
vt 14.0353 -7.98681 
vt 14.0228 2.68439 
vt 14.0353 -7.98681 
vt 5.97722 -7.84931 
vt 5.97722 -7.84932 
vt 5.97722 -7.84931 
vt 5.97722 -7.98681 
vt 14.0228 2.68439 
vt 14.0228 2.68439 
vt 14.0228 2.55939 
vt 3.01319 2.68439 
vt 3.15067 2.68439 
vt 3.15067 2.80939 
vt 5.97722 -7.98681 
vt 3.01319 2.80939 
vt 3.15069 2.55939 
vt 14.0228 2.55939 
vt 3.15069 2.55939 
vt 3.15069 2.68439 
vt 3.01319 2.68439 
vt 3.15068 2.55939 
vt 3.15068 2.55939 
vt 14.0228 -7.84932 
vt 14.0228 -7.84931 
vt 14.0228 -7.98681 
vt 14.0228 -7.84931 
vt 14.0353 -7.84932 
vt 14.0353 -7.98681 
vt 17.1743 2.80939 
vt 16.9868 2.68439 
vt 17.1743 2.55939 
vt 16.9868 2.80939 
vt 5.96472 -7.98681 
vt 5.96472 -8.17431 
vt 5.97722 -8.17431 
vt 16.9868 2.80939 
vt 14.0353 2.80939 
vt 14.0353 2.80939 
vt 14.0228 2.80939 
vt 16.9868 2.80939 
vt 14.0353 -7.98682 
vt 14.0353 -7.98682 
vt 16.9868 2.68439 
vt 16.9868 2.55939 
vt 14.0353 2.55939 
vt 14.0353 2.68439 
vt 14.0228 2.55939 
vt 5.96472 2.68439 
vt 5.96472 2.80939 
vt 5.96472 2.68439 
vt 5.96472 2.80939 
vt 5.96472 -7.98682 
vt 16.9868 2.68439 
vt 14.0228 2.80939 
vt 5.97722 -7.98681 
vt 14.0353 -7.98681 
vt 14.0228 -7.98681 
vt 14.0228 -8.17431 
vt 14.0228 2.68439 
vt 3.01319 2.68439 
vt 5.96472 2.68439 
vt 5.96472 2.55939 
vt 5.97722 2.68439 
vt 16.9868 2.68439 
vt 14.0228 -7.98681 
vt 14.0228 -7.98681 
vt 5.97722 2.68439 
vt 5.97722 2.68439 
vt 3.01319 2.55939 
vt 5.97722 2.55939 
vt 3.01319 2.68439 
vt 14.0353 -8.17431 
vt 5.96472 -8.17433 
vt 5.96472 -8.27433 
vt 5.97722 -8.17433 
vt 17.2743 2.80939 
vt 17.1743 2.80939 
vt 17.1743 2.55939 
vt 14.0353 2.55939 
vt 14.0353 2.80939 
vt 14.0228 2.80939 
vt 5.97722 -8.27433 
vt 5.97722 2.80939 
vt 5.96472 2.80939 
vt 5.96472 2.55939 
vt 2.82567 2.80939 
vt 2.72567 2.80939 
vt 2.73817 2.55939 
vt 5.97722 2.80939 
vt 5.96472 2.80939 
vt 5.97722 2.55939 
vt 3.01319 2.80939 
vt 2.82569 2.80939 
vt 2.82569 2.55939 
vt 5.96472 2.55939 
vt 14.0353 -8.17433 
vt 14.0228 -8.17433 
vt 14.0228 -8.26183 
vt 14.0228 2.55939 
vt 2.82567 2.55939 
vt 3.01319 2.55939 
vt 5.97722 2.55939 
vt 2.72567 2.55939 
vt 14.0228 -8.27433 
vt 14.0353 -8.27433 
vt 17.2743 2.55939 

usemtl Leftear1Mtl

f 1295/1295/1295 1296/1296/1296 1297/1297/1297 
f 1298/1298/1298 1299/1299/1299 1300/1300/1300 
f 1301/1301/1301 1302/1302/1302 1303/1303/1303 
f 1302/1302/1302 1301/1301/1301 1304/1304/1304 
f 1300/1300/1300 1305/1305/1305 1298/1298/1298 
f 1306/1306/1306 1307/1307/1307 1308/1308/1308 
f 1309/1309/1309 1310/1310/1310 1311/1311/1311 
f 1312/1312/1312 1313/1313/1313 1314/1314/1314 
f 1313/1313/1313 1312/1312/1312 1315/1315/1315 
f 1316/1316/1316 1317/1317/1317 1318/1318/1318 
f 1308/1308/1308 1319/1319/1319 1306/1306/1306 
f 1310/1310/1310 1320/1320/1320 1311/1311/1311 
f 1320/1320/1320 1321/1321/1321 1311/1311/1311 
f 1322/1322/1322 1323/1323/1323 1324/1324/1324 
f 1325/1325/1325 1313/1313/1313 1315/1315/1315 
f 1318/1318/1318 1317/1317/1317 1326/1326/1326 
f 1327/1327/1327 1326/1326/1326 1328/1328/1328 
f 1329/1329/1329 1330/1330/1330 1331/1331/1331 
f 1331/1331/1331 1330/1330/1330 1332/1332/1332 
f 1324/1324/1324 1333/1333/1333 1334/1334/1334 
f 1331/1331/1331 1335/1335/1335 1329/1329/1329 
f 1336/1336/1336 1337/1337/1337 1338/1338/1338 
f 1328/1328/1328 1339/1339/1339 1340/1340/1340 
f 1341/1341/1341 1297/1297/1297 1296/1296/1296 
f 1327/1327/1327 1328/1328/1328 1340/1340/1340 
f 1317/1317/1317 1328/1328/1328 1326/1326/1326 
f 1342/1342/1342 1343/1343/1343 1344/1344/1344 
f 1334/1334/1334 1322/1322/1322 1324/1324/1324 
f 1345/1345/1345 1346/1346/1346 1347/1347/1347 
f 1324/1324/1324 1323/1323/1323 1348/1348/1348 
f 1345/1345/1345 1347/1347/1347 1349/1349/1349 
f 1350/1350/1350 1351/1351/1351 1338/1338/1338 
f 1338/1338/1338 1351/1351/1351 1336/1336/1336 
f 1352/1352/1352 1338/1338/1338 1353/1353/1353 
f 1338/1338/1338 1352/1352/1352 1350/1350/1350 
f 1354/1354/1354 1355/1355/1355 1356/1356/1356 
f 1357/1357/1357 1358/1358/1358 1359/1359/1359 
f 1338/1338/1338 1360/1360/1360 1353/1353/1353 
f 1357/1357/1357 1359/1359/1359 1361/1361/1361 
f 1311/1311/1311 1362/1362/1362 1309/1309/1309 
f 1363/1363/1363 1354/1354/1354 1356/1356/1356 
f 1364/1364/1364 1365/1365/1365 1366/1366/1366 
f 1367/1367/1367 1309/1309/1309 1362/1362/1362 
f 1367/1367/1367 1362/1362/1362 1368/1368/1368 
f 1369/1369/1369 1370/1370/1370 1371/1371/1371 
f 1370/1370/1370 1369/1369/1369 1372/1372/1372 
f 1373/1373/1373 1369/1369/1369 1374/1374/1374 
f 1375/1375/1375 1376/1376/1376 1377/1377/1377 
f 1376/1376/1376 1375/1375/1375 1378/1378/1378 
f 1379/1379/1379 1380/1380/1380 1381/1381/1381 
f 1375/1375/1375 1382/1382/1382 1378/1378/1378 
f 1383/1383/1383 1384/1384/1384 1385/1385/1385 
f 1382/1382/1382 1386/1386/1386 1378/1378/1378 
f 1349/1349/1349 1387/1387/1387 1388/1388/1388 
f 1376/1376/1376 1389/1389/1389 1390/1390/1390 
f 1391/1391/1391 1392/1392/1392 1393/1393/1393 
f 1394/1394/1394 1395/1395/1395 1396/1396/1396 
f 1395/1395/1395 1397/1397/1397 1396/1396/1396 
f 1314/1314/1314 1398/1398/1398 1312/1312/1312 
f 1399/1399/1399 1344/1344/1344 1343/1343/1343 
f 1388/1388/1388 1345/1345/1345 1349/1349/1349 
f 1384/1384/1384 1400/1400/1400 1385/1385/1385 
f 1401/1401/1401 1379/1379/1379 1381/1381/1381 
f 1402/1402/1402 1403/1403/1403 1404/1404/1404 
f 1405/1405/1405 1393/1393/1393 1392/1392/1392 
f 1393/1393/1393 1405/1405/1405 1400/1400/1400 
f 1361/1361/1361 1406/1406/1406 1357/1357/1357 
f 1405/1405/1405 1385/1385/1385 1400/1400/1400 
f 1407/1407/1407 1408/1408/1408 1409/1409/1409 
f 1332/1332/1332 1410/1410/1410 1331/1331/1331 
f 1411/1411/1411 1347/1347/1347 1412/1412/1412 
f 1347/1347/1347 1411/1411/1411 1349/1349/1349 
f 1413/1413/1413 1414/1414/1414 1409/1409/1409 
f 1415/1415/1415 1364/1364/1364 1366/1366/1366 
f 1416/1416/1416 1413/1413/1413 1409/1409/1409 
f 1408/1408/1408 1416/1416/1416 1409/1409/1409 
f 1371/1371/1371 1374/1374/1374 1369/1369/1369 
f 1417/1417/1417 1357/1357/1357 1406/1406/1406 
f 1402/1402/1402 1404/1404/1404 1418/1418/1418 
f 1419/1419/1419 1420/1420/1420 1421/1421/1421 
f 1422/1422/1422 1423/1423/1423 1424/1424/1424 
f 1425/1425/1425 1426/1426/1426 1427/1427/1427 
f 1420/1420/1420 1428/1428/1428 1421/1421/1421 
f 1429/1429/1429 1430/1430/1430 1431/1431/1431 
f 1432/1432/1432 1433/1433/1433 1434/1434/1434 
f 1435/1435/1435 1436/1436/1436 1437/1437/1437 
f 1438/1438/1438 1439/1439/1439 1440/1440/1440 
f 1437/1437/1437 1436/1436/1436 1441/1441/1441 
f 1442/1442/1442 1443/1443/1443 1444/1444/1444 
f 1445/1445/1445 1425/1425/1425 1427/1427/1427 
f 1446/1446/1446 1432/1432/1432 1434/1434/1434 
f 1440/1440/1440 1447/1447/1447 1438/1438/1438 
f 1448/1448/1448 1429/1429/1429 1431/1431/1431 
f 1433/1433/1433 1449/1449/1449 1434/1434/1434 
f 1444/1444/1444 1450/1450/1450 1451/1451/1451 
f 1444/1444/1444 1451/1451/1451 1442/1442/1442 
f 1377/1377/1377 1376/1376/1376 1390/1390/1390 
f 1452/1452/1452 1422/1422/1422 1424/1424/1424 

g Backleftleg1

v 342.65 2.19999 164.57 
v 342.65 2.19999 165.47 
v 342.65 0.199987 164.57 
v 342.65 0.199987 165.47 
v 341.85 2.19999 165.47 
v 342.65 2.19999 165.47 
v 341.85 2.19999 164.57 
v 342.65 2.19999 164.57 
v 342.65 2.19999 165.47 
v 341.85 2.19999 165.47 
v 342.65 0.199987 165.47 
v 341.85 0.199987 165.47 
v 341.85 2.19999 165.47 
v 341.85 2.19999 164.57 
v 341.85 0.199987 165.47 
v 341.85 0.199987 164.57 
v 341.85 0.199987 164.57 
v 342.65 0.199987 164.57 
v 341.85 0.199987 165.47 
v 342.65 0.199987 165.47 
v 341.85 2.19999 164.57 
v 342.65 2.19999 164.57 
v 341.85 0.199987 164.57 
v 342.65 0.199987 164.57 

vn 1 0 0 
vn 1 0 0 
vn 1 0 0 
vn 1 0 0 
vn 0 1 0 
vn 0 1 0 
vn 0 1 0 
vn 0 1 0 
vn 0 0 1 
vn 0 0 1 
vn 0 0 1 
vn 0 0 1 
vn -1 0 0 
vn -1 0 0 
vn -1 0 0 
vn -1 0 0 
vn 0 -1 0 
vn 0 -1 0 
vn 0 -1 0 
vn 0 -1 0 
vn 0 0 -1 
vn 0 0 -1 
vn 0 0 -1 
vn 0 0 -1 

vt 2.1125 -4.75 
vt 2 -4.75 
vt 2.1125 -5 
vt 2 -5 
vt 2.1 -4.75 
vt 2 -4.75 
vt 2.1 -4.8625 
vt 2 -4.8625 
vt 2.1 -4.75 
vt 2 -4.75 
vt 2.1 -5 
vt 2 -5 
vt 2.1125 -4.75 
vt 2 -4.75 
vt 2.1125 -5 
vt 2 -5 
vt 2.1 -4.75 
vt 2 -4.75 
vt 2.1 -4.8625 
vt 2 -4.8625 
vt 2.1 -4.75 
vt 2 -4.75 
vt 2.1 -5 
vt 2 -5 

usemtl Backleftleg1Mtl

f 1453/1453/1453 1454/1454/1454 1455/1455/1455 
f 1455/1455/1455 1454/1454/1454 1456/1456/1456 
f 1457/1457/1457 1458/1458/1458 1459/1459/1459 
f 1459/1459/1459 1458/1458/1458 1460/1460/1460 
f 1461/1461/1461 1462/1462/1462 1463/1463/1463 
f 1463/1463/1463 1462/1462/1462 1464/1464/1464 
f 1465/1465/1465 1466/1466/1466 1467/1467/1467 
f 1467/1467/1467 1466/1466/1466 1468/1468/1468 
f 1469/1469/1469 1470/1470/1470 1471/1471/1471 
f 1471/1471/1471 1470/1470/1470 1472/1472/1472 
f 1473/1473/1473 1474/1474/1474 1475/1475/1475 
f 1475/1475/1475 1474/1474/1474 1476/1476/1476 

g Udder1

v 341.95 2.2 163.37 
v 344.05 2.2 163.37 
v 341.95 1.9 163.37 
v 344.05 2.2 163.37 
v 341.95 2.2 163.37 
v 341.95 2.2 165.07 
v 341.95 2.2 165.07 
v 341.95 2.2 163.37 
v 341.95 1.9 163.37 
v 341.95 1.9 163.37 
v 344.05 1.9 163.37 
v 344.05 1.9 165.07 
v 344.05 1.9 163.37 
v 341.95 1.9 165.07 
v 341.95 1.9 165.07 
v 344.05 1.9 165.07 
v 341.95 2.2 165.07 
v 341.95 1.9 165.07 
v 344.05 1.9 165.07 
v 344.05 2.2 163.37 
v 344.05 2.2 165.07 
v 344.05 1.9 163.37 
v 344.05 2.2 165.07 
v 344.05 2.2 165.07 
v 343.75 1.7 164.17 
v 343.75 1.7 164.47 
v 343.45 1.7 164.47 
v 343.75 1.7 164.47 
v 343.75 1.7 164.17 
v 343.75 1.9 164.47 
v 343.45 1.9 164.17 
v 343.75 1.9 164.17 
v 343.75 1.7 164.17 
v 343.75 1.9 164.17 
v 343.45 1.9 164.17 
v 343.75 1.9 164.47 
v 343.45 1.9 164.47 
v 343.45 1.9 164.17 
v 343.45 1.7 164.17 
v 343.45 1.9 164.47 
v 343.75 1.9 164.47 
v 343.45 1.9 164.47 
v 343.45 1.7 164.47 
v 343.65 1.9 163.87 
v 343.35 1.9 163.87 
v 343.65 1.7 163.87 
v 343.35 1.9 163.87 
v 343.65 1.9 163.87 
v 343.65 1.9 163.57 
v 343.35 1.9 163.57 
v 343.75 1.7 164.47 
v 343.45 1.7 164.47 
v 343.45 1.7 164.17 
v 343.45 1.7 164.17 
v 343.65 1.9 163.57 
v 343.65 1.7 163.57 
v 343.35 1.7 163.57 
v 343.65 1.7 163.57 
v 343.65 1.9 163.57 
v 343.65 1.7 163.87 
v 343.65 1.9 163.87 
v 342.55 1.9 164.17 
v 342.55 1.7 164.17 
v 342.25 1.7 164.17 
v 342.55 1.7 164.17 
v 342.55 1.9 164.17 
v 342.55 1.9 164.47 
v 342.55 1.9 164.47 
v 342.55 1.9 164.17 
v 342.25 1.9 164.17 
v 342.55 1.7 164.47 
v 342.55 1.9 164.47 
v 342.25 1.9 164.47 
v 342.55 1.7 164.47 
v 342.55 1.9 163.57 
v 342.55 1.7 163.57 
v 342.25 1.7 163.57 
v 342.55 1.7 163.57 
v 342.55 1.9 163.57 
v 342.55 1.9 163.87 
v 342.55 1.9 163.87 
v 342.55 1.9 163.57 
v 342.25 1.9 163.57 
v 342.55 1.7 163.87 
v 342.55 1.9 163.87 
v 342.25 1.9 163.87 
v 342.55 1.7 163.87 
v 343.35 1.9 163.57 
v 343.65 1.7 163.87 
v 343.35 1.7 163.87 
v 343.65 1.7 163.57 
v 343.35 1.7 163.87 
v 343.35 1.7 163.87 
v 343.35 1.9 163.87 
v 343.35 1.7 163.57 
v 343.35 1.9 163.57 
v 343.35 1.7 163.57 
v 342.25 1.9 163.57 
v 342.25 1.9 163.87 
v 342.25 1.9 164.17 
v 342.25 1.9 164.47 
v 342.55 1.7 164.47 
v 342.25 1.7 164.47 
v 342.25 1.7 164.17 
v 342.25 1.7 164.47 
v 342.25 1.7 164.47 
v 342.25 1.9 164.47 
v 342.25 1.7 164.17 
v 342.25 1.9 164.17 
v 342.25 1.9 163.57 
v 342.25 1.7 163.57 
v 342.25 1.9 163.87 
v 342.25 1.7 163.87 
v 342.25 1.7 163.87 
v 342.55 1.7 164.17 
v 342.25 1.7 163.57 
v 342.55 1.7 163.87 
v 342.25 1.7 163.87 
v 342.55 1.7 163.57 
v 343.75 1.9 164.17 

vn 0 0 -1 
vn 0 0 -1 
vn 0 0 -1 
vn 0 1 0 
vn 0 1 0 
vn 0 1 0 
vn -1 0 0 
vn -1 0 0 
vn -1 0 0 
vn 0 -1 0 
vn 0 -1 0 
vn 0 -1 0 
vn 0 0 -1 
vn 0 -1 0 
vn 0 0 1 
vn 0 0 1 
vn 0 0 1 
vn -1 0 0 
vn 1 0 0 
vn 1 0 0 
vn 1 0 0 
vn 1 0 0 
vn 0 1 0 
vn 0 0 1 
vn 0 -1 0 
vn 0 -1 0 
vn 0 -1 0 
vn 1 0 0 
vn 1 0 0 
vn 1 0 0 
vn 0 0 -1 
vn 0 0 -1 
vn 0 0 -1 
vn 0 1 0 
vn 0 1 0 
vn 0 1 0 
vn -1 0 0 
vn -1 0 0 
vn -1 0 0 
vn 0 1 0 
vn 0 0 1 
vn 0 0 1 
vn 0 0 1 
vn 0 0 1 
vn 0 0 1 
vn 0 0 1 
vn 0 1 0 
vn 0 1 0 
vn 0 1 0 
vn 0 1 0 
vn 0 0 1 
vn -1 0 0 
vn 0 0 -1 
vn 0 -1 0 
vn 0 0 -1 
vn 0 0 -1 
vn 0 0 -1 
vn 1 0 0 
vn 1 0 0 
vn 1 0 0 
vn 1 0 0 
vn 0 0 -1 
vn 0 0 -1 
vn 0 0 -1 
vn 1 0 0 
vn 1 0 0 
vn 1 0 0 
vn 0 1 0 
vn 0 1 0 
vn 0 1 0 
vn 0 0 1 
vn 0 0 1 
vn 0 0 1 
vn 1 0 0 
vn 0 0 -1 
vn 0 0 -1 
vn 0 0 -1 
vn 1 0 0 
vn 1 0 0 
vn 1 0 0 
vn 0 1 0 
vn 0 1 0 
vn 0 1 0 
vn 0 0 1 
vn 0 0 1 
vn 0 0 1 
vn 1 0 0 
vn 0 0 -1 
vn 0 -1 0 
vn 0 -1 0 
vn 0 -1 0 
vn 0 0 1 
vn -1 0 0 
vn -1 0 0 
vn -1 0 0 
vn -1 0 0 
vn 0 -1 0 
vn 0 0 -1 
vn 0 1 0 
vn 0 0 -1 
vn 0 1 0 
vn 0 -1 0 
vn 0 -1 0 
vn 0 -1 0 
vn 0 0 1 
vn -1 0 0 
vn -1 0 0 
vn -1 0 0 
vn -1 0 0 
vn -1 0 0 
vn -1 0 0 
vn -1 0 0 
vn 0 0 1 
vn -1 0 0 
vn 0 -1 0 
vn 0 -1 0 
vn 0 -1 0 
vn 0 -1 0 
vn 0 -1 0 
vn 1 0 0 

vt 3.62736 -23.6467 
vt 3.36486 -23.6467 
vt 3.62736 -23.6842 
vt 3.36486 59.6961 
vt 3.62736 59.6961 
vt 3.62736 59.9086 
vt 72.9086 -23.6467 
vt 72.6961 -23.6467 
vt 72.6961 -23.6842 
vt 0.372642 59.6961 
vt 0.635142 59.6961 
vt 0.635142 59.9086 
vt 3.36486 -23.6842 
vt 0.372642 59.9086 
vt 0.372642 -23.6842 
vt 0.635142 -23.6842 
vt 0.372642 -23.6467 
vt 72.9086 -23.6842 
vt -68.9086 -23.6842 
vt -68.6961 -23.6467 
vt -68.9086 -23.6467 
vt -68.6961 -23.6842 
vt 3.36486 59.9086 
vt 0.635142 -23.6467 
vt 0.597642 59.7961 
vt 0.597642 59.8336 
vt 0.560142 59.8336 
vt -68.8336 -23.7092 
vt -68.7961 -23.7092 
vt -68.8336 -23.6842 
vt 3.43986 -23.6842 
vt 3.40236 -23.6842 
vt 3.40236 -23.7092 
vt 3.40236 59.7961 
vt 3.43986 59.7961 
vt 3.40236 59.8336 
vt 72.8336 -23.6842 
vt 72.7961 -23.6842 
vt 72.7961 -23.7092 
vt 3.43986 59.8336 
vt 0.597642 -23.6842 
vt 0.560142 -23.6842 
vt 0.560142 -23.7092 
vt 0.585142 -23.6842 
vt 0.547642 -23.6842 
vt 0.585142 -23.7092 
vt 3.45236 59.7586 
vt 3.41486 59.7586 
vt 3.41486 59.7211 
vt 3.45236 59.7211 
vt 0.597642 -23.7092 
vt 72.8336 -23.7092 
vt 3.43986 -23.7092 
vt 0.560142 59.7961 
vt 3.41486 -23.6842 
vt 3.41486 -23.7092 
vt 3.45236 -23.7092 
vt -68.7211 -23.7092 
vt -68.7211 -23.6842 
vt -68.7586 -23.7092 
vt -68.7586 -23.6842 
vt 3.55236 -23.6842 
vt 3.55236 -23.7092 
vt 3.58986 -23.7092 
vt -68.7961 -23.7092 
vt -68.7961 -23.6842 
vt -68.8336 -23.6842 
vt 3.55236 59.8336 
vt 3.55236 59.7961 
vt 3.58986 59.7961 
vt 0.447642 -23.7092 
vt 0.447642 -23.6842 
vt 0.410142 -23.6842 
vt -68.8336 -23.7092 
vt 3.55236 -23.6842 
vt 3.55236 -23.7092 
vt 3.58986 -23.7092 
vt -68.7211 -23.7092 
vt -68.7211 -23.6842 
vt -68.7586 -23.6842 
vt 3.55236 59.7586 
vt 3.55236 59.7211 
vt 3.58986 59.7211 
vt 0.447642 -23.7092 
vt 0.447642 -23.6842 
vt 0.410142 -23.6842 
vt -68.7586 -23.7092 
vt 3.45236 -23.6842 
vt 0.585142 59.7586 
vt 0.547642 59.7586 
vt 0.585142 59.7211 
vt 0.547642 -23.7092 
vt 72.7586 -23.7092 
vt 72.7586 -23.6842 
vt 72.7211 -23.7092 
vt 72.7211 -23.6842 
vt 0.547642 59.7211 
vt 3.58986 -23.6842 
vt 3.58986 59.7586 
vt 3.58986 -23.6842 
vt 3.58986 59.8336 
vt 0.447642 59.8336 
vt 0.410142 59.8336 
vt 0.410142 59.7961 
vt 0.410142 -23.7092 
vt 72.8336 -23.7092 
vt 72.8336 -23.6842 
vt 72.7961 -23.7092 
vt 72.7961 -23.6842 
vt 72.7211 -23.6842 
vt 72.7211 -23.7092 
vt 72.7586 -23.6842 
vt 0.410142 -23.7092 
vt 72.7586 -23.7092 
vt 0.447642 59.7961 
vt 0.410142 59.7211 
vt 0.447642 59.7586 
vt 0.410142 59.7586 
vt 0.447642 59.7211 
vt -68.7961 -23.6842 

usemtl Udder1Mtl

f 1477/1477/1477 1478/1478/1478 1479/1479/1479 
f 1480/1480/1480 1481/1481/1481 1482/1482/1482 
f 1483/1483/1483 1484/1484/1484 1485/1485/1485 
f 1486/1486/1486 1487/1487/1487 1488/1488/1488 
f 1489/1489/1489 1479/1479/1479 1478/1478/1478 
f 1488/1488/1488 1490/1490/1490 1486/1486/1486 
f 1491/1491/1491 1492/1492/1492 1493/1493/1493 
f 1494/1494/1494 1483/1483/1483 1485/1485/1485 
f 1495/1495/1495 1496/1496/1496 1497/1497/1497 
f 1496/1496/1496 1495/1495/1495 1498/1498/1498 
f 1499/1499/1499 1480/1480/1480 1482/1482/1482 
f 1492/1492/1492 1500/1500/1500 1493/1493/1493 
f 1501/1501/1501 1502/1502/1502 1503/1503/1503 
f 1504/1504/1504 1505/1505/1505 1506/1506/1506 
f 1507/1507/1507 1508/1508/1508 1509/1509/1509 
f 1510/1510/1510 1511/1511/1511 1512/1512/1512 
f 1513/1513/1513 1514/1514/1514 1515/1515/1515 
f 1511/1511/1511 1516/1516/1516 1512/1512/1512 
f 1517/1517/1517 1518/1518/1518 1519/1519/1519 
f 1520/1520/1520 1521/1521/1521 1522/1522/1522 
f 1523/1523/1523 1524/1524/1524 1525/1525/1525 
f 1523/1523/1523 1525/1525/1525 1526/1526/1526 
f 1517/1517/1517 1519/1519/1519 1527/1527/1527 
f 1528/1528/1528 1513/1513/1513 1515/1515/1515 
f 1529/1529/1529 1507/1507/1507 1509/1509/1509 
f 1503/1503/1503 1530/1530/1530 1501/1501/1501 
f 1531/1531/1531 1532/1532/1532 1533/1533/1533 
f 1534/1534/1534 1535/1535/1535 1536/1536/1536 
f 1537/1537/1537 1536/1536/1536 1535/1535/1535 
f 1538/1538/1538 1539/1539/1539 1540/1540/1540 
f 1541/1541/1541 1542/1542/1542 1543/1543/1543 
f 1544/1544/1544 1545/1545/1545 1546/1546/1546 
f 1547/1547/1547 1548/1548/1548 1549/1549/1549 
f 1543/1543/1543 1550/1550/1550 1541/1541/1541 
f 1551/1551/1551 1552/1552/1552 1553/1553/1553 
f 1554/1554/1554 1555/1555/1555 1556/1556/1556 
f 1557/1557/1557 1558/1558/1558 1559/1559/1559 
f 1560/1560/1560 1561/1561/1561 1562/1562/1562 
f 1556/1556/1556 1563/1563/1563 1554/1554/1554 
f 1564/1564/1564 1531/1531/1531 1533/1533/1533 
f 1565/1565/1565 1566/1566/1566 1567/1567/1567 
f 1568/1568/1568 1522/1522/1522 1521/1521/1521 
f 1569/1569/1569 1570/1570/1570 1571/1571/1571 
f 1572/1572/1572 1571/1571/1571 1570/1570/1570 
f 1566/1566/1566 1573/1573/1573 1567/1567/1567 
f 1574/1574/1574 1551/1551/1551 1553/1553/1553 
f 1575/1575/1575 1557/1557/1557 1559/1559/1559 
f 1576/1576/1576 1538/1538/1538 1540/1540/1540 
f 1577/1577/1577 1544/1544/1544 1546/1546/1546 
f 1578/1578/1578 1579/1579/1579 1580/1580/1580 
f 1581/1581/1581 1547/1547/1547 1549/1549/1549 
f 1582/1582/1582 1583/1583/1583 1584/1584/1584 
f 1585/1585/1585 1584/1584/1584 1583/1583/1583 
f 1586/1586/1586 1587/1587/1587 1588/1588/1588 
f 1562/1562/1562 1589/1589/1589 1560/1560/1560 
f 1590/1590/1590 1588/1588/1588 1587/1587/1587 
f 1578/1578/1578 1580/1580/1580 1591/1591/1591 
f 1592/1592/1592 1593/1593/1593 1594/1594/1594 
f 1593/1593/1593 1592/1592/1592 1595/1595/1595 
f 1505/1505/1505 1596/1596/1596 1506/1506/1506 

g Backrightleg1

v 344.15 2.19999 164.57 
v 344.15 2.19999 165.47 
v 344.15 0.199987 164.57 
v 344.15 0.199987 165.47 
v 343.35 2.19999 165.47 
v 344.15 2.19999 165.47 
v 343.35 2.19999 164.57 
v 344.15 2.19999 164.57 
v 344.15 2.19999 165.47 
v 343.35 2.19999 165.47 
v 344.15 0.199987 165.47 
v 343.35 0.199987 165.47 
v 343.35 2.19999 165.47 
v 343.35 2.19999 164.57 
v 343.35 0.199987 165.47 
v 343.35 0.199987 164.57 
v 343.35 0.199987 164.57 
v 344.15 0.199987 164.57 
v 343.35 0.199987 165.47 
v 344.15 0.199987 165.47 
v 343.35 2.19999 164.57 
v 344.15 2.19999 164.57 
v 343.35 0.199987 164.57 
v 344.15 0.199987 164.57 

vn 1 0 0 
vn 1 0 0 
vn 1 0 0 
vn 1 0 0 
vn 0 1 0 
vn 0 1 0 
vn 0 1 0 
vn 0 1 0 
vn 0 0 1 
vn 0 0 1 
vn 0 0 1 
vn 0 0 1 
vn -1 0 0 
vn -1 0 0 
vn -1 0 0 
vn -1 0 0 
vn 0 -1 0 
vn 0 -1 0 
vn 0 -1 0 
vn 0 -1 0 
vn 0 0 -1 
vn 0 0 -1 
vn 0 0 -1 
vn 0 0 -1 

vt 6.1125 -5.25 
vt 6 -5.25 
vt 6.1125 -5.5 
vt 6 -5.5 
vt 6.1 -5.25 
vt 6 -5.25 
vt 6.1 -5.3625 
vt 6 -5.3625 
vt 6.1 -5.25 
vt 6 -5.25 
vt 6.1 -5.5 
vt 6 -5.5 
vt 6.1125 -5.25 
vt 6 -5.25 
vt 6.1125 -5.5 
vt 6 -5.5 
vt 6.1 -5.25 
vt 6 -5.25 
vt 6.1 -5.3625 
vt 6 -5.3625 
vt 6.1 -5.25 
vt 6 -5.25 
vt 6.1 -5.5 
vt 6 -5.5 

usemtl Backleftleg1Mtl

f 1597/1597/1597 1598/1598/1598 1599/1599/1599 
f 1599/1599/1599 1598/1598/1598 1600/1600/1600 
f 1601/1601/1601 1602/1602/1602 1603/1603/1603 
f 1603/1603/1603 1602/1602/1602 1604/1604/1604 
f 1605/1605/1605 1606/1606/1606 1607/1607/1607 
f 1607/1607/1607 1606/1606/1606 1608/1608/1608 
f 1609/1609/1609 1610/1610/1610 1611/1611/1611 
f 1611/1611/1611 1610/1610/1610 1612/1612/1612 
f 1613/1613/1613 1614/1614/1614 1615/1615/1615 
f 1615/1615/1615 1614/1614/1614 1616/1616/1616 
f 1617/1617/1617 1618/1618/1618 1619/1619/1619 
f 1619/1619/1619 1618/1618/1618 1620/1620/1620 

g Frontleftleg1

v 342.65 2.19999 161.57 
v 342.65 2.19999 162.47 
v 342.65 0.199987 161.57 
v 342.65 0.199987 162.47 
v 341.85 2.19999 162.47 
v 342.65 2.19999 162.47 
v 341.85 2.19999 161.57 
v 342.65 2.19999 161.57 
v 342.65 2.19999 162.47 
v 341.85 2.19999 162.47 
v 342.65 0.199987 162.47 
v 341.85 0.199987 162.47 
v 341.85 2.19999 162.47 
v 341.85 2.19999 161.57 
v 341.85 0.199987 162.47 
v 341.85 0.199987 161.57 
v 341.85 0.199987 161.57 
v 342.65 0.199987 161.57 
v 341.85 0.199987 162.47 
v 342.65 0.199987 162.47 
v 341.85 2.19999 161.57 
v 342.65 2.19999 161.57 
v 341.85 0.199987 161.57 
v 342.65 0.199987 161.57 

vn 1 0 0 
vn 1 0 0 
vn 1 0 0 
vn 1 0 0 
vn 0 1 0 
vn 0 1 0 
vn 0 1 0 
vn 0 1 0 
vn 0 0 1 
vn 0 0 1 
vn 0 0 1 
vn 0 0 1 
vn -1 0 0 
vn -1 0 0 
vn -1 0 0 
vn -1 0 0 
vn 0 -1 0 
vn 0 -1 0 
vn 0 -1 0 
vn 0 -1 0 
vn 0 0 -1 
vn 0 0 -1 
vn 0 0 -1 
vn 0 0 -1 

vt 6.1125 -3 
vt 6 -3 
vt 6.1125 -3.25 
vt 6 -3.25 
vt 6.1 -3 
vt 6 -3 
vt 6.1 -3.1125 
vt 6 -3.1125 
vt 6.1 -3 
vt 6 -3 
vt 6.1 -3.25 
vt 6 -3.25 
vt 6.1125 -3 
vt 6 -3 
vt 6.1125 -3.25 
vt 6 -3.25 
vt 6.1 -3 
vt 6 -3 
vt 6.1 -3.1125 
vt 6 -3.1125 
vt 6.1 -3 
vt 6 -3 
vt 6.1 -3.25 
vt 6 -3.25 

usemtl Backleftleg1Mtl

f 1621/1621/1621 1622/1622/1622 1623/1623/1623 
f 1623/1623/1623 1622/1622/1622 1624/1624/1624 
f 1625/1625/1625 1626/1626/1626 1627/1627/1627 
f 1627/1627/1627 1626/1626/1626 1628/1628/1628 
f 1629/1629/1629 1630/1630/1630 1631/1631/1631 
f 1631/1631/1631 1630/1630/1630 1632/1632/1632 
f 1633/1633/1633 1634/1634/1634 1635/1635/1635 
f 1635/1635/1635 1634/1634/1634 1636/1636/1636 
f 1637/1637/1637 1638/1638/1638 1639/1639/1639 
f 1639/1639/1639 1638/1638/1638 1640/1640/1640 
f 1641/1641/1641 1642/1642/1642 1643/1643/1643 
f 1643/1643/1643 1642/1642/1642 1644/1644/1644 

g Backrightleg2

v 344.25 0.2 164.47 
v 344.25 0.2 165.47 
v 344.25 3.72529e-07 164.47 
v 344.25 3.72529e-07 165.47 
v 343.25 0.2 165.47 
v 344.25 0.2 165.47 
v 343.25 0.2 164.47 
v 344.25 0.2 164.47 
v 344.25 0.2 165.47 
v 343.25 0.2 165.47 
v 344.25 3.72529e-07 165.47 
v 343.25 3.72529e-07 165.47 
v 343.25 0.2 165.47 
v 343.25 0.2 164.47 
v 343.25 3.72529e-07 165.47 
v 343.25 3.72529e-07 164.47 
v 343.25 3.72529e-07 164.47 
v 344.25 3.72529e-07 164.47 
v 343.25 3.72529e-07 165.47 
v 344.25 3.72529e-07 165.47 
v 343.25 0.2 164.47 
v 344.25 0.2 164.47 
v 343.25 3.72529e-07 164.47 
v 344.25 3.72529e-07 164.47 

vn 1 0 0 
vn 1 0 0 
vn 1 0 0 
vn 1 0 0 
vn 0 1 0 
vn 0 1 0 
vn 0 1 0 
vn 0 1 0 
vn 0 0 1 
vn 0 0 1 
vn 0 0 1 
vn 0 0 1 
vn -1 0 0 
vn -1 0 0 
vn -1 0 0 
vn -1 0 0 
vn 0 -1 0 
vn 0 -1 0 
vn 0 -1 0 
vn 0 -1 0 
vn 0 0 -1 
vn 0 0 -1 
vn 0 0 -1 
vn 0 0 -1 

vt 6.125 -4.5 
vt 6 -4.5 
vt 6.125 -4.525 
vt 6 -4.525 
vt 6.125 -4.5 
vt 6 -4.5 
vt 6.125 -4.625 
vt 6 -4.625 
vt 6.125 -4.5 
vt 6 -4.5 
vt 6.125 -4.525 
vt 6 -4.525 
vt 6.125 -4.5 
vt 6 -4.5 
vt 6.125 -4.525 
vt 6 -4.525 
vt 6.125 -4.5 
vt 6 -4.5 
vt 6.125 -4.625 
vt 6 -4.625 
vt 6.125 -4.5 
vt 6 -4.5 
vt 6.125 -4.525 
vt 6 -4.525 

usemtl Backrightleg2Mtl

f 1645/1645/1645 1646/1646/1646 1647/1647/1647 
f 1647/1647/1647 1646/1646/1646 1648/1648/1648 
f 1649/1649/1649 1650/1650/1650 1651/1651/1651 
f 1651/1651/1651 1650/1650/1650 1652/1652/1652 
f 1653/1653/1653 1654/1654/1654 1655/1655/1655 
f 1655/1655/1655 1654/1654/1654 1656/1656/1656 
f 1657/1657/1657 1658/1658/1658 1659/1659/1659 
f 1659/1659/1659 1658/1658/1658 1660/1660/1660 
f 1661/1661/1661 1662/1662/1662 1663/1663/1663 
f 1663/1663/1663 1662/1662/1662 1664/1664/1664 
f 1665/1665/1665 1666/1666/1666 1667/1667/1667 
f 1667/1667/1667 1666/1666/1666 1668/1668/1668 

g Frontrightleg1

v 344.15 2.19999 161.57 
v 344.15 2.19999 162.47 
v 344.15 0.199987 161.57 
v 344.15 0.199987 162.47 
v 343.35 2.19999 162.47 
v 344.15 2.19999 162.47 
v 343.35 2.19999 161.57 
v 344.15 2.19999 161.57 
v 344.15 2.19999 162.47 
v 343.35 2.19999 162.47 
v 344.15 0.199987 162.47 
v 343.35 0.199987 162.47 
v 343.35 2.19999 162.47 
v 343.35 2.19999 161.57 
v 343.35 0.199987 162.47 
v 343.35 0.199987 161.57 
v 343.35 0.199987 161.57 
v 344.15 0.199987 161.57 
v 343.35 0.199987 162.47 
v 344.15 0.199987 162.47 
v 343.35 2.19999 161.57 
v 344.15 2.19999 161.57 
v 343.35 0.199987 161.57 
v 344.15 0.199987 161.57 

vn 1 0 0 
vn 1 0 0 
vn 1 0 0 
vn 1 0 0 
vn 0 1 0 
vn 0 1 0 
vn 0 1 0 
vn 0 1 0 
vn 0 0 1 
vn 0 0 1 
vn 0 0 1 
vn 0 0 1 
vn -1 0 0 
vn -1 0 0 
vn -1 0 0 
vn -1 0 0 
vn 0 -1 0 
vn 0 -1 0 
vn 0 -1 0 
vn 0 -1 0 
vn 0 0 -1 
vn 0 0 -1 
vn 0 0 -1 
vn 0 0 -1 

vt 7.8625 -0.75 
vt 7.75 -0.75 
vt 7.8625 -1 
vt 7.75 -1 
vt 7.85 -0.75 
vt 7.75 -0.75 
vt 7.85 -0.8625 
vt 7.75 -0.8625 
vt 7.85 -0.75 
vt 7.75 -0.75 
vt 7.85 -1 
vt 7.75 -1 
vt 7.8625 -0.75 
vt 7.75 -0.75 
vt 7.8625 -1 
vt 7.75 -1 
vt 7.85 -0.75 
vt 7.75 -0.75 
vt 7.85 -0.8625 
vt 7.75 -0.8625 
vt 7.85 -0.75 
vt 7.75 -0.75 
vt 7.85 -1 
vt 7.75 -1 

usemtl Backleftleg1Mtl

f 1669/1669/1669 1670/1670/1670 1671/1671/1671 
f 1671/1671/1671 1670/1670/1670 1672/1672/1672 
f 1673/1673/1673 1674/1674/1674 1675/1675/1675 
f 1675/1675/1675 1674/1674/1674 1676/1676/1676 
f 1677/1677/1677 1678/1678/1678 1679/1679/1679 
f 1679/1679/1679 1678/1678/1678 1680/1680/1680 
f 1681/1681/1681 1682/1682/1682 1683/1683/1683 
f 1683/1683/1683 1682/1682/1682 1684/1684/1684 
f 1685/1685/1685 1686/1686/1686 1687/1687/1687 
f 1687/1687/1687 1686/1686/1686 1688/1688/1688 
f 1689/1689/1689 1690/1690/1690 1691/1691/1691 
f 1691/1691/1691 1690/1690/1690 1692/1692/1692 

g Frontrighthoof1

v 344.25 0.2 161.47 
v 344.25 0.2 162.47 
v 344.25 3.72529e-07 161.47 
v 344.25 3.72529e-07 162.47 
v 343.25 0.2 162.47 
v 344.25 0.2 162.47 
v 343.25 0.2 161.47 
v 344.25 0.2 161.47 
v 344.25 0.2 162.47 
v 343.25 0.2 162.47 
v 344.25 3.72529e-07 162.47 
v 343.25 3.72529e-07 162.47 
v 343.25 0.2 162.47 
v 343.25 0.2 161.47 
v 343.25 3.72529e-07 162.47 
v 343.25 3.72529e-07 161.47 
v 343.25 3.72529e-07 161.47 
v 344.25 3.72529e-07 161.47 
v 343.25 3.72529e-07 162.47 
v 344.25 3.72529e-07 162.47 
v 343.25 0.2 161.47 
v 344.25 0.2 161.47 
v 343.25 3.72529e-07 161.47 
v 344.25 3.72529e-07 161.47 

vn 1 0 0 
vn 1 0 0 
vn 1 0 0 
vn 1 0 0 
vn 0 1 0 
vn 0 1 0 
vn 0 1 0 
vn 0 1 0 
vn 0 0 1 
vn 0 0 1 
vn 0 0 1 
vn 0 0 1 
vn -1 0 0 
vn -1 0 0 
vn -1 0 0 
vn -1 0 0 
vn 0 -1 0 
vn 0 -1 0 
vn 0 -1 0 
vn 0 -1 0 
vn 0 0 -1 
vn 0 0 -1 
vn 0 0 -1 
vn 0 0 -1 

vt 3.375 -4 
vt 3.25 -4 
vt 3.375 -4.025 
vt 3.25 -4.025 
vt 3.375 -4 
vt 3.25 -4 
vt 3.375 -4.125 
vt 3.25 -4.125 
vt 3.375 -4 
vt 3.25 -4 
vt 3.375 -4.025 
vt 3.25 -4.025 
vt 3.375 -4 
vt 3.25 -4 
vt 3.375 -4.025 
vt 3.25 -4.025 
vt 3.375 -4 
vt 3.25 -4 
vt 3.375 -4.125 
vt 3.25 -4.125 
vt 3.375 -4 
vt 3.25 -4 
vt 3.375 -4.025 
vt 3.25 -4.025 

usemtl Backrightleg2Mtl

f 1693/1693/1693 1694/1694/1694 1695/1695/1695 
f 1695/1695/1695 1694/1694/1694 1696/1696/1696 
f 1697/1697/1697 1698/1698/1698 1699/1699/1699 
f 1699/1699/1699 1698/1698/1698 1700/1700/1700 
f 1701/1701/1701 1702/1702/1702 1703/1703/1703 
f 1703/1703/1703 1702/1702/1702 1704/1704/1704 
f 1705/1705/1705 1706/1706/1706 1707/1707/1707 
f 1707/1707/1707 1706/1706/1706 1708/1708/1708 
f 1709/1709/1709 1710/1710/1710 1711/1711/1711 
f 1711/1711/1711 1710/1710/1710 1712/1712/1712 
f 1713/1713/1713 1714/1714/1714 1715/1715/1715 
f 1715/1715/1715 1714/1714/1714 1716/1716/1716 

g Frontlefthoof1

v 342.75 0.2 161.47 
v 342.75 0.2 162.47 
v 342.75 3.72529e-07 161.47 
v 342.75 3.72529e-07 162.47 
v 341.75 0.2 162.47 
v 342.75 0.2 162.47 
v 341.75 0.2 161.47 
v 342.75 0.2 161.47 
v 342.75 0.2 162.47 
v 341.75 0.2 162.47 
v 342.75 3.72529e-07 162.47 
v 341.75 3.72529e-07 162.47 
v 341.75 0.2 162.47 
v 341.75 0.2 161.47 
v 341.75 3.72529e-07 162.47 
v 341.75 3.72529e-07 161.47 
v 341.75 3.72529e-07 161.47 
v 342.75 3.72529e-07 161.47 
v 341.75 3.72529e-07 162.47 
v 342.75 3.72529e-07 162.47 
v 341.75 0.2 161.47 
v 342.75 0.2 161.47 
v 341.75 3.72529e-07 161.47 
v 342.75 3.72529e-07 161.47 

vn 1 0 0 
vn 1 0 0 
vn 1 0 0 
vn 1 0 0 
vn 0 1 0 
vn 0 1 0 
vn 0 1 0 
vn 0 1 0 
vn 0 0 1 
vn 0 0 1 
vn 0 0 1 
vn 0 0 1 
vn -1 0 0 
vn -1 0 0 
vn -1 0 0 
vn -1 0 0 
vn 0 -1 0 
vn 0 -1 0 
vn 0 -1 0 
vn 0 -1 0 
vn 0 0 -1 
vn 0 0 -1 
vn 0 0 -1 
vn 0 0 -1 

vt 7.125 -5 
vt 7 -5 
vt 7.125 -5.025 
vt 7 -5.025 
vt 7.125 -5 
vt 7 -5 
vt 7.125 -5.125 
vt 7 -5.125 
vt 7.125 -5 
vt 7 -5 
vt 7.125 -5.025 
vt 7 -5.025 
vt 7.125 -5 
vt 7 -5 
vt 7.125 -5.025 
vt 7 -5.025 
vt 7.125 -5 
vt 7 -5 
vt 7.125 -5.125 
vt 7 -5.125 
vt 7.125 -5 
vt 7 -5 
vt 7.125 -5.025 
vt 7 -5.025 

usemtl Backrightleg2Mtl

f 1717/1717/1717 1718/1718/1718 1719/1719/1719 
f 1719/1719/1719 1718/1718/1718 1720/1720/1720 
f 1721/1721/1721 1722/1722/1722 1723/1723/1723 
f 1723/1723/1723 1722/1722/1722 1724/1724/1724 
f 1725/1725/1725 1726/1726/1726 1727/1727/1727 
f 1727/1727/1727 1726/1726/1726 1728/1728/1728 
f 1729/1729/1729 1730/1730/1730 1731/1731/1731 
f 1731/1731/1731 1730/1730/1730 1732/1732/1732 
f 1733/1733/1733 1734/1734/1734 1735/1735/1735 
f 1735/1735/1735 1734/1734/1734 1736/1736/1736 
f 1737/1737/1737 1738/1738/1738 1739/1739/1739 
f 1739/1739/1739 1738/1738/1738 1740/1740/1740 

g Backleftleg2

v 342.75 0.2 164.47 
v 342.75 0.2 165.47 
v 342.75 3.72529e-07 164.47 
v 342.75 3.72529e-07 165.47 
v 341.75 0.2 165.47 
v 342.75 0.2 165.47 
v 341.75 0.2 164.47 
v 342.75 0.2 164.47 
v 342.75 0.2 165.47 
v 341.75 0.2 165.47 
v 342.75 3.72529e-07 165.47 
v 341.75 3.72529e-07 165.47 
v 341.75 0.2 165.47 
v 341.75 0.2 164.47 
v 341.75 3.72529e-07 165.47 
v 341.75 3.72529e-07 164.47 
v 341.75 3.72529e-07 164.47 
v 342.75 3.72529e-07 164.47 
v 341.75 3.72529e-07 165.47 
v 342.75 3.72529e-07 165.47 
v 341.75 0.2 164.47 
v 342.75 0.2 164.47 
v 341.75 3.72529e-07 164.47 
v 342.75 3.72529e-07 164.47 

vn 1 0 0 
vn 1 0 0 
vn 1 0 0 
vn 1 0 0 
vn 0 1 0 
vn 0 1 0 
vn 0 1 0 
vn 0 1 0 
vn 0 0 1 
vn 0 0 1 
vn 0 0 1 
vn 0 0 1 
vn -1 0 0 
vn -1 0 0 
vn -1 0 0 
vn -1 0 0 
vn 0 -1 0 
vn 0 -1 0 
vn 0 -1 0 
vn 0 -1 0 
vn 0 0 -1 
vn 0 0 -1 
vn 0 0 -1 
vn 0 0 -1 

vt 1.375 -6.5 
vt 1.25 -6.5 
vt 1.375 -6.525 
vt 1.25 -6.525 
vt 1.375 -6.5 
vt 1.25 -6.5 
vt 1.375 -6.625 
vt 1.25 -6.625 
vt 1.375 -6.5 
vt 1.25 -6.5 
vt 1.375 -6.525 
vt 1.25 -6.525 
vt 1.375 -6.5 
vt 1.25 -6.5 
vt 1.375 -6.525 
vt 1.25 -6.525 
vt 1.375 -6.5 
vt 1.25 -6.5 
vt 1.375 -6.625 
vt 1.25 -6.625 
vt 1.375 -6.5 
vt 1.25 -6.5 
vt 1.375 -6.525 
vt 1.25 -6.525 

usemtl Backrightleg2Mtl

f 1741/1741/1741 1742/1742/1742 1743/1743/1743 
f 1743/1743/1743 1742/1742/1742 1744/1744/1744 
f 1745/1745/1745 1746/1746/1746 1747/1747/1747 
f 1747/1747/1747 1746/1746/1746 1748/1748/1748 
f 1749/1749/1749 1750/1750/1750 1751/1751/1751 
f 1751/1751/1751 1750/1750/1750 1752/1752/1752 
f 1753/1753/1753 1754/1754/1754 1755/1755/1755 
f 1755/1755/1755 1754/1754/1754 1756/1756/1756 
f 1757/1757/1757 1758/1758/1758 1759/1759/1759 
f 1759/1759/1759 1758/1758/1758 1760/1760/1760 
f 1761/1761/1761 1762/1762/1762 1763/1763/1763 
f 1763/1763/1763 1762/1762/1762 1764/1764/1764 

g Torso1

v 341.75 3.59998 165.47 
v 341.75 2.19999 165.47 
v 341.75 3.59999 165.47 
v 343.25 3.59998 165.47 
v 344.25 2.19999 165.57 
v 344.25 3.5 165.47 
v 344.25 3.59999 165.57 
v 344.25 2.19999 165.47 
v 344.25 2.19999 165.57 
v 344.25 3.59999 165.57 
v 341.75 2.19999 165.57 
v 344.25 2.19999 165.57 
v 341.75 2.19999 165.57 
v 344.25 2.19999 165.47 
v 341.75 3.59999 165.57 
v 344.25 2.19999 165.47 
v 341.75 2.19999 165.47 
v 344.25 3.5 165.47 
v 343.35 3.59998 165.47 
v 341.75 4.29998 165.57 
v 341.75 3.59999 165.57 
v 343.25 4.19999 165.57 
v 341.75 3.59999 165.57 
v 341.75 4.29998 165.57 
v 341.75 3.59999 165.47 
v 341.75 2.19999 165.57 
v 341.75 3.59999 165.57 
v 341.75 2.19999 165.47 
v 341.75 3.59999 165.57 
v 341.75 3.59999 165.47 
v 341.75 3.59999 165.57 
v 341.75 4.29998 165.47 
v 341.75 3.59999 165.47 
v 341.75 3.59999 165.47 
v 341.75 3.59999 165.47 
v 344.25 4.29999 164.87 
v 344.25 4.29999 165.57 
v 344.25 4.29998 165.47 
v 344.25 4.29999 165.57 
v 344.25 4.29999 164.87 
v 343.25 4.29999 164.87 
v 343.25 4.19999 165.57 
v 343.25 4.29999 165.57 
v 343.25 4.29998 165.57 
v 343.25 4.29999 165.57 
v 343.25 4.19999 165.57 
v 344.25 4.19999 165.57 
v 343.25 3.59999 165.57 
v 343.25 4.19999 165.57 
v 343.25 4.19999 165.57 
v 343.25 3.59999 165.57 
v 344.25 3.59999 165.57 
v 344.25 3.59999 165.57 
v 343.25 3.59999 165.57 
v 344.25 3.59999 165.57 
v 343.25 3.59999 165.57 
v 343.25 3.59999 165.57 
v 343.25 4.19999 165.57 
v 344.25 4.19999 165.57 
v 343.25 3.59999 165.57 
v 343.25 4.19999 165.57 
v 344.25 4.29999 165.57 
v 343.25 4.19999 165.57 
v 344.25 4.19999 165.57 
v 343.25 4.29998 165.47 
v 343.25 4.19999 165.57 
v 343.25 4.29998 165.57 
v 343.25 4.19999 165.57 
v 341.75 4.29998 165.57 
v 343.25 4.29998 165.57 
v 341.75 4.29998 165.47 
v 343.25 3.59998 165.47 
v 343.25 3.59998 165.47 
v 343.25 3.59998 165.47 
v 343.25 3.59998 165.47 
v 344.25 3.59998 165.47 
v 343.25 3.59998 165.47 
v 341.75 3.59998 165.47 
v 343.25 3.59998 165.47 
v 344.25 3.59999 165.47 
v 344.25 3.59999 165.57 
v 344.25 3.59999 165.47 
v 344.25 3.59999 165.47 
v 344.25 3.59998 165.47 
v 344.25 4.29998 165.57 
v 344.25 4.29998 165.47 
v 344.25 4.29998 165.57 
v 344.25 4.19999 165.57 
v 344.25 3.59998 165.47 
v 344.25 3.59999 165.47 
v 344.25 3.59998 165.47 
v 344.25 3.59998 165.47 
v 344.25 3.59998 165.47 
v 344.25 3.59998 165.47 
v 344.25 3.59998 165.47 
v 344.25 3.59999 165.47 
v 344.25 4.29998 165.57 
v 344.25 4.29998 165.47 
v 344.25 4.29998 165.57 
v 344.25 4.29998 165.57 
v 344.25 4.29998 165.57 
v 344.25 4.29998 165.47 
v 344.25 4.19999 165.57 
v 343.35 3.59998 165.47 
v 344.15 3.59998 165.47 
v 344.25 3.59998 165.47 
v 344.15 3.59998 165.47 
v 344.15 2.19999 165.47 
v 344.15 3.59998 165.47 
v 343.25 3.59998 165.47 
v 344.15 3.59998 165.47 
v 344.15 2.19999 165.47 
v 344.15 2.19999 165.47 
v 344.15 2.9 164.27 
v 344.15 3.59998 164.27 
v 344.15 2.19999 164.27 
v 344.15 2.9 164.27 
v 344.15 2.9 164.27 
v 344.15 2.9 164.27 
v 344.25 2.90001 164.27 
v 344.15 2.19999 163.97 
v 344.15 2.2 163.97 
v 344.15 2.9 164.27 
v 344.15 2.2 164.27 
v 344.25 2.90001 164.27 
v 344.15 2.2 164.27 
v 344.15 2.19999 164.27 
v 344.15 3.59998 164.27 
v 344.25 3.59998 164.27 
v 344.15 2.19999 162.97 
v 344.15 2.2 164.27 
v 344.15 2.2 163.97 
v 344.25 2.2 164.27 
v 344.15 2.19999 163.97 
v 344.15 2.19999 162.97 
v 344.25 2.19999 163.97 
v 344.15 2.89999 163.97 
v 344.15 2.89999 163.97 
v 344.25 2.89999 163.97 
v 344.15 2.89999 163.97 
v 344.15 2.89999 163.97 
v 344.15 2.2 163.97 
v 344.15 2.89999 163.97 
v 344.25 2.89999 163.97 
v 344.15 2.2 161.97 
v 344.15 2.19999 161.37 
v 344.15 2.20001 161.97 
v 344.15 2.2 162.97 
v 344.15 2.2 161.97 
v 344.25 2.2 161.97 
v 344.15 2.2 162.97 
v 344.15 2.20001 161.37 
v 344.15 4.19998 161.97 
v 344.15 2.20001 161.97 
v 344.25 4.19998 161.97 
v 344.15 4.19998 161.97 
v 344.15 3.6 161.97 
v 344.15 2.20001 161.97 
v 344.15 2.20001 161.37 
v 344.25 2.20001 161.37 
v 344.15 4.19999 164.87 
v 344.15 4.19999 164.87 
v 344.15 4.19999 164.87 
v 344.15 4.19999 165.47 
v 344.15 4.19999 165.47 
v 344.15 4.19999 164.87 
v 344.25 4.19999 165.47 
v 344.15 4.19999 165.47 
v 344.15 4.19999 164.87 
v 344.15 4.19999 165.47 
v 344.25 4.19999 164.87 
v 344.15 4.19999 164.87 
v 344.15 4.19999 164.87 
v 344.25 4.29999 164.87 
v 344.15 4.19999 164.87 
v 344.15 4.19999 164.87 
v 344.25 4.29998 164.87 
v 344.15 4.19999 164.87 
v 344.15 4.19999 164.87 
v 344.15 4.19999 164.87 
v 343.25 4.19999 164.87 
v 344.15 3.59999 165.47 
v 344.15 3.59998 165.47 
v 344.15 3.59998 165.47 
v 344.15 4.19999 165.47 
v 344.25 4.19998 165.47 
v 344.15 4.19998 164.87 
v 344.15 3.59999 164.87 
v 344.15 3.59999 164.87 
v 344.15 4.19998 164.87 
v 344.15 4.19998 164.87 
v 344.15 3.59999 164.87 
v 344.25 3.59999 164.87 
v 344.15 3.59999 164.87 
v 344.15 4.19998 164.87 
v 344.25 4.19998 164.87 
v 344.15 3.59999 165.47 
v 344.15 2.19999 165.47 
v 344.25 3.5 165.47 
v 344.15 3.59999 165.47 
v 344.15 4.19999 163.97 
v 344.15 4.19998 163.97 
v 344.15 4.19998 164.87 
v 344.15 4.19999 163.97 
v 344.25 4.19998 164.87 
v 344.15 4.19999 163.97 
v 344.15 4.19999 163.97 
v 344.25 4.2 163.97 
v 344.15 4.19999 163.97 
v 344.15 4.19999 163.97 
v 344.15 4.19999 163.97 
v 344.15 4.19999 163.97 
v 344.15 4.19999 163.97 
v 344.15 3.59999 163.97 
v 344.15 4.19998 163.97 
v 344.25 4.19998 163.97 
v 344.15 3.59999 163.97 
v 344.15 3.59999 163.97 
v 344.15 3.59999 163.97 
v 344.25 3.59999 163.97 
v 344.15 3.59999 163.97 
v 344.15 3.59998 164.27 
v 344.15 2.9 164.27 
v 344.25 2.90001 164.27 
v 344.15 3.59998 164.27 
v 344.15 4.19999 163.97 
v 344.15 2.19999 163.97 
v 344.25 2.19999 163.97 
v 344.15 2.89999 163.97 
v 344.15 3.59999 163.97 
v 344.25 3.59999 163.97 
v 344.15 4.19998 162.67 
v 344.15 4.19998 162.67 
v 344.15 4.19998 162.47 
v 344.15 4.19998 162.67 
v 344.15 4.19999 162.67 
v 344.15 4.19998 162.97 
v 344.15 4.19998 162.67 
v 344.25 4.19998 162.67 
v 344.15 4.19998 162.97 
v 344.15 4.19998 162.67 
v 344.15 4.19998 162.97 
v 344.25 4.19998 162.97 
v 344.15 4.19998 162.97 
v 344.15 4.19998 162.47 
v 344.15 4.19998 161.97 
v 344.15 4.19998 162.67 
v 344.15 4.19998 162.47 
v 344.25 4.19998 162.67 
v 344.15 4.19998 162.47 
v 344.15 4.19998 162.67 
v 344.15 4.19999 162.67 
v 344.25 4.19998 162.67 
v 344.15 4.19999 162.67 
v 344.15 4.19999 162.67 
v 344.15 4.19999 162.67 
v 344.15 4.19999 162.67 
v 344.15 4.19998 161.97 
v 344.25 4.19998 161.97 
v 344.15 4.19998 161.97 
v 344.25 4.19998 161.97 
v 344.15 2.19999 162.97 
v 344.15 4.19998 162.97 
v 344.25 2.19999 162.97 
v 344.15 3.59998 162.97 
v 344.15 3.59998 162.97 
v 344.15 4.19998 162.97 
v 344.15 3.59998 162.97 
v 344.25 4.19998 162.97 
v 344.15 3.59998 162.97 
v 344.15 2.2 162.97 
v 344.25 3.59998 162.97 
v 344.15 3.59998 162.97 
v 344.15 3.59998 162.97 
v 344.25 3.59998 162.97 
v 344.25 2.20001 161.37 
v 344.25 4.2 161.37 
v 344.25 4.2 161.87 
v 344.25 4.20001 161.37 
v 344.25 4.2 161.37 
v 344.25 4.20001 161.37 
v 344.25 4.2 161.37 
v 344.25 4.20001 161.37 
v 344.25 4.20001 161.37 
v 344.25 4.20001 161.37 
v 344.15 4.20001 161.37 
v 344.25 4.2 161.37 
v 344.25 4.3 161.87 
v 344.25 4.2 161.87 
v 344.25 4.3 161.37 
v 344.25 4.2 161.37 
v 344.25 4.2 161.87 
v 344.25 4.2 161.87 
v 344.25 4.2 161.37 
v 344.15 4.20001 161.37 
v 344.25 4.20001 161.37 
v 344.25 2.20001 161.37 
v 344.15 2.20001 161.37 
v 344.25 2.19999 165.47 
v 344.25 3.5 165.47 
v 344.25 2.19999 165.47 
v 344.25 2.19999 164.27 
v 344.25 2.19999 165.47 
v 344.15 2.19999 165.47 
v 344.25 2.19999 164.27 
v 344.25 3.59998 165.47 
v 344.25 3.59999 165.47 
v 344.25 2.2 163.97 
v 344.25 2.2 164.27 
v 344.25 2.2 163.97 
v 344.25 2.90001 164.27 
v 344.25 2.90001 163.97 
v 344.25 2.90001 163.97 
v 344.25 2.2 163.97 
v 344.25 2.90001 163.97 
v 344.25 2.90001 163.97 
v 344.25 2.90001 164.27 
v 344.25 2.90001 163.97 
v 344.25 3.59998 163.97 
v 344.25 2.90001 164.27 
v 344.25 2.89999 163.97 
v 344.25 2.89999 163.97 
v 344.25 2.2 164.27 
v 344.25 4.19999 163.97 
v 344.15 4.19999 163.97 
v 344.25 4.19999 163.97 
v 344.25 2.19999 163.97 
v 344.25 4.19998 162.97 
v 344.25 2.19999 162.97 
v 344.25 2.19999 162.97 
v 344.25 2.89999 163.97 
v 344.25 2.89999 163.97 
v 344.25 2.2 162.97 
v 344.25 3.59998 162.47 
v 344.25 3.59998 162.97 
v 344.25 2.2 161.97 
v 344.25 2.2 162.97 
v 344.25 2.2 162.97 
v 344.25 2.20001 161.97 
v 344.25 4.20001 161.97 
v 344.25 2.20001 161.97 
v 344.25 4.19998 162.97 
v 344.25 2.2 161.97 
v 344.15 2.2 161.97 
v 344.25 3.6 161.97 
v 344.25 2.20001 161.97 
v 344.25 3.59999 164.27 
v 344.25 3.59999 165.47 
v 344.25 3.59999 164.87 
v 344.25 3.59999 164.27 
v 344.25 4.19998 164.87 
v 344.25 3.59999 164.27 
v 344.25 3.59999 164.87 
v 344.25 3.59999 165.47 
v 344.25 3.59999 165.47 
v 344.25 3.59999 164.87 
v 344.25 3.59999 165.47 
v 344.25 3.59999 164.27 
v 344.25 3.59999 164.87 
v 344.25 4.19998 164.87 
v 344.25 3.59999 165.47 
v 344.25 3.59999 164.87 
v 344.25 4.19999 164.87 
v 344.25 3.59999 164.87 
v 344.25 3.59999 165.47 
v 344.15 3.59999 165.47 
v 344.25 3.59999 165.47 
v 344.25 3.59999 165.47 
v 344.15 3.59999 165.47 
v 344.25 3.59999 165.47 
v 344.15 4.19999 165.47 
v 344.15 3.59999 165.47 
v 344.25 3.59999 164.87 
v 344.25 4.19999 164.87 
v 344.15 3.59999 164.87 
v 344.25 4.19998 163.97 
v 344.15 4.19998 164.87 
v 344.25 4.19998 163.97 
v 344.15 4.19998 163.97 
v 344.25 4.19998 164.87 
v 344.25 4.19999 165.47 
v 344.25 4.19999 165.47 
v 344.25 4.29998 165.47 
v 344.25 4.29998 165.47 
v 344.25 4.19999 164.87 
v 344.25 4.19999 165.47 
v 344.25 4.19999 164.87 
v 344.25 4.19999 164.87 
v 344.25 4.19999 164.87 
v 344.25 4.19999 164.87 
v 344.25 4.19999 164.87 
v 344.25 4.19999 164.87 
v 344.25 4.19999 164.87 
v 344.25 4.19999 165.47 
v 344.25 4.19999 165.47 
v 344.25 4.19999 164.87 
v 344.25 4.29998 164.87 
v 344.25 4.19999 164.87 
v 344.25 4.29998 163.97 
v 344.25 4.19999 164.87 
v 344.15 3.59999 164.87 
v 344.25 4.19999 165.47 
v 344.25 3.59998 165.47 
v 343.25 3.59998 165.47 
v 344.25 4.19999 162.97 
v 344.25 3.59999 164.27 
v 344.25 2.19999 164.27 
v 344.25 4.2 162.97 
v 344.25 4.2 163.97 
v 344.25 4.2 163.97 
v 344.25 4.2 163.97 
v 344.25 4.2 162.97 
v 344.25 4.3 163.97 
v 344.25 4.2 163.97 
v 344.25 4.2 163.97 
v 344.25 4.3 163.97 
v 344.25 3.59999 163.97 
v 344.25 3.59998 163.97 
v 344.25 3.59998 164.27 
v 344.25 3.59999 164.27 
v 344.25 3.59998 163.97 
v 344.25 3.59998 163.97 
v 344.25 3.59998 164.27 
v 344.25 3.59998 164.27 
v 344.25 3.59998 163.97 
v 344.25 3.59998 163.97 
v 344.25 4.29998 163.97 
v 343.25 4.3 163.97 
v 344.25 4.2 163.97 
v 344.25 4.2 163.97 
v 344.25 4.19998 163.97 
v 344.25 4.2 163.97 
v 344.15 4.19999 163.97 
v 344.15 4.19999 163.97 
v 344.25 4.19999 163.97 
v 344.15 4.19999 162.97 
v 344.25 4.19998 164.87 
v 344.25 4.19998 163.97 
v 344.25 4.19998 163.97 
v 343.25 4.19999 163.97 
v 344.25 3.59998 164.27 
v 344.25 3.59999 163.97 
v 344.25 3.59999 163.97 
v 344.25 3.59998 164.27 
v 344.15 3.59998 164.27 
v 344.15 3.59998 164.27 
v 343.25 4.3 162.97 
v 344.25 4.3 162.97 
v 344.25 4.2 162.97 
v 344.25 4.3 162.97 
v 343.25 4.3 162.97 
v 343.25 4.3 163.67 
v 344.25 4.20001 161.87 
v 344.25 4.2 161.87 
v 344.25 4.2 161.87 
v 344.25 4.20001 161.87 
v 344.25 4.3 161.87 
v 344.25 4.3 161.37 
v 343.85 4.3 161.87 
v 344.15 4.19998 161.97 
v 344.25 4.19998 161.97 
v 344.25 3.6 161.97 
v 344.25 4.20001 161.97 
v 344.25 4.20001 161.97 
v 344.25 4.19999 162.97 
v 344.25 4.19999 162.97 
v 344.25 4.19999 162.97 
v 344.25 4.19999 162.97 
v 344.25 4.19999 162.97 
v 344.25 4.29998 162.97 
v 344.25 4.19998 162.67 
v 344.25 4.29998 162.67 
v 344.25 4.19999 162.97 
v 344.25 4.19999 162.97 
v 344.25 4.29998 162.97 
v 344.15 4.19999 162.97 
v 344.25 4.19999 162.97 
v 343.25 4.2 163.67 
v 343.25 4.29998 162.97 
v 343.25 4.29998 162.97 
v 344.25 4.29998 162.97 
v 344.25 4.29998 162.67 
v 344.25 4.19998 162.97 
v 344.25 4.19998 162.97 
v 344.25 4.19998 162.97 
v 344.25 4.29998 162.67 
v 344.25 4.19998 162.67 
v 344.25 4.29998 162.67 
v 344.15 4.19999 162.67 
v 344.25 4.29998 162.67 
v 344.25 4.19998 162.67 
v 344.25 4.20001 161.97 
v 344.25 4.19998 161.97 
v 344.15 4.19998 162.67 
v 343.25 4.29998 162.67 
v 343.25 4.19999 162.67 
v 344.25 4.20001 161.87 
v 344.25 4.3 161.87 
v 344.25 4.20001 161.87 
v 344.25 4.20001 161.87 
v 344.25 4.20001 161.97 
v 344.25 4.20001 161.87 
v 344.25 4.29998 161.87 
v 344.25 4.20001 161.97 
v 343.85 4.3 161.37 
v 344.25 4.29998 161.87 
v 343.85 4.29998 161.87 
v 344.25 3.59998 162.97 
v 344.25 3.59998 162.97 
v 344.25 3.59998 162.47 
v 344.25 3.59998 161.97 
v 344.25 3.59998 161.97 
v 344.25 3.59998 161.97 
v 344.25 3.6 161.97 
v 344.15 3.6 161.97 
v 344.25 3.6 161.97 
v 344.15 3.6 161.97 
v 344.25 3.6 161.97 
v 344.25 3.6 161.97 
v 344.15 3.6 161.97 
v 344.15 3.6 161.97 
v 343.85 4.19999 161.87 
v 343.85 4.19999 161.37 
v 343.85 4.29998 161.87 
v 343.85 4.19999 161.37 
v 343.85 4.19999 161.87 
v 344.15 4.19999 161.37 
v 343.85 4.19999 161.87 
v 343.85 4.19999 161.37 
v 344.15 4.19999 161.37 
v 344.15 2.20001 161.37 
v 343.25 4.19999 162.97 
v 344.15 4.19999 162.97 
v 344.15 4.19999 162.97 
v 343.25 4.19999 162.97 
v 343.25 4.19999 163.67 
v 343.25 4.19999 162.67 
v 343.25 4.19999 162.97 
v 343.25 4.2 162.97 
v 343.25 4.19999 162.67 
v 343.25 4.19999 162.67 
v 343.25 4.19999 162.67 
v 341.85 4.19999 162.67 
v 341.85 4.19999 163.67 
v 343.25 4.19999 163.97 
v 343.25 4.19999 163.97 
v 343.25 4.19999 163.67 
v 343.25 4.19999 163.67 
v 343.25 4.19999 163.97 
v 343.25 4.29998 163.97 
v 343.25 4.19999 163.67 
v 341.85 4.19999 163.67 
v 343.25 4.2 163.67 
v 341.85 4.19999 163.67 
v 341.85 4.19999 162.67 
v 341.85 4.19998 163.67 
v 341.75 4.19999 162.67 
v 341.75 4.19999 163.67 
v 341.85 4.19999 162.67 
v 341.75 4.19999 163.67 
v 341.75 4.19999 162.67 
v 341.75 4.19999 163.67 
v 341.85 4.19999 163.67 
v 341.75 4.19999 163.67 
v 341.75 4.2 163.67 
v 341.85 4.19999 163.67 
v 341.85 4.19999 162.67 
v 341.85 4.19999 163.67 
v 341.85 4.19999 163.67 
v 343.25 4.19999 164.87 
v 343.25 4.19999 164.87 
v 343.25 4.29998 164.87 
v 343.25 4.19999 164.87 
v 343.25 4.19999 164.87 
v 343.25 4.29998 164.87 
v 341.85 4.19999 165.47 
v 343.25 4.19999 165.47 
v 341.85 4.19999 165.47 
v 343.25 4.19999 165.47 
v 341.85 4.19999 165.47 
v 343.25 4.19999 165.47 
v 343.25 4.29998 165.47 
v 343.25 4.19999 164.87 
v 343.25 4.29998 164.87 
v 344.15 4.19999 162.97 
v 344.15 4.19999 163.97 
v 344.15 4.19999 162.97 
v 344.15 4.19999 162.67 
v 343.25 4.19999 162.67 
v 343.25 4.19999 162.67 
v 343.25 4.19999 162.67 
v 341.85 4.19999 161.87 
v 344.15 4.19999 161.87 
v 343.85 4.19999 161.87 
v 343.85 4.2 161.87 
v 344.15 4.19999 161.87 
v 344.15 4.19999 161.37 
v 344.15 4.19999 161.87 
v 344.15 4.2 161.87 
v 341.85 4.19999 161.87 
v 343.85 4.29998 161.87 
v 341.85 4.19999 161.87 
v 344.15 4.20001 161.37 
v 344.25 4.3 161.37 
v 344.15 4.20001 161.37 
v 343.85 4.29998 161.37 
v 343.85 4.19998 161.37 
v 341.85 4.19998 161.37 
v 343.85 4.19998 161.37 
v 343.85 4.29998 161.37 
v 343.85 4.3 161.37 
v 343.85 4.3 161.87 
v 343.85 4.3 161.37 
v 343.85 4.29998 161.87 
v 343.85 4.29998 161.87 
v 343.85 4.2 161.37 
v 341.75 4.29998 161.37 
v 343.85 4.29998 161.37 
v 341.75 4.29998 161.37 
v 341.75 4.29998 161.87 
v 344.15 4.20001 161.37 
v 344.15 4.2 161.37 
v 344.15 4.20001 161.37 
v 344.15 4.2 161.37 
v 343.85 4.2 161.37 
v 343.85 4.2 161.87 
v 343.85 4.2 161.37 
v 344.15 4.2 161.37 
v 343.85 4.2 161.87 
v 344.15 4.2 161.87 
v 343.85 4.29998 161.87 
v 341.75 4.29998 161.87 
v 341.75 4.19998 161.87 
v 341.85 4.19999 161.87 
v 343.25 4.29998 162.97 
v 343.25 4.29998 162.67 
v 343.25 4.3 162.67 
v 343.25 4.29998 162.67 
v 341.75 4.29998 162.67 
v 341.75 4.29998 162.67 
v 344.25 4.29998 162.67 
v 343.85 4.29998 161.87 
v 341.75 4.29998 162.67 
v 341.75 4.29998 161.87 
v 341.75 4.19998 162.17 
v 341.75 4.29998 161.87 
v 343.25 4.29998 162.67 
v 343.25 4.29998 162.67 
v 343.25 4.29998 162.67 
v 343.25 4.29998 162.67 
v 343.25 4.2 162.67 
v 343.25 4.29998 162.67 
v 343.25 4.29998 162.67 
v 343.25 4.3 162.67 
v 343.25 4.3 162.97 
v 343.25 4.2 162.97 
v 343.25 4.2 162.97 
v 343.25 4.2 162.97 
v 343.25 4.2 162.97 
v 343.25 4.2 162.97 
v 343.25 4.2 162.97 
v 341.75 4.2 162.67 
v 343.25 4.2 162.97 
v 341.75 4.2 163.67 
v 343.25 4.2 162.67 
v 343.25 4.2 162.67 
v 341.75 4.2 162.67 
v 343.25 4.19999 162.67 
v 341.75 4.3 162.67 
v 343.25 4.3 162.67 
v 341.75 4.3 162.67 
v 341.75 4.3 163.67 
v 341.85 4.19999 162.67 
v 341.85 4.19999 162.67 
v 341.85 4.19998 162.67 
v 343.25 4.2 163.67 
v 341.75 4.19999 162.67 
v 341.75 4.19998 162.67 
v 341.75 4.3 162.67 
v 341.75 4.2 162.67 
v 341.75 4.29998 163.67 
v 341.75 4.19998 162.67 
v 344.25 4.3 163.97 
v 343.25 4.3 163.97 
v 343.25 4.29998 163.67 
v 343.25 4.3 163.67 
v 341.75 4.29998 163.67 
v 343.25 4.19999 163.67 
v 343.25 4.29998 163.67 
v 341.75 4.29998 163.67 
v 343.25 4.29998 163.97 
v 343.25 4.29998 163.67 
v 343.25 4.19999 163.67 
v 343.25 4.2 163.67 
v 343.25 4.3 163.67 
v 343.25 4.2 163.67 
v 343.25 4.29998 163.97 
v 343.25 4.29998 163.97 
v 343.25 4.3 163.97 
v 343.25 4.29998 163.97 
v 344.25 4.29998 163.97 
v 343.25 4.29998 163.97 
v 344.25 4.29998 164.87 
v 343.25 4.29998 164.87 
v 343.25 4.29998 163.97 
v 341.75 4.29998 165.47 
v 343.25 4.19999 163.97 
v 343.25 4.19999 163.97 
v 343.25 4.29998 163.97 
v 343.25 4.29998 163.97 
v 343.25 4.2 163.67 
v 343.25 4.2 162.97 
v 341.75 4.2 163.67 
v 341.85 4.19999 163.67 
v 341.75 4.3 163.67 
v 341.75 4.3 163.67 
v 341.75 4.29998 163.67 
v 341.75 4.29998 163.67 
v 341.75 4.29998 163.67 
v 341.75 4.29998 163.67 
v 341.75 4.19998 163.67 
v 341.75 4.29998 163.67 
v 343.25 4.29998 164.87 
v 343.25 4.29998 165.47 
v 343.25 4.29999 164.87 
v 343.25 4.29998 165.47 
v 343.25 4.29998 164.87 
v 343.25 4.29998 164.87 
v 343.25 4.29999 164.87 
v 343.25 4.29998 164.87 
v 343.25 4.29999 165.57 
v 343.25 4.29998 165.47 
v 343.25 4.19999 165.47 
v 343.25 4.19999 165.47 
v 343.25 4.29998 165.47 
v 343.25 4.19999 165.47 
v 343.25 4.19999 165.47 
v 343.25 4.19999 165.47 
v 343.25 4.29998 164.87 
v 341.75 4.29998 165.47 
v 341.75 4.29998 165.47 
v 341.75 3.59998 165.47 
v 341.75 3.59998 165.47 
v 341.75 4.19998 165.47 
v 344.15 4.19999 163.97 
v 344.15 4.19999 163.97 
v 344.15 4.19999 163.97 
v 343.85 4.19999 161.87 
v 343.85 4.29998 161.87 
v 341.85 4.19999 161.87 
v 344.25 4.29998 161.87 
v 343.85 4.29998 161.87 
v 341.75 4.29998 161.87 
v 344.15 4.2 161.87 
v 344.15 2.19999 165.47 
v 341.85 2.19999 165.47 
v 341.85 2.19999 164.77 
v 341.85 2.19999 165.47 
v 343.25 4.19999 165.47 
v 343.25 4.19999 165.47 
v 343.25 4.19999 165.47 
v 343.25 4.19999 165.47 
v 343.25 3.59998 165.47 
v 343.25 3.59998 165.47 
v 343.25 4.19999 165.47 
v 343.25 4.19999 165.47 
v 343.25 3.59998 165.47 
v 343.25 3.59998 165.47 
v 343.25 4.19999 165.47 
v 343.25 3.59998 165.47 
v 343.25 3.59998 165.47 
v 341.75 3.59998 165.47 
v 343.25 3.59998 165.47 
v 343.25 3.59998 165.47 
v 343.25 3.59998 165.47 
v 343.25 3.59998 165.47 
v 343.25 3.59998 165.47 
v 341.75 3.59998 165.47 
v 341.85 2.19999 165.47 
v 341.85 4.19999 165.47 
v 341.85 2.19999 161.37 
v 341.85 2.19999 164.77 
v 341.85 3.19998 163.67 
v 341.85 2.19999 161.37 
v 344.15 2.19999 161.37 
v 341.85 4.19998 162.67 
v 341.85 3.19998 164.77 
v 341.85 4.19999 164.77 
v 341.85 4.19998 164.77 
v 341.85 3.19998 163.67 
v 341.85 3.19998 164.77 
v 341.85 3.19998 163.67 
v 341.85 4.19998 161.87 
v 341.85 4.19998 161.87 
v 341.85 4.19998 162.67 
v 341.85 4.19998 162.17 
v 341.85 4.19998 161.87 
v 341.85 4.19999 161.87 
v 341.85 4.19998 161.37 
v 341.85 4.19998 161.87 
v 341.85 4.19998 161.87 
v 341.85 4.19998 162.67 
v 341.85 4.19999 163.67 
v 341.85 4.19999 164.77 
v 341.85 4.19999 163.67 
v 341.85 4.19999 163.67 
v 341.85 4.19999 163.67 
v 341.85 4.19998 163.67 
v 341.85 3.19998 163.67 
v 341.85 3.19998 163.67 
v 341.85 4.19999 165.47 
v 341.85 4.19999 165.47 
v 341.85 4.19999 165.47 
v 341.85 4.19998 164.77 
v 341.85 4.19998 163.67 
v 341.85 4.19998 163.67 
v 341.85 4.19999 165.47 
v 341.85 2.19999 165.47 
v 341.85 4.19999 165.47 
v 341.75 4.19999 165.47 
v 341.85 4.19999 164.77 
v 341.85 2.19999 164.77 
v 341.85 3.2 164.77 
v 341.85 2.19999 161.37 
v 341.85 4.19998 161.37 
v 341.85 4.19998 161.87 
v 341.85 2.19999 161.37 
v 341.75 2.19999 161.37 
v 341.85 4.19998 161.37 
v 341.85 4.19998 161.37 
v 341.85 4.19998 161.87 
v 341.75 4.19998 161.37 
v 341.75 4.19998 161.37 
v 341.75 2.19999 162.17 
v 341.75 2.19999 161.37 
v 341.85 2.19999 161.37 
v 341.75 2.19999 161.37 
v 341.75 2.19999 162.17 
v 341.75 4.19998 161.87 
v 341.75 4.19998 161.37 
v 341.75 4.19998 161.37 
v 341.75 4.19998 161.87 
v 341.75 4.29998 161.37 
v 341.75 4.19998 161.37 
v 341.75 4.19998 161.87 
v 341.75 4.19998 161.37 
v 341.75 4.19998 161.37 
v 341.75 4.19998 161.37 
v 341.85 2.19999 162.17 
v 341.85 2.19999 162.17 
v 341.85 4.19998 161.87 
v 341.75 2.19999 162.17 
v 341.85 2.19999 162.17 
v 341.85 4.19998 162.17 
v 341.75 2.19999 162.17 
v 341.75 4.19998 162.17 
v 341.85 2.19999 162.17 
v 341.75 4.19998 162.17 
v 341.75 2.19999 162.17 
v 341.75 2.19999 162.47 
v 341.75 2.19999 162.47 
v 341.75 2.19999 162.17 
v 341.85 2.19999 162.17 
v 341.75 4.19998 162.67 
v 341.85 2.19999 163.67 
v 341.75 2.5 163.67 
v 341.75 2.19999 163.67 
v 341.85 2.19999 163.67 
v 341.85 2.19999 162.17 
v 341.85 3.19998 163.67 
v 341.85 3.19998 163.67 
v 341.75 2.5 163.67 
v 341.75 2.19999 163.67 
v 341.85 2.19999 163.67 
v 341.75 2.19999 163.67 
v 341.85 3.19998 163.67 
v 341.75 2.2 163.67 
v 341.75 2.5 163.67 
v 341.85 2.2 163.67 
v 341.75 2.5 163.67 
v 341.75 2.2 163.67 
v 341.75 2.2 164.47 
v 341.75 2.2 164.47 
v 341.75 2.2 163.67 
v 341.85 2.2 163.67 
v 341.75 2.5 164.77 
v 341.85 2.2 164.77 
v 341.85 3.19998 163.67 
v 341.85 2.2 164.77 
v 341.85 2.2 163.67 
v 341.85 3.19998 163.67 
v 341.85 2.19999 164.77 
v 341.85 2.19999 165.47 
v 341.75 2.19999 165.47 
v 341.85 2.2 164.77 
v 341.75 2.2 164.77 
v 341.75 2.5 164.77 
v 341.75 2.2 164.77 
v 341.75 3.2 164.77 
v 341.75 2.2 164.77 
v 341.75 2.2 164.77 
v 341.75 2.2 164.77 
v 341.75 2.19999 165.47 
v 341.75 3.2 164.77 
v 341.75 2.19999 164.77 
v 341.75 2.2 164.77 
v 341.75 2.2 164.77 
v 341.75 2.2 164.77 
v 341.75 2.2 164.77 
v 341.75 2.19999 164.77 
v 341.75 2.19999 164.77 
v 341.85 3.19998 163.67 
v 341.85 3.19998 163.67 
v 341.75 3.19998 163.67 
v 341.75 3.19998 163.67 
v 341.75 4.19998 163.67 
v 341.75 3.19998 163.67 
v 341.75 3.2 163.67 
v 341.75 4.19998 163.67 
v 341.75 4.19999 163.67 
v 341.75 3.2 163.67 
v 341.75 3.2 163.67 
v 341.75 3.2 163.67 
v 341.75 3.2 163.67 
v 341.75 3.2 164.77 
v 341.75 3.2 164.77 
v 341.75 3.2 163.67 
v 341.75 3.19998 163.67 
v 341.75 3.19998 163.67 
v 341.75 3.19998 163.67 
v 341.85 3.19998 164.77 
v 341.85 3.2 164.77 
v 341.85 3.19998 164.77 
v 341.85 3.19998 164.77 
v 341.85 3.2 164.77 
v 341.85 3.2 164.77 
v 341.85 3.2 164.77 
v 341.75 3.2 164.77 
v 341.85 3.2 164.77 
v 341.85 3.19998 164.77 
v 341.85 4.19998 164.77 
v 341.75 3.2 164.77 
v 341.75 3.2 164.77 
v 341.75 4.19999 164.77 
v 341.75 3.2 164.77 
v 341.75 3.2 164.77 
v 341.75 3.2 164.77 
v 341.75 3.2 164.77 
v 341.75 3.2 164.77 
v 341.75 2.19999 165.47 
v 341.75 4.19999 165.47 
v 341.75 3.2 164.77 
v 341.75 4.19999 164.77 
v 341.85 4.19998 161.87 
v 341.85 4.19998 162.17 
v 341.85 4.19998 161.87 
v 341.85 4.19998 162.17 
v 341.85 4.19998 161.87 
v 341.85 4.19998 161.87 
v 341.85 4.19999 161.87 
v 341.85 4.19998 161.87 
v 341.85 4.19999 161.87 
v 341.85 4.19998 161.87 
v 341.75 4.19998 161.87 
v 341.85 4.19998 161.87 
v 341.85 4.19998 162.17 
v 341.85 4.19998 162.67 
v 341.85 4.19998 162.17 
v 341.85 4.19998 162.67 
v 341.85 4.19999 161.87 
v 341.75 4.19998 162.17 
v 341.75 4.19998 161.87 
v 341.75 4.19998 162.17 
v 341.75 4.19999 162.17 
v 341.75 4.19999 162.17 
v 341.75 4.19998 161.87 
v 341.75 4.19998 162.17 
v 341.75 4.19999 162.17 
v 341.75 4.19998 161.87 
v 341.75 4.19998 161.87 
v 341.75 4.19998 162.17 
v 341.75 4.19998 162.17 
v 341.75 4.19998 162.17 
v 341.75 4.19998 161.87 
v 341.75 4.19998 161.87 
v 341.75 4.19998 161.87 
v 341.75 4.29998 161.87 
v 341.75 4.19999 163.67 
v 341.75 4.19998 162.67 
v 341.75 4.19998 162.67 
v 341.75 4.19998 162.67 
v 341.85 4.19999 163.67 
v 341.85 4.19998 163.67 
v 341.85 4.19999 163.67 
v 341.85 4.19999 163.67 
v 341.85 4.19999 163.67 
v 341.85 4.19999 163.67 
v 341.75 4.19999 163.67 
v 341.75 4.19999 163.67 
v 341.85 4.19999 163.67 
v 341.85 4.19998 163.67 
v 341.75 4.19998 163.67 
v 341.75 4.29998 163.67 
v 341.75 4.19999 163.67 
v 341.75 4.29998 165.47 
v 341.75 4.19998 163.67 
v 341.75 4.19999 163.67 
v 341.75 4.19999 163.67 
v 341.75 4.19998 163.67 
v 341.75 4.19998 164.77 
v 341.75 3.2 164.77 
v 341.75 4.19998 164.77 
v 341.75 4.19998 164.77 
v 341.75 4.19999 165.47 
v 341.85 4.19999 165.47 
v 341.85 4.19999 165.47 
v 341.75 4.19998 165.47 
v 341.75 4.19998 165.47 
v 341.75 4.19999 164.77 
v 341.85 2.19999 161.37 
v 341.85 4.19998 161.37 
v 343.85 4.19998 161.37 
v 344.15 2.19999 161.37 
v 343.85 4.19998 161.37 
v 344.15 2.20001 161.37 
v 344.15 2.20001 161.37 
v 343.85 4.19998 161.37 
v 343.85 4.19998 161.37 
v 344.15 2.20001 161.37 
v 344.25 4.19999 165.57 
v 344.15 2.19999 164.27 
v 344.15 3.6 161.97 
v 343.85 4.3 161.87 
v 344.25 2.90001 163.97 
v 344.25 4.3 162.97 
v 344.25 3.59999 163.97 
v 344.25 3.59998 161.97 
v 344.25 4.19998 161.97 
v 344.25 3.59998 162.97 
v 344.25 4.19998 162.97 
v 341.85 4.19999 165.47 
v 341.75 2.19999 165.47 
v 341.75 3.59999 165.47 
v 343.25 3.59998 165.47 
v 344.25 2.2 165.57 
v 344.25 3.5 165.47 
v 344.25 3.59999 165.57 
v 344.25 2.2 165.47 
v 344.25 2.2 165.57 
v 344.25 3.59999 165.57 
v 341.75 2.2 165.57 
v 344.25 2.2 165.57 
v 341.75 2.2 165.57 
v 344.25 2.2 165.47 
v 341.75 3.59999 165.57 
v 344.25 2.2 165.47 
v 341.75 2.19999 165.47 
v 344.25 3.5 165.47 
v 343.35 3.59998 165.47 
v 343.25 4.19999 165.57 
v 341.75 3.59999 165.57 
v 341.75 3.59999 165.47 
v 341.75 2.2 165.57 
v 341.75 3.59999 165.57 
v 341.75 2.19999 165.47 
v 341.75 4.29999 165.47 
v 341.75 3.59999 165.47 
v 344.25 4.29999 164.87 
v 344.25 4.29998 165.57 
v 344.25 4.29998 165.47 
v 344.25 4.29998 165.57 
v 344.25 4.29999 164.87 
v 343.25 4.29999 164.87 
v 343.25 4.29998 165.57 
v 343.25 4.19999 165.57 
v 344.25 4.19999 165.57 
v 343.25 3.59999 165.57 
v 344.25 3.59999 165.57 
v 343.25 3.59999 165.57 
v 341.75 3.59999 165.57 
v 344.25 3.59999 165.57 
v 344.25 4.29998 165.57 
v 343.25 3.59999 165.57 
v 343.25 4.29998 165.57 
v 343.25 4.29998 165.57 
v 341.75 4.29999 165.47 
v 344.25 3.59999 165.47 
v 344.25 3.59999 165.47 
v 344.25 3.59999 165.57 
v 344.25 3.59999 165.47 
v 344.15 2.19999 165.47 
v 344.15 3.59999 165.47 
v 343.25 3.59998 165.47 
v 344.15 2.90001 164.27 
v 344.15 3.59998 164.27 
v 344.15 2.2 164.27 
v 344.15 2.19999 165.47 
v 344.15 2.2 163.97 
v 344.15 2.90001 164.27 
v 344.15 2.2 164.27 
v 344.25 2.9 164.27 
v 344.15 2.2 164.27 
v 344.15 3.59998 164.27 
v 344.25 3.59998 164.27 
v 344.15 2.2 162.97 
v 344.15 2.2 164.27 
v 344.15 2.2 163.97 
v 344.25 2.2 164.27 
v 344.15 2.2 162.97 
v 344.25 2.2 163.97 
v 344.15 2.2 163.97 
v 344.15 2.89999 163.97 
v 344.25 2.9 163.97 
v 344.15 2.2 161.37 
v 344.15 2.2 161.97 
v 344.15 2.2 161.97 
v 344.25 2.2 161.97 
v 344.15 4.19998 161.97 
v 344.15 2.2 161.97 
v 344.25 4.19999 161.97 
v 344.15 4.19998 161.97 
v 344.15 3.6 161.97 
v 344.15 2.2 161.37 
v 344.25 2.20001 161.37 
v 344.15 4.19998 165.47 
v 344.15 4.19999 164.87 
v 344.25 4.19999 165.47 
v 344.15 4.19999 164.87 
v 344.15 4.19998 165.47 
v 344.25 4.19999 164.87 
v 344.15 3.59999 165.47 
v 344.15 4.19998 165.47 
v 344.25 4.19999 165.47 
v 344.15 4.19999 164.87 
v 344.15 3.59999 164.87 
v 344.25 3.59999 164.87 
v 344.15 3.59999 164.87 
v 344.15 4.19999 164.87 
v 344.25 4.19999 164.87 
v 344.15 3.59999 165.47 
v 344.15 2.19999 165.47 
v 344.25 3.5 165.47 
v 344.15 4.19999 164.87 
v 344.15 4.19999 163.97 
v 344.25 4.19999 164.87 
v 344.15 3.59999 163.97 
v 344.15 4.19999 163.97 
v 344.25 4.19999 163.97 
v 344.15 3.59998 164.27 
v 344.15 2.90001 164.27 
v 344.25 2.9 164.27 
v 344.15 4.19999 163.97 
v 344.15 2.2 163.97 
v 344.25 2.2 163.97 
v 344.15 4.19999 163.97 
v 344.15 3.59999 163.97 
v 344.15 2.89999 163.97 
v 344.15 3.59999 163.97 
v 344.25 3.59999 163.97 
v 344.15 2.89999 163.97 
v 344.15 4.19999 162.97 
v 344.15 4.19999 162.67 
v 344.25 4.19998 162.67 
v 344.15 4.19999 162.67 
v 344.15 4.19999 162.97 
v 344.25 4.19999 162.97 
v 344.15 4.19998 162.47 
v 344.15 4.19998 161.97 
v 344.25 4.19999 161.97 
v 344.15 4.19998 161.97 
v 344.25 4.19999 161.97 
v 344.15 2.2 162.97 
v 344.15 4.19999 162.97 
v 344.25 2.2 162.97 
v 344.15 4.19999 162.97 
v 344.15 3.59998 162.97 
v 344.15 4.19999 162.97 
v 344.15 3.59998 162.97 
v 344.25 4.19999 162.97 
v 344.15 3.59998 162.97 
v 344.15 2.2 162.97 
v 344.25 3.59998 162.97 
v 344.25 2.20001 161.37 
v 344.25 4.2 161.37 
v 344.25 4.2 161.87 
v 344.25 4.2 161.37 
v 344.25 4.29999 161.87 
v 344.25 4.2 161.87 
v 344.25 4.3 161.37 
v 344.15 4.2 161.37 
v 344.25 4.2 161.37 
v 344.25 2.20001 161.37 
v 344.15 2.2 161.37 
v 344.25 2.2 165.47 
v 344.25 2.2 164.27 
v 344.15 2.19999 165.47 
v 344.25 2.2 164.27 
v 344.25 3.59999 165.47 
v 344.25 2.2 164.27 
v 344.25 2.2 163.97 
v 344.25 2.9 164.27 
v 344.25 2.9 164.27 
v 344.25 2.9 163.97 
v 344.25 3.59999 163.97 
v 344.25 2.2 164.27 
v 344.25 2.2 163.97 
v 344.25 4.19999 163.97 
v 344.25 4.19999 163.97 
v 344.25 2.2 163.97 
v 344.25 4.19999 162.97 
v 344.25 2.2 162.97 
v 344.25 2.2 162.97 
v 344.25 2.9 163.97 
v 344.25 3.59998 162.47 
v 344.25 3.59998 162.97 
v 344.25 2.2 161.97 
v 344.25 2.2 162.97 
v 344.25 2.2 161.97 
v 344.25 4.19999 161.97 
v 344.25 4.19999 162.97 
v 344.25 2.2 161.97 
v 344.15 2.2 161.97 
v 344.25 3.59999 161.97 
v 344.25 2.2 161.97 
v 344.25 3.59998 164.27 
v 344.25 3.59999 164.87 
v 344.25 4.19999 164.87 
v 344.25 3.59998 164.27 
v 344.25 3.59999 164.87 
v 344.25 3.59999 165.47 
v 344.25 3.59999 164.87 
v 344.25 4.19999 164.87 
v 344.25 3.59999 165.47 
v 344.15 4.19998 165.47 
v 344.25 3.59999 164.87 
v 344.25 4.19999 163.97 
v 344.15 4.19999 164.87 
v 344.25 4.19999 163.97 
v 344.15 4.19999 163.97 
v 344.25 4.19999 164.87 
v 344.25 4.19999 165.47 
v 344.25 4.19999 165.47 
v 344.25 4.19999 165.47 
v 344.25 4.19999 164.87 
v 344.25 4.29999 164.87 
v 344.25 4.29999 164.87 
v 344.25 4.29999 163.97 
v 344.25 4.29999 164.87 
v 344.25 4.19999 164.87 
v 344.25 3.59999 165.47 
v 344.15 3.59999 165.47 
v 343.35 3.59998 165.47 
v 343.25 3.59998 165.47 
v 344.25 3.59999 165.47 
v 344.25 4.29998 165.47 
v 344.25 4.29999 163.97 
v 344.25 3.59999 163.97 
v 344.15 4.19999 163.97 
v 344.25 4.19999 163.97 
v 344.15 4.19999 162.97 
v 344.25 4.19999 163.97 
v 344.25 3.59998 164.27 
v 343.25 4.29998 162.97 
v 344.25 4.29998 162.97 
v 344.25 4.29998 162.97 
v 343.25 4.29998 162.97 
v 343.25 4.3 163.67 
v 344.25 4.29999 161.87 
v 344.25 4.3 161.37 
v 343.85 4.29998 161.87 
v 344.15 4.19998 161.97 
v 344.25 4.19999 161.97 
v 344.25 3.59999 161.97 
v 344.25 4.29998 162.97 
v 344.25 4.19998 162.67 
v 344.25 4.29998 162.67 
v 344.25 4.19999 162.97 
v 344.25 4.29998 162.97 
v 344.25 4.19999 162.97 
v 344.25 4.19999 163.97 
v 343.25 4.19999 163.67 
v 343.25 4.29998 162.97 
v 343.25 4.29998 162.97 
v 344.25 4.29998 162.97 
v 344.25 4.29998 162.67 
v 344.25 4.19999 162.97 
v 344.25 4.19999 162.97 
v 344.25 4.29998 162.67 
v 344.25 4.19998 162.67 
v 344.15 4.19999 162.67 
v 344.25 4.19998 162.67 
v 344.25 4.29998 162.67 
v 344.15 4.19999 162.67 
v 344.25 4.19999 161.97 
v 343.25 4.29998 162.67 
v 343.25 4.19999 162.67 
v 344.25 4.2 161.87 
v 344.25 4.29999 161.87 
v 343.85 4.29999 161.37 
v 344.25 3.59998 162.97 
v 344.25 3.59998 162.47 
v 344.25 3.59999 161.97 
v 344.25 3.59998 162.97 
v 344.25 3.59999 161.97 
v 344.15 3.6 161.97 
v 344.15 3.6 161.97 
v 343.85 4.19999 161.87 
v 343.85 4.19999 161.37 
v 343.85 4.29998 161.87 
v 343.85 4.19999 161.37 
v 343.85 4.19999 161.87 
v 344.15 4.2 161.37 
v 343.85 4.19999 161.37 
v 343.25 4.19999 162.97 
v 343.25 4.19999 163.67 
v 343.25 4.19999 162.67 
v 341.85 4.19999 162.67 
v 341.85 4.19998 163.67 
v 341.75 4.19999 162.67 
v 341.75 4.19998 163.67 
v 343.25 4.19999 164.87 
v 343.25 4.29999 164.87 
v 341.85 4.19999 165.47 
v 343.25 4.19999 165.47 
v 343.25 4.29998 165.47 
v 343.25 4.19999 164.87 
v 343.25 4.29999 164.87 
v 344.15 4.19999 161.87 
v 343.85 4.19999 161.87 
v 341.85 4.19998 161.87 
v 343.85 4.29998 161.87 
v 344.25 4.3 161.37 
v 343.85 4.29999 161.37 
v 343.85 4.19999 161.37 
v 341.85 4.19998 161.37 
v 343.85 4.29999 161.37 
v 343.85 4.29998 161.87 
v 343.85 4.29999 161.37 
v 343.85 4.19999 161.37 
v 341.75 4.29998 161.37 
v 343.85 4.29999 161.37 
v 341.75 4.29998 161.37 
v 341.75 4.29998 161.87 
v 343.85 4.29999 161.37 
v 343.85 4.19999 161.87 
v 343.85 4.19999 161.37 
v 344.15 4.2 161.37 
v 343.85 4.19999 161.87 
v 344.15 4.19999 161.87 
v 343.85 4.29998 161.87 
v 341.75 4.29998 161.87 
v 341.75 4.19998 161.87 
v 343.25 4.29998 162.67 
v 341.75 4.29999 162.67 
v 341.75 4.29999 162.67 
v 341.75 4.29999 162.67 
v 341.75 4.29998 161.87 
v 341.75 4.19998 162.17 
v 343.25 4.19999 162.97 
v 343.25 4.19999 162.97 
v 341.75 4.19999 162.67 
v 343.25 4.19999 162.97 
v 341.75 4.19998 163.67 
v 343.25 4.19999 162.67 
v 343.25 4.19999 162.67 
v 343.25 4.29998 162.67 
v 343.25 4.19999 162.67 
v 341.75 4.19999 162.67 
v 341.75 4.29999 162.67 
v 343.25 4.29998 162.67 
v 341.75 4.29999 162.67 
v 341.75 4.29998 163.67 
v 341.85 4.19999 162.67 
v 341.75 4.19999 162.67 
v 341.75 4.29999 162.67 
v 341.75 4.19999 162.67 
v 341.75 4.29998 163.67 
v 341.75 4.19999 162.67 
v 344.25 4.29999 163.97 
v 343.25 4.29999 163.97 
v 343.25 4.3 163.67 
v 341.75 4.29998 163.67 
v 343.25 4.29999 163.97 
v 343.25 4.19999 163.67 
v 343.25 4.3 163.67 
v 343.25 4.3 163.67 
v 343.25 4.19999 163.67 
v 343.25 4.29999 163.97 
v 344.25 4.29999 163.97 
v 344.25 4.29999 164.87 
v 343.25 4.29999 164.87 
v 343.25 4.19999 163.97 
v 343.25 4.19999 163.97 
v 343.25 4.29999 163.97 
v 343.25 4.19999 163.67 
v 341.85 4.19998 163.67 
v 341.75 4.19998 163.67 
v 341.75 4.19998 163.67 
v 343.25 4.29998 165.47 
v 343.25 4.29998 165.57 
v 343.25 4.29998 165.57 
v 343.25 4.29999 164.87 
v 343.25 4.29998 165.47 
v 341.75 4.29999 165.47 
v 343.25 4.29998 165.47 
v 343.25 4.19999 165.47 
v 341.75 4.29999 165.47 
v 341.75 4.19998 165.47 
v 343.85 4.19999 161.87 
v 343.85 4.29998 161.87 
v 341.85 4.19998 161.87 
v 344.25 4.29999 161.87 
v 341.75 4.29998 161.87 
v 344.15 2.19999 165.47 
v 341.85 2.19999 165.47 
v 341.85 2.19999 164.77 
v 341.85 2.19999 165.47 
v 343.25 4.19999 165.47 
v 341.85 2.19999 161.37 
v 341.85 2.19999 164.77 
v 341.85 3.19998 163.67 
v 341.85 2.19999 161.37 
v 341.85 4.19999 162.67 
v 341.85 3.19999 164.77 
v 341.85 4.19998 164.77 
v 341.85 4.19998 161.87 
v 341.85 4.19998 161.87 
v 341.85 4.19999 162.67 
v 341.85 4.19998 162.17 
v 341.85 4.19998 161.37 
v 341.85 4.19998 163.67 
v 341.85 2.19999 165.47 
v 341.85 4.19998 164.77 
v 341.85 2.19999 164.77 
v 341.85 3.19999 164.77 
v 341.85 2.19999 161.37 
v 341.85 4.19998 161.37 
v 341.85 4.19998 161.87 
v 341.85 2.19999 161.37 
v 341.75 2.19999 161.37 
v 341.75 4.19998 161.37 
v 341.75 2.19999 162.17 
v 341.75 2.19999 161.37 
v 341.85 2.19999 161.37 
v 341.75 2.19999 161.37 
v 341.75 2.19999 162.17 
v 341.75 4.19998 161.87 
v 341.75 4.19998 161.37 
v 341.75 4.29998 161.37 
v 341.85 2.19999 162.17 
v 341.85 2.19999 162.17 
v 341.75 2.19999 162.17 
v 341.85 2.19999 162.17 
v 341.85 4.19998 162.17 
v 341.75 2.19999 162.17 
v 341.75 4.19998 162.17 
v 341.85 2.19999 162.17 
v 341.75 4.19998 162.17 
v 341.75 2.19999 162.17 
v 341.75 2.19999 162.17 
v 341.85 2.19999 162.17 
v 341.85 2.2 163.67 
v 341.75 2.2 163.67 
v 341.85 2.2 163.67 
v 341.85 2.19999 162.17 
v 341.85 3.19998 163.67 
v 341.75 2.5 163.67 
v 341.75 2.2 163.67 
v 341.85 2.2 163.67 
v 341.75 2.2 163.67 
v 341.85 3.19998 163.67 
v 341.75 2.2 163.67 
v 341.85 2.2 163.67 
v 341.85 3.19998 163.67 
v 341.85 2.19999 164.77 
v 341.85 2.19999 164.77 
v 341.85 2.19999 165.47 
v 341.75 2.2 164.77 
v 341.75 3.2 164.77 
v 341.75 2.2 164.77 
v 341.75 2.2 164.77 
v 341.75 2.19999 165.47 
v 341.75 3.2 164.77 
v 341.75 2.2 164.77 
v 341.75 2.2 164.77 
v 341.75 3.19999 163.67 
v 341.75 3.2 164.77 
v 341.75 3.19999 163.67 
v 341.75 3.19999 163.67 
v 341.85 3.19999 164.77 
v 341.85 3.19999 164.77 
v 341.85 4.19998 164.77 
v 341.75 3.2 164.77 
v 341.75 2.19999 165.47 
v 341.75 4.19998 165.47 
v 341.75 4.19998 164.77 
v 341.75 3.2 164.77 
v 341.75 4.19998 164.77 
v 341.85 4.19998 162.17 
v 341.85 4.19998 162.17 
v 341.85 4.19999 162.67 
v 341.85 4.19998 162.17 
v 341.75 4.19998 161.87 
v 341.75 4.19998 162.17 
v 341.85 4.19998 163.67 
v 341.85 4.19998 163.67 
v 341.85 4.19998 164.77 
v 341.75 4.19998 163.67 
v 341.75 4.19998 163.67 
v 341.85 4.19998 163.67 
v 341.75 4.19998 163.67 
v 341.85 4.19998 164.77 
v 341.75 4.29998 163.67 
v 341.75 4.19998 163.67 
v 341.75 4.29999 165.47 
v 341.75 4.19998 163.67 
v 341.75 4.19998 164.77 
v 341.75 4.19998 164.77 
v 341.75 4.19998 165.47 
v 341.75 4.19998 165.47 
v 341.75 4.19998 164.77 
v 341.75 3.19999 163.67 
v 341.85 2.19999 161.37 
v 341.85 4.19998 161.37 
v 344.15 2.2 164.27 
v 344.25 2.2 164.27 
v 344.25 2.9 163.97 
v 344.25 4.29998 162.97 
v 344.25 3.59999 161.97 
v 344.25 3.59998 162.97 
v 341.85 4.19999 165.47 
v 341.79 2.19999 165.486 
v 341.75 3.59999 165.501 
v 343.25 3.59998 165.47 
v 344.178 2.19999 165.48 
v 344.224 3.59999 165.485 
v 341.79 2.19999 165.486 
v 341.75 3.59999 165.501 
v 344.178 2.19999 165.48 
v 344.224 3.59999 165.485 
v 341.797 4.23999 165.482 
v 343.25 4.22271 165.507 
v 344.226 4.23635 165.496 
v 344.25 4.22142 164.87 
v 343.25 4.22271 165.507 
v 344.224 3.59999 165.485 
v 341.75 3.59999 165.501 
v 344.224 3.59999 165.485 
v 344.226 4.23635 165.496 
v 344.178 2.19999 165.48 
v 343.25 3.59998 165.47 
v 344.194 2.9 164.27 
v 344.216 3.59998 164.27 
v 344.177 2.2 164.27 
v 344.178 2.19999 165.48 
v 344.178 2.2 163.97 
v 344.175 2.2 162.97 
v 344.177 2.20001 161.37 
v 344.188 2.2 161.97 
v 344.211 4.2 161.924 
v 344.208 3.59999 161.97 
v 344.171 4.19998 164.87 
v 344.19 3.59999 164.87 
v 344.171 4.19998 164.87 
v 344.25 4.22142 164.87 
v 344.171 4.19998 164.87 
v 344.195 4.19999 163.97 
v 344.25 4.22142 164.87 
v 344.195 4.19999 163.97 
v 344.214 3.59999 163.97 
v 344.216 2.89999 163.97 
v 344.175 4.19998 162.67 
v 344.207 4.19999 162.97 
v 344.207 4.19999 162.97 
v 344.187 3.59998 162.97 
v 344.177 2.20001 161.37 
v 344.211 4.2 161.924 
v 344.157 4.22 161.37 
v 344.157 4.22 161.37 
v 344.177 2.20001 161.37 
v 344.224 3.59999 165.485 
v 344.178 2.19999 165.48 
v 344.177 2.2 164.27 
v 344.177 2.2 164.27 
v 344.178 2.2 163.97 
v 344.194 2.9 164.27 
v 344.194 2.9 164.27 
v 344.216 2.89999 163.97 
v 344.214 3.59999 163.97 
v 344.188 2.2 161.97 
v 344.216 3.59998 164.27 
v 344.19 3.59999 164.87 
v 344.171 4.19998 164.87 
v 344.216 3.59998 164.27 
v 344.19 3.59999 164.87 
v 344.224 3.59999 165.485 
v 344.19 3.59999 164.87 
v 344.171 4.19998 164.87 
v 344.195 4.19999 163.97 
v 344.171 4.19998 164.87 
v 344.25 4.22142 164.87 
v 344.226 4.23635 165.496 
v 344.226 4.23635 165.496 
v 344.207 4.19999 162.97 
v 343.25 4.23333 163.67 
v 344.157 4.22 161.37 
v 343.85 4.27999 161.87 
v 344.211 4.2 161.924 
v 344.175 4.19998 162.67 
v 344.25 4.27141 162.67 
v 344.207 4.19999 162.97 
v 344.207 4.19999 162.97 
v 344.195 4.19999 163.97 
v 343.25 4.23333 163.67 
v 344.207 4.19999 162.97 
v 344.25 4.27141 162.67 
v 344.211 4.2 161.924 
v 344.211 4.2 161.924 
v 344.175 4.19998 162.67 
v 344.25 4.27141 162.67 
v 344.175 4.19998 162.67 
v 343.25 4.28748 162.67 
v 344.175 4.19998 162.67 
v 344.25 4.27141 162.67 
v 343.25 4.19999 162.67 
v 344.208 3.59999 161.97 
v 344.187 3.59998 162.97 
v 343.85 4.19999 161.87 
v 343.85 4.27999 161.87 
v 343.85 4.19999 161.87 
v 344.207 4.19999 162.97 
v 343.25 4.19999 163.67 
v 344.195 4.19999 163.97 
v 343.25 4.19999 162.67 
v 341.81 4.19999 162.67 
v 341.813 4.19998 163.67 
v 343.25 4.19999 163.67 
v 343.25 4.23333 163.67 
v 343.25 4.19999 163.67 
v 341.813 4.19998 163.67 
v 343.25 4.23333 163.67 
v 344.171 4.19998 164.87 
v 344.195 4.19999 163.97 
v 343.25 4.2909 163.97 
v 344.25 4.27141 162.67 
v 344.175 4.19998 162.67 
v 344.211 4.2 161.924 
v 343.85 4.19999 161.87 
v 343.85 4.27999 161.87 
v 344.211 4.2 161.924 
v 341.85 4.19999 161.87 
v 341.793 4.20452 161.37 
v 343.85 4.27999 161.87 
v 341.793 4.20452 161.37 
v 341.81 4.21737 161.87 
v 343.85 4.27999 161.87 
v 344.157 4.22 161.37 
v 344.211 4.2 161.924 
v 343.85 4.27999 161.87 
v 341.81 4.21737 161.87 
v 343.25 4.28748 162.67 
v 341.787 4.23075 162.67 
v 341.787 4.23075 162.67 
v 341.787 4.23075 162.67 
v 341.81 4.21737 161.87 
v 341.77 4.19998 162.17 
v 341.787 4.23075 162.67 
v 341.813 4.19998 163.67 
v 343.25 4.28748 162.67 
v 343.25 4.19999 162.97 
v 343.25 4.28748 162.67 
v 343.25 4.19999 162.67 
v 343.25 4.19999 162.67 
v 343.25 4.28748 162.67 
v 341.787 4.23075 162.67 
v 341.81 4.19999 162.67 
v 343.25 4.2909 163.97 
v 343.25 4.23333 163.67 
v 343.25 4.2909 163.97 
v 344.25 4.22142 164.87 
v 341.797 4.23999 165.482 
v 343.25 4.2909 163.97 
v 343.25 4.2909 163.97 
v 341.787 4.23075 162.67 
v 341.813 4.19998 163.67 
v 343.25 4.22271 165.507 
v 343.25 4.22271 165.507 
v 344.25 4.22142 164.87 
v 341.797 4.23999 165.482 
v 343.25 4.22271 165.507 
v 343.85 4.19999 161.87 
v 343.85 4.27999 161.87 
v 341.85 4.19999 161.87 
v 341.81 4.21737 161.87 
v 344.178 2.19999 165.48 
v 341.79 2.19999 165.486 
v 341.8 2.2 164.77 
v 341.79 2.19999 165.486 
v 341.823 2.19999 161.37 
v 341.8 2.2 164.77 
v 341.811 3.19998 163.67 
v 341.823 2.19999 161.37 
v 344.177 2.20001 161.37 
v 341.792 3.2 164.77 
v 341.816 4.19998 164.77 
v 341.81 4.21737 161.87 
v 341.81 4.21737 161.87 
v 341.787 4.23075 162.67 
v 341.77 4.19998 162.17 
v 341.793 4.20452 161.37 
v 341.81 4.19999 162.67 
v 341.816 4.19998 164.77 
v 341.8 2.2 164.77 
v 341.792 3.2 164.77 
v 341.823 2.19999 161.37 
v 341.793 4.20452 161.37 
v 341.81 4.21737 161.87 
v 341.823 2.19999 161.37 
v 341.82 2.19999 162.17 
v 341.793 4.20452 161.37 
v 341.82 2.19999 162.17 
v 341.77 4.19998 162.17 
v 341.82 2.19999 162.17 
v 341.82 2.19999 162.17 
v 341.8 2.19999 163.67 
v 341.8 2.19999 163.67 
v 341.8 2.19999 163.67 
v 341.82 2.19999 162.17 
v 341.811 3.19998 163.67 
v 341.8 2.19999 163.67 
v 341.811 3.19998 163.67 
v 341.8 2.19999 163.67 
v 341.811 3.19998 163.67 
v 341.8 2.2 164.77 
v 341.8 2.2 164.77 
v 341.792 3.2 164.77 
v 341.8 2.2 164.77 
v 341.79 2.19999 165.486 
v 341.792 3.2 164.77 
v 341.792 3.2 164.77 
v 341.797 4.23999 165.482 
v 341.816 4.19998 164.77 
v 341.77 4.19998 162.17 
v 341.77 4.19998 162.17 
v 341.787 4.23075 162.67 
v 341.81 4.19999 162.67 
v 341.813 4.19998 163.67 
v 341.813 4.19998 163.67 
v 341.813 4.19998 163.67 
v 341.797 4.23999 165.482 
v 341.813 4.19998 163.67 
v 341.797 4.23999 165.482 
v 341.813 4.19998 163.67 
v 341.816 4.19998 164.77 
v 341.811 3.19998 163.67 
v 341.823 2.19999 161.37 
v 341.793 4.20452 161.37 
v 344.216 2.89999 163.97 
v 344.25 4.22142 164.87 
v 344.208 3.59999 161.97 
v 344.187 3.59998 162.97 
v 341.797 4.23999 165.482 

vn 0 0 -1 
vn 0 0 -1 
vn 0 0 -1 
vn 0 0 -1 
vn 1 0 0 
vn 1 0 0 
vn 1 0 0 
vn 1 0 0 
vn 0 0 1 
vn 0 0 1 
vn 0 0 1 
vn 0 -1 0 
vn 0 -1 0 
vn 0 -1 0 
vn 0 0 1 
vn 0 0 -1 
vn 0 -1 0 
vn 0 0 -1 
vn 0 0 -1 
vn 0 0 1 
vn 0 0 1 
vn 0 0 1 
vn -1 0 0 
vn -1 0 0 
vn -1 0 0 
vn -1 0 0 
vn -1 0 0 
vn -1 0 0 
vn 0 1 0 
vn 0 1 0 
vn 0 1 0 
vn -1 0 0 
vn 0 0 -1 
vn 0 1 0 
vn -1 0 0 
vn 1 0 0 
vn 1 0 0 
vn 1 0 0 
vn 0 1 0 
vn 0 1 0 
vn 0 1 0 
vn -1 0 0 
vn -1 0 0 
vn -1 0 0 
vn 0 0 1 
vn 0 0 1 
vn 0 0 1 
vn 1 0 0 
vn 1 0 0 
vn 0 0 1 
vn 0 0 1 
vn 0 0 1 
vn 0 1 0 
vn 0 1 0 
vn 0 1 0 
vn 0 1 0 
vn 1 0 0 
vn 0 -1 0 
vn 0 -1 0 
vn 0 0 1 
vn 0 0 1 
vn 0 0 1 
vn 0 -1 0 
vn 0 -1 0 
vn -1 0 0 
vn -1 0 0 
vn 0 0 1 
vn 0 -1 0 
vn 0 1 0 
vn 0 1 0 
vn 0 1 0 
vn 1 0 0 
vn 1 0 0 
vn 1 0 0 
vn 0 0 -1 
vn 0 0 -1 
vn 0 -1 0 
vn 0 -1 0 
vn 0 -1 0 
vn 0 1 0 
vn 1 0 0 
vn 1 0 0 
vn 1 0 0 
vn 1 0 0 
vn 1 0 0 
vn 1 0 0 
vn 0 0 1 
vn 0 0 1 
vn 0 0 -1 
vn 0 0 -1 
vn 0 -1 0 
vn 0 -1 0 
vn 0 -1 0 
vn 1 0 0 
vn 1 0 0 
vn 1 0 0 
vn 1 0 0 
vn 0 1 0 
vn 0 1 0 
vn 0 1 0 
vn 0 0 1 
vn 0 1 0 
vn 1 0 0 
vn 0 -1 0 
vn 0 -1 0 
vn 0 -1 0 
vn 0 -1 0 
vn 0 0 1 
vn 0 0 1 
vn 0 0 1 
vn 1 0 0 
vn 1 0 0 
vn 1 0 0 
vn 1 0 0 
vn 1 0 0 
vn 1 0 0 
vn 1 0 0 
vn 0 1 0 
vn 0 1 0 
vn 0 1 0 
vn 1 0 0 
vn 1 0 0 
vn 0 0 1 
vn 0 0 1 
vn 0 0 1 
vn 1 0 0 
vn 0 0 -1 
vn 0 0 -1 
vn 0 0 -1 
vn 1 0 0 
vn 0 -1 0 
vn 0 -1 0 
vn 0 -1 0 
vn 0 -1 0 
vn 0 -1 0 
vn 0 -1 0 
vn 0 -1 0 
vn 0 -1 0 
vn 0 -1 0 
vn 1 0 0 
vn 1 0 0 
vn 0 0 -1 
vn 0 0 -1 
vn 0 0 -1 
vn 1 0 0 
vn 1 0 0 
vn 1 0 0 
vn 0 -1 0 
vn 0 -1 0 
vn 0 -1 0 
vn 1 0 0 
vn 1 0 0 
vn 0 0 1 
vn 0 0 1 
vn 0 0 1 
vn 1 0 0 
vn 1 0 0 
vn 0 -1 0 
vn 0 -1 0 
vn 0 -1 0 
vn 1 0 0 
vn 1 0 0 
vn 1 0 0 
vn 1 0 0 
vn 0 -1 0 
vn 0 -1 0 
vn 0 -1 0 
vn 1 0 0 
vn 0 1 0 
vn 0 1 0 
vn 0 1 0 
vn 0 0 -1 
vn 0 0 -1 
vn 0 0 -1 
vn 0 0 1 
vn 0 0 1 
vn 0 0 1 
vn 1 0 0 
vn 0 1 0 
vn 0 1 0 
vn 0 1 0 
vn 1 0 0 
vn 1 0 0 
vn 0 0 -1 
vn 0 0 -1 
vn 0 0 -1 
vn 1 0 0 
vn 1 0 0 
vn 1 0 0 
vn 1 0 0 
vn 0 0 1 
vn 0 0 1 
vn 0 0 1 
vn 0 0 -1 
vn 0 0 -1 
vn 0 0 -1 
vn 0 0 1 
vn 0 0 1 
vn 0 0 1 
vn 1 0 0 
vn 1 0 0 
vn 1 0 0 
vn 0 -1 0 
vn 0 -1 0 
vn 0 -1 0 
vn 0 0 -1 
vn 0 0 -1 
vn 0 0 -1 
vn 1 0 0 
vn 1 0 0 
vn 0 1 0 
vn 0 1 0 
vn 0 1 0 
vn 0 0 -1 
vn 0 0 -1 
vn 0 0 -1 
vn 1 0 0 
vn 0 1 0 
vn 0 1 0 
vn 0 1 0 
vn 1 0 0 
vn 0 0 1 
vn 0 0 1 
vn 0 0 1 
vn 1 0 0 
vn 0 0 1 
vn 0 0 1 
vn 0 0 1 
vn 0 0 -1 
vn 0 0 -1 
vn 0 0 -1 
vn 1 0 0 
vn 1 0 0 
vn 1 0 0 
vn 1 0 0 
vn 1 0 0 
vn 0 -1 0 
vn 0 -1 0 
vn 0 -1 0 
vn 1 0 0 
vn 0 1 0 
vn 0 1 0 
vn 0 1 0 
vn 1 0 0 
vn 1 0 0 
vn 1 0 0 
vn 0 -1 0 
vn 0 -1 0 
vn 0 -1 0 
vn 0 1 0 
vn 0 0 -1 
vn 0 0 -1 
vn 0 0 -1 
vn 1 0 0 
vn 0 1 0 
vn 0 1 0 
vn 0 1 0 
vn 0 -1 0 
vn 0 -1 0 
vn 0 1 0 
vn 0 1 0 
vn 0 0 -1 
vn 0 0 -1 
vn 0 0 -1 
vn 1 0 0 
vn 1 0 0 
vn 0 0 1 
vn 0 0 1 
vn 0 0 1 
vn 0 0 1 
vn 0 0 1 
vn 0 0 1 
vn 0 -1 0 
vn 0 -1 0 
vn 0 -1 0 
vn 1 0 0 
vn 1 0 0 
vn 1 0 0 
vn 1 0 0 
vn 0 0 -1 
vn 0 0 -1 
vn 0 0 -1 
vn 1 0 0 
vn 0 1 0 
vn 0 1 0 
vn 0 1 0 
vn 1 0 0 
vn 1 0 0 
vn 1 0 0 
vn 1 0 0 
vn 0 -1 0 
vn 0 -1 0 
vn 0 -1 0 
vn 0 -1 0 
vn 0 0 -1 
vn 0 0 -1 
vn 0 0 -1 
vn 0 0 -1 
vn 0 0 1 
vn 1 0 0 
vn 1 0 0 
vn 1 0 0 
vn 0 -1 0 
vn 0 -1 0 
vn 0 -1 0 
vn 0 0 1 
vn 0 0 1 
vn 0 -1 0 
vn 1 0 0 
vn 1 0 0 
vn 1 0 0 
vn 0 0 -1 
vn 0 0 -1 
vn 0 0 -1 
vn 0 1 0 
vn 0 1 0 
vn 1 0 0 
vn 1 0 0 
vn 1 0 0 
vn 0 1 0 
vn 1 0 0 
vn 1 0 0 
vn 0 0 1 
vn 0 0 1 
vn 0 0 1 
vn 1 0 0 
vn 1 0 0 
vn 1 0 0 
vn 1 0 0 
vn 0 -1 0 
vn 0 -1 0 
vn 0 0 -1 
vn 1 0 0 
vn 1 0 0 
vn 1 0 0 
vn 1 0 0 
vn 0 0 1 
vn 0 -1 0 
vn 1 0 0 
vn 1 0 0 
vn 0 -1 0 
vn 0 0 -1 
vn 0 0 -1 
vn 0 0 -1 
vn 0 0 -1 
vn 0 0 1 
vn 1 0 0 
vn 1 0 0 
vn 1 0 0 
vn 1 0 0 
vn 1 0 0 
vn 0 1 0 
vn 0 1 0 
vn 0 1 0 
vn 0 1 0 
vn 0 1 0 
vn 0 0 1 
vn 0 1 0 
vn 0 0 1 
vn 0 0 1 
vn 1 0 0 
vn 1 0 0 
vn 1 0 0 
vn 0 1 0 
vn 0 1 0 
vn 0 1 0 
vn 0 1 0 
vn 0 0 1 
vn 0 0 1 
vn 0 0 1 
vn 0 0 1 
vn 0 1 0 
vn 0 0 -1 
vn 0 0 -1 
vn 0 1 0 
vn 1 0 0 
vn 0 1 0 
vn 0 1 0 
vn 0 1 0 
vn 0 1 0 
vn 1 0 0 
vn 0 0 -1 
vn 0 0 -1 
vn 0 0 -1 
vn 0 -1 0 
vn 0 0 -1 
vn 0 0 -1 
vn 0 0 -1 
vn 1 0 0 
vn 0 -1 0 
vn 0 0 -1 
vn 0 1 0 
vn 0 1 0 
vn 0 0 1 
vn 0 1 0 
vn 0 0 1 
vn 1 0 0 
vn 1 0 0 
vn 1 0 0 
vn 1 0 0 
vn 0 1 0 
vn 1 0 0 
vn 0 0 -1 
vn 0 -1 0 
vn 1 0 0 
vn 0 0 -1 
vn 0 0 -1 
vn 0 -1 0 
vn 0 -1 0 
vn 0 -1 0 
vn 1 0 0 
vn 1 0 0 
vn 1 0 0 
vn 0 0 1 
vn 0 0 1 
vn 0 0 1 
vn 0 0 -1 
vn 0 0 -1 
vn 1 0 0 
vn 0 0 -1 
vn 1 0 0 
vn 0 -1 0 
vn 0 -1 0 
vn 0 -1 0 
vn 0 0 -1 
vn 0 -1 0 
vn 0 0 1 
vn 0 0 1 
vn 1 0 0 
vn 1 0 0 
vn 1 0 0 
vn 0 -1 0 
vn 0 0 1 
vn 0 1 0 
vn 0 1 0 
vn 0 1 0 
vn 1 0 0 
vn 0 -1 0 
vn 0 0 -1 
vn 0 0 -1 
vn 1 0 0 
vn 1 0 0 
vn 0 1 0 
vn 0 0 1 
vn 0 -1 0 
vn 0 -1 0 
vn 0 0 -1 
vn 0 0 -1 
vn 0 0 -1 
vn 0 1 0 
vn 0 1 0 
vn 0 1 0 
vn 0 0 1 
vn 0 0 1 
vn 0 0 1 
vn 1 0 0 
vn 0 1 0 
vn 0 1 0 
vn 0 1 0 
vn 0 0 -1 
vn 0 0 -1 
vn 0 0 -1 
vn 0 0 1 
vn 0 0 1 
vn 0 1 0 
vn 0 1 0 
vn 0 0 -1 
vn 0 0 -1 
vn 0 1 0 
vn 1 0 0 
vn 1 0 0 
vn 1 0 0 
vn 1 0 0 
vn 0 0 1 
vn 0 0 1 
vn 0 0 1 
vn 1 0 0 
vn 0 -1 0 
vn 0 0 1 
vn 0 1 0 
vn 0 1 0 
vn 0 1 0 
vn 0 0 -1 
vn 1 0 0 
vn 0 -1 0 
vn 0 0 -1 
vn 0 0 1 
vn 0 0 1 
vn 0 0 1 
vn 1 0 0 
vn 1 0 0 
vn 1 0 0 
vn 1 0 0 
vn 0 0 1 
vn 0 0 -1 
vn 0 0 1 
vn 0 0 1 
vn 0 0 1 
vn 0 1 0 
vn 0 1 0 
vn 0 1 0 
vn 1 0 0 
vn 1 0 0 
vn 0 1 0 
vn 0 1 0 
vn 0 0 1 
vn 0 0 1 
vn 0 -1 0 
vn 0 0 1 
vn 0 -1 0 
vn 0 -1 0 
vn 1 0 0 
vn 0 0 -1 
vn 1 0 0 
vn 0 0 -1 
vn 1 0 0 
vn 0 1 0 
vn 0 1 0 
vn 0 1 0 
vn 0 0 -1 
vn 0 1 0 
vn 1 0 0 
vn 1 0 0 
vn 1 0 0 
vn 0 1 0 
vn 0 1 0 
vn 0 1 0 
vn 0 1 0 
vn 0 0 -1 
vn 0 0 -1 
vn 0 0 -1 
vn 0 0 1 
vn 0 0 1 
vn 0 1 0 
vn 0 1 0 
vn 0 1 0 
vn -1 0 0 
vn -1 0 0 
vn -1 0 0 
vn 0 1 0 
vn 0 1 0 
vn 0 1 0 
vn 0 1 0 
vn 0 1 0 
vn 0 1 0 
vn 1 0 0 
vn 1 0 0 
vn 1 0 0 
vn 0 0 -1 
vn 0 0 -1 
vn 0 0 -1 
vn 0 0 -1 
vn 0 0 -1 
vn -1 0 0 
vn -1 0 0 
vn -1 0 0 
vn 0 1 0 
vn 0 1 0 
vn 0 1 0 
vn -1 0 0 
vn -1 0 0 
vn -1 0 0 
vn 0 0 -1 
vn 0 0 -1 
vn 0 0 -1 
vn 0 1 0 
vn 1 0 0 
vn 1 0 0 
vn 1 0 0 
vn 1 0 0 
vn 1 0 0 
vn 1 0 0 
vn 0 1 0 
vn 0 0 -1 
vn 0 0 -1 
vn 0 1 0 
vn 0 1 0 
vn 0 1 0 
vn 0 1 0 
vn 0 0 1 
vn 0 0 1 
vn 0 0 1 
vn 0 0 1 
vn 0 0 1 
vn -1 0 0 
vn -1 0 0 
vn -1 0 0 
vn 0 0 1 
vn 0 1 0 
vn 0 0 -1 
vn 0 0 -1 
vn 0 1 0 
vn 0 0 -1 
vn 0 0 -1 
vn 0 0 -1 
vn 0 1 0 
vn -1 0 0 
vn -1 0 0 
vn -1 0 0 
vn 0 0 -1 
vn 0 0 -1 
vn 0 1 0 
vn 0 0 -1 
vn 0 0 -1 
vn 0 1 0 
vn 0 0 -1 
vn 0 0 -1 
vn 0 0 -1 
vn 1 0 0 
vn 1 0 0 
vn 0 0 -1 
vn -1 0 0 
vn -1 0 0 
vn -1 0 0 
vn -1 0 0 
vn -1 0 0 
vn 0 0 -1 
vn 0 1 0 
vn 0 1 0 
vn 0 1 0 
vn -1 0 0 
vn -1 0 0 
vn -1 0 0 
vn 0 0 -1 
vn 0 0 -1 
vn 0 -1 0 
vn 0 -1 0 
vn 0 -1 0 
vn -1 0 0 
vn 0 -1 0 
vn 0 1 0 
vn 0 0 -1 
vn 0 0 -1 
vn 0 0 -1 
vn 1 0 0 
vn 1 0 0 
vn 1 0 0 
vn 0 1 0 
vn 0 0 1 
vn 0 1 0 
vn 0 1 0 
vn 0 1 0 
vn -1 0 0 
vn -1 0 0 
vn -1 0 0 
vn 0 1 0 
vn 0 1 0 
vn 0 1 0 
vn -1 0 0 
vn -1 0 0 
vn -1 0 0 
vn 0 0 -1 
vn 0 0 -1 
vn 0 0 -1 
vn 1 0 0 
vn 1 0 0 
vn 0 0 1 
vn 0 0 1 
vn 1 0 0 
vn 0 -1 0 
vn 0 -1 0 
vn 0 -1 0 
vn 0 0 -1 
vn 0 -1 0 
vn 0 -1 0 
vn 0 0 -1 
vn 0 0 -1 
vn 0 0 1 
vn 0 0 -1 
vn 0 1 0 
vn 0 1 0 
vn 0 1 0 
vn 0 0 1 
vn 0 0 1 
vn 0 0 1 
vn 0 -1 0 
vn 0 0 1 
vn 0 0 1 
vn -1 0 0 
vn -1 0 0 
vn -1 0 0 
vn -1 0 0 
vn 0 1 0 
vn 0 1 0 
vn 0 0 1 
vn 0 0 1 
vn 0 0 1 
vn 0 0 1 
vn 0 1 0 
vn 0 1 0 
vn 0 1 0 
vn 1 0 0 
vn 0 -1 0 
vn 0 0 1 
vn -1 0 0 
vn -1 0 0 
vn -1 0 0 
vn -1 0 0 
vn -1 0 0 
vn 0 0 1 
vn 0 1 0 
vn 0 1 0 
vn 0 1 0 
vn 0 1 0 
vn 0 1 0 
vn 0 1 0 
vn 0 -1 0 
vn -1 0 0 
vn 1 0 0 
vn 0 0 -1 
vn 1 0 0 
vn 0 -1 0 
vn -1 0 0 
vn 0 0 -1 
vn -1 0 0 
vn 0 0 1 
vn 0 1 0 
vn -1 0 0 
vn 0 0 -1 
vn 0 0 -1 
vn 0 0 -1 
vn 0 1 0 
vn -1 0 0 
vn -1 0 0 
vn -1 0 0 
vn 0 1 0 
vn 0 1 0 
vn 0 0 -1 
vn 0 0 -1 
vn 0 1 0 
vn 0 1 0 
vn 0 1 0 
vn -1 0 0 
vn -1 0 0 
vn 0 0 -1 
vn 0 0 -1 
vn 0 0 -1 
vn -1 0 0 
vn 1 0 0 
vn 0 0 -1 
vn 0 0 1 
vn 0 0 -1 
vn -1 0 0 
vn 0 0 1 
vn 0 0 1 
vn 0 1 0 
vn -1 0 0 
vn 0 0 1 
vn 0 0 1 
vn 0 0 1 
vn 0 1 0 
vn 0 1 0 
vn 0 0 1 
vn 0 0 -1 
vn 0 -1 0 
vn 0 -1 0 
vn 0 -1 0 
vn 0 0 1 
vn 0 0 1 
vn 0 0 1 
vn 0 0 1 
vn -1 0 0 
vn -1 0 0 
vn -1 0 0 
vn 0 -1 0 
vn 0 -1 0 
vn 0 -1 0 
vn 0 -1 0 
vn 0 0 -1 
vn 0 0 -1 
vn 0 0 -1 
vn 0 -1 0 
vn 0 -1 0 
vn 0 0 -1 
vn 1 0 0 
vn 0 -1 0 
vn 0 0 -1 
vn -1 0 0 
vn -1 0 0 
vn -1 0 0 
vn -1 0 0 
vn -1 0 0 
vn -1 0 0 
vn 0 -1 0 
vn 0 -1 0 
vn -1 0 0 
vn -1 0 0 
vn -1 0 0 
vn -1 0 0 
vn 0 -1 0 
vn 0 -1 0 
vn 0 -1 0 
vn -1 0 0 
vn 0 -1 0 
vn 0 -1 0 
vn 0 -1 0 
vn -1 0 0 
vn -1 0 0 
vn -1 0 0 
vn 0 0 1 
vn 0 0 1 
vn 0 0 1 
vn 0 -1 0 
vn 0 -1 0 
vn 0 -1 0 
vn -1 0 0 
vn 0 0 -1 
vn 0 0 -1 
vn 0 0 -1 
vn 0 0 -1 
vn 0 0 1 
vn -1 0 0 
vn -1 0 0 
vn 0 1 0 
vn 0 1 0 
vn 0 1 0 
vn -1 0 0 
vn 0 0 1 
vn 0 0 1 
vn 0 0 1 
vn 0 0 -1 
vn 0 0 -1 
vn 0 0 -1 
vn 1 0 0 
vn 1 0 0 
vn 1 0 0 
vn 0 0 -1 
vn 0 0 -1 
vn 0 -1 0 
vn 0 -1 0 
vn 0 -1 0 
vn 0 -1 0 
vn 0 0 -1 
vn 0 -1 0 
vn 0 -1 0 
vn 0 -1 0 
vn -1 0 0 
vn -1 0 0 
vn -1 0 0 
vn 0 0 -1 
vn -1 0 0 
vn -1 0 0 
vn -1 0 0 
vn -1 0 0 
vn -1 0 0 
vn 0 0 -1 
vn 0 -1 0 
vn 0 -1 0 
vn 0 -1 0 
vn 1 0 0 
vn 1 0 0 
vn 0 0 1 
vn 0 0 1 
vn 0 0 1 
vn 0 0 -1 
vn 0 0 -1 
vn 0 0 -1 
vn -1 0 0 
vn -1 0 0 
vn -1 0 0 
vn 0 -1 0 
vn 0 -1 0 
vn 0 -1 0 
vn -1 0 0 
vn 0 -1 0 
vn -1 0 0 
vn -1 0 0 
vn 1 0 0 
vn 1 0 0 
vn 1 0 0 
vn 1 0 0 
vn 0 0 1 
vn 0 0 1 
vn 0 0 1 
vn 0 -1 0 
vn 0 0 1 
vn 0 0 -1 
vn 0 0 -1 
vn 0 0 -1 
vn -1 0 0 
vn -1 0 0 
vn -1 0 0 
vn 0 -1 0 
vn 0 -1 0 
vn 0 -1 0 
vn -1 0 0 
vn 0 -1 0 
vn 0 0 -1 
vn 1 0 0 
vn 1 0 0 
vn 1 0 0 
vn 0 -1 0 
vn 0 -1 0 
vn 0 -1 0 
vn 0 0 -1 
vn 0 0 -1 
vn 0 0 1 
vn 0 0 1 
vn 0 0 1 
vn 0 0 1 
vn -1 0 0 
vn -1 0 0 
vn -1 0 0 
vn -1 0 0 
vn -1 0 0 
vn 0 -1 0 
vn 0 -1 0 
vn 0 -1 0 
vn -1 0 0 
vn 0 0 -1 
vn 0 -1 0 
vn 0 -1 0 
vn 0 -1 0 
vn 0 -1 0 
vn 0 0 1 
vn -1 0 0 
vn -1 0 0 
vn -1 0 0 
vn 0 0 1 
vn 0 0 1 
vn 0 0 -1 
vn 0 0 -1 
vn 0 1 0 
vn 0 1 0 
vn 0 1 0 
vn -1 0 0 
vn -1 0 0 
vn -1 0 0 
vn 0 0 -1 
vn 0 -1 0 
vn 1 0 0 
vn 0 0 1 
vn 0 0 1 
vn 0 0 1 
vn 1 0 0 
vn 0 1 0 
vn 0 1 0 
vn 0 1 0 
vn 1 0 0 
vn 0 -1 0 
vn 0 0 1 
vn 0 0 1 
vn -1 0 0 
vn -1 0 0 
vn 0 1 0 
vn 0 1 0 
vn -1 0 0 
vn 0 1 0 
vn 0 0 1 
vn 0 0 1 
vn -1 0 0 
vn 0 0 -1 
vn 0 0 -1 
vn 1 0 0 
vn 0 -1 0 
vn 0 -1 0 
vn 1 0 0 
vn 0 0 -1 
vn 0 0 -1 
vn 1 0 0 
vn 0 0 1 
vn 0 1 0 
vn 0 1 0 
vn 0 1 0 
vn 0 -1 0 
vn 1 0 0 
vn 1 0 0 
vn 0 0 -1 
vn 0 -1 0 
vn -1 0 0 
vn 0 -1 0 
vn -1 0 0 
vn 0 1 0 
vn 0 1 0 
vn -1 0 0 
vn 0 1 0 
vn 0 0 1 
vn 0 0 1 
vn 0 0 1 
vn 0 0 1 
vn 0 0 1 
vn 0 -1 0 
vn -1 0 0 
vn 0 0 1 
vn 0 -1 0 
vn 0 -1 0 
vn -1 0 0 
vn -1 0 0 
vn 0 -1 0 
vn 0 -1 0 
vn 0 0 1 
vn 1 0 0 
vn 1 0 0 
vn 1 0 0 
vn 0 -1 0 
vn 0 0 -1 
vn 0 1 0 
vn 0 -1 0 
vn 0 -1 0 
vn 0 0 1 
vn 0 0 1 
vn 0 1 0 
vn -1 0 0 
vn -1 0 0 
vn -1 0 0 
vn -1 0 0 
vn 0 -1 0 
vn 0 0 -1 
vn 0 -1 0 
vn -1 0 0 
vn -1 0 0 
vn 0 1 0 
vn 0 0 1 
vn 0 -1 0 
vn 0 -1 0 
vn 0 -1 0 
vn -1 0 0 
vn 0 -1 0 
vn 0 -1 0 
vn 0 0 -1 
vn 0 0 -1 
vn 0 0 -1 
vn 0 0 -1 
vn 1 0 0 
vn -1 0 0 
vn -1 0 0 
vn 0 -1 0 
vn 0 -1 0 
vn 0 -1 0 
vn 1 0 0 
vn 0 -1 0 
vn 1 0 0 
vn 0 0 1 
vn 1 0 0 
vn 1 0 0 
vn 1 0 0 
vn 1 0 0 
vn 1 0 0 
vn 1 0 0 
vn 1 0 0 
vn 0 0 1 
vn 0 0 -1 
vn 0 0 -1 
vn 0 0 -1 
vn 1 0 0 
vn 1 0 0 
vn 1 0 0 
vn 1 0 0 
vn 0 0 1 
vn 0 0 1 
vn 0 0 1 
vn 0 -1 0 
vn 0 -1 0 
vn 0 -1 0 
vn 0 0 1 
vn 0 0 -1 
vn 0 -1 0 
vn 0 0 -1 
vn 0 0 -1 
vn 0 0 1 
vn -1 0 0 
vn -1 0 0 
vn -1 0 0 
vn -1 0 0 
vn -1 0 0 
vn -1 0 0 
vn -1 0 0 
vn 1 0 0 
vn 1 0 0 
vn 1 0 0 
vn 0 1 0 
vn 0 1 0 
vn 0 1 0 
vn 0 0 1 
vn 0 0 1 
vn 0 0 1 
vn 0 0 1 
vn 0 0 1 
vn 0 1 0 
vn 0 1 0 
vn 0 1 0 
vn 0 0 1 
vn 0 0 1 
vn 0 0 1 
vn 0 1 0 
vn 0 1 0 
vn 0 0 -1 
vn 1 0 0 
vn 1 0 0 
vn 1 0 0 
vn 0 0 1 
vn 0 0 1 
vn 0 0 1 
vn 1 0 0 
vn 1 0 0 
vn 1 0 0 
vn 1 0 0 
vn 1 0 0 
vn 0 0 1 
vn 0 0 1 
vn 0 0 1 
vn 0 0 -1 
vn 0 0 -1 
vn 0 0 -1 
vn 1 0 0 
vn 0 -1 0 
vn 0 -1 0 
vn 0 -1 0 
vn 0 -1 0 
vn 0 -1 0 
vn 0 0 -1 
vn 0 0 -1 
vn 0 0 -1 
vn 1 0 0 
vn 1 0 0 
vn 0 -1 0 
vn 0 -1 0 
vn 0 0 1 
vn 0 0 1 
vn 0 0 1 
vn 1 0 0 
vn 1 0 0 
vn 0 -1 0 
vn 0 -1 0 
vn 0 -1 0 
vn 0 -1 0 
vn 0 -1 0 
vn 0 1 0 
vn 0 1 0 
vn 0 1 0 
vn 0 0 -1 
vn 0 0 -1 
vn 0 0 -1 
vn 0 0 1 
vn 0 0 1 
vn 0 0 1 
vn 0 0 -1 
vn 0 0 -1 
vn 0 0 -1 
vn 0 0 1 
vn 0 0 1 
vn 0 0 1 
vn 0 -1 0 
vn 0 -1 0 
vn 0 -1 0 
vn 0 0 -1 
vn 0 0 -1 
vn 0 0 -1 
vn 0 0 1 
vn 0 0 1 
vn 0 0 1 
vn 0 0 1 
vn 0 0 1 
vn 0 0 1 
vn 1 0 0 
vn 1 0 0 
vn 0 0 -1 
vn 0 0 -1 
vn 0 0 -1 
vn 1 0 0 
vn 0 -1 0 
vn 0 -1 0 
vn 0 -1 0 
vn 0 1 0 
vn 0 1 0 
vn 0 1 0 
vn 0 1 0 
vn 0 -1 0 
vn 0 -1 0 
vn 0 1 0 
vn 0 1 0 
vn 0 0 -1 
vn 0 0 -1 
vn 0 0 -1 
vn 1 0 0 
vn 1 0 0 
vn 0 0 1 
vn 0 0 1 
vn 0 0 1 
vn 0 0 1 
vn 0 0 1 
vn 0 0 1 
vn 1 0 0 
vn 1 0 0 
vn 1 0 0 
vn 1 0 0 
vn 1 0 0 
vn 1 0 0 
vn 1 0 0 
vn 0 0 -1 
vn 0 0 -1 
vn 0 0 -1 
vn 0 0 -1 
vn 0 0 1 
vn 1 0 0 
vn 0 -1 0 
vn 0 -1 0 
vn 0 0 1 
vn 1 0 0 
vn 1 0 0 
vn 1 0 0 
vn 1 0 0 
vn 1 0 0 
vn 1 0 0 
vn 0 0 1 
vn 0 0 -1 
vn 0 0 1 
vn 1 0 0 
vn 1 0 0 
vn 1 0 0 
vn 1 0 0 
vn 0 -1 0 
vn 0 0 -1 
vn 1 0 0 
vn 1 0 0 
vn 1 0 0 
vn 0 0 1 
vn 1 0 0 
vn 1 0 0 
vn 0 0 -1 
vn 0 0 -1 
vn 0 0 -1 
vn 0 0 -1 
vn 0 0 1 
vn 1 0 0 
vn 1 0 0 
vn 1 0 0 
vn 0 1 0 
vn 0 1 0 
vn 0 1 0 
vn 1 0 0 
vn 1 0 0 
vn 0 0 1 
vn 0 0 1 
vn 0 0 -1 
vn 1 0 0 
vn 0 1 0 
vn 0 1 0 
vn 0 1 0 
vn 0 1 0 
vn 1 0 0 
vn 0 0 1 
vn 0 1 0 
vn 0 0 1 
vn 0 0 1 
vn 1 0 0 
vn 1 0 0 
vn 0 0 -1 
vn 0 -1 0 
vn 0 0 -1 
vn 0 -1 0 
vn 0 -1 0 
vn 0 -1 0 
vn 0 -1 0 
vn 0 0 -1 
vn 1 0 0 
vn 0 0 -1 
vn 0 1 0 
vn 0 1 0 
vn 0 1 0 
vn 0 -1 0 
vn 0 0 1 
vn 0 0 -1 
vn 0 0 -1 
vn 0 1 0 
vn 0 1 0 
vn 0 1 0 
vn 0 1 0 
vn 0 1 0 
vn 0 1 0 
vn 0 0 -1 
vn 0 0 -1 
vn 0 0 -1 
vn 1 0 0 
vn 1 0 0 
vn 1 0 0 
vn 1 0 0 
vn 0 0 1 
vn 0 -1 0 
vn 0 -1 0 
vn 0 -1 0 
vn 0 0 1 
vn 0 1 0 
vn 0 1 0 
vn 0 1 0 
vn 0 1 0 
vn 0 -1 0 
vn 0 0 -1 
vn 0 0 -1 
vn 0 0 -1 
vn 0 0 1 
vn 0 0 1 
vn 0 0 1 
vn 1 0 0 
vn 0 0 -1 
vn 0 0 1 
vn 1 0 0 
vn 1 0 0 
vn 0 1 0 
vn 0 0 1 
vn 0 -1 0 
vn 0 -1 0 
vn 0 -1 0 
vn 1 0 0 
vn 0 0 -1 
vn 0 0 -1 
vn 1 0 0 
vn 1 0 0 
vn 1 0 0 
vn 0 1 0 
vn 0 1 0 
vn 0 1 0 
vn 0 0 -1 
vn 0 1 0 
vn 0 1 0 
vn 0 1 0 
vn 0 1 0 
vn 0 1 0 
vn 0 1 0 
vn 0 1 0 
vn 0 0 -1 
vn 0 0 -1 
vn 0 0 1 
vn 0 0 1 
vn 0 0 1 
vn 0 0 1 
vn 0 0 1 
vn 0 1 0 
vn 0 0 -1 
vn 0 0 -1 
vn 0 0 -1 
vn 0 0 -1 
vn 0 0 -1 
vn 0 0 -1 
vn 0 0 -1 
vn 0 0 -1 
vn -1 0 0 
vn -1 0 0 
vn -1 0 0 
vn 0 0 -1 
vn 0 1 0 
vn 0 1 0 
vn 0 1 0 
vn 1 0 0 
vn 0 -1 0 
vn 0 -1 0 
vn 0 -1 0 
vn -1 0 0 
vn 0 -1 0 
vn 0 1 0 
vn 0 0 -1 
vn 0 0 -1 
vn 0 1 0 
vn 0 0 1 
vn 0 1 0 
vn -1 0 0 
vn -1 0 0 
vn -1 0 0 
vn 0 0 1 
vn 0 0 -1 
vn 0 -1 0 
vn 0 -1 0 
vn 0 -1 0 
vn 0 -1 0 
vn 0 0 -1 
vn 0 0 -1 
vn 0 0 -1 
vn 0 0 -1 
vn 0 0 -1 
vn 0 1 0 
vn 0 1 0 
vn 0 1 0 
vn 0 0 1 
vn 0 0 1 
vn -1 0 0 
vn -1 0 0 
vn -1 0 0 
vn -1 0 0 
vn 0 1 0 
vn 0 1 0 
vn 0 1 0 
vn 0 1 0 
vn 0 1 0 
vn 1 0 0 
vn 1 0 0 
vn -1 0 0 
vn -1 0 0 
vn -1 0 0 
vn 0 1 0 
vn 0 1 0 
vn 0 1 0 
vn 0 -1 0 
vn -1 0 0 
vn 1 0 0 
vn 0 0 -1 
vn 0 0 -1 
vn 0 0 -1 
vn -1 0 0 
vn 0 1 0 
vn 0 1 0 
vn -1 0 0 
vn -1 0 0 
vn -1 0 0 
vn 0 0 -1 
vn 0 0 -1 
vn 0 0 -1 
vn 0 0 1 
vn 0 0 1 
vn 0 0 1 
vn 0 0 1 
vn 0 0 1 
vn 0 1 0 
vn 0 0 1 
vn 0 -1 0 
vn 0 -1 0 
vn 0 -1 0 
vn 0 0 1 
vn 0 0 1 
vn -1 0 0 
vn -1 0 0 
vn -1 0 0 
vn 0 -1 0 
vn -1 0 0 
vn -1 0 0 
vn -1 0 0 
vn -1 0 0 
vn 0 -1 0 
vn 0 -1 0 
vn 0 -1 0 
vn -1 0 0 
vn -1 0 0 
vn 0 0 1 
vn 0 0 -1 
vn 0 0 -1 
vn 0 0 -1 
vn 1 0 0 
vn 1 0 0 
vn 1 0 0 
vn 0 0 -1 
vn 0 0 -1 
vn 0 0 -1 
vn 0 -1 0 
vn 0 -1 0 
vn 0 -1 0 
vn -1 0 0 
vn -1 0 0 
vn -1 0 0 
vn -1 0 0 
vn -1 0 0 
vn 0 -1 0 
vn 1 0 0 
vn 0 0 1 
vn 0 0 1 
vn 0 0 1 
vn 0 0 -1 
vn 0 0 -1 
vn 0 0 -1 
vn -1 0 0 
vn -1 0 0 
vn 0 -1 0 
vn 0 -1 0 
vn 0 -1 0 
vn -1 0 0 
vn 1 0 0 
vn 1 0 0 
vn 1 0 0 
vn 0 0 1 
vn 0 0 1 
vn 0 0 1 
vn 0 -1 0 
vn 0 0 1 
vn 0 0 -1 
vn 0 0 -1 
vn 0 0 -1 
vn 1 0 0 
vn 0 -1 0 
vn 0 -1 0 
vn 0 0 1 
vn 0 0 1 
vn -1 0 0 
vn -1 0 0 
vn -1 0 0 
vn -1 0 0 
vn 0 -1 0 
vn 0 -1 0 
vn 0 0 1 
vn -1 0 0 
vn -1 0 0 
vn 0 0 -1 
vn 1 0 0 
vn 0 0 1 
vn 0 0 1 
vn 0 0 1 
vn 0 0 1 
vn -1 0 0 
vn -1 0 0 
vn 0 0 -1 
vn 0 0 -1 
vn 1 0 0 
vn 1 0 0 
vn 1 0 0 
vn 0 0 -1 
vn 0 0 1 
vn 0 0 1 
vn 1 0 0 
vn 0 -1 0 
vn 0 -1 0 
vn 0 -1 0 
vn 0 0 1 
vn 0 1 0 
vn 0 1 0 
vn 0 1 0 
vn -1 0 0 
vn -1 0 0 
vn -1 0 0 
vn -1 0 0 
vn 0 1 0 
vn 0 0 1 
vn -1 0 0 
vn 0 -1 0 
vn 0 -1 0 
vn -1 0 0 
vn 0 0 -1 
vn 0 0 -1 
vn 0 -1 0 
vn 0 0 -1 
vn 1 0 0 
vn 1 0 0 
vn 1 0 0 
vn 1 0 0 
vn 0 0 1 
vn 0 0 -1 
vn 0 0 -1 
vn 0 0 -1 
vn 0 0 1 
vn 0 0 1 
vn 0 0 1 
vn 0 0 1 
vn 0 0 -1 
vn 0 0 -1 
vn 0 0 1 
vn 0 0 1 
vn 0 1 0 
vn 0 1 0 
vn 0 0 1 
vn 0 0 1 
vn 0 1 0 
vn 0 1 0 
vn 0 0 1 
vn 0 0 1 
vn 0 0 1 
vn 1 0 0 
vn 1 0 0 
vn 1 0 0 
vn 1 0 0 
vn 1 0 0 
vn 1 0 0 
vn 1 0 0 
vn 1 0 0 
vn 1 0 0 
vn 1 0 0 
vn 0 1 0 
vn 0 0 -1 
vn 0 0 -1 
vn 0 0 -1 
vn 0 -1 0 
vn 0 -1 0 
vn 0 -1 0 
vn 1 0 0 
vn 1 0 0 
vn 1 0 0 
vn 0 1 0 
vn 0 1 0 
vn 1 0 0 
vn 1 0 0 
vn 1 0 0 
vn 1 0 0 
vn 1 0 0 
vn 0 0 -1 
vn 0 0 -1 
vn 1 0 0 
vn 1 0 0 
vn 1 0 0 
vn 1 0 0 
vn 1 0 0 
vn 1 0 0 
vn 1 0 0 
vn 1 0 0 
vn 1 0 0 
vn 1 0 0 
vn 1 0 0 
vn 1 0 0 
vn 1 0 0 
vn 0 1 0 
vn 0 1 0 
vn 1 0 0 
vn 1 0 0 
vn 1 0 0 
vn 1 0 0 
vn 0 -1 0 
vn 0 -1 0 
vn 0 -1 0 
vn 1 0 0 
vn 0 0 -1 
vn 0 1 0 
vn 0 1 0 
vn 0 1 0 
vn 0 1 0 
vn 1 0 0 
vn 1 0 0 
vn 1 0 0 
vn 0 -1 0 
vn 0 -1 0 
vn 0 -1 0 
vn 0 0 1 
vn 0 1 0 
vn 1 0 0 
vn 0 -1 0 
vn 0 -1 0 
vn 0 0 -1 
vn 0 0 -1 
vn 0 0 -1 
vn 0 0 1 
vn 0 0 1 
vn 0 0 1 
vn 0 -1 0 
vn 0 -1 0 
vn 1 0 0 
vn 1 0 0 
vn 0 1 0 
vn 0 1 0 
vn 0 1 0 
vn 0 1 0 
vn 0 1 0 
vn 0 1 0 
vn 0 1 0 
vn 1 0 0 
vn 1 0 0 
vn 0 0 -1 
vn 0 0 -1 
vn 0 0 -1 
vn 0 0 1 
vn 0 0 -1 
vn 0 0 -1 
vn 0 1 0 
vn 0 1 0 
vn 0 0 -1 
vn 0 0 -1 
vn 0 0 -1 
vn 0 1 0 
vn 0 0 -1 
vn 0 0 -1 
vn -1 0 0 
vn 0 1 0 
vn 0 1 0 
vn 0 -1 0 
vn 0 -1 0 
vn 0 -1 0 
vn 0 1 0 
vn 0 0 -1 
vn 0 1 0 
vn 0 0 1 
vn 0 1 0 
vn -1 0 0 
vn -1 0 0 
vn -1 0 0 
vn 0 -1 0 
vn 0 -1 0 
vn 0 -1 0 
vn -1 0 0 
vn -1 0 0 
vn -1 0 0 
vn 0 0 -1 
vn 0 1 0 
vn 0 1 0 
vn 0 0 1 
vn 0 1 0 
vn 0 1 0 
vn 0 1 0 
vn 0 1 0 
vn 0 1 0 
vn 0 -1 0 
vn 1 0 0 
vn -1 0 0 
vn -1 0 0 
vn 0 1 0 
vn 0 1 0 
vn 0 0 1 
vn 0 0 -1 
vn 0 0 -1 
vn 0 0 1 
vn 0 0 1 
vn 0 0 1 
vn 0 0 1 
vn 0 -1 0 
vn 0 -1 0 
vn 0 -1 0 
vn 0 0 1 
vn -1 0 0 
vn -1 0 0 
vn -1 0 0 
vn 0 -1 0 
vn 0 -1 0 
vn -1 0 0 
vn -1 0 0 
vn -1 0 0 
vn 0 -1 0 
vn 0 -1 0 
vn 0 -1 0 
vn -1 0 0 
vn -1 0 0 
vn 0 0 -1 
vn 0 0 -1 
vn 0 0 -1 
vn 1 0 0 
vn 1 0 0 
vn 1 0 0 
vn -1 0 0 
vn -1 0 0 
vn -1 0 0 
vn 1 0 0 
vn -1 0 0 
vn -1 0 0 
vn 0 -1 0 
vn 0 -1 0 
vn -1 0 0 
vn 1 0 0 
vn 1 0 0 
vn 1 0 0 
vn 0 0 1 
vn 0 0 1 
vn 0 0 -1 
vn 0 0 -1 
vn 1 0 0 
vn 0 0 1 
vn 0 0 1 
vn -1 0 0 
vn -1 0 0 
vn -1 0 0 
vn 1 0 0 
vn -1 0 0 
vn -1 0 0 
vn 1 0 0 
vn 1 0 0 
vn 1 0 0 
vn 1 0 0 
vn 1 0 0 
vn 0 0 1 
vn -1 0 0 
vn -1 0 0 
vn -1 0 0 
vn 0 -1 0 
vn 0 -1 0 
vn 0 -1 0 
vn -1 0 0 
vn 0 0 -1 
vn 0 0 -1 
vn 1 0 0 
vn 1 0 0 
vn 1 0 0 
vn 1 0 0 
vn 0 0 1 

vt 1.91252 -80.1298 
vt 1.91252 -80.3048 
vt 1.91252 -80.1298 
vt 1.72502 -80.1298 
vt -236.196 -80.3048 
vt -236.183 -80.1423 
vt -236.196 -80.1298 
vt -236.183 -80.3048 
vt -1.60002 -80.3048 
vt -1.60002 -80.1298 
vt -1.91252 -80.3048 
vt -1.60002 199.196 
vt -1.91252 199.196 
vt -1.60002 199.183 
vt -1.91252 -80.1298 
vt 1.60002 -80.3048 
vt -1.91252 199.183 
vt 1.60002 -80.1423 
vt 1.71252 -80.1298 
vt -1.91252 -80.0423 
vt -1.91252 -80.1298 
vt -1.72502 -80.0548 
vt 236.196 -80.1298 
vt 236.196 -80.0423 
vt 236.183 -80.1298 
vt 236.196 -80.3048 
vt 236.196 -80.1298 
vt 236.183 -80.3048 
vt 1.91252 199.196 
vt 1.91252 199.183 
vt 1.91252 199.196 
vt 236.183 -80.0423 
vt 1.91252 -80.1298 
vt 1.91252 199.183 
vt 236.183 -80.1298 
vt -236.108 -80.0423 
vt -236.196 -80.0423 
vt -236.183 -80.0423 
vt 1.60002 199.196 
vt 1.60002 199.108 
vt 1.72502 199.108 
vt 236.196 -80.0548 
vt 236.196 -80.0423 
vt 236.196 -80.0423 
vt -1.72502 -80.0423 
vt -1.72502 -80.0548 
vt -1.60002 -80.0548 
vt -236.196 -80.1298 
vt -236.196 -80.0548 
vt -1.72502 -80.0548 
vt -1.72502 -80.1298 
vt -1.60002 -80.1298 
vt 1.60002 199.196 
vt 1.72502 199.196 
vt 1.60002 199.196 
vt 1.72502 199.196 
vt -236.196 -80.1298 
vt -1.72502 199.196 
vt -1.60002 199.196 
vt -1.72502 -80.1298 
vt -1.72502 -80.0548 
vt -1.60002 -80.0423 
vt -1.72502 199.196 
vt -1.60002 199.196 
vt 236.183 -80.0423 
vt 236.196 -80.0548 
vt -1.72502 -80.0423 
vt -1.72502 199.196 
vt 1.91252 199.196 
vt 1.72502 199.196 
vt 1.91252 199.183 
vt -236.183 -80.1298 
vt -236.183 -80.1298 
vt -236.183 -80.1298 
vt 1.72502 -80.1298 
vt 1.60002 -80.1298 
vt -1.72502 199.183 
vt -1.91252 199.183 
vt -1.72502 199.183 
vt 1.60002 199.183 
vt -236.196 -80.1298 
vt -236.183 -80.1298 
vt -236.183 -80.1298 
vt -236.183 -80.1298 
vt -236.196 -80.0423 
vt -236.183 -80.0423 
vt -1.60002 -80.0423 
vt -1.60002 -80.0548 
vt 1.60002 -80.1298 
vt 1.60002 -80.1298 
vt -1.60002 199.183 
vt -1.60002 199.183 
vt -1.60002 199.183 
vt -236.183 -80.1298 
vt -236.183 -80.1298 
vt -236.183 -80.1298 
vt -236.196 -80.0423 
vt 1.60002 199.183 
vt 1.60002 199.196 
vt 1.60002 199.196 
vt -1.60002 -80.0423 
vt 1.60002 199.183 
vt -236.196 -80.0548 
vt -1.71252 199.183 
vt -1.61252 199.183 
vt -1.60002 199.183 
vt -1.61252 199.183 
vt -1.61252 -80.3048 
vt -1.61252 -80.1298 
vt -1.72502 -80.1298 
vt -236.183 -80.1298 
vt -236.183 -80.3048 
vt -236.183 -80.3048 
vt -236.033 -80.2173 
vt -236.033 -80.1298 
vt -236.033 -80.3048 
vt -236.033 -80.2173 
vt 1.61252 199.033 
vt 1.61252 199.033 
vt 1.60002 199.033 
vt -235.995 -80.3048 
vt -235.995 -80.3048 
vt -1.61252 -80.2173 
vt -1.61252 -80.3048 
vt -1.60002 -80.2173 
vt -236.033 -80.3048 
vt 1.61252 -80.3048 
vt 1.61252 -80.1298 
vt 1.60002 -80.1298 
vt -235.87 -80.3048 
vt -1.61252 199.033 
vt -1.61252 198.995 
vt -1.60002 199.033 
vt -1.61252 198.995 
vt -1.61252 198.87 
vt -1.60002 198.995 
vt -1.61252 198.995 
vt -1.61252 198.995 
vt -1.60002 198.995 
vt -235.995 -80.2173 
vt -235.995 -80.2173 
vt 1.61252 -80.3048 
vt 1.61252 -80.2173 
vt 1.60002 -80.2173 
vt -235.745 -80.3048 
vt -235.671 -80.3048 
vt -235.745 -80.3048 
vt -1.61252 198.87 
vt -1.61252 198.745 
vt -1.60002 198.745 
vt -235.87 -80.3048 
vt -235.671 -80.3048 
vt -1.61252 -80.0548 
vt -1.61252 -80.3048 
vt -1.60002 -80.0548 
vt -235.745 -80.0548 
vt -235.745 -80.1298 
vt -1.61252 198.745 
vt -1.61252 198.671 
vt -1.60002 198.67 
vt -236.108 -80.0548 
vt -236.108 -80.0548 
vt -236.108 -80.0548 
vt -236.183 -80.0548 
vt -1.61252 199.183 
vt -1.61252 199.108 
vt -1.60002 199.183 
vt -236.183 -80.0548 
vt 1.61252 199.108 
vt 1.61252 199.183 
vt 1.60002 199.108 
vt 1.61252 -80.0548 
vt 1.61252 -80.0548 
vt 1.60002 -80.0423 
vt -1.61252 -80.0548 
vt -1.61252 -80.0548 
vt -1.60002 -80.0423 
vt -236.108 -80.0548 
vt 1.61252 199.108 
vt 1.61252 199.108 
vt 1.72502 199.108 
vt -236.183 -80.1298 
vt -236.183 -80.1298 
vt 1.61252 -80.1298 
vt 1.61252 -80.0548 
vt 1.60002 -80.0548 
vt -236.108 -80.0548 
vt -236.108 -80.1298 
vt -236.108 -80.1298 
vt -236.108 -80.0548 
vt -1.61252 -80.0548 
vt -1.61252 -80.1298 
vt -1.60002 -80.1298 
vt 1.61252 -80.1298 
vt 1.61252 -80.0548 
vt 1.60002 -80.0548 
vt -1.61252 -80.1298 
vt -1.61252 -80.3048 
vt -1.60002 -80.1423 
vt -236.183 -80.1298 
vt -235.996 -80.0548 
vt -235.995 -80.0548 
vt -1.61252 199.108 
vt -1.61252 198.996 
vt -1.60002 199.108 
vt 1.61252 -80.0548 
vt 1.61252 -80.0548 
vt 1.60002 -80.0548 
vt -235.996 -80.0548 
vt -235.995 -80.0548 
vt 1.61252 198.996 
vt 1.61252 198.995 
vt 1.61252 198.995 
vt 1.61252 -80.1298 
vt 1.61252 -80.0548 
vt 1.60002 -80.0548 
vt -235.995 -80.1298 
vt 1.61252 198.995 
vt 1.61252 198.995 
vt 1.60002 198.995 
vt -235.995 -80.1298 
vt -1.61252 -80.1298 
vt -1.61252 -80.2173 
vt -1.60002 -80.2173 
vt -236.033 -80.1298 
vt -1.61252 -80.0548 
vt -1.61252 -80.3048 
vt -1.60002 -80.3048 
vt 1.61252 -80.2173 
vt 1.61252 -80.1298 
vt 1.60002 -80.1298 
vt -235.833 -80.0548 
vt -235.833 -80.0548 
vt -235.808 -80.0548 
vt -235.833 -80.0548 
vt -235.833 -80.0548 
vt -1.61252 198.87 
vt -1.61252 198.833 
vt -1.60002 198.833 
vt -235.87 -80.0548 
vt 1.61252 198.833 
vt 1.61252 198.87 
vt 1.60002 198.87 
vt -235.87 -80.0548 
vt -235.808 -80.0548 
vt -235.745 -80.0548 
vt -1.61252 198.833 
vt -1.61252 198.808 
vt -1.60002 198.833 
vt 1.61252 198.808 
vt 1.61252 -80.0548 
vt 1.61252 -80.0548 
vt 1.60002 -80.0548 
vt -235.833 -80.0548 
vt 1.61252 198.833 
vt 1.61252 198.833 
vt 1.61252 198.833 
vt -1.61252 198.745 
vt -1.60002 198.745 
vt 1.61252 198.745 
vt 1.60002 198.745 
vt 1.61252 -80.3048 
vt 1.61252 -80.0548 
vt 1.60002 -80.3048 
vt -235.87 -80.1298 
vt -235.87 -80.1298 
vt -1.61252 -80.0548 
vt -1.61252 -80.1298 
vt -1.60002 -80.0548 
vt -1.61252 -80.1298 
vt -1.61252 -80.3048 
vt -1.60002 -80.1298 
vt -1.61252 198.87 
vt -1.61252 198.87 
vt -1.60002 198.87 
vt -235.67 -80.3048 
vt -235.671 -80.0548 
vt -235.733 -80.0548 
vt -235.67 -80.0548 
vt 1.60002 -80.0548 
vt 1.60002 -80.0548 
vt 1.60002 -80.0548 
vt -235.671 -80.0548 
vt 1.60002 198.671 
vt 1.60002 198.67 
vt 1.61252 198.67 
vt -235.671 -80.0548 
vt -235.733 -80.0423 
vt -235.733 -80.0548 
vt -235.671 -80.0423 
vt -1.60002 198.671 
vt -1.60002 198.733 
vt -1.60002 198.733 
vt -1.60002 198.671 
vt 1.61252 -80.0548 
vt 1.60002 -80.0548 
vt 1.60002 -80.3048 
vt 1.61252 -80.3048 
vt -1.60002 -80.3048 
vt -236.183 -80.1423 
vt -236.183 -80.3048 
vt -236.033 -80.3048 
vt -1.60002 199.183 
vt -1.61252 199.183 
vt -1.60002 199.033 
vt -1.60002 -80.1298 
vt -1.60002 -80.1298 
vt -1.60002 198.995 
vt -236.033 -80.3048 
vt -235.995 -80.3048 
vt -236.033 -80.2173 
vt 1.60002 -80.2173 
vt 1.60002 -80.2173 
vt 1.60002 -80.3048 
vt 1.60002 198.995 
vt 1.60002 198.995 
vt -236.033 -80.2173 
vt -235.995 -80.2173 
vt -235.995 -80.1298 
vt 1.60002 199.033 
vt -235.995 -80.2173 
vt -235.995 -80.2173 
vt -1.60002 -80.3048 
vt -1.60002 -80.0548 
vt -1.61252 -80.0548 
vt -235.995 -80.0548 
vt -235.995 -80.3048 
vt -235.87 -80.0548 
vt -235.87 -80.3048 
vt -1.60002 198.87 
vt -1.60002 198.995 
vt 1.60002 -80.2173 
vt -235.87 -80.3048 
vt -235.808 -80.1298 
vt -235.87 -80.1298 
vt -235.745 -80.3048 
vt -1.60002 -80.3048 
vt -1.60002 198.87 
vt -235.745 -80.3048 
vt -235.745 -80.0548 
vt -1.60002 198.745 
vt 1.60002 -80.0548 
vt 1.60002 -80.3048 
vt 1.61252 -80.3048 
vt 1.60002 -80.1298 
vt -1.60002 -80.3048 
vt -236.033 -80.1298 
vt -236.183 -80.1298 
vt -236.108 -80.1298 
vt -236.033 -80.1298 
vt -236.108 -80.0548 
vt 1.60002 199.033 
vt 1.60002 199.108 
vt 1.60002 199.183 
vt 1.60002 199.183 
vt 1.60002 199.108 
vt -1.60002 -80.1298 
vt 1.60002 199.033 
vt -1.60002 -80.1298 
vt -1.60002 -80.0548 
vt -236.183 -80.1298 
vt -236.108 -80.1298 
vt -236.108 -80.0548 
vt 1.60002 199.108 
vt 1.60002 199.183 
vt 1.61252 199.183 
vt 1.60002 199.183 
vt -1.60002 -80.1298 
vt -1.61252 -80.1298 
vt -1.60002 -80.1298 
vt -1.61252 -80.0548 
vt 1.61252 199.183 
vt 1.60002 -80.1298 
vt 1.60002 -80.0548 
vt 1.61252 199.108 
vt -235.995 -80.0548 
vt 1.61252 199.108 
vt 1.60002 198.995 
vt 1.61252 198.995 
vt 1.60002 199.108 
vt -236.183 -80.0548 
vt 1.60002 -80.0548 
vt 1.60002 -80.0423 
vt 1.60002 -80.0423 
vt -1.60002 199.108 
vt 1.60002 -80.0548 
vt 1.60002 -80.0548 
vt 1.60002 -80.0548 
vt -236.108 -80.0548 
vt -1.60002 199.108 
vt 1.60002 -80.0548 
vt 1.60002 199.108 
vt 1.60002 199.108 
vt -1.60002 -80.0548 
vt 1.60002 199.183 
vt -1.60002 -80.0548 
vt -236.108 -80.0423 
vt -236.108 -80.0548 
vt -235.996 -80.0423 
vt -236.108 -80.0548 
vt 1.61252 199.108 
vt -236.183 -80.0548 
vt 1.60002 -80.1298 
vt -1.72502 199.183 
vt -235.87 -80.0548 
vt 1.60002 -80.1298 
vt 1.60002 -80.3048 
vt -1.60002 198.871 
vt -1.60002 198.996 
vt -1.60002 198.996 
vt -235.996 -80.0548 
vt -235.871 -80.0548 
vt -235.996 -80.0423 
vt -1.60002 -80.0548 
vt -1.60002 -80.0548 
vt -1.60002 -80.0423 
vt 1.60002 -80.1298 
vt 1.60002 -80.1298 
vt -236.033 -80.1298 
vt 1.60002 -80.1298 
vt -235.995 -80.1298 
vt -1.60002 198.995 
vt -1.60002 199.033 
vt -1.60002 199.033 
vt 1.60002 -80.1298 
vt -1.60002 198.995 
vt -1.60002 -80.0423 
vt -1.72502 -80.0423 
vt -235.996 -80.0548 
vt -235.996 -80.0548 
vt -235.996 -80.0548 
vt -1.60002 198.996 
vt -1.61252 -80.0548 
vt 1.61252 198.995 
vt 1.60002 198.995 
vt 1.61252 198.87 
vt -236.108 -80.0548 
vt -1.60002 198.996 
vt 1.60002 -80.0548 
vt 1.72502 -80.0548 
vt -236.033 -80.1298 
vt -235.995 -80.1298 
vt 1.60002 198.995 
vt -1.60002 -80.1298 
vt -1.61252 199.033 
vt -1.61252 199.033 
vt 1.72502 -80.0423 
vt 1.60002 -80.0423 
vt 1.60002 -80.0548 
vt 1.60002 198.871 
vt 1.72502 198.871 
vt 1.72502 198.958 
vt -1.60002 -80.0548 
vt -1.60002 -80.0548 
vt -1.60002 -80.0548 
vt -235.733 -80.0548 
vt 1.60002 198.733 
vt 1.60002 198.671 
vt 1.65002 198.733 
vt 1.61252 -80.0548 
vt 1.60002 -80.0548 
vt 1.60002 -80.1298 
vt -1.60002 -80.0548 
vt -1.60002 -80.0548 
vt 1.60002 198.87 
vt 1.60002 198.87 
vt 1.60002 -80.0548 
vt 1.60002 -80.0548 
vt 1.60002 198.87 
vt -235.87 -80.0423 
vt -235.833 -80.0548 
vt -235.833 -80.0423 
vt -235.87 -80.0548 
vt -1.60002 -80.0548 
vt -1.60002 -80.0423 
vt -1.61252 -80.0548 
vt -235.87 -80.0548 
vt -1.72502 198.958 
vt -1.72502 -80.0423 
vt 1.72502 198.87 
vt 1.60002 198.87 
vt 1.60002 198.833 
vt 1.60002 -80.0548 
vt -235.87 -80.0548 
vt -1.60002 198.87 
vt 1.60002 -80.0423 
vt -1.60002 -80.0548 
vt -1.60002 -80.0423 
vt -1.61252 -80.0548 
vt -235.833 -80.0423 
vt -235.833 -80.0548 
vt -235.745 -80.0548 
vt -235.745 -80.0548 
vt -1.61252 -80.0548 
vt 1.72502 -80.0423 
vt -1.72502 -80.0548 
vt -1.60002 -80.0548 
vt -1.60002 -80.0423 
vt 1.60002 198.733 
vt 1.60002 198.733 
vt 1.60002 198.745 
vt -235.733 -80.0548 
vt -235.733 -80.0423 
vt 1.60002 198.745 
vt 1.65002 198.671 
vt -1.60002 -80.0423 
vt -1.65002 -80.0423 
vt -1.60002 198.87 
vt -1.60002 -80.1298 
vt -1.60002 198.808 
vt -1.60002 198.745 
vt -235.745 -80.1298 
vt 1.60002 -80.1298 
vt -235.745 -80.1298 
vt 1.61252 -80.1298 
vt -235.745 -80.1298 
vt 1.61252 198.745 
vt 1.60002 198.745 
vt 1.60002 198.745 
vt 1.61252 -80.1298 
vt 1.61252 198.745 
vt -235.733 -80.0548 
vt -235.671 -80.0548 
vt -235.733 -80.0423 
vt 1.65002 198.671 
vt 1.65002 198.733 
vt 1.61252 198.671 
vt 1.65002 198.733 
vt 1.65002 -80.0548 
vt 1.61252 -80.0548 
vt 1.61252 -80.3048 
vt -1.72502 -80.0548 
vt -1.61252 -80.0548 
vt 1.61252 198.87 
vt 1.72502 198.87 
vt 1.72502 198.958 
vt 235.833 -80.0548 
vt 235.87 -80.0548 
vt 235.87 -80.0548 
vt 1.72502 198.833 
vt 1.72502 198.833 
vt 1.72502 198.833 
vt 1.90002 198.833 
vt 1.90002 198.958 
vt 1.72502 198.996 
vt -235.996 -80.0548 
vt -235.958 -80.0548 
vt -235.958 -80.0548 
vt 1.72502 -80.0548 
vt 1.72502 -80.0423 
vt 1.72502 -80.0548 
vt 1.90002 -80.0548 
vt 1.72502 -80.0548 
vt 235.958 -80.0548 
vt 235.833 -80.0548 
vt 235.958 -80.0548 
vt 1.91252 198.833 
vt 1.91252 198.958 
vt 1.90002 198.833 
vt 235.958 -80.0548 
vt 235.833 -80.0548 
vt 235.958 -80.0548 
vt 1.90002 -80.0548 
vt 1.91252 -80.0548 
vt 1.91252 -80.0548 
vt 1.90002 198.958 
vt -235.833 -80.0548 
vt -235.958 -80.0548 
vt -235.958 -80.0548 
vt -236.108 -80.0548 
vt -236.108 -80.0548 
vt -236.108 -80.0423 
vt 1.72502 199.108 
vt 1.72502 -80.0548 
vt 1.72502 -80.0423 
vt 1.90002 199.183 
vt 1.72502 199.183 
vt 1.90002 199.183 
vt 1.72502 199.183 
vt -1.90002 -80.0548 
vt -1.72502 -80.0548 
vt -1.72502 -80.0423 
vt -1.72502 -80.0548 
vt -1.72502 -80.0423 
vt 235.87 -80.0548 
vt 235.995 -80.0548 
vt 235.87 -80.0548 
vt -1.61252 -80.0548 
vt 1.72502 198.833 
vt 1.72502 -80.0548 
vt 1.72502 -80.0548 
vt 1.90002 198.733 
vt 1.61252 -80.0548 
vt 1.65002 -80.0548 
vt 1.65002 -80.0548 
vt 1.61252 198.733 
vt 235.671 -80.0548 
vt 235.733 -80.0548 
vt 235.733 -80.0548 
vt 1.90002 -80.0548 
vt 1.65002 -80.0423 
vt 1.90002 198.733 
vt 1.61252 -80.0548 
vt 1.60002 -80.0423 
vt 1.61252 198.671 
vt 1.65002 -80.0423 
vt 1.65002 -80.0548 
vt 1.90002 -80.0548 
vt -235.671 -80.0548 
vt -235.671 -80.0423 
vt 1.65002 -80.0423 
vt 235.733 -80.0423 
vt 235.671 -80.0423 
vt 235.733 -80.0423 
vt 235.733 -80.0423 
vt 235.671 -80.0548 
vt 1.91252 -80.0423 
vt 1.65002 198.671 
vt 1.91252 198.671 
vt 1.91252 198.733 
vt 235.67 -80.0548 
vt 235.671 -80.0548 
vt 235.671 -80.0548 
vt 1.61252 -80.0548 
vt 1.65002 -80.0548 
vt -1.65002 198.733 
vt -1.65002 198.671 
vt -1.61252 198.671 
vt 235.733 -80.0548 
vt -1.61252 198.733 
vt 1.65002 198.733 
vt 1.91252 -80.0423 
vt 1.91252 -80.0548 
vt 1.90002 -80.0548 
vt -235.87 -80.0423 
vt -235.833 -80.0423 
vt -235.833 -80.0423 
vt 1.72502 198.833 
vt -1.91252 -80.0423 
vt 1.91252 198.833 
vt 1.60002 198.833 
vt 1.65002 198.733 
vt 235.833 -80.0423 
vt 235.733 -80.0423 
vt 235.77 -80.0548 
vt 1.91252 198.733 
vt 1.72502 198.833 
vt 1.72502 198.833 
vt 235.833 -80.0423 
vt 235.833 -80.0423 
vt 235.833 -80.0548 
vt 1.72502 -80.0423 
vt 1.72502 -80.0423 
vt 1.72502 -80.0423 
vt -235.871 -80.0423 
vt -235.871 -80.0548 
vt -1.72502 -80.0548 
vt -1.72502 -80.0548 
vt -235.87 -80.0548 
vt -1.72502 198.87 
vt -1.72502 198.87 
vt -1.91252 198.833 
vt 1.72502 -80.0548 
vt -1.91252 198.958 
vt -1.72502 198.833 
vt 1.72502 -80.0548 
vt 1.91252 -80.0548 
vt -1.72502 -80.0548 
vt 1.91252 -80.0423 
vt 1.72502 198.833 
vt 1.91252 198.833 
vt 1.91252 198.958 
vt -1.90002 -80.0548 
vt -1.90002 -80.0548 
vt -1.90002 -80.0548 
vt -1.72502 198.958 
vt -1.91252 -80.0548 
vt -1.91252 -80.0548 
vt 235.833 -80.0423 
vt 235.833 -80.0548 
vt 235.958 -80.0423 
vt 235.833 -80.0548 
vt 1.60002 198.996 
vt 1.72502 198.996 
vt -1.72502 -80.0423 
vt -1.72502 -80.0423 
vt -1.91252 -80.0423 
vt -1.72502 -80.0548 
vt 1.72502 198.958 
vt 1.91252 198.958 
vt 1.72502 198.996 
vt -235.958 -80.0423 
vt -1.72502 198.958 
vt -1.72502 -80.0548 
vt 235.958 -80.0423 
vt 235.958 -80.0548 
vt 235.996 -80.0423 
vt 235.996 -80.0423 
vt 235.996 -80.0423 
vt -1.72502 -80.0423 
vt 1.60002 198.996 
vt 1.72502 198.996 
vt 1.60002 199.108 
vt 1.72502 199.108 
vt 1.72502 198.996 
vt 1.91252 199.183 
vt -1.72502 198.996 
vt 235.996 -80.0548 
vt -235.996 -80.0423 
vt 1.72502 -80.0423 
vt -235.958 -80.0548 
vt -1.72502 198.871 
vt 235.958 -80.0548 
vt 1.90002 -80.0548 
vt 235.958 -80.0423 
vt -1.91252 -80.0423 
vt 1.91252 198.958 
vt 235.958 -80.0423 
vt 1.91252 -80.0423 
vt 1.91252 -80.0423 
vt 1.91252 -80.0548 
vt 1.91252 198.958 
vt 236.108 -80.0423 
vt 236.183 -80.0423 
vt 236.108 -80.0423 
vt 1.72502 199.183 
vt 1.72502 199.108 
vt 1.72502 -80.0423 
vt 1.72502 -80.0423 
vt 1.72502 199.108 
vt 1.72502 199.196 
vt 1.72502 199.183 
vt 236.183 -80.0548 
vt 236.183 -80.0548 
vt 1.72502 -80.0423 
vt 1.72502 -80.0548 
vt 1.72502 -80.0548 
vt 236.183 -80.0548 
vt -236.108 -80.0423 
vt 1.91252 -80.0423 
vt -1.91252 -80.0423 
vt 1.91252 -80.1298 
vt 236.183 -80.1298 
vt -1.91252 -80.0548 
vt -1.61252 -80.0548 
vt 1.61252 198.995 
vt 235.995 -80.0548 
vt -1.65002 -80.0548 
vt -1.65002 -80.0423 
vt -1.90002 -80.0548 
vt 1.60002 198.733 
vt 1.65002 198.733 
vt -1.91252 -80.0423 
vt 1.61252 -80.0548 
vt -1.61252 199.183 
vt -1.90002 199.183 
vt -1.90002 199.096 
vt -1.90002 -80.3048 
vt -1.72502 -80.0548 
vt -1.72502 -80.0548 
vt -1.72502 -80.0548 
vt 236.183 -80.0548 
vt 236.183 -80.1298 
vt 236.183 -80.1298 
vt -1.72502 199.183 
vt -1.72502 199.183 
vt -1.72502 199.183 
vt -1.72502 199.183 
vt 1.72502 -80.0548 
vt 1.72502 -80.1298 
vt 1.72502 -80.1298 
vt -1.91252 199.183 
vt -1.72502 199.183 
vt 1.72502 -80.1298 
vt -236.183 -80.1298 
vt -1.72502 199.183 
vt 1.72502 -80.1298 
vt 236.183 -80.1298 
vt 236.183 -80.3048 
vt 236.183 -80.0548 
vt 235.671 -80.3048 
vt 236.096 -80.3048 
vt 235.958 -80.1798 
vt -1.90002 198.671 
vt -1.61252 198.671 
vt 235.833 -80.0548 
vt 236.096 -80.1798 
vt 236.096 -80.0548 
vt 236.096 -80.0548 
vt -1.90002 198.958 
vt -1.90002 199.096 
vt -1.90002 198.958 
vt 235.733 -80.0548 
vt -1.90002 198.733 
vt -1.90002 198.833 
vt -1.90002 198.771 
vt 235.733 -80.0548 
vt 235.733 -80.0548 
vt 235.671 -80.0548 
vt -1.90002 -80.0548 
vt -1.90002 -80.0548 
vt -1.90002 -80.0548 
vt -1.90002 198.958 
vt -1.90002 199.096 
vt -1.90002 198.958 
vt 235.958 -80.0548 
vt 1.90002 -80.0548 
vt 1.90002 -80.0548 
vt 1.90002 -80.1798 
vt 1.90002 -80.1798 
vt -1.90002 -80.0548 
vt 236.183 -80.0548 
vt 236.183 -80.0548 
vt 1.90002 199.096 
vt 1.90002 198.958 
vt 1.90002 198.958 
vt 236.183 -80.0548 
vt -1.90002 -80.3048 
vt -1.90002 -80.0548 
vt -1.91252 -80.0548 
vt 1.90002 -80.0548 
vt 1.90002 -80.3048 
vt 1.90002 -80.1798 
vt -235.671 -80.3048 
vt -235.671 -80.0548 
vt -235.733 -80.0548 
vt 1.90002 -80.3048 
vt 1.91252 -80.3048 
vt -1.90002 198.671 
vt -1.90002 198.671 
vt -1.90002 198.733 
vt -1.91252 198.671 
vt 1.91252 -80.0548 
vt -1.91252 198.77 
vt -1.91252 198.671 
vt -1.90002 198.671 
vt 235.671 -80.3048 
vt 235.77 -80.3048 
vt 235.733 -80.0548 
vt 1.91252 -80.0548 
vt 235.671 -80.0548 
vt 235.733 -80.0548 
vt 235.671 -80.0423 
vt 235.671 -80.0548 
vt 235.733 -80.0548 
vt 1.91252 -80.0548 
vt -1.91252 198.671 
vt -1.91252 198.671 
vt -1.90002 198.77 
vt -235.77 -80.3048 
vt -235.733 -80.0548 
vt -1.91252 -80.3048 
vt -1.90002 -80.3048 
vt -1.90002 -80.0548 
vt 1.91252 -80.3048 
vt 1.91252 -80.0548 
vt 1.90002 -80.3048 
vt 235.771 -80.0548 
vt 235.771 -80.3048 
vt 235.808 -80.3048 
vt -1.91252 198.808 
vt -1.91252 198.771 
vt -1.90002 198.771 
vt 235.833 -80.0548 
vt -1.90002 198.958 
vt 235.958 -80.2673 
vt 235.958 -80.3048 
vt -235.958 -80.3048 
vt -235.771 -80.3048 
vt -235.958 -80.1798 
vt -235.958 -80.1798 
vt -1.91252 -80.2673 
vt -1.91252 -80.3048 
vt -1.90002 -80.3048 
vt -1.91252 198.958 
vt -1.90002 -80.1798 
vt 1.91252 -80.3048 
vt 1.91252 -80.2673 
vt 1.90002 -80.3048 
vt 235.958 -80.2673 
vt 235.958 -80.3048 
vt 236.058 -80.3048 
vt -1.91252 199.058 
vt -1.91252 198.958 
vt -1.90002 198.958 
vt 236.096 -80.2673 
vt -1.90002 199.096 
vt 1.90002 -80.1798 
vt -236.096 -80.3048 
vt -235.958 -80.3048 
vt -235.958 -80.1798 
vt -1.90002 199.096 
vt -1.90002 199.183 
vt -1.91252 199.183 
vt 1.90002 -80.3048 
vt 1.91252 -80.3048 
vt -1.91252 -80.2673 
vt -1.91252 -80.3048 
vt -1.91252 -80.1798 
vt -1.91252 -80.3048 
vt 236.096 -80.3048 
vt 236.096 -80.3048 
vt 236.183 -80.3048 
vt 236.096 -80.1798 
vt 236.096 -80.3048 
vt -1.91252 199.096 
vt -1.91252 199.096 
vt -1.91252 199.096 
vt 236.096 -80.3048 
vt 1.91252 -80.3048 
vt -1.91252 199.096 
vt -1.90002 198.958 
vt -1.90002 198.958 
vt -1.91252 198.958 
vt -1.91252 -80.1798 
vt 235.958 -80.0548 
vt 235.958 -80.1798 
vt 235.958 -80.1798 
vt -1.91252 -80.0548 
vt -1.91252 -80.0548 
vt 1.91252 -80.1798 
vt 1.91252 -80.1798 
vt 1.91252 198.958 
vt 1.91252 198.958 
vt 1.91252 199.096 
vt 236.096 -80.1798 
vt 235.958 -80.1798 
vt 235.958 -80.1798 
vt 1.91252 -80.1798 
vt -1.91252 198.958 
vt -236.096 -80.1798 
vt -1.90002 -80.1798 
vt -1.90002 -80.1798 
vt -1.90002 -80.1798 
vt -236.096 -80.1798 
vt 1.90002 199.096 
vt 1.90002 199.096 
vt 1.91252 199.096 
vt -236.096 -80.1798 
vt -1.90002 199.096 
vt -1.90002 -80.0548 
vt -1.91252 -80.1798 
vt 236.096 -80.1798 
vt 236.096 -80.0548 
vt 1.91252 199.096 
vt 1.91252 199.096 
vt 236.096 -80.1798 
vt 1.91252 199.096 
vt -1.91252 -80.1798 
vt -1.91252 -80.3048 
vt 236.183 -80.0548 
vt 1.91252 -80.1798 
vt 1.91252 -80.0548 
vt -235.733 -80.0548 
vt -1.90002 198.77 
vt -1.90002 198.733 
vt -235.77 -80.0548 
vt 1.90002 -80.0548 
vt 1.90002 -80.0548 
vt -235.733 -80.0548 
vt -1.90002 -80.0548 
vt 1.90002 198.733 
vt 1.90002 198.733 
vt 1.91252 198.733 
vt -1.90002 198.733 
vt -235.771 -80.0548 
vt -235.833 -80.0548 
vt 1.90002 -80.0548 
vt -1.90002 198.833 
vt 235.733 -80.0548 
vt -1.91252 198.771 
vt 235.733 -80.0548 
vt 1.91252 198.77 
vt 1.91252 198.77 
vt 235.77 -80.0548 
vt 1.91252 198.733 
vt -1.91252 -80.0548 
vt -1.91252 -80.0548 
vt -1.91252 -80.0548 
vt -1.91252 -80.0548 
vt -1.91252 -80.0548 
vt -1.91252 198.77 
vt 235.77 -80.0548 
vt -1.91252 -80.0548 
vt -1.91252 198.733 
vt -1.91252 198.733 
vt 235.733 -80.0423 
vt 235.958 -80.0548 
vt -1.91252 198.833 
vt -1.91252 198.833 
vt -1.91252 -80.0548 
vt -235.958 -80.0548 
vt -235.958 -80.0548 
vt -235.958 -80.0548 
vt -1.90002 198.958 
vt 1.90002 -80.0548 
vt 1.90002 198.958 
vt -1.91252 198.958 
vt -1.91252 198.958 
vt -1.90002 -80.0548 
vt -1.90002 -80.0548 
vt 1.91252 198.958 
vt 235.958 -80.0423 
vt 235.958 -80.0548 
vt 236.183 -80.0423 
vt 235.958 -80.0548 
vt -1.91252 198.958 
vt 1.91252 -80.0548 
vt -1.91252 198.958 
vt 236.096 -80.0548 
vt 236.096 -80.1798 
vt 1.91252 199.096 
vt -1.91252 -80.0548 
vt -1.91252 199.183 
vt -1.90002 199.183 
vt -1.90002 199.183 
vt 236.183 -80.0548 
vt -1.91252 199.183 
vt -1.91252 199.096 
vt 1.90002 -80.3048 
vt 1.90002 -80.0548 
vt 1.65002 -80.0548 
vt 1.61252 -80.3048 
vt -235.671 -80.0548 
vt 235.671 -80.3048 
vt 235.67 -80.3048 
vt -1.65002 198.671 
vt -1.65002 198.671 
vt -1.61252 198.67 
vt -236.196 -80.0548 
vt -1.61252 199.033 
vt -235.745 -80.1298 
vt -1.65002 -80.0423 
vt -235.995 -80.2173 
vt -235.871 -80.0423 
vt -235.995 -80.1298 
vt -235.745 -80.1298 
vt -235.745 -80.0548 
vt -235.87 -80.1298 
vt -235.87 -80.0548 
vt -1.90002 -80.0548 
vt 1.91252 -80.3048 
vt 1.91252 -80.1298 
vt 1.72502 -80.1298 
vt -236.196 -80.3048 
vt -236.183 -80.1423 
vt -236.196 -80.1298 
vt -236.183 -80.3048 
vt -1.60002 -80.3048 
vt -1.60002 -80.1298 
vt -1.91252 -80.3048 
vt -1.60002 199.196 
vt -1.91252 199.196 
vt -1.60002 199.183 
vt -1.91252 -80.1298 
vt 1.60002 -80.3048 
vt -1.91252 199.183 
vt 1.60002 -80.1423 
vt 1.71252 -80.1298 
vt -1.72502 -80.0548 
vt 236.196 -80.1298 
vt 236.183 -80.1298 
vt 236.196 -80.3048 
vt 236.196 -80.1298 
vt 236.183 -80.3048 
vt 236.183 -80.0423 
vt 236.183 -80.1298 
vt -236.108 -80.0423 
vt -236.196 -80.0423 
vt -236.183 -80.0423 
vt 1.60002 199.196 
vt 1.60002 199.108 
vt 1.72502 199.108 
vt -1.72502 -80.0423 
vt -1.72502 -80.0548 
vt -1.60002 -80.0548 
vt -1.72502 -80.1298 
vt -1.60002 -80.1298 
vt 1.72502 199.196 
vt 1.91252 199.196 
vt 1.60002 199.196 
vt -1.60002 -80.0423 
vt -1.72502 -80.1298 
vt -1.72502 -80.0423 
vt 1.72502 199.196 
vt 1.91252 199.183 
vt 1.60002 -80.1298 
vt -236.183 -80.1298 
vt -236.196 -80.1298 
vt -236.183 -80.1298 
vt -1.61252 -80.3048 
vt -1.61252 -80.1298 
vt -1.72502 -80.1298 
vt -236.033 -80.2173 
vt -236.033 -80.1298 
vt -236.033 -80.3048 
vt -236.183 -80.3048 
vt -235.995 -80.3048 
vt -1.61252 -80.2173 
vt -1.61252 -80.3048 
vt -1.60002 -80.2173 
vt 1.61252 -80.3048 
vt 1.61252 -80.1298 
vt 1.60002 -80.1298 
vt -235.87 -80.3048 
vt -1.61252 199.033 
vt -1.61252 198.995 
vt -1.60002 199.033 
vt -1.61252 198.87 
vt -1.60002 198.995 
vt 1.61252 -80.3048 
vt 1.61252 -80.2173 
vt 1.60002 -80.2173 
vt -235.671 -80.3048 
vt -235.745 -80.3048 
vt -1.61252 198.745 
vt -1.60002 198.745 
vt -1.61252 -80.0548 
vt -1.61252 -80.3048 
vt -1.60002 -80.0548 
vt -235.745 -80.0548 
vt -235.745 -80.1298 
vt -1.61252 198.671 
vt -1.60002 198.67 
vt -1.61252 199.183 
vt -1.61252 199.108 
vt -1.60002 199.183 
vt 1.61252 199.108 
vt 1.61252 199.183 
vt 1.60002 199.108 
vt 1.61252 -80.1298 
vt 1.61252 -80.0548 
vt 1.60002 -80.0548 
vt -1.61252 -80.0548 
vt -1.61252 -80.1298 
vt -1.60002 -80.1298 
vt 1.61252 -80.1298 
vt 1.61252 -80.0548 
vt 1.60002 -80.0548 
vt -1.61252 -80.1298 
vt -1.61252 -80.3048 
vt -1.60002 -80.1423 
vt -1.61252 199.108 
vt -1.61252 198.995 
vt -1.60002 199.108 
vt 1.61252 -80.1298 
vt 1.61252 -80.0548 
vt 1.60002 -80.0548 
vt -1.61252 -80.1298 
vt -1.61252 -80.2173 
vt -1.60002 -80.2173 
vt -1.61252 -80.0548 
vt -1.61252 -80.3048 
vt -1.60002 -80.3048 
vt -235.995 -80.0548 
vt -235.995 -80.1298 
vt 1.61252 -80.2173 
vt 1.61252 -80.1298 
vt 1.60002 -80.1298 
vt -235.995 -80.2173 
vt -1.61252 198.87 
vt -1.61252 198.833 
vt -1.60002 198.833 
vt 1.61252 198.833 
vt 1.61252 198.87 
vt 1.60002 198.87 
vt 1.61252 198.808 
vt -1.61252 198.745 
vt -1.60002 198.745 
vt 1.61252 198.745 
vt 1.60002 198.745 
vt 1.61252 -80.3048 
vt 1.61252 -80.0548 
vt 1.60002 -80.3048 
vt -235.87 -80.0548 
vt -235.87 -80.1298 
vt -1.61252 -80.0548 
vt -1.61252 -80.1298 
vt -1.60002 -80.0548 
vt -1.61252 -80.1298 
vt -1.61252 -80.3048 
vt -1.60002 -80.1298 
vt -235.67 -80.3048 
vt -235.671 -80.0548 
vt -235.733 -80.0548 
vt -235.671 -80.0548 
vt -235.733 -80.0423 
vt -235.733 -80.0548 
vt -235.671 -80.0423 
vt 1.61252 -80.0548 
vt 1.60002 -80.0548 
vt 1.60002 -80.3048 
vt 1.61252 -80.3048 
vt -1.60002 -80.3048 
vt -236.033 -80.3048 
vt -1.61252 199.183 
vt -1.60002 199.033 
vt -1.60002 -80.1298 
vt -236.033 -80.3048 
vt -235.995 -80.3048 
vt -236.033 -80.2173 
vt -236.033 -80.2173 
vt -235.995 -80.2173 
vt -235.995 -80.1298 
vt -1.60002 -80.3048 
vt 1.60002 -80.3048 
vt -1.60002 -80.0548 
vt -235.996 -80.0548 
vt -235.995 -80.3048 
vt -235.87 -80.0548 
vt -235.87 -80.3048 
vt -1.60002 198.87 
vt 1.60002 -80.2173 
vt -235.808 -80.1298 
vt -235.87 -80.1298 
vt -235.745 -80.3048 
vt -1.60002 -80.3048 
vt -235.745 -80.3048 
vt -235.745 -80.0548 
vt 1.60002 -80.0548 
vt 1.60002 -80.3048 
vt 1.61252 -80.3048 
vt 1.60002 -80.1298 
vt -1.60002 -80.3048 
vt -236.033 -80.1298 
vt -236.108 -80.1298 
vt -236.108 -80.0548 
vt 1.60002 199.033 
vt 1.60002 199.108 
vt 1.60002 199.183 
vt -236.108 -80.1298 
vt -236.108 -80.0548 
vt -1.60002 -80.1298 
vt -1.61252 -80.0548 
vt 1.60002 -80.1298 
vt -235.996 -80.0548 
vt 1.61252 199.108 
vt 1.60002 198.996 
vt 1.61252 198.995 
vt 1.60002 199.108 
vt -236.183 -80.0548 
vt -1.60002 -80.0548 
vt 1.60002 199.183 
vt -1.60002 -80.0548 
vt -1.60002 -80.0423 
vt -236.108 -80.0423 
vt -235.996 -80.0423 
vt 1.60002 -80.0423 
vt -1.60002 199.108 
vt 1.60002 -80.1298 
vt -1.61252 199.183 
vt -1.71252 199.183 
vt -1.72502 199.183 
vt -1.60002 199.183 
vt 1.60002 -80.0423 
vt -235.996 -80.0423 
vt 1.60002 -80.1298 
vt 1.61252 198.995 
vt 1.60002 198.996 
vt 1.61252 198.87 
vt -1.60002 198.996 
vt -1.60002 -80.1298 
vt 1.72502 -80.0423 
vt 1.60002 -80.0423 
vt 1.60002 198.871 
vt 1.72502 198.871 
vt 1.72502 198.958 
vt 1.60002 198.733 
vt 1.60002 198.671 
vt 1.65002 198.733 
vt 1.61252 -80.0548 
vt 1.60002 -80.0548 
vt 1.60002 -80.1298 
vt -235.871 -80.0423 
vt -235.833 -80.0548 
vt -235.833 -80.0423 
vt -235.87 -80.0548 
vt -1.60002 -80.0423 
vt -1.60002 198.87 
vt -1.60002 198.996 
vt -1.72502 198.958 
vt -1.72502 -80.0423 
vt 1.72502 198.871 
vt 1.60002 198.871 
vt 1.60002 198.833 
vt 1.60002 198.87 
vt -1.60002 198.87 
vt 1.60002 -80.0423 
vt 1.60002 -80.0548 
vt 1.61252 -80.0548 
vt -1.60002 -80.0548 
vt -1.60002 -80.0423 
vt -1.61252 -80.0548 
vt -235.745 -80.0548 
vt 1.72502 -80.0423 
vt -1.72502 -80.0548 
vt -235.733 -80.0548 
vt -235.733 -80.0423 
vt 1.65002 198.671 
vt -1.60002 -80.1298 
vt -1.60002 198.808 
vt -1.60002 198.745 
vt -1.60002 198.87 
vt -235.745 -80.1298 
vt 1.61252 -80.1298 
vt 1.61252 -80.1298 
vt -235.733 -80.0548 
vt -235.671 -80.0548 
vt -235.733 -80.0423 
vt 1.65002 198.671 
vt 1.65002 198.733 
vt 1.61252 198.671 
vt 1.65002 -80.0548 
vt 1.72502 198.87 
vt 1.72502 198.958 
vt 1.72502 198.833 
vt 1.90002 198.833 
vt 1.90002 198.958 
vt 1.91252 198.833 
vt 1.91252 198.958 
vt 1.72502 -80.0548 
vt 1.72502 -80.0423 
vt -1.90002 -80.0548 
vt -1.72502 -80.0548 
vt -1.72502 -80.0423 
vt -1.72502 -80.0548 
vt -1.72502 -80.0423 
vt 1.61252 198.733 
vt 1.65002 -80.0548 
vt 1.90002 -80.0548 
vt 1.65002 -80.0423 
vt 1.60002 -80.0423 
vt 1.65002 -80.0423 
vt 1.65002 -80.0548 
vt 1.90002 -80.0548 
vt 1.65002 -80.0423 
vt 235.733 -80.0423 
vt 235.671 -80.0423 
vt 235.671 -80.0548 
vt 1.91252 -80.0423 
vt 1.65002 198.671 
vt 1.91252 198.671 
vt 1.91252 198.733 
vt -235.671 -80.0423 
vt -1.65002 198.733 
vt -1.65002 198.671 
vt -1.61252 198.671 
vt 235.733 -80.0548 
vt -1.61252 198.733 
vt 1.65002 198.733 
vt 1.91252 -80.0423 
vt 1.91252 -80.0548 
vt 1.72502 198.833 
vt -1.91252 -80.0423 
vt 1.91252 198.833 
vt 235.833 -80.0423 
vt 235.733 -80.0423 
vt 235.771 -80.0548 
vt -1.72502 -80.0548 
vt 1.72502 -80.0548 
vt -1.91252 198.833 
vt -1.72502 198.87 
vt -1.91252 198.958 
vt -1.72502 198.833 
vt 1.72502 -80.0548 
vt 1.72502 -80.0423 
vt 1.72502 -80.0548 
vt 1.91252 -80.0548 
vt 1.91252 -80.0423 
vt 1.72502 198.833 
vt 1.91252 198.833 
vt 1.91252 198.958 
vt -1.90002 -80.0548 
vt -1.91252 -80.0548 
vt 235.833 -80.0423 
vt 235.833 -80.0548 
vt 235.958 -80.0423 
vt 235.833 -80.0548 
vt 1.60002 198.996 
vt 1.72502 198.996 
vt 1.72502 198.958 
vt 1.91252 198.958 
vt 1.72502 198.996 
vt -235.958 -80.0548 
vt -235.958 -80.0423 
vt 235.958 -80.0423 
vt 235.958 -80.0548 
vt 235.996 -80.0423 
vt 1.60002 198.996 
vt 1.60002 199.108 
vt 1.72502 199.108 
vt -1.72502 198.996 
vt 235.996 -80.0548 
vt -235.996 -80.0423 
vt 1.72502 -80.0548 
vt 1.90002 -80.0548 
vt 1.91252 -80.0548 
vt 235.958 -80.0548 
vt 1.72502 199.183 
vt 1.72502 199.196 
vt 236.196 -80.0423 
vt 236.108 -80.0423 
vt 236.183 -80.0423 
vt 1.91252 -80.0423 
vt 1.72502 -80.0423 
vt 1.72502 -80.0548 
vt -1.91252 -80.0423 
vt -1.91252 -80.0548 
vt -1.65002 -80.0548 
vt -1.65002 -80.0423 
vt -1.90002 -80.0548 
vt 1.60002 198.733 
vt -1.91252 -80.0423 
vt -1.61252 199.183 
vt -1.90002 199.183 
vt -1.90002 199.096 
vt -1.90002 -80.3048 
vt -1.72502 -80.0548 
vt 235.671 -80.3048 
vt 236.096 -80.3048 
vt 235.958 -80.1798 
vt -1.90002 198.671 
vt 235.833 -80.0548 
vt 236.096 -80.1798 
vt 236.096 -80.0548 
vt 235.733 -80.0548 
vt -1.90002 198.733 
vt -1.90002 198.833 
vt -1.90002 198.771 
vt 235.671 -80.0548 
vt 235.958 -80.0548 
vt -1.90002 -80.3048 
vt 1.90002 -80.0548 
vt 1.90002 -80.3048 
vt 1.90002 -80.1798 
vt -235.671 -80.3048 
vt -235.671 -80.0548 
vt -235.733 -80.0548 
vt 1.90002 -80.3048 
vt 1.91252 -80.3048 
vt 1.91252 -80.0548 
vt -1.91252 198.77 
vt -1.91252 198.671 
vt -1.90002 198.671 
vt 235.671 -80.3048 
vt 235.77 -80.3048 
vt 235.733 -80.0548 
vt 235.671 -80.0548 
vt 235.671 -80.0423 
vt -1.90002 198.771 
vt -235.771 -80.3048 
vt -1.91252 -80.3048 
vt -1.90002 -80.3048 
vt -1.90002 -80.0548 
vt 1.91252 -80.3048 
vt 1.91252 -80.0548 
vt 1.90002 -80.3048 
vt 235.771 -80.0548 
vt 235.77 -80.3048 
vt -1.91252 198.77 
vt -1.90002 198.771 
vt -1.90002 198.958 
vt 235.958 -80.3048 
vt -235.958 -80.3048 
vt -235.771 -80.3048 
vt -235.958 -80.1798 
vt -1.91252 -80.2673 
vt -1.91252 -80.3048 
vt -1.90002 -80.3048 
vt -1.91252 198.958 
vt -1.90002 -80.1798 
vt 1.91252 -80.3048 
vt 1.90002 -80.3048 
vt 1.90002 -80.1798 
vt -236.096 -80.3048 
vt -1.90002 199.096 
vt -1.90002 199.183 
vt -1.91252 -80.3048 
vt -1.91252 -80.1798 
vt 236.096 -80.3048 
vt 236.096 -80.3048 
vt 236.183 -80.3048 
vt 236.096 -80.1798 
vt -1.91252 199.096 
vt -1.91252 199.096 
vt -1.91252 -80.1798 
vt 236.096 -80.1798 
vt 235.958 -80.1798 
vt 1.91252 -80.1798 
vt -236.096 -80.1798 
vt -1.90002 -80.1798 
vt -1.90002 -80.0548 
vt -1.91252 -80.1798 
vt -1.91252 -80.3048 
vt 236.183 -80.0548 
vt 236.096 -80.0548 
vt 1.91252 -80.1798 
vt 1.91252 -80.0548 
vt -235.771 -80.0548 
vt -235.771 -80.0548 
vt -235.833 -80.0548 
vt 1.90002 -80.0548 
vt -1.91252 -80.0548 
vt -1.91252 -80.0548 
vt -235.958 -80.0548 
vt -1.90002 198.958 
vt -1.90002 199.096 
vt -1.91252 198.958 
vt -1.91252 -80.0548 
vt 1.90002 198.958 
vt 1.91252 198.958 
vt 1.90002 199.096 
vt 235.958 -80.0423 
vt 235.958 -80.0548 
vt 236.183 -80.0423 
vt 235.958 -80.0548 
vt 1.91252 199.096 
vt -1.91252 -80.0548 
vt 236.183 -80.0548 
vt -1.91252 199.183 
vt -1.91252 199.096 
vt 235.958 -80.1798 
vt 1.90002 -80.3048 
vt 1.90002 -80.0548 
vt -1.61252 199.033 
vt 1.60002 -80.3048 
vt -235.995 -80.2173 
vt -235.871 -80.0423 
vt -235.745 -80.1298 
vt -235.87 -80.1298 
vt -1.90002 -80.0548 
vt 1.90752 -80.3048 
vt 1.91252 -80.1298 
vt 1.72502 -80.1298 
vt -1.60895 -80.3048 
vt -1.60322 -80.1298 
vt -1.90752 -80.3048 
vt -1.91252 -80.1298 
vt 1.60895 -80.3048 
vt 1.60322 -80.1298 
vt -1.90663 -80.0498 
vt -1.72502 -80.0519 
vt 1.60302 199.186 
vt 1.60002 199.108 
vt -1.72502 -80.0519 
vt -1.60322 -80.1298 
vt 1.91252 199.187 
vt 1.60322 199.185 
vt -1.60302 -80.0502 
vt -1.60895 -80.3048 
vt -1.72502 -80.1298 
vt -236.033 -80.2173 
vt -236.033 -80.1298 
vt -236.033 -80.3048 
vt -236.184 -80.3048 
vt -235.995 -80.3048 
vt -235.87 -80.3048 
vt -235.671 -80.3048 
vt -235.745 -80.3048 
vt -235.74 -80.0548 
vt -235.745 -80.1298 
vt 1.60989 199.108 
vt 1.60752 -80.1298 
vt 1.60989 -80.0548 
vt 1.60002 -80.0521 
vt -1.60989 199.108 
vt -1.60691 198.995 
vt -1.60002 199.108 
vt -235.995 -80.0548 
vt -235.995 -80.1298 
vt -235.995 -80.2173 
vt 1.60939 198.833 
vt 1.60537 198.87 
vt -235.87 -80.0548 
vt -235.87 -80.1298 
vt -235.671 -80.3048 
vt -235.74 -80.0548 
vt -235.671 -80.0523 
vt 1.61156 -80.0523 
vt 1.60911 -80.3048 
vt -236.185 -80.1298 
vt -236.184 -80.3048 
vt -236.033 -80.3048 
vt -236.033 -80.3048 
vt -235.995 -80.3048 
vt -236.033 -80.2173 
vt -236.033 -80.2173 
vt -235.995 -80.2173 
vt -235.995 -80.1298 
vt -235.745 -80.3048 
vt -236.033 -80.1298 
vt -236.108 -80.1298 
vt -236.108 -80.0548 
vt 1.60418 199.033 
vt 1.60752 199.108 
vt -236.185 -80.1298 
vt -236.108 -80.1298 
vt -236.108 -80.0548 
vt -235.995 -80.0548 
vt -1.60989 199.108 
vt -1.60002 199.108 
vt -1.60302 199.186 
vt -236.186 -80.0502 
vt 1.60537 -80.0548 
vt 1.72502 198.958 
vt 1.61156 198.671 
vt 1.65002 198.733 
vt 1.60482 198.74 
vt -235.833 -80.0548 
vt -235.833 -80.0458 
vt -235.87 -80.0548 
vt -1.60537 198.87 
vt -1.60691 198.995 
vt -1.72502 198.958 
vt -1.60537 -80.0548 
vt 1.60002 198.833 
vt -235.74 -80.0548 
vt -1.60482 198.74 
vt -1.60939 198.833 
vt 1.60002 -80.0458 
vt 1.60939 -80.0548 
vt 1.72502 -80.0438 
vt -1.60939 -80.0548 
vt -1.60002 -80.0458 
vt -1.72502 -80.0548 
vt -1.60523 198.745 
vt -1.60783 198.87 
vt -235.733 -80.0548 
vt -235.733 -80.0448 
vt 1.65002 198.733 
vt 1.60537 198.87 
vt 1.72502 198.958 
vt 1.60691 198.995 
vt 1.72502 198.833 
vt 1.90502 198.833 
vt 1.90466 198.958 
vt -235.958 -80.0548 
vt -235.958 -80.0506 
vt 1.72502 -80.0548 
vt 1.90466 -80.0548 
vt 1.72502 -80.0506 
vt -1.60989 -80.0548 
vt 1.60691 -80.0548 
vt 1.72502 -80.0434 
vt 1.60002 198.833 
vt 1.60939 198.833 
vt 1.60482 -80.0548 
vt 1.65002 -80.0548 
vt 1.65002 -80.0448 
vt 1.60482 198.74 
vt 1.90002 -80.0548 
vt 1.90716 -80.0542 
vt 235.733 -80.0448 
vt 1.90716 198.671 
vt 1.90493 198.733 
vt -1.65002 198.733 
vt -1.61156 198.671 
vt -1.60482 198.74 
vt 1.65002 198.733 
vt 1.90493 -80.0526 
vt 1.72502 198.833 
vt -1.90783 -80.0509 
vt 1.90783 198.833 
vt 235.833 -80.0509 
vt 235.733 -80.0526 
vt 235.771 -80.0548 
vt -1.90783 198.833 
vt -1.90466 198.958 
vt -1.72502 198.833 
vt 235.87 -80.0548 
vt 235.833 -80.0438 
vt 235.833 -80.0548 
vt 1.72502 -80.0548 
vt 1.72502 198.833 
vt 1.90783 198.833 
vt -1.90502 -80.0548 
vt 1.72502 198.996 
vt 1.72502 198.958 
vt 1.72502 198.996 
vt 1.60002 199.108 
vt 1.90663 199.184 
vt -1.72502 198.996 
vt -235.996 -80.0434 
vt 235.833 -80.0509 
vt 235.958 -80.0548 
vt 1.72502 199.188 
vt 1.72502 199.188 
vt -1.60002 -80.0521 
vt 1.90663 -80.0498 
vt 1.72502 -80.0519 
vt -1.65002 -80.0548 
vt -1.65002 -80.0448 
vt -1.90002 -80.0548 
vt -1.90493 -80.0526 
vt -1.60895 199.184 
vt -1.90752 199.185 
vt -1.90627 199.096 
vt -1.90752 -80.3048 
vt 235.671 -80.3048 
vt 236.096 -80.3048 
vt 235.958 -80.1798 
vt -1.90343 198.671 
vt -1.60911 198.671 
vt 236.096 -80.1798 
vt 236.096 -80.0548 
vt 235.733 -80.0526 
vt -1.90493 198.733 
vt -1.90783 198.833 
vt -1.91002 198.771 
vt 235.671 -80.0542 
vt 235.833 -80.0548 
vt 1.90418 -80.0548 
vt 1.90627 -80.3048 
vt 1.90725 -80.1798 
vt -235.671 -80.3048 
vt -235.671 -80.0542 
vt -235.733 -80.0526 
vt 235.671 -80.3048 
vt 235.771 -80.3048 
vt 235.671 -80.0542 
vt -235.771 -80.3048 
vt 235.771 -80.0548 
vt 235.771 -80.3048 
vt -1.90377 198.771 
vt -1.90627 198.958 
vt 235.958 -80.3048 
vt -235.958 -80.3048 
vt -235.771 -80.3048 
vt -235.958 -80.1798 
vt -1.90627 -80.3048 
vt -1.90488 -80.1798 
vt 1.90627 -80.3048 
vt 1.90488 -80.1798 
vt -236.096 -80.3048 
vt -1.90627 -80.3048 
vt -1.90725 -80.1798 
vt 236.096 -80.3048 
vt 236.185 -80.3048 
vt 236.096 -80.1798 
vt -236.096 -80.1798 
vt 236.184 -80.0498 
vt 236.096 -80.0548 
vt -235.771 -80.0548 
vt -235.771 -80.0548 
vt -235.833 -80.0509 
vt -235.833 -80.0548 
vt -235.958 -80.0548 
vt -1.90466 -80.0548 
vt 235.958 -80.0548 
vt 236.184 -80.0498 
vt 235.958 -80.0548 
vt -1.90663 199.184 
vt -1.90466 198.958 
vt -1.90418 199.096 
vt 235.958 -80.1798 
vt 1.90343 -80.3048 
vt 1.90716 -80.0542 
vt -235.995 -80.2173 
vt -236.108 -80.0521 
vt -235.745 -80.1298 
vt -235.87 -80.1298 
vt -1.90663 -80.0498 

usemtl Leftear1Mtl

f 1765/1765/1765 1766/1766/1766 1767/1767/1767 
f 1766/1766/1766 1765/1765/1765 1768/1768/1768 
f 1769/1769/1769 1770/1770/1770 1771/1771/1771 
f 1770/1770/1770 1769/1769/1769 1772/1772/1772 
f 1773/1773/1773 1774/1774/1774 1775/1775/1775 
f 1776/1776/1776 1777/1777/1777 1778/1778/1778 
f 1775/1775/1775 1774/1774/1774 1779/1779/1779 
f 1780/1780/1780 1766/1766/1766 1768/1768/1768 
f 1781/1781/1781 1778/1778/1778 1777/1777/1777 
f 1782/1782/1782 1780/1780/1780 1783/1783/1783 
f 1784/1784/1784 1785/1785/1785 1786/1786/1786 
f 1787/1787/1787 1788/1788/1788 1789/1789/1789 
f 1790/1790/1790 1791/1791/1791 1792/1792/1792 
f 1793/1793/1793 1794/1794/1794 1795/1795/1795 
f 1789/1789/1789 1788/1788/1788 1796/1796/1796 
f 1767/1767/1767 1797/1797/1797 1765/1765/1765 
f 1794/1794/1794 1798/1798/1798 1795/1795/1795 
f 1791/1791/1791 1799/1799/1799 1792/1792/1792 
f 1800/1800/1800 1801/1801/1801 1802/1802/1802 
f 1803/1803/1803 1804/1804/1804 1805/1805/1805 
f 1806/1806/1806 1807/1807/1807 1808/1808/1808 
f 1809/1809/1809 1810/1810/1810 1811/1811/1811 
f 1812/1812/1812 1813/1813/1813 1813/1813/1813 
f 1814/1814/1814 1815/1815/1815 1816/1816/1816 
f 1817/1817/1817 1818/1818/1818 1819/1819/1819 
f 1818/1818/1818 1820/1820/1820 1819/1819/1819 
f 1821/1821/1821 1812/1812/1812 1813/1813/1813 
f 1822/1822/1822 1822/1822/1822 1823/1823/1823 
f 1824/1824/1824 1825/1825/1825 1786/1786/1786 
f 1820/1820/1820 1795/1795/1795 1819/1819/1819 
f 1795/1795/1795 1820/1820/1820 1793/1793/1793 
f 1809/1809/1809 1811/1811/1811 1826/1826/1826 
f 1823/1823/1823 1827/1827/1827 1822/1822/1822 
f 1827/1827/1827 1823/1823/1823 1828/1828/1828 
f 1808/1808/1808 1807/1807/1807 1829/1829/1829 
f 1786/1786/1786 1785/1785/1785 1824/1824/1824 
f 1808/1808/1808 1830/1830/1830 1806/1806/1806 
f 1786/1786/1786 1831/1831/1831 1784/1784/1784 
f 1832/1832/1832 1822/1822/1822 1827/1827/1827 
f 1833/1833/1833 1834/1834/1834 1835/1835/1835 
f 1836/1836/1836 1837/1837/1837 1838/1838/1838 
f 1768/1768/1768 1839/1839/1839 1780/1780/1780 
f 1782/1782/1782 1783/1783/1783 1840/1840/1840 
f 1841/1841/1841 1842/1842/1842 1843/1843/1843 
f 1844/1844/1844 1817/1817/1817 1819/1819/1819 
f 1845/1845/1845 1846/1846/1846 1847/1847/1847 
f 1847/1847/1847 1846/1846/1846 1848/1848/1848 
f 1849/1849/1849 1847/1847/1847 1850/1850/1850 
f 1847/1847/1847 1849/1849/1849 1845/1845/1845 
f 1816/1816/1816 1851/1851/1851 1852/1852/1852 
f 1853/1853/1853 1854/1854/1854 1782/1782/1782 
f 1855/1855/1855 1856/1856/1856 1857/1857/1857 
f 1848/1848/1848 1858/1858/1858 1847/1847/1847 
f 1847/1847/1847 1858/1858/1858 1859/1859/1859 
f 1854/1854/1854 1782/1782/1782 1854/1854/1854 
f 1770/1770/1770 1860/1860/1860 1771/1771/1771 
f 1844/1844/1844 1844/1844/1844 1819/1819/1819 
f 1774/1774/1774 1774/1774/1774 1779/1779/1779 
f 1819/1819/1819 1819/1819/1819 1844/1844/1844 
f 1853/1853/1853 1782/1782/1782 1840/1840/1840 
f 1861/1861/1861 1802/1802/1802 1801/1801/1801 
f 1862/1862/1862 1863/1863/1863 1864/1864/1864 
f 1851/1851/1851 1865/1865/1865 1852/1852/1852 
f 1862/1862/1862 1864/1864/1864 1866/1866/1866 
f 1861/1861/1861 1801/1801/1801 1867/1867/1867 
f 1852/1852/1852 1814/1814/1814 1816/1816/1816 
f 1857/1857/1857 1857/1857/1857 1868/1868/1868 
f 1857/1857/1857 1857/1857/1857 1855/1855/1855 
f 1869/1869/1869 1870/1870/1870 1855/1855/1855 
f 1870/1870/1870 1869/1869/1869 1871/1871/1871 
f 1872/1872/1872 1873/1873/1873 1874/1874/1874 
f 1875/1875/1875 1876/1876/1876 1877/1877/1877 
f 1878/1878/1878 1879/1879/1879 1880/1880/1880 
f 1879/1879/1879 1878/1878/1878 1881/1881/1881 
f 1882/1882/1882 1883/1883/1883 1884/1884/1884 
f 1880/1880/1880 1876/1876/1876 1885/1885/1885 
f 1876/1876/1876 1880/1880/1880 1877/1877/1877 
f 1880/1880/1880 1885/1885/1885 1886/1886/1886 
f 1887/1887/1887 1888/1888/1888 1889/1889/1889 
f 1890/1890/1890 1878/1878/1878 1880/1880/1880 
f 1891/1891/1891 1892/1892/1892 1893/1893/1893 
f 1885/1885/1885 1876/1876/1876 1894/1894/1894 
f 1895/1895/1895 1896/1896/1896 1897/1897/1897 
f 1886/1886/1886 1890/1890/1890 1880/1880/1880 
f 1898/1898/1898 1899/1899/1899 1900/1900/1900 
f 1901/1901/1901 1902/1902/1902 1903/1903/1903 
f 1904/1904/1904 1905/1905/1905 1885/1885/1885 
f 1906/1906/1906 1907/1907/1907 1908/1908/1908 
f 1905/1905/1905 1886/1886/1886 1885/1885/1885 
f 1909/1909/1909 1910/1910/1910 1911/1911/1911 
f 1910/1910/1910 1909/1909/1909 1894/1894/1894 
f 1912/1912/1912 1913/1913/1913 1914/1914/1914 
f 1909/1909/1909 1915/1915/1915 1894/1894/1894 
f 1911/1911/1911 1910/1910/1910 1916/1916/1916 
f 1917/1917/1917 1918/1918/1918 1919/1919/1919 
f 1911/1911/1911 1920/1920/1920 1921/1921/1921 
f 1922/1922/1922 1923/1923/1923 1924/1924/1924 
f 1925/1925/1925 1926/1926/1926 1927/1927/1927 
f 1926/1926/1926 1925/1925/1925 1928/1928/1928 
f 1929/1929/1929 1930/1930/1930 1931/1931/1931 
f 1925/1925/1925 1932/1932/1932 1928/1928/1928 
f 1933/1933/1933 1934/1934/1934 1935/1935/1935 
f 1936/1936/1936 1937/1937/1937 1938/1938/1938 
f 1939/1939/1939 1940/1940/1940 1941/1941/1941 
f 1926/1926/1926 1942/1942/1942 1927/1927/1927 
f 1943/1943/1943 1944/1944/1944 1945/1945/1945 
f 1932/1932/1932 1946/1946/1946 1928/1928/1928 
f 1946/1946/1946 1932/1932/1932 1947/1947/1947 
f 1948/1948/1948 1949/1949/1949 1950/1950/1950 
f 1951/1951/1951 1952/1952/1952 1953/1953/1953 
f 1952/1952/1952 1951/1951/1951 1954/1954/1954 
f 1955/1955/1955 1956/1956/1956 1957/1957/1957 
f 1958/1958/1958 1959/1959/1959 1960/1960/1960 
f 1947/1947/1947 1877/1877/1877 1946/1946/1946 
f 1877/1877/1877 1947/1947/1947 1875/1875/1875 
f 1961/1961/1961 1962/1962/1962 1963/1963/1963 
f 1877/1877/1877 1964/1964/1964 1946/1946/1946 
f 1965/1965/1965 1951/1951/1951 1966/1966/1966 
f 1951/1951/1951 1965/1965/1965 1954/1954/1954 
f 1967/1967/1967 1968/1968/1968 1969/1969/1969 
f 1970/1970/1970 1971/1971/1971 1972/1972/1972 
f 1973/1973/1973 1965/1965/1965 1974/1974/1974 
f 1975/1975/1975 1976/1976/1976 1977/1977/1977 
f 1978/1978/1978 1979/1979/1979 1980/1980/1980 
f 1966/1966/1966 1981/1981/1981 1974/1974/1974 
f 1982/1982/1982 1983/1983/1983 1984/1984/1984 
f 1981/1981/1981 1985/1985/1985 1974/1974/1974 
f 1986/1986/1986 1987/1987/1987 1988/1988/1988 
f 1881/1881/1881 1989/1989/1989 1879/1879/1879 
f 1990/1990/1990 1991/1991/1991 1992/1992/1992 
f 1885/1885/1885 1974/1974/1974 1985/1985/1985 
f 1993/1993/1993 1994/1994/1994 1995/1995/1995 
f 1985/1985/1985 1904/1904/1904 1885/1885/1885 
f 1996/1996/1996 1997/1997/1997 1998/1998/1998 
f 1997/1997/1997 1996/1996/1996 1999/1999/1999 
f 1999/1999/1999 1996/1996/1996 2000/2000/2000 
f 2001/2001/2001 2002/2002/2002 2003/2003/2003 
f 1999/1999/1999 2004/2004/2004 1997/1997/1997 
f 2005/2005/2005 2006/2006/2006 2007/2007/2007 
f 2008/2008/2008 1997/1997/1997 2004/2004/2004 
f 2009/2009/2009 1998/1998/1998 2010/2010/2010 
f 1998/1998/1998 2009/2009/2009 1996/1996/1996 
f 2011/2011/2011 2012/2012/2012 2013/2013/2013 
f 2014/2014/2014 2005/2005/2005 2007/2007/2007 
f 2015/2015/2015 2016/2016/2016 2017/2017/2017 
f 2018/2018/2018 1999/1999/1999 2000/2000/2000 
f 2019/2019/2019 2020/2020/2020 2021/2021/2021 
f 2012/2012/2012 2022/2022/2022 2023/2023/2023 
f 1920/1920/1920 2009/2009/2009 2010/2010/2010 
f 2024/2024/2024 2014/2014/2014 2025/2025/2025 
f 1920/1920/1920 2010/2010/2010 1921/1921/1921 
f 2026/2026/2026 2027/2027/2027 2028/2028/2028 
f 2004/2004/2004 1894/1894/1894 2029/2029/2029 
f 2029/2029/2029 1915/1915/1915 2030/2030/2030 
f 1915/1915/1915 2029/2029/2029 1894/1894/1894 
f 2031/2031/2031 2032/2032/2032 2033/2033/2033 
f 2029/2029/2029 2008/2008/2008 2004/2004/2004 
f 2034/2034/2034 2035/2035/2035 2036/2036/2036 
f 2037/2037/2037 2038/2038/2038 2039/2039/2039 
f 2040/2040/2040 2041/2041/2041 2042/2042/2042 
f 2041/2041/2041 2040/2040/2040 2043/2043/2043 
f 2044/2044/2044 2045/2045/2045 2046/2046/2046 
f 2047/2047/2047 2041/2041/2041 2043/2043/2043 
f 2048/2048/2048 2049/2049/2049 2050/2050/2050 
f 2051/2051/2051 2052/2052/2052 2053/2053/2053 
f 2052/2052/2052 2051/2051/2051 2054/2054/2054 
f 2055/2055/2055 2056/2056/2056 2057/2057/2057 
f 2058/2058/2058 2055/2055/2055 2057/2057/2057 
f 2059/2059/2059 2060/2060/2060 2061/2061/2061 
f 1924/1924/1924 1923/1923/1923 1923/1923/1923 
f 2059/2059/2059 2061/2061/2061 2062/2062/2062 
f 2063/2063/2063 1963/1963/1963 1962/1962/1962 
f 2064/2064/2064 2065/2065/2065 2066/2066/2066 
f 2067/2067/2067 2068/2068/2068 2069/2069/2069 
f 2070/2070/2070 1963/1963/1963 2071/2071/2071 
f 1963/1963/1963 2070/2070/2070 1961/1961/1961 
f 2072/2072/2072 1897/1897/1897 1896/1896/1896 
f 2073/2073/2073 2074/2074/2074 2075/2075/2075 
f 2076/2076/2076 2077/2077/2077 2078/2078/2078 
f 2079/2079/2079 2080/2080/2080 1884/1884/1884 
f 2081/2081/2081 2082/2082/2082 2083/2083/2083 
f 2080/2080/2080 2084/2084/2084 1884/1884/1884 
f 2085/2085/2085 2082/2082/2082 2086/2086/2086 
f 2082/2082/2082 2085/2085/2085 2083/2083/2083 
f 2084/2084/2084 1882/1882/1882 1884/1884/1884 
f 1888/1888/1888 2087/2087/2087 1889/1889/1889 
f 2078/2078/2078 1906/1906/1906 1908/1908/1908 
f 1992/1992/1992 2088/2088/2088 2089/2089/2089 
f 2090/2090/2090 2091/2091/2091 2092/2092/2092 
f 2092/2092/2092 2091/2091/2091 2093/2093/2093 
f 1899/1899/1899 2094/2094/2094 1900/1900/1900 
f 2078/2078/2078 1908/1908/1908 2076/2076/2076 
f 2095/2095/2095 1901/1901/1901 1903/1903/1903 
f 2096/2096/2096 1993/1993/1993 1995/1995/1995 
f 2097/2097/2097 2098/2098/2098 2099/2099/2099 
f 2098/2098/2098 2097/2097/2097 2100/2100/2100 
f 2101/2101/2101 2036/2036/2036 2035/2035/2035 
f 1914/1914/1914 2102/2102/2102 1912/1912/1912 
f 2103/2103/2103 2042/2042/2042 2104/2104/2104 
f 2042/2042/2042 2103/2103/2103 2040/2040/2040 
f 1924/1924/1924 2105/2105/2105 1922/1922/1922 
f 2028/2028/2028 2027/2027/2027 2106/2106/2106 
f 2107/2107/2107 2108/2108/2108 2109/2109/2109 
f 1918/1918/1918 2110/2110/2110 1919/1919/1919 
f 2064/2064/2064 2111/2111/2111 2112/2112/2112 
f 2111/2111/2111 2064/2064/2064 2066/2066/2066 
f 1850/1850/1850 1847/1847/1847 1859/1859/1859 
f 2113/2113/2113 2114/2114/2114 2115/2115/2115 
f 2116/2116/2116 2117/2117/2117 2118/2118/2118 
f 2119/2119/2119 2117/2117/2117 2120/2120/2120 
f 2117/2117/2117 2119/2119/2119 2118/2118/2118 
f 2071/2071/2071 2121/2121/2121 2070/2070/2070 
f 2116/2116/2116 2118/2118/2118 2122/2122/2122 
f 1957/1957/1957 2123/2123/2123 2124/2124/2124 
f 2119/2119/2119 2120/2120/2120 2120/2120/2120 
f 2120/2120/2120 2119/2119/2119 2119/2119/2119 
f 2121/2121/2121 2121/2121/2121 2070/2070/2070 
f 1957/1957/1957 1957/1957/1957 2124/2124/2124 
f 2125/2125/2125 2126/2126/2126 2127/2127/2127 
f 2128/2128/2128 2129/2129/2129 2119/2119/2119 
f 2119/2119/2119 2130/2130/2130 2131/2131/2131 
f 2130/2130/2130 2119/2119/2119 2129/2129/2129 
f 2121/2121/2121 2132/2132/2132 2070/2070/2070 
f 2133/2133/2133 2134/2134/2134 2135/2135/2135 
f 2132/2132/2132 1961/1961/1961 2070/2070/2070 
f 2136/2136/2136 2131/2131/2131 2130/2130/2130 
f 2137/2137/2137 1958/1958/1958 2138/2138/2138 
f 2139/2139/2139 2128/2128/2128 2120/2120/2120 
f 2115/2115/2115 2114/2114/2114 2140/2140/2140 
f 2141/2141/2141 2142/2142/2142 2143/2143/2143 
f 2142/2142/2142 2141/2141/2141 2144/2144/2144 
f 1802/1802/1802 2145/2145/2145 1800/1800/1800 
f 2146/2146/2146 2147/2147/2147 2148/2148/2148 
f 1931/1931/1931 1931/1931/1931 2149/2149/2149 
f 2146/2146/2146 2146/2146/2146 2150/2150/2150 
f 2146/2146/2146 2150/2150/2150 1950/1950/1950 
f 1938/1938/1938 2151/2151/2151 2152/2152/2152 
f 2153/2153/2153 1800/1800/1800 2145/2145/2145 
f 2154/2154/2154 1931/1931/1931 2149/2149/2149 
f 2155/2155/2155 2138/2138/2138 1960/1960/1960 
f 2156/2156/2156 2157/2157/2157 1935/1935/1935 
f 2158/2158/2158 2135/2135/2135 2134/2134/2134 
f 1934/1934/1934 2159/2159/2159 1935/1935/1935 
f 1950/1950/1950 2150/2150/2150 2146/2146/2146 
f 1949/1949/1949 2146/2146/2146 1950/1950/1950 
f 2160/2160/2160 1941/1941/1941 1940/1940/1940 
f 2161/2161/2161 2162/2162/2162 2163/2163/2163 
f 2163/2163/2163 2162/2162/2162 2164/2164/2164 
f 2152/2152/2152 1936/1936/1936 1938/1938/1938 
f 1930/1930/1930 2149/2149/2149 1931/1931/1931 
f 1955/1955/1955 1957/1957/1957 2124/2124/2124 
f 2120/2120/2120 2165/2165/2165 2139/2139/2139 
f 2166/2166/2166 2125/2125/2125 2127/2127/2127 
f 1948/1948/1948 1950/1950/1950 2167/2167/2167 
f 2138/2138/2138 1958/1958/1958 1960/1960/1960 
f 1869/1869/1869 1868/1868/1868 2168/2168/2168 
f 1868/1868/1868 1869/1869/1869 1857/1857/1857 
f 2167/2167/2167 1950/1950/1950 2148/2148/2148 
f 2090/2090/2090 2092/2092/2092 2169/2169/2169 
f 2170/2170/2170 2171/2171/2171 1893/1893/1893 
f 2172/2172/2172 2173/2173/2173 2174/2174/2174 
f 2175/2175/2175 2176/2176/2176 2177/2177/2177 
f 2178/2178/2178 2179/2179/2179 2180/2180/2180 
f 2181/2181/2181 1980/1980/1980 2182/2182/2182 
f 1980/1980/1980 2181/2181/2181 1978/1978/1978 
f 2114/2114/2114 2183/2183/2183 2140/2140/2140 
f 1893/1893/1893 2184/2184/2184 2170/2170/2170 
f 2140/2140/2140 2183/2183/2183 2185/2185/2185 
f 2186/2186/2186 2187/2187/2187 2188/2188/2188 
f 2182/2182/2182 2189/2189/2189 2181/2181/2181 
f 2190/2190/2190 2186/2186/2186 2188/2188/2188 
f 2191/2191/2191 2180/2180/2180 2192/2192/2192 
f 2180/2180/2180 2191/2191/2191 2178/2178/2178 
f 2193/2193/2193 2194/2194/2194 2195/2195/2195 
f 2174/2174/2174 2196/2196/2196 2172/2172/2172 
f 1990/1990/1990 2089/2089/2089 2197/2197/2197 
f 2089/2089/2089 1990/1990/1990 1992/1992/1992 
f 2198/2198/2198 2199/2199/2199 2200/2200/2200 
f 2164/2164/2164 2195/2195/2195 2194/2194/2194 
f 2195/2195/2195 2164/2164/2164 2201/2201/2201 
f 2202/2202/2202 1969/1969/1969 1968/1968/1968 
f 1972/1972/1972 2203/2203/2203 1970/1970/1970 
f 1972/1972/1972 1971/1971/1971 2204/2204/2204 
f 2081/2081/2081 2083/2083/2083 2205/2205/2205 
f 2083/2083/2083 2085/2085/2085 2206/2206/2206 
f 1983/1983/1983 2207/2207/2207 1984/1984/1984 
f 1988/1988/1988 2208/2208/2208 1986/1986/1986 
f 2209/2209/2209 2188/2188/2188 2210/2210/2210 
f 2211/2211/2211 2212/2212/2212 2213/2213/2213 
f 2214/2214/2214 2215/2215/2215 2216/2216/2216 
f 2217/2217/2217 2218/2218/2218 2219/2219/2219 
f 2042/2042/2042 2220/2220/2220 2104/2104/2104 
f 2221/2221/2221 2222/2222/2222 2223/2223/2223 
f 2014/2014/2014 2007/2007/2007 2025/2025/2025 
f 2224/2224/2224 2225/2225/2225 2226/2226/2226 
f 1919/1919/1919 2227/2227/2227 2228/2228/2228 
f 2227/2227/2227 1919/1919/1919 2110/2110/2110 
f 2199/2199/2199 2229/2229/2229 2230/2230/2230 
f 2231/2231/2231 2232/2232/2232 2106/2106/2106 
f 2229/2229/2229 2233/2233/2233 2230/2230/2230 
f 2234/2234/2234 2235/2235/2235 2236/2236/2236 
f 2235/2235/2235 2234/2234/2234 2237/2237/2237 
f 2238/2238/2238 2239/2239/2239 2240/2240/2240 
f 2234/2234/2234 2241/2241/2241 2237/2237/2237 
f 2172/2172/2172 2196/2196/2196 2242/2242/2242 
f 2239/2239/2239 2243/2243/2243 2240/2240/2240 
f 2244/2244/2244 2245/2245/2245 2246/2246/2246 
f 2230/2230/2230 2200/2200/2200 2199/2199/2199 
f 2247/2247/2247 2106/2106/2106 2027/2027/2027 
f 2106/2106/2106 2247/2247/2247 2231/2231/2231 
f 2237/2237/2237 2248/2248/2248 2235/2235/2235 
f 2249/2249/2249 2001/2001/2001 2003/2003/2003 
f 2250/2250/2250 2017/2017/2017 2016/2016/2016 
f 2251/2251/2251 2252/2252/2252 2253/2253/2253 
f 2254/2254/2254 2255/2255/2255 2256/2256/2256 
f 2023/2023/2023 2013/2013/2013 2012/2012/2012 
f 2255/2255/2255 2257/2257/2257 2256/2256/2256 
f 2258/2258/2258 2251/2251/2251 2253/2253/2253 
f 2250/2250/2250 2016/2016/2016 2259/2259/2259 
f 2253/2253/2253 2252/2252/2252 2260/2260/2260 
f 2261/2261/2261 2217/2217/2217 2262/2262/2262 
f 2263/2263/2263 2264/2264/2264 2265/2265/2265 
f 2256/2256/2256 2266/2266/2266 2267/2267/2267 
f 2265/2265/2265 2268/2268/2268 2263/2263/2263 
f 2223/2223/2223 2222/2222/2222 2269/2269/2269 
f 2270/2270/2270 2262/2262/2262 2271/2271/2271 
f 2262/2262/2262 2270/2270/2270 2261/2261/2261 
f 2272/2272/2272 2037/2037/2037 2039/2039/2039 
f 2032/2032/2032 2273/2273/2273 2033/2033/2033 
f 2272/2272/2272 2039/2039/2039 2274/2274/2274 
f 2275/2275/2275 2274/2274/2274 2275/2275/2275 
f 2274/2274/2274 2275/2275/2275 2272/2272/2272 
f 2276/2276/2276 2098/2098/2098 2100/2100/2100 
f 2277/2277/2277 2277/2277/2277 2225/2225/2225 
f 2100/2100/2100 2278/2278/2278 2276/2276/2276 
f 2109/2109/2109 2108/2108/2108 2279/2279/2279 
f 2280/2280/2280 2276/2276/2276 2278/2278/2278 
f 2277/2277/2277 2226/2226/2226 2225/2225/2225 
f 2281/2281/2281 2282/2282/2282 2283/2283/2283 
f 2226/2226/2226 2284/2284/2284 2224/2224/2224 
f 2283/2283/2283 2285/2285/2285 2281/2281/2281 
f 2286/2286/2286 2287/2287/2287 2288/2288/2288 
f 2289/2289/2289 2290/2290/2290 2291/2291/2291 
f 2291/2291/2291 2290/2290/2290 2292/2292/2292 
f 2293/2293/2293 2294/2294/2294 2295/2295/2295 
f 2296/2296/2296 2297/2297/2297 2240/2240/2240 
f 2298/2298/2298 2299/2299/2299 2300/2300/2300 
f 2298/2298/2298 2300/2300/2300 1977/1977/1977 
f 2301/2301/2301 2302/2302/2302 2303/2303/2303 
f 2299/2299/2299 2304/2304/2304 2305/2305/2305 
f 2305/2305/2305 2304/2304/2304 2306/2306/2306 
f 2299/2299/2299 2305/2305/2305 2307/2307/2307 
f 2299/2299/2299 2307/2307/2307 2308/2308/2308 
f 1977/1977/1977 2300/2300/2300 2309/2309/2309 
f 2310/2310/2310 2311/2311/2311 2312/2312/2312 
f 2300/2300/2300 2309/2309/2309 2309/2309/2309 
f 2313/2313/2313 2313/2313/2313 2314/2314/2314 
f 2300/2300/2300 2299/2299/2299 2308/2308/2308 
f 2315/2315/2315 2316/2316/2316 2317/2317/2317 
f 2318/2318/2318 2319/2319/2319 2320/2320/2320 
f 2321/2321/2321 2322/2322/2322 2323/2323/2323 
f 2324/2324/2324 2325/2325/2325 2326/2326/2326 
f 2327/2327/2327 2328/2328/2328 2329/2329/2329 
f 2322/2322/2322 2330/2330/2330 2323/2323/2323 
f 2331/2331/2331 2332/2332/2332 2333/2333/2333 
f 2334/2334/2334 2335/2335/2335 2336/2336/2336 
f 1945/1945/1945 2337/2337/2337 1943/1943/1943 
f 1937/1937/1937 2338/2338/2338 2339/2339/2339 
f 2340/2340/2340 2341/2341/2341 2342/2342/2342 
f 2341/2341/2341 2340/2340/2340 2343/2343/2343 
f 2344/2344/2344 2345/2345/2345 2346/2346/2346 
f 2347/2347/2347 1939/1939/1939 2348/2348/2348 
f 1977/1977/1977 2309/2309/2309 1975/1975/1975 
f 1971/1971/1971 2313/2313/2313 2204/2204/2204 
f 2349/2349/2349 2350/2350/2350 2351/2351/2351 
f 2260/2260/2260 2352/2352/2352 2253/2253/2253 
f 2021/2021/2021 2353/2353/2353 2019/2019/2019 
f 2019/2019/2019 2353/2353/2353 2306/2306/2306 
f 2016/2016/2016 2354/2354/2354 2355/2355/2355 
f 2292/2292/2292 2290/2290/2290 2356/2356/2356 
f 2357/2357/2357 2358/2358/2358 2359/2359/2359 
f 2292/2292/2292 2360/2360/2360 2291/2291/2291 
f 2361/2361/2361 2362/2362/2362 2363/2363/2363 
f 2358/2358/2358 2364/2364/2364 2365/2365/2365 
f 2366/2366/2366 2292/2292/2292 2356/2356/2356 
f 2045/2045/2045 2367/2367/2367 2368/2368/2368 
f 2369/2369/2369 2048/2048/2048 2050/2050/2050 
f 2370/2370/2370 2371/2371/2371 2372/2372/2372 
f 2373/2373/2373 2374/2374/2374 2287/2287/2287 
f 2375/2375/2375 2368/2368/2368 2367/2367/2367 
f 2376/2376/2376 2377/2377/2377 2378/2378/2378 
f 2377/2377/2377 2379/2379/2379 2378/2378/2378 
f 2379/2379/2379 2377/2377/2377 2380/2380/2380 
f 2381/2381/2381 2370/2370/2370 2372/2372/2372 
f 2382/2382/2382 2383/2383/2383 2384/2384/2384 
f 2385/2385/2385 2386/2386/2386 2387/2387/2387 
f 2386/2386/2386 2385/2385/2385 2361/2361/2361 
f 2367/2367/2367 2388/2388/2388 2389/2389/2389 
f 2287/2287/2287 2374/2374/2374 2288/2288/2288 
f 2389/2389/2389 2375/2375/2375 2367/2367/2367 
f 2390/2390/2390 2391/2391/2391 2392/2392/2392 
f 2380/2380/2380 2393/2393/2393 2379/2379/2379 
f 2390/2390/2390 2392/2392/2392 2394/2394/2394 
f 2382/2382/2382 2384/2384/2384 2395/2395/2395 
f 2364/2364/2364 2396/2396/2396 2365/2365/2365 
f 2396/2396/2396 2364/2364/2364 2397/2397/2397 
f 2397/2397/2397 2364/2364/2364 2398/2398/2398 
f 2399/2399/2399 2400/2400/2400 2401/2401/2401 
f 2402/2402/2402 2244/2244/2244 2246/2246/2246 
f 2252/2252/2252 2403/2403/2403 2260/2260/2260 
f 2404/2404/2404 2405/2405/2405 2406/2406/2406 
f 2407/2407/2407 2408/2408/2408 2409/2409/2409 
f 2410/2410/2410 2404/2404/2404 2406/2406/2406 
f 2411/2411/2411 2402/2402/2402 2246/2246/2246 
f 2402/2402/2402 2411/2411/2411 2412/2412/2412 
f 2413/2413/2413 2414/2414/2414 2415/2415/2415 
f 2416/2416/2416 2417/2417/2417 2418/2418/2418 
f 2399/2399/2399 2419/2419/2419 2420/2420/2420 
f 2419/2419/2419 2399/2399/2399 2401/2401/2401 
f 2296/2296/2296 2421/2421/2421 2422/2422/2422 
f 2421/2421/2421 2296/2296/2296 2240/2240/2240 
f 2243/2243/2243 2421/2421/2421 2240/2240/2240 
f 2423/2423/2423 2399/2399/2399 2420/2420/2420 
f 2424/2424/2424 2425/2425/2425 2426/2426/2426 
f 2427/2427/2427 2211/2211/2211 2213/2213/2213 
f 2426/2426/2426 2425/2425/2425 2428/2428/2428 
f 2429/2429/2429 2424/2424/2424 2426/2426/2426 
f 2303/2303/2303 2415/2415/2415 2301/2301/2301 
f 2355/2355/2355 2259/2259/2259 2016/2016/2016 
f 2414/2414/2414 2301/2301/2301 2415/2415/2415 
f 2417/2417/2417 2430/2430/2430 2431/2431/2431 
f 2260/2260/2260 2403/2403/2403 2432/2432/2432 
f 2433/2433/2433 2418/2418/2418 2431/2431/2431 
f 2434/2434/2434 2435/2435/2435 2215/2215/2215 
f 2215/2215/2215 2435/2435/2435 2436/2436/2436 
f 2437/2437/2437 2438/2438/2438 2439/2439/2439 
f 2438/2438/2438 2437/2437/2437 2432/2432/2432 
f 2438/2438/2438 2432/2432/2432 2403/2403/2403 
f 2428/2428/2428 2425/2425/2425 2440/2440/2440 
f 2431/2431/2431 2418/2418/2418 2417/2417/2417 
f 2403/2403/2403 2441/2441/2441 2438/2438/2438 
f 2441/2441/2441 2403/2403/2403 2442/2442/2442 
f 2443/2443/2443 2444/2444/2444 2445/2445/2445 
f 2407/2407/2407 2409/2409/2409 2446/2446/2446 
f 2216/2216/2216 2447/2447/2447 2214/2214/2214 
f 2447/2447/2447 2216/2216/2216 2448/2448/2448 
f 2216/2216/2216 2215/2215/2215 2436/2436/2436 
f 2449/2449/2449 2450/2450/2450 2451/2451/2451 
f 2450/2450/2450 2449/2449/2449 2452/2452/2452 
f 2453/2453/2453 2454/2454/2454 2455/2455/2455 
f 2312/2312/2312 2456/2456/2456 2310/2310/2310 
f 2242/2242/2242 2457/2457/2457 2440/2440/2440 
f 2452/2452/2452 2458/2458/2458 2450/2450/2450 
f 2459/2459/2459 2460/2460/2460 2461/2461/2461 
f 2462/2462/2462 2463/2463/2463 2459/2459/2459 
f 2192/2192/2192 2464/2464/2464 2191/2191/2191 
f 2465/2465/2465 2466/2466/2466 2467/2467/2467 
f 2466/2466/2466 2468/2468/2468 2467/2467/2467 
f 2468/2468/2468 2466/2466/2466 2455/2455/2455 
f 2455/2455/2455 2466/2466/2466 2469/2469/2469 
f 2468/2468/2468 2454/2454/2454 2470/2470/2470 
f 2454/2454/2454 2468/2468/2468 2455/2455/2455 
f 2459/2459/2459 2461/2461/2461 2462/2462/2462 
f 2471/2471/2471 2242/2242/2242 2196/2196/2196 
f 2460/2460/2460 2472/2472/2472 2461/2461/2461 
f 2314/2314/2314 2204/2204/2204 2313/2313/2313 
f 2456/2456/2456 2473/2473/2473 2310/2310/2310 
f 2313/2313/2313 2474/2474/2474 2314/2314/2314 
f 2312/2312/2312 2311/2311/2311 2475/2475/2475 
f 2242/2242/2242 2476/2476/2476 2172/2172/2172 
f 2476/2476/2476 2242/2242/2242 2425/2425/2425 
f 2425/2425/2425 2242/2242/2242 2440/2440/2440 
f 2317/2317/2317 2316/2316/2316 2329/2329/2329 
f 2444/2444/2444 2477/2477/2477 2445/2445/2445 
f 2327/2327/2327 2316/2316/2316 2478/2478/2478 
f 2316/2316/2316 2327/2327/2327 2329/2329/2329 
f 2479/2479/2479 2443/2443/2443 2445/2445/2445 
f 2450/2450/2450 2480/2480/2480 2451/2451/2451 
f 2454/2454/2454 2481/2481/2481 2470/2470/2470 
f 2445/2445/2445 2482/2482/2482 2479/2479/2479 
f 2483/2483/2483 2329/2329/2329 2328/2328/2328 
f 2484/2484/2484 2483/2483/2483 2485/2485/2485 
f 2481/2481/2481 2486/2486/2486 2470/2470/2470 
f 2487/2487/2487 2488/2488/2488 2489/2489/2489 
f 2490/2490/2490 2491/2491/2491 2470/2470/2470 
f 2468/2468/2468 2470/2470/2470 2491/2491/2491 
f 2339/2339/2339 2492/2492/2492 2493/2493/2493 
f 2491/2491/2491 2494/2494/2494 2468/2468/2468 
f 1803/1803/1803 1805/1805/1805 2495/2495/2495 
f 2493/2493/2493 1938/1938/1938 1937/1937/1937 
f 1807/1807/1807 2489/2489/2489 2488/2488/2488 
f 1807/1807/1807 2488/2488/2488 1829/1829/1829 
f 1834/1834/1834 2496/2496/2496 1835/1835/1835 
f 1829/1829/1829 2488/2488/2488 2497/2497/2497 
f 2498/2498/2498 1829/1829/1829 2497/2497/2497 
f 2499/2499/2499 2500/2500/2500 2501/2501/2501 
f 2502/2502/2502 2498/2498/2498 2502/2502/2502 
f 2335/2335/2335 2503/2503/2503 2336/2336/2336 
f 2498/2498/2498 2498/2498/2498 2502/2502/2502 
f 2498/2498/2498 2498/2498/2498 2497/2497/2497 
f 2348/2348/2348 1939/1939/1939 1941/1941/1941 
f 1937/1937/1937 2339/2339/2339 2493/2493/2493 
f 2504/2504/2504 2499/2499/2499 2501/2501/2501 
f 2346/2346/2346 2505/2505/2505 2344/2344/2344 
f 2506/2506/2506 2504/2504/2504 2501/2501/2501 
f 1796/1796/1796 2507/2507/2507 1789/1789/1789 
f 2344/2344/2344 2505/2505/2505 2508/2508/2508 
f 2089/2089/2089 2509/2509/2509 2197/2197/2197 
f 2510/2510/2510 2198/2198/2198 2200/2200/2200 
f 2350/2350/2350 2511/2511/2511 2351/2351/2351 
f 2512/2512/2512 2513/2513/2513 2514/2514/2514 
f 2515/2515/2515 2406/2406/2406 2405/2405/2405 
f 2406/2406/2406 2516/2516/2516 2410/2410/2410 
f 2513/2513/2513 2517/2517/2517 2514/2514/2514 
f 2518/2518/2518 2357/2357/2357 2359/2359/2359 
f 2363/2363/2363 2386/2386/2386 2361/2361/2361 
f 2365/2365/2365 2359/2359/2359 2358/2358/2358 
f 2519/2519/2519 2520/2520/2520 2521/2521/2521 
f 2522/2522/2522 1872/1872/1872 1874/1874/1874 
f 2522/2522/2522 1874/1874/1874 2523/2523/2523 
f 2524/2524/2524 2522/2522/2522 2523/2523/2523 
f 2522/2522/2522 2524/2524/2524 2525/2525/2525 
f 2526/2526/2526 2527/2527/2527 2528/2528/2528 
f 2529/2529/2529 2530/2530/2530 2530/2530/2530 
f 2526/2526/2526 2528/2528/2528 2526/2526/2526 
f 2531/2531/2531 2168/2168/2168 2532/2532/2532 
f 2533/2533/2533 2534/2534/2534 2535/2535/2535 
f 1843/1843/1843 1842/1842/1842 2536/2536/2536 
f 1841/1841/1841 1843/1843/1843 2537/2537/2537 
f 2530/2530/2530 2529/2529/2529 2529/2529/2529 
f 2501/2501/2501 2533/2533/2533 2506/2506/2506 
f 2535/2535/2535 2534/2534/2534 2538/2538/2538 
f 2539/2539/2539 1836/1836/1836 1838/1838/1838 
f 2540/2540/2540 2532/2532/2532 1868/1868/1868 
f 2532/2532/2532 2168/2168/2168 1868/1868/1868 
f 2538/2538/2538 2541/2541/2541 2535/2535/2535 
f 1789/1789/1789 2507/2507/2507 2542/2542/2542 
f 2535/2535/2535 2506/2506/2506 2533/2533/2533 
f 2520/2520/2520 2520/2520/2520 2521/2521/2521 
f 2543/2543/2543 2543/2543/2543 2544/2544/2544 
f 2545/2545/2545 2546/2546/2546 2547/2547/2547 
f 2521/2521/2521 2548/2548/2548 2549/2549/2549 
f 2545/2545/2545 2547/2547/2547 2550/2550/2550 
f 2546/2546/2546 2551/2551/2551 2547/2547/2547 
f 2551/2551/2551 2546/2546/2546 2552/2552/2552 
f 2551/2551/2551 2552/2552/2552 2553/2553/2553 
f 2554/2554/2554 2555/2555/2555 2556/2556/2556 
f 2545/2545/2545 2550/2550/2550 2557/2557/2557 
f 2558/2558/2558 2559/2559/2559 2560/2560/2560 
f 2561/2561/2561 2557/2557/2557 2562/2562/2562 
f 2557/2557/2557 2561/2561/2561 2563/2563/2563 
f 2557/2557/2557 2563/2563/2563 2545/2545/2545 
f 2564/2564/2564 2514/2514/2514 2565/2565/2565 
f 2566/2566/2566 2437/2437/2437 2439/2439/2439 
f 2319/2319/2319 2550/2550/2550 2320/2320/2320 
f 2320/2320/2320 2550/2550/2550 2547/2547/2547 
f 2567/2567/2567 2568/2568/2568 2569/2569/2569 
f 2552/2552/2552 2570/2570/2570 2320/2320/2320 
f 2320/2320/2320 2570/2570/2570 2318/2318/2318 
f 2552/2552/2552 2320/2320/2320 2553/2553/2553 
f 2316/2316/2316 2571/2571/2571 2478/2478/2478 
f 2572/2572/2572 2573/2573/2573 2574/2574/2574 
f 2575/2575/2575 2344/2344/2344 2508/2508/2508 
f 2576/2576/2576 2577/2577/2577 2544/2544/2544 
f 2578/2578/2578 2579/2579/2579 2580/2580/2580 
f 2543/2543/2543 2577/2577/2577 2581/2581/2581 
f 2577/2577/2577 2543/2543/2543 2544/2544/2544 
f 2582/2582/2582 2583/2583/2583 2584/2584/2584 
f 2585/2585/2585 2586/2586/2586 2587/2587/2587 
f 2588/2588/2588 2589/2589/2589 2590/2590/2590 
f 2372/2372/2372 2591/2591/2591 2592/2592/2592 
f 2593/2593/2593 2594/2594/2594 2595/2595/2595 
f 2594/2594/2594 2593/2593/2593 2593/2593/2593 
f 2593/2593/2593 2593/2593/2593 2596/2596/2596 
f 2381/2381/2381 2372/2372/2372 2597/2597/2597 
f 2598/2598/2598 2599/2599/2599 2600/2600/2600 
f 2601/2601/2601 2602/2602/2602 2603/2603/2603 
f 2592/2592/2592 2604/2604/2604 2372/2372/2372 
f 2605/2605/2605 2601/2601/2601 2606/2606/2606 
f 2607/2607/2607 2608/2608/2608 2609/2609/2609 
f 2610/2610/2610 2381/2381/2381 2597/2597/2597 
f 2611/2611/2611 2612/2612/2612 2596/2596/2596 
f 2596/2596/2596 2612/2612/2612 2593/2593/2593 
f 2598/2598/2598 2600/2600/2600 2613/2613/2613 
f 2614/2614/2614 2588/2588/2588 2615/2615/2615 
f 2616/2616/2616 2617/2617/2617 2618/2618/2618 
f 2619/2619/2619 2620/2620/2620 2621/2621/2621 
f 2622/2622/2622 2623/2623/2623 2624/2624/2624 
f 2625/2625/2625 2626/2626/2626 2627/2627/2627 
f 2622/2622/2622 2624/2624/2624 2628/2628/2628 
f 2625/2625/2625 2627/2627/2627 2629/2629/2629 
f 2624/2624/2624 2630/2630/2630 2325/2325/2325 
f 2630/2630/2630 2624/2624/2624 2631/2631/2631 
f 2632/2632/2632 2633/2633/2633 2634/2634/2634 
f 2634/2634/2634 2633/2633/2633 2635/2635/2635 
f 2636/2636/2636 2637/2637/2637 2638/2638/2638 
f 2629/2629/2629 2639/2639/2639 2625/2625/2625 
f 2636/2636/2636 2638/2638/2638 2640/2640/2640 
f 2641/2641/2641 2642/2642/2642 2643/2643/2643 
f 2644/2644/2644 2645/2645/2645 2646/2646/2646 
f 2647/2647/2647 2648/2648/2648 2649/2649/2649 
f 2644/2644/2644 2646/2646/2646 2650/2650/2650 
f 2647/2647/2647 2649/2649/2649 2651/2651/2651 
f 2643/2643/2643 2642/2642/2642 2652/2652/2652 
f 2653/2653/2653 2654/2654/2654 2655/2655/2655 
f 2656/2656/2656 2657/2657/2657 2658/2658/2658 
f 2659/2659/2659 2586/2586/2586 2660/2660/2660 
f 2586/2586/2586 2659/2659/2659 2587/2587/2587 
f 2661/2661/2661 2662/2662/2662 2663/2663/2663 
f 2662/2662/2662 2661/2661/2661 2664/2664/2664 
f 2665/2665/2665 2650/2650/2650 2646/2646/2646 
f 2666/2666/2666 2667/2667/2667 2668/2668/2668 
f 2667/2667/2667 2666/2666/2666 2669/2669/2669 
f 2670/2670/2670 2647/2647/2647 2671/2671/2671 
f 2647/2647/2647 2651/2651/2651 2672/2672/2672 
f 2666/2666/2666 2673/2673/2673 2669/2669/2669 
f 2672/2672/2672 2671/2671/2671 2647/2647/2647 
f 2674/2674/2674 2660/2660/2660 2586/2586/2586 
f 2658/2658/2658 2675/2675/2675 2656/2656/2656 
f 2676/2676/2676 2677/2677/2677 2554/2554/2554 
f 2676/2676/2676 2556/2556/2556 2678/2678/2678 
f 2556/2556/2556 2676/2676/2676 2554/2554/2554 
f 2636/2636/2636 2640/2640/2640 2679/2679/2679 
f 2680/2680/2680 2681/2681/2681 2682/2682/2682 
f 2679/2679/2679 2683/2683/2683 2684/2684/2684 
f 2685/2685/2685 2686/2686/2686 2642/2642/2642 
f 2687/2687/2687 2688/2688/2688 2689/2689/2689 
f 2690/2690/2690 2691/2691/2691 2644/2644/2644 
f 2644/2644/2644 2650/2650/2650 2690/2690/2690 
f 2692/2692/2692 2682/2682/2682 2681/2681/2681 
f 2686/2686/2686 2693/2693/2693 2642/2642/2642 
f 2642/2642/2642 2693/2693/2693 2652/2652/2652 
f 2556/2556/2556 2694/2694/2694 2678/2678/2678 
f 2653/2653/2653 2655/2655/2655 2695/2695/2695 
f 2696/2696/2696 2697/2697/2697 2698/2698/2698 
f 2695/2695/2695 2699/2699/2699 2653/2653/2653 
f 2700/2700/2700 2701/2701/2701 2702/2702/2702 
f 2699/2699/2699 2703/2703/2703 2653/2653/2653 
f 2704/2704/2704 2556/2556/2556 2555/2555/2555 
f 2696/2696/2696 2705/2705/2705 2706/2706/2706 
f 2705/2705/2705 2696/2696/2696 2698/2698/2698 
f 2707/2707/2707 2668/2668/2668 2708/2708/2708 
f 2709/2709/2709 2710/2710/2710 2702/2702/2702 
f 2702/2702/2702 2710/2710/2710 2700/2700/2700 
f 2689/2689/2689 2702/2702/2702 2687/2687/2687 
f 2702/2702/2702 2689/2689/2689 2709/2709/2709 
f 2711/2711/2711 2690/2690/2690 2650/2650/2650 
f 2689/2689/2689 2712/2712/2712 2709/2709/2709 
f 2663/2663/2663 2713/2713/2713 2661/2661/2661 
f 2582/2582/2582 2584/2584/2584 2714/2714/2714 
f 2715/2715/2715 2668/2668/2668 2667/2667/2667 
f 2668/2668/2668 2715/2715/2715 2708/2708/2708 
f 2587/2587/2587 2716/2716/2716 2717/2717/2717 
f 2615/2615/2615 2588/2588/2588 2718/2718/2718 
f 2719/2719/2719 2720/2720/2720 2558/2558/2558 
f 2615/2615/2615 2721/2721/2721 2614/2614/2614 
f 2722/2722/2722 2398/2398/2398 2723/2723/2723 
f 2724/2724/2724 2615/2615/2615 2718/2718/2718 
f 2725/2725/2725 2565/2565/2565 2514/2514/2514 
f 2590/2590/2590 2718/2718/2718 2588/2588/2588 
f 2726/2726/2726 2727/2727/2727 2728/2728/2728 
f 2729/2729/2729 2593/2593/2593 2595/2595/2595 
f 2633/2633/2633 2730/2730/2730 2731/2731/2731 
f 2732/2732/2732 2621/2621/2621 2620/2620/2620 
f 2560/2560/2560 2559/2559/2559 2733/2733/2733 
f 2364/2364/2364 2723/2723/2723 2398/2398/2398 
f 2557/2557/2557 2734/2734/2734 2562/2562/2562 
f 2719/2719/2719 2560/2560/2560 2735/2735/2735 
f 2560/2560/2560 2719/2719/2719 2558/2558/2558 
f 2736/2736/2736 2409/2409/2409 2408/2408/2408 
f 2737/2737/2737 2728/2728/2728 2738/2738/2738 
f 2739/2739/2739 2603/2603/2603 2602/2602/2602 
f 2740/2740/2740 2738/2738/2738 2728/2728/2728 
f 2741/2741/2741 2742/2742/2742 2616/2616/2616 
f 2517/2517/2517 2743/2743/2743 2514/2514/2514 
f 2743/2743/2743 2517/2517/2517 2744/2744/2744 
f 2727/2727/2727 2740/2740/2740 2728/2728/2728 
f 2743/2743/2743 2725/2725/2725 2514/2514/2514 
f 2745/2745/2745 2616/2616/2616 2618/2618/2618 
f 2616/2616/2616 2745/2745/2745 2741/2741/2741 
f 2746/2746/2746 2719/2719/2719 2735/2735/2735 
f 2409/2409/2409 2747/2747/2747 2446/2446/2446 
f 2748/2748/2748 2743/2743/2743 2744/2744/2744 
f 2603/2603/2603 2606/2606/2606 2601/2601/2601 
f 2596/2596/2596 2749/2749/2749 2750/2750/2750 
f 2609/2609/2609 2751/2751/2751 2607/2607/2607 
f 2750/2750/2750 2611/2611/2611 2596/2596/2596 
f 2633/2633/2633 2731/2731/2731 2331/2331/2331 
f 2331/2331/2331 2333/2333/2333 2635/2635/2635 
f 2331/2331/2331 2635/2635/2635 2633/2633/2633 
f 2325/2325/2325 2628/2628/2628 2624/2624/2624 
f 2326/2326/2326 2630/2630/2630 2752/2752/2752 
f 2630/2630/2630 2326/2326/2326 2325/2325/2325 
f 2735/2735/2735 2753/2753/2753 2754/2754/2754 
f 2755/2755/2755 2442/2442/2442 2403/2403/2403 
f 2756/2756/2756 2757/2757/2757 2333/2333/2333 
f 2757/2757/2757 2756/2756/2756 2758/2758/2758 
f 2569/2569/2569 2759/2759/2759 2567/2567/2567 
f 2332/2332/2332 2756/2756/2756 2333/2333/2333 
f 2574/2574/2574 2760/2760/2760 2572/2572/2572 
f 2580/2580/2580 2579/2579/2579 2761/2761/2761 
f 2569/2569/2569 2568/2568/2568 2762/2762/2762 
f 2763/2763/2763 2569/2569/2569 2762/2762/2762 
f 2764/2764/2764 2684/2684/2684 2765/2765/2765 
f 2684/2684/2684 2683/2683/2683 2765/2765/2765 
f 2684/2684/2684 2636/2636/2636 2679/2679/2679 
f 2580/2580/2580 2766/2766/2766 2578/2578/2578 
f 2767/2767/2767 2768/2768/2768 2769/2769/2769 
f 2768/2768/2768 2767/2767/2767 2770/2770/2770 
f 2771/2771/2771 2763/2763/2763 2762/2762/2762 
f 2328/2328/2328 2772/2772/2772 2485/2485/2485 
f 2771/2771/2771 2762/2762/2762 2773/2773/2773 
f 2774/2774/2774 2680/2680/2680 2775/2775/2775 
f 2766/2766/2766 2776/2776/2776 2578/2578/2578 
f 2705/2705/2705 2777/2777/2777 2706/2706/2706 
f 2778/2778/2778 2779/2779/2779 2780/2780/2780 
f 2781/2781/2781 2769/2769/2769 2768/2768/2768 
f 2780/2780/2780 2782/2782/2782 2778/2778/2778 
f 2778/2778/2778 2782/2782/2782 2783/2783/2783 
f 2782/2782/2782 2762/2762/2762 2783/2783/2783 
f 2762/2762/2762 2568/2568/2568 2783/2783/2783 
f 2717/2717/2717 2585/2585/2585 2587/2587/2587 
f 2682/2682/2682 2775/2775/2775 2680/2680/2680 
f 2519/2519/2519 2521/2521/2521 2549/2549/2549 
f 1876/1876/1876 1910/1910/1910 1894/1894/1894 
f 2784/2784/2784 2785/2785/2785 2786/2786/2786 
f 2787/2787/2787 2786/2786/2786 2293/2293/2293 
f 2786/2786/2786 2787/2787/2787 2784/2784/2784 
f 2787/2787/2787 2295/2295/2295 2295/2295/2295 
f 2295/2295/2295 2787/2787/2787 2293/2293/2293 
f 2287/2287/2287 2788/2788/2788 2373/2373/2373 
f 2789/2789/2789 2361/2361/2361 2790/2790/2790 
f 2791/2791/2791 2594/2594/2594 2792/2792/2792 
f 2594/2594/2594 2593/2593/2593 2792/2792/2792 
f 2790/2790/2790 2361/2361/2361 2385/2385/2385 
f 1923/1923/1923 2793/2793/2793 1924/1924/1924 
f 1780/1780/1780 1839/1839/1839 1783/1783/1783 
f 1801/1801/1801 2794/2794/2794 1867/1867/1867 
f 1855/1855/1855 1857/1857/1857 1869/1869/1869 
f 2068/2068/2068 2795/2795/2795 2069/2069/2069 
f 2171/2171/2171 1891/1891/1891 1893/1893/1893 
f 1909/1909/1909 1911/1911/1911 1921/1921/1921 
f 1965/1965/1965 1966/1966/1966 1974/1974/1974 
f 2210/2210/2210 2188/2188/2188 2187/2187/2187 
f 1921/1921/1921 2010/2010/2010 2796/2796/2796 
f 2046/2046/2046 2045/2045/2045 2368/2368/2368 
f 2219/2219/2219 2262/2262/2262 2217/2217/2217 
f 2262/2262/2262 2797/2797/2797 2271/2271/2271 
f 2074/2074/2074 2798/2798/2798 2075/2075/2075 
f 2119/2119/2119 2120/2120/2120 2128/2128/2128 
f 2148/2148/2148 1950/1950/1950 2146/2146/2146 
f 2156/2156/2156 1935/1935/1935 2159/2159/2159 
f 2163/2163/2163 2164/2164/2164 2194/2194/2194 
f 2177/2177/2177 2176/2176/2176 2799/2799/2799 
f 2800/2800/2800 2083/2083/2083 2206/2206/2206 
f 2801/2801/2801 2802/2802/2802 2803/2803/2803 
f 2803/2803/2803 2802/2802/2802 2804/2804/2804 
f 2254/2254/2254 2256/2256/2256 2267/2267/2267 
f 2305/2305/2305 2306/2306/2306 2353/2353/2353 
f 2485/2485/2485 2483/2483/2483 2328/2328/2328 
f 2522/2522/2522 2525/2525/2525 2805/2805/2805 
f 2754/2754/2754 2746/2746/2746 2735/2735/2735 

g Tail1

v 343.25 4.11688 165.315 
v 343.25 4.19453 165.605 
v 343.25 1.41229 166.04 
v 343.25 1.48994 166.33 
v 342.85 4.19453 165.605 
v 343.25 4.19453 165.605 
v 342.85 4.11688 165.315 
v 343.25 4.11688 165.315 
v 343.25 4.19453 165.605 
v 342.85 4.19453 165.605 
v 343.25 1.48994 166.33 
v 342.85 1.48994 166.33 
v 342.85 4.19453 165.605 
v 342.85 4.11688 165.315 
v 342.85 1.48994 166.33 
v 342.85 1.41229 166.04 
v 342.85 1.41229 166.04 
v 343.25 1.41229 166.04 
v 342.85 1.48994 166.33 
v 343.25 1.48994 166.33 
v 342.85 4.11688 165.315 
v 343.25 4.11688 165.315 
v 342.85 1.41229 166.04 
v 343.25 1.41229 166.04 

vn 1 0 0 
vn 1 0 0 
vn 1 0 0 
vn 1 0 0 
vn 0 0.968504 -0.259843 
vn 0 0.968504 -0.259843 
vn 0 0.968504 -0.259843 
vn 0 0.968504 -0.259843 
vn 0 0.259843 0.968504 
vn 0 0.259843 0.968504 
vn 0 0.259843 0.968504 
vn 0 0.259843 0.968504 
vn -1 0 0 
vn -1 0 0 
vn -1 0 0 
vn -1 0 0 
vn 0 -0.968504 0.259843 
vn 0 -0.968504 0.259843 
vn 0 -0.968504 0.259843 
vn 0 -0.968504 0.259843 
vn 0 -0.259843 -0.968504 
vn 0 -0.259843 -0.968504 
vn 0 -0.259843 -0.968504 
vn 0 -0.259843 -0.968504 

vt 7.5375 -3.75 
vt 7.5 -3.75 
vt 7.5375 -4.1 
vt 7.5 -4.1 
vt 7.55 -3.75 
vt 7.5 -3.75 
vt 7.55 -3.7875 
vt 7.5 -3.7875 
vt 7.55 -3.75 
vt 7.5 -3.75 
vt 7.55 -4.1 
vt 7.5 -4.1 
vt 7.5375 -3.75 
vt 7.5 -3.75 
vt 7.5375 -4.1 
vt 7.5 -4.1 
vt 7.55 -3.75 
vt 7.5 -3.75 
vt 7.55 -3.7875 
vt 7.5 -3.7875 
vt 7.55 -3.75 
vt 7.5 -3.75 
vt 7.55 -4.1 
vt 7.5 -4.1 

usemtl Backleftleg1Mtl

f 3527/3527/3527 3528/3528/3528 3529/3529/3529 
f 3529/3529/3529 3528/3528/3528 3530/3530/3530 
f 3531/3531/3531 3532/3532/3532 3533/3533/3533 
f 3533/3533/3533 3532/3532/3532 3534/3534/3534 
f 3535/3535/3535 3536/3536/3536 3537/3537/3537 
f 3537/3537/3537 3536/3536/3536 3538/3538/3538 
f 3539/3539/3539 3540/3540/3540 3541/3541/3541 
f 3541/3541/3541 3540/3540/3540 3542/3542/3542 
f 3543/3543/3543 3544/3544/3544 3545/3545/3545 
f 3545/3545/3545 3544/3544/3544 3546/3546/3546 
f 3547/3547/3547 3548/3548/3548 3549/3549/3549 
f 3549/3549/3549 3548/3548/3548 3550/3550/3550 

