# This file is brought to you by Roblox Corporation
# Generated by Roblox Studio

mtllib Cow.mtl

g Tail1

v 343.25 4.11688 165.315 
v 343.25 4.19453 165.605 
v 343.25 1.41229 166.04 
v 343.25 1.48994 166.33 
v 342.85 4.19453 165.605 
v 343.25 4.19453 165.605 
v 342.85 4.11688 165.315 
v 343.25 4.11688 165.315 
v 343.25 4.19453 165.605 
v 342.85 4.19453 165.605 
v 343.25 1.48994 166.33 
v 342.85 1.48994 166.33 
v 342.85 4.19453 165.605 
v 342.85 4.11688 165.315 
v 342.85 1.48994 166.33 
v 342.85 1.41229 166.04 
v 342.85 1.41229 166.04 
v 343.25 1.41229 166.04 
v 342.85 1.48994 166.33 
v 343.25 1.48994 166.33 
v 342.85 4.11688 165.315 
v 343.25 4.11688 165.315 
v 342.85 1.41229 166.04 
v 343.25 1.41229 166.04 

vn 1 0 0 
vn 1 0 0 
vn 1 0 0 
vn 1 0 0 
vn 0 0.968504 -0.259843 
vn 0 0.968504 -0.259843 
vn 0 0.968504 -0.259843 
vn 0 0.968504 -0.259843 
vn 0 0.259843 0.968504 
vn 0 0.259843 0.968504 
vn 0 0.259843 0.968504 
vn 0 0.259843 0.968504 
vn -1 0 0 
vn -1 0 0 
vn -1 0 0 
vn -1 0 0 
vn 0 -0.968504 0.259843 
vn 0 -0.968504 0.259843 
vn 0 -0.968504 0.259843 
vn 0 -0.968504 0.259843 
vn 0 -0.259843 -0.968504 
vn 0 -0.259843 -0.968504 
vn 0 -0.259843 -0.968504 
vn 0 -0.259843 -0.968504 

vt 7.5375 -3.75 
vt 7.5 -3.75 
vt 7.5375 -4.1 
vt 7.5 -4.1 
vt 7.55 -3.75 
vt 7.5 -3.75 
vt 7.55 -3.7875 
vt 7.5 -3.7875 
vt 7.55 -3.75 
vt 7.5 -3.75 
vt 7.55 -4.1 
vt 7.5 -4.1 
vt 7.5375 -3.75 
vt 7.5 -3.75 
vt 7.5375 -4.1 
vt 7.5 -4.1 
vt 7.55 -3.75 
vt 7.5 -3.75 
vt 7.55 -3.7875 
vt 7.5 -3.7875 
vt 7.55 -3.75 
vt 7.5 -3.75 
vt 7.55 -4.1 
vt 7.5 -4.1 

usemtl Tail1Mtl

f 1/1/1 2/2/2 3/3/3 
f 3/3/3 2/2/2 4/4/4 
f 5/5/5 6/6/6 7/7/7 
f 7/7/7 6/6/6 8/8/8 
f 9/9/9 10/10/10 11/11/11 
f 11/11/11 10/10/10 12/12/12 
f 13/13/13 14/14/14 15/15/15 
f 15/15/15 14/14/14 16/16/16 
f 17/17/17 18/18/18 19/19/19 
f 19/19/19 18/18/18 20/20/20 
f 21/21/21 22/22/22 23/23/23 
f 23/23/23 22/22/22 24/24/24 

g EvilCow1

v 341.75 3.59998 165.47 
v 341.75 2.19999 165.47 
v 341.75 3.59999 165.47 
v 343.25 3.59998 165.47 
v 344.25 2.19999 165.57 
v 344.25 3.5 165.47 
v 344.25 3.59999 165.57 
v 344.25 2.19999 165.47 
v 344.25 2.19999 165.57 
v 344.25 3.59999 165.57 
v 341.75 2.19999 165.57 
v 344.25 2.19999 165.57 
v 341.75 2.19999 165.57 
v 344.25 2.19999 165.47 
v 341.75 3.59999 165.57 
v 344.25 2.19999 165.47 
v 341.75 2.19999 165.47 
v 344.25 3.5 165.47 
v 343.35 3.59998 165.47 
v 341.75 4.29998 165.57 
v 341.75 3.59999 165.57 
v 343.25 4.19999 165.57 
v 341.75 3.59999 165.57 
v 341.75 4.29998 165.57 
v 341.75 3.59999 165.47 
v 341.75 2.19999 165.57 
v 341.75 3.59999 165.57 
v 341.75 2.19999 165.47 
v 341.75 3.59999 165.57 
v 341.75 3.59999 165.47 
v 341.75 3.59999 165.57 
v 341.75 4.29998 165.47 
v 341.75 3.59999 165.47 
v 341.75 3.59999 165.47 
v 341.75 3.59999 165.47 
v 344.25 4.29999 164.87 
v 344.25 4.29999 165.57 
v 344.25 4.29998 165.47 
v 344.25 4.29999 165.57 
v 344.25 4.29999 164.87 
v 343.25 4.29999 164.87 
v 343.25 4.19999 165.57 
v 343.25 4.29999 165.57 
v 343.25 4.29998 165.57 
v 343.25 4.29999 165.57 
v 343.25 4.19999 165.57 
v 344.25 4.19999 165.57 
v 343.25 3.59999 165.57 
v 343.25 4.19999 165.57 
v 343.25 4.19999 165.57 
v 343.25 3.59999 165.57 
v 344.25 3.59999 165.57 
v 344.25 3.59999 165.57 
v 343.25 3.59999 165.57 
v 344.25 3.59999 165.57 
v 343.25 3.59999 165.57 
v 343.25 3.59999 165.57 
v 343.25 4.19999 165.57 
v 344.25 4.19999 165.57 
v 343.25 3.59999 165.57 
v 343.25 4.19999 165.57 
v 344.25 4.29999 165.57 
v 343.25 4.19999 165.57 
v 344.25 4.19999 165.57 
v 343.25 4.29998 165.47 
v 343.25 4.19999 165.57 
v 343.25 4.29998 165.57 
v 343.25 4.19999 165.57 
v 341.75 4.29998 165.57 
v 343.25 4.29998 165.57 
v 341.75 4.29998 165.47 
v 343.25 3.59998 165.47 
v 343.25 3.59998 165.47 
v 343.25 3.59998 165.47 
v 343.25 3.59998 165.47 
v 344.25 3.59998 165.47 
v 343.25 3.59998 165.47 
v 341.75 3.59998 165.47 
v 343.25 3.59998 165.47 
v 344.25 3.59999 165.47 
v 344.25 3.59999 165.57 
v 344.25 3.59999 165.47 
v 344.25 3.59999 165.47 
v 344.25 3.59998 165.47 
v 344.25 4.29998 165.57 
v 344.25 4.29998 165.47 
v 344.25 4.29998 165.57 
v 344.25 4.19999 165.57 
v 344.25 3.59998 165.47 
v 344.25 3.59999 165.47 
v 344.25 3.59998 165.47 
v 344.25 3.59998 165.47 
v 344.25 3.59998 165.47 
v 344.25 3.59998 165.47 
v 344.25 3.59998 165.47 
v 344.25 3.59999 165.47 
v 344.25 4.29998 165.57 
v 344.25 4.29998 165.47 
v 344.25 4.29998 165.57 
v 344.25 4.29998 165.57 
v 344.25 4.29998 165.57 
v 344.25 4.29998 165.47 
v 344.25 4.19999 165.57 
v 343.35 3.59998 165.47 
v 344.15 3.59998 165.47 
v 344.25 3.59998 165.47 
v 344.15 3.59998 165.47 
v 344.15 2.19999 165.47 
v 344.15 3.59998 165.47 
v 343.25 3.59998 165.47 
v 344.15 3.59998 165.47 
v 344.15 2.19999 165.47 
v 344.15 2.19999 165.47 
v 344.15 2.9 164.27 
v 344.15 3.59998 164.27 
v 344.15 2.19999 164.27 
v 344.15 2.9 164.27 
v 344.15 2.9 164.27 
v 344.15 2.9 164.27 
v 344.25 2.90001 164.27 
v 344.15 2.19999 163.97 
v 344.15 2.2 163.97 
v 344.15 2.9 164.27 
v 344.15 2.2 164.27 
v 344.25 2.90001 164.27 
v 344.15 2.2 164.27 
v 344.15 2.19999 164.27 
v 344.15 3.59998 164.27 
v 344.25 3.59998 164.27 
v 344.15 2.19999 162.97 
v 344.15 2.2 164.27 
v 344.15 2.2 163.97 
v 344.25 2.2 164.27 
v 344.15 2.19999 163.97 
v 344.15 2.19999 162.97 
v 344.25 2.19999 163.97 
v 344.15 2.89999 163.97 
v 344.15 2.89999 163.97 
v 344.25 2.89999 163.97 
v 344.15 2.89999 163.97 
v 344.15 2.89999 163.97 
v 344.15 2.2 163.97 
v 344.15 2.89999 163.97 
v 344.25 2.89999 163.97 
v 344.15 2.2 161.97 
v 344.15 2.19999 161.37 
v 344.15 2.20001 161.97 
v 344.15 2.2 162.97 
v 344.15 2.2 161.97 
v 344.25 2.2 161.97 
v 344.15 2.2 162.97 
v 344.15 2.20001 161.37 
v 344.15 4.19998 161.97 
v 344.15 2.20001 161.97 
v 344.25 4.19998 161.97 
v 344.15 4.19998 161.97 
v 344.15 3.6 161.97 
v 344.15 2.20001 161.97 
v 344.15 2.20001 161.37 
v 344.25 2.20001 161.37 
v 344.15 4.19999 164.87 
v 344.15 4.19999 164.87 
v 344.15 4.19999 164.87 
v 344.15 4.19999 165.47 
v 344.15 4.19999 165.47 
v 344.15 4.19999 164.87 
v 344.25 4.19999 165.47 
v 344.15 4.19999 165.47 
v 344.15 4.19999 164.87 
v 344.15 4.19999 165.47 
v 344.25 4.19999 164.87 
v 344.15 4.19999 164.87 
v 344.15 4.19999 164.87 
v 344.25 4.29999 164.87 
v 344.15 4.19999 164.87 
v 344.15 4.19999 164.87 
v 344.25 4.29998 164.87 
v 344.15 4.19999 164.87 
v 344.15 4.19999 164.87 
v 344.15 4.19999 164.87 
v 343.25 4.19999 164.87 
v 344.15 3.59999 165.47 
v 344.15 3.59998 165.47 
v 344.15 3.59998 165.47 
v 344.15 4.19999 165.47 
v 344.25 4.19998 165.47 
v 344.15 4.19998 164.87 
v 344.15 3.59999 164.87 
v 344.15 3.59999 164.87 
v 344.15 4.19998 164.87 
v 344.15 4.19998 164.87 
v 344.15 3.59999 164.87 
v 344.25 3.59999 164.87 
v 344.15 3.59999 164.87 
v 344.15 4.19998 164.87 
v 344.25 4.19998 164.87 
v 344.15 3.59999 165.47 
v 344.15 2.19999 165.47 
v 344.25 3.5 165.47 
v 344.15 3.59999 165.47 
v 344.15 4.19999 163.97 
v 344.15 4.19998 163.97 
v 344.15 4.19998 164.87 
v 344.15 4.19999 163.97 
v 344.25 4.19998 164.87 
v 344.15 4.19999 163.97 
v 344.15 4.19999 163.97 
v 344.25 4.2 163.97 
v 344.15 4.19999 163.97 
v 344.15 4.19999 163.97 
v 344.15 4.19999 163.97 
v 344.15 4.19999 163.97 
v 344.15 4.19999 163.97 
v 344.15 3.59999 163.97 
v 344.15 4.19998 163.97 
v 344.25 4.19998 163.97 
v 344.15 3.59999 163.97 
v 344.15 3.59999 163.97 
v 344.15 3.59999 163.97 
v 344.25 3.59999 163.97 
v 344.15 3.59999 163.97 
v 344.15 3.59998 164.27 
v 344.15 2.9 164.27 
v 344.25 2.90001 164.27 
v 344.15 3.59998 164.27 
v 344.15 4.19999 163.97 
v 344.15 2.19999 163.97 
v 344.25 2.19999 163.97 
v 344.15 2.89999 163.97 
v 344.15 3.59999 163.97 
v 344.25 3.59999 163.97 
v 344.15 4.19998 162.67 
v 344.15 4.19998 162.67 
v 344.15 4.19998 162.47 
v 344.15 4.19998 162.67 
v 344.15 4.19999 162.67 
v 344.15 4.19998 162.97 
v 344.15 4.19998 162.67 
v 344.25 4.19998 162.67 
v 344.15 4.19998 162.97 
v 344.15 4.19998 162.67 
v 344.15 4.19998 162.97 
v 344.25 4.19998 162.97 
v 344.15 4.19998 162.97 
v 344.15 4.19998 162.47 
v 344.15 4.19998 161.97 
v 344.15 4.19998 162.67 
v 344.15 4.19998 162.47 
v 344.25 4.19998 162.67 
v 344.15 4.19998 162.47 
v 344.15 4.19998 162.67 
v 344.15 4.19999 162.67 
v 344.25 4.19998 162.67 
v 344.15 4.19999 162.67 
v 344.15 4.19999 162.67 
v 344.15 4.19999 162.67 
v 344.15 4.19999 162.67 
v 344.15 4.19998 161.97 
v 344.25 4.19998 161.97 
v 344.15 4.19998 161.97 
v 344.25 4.19998 161.97 
v 344.15 2.19999 162.97 
v 344.15 4.19998 162.97 
v 344.25 2.19999 162.97 
v 344.15 3.59998 162.97 
v 344.15 3.59998 162.97 
v 344.15 4.19998 162.97 
v 344.15 3.59998 162.97 
v 344.25 4.19998 162.97 
v 344.15 3.59998 162.97 
v 344.15 2.2 162.97 
v 344.25 3.59998 162.97 
v 344.15 3.59998 162.97 
v 344.15 3.59998 162.97 
v 344.25 3.59998 162.97 
v 344.25 2.20001 161.37 
v 344.25 4.2 161.37 
v 344.25 4.2 161.87 
v 344.25 4.20001 161.37 
v 344.25 4.2 161.37 
v 344.25 4.20001 161.37 
v 344.25 4.2 161.37 
v 344.25 4.20001 161.37 
v 344.25 4.20001 161.37 
v 344.25 4.20001 161.37 
v 344.15 4.20001 161.37 
v 344.25 4.2 161.37 
v 344.25 4.3 161.87 
v 344.25 4.2 161.87 
v 344.25 4.3 161.37 
v 344.25 4.2 161.37 
v 344.25 4.2 161.87 
v 344.25 4.2 161.87 
v 344.25 4.2 161.37 
v 344.15 4.20001 161.37 
v 344.25 4.20001 161.37 
v 344.25 2.20001 161.37 
v 344.15 2.20001 161.37 
v 344.25 2.19999 165.47 
v 344.25 3.5 165.47 
v 344.25 2.19999 165.47 
v 344.25 2.19999 164.27 
v 344.25 2.19999 165.47 
v 344.15 2.19999 165.47 
v 344.25 2.19999 164.27 
v 344.25 3.59998 165.47 
v 344.25 3.59999 165.47 
v 344.25 2.2 163.97 
v 344.25 2.2 164.27 
v 344.25 2.2 163.97 
v 344.25 2.90001 164.27 
v 344.25 2.90001 163.97 
v 344.25 2.90001 163.97 
v 344.25 2.2 163.97 
v 344.25 2.90001 163.97 
v 344.25 2.90001 163.97 
v 344.25 2.90001 164.27 
v 344.25 2.90001 163.97 
v 344.25 3.59998 163.97 
v 344.25 2.90001 164.27 
v 344.25 2.89999 163.97 
v 344.25 2.89999 163.97 
v 344.25 2.2 164.27 
v 344.25 4.19999 163.97 
v 344.15 4.19999 163.97 
v 344.25 4.19999 163.97 
v 344.25 2.19999 163.97 
v 344.25 4.19998 162.97 
v 344.25 2.19999 162.97 
v 344.25 2.19999 162.97 
v 344.25 2.89999 163.97 
v 344.25 2.89999 163.97 
v 344.25 2.2 162.97 
v 344.25 3.59998 162.47 
v 344.25 3.59998 162.97 
v 344.25 2.2 161.97 
v 344.25 2.2 162.97 
v 344.25 2.2 162.97 
v 344.25 2.20001 161.97 
v 344.25 4.20001 161.97 
v 344.25 2.20001 161.97 
v 344.25 4.19998 162.97 
v 344.25 2.2 161.97 
v 344.15 2.2 161.97 
v 344.25 3.6 161.97 
v 344.25 2.20001 161.97 
v 344.25 3.59999 164.27 
v 344.25 3.59999 165.47 
v 344.25 3.59999 164.87 
v 344.25 3.59999 164.27 
v 344.25 4.19998 164.87 
v 344.25 3.59999 164.27 
v 344.25 3.59999 164.87 
v 344.25 3.59999 165.47 
v 344.25 3.59999 165.47 
v 344.25 3.59999 164.87 
v 344.25 3.59999 165.47 
v 344.25 3.59999 164.27 
v 344.25 3.59999 164.87 
v 344.25 4.19998 164.87 
v 344.25 3.59999 165.47 
v 344.25 3.59999 164.87 
v 344.25 4.19999 164.87 
v 344.25 3.59999 164.87 
v 344.25 3.59999 165.47 
v 344.15 3.59999 165.47 
v 344.25 3.59999 165.47 
v 344.25 3.59999 165.47 
v 344.15 3.59999 165.47 
v 344.25 3.59999 165.47 
v 344.15 4.19999 165.47 
v 344.15 3.59999 165.47 
v 344.25 3.59999 164.87 
v 344.25 4.19999 164.87 
v 344.15 3.59999 164.87 
v 344.25 4.19998 163.97 
v 344.15 4.19998 164.87 
v 344.25 4.19998 163.97 
v 344.15 4.19998 163.97 
v 344.25 4.19998 164.87 
v 344.25 4.19999 165.47 
v 344.25 4.19999 165.47 
v 344.25 4.29998 165.47 
v 344.25 4.29998 165.47 
v 344.25 4.19999 164.87 
v 344.25 4.19999 165.47 
v 344.25 4.19999 164.87 
v 344.25 4.19999 164.87 
v 344.25 4.19999 164.87 
v 344.25 4.19999 164.87 
v 344.25 4.19999 164.87 
v 344.25 4.19999 164.87 
v 344.25 4.19999 164.87 
v 344.25 4.19999 165.47 
v 344.25 4.19999 165.47 
v 344.25 4.19999 164.87 
v 344.25 4.29998 164.87 
v 344.25 4.19999 164.87 
v 344.25 4.29998 163.97 
v 344.25 4.19999 164.87 
v 344.15 3.59999 164.87 
v 344.25 4.19999 165.47 
v 344.25 3.59998 165.47 
v 343.25 3.59998 165.47 
v 344.25 4.19999 162.97 
v 344.25 3.59999 164.27 
v 344.25 2.19999 164.27 
v 344.25 4.2 162.97 
v 344.25 4.2 163.97 
v 344.25 4.2 163.97 
v 344.25 4.2 163.97 
v 344.25 4.2 162.97 
v 344.25 4.3 163.97 
v 344.25 4.2 163.97 
v 344.25 4.2 163.97 
v 344.25 4.3 163.97 
v 344.25 3.59999 163.97 
v 344.25 3.59998 163.97 
v 344.25 3.59998 164.27 
v 344.25 3.59999 164.27 
v 344.25 3.59998 163.97 
v 344.25 3.59998 163.97 
v 344.25 3.59998 164.27 
v 344.25 3.59998 164.27 
v 344.25 3.59998 163.97 
v 344.25 3.59998 163.97 
v 344.25 4.29998 163.97 
v 343.25 4.3 163.97 
v 344.25 4.2 163.97 
v 344.25 4.2 163.97 
v 344.25 4.19998 163.97 
v 344.25 4.2 163.97 
v 344.15 4.19999 163.97 
v 344.15 4.19999 163.97 
v 344.25 4.19999 163.97 
v 344.15 4.19999 162.97 
v 344.25 4.19998 164.87 
v 344.25 4.19998 163.97 
v 344.25 4.19998 163.97 
v 343.25 4.19999 163.97 
v 344.25 3.59998 164.27 
v 344.25 3.59999 163.97 
v 344.25 3.59999 163.97 
v 344.25 3.59998 164.27 
v 344.15 3.59998 164.27 
v 344.15 3.59998 164.27 
v 343.25 4.3 162.97 
v 344.25 4.3 162.97 
v 344.25 4.2 162.97 
v 344.25 4.3 162.97 
v 343.25 4.3 162.97 
v 343.25 4.3 163.67 
v 344.25 4.20001 161.87 
v 344.25 4.2 161.87 
v 344.25 4.2 161.87 
v 344.25 4.20001 161.87 
v 344.25 4.3 161.87 
v 344.25 4.3 161.37 
v 343.85 4.3 161.87 
v 344.15 4.19998 161.97 
v 344.25 4.19998 161.97 
v 344.25 3.6 161.97 
v 344.25 4.20001 161.97 
v 344.25 4.20001 161.97 
v 344.25 4.19999 162.97 
v 344.25 4.19999 162.97 
v 344.25 4.19999 162.97 
v 344.25 4.19999 162.97 
v 344.25 4.19999 162.97 
v 344.25 4.29998 162.97 
v 344.25 4.19998 162.67 
v 344.25 4.29998 162.67 
v 344.25 4.19999 162.97 
v 344.25 4.19999 162.97 
v 344.25 4.29998 162.97 
v 344.15 4.19999 162.97 
v 344.25 4.19999 162.97 
v 343.25 4.2 163.67 
v 343.25 4.29998 162.97 
v 343.25 4.29998 162.97 
v 344.25 4.29998 162.97 
v 344.25 4.29998 162.67 
v 344.25 4.19998 162.97 
v 344.25 4.19998 162.97 
v 344.25 4.19998 162.97 
v 344.25 4.29998 162.67 
v 344.25 4.19998 162.67 
v 344.25 4.29998 162.67 
v 344.15 4.19999 162.67 
v 344.25 4.29998 162.67 
v 344.25 4.19998 162.67 
v 344.25 4.20001 161.97 
v 344.25 4.19998 161.97 
v 344.15 4.19998 162.67 
v 343.25 4.29998 162.67 
v 343.25 4.19999 162.67 
v 344.25 4.20001 161.87 
v 344.25 4.3 161.87 
v 344.25 4.20001 161.87 
v 344.25 4.20001 161.87 
v 344.25 4.20001 161.97 
v 344.25 4.20001 161.87 
v 344.25 4.29998 161.87 
v 344.25 4.20001 161.97 
v 343.85 4.3 161.37 
v 344.25 4.29998 161.87 
v 343.85 4.29998 161.87 
v 344.25 3.59998 162.97 
v 344.25 3.59998 162.97 
v 344.25 3.59998 162.47 
v 344.25 3.59998 161.97 
v 344.25 3.59998 161.97 
v 344.25 3.59998 161.97 
v 344.25 3.6 161.97 
v 344.15 3.6 161.97 
v 344.25 3.6 161.97 
v 344.15 3.6 161.97 
v 344.25 3.6 161.97 
v 344.25 3.6 161.97 
v 344.15 3.6 161.97 
v 344.15 3.6 161.97 
v 343.85 4.19999 161.87 
v 343.85 4.19999 161.37 
v 343.85 4.29998 161.87 
v 343.85 4.19999 161.37 
v 343.85 4.19999 161.87 
v 344.15 4.19999 161.37 
v 343.85 4.19999 161.87 
v 343.85 4.19999 161.37 
v 344.15 4.19999 161.37 
v 344.15 2.20001 161.37 
v 343.25 4.19999 162.97 
v 344.15 4.19999 162.97 
v 344.15 4.19999 162.97 
v 343.25 4.19999 162.97 
v 343.25 4.19999 163.67 
v 343.25 4.19999 162.67 
v 343.25 4.19999 162.97 
v 343.25 4.2 162.97 
v 343.25 4.19999 162.67 
v 343.25 4.19999 162.67 
v 343.25 4.19999 162.67 
v 341.85 4.19999 162.67 
v 341.85 4.19999 163.67 
v 343.25 4.19999 163.97 
v 343.25 4.19999 163.97 
v 343.25 4.19999 163.67 
v 343.25 4.19999 163.67 
v 343.25 4.19999 163.97 
v 343.25 4.29998 163.97 
v 343.25 4.19999 163.67 
v 341.85 4.19999 163.67 
v 343.25 4.2 163.67 
v 341.85 4.19999 163.67 
v 341.85 4.19999 162.67 
v 341.85 4.19998 163.67 
v 341.75 4.19999 162.67 
v 341.75 4.19999 163.67 
v 341.85 4.19999 162.67 
v 341.75 4.19999 163.67 
v 341.75 4.19999 162.67 
v 341.75 4.19999 163.67 
v 341.85 4.19999 163.67 
v 341.75 4.19999 163.67 
v 341.75 4.2 163.67 
v 341.85 4.19999 163.67 
v 341.85 4.19999 162.67 
v 341.85 4.19999 163.67 
v 341.85 4.19999 163.67 
v 343.25 4.19999 164.87 
v 343.25 4.19999 164.87 
v 343.25 4.29998 164.87 
v 343.25 4.19999 164.87 
v 343.25 4.19999 164.87 
v 343.25 4.29998 164.87 
v 341.85 4.19999 165.47 
v 343.25 4.19999 165.47 
v 341.85 4.19999 165.47 
v 343.25 4.19999 165.47 
v 341.85 4.19999 165.47 
v 343.25 4.19999 165.47 
v 343.25 4.29998 165.47 
v 343.25 4.19999 164.87 
v 343.25 4.29998 164.87 
v 344.15 4.19999 162.97 
v 344.15 4.19999 163.97 
v 344.15 4.19999 162.97 
v 344.15 4.19999 162.67 
v 343.25 4.19999 162.67 
v 343.25 4.19999 162.67 
v 343.25 4.19999 162.67 
v 341.85 4.19999 161.87 
v 344.15 4.19999 161.87 
v 343.85 4.19999 161.87 
v 343.85 4.2 161.87 
v 344.15 4.19999 161.87 
v 344.15 4.19999 161.37 
v 344.15 4.19999 161.87 
v 344.15 4.2 161.87 
v 341.85 4.19999 161.87 
v 343.85 4.29998 161.87 
v 341.85 4.19999 161.87 
v 344.15 4.20001 161.37 
v 344.25 4.3 161.37 
v 344.15 4.20001 161.37 
v 343.85 4.29998 161.37 
v 343.85 4.19998 161.37 
v 341.85 4.19998 161.37 
v 343.85 4.19998 161.37 
v 343.85 4.29998 161.37 
v 343.85 4.3 161.37 
v 343.85 4.3 161.87 
v 343.85 4.3 161.37 
v 343.85 4.29998 161.87 
v 343.85 4.29998 161.87 
v 343.85 4.2 161.37 
v 341.75 4.29998 161.37 
v 343.85 4.29998 161.37 
v 341.75 4.29998 161.37 
v 341.75 4.29998 161.87 
v 344.15 4.20001 161.37 
v 344.15 4.2 161.37 
v 344.15 4.20001 161.37 
v 344.15 4.2 161.37 
v 343.85 4.2 161.37 
v 343.85 4.2 161.87 
v 343.85 4.2 161.37 
v 344.15 4.2 161.37 
v 343.85 4.2 161.87 
v 344.15 4.2 161.87 
v 343.85 4.29998 161.87 
v 341.75 4.29998 161.87 
v 341.75 4.19998 161.87 
v 341.85 4.19999 161.87 
v 343.25 4.29998 162.97 
v 343.25 4.29998 162.67 
v 343.25 4.3 162.67 
v 343.25 4.29998 162.67 
v 341.75 4.29998 162.67 
v 341.75 4.29998 162.67 
v 344.25 4.29998 162.67 
v 343.85 4.29998 161.87 
v 341.75 4.29998 162.67 
v 341.75 4.29998 161.87 
v 341.75 4.19998 162.17 
v 341.75 4.29998 161.87 
v 343.25 4.29998 162.67 
v 343.25 4.29998 162.67 
v 343.25 4.29998 162.67 
v 343.25 4.29998 162.67 
v 343.25 4.2 162.67 
v 343.25 4.29998 162.67 
v 343.25 4.29998 162.67 
v 343.25 4.3 162.67 
v 343.25 4.3 162.97 
v 343.25 4.2 162.97 
v 343.25 4.2 162.97 
v 343.25 4.2 162.97 
v 343.25 4.2 162.97 
v 343.25 4.2 162.97 
v 343.25 4.2 162.97 
v 341.75 4.2 162.67 
v 343.25 4.2 162.97 
v 341.75 4.2 163.67 
v 343.25 4.2 162.67 
v 343.25 4.2 162.67 
v 341.75 4.2 162.67 
v 343.25 4.19999 162.67 
v 341.75 4.3 162.67 
v 343.25 4.3 162.67 
v 341.75 4.3 162.67 
v 341.75 4.3 163.67 
v 341.85 4.19999 162.67 
v 341.85 4.19999 162.67 
v 341.85 4.19998 162.67 
v 343.25 4.2 163.67 
v 341.75 4.19999 162.67 
v 341.75 4.19998 162.67 
v 341.75 4.3 162.67 
v 341.75 4.2 162.67 
v 341.75 4.29998 163.67 
v 341.75 4.19998 162.67 
v 344.25 4.3 163.97 
v 343.25 4.3 163.97 
v 343.25 4.29998 163.67 
v 343.25 4.3 163.67 
v 341.75 4.29998 163.67 
v 343.25 4.19999 163.67 
v 343.25 4.29998 163.67 
v 341.75 4.29998 163.67 
v 343.25 4.29998 163.97 
v 343.25 4.29998 163.67 
v 343.25 4.19999 163.67 
v 343.25 4.2 163.67 
v 343.25 4.3 163.67 
v 343.25 4.2 163.67 
v 343.25 4.29998 163.97 
v 343.25 4.29998 163.97 
v 343.25 4.3 163.97 
v 343.25 4.29998 163.97 
v 344.25 4.29998 163.97 
v 343.25 4.29998 163.97 
v 344.25 4.29998 164.87 
v 343.25 4.29998 164.87 
v 343.25 4.29998 163.97 
v 341.75 4.29998 165.47 
v 343.25 4.19999 163.97 
v 343.25 4.19999 163.97 
v 343.25 4.29998 163.97 
v 343.25 4.29998 163.97 
v 343.25 4.2 163.67 
v 343.25 4.2 162.97 
v 341.75 4.2 163.67 
v 341.85 4.19999 163.67 
v 341.75 4.3 163.67 
v 341.75 4.3 163.67 
v 341.75 4.29998 163.67 
v 341.75 4.29998 163.67 
v 341.75 4.29998 163.67 
v 341.75 4.29998 163.67 
v 341.75 4.19998 163.67 
v 341.75 4.29998 163.67 
v 343.25 4.29998 164.87 
v 343.25 4.29998 165.47 
v 343.25 4.29999 164.87 
v 343.25 4.29998 165.47 
v 343.25 4.29998 164.87 
v 343.25 4.29998 164.87 
v 343.25 4.29999 164.87 
v 343.25 4.29998 164.87 
v 343.25 4.29999 165.57 
v 343.25 4.29998 165.47 
v 343.25 4.19999 165.47 
v 343.25 4.19999 165.47 
v 343.25 4.29998 165.47 
v 343.25 4.19999 165.47 
v 343.25 4.19999 165.47 
v 343.25 4.19999 165.47 
v 343.25 4.29998 164.87 
v 341.75 4.29998 165.47 
v 341.75 4.29998 165.47 
v 341.75 3.59998 165.47 
v 341.75 3.59998 165.47 
v 341.75 4.19998 165.47 
v 344.15 4.19999 163.97 
v 344.15 4.19999 163.97 
v 344.15 4.19999 163.97 
v 343.85 4.19999 161.87 
v 343.85 4.29998 161.87 
v 341.85 4.19999 161.87 
v 344.25 4.29998 161.87 
v 343.85 4.29998 161.87 
v 341.75 4.29998 161.87 
v 344.15 4.2 161.87 
v 344.15 2.19999 165.47 
v 341.85 2.19999 165.47 
v 341.85 2.19999 164.77 
v 341.85 2.19999 165.47 
v 343.25 4.19999 165.47 
v 343.25 4.19999 165.47 
v 343.25 4.19999 165.47 
v 343.25 4.19999 165.47 
v 343.25 3.59998 165.47 
v 343.25 3.59998 165.47 
v 343.25 4.19999 165.47 
v 343.25 4.19999 165.47 
v 343.25 3.59998 165.47 
v 343.25 3.59998 165.47 
v 343.25 4.19999 165.47 
v 343.25 3.59998 165.47 
v 343.25 3.59998 165.47 
v 341.75 3.59998 165.47 
v 343.25 3.59998 165.47 
v 343.25 3.59998 165.47 
v 343.25 3.59998 165.47 
v 343.25 3.59998 165.47 
v 343.25 3.59998 165.47 
v 341.75 3.59998 165.47 
v 341.85 2.19999 165.47 
v 341.85 4.19999 165.47 
v 341.85 2.19999 161.37 
v 341.85 2.19999 164.77 
v 341.85 3.19998 163.67 
v 341.85 2.19999 161.37 
v 344.15 2.19999 161.37 
v 341.85 4.19998 162.67 
v 341.85 3.19998 164.77 
v 341.85 4.19999 164.77 
v 341.85 4.19998 164.77 
v 341.85 3.19998 163.67 
v 341.85 3.19998 164.77 
v 341.85 3.19998 163.67 
v 341.85 4.19998 161.87 
v 341.85 4.19998 161.87 
v 341.85 4.19998 162.67 
v 341.85 4.19998 162.17 
v 341.85 4.19998 161.87 
v 341.85 4.19999 161.87 
v 341.85 4.19998 161.37 
v 341.85 4.19998 161.87 
v 341.85 4.19998 161.87 
v 341.85 4.19998 162.67 
v 341.85 4.19999 163.67 
v 341.85 4.19999 164.77 
v 341.85 4.19999 163.67 
v 341.85 4.19999 163.67 
v 341.85 4.19999 163.67 
v 341.85 4.19998 163.67 
v 341.85 3.19998 163.67 
v 341.85 3.19998 163.67 
v 341.85 4.19999 165.47 
v 341.85 4.19999 165.47 
v 341.85 4.19999 165.47 
v 341.85 4.19998 164.77 
v 341.85 4.19998 163.67 
v 341.85 4.19998 163.67 
v 341.85 4.19999 165.47 
v 341.85 2.19999 165.47 
v 341.85 4.19999 165.47 
v 341.75 4.19999 165.47 
v 341.85 4.19999 164.77 
v 341.85 2.19999 164.77 
v 341.85 3.2 164.77 
v 341.85 2.19999 161.37 
v 341.85 4.19998 161.37 
v 341.85 4.19998 161.87 
v 341.85 2.19999 161.37 
v 341.75 2.19999 161.37 
v 341.85 4.19998 161.37 
v 341.85 4.19998 161.37 
v 341.85 4.19998 161.87 
v 341.75 4.19998 161.37 
v 341.75 4.19998 161.37 
v 341.75 2.19999 162.17 
v 341.75 2.19999 161.37 
v 341.85 2.19999 161.37 
v 341.75 2.19999 161.37 
v 341.75 2.19999 162.17 
v 341.75 4.19998 161.87 
v 341.75 4.19998 161.37 
v 341.75 4.19998 161.37 
v 341.75 4.19998 161.87 
v 341.75 4.29998 161.37 
v 341.75 4.19998 161.37 
v 341.75 4.19998 161.87 
v 341.75 4.19998 161.37 
v 341.75 4.19998 161.37 
v 341.75 4.19998 161.37 
v 341.85 2.19999 162.17 
v 341.85 2.19999 162.17 
v 341.85 4.19998 161.87 
v 341.75 2.19999 162.17 
v 341.85 2.19999 162.17 
v 341.85 4.19998 162.17 
v 341.75 2.19999 162.17 
v 341.75 4.19998 162.17 
v 341.85 2.19999 162.17 
v 341.75 4.19998 162.17 
v 341.75 2.19999 162.17 
v 341.75 2.19999 162.47 
v 341.75 2.19999 162.47 
v 341.75 2.19999 162.17 
v 341.85 2.19999 162.17 
v 341.75 4.19998 162.67 
v 341.85 2.19999 163.67 
v 341.75 2.5 163.67 
v 341.75 2.19999 163.67 
v 341.85 2.19999 163.67 
v 341.85 2.19999 162.17 
v 341.85 3.19998 163.67 
v 341.85 3.19998 163.67 
v 341.75 2.5 163.67 
v 341.75 2.19999 163.67 
v 341.85 2.19999 163.67 
v 341.75 2.19999 163.67 
v 341.85 3.19998 163.67 
v 341.75 2.2 163.67 
v 341.75 2.5 163.67 
v 341.85 2.2 163.67 
v 341.75 2.5 163.67 
v 341.75 2.2 163.67 
v 341.75 2.2 164.47 
v 341.75 2.2 164.47 
v 341.75 2.2 163.67 
v 341.85 2.2 163.67 
v 341.75 2.5 164.77 
v 341.85 2.2 164.77 
v 341.85 3.19998 163.67 
v 341.85 2.2 164.77 
v 341.85 2.2 163.67 
v 341.85 3.19998 163.67 
v 341.85 2.19999 164.77 
v 341.85 2.19999 165.47 
v 341.75 2.19999 165.47 
v 341.85 2.2 164.77 
v 341.75 2.2 164.77 
v 341.75 2.5 164.77 
v 341.75 2.2 164.77 
v 341.75 3.2 164.77 
v 341.75 2.2 164.77 
v 341.75 2.2 164.77 
v 341.75 2.2 164.77 
v 341.75 2.19999 165.47 
v 341.75 3.2 164.77 
v 341.75 2.19999 164.77 
v 341.75 2.2 164.77 
v 341.75 2.2 164.77 
v 341.75 2.2 164.77 
v 341.75 2.2 164.77 
v 341.75 2.19999 164.77 
v 341.75 2.19999 164.77 
v 341.85 3.19998 163.67 
v 341.85 3.19998 163.67 
v 341.75 3.19998 163.67 
v 341.75 3.19998 163.67 
v 341.75 4.19998 163.67 
v 341.75 3.19998 163.67 
v 341.75 3.2 163.67 
v 341.75 4.19998 163.67 
v 341.75 4.19999 163.67 
v 341.75 3.2 163.67 
v 341.75 3.2 163.67 
v 341.75 3.2 163.67 
v 341.75 3.2 163.67 
v 341.75 3.2 164.77 
v 341.75 3.2 164.77 
v 341.75 3.2 163.67 
v 341.75 3.19998 163.67 
v 341.75 3.19998 163.67 
v 341.75 3.19998 163.67 
v 341.85 3.19998 164.77 
v 341.85 3.2 164.77 
v 341.85 3.19998 164.77 
v 341.85 3.19998 164.77 
v 341.85 3.2 164.77 
v 341.85 3.2 164.77 
v 341.85 3.2 164.77 
v 341.75 3.2 164.77 
v 341.85 3.2 164.77 
v 341.85 3.19998 164.77 
v 341.85 4.19998 164.77 
v 341.75 3.2 164.77 
v 341.75 3.2 164.77 
v 341.75 4.19999 164.77 
v 341.75 3.2 164.77 
v 341.75 3.2 164.77 
v 341.75 3.2 164.77 
v 341.75 3.2 164.77 
v 341.75 3.2 164.77 
v 341.75 2.19999 165.47 
v 341.75 4.19999 165.47 
v 341.75 3.2 164.77 
v 341.75 4.19999 164.77 
v 341.85 4.19998 161.87 
v 341.85 4.19998 162.17 
v 341.85 4.19998 161.87 
v 341.85 4.19998 162.17 
v 341.85 4.19998 161.87 
v 341.85 4.19998 161.87 
v 341.85 4.19999 161.87 
v 341.85 4.19998 161.87 
v 341.85 4.19999 161.87 
v 341.85 4.19998 161.87 
v 341.75 4.19998 161.87 
v 341.85 4.19998 161.87 
v 341.85 4.19998 162.17 
v 341.85 4.19998 162.67 
v 341.85 4.19998 162.17 
v 341.85 4.19998 162.67 
v 341.85 4.19999 161.87 
v 341.75 4.19998 162.17 
v 341.75 4.19998 161.87 
v 341.75 4.19998 162.17 
v 341.75 4.19999 162.17 
v 341.75 4.19999 162.17 
v 341.75 4.19998 161.87 
v 341.75 4.19998 162.17 
v 341.75 4.19999 162.17 
v 341.75 4.19998 161.87 
v 341.75 4.19998 161.87 
v 341.75 4.19998 162.17 
v 341.75 4.19998 162.17 
v 341.75 4.19998 162.17 
v 341.75 4.19998 161.87 
v 341.75 4.19998 161.87 
v 341.75 4.19998 161.87 
v 341.75 4.29998 161.87 
v 341.75 4.19999 163.67 
v 341.75 4.19998 162.67 
v 341.75 4.19998 162.67 
v 341.75 4.19998 162.67 
v 341.85 4.19999 163.67 
v 341.85 4.19998 163.67 
v 341.85 4.19999 163.67 
v 341.85 4.19999 163.67 
v 341.85 4.19999 163.67 
v 341.85 4.19999 163.67 
v 341.75 4.19999 163.67 
v 341.75 4.19999 163.67 
v 341.85 4.19999 163.67 
v 341.85 4.19998 163.67 
v 341.75 4.19998 163.67 
v 341.75 4.29998 163.67 
v 341.75 4.19999 163.67 
v 341.75 4.29998 165.47 
v 341.75 4.19998 163.67 
v 341.75 4.19999 163.67 
v 341.75 4.19999 163.67 
v 341.75 4.19998 163.67 
v 341.75 4.19998 164.77 
v 341.75 3.2 164.77 
v 341.75 4.19998 164.77 
v 341.75 4.19998 164.77 
v 341.75 4.19999 165.47 
v 341.85 4.19999 165.47 
v 341.85 4.19999 165.47 
v 341.75 4.19998 165.47 
v 341.75 4.19998 165.47 
v 341.75 4.19999 164.77 
v 341.85 2.19999 161.37 
v 341.85 4.19998 161.37 
v 343.85 4.19998 161.37 
v 344.15 2.19999 161.37 
v 343.85 4.19998 161.37 
v 344.15 2.20001 161.37 
v 344.15 2.20001 161.37 
v 343.85 4.19998 161.37 
v 343.85 4.19998 161.37 
v 344.15 2.20001 161.37 
v 344.25 4.19999 165.57 
v 344.15 2.19999 164.27 
v 344.15 3.6 161.97 
v 343.85 4.3 161.87 
v 344.25 2.90001 163.97 
v 344.25 4.3 162.97 
v 344.25 3.59999 163.97 
v 344.25 3.59998 161.97 
v 344.25 4.19998 161.97 
v 344.25 3.59998 162.97 
v 344.25 4.19998 162.97 
v 341.85 4.19999 165.47 
v 341.75 2.19999 165.47 
v 341.75 3.59999 165.47 
v 343.25 3.59998 165.47 
v 344.25 2.2 165.57 
v 344.25 3.5 165.47 
v 344.25 3.59999 165.57 
v 344.25 2.2 165.47 
v 344.25 2.2 165.57 
v 344.25 3.59999 165.57 
v 341.75 2.2 165.57 
v 344.25 2.2 165.57 
v 341.75 2.2 165.57 
v 344.25 2.2 165.47 
v 341.75 3.59999 165.57 
v 344.25 2.2 165.47 
v 341.75 2.19999 165.47 
v 344.25 3.5 165.47 
v 343.35 3.59998 165.47 
v 343.25 4.19999 165.57 
v 341.75 3.59999 165.57 
v 341.75 3.59999 165.47 
v 341.75 2.2 165.57 
v 341.75 3.59999 165.57 
v 341.75 2.19999 165.47 
v 341.75 4.29999 165.47 
v 341.75 3.59999 165.47 
v 344.25 4.29999 164.87 
v 344.25 4.29998 165.57 
v 344.25 4.29998 165.47 
v 344.25 4.29998 165.57 
v 344.25 4.29999 164.87 
v 343.25 4.29999 164.87 
v 343.25 4.29998 165.57 
v 343.25 4.19999 165.57 
v 344.25 4.19999 165.57 
v 343.25 3.59999 165.57 
v 344.25 3.59999 165.57 
v 343.25 3.59999 165.57 
v 341.75 3.59999 165.57 
v 344.25 3.59999 165.57 
v 344.25 4.29998 165.57 
v 343.25 3.59999 165.57 
v 343.25 4.29998 165.57 
v 343.25 4.29998 165.57 
v 341.75 4.29999 165.47 
v 344.25 3.59999 165.47 
v 344.25 3.59999 165.47 
v 344.25 3.59999 165.57 
v 344.25 3.59999 165.47 
v 344.15 2.19999 165.47 
v 344.15 3.59999 165.47 
v 343.25 3.59998 165.47 
v 344.15 2.90001 164.27 
v 344.15 3.59998 164.27 
v 344.15 2.2 164.27 
v 344.15 2.19999 165.47 
v 344.15 2.2 163.97 
v 344.15 2.90001 164.27 
v 344.15 2.2 164.27 
v 344.25 2.9 164.27 
v 344.15 2.2 164.27 
v 344.15 3.59998 164.27 
v 344.25 3.59998 164.27 
v 344.15 2.2 162.97 
v 344.15 2.2 164.27 
v 344.15 2.2 163.97 
v 344.25 2.2 164.27 
v 344.15 2.2 162.97 
v 344.25 2.2 163.97 
v 344.15 2.2 163.97 
v 344.15 2.89999 163.97 
v 344.25 2.9 163.97 
v 344.15 2.2 161.37 
v 344.15 2.2 161.97 
v 344.15 2.2 161.97 
v 344.25 2.2 161.97 
v 344.15 4.19998 161.97 
v 344.15 2.2 161.97 
v 344.25 4.19999 161.97 
v 344.15 4.19998 161.97 
v 344.15 3.6 161.97 
v 344.15 2.2 161.37 
v 344.25 2.20001 161.37 
v 344.15 4.19998 165.47 
v 344.15 4.19999 164.87 
v 344.25 4.19999 165.47 
v 344.15 4.19999 164.87 
v 344.15 4.19998 165.47 
v 344.25 4.19999 164.87 
v 344.15 3.59999 165.47 
v 344.15 4.19998 165.47 
v 344.25 4.19999 165.47 
v 344.15 4.19999 164.87 
v 344.15 3.59999 164.87 
v 344.25 3.59999 164.87 
v 344.15 3.59999 164.87 
v 344.15 4.19999 164.87 
v 344.25 4.19999 164.87 
v 344.15 3.59999 165.47 
v 344.15 2.19999 165.47 
v 344.25 3.5 165.47 
v 344.15 4.19999 164.87 
v 344.15 4.19999 163.97 
v 344.25 4.19999 164.87 
v 344.15 3.59999 163.97 
v 344.15 4.19999 163.97 
v 344.25 4.19999 163.97 
v 344.15 3.59998 164.27 
v 344.15 2.90001 164.27 
v 344.25 2.9 164.27 
v 344.15 4.19999 163.97 
v 344.15 2.2 163.97 
v 344.25 2.2 163.97 
v 344.15 4.19999 163.97 
v 344.15 3.59999 163.97 
v 344.15 2.89999 163.97 
v 344.15 3.59999 163.97 
v 344.25 3.59999 163.97 
v 344.15 2.89999 163.97 
v 344.15 4.19999 162.97 
v 344.15 4.19999 162.67 
v 344.25 4.19998 162.67 
v 344.15 4.19999 162.67 
v 344.15 4.19999 162.97 
v 344.25 4.19999 162.97 
v 344.15 4.19998 162.47 
v 344.15 4.19998 161.97 
v 344.25 4.19999 161.97 
v 344.15 4.19998 161.97 
v 344.25 4.19999 161.97 
v 344.15 2.2 162.97 
v 344.15 4.19999 162.97 
v 344.25 2.2 162.97 
v 344.15 4.19999 162.97 
v 344.15 3.59998 162.97 
v 344.15 4.19999 162.97 
v 344.15 3.59998 162.97 
v 344.25 4.19999 162.97 
v 344.15 3.59998 162.97 
v 344.15 2.2 162.97 
v 344.25 3.59998 162.97 
v 344.25 2.20001 161.37 
v 344.25 4.2 161.37 
v 344.25 4.2 161.87 
v 344.25 4.2 161.37 
v 344.25 4.29999 161.87 
v 344.25 4.2 161.87 
v 344.25 4.3 161.37 
v 344.15 4.2 161.37 
v 344.25 4.2 161.37 
v 344.25 2.20001 161.37 
v 344.15 2.2 161.37 
v 344.25 2.2 165.47 
v 344.25 2.2 164.27 
v 344.15 2.19999 165.47 
v 344.25 2.2 164.27 
v 344.25 3.59999 165.47 
v 344.25 2.2 164.27 
v 344.25 2.2 163.97 
v 344.25 2.9 164.27 
v 344.25 2.9 164.27 
v 344.25 2.9 163.97 
v 344.25 3.59999 163.97 
v 344.25 2.2 164.27 
v 344.25 2.2 163.97 
v 344.25 4.19999 163.97 
v 344.25 4.19999 163.97 
v 344.25 2.2 163.97 
v 344.25 4.19999 162.97 
v 344.25 2.2 162.97 
v 344.25 2.2 162.97 
v 344.25 2.9 163.97 
v 344.25 3.59998 162.47 
v 344.25 3.59998 162.97 
v 344.25 2.2 161.97 
v 344.25 2.2 162.97 
v 344.25 2.2 161.97 
v 344.25 4.19999 161.97 
v 344.25 4.19999 162.97 
v 344.25 2.2 161.97 
v 344.15 2.2 161.97 
v 344.25 3.59999 161.97 
v 344.25 2.2 161.97 
v 344.25 3.59998 164.27 
v 344.25 3.59999 164.87 
v 344.25 4.19999 164.87 
v 344.25 3.59998 164.27 
v 344.25 3.59999 164.87 
v 344.25 3.59999 165.47 
v 344.25 3.59999 164.87 
v 344.25 4.19999 164.87 
v 344.25 3.59999 165.47 
v 344.15 4.19998 165.47 
v 344.25 3.59999 164.87 
v 344.25 4.19999 163.97 
v 344.15 4.19999 164.87 
v 344.25 4.19999 163.97 
v 344.15 4.19999 163.97 
v 344.25 4.19999 164.87 
v 344.25 4.19999 165.47 
v 344.25 4.19999 165.47 
v 344.25 4.19999 165.47 
v 344.25 4.19999 164.87 
v 344.25 4.29999 164.87 
v 344.25 4.29999 164.87 
v 344.25 4.29999 163.97 
v 344.25 4.29999 164.87 
v 344.25 4.19999 164.87 
v 344.25 3.59999 165.47 
v 344.15 3.59999 165.47 
v 343.35 3.59998 165.47 
v 343.25 3.59998 165.47 
v 344.25 3.59999 165.47 
v 344.25 4.29998 165.47 
v 344.25 4.29999 163.97 
v 344.25 3.59999 163.97 
v 344.15 4.19999 163.97 
v 344.25 4.19999 163.97 
v 344.15 4.19999 162.97 
v 344.25 4.19999 163.97 
v 344.25 3.59998 164.27 
v 343.25 4.29998 162.97 
v 344.25 4.29998 162.97 
v 344.25 4.29998 162.97 
v 343.25 4.29998 162.97 
v 343.25 4.3 163.67 
v 344.25 4.29999 161.87 
v 344.25 4.3 161.37 
v 343.85 4.29998 161.87 
v 344.15 4.19998 161.97 
v 344.25 4.19999 161.97 
v 344.25 3.59999 161.97 
v 344.25 4.29998 162.97 
v 344.25 4.19998 162.67 
v 344.25 4.29998 162.67 
v 344.25 4.19999 162.97 
v 344.25 4.29998 162.97 
v 344.25 4.19999 162.97 
v 344.25 4.19999 163.97 
v 343.25 4.19999 163.67 
v 343.25 4.29998 162.97 
v 343.25 4.29998 162.97 
v 344.25 4.29998 162.97 
v 344.25 4.29998 162.67 
v 344.25 4.19999 162.97 
v 344.25 4.19999 162.97 
v 344.25 4.29998 162.67 
v 344.25 4.19998 162.67 
v 344.15 4.19999 162.67 
v 344.25 4.19998 162.67 
v 344.25 4.29998 162.67 
v 344.15 4.19999 162.67 
v 344.25 4.19999 161.97 
v 343.25 4.29998 162.67 
v 343.25 4.19999 162.67 
v 344.25 4.2 161.87 
v 344.25 4.29999 161.87 
v 343.85 4.29999 161.37 
v 344.25 3.59998 162.97 
v 344.25 3.59998 162.47 
v 344.25 3.59999 161.97 
v 344.25 3.59998 162.97 
v 344.25 3.59999 161.97 
v 344.15 3.6 161.97 
v 344.15 3.6 161.97 
v 343.85 4.19999 161.87 
v 343.85 4.19999 161.37 
v 343.85 4.29998 161.87 
v 343.85 4.19999 161.37 
v 343.85 4.19999 161.87 
v 344.15 4.2 161.37 
v 343.85 4.19999 161.37 
v 343.25 4.19999 162.97 
v 343.25 4.19999 163.67 
v 343.25 4.19999 162.67 
v 341.85 4.19999 162.67 
v 341.85 4.19998 163.67 
v 341.75 4.19999 162.67 
v 341.75 4.19998 163.67 
v 343.25 4.19999 164.87 
v 343.25 4.29999 164.87 
v 341.85 4.19999 165.47 
v 343.25 4.19999 165.47 
v 343.25 4.29998 165.47 
v 343.25 4.19999 164.87 
v 343.25 4.29999 164.87 
v 344.15 4.19999 161.87 
v 343.85 4.19999 161.87 
v 341.85 4.19998 161.87 
v 343.85 4.29998 161.87 
v 344.25 4.3 161.37 
v 343.85 4.29999 161.37 
v 343.85 4.19999 161.37 
v 341.85 4.19998 161.37 
v 343.85 4.29999 161.37 
v 343.85 4.29998 161.87 
v 343.85 4.29999 161.37 
v 343.85 4.19999 161.37 
v 341.75 4.29998 161.37 
v 343.85 4.29999 161.37 
v 341.75 4.29998 161.37 
v 341.75 4.29998 161.87 
v 343.85 4.29999 161.37 
v 343.85 4.19999 161.87 
v 343.85 4.19999 161.37 
v 344.15 4.2 161.37 
v 343.85 4.19999 161.87 
v 344.15 4.19999 161.87 
v 343.85 4.29998 161.87 
v 341.75 4.29998 161.87 
v 341.75 4.19998 161.87 
v 343.25 4.29998 162.67 
v 341.75 4.29999 162.67 
v 341.75 4.29999 162.67 
v 341.75 4.29999 162.67 
v 341.75 4.29998 161.87 
v 341.75 4.19998 162.17 
v 343.25 4.19999 162.97 
v 343.25 4.19999 162.97 
v 341.75 4.19999 162.67 
v 343.25 4.19999 162.97 
v 341.75 4.19998 163.67 
v 343.25 4.19999 162.67 
v 343.25 4.19999 162.67 
v 343.25 4.29998 162.67 
v 343.25 4.19999 162.67 
v 341.75 4.19999 162.67 
v 341.75 4.29999 162.67 
v 343.25 4.29998 162.67 
v 341.75 4.29999 162.67 
v 341.75 4.29998 163.67 
v 341.85 4.19999 162.67 
v 341.75 4.19999 162.67 
v 341.75 4.29999 162.67 
v 341.75 4.19999 162.67 
v 341.75 4.29998 163.67 
v 341.75 4.19999 162.67 
v 344.25 4.29999 163.97 
v 343.25 4.29999 163.97 
v 343.25 4.3 163.67 
v 341.75 4.29998 163.67 
v 343.25 4.29999 163.97 
v 343.25 4.19999 163.67 
v 343.25 4.3 163.67 
v 343.25 4.3 163.67 
v 343.25 4.19999 163.67 
v 343.25 4.29999 163.97 
v 344.25 4.29999 163.97 
v 344.25 4.29999 164.87 
v 343.25 4.29999 164.87 
v 343.25 4.19999 163.97 
v 343.25 4.19999 163.97 
v 343.25 4.29999 163.97 
v 343.25 4.19999 163.67 
v 341.85 4.19998 163.67 
v 341.75 4.19998 163.67 
v 341.75 4.19998 163.67 
v 343.25 4.29998 165.47 
v 343.25 4.29998 165.57 
v 343.25 4.29998 165.57 
v 343.25 4.29999 164.87 
v 343.25 4.29998 165.47 
v 341.75 4.29999 165.47 
v 343.25 4.29998 165.47 
v 343.25 4.19999 165.47 
v 341.75 4.29999 165.47 
v 341.75 4.19998 165.47 
v 343.85 4.19999 161.87 
v 343.85 4.29998 161.87 
v 341.85 4.19998 161.87 
v 344.25 4.29999 161.87 
v 341.75 4.29998 161.87 
v 344.15 2.19999 165.47 
v 341.85 2.19999 165.47 
v 341.85 2.19999 164.77 
v 341.85 2.19999 165.47 
v 343.25 4.19999 165.47 
v 341.85 2.19999 161.37 
v 341.85 2.19999 164.77 
v 341.85 3.19998 163.67 
v 341.85 2.19999 161.37 
v 341.85 4.19999 162.67 
v 341.85 3.19999 164.77 
v 341.85 4.19998 164.77 
v 341.85 4.19998 161.87 
v 341.85 4.19998 161.87 
v 341.85 4.19999 162.67 
v 341.85 4.19998 162.17 
v 341.85 4.19998 161.37 
v 341.85 4.19998 163.67 
v 341.85 2.19999 165.47 
v 341.85 4.19998 164.77 
v 341.85 2.19999 164.77 
v 341.85 3.19999 164.77 
v 341.85 2.19999 161.37 
v 341.85 4.19998 161.37 
v 341.85 4.19998 161.87 
v 341.85 2.19999 161.37 
v 341.75 2.19999 161.37 
v 341.75 4.19998 161.37 
v 341.75 2.19999 162.17 
v 341.75 2.19999 161.37 
v 341.85 2.19999 161.37 
v 341.75 2.19999 161.37 
v 341.75 2.19999 162.17 
v 341.75 4.19998 161.87 
v 341.75 4.19998 161.37 
v 341.75 4.29998 161.37 
v 341.85 2.19999 162.17 
v 341.85 2.19999 162.17 
v 341.75 2.19999 162.17 
v 341.85 2.19999 162.17 
v 341.85 4.19998 162.17 
v 341.75 2.19999 162.17 
v 341.75 4.19998 162.17 
v 341.85 2.19999 162.17 
v 341.75 4.19998 162.17 
v 341.75 2.19999 162.17 
v 341.75 2.19999 162.17 
v 341.85 2.19999 162.17 
v 341.85 2.2 163.67 
v 341.75 2.2 163.67 
v 341.85 2.2 163.67 
v 341.85 2.19999 162.17 
v 341.85 3.19998 163.67 
v 341.75 2.5 163.67 
v 341.75 2.2 163.67 
v 341.85 2.2 163.67 
v 341.75 2.2 163.67 
v 341.85 3.19998 163.67 
v 341.75 2.2 163.67 
v 341.85 2.2 163.67 
v 341.85 3.19998 163.67 
v 341.85 2.19999 164.77 
v 341.85 2.19999 164.77 
v 341.85 2.19999 165.47 
v 341.75 2.2 164.77 
v 341.75 3.2 164.77 
v 341.75 2.2 164.77 
v 341.75 2.2 164.77 
v 341.75 2.19999 165.47 
v 341.75 3.2 164.77 
v 341.75 2.2 164.77 
v 341.75 2.2 164.77 
v 341.75 3.19999 163.67 
v 341.75 3.2 164.77 
v 341.75 3.19999 163.67 
v 341.75 3.19999 163.67 
v 341.85 3.19999 164.77 
v 341.85 3.19999 164.77 
v 341.85 4.19998 164.77 
v 341.75 3.2 164.77 
v 341.75 2.19999 165.47 
v 341.75 4.19998 165.47 
v 341.75 4.19998 164.77 
v 341.75 3.2 164.77 
v 341.75 4.19998 164.77 
v 341.85 4.19998 162.17 
v 341.85 4.19998 162.17 
v 341.85 4.19999 162.67 
v 341.85 4.19998 162.17 
v 341.75 4.19998 161.87 
v 341.75 4.19998 162.17 
v 341.85 4.19998 163.67 
v 341.85 4.19998 163.67 
v 341.85 4.19998 164.77 
v 341.75 4.19998 163.67 
v 341.75 4.19998 163.67 
v 341.85 4.19998 163.67 
v 341.75 4.19998 163.67 
v 341.85 4.19998 164.77 
v 341.75 4.29998 163.67 
v 341.75 4.19998 163.67 
v 341.75 4.29999 165.47 
v 341.75 4.19998 163.67 
v 341.75 4.19998 164.77 
v 341.75 4.19998 164.77 
v 341.75 4.19998 165.47 
v 341.75 4.19998 165.47 
v 341.75 4.19998 164.77 
v 341.75 3.19999 163.67 
v 341.85 2.19999 161.37 
v 341.85 4.19998 161.37 
v 344.15 2.2 164.27 
v 344.25 2.2 164.27 
v 344.25 2.9 163.97 
v 344.25 4.29998 162.97 
v 344.25 3.59999 161.97 
v 344.25 3.59998 162.97 
v 341.85 4.19999 165.47 
v 341.79 2.19999 165.486 
v 341.75 3.59999 165.501 
v 343.25 3.59998 165.47 
v 344.178 2.19999 165.48 
v 344.224 3.59999 165.485 
v 341.79 2.19999 165.486 
v 341.75 3.59999 165.501 
v 344.178 2.19999 165.48 
v 344.224 3.59999 165.485 
v 341.797 4.23999 165.482 
v 343.25 4.22271 165.507 
v 344.226 4.23635 165.496 
v 344.25 4.22142 164.87 
v 343.25 4.22271 165.507 
v 344.224 3.59999 165.485 
v 341.75 3.59999 165.501 
v 344.224 3.59999 165.485 
v 344.226 4.23635 165.496 
v 344.178 2.19999 165.48 
v 343.25 3.59998 165.47 
v 344.194 2.9 164.27 
v 344.216 3.59998 164.27 
v 344.177 2.2 164.27 
v 344.178 2.19999 165.48 
v 344.178 2.2 163.97 
v 344.175 2.2 162.97 
v 344.177 2.20001 161.37 
v 344.188 2.2 161.97 
v 344.211 4.2 161.924 
v 344.208 3.59999 161.97 
v 344.171 4.19998 164.87 
v 344.19 3.59999 164.87 
v 344.171 4.19998 164.87 
v 344.25 4.22142 164.87 
v 344.171 4.19998 164.87 
v 344.195 4.19999 163.97 
v 344.25 4.22142 164.87 
v 344.195 4.19999 163.97 
v 344.214 3.59999 163.97 
v 344.216 2.89999 163.97 
v 344.175 4.19998 162.67 
v 344.207 4.19999 162.97 
v 344.207 4.19999 162.97 
v 344.187 3.59998 162.97 
v 344.177 2.20001 161.37 
v 344.211 4.2 161.924 
v 344.157 4.22 161.37 
v 344.157 4.22 161.37 
v 344.177 2.20001 161.37 
v 344.224 3.59999 165.485 
v 344.178 2.19999 165.48 
v 344.177 2.2 164.27 
v 344.177 2.2 164.27 
v 344.178 2.2 163.97 
v 344.194 2.9 164.27 
v 344.194 2.9 164.27 
v 344.216 2.89999 163.97 
v 344.214 3.59999 163.97 
v 344.188 2.2 161.97 
v 344.216 3.59998 164.27 
v 344.19 3.59999 164.87 
v 344.171 4.19998 164.87 
v 344.216 3.59998 164.27 
v 344.19 3.59999 164.87 
v 344.224 3.59999 165.485 
v 344.19 3.59999 164.87 
v 344.171 4.19998 164.87 
v 344.195 4.19999 163.97 
v 344.171 4.19998 164.87 
v 344.25 4.22142 164.87 
v 344.226 4.23635 165.496 
v 344.226 4.23635 165.496 
v 344.207 4.19999 162.97 
v 343.25 4.23333 163.67 
v 344.157 4.22 161.37 
v 343.85 4.27999 161.87 
v 344.211 4.2 161.924 
v 344.175 4.19998 162.67 
v 344.25 4.27141 162.67 
v 344.207 4.19999 162.97 
v 344.207 4.19999 162.97 
v 344.195 4.19999 163.97 
v 343.25 4.23333 163.67 
v 344.207 4.19999 162.97 
v 344.25 4.27141 162.67 
v 344.211 4.2 161.924 
v 344.211 4.2 161.924 
v 344.175 4.19998 162.67 
v 344.25 4.27141 162.67 
v 344.175 4.19998 162.67 
v 343.25 4.28748 162.67 
v 344.175 4.19998 162.67 
v 344.25 4.27141 162.67 
v 343.25 4.19999 162.67 
v 344.208 3.59999 161.97 
v 344.187 3.59998 162.97 
v 343.85 4.19999 161.87 
v 343.85 4.27999 161.87 
v 343.85 4.19999 161.87 
v 344.207 4.19999 162.97 
v 343.25 4.19999 163.67 
v 344.195 4.19999 163.97 
v 343.25 4.19999 162.67 
v 341.81 4.19999 162.67 
v 341.813 4.19998 163.67 
v 343.25 4.19999 163.67 
v 343.25 4.23333 163.67 
v 343.25 4.19999 163.67 
v 341.813 4.19998 163.67 
v 343.25 4.23333 163.67 
v 344.171 4.19998 164.87 
v 344.195 4.19999 163.97 
v 343.25 4.2909 163.97 
v 344.25 4.27141 162.67 
v 344.175 4.19998 162.67 
v 344.211 4.2 161.924 
v 343.85 4.19999 161.87 
v 343.85 4.27999 161.87 
v 344.211 4.2 161.924 
v 341.85 4.19999 161.87 
v 341.793 4.20452 161.37 
v 343.85 4.27999 161.87 
v 341.793 4.20452 161.37 
v 341.81 4.21737 161.87 
v 343.85 4.27999 161.87 
v 344.157 4.22 161.37 
v 344.211 4.2 161.924 
v 343.85 4.27999 161.87 
v 341.81 4.21737 161.87 
v 343.25 4.28748 162.67 
v 341.787 4.23075 162.67 
v 341.787 4.23075 162.67 
v 341.787 4.23075 162.67 
v 341.81 4.21737 161.87 
v 341.77 4.19998 162.17 
v 341.787 4.23075 162.67 
v 341.813 4.19998 163.67 
v 343.25 4.28748 162.67 
v 343.25 4.19999 162.97 
v 343.25 4.28748 162.67 
v 343.25 4.19999 162.67 
v 343.25 4.19999 162.67 
v 343.25 4.28748 162.67 
v 341.787 4.23075 162.67 
v 341.81 4.19999 162.67 
v 343.25 4.2909 163.97 
v 343.25 4.23333 163.67 
v 343.25 4.2909 163.97 
v 344.25 4.22142 164.87 
v 341.797 4.23999 165.482 
v 343.25 4.2909 163.97 
v 343.25 4.2909 163.97 
v 341.787 4.23075 162.67 
v 341.813 4.19998 163.67 
v 343.25 4.22271 165.507 
v 343.25 4.22271 165.507 
v 344.25 4.22142 164.87 
v 341.797 4.23999 165.482 
v 343.25 4.22271 165.507 
v 343.85 4.19999 161.87 
v 343.85 4.27999 161.87 
v 341.85 4.19999 161.87 
v 341.81 4.21737 161.87 
v 344.178 2.19999 165.48 
v 341.79 2.19999 165.486 
v 341.8 2.2 164.77 
v 341.79 2.19999 165.486 
v 341.823 2.19999 161.37 
v 341.8 2.2 164.77 
v 341.811 3.19998 163.67 
v 341.823 2.19999 161.37 
v 344.177 2.20001 161.37 
v 341.792 3.2 164.77 
v 341.816 4.19998 164.77 
v 341.81 4.21737 161.87 
v 341.81 4.21737 161.87 
v 341.787 4.23075 162.67 
v 341.77 4.19998 162.17 
v 341.793 4.20452 161.37 
v 341.81 4.19999 162.67 
v 341.816 4.19998 164.77 
v 341.8 2.2 164.77 
v 341.792 3.2 164.77 
v 341.823 2.19999 161.37 
v 341.793 4.20452 161.37 
v 341.81 4.21737 161.87 
v 341.823 2.19999 161.37 
v 341.82 2.19999 162.17 
v 341.793 4.20452 161.37 
v 341.82 2.19999 162.17 
v 341.77 4.19998 162.17 
v 341.82 2.19999 162.17 
v 341.82 2.19999 162.17 
v 341.8 2.19999 163.67 
v 341.8 2.19999 163.67 
v 341.8 2.19999 163.67 
v 341.82 2.19999 162.17 
v 341.811 3.19998 163.67 
v 341.8 2.19999 163.67 
v 341.811 3.19998 163.67 
v 341.8 2.19999 163.67 
v 341.811 3.19998 163.67 
v 341.8 2.2 164.77 
v 341.8 2.2 164.77 
v 341.792 3.2 164.77 
v 341.8 2.2 164.77 
v 341.79 2.19999 165.486 
v 341.792 3.2 164.77 
v 341.792 3.2 164.77 
v 341.797 4.23999 165.482 
v 341.816 4.19998 164.77 
v 341.77 4.19998 162.17 
v 341.77 4.19998 162.17 
v 341.787 4.23075 162.67 
v 341.81 4.19999 162.67 
v 341.813 4.19998 163.67 
v 341.813 4.19998 163.67 
v 341.813 4.19998 163.67 
v 341.797 4.23999 165.482 
v 341.813 4.19998 163.67 
v 341.797 4.23999 165.482 
v 341.813 4.19998 163.67 
v 341.816 4.19998 164.77 
v 341.811 3.19998 163.67 
v 341.823 2.19999 161.37 
v 341.793 4.20452 161.37 
v 344.216 2.89999 163.97 
v 344.25 4.22142 164.87 
v 344.208 3.59999 161.97 
v 344.187 3.59998 162.97 
v 341.797 4.23999 165.482 

vn 0 0 -1 
vn 0 0 -1 
vn 0 0 -1 
vn 0 0 -1 
vn 1 0 0 
vn 1 0 0 
vn 1 0 0 
vn 1 0 0 
vn 0 0 1 
vn 0 0 1 
vn 0 0 1 
vn 0 -1 0 
vn 0 -1 0 
vn 0 -1 0 
vn 0 0 1 
vn 0 0 -1 
vn 0 -1 0 
vn 0 0 -1 
vn 0 0 -1 
vn 0 0 1 
vn 0 0 1 
vn 0 0 1 
vn -1 0 0 
vn -1 0 0 
vn -1 0 0 
vn -1 0 0 
vn -1 0 0 
vn -1 0 0 
vn 0 1 0 
vn 0 1 0 
vn 0 1 0 
vn -1 0 0 
vn 0 0 -1 
vn 0 1 0 
vn -1 0 0 
vn 1 0 0 
vn 1 0 0 
vn 1 0 0 
vn 0 1 0 
vn 0 1 0 
vn 0 1 0 
vn -1 0 0 
vn -1 0 0 
vn -1 0 0 
vn 0 0 1 
vn 0 0 1 
vn 0 0 1 
vn 1 0 0 
vn 1 0 0 
vn 0 0 1 
vn 0 0 1 
vn 0 0 1 
vn 0 1 0 
vn 0 1 0 
vn 0 1 0 
vn 0 1 0 
vn 1 0 0 
vn 0 -1 0 
vn 0 -1 0 
vn 0 0 1 
vn 0 0 1 
vn 0 0 1 
vn 0 -1 0 
vn 0 -1 0 
vn -1 0 0 
vn -1 0 0 
vn 0 0 1 
vn 0 -1 0 
vn 0 1 0 
vn 0 1 0 
vn 0 1 0 
vn 1 0 0 
vn 1 0 0 
vn 1 0 0 
vn 0 0 -1 
vn 0 0 -1 
vn 0 -1 0 
vn 0 -1 0 
vn 0 -1 0 
vn 0 1 0 
vn 1 0 0 
vn 1 0 0 
vn 1 0 0 
vn 1 0 0 
vn 1 0 0 
vn 1 0 0 
vn 0 0 1 
vn 0 0 1 
vn 0 0 -1 
vn 0 0 -1 
vn 0 -1 0 
vn 0 -1 0 
vn 0 -1 0 
vn 1 0 0 
vn 1 0 0 
vn 1 0 0 
vn 1 0 0 
vn 0 1 0 
vn 0 1 0 
vn 0 1 0 
vn 0 0 1 
vn 0 1 0 
vn 1 0 0 
vn 0 -1 0 
vn 0 -1 0 
vn 0 -1 0 
vn 0 -1 0 
vn 0 0 1 
vn 0 0 1 
vn 0 0 1 
vn 1 0 0 
vn 1 0 0 
vn 1 0 0 
vn 1 0 0 
vn 1 0 0 
vn 1 0 0 
vn 1 0 0 
vn 0 1 0 
vn 0 1 0 
vn 0 1 0 
vn 1 0 0 
vn 1 0 0 
vn 0 0 1 
vn 0 0 1 
vn 0 0 1 
vn 1 0 0 
vn 0 0 -1 
vn 0 0 -1 
vn 0 0 -1 
vn 1 0 0 
vn 0 -1 0 
vn 0 -1 0 
vn 0 -1 0 
vn 0 -1 0 
vn 0 -1 0 
vn 0 -1 0 
vn 0 -1 0 
vn 0 -1 0 
vn 0 -1 0 
vn 1 0 0 
vn 1 0 0 
vn 0 0 -1 
vn 0 0 -1 
vn 0 0 -1 
vn 1 0 0 
vn 1 0 0 
vn 1 0 0 
vn 0 -1 0 
vn 0 -1 0 
vn 0 -1 0 
vn 1 0 0 
vn 1 0 0 
vn 0 0 1 
vn 0 0 1 
vn 0 0 1 
vn 1 0 0 
vn 1 0 0 
vn 0 -1 0 
vn 0 -1 0 
vn 0 -1 0 
vn 1 0 0 
vn 1 0 0 
vn 1 0 0 
vn 1 0 0 
vn 0 -1 0 
vn 0 -1 0 
vn 0 -1 0 
vn 1 0 0 
vn 0 1 0 
vn 0 1 0 
vn 0 1 0 
vn 0 0 -1 
vn 0 0 -1 
vn 0 0 -1 
vn 0 0 1 
vn 0 0 1 
vn 0 0 1 
vn 1 0 0 
vn 0 1 0 
vn 0 1 0 
vn 0 1 0 
vn 1 0 0 
vn 1 0 0 
vn 0 0 -1 
vn 0 0 -1 
vn 0 0 -1 
vn 1 0 0 
vn 1 0 0 
vn 1 0 0 
vn 1 0 0 
vn 0 0 1 
vn 0 0 1 
vn 0 0 1 
vn 0 0 -1 
vn 0 0 -1 
vn 0 0 -1 
vn 0 0 1 
vn 0 0 1 
vn 0 0 1 
vn 1 0 0 
vn 1 0 0 
vn 1 0 0 
vn 0 -1 0 
vn 0 -1 0 
vn 0 -1 0 
vn 0 0 -1 
vn 0 0 -1 
vn 0 0 -1 
vn 1 0 0 
vn 1 0 0 
vn 0 1 0 
vn 0 1 0 
vn 0 1 0 
vn 0 0 -1 
vn 0 0 -1 
vn 0 0 -1 
vn 1 0 0 
vn 0 1 0 
vn 0 1 0 
vn 0 1 0 
vn 1 0 0 
vn 0 0 1 
vn 0 0 1 
vn 0 0 1 
vn 1 0 0 
vn 0 0 1 
vn 0 0 1 
vn 0 0 1 
vn 0 0 -1 
vn 0 0 -1 
vn 0 0 -1 
vn 1 0 0 
vn 1 0 0 
vn 1 0 0 
vn 1 0 0 
vn 1 0 0 
vn 0 -1 0 
vn 0 -1 0 
vn 0 -1 0 
vn 1 0 0 
vn 0 1 0 
vn 0 1 0 
vn 0 1 0 
vn 1 0 0 
vn 1 0 0 
vn 1 0 0 
vn 0 -1 0 
vn 0 -1 0 
vn 0 -1 0 
vn 0 1 0 
vn 0 0 -1 
vn 0 0 -1 
vn 0 0 -1 
vn 1 0 0 
vn 0 1 0 
vn 0 1 0 
vn 0 1 0 
vn 0 -1 0 
vn 0 -1 0 
vn 0 1 0 
vn 0 1 0 
vn 0 0 -1 
vn 0 0 -1 
vn 0 0 -1 
vn 1 0 0 
vn 1 0 0 
vn 0 0 1 
vn 0 0 1 
vn 0 0 1 
vn 0 0 1 
vn 0 0 1 
vn 0 0 1 
vn 0 -1 0 
vn 0 -1 0 
vn 0 -1 0 
vn 1 0 0 
vn 1 0 0 
vn 1 0 0 
vn 1 0 0 
vn 0 0 -1 
vn 0 0 -1 
vn 0 0 -1 
vn 1 0 0 
vn 0 1 0 
vn 0 1 0 
vn 0 1 0 
vn 1 0 0 
vn 1 0 0 
vn 1 0 0 
vn 1 0 0 
vn 0 -1 0 
vn 0 -1 0 
vn 0 -1 0 
vn 0 -1 0 
vn 0 0 -1 
vn 0 0 -1 
vn 0 0 -1 
vn 0 0 -1 
vn 0 0 1 
vn 1 0 0 
vn 1 0 0 
vn 1 0 0 
vn 0 -1 0 
vn 0 -1 0 
vn 0 -1 0 
vn 0 0 1 
vn 0 0 1 
vn 0 -1 0 
vn 1 0 0 
vn 1 0 0 
vn 1 0 0 
vn 0 0 -1 
vn 0 0 -1 
vn 0 0 -1 
vn 0 1 0 
vn 0 1 0 
vn 1 0 0 
vn 1 0 0 
vn 1 0 0 
vn 0 1 0 
vn 1 0 0 
vn 1 0 0 
vn 0 0 1 
vn 0 0 1 
vn 0 0 1 
vn 1 0 0 
vn 1 0 0 
vn 1 0 0 
vn 1 0 0 
vn 0 -1 0 
vn 0 -1 0 
vn 0 0 -1 
vn 1 0 0 
vn 1 0 0 
vn 1 0 0 
vn 1 0 0 
vn 0 0 1 
vn 0 -1 0 
vn 1 0 0 
vn 1 0 0 
vn 0 -1 0 
vn 0 0 -1 
vn 0 0 -1 
vn 0 0 -1 
vn 0 0 -1 
vn 0 0 1 
vn 1 0 0 
vn 1 0 0 
vn 1 0 0 
vn 1 0 0 
vn 1 0 0 
vn 0 1 0 
vn 0 1 0 
vn 0 1 0 
vn 0 1 0 
vn 0 1 0 
vn 0 0 1 
vn 0 1 0 
vn 0 0 1 
vn 0 0 1 
vn 1 0 0 
vn 1 0 0 
vn 1 0 0 
vn 0 1 0 
vn 0 1 0 
vn 0 1 0 
vn 0 1 0 
vn 0 0 1 
vn 0 0 1 
vn 0 0 1 
vn 0 0 1 
vn 0 1 0 
vn 0 0 -1 
vn 0 0 -1 
vn 0 1 0 
vn 1 0 0 
vn 0 1 0 
vn 0 1 0 
vn 0 1 0 
vn 0 1 0 
vn 1 0 0 
vn 0 0 -1 
vn 0 0 -1 
vn 0 0 -1 
vn 0 -1 0 
vn 0 0 -1 
vn 0 0 -1 
vn 0 0 -1 
vn 1 0 0 
vn 0 -1 0 
vn 0 0 -1 
vn 0 1 0 
vn 0 1 0 
vn 0 0 1 
vn 0 1 0 
vn 0 0 1 
vn 1 0 0 
vn 1 0 0 
vn 1 0 0 
vn 1 0 0 
vn 0 1 0 
vn 1 0 0 
vn 0 0 -1 
vn 0 -1 0 
vn 1 0 0 
vn 0 0 -1 
vn 0 0 -1 
vn 0 -1 0 
vn 0 -1 0 
vn 0 -1 0 
vn 1 0 0 
vn 1 0 0 
vn 1 0 0 
vn 0 0 1 
vn 0 0 1 
vn 0 0 1 
vn 0 0 -1 
vn 0 0 -1 
vn 1 0 0 
vn 0 0 -1 
vn 1 0 0 
vn 0 -1 0 
vn 0 -1 0 
vn 0 -1 0 
vn 0 0 -1 
vn 0 -1 0 
vn 0 0 1 
vn 0 0 1 
vn 1 0 0 
vn 1 0 0 
vn 1 0 0 
vn 0 -1 0 
vn 0 0 1 
vn 0 1 0 
vn 0 1 0 
vn 0 1 0 
vn 1 0 0 
vn 0 -1 0 
vn 0 0 -1 
vn 0 0 -1 
vn 1 0 0 
vn 1 0 0 
vn 0 1 0 
vn 0 0 1 
vn 0 -1 0 
vn 0 -1 0 
vn 0 0 -1 
vn 0 0 -1 
vn 0 0 -1 
vn 0 1 0 
vn 0 1 0 
vn 0 1 0 
vn 0 0 1 
vn 0 0 1 
vn 0 0 1 
vn 1 0 0 
vn 0 1 0 
vn 0 1 0 
vn 0 1 0 
vn 0 0 -1 
vn 0 0 -1 
vn 0 0 -1 
vn 0 0 1 
vn 0 0 1 
vn 0 1 0 
vn 0 1 0 
vn 0 0 -1 
vn 0 0 -1 
vn 0 1 0 
vn 1 0 0 
vn 1 0 0 
vn 1 0 0 
vn 1 0 0 
vn 0 0 1 
vn 0 0 1 
vn 0 0 1 
vn 1 0 0 
vn 0 -1 0 
vn 0 0 1 
vn 0 1 0 
vn 0 1 0 
vn 0 1 0 
vn 0 0 -1 
vn 1 0 0 
vn 0 -1 0 
vn 0 0 -1 
vn 0 0 1 
vn 0 0 1 
vn 0 0 1 
vn 1 0 0 
vn 1 0 0 
vn 1 0 0 
vn 1 0 0 
vn 0 0 1 
vn 0 0 -1 
vn 0 0 1 
vn 0 0 1 
vn 0 0 1 
vn 0 1 0 
vn 0 1 0 
vn 0 1 0 
vn 1 0 0 
vn 1 0 0 
vn 0 1 0 
vn 0 1 0 
vn 0 0 1 
vn 0 0 1 
vn 0 -1 0 
vn 0 0 1 
vn 0 -1 0 
vn 0 -1 0 
vn 1 0 0 
vn 0 0 -1 
vn 1 0 0 
vn 0 0 -1 
vn 1 0 0 
vn 0 1 0 
vn 0 1 0 
vn 0 1 0 
vn 0 0 -1 
vn 0 1 0 
vn 1 0 0 
vn 1 0 0 
vn 1 0 0 
vn 0 1 0 
vn 0 1 0 
vn 0 1 0 
vn 0 1 0 
vn 0 0 -1 
vn 0 0 -1 
vn 0 0 -1 
vn 0 0 1 
vn 0 0 1 
vn 0 1 0 
vn 0 1 0 
vn 0 1 0 
vn -1 0 0 
vn -1 0 0 
vn -1 0 0 
vn 0 1 0 
vn 0 1 0 
vn 0 1 0 
vn 0 1 0 
vn 0 1 0 
vn 0 1 0 
vn 1 0 0 
vn 1 0 0 
vn 1 0 0 
vn 0 0 -1 
vn 0 0 -1 
vn 0 0 -1 
vn 0 0 -1 
vn 0 0 -1 
vn -1 0 0 
vn -1 0 0 
vn -1 0 0 
vn 0 1 0 
vn 0 1 0 
vn 0 1 0 
vn -1 0 0 
vn -1 0 0 
vn -1 0 0 
vn 0 0 -1 
vn 0 0 -1 
vn 0 0 -1 
vn 0 1 0 
vn 1 0 0 
vn 1 0 0 
vn 1 0 0 
vn 1 0 0 
vn 1 0 0 
vn 1 0 0 
vn 0 1 0 
vn 0 0 -1 
vn 0 0 -1 
vn 0 1 0 
vn 0 1 0 
vn 0 1 0 
vn 0 1 0 
vn 0 0 1 
vn 0 0 1 
vn 0 0 1 
vn 0 0 1 
vn 0 0 1 
vn -1 0 0 
vn -1 0 0 
vn -1 0 0 
vn 0 0 1 
vn 0 1 0 
vn 0 0 -1 
vn 0 0 -1 
vn 0 1 0 
vn 0 0 -1 
vn 0 0 -1 
vn 0 0 -1 
vn 0 1 0 
vn -1 0 0 
vn -1 0 0 
vn -1 0 0 
vn 0 0 -1 
vn 0 0 -1 
vn 0 1 0 
vn 0 0 -1 
vn 0 0 -1 
vn 0 1 0 
vn 0 0 -1 
vn 0 0 -1 
vn 0 0 -1 
vn 1 0 0 
vn 1 0 0 
vn 0 0 -1 
vn -1 0 0 
vn -1 0 0 
vn -1 0 0 
vn -1 0 0 
vn -1 0 0 
vn 0 0 -1 
vn 0 1 0 
vn 0 1 0 
vn 0 1 0 
vn -1 0 0 
vn -1 0 0 
vn -1 0 0 
vn 0 0 -1 
vn 0 0 -1 
vn 0 -1 0 
vn 0 -1 0 
vn 0 -1 0 
vn -1 0 0 
vn 0 -1 0 
vn 0 1 0 
vn 0 0 -1 
vn 0 0 -1 
vn 0 0 -1 
vn 1 0 0 
vn 1 0 0 
vn 1 0 0 
vn 0 1 0 
vn 0 0 1 
vn 0 1 0 
vn 0 1 0 
vn 0 1 0 
vn -1 0 0 
vn -1 0 0 
vn -1 0 0 
vn 0 1 0 
vn 0 1 0 
vn 0 1 0 
vn -1 0 0 
vn -1 0 0 
vn -1 0 0 
vn 0 0 -1 
vn 0 0 -1 
vn 0 0 -1 
vn 1 0 0 
vn 1 0 0 
vn 0 0 1 
vn 0 0 1 
vn 1 0 0 
vn 0 -1 0 
vn 0 -1 0 
vn 0 -1 0 
vn 0 0 -1 
vn 0 -1 0 
vn 0 -1 0 
vn 0 0 -1 
vn 0 0 -1 
vn 0 0 1 
vn 0 0 -1 
vn 0 1 0 
vn 0 1 0 
vn 0 1 0 
vn 0 0 1 
vn 0 0 1 
vn 0 0 1 
vn 0 -1 0 
vn 0 0 1 
vn 0 0 1 
vn -1 0 0 
vn -1 0 0 
vn -1 0 0 
vn -1 0 0 
vn 0 1 0 
vn 0 1 0 
vn 0 0 1 
vn 0 0 1 
vn 0 0 1 
vn 0 0 1 
vn 0 1 0 
vn 0 1 0 
vn 0 1 0 
vn 1 0 0 
vn 0 -1 0 
vn 0 0 1 
vn -1 0 0 
vn -1 0 0 
vn -1 0 0 
vn -1 0 0 
vn -1 0 0 
vn 0 0 1 
vn 0 1 0 
vn 0 1 0 
vn 0 1 0 
vn 0 1 0 
vn 0 1 0 
vn 0 1 0 
vn 0 -1 0 
vn -1 0 0 
vn 1 0 0 
vn 0 0 -1 
vn 1 0 0 
vn 0 -1 0 
vn -1 0 0 
vn 0 0 -1 
vn -1 0 0 
vn 0 0 1 
vn 0 1 0 
vn -1 0 0 
vn 0 0 -1 
vn 0 0 -1 
vn 0 0 -1 
vn 0 1 0 
vn -1 0 0 
vn -1 0 0 
vn -1 0 0 
vn 0 1 0 
vn 0 1 0 
vn 0 0 -1 
vn 0 0 -1 
vn 0 1 0 
vn 0 1 0 
vn 0 1 0 
vn -1 0 0 
vn -1 0 0 
vn 0 0 -1 
vn 0 0 -1 
vn 0 0 -1 
vn -1 0 0 
vn 1 0 0 
vn 0 0 -1 
vn 0 0 1 
vn 0 0 -1 
vn -1 0 0 
vn 0 0 1 
vn 0 0 1 
vn 0 1 0 
vn -1 0 0 
vn 0 0 1 
vn 0 0 1 
vn 0 0 1 
vn 0 1 0 
vn 0 1 0 
vn 0 0 1 
vn 0 0 -1 
vn 0 -1 0 
vn 0 -1 0 
vn 0 -1 0 
vn 0 0 1 
vn 0 0 1 
vn 0 0 1 
vn 0 0 1 
vn -1 0 0 
vn -1 0 0 
vn -1 0 0 
vn 0 -1 0 
vn 0 -1 0 
vn 0 -1 0 
vn 0 -1 0 
vn 0 0 -1 
vn 0 0 -1 
vn 0 0 -1 
vn 0 -1 0 
vn 0 -1 0 
vn 0 0 -1 
vn 1 0 0 
vn 0 -1 0 
vn 0 0 -1 
vn -1 0 0 
vn -1 0 0 
vn -1 0 0 
vn -1 0 0 
vn -1 0 0 
vn -1 0 0 
vn 0 -1 0 
vn 0 -1 0 
vn -1 0 0 
vn -1 0 0 
vn -1 0 0 
vn -1 0 0 
vn 0 -1 0 
vn 0 -1 0 
vn 0 -1 0 
vn -1 0 0 
vn 0 -1 0 
vn 0 -1 0 
vn 0 -1 0 
vn -1 0 0 
vn -1 0 0 
vn -1 0 0 
vn 0 0 1 
vn 0 0 1 
vn 0 0 1 
vn 0 -1 0 
vn 0 -1 0 
vn 0 -1 0 
vn -1 0 0 
vn 0 0 -1 
vn 0 0 -1 
vn 0 0 -1 
vn 0 0 -1 
vn 0 0 1 
vn -1 0 0 
vn -1 0 0 
vn 0 1 0 
vn 0 1 0 
vn 0 1 0 
vn -1 0 0 
vn 0 0 1 
vn 0 0 1 
vn 0 0 1 
vn 0 0 -1 
vn 0 0 -1 
vn 0 0 -1 
vn 1 0 0 
vn 1 0 0 
vn 1 0 0 
vn 0 0 -1 
vn 0 0 -1 
vn 0 -1 0 
vn 0 -1 0 
vn 0 -1 0 
vn 0 -1 0 
vn 0 0 -1 
vn 0 -1 0 
vn 0 -1 0 
vn 0 -1 0 
vn -1 0 0 
vn -1 0 0 
vn -1 0 0 
vn 0 0 -1 
vn -1 0 0 
vn -1 0 0 
vn -1 0 0 
vn -1 0 0 
vn -1 0 0 
vn 0 0 -1 
vn 0 -1 0 
vn 0 -1 0 
vn 0 -1 0 
vn 1 0 0 
vn 1 0 0 
vn 0 0 1 
vn 0 0 1 
vn 0 0 1 
vn 0 0 -1 
vn 0 0 -1 
vn 0 0 -1 
vn -1 0 0 
vn -1 0 0 
vn -1 0 0 
vn 0 -1 0 
vn 0 -1 0 
vn 0 -1 0 
vn -1 0 0 
vn 0 -1 0 
vn -1 0 0 
vn -1 0 0 
vn 1 0 0 
vn 1 0 0 
vn 1 0 0 
vn 1 0 0 
vn 0 0 1 
vn 0 0 1 
vn 0 0 1 
vn 0 -1 0 
vn 0 0 1 
vn 0 0 -1 
vn 0 0 -1 
vn 0 0 -1 
vn -1 0 0 
vn -1 0 0 
vn -1 0 0 
vn 0 -1 0 
vn 0 -1 0 
vn 0 -1 0 
vn -1 0 0 
vn 0 -1 0 
vn 0 0 -1 
vn 1 0 0 
vn 1 0 0 
vn 1 0 0 
vn 0 -1 0 
vn 0 -1 0 
vn 0 -1 0 
vn 0 0 -1 
vn 0 0 -1 
vn 0 0 1 
vn 0 0 1 
vn 0 0 1 
vn 0 0 1 
vn -1 0 0 
vn -1 0 0 
vn -1 0 0 
vn -1 0 0 
vn -1 0 0 
vn 0 -1 0 
vn 0 -1 0 
vn 0 -1 0 
vn -1 0 0 
vn 0 0 -1 
vn 0 -1 0 
vn 0 -1 0 
vn 0 -1 0 
vn 0 -1 0 
vn 0 0 1 
vn -1 0 0 
vn -1 0 0 
vn -1 0 0 
vn 0 0 1 
vn 0 0 1 
vn 0 0 -1 
vn 0 0 -1 
vn 0 1 0 
vn 0 1 0 
vn 0 1 0 
vn -1 0 0 
vn -1 0 0 
vn -1 0 0 
vn 0 0 -1 
vn 0 -1 0 
vn 1 0 0 
vn 0 0 1 
vn 0 0 1 
vn 0 0 1 
vn 1 0 0 
vn 0 1 0 
vn 0 1 0 
vn 0 1 0 
vn 1 0 0 
vn 0 -1 0 
vn 0 0 1 
vn 0 0 1 
vn -1 0 0 
vn -1 0 0 
vn 0 1 0 
vn 0 1 0 
vn -1 0 0 
vn 0 1 0 
vn 0 0 1 
vn 0 0 1 
vn -1 0 0 
vn 0 0 -1 
vn 0 0 -1 
vn 1 0 0 
vn 0 -1 0 
vn 0 -1 0 
vn 1 0 0 
vn 0 0 -1 
vn 0 0 -1 
vn 1 0 0 
vn 0 0 1 
vn 0 1 0 
vn 0 1 0 
vn 0 1 0 
vn 0 -1 0 
vn 1 0 0 
vn 1 0 0 
vn 0 0 -1 
vn 0 -1 0 
vn -1 0 0 
vn 0 -1 0 
vn -1 0 0 
vn 0 1 0 
vn 0 1 0 
vn -1 0 0 
vn 0 1 0 
vn 0 0 1 
vn 0 0 1 
vn 0 0 1 
vn 0 0 1 
vn 0 0 1 
vn 0 -1 0 
vn -1 0 0 
vn 0 0 1 
vn 0 -1 0 
vn 0 -1 0 
vn -1 0 0 
vn -1 0 0 
vn 0 -1 0 
vn 0 -1 0 
vn 0 0 1 
vn 1 0 0 
vn 1 0 0 
vn 1 0 0 
vn 0 -1 0 
vn 0 0 -1 
vn 0 1 0 
vn 0 -1 0 
vn 0 -1 0 
vn 0 0 1 
vn 0 0 1 
vn 0 1 0 
vn -1 0 0 
vn -1 0 0 
vn -1 0 0 
vn -1 0 0 
vn 0 -1 0 
vn 0 0 -1 
vn 0 -1 0 
vn -1 0 0 
vn -1 0 0 
vn 0 1 0 
vn 0 0 1 
vn 0 -1 0 
vn 0 -1 0 
vn 0 -1 0 
vn -1 0 0 
vn 0 -1 0 
vn 0 -1 0 
vn 0 0 -1 
vn 0 0 -1 
vn 0 0 -1 
vn 0 0 -1 
vn 1 0 0 
vn -1 0 0 
vn -1 0 0 
vn 0 -1 0 
vn 0 -1 0 
vn 0 -1 0 
vn 1 0 0 
vn 0 -1 0 
vn 1 0 0 
vn 0 0 1 
vn 1 0 0 
vn 1 0 0 
vn 1 0 0 
vn 1 0 0 
vn 1 0 0 
vn 1 0 0 
vn 1 0 0 
vn 0 0 1 
vn 0 0 -1 
vn 0 0 -1 
vn 0 0 -1 
vn 1 0 0 
vn 1 0 0 
vn 1 0 0 
vn 1 0 0 
vn 0 0 1 
vn 0 0 1 
vn 0 0 1 
vn 0 -1 0 
vn 0 -1 0 
vn 0 -1 0 
vn 0 0 1 
vn 0 0 -1 
vn 0 -1 0 
vn 0 0 -1 
vn 0 0 -1 
vn 0 0 1 
vn -1 0 0 
vn -1 0 0 
vn -1 0 0 
vn -1 0 0 
vn -1 0 0 
vn -1 0 0 
vn -1 0 0 
vn 1 0 0 
vn 1 0 0 
vn 1 0 0 
vn 0 1 0 
vn 0 1 0 
vn 0 1 0 
vn 0 0 1 
vn 0 0 1 
vn 0 0 1 
vn 0 0 1 
vn 0 0 1 
vn 0 1 0 
vn 0 1 0 
vn 0 1 0 
vn 0 0 1 
vn 0 0 1 
vn 0 0 1 
vn 0 1 0 
vn 0 1 0 
vn 0 0 -1 
vn 1 0 0 
vn 1 0 0 
vn 1 0 0 
vn 0 0 1 
vn 0 0 1 
vn 0 0 1 
vn 1 0 0 
vn 1 0 0 
vn 1 0 0 
vn 1 0 0 
vn 1 0 0 
vn 0 0 1 
vn 0 0 1 
vn 0 0 1 
vn 0 0 -1 
vn 0 0 -1 
vn 0 0 -1 
vn 1 0 0 
vn 0 -1 0 
vn 0 -1 0 
vn 0 -1 0 
vn 0 -1 0 
vn 0 -1 0 
vn 0 0 -1 
vn 0 0 -1 
vn 0 0 -1 
vn 1 0 0 
vn 1 0 0 
vn 0 -1 0 
vn 0 -1 0 
vn 0 0 1 
vn 0 0 1 
vn 0 0 1 
vn 1 0 0 
vn 1 0 0 
vn 0 -1 0 
vn 0 -1 0 
vn 0 -1 0 
vn 0 -1 0 
vn 0 -1 0 
vn 0 1 0 
vn 0 1 0 
vn 0 1 0 
vn 0 0 -1 
vn 0 0 -1 
vn 0 0 -1 
vn 0 0 1 
vn 0 0 1 
vn 0 0 1 
vn 0 0 -1 
vn 0 0 -1 
vn 0 0 -1 
vn 0 0 1 
vn 0 0 1 
vn 0 0 1 
vn 0 -1 0 
vn 0 -1 0 
vn 0 -1 0 
vn 0 0 -1 
vn 0 0 -1 
vn 0 0 -1 
vn 0 0 1 
vn 0 0 1 
vn 0 0 1 
vn 0 0 1 
vn 0 0 1 
vn 0 0 1 
vn 1 0 0 
vn 1 0 0 
vn 0 0 -1 
vn 0 0 -1 
vn 0 0 -1 
vn 1 0 0 
vn 0 -1 0 
vn 0 -1 0 
vn 0 -1 0 
vn 0 1 0 
vn 0 1 0 
vn 0 1 0 
vn 0 1 0 
vn 0 -1 0 
vn 0 -1 0 
vn 0 1 0 
vn 0 1 0 
vn 0 0 -1 
vn 0 0 -1 
vn 0 0 -1 
vn 1 0 0 
vn 1 0 0 
vn 0 0 1 
vn 0 0 1 
vn 0 0 1 
vn 0 0 1 
vn 0 0 1 
vn 0 0 1 
vn 1 0 0 
vn 1 0 0 
vn 1 0 0 
vn 1 0 0 
vn 1 0 0 
vn 1 0 0 
vn 1 0 0 
vn 0 0 -1 
vn 0 0 -1 
vn 0 0 -1 
vn 0 0 -1 
vn 0 0 1 
vn 1 0 0 
vn 0 -1 0 
vn 0 -1 0 
vn 0 0 1 
vn 1 0 0 
vn 1 0 0 
vn 1 0 0 
vn 1 0 0 
vn 1 0 0 
vn 1 0 0 
vn 0 0 1 
vn 0 0 -1 
vn 0 0 1 
vn 1 0 0 
vn 1 0 0 
vn 1 0 0 
vn 1 0 0 
vn 0 -1 0 
vn 0 0 -1 
vn 1 0 0 
vn 1 0 0 
vn 1 0 0 
vn 0 0 1 
vn 1 0 0 
vn 1 0 0 
vn 0 0 -1 
vn 0 0 -1 
vn 0 0 -1 
vn 0 0 -1 
vn 0 0 1 
vn 1 0 0 
vn 1 0 0 
vn 1 0 0 
vn 0 1 0 
vn 0 1 0 
vn 0 1 0 
vn 1 0 0 
vn 1 0 0 
vn 0 0 1 
vn 0 0 1 
vn 0 0 -1 
vn 1 0 0 
vn 0 1 0 
vn 0 1 0 
vn 0 1 0 
vn 0 1 0 
vn 1 0 0 
vn 0 0 1 
vn 0 1 0 
vn 0 0 1 
vn 0 0 1 
vn 1 0 0 
vn 1 0 0 
vn 0 0 -1 
vn 0 -1 0 
vn 0 0 -1 
vn 0 -1 0 
vn 0 -1 0 
vn 0 -1 0 
vn 0 -1 0 
vn 0 0 -1 
vn 1 0 0 
vn 0 0 -1 
vn 0 1 0 
vn 0 1 0 
vn 0 1 0 
vn 0 -1 0 
vn 0 0 1 
vn 0 0 -1 
vn 0 0 -1 
vn 0 1 0 
vn 0 1 0 
vn 0 1 0 
vn 0 1 0 
vn 0 1 0 
vn 0 1 0 
vn 0 0 -1 
vn 0 0 -1 
vn 0 0 -1 
vn 1 0 0 
vn 1 0 0 
vn 1 0 0 
vn 1 0 0 
vn 0 0 1 
vn 0 -1 0 
vn 0 -1 0 
vn 0 -1 0 
vn 0 0 1 
vn 0 1 0 
vn 0 1 0 
vn 0 1 0 
vn 0 1 0 
vn 0 -1 0 
vn 0 0 -1 
vn 0 0 -1 
vn 0 0 -1 
vn 0 0 1 
vn 0 0 1 
vn 0 0 1 
vn 1 0 0 
vn 0 0 -1 
vn 0 0 1 
vn 1 0 0 
vn 1 0 0 
vn 0 1 0 
vn 0 0 1 
vn 0 -1 0 
vn 0 -1 0 
vn 0 -1 0 
vn 1 0 0 
vn 0 0 -1 
vn 0 0 -1 
vn 1 0 0 
vn 1 0 0 
vn 1 0 0 
vn 0 1 0 
vn 0 1 0 
vn 0 1 0 
vn 0 0 -1 
vn 0 1 0 
vn 0 1 0 
vn 0 1 0 
vn 0 1 0 
vn 0 1 0 
vn 0 1 0 
vn 0 1 0 
vn 0 0 -1 
vn 0 0 -1 
vn 0 0 1 
vn 0 0 1 
vn 0 0 1 
vn 0 0 1 
vn 0 0 1 
vn 0 1 0 
vn 0 0 -1 
vn 0 0 -1 
vn 0 0 -1 
vn 0 0 -1 
vn 0 0 -1 
vn 0 0 -1 
vn 0 0 -1 
vn 0 0 -1 
vn -1 0 0 
vn -1 0 0 
vn -1 0 0 
vn 0 0 -1 
vn 0 1 0 
vn 0 1 0 
vn 0 1 0 
vn 1 0 0 
vn 0 -1 0 
vn 0 -1 0 
vn 0 -1 0 
vn -1 0 0 
vn 0 -1 0 
vn 0 1 0 
vn 0 0 -1 
vn 0 0 -1 
vn 0 1 0 
vn 0 0 1 
vn 0 1 0 
vn -1 0 0 
vn -1 0 0 
vn -1 0 0 
vn 0 0 1 
vn 0 0 -1 
vn 0 -1 0 
vn 0 -1 0 
vn 0 -1 0 
vn 0 -1 0 
vn 0 0 -1 
vn 0 0 -1 
vn 0 0 -1 
vn 0 0 -1 
vn 0 0 -1 
vn 0 1 0 
vn 0 1 0 
vn 0 1 0 
vn 0 0 1 
vn 0 0 1 
vn -1 0 0 
vn -1 0 0 
vn -1 0 0 
vn -1 0 0 
vn 0 1 0 
vn 0 1 0 
vn 0 1 0 
vn 0 1 0 
vn 0 1 0 
vn 1 0 0 
vn 1 0 0 
vn -1 0 0 
vn -1 0 0 
vn -1 0 0 
vn 0 1 0 
vn 0 1 0 
vn 0 1 0 
vn 0 -1 0 
vn -1 0 0 
vn 1 0 0 
vn 0 0 -1 
vn 0 0 -1 
vn 0 0 -1 
vn -1 0 0 
vn 0 1 0 
vn 0 1 0 
vn -1 0 0 
vn -1 0 0 
vn -1 0 0 
vn 0 0 -1 
vn 0 0 -1 
vn 0 0 -1 
vn 0 0 1 
vn 0 0 1 
vn 0 0 1 
vn 0 0 1 
vn 0 0 1 
vn 0 1 0 
vn 0 0 1 
vn 0 -1 0 
vn 0 -1 0 
vn 0 -1 0 
vn 0 0 1 
vn 0 0 1 
vn -1 0 0 
vn -1 0 0 
vn -1 0 0 
vn 0 -1 0 
vn -1 0 0 
vn -1 0 0 
vn -1 0 0 
vn -1 0 0 
vn 0 -1 0 
vn 0 -1 0 
vn 0 -1 0 
vn -1 0 0 
vn -1 0 0 
vn 0 0 1 
vn 0 0 -1 
vn 0 0 -1 
vn 0 0 -1 
vn 1 0 0 
vn 1 0 0 
vn 1 0 0 
vn 0 0 -1 
vn 0 0 -1 
vn 0 0 -1 
vn 0 -1 0 
vn 0 -1 0 
vn 0 -1 0 
vn -1 0 0 
vn -1 0 0 
vn -1 0 0 
vn -1 0 0 
vn -1 0 0 
vn 0 -1 0 
vn 1 0 0 
vn 0 0 1 
vn 0 0 1 
vn 0 0 1 
vn 0 0 -1 
vn 0 0 -1 
vn 0 0 -1 
vn -1 0 0 
vn -1 0 0 
vn 0 -1 0 
vn 0 -1 0 
vn 0 -1 0 
vn -1 0 0 
vn 1 0 0 
vn 1 0 0 
vn 1 0 0 
vn 0 0 1 
vn 0 0 1 
vn 0 0 1 
vn 0 -1 0 
vn 0 0 1 
vn 0 0 -1 
vn 0 0 -1 
vn 0 0 -1 
vn 1 0 0 
vn 0 -1 0 
vn 0 -1 0 
vn 0 0 1 
vn 0 0 1 
vn -1 0 0 
vn -1 0 0 
vn -1 0 0 
vn -1 0 0 
vn 0 -1 0 
vn 0 -1 0 
vn 0 0 1 
vn -1 0 0 
vn -1 0 0 
vn 0 0 -1 
vn 1 0 0 
vn 0 0 1 
vn 0 0 1 
vn 0 0 1 
vn 0 0 1 
vn -1 0 0 
vn -1 0 0 
vn 0 0 -1 
vn 0 0 -1 
vn 1 0 0 
vn 1 0 0 
vn 1 0 0 
vn 0 0 -1 
vn 0 0 1 
vn 0 0 1 
vn 1 0 0 
vn 0 -1 0 
vn 0 -1 0 
vn 0 -1 0 
vn 0 0 1 
vn 0 1 0 
vn 0 1 0 
vn 0 1 0 
vn -1 0 0 
vn -1 0 0 
vn -1 0 0 
vn -1 0 0 
vn 0 1 0 
vn 0 0 1 
vn -1 0 0 
vn 0 -1 0 
vn 0 -1 0 
vn -1 0 0 
vn 0 0 -1 
vn 0 0 -1 
vn 0 -1 0 
vn 0 0 -1 
vn 1 0 0 
vn 1 0 0 
vn 1 0 0 
vn 1 0 0 
vn 0 0 1 
vn 0 0 -1 
vn 0 0 -1 
vn 0 0 -1 
vn 0 0 1 
vn 0 0 1 
vn 0 0 1 
vn 0 0 1 
vn 0 0 -1 
vn 0 0 -1 
vn 0 0 1 
vn 0 0 1 
vn 0 1 0 
vn 0 1 0 
vn 0 0 1 
vn 0 0 1 
vn 0 1 0 
vn 0 1 0 
vn 0 0 1 
vn 0 0 1 
vn 0 0 1 
vn 1 0 0 
vn 1 0 0 
vn 1 0 0 
vn 1 0 0 
vn 1 0 0 
vn 1 0 0 
vn 1 0 0 
vn 1 0 0 
vn 1 0 0 
vn 1 0 0 
vn 0 1 0 
vn 0 0 -1 
vn 0 0 -1 
vn 0 0 -1 
vn 0 -1 0 
vn 0 -1 0 
vn 0 -1 0 
vn 1 0 0 
vn 1 0 0 
vn 1 0 0 
vn 0 1 0 
vn 0 1 0 
vn 1 0 0 
vn 1 0 0 
vn 1 0 0 
vn 1 0 0 
vn 1 0 0 
vn 0 0 -1 
vn 0 0 -1 
vn 1 0 0 
vn 1 0 0 
vn 1 0 0 
vn 1 0 0 
vn 1 0 0 
vn 1 0 0 
vn 1 0 0 
vn 1 0 0 
vn 1 0 0 
vn 1 0 0 
vn 1 0 0 
vn 1 0 0 
vn 1 0 0 
vn 0 1 0 
vn 0 1 0 
vn 1 0 0 
vn 1 0 0 
vn 1 0 0 
vn 1 0 0 
vn 0 -1 0 
vn 0 -1 0 
vn 0 -1 0 
vn 1 0 0 
vn 0 0 -1 
vn 0 1 0 
vn 0 1 0 
vn 0 1 0 
vn 0 1 0 
vn 1 0 0 
vn 1 0 0 
vn 1 0 0 
vn 0 -1 0 
vn 0 -1 0 
vn 0 -1 0 
vn 0 0 1 
vn 0 1 0 
vn 1 0 0 
vn 0 -1 0 
vn 0 -1 0 
vn 0 0 -1 
vn 0 0 -1 
vn 0 0 -1 
vn 0 0 1 
vn 0 0 1 
vn 0 0 1 
vn 0 -1 0 
vn 0 -1 0 
vn 1 0 0 
vn 1 0 0 
vn 0 1 0 
vn 0 1 0 
vn 0 1 0 
vn 0 1 0 
vn 0 1 0 
vn 0 1 0 
vn 0 1 0 
vn 1 0 0 
vn 1 0 0 
vn 0 0 -1 
vn 0 0 -1 
vn 0 0 -1 
vn 0 0 1 
vn 0 0 -1 
vn 0 0 -1 
vn 0 1 0 
vn 0 1 0 
vn 0 0 -1 
vn 0 0 -1 
vn 0 0 -1 
vn 0 1 0 
vn 0 0 -1 
vn 0 0 -1 
vn -1 0 0 
vn 0 1 0 
vn 0 1 0 
vn 0 -1 0 
vn 0 -1 0 
vn 0 -1 0 
vn 0 1 0 
vn 0 0 -1 
vn 0 1 0 
vn 0 0 1 
vn 0 1 0 
vn -1 0 0 
vn -1 0 0 
vn -1 0 0 
vn 0 -1 0 
vn 0 -1 0 
vn 0 -1 0 
vn -1 0 0 
vn -1 0 0 
vn -1 0 0 
vn 0 0 -1 
vn 0 1 0 
vn 0 1 0 
vn 0 0 1 
vn 0 1 0 
vn 0 1 0 
vn 0 1 0 
vn 0 1 0 
vn 0 1 0 
vn 0 -1 0 
vn 1 0 0 
vn -1 0 0 
vn -1 0 0 
vn 0 1 0 
vn 0 1 0 
vn 0 0 1 
vn 0 0 -1 
vn 0 0 -1 
vn 0 0 1 
vn 0 0 1 
vn 0 0 1 
vn 0 0 1 
vn 0 -1 0 
vn 0 -1 0 
vn 0 -1 0 
vn 0 0 1 
vn -1 0 0 
vn -1 0 0 
vn -1 0 0 
vn 0 -1 0 
vn 0 -1 0 
vn -1 0 0 
vn -1 0 0 
vn -1 0 0 
vn 0 -1 0 
vn 0 -1 0 
vn 0 -1 0 
vn -1 0 0 
vn -1 0 0 
vn 0 0 -1 
vn 0 0 -1 
vn 0 0 -1 
vn 1 0 0 
vn 1 0 0 
vn 1 0 0 
vn -1 0 0 
vn -1 0 0 
vn -1 0 0 
vn 1 0 0 
vn -1 0 0 
vn -1 0 0 
vn 0 -1 0 
vn 0 -1 0 
vn -1 0 0 
vn 1 0 0 
vn 1 0 0 
vn 1 0 0 
vn 0 0 1 
vn 0 0 1 
vn 0 0 -1 
vn 0 0 -1 
vn 1 0 0 
vn 0 0 1 
vn 0 0 1 
vn -1 0 0 
vn -1 0 0 
vn -1 0 0 
vn 1 0 0 
vn -1 0 0 
vn -1 0 0 
vn 1 0 0 
vn 1 0 0 
vn 1 0 0 
vn 1 0 0 
vn 1 0 0 
vn 0 0 1 
vn -1 0 0 
vn -1 0 0 
vn -1 0 0 
vn 0 -1 0 
vn 0 -1 0 
vn 0 -1 0 
vn -1 0 0 
vn 0 0 -1 
vn 0 0 -1 
vn 1 0 0 
vn 1 0 0 
vn 1 0 0 
vn 1 0 0 
vn 0 0 1 

vt 1.91252 -80.1298 
vt 1.91252 -80.3048 
vt 1.91252 -80.1298 
vt 1.72502 -80.1298 
vt -236.196 -80.3048 
vt -236.183 -80.1423 
vt -236.196 -80.1298 
vt -236.183 -80.3048 
vt -1.60002 -80.3048 
vt -1.60002 -80.1298 
vt -1.91252 -80.3048 
vt -1.60002 199.196 
vt -1.91252 199.196 
vt -1.60002 199.183 
vt -1.91252 -80.1298 
vt 1.60002 -80.3048 
vt -1.91252 199.183 
vt 1.60002 -80.1423 
vt 1.71252 -80.1298 
vt -1.91252 -80.0423 
vt -1.91252 -80.1298 
vt -1.72502 -80.0548 
vt 236.196 -80.1298 
vt 236.196 -80.0423 
vt 236.183 -80.1298 
vt 236.196 -80.3048 
vt 236.196 -80.1298 
vt 236.183 -80.3048 
vt 1.91252 199.196 
vt 1.91252 199.183 
vt 1.91252 199.196 
vt 236.183 -80.0423 
vt 1.91252 -80.1298 
vt 1.91252 199.183 
vt 236.183 -80.1298 
vt -236.108 -80.0423 
vt -236.196 -80.0423 
vt -236.183 -80.0423 
vt 1.60002 199.196 
vt 1.60002 199.108 
vt 1.72502 199.108 
vt 236.196 -80.0548 
vt 236.196 -80.0423 
vt 236.196 -80.0423 
vt -1.72502 -80.0423 
vt -1.72502 -80.0548 
vt -1.60002 -80.0548 
vt -236.196 -80.1298 
vt -236.196 -80.0548 
vt -1.72502 -80.0548 
vt -1.72502 -80.1298 
vt -1.60002 -80.1298 
vt 1.60002 199.196 
vt 1.72502 199.196 
vt 1.60002 199.196 
vt 1.72502 199.196 
vt -236.196 -80.1298 
vt -1.72502 199.196 
vt -1.60002 199.196 
vt -1.72502 -80.1298 
vt -1.72502 -80.0548 
vt -1.60002 -80.0423 
vt -1.72502 199.196 
vt -1.60002 199.196 
vt 236.183 -80.0423 
vt 236.196 -80.0548 
vt -1.72502 -80.0423 
vt -1.72502 199.196 
vt 1.91252 199.196 
vt 1.72502 199.196 
vt 1.91252 199.183 
vt -236.183 -80.1298 
vt -236.183 -80.1298 
vt -236.183 -80.1298 
vt 1.72502 -80.1298 
vt 1.60002 -80.1298 
vt -1.72502 199.183 
vt -1.91252 199.183 
vt -1.72502 199.183 
vt 1.60002 199.183 
vt -236.196 -80.1298 
vt -236.183 -80.1298 
vt -236.183 -80.1298 
vt -236.183 -80.1298 
vt -236.196 -80.0423 
vt -236.183 -80.0423 
vt -1.60002 -80.0423 
vt -1.60002 -80.0548 
vt 1.60002 -80.1298 
vt 1.60002 -80.1298 
vt -1.60002 199.183 
vt -1.60002 199.183 
vt -1.60002 199.183 
vt -236.183 -80.1298 
vt -236.183 -80.1298 
vt -236.183 -80.1298 
vt -236.196 -80.0423 
vt 1.60002 199.183 
vt 1.60002 199.196 
vt 1.60002 199.196 
vt -1.60002 -80.0423 
vt 1.60002 199.183 
vt -236.196 -80.0548 
vt -1.71252 199.183 
vt -1.61252 199.183 
vt -1.60002 199.183 
vt -1.61252 199.183 
vt -1.61252 -80.3048 
vt -1.61252 -80.1298 
vt -1.72502 -80.1298 
vt -236.183 -80.1298 
vt -236.183 -80.3048 
vt -236.183 -80.3048 
vt -236.033 -80.2173 
vt -236.033 -80.1298 
vt -236.033 -80.3048 
vt -236.033 -80.2173 
vt 1.61252 199.033 
vt 1.61252 199.033 
vt 1.60002 199.033 
vt -235.995 -80.3048 
vt -235.995 -80.3048 
vt -1.61252 -80.2173 
vt -1.61252 -80.3048 
vt -1.60002 -80.2173 
vt -236.033 -80.3048 
vt 1.61252 -80.3048 
vt 1.61252 -80.1298 
vt 1.60002 -80.1298 
vt -235.87 -80.3048 
vt -1.61252 199.033 
vt -1.61252 198.995 
vt -1.60002 199.033 
vt -1.61252 198.995 
vt -1.61252 198.87 
vt -1.60002 198.995 
vt -1.61252 198.995 
vt -1.61252 198.995 
vt -1.60002 198.995 
vt -235.995 -80.2173 
vt -235.995 -80.2173 
vt 1.61252 -80.3048 
vt 1.61252 -80.2173 
vt 1.60002 -80.2173 
vt -235.745 -80.3048 
vt -235.671 -80.3048 
vt -235.745 -80.3048 
vt -1.61252 198.87 
vt -1.61252 198.745 
vt -1.60002 198.745 
vt -235.87 -80.3048 
vt -235.671 -80.3048 
vt -1.61252 -80.0548 
vt -1.61252 -80.3048 
vt -1.60002 -80.0548 
vt -235.745 -80.0548 
vt -235.745 -80.1298 
vt -1.61252 198.745 
vt -1.61252 198.671 
vt -1.60002 198.67 
vt -236.108 -80.0548 
vt -236.108 -80.0548 
vt -236.108 -80.0548 
vt -236.183 -80.0548 
vt -1.61252 199.183 
vt -1.61252 199.108 
vt -1.60002 199.183 
vt -236.183 -80.0548 
vt 1.61252 199.108 
vt 1.61252 199.183 
vt 1.60002 199.108 
vt 1.61252 -80.0548 
vt 1.61252 -80.0548 
vt 1.60002 -80.0423 
vt -1.61252 -80.0548 
vt -1.61252 -80.0548 
vt -1.60002 -80.0423 
vt -236.108 -80.0548 
vt 1.61252 199.108 
vt 1.61252 199.108 
vt 1.72502 199.108 
vt -236.183 -80.1298 
vt -236.183 -80.1298 
vt 1.61252 -80.1298 
vt 1.61252 -80.0548 
vt 1.60002 -80.0548 
vt -236.108 -80.0548 
vt -236.108 -80.1298 
vt -236.108 -80.1298 
vt -236.108 -80.0548 
vt -1.61252 -80.0548 
vt -1.61252 -80.1298 
vt -1.60002 -80.1298 
vt 1.61252 -80.1298 
vt 1.61252 -80.0548 
vt 1.60002 -80.0548 
vt -1.61252 -80.1298 
vt -1.61252 -80.3048 
vt -1.60002 -80.1423 
vt -236.183 -80.1298 
vt -235.996 -80.0548 
vt -235.995 -80.0548 
vt -1.61252 199.108 
vt -1.61252 198.996 
vt -1.60002 199.108 
vt 1.61252 -80.0548 
vt 1.61252 -80.0548 
vt 1.60002 -80.0548 
vt -235.996 -80.0548 
vt -235.995 -80.0548 
vt 1.61252 198.996 
vt 1.61252 198.995 
vt 1.61252 198.995 
vt 1.61252 -80.1298 
vt 1.61252 -80.0548 
vt 1.60002 -80.0548 
vt -235.995 -80.1298 
vt 1.61252 198.995 
vt 1.61252 198.995 
vt 1.60002 198.995 
vt -235.995 -80.1298 
vt -1.61252 -80.1298 
vt -1.61252 -80.2173 
vt -1.60002 -80.2173 
vt -236.033 -80.1298 
vt -1.61252 -80.0548 
vt -1.61252 -80.3048 
vt -1.60002 -80.3048 
vt 1.61252 -80.2173 
vt 1.61252 -80.1298 
vt 1.60002 -80.1298 
vt -235.833 -80.0548 
vt -235.833 -80.0548 
vt -235.808 -80.0548 
vt -235.833 -80.0548 
vt -235.833 -80.0548 
vt -1.61252 198.87 
vt -1.61252 198.833 
vt -1.60002 198.833 
vt -235.87 -80.0548 
vt 1.61252 198.833 
vt 1.61252 198.87 
vt 1.60002 198.87 
vt -235.87 -80.0548 
vt -235.808 -80.0548 
vt -235.745 -80.0548 
vt -1.61252 198.833 
vt -1.61252 198.808 
vt -1.60002 198.833 
vt 1.61252 198.808 
vt 1.61252 -80.0548 
vt 1.61252 -80.0548 
vt 1.60002 -80.0548 
vt -235.833 -80.0548 
vt 1.61252 198.833 
vt 1.61252 198.833 
vt 1.61252 198.833 
vt -1.61252 198.745 
vt -1.60002 198.745 
vt 1.61252 198.745 
vt 1.60002 198.745 
vt 1.61252 -80.3048 
vt 1.61252 -80.0548 
vt 1.60002 -80.3048 
vt -235.87 -80.1298 
vt -235.87 -80.1298 
vt -1.61252 -80.0548 
vt -1.61252 -80.1298 
vt -1.60002 -80.0548 
vt -1.61252 -80.1298 
vt -1.61252 -80.3048 
vt -1.60002 -80.1298 
vt -1.61252 198.87 
vt -1.61252 198.87 
vt -1.60002 198.87 
vt -235.67 -80.3048 
vt -235.671 -80.0548 
vt -235.733 -80.0548 
vt -235.67 -80.0548 
vt 1.60002 -80.0548 
vt 1.60002 -80.0548 
vt 1.60002 -80.0548 
vt -235.671 -80.0548 
vt 1.60002 198.671 
vt 1.60002 198.67 
vt 1.61252 198.67 
vt -235.671 -80.0548 
vt -235.733 -80.0423 
vt -235.733 -80.0548 
vt -235.671 -80.0423 
vt -1.60002 198.671 
vt -1.60002 198.733 
vt -1.60002 198.733 
vt -1.60002 198.671 
vt 1.61252 -80.0548 
vt 1.60002 -80.0548 
vt 1.60002 -80.3048 
vt 1.61252 -80.3048 
vt -1.60002 -80.3048 
vt -236.183 -80.1423 
vt -236.183 -80.3048 
vt -236.033 -80.3048 
vt -1.60002 199.183 
vt -1.61252 199.183 
vt -1.60002 199.033 
vt -1.60002 -80.1298 
vt -1.60002 -80.1298 
vt -1.60002 198.995 
vt -236.033 -80.3048 
vt -235.995 -80.3048 
vt -236.033 -80.2173 
vt 1.60002 -80.2173 
vt 1.60002 -80.2173 
vt 1.60002 -80.3048 
vt 1.60002 198.995 
vt 1.60002 198.995 
vt -236.033 -80.2173 
vt -235.995 -80.2173 
vt -235.995 -80.1298 
vt 1.60002 199.033 
vt -235.995 -80.2173 
vt -235.995 -80.2173 
vt -1.60002 -80.3048 
vt -1.60002 -80.0548 
vt -1.61252 -80.0548 
vt -235.995 -80.0548 
vt -235.995 -80.3048 
vt -235.87 -80.0548 
vt -235.87 -80.3048 
vt -1.60002 198.87 
vt -1.60002 198.995 
vt 1.60002 -80.2173 
vt -235.87 -80.3048 
vt -235.808 -80.1298 
vt -235.87 -80.1298 
vt -235.745 -80.3048 
vt -1.60002 -80.3048 
vt -1.60002 198.87 
vt -235.745 -80.3048 
vt -235.745 -80.0548 
vt -1.60002 198.745 
vt 1.60002 -80.0548 
vt 1.60002 -80.3048 
vt 1.61252 -80.3048 
vt 1.60002 -80.1298 
vt -1.60002 -80.3048 
vt -236.033 -80.1298 
vt -236.183 -80.1298 
vt -236.108 -80.1298 
vt -236.033 -80.1298 
vt -236.108 -80.0548 
vt 1.60002 199.033 
vt 1.60002 199.108 
vt 1.60002 199.183 
vt 1.60002 199.183 
vt 1.60002 199.108 
vt -1.60002 -80.1298 
vt 1.60002 199.033 
vt -1.60002 -80.1298 
vt -1.60002 -80.0548 
vt -236.183 -80.1298 
vt -236.108 -80.1298 
vt -236.108 -80.0548 
vt 1.60002 199.108 
vt 1.60002 199.183 
vt 1.61252 199.183 
vt 1.60002 199.183 
vt -1.60002 -80.1298 
vt -1.61252 -80.1298 
vt -1.60002 -80.1298 
vt -1.61252 -80.0548 
vt 1.61252 199.183 
vt 1.60002 -80.1298 
vt 1.60002 -80.0548 
vt 1.61252 199.108 
vt -235.995 -80.0548 
vt 1.61252 199.108 
vt 1.60002 198.995 
vt 1.61252 198.995 
vt 1.60002 199.108 
vt -236.183 -80.0548 
vt 1.60002 -80.0548 
vt 1.60002 -80.0423 
vt 1.60002 -80.0423 
vt -1.60002 199.108 
vt 1.60002 -80.0548 
vt 1.60002 -80.0548 
vt 1.60002 -80.0548 
vt -236.108 -80.0548 
vt -1.60002 199.108 
vt 1.60002 -80.0548 
vt 1.60002 199.108 
vt 1.60002 199.108 
vt -1.60002 -80.0548 
vt 1.60002 199.183 
vt -1.60002 -80.0548 
vt -236.108 -80.0423 
vt -236.108 -80.0548 
vt -235.996 -80.0423 
vt -236.108 -80.0548 
vt 1.61252 199.108 
vt -236.183 -80.0548 
vt 1.60002 -80.1298 
vt -1.72502 199.183 
vt -235.87 -80.0548 
vt 1.60002 -80.1298 
vt 1.60002 -80.3048 
vt -1.60002 198.871 
vt -1.60002 198.996 
vt -1.60002 198.996 
vt -235.996 -80.0548 
vt -235.871 -80.0548 
vt -235.996 -80.0423 
vt -1.60002 -80.0548 
vt -1.60002 -80.0548 
vt -1.60002 -80.0423 
vt 1.60002 -80.1298 
vt 1.60002 -80.1298 
vt -236.033 -80.1298 
vt 1.60002 -80.1298 
vt -235.995 -80.1298 
vt -1.60002 198.995 
vt -1.60002 199.033 
vt -1.60002 199.033 
vt 1.60002 -80.1298 
vt -1.60002 198.995 
vt -1.60002 -80.0423 
vt -1.72502 -80.0423 
vt -235.996 -80.0548 
vt -235.996 -80.0548 
vt -235.996 -80.0548 
vt -1.60002 198.996 
vt -1.61252 -80.0548 
vt 1.61252 198.995 
vt 1.60002 198.995 
vt 1.61252 198.87 
vt -236.108 -80.0548 
vt -1.60002 198.996 
vt 1.60002 -80.0548 
vt 1.72502 -80.0548 
vt -236.033 -80.1298 
vt -235.995 -80.1298 
vt 1.60002 198.995 
vt -1.60002 -80.1298 
vt -1.61252 199.033 
vt -1.61252 199.033 
vt 1.72502 -80.0423 
vt 1.60002 -80.0423 
vt 1.60002 -80.0548 
vt 1.60002 198.871 
vt 1.72502 198.871 
vt 1.72502 198.958 
vt -1.60002 -80.0548 
vt -1.60002 -80.0548 
vt -1.60002 -80.0548 
vt -235.733 -80.0548 
vt 1.60002 198.733 
vt 1.60002 198.671 
vt 1.65002 198.733 
vt 1.61252 -80.0548 
vt 1.60002 -80.0548 
vt 1.60002 -80.1298 
vt -1.60002 -80.0548 
vt -1.60002 -80.0548 
vt 1.60002 198.87 
vt 1.60002 198.87 
vt 1.60002 -80.0548 
vt 1.60002 -80.0548 
vt 1.60002 198.87 
vt -235.87 -80.0423 
vt -235.833 -80.0548 
vt -235.833 -80.0423 
vt -235.87 -80.0548 
vt -1.60002 -80.0548 
vt -1.60002 -80.0423 
vt -1.61252 -80.0548 
vt -235.87 -80.0548 
vt -1.72502 198.958 
vt -1.72502 -80.0423 
vt 1.72502 198.87 
vt 1.60002 198.87 
vt 1.60002 198.833 
vt 1.60002 -80.0548 
vt -235.87 -80.0548 
vt -1.60002 198.87 
vt 1.60002 -80.0423 
vt -1.60002 -80.0548 
vt -1.60002 -80.0423 
vt -1.61252 -80.0548 
vt -235.833 -80.0423 
vt -235.833 -80.0548 
vt -235.745 -80.0548 
vt -235.745 -80.0548 
vt -1.61252 -80.0548 
vt 1.72502 -80.0423 
vt -1.72502 -80.0548 
vt -1.60002 -80.0548 
vt -1.60002 -80.0423 
vt 1.60002 198.733 
vt 1.60002 198.733 
vt 1.60002 198.745 
vt -235.733 -80.0548 
vt -235.733 -80.0423 
vt 1.60002 198.745 
vt 1.65002 198.671 
vt -1.60002 -80.0423 
vt -1.65002 -80.0423 
vt -1.60002 198.87 
vt -1.60002 -80.1298 
vt -1.60002 198.808 
vt -1.60002 198.745 
vt -235.745 -80.1298 
vt 1.60002 -80.1298 
vt -235.745 -80.1298 
vt 1.61252 -80.1298 
vt -235.745 -80.1298 
vt 1.61252 198.745 
vt 1.60002 198.745 
vt 1.60002 198.745 
vt 1.61252 -80.1298 
vt 1.61252 198.745 
vt -235.733 -80.0548 
vt -235.671 -80.0548 
vt -235.733 -80.0423 
vt 1.65002 198.671 
vt 1.65002 198.733 
vt 1.61252 198.671 
vt 1.65002 198.733 
vt 1.65002 -80.0548 
vt 1.61252 -80.0548 
vt 1.61252 -80.3048 
vt -1.72502 -80.0548 
vt -1.61252 -80.0548 
vt 1.61252 198.87 
vt 1.72502 198.87 
vt 1.72502 198.958 
vt 235.833 -80.0548 
vt 235.87 -80.0548 
vt 235.87 -80.0548 
vt 1.72502 198.833 
vt 1.72502 198.833 
vt 1.72502 198.833 
vt 1.90002 198.833 
vt 1.90002 198.958 
vt 1.72502 198.996 
vt -235.996 -80.0548 
vt -235.958 -80.0548 
vt -235.958 -80.0548 
vt 1.72502 -80.0548 
vt 1.72502 -80.0423 
vt 1.72502 -80.0548 
vt 1.90002 -80.0548 
vt 1.72502 -80.0548 
vt 235.958 -80.0548 
vt 235.833 -80.0548 
vt 235.958 -80.0548 
vt 1.91252 198.833 
vt 1.91252 198.958 
vt 1.90002 198.833 
vt 235.958 -80.0548 
vt 235.833 -80.0548 
vt 235.958 -80.0548 
vt 1.90002 -80.0548 
vt 1.91252 -80.0548 
vt 1.91252 -80.0548 
vt 1.90002 198.958 
vt -235.833 -80.0548 
vt -235.958 -80.0548 
vt -235.958 -80.0548 
vt -236.108 -80.0548 
vt -236.108 -80.0548 
vt -236.108 -80.0423 
vt 1.72502 199.108 
vt 1.72502 -80.0548 
vt 1.72502 -80.0423 
vt 1.90002 199.183 
vt 1.72502 199.183 
vt 1.90002 199.183 
vt 1.72502 199.183 
vt -1.90002 -80.0548 
vt -1.72502 -80.0548 
vt -1.72502 -80.0423 
vt -1.72502 -80.0548 
vt -1.72502 -80.0423 
vt 235.87 -80.0548 
vt 235.995 -80.0548 
vt 235.87 -80.0548 
vt -1.61252 -80.0548 
vt 1.72502 198.833 
vt 1.72502 -80.0548 
vt 1.72502 -80.0548 
vt 1.90002 198.733 
vt 1.61252 -80.0548 
vt 1.65002 -80.0548 
vt 1.65002 -80.0548 
vt 1.61252 198.733 
vt 235.671 -80.0548 
vt 235.733 -80.0548 
vt 235.733 -80.0548 
vt 1.90002 -80.0548 
vt 1.65002 -80.0423 
vt 1.90002 198.733 
vt 1.61252 -80.0548 
vt 1.60002 -80.0423 
vt 1.61252 198.671 
vt 1.65002 -80.0423 
vt 1.65002 -80.0548 
vt 1.90002 -80.0548 
vt -235.671 -80.0548 
vt -235.671 -80.0423 
vt 1.65002 -80.0423 
vt 235.733 -80.0423 
vt 235.671 -80.0423 
vt 235.733 -80.0423 
vt 235.733 -80.0423 
vt 235.671 -80.0548 
vt 1.91252 -80.0423 
vt 1.65002 198.671 
vt 1.91252 198.671 
vt 1.91252 198.733 
vt 235.67 -80.0548 
vt 235.671 -80.0548 
vt 235.671 -80.0548 
vt 1.61252 -80.0548 
vt 1.65002 -80.0548 
vt -1.65002 198.733 
vt -1.65002 198.671 
vt -1.61252 198.671 
vt 235.733 -80.0548 
vt -1.61252 198.733 
vt 1.65002 198.733 
vt 1.91252 -80.0423 
vt 1.91252 -80.0548 
vt 1.90002 -80.0548 
vt -235.87 -80.0423 
vt -235.833 -80.0423 
vt -235.833 -80.0423 
vt 1.72502 198.833 
vt -1.91252 -80.0423 
vt 1.91252 198.833 
vt 1.60002 198.833 
vt 1.65002 198.733 
vt 235.833 -80.0423 
vt 235.733 -80.0423 
vt 235.77 -80.0548 
vt 1.91252 198.733 
vt 1.72502 198.833 
vt 1.72502 198.833 
vt 235.833 -80.0423 
vt 235.833 -80.0423 
vt 235.833 -80.0548 
vt 1.72502 -80.0423 
vt 1.72502 -80.0423 
vt 1.72502 -80.0423 
vt -235.871 -80.0423 
vt -235.871 -80.0548 
vt -1.72502 -80.0548 
vt -1.72502 -80.0548 
vt -235.87 -80.0548 
vt -1.72502 198.87 
vt -1.72502 198.87 
vt -1.91252 198.833 
vt 1.72502 -80.0548 
vt -1.91252 198.958 
vt -1.72502 198.833 
vt 1.72502 -80.0548 
vt 1.91252 -80.0548 
vt -1.72502 -80.0548 
vt 1.91252 -80.0423 
vt 1.72502 198.833 
vt 1.91252 198.833 
vt 1.91252 198.958 
vt -1.90002 -80.0548 
vt -1.90002 -80.0548 
vt -1.90002 -80.0548 
vt -1.72502 198.958 
vt -1.91252 -80.0548 
vt -1.91252 -80.0548 
vt 235.833 -80.0423 
vt 235.833 -80.0548 
vt 235.958 -80.0423 
vt 235.833 -80.0548 
vt 1.60002 198.996 
vt 1.72502 198.996 
vt -1.72502 -80.0423 
vt -1.72502 -80.0423 
vt -1.91252 -80.0423 
vt -1.72502 -80.0548 
vt 1.72502 198.958 
vt 1.91252 198.958 
vt 1.72502 198.996 
vt -235.958 -80.0423 
vt -1.72502 198.958 
vt -1.72502 -80.0548 
vt 235.958 -80.0423 
vt 235.958 -80.0548 
vt 235.996 -80.0423 
vt 235.996 -80.0423 
vt 235.996 -80.0423 
vt -1.72502 -80.0423 
vt 1.60002 198.996 
vt 1.72502 198.996 
vt 1.60002 199.108 
vt 1.72502 199.108 
vt 1.72502 198.996 
vt 1.91252 199.183 
vt -1.72502 198.996 
vt 235.996 -80.0548 
vt -235.996 -80.0423 
vt 1.72502 -80.0423 
vt -235.958 -80.0548 
vt -1.72502 198.871 
vt 235.958 -80.0548 
vt 1.90002 -80.0548 
vt 235.958 -80.0423 
vt -1.91252 -80.0423 
vt 1.91252 198.958 
vt 235.958 -80.0423 
vt 1.91252 -80.0423 
vt 1.91252 -80.0423 
vt 1.91252 -80.0548 
vt 1.91252 198.958 
vt 236.108 -80.0423 
vt 236.183 -80.0423 
vt 236.108 -80.0423 
vt 1.72502 199.183 
vt 1.72502 199.108 
vt 1.72502 -80.0423 
vt 1.72502 -80.0423 
vt 1.72502 199.108 
vt 1.72502 199.196 
vt 1.72502 199.183 
vt 236.183 -80.0548 
vt 236.183 -80.0548 
vt 1.72502 -80.0423 
vt 1.72502 -80.0548 
vt 1.72502 -80.0548 
vt 236.183 -80.0548 
vt -236.108 -80.0423 
vt 1.91252 -80.0423 
vt -1.91252 -80.0423 
vt 1.91252 -80.1298 
vt 236.183 -80.1298 
vt -1.91252 -80.0548 
vt -1.61252 -80.0548 
vt 1.61252 198.995 
vt 235.995 -80.0548 
vt -1.65002 -80.0548 
vt -1.65002 -80.0423 
vt -1.90002 -80.0548 
vt 1.60002 198.733 
vt 1.65002 198.733 
vt -1.91252 -80.0423 
vt 1.61252 -80.0548 
vt -1.61252 199.183 
vt -1.90002 199.183 
vt -1.90002 199.096 
vt -1.90002 -80.3048 
vt -1.72502 -80.0548 
vt -1.72502 -80.0548 
vt -1.72502 -80.0548 
vt 236.183 -80.0548 
vt 236.183 -80.1298 
vt 236.183 -80.1298 
vt -1.72502 199.183 
vt -1.72502 199.183 
vt -1.72502 199.183 
vt -1.72502 199.183 
vt 1.72502 -80.0548 
vt 1.72502 -80.1298 
vt 1.72502 -80.1298 
vt -1.91252 199.183 
vt -1.72502 199.183 
vt 1.72502 -80.1298 
vt -236.183 -80.1298 
vt -1.72502 199.183 
vt 1.72502 -80.1298 
vt 236.183 -80.1298 
vt 236.183 -80.3048 
vt 236.183 -80.0548 
vt 235.671 -80.3048 
vt 236.096 -80.3048 
vt 235.958 -80.1798 
vt -1.90002 198.671 
vt -1.61252 198.671 
vt 235.833 -80.0548 
vt 236.096 -80.1798 
vt 236.096 -80.0548 
vt 236.096 -80.0548 
vt -1.90002 198.958 
vt -1.90002 199.096 
vt -1.90002 198.958 
vt 235.733 -80.0548 
vt -1.90002 198.733 
vt -1.90002 198.833 
vt -1.90002 198.771 
vt 235.733 -80.0548 
vt 235.733 -80.0548 
vt 235.671 -80.0548 
vt -1.90002 -80.0548 
vt -1.90002 -80.0548 
vt -1.90002 -80.0548 
vt -1.90002 198.958 
vt -1.90002 199.096 
vt -1.90002 198.958 
vt 235.958 -80.0548 
vt 1.90002 -80.0548 
vt 1.90002 -80.0548 
vt 1.90002 -80.1798 
vt 1.90002 -80.1798 
vt -1.90002 -80.0548 
vt 236.183 -80.0548 
vt 236.183 -80.0548 
vt 1.90002 199.096 
vt 1.90002 198.958 
vt 1.90002 198.958 
vt 236.183 -80.0548 
vt -1.90002 -80.3048 
vt -1.90002 -80.0548 
vt -1.91252 -80.0548 
vt 1.90002 -80.0548 
vt 1.90002 -80.3048 
vt 1.90002 -80.1798 
vt -235.671 -80.3048 
vt -235.671 -80.0548 
vt -235.733 -80.0548 
vt 1.90002 -80.3048 
vt 1.91252 -80.3048 
vt -1.90002 198.671 
vt -1.90002 198.671 
vt -1.90002 198.733 
vt -1.91252 198.671 
vt 1.91252 -80.0548 
vt -1.91252 198.77 
vt -1.91252 198.671 
vt -1.90002 198.671 
vt 235.671 -80.3048 
vt 235.77 -80.3048 
vt 235.733 -80.0548 
vt 1.91252 -80.0548 
vt 235.671 -80.0548 
vt 235.733 -80.0548 
vt 235.671 -80.0423 
vt 235.671 -80.0548 
vt 235.733 -80.0548 
vt 1.91252 -80.0548 
vt -1.91252 198.671 
vt -1.91252 198.671 
vt -1.90002 198.77 
vt -235.77 -80.3048 
vt -235.733 -80.0548 
vt -1.91252 -80.3048 
vt -1.90002 -80.3048 
vt -1.90002 -80.0548 
vt 1.91252 -80.3048 
vt 1.91252 -80.0548 
vt 1.90002 -80.3048 
vt 235.771 -80.0548 
vt 235.771 -80.3048 
vt 235.808 -80.3048 
vt -1.91252 198.808 
vt -1.91252 198.771 
vt -1.90002 198.771 
vt 235.833 -80.0548 
vt -1.90002 198.958 
vt 235.958 -80.2673 
vt 235.958 -80.3048 
vt -235.958 -80.3048 
vt -235.771 -80.3048 
vt -235.958 -80.1798 
vt -235.958 -80.1798 
vt -1.91252 -80.2673 
vt -1.91252 -80.3048 
vt -1.90002 -80.3048 
vt -1.91252 198.958 
vt -1.90002 -80.1798 
vt 1.91252 -80.3048 
vt 1.91252 -80.2673 
vt 1.90002 -80.3048 
vt 235.958 -80.2673 
vt 235.958 -80.3048 
vt 236.058 -80.3048 
vt -1.91252 199.058 
vt -1.91252 198.958 
vt -1.90002 198.958 
vt 236.096 -80.2673 
vt -1.90002 199.096 
vt 1.90002 -80.1798 
vt -236.096 -80.3048 
vt -235.958 -80.3048 
vt -235.958 -80.1798 
vt -1.90002 199.096 
vt -1.90002 199.183 
vt -1.91252 199.183 
vt 1.90002 -80.3048 
vt 1.91252 -80.3048 
vt -1.91252 -80.2673 
vt -1.91252 -80.3048 
vt -1.91252 -80.1798 
vt -1.91252 -80.3048 
vt 236.096 -80.3048 
vt 236.096 -80.3048 
vt 236.183 -80.3048 
vt 236.096 -80.1798 
vt 236.096 -80.3048 
vt -1.91252 199.096 
vt -1.91252 199.096 
vt -1.91252 199.096 
vt 236.096 -80.3048 
vt 1.91252 -80.3048 
vt -1.91252 199.096 
vt -1.90002 198.958 
vt -1.90002 198.958 
vt -1.91252 198.958 
vt -1.91252 -80.1798 
vt 235.958 -80.0548 
vt 235.958 -80.1798 
vt 235.958 -80.1798 
vt -1.91252 -80.0548 
vt -1.91252 -80.0548 
vt 1.91252 -80.1798 
vt 1.91252 -80.1798 
vt 1.91252 198.958 
vt 1.91252 198.958 
vt 1.91252 199.096 
vt 236.096 -80.1798 
vt 235.958 -80.1798 
vt 235.958 -80.1798 
vt 1.91252 -80.1798 
vt -1.91252 198.958 
vt -236.096 -80.1798 
vt -1.90002 -80.1798 
vt -1.90002 -80.1798 
vt -1.90002 -80.1798 
vt -236.096 -80.1798 
vt 1.90002 199.096 
vt 1.90002 199.096 
vt 1.91252 199.096 
vt -236.096 -80.1798 
vt -1.90002 199.096 
vt -1.90002 -80.0548 
vt -1.91252 -80.1798 
vt 236.096 -80.1798 
vt 236.096 -80.0548 
vt 1.91252 199.096 
vt 1.91252 199.096 
vt 236.096 -80.1798 
vt 1.91252 199.096 
vt -1.91252 -80.1798 
vt -1.91252 -80.3048 
vt 236.183 -80.0548 
vt 1.91252 -80.1798 
vt 1.91252 -80.0548 
vt -235.733 -80.0548 
vt -1.90002 198.77 
vt -1.90002 198.733 
vt -235.77 -80.0548 
vt 1.90002 -80.0548 
vt 1.90002 -80.0548 
vt -235.733 -80.0548 
vt -1.90002 -80.0548 
vt 1.90002 198.733 
vt 1.90002 198.733 
vt 1.91252 198.733 
vt -1.90002 198.733 
vt -235.771 -80.0548 
vt -235.833 -80.0548 
vt 1.90002 -80.0548 
vt -1.90002 198.833 
vt 235.733 -80.0548 
vt -1.91252 198.771 
vt 235.733 -80.0548 
vt 1.91252 198.77 
vt 1.91252 198.77 
vt 235.77 -80.0548 
vt 1.91252 198.733 
vt -1.91252 -80.0548 
vt -1.91252 -80.0548 
vt -1.91252 -80.0548 
vt -1.91252 -80.0548 
vt -1.91252 -80.0548 
vt -1.91252 198.77 
vt 235.77 -80.0548 
vt -1.91252 -80.0548 
vt -1.91252 198.733 
vt -1.91252 198.733 
vt 235.733 -80.0423 
vt 235.958 -80.0548 
vt -1.91252 198.833 
vt -1.91252 198.833 
vt -1.91252 -80.0548 
vt -235.958 -80.0548 
vt -235.958 -80.0548 
vt -235.958 -80.0548 
vt -1.90002 198.958 
vt 1.90002 -80.0548 
vt 1.90002 198.958 
vt -1.91252 198.958 
vt -1.91252 198.958 
vt -1.90002 -80.0548 
vt -1.90002 -80.0548 
vt 1.91252 198.958 
vt 235.958 -80.0423 
vt 235.958 -80.0548 
vt 236.183 -80.0423 
vt 235.958 -80.0548 
vt -1.91252 198.958 
vt 1.91252 -80.0548 
vt -1.91252 198.958 
vt 236.096 -80.0548 
vt 236.096 -80.1798 
vt 1.91252 199.096 
vt -1.91252 -80.0548 
vt -1.91252 199.183 
vt -1.90002 199.183 
vt -1.90002 199.183 
vt 236.183 -80.0548 
vt -1.91252 199.183 
vt -1.91252 199.096 
vt 1.90002 -80.3048 
vt 1.90002 -80.0548 
vt 1.65002 -80.0548 
vt 1.61252 -80.3048 
vt -235.671 -80.0548 
vt 235.671 -80.3048 
vt 235.67 -80.3048 
vt -1.65002 198.671 
vt -1.65002 198.671 
vt -1.61252 198.67 
vt -236.196 -80.0548 
vt -1.61252 199.033 
vt -235.745 -80.1298 
vt -1.65002 -80.0423 
vt -235.995 -80.2173 
vt -235.871 -80.0423 
vt -235.995 -80.1298 
vt -235.745 -80.1298 
vt -235.745 -80.0548 
vt -235.87 -80.1298 
vt -235.87 -80.0548 
vt -1.90002 -80.0548 
vt 1.91252 -80.3048 
vt 1.91252 -80.1298 
vt 1.72502 -80.1298 
vt -236.196 -80.3048 
vt -236.183 -80.1423 
vt -236.196 -80.1298 
vt -236.183 -80.3048 
vt -1.60002 -80.3048 
vt -1.60002 -80.1298 
vt -1.91252 -80.3048 
vt -1.60002 199.196 
vt -1.91252 199.196 
vt -1.60002 199.183 
vt -1.91252 -80.1298 
vt 1.60002 -80.3048 
vt -1.91252 199.183 
vt 1.60002 -80.1423 
vt 1.71252 -80.1298 
vt -1.72502 -80.0548 
vt 236.196 -80.1298 
vt 236.183 -80.1298 
vt 236.196 -80.3048 
vt 236.196 -80.1298 
vt 236.183 -80.3048 
vt 236.183 -80.0423 
vt 236.183 -80.1298 
vt -236.108 -80.0423 
vt -236.196 -80.0423 
vt -236.183 -80.0423 
vt 1.60002 199.196 
vt 1.60002 199.108 
vt 1.72502 199.108 
vt -1.72502 -80.0423 
vt -1.72502 -80.0548 
vt -1.60002 -80.0548 
vt -1.72502 -80.1298 
vt -1.60002 -80.1298 
vt 1.72502 199.196 
vt 1.91252 199.196 
vt 1.60002 199.196 
vt -1.60002 -80.0423 
vt -1.72502 -80.1298 
vt -1.72502 -80.0423 
vt 1.72502 199.196 
vt 1.91252 199.183 
vt 1.60002 -80.1298 
vt -236.183 -80.1298 
vt -236.196 -80.1298 
vt -236.183 -80.1298 
vt -1.61252 -80.3048 
vt -1.61252 -80.1298 
vt -1.72502 -80.1298 
vt -236.033 -80.2173 
vt -236.033 -80.1298 
vt -236.033 -80.3048 
vt -236.183 -80.3048 
vt -235.995 -80.3048 
vt -1.61252 -80.2173 
vt -1.61252 -80.3048 
vt -1.60002 -80.2173 
vt 1.61252 -80.3048 
vt 1.61252 -80.1298 
vt 1.60002 -80.1298 
vt -235.87 -80.3048 
vt -1.61252 199.033 
vt -1.61252 198.995 
vt -1.60002 199.033 
vt -1.61252 198.87 
vt -1.60002 198.995 
vt 1.61252 -80.3048 
vt 1.61252 -80.2173 
vt 1.60002 -80.2173 
vt -235.671 -80.3048 
vt -235.745 -80.3048 
vt -1.61252 198.745 
vt -1.60002 198.745 
vt -1.61252 -80.0548 
vt -1.61252 -80.3048 
vt -1.60002 -80.0548 
vt -235.745 -80.0548 
vt -235.745 -80.1298 
vt -1.61252 198.671 
vt -1.60002 198.67 
vt -1.61252 199.183 
vt -1.61252 199.108 
vt -1.60002 199.183 
vt 1.61252 199.108 
vt 1.61252 199.183 
vt 1.60002 199.108 
vt 1.61252 -80.1298 
vt 1.61252 -80.0548 
vt 1.60002 -80.0548 
vt -1.61252 -80.0548 
vt -1.61252 -80.1298 
vt -1.60002 -80.1298 
vt 1.61252 -80.1298 
vt 1.61252 -80.0548 
vt 1.60002 -80.0548 
vt -1.61252 -80.1298 
vt -1.61252 -80.3048 
vt -1.60002 -80.1423 
vt -1.61252 199.108 
vt -1.61252 198.995 
vt -1.60002 199.108 
vt 1.61252 -80.1298 
vt 1.61252 -80.0548 
vt 1.60002 -80.0548 
vt -1.61252 -80.1298 
vt -1.61252 -80.2173 
vt -1.60002 -80.2173 
vt -1.61252 -80.0548 
vt -1.61252 -80.3048 
vt -1.60002 -80.3048 
vt -235.995 -80.0548 
vt -235.995 -80.1298 
vt 1.61252 -80.2173 
vt 1.61252 -80.1298 
vt 1.60002 -80.1298 
vt -235.995 -80.2173 
vt -1.61252 198.87 
vt -1.61252 198.833 
vt -1.60002 198.833 
vt 1.61252 198.833 
vt 1.61252 198.87 
vt 1.60002 198.87 
vt 1.61252 198.808 
vt -1.61252 198.745 
vt -1.60002 198.745 
vt 1.61252 198.745 
vt 1.60002 198.745 
vt 1.61252 -80.3048 
vt 1.61252 -80.0548 
vt 1.60002 -80.3048 
vt -235.87 -80.0548 
vt -235.87 -80.1298 
vt -1.61252 -80.0548 
vt -1.61252 -80.1298 
vt -1.60002 -80.0548 
vt -1.61252 -80.1298 
vt -1.61252 -80.3048 
vt -1.60002 -80.1298 
vt -235.67 -80.3048 
vt -235.671 -80.0548 
vt -235.733 -80.0548 
vt -235.671 -80.0548 
vt -235.733 -80.0423 
vt -235.733 -80.0548 
vt -235.671 -80.0423 
vt 1.61252 -80.0548 
vt 1.60002 -80.0548 
vt 1.60002 -80.3048 
vt 1.61252 -80.3048 
vt -1.60002 -80.3048 
vt -236.033 -80.3048 
vt -1.61252 199.183 
vt -1.60002 199.033 
vt -1.60002 -80.1298 
vt -236.033 -80.3048 
vt -235.995 -80.3048 
vt -236.033 -80.2173 
vt -236.033 -80.2173 
vt -235.995 -80.2173 
vt -235.995 -80.1298 
vt -1.60002 -80.3048 
vt 1.60002 -80.3048 
vt -1.60002 -80.0548 
vt -235.996 -80.0548 
vt -235.995 -80.3048 
vt -235.87 -80.0548 
vt -235.87 -80.3048 
vt -1.60002 198.87 
vt 1.60002 -80.2173 
vt -235.808 -80.1298 
vt -235.87 -80.1298 
vt -235.745 -80.3048 
vt -1.60002 -80.3048 
vt -235.745 -80.3048 
vt -235.745 -80.0548 
vt 1.60002 -80.0548 
vt 1.60002 -80.3048 
vt 1.61252 -80.3048 
vt 1.60002 -80.1298 
vt -1.60002 -80.3048 
vt -236.033 -80.1298 
vt -236.108 -80.1298 
vt -236.108 -80.0548 
vt 1.60002 199.033 
vt 1.60002 199.108 
vt 1.60002 199.183 
vt -236.108 -80.1298 
vt -236.108 -80.0548 
vt -1.60002 -80.1298 
vt -1.61252 -80.0548 
vt 1.60002 -80.1298 
vt -235.996 -80.0548 
vt 1.61252 199.108 
vt 1.60002 198.996 
vt 1.61252 198.995 
vt 1.60002 199.108 
vt -236.183 -80.0548 
vt -1.60002 -80.0548 
vt 1.60002 199.183 
vt -1.60002 -80.0548 
vt -1.60002 -80.0423 
vt -236.108 -80.0423 
vt -235.996 -80.0423 
vt 1.60002 -80.0423 
vt -1.60002 199.108 
vt 1.60002 -80.1298 
vt -1.61252 199.183 
vt -1.71252 199.183 
vt -1.72502 199.183 
vt -1.60002 199.183 
vt 1.60002 -80.0423 
vt -235.996 -80.0423 
vt 1.60002 -80.1298 
vt 1.61252 198.995 
vt 1.60002 198.996 
vt 1.61252 198.87 
vt -1.60002 198.996 
vt -1.60002 -80.1298 
vt 1.72502 -80.0423 
vt 1.60002 -80.0423 
vt 1.60002 198.871 
vt 1.72502 198.871 
vt 1.72502 198.958 
vt 1.60002 198.733 
vt 1.60002 198.671 
vt 1.65002 198.733 
vt 1.61252 -80.0548 
vt 1.60002 -80.0548 
vt 1.60002 -80.1298 
vt -235.871 -80.0423 
vt -235.833 -80.0548 
vt -235.833 -80.0423 
vt -235.87 -80.0548 
vt -1.60002 -80.0423 
vt -1.60002 198.87 
vt -1.60002 198.996 
vt -1.72502 198.958 
vt -1.72502 -80.0423 
vt 1.72502 198.871 
vt 1.60002 198.871 
vt 1.60002 198.833 
vt 1.60002 198.87 
vt -1.60002 198.87 
vt 1.60002 -80.0423 
vt 1.60002 -80.0548 
vt 1.61252 -80.0548 
vt -1.60002 -80.0548 
vt -1.60002 -80.0423 
vt -1.61252 -80.0548 
vt -235.745 -80.0548 
vt 1.72502 -80.0423 
vt -1.72502 -80.0548 
vt -235.733 -80.0548 
vt -235.733 -80.0423 
vt 1.65002 198.671 
vt -1.60002 -80.1298 
vt -1.60002 198.808 
vt -1.60002 198.745 
vt -1.60002 198.87 
vt -235.745 -80.1298 
vt 1.61252 -80.1298 
vt 1.61252 -80.1298 
vt -235.733 -80.0548 
vt -235.671 -80.0548 
vt -235.733 -80.0423 
vt 1.65002 198.671 
vt 1.65002 198.733 
vt 1.61252 198.671 
vt 1.65002 -80.0548 
vt 1.72502 198.87 
vt 1.72502 198.958 
vt 1.72502 198.833 
vt 1.90002 198.833 
vt 1.90002 198.958 
vt 1.91252 198.833 
vt 1.91252 198.958 
vt 1.72502 -80.0548 
vt 1.72502 -80.0423 
vt -1.90002 -80.0548 
vt -1.72502 -80.0548 
vt -1.72502 -80.0423 
vt -1.72502 -80.0548 
vt -1.72502 -80.0423 
vt 1.61252 198.733 
vt 1.65002 -80.0548 
vt 1.90002 -80.0548 
vt 1.65002 -80.0423 
vt 1.60002 -80.0423 
vt 1.65002 -80.0423 
vt 1.65002 -80.0548 
vt 1.90002 -80.0548 
vt 1.65002 -80.0423 
vt 235.733 -80.0423 
vt 235.671 -80.0423 
vt 235.671 -80.0548 
vt 1.91252 -80.0423 
vt 1.65002 198.671 
vt 1.91252 198.671 
vt 1.91252 198.733 
vt -235.671 -80.0423 
vt -1.65002 198.733 
vt -1.65002 198.671 
vt -1.61252 198.671 
vt 235.733 -80.0548 
vt -1.61252 198.733 
vt 1.65002 198.733 
vt 1.91252 -80.0423 
vt 1.91252 -80.0548 
vt 1.72502 198.833 
vt -1.91252 -80.0423 
vt 1.91252 198.833 
vt 235.833 -80.0423 
vt 235.733 -80.0423 
vt 235.771 -80.0548 
vt -1.72502 -80.0548 
vt 1.72502 -80.0548 
vt -1.91252 198.833 
vt -1.72502 198.87 
vt -1.91252 198.958 
vt -1.72502 198.833 
vt 1.72502 -80.0548 
vt 1.72502 -80.0423 
vt 1.72502 -80.0548 
vt 1.91252 -80.0548 
vt 1.91252 -80.0423 
vt 1.72502 198.833 
vt 1.91252 198.833 
vt 1.91252 198.958 
vt -1.90002 -80.0548 
vt -1.91252 -80.0548 
vt 235.833 -80.0423 
vt 235.833 -80.0548 
vt 235.958 -80.0423 
vt 235.833 -80.0548 
vt 1.60002 198.996 
vt 1.72502 198.996 
vt 1.72502 198.958 
vt 1.91252 198.958 
vt 1.72502 198.996 
vt -235.958 -80.0548 
vt -235.958 -80.0423 
vt 235.958 -80.0423 
vt 235.958 -80.0548 
vt 235.996 -80.0423 
vt 1.60002 198.996 
vt 1.60002 199.108 
vt 1.72502 199.108 
vt -1.72502 198.996 
vt 235.996 -80.0548 
vt -235.996 -80.0423 
vt 1.72502 -80.0548 
vt 1.90002 -80.0548 
vt 1.91252 -80.0548 
vt 235.958 -80.0548 
vt 1.72502 199.183 
vt 1.72502 199.196 
vt 236.196 -80.0423 
vt 236.108 -80.0423 
vt 236.183 -80.0423 
vt 1.91252 -80.0423 
vt 1.72502 -80.0423 
vt 1.72502 -80.0548 
vt -1.91252 -80.0423 
vt -1.91252 -80.0548 
vt -1.65002 -80.0548 
vt -1.65002 -80.0423 
vt -1.90002 -80.0548 
vt 1.60002 198.733 
vt -1.91252 -80.0423 
vt -1.61252 199.183 
vt -1.90002 199.183 
vt -1.90002 199.096 
vt -1.90002 -80.3048 
vt -1.72502 -80.0548 
vt 235.671 -80.3048 
vt 236.096 -80.3048 
vt 235.958 -80.1798 
vt -1.90002 198.671 
vt 235.833 -80.0548 
vt 236.096 -80.1798 
vt 236.096 -80.0548 
vt 235.733 -80.0548 
vt -1.90002 198.733 
vt -1.90002 198.833 
vt -1.90002 198.771 
vt 235.671 -80.0548 
vt 235.958 -80.0548 
vt -1.90002 -80.3048 
vt 1.90002 -80.0548 
vt 1.90002 -80.3048 
vt 1.90002 -80.1798 
vt -235.671 -80.3048 
vt -235.671 -80.0548 
vt -235.733 -80.0548 
vt 1.90002 -80.3048 
vt 1.91252 -80.3048 
vt 1.91252 -80.0548 
vt -1.91252 198.77 
vt -1.91252 198.671 
vt -1.90002 198.671 
vt 235.671 -80.3048 
vt 235.77 -80.3048 
vt 235.733 -80.0548 
vt 235.671 -80.0548 
vt 235.671 -80.0423 
vt -1.90002 198.771 
vt -235.771 -80.3048 
vt -1.91252 -80.3048 
vt -1.90002 -80.3048 
vt -1.90002 -80.0548 
vt 1.91252 -80.3048 
vt 1.91252 -80.0548 
vt 1.90002 -80.3048 
vt 235.771 -80.0548 
vt 235.77 -80.3048 
vt -1.91252 198.77 
vt -1.90002 198.771 
vt -1.90002 198.958 
vt 235.958 -80.3048 
vt -235.958 -80.3048 
vt -235.771 -80.3048 
vt -235.958 -80.1798 
vt -1.91252 -80.2673 
vt -1.91252 -80.3048 
vt -1.90002 -80.3048 
vt -1.91252 198.958 
vt -1.90002 -80.1798 
vt 1.91252 -80.3048 
vt 1.90002 -80.3048 
vt 1.90002 -80.1798 
vt -236.096 -80.3048 
vt -1.90002 199.096 
vt -1.90002 199.183 
vt -1.91252 -80.3048 
vt -1.91252 -80.1798 
vt 236.096 -80.3048 
vt 236.096 -80.3048 
vt 236.183 -80.3048 
vt 236.096 -80.1798 
vt -1.91252 199.096 
vt -1.91252 199.096 
vt -1.91252 -80.1798 
vt 236.096 -80.1798 
vt 235.958 -80.1798 
vt 1.91252 -80.1798 
vt -236.096 -80.1798 
vt -1.90002 -80.1798 
vt -1.90002 -80.0548 
vt -1.91252 -80.1798 
vt -1.91252 -80.3048 
vt 236.183 -80.0548 
vt 236.096 -80.0548 
vt 1.91252 -80.1798 
vt 1.91252 -80.0548 
vt -235.771 -80.0548 
vt -235.771 -80.0548 
vt -235.833 -80.0548 
vt 1.90002 -80.0548 
vt -1.91252 -80.0548 
vt -1.91252 -80.0548 
vt -235.958 -80.0548 
vt -1.90002 198.958 
vt -1.90002 199.096 
vt -1.91252 198.958 
vt -1.91252 -80.0548 
vt 1.90002 198.958 
vt 1.91252 198.958 
vt 1.90002 199.096 
vt 235.958 -80.0423 
vt 235.958 -80.0548 
vt 236.183 -80.0423 
vt 235.958 -80.0548 
vt 1.91252 199.096 
vt -1.91252 -80.0548 
vt 236.183 -80.0548 
vt -1.91252 199.183 
vt -1.91252 199.096 
vt 235.958 -80.1798 
vt 1.90002 -80.3048 
vt 1.90002 -80.0548 
vt -1.61252 199.033 
vt 1.60002 -80.3048 
vt -235.995 -80.2173 
vt -235.871 -80.0423 
vt -235.745 -80.1298 
vt -235.87 -80.1298 
vt -1.90002 -80.0548 
vt 1.90752 -80.3048 
vt 1.91252 -80.1298 
vt 1.72502 -80.1298 
vt -1.60895 -80.3048 
vt -1.60322 -80.1298 
vt -1.90752 -80.3048 
vt -1.91252 -80.1298 
vt 1.60895 -80.3048 
vt 1.60322 -80.1298 
vt -1.90663 -80.0498 
vt -1.72502 -80.0519 
vt 1.60302 199.186 
vt 1.60002 199.108 
vt -1.72502 -80.0519 
vt -1.60322 -80.1298 
vt 1.91252 199.187 
vt 1.60322 199.185 
vt -1.60302 -80.0502 
vt -1.60895 -80.3048 
vt -1.72502 -80.1298 
vt -236.033 -80.2173 
vt -236.033 -80.1298 
vt -236.033 -80.3048 
vt -236.184 -80.3048 
vt -235.995 -80.3048 
vt -235.87 -80.3048 
vt -235.671 -80.3048 
vt -235.745 -80.3048 
vt -235.74 -80.0548 
vt -235.745 -80.1298 
vt 1.60989 199.108 
vt 1.60752 -80.1298 
vt 1.60989 -80.0548 
vt 1.60002 -80.0521 
vt -1.60989 199.108 
vt -1.60691 198.995 
vt -1.60002 199.108 
vt -235.995 -80.0548 
vt -235.995 -80.1298 
vt -235.995 -80.2173 
vt 1.60939 198.833 
vt 1.60537 198.87 
vt -235.87 -80.0548 
vt -235.87 -80.1298 
vt -235.671 -80.3048 
vt -235.74 -80.0548 
vt -235.671 -80.0523 
vt 1.61156 -80.0523 
vt 1.60911 -80.3048 
vt -236.185 -80.1298 
vt -236.184 -80.3048 
vt -236.033 -80.3048 
vt -236.033 -80.3048 
vt -235.995 -80.3048 
vt -236.033 -80.2173 
vt -236.033 -80.2173 
vt -235.995 -80.2173 
vt -235.995 -80.1298 
vt -235.745 -80.3048 
vt -236.033 -80.1298 
vt -236.108 -80.1298 
vt -236.108 -80.0548 
vt 1.60418 199.033 
vt 1.60752 199.108 
vt -236.185 -80.1298 
vt -236.108 -80.1298 
vt -236.108 -80.0548 
vt -235.995 -80.0548 
vt -1.60989 199.108 
vt -1.60002 199.108 
vt -1.60302 199.186 
vt -236.186 -80.0502 
vt 1.60537 -80.0548 
vt 1.72502 198.958 
vt 1.61156 198.671 
vt 1.65002 198.733 
vt 1.60482 198.74 
vt -235.833 -80.0548 
vt -235.833 -80.0458 
vt -235.87 -80.0548 
vt -1.60537 198.87 
vt -1.60691 198.995 
vt -1.72502 198.958 
vt -1.60537 -80.0548 
vt 1.60002 198.833 
vt -235.74 -80.0548 
vt -1.60482 198.74 
vt -1.60939 198.833 
vt 1.60002 -80.0458 
vt 1.60939 -80.0548 
vt 1.72502 -80.0438 
vt -1.60939 -80.0548 
vt -1.60002 -80.0458 
vt -1.72502 -80.0548 
vt -1.60523 198.745 
vt -1.60783 198.87 
vt -235.733 -80.0548 
vt -235.733 -80.0448 
vt 1.65002 198.733 
vt 1.60537 198.87 
vt 1.72502 198.958 
vt 1.60691 198.995 
vt 1.72502 198.833 
vt 1.90502 198.833 
vt 1.90466 198.958 
vt -235.958 -80.0548 
vt -235.958 -80.0506 
vt 1.72502 -80.0548 
vt 1.90466 -80.0548 
vt 1.72502 -80.0506 
vt -1.60989 -80.0548 
vt 1.60691 -80.0548 
vt 1.72502 -80.0434 
vt 1.60002 198.833 
vt 1.60939 198.833 
vt 1.60482 -80.0548 
vt 1.65002 -80.0548 
vt 1.65002 -80.0448 
vt 1.60482 198.74 
vt 1.90002 -80.0548 
vt 1.90716 -80.0542 
vt 235.733 -80.0448 
vt 1.90716 198.671 
vt 1.90493 198.733 
vt -1.65002 198.733 
vt -1.61156 198.671 
vt -1.60482 198.74 
vt 1.65002 198.733 
vt 1.90493 -80.0526 
vt 1.72502 198.833 
vt -1.90783 -80.0509 
vt 1.90783 198.833 
vt 235.833 -80.0509 
vt 235.733 -80.0526 
vt 235.771 -80.0548 
vt -1.90783 198.833 
vt -1.90466 198.958 
vt -1.72502 198.833 
vt 235.87 -80.0548 
vt 235.833 -80.0438 
vt 235.833 -80.0548 
vt 1.72502 -80.0548 
vt 1.72502 198.833 
vt 1.90783 198.833 
vt -1.90502 -80.0548 
vt 1.72502 198.996 
vt 1.72502 198.958 
vt 1.72502 198.996 
vt 1.60002 199.108 
vt 1.90663 199.184 
vt -1.72502 198.996 
vt -235.996 -80.0434 
vt 235.833 -80.0509 
vt 235.958 -80.0548 
vt 1.72502 199.188 
vt 1.72502 199.188 
vt -1.60002 -80.0521 
vt 1.90663 -80.0498 
vt 1.72502 -80.0519 
vt -1.65002 -80.0548 
vt -1.65002 -80.0448 
vt -1.90002 -80.0548 
vt -1.90493 -80.0526 
vt -1.60895 199.184 
vt -1.90752 199.185 
vt -1.90627 199.096 
vt -1.90752 -80.3048 
vt 235.671 -80.3048 
vt 236.096 -80.3048 
vt 235.958 -80.1798 
vt -1.90343 198.671 
vt -1.60911 198.671 
vt 236.096 -80.1798 
vt 236.096 -80.0548 
vt 235.733 -80.0526 
vt -1.90493 198.733 
vt -1.90783 198.833 
vt -1.91002 198.771 
vt 235.671 -80.0542 
vt 235.833 -80.0548 
vt 1.90418 -80.0548 
vt 1.90627 -80.3048 
vt 1.90725 -80.1798 
vt -235.671 -80.3048 
vt -235.671 -80.0542 
vt -235.733 -80.0526 
vt 235.671 -80.3048 
vt 235.771 -80.3048 
vt 235.671 -80.0542 
vt -235.771 -80.3048 
vt 235.771 -80.0548 
vt 235.771 -80.3048 
vt -1.90377 198.771 
vt -1.90627 198.958 
vt 235.958 -80.3048 
vt -235.958 -80.3048 
vt -235.771 -80.3048 
vt -235.958 -80.1798 
vt -1.90627 -80.3048 
vt -1.90488 -80.1798 
vt 1.90627 -80.3048 
vt 1.90488 -80.1798 
vt -236.096 -80.3048 
vt -1.90627 -80.3048 
vt -1.90725 -80.1798 
vt 236.096 -80.3048 
vt 236.185 -80.3048 
vt 236.096 -80.1798 
vt -236.096 -80.1798 
vt 236.184 -80.0498 
vt 236.096 -80.0548 
vt -235.771 -80.0548 
vt -235.771 -80.0548 
vt -235.833 -80.0509 
vt -235.833 -80.0548 
vt -235.958 -80.0548 
vt -1.90466 -80.0548 
vt 235.958 -80.0548 
vt 236.184 -80.0498 
vt 235.958 -80.0548 
vt -1.90663 199.184 
vt -1.90466 198.958 
vt -1.90418 199.096 
vt 235.958 -80.1798 
vt 1.90343 -80.3048 
vt 1.90716 -80.0542 
vt -235.995 -80.2173 
vt -236.108 -80.0521 
vt -235.745 -80.1298 
vt -235.87 -80.1298 
vt -1.90663 -80.0498 

usemtl EvilCow1Mtl

f 25/25/25 26/26/26 27/27/27 
f 26/26/26 25/25/25 28/28/28 
f 29/29/29 30/30/30 31/31/31 
f 30/30/30 29/29/29 32/32/32 
f 33/33/33 34/34/34 35/35/35 
f 36/36/36 37/37/37 38/38/38 
f 35/35/35 34/34/34 39/39/39 
f 40/40/40 26/26/26 28/28/28 
f 41/41/41 38/38/38 37/37/37 
f 42/42/42 40/40/40 43/43/43 
f 44/44/44 45/45/45 46/46/46 
f 47/47/47 48/48/48 49/49/49 
f 50/50/50 51/51/51 52/52/52 
f 53/53/53 54/54/54 55/55/55 
f 49/49/49 48/48/48 56/56/56 
f 27/27/27 57/57/57 25/25/25 
f 54/54/54 58/58/58 55/55/55 
f 51/51/51 59/59/59 52/52/52 
f 60/60/60 61/61/61 62/62/62 
f 63/63/63 64/64/64 65/65/65 
f 66/66/66 67/67/67 68/68/68 
f 69/69/69 70/70/70 71/71/71 
f 72/72/72 73/73/73 73/73/73 
f 74/74/74 75/75/75 76/76/76 
f 77/77/77 78/78/78 79/79/79 
f 78/78/78 80/80/80 79/79/79 
f 81/81/81 72/72/72 73/73/73 
f 82/82/82 82/82/82 83/83/83 
f 84/84/84 85/85/85 46/46/46 
f 80/80/80 55/55/55 79/79/79 
f 55/55/55 80/80/80 53/53/53 
f 69/69/69 71/71/71 86/86/86 
f 83/83/83 87/87/87 82/82/82 
f 87/87/87 83/83/83 88/88/88 
f 68/68/68 67/67/67 89/89/89 
f 46/46/46 45/45/45 84/84/84 
f 68/68/68 90/90/90 66/66/66 
f 46/46/46 91/91/91 44/44/44 
f 92/92/92 82/82/82 87/87/87 
f 93/93/93 94/94/94 95/95/95 
f 96/96/96 97/97/97 98/98/98 
f 28/28/28 99/99/99 40/40/40 
f 42/42/42 43/43/43 100/100/100 
f 101/101/101 102/102/102 103/103/103 
f 104/104/104 77/77/77 79/79/79 
f 105/105/105 106/106/106 107/107/107 
f 107/107/107 106/106/106 108/108/108 
f 109/109/109 107/107/107 110/110/110 
f 107/107/107 109/109/109 105/105/105 
f 76/76/76 111/111/111 112/112/112 
f 113/113/113 114/114/114 42/42/42 
f 115/115/115 116/116/116 117/117/117 
f 108/108/108 118/118/118 107/107/107 
f 107/107/107 118/118/118 119/119/119 
f 114/114/114 42/42/42 114/114/114 
f 30/30/30 120/120/120 31/31/31 
f 104/104/104 104/104/104 79/79/79 
f 34/34/34 34/34/34 39/39/39 
f 79/79/79 79/79/79 104/104/104 
f 113/113/113 42/42/42 100/100/100 
f 121/121/121 62/62/62 61/61/61 
f 122/122/122 123/123/123 124/124/124 
f 111/111/111 125/125/125 112/112/112 
f 122/122/122 124/124/124 126/126/126 
f 121/121/121 61/61/61 127/127/127 
f 112/112/112 74/74/74 76/76/76 
f 117/117/117 117/117/117 128/128/128 
f 117/117/117 117/117/117 115/115/115 
f 129/129/129 130/130/130 115/115/115 
f 130/130/130 129/129/129 131/131/131 
f 132/132/132 133/133/133 134/134/134 
f 135/135/135 136/136/136 137/137/137 
f 138/138/138 139/139/139 140/140/140 
f 139/139/139 138/138/138 141/141/141 
f 142/142/142 143/143/143 144/144/144 
f 140/140/140 136/136/136 145/145/145 
f 136/136/136 140/140/140 137/137/137 
f 140/140/140 145/145/145 146/146/146 
f 147/147/147 148/148/148 149/149/149 
f 150/150/150 138/138/138 140/140/140 
f 151/151/151 152/152/152 153/153/153 
f 145/145/145 136/136/136 154/154/154 
f 155/155/155 156/156/156 157/157/157 
f 146/146/146 150/150/150 140/140/140 
f 158/158/158 159/159/159 160/160/160 
f 161/161/161 162/162/162 163/163/163 
f 164/164/164 165/165/165 145/145/145 
f 166/166/166 167/167/167 168/168/168 
f 165/165/165 146/146/146 145/145/145 
f 169/169/169 170/170/170 171/171/171 
f 170/170/170 169/169/169 154/154/154 
f 172/172/172 173/173/173 174/174/174 
f 169/169/169 175/175/175 154/154/154 
f 171/171/171 170/170/170 176/176/176 
f 177/177/177 178/178/178 179/179/179 
f 171/171/171 180/180/180 181/181/181 
f 182/182/182 183/183/183 184/184/184 
f 185/185/185 186/186/186 187/187/187 
f 186/186/186 185/185/185 188/188/188 
f 189/189/189 190/190/190 191/191/191 
f 185/185/185 192/192/192 188/188/188 
f 193/193/193 194/194/194 195/195/195 
f 196/196/196 197/197/197 198/198/198 
f 199/199/199 200/200/200 201/201/201 
f 186/186/186 202/202/202 187/187/187 
f 203/203/203 204/204/204 205/205/205 
f 192/192/192 206/206/206 188/188/188 
f 206/206/206 192/192/192 207/207/207 
f 208/208/208 209/209/209 210/210/210 
f 211/211/211 212/212/212 213/213/213 
f 212/212/212 211/211/211 214/214/214 
f 215/215/215 216/216/216 217/217/217 
f 218/218/218 219/219/219 220/220/220 
f 207/207/207 137/137/137 206/206/206 
f 137/137/137 207/207/207 135/135/135 
f 221/221/221 222/222/222 223/223/223 
f 137/137/137 224/224/224 206/206/206 
f 225/225/225 211/211/211 226/226/226 
f 211/211/211 225/225/225 214/214/214 
f 227/227/227 228/228/228 229/229/229 
f 230/230/230 231/231/231 232/232/232 
f 233/233/233 225/225/225 234/234/234 
f 235/235/235 236/236/236 237/237/237 
f 238/238/238 239/239/239 240/240/240 
f 226/226/226 241/241/241 234/234/234 
f 242/242/242 243/243/243 244/244/244 
f 241/241/241 245/245/245 234/234/234 
f 246/246/246 247/247/247 248/248/248 
f 141/141/141 249/249/249 139/139/139 
f 250/250/250 251/251/251 252/252/252 
f 145/145/145 234/234/234 245/245/245 
f 253/253/253 254/254/254 255/255/255 
f 245/245/245 164/164/164 145/145/145 
f 256/256/256 257/257/257 258/258/258 
f 257/257/257 256/256/256 259/259/259 
f 259/259/259 256/256/256 260/260/260 
f 261/261/261 262/262/262 263/263/263 
f 259/259/259 264/264/264 257/257/257 
f 265/265/265 266/266/266 267/267/267 
f 268/268/268 257/257/257 264/264/264 
f 269/269/269 258/258/258 270/270/270 
f 258/258/258 269/269/269 256/256/256 
f 271/271/271 272/272/272 273/273/273 
f 274/274/274 265/265/265 267/267/267 
f 275/275/275 276/276/276 277/277/277 
f 278/278/278 259/259/259 260/260/260 
f 279/279/279 280/280/280 281/281/281 
f 272/272/272 282/282/282 283/283/283 
f 180/180/180 269/269/269 270/270/270 
f 284/284/284 274/274/274 285/285/285 
f 180/180/180 270/270/270 181/181/181 
f 286/286/286 287/287/287 288/288/288 
f 264/264/264 154/154/154 289/289/289 
f 289/289/289 175/175/175 290/290/290 
f 175/175/175 289/289/289 154/154/154 
f 291/291/291 292/292/292 293/293/293 
f 289/289/289 268/268/268 264/264/264 
f 294/294/294 295/295/295 296/296/296 
f 297/297/297 298/298/298 299/299/299 
f 300/300/300 301/301/301 302/302/302 
f 301/301/301 300/300/300 303/303/303 
f 304/304/304 305/305/305 306/306/306 
f 307/307/307 301/301/301 303/303/303 
f 308/308/308 309/309/309 310/310/310 
f 311/311/311 312/312/312 313/313/313 
f 312/312/312 311/311/311 314/314/314 
f 315/315/315 316/316/316 317/317/317 
f 318/318/318 315/315/315 317/317/317 
f 319/319/319 320/320/320 321/321/321 
f 184/184/184 183/183/183 183/183/183 
f 319/319/319 321/321/321 322/322/322 
f 323/323/323 223/223/223 222/222/222 
f 324/324/324 325/325/325 326/326/326 
f 327/327/327 328/328/328 329/329/329 
f 330/330/330 223/223/223 331/331/331 
f 223/223/223 330/330/330 221/221/221 
f 332/332/332 157/157/157 156/156/156 
f 333/333/333 334/334/334 335/335/335 
f 336/336/336 337/337/337 338/338/338 
f 339/339/339 340/340/340 144/144/144 
f 341/341/341 342/342/342 343/343/343 
f 340/340/340 344/344/344 144/144/144 
f 345/345/345 342/342/342 346/346/346 
f 342/342/342 345/345/345 343/343/343 
f 344/344/344 142/142/142 144/144/144 
f 148/148/148 347/347/347 149/149/149 
f 338/338/338 166/166/166 168/168/168 
f 252/252/252 348/348/348 349/349/349 
f 350/350/350 351/351/351 352/352/352 
f 352/352/352 351/351/351 353/353/353 
f 159/159/159 354/354/354 160/160/160 
f 338/338/338 168/168/168 336/336/336 
f 355/355/355 161/161/161 163/163/163 
f 356/356/356 253/253/253 255/255/255 
f 357/357/357 358/358/358 359/359/359 
f 358/358/358 357/357/357 360/360/360 
f 361/361/361 296/296/296 295/295/295 
f 174/174/174 362/362/362 172/172/172 
f 363/363/363 302/302/302 364/364/364 
f 302/302/302 363/363/363 300/300/300 
f 184/184/184 365/365/365 182/182/182 
f 288/288/288 287/287/287 366/366/366 
f 367/367/367 368/368/368 369/369/369 
f 178/178/178 370/370/370 179/179/179 
f 324/324/324 371/371/371 372/372/372 
f 371/371/371 324/324/324 326/326/326 
f 110/110/110 107/107/107 119/119/119 
f 373/373/373 374/374/374 375/375/375 
f 376/376/376 377/377/377 378/378/378 
f 379/379/379 377/377/377 380/380/380 
f 377/377/377 379/379/379 378/378/378 
f 331/331/331 381/381/381 330/330/330 
f 376/376/376 378/378/378 382/382/382 
f 217/217/217 383/383/383 384/384/384 
f 379/379/379 380/380/380 380/380/380 
f 380/380/380 379/379/379 379/379/379 
f 381/381/381 381/381/381 330/330/330 
f 217/217/217 217/217/217 384/384/384 
f 385/385/385 386/386/386 387/387/387 
f 388/388/388 389/389/389 379/379/379 
f 379/379/379 390/390/390 391/391/391 
f 390/390/390 379/379/379 389/389/389 
f 381/381/381 392/392/392 330/330/330 
f 393/393/393 394/394/394 395/395/395 
f 392/392/392 221/221/221 330/330/330 
f 396/396/396 391/391/391 390/390/390 
f 397/397/397 218/218/218 398/398/398 
f 399/399/399 388/388/388 380/380/380 
f 375/375/375 374/374/374 400/400/400 
f 401/401/401 402/402/402 403/403/403 
f 402/402/402 401/401/401 404/404/404 
f 62/62/62 405/405/405 60/60/60 
f 406/406/406 407/407/407 408/408/408 
f 191/191/191 191/191/191 409/409/409 
f 406/406/406 406/406/406 410/410/410 
f 406/406/406 410/410/410 210/210/210 
f 198/198/198 411/411/411 412/412/412 
f 413/413/413 60/60/60 405/405/405 
f 414/414/414 191/191/191 409/409/409 
f 415/415/415 398/398/398 220/220/220 
f 416/416/416 417/417/417 195/195/195 
f 418/418/418 395/395/395 394/394/394 
f 194/194/194 419/419/419 195/195/195 
f 210/210/210 410/410/410 406/406/406 
f 209/209/209 406/406/406 210/210/210 
f 420/420/420 201/201/201 200/200/200 
f 421/421/421 422/422/422 423/423/423 
f 423/423/423 422/422/422 424/424/424 
f 412/412/412 196/196/196 198/198/198 
f 190/190/190 409/409/409 191/191/191 
f 215/215/215 217/217/217 384/384/384 
f 380/380/380 425/425/425 399/399/399 
f 426/426/426 385/385/385 387/387/387 
f 208/208/208 210/210/210 427/427/427 
f 398/398/398 218/218/218 220/220/220 
f 129/129/129 128/128/128 428/428/428 
f 128/128/128 129/129/129 117/117/117 
f 427/427/427 210/210/210 408/408/408 
f 350/350/350 352/352/352 429/429/429 
f 430/430/430 431/431/431 153/153/153 
f 432/432/432 433/433/433 434/434/434 
f 435/435/435 436/436/436 437/437/437 
f 438/438/438 439/439/439 440/440/440 
f 441/441/441 240/240/240 442/442/442 
f 240/240/240 441/441/441 238/238/238 
f 374/374/374 443/443/443 400/400/400 
f 153/153/153 444/444/444 430/430/430 
f 400/400/400 443/443/443 445/445/445 
f 446/446/446 447/447/447 448/448/448 
f 442/442/442 449/449/449 441/441/441 
f 450/450/450 446/446/446 448/448/448 
f 451/451/451 440/440/440 452/452/452 
f 440/440/440 451/451/451 438/438/438 
f 453/453/453 454/454/454 455/455/455 
f 434/434/434 456/456/456 432/432/432 
f 250/250/250 349/349/349 457/457/457 
f 349/349/349 250/250/250 252/252/252 
f 458/458/458 459/459/459 460/460/460 
f 424/424/424 455/455/455 454/454/454 
f 455/455/455 424/424/424 461/461/461 
f 462/462/462 229/229/229 228/228/228 
f 232/232/232 463/463/463 230/230/230 
f 232/232/232 231/231/231 464/464/464 
f 341/341/341 343/343/343 465/465/465 
f 343/343/343 345/345/345 466/466/466 
f 243/243/243 467/467/467 244/244/244 
f 248/248/248 468/468/468 246/246/246 
f 469/469/469 448/448/448 470/470/470 
f 471/471/471 472/472/472 473/473/473 
f 474/474/474 475/475/475 476/476/476 
f 477/477/477 478/478/478 479/479/479 
f 302/302/302 480/480/480 364/364/364 
f 481/481/481 482/482/482 483/483/483 
f 274/274/274 267/267/267 285/285/285 
f 484/484/484 485/485/485 486/486/486 
f 179/179/179 487/487/487 488/488/488 
f 487/487/487 179/179/179 370/370/370 
f 459/459/459 489/489/489 490/490/490 
f 491/491/491 492/492/492 366/366/366 
f 489/489/489 493/493/493 490/490/490 
f 494/494/494 495/495/495 496/496/496 
f 495/495/495 494/494/494 497/497/497 
f 498/498/498 499/499/499 500/500/500 
f 494/494/494 501/501/501 497/497/497 
f 432/432/432 456/456/456 502/502/502 
f 499/499/499 503/503/503 500/500/500 
f 504/504/504 505/505/505 506/506/506 
f 490/490/490 460/460/460 459/459/459 
f 507/507/507 366/366/366 287/287/287 
f 366/366/366 507/507/507 491/491/491 
f 497/497/497 508/508/508 495/495/495 
f 509/509/509 261/261/261 263/263/263 
f 510/510/510 277/277/277 276/276/276 
f 511/511/511 512/512/512 513/513/513 
f 514/514/514 515/515/515 516/516/516 
f 283/283/283 273/273/273 272/272/272 
f 515/515/515 517/517/517 516/516/516 
f 518/518/518 511/511/511 513/513/513 
f 510/510/510 276/276/276 519/519/519 
f 513/513/513 512/512/512 520/520/520 
f 521/521/521 477/477/477 522/522/522 
f 523/523/523 524/524/524 525/525/525 
f 516/516/516 526/526/526 527/527/527 
f 525/525/525 528/528/528 523/523/523 
f 483/483/483 482/482/482 529/529/529 
f 530/530/530 522/522/522 531/531/531 
f 522/522/522 530/530/530 521/521/521 
f 532/532/532 297/297/297 299/299/299 
f 292/292/292 533/533/533 293/293/293 
f 532/532/532 299/299/299 534/534/534 
f 535/535/535 534/534/534 535/535/535 
f 534/534/534 535/535/535 532/532/532 
f 536/536/536 358/358/358 360/360/360 
f 537/537/537 537/537/537 485/485/485 
f 360/360/360 538/538/538 536/536/536 
f 369/369/369 368/368/368 539/539/539 
f 540/540/540 536/536/536 538/538/538 
f 537/537/537 486/486/486 485/485/485 
f 541/541/541 542/542/542 543/543/543 
f 486/486/486 544/544/544 484/484/484 
f 543/543/543 545/545/545 541/541/541 
f 546/546/546 547/547/547 548/548/548 
f 549/549/549 550/550/550 551/551/551 
f 551/551/551 550/550/550 552/552/552 
f 553/553/553 554/554/554 555/555/555 
f 556/556/556 557/557/557 500/500/500 
f 558/558/558 559/559/559 560/560/560 
f 558/558/558 560/560/560 237/237/237 
f 561/561/561 562/562/562 563/563/563 
f 559/559/559 564/564/564 565/565/565 
f 565/565/565 564/564/564 566/566/566 
f 559/559/559 565/565/565 567/567/567 
f 559/559/559 567/567/567 568/568/568 
f 237/237/237 560/560/560 569/569/569 
f 570/570/570 571/571/571 572/572/572 
f 560/560/560 569/569/569 569/569/569 
f 573/573/573 573/573/573 574/574/574 
f 560/560/560 559/559/559 568/568/568 
f 575/575/575 576/576/576 577/577/577 
f 578/578/578 579/579/579 580/580/580 
f 581/581/581 582/582/582 583/583/583 
f 584/584/584 585/585/585 586/586/586 
f 587/587/587 588/588/588 589/589/589 
f 582/582/582 590/590/590 583/583/583 
f 591/591/591 592/592/592 593/593/593 
f 594/594/594 595/595/595 596/596/596 
f 205/205/205 597/597/597 203/203/203 
f 197/197/197 598/598/598 599/599/599 
f 600/600/600 601/601/601 602/602/602 
f 601/601/601 600/600/600 603/603/603 
f 604/604/604 605/605/605 606/606/606 
f 607/607/607 199/199/199 608/608/608 
f 237/237/237 569/569/569 235/235/235 
f 231/231/231 573/573/573 464/464/464 
f 609/609/609 610/610/610 611/611/611 
f 520/520/520 612/612/612 513/513/513 
f 281/281/281 613/613/613 279/279/279 
f 279/279/279 613/613/613 566/566/566 
f 276/276/276 614/614/614 615/615/615 
f 552/552/552 550/550/550 616/616/616 
f 617/617/617 618/618/618 619/619/619 
f 552/552/552 620/620/620 551/551/551 
f 621/621/621 622/622/622 623/623/623 
f 618/618/618 624/624/624 625/625/625 
f 626/626/626 552/552/552 616/616/616 
f 305/305/305 627/627/627 628/628/628 
f 629/629/629 308/308/308 310/310/310 
f 630/630/630 631/631/631 632/632/632 
f 633/633/633 634/634/634 547/547/547 
f 635/635/635 628/628/628 627/627/627 
f 636/636/636 637/637/637 638/638/638 
f 637/637/637 639/639/639 638/638/638 
f 639/639/639 637/637/637 640/640/640 
f 641/641/641 630/630/630 632/632/632 
f 642/642/642 643/643/643 644/644/644 
f 645/645/645 646/646/646 647/647/647 
f 646/646/646 645/645/645 621/621/621 
f 627/627/627 648/648/648 649/649/649 
f 547/547/547 634/634/634 548/548/548 
f 649/649/649 635/635/635 627/627/627 
f 650/650/650 651/651/651 652/652/652 
f 640/640/640 653/653/653 639/639/639 
f 650/650/650 652/652/652 654/654/654 
f 642/642/642 644/644/644 655/655/655 
f 624/624/624 656/656/656 625/625/625 
f 656/656/656 624/624/624 657/657/657 
f 657/657/657 624/624/624 658/658/658 
f 659/659/659 660/660/660 661/661/661 
f 662/662/662 504/504/504 506/506/506 
f 512/512/512 663/663/663 520/520/520 
f 664/664/664 665/665/665 666/666/666 
f 667/667/667 668/668/668 669/669/669 
f 670/670/670 664/664/664 666/666/666 
f 671/671/671 662/662/662 506/506/506 
f 662/662/662 671/671/671 672/672/672 
f 673/673/673 674/674/674 675/675/675 
f 676/676/676 677/677/677 678/678/678 
f 659/659/659 679/679/679 680/680/680 
f 679/679/679 659/659/659 661/661/661 
f 556/556/556 681/681/681 682/682/682 
f 681/681/681 556/556/556 500/500/500 
f 503/503/503 681/681/681 500/500/500 
f 683/683/683 659/659/659 680/680/680 
f 684/684/684 685/685/685 686/686/686 
f 687/687/687 471/471/471 473/473/473 
f 686/686/686 685/685/685 688/688/688 
f 689/689/689 684/684/684 686/686/686 
f 563/563/563 675/675/675 561/561/561 
f 615/615/615 519/519/519 276/276/276 
f 674/674/674 561/561/561 675/675/675 
f 677/677/677 690/690/690 691/691/691 
f 520/520/520 663/663/663 692/692/692 
f 693/693/693 678/678/678 691/691/691 
f 694/694/694 695/695/695 475/475/475 
f 475/475/475 695/695/695 696/696/696 
f 697/697/697 698/698/698 699/699/699 
f 698/698/698 697/697/697 692/692/692 
f 698/698/698 692/692/692 663/663/663 
f 688/688/688 685/685/685 700/700/700 
f 691/691/691 678/678/678 677/677/677 
f 663/663/663 701/701/701 698/698/698 
f 701/701/701 663/663/663 702/702/702 
f 703/703/703 704/704/704 705/705/705 
f 667/667/667 669/669/669 706/706/706 
f 476/476/476 707/707/707 474/474/474 
f 707/707/707 476/476/476 708/708/708 
f 476/476/476 475/475/475 696/696/696 
f 709/709/709 710/710/710 711/711/711 
f 710/710/710 709/709/709 712/712/712 
f 713/713/713 714/714/714 715/715/715 
f 572/572/572 716/716/716 570/570/570 
f 502/502/502 717/717/717 700/700/700 
f 712/712/712 718/718/718 710/710/710 
f 719/719/719 720/720/720 721/721/721 
f 722/722/722 723/723/723 719/719/719 
f 452/452/452 724/724/724 451/451/451 
f 725/725/725 726/726/726 727/727/727 
f 726/726/726 728/728/728 727/727/727 
f 728/728/728 726/726/726 715/715/715 
f 715/715/715 726/726/726 729/729/729 
f 728/728/728 714/714/714 730/730/730 
f 714/714/714 728/728/728 715/715/715 
f 719/719/719 721/721/721 722/722/722 
f 731/731/731 502/502/502 456/456/456 
f 720/720/720 732/732/732 721/721/721 
f 574/574/574 464/464/464 573/573/573 
f 716/716/716 733/733/733 570/570/570 
f 573/573/573 734/734/734 574/574/574 
f 572/572/572 571/571/571 735/735/735 
f 502/502/502 736/736/736 432/432/432 
f 736/736/736 502/502/502 685/685/685 
f 685/685/685 502/502/502 700/700/700 
f 577/577/577 576/576/576 589/589/589 
f 704/704/704 737/737/737 705/705/705 
f 587/587/587 576/576/576 738/738/738 
f 576/576/576 587/587/587 589/589/589 
f 739/739/739 703/703/703 705/705/705 
f 710/710/710 740/740/740 711/711/711 
f 714/714/714 741/741/741 730/730/730 
f 705/705/705 742/742/742 739/739/739 
f 743/743/743 589/589/589 588/588/588 
f 744/744/744 743/743/743 745/745/745 
f 741/741/741 746/746/746 730/730/730 
f 747/747/747 748/748/748 749/749/749 
f 750/750/750 751/751/751 730/730/730 
f 728/728/728 730/730/730 751/751/751 
f 599/599/599 752/752/752 753/753/753 
f 751/751/751 754/754/754 728/728/728 
f 63/63/63 65/65/65 755/755/755 
f 753/753/753 198/198/198 197/197/197 
f 67/67/67 749/749/749 748/748/748 
f 67/67/67 748/748/748 89/89/89 
f 94/94/94 756/756/756 95/95/95 
f 89/89/89 748/748/748 757/757/757 
f 758/758/758 89/89/89 757/757/757 
f 759/759/759 760/760/760 761/761/761 
f 762/762/762 758/758/758 762/762/762 
f 595/595/595 763/763/763 596/596/596 
f 758/758/758 758/758/758 762/762/762 
f 758/758/758 758/758/758 757/757/757 
f 608/608/608 199/199/199 201/201/201 
f 197/197/197 599/599/599 753/753/753 
f 764/764/764 759/759/759 761/761/761 
f 606/606/606 765/765/765 604/604/604 
f 766/766/766 764/764/764 761/761/761 
f 56/56/56 767/767/767 49/49/49 
f 604/604/604 765/765/765 768/768/768 
f 349/349/349 769/769/769 457/457/457 
f 770/770/770 458/458/458 460/460/460 
f 610/610/610 771/771/771 611/611/611 
f 772/772/772 773/773/773 774/774/774 
f 775/775/775 666/666/666 665/665/665 
f 666/666/666 776/776/776 670/670/670 
f 773/773/773 777/777/777 774/774/774 
f 778/778/778 617/617/617 619/619/619 
f 623/623/623 646/646/646 621/621/621 
f 625/625/625 619/619/619 618/618/618 
f 779/779/779 780/780/780 781/781/781 
f 782/782/782 132/132/132 134/134/134 
f 782/782/782 134/134/134 783/783/783 
f 784/784/784 782/782/782 783/783/783 
f 782/782/782 784/784/784 785/785/785 
f 786/786/786 787/787/787 788/788/788 
f 789/789/789 790/790/790 790/790/790 
f 786/786/786 788/788/788 786/786/786 
f 791/791/791 428/428/428 792/792/792 
f 793/793/793 794/794/794 795/795/795 
f 103/103/103 102/102/102 796/796/796 
f 101/101/101 103/103/103 797/797/797 
f 790/790/790 789/789/789 789/789/789 
f 761/761/761 793/793/793 766/766/766 
f 795/795/795 794/794/794 798/798/798 
f 799/799/799 96/96/96 98/98/98 
f 800/800/800 792/792/792 128/128/128 
f 792/792/792 428/428/428 128/128/128 
f 798/798/798 801/801/801 795/795/795 
f 49/49/49 767/767/767 802/802/802 
f 795/795/795 766/766/766 793/793/793 
f 780/780/780 780/780/780 781/781/781 
f 803/803/803 803/803/803 804/804/804 
f 805/805/805 806/806/806 807/807/807 
f 781/781/781 808/808/808 809/809/809 
f 805/805/805 807/807/807 810/810/810 
f 806/806/806 811/811/811 807/807/807 
f 811/811/811 806/806/806 812/812/812 
f 811/811/811 812/812/812 813/813/813 
f 814/814/814 815/815/815 816/816/816 
f 805/805/805 810/810/810 817/817/817 
f 818/818/818 819/819/819 820/820/820 
f 821/821/821 817/817/817 822/822/822 
f 817/817/817 821/821/821 823/823/823 
f 817/817/817 823/823/823 805/805/805 
f 824/824/824 774/774/774 825/825/825 
f 826/826/826 697/697/697 699/699/699 
f 579/579/579 810/810/810 580/580/580 
f 580/580/580 810/810/810 807/807/807 
f 827/827/827 828/828/828 829/829/829 
f 812/812/812 830/830/830 580/580/580 
f 580/580/580 830/830/830 578/578/578 
f 812/812/812 580/580/580 813/813/813 
f 576/576/576 831/831/831 738/738/738 
f 832/832/832 833/833/833 834/834/834 
f 835/835/835 604/604/604 768/768/768 
f 836/836/836 837/837/837 804/804/804 
f 838/838/838 839/839/839 840/840/840 
f 803/803/803 837/837/837 841/841/841 
f 837/837/837 803/803/803 804/804/804 
f 842/842/842 843/843/843 844/844/844 
f 845/845/845 846/846/846 847/847/847 
f 848/848/848 849/849/849 850/850/850 
f 632/632/632 851/851/851 852/852/852 
f 853/853/853 854/854/854 855/855/855 
f 854/854/854 853/853/853 853/853/853 
f 853/853/853 853/853/853 856/856/856 
f 641/641/641 632/632/632 857/857/857 
f 858/858/858 859/859/859 860/860/860 
f 861/861/861 862/862/862 863/863/863 
f 852/852/852 864/864/864 632/632/632 
f 865/865/865 861/861/861 866/866/866 
f 867/867/867 868/868/868 869/869/869 
f 870/870/870 641/641/641 857/857/857 
f 871/871/871 872/872/872 856/856/856 
f 856/856/856 872/872/872 853/853/853 
f 858/858/858 860/860/860 873/873/873 
f 874/874/874 848/848/848 875/875/875 
f 876/876/876 877/877/877 878/878/878 
f 879/879/879 880/880/880 881/881/881 
f 882/882/882 883/883/883 884/884/884 
f 885/885/885 886/886/886 887/887/887 
f 882/882/882 884/884/884 888/888/888 
f 885/885/885 887/887/887 889/889/889 
f 884/884/884 890/890/890 585/585/585 
f 890/890/890 884/884/884 891/891/891 
f 892/892/892 893/893/893 894/894/894 
f 894/894/894 893/893/893 895/895/895 
f 896/896/896 897/897/897 898/898/898 
f 889/889/889 899/899/899 885/885/885 
f 896/896/896 898/898/898 900/900/900 
f 901/901/901 902/902/902 903/903/903 
f 904/904/904 905/905/905 906/906/906 
f 907/907/907 908/908/908 909/909/909 
f 904/904/904 906/906/906 910/910/910 
f 907/907/907 909/909/909 911/911/911 
f 903/903/903 902/902/902 912/912/912 
f 913/913/913 914/914/914 915/915/915 
f 916/916/916 917/917/917 918/918/918 
f 919/919/919 846/846/846 920/920/920 
f 846/846/846 919/919/919 847/847/847 
f 921/921/921 922/922/922 923/923/923 
f 922/922/922 921/921/921 924/924/924 
f 925/925/925 910/910/910 906/906/906 
f 926/926/926 927/927/927 928/928/928 
f 927/927/927 926/926/926 929/929/929 
f 930/930/930 907/907/907 931/931/931 
f 907/907/907 911/911/911 932/932/932 
f 926/926/926 933/933/933 929/929/929 
f 932/932/932 931/931/931 907/907/907 
f 934/934/934 920/920/920 846/846/846 
f 918/918/918 935/935/935 916/916/916 
f 936/936/936 937/937/937 814/814/814 
f 936/936/936 816/816/816 938/938/938 
f 816/816/816 936/936/936 814/814/814 
f 896/896/896 900/900/900 939/939/939 
f 940/940/940 941/941/941 942/942/942 
f 939/939/939 943/943/943 944/944/944 
f 945/945/945 946/946/946 902/902/902 
f 947/947/947 948/948/948 949/949/949 
f 950/950/950 951/951/951 904/904/904 
f 904/904/904 910/910/910 950/950/950 
f 952/952/952 942/942/942 941/941/941 
f 946/946/946 953/953/953 902/902/902 
f 902/902/902 953/953/953 912/912/912 
f 816/816/816 954/954/954 938/938/938 
f 913/913/913 915/915/915 955/955/955 
f 956/956/956 957/957/957 958/958/958 
f 955/955/955 959/959/959 913/913/913 
f 960/960/960 961/961/961 962/962/962 
f 959/959/959 963/963/963 913/913/913 
f 964/964/964 816/816/816 815/815/815 
f 956/956/956 965/965/965 966/966/966 
f 965/965/965 956/956/956 958/958/958 
f 967/967/967 928/928/928 968/968/968 
f 969/969/969 970/970/970 962/962/962 
f 962/962/962 970/970/970 960/960/960 
f 949/949/949 962/962/962 947/947/947 
f 962/962/962 949/949/949 969/969/969 
f 971/971/971 950/950/950 910/910/910 
f 949/949/949 972/972/972 969/969/969 
f 923/923/923 973/973/973 921/921/921 
f 842/842/842 844/844/844 974/974/974 
f 975/975/975 928/928/928 927/927/927 
f 928/928/928 975/975/975 968/968/968 
f 847/847/847 976/976/976 977/977/977 
f 875/875/875 848/848/848 978/978/978 
f 979/979/979 980/980/980 818/818/818 
f 875/875/875 981/981/981 874/874/874 
f 982/982/982 658/658/658 983/983/983 
f 984/984/984 875/875/875 978/978/978 
f 985/985/985 825/825/825 774/774/774 
f 850/850/850 978/978/978 848/848/848 
f 986/986/986 987/987/987 988/988/988 
f 989/989/989 853/853/853 855/855/855 
f 893/893/893 990/990/990 991/991/991 
f 992/992/992 881/881/881 880/880/880 
f 820/820/820 819/819/819 993/993/993 
f 624/624/624 983/983/983 658/658/658 
f 817/817/817 994/994/994 822/822/822 
f 979/979/979 820/820/820 995/995/995 
f 820/820/820 979/979/979 818/818/818 
f 996/996/996 669/669/669 668/668/668 
f 997/997/997 988/988/988 998/998/998 
f 999/999/999 863/863/863 862/862/862 
f 1000/1000/1000 998/998/998 988/988/988 
f 1001/1001/1001 1002/1002/1002 876/876/876 
f 777/777/777 1003/1003/1003 774/774/774 
f 1003/1003/1003 777/777/777 1004/1004/1004 
f 987/987/987 1000/1000/1000 988/988/988 
f 1003/1003/1003 985/985/985 774/774/774 
f 1005/1005/1005 876/876/876 878/878/878 
f 876/876/876 1005/1005/1005 1001/1001/1001 
f 1006/1006/1006 979/979/979 995/995/995 
f 669/669/669 1007/1007/1007 706/706/706 
f 1008/1008/1008 1003/1003/1003 1004/1004/1004 
f 863/863/863 866/866/866 861/861/861 
f 856/856/856 1009/1009/1009 1010/1010/1010 
f 869/869/869 1011/1011/1011 867/867/867 
f 1010/1010/1010 871/871/871 856/856/856 
f 893/893/893 991/991/991 591/591/591 
f 591/591/591 593/593/593 895/895/895 
f 591/591/591 895/895/895 893/893/893 
f 585/585/585 888/888/888 884/884/884 
f 586/586/586 890/890/890 1012/1012/1012 
f 890/890/890 586/586/586 585/585/585 
f 995/995/995 1013/1013/1013 1014/1014/1014 
f 1015/1015/1015 702/702/702 663/663/663 
f 1016/1016/1016 1017/1017/1017 593/593/593 
f 1017/1017/1017 1016/1016/1016 1018/1018/1018 
f 829/829/829 1019/1019/1019 827/827/827 
f 592/592/592 1016/1016/1016 593/593/593 
f 834/834/834 1020/1020/1020 832/832/832 
f 840/840/840 839/839/839 1021/1021/1021 
f 829/829/829 828/828/828 1022/1022/1022 
f 1023/1023/1023 829/829/829 1022/1022/1022 
f 1024/1024/1024 944/944/944 1025/1025/1025 
f 944/944/944 943/943/943 1025/1025/1025 
f 944/944/944 896/896/896 939/939/939 
f 840/840/840 1026/1026/1026 838/838/838 
f 1027/1027/1027 1028/1028/1028 1029/1029/1029 
f 1028/1028/1028 1027/1027/1027 1030/1030/1030 
f 1031/1031/1031 1023/1023/1023 1022/1022/1022 
f 588/588/588 1032/1032/1032 745/745/745 
f 1031/1031/1031 1022/1022/1022 1033/1033/1033 
f 1034/1034/1034 940/940/940 1035/1035/1035 
f 1026/1026/1026 1036/1036/1036 838/838/838 
f 965/965/965 1037/1037/1037 966/966/966 
f 1038/1038/1038 1039/1039/1039 1040/1040/1040 
f 1041/1041/1041 1029/1029/1029 1028/1028/1028 
f 1040/1040/1040 1042/1042/1042 1038/1038/1038 
f 1038/1038/1038 1042/1042/1042 1043/1043/1043 
f 1042/1042/1042 1022/1022/1022 1043/1043/1043 
f 1022/1022/1022 828/828/828 1043/1043/1043 
f 977/977/977 845/845/845 847/847/847 
f 942/942/942 1035/1035/1035 940/940/940 
f 779/779/779 781/781/781 809/809/809 
f 136/136/136 170/170/170 154/154/154 
f 1044/1044/1044 1045/1045/1045 1046/1046/1046 
f 1047/1047/1047 1046/1046/1046 553/553/553 
f 1046/1046/1046 1047/1047/1047 1044/1044/1044 
f 1047/1047/1047 555/555/555 555/555/555 
f 555/555/555 1047/1047/1047 553/553/553 
f 547/547/547 1048/1048/1048 633/633/633 
f 1049/1049/1049 621/621/621 1050/1050/1050 
f 1051/1051/1051 854/854/854 1052/1052/1052 
f 854/854/854 853/853/853 1052/1052/1052 
f 1050/1050/1050 621/621/621 645/645/645 
f 183/183/183 1053/1053/1053 184/184/184 
f 40/40/40 99/99/99 43/43/43 
f 61/61/61 1054/1054/1054 127/127/127 
f 115/115/115 117/117/117 129/129/129 
f 328/328/328 1055/1055/1055 329/329/329 
f 431/431/431 151/151/151 153/153/153 
f 169/169/169 171/171/171 181/181/181 
f 225/225/225 226/226/226 234/234/234 
f 470/470/470 448/448/448 447/447/447 
f 181/181/181 270/270/270 1056/1056/1056 
f 306/306/306 305/305/305 628/628/628 
f 479/479/479 522/522/522 477/477/477 
f 522/522/522 1057/1057/1057 531/531/531 
f 334/334/334 1058/1058/1058 335/335/335 
f 379/379/379 380/380/380 388/388/388 
f 408/408/408 210/210/210 406/406/406 
f 416/416/416 195/195/195 419/419/419 
f 423/423/423 424/424/424 454/454/454 
f 437/437/437 436/436/436 1059/1059/1059 
f 1060/1060/1060 343/343/343 466/466/466 
f 1061/1061/1061 1062/1062/1062 1063/1063/1063 
f 1063/1063/1063 1062/1062/1062 1064/1064/1064 
f 514/514/514 516/516/516 527/527/527 
f 565/565/565 566/566/566 613/613/613 
f 745/745/745 743/743/743 588/588/588 
f 782/782/782 785/785/785 1065/1065/1065 
f 1014/1014/1014 1006/1006/1006 995/995/995 

g Backleftleg1

v 342.75 0.2 164.47 
v 342.75 0.2 165.47 
v 342.75 3.72529e-07 164.47 
v 342.75 3.72529e-07 165.47 
v 341.75 0.2 165.47 
v 342.75 0.2 165.47 
v 341.75 0.2 164.47 
v 342.75 0.2 164.47 
v 342.75 0.2 165.47 
v 341.75 0.2 165.47 
v 342.75 3.72529e-07 165.47 
v 341.75 3.72529e-07 165.47 
v 341.75 0.2 165.47 
v 341.75 0.2 164.47 
v 341.75 3.72529e-07 165.47 
v 341.75 3.72529e-07 164.47 
v 341.75 3.72529e-07 164.47 
v 342.75 3.72529e-07 164.47 
v 341.75 3.72529e-07 165.47 
v 342.75 3.72529e-07 165.47 
v 341.75 0.2 164.47 
v 342.75 0.2 164.47 
v 341.75 3.72529e-07 164.47 
v 342.75 3.72529e-07 164.47 

vn 1 0 0 
vn 1 0 0 
vn 1 0 0 
vn 1 0 0 
vn 0 1 0 
vn 0 1 0 
vn 0 1 0 
vn 0 1 0 
vn 0 0 1 
vn 0 0 1 
vn 0 0 1 
vn 0 0 1 
vn -1 0 0 
vn -1 0 0 
vn -1 0 0 
vn -1 0 0 
vn 0 -1 0 
vn 0 -1 0 
vn 0 -1 0 
vn 0 -1 0 
vn 0 0 -1 
vn 0 0 -1 
vn 0 0 -1 
vn 0 0 -1 

vt 1.375 -6.5 
vt 1.25 -6.5 
vt 1.375 -6.525 
vt 1.25 -6.525 
vt 1.375 -6.5 
vt 1.25 -6.5 
vt 1.375 -6.625 
vt 1.25 -6.625 
vt 1.375 -6.5 
vt 1.25 -6.5 
vt 1.375 -6.525 
vt 1.25 -6.525 
vt 1.375 -6.5 
vt 1.25 -6.5 
vt 1.375 -6.525 
vt 1.25 -6.525 
vt 1.375 -6.5 
vt 1.25 -6.5 
vt 1.375 -6.625 
vt 1.25 -6.625 
vt 1.375 -6.5 
vt 1.25 -6.5 
vt 1.375 -6.525 
vt 1.25 -6.525 

usemtl Backleftleg1Mtl

f 1787/1787/1787 1788/1788/1788 1789/1789/1789 
f 1789/1789/1789 1788/1788/1788 1790/1790/1790 
f 1791/1791/1791 1792/1792/1792 1793/1793/1793 
f 1793/1793/1793 1792/1792/1792 1794/1794/1794 
f 1795/1795/1795 1796/1796/1796 1797/1797/1797 
f 1797/1797/1797 1796/1796/1796 1798/1798/1798 
f 1799/1799/1799 1800/1800/1800 1801/1801/1801 
f 1801/1801/1801 1800/1800/1800 1802/1802/1802 
f 1803/1803/1803 1804/1804/1804 1805/1805/1805 
f 1805/1805/1805 1804/1804/1804 1806/1806/1806 
f 1807/1807/1807 1808/1808/1808 1809/1809/1809 
f 1809/1809/1809 1808/1808/1808 1810/1810/1810 

g Frontlefthoof1

v 342.75 0.2 161.47 
v 342.75 0.2 162.47 
v 342.75 3.72529e-07 161.47 
v 342.75 3.72529e-07 162.47 
v 341.75 0.2 162.47 
v 342.75 0.2 162.47 
v 341.75 0.2 161.47 
v 342.75 0.2 161.47 
v 342.75 0.2 162.47 
v 341.75 0.2 162.47 
v 342.75 3.72529e-07 162.47 
v 341.75 3.72529e-07 162.47 
v 341.75 0.2 162.47 
v 341.75 0.2 161.47 
v 341.75 3.72529e-07 162.47 
v 341.75 3.72529e-07 161.47 
v 341.75 3.72529e-07 161.47 
v 342.75 3.72529e-07 161.47 
v 341.75 3.72529e-07 162.47 
v 342.75 3.72529e-07 162.47 
v 341.75 0.2 161.47 
v 342.75 0.2 161.47 
v 341.75 3.72529e-07 161.47 
v 342.75 3.72529e-07 161.47 

vn 1 0 0 
vn 1 0 0 
vn 1 0 0 
vn 1 0 0 
vn 0 1 0 
vn 0 1 0 
vn 0 1 0 
vn 0 1 0 
vn 0 0 1 
vn 0 0 1 
vn 0 0 1 
vn 0 0 1 
vn -1 0 0 
vn -1 0 0 
vn -1 0 0 
vn -1 0 0 
vn 0 -1 0 
vn 0 -1 0 
vn 0 -1 0 
vn 0 -1 0 
vn 0 0 -1 
vn 0 0 -1 
vn 0 0 -1 
vn 0 0 -1 

vt 7.125 -5 
vt 7 -5 
vt 7.125 -5.025 
vt 7 -5.025 
vt 7.125 -5 
vt 7 -5 
vt 7.125 -5.125 
vt 7 -5.125 
vt 7.125 -5 
vt 7 -5 
vt 7.125 -5.025 
vt 7 -5.025 
vt 7.125 -5 
vt 7 -5 
vt 7.125 -5.025 
vt 7 -5.025 
vt 7.125 -5 
vt 7 -5 
vt 7.125 -5.125 
vt 7 -5.125 
vt 7.125 -5 
vt 7 -5 
vt 7.125 -5.025 
vt 7 -5.025 

usemtl Backleftleg1Mtl

f 1811/1811/1811 1812/1812/1812 1813/1813/1813 
f 1813/1813/1813 1812/1812/1812 1814/1814/1814 
f 1815/1815/1815 1816/1816/1816 1817/1817/1817 
f 1817/1817/1817 1816/1816/1816 1818/1818/1818 
f 1819/1819/1819 1820/1820/1820 1821/1821/1821 
f 1821/1821/1821 1820/1820/1820 1822/1822/1822 
f 1823/1823/1823 1824/1824/1824 1825/1825/1825 
f 1825/1825/1825 1824/1824/1824 1826/1826/1826 
f 1827/1827/1827 1828/1828/1828 1829/1829/1829 
f 1829/1829/1829 1828/1828/1828 1830/1830/1830 
f 1831/1831/1831 1832/1832/1832 1833/1833/1833 
f 1833/1833/1833 1832/1832/1832 1834/1834/1834 

g Frontrighthoof1

v 344.25 0.2 161.47 
v 344.25 0.2 162.47 
v 344.25 3.72529e-07 161.47 
v 344.25 3.72529e-07 162.47 
v 343.25 0.2 162.47 
v 344.25 0.2 162.47 
v 343.25 0.2 161.47 
v 344.25 0.2 161.47 
v 344.25 0.2 162.47 
v 343.25 0.2 162.47 
v 344.25 3.72529e-07 162.47 
v 343.25 3.72529e-07 162.47 
v 343.25 0.2 162.47 
v 343.25 0.2 161.47 
v 343.25 3.72529e-07 162.47 
v 343.25 3.72529e-07 161.47 
v 343.25 3.72529e-07 161.47 
v 344.25 3.72529e-07 161.47 
v 343.25 3.72529e-07 162.47 
v 344.25 3.72529e-07 162.47 
v 343.25 0.2 161.47 
v 344.25 0.2 161.47 
v 343.25 3.72529e-07 161.47 
v 344.25 3.72529e-07 161.47 

vn 1 0 0 
vn 1 0 0 
vn 1 0 0 
vn 1 0 0 
vn 0 1 0 
vn 0 1 0 
vn 0 1 0 
vn 0 1 0 
vn 0 0 1 
vn 0 0 1 
vn 0 0 1 
vn 0 0 1 
vn -1 0 0 
vn -1 0 0 
vn -1 0 0 
vn -1 0 0 
vn 0 -1 0 
vn 0 -1 0 
vn 0 -1 0 
vn 0 -1 0 
vn 0 0 -1 
vn 0 0 -1 
vn 0 0 -1 
vn 0 0 -1 

vt 3.375 -4 
vt 3.25 -4 
vt 3.375 -4.025 
vt 3.25 -4.025 
vt 3.375 -4 
vt 3.25 -4 
vt 3.375 -4.125 
vt 3.25 -4.125 
vt 3.375 -4 
vt 3.25 -4 
vt 3.375 -4.025 
vt 3.25 -4.025 
vt 3.375 -4 
vt 3.25 -4 
vt 3.375 -4.025 
vt 3.25 -4.025 
vt 3.375 -4 
vt 3.25 -4 
vt 3.375 -4.125 
vt 3.25 -4.125 
vt 3.375 -4 
vt 3.25 -4 
vt 3.375 -4.025 
vt 3.25 -4.025 

usemtl Backleftleg1Mtl

f 1835/1835/1835 1836/1836/1836 1837/1837/1837 
f 1837/1837/1837 1836/1836/1836 1838/1838/1838 
f 1839/1839/1839 1840/1840/1840 1841/1841/1841 
f 1841/1841/1841 1840/1840/1840 1842/1842/1842 
f 1843/1843/1843 1844/1844/1844 1845/1845/1845 
f 1845/1845/1845 1844/1844/1844 1846/1846/1846 
f 1847/1847/1847 1848/1848/1848 1849/1849/1849 
f 1849/1849/1849 1848/1848/1848 1850/1850/1850 
f 1851/1851/1851 1852/1852/1852 1853/1853/1853 
f 1853/1853/1853 1852/1852/1852 1854/1854/1854 
f 1855/1855/1855 1856/1856/1856 1857/1857/1857 
f 1857/1857/1857 1856/1856/1856 1858/1858/1858 

g Frontrightleg1

v 344.15 2.19999 161.57 
v 344.15 2.19999 162.47 
v 344.15 0.199987 161.57 
v 344.15 0.199987 162.47 
v 343.35 2.19999 162.47 
v 344.15 2.19999 162.47 
v 343.35 2.19999 161.57 
v 344.15 2.19999 161.57 
v 344.15 2.19999 162.47 
v 343.35 2.19999 162.47 
v 344.15 0.199987 162.47 
v 343.35 0.199987 162.47 
v 343.35 2.19999 162.47 
v 343.35 2.19999 161.57 
v 343.35 0.199987 162.47 
v 343.35 0.199987 161.57 
v 343.35 0.199987 161.57 
v 344.15 0.199987 161.57 
v 343.35 0.199987 162.47 
v 344.15 0.199987 162.47 
v 343.35 2.19999 161.57 
v 344.15 2.19999 161.57 
v 343.35 0.199987 161.57 
v 344.15 0.199987 161.57 

vn 1 0 0 
vn 1 0 0 
vn 1 0 0 
vn 1 0 0 
vn 0 1 0 
vn 0 1 0 
vn 0 1 0 
vn 0 1 0 
vn 0 0 1 
vn 0 0 1 
vn 0 0 1 
vn 0 0 1 
vn -1 0 0 
vn -1 0 0 
vn -1 0 0 
vn -1 0 0 
vn 0 -1 0 
vn 0 -1 0 
vn 0 -1 0 
vn 0 -1 0 
vn 0 0 -1 
vn 0 0 -1 
vn 0 0 -1 
vn 0 0 -1 

vt 7.8625 -0.75 
vt 7.75 -0.75 
vt 7.8625 -1 
vt 7.75 -1 
vt 7.85 -0.75 
vt 7.75 -0.75 
vt 7.85 -0.8625 
vt 7.75 -0.8625 
vt 7.85 -0.75 
vt 7.75 -0.75 
vt 7.85 -1 
vt 7.75 -1 
vt 7.8625 -0.75 
vt 7.75 -0.75 
vt 7.8625 -1 
vt 7.75 -1 
vt 7.85 -0.75 
vt 7.75 -0.75 
vt 7.85 -0.8625 
vt 7.75 -0.8625 
vt 7.85 -0.75 
vt 7.75 -0.75 
vt 7.85 -1 
vt 7.75 -1 

usemtl Tail1Mtl

f 1859/1859/1859 1860/1860/1860 1861/1861/1861 
f 1861/1861/1861 1860/1860/1860 1862/1862/1862 
f 1863/1863/1863 1864/1864/1864 1865/1865/1865 
f 1865/1865/1865 1864/1864/1864 1866/1866/1866 
f 1867/1867/1867 1868/1868/1868 1869/1869/1869 
f 1869/1869/1869 1868/1868/1868 1870/1870/1870 
f 1871/1871/1871 1872/1872/1872 1873/1873/1873 
f 1873/1873/1873 1872/1872/1872 1874/1874/1874 
f 1875/1875/1875 1876/1876/1876 1877/1877/1877 
f 1877/1877/1877 1876/1876/1876 1878/1878/1878 
f 1879/1879/1879 1880/1880/1880 1881/1881/1881 
f 1881/1881/1881 1880/1880/1880 1882/1882/1882 

g Backrightleg1

v 344.25 0.2 164.47 
v 344.25 0.2 165.47 
v 344.25 3.72529e-07 164.47 
v 344.25 3.72529e-07 165.47 
v 343.25 0.2 165.47 
v 344.25 0.2 165.47 
v 343.25 0.2 164.47 
v 344.25 0.2 164.47 
v 344.25 0.2 165.47 
v 343.25 0.2 165.47 
v 344.25 3.72529e-07 165.47 
v 343.25 3.72529e-07 165.47 
v 343.25 0.2 165.47 
v 343.25 0.2 164.47 
v 343.25 3.72529e-07 165.47 
v 343.25 3.72529e-07 164.47 
v 343.25 3.72529e-07 164.47 
v 344.25 3.72529e-07 164.47 
v 343.25 3.72529e-07 165.47 
v 344.25 3.72529e-07 165.47 
v 343.25 0.2 164.47 
v 344.25 0.2 164.47 
v 343.25 3.72529e-07 164.47 
v 344.25 3.72529e-07 164.47 

vn 1 0 0 
vn 1 0 0 
vn 1 0 0 
vn 1 0 0 
vn 0 1 0 
vn 0 1 0 
vn 0 1 0 
vn 0 1 0 
vn 0 0 1 
vn 0 0 1 
vn 0 0 1 
vn 0 0 1 
vn -1 0 0 
vn -1 0 0 
vn -1 0 0 
vn -1 0 0 
vn 0 -1 0 
vn 0 -1 0 
vn 0 -1 0 
vn 0 -1 0 
vn 0 0 -1 
vn 0 0 -1 
vn 0 0 -1 
vn 0 0 -1 

vt 6.125 -4.5 
vt 6 -4.5 
vt 6.125 -4.525 
vt 6 -4.525 
vt 6.125 -4.5 
vt 6 -4.5 
vt 6.125 -4.625 
vt 6 -4.625 
vt 6.125 -4.5 
vt 6 -4.5 
vt 6.125 -4.525 
vt 6 -4.525 
vt 6.125 -4.5 
vt 6 -4.5 
vt 6.125 -4.525 
vt 6 -4.525 
vt 6.125 -4.5 
vt 6 -4.5 
vt 6.125 -4.625 
vt 6 -4.625 
vt 6.125 -4.5 
vt 6 -4.5 
vt 6.125 -4.525 
vt 6 -4.525 

usemtl Backleftleg1Mtl

f 1883/1883/1883 1884/1884/1884 1885/1885/1885 
f 1885/1885/1885 1884/1884/1884 1886/1886/1886 
f 1887/1887/1887 1888/1888/1888 1889/1889/1889 
f 1889/1889/1889 1888/1888/1888 1890/1890/1890 
f 1891/1891/1891 1892/1892/1892 1893/1893/1893 
f 1893/1893/1893 1892/1892/1892 1894/1894/1894 
f 1895/1895/1895 1896/1896/1896 1897/1897/1897 
f 1897/1897/1897 1896/1896/1896 1898/1898/1898 
f 1899/1899/1899 1900/1900/1900 1901/1901/1901 
f 1901/1901/1901 1900/1900/1900 1902/1902/1902 
f 1903/1903/1903 1904/1904/1904 1905/1905/1905 
f 1905/1905/1905 1904/1904/1904 1906/1906/1906 

g Frontleftleg1

v 342.65 2.19999 161.57 
v 342.65 2.19999 162.47 
v 342.65 0.199987 161.57 
v 342.65 0.199987 162.47 
v 341.85 2.19999 162.47 
v 342.65 2.19999 162.47 
v 341.85 2.19999 161.57 
v 342.65 2.19999 161.57 
v 342.65 2.19999 162.47 
v 341.85 2.19999 162.47 
v 342.65 0.199987 162.47 
v 341.85 0.199987 162.47 
v 341.85 2.19999 162.47 
v 341.85 2.19999 161.57 
v 341.85 0.199987 162.47 
v 341.85 0.199987 161.57 
v 341.85 0.199987 161.57 
v 342.65 0.199987 161.57 
v 341.85 0.199987 162.47 
v 342.65 0.199987 162.47 
v 341.85 2.19999 161.57 
v 342.65 2.19999 161.57 
v 341.85 0.199987 161.57 
v 342.65 0.199987 161.57 

vn 1 0 0 
vn 1 0 0 
vn 1 0 0 
vn 1 0 0 
vn 0 1 0 
vn 0 1 0 
vn 0 1 0 
vn 0 1 0 
vn 0 0 1 
vn 0 0 1 
vn 0 0 1 
vn 0 0 1 
vn -1 0 0 
vn -1 0 0 
vn -1 0 0 
vn -1 0 0 
vn 0 -1 0 
vn 0 -1 0 
vn 0 -1 0 
vn 0 -1 0 
vn 0 0 -1 
vn 0 0 -1 
vn 0 0 -1 
vn 0 0 -1 

vt 6.1125 -3 
vt 6 -3 
vt 6.1125 -3.25 
vt 6 -3.25 
vt 6.1 -3 
vt 6 -3 
vt 6.1 -3.1125 
vt 6 -3.1125 
vt 6.1 -3 
vt 6 -3 
vt 6.1 -3.25 
vt 6 -3.25 
vt 6.1125 -3 
vt 6 -3 
vt 6.1125 -3.25 
vt 6 -3.25 
vt 6.1 -3 
vt 6 -3 
vt 6.1 -3.1125 
vt 6 -3.1125 
vt 6.1 -3 
vt 6 -3 
vt 6.1 -3.25 
vt 6 -3.25 

usemtl Tail1Mtl

f 1907/1907/1907 1908/1908/1908 1909/1909/1909 
f 1909/1909/1909 1908/1908/1908 1910/1910/1910 
f 1911/1911/1911 1912/1912/1912 1913/1913/1913 
f 1913/1913/1913 1912/1912/1912 1914/1914/1914 
f 1915/1915/1915 1916/1916/1916 1917/1917/1917 
f 1917/1917/1917 1916/1916/1916 1918/1918/1918 
f 1919/1919/1919 1920/1920/1920 1921/1921/1921 
f 1921/1921/1921 1920/1920/1920 1922/1922/1922 
f 1923/1923/1923 1924/1924/1924 1925/1925/1925 
f 1925/1925/1925 1924/1924/1924 1926/1926/1926 
f 1927/1927/1927 1928/1928/1928 1929/1929/1929 
f 1929/1929/1929 1928/1928/1928 1930/1930/1930 

g Backrightleg2

v 344.15 2.19999 164.57 
v 344.15 2.19999 165.47 
v 344.15 0.199987 164.57 
v 344.15 0.199987 165.47 
v 343.35 2.19999 165.47 
v 344.15 2.19999 165.47 
v 343.35 2.19999 164.57 
v 344.15 2.19999 164.57 
v 344.15 2.19999 165.47 
v 343.35 2.19999 165.47 
v 344.15 0.199987 165.47 
v 343.35 0.199987 165.47 
v 343.35 2.19999 165.47 
v 343.35 2.19999 164.57 
v 343.35 0.199987 165.47 
v 343.35 0.199987 164.57 
v 343.35 0.199987 164.57 
v 344.15 0.199987 164.57 
v 343.35 0.199987 165.47 
v 344.15 0.199987 165.47 
v 343.35 2.19999 164.57 
v 344.15 2.19999 164.57 
v 343.35 0.199987 164.57 
v 344.15 0.199987 164.57 

vn 1 0 0 
vn 1 0 0 
vn 1 0 0 
vn 1 0 0 
vn 0 1 0 
vn 0 1 0 
vn 0 1 0 
vn 0 1 0 
vn 0 0 1 
vn 0 0 1 
vn 0 0 1 
vn 0 0 1 
vn -1 0 0 
vn -1 0 0 
vn -1 0 0 
vn -1 0 0 
vn 0 -1 0 
vn 0 -1 0 
vn 0 -1 0 
vn 0 -1 0 
vn 0 0 -1 
vn 0 0 -1 
vn 0 0 -1 
vn 0 0 -1 

vt 6.1125 -5.25 
vt 6 -5.25 
vt 6.1125 -5.5 
vt 6 -5.5 
vt 6.1 -5.25 
vt 6 -5.25 
vt 6.1 -5.3625 
vt 6 -5.3625 
vt 6.1 -5.25 
vt 6 -5.25 
vt 6.1 -5.5 
vt 6 -5.5 
vt 6.1125 -5.25 
vt 6 -5.25 
vt 6.1125 -5.5 
vt 6 -5.5 
vt 6.1 -5.25 
vt 6 -5.25 
vt 6.1 -5.3625 
vt 6 -5.3625 
vt 6.1 -5.25 
vt 6 -5.25 
vt 6.1 -5.5 
vt 6 -5.5 

usemtl Tail1Mtl

f 1931/1931/1931 1932/1932/1932 1933/1933/1933 
f 1933/1933/1933 1932/1932/1932 1934/1934/1934 
f 1935/1935/1935 1936/1936/1936 1937/1937/1937 
f 1937/1937/1937 1936/1936/1936 1938/1938/1938 
f 1939/1939/1939 1940/1940/1940 1941/1941/1941 
f 1941/1941/1941 1940/1940/1940 1942/1942/1942 
f 1943/1943/1943 1944/1944/1944 1945/1945/1945 
f 1945/1945/1945 1944/1944/1944 1946/1946/1946 
f 1947/1947/1947 1948/1948/1948 1949/1949/1949 
f 1949/1949/1949 1948/1948/1948 1950/1950/1950 
f 1951/1951/1951 1952/1952/1952 1953/1953/1953 
f 1953/1953/1953 1952/1952/1952 1954/1954/1954 

g Udder1

v 341.95 2.2 163.37 
v 344.05 2.2 163.37 
v 341.95 1.9 163.37 
v 344.05 2.2 163.37 
v 341.95 2.2 163.37 
v 341.95 2.2 165.07 
v 341.95 2.2 165.07 
v 341.95 2.2 163.37 
v 341.95 1.9 163.37 
v 341.95 1.9 163.37 
v 344.05 1.9 163.37 
v 344.05 1.9 165.07 
v 344.05 1.9 163.37 
v 341.95 1.9 165.07 
v 341.95 1.9 165.07 
v 344.05 1.9 165.07 
v 341.95 2.2 165.07 
v 341.95 1.9 165.07 
v 344.05 1.9 165.07 
v 344.05 2.2 163.37 
v 344.05 2.2 165.07 
v 344.05 1.9 163.37 
v 344.05 2.2 165.07 
v 344.05 2.2 165.07 
v 343.75 1.7 164.17 
v 343.75 1.7 164.47 
v 343.45 1.7 164.47 
v 343.75 1.7 164.47 
v 343.75 1.7 164.17 
v 343.75 1.9 164.47 
v 343.45 1.9 164.17 
v 343.75 1.9 164.17 
v 343.75 1.7 164.17 
v 343.75 1.9 164.17 
v 343.45 1.9 164.17 
v 343.75 1.9 164.47 
v 343.45 1.9 164.47 
v 343.45 1.9 164.17 
v 343.45 1.7 164.17 
v 343.45 1.9 164.47 
v 343.75 1.9 164.47 
v 343.45 1.9 164.47 
v 343.45 1.7 164.47 
v 343.65 1.9 163.87 
v 343.35 1.9 163.87 
v 343.65 1.7 163.87 
v 343.35 1.9 163.87 
v 343.65 1.9 163.87 
v 343.65 1.9 163.57 
v 343.35 1.9 163.57 
v 343.75 1.7 164.47 
v 343.45 1.7 164.47 
v 343.45 1.7 164.17 
v 343.45 1.7 164.17 
v 343.65 1.9 163.57 
v 343.65 1.7 163.57 
v 343.35 1.7 163.57 
v 343.65 1.7 163.57 
v 343.65 1.9 163.57 
v 343.65 1.7 163.87 
v 343.65 1.9 163.87 
v 342.55 1.9 164.17 
v 342.55 1.7 164.17 
v 342.25 1.7 164.17 
v 342.55 1.7 164.17 
v 342.55 1.9 164.17 
v 342.55 1.9 164.47 
v 342.55 1.9 164.47 
v 342.55 1.9 164.17 
v 342.25 1.9 164.17 
v 342.55 1.7 164.47 
v 342.55 1.9 164.47 
v 342.25 1.9 164.47 
v 342.55 1.7 164.47 
v 342.55 1.9 163.57 
v 342.55 1.7 163.57 
v 342.25 1.7 163.57 
v 342.55 1.7 163.57 
v 342.55 1.9 163.57 
v 342.55 1.9 163.87 
v 342.55 1.9 163.87 
v 342.55 1.9 163.57 
v 342.25 1.9 163.57 
v 342.55 1.7 163.87 
v 342.55 1.9 163.87 
v 342.25 1.9 163.87 
v 342.55 1.7 163.87 
v 343.35 1.9 163.57 
v 343.65 1.7 163.87 
v 343.35 1.7 163.87 
v 343.65 1.7 163.57 
v 343.35 1.7 163.87 
v 343.35 1.7 163.87 
v 343.35 1.9 163.87 
v 343.35 1.7 163.57 
v 343.35 1.9 163.57 
v 343.35 1.7 163.57 
v 342.25 1.9 163.57 
v 342.25 1.9 163.87 
v 342.25 1.9 164.17 
v 342.25 1.9 164.47 
v 342.55 1.7 164.47 
v 342.25 1.7 164.47 
v 342.25 1.7 164.17 
v 342.25 1.7 164.47 
v 342.25 1.7 164.47 
v 342.25 1.9 164.47 
v 342.25 1.7 164.17 
v 342.25 1.9 164.17 
v 342.25 1.9 163.57 
v 342.25 1.7 163.57 
v 342.25 1.9 163.87 
v 342.25 1.7 163.87 
v 342.25 1.7 163.87 
v 342.55 1.7 164.17 
v 342.25 1.7 163.57 
v 342.55 1.7 163.87 
v 342.25 1.7 163.87 
v 342.55 1.7 163.57 
v 343.75 1.9 164.17 

vn 0 0 -1 
vn 0 0 -1 
vn 0 0 -1 
vn 0 1 0 
vn 0 1 0 
vn 0 1 0 
vn -1 0 0 
vn -1 0 0 
vn -1 0 0 
vn 0 -1 0 
vn 0 -1 0 
vn 0 -1 0 
vn 0 0 -1 
vn 0 -1 0 
vn 0 0 1 
vn 0 0 1 
vn 0 0 1 
vn -1 0 0 
vn 1 0 0 
vn 1 0 0 
vn 1 0 0 
vn 1 0 0 
vn 0 1 0 
vn 0 0 1 
vn 0 -1 0 
vn 0 -1 0 
vn 0 -1 0 
vn 1 0 0 
vn 1 0 0 
vn 1 0 0 
vn 0 0 -1 
vn 0 0 -1 
vn 0 0 -1 
vn 0 1 0 
vn 0 1 0 
vn 0 1 0 
vn -1 0 0 
vn -1 0 0 
vn -1 0 0 
vn 0 1 0 
vn 0 0 1 
vn 0 0 1 
vn 0 0 1 
vn 0 0 1 
vn 0 0 1 
vn 0 0 1 
vn 0 1 0 
vn 0 1 0 
vn 0 1 0 
vn 0 1 0 
vn 0 0 1 
vn -1 0 0 
vn 0 0 -1 
vn 0 -1 0 
vn 0 0 -1 
vn 0 0 -1 
vn 0 0 -1 
vn 1 0 0 
vn 1 0 0 
vn 1 0 0 
vn 1 0 0 
vn 0 0 -1 
vn 0 0 -1 
vn 0 0 -1 
vn 1 0 0 
vn 1 0 0 
vn 1 0 0 
vn 0 1 0 
vn 0 1 0 
vn 0 1 0 
vn 0 0 1 
vn 0 0 1 
vn 0 0 1 
vn 1 0 0 
vn 0 0 -1 
vn 0 0 -1 
vn 0 0 -1 
vn 1 0 0 
vn 1 0 0 
vn 1 0 0 
vn 0 1 0 
vn 0 1 0 
vn 0 1 0 
vn 0 0 1 
vn 0 0 1 
vn 0 0 1 
vn 1 0 0 
vn 0 0 -1 
vn 0 -1 0 
vn 0 -1 0 
vn 0 -1 0 
vn 0 0 1 
vn -1 0 0 
vn -1 0 0 
vn -1 0 0 
vn -1 0 0 
vn 0 -1 0 
vn 0 0 -1 
vn 0 1 0 
vn 0 0 -1 
vn 0 1 0 
vn 0 -1 0 
vn 0 -1 0 
vn 0 -1 0 
vn 0 0 1 
vn -1 0 0 
vn -1 0 0 
vn -1 0 0 
vn -1 0 0 
vn -1 0 0 
vn -1 0 0 
vn -1 0 0 
vn 0 0 1 
vn -1 0 0 
vn 0 -1 0 
vn 0 -1 0 
vn 0 -1 0 
vn 0 -1 0 
vn 0 -1 0 
vn 1 0 0 

vt 3.62736 -23.6467 
vt 3.36486 -23.6467 
vt 3.62736 -23.6842 
vt 3.36486 59.6961 
vt 3.62736 59.6961 
vt 3.62736 59.9086 
vt 72.9086 -23.6467 
vt 72.6961 -23.6467 
vt 72.6961 -23.6842 
vt 0.372642 59.6961 
vt 0.635142 59.6961 
vt 0.635142 59.9086 
vt 3.36486 -23.6842 
vt 0.372642 59.9086 
vt 0.372642 -23.6842 
vt 0.635142 -23.6842 
vt 0.372642 -23.6467 
vt 72.9086 -23.6842 
vt -68.9086 -23.6842 
vt -68.6961 -23.6467 
vt -68.9086 -23.6467 
vt -68.6961 -23.6842 
vt 3.36486 59.9086 
vt 0.635142 -23.6467 
vt 0.597642 59.7961 
vt 0.597642 59.8336 
vt 0.560142 59.8336 
vt -68.8336 -23.7092 
vt -68.7961 -23.7092 
vt -68.8336 -23.6842 
vt 3.43986 -23.6842 
vt 3.40236 -23.6842 
vt 3.40236 -23.7092 
vt 3.40236 59.7961 
vt 3.43986 59.7961 
vt 3.40236 59.8336 
vt 72.8336 -23.6842 
vt 72.7961 -23.6842 
vt 72.7961 -23.7092 
vt 3.43986 59.8336 
vt 0.597642 -23.6842 
vt 0.560142 -23.6842 
vt 0.560142 -23.7092 
vt 0.585142 -23.6842 
vt 0.547642 -23.6842 
vt 0.585142 -23.7092 
vt 3.45236 59.7586 
vt 3.41486 59.7586 
vt 3.41486 59.7211 
vt 3.45236 59.7211 
vt 0.597642 -23.7092 
vt 72.8336 -23.7092 
vt 3.43986 -23.7092 
vt 0.560142 59.7961 
vt 3.41486 -23.6842 
vt 3.41486 -23.7092 
vt 3.45236 -23.7092 
vt -68.7211 -23.7092 
vt -68.7211 -23.6842 
vt -68.7586 -23.7092 
vt -68.7586 -23.6842 
vt 3.55236 -23.6842 
vt 3.55236 -23.7092 
vt 3.58986 -23.7092 
vt -68.7961 -23.7092 
vt -68.7961 -23.6842 
vt -68.8336 -23.6842 
vt 3.55236 59.8336 
vt 3.55236 59.7961 
vt 3.58986 59.7961 
vt 0.447642 -23.7092 
vt 0.447642 -23.6842 
vt 0.410142 -23.6842 
vt -68.8336 -23.7092 
vt 3.55236 -23.6842 
vt 3.55236 -23.7092 
vt 3.58986 -23.7092 
vt -68.7211 -23.7092 
vt -68.7211 -23.6842 
vt -68.7586 -23.6842 
vt 3.55236 59.7586 
vt 3.55236 59.7211 
vt 3.58986 59.7211 
vt 0.447642 -23.7092 
vt 0.447642 -23.6842 
vt 0.410142 -23.6842 
vt -68.7586 -23.7092 
vt 3.45236 -23.6842 
vt 0.585142 59.7586 
vt 0.547642 59.7586 
vt 0.585142 59.7211 
vt 0.547642 -23.7092 
vt 72.7586 -23.7092 
vt 72.7586 -23.6842 
vt 72.7211 -23.7092 
vt 72.7211 -23.6842 
vt 0.547642 59.7211 
vt 3.58986 -23.6842 
vt 3.58986 59.7586 
vt 3.58986 -23.6842 
vt 3.58986 59.8336 
vt 0.447642 59.8336 
vt 0.410142 59.8336 
vt 0.410142 59.7961 
vt 0.410142 -23.7092 
vt 72.8336 -23.7092 
vt 72.8336 -23.6842 
vt 72.7961 -23.7092 
vt 72.7961 -23.6842 
vt 72.7211 -23.6842 
vt 72.7211 -23.7092 
vt 72.7586 -23.6842 
vt 0.410142 -23.7092 
vt 72.7586 -23.7092 
vt 0.447642 59.7961 
vt 0.410142 59.7211 
vt 0.447642 59.7586 
vt 0.410142 59.7586 
vt 0.447642 59.7211 
vt -68.7961 -23.6842 

usemtl Udder1Mtl

f 1955/1955/1955 1956/1956/1956 1957/1957/1957 
f 1958/1958/1958 1959/1959/1959 1960/1960/1960 
f 1961/1961/1961 1962/1962/1962 1963/1963/1963 
f 1964/1964/1964 1965/1965/1965 1966/1966/1966 
f 1967/1967/1967 1957/1957/1957 1956/1956/1956 
f 1966/1966/1966 1968/1968/1968 1964/1964/1964 
f 1969/1969/1969 1970/1970/1970 1971/1971/1971 
f 1972/1972/1972 1961/1961/1961 1963/1963/1963 
f 1973/1973/1973 1974/1974/1974 1975/1975/1975 
f 1974/1974/1974 1973/1973/1973 1976/1976/1976 
f 1977/1977/1977 1958/1958/1958 1960/1960/1960 
f 1970/1970/1970 1978/1978/1978 1971/1971/1971 
f 1979/1979/1979 1980/1980/1980 1981/1981/1981 
f 1982/1982/1982 1983/1983/1983 1984/1984/1984 
f 1985/1985/1985 1986/1986/1986 1987/1987/1987 
f 1988/1988/1988 1989/1989/1989 1990/1990/1990 
f 1991/1991/1991 1992/1992/1992 1993/1993/1993 
f 1989/1989/1989 1994/1994/1994 1990/1990/1990 
f 1995/1995/1995 1996/1996/1996 1997/1997/1997 
f 1998/1998/1998 1999/1999/1999 2000/2000/2000 
f 2001/2001/2001 2002/2002/2002 2003/2003/2003 
f 2001/2001/2001 2003/2003/2003 2004/2004/2004 
f 1995/1995/1995 1997/1997/1997 2005/2005/2005 
f 2006/2006/2006 1991/1991/1991 1993/1993/1993 
f 2007/2007/2007 1985/1985/1985 1987/1987/1987 
f 1981/1981/1981 2008/2008/2008 1979/1979/1979 
f 2009/2009/2009 2010/2010/2010 2011/2011/2011 
f 2012/2012/2012 2013/2013/2013 2014/2014/2014 
f 2015/2015/2015 2014/2014/2014 2013/2013/2013 
f 2016/2016/2016 2017/2017/2017 2018/2018/2018 
f 2019/2019/2019 2020/2020/2020 2021/2021/2021 
f 2022/2022/2022 2023/2023/2023 2024/2024/2024 
f 2025/2025/2025 2026/2026/2026 2027/2027/2027 
f 2021/2021/2021 2028/2028/2028 2019/2019/2019 
f 2029/2029/2029 2030/2030/2030 2031/2031/2031 
f 2032/2032/2032 2033/2033/2033 2034/2034/2034 
f 2035/2035/2035 2036/2036/2036 2037/2037/2037 
f 2038/2038/2038 2039/2039/2039 2040/2040/2040 
f 2034/2034/2034 2041/2041/2041 2032/2032/2032 
f 2042/2042/2042 2009/2009/2009 2011/2011/2011 
f 2043/2043/2043 2044/2044/2044 2045/2045/2045 
f 2046/2046/2046 2000/2000/2000 1999/1999/1999 
f 2047/2047/2047 2048/2048/2048 2049/2049/2049 
f 2050/2050/2050 2049/2049/2049 2048/2048/2048 
f 2044/2044/2044 2051/2051/2051 2045/2045/2045 
f 2052/2052/2052 2029/2029/2029 2031/2031/2031 
f 2053/2053/2053 2035/2035/2035 2037/2037/2037 
f 2054/2054/2054 2016/2016/2016 2018/2018/2018 
f 2055/2055/2055 2022/2022/2022 2024/2024/2024 
f 2056/2056/2056 2057/2057/2057 2058/2058/2058 
f 2059/2059/2059 2025/2025/2025 2027/2027/2027 
f 2060/2060/2060 2061/2061/2061 2062/2062/2062 
f 2063/2063/2063 2062/2062/2062 2061/2061/2061 
f 2064/2064/2064 2065/2065/2065 2066/2066/2066 
f 2040/2040/2040 2067/2067/2067 2038/2038/2038 
f 2068/2068/2068 2066/2066/2066 2065/2065/2065 
f 2056/2056/2056 2058/2058/2058 2069/2069/2069 
f 2070/2070/2070 2071/2071/2071 2072/2072/2072 
f 2071/2071/2071 2070/2070/2070 2073/2073/2073 
f 1983/1983/1983 2074/2074/2074 1984/1984/1984 

g Backleftleg2

v 342.65 2.19999 164.57 
v 342.65 2.19999 165.47 
v 342.65 0.199987 164.57 
v 342.65 0.199987 165.47 
v 341.85 2.19999 165.47 
v 342.65 2.19999 165.47 
v 341.85 2.19999 164.57 
v 342.65 2.19999 164.57 
v 342.65 2.19999 165.47 
v 341.85 2.19999 165.47 
v 342.65 0.199987 165.47 
v 341.85 0.199987 165.47 
v 341.85 2.19999 165.47 
v 341.85 2.19999 164.57 
v 341.85 0.199987 165.47 
v 341.85 0.199987 164.57 
v 341.85 0.199987 164.57 
v 342.65 0.199987 164.57 
v 341.85 0.199987 165.47 
v 342.65 0.199987 165.47 
v 341.85 2.19999 164.57 
v 342.65 2.19999 164.57 
v 341.85 0.199987 164.57 
v 342.65 0.199987 164.57 

vn 1 0 0 
vn 1 0 0 
vn 1 0 0 
vn 1 0 0 
vn 0 1 0 
vn 0 1 0 
vn 0 1 0 
vn 0 1 0 
vn 0 0 1 
vn 0 0 1 
vn 0 0 1 
vn 0 0 1 
vn -1 0 0 
vn -1 0 0 
vn -1 0 0 
vn -1 0 0 
vn 0 -1 0 
vn 0 -1 0 
vn 0 -1 0 
vn 0 -1 0 
vn 0 0 -1 
vn 0 0 -1 
vn 0 0 -1 
vn 0 0 -1 

vt 2.1125 -4.75 
vt 2 -4.75 
vt 2.1125 -5 
vt 2 -5 
vt 2.1 -4.75 
vt 2 -4.75 
vt 2.1 -4.8625 
vt 2 -4.8625 
vt 2.1 -4.75 
vt 2 -4.75 
vt 2.1 -5 
vt 2 -5 
vt 2.1125 -4.75 
vt 2 -4.75 
vt 2.1125 -5 
vt 2 -5 
vt 2.1 -4.75 
vt 2 -4.75 
vt 2.1 -4.8625 
vt 2 -4.8625 
vt 2.1 -4.75 
vt 2 -4.75 
vt 2.1 -5 
vt 2 -5 

usemtl Tail1Mtl

f 2075/2075/2075 2076/2076/2076 2077/2077/2077 
f 2077/2077/2077 2076/2076/2076 2078/2078/2078 
f 2079/2079/2079 2080/2080/2080 2081/2081/2081 
f 2081/2081/2081 2080/2080/2080 2082/2082/2082 
f 2083/2083/2083 2084/2084/2084 2085/2085/2085 
f 2085/2085/2085 2084/2084/2084 2086/2086/2086 
f 2087/2087/2087 2088/2088/2088 2089/2089/2089 
f 2089/2089/2089 2088/2088/2088 2090/2090/2090 
f 2091/2091/2091 2092/2092/2092 2093/2093/2093 
f 2093/2093/2093 2092/2092/2092 2094/2094/2094 
f 2095/2095/2095 2096/2096/2096 2097/2097/2097 
f 2097/2097/2097 2096/2096/2096 2098/2098/2098 

g Union1

v 341.85 2.19999 165.47 
v 341.75 2.19999 165.47 
v 341.85 2.19999 164.77 
v 341.75 2.19999 165.47 
v 341.85 2.19999 165.47 
v 341.85 4.19999 165.47 
v 341.85 2.19999 164.77 
v 341.85 4.19999 165.47 
v 341.85 2.19999 165.47 
v 341.85 4.19999 164.77 
v 341.75 4.19999 165.47 
v 341.75 4.19999 165.47 
v 341.85 4.19999 165.47 
v 341.85 4.19999 164.77 
v 341.75 2.19999 165.47 
v 341.75 4.19999 165.47 
v 341.75 3.2 164.77 
v 341.85 4.19998 163.67 
v 341.85 4.19998 164.77 
v 341.85 4.19998 163.67 
v 341.75 4.19998 163.67 
v 341.75 4.19999 164.77 
v 341.85 4.19999 164.77 
v 341.75 3.2 164.77 
v 341.75 4.19999 164.77 
v 341.75 4.19999 164.77 
v 341.75 3.2 164.77 
v 341.85 4.19998 164.77 
v 341.75 4.19998 164.77 
v 341.85 3.2 164.77 
v 341.75 4.19998 164.77 
v 341.85 3.2 164.77 
v 341.85 2.2 164.77 
v 341.85 2.19999 164.77 
v 341.85 3.2 164.77 
v 341.85 2.2 164.77 
v 341.85 3.19998 164.77 
v 341.85 2.2 163.67 
v 341.85 3.19998 164.77 
v 341.85 3.19998 164.77 
v 341.85 3.2 164.77 
v 341.85 3.2 164.77 
v 341.85 3.2 164.77 
v 341.75 3.2 164.77 
v 341.75 2.19999 164.77 
v 341.75 2.2 164.77 
v 341.75 2.19999 164.77 
v 341.85 4.19998 164.77 
v 341.85 3.19998 164.77 
v 341.85 4.19998 163.67 
v 341.85 3.19998 164.77 
v 341.85 3.19998 164.77 
v 341.85 3.19998 163.67 
v 341.75 3.2 164.77 
v 341.85 3.19998 163.67 
v 341.75 3.2 164.77 
v 341.75 3.2 164.77 
v 341.75 3.2 164.77 
v 341.75 3.2 163.67 
v 341.75 3.2 164.77 
v 341.75 3.2 164.77 
v 341.75 2.2 164.77 
v 341.75 3.2 163.67 
v 341.75 3.2 164.77 
v 341.75 4.19998 164.77 
v 341.75 3.2 163.67 
v 341.75 4.19998 163.67 
v 341.75 2.2 164.77 
v 341.75 2.2 164.77 
v 341.75 2.2 164.77 
v 341.75 3.2 164.77 
v 341.75 3.2 163.67 
v 341.75 2.19999 164.77 
v 341.75 2.2 164.77 
v 341.75 2.2 164.77 
v 341.75 2.2 164.77 
v 341.75 2.2 163.67 
v 341.75 2.2 164.77 
v 341.85 2.2 164.77 
v 341.85 2.2 163.67 
v 341.85 4.19999 162.17 
v 341.85 3.19998 163.67 
v 341.85 2.19999 162.17 
v 341.85 4.19998 163.67 
v 341.85 4.19999 163.67 
v 341.85 4.19999 162.17 
v 341.75 4.19999 162.17 
v 341.85 4.19999 163.67 
v 341.85 4.19998 163.67 
v 341.85 4.19999 163.67 
v 341.75 4.19998 163.67 
v 341.85 4.19998 163.67 
v 341.85 3.19998 163.67 
v 341.85 3.19998 163.67 
v 341.85 3.19998 163.67 
v 341.85 2.19999 163.67 
v 341.85 2.19999 163.67 
v 341.85 3.19998 163.67 
v 341.75 2.19999 163.67 
v 341.85 3.19998 163.67 
v 341.85 4.19998 163.67 
v 341.85 3.19998 163.67 
v 341.85 4.19998 163.67 
v 341.85 4.19998 163.67 
v 341.85 3.19998 163.67 
v 341.75 4.19999 163.67 
v 341.75 4.19999 163.67 
v 341.85 2.19999 163.67 
v 341.75 2.19999 163.67 
v 341.75 2.19999 162.17 
v 341.75 3.19998 163.67 
v 341.75 3.19998 163.67 
v 341.85 3.19998 163.67 
v 341.85 2.2 163.67 
v 341.75 3.19998 163.67 
v 341.85 3.19998 163.67 
v 341.75 3.19998 163.67 
v 341.75 3.19998 163.67 
v 341.75 3.2 163.67 
v 341.75 3.2 163.67 
v 341.75 2.2 163.67 
v 341.75 2.2 163.67 
v 341.75 3.19998 163.67 
v 341.85 2.19999 162.17 
v 341.85 4.19999 162.17 
v 341.85 4.19999 161.37 
v 341.75 4.19999 162.17 
v 341.85 4.19999 161.37 
v 341.85 4.19999 162.17 
v 341.85 2.19999 162.17 
v 341.85 2.19999 162.17 
v 341.85 4.19999 162.17 
v 341.75 4.19999 162.17 
v 341.75 4.19999 161.37 
v 341.75 4.19999 161.37 
v 341.85 4.19999 161.37 
v 341.85 2.19999 161.37 
v 341.75 4.19999 162.17 
v 341.75 4.19999 161.37 
v 341.75 2.19999 161.47 
v 341.75 4.19999 162.17 
v 341.85 4.19999 162.17 
v 341.75 2.19999 162.17 
v 341.75 4.19999 163.67 
v 341.75 4.19999 162.17 
v 341.75 2.19999 162.17 
v 341.85 2.19999 162.17 
v 341.85 2.19999 162.17 
v 341.75 2.19999 162.17 
v 341.75 2.19999 161.47 
v 341.75 2.19999 162.17 
v 341.75 2.19999 162.17 
v 341.75 2.19999 163.67 
v 341.75 2.19999 161.37 
v 341.75 2.19999 161.37 
v 341.75 2.19999 161.37 
v 341.85 2.19999 161.37 
v 341.85 2.19999 161.37 

vn 0 -1 0 
vn 0 -1 0 
vn 0 -1 0 
vn 0 0 1 
vn 0 0 1 
vn 0 0 1 
vn 1 0 0 
vn 1 0 0 
vn 1 0 0 
vn 1 0 0 
vn 0 0 1 
vn 0 1 0 
vn 0 1 0 
vn 0 1 0 
vn -1 0 0 
vn -1 0 0 
vn -1 0 0 
vn 0 1 0 
vn 0 1 0 
vn 0 1 0 
vn 0 1 0 
vn 0 0 -1 
vn 0 0 -1 
vn 0 0 -1 
vn 0 1 0 
vn -1 0 0 
vn -1 0 0 
vn 0 0 1 
vn 0 0 1 
vn 0 0 1 
vn 0 1 0 
vn 0 0 -1 
vn 0 0 -1 
vn 0 0 -1 
vn 1 0 0 
vn 1 0 0 
vn 1 0 0 
vn 1 0 0 
vn 0 0 1 
vn 0 0 1 
vn 1 0 0 
vn 0 1 0 
vn 0 1 0 
vn 0 1 0 
vn 0 0 -1 
vn 0 0 -1 
vn 0 -1 0 
vn 1 0 0 
vn 1 0 0 
vn 1 0 0 
vn 0 -1 0 
vn 0 -1 0 
vn 0 -1 0 
vn 0 0 1 
vn 0 -1 0 
vn 0 1 0 
vn 0 1 0 
vn 0 1 0 
vn 0 1 0 
vn 0 0 1 
vn 0 0 1 
vn 0 0 1 
vn -1 0 0 
vn -1 0 0 
vn -1 0 0 
vn 0 1 0 
vn -1 0 0 
vn -1 0 0 
vn 0 0 1 
vn -1 0 0 
vn -1 0 0 
vn -1 0 0 
vn -1 0 0 
vn -1 0 0 
vn 0 -1 0 
vn 0 -1 0 
vn 0 -1 0 
vn 0 -1 0 
vn 0 -1 0 
vn 0 -1 0 
vn 1 0 0 
vn 1 0 0 
vn 1 0 0 
vn 1 0 0 
vn 0 1 0 
vn 0 1 0 
vn 0 1 0 
vn 1 0 0 
vn 0 0 1 
vn 0 0 1 
vn 0 0 1 
vn 1 0 0 
vn 0 -1 0 
vn 0 -1 0 
vn 1 0 0 
vn 1 0 0 
vn 0 0 1 
vn 0 0 1 
vn 0 0 1 
vn 0 0 -1 
vn 0 0 -1 
vn 0 0 -1 
vn 0 0 -1 
vn 0 1 0 
vn 1 0 0 
vn 0 0 1 
vn 0 1 0 
vn 0 -1 0 
vn 0 -1 0 
vn 0 -1 0 
vn 0 0 1 
vn -1 0 0 
vn 0 0 -1 
vn 0 0 -1 
vn 0 0 -1 
vn 1 0 0 
vn 0 -1 0 
vn 0 -1 0 
vn 0 0 -1 
vn 0 0 -1 
vn -1 0 0 
vn 0 0 -1 
vn -1 0 0 
vn 0 -1 0 
vn 0 1 0 
vn 0 1 0 
vn 0 1 0 
vn 1 0 0 
vn 1 0 0 
vn 1 0 0 
vn 0 0 1 
vn 0 0 1 
vn 0 0 1 
vn 0 1 0 
vn 0 0 -1 
vn 0 0 -1 
vn 0 0 -1 
vn -1 0 0 
vn -1 0 0 
vn -1 0 0 
vn 0 0 -1 
vn 0 0 -1 
vn 0 0 -1 
vn -1 0 0 
vn -1 0 0 
vn -1 0 0 
vn 0 0 -1 
vn 0 -1 0 
vn 0 -1 0 
vn 0 -1 0 
vn 0 0 1 
vn -1 0 0 
vn -1 0 0 
vn 0 0 -1 
vn -1 0 0 
vn 0 -1 0 
vn 0 -1 0 
vn 1 0 0 

vt 14.0353 -7.76182 
vt 14.0228 -7.76182 
vt 14.0353 -7.84932 
vt 14.0228 2.55939 
vt 14.0353 2.55939 
vt 14.0353 2.80939 
vt 16.8493 2.55939 
vt 16.7618 2.80939 
vt 16.7618 2.55939 
vt 16.8493 2.80939 
vt 14.0228 2.80939 
vt 5.97722 -7.76182 
vt 5.96472 -7.76182 
vt 5.96472 -7.84932 
vt 3.23818 2.55939 
vt 3.23818 2.80939 
vt 3.15069 2.68439 
vt 5.96472 -7.98681 
vt 5.96472 -7.84933 
vt 5.96472 -7.98682 
vt 5.97722 -7.98681 
vt 5.97722 2.80939 
vt 5.96472 2.80939 
vt 5.97722 2.68439 
vt 5.97722 -7.84932 
vt 3.15068 2.80939 
vt 3.15068 2.68439 
vt 14.0353 2.80939 
vt 14.0228 2.80939 
vt 14.0353 2.68439 
vt 5.97722 -7.84933 
vt 5.96472 2.68439 
vt 5.96472 2.55939 
vt 5.96472 2.55939 
vt 16.8493 2.68439 
vt 16.8493 2.55939 
vt 16.8493 2.68439 
vt 16.9868 2.55939 
vt 14.0353 2.68439 
vt 14.0353 2.68439 
vt 16.8493 2.68439 
vt 5.96472 -7.84932 
vt 5.96472 -7.84933 
vt 5.97722 -7.84933 
vt 5.97722 2.55939 
vt 5.97722 2.55939 
vt 14.0228 -7.84932 
vt 16.8493 2.80939 
vt 16.8493 2.68439 
vt 16.9868 2.80939 
vt 14.0353 -7.84933 
vt 14.0353 -7.84933 
vt 14.0353 -7.98681 
vt 14.0228 2.68439 
vt 14.0353 -7.98681 
vt 5.97722 -7.84931 
vt 5.97722 -7.84932 
vt 5.97722 -7.84931 
vt 5.97722 -7.98681 
vt 14.0228 2.68439 
vt 14.0228 2.68439 
vt 14.0228 2.55939 
vt 3.01319 2.68439 
vt 3.15067 2.68439 
vt 3.15067 2.80939 
vt 5.97722 -7.98681 
vt 3.01319 2.80939 
vt 3.15069 2.55939 
vt 14.0228 2.55939 
vt 3.15069 2.55939 
vt 3.15069 2.68439 
vt 3.01319 2.68439 
vt 3.15068 2.55939 
vt 3.15068 2.55939 
vt 14.0228 -7.84932 
vt 14.0228 -7.84931 
vt 14.0228 -7.98681 
vt 14.0228 -7.84931 
vt 14.0353 -7.84932 
vt 14.0353 -7.98681 
vt 17.1743 2.80939 
vt 16.9868 2.68439 
vt 17.1743 2.55939 
vt 16.9868 2.80939 
vt 5.96472 -7.98681 
vt 5.96472 -8.17431 
vt 5.97722 -8.17431 
vt 16.9868 2.80939 
vt 14.0353 2.80939 
vt 14.0353 2.80939 
vt 14.0228 2.80939 
vt 16.9868 2.80939 
vt 14.0353 -7.98682 
vt 14.0353 -7.98682 
vt 16.9868 2.68439 
vt 16.9868 2.55939 
vt 14.0353 2.55939 
vt 14.0353 2.68439 
vt 14.0228 2.55939 
vt 5.96472 2.68439 
vt 5.96472 2.80939 
vt 5.96472 2.68439 
vt 5.96472 2.80939 
vt 5.96472 -7.98682 
vt 16.9868 2.68439 
vt 14.0228 2.80939 
vt 5.97722 -7.98681 
vt 14.0353 -7.98681 
vt 14.0228 -7.98681 
vt 14.0228 -8.17431 
vt 14.0228 2.68439 
vt 3.01319 2.68439 
vt 5.96472 2.68439 
vt 5.96472 2.55939 
vt 5.97722 2.68439 
vt 16.9868 2.68439 
vt 14.0228 -7.98681 
vt 14.0228 -7.98681 
vt 5.97722 2.68439 
vt 5.97722 2.68439 
vt 3.01319 2.55939 
vt 5.97722 2.55939 
vt 3.01319 2.68439 
vt 14.0353 -8.17431 
vt 5.96472 -8.17433 
vt 5.96472 -8.27433 
vt 5.97722 -8.17433 
vt 17.2743 2.80939 
vt 17.1743 2.80939 
vt 17.1743 2.55939 
vt 14.0353 2.55939 
vt 14.0353 2.80939 
vt 14.0228 2.80939 
vt 5.97722 -8.27433 
vt 5.97722 2.80939 
vt 5.96472 2.80939 
vt 5.96472 2.55939 
vt 2.82567 2.80939 
vt 2.72567 2.80939 
vt 2.73817 2.55939 
vt 5.97722 2.80939 
vt 5.96472 2.80939 
vt 5.97722 2.55939 
vt 3.01319 2.80939 
vt 2.82569 2.80939 
vt 2.82569 2.55939 
vt 5.96472 2.55939 
vt 14.0353 -8.17433 
vt 14.0228 -8.17433 
vt 14.0228 -8.26183 
vt 14.0228 2.55939 
vt 2.82567 2.55939 
vt 3.01319 2.55939 
vt 5.97722 2.55939 
vt 2.72567 2.55939 
vt 14.0228 -8.27433 
vt 14.0353 -8.27433 
vt 17.2743 2.55939 

usemtl EvilCow1Mtl

f 2099/2099/2099 2100/2100/2100 2101/2101/2101 
f 2102/2102/2102 2103/2103/2103 2104/2104/2104 
f 2105/2105/2105 2106/2106/2106 2107/2107/2107 
f 2106/2106/2106 2105/2105/2105 2108/2108/2108 
f 2104/2104/2104 2109/2109/2109 2102/2102/2102 
f 2110/2110/2110 2111/2111/2111 2112/2112/2112 
f 2113/2113/2113 2114/2114/2114 2115/2115/2115 
f 2116/2116/2116 2117/2117/2117 2118/2118/2118 
f 2117/2117/2117 2116/2116/2116 2119/2119/2119 
f 2120/2120/2120 2121/2121/2121 2122/2122/2122 
f 2112/2112/2112 2123/2123/2123 2110/2110/2110 
f 2114/2114/2114 2124/2124/2124 2115/2115/2115 
f 2124/2124/2124 2125/2125/2125 2115/2115/2115 
f 2126/2126/2126 2127/2127/2127 2128/2128/2128 
f 2129/2129/2129 2117/2117/2117 2119/2119/2119 
f 2122/2122/2122 2121/2121/2121 2130/2130/2130 
f 2131/2131/2131 2130/2130/2130 2132/2132/2132 
f 2133/2133/2133 2134/2134/2134 2135/2135/2135 
f 2135/2135/2135 2134/2134/2134 2136/2136/2136 
f 2128/2128/2128 2137/2137/2137 2138/2138/2138 
f 2135/2135/2135 2139/2139/2139 2133/2133/2133 
f 2140/2140/2140 2141/2141/2141 2142/2142/2142 
f 2132/2132/2132 2143/2143/2143 2144/2144/2144 
f 2145/2145/2145 2101/2101/2101 2100/2100/2100 
f 2131/2131/2131 2132/2132/2132 2144/2144/2144 
f 2121/2121/2121 2132/2132/2132 2130/2130/2130 
f 2146/2146/2146 2147/2147/2147 2148/2148/2148 
f 2138/2138/2138 2126/2126/2126 2128/2128/2128 
f 2149/2149/2149 2150/2150/2150 2151/2151/2151 
f 2128/2128/2128 2127/2127/2127 2152/2152/2152 
f 2149/2149/2149 2151/2151/2151 2153/2153/2153 
f 2154/2154/2154 2155/2155/2155 2142/2142/2142 
f 2142/2142/2142 2155/2155/2155 2140/2140/2140 
f 2156/2156/2156 2142/2142/2142 2157/2157/2157 
f 2142/2142/2142 2156/2156/2156 2154/2154/2154 
f 2158/2158/2158 2159/2159/2159 2160/2160/2160 
f 2161/2161/2161 2162/2162/2162 2163/2163/2163 
f 2142/2142/2142 2164/2164/2164 2157/2157/2157 
f 2161/2161/2161 2163/2163/2163 2165/2165/2165 
f 2115/2115/2115 2166/2166/2166 2113/2113/2113 
f 2167/2167/2167 2158/2158/2158 2160/2160/2160 
f 2168/2168/2168 2169/2169/2169 2170/2170/2170 
f 2171/2171/2171 2113/2113/2113 2166/2166/2166 
f 2171/2171/2171 2166/2166/2166 2172/2172/2172 
f 2173/2173/2173 2174/2174/2174 2175/2175/2175 
f 2174/2174/2174 2173/2173/2173 2176/2176/2176 
f 2177/2177/2177 2173/2173/2173 2178/2178/2178 
f 2179/2179/2179 2180/2180/2180 2181/2181/2181 
f 2180/2180/2180 2179/2179/2179 2182/2182/2182 
f 2183/2183/2183 2184/2184/2184 2185/2185/2185 
f 2179/2179/2179 2186/2186/2186 2182/2182/2182 
f 2187/2187/2187 2188/2188/2188 2189/2189/2189 
f 2186/2186/2186 2190/2190/2190 2182/2182/2182 
f 2153/2153/2153 2191/2191/2191 2192/2192/2192 
f 2180/2180/2180 2193/2193/2193 2194/2194/2194 
f 2195/2195/2195 2196/2196/2196 2197/2197/2197 
f 2198/2198/2198 2199/2199/2199 2200/2200/2200 
f 2199/2199/2199 2201/2201/2201 2200/2200/2200 
f 2118/2118/2118 2202/2202/2202 2116/2116/2116 
f 2203/2203/2203 2148/2148/2148 2147/2147/2147 
f 2192/2192/2192 2149/2149/2149 2153/2153/2153 
f 2188/2188/2188 2204/2204/2204 2189/2189/2189 
f 2205/2205/2205 2183/2183/2183 2185/2185/2185 
f 2206/2206/2206 2207/2207/2207 2208/2208/2208 
f 2209/2209/2209 2197/2197/2197 2196/2196/2196 
f 2197/2197/2197 2209/2209/2209 2204/2204/2204 
f 2165/2165/2165 2210/2210/2210 2161/2161/2161 
f 2209/2209/2209 2189/2189/2189 2204/2204/2204 
f 2211/2211/2211 2212/2212/2212 2213/2213/2213 
f 2136/2136/2136 2214/2214/2214 2135/2135/2135 
f 2215/2215/2215 2151/2151/2151 2216/2216/2216 
f 2151/2151/2151 2215/2215/2215 2153/2153/2153 
f 2217/2217/2217 2218/2218/2218 2213/2213/2213 
f 2219/2219/2219 2168/2168/2168 2170/2170/2170 
f 2220/2220/2220 2217/2217/2217 2213/2213/2213 
f 2212/2212/2212 2220/2220/2220 2213/2213/2213 
f 2175/2175/2175 2178/2178/2178 2173/2173/2173 
f 2221/2221/2221 2161/2161/2161 2210/2210/2210 
f 2206/2206/2206 2208/2208/2208 2222/2222/2222 
f 2223/2223/2223 2224/2224/2224 2225/2225/2225 
f 2226/2226/2226 2227/2227/2227 2228/2228/2228 
f 2229/2229/2229 2230/2230/2230 2231/2231/2231 
f 2224/2224/2224 2232/2232/2232 2225/2225/2225 
f 2233/2233/2233 2234/2234/2234 2235/2235/2235 
f 2236/2236/2236 2237/2237/2237 2238/2238/2238 
f 2239/2239/2239 2240/2240/2240 2241/2241/2241 
f 2242/2242/2242 2243/2243/2243 2244/2244/2244 
f 2241/2241/2241 2240/2240/2240 2245/2245/2245 
f 2246/2246/2246 2247/2247/2247 2248/2248/2248 
f 2249/2249/2249 2229/2229/2229 2231/2231/2231 
f 2250/2250/2250 2236/2236/2236 2238/2238/2238 
f 2244/2244/2244 2251/2251/2251 2242/2242/2242 
f 2252/2252/2252 2233/2233/2233 2235/2235/2235 
f 2237/2237/2237 2253/2253/2253 2238/2238/2238 
f 2248/2248/2248 2254/2254/2254 2255/2255/2255 
f 2248/2248/2248 2255/2255/2255 2246/2246/2246 
f 2181/2181/2181 2180/2180/2180 2194/2194/2194 
f 2256/2256/2256 2226/2226/2226 2228/2228/2228 

g Rightear1

v 345.044 4.92589 160.635 
v 345.018 4.92589 160.833 
v 345.272 4.37156 160.665 
v 345.246 4.37156 160.863 
v 343.828 4.4284 160.676 
v 345.018 4.92589 160.833 
v 343.854 4.4284 160.478 
v 345.044 4.92589 160.635 
v 345.018 4.92589 160.833 
v 343.828 4.4284 160.676 
v 345.246 4.37156 160.863 
v 344.055 3.87407 160.706 
v 343.828 4.4284 160.676 
v 343.854 4.4284 160.478 
v 344.055 3.87407 160.706 
v 344.081 3.87407 160.508 
v 344.081 3.87407 160.508 
v 345.272 4.37156 160.665 
v 344.055 3.87407 160.706 
v 345.246 4.37156 160.863 
v 343.854 4.4284 160.478 
v 345.044 4.92589 160.635 
v 344.081 3.87407 160.508 
v 345.272 4.37156 160.665 

vn 0.913386 0.385827 0.11811 
vn 0.913386 0.385827 0.11811 
vn 0.913386 0.385827 0.11811 
vn 0.913386 0.385827 0.11811 
vn -0.377953 0.92126 -0.0472441 
vn -0.377953 0.92126 -0.0472441 
vn -0.377953 0.92126 -0.0472441 
vn -0.377953 0.92126 -0.0472441 
vn -0.133858 0 0.992126 
vn -0.133858 0 0.992126 
vn -0.133858 0 0.992126 
vn -0.133858 0 0.992126 
vn -0.913386 -0.385827 -0.11811 
vn -0.913386 -0.385827 -0.11811 
vn -0.913386 -0.385827 -0.11811 
vn -0.913386 -0.385827 -0.11811 
vn 0.377953 -0.92126 0.0472441 
vn 0.377953 -0.92126 0.0472441 
vn 0.377953 -0.92126 0.0472441 
vn 0.377953 -0.92126 0.0472441 
vn 0.133858 0 -0.992126 
vn 0.133858 0 -0.992126 
vn 0.133858 0 -0.992126 
vn 0.133858 0 -0.992126 

vt 4.275 -5.25 
vt 4.25 -5.25 
vt 4.275 -5.325 
vt 4.25 -5.325 
vt 4.4125 -5.25 
vt 4.25 -5.25 
vt 4.4125 -5.275 
vt 4.25 -5.275 
vt 4.4125 -5.25 
vt 4.25 -5.25 
vt 4.4125 -5.325 
vt 4.25 -5.325 
vt 4.275 -5.25 
vt 4.25 -5.25 
vt 4.275 -5.325 
vt 4.25 -5.325 
vt 4.4125 -5.25 
vt 4.25 -5.25 
vt 4.4125 -5.275 
vt 4.25 -5.275 
vt 4.4125 -5.25 
vt 4.25 -5.25 
vt 4.4125 -5.325 
vt 4.25 -5.325 

usemtl EvilCow1Mtl

f 2257/2257/2257 2258/2258/2258 2259/2259/2259 
f 2259/2259/2259 2258/2258/2258 2260/2260/2260 
f 2261/2261/2261 2262/2262/2262 2263/2263/2263 
f 2263/2263/2263 2262/2262/2262 2264/2264/2264 
f 2265/2265/2265 2266/2266/2266 2267/2267/2267 
f 2267/2267/2267 2266/2266/2266 2268/2268/2268 
f 2269/2269/2269 2270/2270/2270 2271/2271/2271 
f 2271/2271/2271 2270/2270/2270 2272/2272/2272 
f 2273/2273/2273 2274/2274/2274 2275/2275/2275 
f 2275/2275/2275 2274/2274/2274 2276/2276/2276 
f 2277/2277/2277 2278/2278/2278 2279/2279/2279 
f 2279/2279/2279 2278/2278/2278 2280/2280/2280 

g Leftear1

v 342.14 4.42605 160.457 
v 342.172 4.43453 160.654 
v 341.918 3.87161 160.516 
v 341.95 3.88008 160.714 
v 340.981 4.92836 160.824 
v 342.172 4.43453 160.654 
v 340.949 4.91988 160.627 
v 342.14 4.42605 160.457 
v 342.172 4.43453 160.654 
v 340.981 4.92836 160.824 
v 341.95 3.88008 160.714 
v 340.76 4.37391 160.884 
v 340.981 4.92836 160.824 
v 340.949 4.91988 160.627 
v 340.76 4.37391 160.884 
v 340.728 4.36544 160.686 
v 340.728 4.36544 160.686 
v 341.918 3.87161 160.516 
v 340.76 4.37391 160.884 
v 341.95 3.88008 160.714 
v 340.949 4.91988 160.627 
v 342.14 4.42605 160.457 
v 340.728 4.36544 160.686 
v 341.918 3.87161 160.516 

vn 0.913386 -0.377953 -0.133858 
vn 0.913386 -0.377953 -0.133858 
vn 0.913386 -0.377953 -0.133858 
vn 0.913386 -0.377953 -0.133858 
vn 0.370079 0.92126 -0.102362 
vn 0.370079 0.92126 -0.102362 
vn 0.370079 0.92126 -0.102362 
vn 0.370079 0.92126 -0.102362 
vn 0.15748 0.0393701 0.984252 
vn 0.15748 0.0393701 0.984252 
vn 0.15748 0.0393701 0.984252 
vn 0.15748 0.0393701 0.984252 
vn -0.913386 0.377953 0.133858 
vn -0.913386 0.377953 0.133858 
vn -0.913386 0.377953 0.133858 
vn -0.913386 0.377953 0.133858 
vn -0.370079 -0.92126 0.102362 
vn -0.370079 -0.92126 0.102362 
vn -0.370079 -0.92126 0.102362 
vn -0.370079 -0.92126 0.102362 
vn -0.15748 -0.0393701 -0.984252 
vn -0.15748 -0.0393701 -0.984252 
vn -0.15748 -0.0393701 -0.984252 
vn -0.15748 -0.0393701 -0.984252 

vt 4.025 -6 
vt 4 -6 
vt 4.025 -6.075 
vt 4 -6.075 
vt 4.1625 -6 
vt 4 -6 
vt 4.1625 -6.025 
vt 4 -6.025 
vt 4.1625 -6 
vt 4 -6 
vt 4.1625 -6.075 
vt 4 -6.075 
vt 4.025 -6 
vt 4 -6 
vt 4.025 -6.075 
vt 4 -6.075 
vt 4.1625 -6 
vt 4 -6 
vt 4.1625 -6.025 
vt 4 -6.025 
vt 4.1625 -6 
vt 4 -6 
vt 4.1625 -6.075 
vt 4 -6.075 

usemtl EvilCow1Mtl

f 2281/2281/2281 2282/2282/2282 2283/2283/2283 
f 2283/2283/2283 2282/2282/2282 2284/2284/2284 
f 2285/2285/2285 2286/2286/2286 2287/2287/2287 
f 2287/2287/2287 2286/2286/2286 2288/2288/2288 
f 2289/2289/2289 2290/2290/2290 2291/2291/2291 
f 2291/2291/2291 2290/2290/2290 2292/2292/2292 
f 2293/2293/2293 2294/2294/2294 2295/2295/2295 
f 2295/2295/2295 2294/2294/2294 2296/2296/2296 
f 2297/2297/2297 2298/2298/2298 2299/2299/2299 
f 2299/2299/2299 2298/2298/2298 2300/2300/2300 
f 2301/2301/2301 2302/2302/2302 2303/2303/2303 
f 2303/2303/2303 2302/2302/2302 2304/2304/2304 

g EvilCow2

v 342 2.99999 161.37 
v 342 2.99999 161.37 
v 342 2.99999 161.37 
v 342 2.99999 161.37 
v 342 2.99999 161.37 
v 342 2.69999 161.37 
v 342 2.69999 161.37 
v 342 2.99999 161.37 
v 342 2.99999 161.37 
v 342 2.69998 161.37 
v 342 2.7 161.37 
v 344 2.69998 161.37 
v 342 2.7 161.37 
v 342 2.69999 161.37 
v 341.9 2.69999 161.37 
v 342 2.69999 161.37 
v 342 2.69999 161.37 
v 342 2.69999 161.37 
v 342 2.99999 161.37 
v 341.9 3 161.37 
v 342 2.99999 161.37 
v 342 2.99999 161.37 
v 342 2.99999 161.37 
v 342 2.99999 161.37 
v 341.9 2.99999 161.37 
v 341.9 2.99999 161.37 
v 341.9 3 161.37 
v 341.9 3 160.87 
v 341.9 2.69999 160.87 
v 341.9 3 160.87 
v 341.9 3 161.37 
v 341.9 3 160.87 
v 341.9 3 161.37 
v 341.9 3 161.37 
v 341.9 2.69999 161.37 
v 341.9 3 161.37 
v 341.9 3 161.37 
v 341.9 3 161.37 
v 341.9 3 161.37 
v 341.9 2.99999 161.37 
v 341.9 2.69999 161.37 
v 341.9 3 161.37 
v 341.9 3 161.37 
v 342 2.69999 160.87 
v 342 3 160.87 
v 342 3 160.87 
v 342 3 160.87 
v 342 3 160.87 
v 342 4.59998 160.87 
v 342 2.7 161.37 
v 342 2.69999 160.87 
v 342 2.69998 161.37 
v 342 2.69998 161.37 
v 342 2.69998 160.87 
v 344 2.69998 161.37 
v 342 2.69998 160.87 
v 342 2.69998 160.87 
v 342 2.69998 159.87 
v 342 2.69998 159.87 
v 342 2.69998 159.87 
v 342 2.69999 159.87 
v 342 3 160.87 
v 342 2.69999 160.87 
v 341.9 2.69999 160.87 
v 341.9 3 160.87 
v 341.9 4.29999 161.37 
v 341.9 3 160.87 
v 341.9 2.69999 160.87 
v 341.9 2.69998 160.87 
v 341.9 2.69998 159.87 
v 342 2.69998 159.87 
v 341.9 2.69998 159.87 
v 341.9 2.69998 160.87 
v 341.9 4.69999 160.87 
v 341.9 4.69999 160.87 
v 341.9 2.69998 160.87 
v 342 4.59998 160.87 
v 342 2.69998 160.87 
v 342 2.69998 160.87 
v 342 2.69999 159.87 
v 341.9 4.69999 159.87 
v 341.9 4.29999 161.47 
v 341.9 4.69999 161.47 
v 341.9 4.69999 161.37 
v 341.9 4.69999 161.47 
v 341.9 4.29999 161.47 
v 343.35 4.29999 161.47 
v 342.3 4.59998 160.87 
v 342.3 4.59998 160.67 
v 342.3 4.59998 160.67 
v 342.3 4.59998 160.87 
v 343.6 4.59998 160.67 
v 342 4.59998 161.37 
v 342 4.59998 160.87 
v 343.6 4.59998 161.37 
v 342 4.59998 160.87 
v 342 4.59998 160.87 
v 342 4.59998 160.87 
v 342 4.59998 161.37 
v 342 4.59998 160.87 
v 342 4.59998 160.87 
v 342 4.59998 160.87 
v 342 4.59998 160.87 
v 342 4.59998 160.87 
v 342 4.59998 160.87 
v 342 4.59998 160.87 
v 342.3 4.59998 160.87 
v 342.3 4.59998 160.87 
v 342 4.69999 161.37 
v 343.6 4.69999 161.37 
v 342.3 4.69998 161.37 
v 343.6 4.69999 161.37 
v 342 4.69999 161.37 
v 343.6 4.69999 161.47 
v 342 4.69999 161.37 
v 342 4.69999 161.37 
v 342 4.69999 160.87 
v 342 4.69999 161.37 
v 341.9 4.69999 161.37 
v 342 4.69999 161.37 
v 341.9 4.69999 161.37 
v 341.9 4.69999 161.37 
v 341.9 4.69999 161.47 
v 341.9 4.69999 161.37 
v 341.9 4.69999 161.37 
v 341.9 4.69999 161.37 
v 341.9 4.69999 161.37 
v 341.9 4.69999 160.87 
v 342 4.69999 161.37 
v 342 4.69999 160.87 
v 341.9 4.69999 160.87 
v 342 4.69999 161.37 
v 342 4.69999 161.37 
v 342 4.69998 160.87 
v 341.9 4.69999 161.37 
v 341.9 4.69999 161.37 
v 342.3 4.69998 161.37 
v 343.6 4.69998 161.37 
v 343.6 4.69998 161.37 
v 343.6 4.69998 161.37 
v 343.6 4.69998 161.37 
v 342 4.69998 161.37 
v 342.3 4.69998 160.87 
v 342 4.69998 161.37 
v 342 4.69998 161.37 
v 341.9 4.69999 161.37 
v 341.9 4.69999 161.37 
v 341.9 4.29999 161.37 
v 342.3 4.59998 161.37 
v 342 4.59998 161.37 
v 342.3 4.59998 160.87 
v 342 4.59998 161.37 
v 342.3 4.59998 161.37 
v 342 4.29999 161.37 
v 343.6 4.29999 161.37 
v 342.3 4.69997 159.87 
v 342.3 4.69997 160.67 
v 343.6 4.69997 159.87 
v 342.3 4.69997 160.67 
v 342.3 4.69997 159.87 
v 342.3 4.69998 160.67 
v 342.3 4.69998 160.67 
v 342 4.69998 159.87 
v 342.3 4.59998 160.67 
v 342.3 4.59998 160.87 
v 342.3 4.59998 160.67 
v 343.6 4.59998 160.67 
v 342.3 4.59998 160.87 
v 342.3 4.59998 160.87 
v 342.3 4.59998 160.67 
v 342.3 4.69998 160.67 
v 342.3 4.69998 160.67 
v 342.3 4.69997 160.67 
v 342.3 4.59998 160.67 
v 343.6 4.59998 160.67 
v 342 4.69998 160.87 
v 342 4.69998 159.87 
v 342 4.69999 160.87 
v 342 4.69998 160.87 
v 342.3 4.69998 160.67 
v 342 4.69997 160.87 
v 342.3 4.69998 160.87 
v 342.3 4.69998 160.67 
v 342.3 4.69998 160.87 
v 342.3 4.69998 160.87 
v 342.3 4.69998 160.67 
v 342.3 4.69998 160.67 
v 342.3 4.69998 160.67 
v 343.6 4.69998 160.67 
v 342 4.69998 160.87 
v 342 4.69998 160.87 
v 342 4.69998 160.87 
v 342.3 4.69998 160.67 
v 342.3 4.69998 160.67 
v 342 4.69998 160.87 
v 342 4.69998 160.87 
v 341.9 3 160.87 
v 342 4.69998 160.87 
v 342 4.69998 160.87 
v 342 4.69998 160.87 
v 342.3 4.69998 160.87 
v 342 4.69999 160.87 
v 342 4.69999 159.87 
v 341.9 4.69999 160.87 
v 342 4.69999 159.87 
v 342 4.69998 160.87 
v 342 4.69999 160.87 
v 342 4.69999 160.87 
v 341.9 4.69999 160.87 
v 342 4.69997 160.87 
v 342.3 4.69998 160.87 
v 342.3 4.59998 160.87 
v 342.3 4.59998 160.87 
v 342 4.59998 160.87 
v 342 4.69997 160.87 
v 342 4.69997 160.87 
v 342 4.69997 160.87 
v 342 4.59998 160.87 
v 342 4.59998 160.87 
v 342 4.69998 160.87 
v 342 4.59998 160.87 
v 342 4.69998 160.87 
v 342 4.59998 160.87 
v 342 4.59998 160.87 
v 342 4.59998 160.87 
v 342 4.59998 160.87 
v 342 4.59998 160.87 
v 342 4.59998 161.37 
v 342 4.59998 160.87 
v 342.3 4.59998 160.87 
v 343.6 4.59998 161.37 
v 342.3 4.59998 160.87 
v 342 4.29999 161.37 
v 342 4.59998 160.87 
v 342 4.59998 160.87 
v 342 2.99999 161.37 
v 342 4.59998 161.37 
v 344 4.59998 161.37 
v 341.9 4.29999 161.37 
v 342 4.29999 161.37 
v 341.9 4.29999 161.47 
v 341.9 4.29999 161.37 
v 343.35 4.29999 161.47 
v 342 4.29999 161.37 
v 342 4.29999 161.37 
v 341.9 4.29999 161.37 
v 341.9 4.29999 161.37 
v 342 4.29999 161.37 
v 341.9 4.29999 161.37 
v 341.9 4.29999 161.37 
v 341.9 4.29999 161.37 
v 342 2.99999 161.37 
v 342 3 160.87 
v 342 4.59998 160.87 
v 342.3 4.69997 159.87 
v 341.9 4.69999 159.87 
v 342 4.69999 159.87 
v 341.9 2.69998 159.87 
v 341.9 4.69999 159.87 
v 342.3 4.69998 159.87 
v 342.3 4.69997 159.87 
v 342.3 4.69998 159.87 
v 342 4.69998 159.87 
v 342.3 4.69997 159.87 
v 343.6 4.69997 159.87 
v 342.3 4.59998 159.87 
v 342.3 4.69998 159.87 
v 342.3 4.69997 159.87 
v 342.3 4.59998 159.87 
v 342.3 4.59998 159.87 
v 342 2.69998 159.87 
v 342.3 4.59998 159.87 
v 343.6 4.59998 159.87 
v 342 4.59998 159.87 
v 342 2.69999 159.87 
v 342 2.69998 159.87 
v 342 2.69999 159.87 
v 342 4.59998 159.87 
v 342.3 4.59998 159.87 
v 342 4.59998 159.87 
v 342.3 4.59998 159.87 
v 342.3 4.59998 159.87 
v 342.3 4.59998 159.87 
v 342 4.59998 159.87 
v 342 4.59998 159.87 
v 342.3 4.59998 159.87 
v 342 4.59998 159.87 
v 342.3 4.59998 159.87 
v 342.2 4.29998 159.77 
v 342.2 4.29998 159.87 
v 342.6 4.29998 159.87 
v 342.2 4.29998 159.87 
v 342.2 4.29998 159.77 
v 342.2 3.89997 159.77 
v 342.6 3.89997 159.87 
v 342.2 3.89997 159.87 
v 342.2 3.89997 159.77 
v 342.2 3.89997 159.87 
v 342.6 3.89997 159.87 
v 342.2 4.29998 159.87 
v 342.2 3.89997 159.87 
v 342 2.69998 159.87 
v 342.2 3.89997 159.77 
v 342.2 4.29998 159.77 
v 342.6 4.29998 159.77 
v 342.6 3.89997 159.77 
v 342.2 3.29999 159.77 
v 342.2 3.29999 159.67 
v 342.2 2.69999 159.67 
v 342.2 3.29999 159.67 
v 342.2 3.29999 159.77 
v 342.4 3.29999 159.77 
v 342.4 3.29999 159.77 
v 342.2 3.29999 159.77 
v 342.2 2.69999 159.77 
v 342.2 2.69999 159.77 
v 342 3.49999 159.87 
v 342 2.69999 159.87 
v 344 2.69999 159.87 
v 342 2.69999 159.87 
v 342 3.49999 159.87 
v 342 2.69999 159.77 
v 342 2.69999 159.87 
v 342 2.69999 159.87 
v 342 2.69999 159.77 
v 342 3.49999 159.77 
v 342.4 3.09999 159.77 
v 342 3.49999 159.77 
v 342 2.69999 159.87 
v 342 2.69999 159.77 
v 344 2.69999 159.87 
v 342.35 3.29998 159.77 
v 342.2 2.69999 159.67 
v 342.2 3.29999 159.67 
v 342.4 2.69999 159.67 
v 344 2.69998 160.47 
v 343.6 4.69999 161.47 
v 343.6 4.59998 161.37 
v 344 2.69998 161.37 
v 344 2.69998 160.47 
v 344.1 2.69998 161.37 
v 344 2.69998 160.47 
v 344 2.69998 161.37 
v 344 2.69998 161.37 
v 344 2.69998 161.37 
v 344 2.69998 160.47 
v 344 2.69998 159.87 
v 344.1 2.69998 161.37 
v 344.1 2.69998 159.87 
v 344 2.69998 161.37 
v 344 2.69998 161.37 
v 344.1 4.29998 161.47 
v 344.1 4.69998 161.47 
v 343.6 4.69998 161.47 
v 344.1 4.69998 161.47 
v 344.1 4.29998 161.47 
v 344.1 4.69998 161.37 
v 343.6 4.69998 161.47 
v 344.1 4.69998 161.47 
v 344.1 4.69998 161.37 
v 343.6 4.69998 161.37 
v 343.6 4.69998 161.47 
v 343.6 4.69999 161.37 
v 343.6 4.69999 161.47 
v 343.6 4.69998 161.37 
v 343.6 4.29999 161.47 
v 343.6 4.29999 161.47 
v 343.6 4.29998 161.47 
v 343.6 4.29999 161.47 
v 344.1 4.29998 161.47 
v 343.6 4.29998 161.47 
v 343.6 4.29998 161.37 
v 343.6 4.29999 161.47 
v 343.6 4.29999 161.47 
v 343.6 4.29999 161.47 
v 343.6 4.29999 161.47 
v 343.6 4.29999 161.47 
v 343.6 4.29999 161.37 
v 344.1 4.69998 159.87 
v 344.1 4.69998 161.37 
v 344.1 2.69998 161.37 
v 344.1 4.69998 161.37 
v 344.1 4.69998 159.87 
v 344 4.69998 161.37 
v 344.1 4.69998 161.37 
v 344 4.69998 161.37 
v 344.1 4.29998 161.37 
v 344.1 4.29998 161.37 
v 344.1 4.69998 161.37 
v 344.1 4.29998 161.37 
v 343.6 4.59998 161.37 
v 343.6 4.59998 161.37 
v 344 4.59998 161.37 
v 343.6 4.59998 161.37 
v 344 4.59998 161.37 
v 344 4.59998 161.37 
v 343.6 4.69998 161.37 
v 343.6 4.69998 161.37 
v 343.6 4.29999 161.37 
v 343.6 4.59998 161.37 
v 343.6 4.59998 161.37 
v 343.6 4.59998 161.37 
v 343.6 4.59998 161.37 
v 343.6 4.29998 161.37 
v 343.6 4.59998 161.37 
v 343.6 4.29998 161.37 
v 343.6 4.69998 161.37 
v 343.6 4.59998 161.37 
v 344 4.59998 161.37 
v 344 4.69998 161.37 
v 344 4.69998 159.87 
v 343.6 4.69998 160.67 
v 343.6 4.69998 161.37 
v 343.6 4.69998 161.37 
v 343.6 4.59998 160.67 
v 343.6 4.69997 160.67 
v 343.6 4.69997 160.67 
v 343.6 4.59998 160.67 
v 343.6 4.69998 160.67 
v 343.6 4.69998 160.67 
v 343.6 4.69998 160.67 
v 343.6 4.69998 161.37 
v 344 4.69998 161.37 
v 343.6 4.69998 160.67 
v 343.6 4.69998 160.67 
v 343.6 4.69998 160.67 
v 343.6 4.69998 160.67 
v 343.6 4.59998 161.37 
v 344 4.69998 161.37 
v 343.6 4.69998 161.37 
v 344 4.69998 161.37 
v 344 4.59998 161.37 
v 344 4.59998 159.87 
v 343.6 4.59998 161.37 
v 343.6 4.59998 161.37 
v 343.6 4.59998 161.37 
v 343.6 4.59998 161.37 
v 343.6 4.59998 161.37 
v 343.6 4.59998 160.67 
v 343.6 4.69997 159.87 
v 343.6 4.69997 160.67 
v 343.6 4.29999 161.47 
v 343.6 4.29998 161.47 
v 342.6 3.89997 159.77 
v 342.6 3.89997 159.77 
v 342.6 4.29998 159.77 
v 342.6 4.29998 159.87 
v 342.6 4.29998 159.77 
v 342.6 4.29998 159.87 
v 342.6 3.89997 159.87 
v 344.1 2.69998 159.87 
v 344 4.59998 159.87 
v 344 4.59998 159.87 
v 344 4.59998 159.87 
v 344 4.69998 159.87 
v 344.1 4.69998 159.87 
v 344 4.59998 159.87 
v 344 4.69998 159.87 
v 344 4.69998 159.87 
v 344 4.59998 159.87 
v 343.6 4.69998 159.87 
v 343.6 4.69998 159.87 
v 344 4.69998 159.87 
v 343.6 4.59998 159.87 
v 343.6 4.59998 159.87 
v 343.6 4.59998 159.87 
v 343.6 4.69998 159.87 
v 343.6 4.59998 159.87 
v 343.6 4.59998 159.87 
v 344 4.69998 159.87 
v 344 4.59998 159.87 
v 344 2.69998 159.87 
v 344 4.59998 159.87 
v 343.6 4.59998 159.87 
v 343.6 4.59998 159.87 
v 343.6 4.59998 159.87 
v 343.6 4.59998 159.87 
v 344 4.59998 159.87 
v 343.6 4.59998 159.87 
v 343.6 4.59998 159.87 
v 344 4.59998 159.87 
v 344 4.59998 159.87 
v 344 4.59998 159.87 
v 343.6 4.59998 159.87 
v 342.3 4.59998 159.87 
v 343.6 4.59998 159.87 
v 343.6 4.59998 159.87 
v 343.6 4.59998 159.87 
v 343.6 4.59998 159.87 
v 343.6 4.59998 159.87 
v 343.6 4.59998 159.87 
v 343.6 4.59998 159.87 
v 343.6 4.59998 159.87 
v 343.6 4.59998 159.87 
v 343.8 4.29998 159.77 
v 343.8 3.89997 159.77 
v 343.4 3.89997 159.77 
v 343.8 3.89997 159.77 
v 343.8 4.29998 159.77 
v 343.8 4.29998 159.87 
v 343.8 4.29998 159.87 
v 343.8 4.29998 159.77 
v 343.4 4.29998 159.77 
v 343.8 3.89997 159.87 
v 343.8 4.29998 159.87 
v 343.4 4.29998 159.87 
v 343.8 3.89997 159.87 
v 343.8 3.89997 159.77 
v 343.8 3.89997 159.87 
v 343.4 3.89997 159.87 
v 344.1 2.69998 159.87 
v 343.4 4.29998 159.77 
v 343.4 4.29998 159.87 
v 343.4 4.29998 159.77 
v 343.4 3.89997 159.77 
v 343.4 4.29998 159.87 
v 343.4 3.89997 159.87 
v 343.4 3.89997 159.87 
v 343.4 3.89997 159.77 
v 343.6 3.09998 159.67 
v 343.6 2.89999 159.67 
v 343.6 3.09999 159.67 
v 343.6 3.09998 159.77 
v 343.6 3.09998 159.77 
v 343.6 3.09998 159.67 
v 343.6 3.09998 159.67 
v 343.6 2.89999 159.77 
v 343.6 3.09998 159.77 
v 343.4 3.09998 159.77 
v 343.6 2.89999 159.77 
v 343.6 2.89999 159.67 
v 343.6 2.89999 159.77 
v 343.6 2.89999 159.67 
v 343.6 2.89999 159.67 
v 343.6 2.89999 159.67 
v 343.6 2.89999 159.67 
v 343.6 2.89999 159.67 
v 343.6 2.89999 159.67 
v 343.6 3.09998 159.67 
v 343.6 3.09999 159.67 
v 343.6 3.09998 159.67 
v 343.6 3.09999 159.67 
v 343.6 2.89999 159.67 
v 343.4 3.09999 159.67 
v 343.6 3.09999 159.67 
v 343.6 3.09999 159.67 
v 343.6 3.09999 159.67 
v 343.4 3.09999 159.67 
v 343.8 2.69999 159.67 
v 343.8 2.69999 159.77 
v 343.6 2.69999 159.77 
v 343.8 2.69999 159.77 
v 343.8 2.69999 159.67 
v 343.8 3.29999 159.67 
v 343.8 2.69999 159.77 
v 343.8 3.29999 159.77 
v 343.6 3.29999 159.77 
v 343.8 3.29999 159.77 
v 344 2.69999 159.77 
v 344 2.69999 159.87 
v 344 2.69999 159.77 
v 344 3.49999 159.87 
v 344 2.69998 159.87 
v 344 2.69998 159.87 
v 344 2.69998 159.87 
v 344 2.69998 159.87 
v 344 2.69998 159.87 
v 344 2.69998 159.87 
v 344 3.49999 159.87 
v 343.6 3.29999 159.77 
v 343.8 3.29999 159.67 
v 343.6 3.29999 159.67 
v 343.8 3.29999 159.77 
v 343.6 3.29999 159.67 
v 343.8 3.29999 159.67 
v 343.8 2.69999 159.67 
v 344 3.49999 159.77 
v 343.6 3.09999 159.77 
v 343.6 3.29999 159.77 
v 344 2.69999 159.77 
v 343.6 2.69999 159.77 
v 343.6 2.7 159.77 
v 343.6 3.29999 159.77 
v 343.6 3.29998 159.77 
v 343.6 3.09999 159.77 
v 343.6 3.29999 159.77 
v 343.6 3.29999 159.77 
v 343.6 3.09999 159.77 
v 343.6 2.9 159.77 
v 343.6 3.09998 159.77 
v 343.6 2.7 159.77 
v 343.6 2.9 159.77 
v 343.6 2.9 159.77 
v 343.6 2.69999 159.77 
v 343.6 3.29998 159.77 
v 343.6 3.29999 159.77 
v 343.6 3.29998 159.67 
v 343.6 2.9 159.77 
v 343.6 2.89999 159.77 
v 343.6 2.89999 159.77 
v 343.6 3.09998 159.77 
v 343.6 3.09999 159.77 
v 343.6 3.09999 159.77 
v 343.6 2.89999 159.77 
v 343.6 3.09998 159.77 
v 343.6 2.89999 159.67 
v 343.6 2.69999 159.77 
v 343.6 2.7 159.77 
v 343.6 2.7 159.77 
v 343.6 3.09999 159.77 
v 343.6 3.29999 159.77 
v 343.6 3.29999 159.77 
v 343.6 3.29998 159.77 
v 343.6 2.7 159.77 
v 343.6 2.9 159.77 
v 343.6 2.7 159.77 
v 343.6 2.9 159.77 
v 343.4 3.09998 159.77 
v 343.4 3.09998 159.77 
v 343.4 2.89999 159.77 
v 343.4 2.89999 159.77 
v 342.4 2.69999 159.77 
v 342.4 2.69999 159.77 
v 342.4 2.69999 159.67 
v 343.6 3.29999 159.67 
v 343.6 3.09998 159.67 
v 343.6 2.69999 159.67 
v 343.6 2.69999 159.67 
v 343.6 2.69999 159.77 
v 343.6 2.69999 159.67 
v 343.6 2.69999 159.67 
v 343.6 2.69999 159.77 
v 343.6 2.69999 159.67 
v 343.6 3.29998 159.67 
v 343.6 2.69999 159.67 
v 343.4 3.09999 159.67 
v 343.4 2.89999 159.77 
v 343.4 2.89999 159.67 
v 343.6 2.89999 159.67 
v 344 3.49999 159.77 
v 342 3.49999 159.77 
v 344 3.49999 159.87 
v 342.4 3.29998 159.77 
v 343.4 3.09999 159.67 
v 342.4 3.29998 159.67 
v 343.4 3.09999 159.67 
v 343.4 2.89999 159.67 
v 343.4 3.09999 159.67 
v 343.4 2.89999 159.67 
v 343.4 2.89999 159.67 
v 343.6 2.89999 159.67 
v 343.4 2.89999 159.67 
v 343.4 2.89999 159.67 
v 343.6 2.89999 159.67 
v 343.4 3.09998 159.67 
v 343.4 2.89999 159.67 
v 342.6 2.89999 159.67 
v 343.4 2.89999 159.67 
v 343.4 3.09998 159.67 
v 342.6 2.89999 159.67 
v 342.6 3.09999 159.67 
v 342.6 2.89999 159.67 
v 342.6 3.09999 159.67 
v 342.6 2.89999 159.67 
v 342.6 2.89999 159.67 
v 342.6 3.09998 159.67 
v 342.6 3.09998 159.67 
v 342.6 3.09999 159.67 
v 342.6 2.89999 159.67 
v 342.4 3.09999 159.67 
v 342.6 3.09999 159.67 
v 342.6 3.09999 159.67 
v 342.6 3.09999 159.67 
v 342.4 3.09999 159.67 
v 342.4 2.69999 159.67 
v 342.4 3.09999 159.67 
v 342.4 3.09999 159.67 
v 343.6 3.29998 159.67 
v 342.4 3.29998 159.67 
v 342.4 3.29999 159.77 
v 342.4 3.29999 159.77 
v 342.4 3.29998 159.77 
v 342.4 3.29998 159.77 
v 342.4 3.29999 159.67 
v 342.4 3.29999 159.67 
v 342.4 3.29999 159.77 
v 342.4 3.29998 159.67 
v 342.4 3.09999 159.77 
v 342.4 2.9 159.77 
v 342.4 2.7 159.77 
v 342.4 3.09998 159.77 
v 342.4 3.29999 159.77 
v 342.4 3.09999 159.77 
v 342.4 3.29999 159.77 
v 342.4 2.69999 159.77 
v 342.4 2.9 159.77 
v 342.4 2.7 159.77 
v 342.4 2.7 159.77 
v 342.6 2.89999 159.77 
v 342.4 2.89999 159.77 
v 342.4 2.89999 159.77 
v 342.4 2.89999 159.77 
v 342.6 2.89999 159.77 
v 342.6 3.09998 159.77 
v 342.4 2.89999 159.77 
v 342.4 3.09998 159.77 
v 342.4 3.09998 159.67 
v 342.4 3.09998 159.77 
v 342.4 2.9 159.77 
v 342.4 2.9 159.77 
v 342.4 2.89999 159.77 
v 342.4 3.09998 159.77 
v 342.4 2.89999 159.77 
v 342.4 3.09998 159.67 
v 342.4 2.69999 159.77 
v 342.2 2.69999 159.77 
v 342.2 2.69999 159.67 
v 342.4 2.69999 159.77 
v 342.4 2.69999 159.77 
v 342.4 2.69999 159.67 
v 342.4 2.69999 159.77 
v 342.4 3.09999 159.77 
v 342.4 3.09999 159.77 
v 342.4 3.09998 159.77 
v 342.4 3.09999 159.77 
v 342.4 2.7 159.77 
v 342.4 2.7 159.77 
v 342.4 2.9 159.77 
v 342.4 2.7 159.77 
v 342.4 2.9 159.77 
v 342.4 3.09998 159.77 
v 342.6 3.09998 159.77 
v 342.6 3.09998 159.77 
v 342.4 3.09998 159.77 
v 342.4 3.09998 159.67 
v 342.4 2.89999 159.67 
v 342.6 2.89999 159.77 
v 342.4 3.09998 159.67 
v 342.4 3.09999 159.67 
v 342.4 2.89999 159.67 
v 342.4 2.89999 159.67 
v 342.4 2.89999 159.67 
v 342.4 2.89999 159.67 
v 342.4 2.89999 159.67 
v 342.4 2.89999 159.67 
v 342.4 3.09998 159.67 
v 342.4 3.09998 159.67 
v 342.4 2.89999 159.67 
v 342.4 2.69999 159.67 
v 342.4 2.69999 159.67 
v 342.4 2.89999 159.67 
v 342.4 3.29999 159.67 
v 342.6 2.89999 159.67 
v 342.4 2.89999 159.67 
v 342.6 2.89999 159.67 
v 342.4 2.89999 159.67 
v 342.4 2.89999 159.67 
v 342 2.69998 159.87 
v 342 4.69997 160.87 
v 342.3 4.59998 159.87 
v 342 3.49999 159.87 
v 342.4 3.29998 159.77 
v 343.6 2.89999 159.67 
v 344 3.49999 159.77 
v 342.4 3.09999 159.67 
v 342.4 2.89999 159.77 
v 342 2.69999 161.37 
v 342 2.99999 161.37 
v 341.9 2.99999 161.37 
v 341.9 2.99999 161.37 
v 341.9 2.99999 160.87 
v 341.9 2.69999 160.87 
v 341.9 2.69999 161.37 
v 341.9 2.69999 161.37 
v 342 2.69999 161.37 
v 341.9 2.69999 161.37 
v 342 2.69999 160.87 
v 342 2.69999 160.87 
v 342 2.99999 160.87 
v 342 4.59998 160.87 
v 342 2.99999 160.87 
v 342 2.69999 160.87 
v 341.9 2.69999 160.87 
v 341.9 2.99999 160.87 
v 341.9 2.99999 161.37 
v 341.9 4.29999 161.37 
v 341.9 2.99999 160.87 
v 341.9 2.69999 160.87 
v 341.9 2.69998 159.87 
v 342 2.69999 159.87 
v 341.9 2.69998 159.87 
v 341.9 4.69999 160.87 
v 341.9 4.69999 160.87 
v 341.9 2.69999 160.87 
v 342 4.59998 160.87 
v 342 2.69999 160.87 
v 341.9 4.69998 159.87 
v 341.9 4.29999 161.47 
v 341.9 4.69999 161.47 
v 341.9 4.69999 161.37 
v 341.9 4.69999 161.47 
v 341.9 4.29999 161.47 
v 343.35 4.29999 161.47 
v 342.3 4.59998 160.67 
v 342.3 4.59998 160.87 
v 343.6 4.59998 160.67 
v 342 4.59998 161.37 
v 342 4.59998 160.87 
v 343.6 4.59998 161.37 
v 342 4.69999 161.37 
v 343.6 4.69998 161.37 
v 342.3 4.69998 161.37 
v 343.6 4.69998 161.37 
v 343.6 4.69999 161.47 
v 341.9 4.69999 161.47 
v 342 4.69998 160.87 
v 341.9 4.69999 160.87 
v 342.3 4.69998 161.37 
v 342.3 4.69998 160.87 
v 342 4.59998 161.37 
v 342.3 4.59998 160.87 
v 342 4.59998 161.37 
v 342 4.29999 161.37 
v 343.6 4.29998 161.37 
v 342.3 4.69998 160.67 
v 343.6 4.69997 159.87 
v 342 4.69998 159.87 
v 342.3 4.59998 160.67 
v 343.6 4.59998 160.67 
v 342.3 4.59998 160.67 
v 342.3 4.69998 160.67 
v 343.6 4.59998 160.67 
v 342 4.69998 160.87 
v 342.3 4.69998 160.87 
v 342.3 4.69998 160.67 
v 343.6 4.69998 160.67 
v 341.9 4.69999 160.87 
v 341.9 2.99999 160.87 
v 341.9 4.69999 160.87 
v 342 4.69998 160.87 
v 341.9 4.69999 160.87 
v 342.3 4.59998 160.87 
v 342.3 4.69998 160.87 
v 342 4.69998 160.87 
v 342 4.59998 160.87 
v 342.3 4.59998 160.87 
v 342 4.59998 160.87 
v 343.6 4.59998 161.37 
v 342.3 4.69998 160.87 
v 342 2.99999 161.37 
v 342 4.59998 161.37 
v 342 4.29999 161.37 
v 342 4.59998 161.37 
v 344 4.59998 161.37 
v 341.9 4.29999 161.37 
v 342 4.29999 161.37 
v 341.9 4.29999 161.47 
v 341.9 4.29999 161.37 
v 343.35 4.29999 161.47 
v 342 4.29999 161.37 
v 341.9 4.29999 161.37 
v 342 2.99999 161.37 
v 341.9 2.99999 161.37 
v 342 2.99999 160.87 
v 341.9 4.69998 159.87 
v 342 4.69998 159.87 
v 341.9 2.69998 159.87 
v 341.9 4.69998 159.87 
v 343.6 4.69997 159.87 
v 342.3 4.59998 159.87 
v 342 2.69999 159.87 
v 343.6 4.59998 159.87 
v 342 4.59998 159.87 
v 342 4.59998 159.87 
v 342 2.69999 159.87 
v 342 4.69998 159.87 
v 342.2 4.29997 159.77 
v 342.2 4.29997 159.87 
v 342.6 4.29997 159.87 
v 342.2 4.29997 159.87 
v 342.2 4.29997 159.77 
v 342.2 3.89997 159.77 
v 342.6 3.89997 159.87 
v 342.2 3.89997 159.87 
v 342.2 3.89997 159.77 
v 342.2 3.89997 159.87 
v 342.6 3.89997 159.87 
v 342.2 4.29997 159.87 
v 342.2 3.89997 159.87 
v 342.2 3.89997 159.77 
v 342.2 4.29997 159.77 
v 342.6 4.29997 159.77 
v 342.6 3.89997 159.77 
v 342.2 3.29999 159.77 
v 342.2 3.29999 159.67 
v 342.2 2.69999 159.67 
v 342.2 3.29999 159.67 
v 342.2 3.29999 159.77 
v 342.4 3.29999 159.77 
v 342.4 3.29999 159.77 
v 342.2 3.29999 159.77 
v 342.2 2.69999 159.77 
v 342.2 2.69999 159.77 
v 342 3.49999 159.87 
v 342 2.69999 159.87 
v 344 2.69999 159.87 
v 342 2.69999 159.87 
v 342 3.49999 159.87 
v 342.4 3.09998 159.77 
v 344 2.69999 159.87 
v 342.35 3.29998 159.77 
v 342.2 2.69999 159.67 
v 342.2 3.29999 159.67 
v 342.4 2.69999 159.67 
v 343.6 4.69999 161.47 
v 343.6 4.59998 161.37 
v 344.1 2.69998 161.37 
v 344.1 2.69998 161.37 
v 344.1 2.69998 159.87 
v 344.1 4.29998 161.47 
v 344.1 4.69998 161.47 
v 343.6 4.69999 161.47 
v 344.1 4.69998 161.47 
v 344.1 4.29998 161.47 
v 344.1 4.69998 161.37 
v 343.6 4.69999 161.47 
v 344.1 4.69998 161.47 
v 344.1 4.69998 161.37 
v 343.6 4.69998 161.37 
v 343.6 4.29999 161.47 
v 344.1 4.29998 161.47 
v 343.6 4.29999 161.47 
v 343.6 4.29998 161.37 
v 343.6 4.29999 161.47 
v 343.6 4.29999 161.47 
v 343.6 4.29998 161.37 
v 344.1 4.69998 159.87 
v 344.1 4.69998 161.37 
v 344.1 2.69998 161.37 
v 344.1 4.69998 159.87 
v 344 4.69998 161.37 
v 344.1 4.69998 161.37 
v 344 4.69998 161.37 
v 344.1 4.29998 161.37 
v 344.1 4.29998 161.37 
v 344.1 4.69998 161.37 
v 344.1 4.29998 161.37 
v 343.6 4.59998 161.37 
v 344 4.59998 161.37 
v 343.6 4.69998 161.37 
v 343.6 4.29998 161.37 
v 344 4.59998 161.37 
v 344 4.69998 161.37 
v 344 4.69998 159.87 
v 342.3 4.59998 160.67 
v 343.6 4.59998 160.67 
v 343.6 4.69998 160.67 
v 343.6 4.69998 160.67 
v 343.6 4.69998 161.37 
v 344 4.69998 161.37 
v 344 4.59998 161.37 
v 344 4.59998 159.87 
v 343.6 4.59998 161.37 
v 343.6 4.69998 160.67 
v 342.6 3.89997 159.77 
v 342.6 3.89997 159.77 
v 342.6 4.29997 159.77 
v 342.6 4.29997 159.87 
v 342.6 4.29997 159.77 
v 342.6 4.29997 159.87 
v 342.6 3.89997 159.87 
v 344.1 2.69998 159.87 
v 344 4.59998 159.87 
v 344.1 4.69998 159.87 
v 344 4.59998 159.87 
v 344 2.69999 159.87 
v 343.8 4.29997 159.77 
v 343.8 3.89997 159.77 
v 343.4 3.89997 159.77 
v 343.8 3.89997 159.77 
v 343.8 4.29997 159.77 
v 343.8 4.29997 159.87 
v 343.8 4.29997 159.87 
v 343.8 4.29997 159.77 
v 343.4 4.29997 159.77 
v 343.8 3.89997 159.87 
v 343.8 4.29997 159.87 
v 343.4 4.29997 159.87 
v 343.8 3.89997 159.87 
v 343.8 3.89997 159.77 
v 343.8 3.89997 159.87 
v 343.4 3.89997 159.87 
v 344.1 2.69998 159.87 
v 343.4 4.29997 159.77 
v 343.4 4.29997 159.87 
v 343.4 4.29997 159.77 
v 343.4 3.89997 159.77 
v 343.4 4.29997 159.87 
v 343.4 3.89997 159.87 
v 343.4 3.89997 159.87 
v 343.4 3.89997 159.77 
v 343.6 3.09999 159.67 
v 343.6 3.09998 159.77 
v 343.6 2.89999 159.77 
v 343.6 3.09998 159.77 
v 343.4 3.09999 159.77 
v 343.6 2.89999 159.77 
v 343.6 3.09999 159.67 
v 343.4 3.09999 159.67 
v 343.8 2.69999 159.67 
v 343.8 2.69999 159.77 
v 343.8 2.69999 159.77 
v 343.8 2.69999 159.67 
v 343.8 3.29999 159.67 
v 343.8 2.69999 159.77 
v 343.8 3.29999 159.77 
v 343.6 3.29998 159.77 
v 343.8 3.29999 159.77 
v 344 2.69999 159.87 
v 343.6 3.29998 159.77 
v 343.8 3.29999 159.67 
v 343.6 3.29999 159.67 
v 343.8 3.29999 159.77 
v 343.6 3.29999 159.67 
v 343.8 3.29999 159.67 
v 343.8 2.69999 159.67 
v 343.6 3.09998 159.77 
v 343.6 3.29998 159.77 
v 343.6 3.09998 159.77 
v 343.6 2.89999 159.77 
v 343.6 2.89999 159.77 
v 343.6 3.09998 159.77 
v 343.6 2.89999 159.67 
v 343.6 2.69999 159.77 
v 343.6 2.89999 159.77 
v 343.4 3.09999 159.77 
v 343.4 2.89999 159.77 
v 342.4 2.69999 159.77 
v 342.4 2.69999 159.77 
v 342.4 2.69999 159.67 
v 343.6 3.09999 159.67 
v 343.6 2.69999 159.67 
v 343.6 3.29999 159.67 
v 343.6 2.69999 159.67 
v 343.6 2.69999 159.67 
v 343.4 2.89999 159.77 
v 343.4 2.89999 159.67 
v 342.4 3.29999 159.77 
v 343.4 3.09999 159.67 
v 343.6 3.09999 159.67 
v 342.4 3.29998 159.67 
v 343.4 2.89999 159.67 
v 343.6 2.89999 159.67 
v 342.6 2.89999 159.67 
v 342.6 3.09998 159.67 
v 342.6 3.09998 159.67 
v 342.6 2.89999 159.67 
v 342.4 3.09998 159.67 
v 342.4 3.29998 159.67 
v 342.4 3.09998 159.77 
v 342.4 2.69999 159.77 
v 342.4 2.9 159.77 
v 342.6 2.89999 159.77 
v 342.6 3.09999 159.77 
v 342.4 2.9 159.77 
v 342.4 3.09998 159.77 
v 342.4 3.09998 159.67 
v 342.4 3.09998 159.77 
v 342.4 3.09998 159.77 
v 342.4 2.9 159.77 
v 342.2 2.69999 159.77 
v 342.2 2.69999 159.67 
v 342.4 2.9 159.77 
v 342.6 3.09999 159.77 
v 342.6 2.89999 159.77 
v 342.4 2.89999 159.67 
v 342.4 2.89999 159.67 
v 342.4 2.69999 159.67 
v 342.4 3.29998 159.67 
v 342.4 2.89999 159.67 
v 342.4 2.89999 159.67 
v 342.3 4.69998 160.67 
v 342 3.49999 159.87 
v 341.937 2.99999 161.37 
v 341.962 2.99999 160.87 
v 341.978 2.69999 160.87 
v 341.987 2.69999 161.37 
v 341.987 2.69999 161.37 
v 341.978 2.69999 160.87 
v 344.04 2.69998 161.37 
v 342 4.59998 160.87 
v 341.962 2.99999 160.87 
v 341.937 2.99999 161.37 
v 341.936 4.29999 161.382 
v 341.983 2.69999 159.848 
v 341.976 4.67095 160.87 
v 341.976 4.67095 160.87 
v 341.978 2.69999 160.87 
v 342 4.59998 160.87 
v 341.993 4.66248 159.87 
v 341.962 4.67915 161.383 
v 341.936 4.29999 161.382 
v 342.3 4.59998 160.67 
v 342.3 4.69164 160.67 
v 342.3 4.59998 160.87 
v 341.962 4.67915 161.383 
v 342 4.59998 160.87 
v 343.6 4.65149 161.387 
v 341.962 4.67915 161.383 
v 342 4.59998 160.87 
v 341.976 4.67095 160.87 
v 342.3 4.65292 160.87 
v 341.962 4.67915 161.383 
v 343.6 4.65149 161.387 
v 341.962 4.67915 161.383 
v 342.3 4.59998 161.37 
v 342.3 4.65292 160.87 
v 341.962 4.67915 161.383 
v 342.3 4.65292 160.87 
v 341.936 4.29999 161.382 
v 343.6 4.29998 161.43 
v 342.3 4.64998 159.87 
v 342.3 4.69164 160.67 
v 343.6 4.61902 159.87 
v 341.993 4.66248 159.87 
v 342.3 4.69164 160.67 
v 341.976 4.67095 160.87 
v 342.3 4.65292 160.87 
v 342.3 4.69164 160.67 
v 343.6 4.65149 161.387 
v 341.976 4.67095 160.87 
v 341.976 4.67095 160.87 
v 341.962 4.67915 161.383 
v 341.976 4.67095 160.87 
v 343.6 4.65149 161.387 
v 341.937 2.99999 161.37 
v 341.936 4.29999 161.382 
v 341.962 4.67915 161.383 
v 341.937 2.99999 161.37 
v 344.04 4.66248 161.377 
v 341.983 2.69999 159.848 
v 342.3 4.64998 159.87 
v 343.6 4.61902 159.87 
v 341.993 4.66248 159.87 
v 342.2 3.89997 159.804 
v 342.6 3.89997 159.837 
v 342.2 4.29998 159.837 
v 342.2 3.89997 159.804 
v 342.2 4.29998 159.837 
v 342.6 4.29998 159.804 
v 342 3.49999 159.799 
v 341.983 2.69999 159.848 
v 344.014 2.69998 159.844 
v 342 3.49999 159.799 
v 342.4 3.09999 159.732 
v 342.36 3.29999 159.741 
v 341.983 2.69999 159.848 
v 343.6 4.65149 161.387 
v 344.014 2.69998 159.844 
v 344.04 2.69998 161.37 
v 344.1 4.29998 161.437 
v 343.6 4.65149 161.387 
v 343.6 4.29998 161.43 
v 343.6 4.29998 161.43 
v 344.014 4.64544 159.87 
v 344.04 4.66248 161.377 
v 344.04 2.69998 161.37 
v 344.04 4.66248 161.377 
v 344.1 4.29998 161.437 
v 343.6 4.65149 161.387 
v 344.04 4.66248 161.377 
v 343.6 4.29998 161.43 
v 342.3 4.69164 160.67 
v 341.987 2.69999 161.37 
v 341.936 4.29999 161.382 
v 343.6 4.29998 161.43 
v 342.6 3.89997 159.837 
v 342.6 4.29998 159.804 
v 344.014 2.69998 159.844 
v 344.014 4.64544 159.87 
v 344.014 4.64544 159.87 
v 344.014 2.69998 159.844 
v 343.8 4.29998 159.804 
v 343.8 3.89997 159.837 
v 343.4 3.89997 159.804 
v 343.8 3.89997 159.837 
v 343.8 4.29998 159.804 
v 343.4 4.29998 159.837 
v 343.4 4.29998 159.837 
v 343.4 3.89997 159.804 
v 343.6 2.89999 159.69 
v 343.6 3.09998 159.729 
v 343.4 3.09999 159.699 
v 343.6 3.09998 159.729 
v 343.6 2.89999 159.69 
v 343.4 3.09999 159.699 
v 344 3.49999 159.795 
v 344 3.49999 159.795 
v 343.6 3.09998 159.729 
v 343.64 3.29999 159.735 
v 343.64 3.29999 159.735 
v 343.6 3.09998 159.729 
v 343.625 2.77272 159.745 
v 343.4 3.09999 159.699 
v 343.625 2.77272 159.745 
v 343.625 2.77272 159.745 
v 343.6 2.89999 159.69 
v 343.4 2.89999 159.689 
v 343.4 2.89999 159.689 
v 342.382 2.8037 159.739 
v 343.625 2.77272 159.745 
v 343.6 3.09998 159.729 
v 343.64 3.29999 159.735 
v 343.4 2.89999 159.689 
v 343.4 2.89999 159.689 
v 343.4 3.09999 159.699 
v 343.64 3.29999 159.735 
v 343.6 3.09998 159.729 
v 342.36 3.29999 159.741 
v 343.4 2.89999 159.689 
v 343.6 2.89999 159.69 
v 343.625 2.77272 159.745 
v 342.6 2.89999 159.695 
v 342.6 3.09999 159.707 
v 342.6 3.09999 159.707 
v 342.6 2.89999 159.695 
v 342.4 3.09999 159.732 
v 342.382 2.8037 159.739 
v 342.4 3.09999 159.732 
v 342.36 3.29999 159.741 
v 342.382 2.8037 159.739 
v 342.4 3.09999 159.732 
v 342.382 2.8037 159.739 
v 342.6 2.89999 159.695 
v 342.6 3.09999 159.707 
v 342.4 3.09999 159.732 
v 342.6 3.09999 159.707 
v 342.6 2.89999 159.695 
v 342.4 3.09999 159.732 
v 342.382 2.8037 159.739 
v 342.36 3.29999 159.741 
v 342.382 2.8037 159.739 
v 342 4.59998 160.87 
v 341.962 2.99999 160.87 
v 341.976 4.67095 160.87 
v 342.3 4.69164 160.67 

vn 0 -1 0 
vn 0 -1 0 
vn 0 -1 0 
vn 0 0 1 
vn 0 0 1 
vn 0 0 1 
vn 1 0 0 
vn 1 0 0 
vn 1 0 0 
vn 0 0 1 
vn 0 0 1 
vn 0 0 1 
vn 0 -1 0 
vn 0 -1 0 
vn 0 -1 0 
vn 0 -1 0 
vn 1 0 0 
vn 0 0 1 
vn 0 0 1 
vn 0 0 1 
vn 0 -1 0 
vn 0 -1 0 
vn 0 0 1 
vn 0 0 1 
vn 0 0 1 
vn 0 -1 0 
vn -1 0 0 
vn -1 0 0 
vn -1 0 0 
vn 0 1 0 
vn 0 1 0 
vn 0 1 0 
vn 0 0 1 
vn 0 0 1 
vn 0 0 1 
vn 0 1 0 
vn 0 0 1 
vn -1 0 0 
vn -1 0 0 
vn -1 0 0 
vn -1 0 0 
vn 0 -1 0 
vn -1 0 0 
vn 0 -1 0 
vn 0 1 0 
vn 0 1 0 
vn -1 0 0 
vn -1 0 0 
vn -1 0 0 
vn -1 0 0 
vn -1 0 0 
vn -1 0 0 
vn 0 -1 0 
vn 0 -1 0 
vn 0 -1 0 
vn -1 0 0 
vn -1 0 0 
vn 0 -1 0 
vn 0 -1 0 
vn -1 0 0 
vn -1 0 0 
vn 0 0 -1 
vn 0 0 -1 
vn 0 0 -1 
vn -1 0 0 
vn -1 0 0 
vn 0 0 -1 
vn 0 -1 0 
vn 0 -1 0 
vn 0 -1 0 
vn 0 -1 0 
vn -1 0 0 
vn -1 0 0 
vn -1 0 0 
vn 0 0 1 
vn 0 0 1 
vn 0 0 1 
vn 0 0 1 
vn 0 -1 0 
vn 0 -1 0 
vn -1 0 0 
vn -1 0 0 
vn -1 0 0 
vn -1 0 0 
vn 0 0 1 
vn 0 0 1 
vn 0 0 1 
vn 1 0 0 
vn 1 0 0 
vn 0 1 0 
vn 0 1 0 
vn 0 1 0 
vn 0 1 0 
vn 0 1 0 
vn 0 1 0 
vn 0 1 0 
vn 0 1 0 
vn 0 1 0 
vn 1 0 0 
vn 1 0 0 
vn 1 0 0 
vn 0 0 -1 
vn 0 0 -1 
vn 0 0 -1 
vn 0 1 0 
vn 0 0 1 
vn 0 0 1 
vn 0 0 1 
vn 0 0 -1 
vn 0 0 -1 
vn 0 0 -1 
vn 0 1 0 
vn 0 1 0 
vn 0 1 0 
vn 1 0 0 
vn 1 0 0 
vn 1 0 0 
vn 0 1 0 
vn 0 0 1 
vn 0 0 1 
vn 0 0 1 
vn 0 1 0 
vn 0 1 0 
vn 0 1 0 
vn 0 1 0 
vn -1 0 0 
vn -1 0 0 
vn -1 0 0 
vn 0 1 0 
vn 0 1 0 
vn 0 1 0 
vn 1 0 0 
vn 0 0 1 
vn 1 0 0 
vn -1 0 0 
vn 0 1 0 
vn 0 1 0 
vn 0 1 0 
vn 0 1 0 
vn 0 0 -1 
vn 0 0 -1 
vn 0 1 0 
vn 0 1 0 
vn 0 0 -1 
vn 1 0 0 
vn 0 0 -1 
vn 0 0 -1 
vn 0 0 -1 
vn 0 -1 0 
vn 0 -1 0 
vn 0 -1 0 
vn 0 0 -1 
vn 0 0 -1 
vn 0 0 -1 
vn 0 0 -1 
vn 0 1 0 
vn 0 1 0 
vn 0 1 0 
vn 1 0 0 
vn 1 0 0 
vn 1 0 0 
vn 0 1 0 
vn 0 1 0 
vn 1 0 0 
vn 0 -1 0 
vn 0 -1 0 
vn 0 -1 0 
vn 1 0 0 
vn 0 0 1 
vn 0 0 -1 
vn 0 0 -1 
vn 0 0 -1 
vn 0 0 1 
vn 0 0 1 
vn 0 0 -1 
vn 1 0 0 
vn 1 0 0 
vn 1 0 0 
vn 0 1 0 
vn 0 1 0 
vn 0 1 0 
vn 0 1 0 
vn -1 0 0 
vn -1 0 0 
vn -1 0 0 
vn 0 0 -1 
vn 0 1 0 
vn 0 1 0 
vn 0 1 0 
vn 0 1 0 
vn 0 1 0 
vn 0 1 0 
vn 0 0 -1 
vn -1 0 0 
vn 0 0 -1 
vn 0 0 -1 
vn 0 0 -1 
vn 0 1 0 
vn 0 0 -1 
vn 0 0 -1 
vn 0 0 -1 
vn 0 1 0 
vn 0 1 0 
vn 0 1 0 
vn 1 0 0 
vn 0 0 1 
vn 0 0 1 
vn 0 0 -1 
vn 0 0 -1 
vn 0 0 1 
vn 0 0 1 
vn 0 -1 0 
vn -1 0 0 
vn -1 0 0 
vn -1 0 0 
vn -1 0 0 
vn 0 0 1 
vn 0 0 -1 
vn 0 0 -1 
vn -1 0 0 
vn -1 0 0 
vn -1 0 0 
vn 0 -1 0 
vn 0 -1 0 
vn 0 -1 0 
vn -1 0 0 
vn 0 0 -1 
vn 1 0 0 
vn 0 -1 0 
vn 0 0 -1 
vn 0 -1 0 
vn -1 0 0 
vn 1 0 0 
vn 0 0 1 
vn -1 0 0 
vn 1 0 0 
vn 0 0 1 
vn 0 0 1 
vn -1 0 0 
vn 0 -1 0 
vn 0 -1 0 
vn 0 -1 0 
vn 0 -1 0 
vn 1 0 0 
vn 0 -1 0 
vn 0 -1 0 
vn 0 -1 0 
vn 0 0 1 
vn 0 0 1 
vn 0 0 -1 
vn -1 0 0 
vn 1 0 0 
vn 0 0 -1 
vn -1 0 0 
vn 0 1 0 
vn 0 0 -1 
vn 0 0 -1 
vn 0 0 -1 
vn 0 1 0 
vn 0 1 0 
vn 0 0 -1 
vn 0 0 -1 
vn 0 0 -1 
vn 0 0 -1 
vn 0 0 -1 
vn 0 0 -1 
vn -1 0 0 
vn -1 0 0 
vn -1 0 0 
vn 0 0 -1 
vn 0 0 -1 
vn 0 0 -1 
vn 0 0 -1 
vn 1 0 0 
vn 1 0 0 
vn 1 0 0 
vn 0 0 -1 
vn 0 0 -1 
vn 0 -1 0 
vn 0 -1 0 
vn 0 -1 0 
vn -1 0 0 
vn -1 0 0 
vn 1 0 0 
vn 0 -1 0 
vn 0 0 -1 
vn 0 0 -1 
vn -1 0 0 
vn 0 1 0 
vn 0 1 0 
vn 0 1 0 
vn -1 0 0 
vn -1 0 0 
vn -1 0 0 
vn 0 -1 0 
vn 0 -1 0 
vn 0 -1 0 
vn 0 0 1 
vn 0 0 1 
vn 0 0 1 
vn -1 0 0 
vn 0 0 -1 
vn 0 0 -1 
vn 0 0 -1 
vn 0 0 -1 
vn 0 -1 0 
vn -1 0 0 
vn -1 0 0 
vn -1 0 0 
vn 0 1 0 
vn 0 1 0 
vn 0 1 0 
vn 0 0 1 
vn 0 0 1 
vn 0 0 1 
vn -1 0 0 
vn 0 0 1 
vn 0 0 1 
vn 0 0 1 
vn -1 0 0 
vn -1 0 0 
vn -1 0 0 
vn 0 -1 0 
vn 0 0 -1 
vn 0 0 -1 
vn 0 0 -1 
vn 0 0 -1 
vn -1 0 0 
vn 0 -1 0 
vn 0 -1 0 
vn 0 -1 0 
vn 0 0 -1 
vn 0 0 -1 
vn 0 0 -1 
vn 0 0 -1 
vn 0 -1 0 
vn 0 0 1 
vn 0 0 -1 
vn 0 -1 0 
vn 0 -1 0 
vn 0 -1 0 
vn 1 0 0 
vn 1 0 0 
vn 1 0 0 
vn 0 -1 0 
vn 1 0 0 
vn 1 0 0 
vn 0 0 1 
vn 0 -1 0 
vn 0 0 1 
vn 0 0 1 
vn 0 0 1 
vn 0 0 1 
vn 0 0 1 
vn 1 0 0 
vn 1 0 0 
vn 1 0 0 
vn 0 1 0 
vn 0 1 0 
vn 0 1 0 
vn 0 1 0 
vn 1 0 0 
vn 1 0 0 
vn 1 0 0 
vn 1 0 0 
vn 0 0 1 
vn 0 0 1 
vn 0 0 1 
vn 0 0 1 
vn 0 -1 0 
vn 0 -1 0 
vn 0 -1 0 
vn 1 0 0 
vn 1 0 0 
vn 0 -1 0 
vn 0 -1 0 
vn 0 -1 0 
vn 0 -1 0 
vn 1 0 0 
vn 1 0 0 
vn 1 0 0 
vn 0 1 0 
vn 0 1 0 
vn 0 1 0 
vn 0 0 1 
vn 0 0 1 
vn 0 -1 0 
vn 1 0 0 
vn 0 0 -1 
vn 0 0 -1 
vn 0 0 -1 
vn 0 0 1 
vn 0 0 1 
vn 0 0 1 
vn 0 1 0 
vn 0 1 0 
vn 0 1 0 
vn 0 1 0 
vn -1 0 0 
vn -1 0 0 
vn -1 0 0 
vn 0 -1 0 
vn 0 -1 0 
vn 0 0 -1 
vn 0 0 -1 
vn -1 0 0 
vn 0 0 -1 
vn 0 -1 0 
vn -1 0 0 
vn -1 0 0 
vn -1 0 0 
vn 1 0 0 
vn 1 0 0 
vn 1 0 0 
vn 0 0 1 
vn 0 0 1 
vn -1 0 0 
vn -1 0 0 
vn -1 0 0 
vn 1 0 0 
vn 0 1 0 
vn 0 1 0 
vn 0 1 0 
vn 0 0 -1 
vn 0 0 -1 
vn 0 0 -1 
vn 0 1 0 
vn 1 0 0 
vn 0 0 1 
vn 0 0 1 
vn 1 0 0 
vn 1 0 0 
vn 1 0 0 
vn 1 0 0 
vn 0 -1 0 
vn 0 0 1 
vn -1 0 0 
vn -1 0 0 
vn -1 0 0 
vn -1 0 0 
vn 0 1 0 
vn -1 0 0 
vn -1 0 0 
vn 0 0 -1 
vn 1 0 0 
vn 1 0 0 
vn 1 0 0 
vn 0 1 0 
vn 0 0 1 
vn 1 0 0 
vn 1 0 0 
vn -1 0 0 
vn 0 1 0 
vn 0 1 0 
vn 0 0 -1 
vn 0 0 -1 
vn 0 0 -1 
vn 0 1 0 
vn 1 0 0 
vn 1 0 0 
vn -1 0 0 
vn 0 1 0 
vn 0 1 0 
vn 0 0 -1 
vn -1 0 0 
vn -1 0 0 
vn 0 0 -1 
vn 0 0 -1 
vn 0 0 -1 
vn 0 0 -1 
vn 0 0 -1 
vn 0 0 -1 
vn 0 0 -1 
vn 1 0 0 
vn 1 0 0 
vn 1 0 0 
vn 0 0 -1 
vn 0 -1 0 
vn 0 -1 0 
vn 0 -1 0 
vn 0 0 -1 
vn 1 0 0 
vn 0 -1 0 
vn 0 0 -1 
vn 0 -1 0 
vn 0 -1 0 
vn 0 -1 0 
vn 0 0 -1 
vn 1 0 0 
vn 0 -1 0 
vn 0 -1 0 
vn 0 -1 0 
vn 0 0 -1 
vn 0 -1 0 
vn 0 0 -1 
vn 0 0 -1 
vn 0 0 -1 
vn 1 0 0 
vn 1 0 0 
vn 1 0 0 
vn 0 1 0 
vn 0 1 0 
vn 0 1 0 
vn 0 0 1 
vn 0 0 1 
vn 0 0 1 
vn 1 0 0 
vn 0 -1 0 
vn 0 -1 0 
vn 0 -1 0 
vn 0 0 -1 
vn 0 0 -1 
vn -1 0 0 
vn -1 0 0 
vn -1 0 0 
vn 0 1 0 
vn 0 0 1 
vn -1 0 0 
vn 0 -1 0 
vn 1 0 0 
vn 1 0 0 
vn 1 0 0 
vn 1 0 0 
vn 0 -1 0 
vn 0 -1 0 
vn 0 -1 0 
vn 0 0 1 
vn 0 0 1 
vn 0 0 1 
vn 1 0 0 
vn 0 1 0 
vn 0 1 0 
vn 0 1 0 
vn 1 0 0 
vn 0 0 -1 
vn 0 0 -1 
vn 0 0 -1 
vn 1 0 0 
vn 0 0 -1 
vn 0 0 -1 
vn 0 0 -1 
vn 0 0 -1 
vn 0 0 -1 
vn 0 0 -1 
vn 1 0 0 
vn 0 1 0 
vn 0 1 0 
vn 0 1 0 
vn 0 -1 0 
vn 0 -1 0 
vn 0 -1 0 
vn 1 0 0 
vn 1 0 0 
vn 1 0 0 
vn 0 0 1 
vn 0 0 1 
vn 0 0 1 
vn 1 0 0 
vn 0 -1 0 
vn 1 0 0 
vn 1 0 0 
vn 1 0 0 
vn 0 0 -1 
vn 0 0 -1 
vn 1 0 0 
vn 0 -1 0 
vn 0 -1 0 
vn 0 -1 0 
vn 0 0 1 
vn 0 1 0 
vn 0 1 0 
vn 0 1 0 
vn 0 1 0 
vn 0 0 -1 
vn 0 0 -1 
vn 0 0 -1 
vn 0 0 -1 
vn 0 0 -1 
vn 0 0 -1 
vn 0 0 -1 
vn 0 0 1 
vn 0 0 1 
vn 0 0 1 
vn 0 0 1 
vn 1 0 0 
vn 1 0 0 
vn 1 0 0 
vn 0 0 1 
vn 0 0 1 
vn 0 0 1 
vn 1 0 0 
vn 1 0 0 
vn 1 0 0 
vn 0 0 1 
vn -1 0 0 
vn -1 0 0 
vn -1 0 0 
vn 0 1 0 
vn 0 1 0 
vn 0 0 1 
vn 0 -1 0 
vn 0 -1 0 
vn 0 -1 0 
vn -1 0 0 
vn -1 0 0 
vn -1 0 0 
vn 0 -1 0 
vn 0 -1 0 
vn 0 -1 0 
vn 1 0 0 
vn 0 1 0 
vn 0 1 0 
vn 0 1 0 
vn 0 0 -1 
vn 0 0 -1 
vn 1 0 0 
vn 0 1 0 
vn 0 0 -1 
vn 0 -1 0 
vn 0 1 0 
vn 0 0 -1 
vn 0 0 -1 
vn 0 -1 0 
vn 0 -1 0 
vn -1 0 0 
vn -1 0 0 
vn -1 0 0 
vn 0 -1 0 
vn -1 0 0 
vn -1 0 0 
vn 0 -1 0 
vn -1 0 0 
vn 0 0 -1 
vn 0 0 -1 
vn 0 0 -1 
vn 0 1 0 
vn 0 0 1 
vn 0 0 -1 
vn 0 0 -1 
vn 0 1 0 
vn 0 1 0 
vn 0 1 0 
vn 0 0 -1 
vn 0 0 -1 
vn 0 0 -1 
vn -1 0 0 
vn -1 0 0 
vn -1 0 0 
vn 0 -1 0 
vn 0 -1 0 
vn 0 -1 0 
vn -1 0 0 
vn 0 0 -1 
vn 0 -1 0 
vn 0 0 -1 
vn 0 0 -1 
vn 0 0 -1 
vn -1 0 0 
vn -1 0 0 
vn 0 0 -1 
vn 0 0 -1 
vn 1 0 0 
vn 1 0 0 
vn 1 0 0 
vn 1 0 0 
vn 0 0 -1 
vn 1 0 0 
vn 0 0 -1 
vn 0 0 -1 
vn 0 0 -1 
vn 1 0 0 
vn 0 1 0 
vn 0 1 0 
vn 0 1 0 
vn 0 0 -1 
vn 0 0 -1 
vn 0 1 0 
vn 0 1 0 
vn 0 1 0 
vn 0 0 -1 
vn 0 1 0 
vn 0 1 0 
vn 0 0 1 
vn 0 1 0 
vn 1 0 0 
vn 1 0 0 
vn 1 0 0 
vn 0 0 1 
vn 0 0 1 
vn 0 0 1 
vn 0 0 1 
vn -1 0 0 
vn -1 0 0 
vn -1 0 0 
vn 0 0 1 
vn -1 0 0 
vn -1 0 0 
vn -1 0 0 
vn 0 1 0 
vn 0 1 0 
vn 0 1 0 
vn 0 0 1 
vn 0 0 1 
vn 0 0 1 
vn -1 0 0 
vn -1 0 0 
vn -1 0 0 
vn 0 0 1 
vn 0 1 0 
vn 0 1 0 
vn 0 0 1 
vn 1 0 0 
vn 1 0 0 
vn 1 0 0 
vn 0 -1 0 
vn 0 -1 0 
vn 0 -1 0 
vn 1 0 0 
vn 1 0 0 
vn 1 0 0 
vn 0 0 1 
vn 0 -1 0 
vn 0 -1 0 
vn 0 -1 0 
vn -1 0 0 
vn 0 -1 0 
vn 0 -1 0 
vn 0 0 -1 
vn 0 0 -1 
vn -1 0 0 
vn 0 0 -1 
vn 0 0 -1 
vn 0 -1 0 
vn 0 -1 0 
vn 0 -1 0 
vn 0 1 0 
vn 0 0 -1 
vn 0 -1 0 
vn -1 0 0 
vn -1 0 0 
vn -1 0 0 
vn -1 0 0 
vn 0 1 0 
vn 0 0 -1 
vn 0 0 -1 
vn 0 0 -1 
vn 0 0 -1 
vn 1 0 0 
vn 1 0 0 
vn 0 -1 0 
vn 0 0 -1 
vn 0 0 -1 
vn 0 -1 0 
vn 0 -1 0 
vn 0 -1 0 
vn 0 0 -1 
vn 0 -1 0 
vn 0 0 -1 
vn 0 1 0 
vn 0 -1 0 
vn 0 1 0 
vn 1 0 0 
vn 1 0 0 
vn 1 0 0 
vn -1 0 0 
vn 0 0 -1 
vn 0 0 1 
vn 0 0 1 
vn 0 0 1 
vn -1 0 0 
vn -1 0 0 
vn -1 0 0 
vn 0 0 1 
vn -1 0 0 
vn 0 -1 0 
vn 0 -1 0 
vn 0 -1 0 
vn -1 0 0 
vn -1 0 0 
vn -1 0 0 
vn 0 0 -1 
vn 0 0 -1 
vn 0 0 -1 
vn -1 0 0 
vn -1 0 0 
vn -1 0 0 
vn 0 0 -1 
vn 0 -1 0 
vn 0 -1 0 
vn 0 -1 0 
vn -1 0 0 
vn -1 0 0 
vn 0 0 1 
vn 0 0 1 
vn 0 0 1 
vn 0 0 1 
vn -1 0 0 
vn -1 0 0 
vn -1 0 0 
vn -1 0 0 
vn 0 0 1 
vn 0 0 1 
vn 0 0 1 
vn 0 1 0 
vn 0 1 0 
vn 0 1 0 
vn 0 1 0 
vn 0 1 0 
vn 0 1 0 
vn 0 0 -1 
vn 0 0 -1 
vn 0 0 -1 
vn 0 1 0 
vn 0 1 0 
vn 0 1 0 
vn 0 1 0 
vn 0 1 0 
vn 0 1 0 
vn 0 1 0 
vn 0 -1 0 
vn 0 -1 0 
vn 0 0 -1 
vn 0 0 -1 
vn 0 0 -1 
vn 0 1 0 
vn 0 1 0 
vn 0 1 0 
vn 0 -1 0 
vn 0 -1 0 
vn 0 0 -1 
vn 0 0 -1 
vn 0 0 -1 
vn 0 1 0 
vn 0 1 0 
vn 0 1 0 
vn 0 1 0 
vn 0 1 0 
vn 0 0 -1 
vn 0 0 -1 
vn 0 0 -1 
vn -1 0 0 
vn 0 0 1 
vn 0 0 1 
vn 0 0 1 
vn 0 -1 0 
vn 0 0 -1 
vn 0 0 -1 
vn 0 -1 0 
vn 0 0 -1 
vn 1 0 0 
vn 1 0 0 
vn 1 0 0 
vn 0 0 1 
vn 0 0 1 
vn -1 0 0 
vn 0 -1 0 
vn 0 -1 0 
vn 0 -1 0 
vn 0 -1 0 
vn 0 0 1 
vn 0 0 1 
vn 0 0 1 
vn 0 0 1 
vn 0 0 -1 
vn 0 0 -1 
vn 0 0 -1 
vn 0 0 -1 
vn 0 1 0 
vn 0 0 -1 
vn 0 0 -1 
vn 0 0 -1 
vn 0 0 -1 
vn 0 0 -1 
vn 1 0 0 
vn 1 0 0 
vn 1 0 0 
vn 0 1 0 
vn 0 1 0 
vn 0 1 0 
vn -1 0 0 
vn -1 0 0 
vn -1 0 0 
vn 0 -1 0 
vn 0 -1 0 
vn 0 -1 0 
vn 0 0 1 
vn 0 0 1 
vn 0 0 1 
vn -1 0 0 
vn 0 0 -1 
vn 0 0 -1 
vn 0 0 -1 
vn 0 -1 0 
vn -1 0 0 
vn -1 0 0 
vn -1 0 0 
vn 0 1 0 
vn 0 1 0 
vn 0 1 0 
vn 0 0 1 
vn 0 0 1 
vn 0 0 1 
vn -1 0 0 
vn 0 0 1 
vn 0 0 1 
vn 0 0 1 
vn -1 0 0 
vn -1 0 0 
vn 0 0 -1 
vn 0 -1 0 
vn 0 0 -1 
vn 0 0 -1 
vn 0 0 -1 
vn 0 0 -1 
vn 0 0 1 
vn 0 0 -1 
vn 0 -1 0 
vn 0 0 1 
vn 0 -1 0 
vn 0 0 1 
vn 0 0 1 
vn 0 0 1 
vn 1 0 0 
vn 1 0 0 
vn 1 0 0 
vn 0 1 0 
vn 0 1 0 
vn 0 1 0 
vn 0 1 0 
vn 0 0 1 
vn 0 -1 0 
vn 0 -1 0 
vn 0 -1 0 
vn 0 0 1 
vn 0 -1 0 
vn 0 -1 0 
vn 1 0 0 
vn 1 0 0 
vn 1 0 0 
vn 0 1 0 
vn 0 1 0 
vn 0 0 1 
vn 0 0 1 
vn 0 -1 0 
vn 1 0 0 
vn 0 0 -1 
vn 0 0 -1 
vn 0 0 -1 
vn 0 1 0 
vn 0 0 -1 
vn 0 0 -1 
vn -1 0 0 
vn -1 0 0 
vn -1 0 0 
vn 0 0 1 
vn 0 0 1 
vn 0 0 1 
vn 0 1 0 
vn 0 0 1 
vn 1 0 0 
vn 1 0 0 
vn 1 0 0 
vn 0 0 1 
vn 0 0 -1 
vn 0 0 -1 
vn 1 0 0 
vn 1 0 0 
vn 1 0 0 
vn 0 1 0 
vn 0 0 1 
vn 1 0 0 
vn 1 0 0 
vn -1 0 0 
vn 0 0 -1 
vn 0 0 -1 
vn 0 0 -1 
vn 0 0 -1 
vn 0 0 -1 
vn 0 0 -1 
vn 1 0 0 
vn 1 0 0 
vn 1 0 0 
vn 0 1 0 
vn 0 1 0 
vn 0 1 0 
vn 0 0 1 
vn 0 0 1 
vn 0 0 1 
vn 1 0 0 
vn 0 -1 0 
vn 0 -1 0 
vn 0 -1 0 
vn 0 0 -1 
vn 0 0 -1 
vn -1 0 0 
vn -1 0 0 
vn -1 0 0 
vn 0 1 0 
vn 0 0 1 
vn -1 0 0 
vn 0 -1 0 
vn 1 0 0 
vn 1 0 0 
vn 0 0 1 
vn 0 0 1 
vn 0 0 1 
vn 1 0 0 
vn 0 0 -1 
vn 0 0 -1 
vn 0 -1 0 
vn 0 -1 0 
vn 1 0 0 
vn 1 0 0 
vn 1 0 0 
vn 0 0 1 
vn 0 0 1 
vn 0 0 1 
vn 1 0 0 
vn 1 0 0 
vn 0 1 0 
vn 0 1 0 
vn 0 1 0 
vn 0 1 0 
vn 0 0 -1 
vn 0 0 -1 
vn 0 0 -1 
vn 0 0 -1 
vn 0 0 -1 
vn 0 0 1 
vn 0 0 1 
vn -1 0 0 
vn -1 0 0 
vn -1 0 0 
vn 0 0 -1 
vn 0 0 -1 
vn 0 0 -1 
vn 0 0 -1 
vn 0 0 -1 
vn 0 -1 0 
vn 0 -1 0 
vn -1 0 0 
vn -1 0 0 
vn -1 0 0 
vn 0 -1 0 
vn 0 0 -1 
vn 0 0 1 
vn 0 0 -1 
vn 0 0 -1 
vn 0 0 -1 
vn 0 0 -1 
vn 0 0 -1 
vn 0 0 -1 
vn 0 0 -1 
vn 0 0 -1 
vn 0 0 -1 
vn 0 0 -1 
vn 0 0 -1 
vn 0 0 -1 
vn 0 1 0 
vn 0 0 1 
vn 0 0 1 
vn 0 0 1 
vn 0 0 1 
vn 0 0 1 
vn -1 0 0 
vn -1 0 0 
vn -1 0 0 
vn 0 0 1 
vn 1 0 0 
vn 1 0 0 
vn 0 -1 0 
vn 0 -1 0 
vn 0 0 -1 
vn 0 0 -1 
vn 0 0 -1 
vn -1 0 0 
vn 1 0 0 
vn 1 0 0 
vn 1 0 0 
vn 0 0 -1 
vn 0 0 -1 
vn 0 0 1 
vn 0 1 0 
vn -1 0 0 
vn -1 0 0 
vn -1 0 0 
vn -1 0 0 
vn 0 -1 0 
vn 0 -1 0 
vn 0 -1 0 
vn -1 0 0 
vn -1 0 0 
vn -1 0 0 
vn -1 0 0 
vn -1 0 0 
vn -1 0 0 
vn 0 0 1 
vn 0 0 1 
vn 0 0 1 
vn -1 0 0 
vn 0 0 1 
vn 0 0 1 
vn 1 0 0 
vn 1 0 0 
vn 0 1 0 
vn 0 1 0 
vn 0 1 0 
vn 0 1 0 
vn 1 0 0 
vn 1 0 0 
vn 1 0 0 
vn 0 0 1 
vn 0 0 -1 
vn 0 0 -1 
vn 0 1 0 
vn 0 1 0 
vn 0 1 0 
vn 0 -1 0 
vn 0 -1 0 
vn 0 0 -1 
vn 0 0 -1 
vn 0 1 0 
vn 0 1 0 
vn 0 1 0 
vn 0 1 0 
vn 0 -1 0 
vn 0 1 0 
vn 0 1 0 
vn 0 1 0 
vn 0 1 0 
vn 0 1 0 
vn -1 0 0 
vn -1 0 0 
vn 0 -1 0 
vn 0 -1 0 
vn 1 0 0 
vn 1 0 0 
vn 0 0 1 
vn 0 0 1 
vn 0 0 1 
vn 0 0 -1 
vn 0 0 -1 
vn 0 0 -1 
vn 0 0 -1 
vn 0 0 1 
vn 0 0 1 
vn 0 0 1 
vn 0 0 -1 
vn 0 0 -1 
vn 0 0 -1 
vn 0 0 1 
vn 0 0 1 
vn 0 0 1 
vn 0 0 -1 
vn 0 0 -1 
vn 0 0 -1 
vn 0 -1 0 
vn 0 0 1 
vn 0 -1 0 
vn 0 0 1 
vn 0 0 1 
vn 0 0 1 
vn 0 0 1 
vn 0 0 1 
vn 1 0 0 
vn 1 0 0 
vn 1 0 0 
vn 0 0 -1 
vn 0 0 -1 
vn 0 0 -1 
vn 0 1 0 
vn 0 0 -1 
vn 0 0 -1 
vn 0 0 1 
vn 0 -1 0 
vn 0 -1 0 
vn 0 0 -1 
vn 0 0 1 
vn 1 0 0 
vn 0 1 0 
vn 0 0 -1 
vn 0 0 -1 
vn 0 0 -1 
vn 0 0 -1 
vn 0 0 -1 
vn 0 0 1 
vn 0 0 1 
vn 0 0 1 
vn 0 0 -1 
vn 0 0 1 
vn 0 0 1 
vn 0 0 1 
vn 0 0 1 
vn 0 0 -1 
vn 0 0 -1 
vn 0 0 -1 
vn 0 0 1 
vn 0 0 -1 
vn 0 0 -1 
vn 0 0 -1 
vn 0 0 1 
vn 0 0 1 
vn 0 0 1 
vn 0 0 -1 
vn 0 0 -1 
vn 0 1 0 
vn 0 1 0 
vn 0 1 0 
vn 0 0 -1 
vn 0 0 -1 
vn -1 0 0 
vn -1 0 0 
vn -1 0 0 
vn 0 0 1 
vn 0 0 -1 
vn 0 0 -1 
vn 0 0 -1 
vn 0 0 -1 
vn 0 0 -1 
vn 0 0 -1 
vn 0 0 -1 
vn 0 0 -1 
vn 0 0 -1 
vn 0 0 -1 
vn 0 0 -1 
vn 0 0 -1 
vn 0 0 -1 
vn 0 0 -1 
vn 0 0 -1 
vn 0 0 1 
vn 0 0 1 
vn 0 0 1 
vn 0 0 1 
vn 0 0 1 
vn 0 0 1 
vn 0 0 1 
vn 0 0 -1 
vn 0 0 -1 
vn 1 0 0 
vn 1 0 0 
vn 1 0 0 
vn 0 0 -1 
vn 0 0 -1 
vn 0 0 -1 
vn 0 0 -1 
vn 0 0 1 

vt 41.3594 233.092 
vt 41.3594 233.092 
vt 41.3594 233.092 
vt 41.3594 -103.95 
vt 41.3594 -103.95 
vt 41.3594 -103.988 
vt -240.092 -103.988 
vt -240.092 -103.95 
vt -240.092 -103.95 
vt 41.3594 -103.988 
vt 41.3594 -103.988 
vt 41.6094 -103.988 
vt 41.3594 233.092 
vt 41.3594 233.092 
vt 41.3469 233.092 
vt 41.3594 233.092 
vt -240.092 -103.988 
vt 41.3594 -103.988 
vt 41.3594 -103.95 
vt 41.3469 -103.95 
vt 41.3594 233.092 
vt 41.3594 233.092 
vt 41.3594 -103.95 
vt 41.3594 -103.95 
vt 41.3469 -103.95 
vt 41.3469 233.092 
vt 328.092 -103.95 
vt 328.029 -103.95 
vt 328.029 -103.988 
vt 46.6531 233.029 
vt 46.6531 233.092 
vt 46.6531 233.029 
vt 41.3469 -103.95 
vt 41.3469 -103.95 
vt 41.3469 -103.988 
vt 46.6531 233.092 
vt 41.3469 -103.95 
vt 328.092 -103.95 
vt 328.092 -103.95 
vt 328.092 -103.95 
vt 328.092 -103.988 
vt 41.3469 233.092 
vt 328.092 -103.95 
vt 41.3594 233.029 
vt 46.6406 233.029 
vt 46.6406 233.029 
vt 328.029 -103.95 
vt 328.029 -103.95 
vt 328.029 -103.75 
vt 328.092 -103.988 
vt 328.029 -103.988 
vt 328.092 -103.988 
vt 41.3594 233.092 
vt 41.3594 233.029 
vt 41.6094 233.092 
vt 328.029 -103.988 
vt 328.029 -103.988 
vt 41.3594 232.904 
vt 41.3594 232.904 
vt 327.904 -103.988 
vt 327.904 -103.988 
vt 46.6406 -103.95 
vt 46.6406 -103.988 
vt 46.6531 -103.988 
vt 328.029 -103.95 
vt 328.092 -103.788 
vt 46.6531 -103.95 
vt 41.3469 233.029 
vt 41.3469 233.029 
vt 41.3469 232.904 
vt 41.3594 232.904 
vt 327.904 -103.988 
vt 328.029 -103.988 
vt 328.029 -103.738 
vt 41.3469 -103.738 
vt 41.3469 -103.988 
vt 41.3594 -103.75 
vt 41.3594 -103.988 
vt 41.3594 233.029 
vt 41.3594 232.904 
vt 327.904 -103.738 
vt 328.104 -103.788 
vt 328.104 -103.738 
vt 328.092 -103.738 
vt 41.3469 -103.738 
vt 41.3469 -103.788 
vt 41.5281 -103.788 
vt -240.029 -103.75 
vt -240.004 -103.75 
vt 46.6031 233.004 
vt 46.6031 233.029 
vt 46.4406 233.004 
vt 46.6406 233.092 
vt 46.6406 233.029 
vt 46.4406 233.092 
vt 46.6406 233.029 
vt 46.6406 233.029 
vt 46.6406 233.029 
vt -240.092 -103.75 
vt -240.029 -103.75 
vt -240.029 -103.75 
vt 46.6406 -103.75 
vt 46.6406 -103.75 
vt 46.6406 -103.75 
vt 46.6406 233.029 
vt 41.3594 -103.75 
vt 41.3969 -103.75 
vt 41.3969 -103.75 
vt 46.6406 -103.738 
vt 46.4406 -103.738 
vt 46.6031 -103.738 
vt 46.4406 233.092 
vt 46.6406 233.092 
vt 46.4406 233.104 
vt -240.092 -103.738 
vt -240.092 -103.738 
vt -240.029 -103.738 
vt 46.6406 233.092 
vt 41.3469 -103.738 
vt 41.3594 -103.738 
vt 41.3469 -103.738 
vt 46.6531 233.092 
vt 46.6531 233.104 
vt 46.6531 233.092 
vt 46.6531 233.092 
vt 328.092 -103.738 
vt 328.092 -103.738 
vt 328.029 -103.738 
vt 46.6406 233.092 
vt 46.6406 233.029 
vt 46.6531 233.029 
vt -240.092 -103.738 
vt 41.3594 -103.738 
vt -240.029 -103.738 
vt 328.092 -103.738 
vt 46.6531 233.092 
vt 46.6031 233.092 
vt 46.4406 233.092 
vt 46.4406 233.092 
vt 46.4406 -103.738 
vt 46.4406 -103.738 
vt 46.6406 233.092 
vt 46.6031 233.029 
vt 46.6406 -103.738 
vt -240.092 -103.738 
vt 46.6531 -103.738 
vt 46.6531 -103.738 
vt 46.6531 -103.788 
vt 41.3969 233.092 
vt 41.3594 233.092 
vt 41.3969 233.029 
vt 46.6406 -103.75 
vt 46.6031 -103.75 
vt 46.6406 -103.788 
vt 46.4406 -103.788 
vt 46.6031 232.904 
vt 46.6031 233.004 
vt 46.4406 232.904 
vt -240.004 -103.738 
vt -239.904 -103.738 
vt -240.004 -103.738 
vt 46.6031 233.004 
vt 46.6406 232.904 
vt -240.004 -103.75 
vt 41.3969 233.029 
vt 41.3969 233.004 
vt 41.5594 233.004 
vt -240.029 -103.75 
vt 41.3969 -103.75 
vt 46.6031 -103.75 
vt 46.6031 -103.738 
vt 46.6031 -103.738 
vt 41.3969 -103.738 
vt 41.3969 -103.75 
vt 46.4406 -103.75 
vt -240.029 -103.738 
vt -239.904 -103.738 
vt -240.029 -103.738 
vt 46.6406 233.029 
vt 46.6031 233.004 
vt 46.6406 233.029 
vt 46.6031 233.029 
vt 328.004 -103.738 
vt 328.029 -103.738 
vt 328.029 -103.738 
vt 46.6031 -103.738 
vt 46.6031 233.004 
vt 46.6031 233.004 
vt 46.4406 233.004 
vt 46.6406 233.029 
vt 46.6406 233.029 
vt 46.6406 233.029 
vt 46.6031 -103.738 
vt 328.004 -103.738 
vt 46.6406 -103.738 
vt 46.6406 -103.738 
vt 46.6531 -103.95 
vt 46.6406 233.029 
vt 46.6406 -103.738 
vt 46.6406 -103.738 
vt 46.6031 -103.738 
vt 46.6406 233.029 
vt 46.6406 232.904 
vt 46.6531 233.029 
vt -239.904 -103.738 
vt 41.3594 -103.738 
vt 41.3594 -103.738 
vt 46.6406 -103.738 
vt 46.6531 -103.738 
vt 41.3594 -103.738 
vt 41.3969 -103.738 
vt 41.3969 233.029 
vt 328.029 -103.75 
vt 328.029 -103.75 
vt 328.029 -103.738 
vt 328.029 -103.738 
vt 41.3594 -103.738 
vt 46.6406 -103.75 
vt 46.6406 -103.75 
vt 328.029 -103.738 
vt 328.029 -103.75 
vt 328.029 -103.738 
vt 41.3594 233.029 
vt 41.3594 233.029 
vt 41.3594 233.029 
vt 328.029 -103.75 
vt 46.6406 -103.75 
vt -240.092 -103.75 
vt 41.3594 233.029 
vt 46.6031 -103.75 
vt 41.5594 233.092 
vt 328.029 -103.75 
vt -240.092 -103.788 
vt 41.3594 -103.75 
vt 328.029 -103.75 
vt -240.092 -103.95 
vt 41.3594 -103.75 
vt 41.6094 -103.75 
vt 328.092 -103.788 
vt 41.3594 233.092 
vt 41.3469 233.104 
vt 41.3469 233.092 
vt 41.5281 233.104 
vt -240.092 -103.788 
vt 41.3594 233.092 
vt 41.3469 233.092 
vt 41.3469 233.092 
vt 41.3594 -103.788 
vt 41.3469 -103.788 
vt 46.6531 -103.788 
vt 328.092 -103.788 
vt -240.092 -103.95 
vt 46.6406 -103.95 
vt 328.029 -103.75 
vt 46.6031 232.904 
vt 46.6531 -103.738 
vt 46.6406 -103.738 
vt 46.6531 -103.988 
vt 46.6531 232.904 
vt 46.6031 232.904 
vt 46.6031 -103.738 
vt 46.6031 -103.738 
vt 46.6406 -103.738 
vt 46.6031 -103.738 
vt 46.4406 -103.738 
vt 46.6031 -103.75 
vt 327.904 -103.738 
vt 327.904 -103.738 
vt 327.904 -103.75 
vt 46.6031 -103.75 
vt 46.6406 -103.988 
vt 46.6031 -103.75 
vt 46.4406 -103.75 
vt -239.904 -103.75 
vt -239.904 -103.988 
vt -239.904 -103.988 
vt 46.6406 -103.988 
vt 46.6406 -103.75 
vt 41.3969 232.904 
vt 41.3594 232.904 
vt 41.3969 232.904 
vt 327.904 -103.75 
vt 327.904 -103.75 
vt -239.904 -103.75 
vt 41.3594 232.904 
vt 46.6031 -103.75 
vt 46.6406 -103.75 
vt 327.904 -103.75 
vt 46.6156 232.892 
vt 46.6156 232.904 
vt 46.5656 232.904 
vt 327.904 -103.788 
vt 327.892 -103.788 
vt 327.892 -103.838 
vt 41.4344 232.904 
vt 41.3844 232.904 
vt 41.3844 232.892 
vt 41.3844 -103.838 
vt 41.4344 -103.838 
vt 41.3844 -103.788 
vt 327.904 -103.838 
vt 46.6406 -103.988 
vt 46.6156 -103.838 
vt 46.6156 -103.788 
vt 46.5656 -103.788 
vt 41.4344 232.892 
vt 327.892 -103.913 
vt 327.879 -103.913 
vt 327.879 -103.988 
vt 46.6156 232.879 
vt 46.6156 232.892 
vt 46.5906 232.892 
vt 41.4094 -103.913 
vt 41.3844 -103.913 
vt 41.3844 -103.988 
vt 327.892 -103.988 
vt 41.3594 -103.888 
vt 41.3594 -103.988 
vt 41.6094 -103.988 
vt 327.904 -103.988 
vt 327.904 -103.888 
vt 327.892 -103.988 
vt 41.3594 232.904 
vt 46.6406 -103.988 
vt 46.6406 -103.988 
vt 46.6406 -103.888 
vt 46.5906 -103.938 
vt 327.892 -103.888 
vt 41.3594 232.904 
vt 41.3594 232.892 
vt 41.6094 232.904 
vt 46.5969 -103.913 
vt 46.6156 -103.988 
vt 46.6156 -103.913 
vt 46.5906 -103.988 
vt 41.6094 232.979 
vt 41.5594 -103.738 
vt 46.4406 -103.75 
vt 41.6094 233.092 
vt 41.6094 232.979 
vt 41.6219 233.092 
vt -239.979 -103.988 
vt -240.092 -103.988 
vt -240.092 -103.988 
vt 41.6094 233.092 
vt -239.979 -103.988 
vt -239.904 -103.988 
vt 41.6219 -103.988 
vt 41.6219 232.904 
vt 41.6094 -103.988 
vt 41.6094 -103.988 
vt 41.6219 -103.788 
vt 41.6219 -103.738 
vt 41.5594 -103.738 
vt -240.104 -103.738 
vt -240.104 -103.788 
vt -240.092 -103.738 
vt 46.4406 233.104 
vt 46.3781 233.104 
vt 46.3781 233.092 
vt 46.4406 233.092 
vt -240.104 -103.738 
vt -240.092 -103.738 
vt -240.104 -103.738 
vt -240.092 -103.738 
vt 41.5594 -103.788 
vt 41.5594 -103.788 
vt 41.5594 -103.788 
vt 41.5594 -103.788 
vt 41.6219 233.104 
vt 41.5594 233.104 
vt 41.5594 233.092 
vt -240.104 -103.788 
vt -240.104 -103.788 
vt 41.5594 233.104 
vt 41.5594 233.104 
vt 41.5594 233.104 
vt 41.5594 233.092 
vt -239.904 -103.738 
vt -240.092 -103.738 
vt -240.092 -103.988 
vt 46.3781 233.092 
vt 46.3781 232.904 
vt 46.3906 233.092 
vt 41.6219 -103.738 
vt 41.6094 -103.738 
vt 41.6219 233.092 
vt -240.092 -103.788 
vt 46.3781 -103.738 
vt 46.3781 -103.788 
vt 46.4406 -103.75 
vt 41.5594 -103.75 
vt 41.6094 -103.75 
vt 41.5594 -103.75 
vt 46.3906 233.092 
vt 46.3906 233.092 
vt 46.4406 233.092 
vt 46.4406 233.092 
vt 328.092 -103.788 
vt 328.092 -103.75 
vt 328.092 -103.75 
vt 41.5594 233.092 
vt 41.5594 233.092 
vt 46.4406 -103.788 
vt 46.4406 -103.75 
vt 328.092 -103.788 
vt 46.4406 -103.738 
vt 41.5594 233.092 
vt 328.092 -103.75 
vt 328.092 -103.738 
vt 327.904 -103.738 
vt -240.004 -103.738 
vt -240.092 -103.738 
vt -240.092 -103.738 
vt 41.5594 -103.75 
vt 41.5594 -103.738 
vt 328.004 -103.738 
vt 328.004 -103.75 
vt 328.004 -103.738 
vt -240.004 -103.738 
vt 46.4406 233.004 
vt 46.4406 233.092 
vt 46.3906 233.092 
vt 46.4406 -103.738 
vt 46.4406 -103.738 
vt 46.4406 -103.738 
vt 46.4406 233.004 
vt -240.092 -103.75 
vt 41.6094 -103.738 
vt 41.5594 -103.738 
vt -240.092 -103.738 
vt -240.092 -103.75 
vt -239.904 -103.75 
vt -240.092 -103.75 
vt 41.5594 233.092 
vt 41.5594 -103.75 
vt 328.092 -103.75 
vt 328.092 -103.75 
vt 328.004 -103.75 
vt 327.904 -103.738 
vt 46.4406 233.004 
vt 328.104 -103.788 
vt 328.104 -103.788 
vt 46.5656 -103.838 
vt -239.892 -103.838 
vt -239.892 -103.788 
vt -239.904 -103.788 
vt 46.5656 232.892 
vt 41.4344 -103.788 
vt -239.904 -103.838 
vt -239.904 -103.988 
vt 327.904 -103.75 
vt 46.3906 232.904 
vt 46.3906 232.904 
vt 46.3906 -103.738 
vt 46.3781 -103.738 
vt 46.3906 -103.75 
vt 46.3906 232.904 
vt -239.904 -103.738 
vt -239.904 -103.75 
vt 327.904 -103.738 
vt 46.4406 232.904 
vt 46.3906 232.904 
vt 46.4406 -103.75 
vt 327.904 -103.75 
vt 327.904 -103.75 
vt 46.4406 -103.738 
vt 46.4406 -103.75 
vt 46.4406 -103.75 
vt 46.3906 -103.738 
vt 46.3906 -103.75 
vt 46.3906 -103.988 
vt 46.3906 -103.75 
vt -239.904 -103.75 
vt -239.904 -103.75 
vt -239.904 -103.75 
vt 46.4406 -103.75 
vt 41.6094 232.904 
vt 41.5594 232.904 
vt 41.5594 232.904 
vt 46.3906 -103.75 
vt -239.904 -103.75 
vt 41.6094 232.904 
vt 46.4406 -103.75 
vt 41.3969 232.904 
vt 41.5594 232.904 
vt 41.5594 232.904 
vt 46.4406 -103.75 
vt -239.904 -103.75 
vt 41.5594 232.904 
vt 41.5594 232.904 
vt 41.5594 232.904 
vt 46.4406 -103.75 
vt 41.5594 232.904 
vt 46.4156 -103.788 
vt 46.4156 -103.838 
vt 46.4656 -103.838 
vt -239.892 -103.838 
vt -239.892 -103.788 
vt -239.904 -103.788 
vt 46.4156 232.904 
vt 46.4156 232.892 
vt 46.4656 232.892 
vt 41.5844 -103.838 
vt 41.5844 -103.788 
vt 41.5344 -103.788 
vt -239.904 -103.838 
vt 41.5844 232.892 
vt 41.5844 232.904 
vt 41.5344 232.904 
vt 46.3781 -103.988 
vt 46.4656 -103.788 
vt 327.904 -103.788 
vt 327.892 -103.788 
vt 327.892 -103.838 
vt 46.4656 232.904 
vt 41.5344 -103.838 
vt 327.904 -103.838 
vt 41.5344 232.892 
vt -239.879 -103.938 
vt -239.879 -103.963 
vt -239.879 -103.938 
vt -239.892 -103.938 
vt 41.5594 232.892 
vt 41.5594 232.879 
vt 41.5594 232.879 
vt 41.5594 -103.963 
vt 41.5594 -103.938 
vt 41.5344 -103.938 
vt -239.892 -103.963 
vt 46.4406 232.879 
vt 46.4406 232.892 
vt 46.4406 232.879 
vt -239.879 -103.963 
vt 46.4406 -103.963 
vt 46.4406 -103.963 
vt 46.4406 -103.963 
vt -239.879 -103.963 
vt 46.4406 -103.938 
vt 46.4406 -103.938 
vt 46.4406 -103.938 
vt 46.4406 -103.938 
vt 46.4406 -103.963 
vt 46.4656 -103.938 
vt -239.879 -103.938 
vt 46.4406 232.879 
vt 46.4406 232.879 
vt 46.4656 232.879 
vt 41.5844 232.879 
vt 41.5844 232.892 
vt 41.5594 232.892 
vt -239.892 -103.988 
vt -239.879 -103.988 
vt -239.879 -103.913 
vt 41.5844 -103.988 
vt 41.5844 -103.913 
vt 41.5594 -103.913 
vt -239.892 -103.913 
vt 41.6094 232.892 
vt -239.904 -103.988 
vt -239.892 -103.988 
vt -239.904 -103.888 
vt 46.3906 -103.988 
vt 46.3906 -103.988 
vt -239.904 -103.988 
vt 41.6094 232.904 
vt 41.6094 232.904 
vt 41.6094 232.904 
vt 41.6094 -103.888 
vt 46.4406 232.892 
vt 46.4156 232.879 
vt 46.4406 232.879 
vt 46.4156 232.892 
vt 46.4406 -103.913 
vt 46.4156 -103.913 
vt 46.4156 -103.988 
vt 46.3906 -103.888 
vt 46.4406 -103.938 
vt 46.4406 -103.913 
vt 46.3906 -103.988 
vt 41.5594 -103.988 
vt 41.5594 -103.988 
vt 41.5594 -103.913 
vt 41.5594 -103.913 
vt -239.892 -103.938 
vt -239.892 -103.913 
vt -239.892 -103.913 
vt 41.5594 -103.938 
vt 41.5594 -103.963 
vt 41.5594 -103.938 
vt -239.892 -103.988 
vt -239.892 -103.963 
vt -239.892 -103.963 
vt 41.5594 -103.988 
vt 327.892 -103.913 
vt 327.892 -103.913 
vt 327.879 -103.913 
vt 46.4406 232.892 
vt 46.4406 232.892 
vt 41.5594 -103.963 
vt 41.5594 232.892 
vt 41.5594 232.892 
vt 41.5594 232.892 
vt 327.892 -103.963 
vt 327.892 -103.938 
vt 327.879 -103.963 
vt 41.5594 232.892 
vt 41.5594 232.892 
vt 41.5594 232.892 
vt -239.892 -103.938 
vt 46.4406 232.892 
vt 46.4406 232.892 
vt 46.4406 232.892 
vt 46.4406 -103.988 
vt 46.4406 -103.963 
vt -239.892 -103.988 
vt 46.4406 232.892 
vt 46.4656 -103.938 
vt 41.5344 232.892 
vt 46.4656 232.892 
vt 46.4656 -103.963 
vt 46.5906 -103.988 
vt 41.4094 232.892 
vt 41.4094 232.879 
vt 327.879 -103.913 
vt 327.879 -103.938 
vt 327.879 -103.988 
vt 41.5594 232.879 
vt 327.892 -103.988 
vt 327.879 -103.988 
vt 41.5594 232.879 
vt 327.892 -103.988 
vt 46.4406 -103.988 
vt 46.4406 -103.913 
vt 46.4406 -103.988 
vt 46.4656 232.879 
vt 41.5344 -103.963 
vt 46.4656 -103.963 
vt 46.4406 -103.963 
vt 46.3906 232.892 
vt 46.6406 232.892 
vt 46.3906 232.904 
vt 46.5906 -103.913 
vt 46.4656 -103.938 
vt 46.5906 -103.913 
vt 327.879 -103.938 
vt 327.879 -103.963 
vt 327.879 -103.938 
vt 41.5344 232.879 
vt 41.5344 232.879 
vt 41.5594 232.879 
vt 327.879 -103.963 
vt 46.4656 -103.963 
vt 41.5594 232.879 
vt 46.4656 -103.938 
vt 46.4656 -103.963 
vt 46.5656 -103.963 
vt 327.879 -103.963 
vt 327.879 -103.938 
vt 46.5656 -103.963 
vt 46.5656 -103.938 
vt -239.879 -103.963 
vt -239.879 -103.938 
vt -239.879 -103.963 
vt -239.879 -103.963 
vt 46.5656 -103.938 
vt -239.879 -103.938 
vt 46.5656 -103.938 
vt 46.5656 -103.963 
vt 46.5906 -103.938 
vt -239.879 -103.938 
vt 46.5656 232.879 
vt 46.5656 232.879 
vt 46.5906 232.879 
vt 46.5906 -103.988 
vt 46.5906 -103.938 
vt 46.5906 232.879 
vt 46.4406 232.879 
vt 46.5906 232.879 
vt 46.5906 -103.913 
vt 46.5906 232.892 
vt 46.5906 232.892 
vt 41.4094 -103.913 
vt 46.5906 232.879 
vt -239.879 -103.913 
vt -239.892 -103.913 
vt -239.879 -103.913 
vt 41.4094 -103.938 
vt 41.4094 -103.963 
vt 41.4094 -103.988 
vt 41.4094 -103.938 
vt 327.892 -103.913 
vt 327.892 -103.938 
vt 327.892 -103.913 
vt 41.4094 -103.988 
vt 327.892 -103.963 
vt 327.892 -103.988 
vt 327.892 -103.988 
vt 46.5656 232.892 
vt 46.5906 232.892 
vt 46.5906 232.892 
vt 41.4094 -103.963 
vt 41.4344 -103.963 
vt 41.4344 -103.938 
vt 327.892 -103.963 
vt 327.892 -103.938 
vt 327.879 -103.938 
vt 41.4094 -103.938 
vt 46.5906 232.892 
vt 46.5906 232.892 
vt 41.4094 -103.963 
vt -239.892 -103.938 
vt -239.892 -103.963 
vt -239.879 -103.938 
vt 41.4094 232.892 
vt 41.3844 232.892 
vt 41.3844 232.879 
vt -239.892 -103.988 
vt -239.892 -103.988 
vt -239.879 -103.988 
vt 41.4094 -103.988 
vt 41.4094 232.892 
vt 41.4094 232.892 
vt 41.4094 232.892 
vt 327.892 -103.938 
vt 41.4094 232.892 
vt 41.4094 232.892 
vt 46.5906 -103.963 
vt 46.5906 -103.988 
vt 327.892 -103.963 
vt 46.5906 -103.938 
vt 46.5656 -103.938 
vt 41.4344 232.892 
vt 41.4094 232.892 
vt 41.4094 232.879 
vt 46.5906 232.879 
vt 46.5656 -103.963 
vt 41.4094 232.879 
vt 327.879 -103.938 
vt 327.879 -103.963 
vt 327.879 -103.963 
vt 327.879 -103.963 
vt 46.5906 232.879 
vt 46.5906 -103.963 
vt 46.5906 -103.963 
vt 46.5906 -103.938 
vt 46.5906 -103.938 
vt -239.879 -103.963 
vt -239.879 -103.988 
vt 41.4094 232.879 
vt 46.5906 -103.963 
vt 46.5906 -103.913 
vt 41.4344 232.879 
vt 41.4094 232.879 
vt 41.4344 232.879 
vt 46.5906 -103.963 
vt 41.4094 232.879 
vt 46.6406 -103.988 
vt 46.6406 233.029 
vt 41.3969 232.904 
vt 46.6406 232.904 
vt -239.892 -103.913 
vt -239.879 -103.963 
vt -239.892 -103.888 
vt 327.879 -103.938 
vt 46.5906 -103.963 
vt 41.3594 -103.988 
vt 41.3594 -103.95 
vt 41.3469 -103.95 
vt 328.092 -103.95 
vt 328.029 -103.95 
vt 328.029 -103.988 
vt 41.3469 -103.988 
vt 328.092 -103.988 
vt 41.3594 233.092 
vt 41.3469 233.092 
vt 41.3594 233.029 
vt 328.029 -103.988 
vt 328.029 -103.95 
vt 328.029 -103.75 
vt 46.6406 -103.95 
vt 46.6406 -103.988 
vt 46.6531 -103.988 
vt 328.029 -103.95 
vt 328.092 -103.95 
vt 328.092 -103.788 
vt 46.6531 -103.95 
vt 41.3469 233.029 
vt 41.3469 232.904 
vt 41.3594 232.904 
vt 327.904 -103.988 
vt 328.029 -103.738 
vt 41.3469 -103.738 
vt 41.3469 -103.988 
vt 41.3594 -103.75 
vt 41.3594 -103.988 
vt 327.904 -103.738 
vt 328.104 -103.788 
vt 328.104 -103.738 
vt 328.092 -103.738 
vt 41.3469 -103.738 
vt 41.3469 -103.788 
vt 41.5281 -103.788 
vt 46.6031 233.004 
vt 46.6031 233.029 
vt 46.4406 233.004 
vt 46.6406 233.092 
vt 46.6406 233.029 
vt 46.4406 233.092 
vt 46.6406 -103.738 
vt 46.4406 -103.738 
vt 46.6031 -103.738 
vt 46.4406 233.092 
vt 46.4406 233.104 
vt 46.6531 233.104 
vt 46.6406 233.029 
vt 46.6531 233.029 
vt 46.6031 233.092 
vt 46.6031 233.029 
vt 41.3594 233.092 
vt 41.3969 233.029 
vt 46.6406 -103.75 
vt 46.6406 -103.788 
vt 46.4406 -103.788 
vt 46.6031 233.004 
vt 46.4406 232.904 
vt 46.6406 232.904 
vt 41.3969 233.004 
vt 41.5594 233.004 
vt 46.6031 -103.75 
vt 46.6031 -103.738 
vt 46.4406 -103.75 
vt 46.6406 233.029 
vt 46.6031 233.029 
vt 46.6031 233.004 
vt 46.4406 233.004 
vt 46.6531 233.029 
vt 46.6531 -103.95 
vt 46.6531 -103.738 
vt 46.6406 -103.738 
vt 328.029 -103.738 
vt 41.3969 -103.75 
vt 41.3969 -103.738 
vt 41.3594 -103.738 
vt 41.3594 233.029 
vt 46.6031 -103.75 
vt 46.6406 -103.75 
vt 41.5594 233.092 
vt 46.6031 -103.738 
vt -240.092 -103.95 
vt -240.092 -103.75 
vt -240.092 -103.788 
vt 41.3594 -103.75 
vt 41.6094 -103.75 
vt 328.092 -103.788 
vt 41.3594 233.092 
vt 41.3469 233.104 
vt 41.3469 233.092 
vt 41.5281 233.104 
vt 41.3594 -103.788 
vt 41.3469 -103.788 
vt 41.3594 -103.95 
vt 41.3469 -103.95 
vt 46.6406 -103.95 
vt 46.6531 -103.738 
vt 46.6406 -103.738 
vt 46.6531 -103.988 
vt 46.6531 232.904 
vt 46.4406 -103.738 
vt 46.6031 -103.75 
vt 46.6406 -103.988 
vt 46.4406 -103.75 
vt 46.6406 -103.75 
vt -239.904 -103.75 
vt -239.904 -103.988 
vt -239.904 -103.738 
vt 46.6156 232.892 
vt 46.6156 232.904 
vt 46.5656 232.904 
vt 327.904 -103.788 
vt 327.892 -103.788 
vt 327.892 -103.838 
vt 41.4344 232.904 
vt 41.3844 232.904 
vt 41.3844 232.892 
vt 41.3844 -103.838 
vt 41.4344 -103.838 
vt 41.3844 -103.788 
vt 327.904 -103.838 
vt 46.6156 -103.838 
vt 46.6156 -103.788 
vt 46.5656 -103.788 
vt 41.4344 232.892 
vt 327.892 -103.913 
vt 327.879 -103.913 
vt 327.879 -103.988 
vt 46.6156 232.879 
vt 46.6156 232.892 
vt 46.5906 232.892 
vt 41.4094 -103.913 
vt 41.3844 -103.913 
vt 41.3844 -103.988 
vt 327.892 -103.988 
vt 41.3594 -103.888 
vt 41.3594 -103.988 
vt 41.6094 -103.988 
vt 327.904 -103.988 
vt 327.904 -103.888 
vt 46.5906 -103.938 
vt 41.6094 232.904 
vt 46.5969 -103.913 
vt 46.6156 -103.988 
vt 46.6156 -103.913 
vt 46.5906 -103.988 
vt 41.5594 -103.738 
vt 46.4406 -103.75 
vt 41.6219 233.092 
vt 41.6219 -103.988 
vt 41.6219 232.904 
vt 41.6219 -103.788 
vt 41.6219 -103.738 
vt 41.5594 -103.738 
vt -240.104 -103.738 
vt -240.104 -103.788 
vt -240.092 -103.738 
vt 46.4406 233.104 
vt 46.3781 233.104 
vt 46.3781 233.092 
vt 46.4406 233.092 
vt 41.5594 -103.788 
vt 41.6219 233.104 
vt 41.5594 233.104 
vt 41.5594 233.092 
vt 41.5594 -103.788 
vt 41.5594 233.104 
vt 41.5594 233.092 
vt -239.904 -103.738 
vt -240.092 -103.738 
vt -240.092 -103.988 
vt 46.3781 232.904 
vt 46.3906 233.092 
vt 41.6219 -103.738 
vt 41.6094 -103.738 
vt 41.6219 233.092 
vt -240.092 -103.788 
vt 46.3781 -103.738 
vt 46.3781 -103.788 
vt 46.4406 -103.75 
vt 46.3906 233.092 
vt 46.4406 -103.738 
vt 46.4406 -103.788 
vt 328.092 -103.75 
vt 328.092 -103.738 
vt 327.904 -103.738 
vt 41.3969 -103.75 
vt 41.5594 -103.75 
vt 41.5594 -103.738 
vt 46.4406 233.004 
vt 41.5594 -103.738 
vt -240.092 -103.738 
vt -240.092 -103.75 
vt -239.904 -103.75 
vt 41.5594 -103.75 
vt 46.4406 -103.738 
vt 46.5656 -103.838 
vt -239.892 -103.838 
vt -239.892 -103.788 
vt -239.904 -103.788 
vt 46.5656 232.892 
vt 41.4344 -103.788 
vt -239.904 -103.838 
vt -239.904 -103.988 
vt 327.904 -103.75 
vt 46.3781 -103.738 
vt 46.3906 -103.75 
vt 46.3906 -103.988 
vt 46.4156 -103.788 
vt 46.4156 -103.838 
vt 46.4656 -103.838 
vt -239.892 -103.838 
vt -239.892 -103.788 
vt -239.904 -103.788 
vt 46.4156 232.904 
vt 46.4156 232.892 
vt 46.4656 232.892 
vt 41.5844 -103.838 
vt 41.5844 -103.788 
vt 41.5344 -103.788 
vt -239.904 -103.838 
vt 41.5844 232.892 
vt 41.5844 232.904 
vt 41.5344 232.904 
vt 46.3781 -103.988 
vt 46.4656 -103.788 
vt 327.904 -103.788 
vt 327.892 -103.788 
vt 327.892 -103.838 
vt 46.4656 232.904 
vt 41.5344 -103.838 
vt 327.904 -103.838 
vt 41.5344 232.892 
vt -239.879 -103.938 
vt -239.892 -103.938 
vt 41.5594 -103.963 
vt 41.5594 -103.938 
vt 41.5344 -103.938 
vt -239.892 -103.963 
vt 46.4406 -103.938 
vt 46.4656 -103.938 
vt 41.5844 232.879 
vt 41.5844 232.892 
vt -239.892 -103.988 
vt -239.879 -103.988 
vt -239.879 -103.913 
vt 41.5844 -103.988 
vt 41.5844 -103.913 
vt 41.5594 -103.913 
vt -239.892 -103.913 
vt -239.904 -103.988 
vt 46.4406 232.892 
vt 46.4156 232.879 
vt 46.4406 232.879 
vt 46.4156 232.892 
vt 46.4406 -103.913 
vt 46.4156 -103.913 
vt 46.4156 -103.988 
vt 46.4406 -103.938 
vt 46.4406 -103.913 
vt 41.5594 -103.938 
vt 41.5594 -103.963 
vt 327.892 -103.963 
vt 327.892 -103.938 
vt 327.879 -103.963 
vt 46.4406 -103.988 
vt 46.4406 -103.963 
vt 46.4656 -103.938 
vt 46.4656 -103.963 
vt 46.5906 -103.988 
vt 41.4094 232.892 
vt 41.4094 232.879 
vt 327.879 -103.938 
vt 327.879 -103.988 
vt 327.879 -103.913 
vt 41.5594 232.879 
vt 46.4406 -103.988 
vt 41.5344 -103.963 
vt 46.4656 -103.963 
vt 46.5906 -103.913 
vt 46.4656 -103.938 
vt 46.4406 -103.938 
vt 46.5906 -103.913 
vt 46.4656 -103.963 
vt 46.4406 -103.963 
vt 46.5656 -103.963 
vt 46.5656 -103.938 
vt 46.5656 -103.938 
vt 46.5656 -103.963 
vt 46.5906 -103.938 
vt 46.5906 232.879 
vt 41.4094 -103.938 
vt 41.4094 -103.988 
vt 41.4094 -103.963 
vt 41.4344 -103.963 
vt 41.4344 -103.938 
vt 327.892 -103.963 
vt 327.892 -103.938 
vt 327.879 -103.938 
vt 41.4094 -103.938 
vt -239.892 -103.938 
vt -239.892 -103.963 
vt 41.3844 232.892 
vt 41.3844 232.879 
vt 46.5906 -103.963 
vt 46.5656 -103.938 
vt 46.5656 -103.963 
vt 327.879 -103.963 
vt -239.879 -103.963 
vt -239.879 -103.988 
vt -239.879 -103.913 
vt 46.5906 -103.963 
vt 46.5906 -103.963 
vt 41.3969 -103.738 
vt 46.6406 232.904 
vt 328.092 -103.95 
vt 328.029 -103.95 
vt 328.029 -103.988 
vt 328.092 -103.988 
vt 41.3578 233.092 
vt 41.3567 233.029 
vt 41.6144 233.092 
vt 328.029 -103.75 
vt 328.029 -103.95 
vt 328.092 -103.95 
vt 328.093 -103.788 
vt 327.901 -103.988 
vt 328.029 -103.741 
vt 41.3564 -103.741 
vt 41.3567 -103.988 
vt 41.3594 -103.75 
vt 327.904 -103.742 
vt 41.3546 -103.74 
vt 41.3513 -103.788 
vt -240.004 -103.75 
vt -240.004 -103.739 
vt 46.6031 233.029 
vt 46.6454 233.093 
vt 46.6406 233.029 
vt 46.4406 233.094 
vt -240.093 -103.74 
vt -240.029 -103.75 
vt -240.029 -103.741 
vt 41.3969 -103.743 
vt 46.6454 -103.74 
vt 46.4406 -103.744 
vt 46.6454 233.093 
vt 46.6031 233.092 
vt 46.6031 233.029 
vt 41.3546 233.093 
vt 41.3969 233.029 
vt 46.6487 -103.788 
vt 46.4406 -103.788 
vt 46.6031 232.904 
vt 46.6031 233.004 
vt 46.4406 232.904 
vt 46.6415 232.904 
vt 41.3969 233.004 
vt 46.6436 233.029 
vt 46.6031 233.029 
vt 46.6031 233.004 
vt 46.4406 233.094 
vt 46.6436 233.029 
vt 328.029 -103.741 
vt 328.093 -103.74 
vt 41.3564 233.029 
vt 41.5594 233.094 
vt -240.092 -103.95 
vt -240.093 -103.788 
vt 41.3546 -103.74 
vt 41.3515 -103.95 
vt 41.6144 -103.742 
vt 46.6427 -103.988 
vt 46.6031 -103.744 
vt 46.4406 -103.748 
vt 46.6415 -103.742 
vt 41.3844 -103.838 
vt 41.4344 -103.838 
vt 41.3844 -103.788 
vt 46.6156 -103.838 
vt 46.6156 -103.788 
vt 46.5656 -103.788 
vt 41.3594 -103.888 
vt 41.3573 -103.988 
vt 41.6112 -103.988 
vt 46.6406 -103.888 
vt 46.5906 -103.938 
vt 46.5956 -103.913 
vt 41.3573 232.901 
vt 41.5594 -103.744 
vt 41.6112 232.901 
vt 41.6144 -103.988 
vt 41.6219 -103.788 
vt 41.5594 -103.744 
vt 41.5594 -103.788 
vt 41.5594 -103.788 
vt -239.904 -103.744 
vt -240.093 -103.742 
vt -240.092 -103.988 
vt 46.3856 -103.742 
vt 46.3781 -103.788 
vt 46.4406 -103.744 
vt 46.3856 233.093 
vt 46.4406 -103.788 
vt 46.6031 -103.739 
vt 41.3578 -103.988 
vt 41.3513 233.093 
vt 41.5594 233.099 
vt 46.5656 -103.838 
vt 41.4344 -103.788 
vt -239.901 -103.988 
vt 46.3888 232.904 
vt 46.3888 -103.744 
vt 46.3888 -103.988 
vt 46.4156 -103.788 
vt 46.4156 -103.838 
vt 46.4656 -103.838 
vt 41.5844 -103.838 
vt 41.5844 -103.788 
vt 41.5344 -103.788 
vt 46.4656 -103.788 
vt 41.5344 -103.838 
vt 41.5594 -103.963 
vt 41.5594 -103.938 
vt 41.5344 -103.938 
vt 46.4406 -103.938 
vt 46.4406 -103.963 
vt 46.4656 -103.938 
vt 41.6094 -103.888 
vt 46.3906 -103.888 
vt 46.4406 -103.938 
vt 46.4356 -103.913 
vt 41.5644 -103.913 
vt 41.5594 -103.938 
vt 41.5625 -103.978 
vt 46.4656 -103.938 
vt 46.4375 -103.978 
vt 46.4375 232.888 
vt 46.4406 232.882 
vt 46.4656 232.882 
vt 46.4656 -103.963 
vt 46.5929 -103.975 
vt 327.888 -103.978 
vt 327.887 -103.938 
vt 327.887 -103.913 
vt 41.5344 -103.963 
vt 46.4656 -103.963 
vt 46.4656 -103.938 
vt 46.4356 -103.913 
vt 46.4406 -103.938 
vt 46.5956 -103.913 
vt 46.4656 -103.963 
vt 46.4406 -103.963 
vt 46.4375 -103.978 
vt 46.5656 -103.963 
vt 46.5656 -103.938 
vt 46.5656 -103.938 
vt 46.5656 -103.963 
vt 46.5906 -103.938 
vt 46.5929 -103.975 
vt 46.5906 -103.938 
vt 41.4044 -103.913 
vt 41.4071 -103.975 
vt 41.4094 -103.938 
vt 41.4071 -103.975 
vt 41.4344 -103.963 
vt 41.4344 -103.938 
vt 41.4094 -103.938 
vt 46.5656 -103.938 
vt 46.5656 -103.963 
vt -239.887 -103.938 
vt -239.888 -103.975 
vt -239.888 -103.913 
vt 46.5929 -103.975 
vt 46.6406 -103.75 
vt 46.6453 -103.95 
vt 46.6436 -103.741 
vt 41.3969 -103.739 

usemtl EvilCow2Mtl

f 2305/2305/2305 2306/2306/2306 2307/2307/2307 
f 2308/2308/2308 2309/2309/2309 2310/2310/2310 
f 2311/2311/2311 2312/2312/2312 2313/2313/2313 
f 2314/2314/2314 2310/2310/2310 2315/2315/2315 
f 2310/2310/2310 2314/2314/2314 2316/2316/2316 
f 2317/2317/2317 2318/2318/2318 2319/2319/2319 
f 2318/2318/2318 2320/2320/2320 2319/2319/2319 
f 2321/2321/2321 2311/2311/2311 2313/2313/2313 
f 2322/2322/2322 2323/2323/2323 2324/2324/2324 
f 2325/2325/2325 2326/2326/2326 2306/2306/2306 
f 2327/2327/2327 2328/2328/2328 2329/2329/2329 
f 2307/2307/2307 2326/2326/2326 2330/2330/2330 
f 2326/2326/2326 2307/2307/2307 2306/2306/2306 
f 2331/2331/2331 2332/2332/2332 2333/2333/2333 
f 2334/2334/2334 2335/2335/2335 2336/2336/2336 
f 2337/2337/2337 2338/2338/2338 2339/2339/2339 
f 2335/2335/2335 2340/2340/2340 2336/2336/2336 
f 2329/2329/2329 2328/2328/2328 2341/2341/2341 
f 2324/2324/2324 2339/2339/2339 2322/2322/2322 
f 2339/2339/2339 2324/2324/2324 2337/2337/2337 
f 2342/2342/2342 2343/2343/2343 2344/2344/2344 
f 2345/2345/2345 2331/2331/2331 2333/2333/2333 
f 2346/2346/2346 2307/2307/2307 2330/2330/2330 
f 2344/2344/2344 2347/2347/2347 2342/2342/2342 
f 2317/2317/2317 2319/2319/2319 2348/2348/2348 
f 2349/2349/2349 2350/2350/2350 2334/2334/2334 
f 2351/2351/2351 2352/2352/2352 2353/2353/2353 
f 2354/2354/2354 2355/2355/2355 2356/2356/2356 
f 2357/2357/2357 2358/2358/2358 2359/2359/2359 
f 2360/2360/2360 2356/2356/2356 2361/2361/2361 
f 2358/2358/2358 2362/2362/2362 2363/2363/2363 
f 2364/2364/2364 2360/2360/2360 2365/2365/2365 
f 2365/2365/2365 2360/2360/2360 2361/2361/2361 
f 2361/2361/2361 2351/2351/2351 2353/2353/2353 
f 2351/2351/2351 2361/2361/2361 2355/2355/2355 
f 2366/2366/2366 2367/2367/2367 2368/2368/2368 
f 2369/2369/2369 2342/2342/2342 2370/2370/2370 
f 2371/2371/2371 2366/2366/2366 2368/2368/2368 
f 2319/2319/2319 2372/2372/2372 2348/2348/2348 
f 2373/2373/2373 2374/2374/2374 2375/2375/2375 
f 2376/2376/2376 2377/2377/2377 2378/2378/2378 
f 2379/2379/2379 2380/2380/2380 2381/2381/2381 
f 2380/2380/2380 2382/2382/2382 2381/2381/2381 
f 2383/2383/2383 2373/2373/2373 2384/2384/2384 
f 2376/2376/2376 2378/2378/2378 2385/2385/2385 
f 2386/2386/2386 2387/2387/2387 2388/2388/2388 
f 2389/2389/2389 2390/2390/2390 2391/2391/2391 
f 2392/2392/2392 2393/2393/2393 2393/2393/2393 
f 2394/2394/2394 2395/2395/2395 2396/2396/2396 
f 2397/2397/2397 2395/2395/2395 2398/2398/2398 
f 2395/2395/2395 2397/2397/2397 2399/2399/2399 
f 2400/2400/2400 2398/2398/2398 2401/2401/2401 
f 2398/2398/2398 2400/2400/2400 2402/2402/2402 
f 2403/2403/2403 2404/2404/2404 2405/2405/2405 
f 2406/2406/2406 2407/2407/2407 2408/2408/2408 
f 2409/2409/2409 2398/2398/2398 2402/2402/2402 
f 2410/2410/2410 2411/2411/2411 2412/2412/2412 
f 2395/2395/2395 2401/2401/2401 2398/2398/2398 
f 2413/2413/2413 2414/2414/2414 2415/2415/2415 
f 2416/2416/2416 2417/2417/2417 2418/2418/2418 
f 2419/2419/2419 2420/2420/2420 2421/2421/2421 
f 2417/2417/2417 2422/2422/2422 2418/2418/2418 
f 2423/2423/2423 2424/2424/2424 2425/2425/2425 
f 2422/2422/2422 2426/2426/2426 2427/2427/2427 
f 2428/2428/2428 2426/2426/2426 2429/2429/2429 
f 2426/2426/2426 2428/2428/2428 2427/2427/2427 
f 2430/2430/2430 2431/2431/2431 2432/2432/2432 
f 2433/2433/2433 2434/2434/2434 2435/2435/2435 
f 2421/2421/2421 2436/2436/2436 2419/2419/2419 
f 2424/2424/2424 2437/2437/2437 2425/2425/2425 
f 2421/2421/2421 2420/2420/2420 2438/2438/2438 
f 2439/2439/2439 2432/2432/2432 2431/2431/2431 
f 2435/2435/2435 2440/2440/2440 2433/2433/2433 
f 2441/2441/2441 2442/2442/2442 2443/2443/2443 
f 2444/2444/2444 2415/2415/2415 2445/2445/2445 
f 2446/2446/2446 2441/2441/2441 2447/2447/2447 
f 2415/2415/2415 2448/2448/2448 2413/2413/2413 
f 2420/2420/2420 2449/2449/2449 2438/2438/2438 
f 2450/2450/2450 2451/2451/2451 2452/2452/2452 
f 2453/2453/2453 2454/2454/2454 2455/2455/2455 
f 2456/2456/2456 2457/2457/2457 2458/2458/2458 
f 2458/2458/2458 2457/2457/2457 2459/2459/2459 
f 2460/2460/2460 2461/2461/2461 2462/2462/2462 
f 2463/2463/2463 2464/2464/2464 2465/2465/2465 
f 2466/2466/2466 2460/2460/2460 2467/2467/2467 
f 2468/2468/2468 2393/2393/2393 2463/2463/2463 
f 2393/2393/2393 2468/2468/2468 2392/2392/2392 
f 2469/2469/2469 2470/2470/2470 2471/2471/2471 
f 2468/2468/2468 2472/2472/2472 2392/2392/2392 
f 2411/2411/2411 2473/2473/2473 2412/2412/2412 
f 2474/2474/2474 2475/2475/2475 2476/2476/2476 
f 2465/2465/2465 2468/2468/2468 2463/2463/2463 
f 2477/2477/2477 2478/2478/2478 2478/2478/2478 
f 2474/2474/2474 2476/2476/2476 2479/2479/2479 
f 2480/2480/2480 2481/2481/2481 2482/2482/2482 
f 2467/2467/2467 2483/2483/2483 2466/2466/2466 
f 2484/2484/2484 2485/2485/2485 2486/2486/2486 
f 2485/2485/2485 2484/2484/2484 2466/2466/2466 
f 2487/2487/2487 2488/2488/2488 2489/2489/2489 
f 2466/2466/2466 2483/2483/2483 2485/2485/2485 
f 2475/2475/2475 2490/2490/2490 2476/2476/2476 
f 2447/2447/2447 2491/2491/2491 2492/2492/2492 
f 2491/2491/2491 2447/2447/2447 2493/2493/2493 
f 2447/2447/2447 2441/2441/2441 2443/2443/2443 
f 2494/2494/2494 2495/2495/2495 2496/2496/2496 
f 2495/2495/2495 2494/2494/2494 2447/2447/2447 
f 2494/2494/2494 2446/2446/2446 2447/2447/2447 
f 2497/2497/2497 2476/2476/2476 2490/2490/2490 
f 2489/2489/2489 2498/2498/2498 2487/2487/2487 
f 2499/2499/2499 2500/2500/2500 2501/2501/2501 
f 2502/2502/2502 2494/2494/2494 2496/2496/2496 
f 2503/2503/2503 2504/2504/2504 2505/2505/2505 
f 2506/2506/2506 2507/2507/2507 2508/2508/2508 
f 2509/2509/2509 2482/2482/2482 2481/2481/2481 
f 2510/2510/2510 2511/2511/2511 2379/2379/2379 
f 2512/2512/2512 2499/2499/2499 2513/2513/2513 
f 2501/2501/2501 2513/2513/2513 2499/2499/2499 
f 2432/2432/2432 2369/2369/2369 2370/2370/2370 
f 2510/2510/2510 2379/2379/2379 2514/2514/2514 
f 2410/2410/2410 2412/2412/2412 2515/2515/2515 
f 2516/2516/2516 2469/2469/2469 2455/2455/2455 
f 2488/2488/2488 2517/2517/2517 2489/2489/2489 
f 2518/2518/2518 2519/2519/2519 2520/2520/2520 
f 2521/2521/2521 2410/2410/2410 2515/2515/2515 
f 2522/2522/2522 2503/2503/2503 2523/2523/2523 
f 2524/2524/2524 2525/2525/2525 2526/2526/2526 
f 2527/2527/2527 2528/2528/2528 2529/2529/2529 
f 2525/2525/2525 2530/2530/2530 2526/2526/2526 
f 2500/2500/2500 2531/2531/2531 2407/2407/2407 
f 2432/2432/2432 2370/2370/2370 2430/2430/2430 
f 2407/2407/2407 2531/2531/2531 2408/2408/2408 
f 2405/2405/2405 2532/2532/2532 2403/2403/2403 
f 2454/2454/2454 2533/2533/2533 2455/2455/2455 
f 2529/2529/2529 2533/2533/2533 2527/2527/2527 
f 2533/2533/2533 2529/2529/2529 2455/2455/2455 
f 2534/2534/2534 2523/2523/2523 2503/2503/2503 
f 2453/2453/2453 2455/2455/2455 2535/2535/2535 
f 2517/2517/2517 2536/2536/2536 2489/2489/2489 
f 2403/2403/2403 2532/2532/2532 2537/2537/2537 
f 2505/2505/2505 2534/2534/2534 2503/2503/2503 
f 2538/2538/2538 2514/2514/2514 2381/2381/2381 
f 2520/2520/2520 2539/2539/2539 2518/2518/2518 
f 2540/2540/2540 2403/2403/2403 2537/2537/2537 
f 2541/2541/2541 2308/2308/2308 2542/2542/2542 
f 2386/2386/2386 2388/2388/2388 2543/2543/2543 
f 2544/2544/2544 2545/2545/2545 2546/2546/2546 
f 2545/2545/2545 2544/2544/2544 2547/2547/2547 
f 2537/2537/2537 2548/2548/2548 2540/2540/2540 
f 2544/2544/2544 2549/2549/2549 2547/2547/2547 
f 2546/2546/2546 2550/2550/2550 2551/2551/2551 
f 2550/2550/2550 2546/2546/2546 2545/2545/2545 
f 2552/2552/2552 2553/2553/2553 2328/2328/2328 
f 2452/2452/2452 2554/2554/2554 2450/2450/2450 
f 2555/2555/2555 2370/2370/2370 2347/2347/2347 
f 2548/2548/2548 2556/2556/2556 2540/2540/2540 
f 2553/2553/2553 2341/2341/2341 2328/2328/2328 
f 2370/2370/2370 2342/2342/2342 2347/2347/2347 
f 2407/2407/2407 2557/2557/2557 2501/2501/2501 
f 2352/2352/2352 2558/2558/2558 2353/2353/2353 
f 2460/2460/2460 2462/2462/2462 2559/2559/2559 
f 2560/2560/2560 2561/2561/2561 2562/2562/2562 
f 2507/2507/2507 2563/2563/2563 2508/2508/2508 
f 2564/2564/2564 2460/2460/2460 2559/2559/2559 
f 2565/2565/2565 2566/2566/2566 2567/2567/2567 
f 2481/2481/2481 2481/2481/2481 2509/2509/2509 
f 2567/2567/2567 2567/2567/2567 2565/2565/2565 
f 2568/2568/2568 2569/2569/2569 2570/2570/2570 
f 2571/2571/2571 2572/2572/2572 2573/2573/2573 
f 2574/2574/2574 2575/2575/2575 2576/2576/2576 
f 2575/2575/2575 2574/2574/2574 2577/2577/2577 
f 2578/2578/2578 2579/2579/2579 2580/2580/2580 
f 2581/2581/2581 2582/2582/2582 2576/2576/2576 
f 2583/2583/2583 2584/2584/2584 2585/2585/2585 
f 2586/2586/2586 2587/2587/2587 2573/2573/2573 
f 2576/2576/2576 2575/2575/2575 2581/2581/2581 
f 2588/2588/2588 2578/2578/2578 2580/2580/2580 
f 2584/2584/2584 2589/2589/2589 2585/2585/2585 
f 2590/2590/2590 2591/2591/2591 2567/2567/2567 
f 2587/2587/2587 2592/2592/2592 2573/2573/2573 
f 2573/2573/2573 2592/2592/2592 2571/2571/2571 
f 2588/2588/2588 2580/2580/2580 2509/2509/2509 
f 2566/2566/2566 2590/2590/2590 2567/2567/2567 
f 2481/2481/2481 2588/2588/2588 2509/2509/2509 
f 2593/2593/2593 2594/2594/2594 2595/2595/2595 
f 2596/2596/2596 2597/2597/2597 2598/2598/2598 
f 2599/2599/2599 2600/2600/2600 2601/2601/2601 
f 2602/2602/2602 2603/2603/2603 2604/2604/2604 
f 2605/2605/2605 2596/2596/2596 2598/2598/2598 
f 2561/2561/2561 2606/2606/2606 2562/2562/2562 
f 2607/2607/2607 2608/2608/2608 2609/2609/2609 
f 2599/2599/2599 2601/2601/2601 2610/2610/2610 
f 2611/2611/2611 2612/2612/2612 2613/2613/2613 
f 2614/2614/2614 2615/2615/2615 2616/2616/2616 
f 2617/2617/2617 2618/2618/2618 2619/2619/2619 
f 2617/2617/2617 2619/2619/2619 2617/2617/2617 
f 2620/2620/2620 2611/2611/2611 2613/2613/2613 
f 2621/2621/2621 2622/2622/2622 2623/2623/2623 
f 2624/2624/2624 2625/2625/2625 2626/2626/2626 
f 2373/2373/2373 2375/2375/2375 2384/2384/2384 
f 2627/2627/2627 2384/2384/2384 2375/2375/2375 
f 2628/2628/2628 2581/2581/2581 2575/2575/2575 
f 2629/2629/2629 2630/2630/2630 2631/2631/2631 
f 2632/2632/2632 2626/2626/2626 2625/2625/2625 
f 2633/2633/2633 2634/2634/2634 2635/2635/2635 
f 2631/2631/2631 2630/2630/2630 2636/2636/2636 
f 2637/2637/2637 2638/2638/2638 2639/2639/2639 
f 2358/2358/2358 2640/2640/2640 2359/2359/2359 
f 2640/2640/2640 2358/2358/2358 2363/2363/2363 
f 2641/2641/2641 2389/2389/2389 2391/2391/2391 
f 2427/2427/2427 2418/2418/2418 2422/2422/2422 
f 2459/2459/2459 2457/2457/2457 2642/2642/2642 
f 2469/2469/2469 2471/2471/2471 2455/2455/2455 
f 2643/2643/2643 2644/2644/2644 2645/2645/2645 
f 2646/2646/2646 2647/2647/2647 2648/2648/2648 
f 2640/2640/2640 2649/2649/2649 2359/2359/2359 
f 2648/2648/2648 2650/2650/2650 2646/2646/2646 
f 2646/2646/2646 2650/2650/2650 2651/2651/2651 
f 2316/2316/2316 2652/2652/2652 2542/2542/2542 
f 2645/2645/2645 2644/2644/2644 2653/2653/2653 
f 2316/2316/2316 2654/2654/2654 2655/2655/2655 
f 2654/2654/2654 2316/2316/2316 2314/2314/2314 
f 2542/2542/2542 2308/2308/2308 2316/2316/2316 
f 2656/2656/2656 2657/2657/2657 2658/2658/2658 
f 2659/2659/2659 2660/2660/2660 2661/2661/2661 
f 2662/2662/2662 2663/2663/2663 2664/2664/2664 
f 2662/2662/2662 2664/2664/2664 2665/2665/2665 
f 2666/2666/2666 2667/2667/2667 2668/2668/2668 
f 2667/2667/2667 2666/2666/2666 2669/2669/2669 
f 2641/2641/2641 2391/2391/2391 2670/2670/2670 
f 2656/2656/2656 2671/2671/2671 2672/2672/2672 
f 2671/2671/2671 2656/2656/2656 2673/2673/2673 
f 2674/2674/2674 2675/2675/2675 2676/2676/2676 
f 2677/2677/2677 2666/2666/2666 2678/2678/2678 
f 2658/2658/2658 2673/2673/2673 2656/2656/2656 
f 2679/2679/2679 2680/2680/2680 2681/2681/2681 
f 2678/2678/2678 2666/2666/2666 2668/2668/2668 
f 2681/2681/2681 2547/2547/2547 2679/2679/2679 
f 2679/2679/2679 2547/2547/2547 2682/2682/2682 
f 2683/2683/2683 2684/2684/2684 2685/2685/2685 
f 2686/2686/2686 2687/2687/2687 2688/2688/2688 
f 2652/2652/2652 2689/2689/2689 2542/2542/2542 
f 2542/2542/2542 2689/2689/2689 2690/2690/2690 
f 2691/2691/2691 2674/2674/2674 2676/2676/2676 
f 2660/2660/2660 2692/2692/2692 2661/2661/2661 
f 2693/2693/2693 2694/2694/2694 2695/2695/2695 
f 2395/2395/2395 2399/2399/2399 2396/2396/2396 
f 2696/2696/2696 2697/2697/2697 2698/2698/2698 
f 2699/2699/2699 2399/2399/2399 2700/2700/2700 
f 2399/2399/2399 2397/2397/2397 2700/2700/2700 
f 2701/2701/2701 2702/2702/2702 2665/2665/2665 
f 2414/2414/2414 2445/2445/2445 2415/2415/2415 
f 2703/2703/2703 2704/2704/2704 2705/2705/2705 
f 2706/2706/2706 2707/2707/2707 2453/2453/2453 
f 2708/2708/2708 2709/2709/2709 2695/2695/2695 
f 2705/2705/2705 2710/2710/2710 2703/2703/2703 
f 2453/2453/2453 2535/2535/2535 2706/2706/2706 
f 2711/2711/2711 2693/2693/2693 2695/2695/2695 
f 2664/2664/2664 2701/2701/2701 2665/2665/2665 
f 2712/2712/2712 2706/2706/2706 2535/2535/2535 
f 2708/2708/2708 2695/2695/2695 2694/2694/2694 
f 2713/2713/2713 2714/2714/2714 2715/2715/2715 
f 2443/2443/2443 2493/2493/2493 2447/2447/2447 
f 2716/2716/2716 2717/2717/2717 2718/2718/2718 
f 2478/2478/2478 2719/2719/2719 2720/2720/2720 
f 2721/2721/2721 2722/2722/2722 2723/2723/2723 
f 2455/2455/2455 2471/2471/2471 2535/2535/2535 
f 2718/2718/2718 2724/2724/2724 2716/2716/2716 
f 2725/2725/2725 2726/2726/2726 2727/2727/2727 
f 2728/2728/2728 2729/2729/2729 2730/2730/2730 
f 2731/2731/2731 2725/2725/2725 2727/2727/2727 
f 2718/2718/2718 2717/2717/2717 2732/2732/2732 
f 2697/2697/2697 2733/2733/2733 2734/2734/2734 
f 2735/2735/2735 2736/2736/2736 2737/2737/2737 
f 2738/2738/2738 2718/2718/2718 2732/2732/2732 
f 2734/2734/2734 2698/2698/2698 2697/2697/2697 
f 2535/2535/2535 2739/2739/2739 2712/2712/2712 
f 2698/2698/2698 2740/2740/2740 2696/2696/2696 
f 2741/2741/2741 2742/2742/2742 2722/2722/2722 
f 2723/2723/2723 2722/2722/2722 2743/2743/2743 
f 2729/2729/2729 2479/2479/2479 2476/2476/2476 
f 2744/2744/2744 2721/2721/2721 2723/2723/2723 
f 2745/2745/2745 2462/2462/2462 2461/2461/2461 
f 2730/2730/2730 2729/2729/2729 2476/2476/2476 
f 2316/2316/2316 2308/2308/2308 2310/2310/2310 
f 2746/2746/2746 2703/2703/2703 2747/2747/2747 
f 2710/2710/2710 2747/2747/2747 2703/2703/2703 
f 2549/2549/2549 2682/2682/2682 2547/2547/2547 
f 2609/2609/2609 2748/2748/2748 2607/2607/2607 
f 2749/2749/2749 2750/2750/2750 2751/2751/2751 
f 2595/2595/2595 2752/2752/2752 2593/2593/2593 
f 2603/2603/2603 2753/2753/2753 2604/2604/2604 
f 2751/2751/2751 2754/2754/2754 2749/2749/2749 
f 2683/2683/2683 2685/2685/2685 2755/2755/2755 
f 2756/2756/2756 2713/2713/2713 2715/2715/2715 
f 2700/2700/2700 2757/2757/2757 2758/2758/2758 
f 2758/2758/2758 2699/2699/2699 2700/2700/2700 
f 2759/2759/2759 2760/2760/2760 2761/2761/2761 
f 2687/2687/2687 2762/2762/2762 2688/2688/2688 
f 2763/2763/2763 2737/2737/2737 2764/2764/2764 
f 2737/2737/2737 2763/2763/2763 2735/2735/2735 
f 2723/2723/2723 2765/2765/2765 2744/2744/2744 
f 2766/2766/2766 2731/2731/2731 2767/2767/2767 
f 2569/2569/2569 2768/2768/2768 2570/2570/2570 
f 2769/2769/2769 2744/2744/2744 2770/2770/2770 
f 2770/2770/2770 2744/2744/2744 2765/2765/2765 
f 2771/2771/2771 2772/2772/2772 2773/2773/2773 
f 2772/2772/2772 2771/2771/2771 2774/2774/2774 
f 2775/2775/2775 2761/2761/2761 2776/2776/2776 
f 2761/2761/2761 2775/2775/2775 2777/2777/2777 
f 2778/2778/2778 2779/2779/2779 2780/2780/2780 
f 2577/2577/2577 2781/2781/2781 2776/2776/2776 
f 2782/2782/2782 2783/2783/2783 2784/2784/2784 
f 2781/2781/2781 2775/2775/2775 2776/2776/2776 
f 2774/2774/2774 2785/2785/2785 2772/2772/2772 
f 2786/2786/2786 2763/2763/2763 2764/2764/2764 
f 2787/2787/2787 2782/2782/2782 2784/2784/2784 
f 2788/2788/2788 2570/2570/2570 2768/2768/2768 
f 2789/2789/2789 2790/2790/2790 2791/2791/2791 
f 2788/2788/2788 2768/2768/2768 2792/2792/2792 
f 2793/2793/2793 2778/2778/2778 2780/2780/2780 
f 2783/2783/2783 2794/2794/2794 2784/2784/2784 
f 2784/2784/2784 2794/2794/2794 2795/2795/2795 
f 2796/2796/2796 2784/2784/2784 2795/2795/2795 
f 2792/2792/2792 2797/2797/2797 2788/2788/2788 
f 2791/2791/2791 2798/2798/2798 2789/2789/2789 
f 2799/2799/2799 2800/2800/2800 2801/2801/2801 
f 2802/2802/2802 2803/2803/2803 2804/2804/2804 
f 2805/2805/2805 2806/2806/2806 2807/2807/2807 
f 2808/2808/2808 2809/2809/2809 2810/2810/2810 
f 2804/2804/2804 2811/2811/2811 2802/2802/2802 
f 2812/2812/2812 2813/2813/2813 2814/2814/2814 
f 2776/2776/2776 2761/2761/2761 2815/2815/2815 
f 2816/2816/2816 2799/2799/2799 2801/2801/2801 
f 2817/2817/2817 2818/2818/2818 2819/2819/2819 
f 2807/2807/2807 2820/2820/2820 2805/2805/2805 
f 2821/2821/2821 2808/2808/2808 2810/2810/2810 
f 2822/2822/2822 2817/2817/2817 2819/2819/2819 
f 2814/2814/2814 2823/2823/2823 2812/2812/2812 
f 2824/2824/2824 2825/2825/2825 2826/2826/2826 
f 2825/2825/2825 2824/2824/2824 2827/2827/2827 
f 2828/2828/2828 2829/2829/2829 2830/2830/2830 
f 2831/2831/2831 2832/2832/2832 2833/2833/2833 
f 2827/2827/2827 2834/2834/2834 2825/2825/2825 
f 2835/2835/2835 2836/2836/2836 2837/2837/2837 
f 2834/2834/2834 2838/2838/2838 2825/2825/2825 
f 2839/2839/2839 2840/2840/2840 2841/2841/2841 
f 2838/2838/2838 2842/2842/2842 2825/2825/2825 
f 2843/2843/2843 2844/2844/2844 2845/2845/2845 
f 2846/2846/2846 2847/2847/2847 2848/2848/2848 
f 2825/2825/2825 2849/2849/2849 2826/2826/2826 
f 2850/2850/2850 2851/2851/2851 2852/2852/2852 
f 2853/2853/2853 2854/2854/2854 2855/2855/2855 
f 2856/2856/2856 2857/2857/2857 2858/2858/2858 
f 2859/2859/2859 2860/2860/2860 2861/2861/2861 
f 2862/2862/2862 2856/2856/2856 2858/2858/2858 
f 2863/2863/2863 2635/2635/2635 2634/2634/2634 
f 2864/2864/2864 2865/2865/2865 2866/2866/2866 
f 2776/2776/2776 2867/2867/2867 2868/2868/2868 
f 2651/2651/2651 2869/2869/2869 2646/2646/2646 
f 2644/2644/2644 2870/2870/2870 2653/2653/2653 
f 2871/2871/2871 2640/2640/2640 2872/2872/2872 
f 2760/2760/2760 2815/2815/2815 2761/2761/2761 
f 2621/2621/2621 2623/2623/2623 2873/2873/2873 
f 2874/2874/2874 2875/2875/2875 2876/2876/2876 
f 2875/2875/2875 2874/2874/2874 2877/2877/2877 
f 2878/2878/2878 2879/2879/2879 2880/2880/2880 
f 2776/2776/2776 2868/2868/2868 2575/2575/2575 
f 2881/2881/2881 2882/2882/2882 2883/2883/2883 
f 2882/2882/2882 2881/2881/2881 2884/2884/2884 
f 2885/2885/2885 2859/2859/2859 2886/2886/2886 
f 2887/2887/2887 2861/2861/2861 2888/2888/2888 
f 2861/2861/2861 2887/2887/2887 2859/2859/2859 
f 2889/2889/2889 2890/2890/2890 2891/2891/2891 
f 2887/2887/2887 2892/2892/2892 2859/2859/2859 
f 2893/2893/2893 2892/2892/2892 2894/2894/2894 
f 2892/2892/2892 2893/2893/2893 2859/2859/2859 
f 2895/2895/2895 2896/2896/2896 2897/2897/2897 
f 2893/2893/2893 2886/2886/2886 2859/2859/2859 
f 2885/2885/2885 2886/2886/2886 2898/2898/2898 
f 2899/2899/2899 2900/2900/2900 2901/2901/2901 
f 2902/2902/2902 2903/2903/2903 2836/2836/2836 
f 2904/2904/2904 2893/2893/2893 2894/2894/2894 
f 2905/2905/2905 2906/2906/2906 2907/2907/2907 
f 2908/2908/2908 2909/2909/2909 2910/2910/2910 
f 2911/2911/2911 2912/2912/2912 2913/2913/2913 
f 2891/2891/2891 2914/2914/2914 2889/2889/2889 
f 2915/2915/2915 2916/2916/2916 2917/2917/2917 
f 2918/2918/2918 2919/2919/2919 2884/2884/2884 
f 2897/2897/2897 2920/2920/2920 2895/2895/2895 
f 2921/2921/2921 2902/2902/2902 2836/2836/2836 
f 2640/2640/2640 2363/2363/2363 2872/2872/2872 
f 2922/2922/2922 2882/2882/2882 2919/2919/2919 
f 2907/2907/2907 2923/2923/2923 2905/2905/2905 
f 2905/2905/2905 2828/2828/2828 2830/2830/2830 
f 2828/2828/2828 2905/2905/2905 2923/2923/2923 
f 2836/2836/2836 2903/2903/2903 2837/2837/2837 
f 2921/2921/2921 2836/2836/2836 2924/2924/2924 
f 2922/2922/2922 2919/2919/2919 2925/2925/2925 
f 2926/2926/2926 2918/2918/2918 2884/2884/2884 
f 2913/2913/2913 2927/2927/2927 2928/2928/2928 
f 2913/2913/2913 2928/2928/2928 2911/2911/2911 
f 2901/2901/2901 2929/2929/2929 2930/2930/2930 
f 2929/2929/2929 2901/2901/2901 2900/2900/2900 
f 2909/2909/2909 2930/2930/2930 2910/2910/2910 
f 2931/2931/2931 2930/2930/2930 2929/2929/2929 
f 2930/2930/2930 2931/2931/2931 2910/2910/2910 
f 2855/2855/2855 2932/2932/2932 2853/2853/2853 
f 2931/2931/2931 2933/2933/2933 2934/2934/2934 
f 2935/2935/2935 2911/2911/2911 2928/2928/2928 
f 2936/2936/2936 2934/2934/2934 2933/2933/2933 
f 2931/2931/2931 2934/2934/2934 2910/2910/2910 
f 2841/2841/2841 2937/2937/2937 2839/2839/2839 
f 2938/2938/2938 2845/2845/2845 2844/2844/2844 
f 2939/2939/2939 2878/2878/2878 2880/2880/2880 
f 2851/2851/2851 2940/2940/2940 2852/2852/2852 
f 2941/2941/2941 2831/2831/2831 2833/2833/2833 
f 2848/2848/2848 2847/2847/2847 2942/2942/2942 
f 2942/2942/2942 2847/2847/2847 2943/2943/2943 
f 2630/2630/2630 2881/2881/2881 2883/2883/2883 
f 2944/2944/2944 2945/2945/2945 2946/2946/2946 
f 2630/2630/2630 2883/2883/2883 2947/2947/2947 
f 2948/2948/2948 2938/2938/2938 2844/2844/2844 
f 2938/2938/2938 2948/2948/2948 2949/2949/2949 
f 2950/2950/2950 2951/2951/2951 2952/2952/2952 
f 2953/2953/2953 2954/2954/2954 2955/2955/2955 
f 2951/2951/2951 2956/2956/2956 2952/2952/2952 
f 2957/2957/2957 2839/2839/2839 2937/2937/2937 
f 2958/2958/2958 2953/2953/2953 2955/2955/2955 
f 2959/2959/2959 2960/2960/2960 2961/2961/2961 
f 2962/2962/2962 2963/2963/2963 2952/2952/2952 
f 2956/2956/2956 2962/2962/2962 2952/2952/2952 
f 2960/2960/2960 2957/2957/2957 2964/2964/2964 
f 2948/2948/2948 2959/2959/2959 2965/2965/2965 
f 2966/2966/2966 2967/2967/2967 2968/2968/2968 
f 2967/2967/2967 2966/2966/2966 2969/2969/2969 
f 2961/2961/2961 2970/2970/2970 2959/2959/2959 
f 2971/2971/2971 2968/2968/2968 2967/2967/2967 
f 2964/2964/2964 2961/2961/2961 2960/2960/2960 
f 2970/2970/2970 2965/2965/2965 2959/2959/2959 
f 2972/2972/2972 2973/2973/2973 2974/2974/2974 
f 2969/2969/2969 2975/2975/2975 2967/2967/2967 
f 2976/2976/2976 2977/2977/2977 2978/2978/2978 
f 2948/2948/2948 2965/2965/2965 2949/2949/2949 
f 2964/2964/2964 2957/2957/2957 2979/2979/2979 
f 2965/2965/2965 2980/2980/2980 2949/2949/2949 
f 2981/2981/2981 2976/2976/2976 2978/2978/2978 
f 2982/2982/2982 2983/2983/2983 2917/2917/2917 
f 2947/2947/2947 2984/2984/2984 2636/2636/2636 
f 2985/2985/2985 2986/2986/2986 2616/2616/2616 
f 2617/2617/2617 2987/2987/2987 2617/2617/2617 
f 2616/2616/2616 2988/2988/2988 2614/2614/2614 
f 2989/2989/2989 2990/2990/2990 2991/2991/2991 
f 2575/2575/2575 2577/2577/2577 2776/2776/2776 
f 2617/2617/2617 2619/2619/2619 2992/2992/2992 
f 2636/2636/2636 2984/2984/2984 2631/2631/2631 
f 2993/2993/2993 2619/2619/2619 2994/2994/2994 
f 2619/2619/2619 2993/2993/2993 2992/2992/2992 
f 2992/2992/2992 2993/2993/2993 2995/2995/2995 
f 2996/2996/2996 2997/2997/2997 2998/2998/2998 
f 2994/2994/2994 2619/2619/2619 2999/2999/2999 
f 3000/3000/3000 3001/3001/3001 3002/3002/3002 
f 3003/3003/3003 3004/3004/3004 3005/3005/3005 
f 3006/3006/3006 3007/3007/3007 3008/3008/3008 
f 3009/3009/3009 3010/3010/3010 3011/3011/3011 
f 3012/3012/3012 3006/3006/3006 3008/3008/3008 
f 3005/3005/3005 3013/3013/3013 3014/3014/3014 
f 2993/2993/2993 3015/3015/3015 2995/2995/2995 
f 3016/3016/3016 3017/3017/3017 3018/3018/3018 
f 3019/3019/3019 3020/3020/3020 3021/3021/3021 
f 3022/3022/3022 3023/3023/3023 3024/3024/3024 
f 2999/2999/2999 3025/3025/3025 2994/2994/2994 
f 3026/3026/3026 3027/3027/3027 3028/3028/3028 
f 2997/2997/2997 3029/3029/3029 2998/2998/2998 
f 3030/3030/3030 3031/3031/3031 2927/2927/2927 
f 3032/3032/3032 3033/3033/3033 2629/2629/2629 
f 3002/3002/3002 3034/3034/3034 3000/3000/3000 
f 3032/3032/3032 2631/2631/2631 3035/3035/3035 
f 2631/2631/2631 3032/3032/3032 2629/2629/2629 
f 3035/3035/3035 3036/3036/3036 3032/3032/3032 
f 3037/3037/3037 3028/3028/3028 3038/3038/3038 
f 3038/3038/3038 3028/3028/3028 3039/3039/3039 
f 3005/3005/3005 3004/3004/3004 3040/3040/3040 
f 3032/3032/3032 3036/3036/3036 3041/3041/3041 
f 3033/3033/3033 2926/2926/2926 2629/2629/2629 
f 2884/2884/2884 2629/2629/2629 2926/2926/2926 
f 3042/3042/3042 3038/3038/3038 3039/3039/3039 
f 3009/3009/3009 3043/3043/3043 3044/3044/3044 
f 3043/3043/3043 3009/3009/3009 3011/3011/3011 
f 3043/3043/3043 3045/3045/3045 3044/3044/3044 
f 3045/3045/3045 3043/3043/3043 3046/3046/3046 
f 3004/3004/3004 3047/3047/3047 3040/3040/3040 
f 3048/3048/3048 3049/3049/3049 2979/2979/2979 
f 2980/2980/2980 3050/3050/3050 3051/3051/3051 
f 3017/3017/3017 3052/3052/3052 3018/3018/3018 
f 3018/3018/3018 3053/3053/3053 2989/2989/2989 
f 3053/3053/3053 3018/3018/3018 3052/3052/3052 
f 3024/3024/3024 3023/3023/3023 3053/3053/3053 
f 3054/3054/3054 3019/3019/3019 3021/3021/3021 
f 3024/3024/3024 3053/3053/3053 3052/3052/3052 
f 2979/2979/2979 3055/3055/3055 3048/3048/3048 
f 3056/3056/3056 2639/2639/2639 2638/2638/2638 
f 2991/2991/2991 3018/3018/3018 2989/2989/2989 
f 3051/3051/3051 2949/2949/2949 2980/2980/2980 
f 3049/3049/3049 2964/2964/2964 2979/2979/2979 
f 3057/3057/3057 3058/3058/3058 3059/3059/3059 
f 2973/2973/2973 3060/3060/3060 2974/2974/2974 
f 3061/3061/3061 3059/3059/3059 3058/3058/3058 
f 2356/2356/2356 2355/2355/2355 2361/2361/2361 
f 2334/2334/2334 2336/2336/2336 2349/2349/2349 
f 3062/3062/3062 2628/2628/2628 2575/2575/2575 
f 2407/2407/2407 2501/2501/2501 2500/2500/2500 
f 2381/2381/2381 2514/2514/2514 2379/2379/2379 
f 2477/2477/2477 2478/2478/2478 2720/2720/2720 
f 2486/2486/2486 2485/2485/2485 3063/3063/3063 
f 3064/3064/3064 2789/2789/2789 2798/2798/2798 
f 2945/2945/2945 3065/3065/3065 2946/2946/2946 
f 2636/2636/2636 2630/2630/2630 2947/2947/2947 
f 2990/2990/2990 3066/3066/3066 2991/2991/2991 
f 2722/2722/2722 2742/2742/2742 2743/2743/2743 
f 2727/2727/2727 2767/2767/2767 2731/2731/2731 
f 2825/2825/2825 2842/2842/2842 3067/3067/3067 
f 2866/2866/2866 2865/2865/2865 3068/3068/3068 
f 2884/2884/2884 2919/2919/2919 2882/2882/2882 
f 2915/2915/2915 2917/2917/2917 2983/2983/2983 
f 2915/2915/2915 2983/2983/2983 2986/2986/2986 
f 2937/2937/2937 2979/2979/2979 2957/2957/2957 
f 3043/3043/3043 3069/3069/3069 3046/3046/3046 
f 3041/3041/3041 3070/3070/3070 3032/3032/3032 

