# This file is brought to you by Roblox Corporation
# Generated by Roblox Studio

mtllib Farmer.mtl

g Handle1

v 366.308 4.23868 201.474 
v 366.418 4.13921 201.744 
v 366.309 4.23835 201.474 
v 366.261 4.26657 201.366 
v 366.306 4.23842 201.475 
v 366.31 4.23748 201.473 
v 366.263 4.26624 201.366 
v 366.264 4.2653 201.365 
v 366.311 4.23622 201.472 
v 366.222 4.27766 201.264 
v 366.265 4.2639 201.365 
v 366.221 4.27868 201.264 
v 366.223 4.27614 201.263 
v 366.122 4.28811 201.032 
v 366.219 4.27904 201.265 
v 366.26 4.26624 201.367 
v 366.223 4.27434 201.263 
v 366.217 4.27868 201.266 
v 366.305 4.23763 201.475 
v 366.258 4.26531 201.367 
v 366.216 4.27766 201.266 
v 366.215 4.27614 201.267 
v 366.257 4.26391 201.368 
v 366.215 4.27434 201.267 
v 366.304 4.23641 201.475 
v 366.257 4.26225 201.368 
v 366.304 4.23495 201.475 
v 366.304 4.23348 201.474 
v 366.215 4.27255 201.267 
v 366.257 4.2606 201.367 
v 366.304 4.23222 201.473 
v 366.258 4.2592 201.367 
v 366.216 4.27102 201.266 
v 366.305 4.23136 201.473 
v 366.217 4.27001 201.266 
v 366.259 4.25826 201.366 
v 366.307 4.23103 201.472 
v 366.219 4.26965 201.265 
v 366.261 4.25793 201.366 
v 366.221 4.27001 201.264 
v 366.262 4.25826 201.365 
v 366.222 4.27102 201.264 
v 366.223 4.27255 201.263 
v 366.308 4.23128 201.472 
v 366.264 4.25919 201.365 
v 366.31 4.23208 201.471 
v 366.311 4.23329 201.471 
v 366.265 4.26059 201.365 
v 366.311 4.23475 201.472 
v 366.265 4.26225 201.365 
v 366.409 4.1539 201.708 
v 366.414 4.14391 201.721 
v 366.42 4.14892 201.717 
v 366.402 4.14933 201.702 
v 366.404 4.15001 201.711 
v 366.402 4.14933 201.702 
v 366.413 4.15354 201.704 
v 366.401 4.14414 201.71 
v 366.402 4.14933 201.702 
v 366.409 4.13637 201.72 
v 366.4 4.13974 201.707 
v 366.402 4.14933 201.702 
v 366.409 4.1307 201.716 
v 366.423 4.12996 201.727 
v 366.423 4.1264 201.725 
v 366.435 4.12681 201.73 
v 366.426 4.13471 201.728 
v 366.435 4.12681 201.73 
v 366.43 4.13787 201.725 
v 366.435 4.12681 201.73 
v 366.433 4.13757 201.722 
v 366.435 4.12681 201.73 
v 366.425 4.14846 201.712 
v 366.424 4.1428 201.707 
v 366.412 4.14914 201.7 
v 366.402 4.14933 201.702 
v 366.433 4.13401 201.719 
v 366.435 4.12681 201.73 
v 366.42 4.13525 201.707 
v 366.435 4.12681 201.73 
v 366.43 4.12926 201.719 
v 366.426 4.12611 201.721 
v 366.435 4.12681 201.73 
v 366.409 4.14328 201.7 
v 366.402 4.14933 201.702 
v 366.413 4.13024 201.711 
v 366.435 4.12681 201.73 
v 366.423 4.1264 201.725 
v 366.409 4.1307 201.716 
v 366.4 4.13974 201.707 
v 366.404 4.13938 201.703 
v 366.402 4.14933 201.702 
v 366.402 4.14933 201.702 
v 366.313 4.23723 201.474 
v 366.321 4.21915 201.483 
v 366.316 4.23118 201.469 
v 366.316 4.22694 201.49 
v 366.306 4.23685 201.465 
v 366.305 4.24045 201.477 
v 366.306 4.23685 201.465 
v 366.306 4.23685 201.465 
v 366.298 4.23895 201.477 
v 366.298 4.22916 201.494 
v 366.295 4.22229 201.488 
v 366.296 4.23361 201.473 
v 366.306 4.23685 201.465 
v 366.3 4.2145 201.482 
v 366.306 4.23685 201.465 
v 366.3 4.22756 201.468 
v 366.304 4.20424 201.5 
v 366.301 4.20914 201.504 
v 366.311 4.19959 201.513 
v 366.31 4.20163 201.497 
v 366.311 4.19959 201.513 
v 366.309 4.21036 201.478 
v 366.307 4.22434 201.465 
v 366.306 4.23685 201.465 
v 366.318 4.21228 201.478 
v 366.316 4.20285 201.497 
v 366.311 4.19959 201.513 
v 366.314 4.22584 201.465 
v 366.306 4.23685 201.465 
v 366.325 4.22888 201.519 
v 366.335 4.21526 201.536 
v 366.342 4.22476 201.532 
v 366.318 4.22113 201.51 
v 366.32 4.2215 201.522 
v 366.317 4.2123 201.521 
v 366.318 4.22113 201.51 
v 366.318 4.22113 201.51 
v 366.318 4.20669 201.516 
v 366.333 4.19621 201.528 
v 366.331 4.20343 201.535 
v 366.353 4.19413 201.54 
v 366.352 4.19868 201.544 
v 366.37 4.1984 201.548 
v 366.354 4.20612 201.545 
v 366.37 4.1984 201.548 
v 366.359 4.2121 201.543 
v 366.37 4.1984 201.548 
v 366.348 4.22637 201.525 
v 366.37 4.1984 201.548 
v 366.363 4.21312 201.538 
v 366.33 4.23014 201.513 
v 366.318 4.22113 201.51 
v 366.364 4.20857 201.534 
v 366.37 4.1984 201.548 
v 366.35 4.21915 201.518 
v 366.331 4.22452 201.508 
v 366.318 4.22113 201.51 
v 366.328 4.21533 201.507 
v 366.318 4.22113 201.51 
v 366.346 4.20733 201.516 
v 366.361 4.20113 201.533 
v 366.37 4.1984 201.548 
v 366.357 4.19515 201.535 
v 366.37 4.1984 201.548 
v 366.339 4.19782 201.52 
v 366.353 4.19413 201.54 
v 366.37 4.1984 201.548 
v 366.333 4.19621 201.528 
v 366.323 4.20795 201.51 
v 366.318 4.22113 201.51 
v 366.318 4.20669 201.516 
v 366.318 4.22113 201.51 
v 366.326 4.22889 201.524 
v 366.334 4.21141 201.534 
v 366.331 4.22352 201.519 
v 366.322 4.22636 201.513 
v 366.33 4.21698 201.513 
v 366.322 4.22636 201.513 
v 366.322 4.22636 201.513 
v 366.326 4.2131 201.51 
v 366.334 4.20299 201.526 
v 366.327 4.19799 201.522 
v 366.327 4.18836 201.541 
v 366.331 4.19151 201.544 
v 366.325 4.18588 201.558 
v 366.331 4.19681 201.549 
v 366.325 4.18588 201.558 
v 366.327 4.20116 201.553 
v 366.325 4.18588 201.558 
v 366.328 4.21832 201.54 
v 366.321 4.202 201.554 
v 366.325 4.18588 201.558 
v 366.319 4.22994 201.526 
v 366.322 4.22636 201.513 
v 366.319 4.21967 201.542 
v 366.313 4.21467 201.538 
v 366.318 4.19886 201.551 
v 366.325 4.18588 201.558 
v 366.314 4.22605 201.522 
v 366.322 4.22636 201.513 
v 366.313 4.20625 201.531 
v 366.317 4.19356 201.547 
v 366.325 4.18588 201.558 
v 366.314 4.21951 201.517 
v 366.322 4.22636 201.513 
v 366.321 4.18921 201.542 
v 366.325 4.18588 201.558 
v 366.319 4.21414 201.512 
v 366.322 4.22636 201.513 
v 366.319 4.19934 201.524 
v 366.327 4.18836 201.541 
v 366.325 4.18588 201.558 
v 366.327 4.19799 201.522 
v 366.326 4.2131 201.51 
v 366.322 4.22636 201.513 
v 366.323 4.23697 201.497 
v 366.307 4.23293 201.483 
v 366.319 4.22652 201.497 
v 366.307 4.23605 201.472 
v 366.31 4.24105 201.484 
v 366.314 4.24486 201.48 
v 366.307 4.23605 201.472 
v 366.329 4.24186 201.493 
v 366.307 4.23605 201.472 
v 366.318 4.24212 201.475 
v 366.333 4.23834 201.486 
v 366.318 4.23444 201.471 
v 366.307 4.23605 201.472 
v 366.339 4.22678 201.507 
v 366.343 4.22986 201.504 
v 366.351 4.21626 201.51 
v 366.345 4.22764 201.5 
v 366.351 4.21626 201.51 
v 366.333 4.22846 201.481 
v 366.345 4.22143 201.496 
v 366.351 4.21626 201.51 
v 366.315 4.22632 201.47 
v 366.307 4.23605 201.472 
v 366.329 4.21801 201.48 
v 366.343 4.21485 201.496 
v 366.351 4.21626 201.51 
v 366.339 4.21177 201.499 
v 366.351 4.21626 201.51 
v 366.323 4.21311 201.484 
v 366.31 4.22252 201.474 
v 366.307 4.23605 201.472 
v 366.386 4.18574 201.651 
v 366.433 4.15307 201.721 
v 366.433 4.15249 201.72 
v 366.386 4.18641 201.651 
v 366.386 4.18657 201.651 
v 366.385 4.1859 201.651 
v 366.433 4.15315 201.721 
v 366.459 4.11512 201.743 
v 366.432 4.15257 201.721 
v 366.459 4.11463 201.743 
v 366.459 4.11508 201.744 
v 366.473 4.06741 201.753 
v 366.458 4.11459 201.743 
v 366.473 4.06727 201.753 
v 366.473 4.06736 201.753 
v 366.47 4.01632 201.75 
v 366.469 4.01626 201.75 
v 366.47 4.01614 201.751 
v 366.472 4.06723 201.753 
v 366.469 4.01609 201.751 
v 366.391 4.12385 201.743 
v 366.383 4.17758 201.658 
v 366.391 4.12401 201.743 
v 366.383 4.17819 201.659 
v 366.383 4.1774 201.658 
v 366.382 4.17801 201.659 
v 366.39 4.12435 201.744 
v 366.391 4.12451 201.744 
v 366.396 4.07132 201.785 
v 366.396 4.07122 201.785 
v 366.396 4.07164 201.786 
v 366.396 4.07154 201.786 
v 366.397 4.01846 201.803 
v 366.397 4.01828 201.802 
v 366.396 4.01846 201.803 
v 366.39 3.96387 201.813 
v 366.389 3.96396 201.813 
v 366.39 3.96368 201.813 
v 366.396 4.01828 201.802 
v 366.39 3.96377 201.812 
v 366.334 4.19734 201.554 
v 366.336 4.20568 201.537 
v 366.342 4.21166 201.539 
v 366.335 4.21758 201.532 
v 366.329 4.20543 201.535 
v 366.335 4.21758 201.532 
v 366.325 4.19703 201.552 
v 366.32 4.20429 201.554 
v 366.324 4.19587 201.574 
v 366.335 4.21758 201.532 
v 366.325 4.21107 201.537 
v 366.327 4.21929 201.539 
v 366.335 4.21758 201.532 
v 366.321 4.21486 201.557 
v 366.321 4.20044 201.575 
v 366.326 4.19995 201.59 
v 366.322 4.2071 201.577 
v 366.326 4.19995 201.59 
v 366.332 4.22527 201.542 
v 366.335 4.21758 201.532 
v 366.326 4.21194 201.579 
v 366.326 4.19995 201.59 
v 366.329 4.22255 201.561 
v 366.339 4.22551 201.543 
v 366.335 4.21758 201.532 
v 366.338 4.22287 201.562 
v 366.332 4.21214 201.58 
v 366.326 4.19995 201.59 
v 366.411 4.15107 201.695 
v 366.397 4.16664 201.688 
v 366.402 4.15425 201.702 
v 366.393 4.16627 201.678 
v 366.389 4.16576 201.69 
v 366.411 4.13442 201.708 
v 366.411 4.13087 201.704 
v 366.406 4.12148 201.717 
v 366.405 4.13642 201.712 
v 366.406 4.12148 201.717 
v 366.398 4.1357 201.714 
v 366.406 4.12148 201.717 
v 366.391 4.15311 201.704 
v 366.383 4.16203 201.687 
v 366.393 4.16627 201.678 
v 366.384 4.14832 201.701 
v 366.394 4.13268 201.712 
v 366.406 4.12148 201.717 
v 366.316 4.22978 201.491 
v 366.303 4.22846 201.474 
v 366.312 4.2308 201.472 
v 366.306 4.23761 201.465 
v 366.306 4.23761 201.465 
v 366.317 4.23737 201.471 
v 366.324 4.23823 201.489 
v 366.306 4.23761 201.465 
v 366.317 4.24431 201.47 
v 366.323 4.24716 201.489 
v 366.322 4.24528 201.51 
v 366.322 4.23966 201.51 
v 366.317 4.24095 201.525 
v 366.318 4.23434 201.511 
v 366.317 4.24095 201.525 
v 366.306 4.22676 201.493 
v 366.317 4.24095 201.525 
v 366.311 4.23245 201.512 
v 366.297 4.23171 201.475 
v 366.306 4.23761 201.465 
v 366.306 4.23508 201.513 
v 366.317 4.24095 201.525 
v 366.298 4.23095 201.494 
v 366.298 4.23988 201.494 
v 366.317 4.24095 201.525 
v 366.306 4.2407 201.513 
v 366.311 4.24602 201.512 
v 366.317 4.24095 201.525 
v 366.297 4.23865 201.474 
v 366.306 4.23761 201.465 
v 366.305 4.24833 201.492 
v 366.317 4.24792 201.511 
v 366.317 4.24095 201.525 
v 366.303 4.24522 201.473 
v 366.306 4.23761 201.465 
v 366.315 4.25135 201.49 
v 366.317 4.24095 201.525 
v 366.322 4.24528 201.51 
v 366.323 4.24716 201.489 
v 366.317 4.24431 201.47 
v 366.311 4.24756 201.471 
v 366.306 4.23761 201.465 
v 366.306 4.23761 201.465 
v 366.406 4.15892 201.684 
v 366.458 4.12227 201.764 
v 366.457 4.12178 201.763 
v 366.406 4.15956 201.684 
v 366.406 4.15987 201.684 
v 366.405 4.15924 201.684 
v 366.457 4.12254 201.764 
v 366.485 4.03646 201.819 
v 366.457 4.12205 201.764 
v 366.485 4.0362 201.818 
v 366.485 4.03662 201.819 
v 366.5 3.94673 201.84 
v 366.499 3.94663 201.84 
v 366.499 3.94669 201.84 
v 366.484 4.03635 201.819 
v 366.499 3.9466 201.84 
v 366.415 4.14675 201.724 
v 366.418 4.15215 201.732 
v 366.423 4.15293 201.728 
v 366.428 4.14859 201.744 
v 366.422 4.14187 201.745 
v 366.434 4.14959 201.739 
v 366.434 4.13457 201.755 
v 366.438 4.1388 201.754 
v 366.444 4.12845 201.759 
v 366.442 4.13943 201.751 
v 366.444 4.12845 201.759 
v 366.416 4.15817 201.762 
v 366.397 4.17913 201.705 
v 366.417 4.15837 201.762 
v 366.419 4.12726 201.794 
v 366.397 4.17974 201.705 
v 366.416 4.1589 201.763 
v 366.381 4.18184 201.673 
v 366.381 4.18121 201.673 
v 366.381 4.18153 201.673 
v 366.381 4.18091 201.673 
v 366.396 4.17884 201.705 
v 366.396 4.17945 201.705 
v 366.416 4.1587 201.763 
v 366.418 4.12716 201.794 
v 366.419 4.12768 201.795 
v 366.418 4.12758 201.795 
v 366.414 4.08106 201.822 
v 366.414 4.08077 201.822 
v 366.413 4.08106 201.822 
v 366.406 4.00328 201.846 
v 366.405 4.00332 201.846 
v 366.406 4.00311 201.845 
v 366.413 4.08076 201.822 
v 366.405 4.00315 201.845 
v 366.404 4.15611 201.702 
v 366.39 4.16813 201.69 
v 366.39 4.15954 201.688 
v 366.39 4.16398 201.678 
v 366.39 4.16398 201.678 
v 366.393 4.15301 201.683 
v 366.407 4.1477 201.696 
v 366.39 4.16398 201.678 
v 366.398 4.15236 201.678 
v 366.413 4.14688 201.689 
v 366.428 4.14938 201.704 
v 366.424 4.1499 201.708 
v 366.437 4.15627 201.716 
v 366.422 4.15519 201.712 
v 366.437 4.15627 201.716 
v 366.422 4.16215 201.714 
v 366.437 4.15627 201.716 
v 366.404 4.16717 201.704 
v 366.408 4.17441 201.701 
v 366.394 4.17376 201.687 
v 366.39 4.16398 201.678 
v 366.424 4.1667 201.711 
v 366.437 4.15627 201.716 
v 366.413 4.17358 201.694 
v 366.437 4.15627 201.716 
v 366.428 4.16619 201.707 
v 366.43 4.1609 201.703 
v 366.437 4.15627 201.716 
v 366.398 4.17312 201.682 
v 366.39 4.16398 201.678 
v 366.417 4.16518 201.687 
v 366.39 4.16398 201.678 
v 366.401 4.16658 201.677 
v 366.401 4.15799 201.675 
v 366.39 4.16398 201.678 
v 366.43 4.15393 201.702 
v 366.437 4.15627 201.716 
v 366.417 4.15412 201.685 
v 366.413 4.14688 201.689 
v 366.398 4.15236 201.678 
v 366.39 4.16398 201.678 
v 366.428 4.14938 201.704 
v 366.437 4.15627 201.716 
v 366.393 4.16338 201.653 
v 366.386 4.17553 201.639 
v 366.381 4.18 201.645 
v 366.374 4.17899 201.636 
v 366.385 4.17029 201.635 
v 366.374 4.17899 201.636 
v 366.386 4.16913 201.66 
v 366.374 4.17899 201.636 
v 366.373 4.18108 201.648 
v 366.374 4.17899 201.636 
v 366.367 4.17813 201.647 
v 366.368 4.16673 201.663 
v 366.376 4.17052 201.664 
v 366.381 4.15376 201.676 
v 366.376 4.15138 201.675 
v 366.387 4.13901 201.68 
v 366.388 4.15289 201.673 
v 366.387 4.13901 201.68 
v 366.392 4.14927 201.669 
v 366.387 4.13901 201.68 
v 366.392 4.14503 201.665 
v 366.387 4.13901 201.68 
v 366.392 4.15664 201.647 
v 366.386 4.14264 201.664 
v 366.387 4.13901 201.68 
v 366.379 4.16735 201.634 
v 366.374 4.17899 201.636 
v 366.384 4.15285 201.646 
v 366.373 4.15423 201.65 
v 366.374 4.17899 201.636 
v 366.371 4.16842 201.637 
v 366.366 4.17289 201.643 
v 366.374 4.17899 201.636 
v 366.38 4.14351 201.667 
v 366.387 4.13901 201.68 
v 366.367 4.15998 201.657 
v 366.374 4.17899 201.636 
v 366.367 4.17813 201.647 
v 366.368 4.16673 201.663 
v 366.376 4.15138 201.675 
v 366.376 4.14713 201.671 
v 366.387 4.13901 201.68 
v 366.387 4.13901 201.68 
v 366.424 4.10698 201.765 
v 366.393 4.15103 201.685 
v 366.425 4.10735 201.765 
v 366.392 4.15055 201.686 
v 366.393 4.15154 201.686 
v 366.392 4.15105 201.686 
v 366.425 4.10773 201.766 
v 366.424 4.10737 201.765 
v 366.435 4.06444 201.793 
v 366.435 4.06413 201.793 
v 366.434 4.06416 201.793 
v 366.451 3.94711 201.82 
v 366.451 3.947 201.819 
v 366.452 3.94698 201.819 
v 366.434 4.06386 201.793 
v 366.451 3.94687 201.819 
v 366.404 4.15278 201.7 
v 366.399 4.1597 201.709 
v 366.405 4.1587 201.709 
v 366.403 4.15514 201.726 
v 366.395 4.15643 201.725 
v 366.409 4.15291 201.708 
v 366.404 4.15278 201.7 
v 366.409 4.14769 201.724 
v 366.399 4.14489 201.741 
v 366.394 4.14569 201.741 
v 366.396 4.13393 201.75 
v 366.393 4.1592 201.66 
v 366.391 4.16311 201.681 
v 366.385 4.16128 201.662 
v 366.386 4.16698 201.653 
v 366.386 4.16698 201.653 
v 366.379 4.16757 201.663 
v 366.384 4.1712 201.682 
v 366.386 4.16698 201.653 
v 366.379 4.17438 201.662 
v 366.383 4.17997 201.68 
v 366.395 4.18133 201.697 
v 366.396 4.17581 201.699 
v 366.409 4.17939 201.708 
v 366.401 4.17072 201.698 
v 366.409 4.17939 201.708 
v 366.402 4.16043 201.677 
v 366.407 4.16904 201.695 
v 366.409 4.17939 201.708 
v 366.411 4.17175 201.693 
v 366.409 4.17939 201.708 
v 366.408 4.16474 201.673 
v 366.398 4.16255 201.657 
v 366.386 4.16698 201.653 
v 366.408 4.1735 201.671 
v 366.411 4.17726 201.692 
v 366.409 4.17939 201.708 
v 366.398 4.16936 201.655 
v 366.386 4.16698 201.653 
v 366.406 4.18235 201.693 
v 366.409 4.17939 201.708 
v 366.4 4.18159 201.673 
v 366.392 4.17565 201.656 
v 366.386 4.16698 201.653 
v 366.4 4.18404 201.695 
v 366.409 4.17939 201.708 
v 366.39 4.18427 201.676 
v 366.386 4.16698 201.653 
v 366.384 4.17773 201.659 
v 366.395 4.18133 201.697 
v 366.409 4.17939 201.708 
v 366.383 4.17997 201.68 
v 366.379 4.17438 201.662 
v 366.386 4.16698 201.653 
v 366.314 4.21857 201.493 
v 366.324 4.22184 201.512 
v 366.317 4.21277 201.511 
v 366.319 4.22561 201.493 
v 366.311 4.22947 201.487 
v 366.308 4.21106 201.512 
v 366.307 4.21724 201.493 
v 366.311 4.22947 201.487 
v 366.312 4.21313 201.532 
v 366.302 4.21771 201.513 
v 366.318 4.21421 201.532 
v 366.317 4.21992 201.547 
v 366.322 4.21992 201.532 
v 366.317 4.21992 201.547 
v 366.322 4.22691 201.534 
v 366.317 4.21992 201.547 
v 366.309 4.21731 201.533 
v 366.317 4.21992 201.547 
v 366.303 4.2224 201.494 
v 366.311 4.22947 201.487 
v 366.303 4.22882 201.515 
v 366.317 4.21992 201.547 
v 366.309 4.22431 201.535 
v 366.311 4.22947 201.487 
v 366.303 4.23104 201.496 
v 366.309 4.23809 201.496 
v 366.311 4.22947 201.487 
v 366.313 4.23002 201.535 
v 366.317 4.21992 201.547 
v 366.31 4.23789 201.516 
v 366.315 4.23942 201.496 
v 366.311 4.22947 201.487 
v 366.319 4.23961 201.515 
v 366.319 4.2311 201.535 
v 366.317 4.21992 201.547 
v 366.334 4.19798 201.559 
v 366.333 4.21518 201.546 
v 366.325 4.21077 201.547 
v 366.327 4.21466 201.536 
v 366.322 4.2057 201.544 
v 366.327 4.21466 201.536 
v 366.343 4.20367 201.557 
v 366.327 4.21466 201.536 
v 366.324 4.20296 201.538 
v 366.327 4.21466 201.536 
v 366.339 4.21637 201.54 
v 366.327 4.21466 201.536 
v 366.341 4.21363 201.534 
v 366.354 4.20167 201.542 
v 366.352 4.2052 201.55 
v 366.361 4.18569 201.554 
v 366.359 4.18791 201.559 
v 366.36 4.17287 201.565 
v 366.354 4.18695 201.564 
v 366.36 4.17287 201.565 
v 366.348 4.18337 201.565 
v 366.36 4.17287 201.565 
v 366.329 4.19147 201.555 
v 366.345 4.17927 201.563 
v 366.36 4.17287 201.565 
v 366.332 4.18794 201.548 
v 366.346 4.17705 201.558 
v 366.36 4.17287 201.565 
v 366.33 4.20415 201.533 
v 366.327 4.21466 201.536 
v 366.34 4.18947 201.54 
v 366.352 4.17801 201.553 
v 366.36 4.17287 201.565 
v 366.337 4.20857 201.531 
v 366.327 4.21466 201.536 
v 366.35 4.19516 201.538 
v 366.358 4.18159 201.552 
v 366.36 4.17287 201.565 
v 366.361 4.18569 201.554 
v 366.36 4.17287 201.565 
v 366.354 4.20167 201.542 
v 366.341 4.21363 201.534 
v 366.327 4.21466 201.536 
v 366.39 4.16234 201.663 
v 366.391 4.16182 201.681 
v 366.392 4.1534 201.677 
v 366.39 4.16888 201.667 
v 366.383 4.16954 201.66 
v 366.387 4.15829 201.661 
v 366.383 4.16954 201.66 
v 366.387 4.14819 201.674 
v 366.381 4.15911 201.661 
v 366.383 4.16954 201.66 
v 366.385 4.14385 201.691 
v 366.38 4.14924 201.674 
v 366.388 4.14713 201.693 
v 366.381 4.14492 201.705 
v 366.38 4.14451 201.691 
v 366.381 4.14492 201.705 
v 366.387 4.15243 201.696 
v 366.381 4.14492 201.705 
v 366.383 4.15665 201.698 
v 366.381 4.14492 201.705 
v 366.379 4.15732 201.698 
v 366.381 4.14492 201.705 
v 366.378 4.16958 201.685 
v 366.385 4.16853 201.685 
v 366.379 4.17491 201.669 
v 366.385 4.17409 201.669 
v 366.383 4.16954 201.66 
v 366.383 4.16954 201.66 
v 366.415 4.14173 201.699 
v 366.375 4.18187 201.62 
v 366.416 4.14218 201.699 
v 366.375 4.18232 201.62 
v 366.375 4.18135 201.62 
v 366.375 4.1818 201.62 
v 366.415 4.1421 201.7 
v 366.415 4.14255 201.7 
v 366.447 4.07629 201.755 
v 366.447 4.07596 201.755 
v 366.447 4.07655 201.756 
v 366.47 4.00228 201.781 
v 366.469 4.00243 201.782 
v 366.469 4.00206 201.781 
v 366.446 4.07621 201.756 
v 366.469 4.0022 201.782 
v 366.349 4.1899 201.573 
v 366.356 4.19329 201.593 
v 366.351 4.18316 201.591 
v 366.352 4.19777 201.574 
v 366.343 4.20028 201.568 
v 366.343 4.17964 201.59 
v 366.343 4.20028 201.568 
v 366.342 4.18717 201.573 
v 366.337 4.19117 201.574 
v 366.343 4.20028 201.568 
v 366.345 4.18059 201.612 
v 366.336 4.1848 201.592 
v 366.35 4.1828 201.612 
v 366.347 4.18681 201.627 
v 366.353 4.18918 201.613 
v 366.347 4.18681 201.627 
v 366.341 4.18383 201.613 
v 366.347 4.18681 201.627 
v 366.334 4.1956 201.595 
v 366.347 4.18681 201.627 
v 366.34 4.19063 201.614 
v 366.343 4.20028 201.568 
v 366.335 4.19956 201.576 
v 366.339 4.20743 201.577 
v 366.343 4.20028 201.568 
v 366.342 4.197 201.616 
v 366.347 4.18681 201.627 
v 366.339 4.20573 201.597 
v 366.345 4.21017 201.578 
v 366.343 4.20028 201.568 
v 366.347 4.20925 201.597 
v 366.348 4.19922 201.616 
v 366.347 4.18681 201.627 
v 366.355 4.18315 201.618 
v 366.359 4.18802 201.597 
v 366.366 4.18559 201.615 
v 366.353 4.19558 201.591 
v 366.351 4.18612 201.599 
v 366.353 4.19558 201.591 
v 366.365 4.19429 201.595 
v 366.353 4.19558 201.591 
v 366.365 4.20124 201.595 
v 366.373 4.19365 201.613 
v 366.373 4.2026 201.613 
v 366.374 4.19953 201.634 
v 366.374 4.19389 201.634 
v 366.37 4.19463 201.65 
v 366.37 4.18882 201.635 
v 366.37 4.19463 201.65 
v 366.363 4.18728 201.637 
v 366.37 4.19463 201.65 
v 366.358 4.19018 201.638 
v 366.37 4.19463 201.65 
v 366.348 4.18775 201.62 
v 366.345 4.1897 201.601 
v 366.353 4.19558 201.591 
v 366.348 4.1967 201.62 
v 366.345 4.19666 201.601 
v 366.353 4.19558 201.591 
v 366.358 4.19581 201.638 
v 366.37 4.19463 201.65 
v 366.355 4.20476 201.618 
v 366.353 4.19558 201.591 
v 366.351 4.20292 201.599 
v 366.363 4.20088 201.637 
v 366.37 4.19463 201.65 
v 366.359 4.20482 201.597 
v 366.353 4.19558 201.591 
v 366.366 4.2072 201.615 
v 366.37 4.19463 201.65 
v 366.37 4.20242 201.635 
v 366.365 4.20124 201.595 
v 366.353 4.19558 201.591 
v 366.373 4.2026 201.613 
v 366.374 4.19953 201.634 
v 366.37 4.19463 201.65 
v 366.337 4.19863 201.574 
v 366.341 4.20351 201.553 
v 366.348 4.20108 201.571 
v 366.335 4.21107 201.547 
v 366.333 4.20161 201.555 
v 366.335 4.21107 201.547 
v 366.347 4.20977 201.551 
v 366.335 4.21107 201.547 
v 366.347 4.21673 201.551 
v 366.355 4.20914 201.568 
v 366.356 4.21809 201.569 
v 366.357 4.21501 201.59 
v 366.357 4.20938 201.59 
v 366.353 4.21012 201.605 
v 366.352 4.20431 201.591 
v 366.353 4.21012 201.605 
v 366.345 4.20277 201.593 
v 366.353 4.21012 201.605 
v 366.341 4.20566 201.594 
v 366.353 4.21012 201.605 
v 366.33 4.20323 201.576 
v 366.327 4.20519 201.557 
v 366.335 4.21107 201.547 
v 366.33 4.21218 201.576 
v 366.328 4.21214 201.557 
v 366.335 4.21107 201.547 
v 366.341 4.2113 201.594 
v 366.353 4.21012 201.605 
v 366.338 4.22024 201.574 
v 366.335 4.21107 201.547 
v 366.333 4.2184 201.555 
v 366.346 4.21637 201.593 
v 366.353 4.21012 201.605 
v 366.342 4.2203 201.553 
v 366.335 4.21107 201.547 
v 366.348 4.22269 201.571 
v 366.353 4.21012 201.605 
v 366.352 4.21791 201.591 
v 366.347 4.21673 201.551 
v 366.335 4.21107 201.547 
v 366.356 4.21809 201.569 
v 366.357 4.21501 201.59 
v 366.353 4.21012 201.605 
v 366.365 4.18184 201.616 
v 366.354 4.19497 201.602 
v 366.355 4.18507 201.619 
v 366.357 4.16837 201.632 
v 366.346 4.1825 201.617 
v 366.362 4.19247 201.6 
v 366.356 4.19191 201.59 
v 366.348 4.19298 201.601 
v 366.356 4.19191 201.59 
v 366.351 4.16676 201.631 
v 366.359 4.15326 201.637 
v 366.344 4.17565 201.612 
v 366.356 4.19191 201.59 
v 366.346 4.18766 201.597 
v 366.35 4.16244 201.627 
v 366.359 4.15326 201.637 
v 366.354 4.15796 201.623 
v 366.359 4.15326 201.637 
v 366.351 4.18212 201.592 
v 366.356 4.19191 201.59 
v 366.35 4.16852 201.606 
v 366.361 4.15593 201.621 
v 366.359 4.15326 201.637 
v 366.359 4.17961 201.589 
v 366.356 4.19191 201.59 
v 366.361 4.16529 201.602 
v 366.369 4.16786 201.604 
v 366.366 4.15754 201.622 
v 366.359 4.15326 201.637 
v 366.366 4.1816 201.591 
v 366.356 4.19191 201.59 
v 366.325 4.2207 201.511 
v 366.316 4.22944 201.496 
v 366.315 4.21567 201.513 
v 366.313 4.22672 201.486 
v 366.309 4.22553 201.497 
v 366.305 4.21993 201.495 
v 366.313 4.22672 201.486 
v 366.31 4.20847 201.51 
v 366.313 4.22672 201.486 
v 366.324 4.22937 201.491 
v 366.313 4.22672 201.486 
v 366.327 4.22536 201.486 
v 366.338 4.21545 201.499 
v 366.334 4.22061 201.505 
v 366.342 4.20266 201.515 
v 366.339 4.20591 201.519 
v 366.339 4.19262 201.529 
v 366.333 4.20597 201.523 
v 366.339 4.19262 201.529 
v 366.327 4.2028 201.524 
v 366.339 4.19262 201.529 
v 366.324 4.19826 201.522 
v 366.339 4.19262 201.529 
v 366.327 4.19502 201.518 
v 366.339 4.19262 201.529 
v 366.314 4.20331 201.504 
v 366.308 4.21592 201.49 
v 366.313 4.22672 201.486 
v 366.324 4.20322 201.498 
v 366.313 4.22672 201.486 
v 366.316 4.21585 201.486 
v 366.333 4.19496 201.515 
v 366.339 4.19262 201.529 
v 366.323 4.21976 201.484 
v 366.313 4.22672 201.486 
v 366.334 4.20825 201.496 
v 366.339 4.19813 201.514 
v 366.339 4.19262 201.529 
v 366.342 4.20266 201.515 
v 366.339 4.19262 201.529 
v 366.338 4.21545 201.499 
v 366.327 4.22536 201.486 
v 366.313 4.22672 201.486 
v 366.39 4.17888 201.665 
v 366.378 4.17465 201.648 
v 366.387 4.16815 201.663 
v 366.38 4.17931 201.638 
v 366.379 4.18299 201.65 
v 366.384 4.18787 201.648 
v 366.38 4.17931 201.638 
v 366.395 4.18517 201.663 
v 366.405 4.16983 201.677 
v 366.403 4.16308 201.675 
v 366.417 4.1608 201.682 
v 366.408 4.17379 201.676 
v 366.417 4.1608 201.682 
v 366.412 4.17263 201.672 
v 366.417 4.1608 201.682 
v 366.405 4.15748 201.671 
v 366.417 4.1608 201.682 
v 366.39 4.15926 201.656 
v 366.409 4.15633 201.668 
v 366.417 4.1608 201.682 
v 366.397 4.15743 201.65 
v 366.38 4.16774 201.643 
v 366.38 4.17931 201.638 
v 366.385 4.16632 201.638 
v 366.38 4.17931 201.638 
v 366.402 4.18333 201.657 
v 366.414 4.16704 201.668 
v 366.417 4.1608 201.682 
v 366.389 4.18645 201.643 
v 366.38 4.17931 201.638 
v 366.405 4.17444 201.651 
v 366.391 4.17954 201.638 
v 366.38 4.17931 201.638 
v 366.389 4.1712 201.636 
v 366.38 4.17931 201.638 
v 366.403 4.16371 201.648 
v 366.413 4.16028 201.666 
v 366.417 4.1608 201.682 
v 366.409 4.15633 201.668 
v 366.417 4.1608 201.682 
v 366.397 4.15743 201.65 
v 366.385 4.16632 201.638 
v 366.38 4.17931 201.638 
v 366.344 4.20491 201.557 
v 366.328 4.21224 201.545 
v 366.332 4.20504 201.542 
v 366.33 4.21094 201.533 
v 366.338 4.20169 201.537 
v 366.33 4.21094 201.533 
v 366.33 4.21094 201.533 
v 366.342 4.20415 201.532 
v 366.352 4.2006 201.55 
v 366.357 4.20377 201.544 
v 366.368 4.20923 201.562 
v 366.364 4.20723 201.566 
v 366.372 4.21657 201.577 
v 366.359 4.20995 201.57 
v 366.372 4.21657 201.577 
v 366.356 4.21578 201.572 
v 366.372 4.21657 201.577 
v 366.338 4.21418 201.561 
v 366.339 4.22298 201.559 
v 366.328 4.21908 201.544 
v 366.33 4.21094 201.533 
v 366.356 4.22132 201.572 
v 366.372 4.21657 201.577 
v 366.345 4.22616 201.553 
v 366.33 4.21094 201.533 
v 366.333 4.22155 201.539 
v 366.36 4.22332 201.568 
v 366.372 4.21657 201.577 
v 366.339 4.2182 201.534 
v 366.33 4.21094 201.533 
v 366.353 4.22185 201.547 
v 366.372 4.21657 201.577 
v 366.365 4.2206 201.564 
v 366.343 4.21099 201.531 
v 366.33 4.21094 201.533 
v 366.368 4.21477 201.561 
v 366.372 4.21657 201.577 
v 366.358 4.21257 201.543 
v 366.368 4.20923 201.562 
v 366.372 4.21657 201.577 
v 366.357 4.20377 201.544 
v 366.342 4.20415 201.532 
v 366.33 4.21094 201.533 
v 366.366 4.17442 201.617 
v 366.373 4.1778 201.637 
v 366.369 4.16762 201.635 
v 366.37 4.18233 201.618 
v 366.361 4.18474 201.612 
v 366.361 4.16398 201.634 
v 366.361 4.18474 201.612 
v 366.36 4.17159 201.617 
v 366.354 4.1755 201.618 
v 366.361 4.18474 201.612 
v 366.363 4.16483 201.656 
v 366.354 4.16901 201.636 
v 366.368 4.16712 201.656 
v 366.365 4.17098 201.671 
v 366.371 4.17352 201.657 
v 366.365 4.17098 201.671 
v 366.358 4.16799 201.657 
v 366.365 4.17098 201.671 
v 366.352 4.17977 201.639 
v 366.365 4.17098 201.671 
v 366.357 4.17477 201.658 
v 366.361 4.18474 201.612 
v 366.353 4.18386 201.62 
v 366.356 4.19178 201.622 
v 366.361 4.18474 201.612 
v 366.36 4.18117 201.66 
v 366.365 4.17098 201.671 
v 366.356 4.18995 201.641 
v 366.363 4.1946 201.622 
v 366.361 4.18474 201.612 
v 366.364 4.19359 201.641 
v 366.365 4.18347 201.66 
v 366.365 4.17098 201.671 
v 366.361 4.18474 201.612 
v 366.363 4.1946 201.622 
v 366.368 4.19069 201.62 
v 366.361 4.18474 201.612 
v 366.371 4.18856 201.639 
v 366.364 4.19359 201.641 
v 366.37 4.1803 201.659 
v 366.365 4.17098 201.671 
v 366.365 4.18347 201.66 
v 366.365 4.17098 201.671 
v 366.369 4.19539 201.615 
v 366.356 4.19092 201.599 
v 366.365 4.18494 201.614 
v 366.358 4.19366 201.588 
v 366.359 4.19904 201.599 
v 366.364 4.2027 201.597 
v 366.358 4.19366 201.588 
v 366.376 4.2001 201.612 
v 366.383 4.18548 201.628 
v 366.38 4.1789 201.627 
v 366.394 4.17503 201.634 
v 366.387 4.18844 201.626 
v 366.394 4.17503 201.634 
v 366.381 4.17257 201.624 
v 366.394 4.17503 201.634 
v 366.366 4.17487 201.609 
v 366.385 4.17018 201.62 
v 366.394 4.17503 201.634 
v 366.372 4.17109 201.603 
v 366.357 4.1831 201.595 
v 366.358 4.19366 201.588 
v 366.361 4.18016 201.59 
v 366.358 4.19366 201.588 
v 366.394 4.17503 201.634 
v 366.391 4.18606 201.622 
v 366.381 4.19632 201.606 
v 366.368 4.19976 201.592 
v 366.358 4.19366 201.588 
v 366.382 4.18625 201.601 
v 366.358 4.19366 201.588 
v 366.369 4.19194 201.588 
v 366.391 4.17973 201.619 
v 366.394 4.17503 201.634 
v 366.366 4.18382 201.587 
v 366.358 4.19366 201.588 
v 366.378 4.1758 201.6 
v 366.389 4.17315 201.618 
v 366.394 4.17503 201.634 
v 366.385 4.17018 201.62 
v 366.394 4.17503 201.634 
v 366.372 4.17109 201.603 
v 366.361 4.18016 201.59 
v 366.358 4.19366 201.588 
v 366.363 4.16634 201.63 
v 366.359 4.15326 201.637 
v 366.371 4.17471 201.609 
v 366.367 4.16185 201.626 
v 366.359 4.15326 201.637 
v 366.366 4.15754 201.622 
v 366.359 4.15326 201.637 
v 366.369 4.16786 201.604 
v 366.366 4.1816 201.591 
v 366.367 4.18693 201.595 
v 366.356 4.19191 201.59 
v 366.356 4.19191 201.59 
v 366.343 4.20028 201.568 
v 366.345 4.21017 201.578 
v 366.351 4.20617 201.576 
v 366.343 4.20028 201.568 
v 366.354 4.2041 201.595 
v 366.347 4.20925 201.597 
v 366.352 4.19598 201.615 
v 366.347 4.18681 201.627 
v 366.348 4.19922 201.616 
v 366.347 4.18681 201.627 
v 366.374 4.17725 201.636 
v 366.36 4.18723 201.623 
v 366.365 4.18086 201.619 
v 366.366 4.18877 201.611 
v 366.366 4.18877 201.611 
v 366.373 4.17879 201.615 
v 366.383 4.17458 201.63 
v 366.366 4.18877 201.611 
v 366.378 4.18223 201.612 
v 366.39 4.17901 201.627 
v 366.396 4.18024 201.647 
v 366.392 4.17745 201.65 
v 366.396 4.18397 201.664 
v 366.386 4.17913 201.653 
v 366.396 4.18397 201.664 
v 366.382 4.18429 201.656 
v 366.396 4.18397 201.664 
v 366.367 4.18545 201.641 
v 366.382 4.18991 201.656 
v 366.396 4.18397 201.664 
v 366.361 4.19417 201.623 
v 366.366 4.18877 201.611 
v 366.368 4.19438 201.641 
v 366.375 4.1988 201.638 
v 366.396 4.18397 201.664 
v 366.387 4.19269 201.654 
v 366.366 4.19761 201.62 
v 366.366 4.18877 201.611 
v 366.392 4.19101 201.65 
v 366.396 4.18397 201.664 
v 366.384 4.19613 201.632 
v 366.366 4.18877 201.611 
v 366.373 4.19553 201.616 
v 366.396 4.18585 201.648 
v 366.396 4.18397 201.664 
v 366.378 4.18916 201.612 
v 366.366 4.18877 201.611 
v 366.39 4.18793 201.627 
v 366.396 4.18024 201.647 
v 366.396 4.18397 201.664 
v 366.39 4.17901 201.627 
v 366.378 4.18223 201.612 
v 366.366 4.18877 201.611 
v 366.357 4.19244 201.592 
v 366.348 4.20064 201.577 
v 366.348 4.18534 201.593 
v 366.346 4.19822 201.566 
v 366.341 4.19512 201.577 
v 366.339 4.18919 201.574 
v 366.346 4.19822 201.566 
v 366.346 4.1777 201.589 
v 366.346 4.19822 201.566 
v 366.343 4.18632 201.57 
v 366.351 4.17401 201.582 
v 366.351 4.18819 201.566 
v 366.346 4.19822 201.566 
v 366.362 4.17426 201.604 
v 366.361 4.16945 201.602 
v 366.376 4.16636 201.609 
v 366.364 4.16713 201.598 
v 366.376 4.16636 201.609 
v 366.368 4.17873 201.604 
v 366.376 4.16636 201.609 
v 366.361 4.17642 201.577 
v 366.37 4.16865 201.594 
v 366.376 4.16636 201.609 
v 366.358 4.19371 201.565 
v 366.346 4.19822 201.566 
v 366.369 4.18352 201.577 
v 366.376 4.17312 201.594 
v 366.376 4.16636 201.609 
v 366.377 4.17792 201.596 
v 366.376 4.16636 201.609 
v 366.372 4.19116 201.581 
v 366.36 4.19964 201.568 
v 366.346 4.19822 201.566 
v 366.374 4.18024 201.6 
v 366.376 4.16636 201.609 
v 366.367 4.19485 201.587 
v 366.377 4.17792 201.596 
v 366.376 4.16636 201.609 
v 366.372 4.19116 201.581 
v 366.356 4.20251 201.573 
v 366.346 4.19822 201.566 
v 366.36 4.19964 201.568 
v 366.346 4.19822 201.566 
v 366.374 4.15595 201.677 
v 366.383 4.16954 201.66 
v 366.376 4.16432 201.664 
v 366.376 4.14873 201.694 
v 366.381 4.14492 201.705 
v 366.375 4.17086 201.667 
v 366.383 4.16954 201.66 
v 366.376 4.15404 201.696 
v 366.381 4.14492 201.705 
v 366.373 4.16437 201.682 
v 366.379 4.17491 201.669 
v 366.383 4.16954 201.66 
v 366.378 4.16958 201.685 
v 366.379 4.15732 201.698 
v 366.381 4.14492 201.705 
v 366.375 4.17697 201.636 
v 366.366 4.18512 201.621 
v 366.366 4.16973 201.637 
v 366.364 4.18274 201.61 
v 366.359 4.1795 201.622 
v 366.357 4.17356 201.618 
v 366.364 4.18274 201.61 
v 366.364 4.16209 201.633 
v 366.364 4.18274 201.61 
v 366.361 4.17078 201.613 
v 366.369 4.15851 201.626 
v 366.369 4.17278 201.61 
v 366.364 4.18274 201.61 
v 366.38 4.15879 201.648 
v 366.379 4.15398 201.646 
v 366.394 4.15107 201.653 
v 366.382 4.15173 201.642 
v 366.394 4.15107 201.653 
v 366.385 4.16334 201.648 
v 366.394 4.15107 201.653 
v 366.379 4.16109 201.621 
v 366.388 4.15335 201.638 
v 366.394 4.15107 201.653 
v 366.375 4.1784 201.609 
v 366.364 4.18274 201.61 
v 366.387 4.16832 201.621 
v 366.393 4.15791 201.638 
v 366.394 4.15107 201.653 
v 366.395 4.16272 201.641 
v 366.394 4.15107 201.653 
v 366.39 4.17597 201.625 
v 366.377 4.18435 201.612 
v 366.364 4.18274 201.61 
v 366.392 4.16497 201.645 
v 366.394 4.15107 201.653 
v 366.384 4.17955 201.631 
v 366.395 4.16272 201.641 
v 366.394 4.15107 201.653 
v 366.39 4.17597 201.625 
v 366.373 4.18713 201.617 
v 366.364 4.18274 201.61 
v 366.377 4.18435 201.612 
v 366.364 4.18274 201.61 
v 366.311 4.22947 201.487 
v 366.315 4.23942 201.496 
v 366.32 4.23425 201.495 
v 366.311 4.22947 201.487 
v 366.324 4.23296 201.513 
v 366.319 4.23961 201.515 
v 366.319 4.2311 201.535 
v 366.317 4.21992 201.547 
v 366.41 4.14572 201.705 
v 366.41 4.13844 201.721 
v 366.404 4.15278 201.7 
v 366.407 4.14135 201.703 
v 366.404 4.15278 201.7 
v 366.405 4.13281 201.718 
v 366.401 4.14235 201.703 
v 366.404 4.15278 201.7 
v 366.401 4.13083 201.736 
v 366.398 4.13409 201.717 
v 366.404 4.13437 201.738 
v 366.396 4.13393 201.75 
v 366.403 4.1402 201.74 
v 366.396 4.13393 201.75 
v 366.396 4.13393 201.75 
v 366.396 4.13164 201.735 
v 366.396 4.13393 201.75 
v 366.391 4.14154 201.719 
v 366.396 4.13393 201.75 
v 366.392 4.13633 201.737 
v 366.396 4.14814 201.704 
v 366.404 4.15278 201.7 
v 366.391 4.14215 201.739 
v 366.396 4.13393 201.75 
v 366.39 4.15079 201.722 
v 366.404 4.15278 201.7 
v 366.395 4.15532 201.707 
v 366.394 4.14569 201.741 
v 366.396 4.13393 201.75 
v 366.395 4.15643 201.725 
v 366.399 4.1597 201.709 
v 366.404 4.15278 201.7 
v 366.352 4.21079 201.573 
v 366.336 4.20494 201.556 
v 366.349 4.1988 201.571 
v 366.351 4.18814 201.565 
v 366.338 4.21425 201.557 
v 366.337 4.20884 201.544 
v 366.343 4.21914 201.553 
v 366.337 4.20884 201.544 
v 366.37 4.20113 201.584 
v 366.337 4.20884 201.544 
v 366.337 4.19665 201.551 
v 366.337 4.20884 201.544 
v 366.342 4.19425 201.545 
v 366.357 4.18505 201.558 
v 366.373 4.18493 201.575 
v 366.369 4.18688 201.579 
v 366.385 4.19088 201.588 
v 366.368 4.19359 201.583 
v 366.385 4.19088 201.588 
v 366.385 4.19088 201.588 
v 366.385 4.19088 201.588 
v 366.374 4.20509 201.582 
v 366.359 4.21708 201.569 
v 366.378 4.20315 201.577 
v 366.385 4.19088 201.588 
v 366.364 4.21399 201.561 
v 366.337 4.20884 201.544 
v 366.348 4.21674 201.548 
v 366.379 4.19644 201.573 
v 366.385 4.19088 201.588 
v 366.349 4.20845 201.543 
v 366.337 4.20884 201.544 
v 366.366 4.20333 201.555 
v 366.385 4.19088 201.588 
v 366.377 4.18889 201.572 
v 366.347 4.19914 201.542 
v 366.337 4.20884 201.544 
v 366.363 4.19134 201.553 
v 366.373 4.18493 201.575 
v 366.385 4.19088 201.588 
v 366.357 4.18505 201.558 
v 366.342 4.19425 201.545 
v 366.337 4.20884 201.544 
v 366.356 4.19274 201.592 
v 366.343 4.20284 201.579 
v 366.348 4.19637 201.575 
v 366.348 4.20423 201.567 
v 366.348 4.20423 201.567 
v 366.355 4.19417 201.571 
v 366.365 4.1899 201.586 
v 366.348 4.20423 201.567 
v 366.36 4.19751 201.568 
v 366.372 4.1942 201.583 
v 366.379 4.19546 201.603 
v 366.374 4.19275 201.605 
v 366.379 4.19928 201.62 
v 366.368 4.19454 201.609 
v 366.379 4.19928 201.62 
v 366.365 4.19977 201.612 
v 366.379 4.19928 201.62 
v 366.35 4.20106 201.596 
v 366.365 4.20539 201.612 
v 366.379 4.19928 201.62 
v 366.343 4.20977 201.579 
v 366.348 4.20423 201.567 
v 366.35 4.20998 201.597 
v 366.357 4.21428 201.593 
v 366.379 4.19928 201.62 
v 366.369 4.20809 201.61 
v 366.349 4.21311 201.576 
v 366.348 4.20423 201.567 
v 366.375 4.20631 201.606 
v 366.379 4.19928 201.62 
v 366.367 4.21144 201.588 
v 366.348 4.20423 201.567 
v 366.356 4.2109 201.572 
v 366.379 4.20107 201.603 
v 366.379 4.19928 201.62 
v 366.361 4.20444 201.568 
v 366.348 4.20423 201.567 
v 366.373 4.20312 201.583 
v 366.379 4.19546 201.603 
v 366.379 4.19928 201.62 
v 366.372 4.1942 201.583 
v 366.36 4.19751 201.568 
v 366.348 4.20423 201.567 
v 366.386 4.16868 201.663 
v 366.382 4.17287 201.645 
v 366.393 4.17753 201.664 
v 366.376 4.18059 201.639 
v 366.388 4.17974 201.645 
v 366.376 4.18059 201.639 
v 366.374 4.17002 201.646 
v 366.375 4.16502 201.664 
v 366.376 4.18059 201.639 
v 366.368 4.17287 201.647 
v 366.367 4.16869 201.666 
v 366.375 4.16959 201.686 
v 366.38 4.16728 201.685 
v 366.384 4.17353 201.699 
v 366.387 4.16958 201.684 
v 366.384 4.17353 201.699 
v 366.391 4.17515 201.684 
v 366.384 4.17353 201.699 
v 366.39 4.18072 201.685 
v 366.384 4.17353 201.699 
v 366.392 4.18638 201.665 
v 366.387 4.18662 201.646 
v 366.376 4.18059 201.639 
v 366.384 4.19005 201.666 
v 366.385 4.18303 201.686 
v 366.384 4.17353 201.699 
v 366.381 4.18947 201.647 
v 366.376 4.18059 201.639 
v 366.379 4.18073 201.687 
v 366.384 4.17353 201.699 
v 366.374 4.18638 201.667 
v 366.372 4.18662 201.648 
v 366.376 4.18059 201.639 
v 366.367 4.17975 201.648 
v 366.376 4.18059 201.639 
v 366.367 4.17754 201.667 
v 366.374 4.17516 201.687 
v 366.384 4.17353 201.699 
v 366.368 4.17287 201.647 
v 366.376 4.18059 201.639 
v 366.367 4.16869 201.666 
v 366.375 4.16959 201.686 
v 366.384 4.17353 201.699 
v 366.408 4.14076 201.737 
v 366.412 4.1481 201.721 
v 366.416 4.14483 201.736 
v 366.406 4.15384 201.717 
v 366.405 4.14494 201.722 
v 366.406 4.15384 201.717 
v 366.415 4.15422 201.721 
v 366.421 4.15271 201.736 
v 366.406 4.15384 201.717 
v 366.414 4.15971 201.722 
v 366.419 4.15977 201.737 
v 366.419 4.15467 201.754 
v 366.42 4.15023 201.753 
v 366.415 4.14802 201.765 
v 366.417 4.14527 201.753 
v 366.415 4.14802 201.765 
v 366.411 4.14271 201.754 
v 366.415 4.14802 201.765 
v 366.407 4.14404 201.755 
v 366.415 4.14802 201.765 
v 366.401 4.14287 201.738 
v 366.4 4.14658 201.723 
v 366.406 4.15384 201.717 
v 366.399 4.14993 201.74 
v 366.415 4.14802 201.765 
v 366.406 4.14848 201.755 
v 366.399 4.15207 201.724 
v 366.406 4.15384 201.717 
v 366.409 4.15344 201.755 
v 366.415 4.14802 201.765 
v 366.404 4.15781 201.74 
v 366.403 4.15819 201.724 
v 366.406 4.15384 201.717 
v 366.409 4.16135 201.723 
v 366.406 4.15384 201.717 
v 366.412 4.16188 201.739 
v 366.415 4.14802 201.765 
v 366.414 4.156 201.755 
v 366.414 4.15971 201.722 
v 366.406 4.15384 201.717 
v 366.419 4.15977 201.737 
v 366.419 4.15467 201.754 
v 366.415 4.14802 201.765 
v 366.412 4.14032 201.731 
v 366.419 4.13336 201.743 
v 366.415 4.14675 201.724 
v 366.413 4.1362 201.728 
v 366.414 4.14692 201.733 
v 366.415 4.14675 201.724 
v 366.415 4.14675 201.724 
v 366.421 4.12806 201.739 
v 366.418 4.13698 201.725 
v 366.415 4.14675 201.724 
v 366.427 4.12907 201.734 
v 366.434 4.12588 201.751 
v 366.432 4.12922 201.754 
v 366.444 4.12845 201.759 
v 366.444 4.12845 201.759 
v 366.437 4.12651 201.748 
v 366.444 4.12845 201.759 
v 366.433 4.13579 201.733 
v 366.441 4.13074 201.747 
v 366.444 4.12845 201.759 
v 366.418 4.14541 201.714 
v 366.415 4.14675 201.724 
v 366.443 4.13609 201.748 
v 366.444 4.12845 201.759 
v 366.436 4.14429 201.735 
v 366.42 4.15201 201.716 
v 366.415 4.14675 201.724 
v 366.423 4.15293 201.728 
v 366.415 4.14675 201.724 
v 366.434 4.14959 201.739 
v 366.442 4.13943 201.751 
v 366.444 4.12845 201.759 
v 366.401 4.15552 201.7 
v 366.397 4.16047 201.682 
v 366.406 4.16556 201.702 
v 366.39 4.16733 201.676 
v 366.401 4.16827 201.683 
v 366.39 4.16733 201.676 
v 366.39 4.15594 201.682 
v 366.391 4.14969 201.7 
v 366.39 4.16733 201.676 
v 366.383 4.15733 201.683 
v 366.382 4.15149 201.701 
v 366.388 4.15205 201.722 
v 366.394 4.15092 201.721 
v 366.396 4.15666 201.736 
v 366.4 4.15459 201.721 
v 366.396 4.15666 201.736 
v 366.403 4.16091 201.722 
v 366.396 4.15666 201.736 
v 366.401 4.16617 201.723 
v 366.396 4.15666 201.736 
v 366.403 4.17393 201.703 
v 366.399 4.17477 201.684 
v 366.39 4.16733 201.676 
v 366.394 4.17572 201.704 
v 366.396 4.1673 201.724 
v 366.396 4.15666 201.736 
v 366.392 4.17616 201.685 
v 366.39 4.16733 201.676 
v 366.39 4.16364 201.724 
v 366.396 4.15666 201.736 
v 366.385 4.1699 201.704 
v 366.385 4.17164 201.685 
v 366.39 4.16733 201.676 
v 366.381 4.16384 201.684 
v 366.39 4.16733 201.676 
v 366.38 4.15986 201.703 
v 366.386 4.15732 201.723 
v 366.396 4.15666 201.736 
v 366.383 4.15733 201.683 
v 366.39 4.16733 201.676 
v 366.382 4.15149 201.701 
v 366.388 4.15205 201.722 
v 366.396 4.15666 201.736 
v 366.394 4.16053 201.678 
v 366.392 4.17417 201.666 
v 366.386 4.16929 201.667 
v 366.387 4.17099 201.658 
v 366.383 4.16333 201.664 
v 366.387 4.17099 201.658 
v 366.387 4.17099 201.658 
v 366.384 4.15979 201.659 
v 366.392 4.1483 201.668 
v 366.39 4.15287 201.674 
v 366.404 4.14197 201.679 
v 366.403 4.14484 201.683 
v 366.416 4.14137 201.687 
v 366.406 4.14967 201.685 
v 366.416 4.14137 201.687 
v 366.41 4.15362 201.684 
v 366.416 4.14137 201.687 
v 366.401 4.16682 201.677 
v 366.416 4.14137 201.687 
v 366.414 4.15439 201.682 
v 366.396 4.17512 201.663 
v 366.387 4.17099 201.658 
v 366.407 4.16803 201.672 
v 366.415 4.15152 201.678 
v 366.416 4.14137 201.687 
v 366.408 4.16347 201.667 
v 366.397 4.17157 201.658 
v 366.387 4.17099 201.658 
v 366.394 4.16562 201.655 
v 366.387 4.17099 201.658 
v 366.404 4.15581 201.663 
v 366.412 4.14669 201.676 
v 366.416 4.14137 201.687 
v 366.408 4.14274 201.676 
v 366.416 4.14137 201.687 
v 366.397 4.14952 201.664 
v 366.404 4.14197 201.679 
v 366.416 4.14137 201.687 
v 366.392 4.1483 201.668 
v 366.389 4.16073 201.656 
v 366.387 4.17099 201.658 
v 366.384 4.15979 201.659 
v 366.387 4.17099 201.658 
v 366.325 4.22038 201.512 
v 366.311 4.23009 201.499 
v 366.314 4.22292 201.496 
v 366.314 4.22982 201.487 
v 366.314 4.22982 201.487 
v 366.321 4.21965 201.491 
v 366.333 4.21618 201.505 
v 366.314 4.22982 201.487 
v 366.326 4.2222 201.487 
v 366.34 4.21946 201.5 
v 366.349 4.22231 201.519 
v 366.345 4.22024 201.522 
v 366.352 4.22783 201.535 
v 366.34 4.22289 201.526 
v 366.352 4.22783 201.535 
v 366.337 4.2287 201.529 
v 366.352 4.22783 201.535 
v 366.32 4.22961 201.516 
v 366.338 4.23427 201.529 
v 366.352 4.22783 201.535 
v 366.321 4.23846 201.515 
v 366.312 4.23697 201.499 
v 366.314 4.22982 201.487 
v 366.328 4.24174 201.51 
v 366.352 4.22783 201.535 
v 366.342 4.23634 201.525 
v 366.314 4.22982 201.487 
v 366.317 4.23952 201.495 
v 366.323 4.23625 201.49 
v 366.314 4.22982 201.487 
v 366.347 4.23369 201.521 
v 366.352 4.22783 201.535 
v 366.336 4.23754 201.504 
v 366.327 4.22908 201.486 
v 366.314 4.22982 201.487 
v 366.35 4.22788 201.519 
v 366.352 4.22783 201.535 
v 366.341 4.22831 201.499 
v 366.34 4.21946 201.5 
v 366.326 4.2222 201.487 
v 366.314 4.22982 201.487 
v 366.349 4.22231 201.519 
v 366.352 4.22783 201.535 
v 366.404 4.16417 201.683 
v 366.393 4.16627 201.678 
v 366.393 4.16627 201.678 
v 366.405 4.15979 201.677 
v 366.412 4.14544 201.688 
v 366.399 4.15607 201.675 
v 366.393 4.16627 201.678 
v 366.405 4.14064 201.685 
v 366.393 4.16627 201.678 
v 366.391 4.15518 201.677 
v 366.407 4.12785 201.702 
v 366.406 4.12148 201.717 
v 366.394 4.1395 201.688 
v 366.4 4.12713 201.703 
v 366.406 4.12148 201.717 
v 366.384 4.15765 201.682 
v 366.393 4.16627 201.678 
v 366.386 4.14268 201.694 
v 366.383 4.16203 201.687 
v 366.393 4.16627 201.678 
v 366.384 4.14832 201.701 
v 366.395 4.12913 201.708 
v 366.406 4.12148 201.717 
v 366.394 4.13268 201.712 
v 366.406 4.12148 201.717 
v 366.329 4.19607 201.575 
v 366.326 4.19995 201.59 
v 366.341 4.20504 201.558 
v 366.334 4.20091 201.577 
v 366.326 4.19995 201.59 
v 366.343 4.21987 201.542 
v 366.335 4.21758 201.532 
v 366.343 4.21561 201.561 
v 366.335 4.20757 201.579 
v 366.326 4.19995 201.59 
v 366.339 4.22551 201.543 
v 366.335 4.21758 201.532 
v 366.338 4.22287 201.562 
v 366.332 4.21214 201.58 
v 366.326 4.19995 201.59 
v 366.335 4.21499 201.536 
v 366.32 4.21403 201.521 
v 366.328 4.21321 201.518 
v 366.323 4.21981 201.51 
v 366.323 4.21981 201.51 
v 366.335 4.21718 201.515 
v 366.323 4.21981 201.51 
v 366.336 4.22361 201.512 
v 366.346 4.22837 201.529 
v 366.344 4.2201 201.531 
v 366.348 4.23174 201.55 
v 366.347 4.22653 201.551 
v 366.344 4.23295 201.566 
v 366.341 4.22331 201.554 
v 366.344 4.23295 201.566 
v 366.335 4.22397 201.557 
v 366.344 4.23295 201.566 
v 366.325 4.21603 201.54 
v 366.331 4.22812 201.557 
v 366.344 4.23295 201.566 
v 366.315 4.21915 201.522 
v 366.323 4.21981 201.51 
v 366.319 4.22263 201.54 
v 366.332 4.23333 201.555 
v 366.344 4.23295 201.566 
v 366.321 4.2309 201.538 
v 366.317 4.22558 201.52 
v 366.323 4.21981 201.51 
v 366.329 4.23601 201.533 
v 366.344 4.23295 201.566 
v 366.338 4.23655 201.552 
v 366.323 4.21981 201.51 
v 366.323 4.22955 201.516 
v 366.332 4.22873 201.513 
v 366.323 4.21981 201.51 
v 366.344 4.23589 201.55 
v 366.344 4.23295 201.566 
v 366.34 4.23496 201.529 
v 366.336 4.22361 201.512 
v 366.323 4.21981 201.51 
v 366.346 4.22837 201.529 
v 366.348 4.23174 201.55 
v 366.344 4.23295 201.566 
v 366.416 4.14513 201.718 
v 366.4 4.14981 201.712 
v 366.405 4.14695 201.708 
v 366.399 4.15474 201.705 
v 366.408 4.14875 201.704 
v 366.399 4.15474 201.705 
v 366.41 4.14882 201.724 
v 366.399 4.15474 201.705 
v 366.397 4.15567 201.715 
v 366.399 4.15474 201.705 
v 366.398 4.16109 201.714 
v 366.408 4.16333 201.726 
v 366.407 4.15636 201.727 
v 366.421 4.15651 201.736 
v 366.422 4.1609 201.735 
v 366.434 4.15625 201.738 
v 366.423 4.15176 201.733 
v 366.434 4.15625 201.738 
v 366.427 4.14944 201.73 
v 366.434 4.15625 201.738 
v 366.43 4.1509 201.727 
v 366.434 4.15625 201.738 
v 366.421 4.14746 201.713 
v 366.43 4.15529 201.726 
v 366.434 4.15625 201.738 
v 366.409 4.15418 201.703 
v 366.399 4.15474 201.705 
v 366.421 4.15443 201.712 
v 366.418 4.16197 201.715 
v 366.428 4.16004 201.728 
v 366.434 4.15625 201.738 
v 366.406 4.16003 201.706 
v 366.399 4.15474 201.705 
v 366.412 4.16566 201.721 
v 366.425 4.16236 201.732 
v 366.434 4.15625 201.738 
v 366.402 4.1629 201.71 
v 366.399 4.15474 201.705 
v 366.422 4.1609 201.735 
v 366.434 4.15625 201.738 
v 366.408 4.16333 201.726 
v 366.398 4.16109 201.714 
v 366.399 4.15474 201.705 
v 366.348 4.19951 201.57 
v 366.335 4.2112 201.558 
v 366.338 4.20263 201.575 
v 366.335 4.20729 201.546 
v 366.328 4.2089 201.558 
v 366.33 4.19966 201.575 
v 366.327 4.19235 201.57 
v 366.338 4.18519 201.588 
v 366.343 4.18706 201.588 
v 366.347 4.17252 201.594 
v 366.349 4.18509 201.585 
v 366.347 4.17252 201.594 
v 366.336 4.18059 201.585 
v 366.347 4.17252 201.594 
v 366.34 4.17594 201.581 
v 366.347 4.17252 201.594 
v 366.352 4.18045 201.581 
v 366.347 4.17252 201.594 
v 366.353 4.19213 201.564 
v 366.351 4.17585 201.578 
v 366.347 4.17252 201.594 
v 366.351 4.18482 201.559 
v 366.344 4.19737 201.545 
v 366.346 4.20305 201.549 
v 366.335 4.20729 201.546 
v 366.342 4.20878 201.554 
v 366.335 4.20729 201.546 
v 366.335 4.20729 201.546 
v 366.346 4.17398 201.578 
v 366.347 4.17252 201.594 
v 366.351 4.17585 201.578 
v 366.347 4.17252 201.594 
v 366.351 4.18482 201.559 
v 366.333 4.18497 201.564 
v 366.342 4.18185 201.559 
v 366.344 4.19737 201.545 
v 366.338 4.19506 201.545 
v 366.335 4.20729 201.546 
v 366.33 4.19749 201.549 
v 366.335 4.20729 201.546 
v 366.326 4.20322 201.554 
v 366.335 4.20729 201.546 
v 366.335 4.20729 201.546 
v 366.336 4.2202 201.506 
v 366.351 4.21626 201.51 
v 366.336 4.21398 201.503 
v 366.351 4.21626 201.51 
v 366.319 4.21664 201.491 
v 366.339 4.21177 201.499 
v 366.351 4.21626 201.51 
v 366.323 4.21311 201.484 
v 366.307 4.22526 201.479 
v 366.307 4.23605 201.472 
v 366.31 4.22252 201.474 
v 366.307 4.23605 201.472 
v 366.42 4.13749 201.734 
v 366.415 4.14547 201.721 
v 366.411 4.14988 201.725 
v 366.406 4.14788 201.717 
v 366.415 4.14064 201.718 
v 366.406 4.14788 201.717 
v 366.414 4.14316 201.739 
v 366.406 4.14788 201.717 
v 366.404 4.15129 201.727 
v 366.406 4.14788 201.717 
v 366.399 4.14888 201.726 
v 366.399 4.14187 201.74 
v 366.405 4.14498 201.741 
v 366.409 4.13306 201.753 
v 366.405 4.1311 201.753 
v 366.413 4.12176 201.759 
v 366.414 4.13191 201.752 
v 366.413 4.12176 201.759 
v 366.418 4.12834 201.749 
v 366.413 4.12176 201.759 
v 366.418 4.12444 201.746 
v 366.413 4.12176 201.759 
v 366.419 4.13128 201.73 
v 366.413 4.12248 201.746 
v 366.413 4.12176 201.759 
v 366.41 4.13823 201.718 
v 366.406 4.14788 201.717 
v 366.413 4.12817 201.73 
v 366.403 4.13964 201.72 
v 366.406 4.14788 201.717 
v 366.404 4.12999 201.732 
v 366.408 4.12362 201.747 
v 366.413 4.12176 201.759 
v 366.399 4.14405 201.723 
v 366.406 4.14788 201.717 
v 366.398 4.13566 201.736 
v 366.413 4.12176 201.759 
v 366.404 4.1272 201.75 
v 366.399 4.14888 201.726 
v 366.406 4.14788 201.717 
v 366.399 4.14187 201.74 
v 366.405 4.1311 201.753 
v 366.413 4.12176 201.759 
v 366.306 4.23108 201.494 
v 366.309 4.21468 201.507 
v 366.303 4.21347 201.507 
v 366.311 4.19959 201.513 
v 366.315 4.21207 201.505 
v 366.311 4.19959 201.513 
v 366.311 4.19959 201.513 
v 366.318 4.20717 201.501 
v 366.311 4.19959 201.513 
v 366.316 4.20285 201.497 
v 366.311 4.19959 201.513 
v 366.318 4.21228 201.478 
v 366.314 4.22584 201.465 
v 366.306 4.23685 201.465 

vn 0.11811 0.96063 0.251969 
vn 0.385827 -0.362205 0.850394 
vn 0.464567 0.88189 0.0866142 
vn 0.0708661 0.984252 0.15748 
vn -0.23622 0.897638 0.377953 
vn 0.732283 0.669291 -0.0944882 
vn 0.409449 0.913386 0 
vn 0.692913 0.700787 -0.15748 
vn 0.897638 0.354331 -0.259843 
vn 0.669291 0.708661 -0.220472 
vn 0.874016 0.385827 -0.299213 
vn 0.377953 0.92126 -0.0787402 
vn 0.858268 0.385827 -0.330709 
vn -0.401575 0.0472441 -0.913386 
vn 0.023622 1 0.0708661 
vn -0.283465 0.913386 0.291339 
vn 0.92126 0.00787402 -0.385827 
vn -0.330709 0.92126 0.212598 
vn -0.559055 0.692913 0.456693 
vn -0.598425 0.700787 0.385827 
vn -0.629921 0.708661 0.314961 
vn -0.84252 0.385827 0.377953 
vn -0.818898 0.385827 0.425197 
vn -0.929134 0 0.377953 
vn -0.795276 0.385827 0.464567 
vn -0.92126 0.00787402 0.393701 
vn -0.913386 0.015748 0.401575 
vn -0.889764 -0.354331 0.275591 
vn -0.866142 -0.377953 0.314961 
vn -0.874016 -0.370079 0.307087 
vn -0.732283 -0.669291 0.110236 
vn -0.700787 -0.692913 0.173228 
vn -0.677165 -0.700787 0.212598 
vn -0.456693 -0.889764 -0.0708661 
vn -0.385827 -0.92126 0.0708661 
vn -0.417323 -0.913386 0.00787402 
vn -0.110236 -0.968504 -0.23622 
vn -0.0314961 -0.992126 -0.0866142 
vn -0.0629921 -0.984252 -0.149606 
vn 0.322835 -0.92126 -0.228346 
vn 0.291339 -0.913386 -0.291339 
vn 0.629921 -0.700787 -0.330709 
vn 0.84252 -0.377953 -0.385827 
vn 0.244094 -0.897638 -0.370079 
vn 0.606299 -0.700787 -0.385827 
vn 0.574803 -0.692913 -0.440945 
vn 0.811024 -0.377953 -0.448819 
vn 0.826772 -0.377953 -0.417323 
vn 0.92126 -0.00787402 -0.385827 
vn 0.92126 0.00787402 -0.385827 
vn -0.19685 0.968504 0.173228 
vn -0.307087 0.480315 0.818898 
vn 0.181102 0.826772 0.527559 
vn -0.677165 0.464567 -0.566929 
vn -0.598425 0.653543 0.464567 
vn -0.677165 0.464567 -0.566929 
vn 0.220472 0.866142 -0.448819 
vn -0.913386 0.165354 0.377953 
vn -0.677165 0.464567 -0.566929 
vn -0.637795 -0.0944882 0.76378 
vn -0.913386 -0.393701 -0.125984 
vn -0.677165 0.464567 -0.566929 
vn -0.622047 -0.748031 0.212598 
vn -0.377953 -0.228346 0.897638 
vn -0.322835 -0.858268 0.393701 
vn 0.677165 -0.464567 0.566929 
vn -0.0944882 0.322835 0.937008 
vn 0.677165 -0.464567 0.566929 
vn 0.377953 0.622047 0.677165 
vn 0.677165 -0.464567 0.566929 
vn 0.874016 0.480315 0.0551181 
vn 0.677165 -0.464567 0.566929 
vn 0.685039 0.708661 -0.15748 
vn 0.692913 0.0551181 -0.716535 
vn 0.251969 0.283465 -0.92126 
vn -0.677165 0.464567 -0.566929 
vn 0.866142 -0.102362 -0.496063 
vn 0.677165 -0.464567 0.566929 
vn 0.346457 -0.511811 -0.787402 
vn 0.677165 -0.464567 0.566929 
vn 0.527559 -0.614173 -0.582677 
vn 0.102362 -0.952756 -0.275591 
vn 0.677165 -0.464567 0.566929 
vn -0.015748 -0.23622 -0.968504 
vn -0.677165 0.464567 -0.566929 
vn -0.133858 -0.866142 -0.488189 
vn 0.677165 -0.464567 0.566929 
vn -0.322835 -0.858268 0.393701 
vn -0.622047 -0.748031 0.212598 
vn -0.913386 -0.393701 -0.125984 
vn -0.464567 -0.519685 -0.716535 
vn -0.677165 0.464567 -0.566929 
vn -0.677165 0.464567 -0.566929 
vn 0.622047 0.779528 -0.0314961 
vn 1 0.0708661 0 
vn 0.834646 0.377953 -0.401575 
vn 0.740157 0.543307 0.385827 
vn -0.0787402 0.614173 -0.787402 
vn 0.102362 0.984252 0.141732 
vn -0.0787402 0.614173 -0.787402 
vn -0.0787402 0.614173 -0.787402 
vn -0.614173 0.787402 0.023622 
vn -0.661417 0.527559 0.527559 
vn -0.992126 -0.11811 0.0629921 
vn -0.913386 0.212598 -0.354331 
vn -0.0787402 0.614173 -0.787402 
vn -0.732283 -0.590551 -0.338583 
vn -0.0787402 0.614173 -0.787402 
vn -0.692913 -0.228346 -0.677165 
vn -0.677165 -0.732283 -0.0944882 
vn -0.897638 -0.307087 0.299213 
vn 0.0787402 -0.614173 0.787402 
vn -0.125984 -0.952756 -0.275591 
vn 0.0787402 -0.614173 0.787402 
vn -0.149606 -0.811024 -0.566929 
vn -0.181102 -0.393701 -0.897638 
vn -0.0787402 0.614173 -0.787402 
vn 0.669291 -0.574803 -0.464567 
vn 0.645669 -0.748031 -0.141732 
vn 0.0787402 -0.614173 0.787402 
vn 0.535433 -0.165354 -0.826772 
vn -0.0787402 0.614173 -0.787402 
vn -0.433071 0.866142 0.251969 
vn -0.433071 0.314961 0.84252 
vn -0.0393701 0.795276 0.606299 
vn -0.76378 0.330709 -0.551181 
vn -0.755906 0.440945 0.488189 
vn -0.929134 -0.102362 0.354331 
vn -0.76378 0.330709 -0.551181 
vn -0.76378 0.330709 -0.551181 
vn -0.779528 -0.590551 -0.19685 
vn -0.425197 -0.897638 0.11811 
vn -0.614173 -0.314961 0.724409 
vn -0.110236 -0.944882 0.307087 
vn -0.330709 -0.393701 0.858268 
vn 0.76378 -0.330709 0.551181 
vn -0.19685 0.204724 0.96063 
vn 0.76378 -0.330709 0.551181 
vn 0.204724 0.637795 0.748031 
vn 0.76378 -0.330709 0.551181 
vn 0.488189 0.866142 -0.0708661 
vn 0.76378 -0.330709 0.551181 
vn 0.724409 0.677165 0.133858 
vn 0 0.929134 -0.362205 
vn -0.76378 0.330709 -0.551181 
vn 0.874016 0.15748 -0.464567 
vn 0.76378 -0.330709 0.551181 
vn 0.669291 0.291339 -0.685039 
vn 0.19685 0.425197 -0.88189 
vn -0.76378 0.330709 -0.551181 
vn 0.0629921 -0.141732 -0.984252 
vn -0.76378 0.330709 -0.551181 
vn 0.480315 -0.338583 -0.811024 
vn 0.677165 -0.409449 -0.614173 
vn 0.76378 -0.330709 0.551181 
vn 0.338583 -0.874016 -0.354331 
vn 0.76378 -0.330709 0.551181 
vn 0.0944882 -0.818898 -0.566929 
vn -0.110236 -0.944882 0.307087 
vn 0.76378 -0.330709 0.551181 
vn -0.425197 -0.897638 0.11811 
vn -0.307087 -0.543307 -0.779528 
vn -0.76378 0.330709 -0.551181 
vn -0.779528 -0.590551 -0.19685 
vn -0.76378 0.330709 -0.551181 
vn 0.480315 0.866142 0.102362 
vn 0.96063 0.212598 0.173228 
vn 0.834646 0.511811 -0.19685 
vn -0.0472441 0.661417 -0.748031 
vn 0.787402 0.0944882 -0.614173 
vn -0.0472441 0.661417 -0.748031 
vn -0.0472441 0.661417 -0.748031 
vn 0.212598 -0.275591 -0.937008 
vn 0.92126 -0.291339 -0.259843 
vn 0.275591 -0.740157 -0.614173 
vn 0.267717 -0.913386 -0.291339 
vn 0.88189 -0.472441 0 
vn 0.0472441 -0.661417 0.748031 
vn 0.929134 0.015748 0.377953 
vn 0.0472441 -0.661417 0.748031 
vn 0.559055 0.346457 0.755906 
vn 0.0472441 -0.661417 0.748031 
vn 0.574803 0.606299 0.551181 
vn -0.23622 0.385827 0.889764 
vn 0.0472441 -0.661417 0.748031 
vn -0.259843 0.944882 0.181102 
vn -0.0472441 0.661417 -0.748031 
vn -0.275591 0.677165 0.677165 
vn -0.92126 0.23622 0.314961 
vn -0.850394 0.00787402 0.527559 
vn 0.0472441 -0.661417 0.748031 
vn -0.826772 0.551181 -0.110236 
vn -0.0472441 0.661417 -0.748031 
vn -0.96063 -0.259843 -0.125984 
vn -0.897638 -0.433071 0.0866142 
vn 0.0472441 -0.661417 0.748031 
vn -0.874016 0.0866142 -0.472441 
vn -0.0472441 0.661417 -0.748031 
vn -0.527559 -0.818898 -0.220472 
vn 0.0472441 -0.661417 0.748031 
vn -0.527559 -0.228346 -0.818898 
vn -0.0472441 0.661417 -0.748031 
vn -0.566929 -0.653543 -0.496063 
vn 0.267717 -0.913386 -0.291339 
vn 0.0472441 -0.661417 0.748031 
vn 0.275591 -0.740157 -0.614173 
vn 0.212598 -0.275591 -0.937008 
vn -0.0472441 0.661417 -0.748031 
vn -0.377953 0.511811 0.771654 
vn -0.92126 0.0629921 0.385827 
vn -0.645669 -0.102362 0.755906 
vn -0.724409 0.322835 -0.614173 
vn -0.700787 0.614173 0.362205 
vn -0.204724 0.976378 -0.0708661 
vn -0.724409 0.322835 -0.614173 
vn 0.212598 0.929134 0.307087 
vn -0.724409 0.322835 -0.614173 
vn 0.212598 0.732283 -0.645669 
vn 0.661417 0.645669 -0.377953 
vn 0.275591 0.228346 -0.937008 
vn -0.724409 0.322835 -0.614173 
vn -0.125984 0.370079 0.92126 
vn 0.456693 0.732283 0.503937 
vn 0.724409 -0.322835 0.614173 
vn 0.850394 0.496063 -0.15748 
vn 0.724409 -0.322835 0.614173 
vn 0.692913 0.0787402 -0.716535 
vn 0.858268 -0.015748 -0.511811 
vn 0.724409 -0.322835 0.614173 
vn 0.00787402 -0.299213 -0.952756 
vn -0.724409 0.322835 -0.614173 
vn 0.433071 -0.535433 -0.724409 
vn 0.637795 -0.598425 -0.488189 
vn 0.724409 -0.322835 0.614173 
vn 0.11811 -0.992126 -0.00787402 
vn 0.724409 -0.322835 0.614173 
vn -0.15748 -0.952756 -0.251969 
vn -0.527559 -0.645669 -0.551181 
vn -0.724409 0.322835 -0.614173 
vn 0.275591 -0.779528 -0.559055 
vn 0.818898 0.535433 -0.204724 
vn 0.15748 -0.661417 -0.740157 
vn 0.779528 0.566929 -0.259843 
vn -0.267717 0.787402 0.559055 
vn -0.826772 -0.440945 0.354331 
vn -0.11811 0.677165 0.724409 
vn 0.905512 0.354331 -0.220472 
vn -0.84252 -0.393701 0.362205 
vn -0.102362 -0.385827 -0.913386 
vn 0.181102 0.409449 0.897638 
vn 0.952756 0.102362 -0.291339 
vn -0.889764 -0.283465 0.362205 
vn -0.299213 -0.102362 -0.944882 
vn 0.401575 0.102362 0.913386 
vn 0.913386 -0.0393701 -0.401575 
vn -0.527559 0.0708661 -0.850394 
vn 0.299213 -0.0629921 0.952756 
vn -0.889764 -0.0708661 0.448819 
vn -0.897638 0.0314961 0.440945 
vn -0.559055 -0.645669 -0.519685 
vn 0.874016 -0.370079 -0.314961 
vn 0.88189 -0.299213 -0.362205 
vn 0.488189 0.755906 0.433071 
vn -0.543307 -0.732283 -0.409449 
vn -0.826772 0.433071 0.354331 
vn -0.811024 0.385827 0.433071 
vn 0.496063 0.669291 0.551181 
vn 0.874016 -0.188976 -0.440945 
vn -0.574803 -0.409449 -0.708661 
vn 0.519685 0.417323 0.740157 
vn -0.795276 0.259843 0.551181 
vn 0.551181 0.173228 0.818898 
vn 0.858268 -0.173228 -0.488189 
vn -0.818898 0.188976 0.543307 
vn 0.566929 0.0866142 0.818898 
vn -0.834646 0.19685 0.511811 
vn 0.834646 -0.19685 -0.511811 
vn -0.535433 -0.181102 -0.826772 
vn -0.503937 -0.102362 -0.858268 
vn 0.425197 -0.889764 -0.15748 
vn 0.456693 -0.629921 -0.629921 
vn 0.866142 -0.267717 -0.409449 
vn 0.15748 0.291339 -0.944882 
vn -0.283465 -0.582677 -0.76378 
vn 0.15748 0.291339 -0.944882 
vn -0.425197 -0.858268 -0.291339 
vn -0.96063 -0.19685 -0.181102 
vn -0.448819 -0.889764 0.0787402 
vn 0.15748 0.291339 -0.944882 
vn -0.76378 -0.015748 -0.645669 
vn -0.724409 0.527559 -0.433071 
vn 0.15748 0.291339 -0.944882 
vn -0.897638 0.440945 0.015748 
vn -0.952756 -0.267717 0.133858 
vn -0.15748 -0.291339 0.944882 
vn -0.897638 0.330709 0.283465 
vn -0.15748 -0.291339 0.944882 
vn -0.307087 0.905512 -0.283465 
vn 0.15748 0.291339 -0.944882 
vn -0.464567 0.716535 0.519685 
vn -0.15748 -0.291339 0.944882 
vn -0.440945 0.866142 0.23622 
vn 0.440945 0.874016 -0.19685 
vn 0.15748 0.291339 -0.944882 
vn 0.409449 0.834646 0.370079 
vn 0.322835 0.661417 0.677165 
vn -0.15748 -0.291339 0.944882 
vn 0.858268 0.433071 0.259843 
vn 0.228346 0.929134 0.283465 
vn 0.370079 0.645669 0.661417 
vn -0.220472 0.732283 -0.645669 
vn -0.354331 0.866142 0.354331 
vn 0.874016 0.173228 0.456693 
vn 0.913386 -0.377953 -0.125984 
vn 0.220472 -0.732283 0.645669 
vn 0.417323 0.409449 0.811024 
vn 0.220472 -0.732283 0.645669 
vn -0.181102 0.283465 0.937008 
vn 0.220472 -0.732283 0.645669 
vn -0.275591 0.551181 0.787402 
vn -0.889764 0.456693 0.0314961 
vn -0.220472 0.732283 -0.645669 
vn -0.897638 0.0629921 0.440945 
vn -0.740157 -0.212598 0.637795 
vn 0.220472 -0.732283 0.645669 
vn 0.535433 -0.84252 -0.015748 
vn -0.173228 -0.897638 -0.409449 
vn 0.393701 -0.779528 -0.488189 
vn -0.181102 -0.0551181 -0.984252 
vn -0.181102 -0.0551181 -0.984252 
vn 0.732283 -0.314961 -0.606299 
vn 0.937008 -0.322835 -0.11811 
vn -0.181102 -0.0551181 -0.984252 
vn 0.622047 0.433071 -0.653543 
vn 0.834646 0.535433 -0.141732 
vn 0.826772 0.511811 0.228346 
vn 0.937008 -0.291339 0.204724 
vn 0.181102 0.0551181 0.984252 
vn 0.559055 -0.787402 0.259843 
vn 0.181102 0.0551181 0.984252 
vn -0.102362 -0.992126 0.110236 
vn 0.181102 0.0551181 0.984252 
vn -0.0314961 -0.905512 0.417323 
vn -0.80315 -0.488189 -0.346457 
vn -0.181102 -0.0551181 -0.984252 
vn -0.685039 -0.464567 0.559055 
vn 0.181102 0.0551181 0.984252 
vn -0.818898 -0.527559 0.220472 
vn -0.929134 0.322835 0.188976 
vn 0.181102 0.0551181 0.984252 
vn -0.80315 0.330709 0.488189 
vn -0.448819 0.818898 0.354331 
vn 0.181102 0.0551181 0.984252 
vn -0.905512 0.259843 -0.338583 
vn -0.181102 -0.0551181 -0.984252 
vn -0.527559 0.850394 0.0787402 
vn 0.15748 0.944882 0.275591 
vn 0.181102 0.0551181 0.984252 
vn -0.551181 0.732283 -0.393701 
vn -0.181102 -0.0551181 -0.984252 
vn 0.110236 0.992126 -0.0393701 
vn 0.181102 0.0551181 0.984252 
vn 0.826772 0.511811 0.228346 
vn 0.834646 0.535433 -0.141732 
vn 0.622047 0.433071 -0.653543 
vn 0 0.84252 -0.535433 
vn -0.181102 -0.0551181 -0.984252 
vn -0.181102 -0.0551181 -0.984252 
vn 0.11811 -0.866142 -0.480315 
vn 0.913386 0.299213 -0.267717 
vn -0.00787402 -0.740157 -0.669291 
vn 0.834646 0.425197 -0.338583 
vn 0.023622 0.913386 0.409449 
vn -0.858268 -0.141732 0.488189 
vn 0.102362 0.76378 0.629921 
vn 0.968504 0.141732 -0.19685 
vn -0.897638 -0.11811 0.425197 
vn -0.188976 -0.417323 -0.889764 
vn 0.204724 0.425197 0.88189 
vn 0.976378 0.110236 -0.173228 
vn -0.251969 -0.259843 -0.929134 
vn 0.212598 0.259843 0.944882 
vn -0.937008 -0.0787402 0.338583 
vn -0.937008 -0.0629921 0.354331 
vn -0.897638 0.330709 -0.283465 
vn -0.440945 0.88189 0.15748 
vn 0.110236 0.984252 -0.11811 
vn -0.141732 0.795276 0.590551 
vn -0.598425 0.330709 0.732283 
vn 0.511811 0.858268 0.102362 
vn -0.401575 0.204724 0.889764 
vn 0.0472441 0.622047 0.779528 
vn 0.606299 -0.370079 0.708661 
vn 0.700787 0.645669 0.307087 
vn 0.606299 -0.370079 0.708661 
vn -0.480315 -0.787402 -0.385827 
vn 0.874016 -0.259843 -0.409449 
vn 0.905512 -0.23622 -0.362205 
vn 0.889764 -0.299213 -0.354331 
vn 0.370079 0.929134 0.0314961 
vn 0.488189 0.779528 0.393701 
vn 0.330709 0.937008 -0.0944882 
vn 0.874016 -0.212598 -0.433071 
vn -0.80315 0.425197 0.417323 
vn -0.299213 -0.952756 0.0866142 
vn -0.370079 -0.929134 -0.0551181 
vn -0.818898 0.385827 0.425197 
vn -0.795276 0.417323 0.433071 
vn -0.519685 -0.519685 -0.677165 
vn 0.511811 0.519685 0.677165 
vn -0.818898 0.362205 0.440945 
vn 0.480315 0.307087 0.818898 
vn 0.88189 -0.259843 -0.385827 
vn -0.834646 0.291339 0.464567 
vn 0.480315 0.204724 0.850394 
vn -0.850394 0.23622 0.472441 
vn 0.88189 -0.220472 -0.409449 
vn -0.519685 -0.299213 -0.795276 
vn -0.496063 -0.204724 -0.84252 
vn -0.590551 -0.417323 0.685039 
vn -0.889764 0.275591 0.370079 
vn -0.897638 -0.314961 0.314961 
vn -0.76378 0.125984 -0.629921 
vn -0.76378 0.125984 -0.629921 
vn -0.692913 -0.716535 -0.0629921 
vn -0.338583 -0.889764 0.291339 
vn -0.76378 0.125984 -0.629921 
vn -0.23622 -0.708661 -0.661417 
vn 0.212598 -0.905512 -0.370079 
vn 0.472441 -0.874016 -0.110236 
vn -0.0787402 -0.874016 0.480315 
vn 0.76378 -0.125984 0.629921 
vn -0.346457 -0.433071 0.834646 
vn 0.76378 -0.125984 0.629921 
vn -0.283465 0.173228 0.944882 
vn 0.76378 -0.125984 0.629921 
vn -0.559055 0.244094 0.787402 
vn -0.141732 0.897638 0.425197 
vn -0.543307 0.84252 0.015748 
vn -0.76378 0.125984 -0.629921 
vn 0.149606 0.771654 0.614173 
vn 0.76378 -0.125984 0.629921 
vn 0.401575 0.88189 -0.244094 
vn 0.76378 -0.125984 0.629921 
vn 0.622047 0.779528 -0.0314961 
vn 0.826772 0.354331 -0.433071 
vn 0.76378 -0.125984 0.629921 
vn -0.0393701 0.834646 -0.543307 
vn -0.76378 0.125984 -0.629921 
vn 0.645669 0.409449 -0.645669 
vn -0.76378 0.125984 -0.629921 
vn 0.212598 0.425197 -0.88189 
vn 0.149606 -0.149606 -0.976378 
vn -0.76378 0.125984 -0.629921 
vn 0.826772 -0.267717 -0.496063 
vn 0.76378 -0.125984 0.629921 
vn 0.622047 -0.251969 -0.740157 
vn 0.212598 -0.905512 -0.370079 
vn -0.23622 -0.708661 -0.661417 
vn -0.76378 0.125984 -0.629921 
vn 0.472441 -0.874016 -0.110236 
vn 0.76378 -0.125984 0.629921 
vn 0.952756 0.291339 0.0551181 
vn 0.732283 0.598425 -0.322835 
vn 0.425197 0.897638 0.0787402 
vn -0.204724 0.653543 -0.724409 
vn 0.574803 0.0472441 -0.811024 
vn -0.204724 0.653543 -0.724409 
vn 0.582677 0.653543 0.472441 
vn -0.204724 0.653543 -0.724409 
vn -0.133858 0.96063 0.244094 
vn -0.204724 0.653543 -0.724409 
vn -0.779528 0.622047 0.0708661 
vn -0.779528 0.299213 0.543307 
vn -0.0393701 0.708661 0.700787 
vn 0.0314961 0.456693 0.889764 
vn -0.645669 0.0393701 0.76378 
vn 0.204724 -0.653543 0.724409 
vn 0.614173 0.440945 0.653543 
vn 0.204724 -0.653543 0.724409 
vn 0.952756 0.0708661 0.291339 
vn 0.204724 -0.653543 0.724409 
vn 0.80315 -0.566929 -0.181102 
vn 0.204724 -0.653543 0.724409 
vn 0.795276 -0.354331 -0.480315 
vn 0.110236 -0.92126 -0.370079 
vn 0.204724 -0.653543 0.724409 
vn -0.0629921 -0.330709 -0.944882 
vn -0.204724 0.653543 -0.724409 
vn 0.0551181 -0.755906 -0.645669 
vn -0.574803 -0.700787 -0.425197 
vn -0.204724 0.653543 -0.724409 
vn -0.606299 -0.314961 -0.732283 
vn -0.929134 0.0314961 -0.377953 
vn -0.204724 0.653543 -0.724409 
vn -0.488189 -0.850394 -0.19685 
vn 0.204724 -0.653543 0.724409 
vn -0.937008 -0.346457 0 
vn -0.204724 0.653543 -0.724409 
vn -0.779528 0.622047 0.0708661 
vn -0.779528 0.299213 0.543307 
vn -0.645669 0.0393701 0.76378 
vn -0.811024 -0.535433 0.228346 
vn 0.204724 -0.653543 0.724409 
vn 0.204724 -0.653543 0.724409 
vn -0.267717 -0.748031 -0.606299 
vn 0.944882 0.102362 -0.322835 
vn 0.944882 0.0551181 -0.307087 
vn -0.188976 -0.889764 -0.409449 
vn 0.19685 0.889764 0.409449 
vn -0.889764 0.149606 0.440945 
vn 0.267717 0.755906 0.598425 
vn -0.889764 0.110236 0.440945 
vn 0.338583 0.425197 0.834646 
vn 0.944882 0.023622 -0.314961 
vn -0.889764 0.015748 0.456693 
vn 0.401575 0.251969 0.88189 
vn -0.913386 -0.0393701 0.401575 
vn 0.92126 0.0393701 -0.393701 
vn -0.370079 -0.401575 -0.834646 
vn -0.346457 -0.251969 -0.905512 
vn 0.149606 0.354331 -0.92126 
vn -0.259843 0.937008 -0.23622 
vn 0.480315 0.866142 -0.110236 
vn 0.456693 0.787402 0.409449 
vn -0.393701 0.866142 0.314961 
vn 0.88189 0.440945 -0.181102 
vn 0.149606 0.354331 -0.92126 
vn 0.905512 0.307087 0.299213 
vn 0.385827 0.622047 0.685039 
vn -0.417323 0.661417 0.622047 
vn -0.149606 -0.354331 0.92126 
vn 0 -0.944882 -0.322835 
vn -0.393701 -0.834646 0.385827 
vn -0.527559 -0.84252 -0.0866142 
vn -0.377953 -0.204724 -0.905512 
vn -0.377953 -0.204724 -0.905512 
vn -0.913386 -0.401575 -0.0629921 
vn -0.826772 -0.330709 0.456693 
vn -0.377953 -0.204724 -0.905512 
vn -0.905512 0.322835 -0.259843 
vn -0.818898 0.503937 0.275591 
vn -0.614173 0.535433 0.574803 
vn -0.645669 -0.251969 0.716535 
vn 0.377953 0.204724 0.905512 
vn -0.267717 -0.732283 0.622047 
vn 0.377953 0.204724 0.905512 
vn 0.228346 -0.96063 0.165354 
vn 0.322835 -0.834646 0.448819 
vn 0.377953 0.204724 0.905512 
vn 0.913386 -0.377953 0.149606 
vn 0.377953 0.204724 0.905512 
vn 0.850394 -0.488189 -0.19685 
vn 0.527559 -0.535433 -0.661417 
vn -0.377953 -0.204724 -0.905512 
vn 0.850394 0.346457 -0.393701 
vn 0.913386 0.401575 -0.0787402 
vn 0.377953 0.204724 0.905512 
vn 0.551181 0.204724 -0.811024 
vn -0.377953 -0.204724 -0.905512 
vn 0.503937 0.866142 -0.0551181 
vn 0.377953 0.204724 0.905512 
vn 0.417323 0.850394 -0.330709 
vn 0.188976 0.661417 -0.724409 
vn -0.377953 -0.204724 -0.905512 
vn -0.0551181 0.976378 0.19685 
vn 0.377953 0.204724 0.905512 
vn -0.19685 0.976378 -0.0944882 
vn -0.377953 -0.204724 -0.905512 
vn -0.362205 0.748031 -0.551181 
vn -0.614173 0.535433 0.574803 
vn 0.377953 0.204724 0.905512 
vn -0.818898 0.503937 0.275591 
vn -0.905512 0.322835 -0.259843 
vn -0.377953 -0.204724 -0.905512 
vn 0.409449 -0.653543 -0.637795 
vn 0.937008 -0.322835 -0.11811 
vn 0.519685 -0.84252 -0.149606 
vn 0.787402 -0.212598 -0.574803 
vn -0.102362 0.15748 -0.984252 
vn -0.330709 -0.937008 -0.0708661 
vn -0.338583 -0.724409 -0.598425 
vn -0.102362 0.15748 -0.984252 
vn -0.267717 -0.92126 0.291339 
vn -0.937008 -0.346457 0.0787402 
vn 0.527559 -0.834646 0.173228 
vn 0.102362 -0.15748 0.984252 
vn 0.92126 -0.354331 0.165354 
vn 0.102362 -0.15748 0.984252 
vn 0.913386 0.251969 0.307087 
vn 0.102362 -0.15748 0.984252 
vn -0.84252 -0.370079 0.385827 
vn 0.102362 -0.15748 0.984252 
vn -0.874016 -0.220472 -0.433071 
vn -0.102362 0.15748 -0.984252 
vn -0.929134 0.314961 0.181102 
vn 0.102362 -0.15748 0.984252 
vn -0.858268 0.251969 0.448819 
vn -0.102362 0.15748 -0.984252 
vn -0.88189 0.354331 -0.307087 
vn -0.503937 0.80315 -0.307087 
vn -0.102362 0.15748 -0.984252 
vn -0.456693 0.724409 0.519685 
vn 0.102362 -0.15748 0.984252 
vn -0.511811 0.826772 0.220472 
vn 0.23622 0.88189 -0.401575 
vn -0.102362 0.15748 -0.984252 
vn 0.338583 0.929134 0.15748 
vn 0.346457 0.795276 0.496063 
vn 0.102362 -0.15748 0.984252 
vn -0.393701 0.267717 0.88189 
vn -0.11811 0.889764 0.448819 
vn -0.614173 0.590551 0.519685 
vn -0.535433 0.685039 -0.488189 
vn -0.992126 0.0629921 0.133858 
vn -0.535433 0.685039 -0.488189 
vn 0.15748 0.622047 0.76378 
vn -0.535433 0.685039 -0.488189 
vn -0.811024 -0.299213 -0.503937 
vn -0.535433 0.685039 -0.488189 
vn 0.291339 0.952756 0.0314961 
vn -0.535433 0.685039 -0.488189 
vn 0.440945 0.637795 -0.629921 
vn 0.850394 0.307087 -0.425197 
vn 0.653543 0.685039 0.322835 
vn 0.976378 0.0314961 -0.212598 
vn 0.779528 0.425197 0.464567 
vn 0.535433 -0.685039 0.488189 
vn 0.307087 0.401575 0.866142 
vn 0.535433 -0.685039 0.488189 
vn -0.188976 0.0393701 0.984252 
vn 0.535433 -0.685039 0.488189 
vn -0.80315 -0.362205 0.464567 
vn -0.543307 -0.582677 0.606299 
vn 0.535433 -0.685039 0.488189 
vn -0.614173 -0.740157 -0.283465 
vn -0.393701 -0.913386 -0.11811 
vn 0.535433 -0.685039 0.488189 
vn -0.370079 -0.267717 -0.889764 
vn -0.535433 0.685039 -0.488189 
vn -0.125984 -0.669291 -0.732283 
vn 0.0314961 -0.826772 -0.559055 
vn 0.535433 -0.685039 0.488189 
vn 0.0944882 0.0708661 -0.992126 
vn -0.535433 0.685039 -0.488189 
vn 0.433071 -0.314961 -0.84252 
vn 0.566929 -0.519685 -0.637795 
vn 0.535433 -0.685039 0.488189 
vn 0.976378 0.0314961 -0.212598 
vn 0.535433 -0.685039 0.488189 
vn 0.850394 0.307087 -0.425197 
vn 0.440945 0.637795 -0.629921 
vn -0.535433 0.685039 -0.488189 
vn 0.858268 -0.00787402 -0.519685 
vn 0.929134 0.299213 0.23622 
vn 0.952756 -0.291339 -0.0787402 
vn 0.84252 0.496063 -0.212598 
vn 0.0314961 0.472441 -0.88189 
vn 0.338583 -0.464567 -0.818898 
vn 0.0314961 0.472441 -0.88189 
vn 0.370079 -0.84252 -0.393701 
vn -0.409449 -0.440945 -0.795276 
vn 0.0314961 0.472441 -0.88189 
vn 0.330709 -0.944882 -0.0393701 
vn -0.488189 -0.779528 -0.393701 
vn 0.88189 -0.417323 0.212598 
vn -0.0314961 -0.472441 0.88189 
vn -0.472441 -0.874016 -0.0866142 
vn -0.0314961 -0.472441 0.88189 
vn 0.866142 0.149606 0.472441 
vn -0.0314961 -0.472441 0.88189 
vn 0.448819 0.543307 0.708661 
vn -0.0314961 -0.472441 0.88189 
vn -0.354331 0.559055 0.748031 
vn -0.0314961 -0.472441 0.88189 
vn -0.377953 0.80315 0.464567 
vn 0.480315 0.740157 0.464567 
vn -0.307087 0.952756 -0.0787402 
vn 0.448819 0.897638 -0.0472441 
vn 0.0314961 0.472441 -0.88189 
vn 0.0314961 0.472441 -0.88189 
vn -0.181102 -0.818898 -0.551181 
vn 0.913386 0.173228 -0.377953 
vn 0.913386 0.149606 -0.370079 
vn 0.102362 0.913386 0.401575 
vn -0.102362 -0.913386 -0.401575 
vn -0.889764 0.015748 0.456693 
vn -0.88189 -0.00787402 0.464567 
vn 0.181102 0.818898 0.551181 
vn 0.92126 0.141732 -0.362205 
vn -0.314961 -0.559055 -0.771654 
vn 0.299213 0.559055 0.771654 
vn 0.897638 0.125984 -0.417323 
vn 0.370079 0.401575 0.834646 
vn -0.338583 -0.401575 -0.850394 
vn -0.874016 -0.0551181 0.488189 
vn -0.889764 -0.110236 0.448819 
vn 0.574803 -0.496063 -0.645669 
vn 0.992126 -0.110236 -0.0629921 
vn 0.692913 -0.700787 -0.165354 
vn 0.850394 0.00787402 -0.519685 
vn -0.0708661 0.220472 -0.976378 
vn -0.11811 -0.976378 -0.165354 
vn -0.0708661 0.220472 -0.976378 
vn -0.141732 -0.724409 -0.677165 
vn -0.779528 -0.354331 -0.519685 
vn -0.0708661 0.220472 -0.976378 
vn -0.0866142 -0.976378 0.19685 
vn -0.84252 -0.535433 -0.023622 
vn 0.677165 -0.716535 0.149606 
vn 0.0708661 -0.220472 0.976378 
vn 0.96063 -0.165354 0.212598 
vn 0.0708661 -0.220472 0.976378 
vn -0.771654 -0.566929 0.291339 
vn 0.0708661 -0.220472 0.976378 
vn -0.984252 0.0944882 0.125984 
vn 0.0708661 -0.220472 0.976378 
vn -0.92126 0.0314961 0.393701 
vn -0.0708661 0.220472 -0.976378 
vn -0.913386 0.19685 -0.354331 
vn -0.645669 0.708661 -0.291339 
vn -0.0708661 0.220472 -0.976378 
vn -0.629921 0.559055 0.535433 
vn 0.0708661 -0.220472 0.976378 
vn -0.685039 0.685039 0.244094 
vn 0.0708661 0.944882 -0.314961 
vn -0.0708661 0.220472 -0.976378 
vn 0.125984 0.96063 0.251969 
vn 0.141732 0.795276 0.582677 
vn 0.0708661 -0.220472 0.976378 
vn -0.15748 -0.984252 0.0708661 
vn 0.283465 -0.771654 -0.566929 
vn 0.472441 -0.874016 -0.11811 
vn -0.291339 0.015748 -0.96063 
vn -0.283465 -0.858268 -0.433071 
vn -0.291339 0.015748 -0.96063 
vn 0.637795 -0.322835 -0.700787 
vn -0.291339 0.015748 -0.96063 
vn 0.574803 0.425197 -0.700787 
vn 0.897638 -0.370079 -0.23622 
vn 0.850394 0.488189 -0.204724 
vn 0.88189 0.440945 0.15748 
vn 0.929134 -0.362205 0.0866142 
vn 0.291339 -0.015748 0.96063 
vn 0.527559 -0.834646 0.15748 
vn 0.291339 -0.015748 0.96063 
vn -0.0472441 -0.929134 0.370079 
vn 0.291339 -0.015748 0.96063 
vn -0.653543 -0.448819 0.606299 
vn 0.291339 -0.015748 0.96063 
vn -0.826772 -0.488189 0.283465 
vn -0.866142 -0.409449 -0.275591 
vn -0.291339 0.015748 -0.96063 
vn -0.874016 0.370079 0.307087 
vn -0.913386 0.338583 -0.220472 
vn -0.291339 0.015748 -0.96063 
vn -0.724409 0.354331 0.590551 
vn 0.291339 -0.015748 0.96063 
vn -0.448819 0.874016 0.181102 
vn -0.291339 0.015748 -0.96063 
vn -0.543307 0.787402 -0.291339 
vn -0.346457 0.826772 0.448819 
vn 0.291339 -0.015748 0.96063 
vn 0.00787402 0.874016 -0.488189 
vn -0.291339 0.015748 -0.96063 
vn 0.181102 0.984252 0 
vn 0.291339 -0.015748 0.96063 
vn 0.251969 0.913386 0.307087 
vn 0.574803 0.425197 -0.700787 
vn -0.291339 0.015748 -0.96063 
vn 0.850394 0.488189 -0.204724 
vn 0.88189 0.440945 0.15748 
vn 0.291339 -0.015748 0.96063 
vn -0.15748 -0.984252 0.0708661 
vn 0.283465 -0.771654 -0.566929 
vn 0.472441 -0.874016 -0.11811 
vn -0.291339 0.015748 -0.96063 
vn -0.283465 -0.858268 -0.433071 
vn -0.291339 0.015748 -0.96063 
vn 0.637795 -0.322835 -0.700787 
vn -0.291339 0.015748 -0.96063 
vn 0.574803 0.425197 -0.700787 
vn 0.897638 -0.370079 -0.23622 
vn 0.850394 0.488189 -0.204724 
vn 0.88189 0.440945 0.15748 
vn 0.929134 -0.362205 0.0866142 
vn 0.291339 -0.015748 0.96063 
vn 0.527559 -0.834646 0.15748 
vn 0.291339 -0.015748 0.96063 
vn -0.0472441 -0.929134 0.370079 
vn 0.291339 -0.015748 0.96063 
vn -0.653543 -0.448819 0.606299 
vn 0.291339 -0.015748 0.96063 
vn -0.826772 -0.488189 0.283465 
vn -0.866142 -0.409449 -0.275591 
vn -0.291339 0.015748 -0.96063 
vn -0.874016 0.370079 0.307087 
vn -0.913386 0.338583 -0.220472 
vn -0.291339 0.015748 -0.96063 
vn -0.724409 0.354331 0.590551 
vn 0.291339 -0.015748 0.96063 
vn -0.448819 0.874016 0.181102 
vn -0.291339 0.015748 -0.96063 
vn -0.543307 0.787402 -0.291339 
vn -0.346457 0.826772 0.448819 
vn 0.291339 -0.015748 0.96063 
vn 0.00787402 0.874016 -0.488189 
vn -0.291339 0.015748 -0.96063 
vn 0.181102 0.984252 0 
vn 0.291339 -0.015748 0.96063 
vn 0.251969 0.913386 0.307087 
vn 0.574803 0.425197 -0.700787 
vn -0.291339 0.015748 -0.96063 
vn 0.850394 0.488189 -0.204724 
vn 0.88189 0.440945 0.15748 
vn 0.291339 -0.015748 0.96063 
vn 0.653543 0.582677 0.480315 
vn 0.00787402 0.984252 0.181102 
vn 0.0314961 0.748031 0.661417 
vn 0.0551181 0.496063 0.866142 
vn -0.755906 0.448819 0.480315 
vn 0.559055 0.826772 0.0551181 
vn -0.0551181 0.637795 -0.771654 
vn -0.677165 0.732283 -0.00787402 
vn -0.0551181 0.637795 -0.771654 
vn -0.669291 0.181102 0.716535 
vn 0.0551181 -0.637795 0.771654 
vn -0.976378 -0.19685 -0.0472441 
vn -0.0551181 0.637795 -0.771654 
vn -0.88189 0.149606 -0.440945 
vn -0.897638 -0.385827 0.19685 
vn 0.0551181 -0.637795 0.771654 
vn -0.606299 -0.771654 -0.188976 
vn 0.0551181 -0.637795 0.771654 
vn -0.606299 -0.259843 -0.755906 
vn -0.0551181 0.637795 -0.771654 
vn -0.653543 -0.629921 -0.425197 
vn -0.015748 -0.944882 -0.314961 
vn 0.0551181 -0.637795 0.771654 
vn -0.0551181 -0.370079 -0.929134 
vn -0.0551181 0.637795 -0.771654 
vn -0.0314961 -0.795276 -0.606299 
vn 0.755906 -0.503937 -0.409449 
vn 0.716535 -0.692913 -0.0944882 
vn 0.0551181 -0.637795 0.771654 
vn 0.622047 -0.0944882 -0.771654 
vn -0.0551181 0.637795 -0.771654 
vn 0.0551181 0.779528 0.629921 
vn -0.15748 0.96063 0.220472 
vn -0.519685 0.456693 0.724409 
vn -0.425197 0.559055 -0.708661 
vn -0.677165 0.692913 0.267717 
vn -0.992126 0.0866142 -0.0551181 
vn -0.425197 0.559055 -0.708661 
vn -0.88189 -0.251969 0.393701 
vn -0.425197 0.559055 -0.708661 
vn 0.314961 0.937008 -0.125984 
vn -0.425197 0.559055 -0.708661 
vn 0.559055 0.480315 -0.669291 
vn 0.92126 0.204724 -0.330709 
vn 0.614173 0.740157 0.267717 
vn 1 -0.015748 -0.0472441 
vn 0.708661 0.519685 0.480315 
vn 0.425197 -0.559055 0.708661 
vn 0.173228 0.582677 0.795276 
vn 0.425197 -0.559055 0.708661 
vn -0.346457 0.251969 0.905512 
vn 0.425197 -0.559055 0.708661 
vn -0.653543 -0.433071 0.614173 
vn 0.425197 -0.559055 0.708661 
vn -0.401575 -0.913386 0.023622 
vn 0.425197 -0.559055 0.708661 
vn -0.582677 -0.787402 -0.212598 
vn -0.724409 -0.401575 -0.559055 
vn -0.425197 0.559055 -0.708661 
vn -0.023622 -0.811024 -0.582677 
vn -0.425197 0.559055 -0.708661 
vn -0.228346 -0.464567 -0.858268 
vn 0.0944882 -0.929134 -0.346457 
vn 0.425197 -0.559055 0.708661 
vn 0.259843 -0.149606 -0.952756 
vn -0.425197 0.559055 -0.708661 
vn 0.551181 -0.496063 -0.669291 
vn 0.645669 -0.645669 -0.401575 
vn 0.425197 -0.559055 0.708661 
vn 1 -0.015748 -0.0472441 
vn 0.425197 -0.559055 0.708661 
vn 0.92126 0.204724 -0.330709 
vn 0.559055 0.480315 -0.669291 
vn -0.425197 0.559055 -0.708661 
vn -0.614173 0.338583 0.716535 
vn -0.976378 -0.11811 0.165354 
vn -0.76378 -0.299213 0.574803 
vn -0.622047 0.299213 -0.724409 
vn -0.858268 0.448819 0.251969 
vn -0.346457 0.937008 -0.00787402 
vn -0.622047 0.299213 -0.724409 
vn -0.015748 0.897638 0.448819 
vn -0.377953 0.212598 0.905512 
vn -0.551181 -0.370079 0.748031 
vn 0.622047 -0.307087 0.724409 
vn 0.212598 0.708661 0.669291 
vn 0.622047 -0.307087 0.724409 
vn 0.771654 0.629921 0.0944882 
vn 0.622047 -0.307087 0.724409 
vn -0.330709 -0.84252 0.417323 
vn 0.622047 -0.307087 0.724409 
vn -0.559055 -0.80315 0.19685 
vn 0.283465 -0.952756 -0.0866142 
vn 0.622047 -0.307087 0.724409 
vn 0.0708661 -0.92126 -0.385827 
vn -0.811024 -0.551181 -0.19685 
vn -0.622047 0.299213 -0.724409 
vn -0.283465 -0.629921 -0.724409 
vn -0.622047 0.299213 -0.724409 
vn 0.606299 0.779528 -0.141732 
vn 0.937008 0.173228 -0.299213 
vn 0.622047 -0.307087 0.724409 
vn 0.212598 0.84252 -0.496063 
vn -0.622047 0.299213 -0.724409 
vn 0.80315 0.275591 -0.527559 
vn 0.425197 0.393701 -0.818898 
vn -0.622047 0.299213 -0.724409 
vn 0.259843 -0.15748 -0.952756 
vn -0.622047 0.299213 -0.724409 
vn 0.661417 -0.362205 -0.661417 
vn 0.818898 -0.425197 -0.385827 
vn 0.622047 -0.307087 0.724409 
vn 0.283465 -0.952756 -0.0866142 
vn 0.622047 -0.307087 0.724409 
vn 0.0708661 -0.92126 -0.385827 
vn -0.283465 -0.629921 -0.724409 
vn -0.622047 0.299213 -0.724409 
vn -0.393701 -0.771654 0.503937 
vn -0.944882 -0.228346 0.244094 
vn -0.677165 -0.732283 0.102362 
vn -0.677165 -0.0944882 -0.732283 
vn -0.275591 -0.913386 -0.283465 
vn -0.677165 -0.0944882 -0.732283 
vn -0.677165 -0.0944882 -0.732283 
vn 0.173228 -0.590551 -0.787402 
vn 0.0866142 -0.992126 0.0944882 
vn 0.637795 -0.622047 -0.456693 
vn 0.826772 -0.535433 -0.149606 
vn 0.291339 -0.897638 0.330709 
vn 0.677165 0.0944882 0.732283 
vn -0.181102 -0.700787 0.685039 
vn 0.677165 0.0944882 0.732283 
vn -0.417323 -0.165354 0.897638 
vn 0.677165 0.0944882 0.732283 
vn -0.677165 -0.204724 0.708661 
vn -0.574803 0.629921 0.519685 
vn -0.866142 0.496063 0.0472441 
vn -0.677165 -0.0944882 -0.732283 
vn -0.283465 0.614173 0.740157 
vn 0.677165 0.0944882 0.732283 
vn -0.0314961 1 -0.0393701 
vn -0.677165 -0.0944882 -0.732283 
vn -0.377953 0.826772 -0.417323 
vn 0.188976 0.96063 0.188976 
vn 0.677165 0.0944882 0.732283 
vn 0.0629921 0.645669 -0.755906 
vn -0.677165 -0.0944882 -0.732283 
vn 0.433071 0.771654 -0.456693 
vn 0.677165 0.0944882 0.732283 
vn 0.606299 0.76378 -0.228346 
vn 0.291339 0.141732 -0.944882 
vn -0.677165 -0.0944882 -0.732283 
vn 0.897638 0.228346 -0.377953 
vn 0.677165 0.0944882 0.732283 
vn 0.732283 0.204724 -0.653543 
vn 0.826772 -0.535433 -0.149606 
vn 0.677165 0.0944882 0.732283 
vn 0.637795 -0.622047 -0.456693 
vn 0.173228 -0.590551 -0.787402 
vn -0.677165 -0.0944882 -0.732283 
vn 0.590551 -0.488189 -0.645669 
vn 0.992126 -0.0944882 -0.0551181 
vn 0.708661 -0.685039 -0.173228 
vn 0.858268 0.023622 -0.519685 
vn -0.0629921 0.228346 -0.968504 
vn -0.102362 -0.976378 -0.173228 
vn -0.0629921 0.228346 -0.968504 
vn -0.125984 -0.716535 -0.685039 
vn -0.771654 -0.362205 -0.527559 
vn -0.0629921 0.228346 -0.968504 
vn -0.0708661 -0.976378 0.188976 
vn -0.834646 -0.551181 -0.0314961 
vn 0.685039 -0.708661 0.149606 
vn 0.0708661 -0.228346 0.968504 
vn 0.96063 -0.15748 0.220472 
vn 0.0708661 -0.228346 0.968504 
vn -0.76378 -0.574803 0.283465 
vn 0.0708661 -0.228346 0.968504 
vn -0.992126 0.0787402 0.11811 
vn 0.0708661 -0.228346 0.968504 
vn -0.92126 0.015748 0.393701 
vn -0.0629921 0.228346 -0.968504 
vn -0.913386 0.181102 -0.354331 
vn -0.653543 0.700787 -0.283465 
vn -0.0629921 0.228346 -0.968504 
vn -0.637795 0.551181 0.535433 
vn 0.0708661 -0.228346 0.968504 
vn -0.700787 0.669291 0.244094 
vn 0.0551181 0.952756 -0.307087 
vn -0.0629921 0.228346 -0.968504 
vn 0.110236 0.96063 0.259843 
vn 0.125984 0.795276 0.590551 
vn 0.0708661 -0.228346 0.968504 
vn -0.0629921 0.228346 -0.968504 
vn 0.0551181 0.952756 -0.307087 
vn 0.708661 0.574803 -0.409449 
vn -0.0629921 0.228346 -0.968504 
vn 0.84252 0.535433 0.102362 
vn 0.110236 0.96063 0.259843 
vn 0.811024 0.417323 0.409449 
vn 0.0708661 -0.228346 0.968504 
vn 0.125984 0.795276 0.590551 
vn 0.0708661 -0.228346 0.968504 
vn -0.503937 0.543307 0.669291 
vn -0.976378 0.0866142 0.204724 
vn -0.771654 -0.0708661 0.629921 
vn -0.590551 0.307087 -0.748031 
vn -0.748031 0.629921 0.204724 
vn -0.181102 0.976378 -0.141732 
vn -0.590551 0.307087 -0.748031 
vn 0.165354 0.937008 0.307087 
vn -0.291339 0.401575 0.866142 
vn -0.566929 -0.149606 0.811024 
vn 0.590551 -0.307087 0.748031 
vn 0.362205 0.748031 0.551181 
vn 0.590551 -0.307087 0.748031 
vn -0.456693 -0.708661 0.543307 
vn 0.590551 -0.307087 0.748031 
vn -0.685039 -0.653543 0.322835 
vn 0.110236 -0.992126 0.0472441 
vn 0.590551 -0.307087 0.748031 
vn -0.11811 -0.96063 -0.244094 
vn -0.905512 -0.417323 -0.0944882 
vn -0.590551 0.307087 -0.748031 
vn -0.417323 -0.661417 -0.622047 
vn -0.590551 0.307087 -0.748031 
vn 0.590551 -0.307087 0.748031 
vn 0.874016 0.488189 -0.015748 
vn 0.724409 0.629921 -0.267717 
vn 0.338583 0.708661 -0.622047 
vn -0.590551 0.307087 -0.748031 
vn 0.811024 0.0472441 -0.582677 
vn -0.590551 0.307087 -0.748031 
vn 0.440945 0.188976 -0.874016 
vn 0.937008 -0.0393701 -0.338583 
vn 0.590551 -0.307087 0.748031 
vn 0.181102 -0.330709 -0.929134 
vn -0.590551 0.307087 -0.748031 
vn 0.551181 -0.559055 -0.614173 
vn 0.708661 -0.614173 -0.338583 
vn 0.590551 -0.307087 0.748031 
vn 0.110236 -0.992126 0.0472441 
vn 0.590551 -0.307087 0.748031 
vn -0.11811 -0.96063 -0.244094 
vn -0.417323 -0.661417 -0.622047 
vn -0.590551 0.307087 -0.748031 
vn 0.637795 0.377953 0.677165 
vn 0.0551181 -0.637795 0.771654 
vn 0.984252 0.149606 0.102362 
vn 0.937008 -0.0629921 0.346457 
vn 0.0551181 -0.637795 0.771654 
vn 0.716535 -0.692913 -0.0944882 
vn 0.0551181 -0.637795 0.771654 
vn 0.755906 -0.503937 -0.409449 
vn 0.622047 -0.0944882 -0.771654 
vn 0.834646 0.456693 -0.307087 
vn -0.0551181 0.637795 -0.771654 
vn -0.0551181 0.637795 -0.771654 
vn -0.0708661 0.220472 -0.976378 
vn 0.0708661 0.944882 -0.314961 
vn 0.708661 0.566929 -0.417323 
vn -0.0708661 0.220472 -0.976378 
vn 0.850394 0.519685 0.0944882 
vn 0.125984 0.96063 0.251969 
vn 0.818898 0.409449 0.401575 
vn 0.0708661 -0.220472 0.976378 
vn 0.141732 0.795276 0.582677 
vn 0.0708661 -0.220472 0.976378 
vn -0.456693 -0.866142 0.220472 
vn -0.96063 -0.275591 -0.023622 
vn -0.645669 -0.732283 -0.212598 
vn -0.496063 0.0787402 -0.866142 
vn -0.496063 0.0787402 -0.866142 
vn -0.165354 -0.826772 -0.535433 
vn 0.110236 -0.984252 -0.110236 
vn -0.496063 0.0787402 -0.866142 
vn 0.370079 -0.393701 -0.84252 
vn 0.748031 -0.503937 -0.433071 
vn 0.866142 -0.496063 -0.0787402 
vn 0.251969 -0.952756 0.173228 
vn 0.496063 -0.0787402 0.866142 
vn -0.291339 -0.84252 0.456693 
vn 0.496063 -0.0787402 0.866142 
vn -0.590551 -0.362205 0.716535 
vn 0.496063 -0.0787402 0.866142 
vn -0.80315 -0.354331 0.480315 
vn -0.464567 0.433071 0.771654 
vn 0.496063 -0.0787402 0.866142 
vn -0.88189 0.472441 -0.0393701 
vn -0.496063 0.0787402 -0.866142 
vn -0.700787 0.496063 0.503937 
vn -0.0708661 0.984252 0.173228 
vn 0.496063 -0.0787402 0.866142 
vn 0.102362 0.897638 0.433071 
vn -0.314961 0.905512 -0.291339 
vn -0.496063 0.0787402 -0.866142 
vn 0.606299 0.795276 0.0866142 
vn 0.496063 -0.0787402 0.866142 
vn 0.488189 0.858268 -0.165354 
vn -0.496063 0.0787402 -0.866142 
vn 0.19685 0.80315 -0.559055 
vn 0.944882 0.307087 -0.110236 
vn 0.496063 -0.0787402 0.866142 
vn 0.480315 0.354331 -0.80315 
vn -0.496063 0.0787402 -0.866142 
vn 0.84252 0.346457 -0.409449 
vn 0.866142 -0.496063 -0.0787402 
vn 0.496063 -0.0787402 0.866142 
vn 0.748031 -0.503937 -0.433071 
vn 0.370079 -0.393701 -0.84252 
vn -0.496063 0.0787402 -0.866142 
vn -0.149606 0.708661 0.685039 
vn -0.370079 0.889764 0.275591 
vn -0.653543 0.267717 0.708661 
vn -0.488189 0.519685 -0.700787 
vn -0.818898 0.511811 0.259843 
vn -0.984252 -0.110236 -0.125984 
vn -0.488189 0.519685 -0.700787 
vn -0.834646 -0.464567 0.299213 
vn -0.488189 0.519685 -0.700787 
vn -0.590551 -0.488189 -0.645669 
vn -0.385827 -0.866142 -0.322835 
vn -0.0708661 -0.417323 -0.905512 
vn -0.488189 0.519685 -0.700787 
vn -0.448819 0.0944882 0.889764 
vn -0.590551 -0.614173 0.527559 
vn 0.488189 -0.519685 0.700787 
vn -0.204724 -0.976378 -0.0787402 
vn 0.488189 -0.519685 0.700787 
vn -0.00787402 0.527559 0.850394 
vn 0.488189 -0.519685 0.700787 
vn 0.181102 -0.748031 -0.637795 
vn 0.314961 -0.858268 -0.409449 
vn 0.488189 -0.519685 0.700787 
vn 0.346457 -0.00787402 -0.937008 
vn -0.488189 0.519685 -0.700787 
vn 0.685039 -0.307087 -0.653543 
vn 0.795276 -0.464567 -0.393701 
vn 0.488189 -0.519685 0.700787 
vn 0.984252 0.19685 0.0393701 
vn 0.488189 -0.519685 0.700787 
vn 0.874016 0.417323 -0.23622 
vn 0.488189 0.645669 -0.582677 
vn -0.488189 0.519685 -0.700787 
vn 0.551181 0.606299 0.574803 
vn 0.488189 -0.519685 0.700787 
vn 0.425197 0.826772 0.370079 
vn 0.984252 0.19685 0.0393701 
vn 0.488189 -0.519685 0.700787 
vn 0.874016 0.417323 -0.23622 
vn 0.11811 0.992126 -0.0314961 
vn -0.488189 0.519685 -0.700787 
vn 0.488189 0.645669 -0.582677 
vn -0.488189 0.519685 -0.700787 
vn -0.929134 -0.330709 -0.173228 
vn 0.0314961 0.472441 -0.88189 
vn -0.811024 -0.0708661 -0.582677 
vn -0.889764 -0.448819 0.0787402 
vn -0.0314961 -0.472441 0.88189 
vn -0.818898 0.464567 -0.330709 
vn 0.0314961 0.472441 -0.88189 
vn -0.905512 0.0787402 0.409449 
vn -0.0314961 -0.472441 0.88189 
vn -0.952756 0.251969 0.141732 
vn -0.307087 0.952756 -0.0787402 
vn 0.0314961 0.472441 -0.88189 
vn -0.377953 0.80315 0.464567 
vn -0.354331 0.559055 0.748031 
vn -0.0314961 -0.472441 0.88189 
vn -0.165354 0.708661 0.685039 
vn -0.385827 0.88189 0.283465 
vn -0.661417 0.259843 0.708661 
vn -0.488189 0.519685 -0.700787 
vn -0.826772 0.496063 0.259843 
vn -0.984252 -0.125984 -0.133858 
vn -0.488189 0.519685 -0.700787 
vn -0.826772 -0.480315 0.291339 
vn -0.488189 0.519685 -0.700787 
vn -0.574803 -0.496063 -0.645669 
vn -0.377953 -0.866142 -0.322835 
vn -0.0551181 -0.409449 -0.905512 
vn -0.488189 0.519685 -0.700787 
vn -0.456693 0.0787402 0.889764 
vn -0.582677 -0.622047 0.519685 
vn 0.488189 -0.519685 0.700787 
vn -0.188976 -0.976378 -0.0866142 
vn 0.488189 -0.519685 0.700787 
vn -0.023622 0.527559 0.850394 
vn 0.488189 -0.519685 0.700787 
vn 0.19685 -0.740157 -0.645669 
vn 0.330709 -0.850394 -0.409449 
vn 0.488189 -0.519685 0.700787 
vn 0.354331 0.00787402 -0.937008 
vn -0.488189 0.519685 -0.700787 
vn 0.692913 -0.299213 -0.653543 
vn 0.80315 -0.448819 -0.393701 
vn 0.488189 -0.519685 0.700787 
vn 0.976378 0.204724 0.0393701 
vn 0.488189 -0.519685 0.700787 
vn 0.874016 0.433071 -0.228346 
vn 0.480315 0.653543 -0.582677 
vn -0.488189 0.519685 -0.700787 
vn 0.535433 0.606299 0.582677 
vn 0.488189 -0.519685 0.700787 
vn 0.409449 0.826772 0.377953 
vn 0.976378 0.204724 0.0393701 
vn 0.488189 -0.519685 0.700787 
vn 0.874016 0.433071 -0.228346 
vn 0.102362 0.992126 -0.023622 
vn -0.488189 0.519685 -0.700787 
vn 0.480315 0.653543 -0.582677 
vn -0.488189 0.519685 -0.700787 
vn -0.102362 0.15748 -0.984252 
vn 0.23622 0.88189 -0.401575 
vn 0.771654 0.370079 -0.511811 
vn -0.102362 0.15748 -0.984252 
vn 0.944882 0.338583 -0.00787402 
vn 0.338583 0.929134 0.15748 
vn 0.346457 0.795276 0.496063 
vn 0.102362 -0.15748 0.984252 
vn 0.905512 -0.0944882 -0.409449 
vn 0.944882 -0.322835 0.0708661 
vn 0.149606 0.354331 -0.92126 
vn 0.409449 -0.582677 -0.708661 
vn 0.149606 0.354331 -0.92126 
vn 0.377953 -0.897638 -0.23622 
vn -0.338583 -0.527559 -0.779528 
vn 0.149606 0.354331 -0.92126 
vn 0.299213 -0.944882 0.11811 
vn -0.464567 -0.811024 -0.346457 
vn 0.84252 -0.401575 0.362205 
vn -0.149606 -0.354331 0.92126 
vn 0.818898 0.188976 0.543307 
vn -0.149606 -0.354331 0.92126 
vn -0.149606 -0.354331 0.92126 
vn -0.496063 -0.866142 -0.023622 
vn -0.149606 -0.354331 0.92126 
vn -0.913386 -0.330709 -0.23622 
vn -0.149606 -0.354331 0.92126 
vn -0.913386 -0.409449 0.0393701 
vn -0.748031 -0.125984 -0.653543 
vn 0.149606 0.354331 -0.92126 
vn -0.944882 0.15748 0.291339 
vn -0.149606 -0.354331 0.92126 
vn -0.952756 0.291339 0 
vn 0.149606 0.354331 -0.92126 
vn -0.76378 0.433071 -0.480315 
vn -0.417323 0.661417 0.622047 
vn -0.149606 -0.354331 0.92126 
vn -0.393701 0.866142 0.314961 
vn -0.259843 0.937008 -0.23622 
vn 0.149606 0.354331 -0.92126 
vn -0.488189 0.440945 0.755906 
vn -0.944882 -0.0472441 0.314961 
vn -0.685039 -0.19685 0.700787 
vn -0.559055 -0.748031 0.354331 
vn -0.787402 0.519685 0.322835 
vn -0.700787 0.267717 -0.661417 
vn -0.307087 0.952756 -0.0629921 
vn -0.700787 0.267717 -0.661417 
vn -0.23622 0.322835 0.92126 
vn -0.700787 0.267717 -0.661417 
vn -0.858268 -0.519685 -0.023622 
vn -0.700787 0.267717 -0.661417 
vn -0.409449 -0.677165 -0.606299 
vn -0.0314961 -0.952756 -0.291339 
vn 0.228346 -0.976378 -0.023622 
vn -0.299213 -0.779528 0.543307 
vn 0.700787 -0.267717 0.661417 
vn -0.448819 -0.259843 0.850394 
vn 0.700787 -0.267717 0.661417 
vn 0.700787 -0.267717 0.661417 
vn 0.700787 -0.267717 0.661417 
vn 0.338583 0.755906 0.559055 
vn 0.0866142 0.937008 0.346457 
vn 0.80315 0.590551 -0.0787402 
vn 0.700787 -0.267717 0.661417 
vn 0.614173 0.732283 -0.307087 
vn -0.700787 0.267717 -0.661417 
vn 0.173228 0.771654 -0.606299 
vn 0.889764 0.0944882 -0.440945 
vn 0.700787 -0.267717 0.661417 
vn 0.314961 0.283465 -0.905512 
vn -0.700787 0.267717 -0.661417 
vn 0.732283 0.173228 -0.661417 
vn 0.700787 -0.267717 0.661417 
vn 0.732283 -0.511811 -0.448819 
vn 0.110236 -0.259843 -0.96063 
vn -0.700787 0.267717 -0.661417 
vn 0.535433 -0.464567 -0.708661 
vn 0.228346 -0.976378 -0.023622 
vn 0.700787 -0.267717 0.661417 
vn -0.0314961 -0.952756 -0.291339 
vn -0.409449 -0.677165 -0.606299 
vn -0.700787 0.267717 -0.661417 
vn -0.464567 -0.850394 0.228346 
vn -0.968504 -0.259843 -0.015748 
vn -0.661417 -0.724409 -0.204724 
vn -0.503937 0.0787402 -0.858268 
vn -0.503937 0.0787402 -0.858268 
vn -0.181102 -0.826772 -0.535433 
vn 0.0944882 -0.992126 -0.102362 
vn -0.503937 0.0787402 -0.858268 
vn 0.362205 -0.401575 -0.84252 
vn 0.740157 -0.519685 -0.433071 
vn 0.858268 -0.503937 -0.0787402 
vn 0.244094 -0.952756 0.181102 
vn 0.503937 -0.0787402 0.858268 
vn -0.299213 -0.834646 0.464567 
vn 0.503937 -0.0787402 0.858268 
vn -0.590551 -0.354331 0.724409 
vn 0.503937 -0.0787402 0.858268 
vn -0.80315 -0.338583 0.480315 
vn -0.456693 0.440945 0.771654 
vn 0.503937 -0.0787402 0.858268 
vn -0.874016 0.488189 -0.0314961 
vn -0.503937 0.0787402 -0.858268 
vn -0.692913 0.511811 0.503937 
vn -0.0551181 0.984252 0.173228 
vn 0.503937 -0.0787402 0.858268 
vn 0.11811 0.897638 0.433071 
vn -0.307087 0.905512 -0.299213 
vn -0.503937 0.0787402 -0.858268 
vn 0.614173 0.787402 0.0787402 
vn 0.503937 -0.0787402 0.858268 
vn 0.496063 0.850394 -0.173228 
vn -0.503937 0.0787402 -0.858268 
vn 0.204724 0.795276 -0.566929 
vn 0.944882 0.291339 -0.11811 
vn 0.503937 -0.0787402 0.858268 
vn 0.480315 0.338583 -0.811024 
vn -0.503937 0.0787402 -0.858268 
vn 0.84252 0.330709 -0.417323 
vn 0.858268 -0.503937 -0.0787402 
vn 0.503937 -0.0787402 0.858268 
vn 0.740157 -0.519685 -0.433071 
vn 0.362205 -0.401575 -0.84252 
vn -0.503937 0.0787402 -0.858268 
vn 0.566929 -0.811024 -0.141732 
vn 0.448819 -0.669291 -0.598425 
vn 0.952756 -0.267717 -0.125984 
vn -0.133858 0.11811 -0.984252 
vn 0.771654 -0.181102 -0.614173 
vn -0.133858 0.11811 -0.984252 
vn -0.125984 -0.811024 -0.566929 
vn -0.0708661 -0.992126 -0.0708661 
vn -0.133858 0.11811 -0.984252 
vn -0.771654 -0.440945 -0.464567 
vn -0.811024 -0.582677 0.0866142 
vn -0.692913 -0.574803 0.433071 
vn -0.015748 -0.968504 0.244094 
vn 0.133858 -0.11811 0.984252 
vn 0.574803 -0.80315 0.149606 
vn 0.133858 -0.11811 0.984252 
vn 0.937008 -0.291339 0.19685 
vn 0.133858 -0.11811 0.984252 
vn 0.795276 0.480315 0.354331 
vn 0.133858 -0.11811 0.984252 
vn 0.818898 0.574803 0 
vn 0.629921 0.559055 -0.535433 
vn -0.133858 0.11811 -0.984252 
vn 0.0787402 0.984252 0.141732 
vn 0.102362 0.889764 0.448819 
vn 0.133858 -0.11811 0.984252 
vn -0.00787402 0.92126 -0.377953 
vn -0.133858 0.11811 -0.984252 
vn -0.496063 0.732283 0.472441 
vn 0.133858 -0.11811 0.984252 
vn -0.559055 0.80315 0.204724 
vn -0.566929 0.771654 -0.291339 
vn -0.133858 0.11811 -0.984252 
vn -0.897638 0.291339 -0.330709 
vn -0.133858 0.11811 -0.984252 
vn -0.944882 0.259843 0.19685 
vn -0.84252 0.212598 0.496063 
vn 0.133858 -0.11811 0.984252 
vn -0.771654 -0.440945 -0.464567 
vn -0.133858 0.11811 -0.984252 
vn -0.811024 -0.582677 0.0866142 
vn -0.692913 -0.574803 0.433071 
vn 0.133858 -0.11811 0.984252 
vn 0.0551181 -0.992126 -0.0944882 
vn 0.503937 -0.598425 -0.622047 
vn 0.661417 -0.732283 -0.173228 
vn -0.181102 0.11811 -0.976378 
vn -0.0393701 -0.811024 -0.582677 
vn -0.181102 0.11811 -0.976378 
vn 0.76378 -0.0708661 -0.645669 
vn 0.976378 -0.141732 -0.15748 
vn -0.181102 0.11811 -0.976378 
vn 0.535433 0.645669 -0.543307 
vn 0.740157 0.669291 -0.015748 
vn 0.740157 0.574803 0.346457 
vn 0.968504 -0.181102 0.165354 
vn 0.181102 -0.11811 0.976378 
vn 0.677165 -0.724409 0.110236 
vn 0.181102 -0.11811 0.976378 
vn 0.11811 -0.968504 0.228346 
vn 0.181102 -0.11811 0.976378 
vn -0.598425 -0.669291 0.440945 
vn 0.181102 -0.11811 0.976378 
vn -0.724409 -0.685039 0.0944882 
vn -0.724409 -0.527559 -0.448819 
vn -0.181102 0.11811 -0.976378 
vn -0.96063 0.133858 0.23622 
vn 0.181102 -0.11811 0.976378 
vn -0.84252 0.0944882 0.527559 
vn -0.937008 0.181102 -0.299213 
vn -0.181102 0.11811 -0.976378 
vn -0.566929 0.653543 0.503937 
vn 0.181102 -0.11811 0.976378 
vn -0.653543 0.724409 0.244094 
vn -0.669291 0.700787 -0.251969 
vn -0.181102 0.11811 -0.976378 
vn -0.133858 0.92126 -0.354331 
vn -0.181102 0.11811 -0.976378 
vn -0.0393701 0.984252 0.165354 
vn 0.181102 -0.11811 0.976378 
vn 0.00787402 0.88189 0.464567 
vn 0.535433 0.645669 -0.543307 
vn -0.181102 0.11811 -0.976378 
vn 0.740157 0.669291 -0.015748 
vn 0.740157 0.574803 0.346457 
vn 0.181102 -0.11811 0.976378 
vn -0.992126 -0.0629921 0.125984 
vn -0.771654 -0.291339 0.559055 
vn -0.897638 0.330709 -0.283465 
vn -0.740157 -0.559055 -0.377953 
vn -0.826772 0.472441 0.314961 
vn -0.897638 0.330709 -0.283465 
vn -0.897638 0.330709 -0.283465 
vn -0.472441 -0.88189 0.00787402 
vn -0.220472 -0.669291 -0.716535 
vn -0.897638 0.330709 -0.283465 
vn 0.173228 -0.850394 -0.503937 
vn -0.212598 -0.937008 0.259843 
vn -0.535433 -0.385827 0.755906 
vn 0.606299 -0.370079 0.708661 
vn 0.606299 -0.370079 0.708661 
vn 0.377953 -0.88189 -0.275591 
vn 0.606299 -0.370079 0.708661 
vn 0.653543 -0.409449 -0.637795 
vn 0.779528 -0.440945 -0.448819 
vn 0.606299 -0.370079 0.708661 
vn -0.212598 -0.15748 -0.96063 
vn -0.897638 0.330709 -0.283465 
vn 0.96063 0.125984 -0.251969 
vn 0.606299 -0.370079 0.708661 
vn 0.850394 0.291339 -0.440945 
vn 0.0314961 0.677165 -0.732283 
vn -0.897638 0.330709 -0.283465 
vn 0.110236 0.984252 -0.11811 
vn -0.897638 0.330709 -0.283465 
vn 0.511811 0.858268 0.102362 
vn 0.700787 0.645669 0.307087 
vn 0.606299 -0.370079 0.708661 
vn 0.732283 -0.661417 -0.149606 
vn 0.614173 -0.503937 -0.606299 
vn 1 -0.0551181 -0.0629921 
vn -0.0866142 0.173228 -0.984252 
vn 0.826772 0.0393701 -0.559055 
vn -0.0866142 0.173228 -0.984252 
vn 0.0866142 -0.76378 -0.637795 
vn 0.149606 -0.976378 -0.149606 
vn -0.0866142 0.173228 -0.984252 
vn -0.629921 -0.543307 -0.559055 
vn -0.669291 -0.740157 -0.023622 
vn -0.582677 -0.740157 0.330709 
vn 0.173228 -0.968504 0.173228 
vn 0.0866142 -0.173228 0.984252 
vn 0.724409 -0.677165 0.133858 
vn 0.0866142 -0.173228 0.984252 
vn 0.96063 -0.110236 0.251969 
vn 0.0866142 -0.173228 0.984252 
vn 0.653543 0.606299 0.456693 
vn 0.0866142 -0.173228 0.984252 
vn 0.677165 0.724409 0.110236 
vn 0.535433 0.724409 -0.440945 
vn -0.0866142 0.173228 -0.984252 
vn -0.141732 0.96063 0.220472 
vn -0.110236 0.84252 0.519685 
vn 0.0866142 -0.173228 0.984252 
vn -0.173228 0.937008 -0.307087 
vn -0.0866142 0.173228 -0.984252 
vn -0.669291 0.566929 0.480315 
vn 0.0866142 -0.173228 0.984252 
vn -0.732283 0.645669 0.220472 
vn -0.692913 0.661417 -0.275591 
vn -0.0866142 0.173228 -0.984252 
vn -0.913386 0.133858 -0.385827 
vn -0.0866142 0.173228 -0.984252 
vn -0.992126 0.0393701 0.133858 
vn -0.897638 -0.00787402 0.440945 
vn 0.0866142 -0.173228 0.984252 
vn -0.629921 -0.543307 -0.559055 
vn -0.0866142 0.173228 -0.984252 
vn -0.669291 -0.740157 -0.023622 
vn -0.582677 -0.740157 0.330709 
vn 0.0866142 -0.173228 0.984252 
vn -0.527559 0.23622 0.818898 
vn -0.314961 0.88189 0.362205 
vn -0.748031 0.488189 0.448819 
vn -0.574803 0.582677 -0.574803 
vn -0.984252 0.0314961 0.173228 
vn -0.574803 0.582677 -0.574803 
vn -0.574803 0.582677 -0.574803 
vn -0.818898 -0.370079 -0.440945 
vn -0.590551 -0.795276 -0.141732 
vn -0.787402 -0.307087 0.535433 
vn -0.330709 -0.937008 0.0787402 
vn -0.551181 -0.464567 0.692913 
vn 0.574803 -0.582677 0.574803 
vn -0.338583 0.0629921 0.937008 
vn 0.574803 -0.582677 0.574803 
vn 0.15748 0.433071 0.889764 
vn 0.574803 -0.582677 0.574803 
vn -0.015748 0.661417 0.748031 
vn 0.574803 -0.582677 0.574803 
vn 0.787402 0.472441 0.385827 
vn 0.23622 0.96063 -0.149606 
vn -0.574803 0.582677 -0.574803 
vn 0.637795 0.748031 0.19685 
vn 0.96063 0.0551181 -0.283465 
vn 0.574803 -0.582677 0.574803 
vn 0.826772 0.267717 -0.488189 
vn 0.433071 0.527559 -0.732283 
vn -0.574803 0.582677 -0.574803 
vn 0.228346 0.0314961 -0.976378 
vn -0.574803 0.582677 -0.574803 
vn 0.566929 -0.275591 -0.779528 
vn 0.700787 -0.425197 -0.574803 
vn 0.574803 -0.582677 0.574803 
vn 0.244094 -0.84252 -0.480315 
vn 0.574803 -0.582677 0.574803 
vn 0.0629921 -0.708661 -0.700787 
vn -0.330709 -0.937008 0.0787402 
vn 0.574803 -0.582677 0.574803 
vn -0.590551 -0.795276 -0.141732 
vn -0.23622 -0.322835 -0.913386 
vn -0.574803 0.582677 -0.574803 
vn -0.818898 -0.370079 -0.440945 
vn -0.574803 0.582677 -0.574803 
vn -0.480315 -0.779528 0.393701 
vn -0.976378 -0.181102 0.149606 
vn -0.732283 -0.685039 -0.023622 
vn -0.622047 0.0314961 -0.779528 
vn -0.622047 0.0314961 -0.779528 
vn -0.314961 -0.858268 -0.401575 
vn 0.00787402 -1 0 
vn -0.622047 0.0314961 -0.779528 
vn 0.19685 -0.519685 -0.834646 
vn 0.629921 -0.622047 -0.464567 
vn 0.80315 -0.582677 -0.141732 
vn 0.204724 -0.944882 0.251969 
vn 0.622047 -0.0314961 0.779528 
vn -0.283465 -0.755906 0.590551 
vn 0.622047 -0.0314961 0.779528 
vn -0.496063 -0.220472 0.84252 
vn 0.622047 -0.0314961 0.779528 
vn -0.748031 -0.220472 0.629921 
vn -0.299213 0.559055 0.771654 
vn 0.622047 -0.0314961 0.779528 
vn -0.574803 0.622047 0.535433 
vn -0.834646 0.551181 0.0314961 
vn -0.622047 0.0314961 -0.779528 
vn 0.0393701 1 0.0629921 
vn 0.622047 -0.0314961 0.779528 
vn 0.23622 0.92126 0.299213 
vn -0.622047 0.0314961 -0.779528 
vn -0.283465 0.889764 -0.354331 
vn 0.173228 0.716535 -0.677165 
vn -0.622047 0.0314961 -0.779528 
vn 0.669291 0.732283 -0.102362 
vn 0.622047 -0.0314961 0.779528 
vn 0.527559 0.779528 -0.338583 
vn 0.370079 0.212598 -0.905512 
vn -0.622047 0.0314961 -0.779528 
vn 0.937008 0.19685 -0.283465 
vn 0.622047 -0.0314961 0.779528 
vn 0.795276 0.212598 -0.574803 
vn 0.629921 -0.622047 -0.464567 
vn 0.19685 -0.519685 -0.834646 
vn -0.622047 0.0314961 -0.779528 
vn 0.80315 -0.582677 -0.141732 
vn 0.622047 -0.0314961 0.779528 
vn 0.637795 0.76378 -0.0944882 
vn -0.220472 0.732283 -0.645669 
vn -0.220472 0.732283 -0.645669 
vn 0.669291 0.291339 -0.685039 
vn 0.913386 -0.125984 -0.385827 
vn 0.141732 -0.15748 -0.976378 
vn -0.220472 0.732283 -0.645669 
vn 0.291339 -0.606299 -0.740157 
vn -0.220472 0.732283 -0.645669 
vn -0.425197 -0.267717 -0.866142 
vn 0.338583 -0.811024 -0.488189 
vn 0.220472 -0.732283 0.645669 
vn -0.362205 -0.692913 -0.622047 
vn -0.275591 -0.866142 -0.409449 
vn 0.220472 -0.732283 0.645669 
vn -0.850394 -0.0551181 -0.519685 
vn -0.220472 0.732283 -0.645669 
vn -0.84252 -0.488189 -0.212598 
vn -0.889764 0.456693 0.0314961 
vn -0.220472 0.732283 -0.645669 
vn -0.897638 0.0629921 0.440945 
vn -0.716535 -0.700787 0 
vn 0.220472 -0.732283 0.645669 
vn -0.740157 -0.212598 0.637795 
vn 0.220472 -0.732283 0.645669 
vn 0.354331 -0.92126 0.149606 
vn -0.15748 -0.291339 0.944882 
vn 0.889764 -0.456693 0.0472441 
vn 0.80315 -0.511811 0.307087 
vn -0.15748 -0.291339 0.944882 
vn 0.92126 0.299213 -0.267717 
vn 0.15748 0.291339 -0.944882 
vn 0.952756 0.173228 0.251969 
vn 0.84252 0.0629921 0.535433 
vn -0.15748 -0.291339 0.944882 
vn 0.440945 0.874016 -0.19685 
vn 0.15748 0.291339 -0.944882 
vn 0.409449 0.834646 0.370079 
vn 0.322835 0.661417 0.677165 
vn -0.15748 -0.291339 0.944882 
vn 0.267717 -0.952756 0.15748 
vn -0.488189 -0.866142 -0.141732 
vn 0.0708661 -0.952756 -0.291339 
vn -0.346457 -0.212598 -0.913386 
vn -0.346457 -0.212598 -0.913386 
vn 0.503937 -0.653543 -0.566929 
vn -0.346457 -0.212598 -0.913386 
vn 0.598425 0.0551181 -0.795276 
vn 0.913386 0.19685 -0.346457 
vn 0.779528 -0.622047 -0.110236 
vn 0.968504 0.259843 0.00787402 
vn 0.834646 -0.511811 0.188976 
vn 0.346457 0.212598 0.913386 
vn 0.354331 -0.84252 0.409449 
vn 0.346457 0.212598 0.913386 
vn -0.212598 -0.732283 0.645669 
vn 0.346457 0.212598 0.913386 
vn -0.354331 -0.858268 0.377953 
vn -0.685039 -0.0866142 0.724409 
vn 0.346457 0.212598 0.913386 
vn -0.952756 -0.267717 -0.133858 
vn -0.346457 -0.212598 -0.913386 
vn -0.889764 -0.181102 0.425197 
vn -0.590551 0.669291 0.456693 
vn 0.346457 0.212598 0.913386 
vn -0.755906 0.637795 0.181102 
vn -0.834646 0.448819 -0.314961 
vn -0.346457 -0.212598 -0.913386 
vn -0.244094 0.968504 -0.102362 
vn 0.346457 0.212598 0.913386 
vn -0.133858 0.976378 0.165354 
vn -0.346457 -0.212598 -0.913386 
vn -0.385827 0.755906 -0.527559 
vn 0.149606 0.653543 -0.740157 
vn -0.346457 -0.212598 -0.913386 
vn 0.464567 0.889764 0 
vn 0.346457 0.212598 0.913386 
vn 0.377953 0.874016 -0.307087 
vn 0.598425 0.0551181 -0.795276 
vn -0.346457 -0.212598 -0.913386 
vn 0.913386 0.19685 -0.346457 
vn 0.968504 0.259843 0.00787402 
vn 0.346457 0.212598 0.913386 
vn 0.023622 -1 0.0708661 
vn -0.716535 -0.685039 0.125984 
vn -0.354331 -0.889764 -0.291339 
vn -0.724409 -0.0314961 -0.692913 
vn 0.0944882 -0.582677 -0.811024 
vn -0.724409 -0.0314961 -0.692913 
vn -0.409449 -0.755906 0.511811 
vn -0.724409 -0.0314961 -0.692913 
vn -0.937008 -0.173228 0.291339 
vn -0.724409 -0.0314961 -0.692913 
vn -0.826772 0.551181 0.110236 
vn -0.503937 0.653543 0.559055 
vn -0.645669 -0.173228 0.740157 
vn -0.377953 -0.15748 0.913386 
vn -0.19685 0.614173 0.76378 
vn 0.724409 0.0314961 0.692913 
vn -0.188976 -0.708661 0.685039 
vn 0.724409 0.0314961 0.692913 
vn 0.251969 -0.92126 0.291339 
vn 0.724409 0.0314961 0.692913 
vn 0.779528 -0.590551 -0.212598 
vn 0.724409 0.0314961 0.692913 
vn 0.566929 -0.653543 -0.503937 
vn 0.889764 0.181102 -0.425197 
vn 0.724409 0.0314961 0.692913 
vn 0.244094 0.141732 -0.96063 
vn -0.724409 -0.0314961 -0.692913 
vn 0.700787 0.173228 -0.692913 
vn 0.456693 0.755906 -0.464567 
vn 0.637795 0.724409 -0.251969 
vn 0.724409 0.0314961 0.692913 
vn 0.0629921 0.661417 -0.748031 
vn -0.724409 -0.0314961 -0.692913 
vn 0.0314961 1 -0.015748 
vn 0.259843 0.944882 0.19685 
vn 0.724409 0.0314961 0.692913 
vn -0.346457 0.858268 -0.377953 
vn -0.724409 -0.0314961 -0.692913 
vn -0.19685 0.614173 0.76378 
vn 0.724409 0.0314961 0.692913 
vn -0.503937 0.653543 0.559055 
vn -0.826772 0.551181 0.110236 
vn -0.724409 -0.0314961 -0.692913 
vn 0.692913 0.645669 0.322835 
vn -0.00787402 0.992126 0.110236 
vn 0.102362 0.795276 0.590551 
vn -0.204724 0.566929 -0.795276 
vn -0.700787 0.708661 0.0472441 
vn -0.685039 0.464567 0.559055 
vn -0.96063 -0.228346 0.133858 
vn -0.551181 0.212598 0.80315 
vn 0.173228 0.566929 0.80315 
vn 0.204724 -0.566929 0.795276 
vn 0.716535 0.448819 0.527559 
vn 0.204724 -0.566929 0.795276 
vn -0.834646 -0.401575 0.370079 
vn 0.204724 -0.566929 0.795276 
vn -0.590551 -0.811024 -0.0314961 
vn 0.204724 -0.566929 0.795276 
vn 0.984252 0 0.188976 
vn 0.204724 -0.566929 0.795276 
vn 0.976378 0.188976 -0.0708661 
vn 0.716535 -0.677165 -0.165354 
vn 0.204724 -0.566929 0.795276 
vn 0.700787 -0.511811 -0.496063 
vn 0.496063 -0.125984 -0.858268 
vn 0.755906 0.464567 -0.472441 
vn -0.204724 0.566929 -0.795276 
vn 0.519685 0.850394 -0.0944882 
vn -0.204724 0.566929 -0.795276 
vn -0.204724 0.566929 -0.795276 
vn -0.023622 -0.968504 -0.244094 
vn 0.204724 -0.566929 0.795276 
vn 0.716535 -0.677165 -0.165354 
vn 0.204724 -0.566929 0.795276 
vn 0.700787 -0.511811 -0.496063 
vn -0.685039 -0.677165 -0.267717 
vn -0.0866142 -0.84252 -0.535433 
vn 0.496063 -0.125984 -0.858268 
vn -0.188976 -0.448819 -0.874016 
vn -0.204724 0.566929 -0.795276 
vn -0.708661 -0.338583 -0.622047 
vn -0.204724 0.566929 -0.795276 
vn -0.952756 0.0866142 -0.299213 
vn -0.204724 0.566929 -0.795276 
vn -0.204724 0.566929 -0.795276 
vn -0.409449 -0.188976 0.897638 
vn 0.724409 -0.322835 0.614173 
vn -0.338583 -0.724409 0.598425 
vn 0.724409 -0.322835 0.614173 
vn -0.606299 -0.669291 0.417323 
vn 0.11811 -0.992126 -0.00787402 
vn 0.724409 -0.322835 0.614173 
vn -0.15748 -0.952756 -0.251969 
vn -0.905512 -0.417323 0.0551181 
vn -0.724409 0.322835 -0.614173 
vn -0.527559 -0.645669 -0.551181 
vn -0.724409 0.322835 -0.614173 
vn 0.952756 0.283465 0.0708661 
vn 0.771654 0.527559 -0.370079 
vn 0.448819 0.897638 -0.0472441 
vn -0.133858 0.527559 -0.84252 
vn 0.629921 -0.0944882 -0.76378 
vn -0.133858 0.527559 -0.84252 
vn 0.566929 0.716535 0.401575 
vn -0.133858 0.527559 -0.84252 
vn -0.125984 0.992126 0.0629921 
vn -0.133858 0.527559 -0.84252 
vn -0.771654 0.637795 -0.0866142 
vn -0.811024 0.401575 0.433071 
vn -0.0708661 0.818898 0.566929 
vn -0.015748 0.598425 0.80315 
vn -0.692913 0.181102 0.700787 
vn 0.133858 -0.527559 0.84252 
vn 0.574803 0.535433 0.614173 
vn 0.133858 -0.527559 0.84252 
vn 0.937008 0.102362 0.338583 
vn 0.133858 -0.527559 0.84252 
vn 0.795276 -0.598425 -0.023622 
vn 0.133858 -0.527559 0.84252 
vn 0.818898 -0.448819 -0.354331 
vn 0.110236 -0.976378 -0.204724 
vn 0.133858 -0.527559 0.84252 
vn -0.00787402 -0.480315 -0.874016 
vn -0.133858 0.527559 -0.84252 
vn 0.0787402 -0.858268 -0.503937 
vn -0.566929 -0.425197 -0.708661 
vn -0.133858 0.527559 -0.84252 
vn -0.559055 -0.755906 -0.346457 
vn -0.496063 -0.866142 -0.0866142 
vn 0.133858 -0.527559 0.84252 
vn -0.897638 -0.015748 -0.440945 
vn -0.133858 0.527559 -0.84252 
vn -0.944882 -0.322835 -0.00787402 
vn 0.133858 -0.527559 0.84252 
vn -0.84252 -0.480315 0.251969 
vn -0.771654 0.637795 -0.0866142 
vn -0.133858 0.527559 -0.84252 
vn -0.811024 0.401575 0.433071 
vn -0.692913 0.181102 0.700787 
vn 0.133858 -0.527559 0.84252 
vn 0.15748 0.76378 0.622047 
vn 0.181102 0.519685 0.834646 
vn -0.582677 0.259843 0.771654 
vn 0.0787402 -0.614173 0.787402 
vn 0.724409 0.346457 0.590551 
vn 0.0787402 -0.614173 0.787402 
vn 0.0787402 -0.614173 0.787402 
vn 0.96063 -0.125984 0.251969 
vn 0.0787402 -0.614173 0.787402 
vn 0.645669 -0.748031 -0.141732 
vn 0.0787402 -0.614173 0.787402 
vn 0.669291 -0.574803 -0.464567 
vn 0.535433 -0.165354 -0.826772 
vn -0.0787402 0.614173 -0.787402 

vt 0.253905 0.667892 
vt 0.253905 0.667892 
vt 0.253905 0.667892 
vt 0.253905 0.667892 
vt 0.253905 0.667892 
vt 0.253905 0.667892 
vt 0.253905 0.667892 
vt 0.253905 0.667892 
vt 0.253905 0.667892 
vt 0.253905 0.667892 
vt 0.253905 0.667892 
vt 0.253905 0.667892 
vt 0.253905 0.667892 
vt 0.253905 0.667892 
vt 0.253905 0.667892 
vt 0.253905 0.667892 
vt 0.253905 0.667892 
vt 0.253905 0.667892 
vt 0.253905 0.667892 
vt 0.253905 0.667892 
vt 0.253905 0.667892 
vt 0.253905 0.667892 
vt 0.253905 0.667892 
vt 0.253905 0.667892 
vt 0.253905 0.667892 
vt 0.253905 0.667892 
vt 0.253905 0.667892 
vt 0.253905 0.667892 
vt 0.253905 0.667892 
vt 0.253905 0.667892 
vt 0.253905 0.667892 
vt 0.253905 0.667892 
vt 0.253905 0.667892 
vt 0.253905 0.667892 
vt 0.253905 0.667892 
vt 0.253905 0.667892 
vt 0.253905 0.667892 
vt 0.253905 0.667892 
vt 0.253905 0.667892 
vt 0.253905 0.667892 
vt 0.253905 0.667892 
vt 0.253905 0.667892 
vt 0.253905 0.667892 
vt 0.253905 0.667892 
vt 0.253905 0.667892 
vt 0.253905 0.667892 
vt 0.253905 0.667892 
vt 0.253905 0.667892 
vt 0.253905 0.667892 
vt 0.253905 0.667892 
vt 0.623047 0.257969 
vt 0.746093 0.543224 
vt 0.623047 0.543224 
vt 0.68457 0.0147181 
vt 0.746093 0.257969 
vt 0.561523 0.0147181 
vt 0.5 0.257969 
vt 0.86914 0.257969 
vt 0.807617 0.0147181 
vt 0.86914 0.543224 
vt 0.992187 0.257969 
vt 0.930663 0.0147181 
vt 0.992187 0.543224 
vt 0.86914 0.667893 
vt 0.992187 0.667893 
vt 0.930663 0.987723 
vt 0.746093 0.667893 
vt 0.807617 0.987723 
vt 0.623047 0.667893 
vt 0.68457 0.987723 
vt 0.5 0.667893 
vt 0.561523 0.987723 
vt 0.5 0.543224 
vt 0.376953 0.543224 
vt 0.376953 0.257969 
vt 0.438477 0.0147181 
vt 0.376953 0.667893 
vt 0.438477 0.987723 
vt 0.253907 0.543224 
vt 0.31543 0.987723 
vt 0.253905 0.667892 
vt 0.13086 0.667893 
vt 0.192383 0.987723 
vt 0.253907 0.257969 
vt 0.31543 0.0147181 
vt 0.13086 0.543224 
vt 0.0693367 0.987723 
vt 0.00781339 0.667893 
vt 0.00781339 0.543224 
vt 0.00781339 0.257969 
vt 0.13086 0.257969 
vt 0.192383 0.0147181 
vt 0.0693367 0.0147181 
vt 0.746093 0.257969 
vt 0.86914 0.543224 
vt 0.86914 0.257969 
vt 0.746093 0.543224 
vt 0.807617 0.0147181 
vt 0.623047 0.257969 
vt 0.68457 0.0147181 
vt 0.561523 0.0147181 
vt 0.5 0.257969 
vt 0.5 0.543224 
vt 0.376953 0.543224 
vt 0.376953 0.257969 
vt 0.438477 0.0147181 
vt 0.253907 0.543224 
vt 0.31543 0.0147181 
vt 0.253907 0.257969 
vt 0.253905 0.667892 
vt 0.376953 0.667893 
vt 0.31543 0.987723 
vt 0.13086 0.667893 
vt 0.192383 0.987723 
vt 0.13086 0.543224 
vt 0.13086 0.257969 
vt 0.192383 0.0147181 
vt 0.00781339 0.543224 
vt 0.00781339 0.667893 
vt 0.0693367 0.987723 
vt 0.00781339 0.257969 
vt 0.0693367 0.0147181 
vt 0.623047 0.257969 
vt 0.746093 0.543224 
vt 0.623047 0.543224 
vt 0.68457 0.0147181 
vt 0.746093 0.257969 
vt 0.86914 0.257969 
vt 0.807617 0.0147181 
vt 0.930663 0.0147181 
vt 0.992187 0.257969 
vt 0.992187 0.543224 
vt 0.86914 0.543224 
vt 0.992187 0.667893 
vt 0.86914 0.667893 
vt 0.930663 0.987723 
vt 0.746093 0.667893 
vt 0.807617 0.987723 
vt 0.623047 0.667893 
vt 0.68457 0.987723 
vt 0.5 0.543224 
vt 0.561523 0.987723 
vt 0.5 0.667893 
vt 0.5 0.257969 
vt 0.561523 0.0147181 
vt 0.376953 0.667893 
vt 0.438477 0.987723 
vt 0.376953 0.543224 
vt 0.376953 0.257969 
vt 0.438477 0.0147181 
vt 0.253907 0.257969 
vt 0.31543 0.0147181 
vt 0.253907 0.543224 
vt 0.253905 0.667892 
vt 0.31543 0.987723 
vt 0.13086 0.667893 
vt 0.192383 0.987723 
vt 0.13086 0.543224 
vt 0.00781339 0.667893 
vt 0.0693367 0.987723 
vt 0.00781339 0.543224 
vt 0.13086 0.257969 
vt 0.192383 0.0147181 
vt 0.00781339 0.257969 
vt 0.0693367 0.0147181 
vt 0.623047 0.257969 
vt 0.746093 0.543224 
vt 0.746093 0.257969 
vt 0.68457 0.0147181 
vt 0.86914 0.257969 
vt 0.807617 0.0147181 
vt 0.930663 0.0147181 
vt 0.992187 0.257969 
vt 0.86914 0.543224 
vt 0.992187 0.543224 
vt 0.992187 0.667893 
vt 0.86914 0.667893 
vt 0.930663 0.987723 
vt 0.746093 0.667893 
vt 0.807617 0.987723 
vt 0.623047 0.667893 
vt 0.68457 0.987723 
vt 0.623047 0.543224 
vt 0.5 0.667893 
vt 0.561523 0.987723 
vt 0.5 0.257969 
vt 0.561523 0.0147181 
vt 0.5 0.543224 
vt 0.376953 0.543224 
vt 0.376953 0.667893 
vt 0.438477 0.987723 
vt 0.376953 0.257969 
vt 0.438477 0.0147181 
vt 0.253907 0.543224 
vt 0.253905 0.667892 
vt 0.31543 0.987723 
vt 0.253907 0.257969 
vt 0.31543 0.0147181 
vt 0.13086 0.667893 
vt 0.192383 0.987723 
vt 0.13086 0.257969 
vt 0.192383 0.0147181 
vt 0.13086 0.543224 
vt 0.00781339 0.667893 
vt 0.0693367 0.987723 
vt 0.00781339 0.543224 
vt 0.00781339 0.257969 
vt 0.0693367 0.0147181 
vt 0.623047 0.543224 
vt 0.746093 0.257969 
vt 0.746093 0.543224 
vt 0.68457 0.0147181 
vt 0.623047 0.257969 
vt 0.5 0.257969 
vt 0.561523 0.0147181 
vt 0.5 0.543224 
vt 0.438477 0.0147181 
vt 0.376953 0.257969 
vt 0.376953 0.543224 
vt 0.253907 0.257969 
vt 0.31543 0.0147181 
vt 0.623047 0.667893 
vt 0.5 0.667893 
vt 0.561523 0.987723 
vt 0.376953 0.667893 
vt 0.438477 0.987723 
vt 0.253907 0.543224 
vt 0.253905 0.667892 
vt 0.31543 0.987723 
vt 0.13086 0.257969 
vt 0.192383 0.0147181 
vt 0.13086 0.543224 
vt 0.13086 0.667893 
vt 0.192383 0.987723 
vt 0.00781339 0.667893 
vt 0.0693367 0.987723 
vt 0.00781339 0.543224 
vt 0.00781339 0.257969 
vt 0.0693367 0.0147181 
vt 0.253905 0.667892 
vt 0.253905 0.667892 
vt 0.253905 0.667892 
vt 0.253905 0.667892 
vt 0.253905 0.667892 
vt 0.253905 0.667892 
vt 0.253905 0.667892 
vt 0.253905 0.667892 
vt 0.253905 0.667892 
vt 0.253905 0.667892 
vt 0.253905 0.667892 
vt 0.253905 0.667892 
vt 0.253905 0.667892 
vt 0.253905 0.667892 
vt 0.253905 0.667892 
vt 0.253905 0.667892 
vt 0.253905 0.667892 
vt 0.253905 0.667892 
vt 0.253905 0.667892 
vt 0.253905 0.667892 
vt 0.253905 0.667892 
vt 0.253905 0.667892 
vt 0.253905 0.667892 
vt 0.253905 0.667892 
vt 0.253905 0.667892 
vt 0.253905 0.667892 
vt 0.253905 0.667892 
vt 0.253905 0.667892 
vt 0.253905 0.667892 
vt 0.253905 0.667892 
vt 0.253905 0.667892 
vt 0.253905 0.667892 
vt 0.253905 0.667892 
vt 0.253905 0.667892 
vt 0.253905 0.667892 
vt 0.253905 0.667892 
vt 0.253905 0.667892 
vt 0.253905 0.667892 
vt 0.253905 0.667892 
vt 0.253905 0.667892 
vt 0.623047 0.543224 
vt 0.623047 0.257969 
vt 0.746093 0.257969 
vt 0.68457 0.0147181 
vt 0.5 0.257969 
vt 0.561523 0.0147181 
vt 0.5 0.543224 
vt 0.376953 0.543224 
vt 0.5 0.667893 
vt 0.438477 0.0147181 
vt 0.376953 0.257969 
vt 0.253907 0.257969 
vt 0.31543 0.0147181 
vt 0.253907 0.543224 
vt 0.376953 0.667893 
vt 0.438477 0.987723 
vt 0.253905 0.667892 
vt 0.31543 0.987723 
vt 0.13086 0.257969 
vt 0.192383 0.0147181 
vt 0.13086 0.667893 
vt 0.192383 0.987723 
vt 0.13086 0.543224 
vt 0.00781339 0.257969 
vt 0.0693367 0.0147181 
vt 0.00781339 0.543224 
vt 0.00781339 0.667893 
vt 0.0693367 0.987723 
vt 0.623047 0.543224 
vt 0.746093 0.257969 
vt 0.746093 0.543224 
vt 0.807617 0.0147181 
vt 0.86914 0.257969 
vt 0.623047 0.667893 
vt 0.5 0.667893 
vt 0.561523 0.987723 
vt 0.746093 0.667893 
vt 0.68457 0.987723 
vt 0.86914 0.667893 
vt 0.807617 0.987723 
vt 0.86914 0.543224 
vt 0.992187 0.257969 
vt 0.930663 0.0147181 
vt 0.992187 0.543224 
vt 0.992187 0.667893 
vt 0.930663 0.987723 
vt 0.746093 0.543224 
vt 0.623047 0.257969 
vt 0.746093 0.257969 
vt 0.68457 0.0147181 
vt 0.807617 0.0147181 
vt 0.86914 0.257969 
vt 0.86914 0.543224 
vt 0.930663 0.0147181 
vt 0.992187 0.257969 
vt 0.992187 0.543224 
vt 0.992187 0.667893 
vt 0.86914 0.667893 
vt 0.930663 0.987723 
vt 0.746093 0.667893 
vt 0.807617 0.987723 
vt 0.623047 0.543224 
vt 0.68457 0.987723 
vt 0.623047 0.667893 
vt 0.5 0.257969 
vt 0.561523 0.0147181 
vt 0.5 0.667893 
vt 0.561523 0.987723 
vt 0.5 0.543224 
vt 0.376953 0.543224 
vt 0.438477 0.987723 
vt 0.376953 0.667893 
vt 0.253905 0.667892 
vt 0.31543 0.987723 
vt 0.376953 0.257969 
vt 0.438477 0.0147181 
vt 0.253907 0.543224 
vt 0.13086 0.667893 
vt 0.192383 0.987723 
vt 0.253907 0.257969 
vt 0.31543 0.0147181 
vt 0.13086 0.543224 
vt 0.0693367 0.987723 
vt 0.00781339 0.667893 
vt 0.00781339 0.543224 
vt 0.00781339 0.257969 
vt 0.13086 0.257969 
vt 0.192383 0.0147181 
vt 0.0693367 0.0147181 
vt 0.253905 0.667892 
vt 0.253905 0.667892 
vt 0.253905 0.667892 
vt 0.253905 0.667892 
vt 0.253905 0.667892 
vt 0.253905 0.667892 
vt 0.253905 0.667892 
vt 0.253905 0.667892 
vt 0.253905 0.667892 
vt 0.253905 0.667892 
vt 0.253905 0.667892 
vt 0.253905 0.667892 
vt 0.253905 0.667892 
vt 0.253905 0.667892 
vt 0.253905 0.667892 
vt 0.253905 0.667892 
vt 0.930663 0.0147181 
vt 0.86914 0.257969 
vt 0.992187 0.257969 
vt 0.86914 0.543224 
vt 0.746093 0.543224 
vt 0.992187 0.543224 
vt 0.746093 0.667893 
vt 0.86914 0.667893 
vt 0.807617 0.987723 
vt 0.992187 0.667893 
vt 0.930663 0.987723 
vt 0.253905 0.667892 
vt 0.253905 0.667892 
vt 0.253905 0.667892 
vt 0.253905 0.667892 
vt 0.253905 0.667892 
vt 0.253905 0.667892 
vt 0.253905 0.667892 
vt 0.253905 0.667892 
vt 0.253905 0.667892 
vt 0.253905 0.667892 
vt 0.253905 0.667892 
vt 0.253905 0.667892 
vt 0.253905 0.667892 
vt 0.253905 0.667892 
vt 0.253905 0.667892 
vt 0.253905 0.667892 
vt 0.253905 0.667892 
vt 0.253905 0.667892 
vt 0.253905 0.667892 
vt 0.253905 0.667892 
vt 0.253905 0.667892 
vt 0.253905 0.667892 
vt 0.253905 0.667892 
vt 0.253905 0.667892 
vt 0.746093 0.543224 
vt 0.623047 0.257969 
vt 0.746093 0.257969 
vt 0.68457 0.0147181 
vt 0.807617 0.0147181 
vt 0.86914 0.257969 
vt 0.86914 0.543224 
vt 0.930663 0.0147181 
vt 0.992187 0.257969 
vt 0.992187 0.543224 
vt 0.992187 0.667893 
vt 0.86914 0.667893 
vt 0.930663 0.987723 
vt 0.746093 0.667893 
vt 0.807617 0.987723 
vt 0.623047 0.667893 
vt 0.68457 0.987723 
vt 0.623047 0.543224 
vt 0.5 0.543224 
vt 0.5 0.257969 
vt 0.561523 0.0147181 
vt 0.5 0.667893 
vt 0.561523 0.987723 
vt 0.376953 0.543224 
vt 0.438477 0.987723 
vt 0.376953 0.667893 
vt 0.253905 0.667892 
vt 0.31543 0.987723 
vt 0.376953 0.257969 
vt 0.438477 0.0147181 
vt 0.253907 0.543224 
vt 0.31543 0.0147181 
vt 0.253907 0.257969 
vt 0.13086 0.257969 
vt 0.192383 0.0147181 
vt 0.13086 0.667893 
vt 0.192383 0.987723 
vt 0.13086 0.543224 
vt 0.00781339 0.543224 
vt 0.00781339 0.257969 
vt 0.0693367 0.0147181 
vt 0.00781339 0.667893 
vt 0.0693367 0.987723 
vt 0.623047 0.543224 
vt 0.623047 0.257969 
vt 0.746093 0.257969 
vt 0.68457 0.0147181 
vt 0.5 0.257969 
vt 0.561523 0.0147181 
vt 0.746093 0.543224 
vt 0.807617 0.0147181 
vt 0.86914 0.257969 
vt 0.930663 0.0147181 
vt 0.992187 0.257969 
vt 0.992187 0.543224 
vt 0.86914 0.543224 
vt 0.86914 0.667893 
vt 0.992187 0.667893 
vt 0.930663 0.987723 
vt 0.746093 0.667893 
vt 0.807617 0.987723 
vt 0.623047 0.667893 
vt 0.68457 0.987723 
vt 0.5 0.667893 
vt 0.561523 0.987723 
vt 0.5 0.543224 
vt 0.376953 0.667893 
vt 0.438477 0.987723 
vt 0.376953 0.257969 
vt 0.438477 0.0147181 
vt 0.376953 0.543224 
vt 0.253907 0.543224 
vt 0.31543 0.0147181 
vt 0.253907 0.257969 
vt 0.13086 0.257969 
vt 0.192383 0.0147181 
vt 0.253905 0.667892 
vt 0.31543 0.987723 
vt 0.13086 0.543224 
vt 0.0693367 0.0147181 
vt 0.00781339 0.257969 
vt 0.00781339 0.543224 
vt 0.00781339 0.667893 
vt 0.13086 0.667893 
vt 0.192383 0.987723 
vt 0.0693367 0.987723 
vt 0.253905 0.667892 
vt 0.253905 0.667892 
vt 0.253905 0.667892 
vt 0.253905 0.667892 
vt 0.253905 0.667892 
vt 0.253905 0.667892 
vt 0.253905 0.667892 
vt 0.253905 0.667892 
vt 0.253905 0.667892 
vt 0.253905 0.667892 
vt 0.253905 0.667892 
vt 0.253905 0.667892 
vt 0.253905 0.667892 
vt 0.253905 0.667892 
vt 0.253905 0.667892 
vt 0.253905 0.667892 
vt 0.930663 0.0147181 
vt 0.992187 0.257969 
vt 0.86914 0.257969 
vt 0.86914 0.543224 
vt 0.992187 0.543224 
vt 0.746093 0.257969 
vt 0.807617 0.0147181 
vt 0.746093 0.543224 
vt 0.86914 0.667893 
vt 0.992187 0.667893 
vt 0.930663 0.987723 
vt 0.623047 0.257969 
vt 0.746093 0.543224 
vt 0.746093 0.257969 
vt 0.68457 0.0147181 
vt 0.807617 0.0147181 
vt 0.86914 0.257969 
vt 0.86914 0.543224 
vt 0.930663 0.0147181 
vt 0.992187 0.257969 
vt 0.992187 0.543224 
vt 0.992187 0.667893 
vt 0.86914 0.667893 
vt 0.930663 0.987723 
vt 0.746093 0.667893 
vt 0.807617 0.987723 
vt 0.623047 0.543224 
vt 0.623047 0.667893 
vt 0.68457 0.987723 
vt 0.5 0.667893 
vt 0.561523 0.987723 
vt 0.5 0.543224 
vt 0.5 0.257969 
vt 0.561523 0.0147181 
vt 0.376953 0.543224 
vt 0.376953 0.667893 
vt 0.438477 0.987723 
vt 0.376953 0.257969 
vt 0.438477 0.0147181 
vt 0.253905 0.667892 
vt 0.31543 0.987723 
vt 0.253907 0.543224 
vt 0.253907 0.257969 
vt 0.31543 0.0147181 
vt 0.13086 0.667893 
vt 0.192383 0.987723 
vt 0.13086 0.543224 
vt 0.192383 0.0147181 
vt 0.13086 0.257969 
vt 0.00781339 0.667893 
vt 0.0693367 0.987723 
vt 0.00781339 0.543224 
vt 0.00781339 0.257969 
vt 0.0693367 0.0147181 
vt 0.623047 0.257969 
vt 0.746093 0.543224 
vt 0.623047 0.543224 
vt 0.746093 0.257969 
vt 0.68457 0.0147181 
vt 0.5 0.543224 
vt 0.5 0.257969 
vt 0.561523 0.0147181 
vt 0.5 0.667893 
vt 0.376953 0.543224 
vt 0.623047 0.667893 
vt 0.561523 0.987723 
vt 0.746093 0.667893 
vt 0.68457 0.987723 
vt 0.86914 0.667893 
vt 0.807617 0.987723 
vt 0.376953 0.667893 
vt 0.438477 0.987723 
vt 0.376953 0.257969 
vt 0.438477 0.0147181 
vt 0.253907 0.543224 
vt 0.31543 0.987723 
vt 0.253905 0.667892 
vt 0.31543 0.0147181 
vt 0.253907 0.257969 
vt 0.13086 0.257969 
vt 0.192383 0.0147181 
vt 0.13086 0.667893 
vt 0.192383 0.987723 
vt 0.13086 0.543224 
vt 0.00781339 0.257969 
vt 0.0693367 0.0147181 
vt 0.00781339 0.543224 
vt 0.00781339 0.667893 
vt 0.0693367 0.987723 
vt 0.623047 0.543224 
vt 0.746093 0.257969 
vt 0.623047 0.257969 
vt 0.68457 0.0147181 
vt 0.5 0.257969 
vt 0.561523 0.0147181 
vt 0.746093 0.543224 
vt 0.438477 0.0147181 
vt 0.376953 0.257969 
vt 0.807617 0.0147181 
vt 0.86914 0.257969 
vt 0.930663 0.0147181 
vt 0.992187 0.257969 
vt 0.992187 0.543224 
vt 0.86914 0.543224 
vt 0.992187 0.667893 
vt 0.86914 0.667893 
vt 0.930663 0.987723 
vt 0.746093 0.667893 
vt 0.807617 0.987723 
vt 0.623047 0.667893 
vt 0.68457 0.987723 
vt 0.5 0.543224 
vt 0.5 0.667893 
vt 0.561523 0.987723 
vt 0.376953 0.543224 
vt 0.376953 0.667893 
vt 0.438477 0.987723 
vt 0.253907 0.257969 
vt 0.31543 0.0147181 
vt 0.253907 0.543224 
vt 0.253905 0.667892 
vt 0.31543 0.987723 
vt 0.13086 0.257969 
vt 0.192383 0.0147181 
vt 0.13086 0.543224 
vt 0.13086 0.667893 
vt 0.192383 0.987723 
vt 0.00781339 0.667893 
vt 0.0693367 0.987723 
vt 0.00781339 0.543224 
vt 0.00781339 0.257969 
vt 0.0693367 0.0147181 
vt 0.623047 0.257969 
vt 0.746093 0.543224 
vt 0.623047 0.543224 
vt 0.746093 0.257969 
vt 0.68457 0.0147181 
vt 0.5 0.257969 
vt 0.561523 0.0147181 
vt 0.5 0.543224 
vt 0.376953 0.257969 
vt 0.438477 0.0147181 
vt 0.5 0.667893 
vt 0.376953 0.543224 
vt 0.623047 0.667893 
vt 0.561523 0.987723 
vt 0.376953 0.667893 
vt 0.438477 0.987723 
vt 0.746093 0.667893 
vt 0.68457 0.987723 
vt 0.86914 0.667893 
vt 0.807617 0.987723 
vt 0.992187 0.667893 
vt 0.930663 0.987723 
vt 0.992187 0.543224 
vt 0.86914 0.543224 
vt 0.992187 0.257969 
vt 0.86914 0.257969 
vt 0.930663 0.0147181 
vt 0.807617 0.0147181 
vt 0.253905 0.667892 
vt 0.253905 0.667892 
vt 0.253905 0.667892 
vt 0.253905 0.667892 
vt 0.253905 0.667892 
vt 0.253905 0.667892 
vt 0.253905 0.667892 
vt 0.253905 0.667892 
vt 0.253905 0.667892 
vt 0.253905 0.667892 
vt 0.253905 0.667892 
vt 0.253905 0.667892 
vt 0.253905 0.667892 
vt 0.253905 0.667892 
vt 0.253905 0.667892 
vt 0.253905 0.667892 
vt 0.623047 0.257969 
vt 0.746093 0.543224 
vt 0.623047 0.543224 
vt 0.746093 0.257969 
vt 0.68457 0.0147181 
vt 0.5 0.543224 
vt 0.561523 0.0147181 
vt 0.5 0.257969 
vt 0.376953 0.257969 
vt 0.438477 0.0147181 
vt 0.5 0.667893 
vt 0.376953 0.543224 
vt 0.623047 0.667893 
vt 0.561523 0.987723 
vt 0.746093 0.667893 
vt 0.68457 0.987723 
vt 0.376953 0.667893 
vt 0.438477 0.987723 
vt 0.253907 0.543224 
vt 0.31543 0.987723 
vt 0.253905 0.667892 
vt 0.31543 0.0147181 
vt 0.253907 0.257969 
vt 0.13086 0.257969 
vt 0.192383 0.0147181 
vt 0.13086 0.667893 
vt 0.192383 0.987723 
vt 0.13086 0.543224 
vt 0.00781339 0.257969 
vt 0.0693367 0.0147181 
vt 0.00781339 0.543224 
vt 0.00781339 0.667893 
vt 0.0693367 0.987723 
vt 0.623047 0.543224 
vt 0.746093 0.257969 
vt 0.746093 0.543224 
vt 0.68457 0.0147181 
vt 0.623047 0.257969 
vt 0.807617 0.0147181 
vt 0.86914 0.257969 
vt 0.930663 0.0147181 
vt 0.992187 0.257969 
vt 0.86914 0.543224 
vt 0.992187 0.543224 
vt 0.992187 0.667893 
vt 0.86914 0.667893 
vt 0.930663 0.987723 
vt 0.746093 0.667893 
vt 0.807617 0.987723 
vt 0.623047 0.667893 
vt 0.68457 0.987723 
vt 0.5 0.667893 
vt 0.561523 0.987723 
vt 0.5 0.543224 
vt 0.5 0.257969 
vt 0.561523 0.0147181 
vt 0.376953 0.543224 
vt 0.376953 0.257969 
vt 0.438477 0.0147181 
vt 0.376953 0.667893 
vt 0.438477 0.987723 
vt 0.253907 0.543224 
vt 0.31543 0.0147181 
vt 0.253907 0.257969 
vt 0.253905 0.667892 
vt 0.31543 0.987723 
vt 0.13086 0.257969 
vt 0.192383 0.0147181 
vt 0.13086 0.543224 
vt 0.192383 0.987723 
vt 0.13086 0.667893 
vt 0.00781339 0.257969 
vt 0.0693367 0.0147181 
vt 0.00781339 0.543224 
vt 0.00781339 0.667893 
vt 0.0693367 0.987723 
vt 0.623047 0.543224 
vt 0.746093 0.257969 
vt 0.746093 0.543224 
vt 0.68457 0.0147181 
vt 0.623047 0.257969 
vt 0.807617 0.0147181 
vt 0.86914 0.257969 
vt 0.930663 0.0147181 
vt 0.992187 0.257969 
vt 0.86914 0.543224 
vt 0.992187 0.543224 
vt 0.992187 0.667893 
vt 0.86914 0.667893 
vt 0.930663 0.987723 
vt 0.746093 0.667893 
vt 0.807617 0.987723 
vt 0.623047 0.667893 
vt 0.68457 0.987723 
vt 0.5 0.667893 
vt 0.561523 0.987723 
vt 0.5 0.543224 
vt 0.5 0.257969 
vt 0.561523 0.0147181 
vt 0.376953 0.543224 
vt 0.376953 0.257969 
vt 0.438477 0.0147181 
vt 0.376953 0.667893 
vt 0.438477 0.987723 
vt 0.253907 0.543224 
vt 0.31543 0.0147181 
vt 0.253907 0.257969 
vt 0.253905 0.667892 
vt 0.31543 0.987723 
vt 0.13086 0.257969 
vt 0.192383 0.0147181 
vt 0.13086 0.543224 
vt 0.192383 0.987723 
vt 0.13086 0.667893 
vt 0.00781339 0.257969 
vt 0.0693367 0.0147181 
vt 0.00781339 0.543224 
vt 0.00781339 0.667893 
vt 0.0693367 0.987723 
vt 0.746093 0.543224 
vt 0.623047 0.257969 
vt 0.623047 0.543224 
vt 0.623047 0.667893 
vt 0.5 0.543224 
vt 0.746093 0.257969 
vt 0.68457 0.0147181 
vt 0.5 0.257969 
vt 0.561523 0.0147181 
vt 0.5 0.667893 
vt 0.561523 0.987723 
vt 0.376953 0.543224 
vt 0.438477 0.0147181 
vt 0.376953 0.257969 
vt 0.376953 0.667893 
vt 0.438477 0.987723 
vt 0.253905 0.667892 
vt 0.31543 0.987723 
vt 0.253907 0.257969 
vt 0.31543 0.0147181 
vt 0.253907 0.543224 
vt 0.13086 0.667893 
vt 0.192383 0.987723 
vt 0.13086 0.257969 
vt 0.192383 0.0147181 
vt 0.13086 0.543224 
vt 0.00781339 0.543224 
vt 0.00781339 0.667893 
vt 0.0693367 0.987723 
vt 0.00781339 0.257969 
vt 0.0693367 0.0147181 
vt 0.746093 0.543224 
vt 0.746093 0.257969 
vt 0.623047 0.543224 
vt 0.68457 0.0147181 
vt 0.623047 0.257969 
vt 0.5 0.257969 
vt 0.561523 0.0147181 
vt 0.5 0.543224 
vt 0.807617 0.0147181 
vt 0.86914 0.257969 
vt 0.930663 0.0147181 
vt 0.992187 0.257969 
vt 0.992187 0.543224 
vt 0.86914 0.543224 
vt 0.992187 0.667893 
vt 0.86914 0.667893 
vt 0.930663 0.987723 
vt 0.746093 0.667893 
vt 0.807617 0.987723 
vt 0.623047 0.667893 
vt 0.68457 0.987723 
vt 0.5 0.667893 
vt 0.561523 0.987723 
vt 0.376953 0.667893 
vt 0.438477 0.987723 
vt 0.376953 0.543224 
vt 0.376953 0.257969 
vt 0.438477 0.0147181 
vt 0.253907 0.543224 
vt 0.31543 0.0147181 
vt 0.253907 0.257969 
vt 0.253905 0.667892 
vt 0.31543 0.987723 
vt 0.13086 0.257969 
vt 0.192383 0.0147181 
vt 0.13086 0.543224 
vt 0.13086 0.667893 
vt 0.192383 0.987723 
vt 0.00781339 0.667893 
vt 0.0693367 0.987723 
vt 0.00781339 0.543224 
vt 0.00781339 0.257969 
vt 0.0693367 0.0147181 
vt 0.623047 0.543224 
vt 0.746093 0.257969 
vt 0.746093 0.543224 
vt 0.68457 0.0147181 
vt 0.623047 0.257969 
vt 0.5 0.257969 
vt 0.561523 0.0147181 
vt 0.5 0.543224 
vt 0.623047 0.667893 
vt 0.746093 0.667893 
vt 0.68457 0.987723 
vt 0.5 0.667893 
vt 0.561523 0.987723 
vt 0.376953 0.667893 
vt 0.438477 0.987723 
vt 0.86914 0.667893 
vt 0.807617 0.987723 
vt 0.86914 0.543224 
vt 0.992187 0.667893 
vt 0.930663 0.987723 
vt 0.992187 0.543224 
vt 0.86914 0.257969 
vt 0.807617 0.0147181 
vt 0.992187 0.257969 
vt 0.930663 0.0147181 
vt 0.376953 0.543224 
vt 0.253905 0.667892 
vt 0.31543 0.987723 
vt 0.376953 0.257969 
vt 0.438477 0.0147181 
vt 0.253907 0.543224 
vt 0.253907 0.257969 
vt 0.31543 0.0147181 
vt 0.13086 0.257969 
vt 0.192383 0.0147181 
vt 0.13086 0.543224 
vt 0.13086 0.667893 
vt 0.192383 0.987723 
vt 0.00781339 0.667893 
vt 0.0693367 0.987723 
vt 0.00781339 0.543224 
vt 0.00781339 0.257969 
vt 0.0693367 0.0147181 
vt 0.746093 0.543224 
vt 0.623047 0.257969 
vt 0.746093 0.257969 
vt 0.68457 0.0147181 
vt 0.86914 0.257969 
vt 0.807617 0.0147181 
vt 0.930663 0.0147181 
vt 0.992187 0.257969 
vt 0.86914 0.543224 
vt 0.992187 0.543224 
vt 0.992187 0.667893 
vt 0.86914 0.667893 
vt 0.930663 0.987723 
vt 0.746093 0.667893 
vt 0.807617 0.987723 
vt 0.623047 0.667893 
vt 0.68457 0.987723 
vt 0.623047 0.543224 
vt 0.5 0.543224 
vt 0.5 0.257969 
vt 0.561523 0.0147181 
vt 0.5 0.667893 
vt 0.561523 0.987723 
vt 0.376953 0.543224 
vt 0.438477 0.0147181 
vt 0.376953 0.257969 
vt 0.376953 0.667893 
vt 0.438477 0.987723 
vt 0.253907 0.257969 
vt 0.31543 0.0147181 
vt 0.253907 0.543224 
vt 0.31543 0.987723 
vt 0.253905 0.667892 
vt 0.13086 0.257969 
vt 0.192383 0.0147181 
vt 0.13086 0.667893 
vt 0.192383 0.987723 
vt 0.13086 0.543224 
vt 0.00781339 0.667893 
vt 0.0693367 0.987723 
vt 0.00781339 0.543224 
vt 0.00781339 0.257969 
vt 0.0693367 0.0147181 
vt 0.623047 0.257969 
vt 0.746093 0.543224 
vt 0.623047 0.543224 
vt 0.746093 0.257969 
vt 0.68457 0.0147181 
vt 0.5 0.543224 
vt 0.561523 0.0147181 
vt 0.5 0.257969 
vt 0.376953 0.257969 
vt 0.438477 0.0147181 
vt 0.5 0.667893 
vt 0.376953 0.543224 
vt 0.623047 0.667893 
vt 0.561523 0.987723 
vt 0.746093 0.667893 
vt 0.68457 0.987723 
vt 0.376953 0.667893 
vt 0.438477 0.987723 
vt 0.253907 0.543224 
vt 0.31543 0.987723 
vt 0.253905 0.667892 
vt 0.31543 0.0147181 
vt 0.253907 0.257969 
vt 0.13086 0.257969 
vt 0.192383 0.0147181 
vt 0.13086 0.667893 
vt 0.192383 0.987723 
vt 0.13086 0.543224 
vt 0.00781339 0.257969 
vt 0.0693367 0.0147181 
vt 0.00781339 0.543224 
vt 0.00781339 0.667893 
vt 0.0693367 0.987723 
vt 0.930663 0.0147181 
vt 0.992187 0.257969 
vt 0.86914 0.257969 
vt 0.807617 0.0147181 
vt 0.86914 0.543224 
vt 0.992187 0.543224 
vt 0.86914 0.667893 
vt 0.807617 0.987723 
vt 0.992187 0.667893 
vt 0.930663 0.987723 
vt 0.623047 0.543224 
vt 0.746093 0.257969 
vt 0.746093 0.543224 
vt 0.68457 0.0147181 
vt 0.623047 0.257969 
vt 0.5 0.257969 
vt 0.561523 0.0147181 
vt 0.5 0.543224 
vt 0.623047 0.667893 
vt 0.746093 0.667893 
vt 0.68457 0.987723 
vt 0.5 0.667893 
vt 0.561523 0.987723 
vt 0.86914 0.667893 
vt 0.807617 0.987723 
vt 0.86914 0.543224 
vt 0.992187 0.667893 
vt 0.930663 0.987723 
vt 0.992187 0.543224 
vt 0.86914 0.257969 
vt 0.807617 0.0147181 
vt 0.992187 0.257969 
vt 0.930663 0.0147181 
vt 0.438477 0.987723 
vt 0.376953 0.667893 
vt 0.376953 0.543224 
vt 0.376953 0.257969 
vt 0.438477 0.0147181 
vt 0.253907 0.543224 
vt 0.31543 0.0147181 
vt 0.253907 0.257969 
vt 0.253905 0.667892 
vt 0.31543 0.987723 
vt 0.13086 0.257969 
vt 0.192383 0.0147181 
vt 0.13086 0.543224 
vt 0.13086 0.667893 
vt 0.192383 0.987723 
vt 0.00781339 0.667893 
vt 0.0693367 0.987723 
vt 0.00781339 0.543224 
vt 0.00781339 0.257969 
vt 0.0693367 0.0147181 
vt 0.746093 0.667893 
vt 0.68457 0.987723 
vt 0.86914 0.543224 
vt 0.86914 0.667893 
vt 0.807617 0.987723 
vt 0.992187 0.667893 
vt 0.930663 0.987723 
vt 0.992187 0.543224 
vt 0.992187 0.257969 
vt 0.86914 0.257969 
vt 0.807617 0.0147181 
vt 0.930663 0.0147181 
vt 0.930663 0.0147181 
vt 0.992187 0.257969 
vt 0.86914 0.257969 
vt 0.807617 0.0147181 
vt 0.86914 0.543224 
vt 0.992187 0.543224 
vt 0.86914 0.667893 
vt 0.807617 0.987723 
vt 0.992187 0.667893 
vt 0.930663 0.987723 
vt 0.746093 0.543224 
vt 0.623047 0.257969 
vt 0.746093 0.257969 
vt 0.68457 0.0147181 
vt 0.807617 0.0147181 
vt 0.86914 0.257969 
vt 0.86914 0.543224 
vt 0.930663 0.0147181 
vt 0.992187 0.257969 
vt 0.992187 0.543224 
vt 0.992187 0.667893 
vt 0.86914 0.667893 
vt 0.930663 0.987723 
vt 0.746093 0.667893 
vt 0.807617 0.987723 
vt 0.623047 0.667893 
vt 0.68457 0.987723 
vt 0.623047 0.543224 
vt 0.5 0.667893 
vt 0.561523 0.987723 
vt 0.5 0.257969 
vt 0.561523 0.0147181 
vt 0.5 0.543224 
vt 0.376953 0.543224 
vt 0.438477 0.987723 
vt 0.376953 0.667893 
vt 0.376953 0.257969 
vt 0.438477 0.0147181 
vt 0.253905 0.667892 
vt 0.31543 0.987723 
vt 0.253907 0.543224 
vt 0.31543 0.0147181 
vt 0.253907 0.257969 
vt 0.13086 0.667893 
vt 0.192383 0.987723 
vt 0.13086 0.257969 
vt 0.192383 0.0147181 
vt 0.13086 0.543224 
vt 0.00781339 0.667893 
vt 0.0693367 0.987723 
vt 0.00781339 0.543224 
vt 0.00781339 0.257969 
vt 0.0693367 0.0147181 
vt 0.746093 0.543224 
vt 0.746093 0.257969 
vt 0.623047 0.543224 
vt 0.68457 0.0147181 
vt 0.623047 0.257969 
vt 0.5 0.257969 
vt 0.561523 0.0147181 
vt 0.5 0.543224 
vt 0.438477 0.0147181 
vt 0.376953 0.257969 
vt 0.376953 0.543224 
vt 0.253907 0.257969 
vt 0.31543 0.0147181 
vt 0.623047 0.667893 
vt 0.5 0.667893 
vt 0.561523 0.987723 
vt 0.376953 0.667893 
vt 0.438477 0.987723 
vt 0.746093 0.667893 
vt 0.68457 0.987723 
vt 0.253907 0.543224 
vt 0.253905 0.667892 
vt 0.31543 0.987723 
vt 0.13086 0.257969 
vt 0.192383 0.0147181 
vt 0.13086 0.543224 
vt 0.13086 0.667893 
vt 0.192383 0.987723 
vt 0.00781339 0.667893 
vt 0.0693367 0.987723 
vt 0.00781339 0.543224 
vt 0.00781339 0.257969 
vt 0.0693367 0.0147181 
vt 0.86914 0.667893 
vt 0.807617 0.987723 
vt 0.86914 0.543224 
vt 0.992187 0.667893 
vt 0.930663 0.987723 
vt 0.992187 0.543224 
vt 0.86914 0.257969 
vt 0.807617 0.0147181 
vt 0.992187 0.257969 
vt 0.930663 0.0147181 
vt 0.253907 0.543224 
vt 0.31543 0.0147181 
vt 0.253907 0.257969 
vt 0.253905 0.667892 
vt 0.31543 0.987723 
vt 0.13086 0.257969 
vt 0.192383 0.0147181 
vt 0.13086 0.667893 
vt 0.192383 0.987723 
vt 0.13086 0.543224 
vt 0.00781339 0.257969 
vt 0.0693367 0.0147181 
vt 0.00781339 0.543224 
vt 0.00781339 0.667893 
vt 0.0693367 0.987723 
vt 0.746093 0.543224 
vt 0.746093 0.257969 
vt 0.623047 0.543224 
vt 0.68457 0.0147181 
vt 0.623047 0.257969 
vt 0.5 0.257969 
vt 0.561523 0.0147181 
vt 0.5 0.543224 
vt 0.438477 0.0147181 
vt 0.376953 0.257969 
vt 0.376953 0.543224 
vt 0.253907 0.257969 
vt 0.31543 0.0147181 
vt 0.623047 0.667893 
vt 0.5 0.667893 
vt 0.561523 0.987723 
vt 0.376953 0.667893 
vt 0.438477 0.987723 
vt 0.746093 0.667893 
vt 0.68457 0.987723 
vt 0.253907 0.543224 
vt 0.253905 0.667892 
vt 0.31543 0.987723 
vt 0.13086 0.257969 
vt 0.192383 0.0147181 
vt 0.13086 0.543224 
vt 0.13086 0.667893 
vt 0.192383 0.987723 
vt 0.00781339 0.667893 
vt 0.0693367 0.987723 
vt 0.00781339 0.543224 
vt 0.00781339 0.257969 
vt 0.0693367 0.0147181 
vt 0.86914 0.667893 
vt 0.807617 0.987723 
vt 0.86914 0.543224 
vt 0.992187 0.667893 
vt 0.930663 0.987723 
vt 0.992187 0.543224 
vt 0.86914 0.257969 
vt 0.807617 0.0147181 
vt 0.992187 0.257969 
vt 0.930663 0.0147181 
vt 0.930663 0.0147181 
vt 0.992187 0.257969 
vt 0.86914 0.257969 
vt 0.807617 0.0147181 
vt 0.86914 0.543224 
vt 0.992187 0.543224 
vt 0.992187 0.667893 
vt 0.930663 0.987723 
vt 0.623047 0.257969 
vt 0.623047 0.543224 
vt 0.561523 0.0147181 
vt 0.5 0.257969 
vt 0.68457 0.0147181 
vt 0.5 0.543224 
vt 0.376953 0.257969 
vt 0.438477 0.0147181 
vt 0.5 0.667893 
vt 0.376953 0.543224 
vt 0.623047 0.667893 
vt 0.561523 0.987723 
vt 0.746093 0.667893 
vt 0.68457 0.987723 
vt 0.807617 0.987723 
vt 0.376953 0.667893 
vt 0.438477 0.987723 
vt 0.253907 0.543224 
vt 0.31543 0.987723 
vt 0.253905 0.667892 
vt 0.253907 0.257969 
vt 0.31543 0.0147181 
vt 0.13086 0.667893 
vt 0.192383 0.987723 
vt 0.13086 0.543224 
vt 0.192383 0.0147181 
vt 0.13086 0.257969 
vt 0.00781339 0.667893 
vt 0.0693367 0.987723 
vt 0.00781339 0.543224 
vt 0.00781339 0.257969 
vt 0.0693367 0.0147181 
vt 0.623047 0.543224 
vt 0.746093 0.257969 
vt 0.746093 0.543224 
vt 0.86914 0.543224 
vt 0.623047 0.257969 
vt 0.68457 0.0147181 
vt 0.5 0.257969 
vt 0.561523 0.0147181 
vt 0.623047 0.667893 
vt 0.807617 0.0147181 
vt 0.86914 0.257969 
vt 0.930663 0.0147181 
vt 0.992187 0.257969 
vt 0.992187 0.543224 
vt 0.992187 0.667893 
vt 0.86914 0.667893 
vt 0.930663 0.987723 
vt 0.746093 0.667893 
vt 0.807617 0.987723 
vt 0.68457 0.987723 
vt 0.561523 0.987723 
vt 0.5 0.667893 
vt 0.5 0.543224 
vt 0.376953 0.667893 
vt 0.438477 0.987723 
vt 0.376953 0.543224 
vt 0.438477 0.0147181 
vt 0.376953 0.257969 
vt 0.253905 0.667892 
vt 0.31543 0.987723 
vt 0.253907 0.257969 
vt 0.31543 0.0147181 
vt 0.253907 0.543224 
vt 0.192383 0.987723 
vt 0.13086 0.667893 
vt 0.13086 0.257969 
vt 0.192383 0.0147181 
vt 0.13086 0.543224 
vt 0.00781339 0.667893 
vt 0.0693367 0.987723 
vt 0.00781339 0.543224 
vt 0.00781339 0.257969 
vt 0.0693367 0.0147181 
vt 0.746093 0.543224 
vt 0.623047 0.257969 
vt 0.746093 0.257969 
vt 0.68457 0.0147181 
vt 0.807617 0.0147181 
vt 0.86914 0.257969 
vt 0.86914 0.543224 
vt 0.930663 0.0147181 
vt 0.992187 0.257969 
vt 0.992187 0.543224 
vt 0.992187 0.667893 
vt 0.86914 0.667893 
vt 0.930663 0.987723 
vt 0.746093 0.667893 
vt 0.807617 0.987723 
vt 0.623047 0.667893 
vt 0.68457 0.987723 
vt 0.623047 0.543224 
vt 0.5 0.667893 
vt 0.561523 0.987723 
vt 0.5 0.257969 
vt 0.561523 0.0147181 
vt 0.5 0.543224 
vt 0.376953 0.543224 
vt 0.438477 0.987723 
vt 0.376953 0.667893 
vt 0.376953 0.257969 
vt 0.438477 0.0147181 
vt 0.253905 0.667892 
vt 0.31543 0.987723 
vt 0.253907 0.543224 
vt 0.31543 0.0147181 
vt 0.253907 0.257969 
vt 0.13086 0.667893 
vt 0.192383 0.987723 
vt 0.13086 0.257969 
vt 0.192383 0.0147181 
vt 0.13086 0.543224 
vt 0.00781339 0.667893 
vt 0.0693367 0.987723 
vt 0.00781339 0.543224 
vt 0.00781339 0.257969 
vt 0.0693367 0.0147181 
vt 0.746093 0.543224 
vt 0.746093 0.257969 
vt 0.623047 0.543224 
vt 0.68457 0.0147181 
vt 0.623047 0.257969 
vt 0.807617 0.0147181 
vt 0.86914 0.257969 
vt 0.86914 0.543224 
vt 0.930663 0.0147181 
vt 0.992187 0.257969 
vt 0.992187 0.543224 
vt 0.992187 0.667893 
vt 0.86914 0.667893 
vt 0.930663 0.987723 
vt 0.746093 0.667893 
vt 0.807617 0.987723 
vt 0.623047 0.667893 
vt 0.68457 0.987723 
vt 0.5 0.667893 
vt 0.561523 0.987723 
vt 0.5 0.543224 
vt 0.5 0.257969 
vt 0.561523 0.0147181 
vt 0.376953 0.543224 
vt 0.376953 0.667893 
vt 0.438477 0.987723 
vt 0.376953 0.257969 
vt 0.438477 0.0147181 
vt 0.253905 0.667892 
vt 0.31543 0.987723 
vt 0.253907 0.543224 
vt 0.253907 0.257969 
vt 0.31543 0.0147181 
vt 0.13086 0.257969 
vt 0.192383 0.0147181 
vt 0.13086 0.543224 
vt 0.13086 0.667893 
vt 0.192383 0.987723 
vt 0.00781339 0.257969 
vt 0.0693367 0.0147181 
vt 0.00781339 0.543224 
vt 0.00781339 0.667893 
vt 0.0693367 0.987723 
vt 0.623047 0.543224 
vt 0.746093 0.257969 
vt 0.746093 0.543224 
vt 0.68457 0.0147181 
vt 0.623047 0.257969 
vt 0.807617 0.0147181 
vt 0.86914 0.257969 
vt 0.86914 0.543224 
vt 0.930663 0.0147181 
vt 0.992187 0.257969 
vt 0.992187 0.543224 
vt 0.992187 0.667893 
vt 0.86914 0.667893 
vt 0.930663 0.987723 
vt 0.746093 0.667893 
vt 0.807617 0.987723 
vt 0.623047 0.667893 
vt 0.68457 0.987723 
vt 0.5 0.667893 
vt 0.561523 0.987723 
vt 0.5 0.543224 
vt 0.5 0.257969 
vt 0.561523 0.0147181 
vt 0.376953 0.543224 
vt 0.438477 0.987723 
vt 0.376953 0.667893 
vt 0.376953 0.257969 
vt 0.438477 0.0147181 
vt 0.253905 0.667892 
vt 0.31543 0.987723 
vt 0.253907 0.543224 
vt 0.253907 0.257969 
vt 0.31543 0.0147181 
vt 0.13086 0.257969 
vt 0.192383 0.0147181 
vt 0.13086 0.543224 
vt 0.192383 0.987723 
vt 0.13086 0.667893 
vt 0.00781339 0.257969 
vt 0.0693367 0.0147181 
vt 0.00781339 0.543224 
vt 0.00781339 0.667893 
vt 0.0693367 0.987723 
vt 0.623047 0.257969 
vt 0.623047 0.543224 
vt 0.561523 0.0147181 
vt 0.5 0.257969 
vt 0.746093 0.257969 
vt 0.68457 0.0147181 
vt 0.807617 0.0147181 
vt 0.5 0.543224 
vt 0.376953 0.257969 
vt 0.438477 0.0147181 
vt 0.376953 0.543224 
vt 0.5 0.667893 
vt 0.623047 0.667893 
vt 0.561523 0.987723 
vt 0.68457 0.987723 
vt 0.376953 0.667893 
vt 0.438477 0.987723 
vt 0.253907 0.543224 
vt 0.253905 0.667892 
vt 0.31543 0.987723 
vt 0.253907 0.257969 
vt 0.31543 0.0147181 
vt 0.13086 0.667893 
vt 0.192383 0.987723 
vt 0.13086 0.543224 
vt 0.13086 0.257969 
vt 0.192383 0.0147181 
vt 0.00781339 0.257969 
vt 0.0693367 0.0147181 
vt 0.00781339 0.543224 
vt 0.00781339 0.667893 
vt 0.0693367 0.987723 
vt 0.746093 0.543224 
vt 0.746093 0.257969 
vt 0.623047 0.543224 
vt 0.68457 0.0147181 
vt 0.623047 0.257969 
vt 0.807617 0.0147181 
vt 0.86914 0.257969 
vt 0.86914 0.543224 
vt 0.930663 0.0147181 
vt 0.992187 0.257969 
vt 0.992187 0.543224 
vt 0.992187 0.667893 
vt 0.86914 0.667893 
vt 0.930663 0.987723 
vt 0.746093 0.667893 
vt 0.807617 0.987723 
vt 0.623047 0.667893 
vt 0.68457 0.987723 
vt 0.5 0.667893 
vt 0.561523 0.987723 
vt 0.5 0.543224 
vt 0.5 0.257969 
vt 0.561523 0.0147181 
vt 0.376953 0.543224 
vt 0.376953 0.667893 
vt 0.438477 0.987723 
vt 0.376953 0.257969 
vt 0.438477 0.0147181 
vt 0.253905 0.667892 
vt 0.31543 0.987723 
vt 0.253907 0.543224 
vt 0.253907 0.257969 
vt 0.31543 0.0147181 
vt 0.13086 0.257969 
vt 0.192383 0.0147181 
vt 0.13086 0.543224 
vt 0.13086 0.667893 
vt 0.192383 0.987723 
vt 0.00781339 0.257969 
vt 0.0693367 0.0147181 
vt 0.00781339 0.543224 
vt 0.00781339 0.667893 
vt 0.0693367 0.987723 
vt 0.746093 0.543224 
vt 0.623047 0.257969 
vt 0.746093 0.257969 
vt 0.68457 0.0147181 
vt 0.86914 0.257969 
vt 0.807617 0.0147181 
vt 0.930663 0.0147181 
vt 0.992187 0.257969 
vt 0.992187 0.543224 
vt 0.86914 0.543224 
vt 0.992187 0.667893 
vt 0.86914 0.667893 
vt 0.930663 0.987723 
vt 0.746093 0.667893 
vt 0.807617 0.987723 
vt 0.623047 0.667893 
vt 0.68457 0.987723 
vt 0.623047 0.543224 
vt 0.561523 0.987723 
vt 0.5 0.667893 
vt 0.5 0.257969 
vt 0.561523 0.0147181 
vt 0.5 0.543224 
vt 0.376953 0.667893 
vt 0.438477 0.987723 
vt 0.376953 0.543224 
vt 0.376953 0.257969 
vt 0.438477 0.0147181 
vt 0.253907 0.257969 
vt 0.31543 0.0147181 
vt 0.253907 0.543224 
vt 0.253905 0.667892 
vt 0.31543 0.987723 
vt 0.13086 0.667893 
vt 0.192383 0.987723 
vt 0.13086 0.543224 
vt 0.00781339 0.667893 
vt 0.0693367 0.987723 
vt 0.00781339 0.543224 
vt 0.13086 0.257969 
vt 0.192383 0.0147181 
vt 0.00781339 0.257969 
vt 0.0693367 0.0147181 
vt 0.746093 0.543224 
vt 0.623047 0.257969 
vt 0.746093 0.257969 
vt 0.68457 0.0147181 
vt 0.807617 0.0147181 
vt 0.86914 0.257969 
vt 0.86914 0.543224 
vt 0.930663 0.0147181 
vt 0.992187 0.257969 
vt 0.992187 0.543224 
vt 0.992187 0.667893 
vt 0.86914 0.667893 
vt 0.930663 0.987723 
vt 0.746093 0.667893 
vt 0.807617 0.987723 
vt 0.623047 0.667893 
vt 0.68457 0.987723 
vt 0.623047 0.543224 
vt 0.5 0.667893 
vt 0.561523 0.987723 
vt 0.5 0.543224 
vt 0.5 0.257969 
vt 0.561523 0.0147181 
vt 0.376953 0.543224 
vt 0.438477 0.987723 
vt 0.376953 0.667893 
vt 0.438477 0.0147181 
vt 0.376953 0.257969 
vt 0.253907 0.257969 
vt 0.31543 0.0147181 
vt 0.253905 0.667892 
vt 0.31543 0.987723 
vt 0.253907 0.543224 
vt 0.13086 0.257969 
vt 0.192383 0.0147181 
vt 0.13086 0.667893 
vt 0.192383 0.987723 
vt 0.13086 0.543224 
vt 0.00781339 0.543224 
vt 0.00781339 0.257969 
vt 0.0693367 0.0147181 
vt 0.00781339 0.667893 
vt 0.0693367 0.987723 
vt 0.623047 0.257969 
vt 0.68457 0.0147181 
vt 0.561523 0.0147181 
vt 0.5 0.257969 
vt 0.5 0.543224 
vt 0.376953 0.257969 
vt 0.438477 0.0147181 
vt 0.376953 0.543224 
vt 0.31543 0.0147181 
vt 0.253907 0.257969 
vt 0.376953 0.667893 
vt 0.438477 0.987723 
vt 0.253907 0.543224 
vt 0.253905 0.667892 
vt 0.31543 0.987723 
vt 0.13086 0.257969 
vt 0.192383 0.0147181 
vt 0.13086 0.543224 
vt 0.00781339 0.257969 
vt 0.0693367 0.0147181 
vt 0.00781339 0.543224 
vt 0.13086 0.667893 
vt 0.192383 0.987723 
vt 0.00781339 0.667893 
vt 0.0693367 0.987723 
vt 0.623047 0.667893 
vt 0.561523 0.987723 
vt 0.746093 0.543224 
vt 0.746093 0.667893 
vt 0.68457 0.987723 
vt 0.86914 0.257969 
vt 0.807617 0.0147181 
vt 0.86914 0.543224 
vt 0.86914 0.667893 
vt 0.807617 0.987723 
vt 0.992187 0.257969 
vt 0.930663 0.0147181 
vt 0.992187 0.543224 
vt 0.992187 0.667893 
vt 0.930663 0.987723 
vt 0.746093 0.543224 
vt 0.623047 0.257969 
vt 0.746093 0.257969 
vt 0.68457 0.0147181 
vt 0.807617 0.0147181 
vt 0.86914 0.257969 
vt 0.930663 0.0147181 
vt 0.992187 0.257969 
vt 0.992187 0.543224 
vt 0.86914 0.543224 
vt 0.992187 0.667893 
vt 0.86914 0.667893 
vt 0.930663 0.987723 
vt 0.746093 0.667893 
vt 0.807617 0.987723 
vt 0.623047 0.667893 
vt 0.68457 0.987723 
vt 0.623047 0.543224 
vt 0.5 0.667893 
vt 0.561523 0.987723 
vt 0.5 0.257969 
vt 0.561523 0.0147181 
vt 0.5 0.543224 
vt 0.376953 0.667893 
vt 0.438477 0.987723 
vt 0.376953 0.543224 
vt 0.376953 0.257969 
vt 0.438477 0.0147181 
vt 0.253907 0.543224 
vt 0.31543 0.987723 
vt 0.253905 0.667892 
vt 0.31543 0.0147181 
vt 0.253907 0.257969 
vt 0.13086 0.257969 
vt 0.192383 0.0147181 
vt 0.13086 0.667893 
vt 0.192383 0.987723 
vt 0.13086 0.543224 
vt 0.00781339 0.257969 
vt 0.0693367 0.0147181 
vt 0.00781339 0.543224 
vt 0.00781339 0.667893 
vt 0.0693367 0.987723 
vt 0.623047 0.543224 
vt 0.746093 0.257969 
vt 0.623047 0.257969 
vt 0.68457 0.0147181 
vt 0.5 0.257969 
vt 0.561523 0.0147181 
vt 0.746093 0.543224 
vt 0.807617 0.0147181 
vt 0.86914 0.257969 
vt 0.930663 0.0147181 
vt 0.992187 0.257969 
vt 0.992187 0.543224 
vt 0.86914 0.543224 
vt 0.86914 0.667893 
vt 0.992187 0.667893 
vt 0.930663 0.987723 
vt 0.746093 0.667893 
vt 0.807617 0.987723 
vt 0.623047 0.667893 
vt 0.68457 0.987723 
vt 0.5 0.667893 
vt 0.561523 0.987723 
vt 0.5 0.543224 
vt 0.376953 0.667893 
vt 0.438477 0.987723 
vt 0.376953 0.257969 
vt 0.438477 0.0147181 
vt 0.376953 0.543224 
vt 0.253907 0.543224 
vt 0.253905 0.667892 
vt 0.31543 0.987723 
vt 0.253907 0.257969 
vt 0.31543 0.0147181 
vt 0.13086 0.543224 
vt 0.13086 0.667893 
vt 0.192383 0.987723 
vt 0.13086 0.257969 
vt 0.192383 0.0147181 
vt 0.00781339 0.667893 
vt 0.0693367 0.987723 
vt 0.00781339 0.543224 
vt 0.00781339 0.257969 
vt 0.0693367 0.0147181 
vt 0.746093 0.543224 
vt 0.623047 0.257969 
vt 0.623047 0.543224 
vt 0.561523 0.0147181 
vt 0.5 0.257969 
vt 0.5 0.543224 
vt 0.376953 0.543224 
vt 0.5 0.667893 
vt 0.623047 0.667893 
vt 0.561523 0.987723 
vt 0.746093 0.667893 
vt 0.68457 0.987723 
vt 0.376953 0.667893 
vt 0.438477 0.987723 
vt 0.253905 0.667892 
vt 0.31543 0.987723 
vt 0.86914 0.667893 
vt 0.807617 0.987723 
vt 0.86914 0.543224 
vt 0.992187 0.667893 
vt 0.930663 0.987723 
vt 0.992187 0.543224 
vt 0.992187 0.257969 
vt 0.86914 0.257969 
vt 0.930663 0.0147181 
vt 0.746093 0.257969 
vt 0.807617 0.0147181 
vt 0.68457 0.0147181 
vt 0.13086 0.667893 
vt 0.192383 0.987723 
vt 0.00781339 0.667893 
vt 0.0693367 0.987723 
vt 0.00781339 0.543224 
vt 0.253907 0.543224 
vt 0.13086 0.543224 
vt 0.00781339 0.257969 
vt 0.13086 0.257969 
vt 0.0693367 0.0147181 
vt 0.253907 0.257969 
vt 0.192383 0.0147181 
vt 0.376953 0.257969 
vt 0.31543 0.0147181 
vt 0.438477 0.0147181 
vt 0.746093 0.667893 
vt 0.68457 0.987723 
vt 0.86914 0.667893 
vt 0.807617 0.987723 
vt 0.86914 0.543224 
vt 0.992187 0.667893 
vt 0.930663 0.987723 
vt 0.992187 0.543224 
vt 0.86914 0.257969 
vt 0.807617 0.0147181 
vt 0.992187 0.257969 
vt 0.930663 0.0147181 
vt 0.623047 0.543224 
vt 0.623047 0.257969 
vt 0.746093 0.257969 
vt 0.68457 0.0147181 
vt 0.5 0.257969 
vt 0.561523 0.0147181 
vt 0.746093 0.543224 
vt 0.807617 0.0147181 
vt 0.86914 0.257969 
vt 0.930663 0.0147181 
vt 0.992187 0.257969 
vt 0.992187 0.543224 
vt 0.86914 0.543224 
vt 0.86914 0.667893 
vt 0.992187 0.667893 
vt 0.930663 0.987723 
vt 0.746093 0.667893 
vt 0.807617 0.987723 
vt 0.623047 0.667893 
vt 0.68457 0.987723 
vt 0.5 0.667893 
vt 0.561523 0.987723 
vt 0.5 0.543224 
vt 0.376953 0.667893 
vt 0.438477 0.987723 
vt 0.376953 0.257969 
vt 0.438477 0.0147181 
vt 0.376953 0.543224 
vt 0.253907 0.257969 
vt 0.31543 0.0147181 
vt 0.253907 0.543224 
vt 0.253905 0.667892 
vt 0.31543 0.987723 
vt 0.13086 0.257969 
vt 0.192383 0.0147181 
vt 0.13086 0.543224 
vt 0.192383 0.987723 
vt 0.13086 0.667893 
vt 0.00781339 0.257969 
vt 0.0693367 0.0147181 
vt 0.00781339 0.543224 
vt 0.00781339 0.667893 
vt 0.0693367 0.987723 
vt 0.623047 0.543224 
vt 0.623047 0.667893 
vt 0.5 0.667893 
vt 0.561523 0.987723 
vt 0.746093 0.667893 
vt 0.68457 0.987723 
vt 0.438477 0.987723 
vt 0.86914 0.667893 
vt 0.807617 0.987723 
vt 0.992187 0.667893 
vt 0.930663 0.987723 
vt 0.992187 0.543224 
vt 0.992187 0.257969 
vt 0.930663 0.0147181 

usemtl Handle1Mtl

f 1/1/1 2/2/2 3/3/3 
f 3/3/3 4/4/4 1/1/1 
f 5/5/5 2/2/2 1/1/1 
f 4/4/4 5/5/5 1/1/1 
f 3/3/3 2/2/2 6/6/6 
f 6/6/6 7/7/7 3/3/3 
f 3/3/3 7/7/7 4/4/4 
f 6/6/6 8/8/8 7/7/7 
f 9/9/9 8/8/8 6/6/6 
f 6/6/6 2/2/2 9/9/9 
f 10/10/10 7/7/7 8/8/8 
f 9/9/9 11/11/11 8/8/8 
f 11/11/11 10/10/10 8/8/8 
f 7/7/7 10/10/10 12/12/12 
f 12/12/12 4/4/4 7/7/7 
f 10/10/10 11/11/11 13/13/13 
f 14/14/14 12/12/12 10/10/10 
f 14/14/14 10/10/10 13/13/13 
f 4/4/4 12/12/12 15/15/15 
f 14/14/14 15/15/15 12/12/12 
f 15/15/15 16/16/16 4/4/4 
f 5/5/5 4/4/4 16/16/16 
f 11/11/11 17/17/17 13/13/13 
f 14/14/14 13/13/13 17/17/17 
f 16/16/16 15/15/15 18/18/18 
f 14/14/14 18/18/18 15/15/15 
f 16/16/16 19/19/19 5/5/5 
f 19/19/19 2/2/2 5/5/5 
f 18/18/18 20/20/20 16/16/16 
f 19/19/19 16/16/16 20/20/20 
f 20/20/20 18/18/18 21/21/21 
f 14/14/14 21/21/21 18/18/18 
f 22/22/22 20/20/20 21/21/21 
f 14/14/14 22/22/22 21/21/21 
f 20/20/20 22/22/22 23/23/23 
f 23/23/23 19/19/19 20/20/20 
f 24/24/24 23/23/23 22/22/22 
f 14/14/14 24/24/24 22/22/22 
f 19/19/19 23/23/23 25/25/25 
f 25/25/25 2/2/2 19/19/19 
f 23/23/23 24/24/24 26/26/26 
f 26/26/26 25/25/25 23/23/23 
f 25/25/25 26/26/26 27/27/27 
f 27/27/27 2/2/2 25/25/25 
f 26/26/26 28/28/28 27/27/27 
f 28/28/28 2/2/2 27/27/27 
f 29/29/29 26/26/26 24/24/24 
f 14/14/14 29/29/29 24/24/24 
f 28/28/28 26/26/26 30/30/30 
f 26/26/26 29/29/29 30/30/30 
f 30/30/30 31/31/31 28/28/28 
f 31/31/31 2/2/2 28/28/28 
f 29/29/29 32/32/32 30/30/30 
f 31/31/31 30/30/30 32/32/32 
f 14/14/14 33/33/33 29/29/29 
f 32/32/32 29/29/29 33/33/33 
f 32/32/32 34/34/34 31/31/31 
f 34/34/34 2/2/2 31/31/31 
f 35/35/35 32/32/32 33/33/33 
f 14/14/14 35/35/35 33/33/33 
f 34/34/34 32/32/32 36/36/36 
f 32/32/32 35/35/35 36/36/36 
f 36/36/36 37/37/37 34/34/34 
f 37/37/37 2/2/2 34/34/34 
f 38/38/38 36/36/36 35/35/35 
f 14/14/14 38/38/38 35/35/35 
f 37/37/37 36/36/36 39/39/39 
f 36/36/36 38/38/38 39/39/39 
f 14/14/14 40/40/40 38/38/38 
f 40/40/40 39/39/39 38/38/38 
f 39/39/39 40/40/40 41/41/41 
f 41/41/41 37/37/37 39/39/39 
f 14/14/14 42/42/42 40/40/40 
f 42/42/42 41/41/41 40/40/40 
f 14/14/14 43/43/43 42/42/42 
f 14/14/14 17/17/17 43/43/43 
f 37/37/37 41/41/41 44/44/44 
f 44/44/44 2/2/2 37/37/37 
f 41/41/41 42/42/42 45/45/45 
f 45/45/45 44/44/44 41/41/41 
f 46/46/46 2/2/2 44/44/44 
f 44/44/44 45/45/45 46/46/46 
f 47/47/47 2/2/2 46/46/46 
f 45/45/45 47/47/47 46/46/46 
f 42/42/42 48/48/48 45/45/45 
f 47/47/47 45/45/45 48/48/48 
f 48/48/48 42/42/42 43/43/43 
f 49/49/49 2/2/2 47/47/47 
f 48/48/48 49/49/49 47/47/47 
f 9/9/9 2/2/2 49/49/49 
f 49/49/49 11/11/11 9/9/9 
f 49/49/49 48/48/48 50/50/50 
f 11/11/11 49/49/49 50/50/50 
f 43/43/43 50/50/50 48/48/48 
f 17/17/17 11/11/11 50/50/50 
f 50/50/50 43/43/43 17/17/17 
f 51/51/51 52/52/52 53/53/53 
f 54/54/54 55/55/55 51/51/51 
f 52/52/52 51/51/51 55/55/55 
f 56/56/56 51/51/51 57/57/57 
f 53/53/53 57/57/57 51/51/51 
f 58/58/58 52/52/52 55/55/55 
f 59/59/59 58/58/58 55/55/55 
f 52/52/52 58/58/58 60/60/60 
f 61/61/61 60/60/60 58/58/58 
f 62/62/62 61/61/61 58/58/58 
f 61/61/61 63/63/63 60/60/60 
f 64/64/64 60/60/60 63/63/63 
f 64/64/64 52/52/52 60/60/60 
f 64/64/64 63/63/63 65/65/65 
f 65/65/65 66/66/66 64/64/64 
f 52/52/52 64/64/64 67/67/67 
f 64/64/64 68/68/68 67/67/67 
f 67/67/67 53/53/53 52/52/52 
f 53/53/53 67/67/67 69/69/69 
f 67/67/67 70/70/70 69/69/69 
f 53/53/53 69/69/69 71/71/71 
f 69/69/69 72/72/72 71/71/71 
f 71/71/71 73/73/73 53/53/53 
f 57/57/57 53/53/53 73/73/73 
f 71/71/71 74/74/74 73/73/73 
f 73/73/73 75/75/75 57/57/57 
f 75/75/75 73/73/73 74/74/74 
f 76/76/76 57/57/57 75/75/75 
f 74/74/74 71/71/71 77/77/77 
f 71/71/71 78/78/78 77/77/77 
f 75/75/75 74/74/74 79/79/79 
f 77/77/77 79/79/79 74/74/74 
f 77/77/77 80/80/80 81/81/81 
f 79/79/79 77/77/77 81/81/81 
f 79/79/79 81/81/81 82/82/82 
f 81/81/81 83/83/83 82/82/82 
f 75/75/75 79/79/79 84/84/84 
f 85/85/85 75/75/75 84/84/84 
f 79/79/79 82/82/82 86/86/86 
f 84/84/84 79/79/79 86/86/86 
f 82/82/82 87/87/87 88/88/88 
f 86/86/86 82/82/82 88/88/88 
f 88/88/88 89/89/89 86/86/86 
f 90/90/90 86/86/86 89/89/89 
f 84/84/84 86/86/86 91/91/91 
f 86/86/86 90/90/90 91/91/91 
f 92/92/92 84/84/84 91/91/91 
f 93/93/93 91/91/91 90/90/90 
f 94/94/94 95/95/95 96/96/96 
f 95/95/95 94/94/94 97/97/97 
f 98/98/98 94/94/94 96/96/96 
f 99/99/99 97/97/97 94/94/94 
f 100/100/100 99/99/99 94/94/94 
f 101/101/101 102/102/102 99/99/99 
f 103/103/103 99/99/99 102/102/102 
f 102/102/102 104/104/104 103/103/103 
f 104/104/104 102/102/102 105/105/105 
f 106/106/106 105/105/105 102/102/102 
f 105/105/105 107/107/107 104/104/104 
f 108/108/108 109/109/109 105/105/105 
f 107/107/107 105/105/105 109/109/109 
f 110/110/110 104/104/104 107/107/107 
f 104/104/104 110/110/110 111/111/111 
f 111/111/111 110/110/110 112/112/112 
f 107/107/107 113/113/113 110/110/110 
f 110/110/110 113/113/113 114/114/114 
f 115/115/115 107/107/107 109/109/109 
f 113/113/113 107/107/107 115/115/115 
f 115/115/115 109/109/109 116/116/116 
f 117/117/117 116/116/116 109/109/109 
f 118/118/118 113/113/113 115/115/115 
f 116/116/116 118/118/118 115/115/115 
f 113/113/113 118/118/118 119/119/119 
f 113/113/113 119/119/119 120/120/120 
f 118/118/118 116/116/116 121/121/121 
f 122/122/122 121/121/121 116/116/116 
f 123/123/123 124/124/124 125/125/125 
f 126/126/126 127/127/127 123/123/123 
f 124/124/124 123/123/123 127/127/127 
f 128/128/128 124/124/124 127/127/127 
f 129/129/129 128/128/128 127/127/127 
f 130/130/130 131/131/131 128/128/128 
f 132/132/132 128/128/128 131/131/131 
f 128/128/128 132/132/132 133/133/133 
f 124/124/124 128/128/128 133/133/133 
f 134/134/134 133/133/133 132/132/132 
f 133/133/133 134/134/134 135/135/135 
f 134/134/134 136/136/136 135/135/135 
f 133/133/133 137/137/137 124/124/124 
f 137/137/137 133/133/133 135/135/135 
f 135/135/135 138/138/138 137/137/137 
f 137/137/137 125/125/125 124/124/124 
f 125/125/125 137/137/137 139/139/139 
f 137/137/137 140/140/140 139/139/139 
f 139/139/139 141/141/141 125/125/125 
f 139/139/139 142/142/142 143/143/143 
f 141/141/141 139/139/139 143/143/143 
f 144/144/144 125/125/125 141/141/141 
f 125/125/125 144/144/144 123/123/123 
f 145/145/145 123/123/123 144/144/144 
f 141/141/141 143/143/143 146/146/146 
f 143/143/143 147/147/147 146/146/146 
f 144/144/144 141/141/141 148/148/148 
f 146/146/146 148/148/148 141/141/141 
f 148/148/148 149/149/149 144/144/144 
f 150/150/150 144/144/144 149/149/149 
f 148/148/148 151/151/151 149/149/149 
f 152/152/152 149/149/149 151/151/151 
f 146/146/146 153/153/153 148/148/148 
f 151/151/151 148/148/148 153/153/153 
f 153/153/153 146/146/146 154/154/154 
f 146/146/146 155/155/155 154/154/154 
f 153/153/153 154/154/154 156/156/156 
f 154/154/154 157/157/157 156/156/156 
f 151/151/151 153/153/153 158/158/158 
f 156/156/156 158/158/158 153/153/153 
f 158/158/158 156/156/156 159/159/159 
f 156/156/156 160/160/160 159/159/159 
f 159/159/159 161/161/161 158/158/158 
f 158/158/158 162/162/162 151/151/151 
f 162/162/162 158/158/158 161/161/161 
f 163/163/163 151/151/151 162/162/162 
f 162/162/162 161/161/161 164/164/164 
f 165/165/165 162/162/162 164/164/164 
f 166/166/166 167/167/167 168/168/168 
f 169/169/169 166/166/166 168/168/168 
f 168/168/168 167/167/167 170/170/170 
f 171/171/171 168/168/168 170/170/170 
f 172/172/172 170/170/170 173/173/173 
f 170/170/170 174/174/174 173/173/173 
f 170/170/170 167/167/167 174/174/174 
f 175/175/175 173/173/173 174/174/174 
f 174/174/174 176/176/176 175/175/175 
f 176/176/176 174/174/174 177/177/177 
f 176/176/176 177/177/177 178/178/178 
f 167/167/167 177/177/177 174/174/174 
f 177/177/177 167/167/167 179/179/179 
f 177/177/177 179/179/179 180/180/180 
f 167/167/167 181/181/181 179/179/179 
f 179/179/179 181/181/181 182/182/182 
f 183/183/183 181/181/181 167/167/167 
f 167/167/167 166/166/166 183/183/183 
f 183/183/183 184/184/184 181/181/181 
f 181/181/181 184/184/184 185/185/185 
f 186/186/186 183/183/183 166/166/166 
f 187/187/187 186/186/186 166/166/166 
f 188/188/188 184/184/184 183/183/183 
f 183/183/183 186/186/186 188/188/188 
f 189/189/189 184/184/184 188/188/188 
f 186/186/186 189/189/189 188/188/188 
f 184/184/184 189/189/189 190/190/190 
f 184/184/184 190/190/190 191/191/191 
f 189/189/189 186/186/186 192/192/192 
f 193/193/193 192/192/192 186/186/186 
f 194/194/194 190/190/190 189/189/189 
f 192/192/192 194/194/194 189/189/189 
f 190/190/190 195/195/195 196/196/196 
f 190/190/190 194/194/194 195/195/195 
f 194/194/194 192/192/192 197/197/197 
f 198/198/198 197/197/197 192/192/192 
f 194/194/194 199/199/199 195/195/195 
f 195/195/195 199/199/199 200/200/200 
f 201/201/201 194/194/194 197/197/197 
f 202/202/202 201/201/201 197/197/197 
f 199/199/199 194/194/194 203/203/203 
f 194/194/194 201/201/201 203/203/203 
f 199/199/199 203/203/203 204/204/204 
f 199/199/199 204/204/204 205/205/205 
f 204/204/204 203/203/203 206/206/206 
f 203/203/203 207/207/207 206/206/206 
f 207/207/207 203/203/203 201/201/201 
f 208/208/208 207/207/207 201/201/201 
f 209/209/209 210/210/210 211/211/211 
f 212/212/212 210/210/210 213/213/213 
f 210/210/210 209/209/209 213/213/213 
f 209/209/209 214/214/214 213/213/213 
f 215/215/215 213/213/213 214/214/214 
f 214/214/214 209/209/209 216/216/216 
f 217/217/217 214/214/214 218/218/218 
f 219/219/219 218/218/218 214/214/214 
f 214/214/214 216/216/216 219/219/219 
f 219/219/219 220/220/220 218/218/218 
f 221/221/221 218/218/218 220/220/220 
f 222/222/222 216/216/216 209/209/209 
f 211/211/211 222/222/222 209/209/209 
f 216/216/216 222/222/222 223/223/223 
f 222/222/222 224/224/224 223/223/223 
f 216/216/216 223/223/223 225/225/225 
f 225/225/225 219/219/219 216/216/216 
f 223/223/223 226/226/226 225/225/225 
f 225/225/225 227/227/227 219/219/219 
f 220/220/220 219/219/219 227/227/227 
f 227/227/227 225/225/225 228/228/228 
f 225/225/225 229/229/229 228/228/228 
f 227/227/227 230/230/230 220/220/220 
f 231/231/231 220/220/220 230/230/230 
f 228/228/228 232/232/232 227/227/227 
f 230/230/230 227/227/227 232/232/232 
f 232/232/232 228/228/228 233/233/233 
f 228/228/228 234/234/234 233/233/233 
f 232/232/232 233/233/233 235/235/235 
f 233/233/233 236/236/236 235/235/235 
f 232/232/232 235/235/235 237/237/237 
f 230/230/230 232/232/232 237/237/237 
f 237/237/237 238/238/238 230/230/230 
f 239/239/239 230/230/230 238/238/238 
f 240/240/240 241/241/241 242/242/242 
f 241/241/241 240/240/240 243/243/243 
f 241/241/241 243/243/243 244/244/244 
f 242/242/242 245/245/245 240/240/240 
f 244/244/244 246/246/246 241/241/241 
f 245/245/245 246/246/246 244/244/244 
f 247/247/247 242/242/242 241/241/241 
f 247/247/247 241/241/241 246/246/246 
f 245/245/245 242/242/242 248/248/248 
f 246/246/246 245/245/245 248/248/248 
f 242/242/242 247/247/247 249/249/249 
f 249/249/249 248/248/248 242/242/242 
f 246/246/246 250/250/250 247/247/247 
f 248/248/248 250/250/250 246/246/246 
f 251/251/251 249/249/249 247/247/247 
f 251/251/251 247/247/247 250/250/250 
f 248/248/248 249/249/249 252/252/252 
f 250/250/250 248/248/248 252/252/252 
f 249/249/249 251/251/251 253/253/253 
f 253/253/253 252/252/252 249/249/249 
f 250/250/250 254/254/254 251/251/251 
f 254/254/254 250/250/250 252/252/252 
f 255/255/255 253/253/253 251/251/251 
f 254/254/254 255/255/255 251/251/251 
f 253/253/253 255/255/255 256/256/256 
f 255/255/255 254/254/254 257/257/257 
f 252/252/252 253/253/253 258/258/258 
f 252/252/252 258/258/258 254/254/254 
f 256/256/256 258/258/258 253/253/253 
f 257/257/257 254/254/254 258/258/258 
f 258/258/258 256/256/256 259/259/259 
f 258/258/258 259/259/259 257/257/257 
f 260/260/260 261/261/261 262/262/262 
f 262/262/262 261/261/261 263/263/263 
f 261/261/261 260/260/260 264/264/264 
f 260/260/260 265/265/265 264/264/264 
f 266/266/266 263/263/263 265/265/265 
f 265/265/265 260/260/260 266/266/266 
f 262/262/262 263/263/263 267/267/267 
f 263/263/263 266/266/266 267/267/267 
f 268/268/268 260/260/260 262/262/262 
f 268/268/268 262/262/262 267/267/267 
f 269/269/269 266/266/266 260/260/260 
f 260/260/260 268/268/268 269/269/269 
f 270/270/270 267/267/267 266/266/266 
f 267/267/267 270/270/270 268/268/268 
f 266/266/266 271/271/271 270/270/270 
f 266/266/266 269/269/269 271/271/271 
f 272/272/272 268/268/268 270/270/270 
f 272/272/272 270/270/270 271/271/271 
f 273/273/273 269/269/269 268/268/268 
f 268/268/268 272/272/272 273/273/273 
f 274/274/274 271/271/271 269/269/269 
f 271/271/271 274/274/274 272/272/272 
f 275/275/275 272/272/272 274/274/274 
f 275/275/275 273/273/273 272/272/272 
f 274/274/274 276/276/276 275/275/275 
f 273/273/273 275/275/275 277/277/277 
f 269/269/269 278/278/278 274/274/274 
f 269/269/269 273/273/273 278/278/278 
f 276/276/276 274/274/274 278/278/278 
f 277/277/277 278/278/278 273/273/273 
f 278/278/278 279/279/279 276/276/276 
f 278/278/278 277/277/277 279/279/279 
f 280/280/280 281/281/281 282/282/282 
f 283/283/283 282/282/282 281/281/281 
f 280/280/280 284/284/284 281/281/281 
f 285/285/285 281/281/281 284/284/284 
f 284/284/284 280/280/280 286/286/286 
f 287/287/287 284/284/284 286/286/286 
f 280/280/280 288/288/288 286/286/286 
f 288/288/288 287/287/287 286/286/286 
f 289/289/289 284/284/284 290/290/290 
f 284/284/284 287/287/287 290/290/290 
f 287/287/287 291/291/291 290/290/290 
f 292/292/292 290/290/290 291/291/291 
f 291/291/291 287/287/287 293/293/293 
f 287/287/287 288/288/288 294/294/294 
f 294/294/294 293/293/293 287/287/287 
f 288/288/288 295/295/295 294/294/294 
f 293/293/293 294/294/294 296/296/296 
f 294/294/294 297/297/297 296/296/296 
f 293/293/293 298/298/298 291/291/291 
f 299/299/299 291/291/291 298/298/298 
f 300/300/300 293/293/293 296/296/296 
f 296/296/296 301/301/301 300/300/300 
f 298/298/298 293/293/293 302/302/302 
f 293/293/293 300/300/300 302/302/302 
f 302/302/302 303/303/303 298/298/298 
f 304/304/304 298/298/298 303/303/303 
f 303/303/303 302/302/302 305/305/305 
f 302/302/302 306/306/306 305/305/305 
f 306/306/306 302/302/302 300/300/300 
f 300/300/300 307/307/307 306/306/306 
f 308/308/308 309/309/309 310/310/310 
f 311/311/311 312/312/312 309/309/309 
f 313/313/313 308/308/308 310/310/310 
f 308/308/308 313/313/313 314/314/314 
f 313/313/313 315/315/315 314/314/314 
f 310/310/310 316/316/316 313/313/313 
f 316/316/316 317/317/317 313/313/313 
f 310/310/310 318/318/318 316/316/316 
f 318/318/318 319/319/319 316/316/316 
f 309/309/309 320/320/320 310/310/310 
f 318/318/318 310/310/310 320/320/320 
f 320/320/320 309/309/309 312/312/312 
f 321/321/321 320/320/320 312/312/312 
f 322/322/322 321/321/321 312/312/312 
f 321/321/321 323/323/323 320/320/320 
f 323/323/323 318/318/318 320/320/320 
f 318/318/318 323/323/323 324/324/324 
f 324/324/324 325/325/325 318/318/318 
f 326/326/326 327/327/327 328/328/328 
f 329/329/329 328/328/328 327/327/327 
f 330/330/330 331/331/331 328/328/328 
f 332/332/332 328/328/328 331/331/331 
f 328/328/328 332/332/332 326/326/326 
f 333/333/333 334/334/334 331/331/331 
f 334/334/334 332/332/332 331/331/331 
f 332/332/332 334/334/334 335/335/335 
f 336/336/336 332/332/332 335/335/335 
f 332/332/332 336/336/336 337/337/337 
f 337/337/337 326/326/326 332/332/332 
f 336/336/336 338/338/338 337/337/337 
f 326/326/326 337/337/337 339/339/339 
f 337/337/337 340/340/340 339/339/339 
f 339/339/339 341/341/341 326/326/326 
f 327/327/327 326/326/326 341/341/341 
f 339/339/339 342/342/342 343/343/343 
f 341/341/341 339/339/339 343/343/343 
f 341/341/341 344/344/344 327/327/327 
f 345/345/345 327/327/327 344/344/344 
f 346/346/346 341/341/341 343/343/343 
f 343/343/343 347/347/347 346/346/346 
f 344/344/344 341/341/341 348/348/348 
f 341/341/341 346/346/346 348/348/348 
f 349/349/349 344/344/344 348/348/348 
f 346/346/346 349/349/349 348/348/348 
f 346/346/346 350/350/350 351/351/351 
f 349/349/349 346/346/346 351/351/351 
f 352/352/352 349/349/349 351/351/351 
f 351/351/351 353/353/353 352/352/352 
f 344/344/344 349/349/349 354/354/354 
f 355/355/355 344/344/344 354/354/354 
f 349/349/349 352/352/352 356/356/356 
f 356/356/356 354/354/354 349/349/349 
f 357/357/357 356/356/356 352/352/352 
f 352/352/352 358/358/358 357/357/357 
f 354/354/354 356/356/356 359/359/359 
f 360/360/360 354/354/354 359/359/359 
f 356/356/356 357/357/357 361/361/361 
f 361/361/361 359/359/359 356/356/356 
f 357/357/357 362/362/362 363/363/363 
f 363/363/363 361/361/361 357/357/357 
f 361/361/361 363/363/363 364/364/364 
f 365/365/365 361/361/361 364/364/364 
f 359/359/359 361/361/361 366/366/366 
f 361/361/361 365/365/365 366/366/366 
f 367/367/367 359/359/359 366/366/366 
f 368/368/368 366/366/366 365/365/365 
f 369/369/369 370/370/370 371/371/371 
f 370/370/370 369/369/369 372/372/372 
f 370/370/370 372/372/372 373/373/373 
f 371/371/371 374/374/374 369/369/369 
f 373/373/373 375/375/375 370/370/370 
f 374/374/374 375/375/375 373/373/373 
f 376/376/376 371/371/371 370/370/370 
f 376/376/376 370/370/370 375/375/375 
f 374/374/374 371/371/371 377/377/377 
f 375/375/375 374/374/374 377/377/377 
f 371/371/371 376/376/376 378/378/378 
f 378/378/378 377/377/377 371/371/371 
f 375/375/375 379/379/379 376/376/376 
f 379/379/379 375/375/375 377/377/377 
f 380/380/380 378/378/378 376/376/376 
f 380/380/380 376/376/376 379/379/379 
f 378/378/378 380/380/380 381/381/381 
f 379/379/379 382/382/382 380/380/380 
f 377/377/377 378/378/378 383/383/383 
f 377/377/377 383/383/383 379/379/379 
f 381/381/381 383/383/383 378/378/378 
f 382/382/382 379/379/379 383/383/383 
f 383/383/383 381/381/381 384/384/384 
f 383/383/383 384/384/384 382/382/382 
f 385/385/385 386/386/386 387/387/387 
f 386/386/386 388/388/388 387/387/387 
f 388/388/388 386/386/386 389/389/389 
f 390/390/390 387/387/387 388/388/388 
f 391/391/391 388/388/388 389/389/389 
f 388/388/388 392/392/392 390/390/390 
f 388/388/388 391/391/391 392/392/392 
f 392/392/392 391/391/391 393/393/393 
f 394/394/394 390/390/390 392/392/392 
f 394/394/394 392/392/392 395/395/395 
f 396/396/396 397/397/397 398/398/398 
f 399/399/399 396/396/396 398/398/398 
f 398/398/398 397/397/397 400/400/400 
f 399/399/399 398/398/398 401/401/401 
f 398/398/398 400/400/400 401/401/401 
f 397/397/397 402/402/402 400/400/400 
f 402/402/402 397/397/397 403/403/403 
f 400/400/400 402/402/402 404/404/404 
f 397/397/397 405/405/405 403/403/403 
f 405/405/405 397/397/397 406/406/406 
f 406/406/406 404/404/404 405/405/405 
f 397/397/397 396/396/396 406/406/406 
f 404/404/404 406/406/406 407/407/407 
f 400/400/400 404/404/404 407/407/407 
f 396/396/396 407/407/407 406/406/406 
f 408/408/408 400/400/400 407/407/407 
f 407/407/407 396/396/396 408/408/408 
f 400/400/400 408/408/408 401/401/401 
f 409/409/409 408/408/408 396/396/396 
f 396/396/396 399/399/399 409/409/409 
f 410/410/410 401/401/401 408/408/408 
f 401/401/401 410/410/410 399/399/399 
f 408/408/408 411/411/411 410/410/410 
f 408/408/408 409/409/409 411/411/411 
f 412/412/412 399/399/399 410/410/410 
f 412/412/412 410/410/410 411/411/411 
f 413/413/413 409/409/409 399/399/399 
f 399/399/399 412/412/412 413/413/413 
f 414/414/414 411/411/411 409/409/409 
f 411/411/411 414/414/414 412/412/412 
f 415/415/415 412/412/412 414/414/414 
f 415/415/415 413/413/413 412/412/412 
f 414/414/414 416/416/416 415/415/415 
f 413/413/413 415/415/415 417/417/417 
f 409/409/409 418/418/418 414/414/414 
f 409/409/409 413/413/413 418/418/418 
f 416/416/416 414/414/414 418/418/418 
f 417/417/417 418/418/418 413/413/413 
f 416/416/416 418/418/418 419/419/419 
f 418/418/418 417/417/417 419/419/419 
f 420/420/420 421/421/421 422/422/422 
f 423/423/423 422/422/422 421/421/421 
f 424/424/424 425/425/425 422/422/422 
f 426/426/426 422/422/422 425/425/425 
f 422/422/422 426/426/426 420/420/420 
f 427/427/427 428/428/428 425/425/425 
f 428/428/428 426/426/426 425/425/425 
f 428/428/428 429/429/429 426/426/426 
f 430/430/430 426/426/426 429/429/429 
f 426/426/426 430/430/430 431/431/431 
f 431/431/431 420/420/420 426/426/426 
f 430/430/430 432/432/432 431/431/431 
f 420/420/420 431/431/431 433/433/433 
f 431/431/431 434/434/434 433/433/433 
f 435/435/435 420/420/420 433/433/433 
f 433/433/433 436/436/436 435/435/435 
f 435/435/435 437/437/437 420/420/420 
f 421/421/421 420/420/420 437/437/437 
f 435/435/435 438/438/438 437/437/437 
f 437/437/437 439/439/439 421/421/421 
f 439/439/439 437/437/437 438/438/438 
f 440/440/440 421/421/421 439/439/439 
f 438/438/438 435/435/435 441/441/441 
f 435/435/435 442/442/442 441/441/441 
f 439/439/439 438/438/438 443/443/443 
f 441/441/441 443/443/443 438/438/438 
f 441/441/441 444/444/444 445/445/445 
f 443/443/443 441/441/441 445/445/445 
f 446/446/446 443/443/443 445/445/445 
f 445/445/445 447/447/447 446/446/446 
f 443/443/443 448/448/448 439/439/439 
f 449/449/449 439/439/439 448/448/448 
f 446/446/446 450/450/450 443/443/443 
f 448/448/448 443/443/443 450/450/450 
f 451/451/451 448/448/448 452/452/452 
f 450/450/450 452/452/452 448/448/448 
f 450/450/450 453/453/453 452/452/452 
f 454/454/454 452/452/452 453/453/453 
f 455/455/455 450/450/450 446/446/446 
f 446/446/446 456/456/456 455/455/455 
f 453/453/453 450/450/450 457/457/457 
f 450/450/450 455/455/455 457/457/457 
f 453/453/453 457/457/457 458/458/458 
f 455/455/455 458/458/458 457/457/457 
f 458/458/458 459/459/459 453/453/453 
f 460/460/460 453/453/453 459/459/459 
f 458/458/458 455/455/455 461/461/461 
f 455/455/455 462/462/462 461/461/461 
f 463/463/463 464/464/464 465/465/465 
f 466/466/466 465/465/465 464/464/464 
f 463/463/463 467/467/467 464/464/464 
f 468/468/468 464/464/464 467/467/467 
f 465/465/465 469/469/469 463/463/463 
f 470/470/470 471/471/471 465/465/465 
f 469/469/469 465/465/465 471/471/471 
f 472/472/472 473/473/473 471/471/471 
f 474/474/474 471/471/471 473/473/473 
f 471/471/471 474/474/474 475/475/475 
f 469/469/469 471/471/471 475/475/475 
f 474/474/474 476/476/476 475/475/475 
f 476/476/476 469/469/469 475/475/475 
f 474/474/474 477/477/477 476/476/476 
f 477/477/477 478/478/478 476/476/476 
f 469/469/469 476/476/476 479/479/479 
f 476/476/476 480/480/480 479/479/479 
f 469/469/469 479/479/479 481/481/481 
f 481/481/481 463/463/463 469/469/469 
f 479/479/479 482/482/482 481/481/481 
f 483/483/483 463/463/463 481/481/481 
f 481/481/481 484/484/484 483/483/483 
f 483/483/483 485/485/485 463/463/463 
f 467/467/467 463/463/463 485/485/485 
f 486/486/486 485/485/485 483/483/483 
f 483/483/483 487/487/487 486/486/486 
f 485/485/485 488/488/488 467/467/467 
f 489/489/489 467/467/467 488/488/488 
f 485/485/485 486/486/486 490/490/490 
f 488/488/488 485/485/485 490/490/490 
f 486/486/486 491/491/491 490/490/490 
f 491/491/491 488/488/488 490/490/490 
f 492/492/492 488/488/488 493/493/493 
f 488/488/488 491/491/491 493/493/493 
f 491/491/491 494/494/494 493/493/493 
f 495/495/495 493/493/493 494/494/494 
f 491/491/491 486/486/486 496/496/496 
f 486/486/486 497/497/497 496/496/496 
f 494/494/494 491/491/491 498/498/498 
f 496/496/496 498/498/498 491/491/491 
f 499/499/499 494/494/494 500/500/500 
f 498/498/498 500/500/500 494/494/494 
f 500/500/500 498/498/498 501/501/501 
f 498/498/498 502/502/502 501/501/501 
f 498/498/498 496/496/496 503/503/503 
f 498/498/498 503/503/503 502/502/502 
f 496/496/496 504/504/504 503/503/503 
f 503/503/503 505/505/505 502/502/502 
f 506/506/506 507/507/507 508/508/508 
f 507/507/507 506/506/506 509/509/509 
f 508/508/508 507/507/507 510/510/510 
f 506/506/506 511/511/511 509/509/509 
f 510/510/510 512/512/512 508/508/508 
f 513/513/513 510/510/510 511/511/511 
f 510/510/510 513/513/513 512/512/512 
f 511/511/511 506/506/506 513/513/513 
f 514/514/514 508/508/508 512/512/512 
f 514/514/514 512/512/512 513/513/513 
f 515/515/515 506/506/506 508/508/508 
f 508/508/508 514/514/514 515/515/515 
f 516/516/516 513/513/513 506/506/506 
f 513/513/513 516/516/516 514/514/514 
f 517/517/517 514/514/514 516/516/516 
f 517/517/517 515/515/515 514/514/514 
f 516/516/516 518/518/518 517/517/517 
f 515/515/515 517/517/517 519/519/519 
f 506/506/506 520/520/520 516/516/516 
f 506/506/506 515/515/515 520/520/520 
f 518/518/518 516/516/516 520/520/520 
f 519/519/519 520/520/520 515/515/515 
f 518/518/518 520/520/520 521/521/521 
f 520/520/520 519/519/519 521/521/521 
f 522/522/522 523/523/523 524/524/524 
f 523/523/523 525/525/525 524/524/524 
f 525/525/525 523/523/523 526/526/526 
f 525/525/525 527/527/527 524/524/524 
f 528/528/528 524/524/524 527/527/527 
f 527/527/527 525/525/525 529/529/529 
f 530/530/530 529/529/529 525/525/525 
f 526/526/526 530/530/530 525/525/525 
f 530/530/530 526/526/526 531/531/531 
f 531/531/531 532/532/532 530/530/530 
f 533/533/533 534/534/534 535/535/535 
f 536/536/536 533/533/533 535/535/535 
f 537/537/537 535/535/535 538/538/538 
f 535/535/535 539/539/539 538/538/538 
f 539/539/539 535/535/535 534/534/534 
f 540/540/540 538/538/538 541/541/541 
f 541/541/541 538/538/538 539/539/539 
f 542/542/542 541/541/541 539/539/539 
f 539/539/539 543/543/543 542/542/542 
f 543/543/543 539/539/539 544/544/544 
f 534/534/534 544/544/544 539/539/539 
f 543/543/543 544/544/544 545/545/545 
f 544/544/544 534/534/534 546/546/546 
f 544/544/544 546/546/546 547/547/547 
f 548/548/548 546/546/546 534/534/534 
f 534/534/534 533/533/533 548/548/548 
f 546/546/546 548/548/548 549/549/549 
f 546/546/546 549/549/549 550/550/550 
f 548/548/548 551/551/551 549/549/549 
f 549/549/549 551/551/551 552/552/552 
f 533/533/533 553/553/553 548/548/548 
f 551/551/551 548/548/548 553/553/553 
f 553/553/553 533/533/533 554/554/554 
f 555/555/555 554/554/554 533/533/533 
f 556/556/556 551/551/551 553/553/553 
f 554/554/554 556/556/556 553/553/553 
f 551/551/551 557/557/557 558/558/558 
f 551/551/551 556/556/556 557/557/557 
f 556/556/556 554/554/554 559/559/559 
f 560/560/560 559/559/559 554/554/554 
f 557/557/557 556/556/556 561/561/561 
f 557/557/557 561/561/561 562/562/562 
f 556/556/556 559/559/559 563/563/563 
f 556/556/556 563/563/563 561/561/561 
f 564/564/564 563/563/563 559/559/559 
f 565/565/565 564/564/564 559/559/559 
f 561/561/561 563/563/563 566/566/566 
f 561/561/561 566/566/566 567/567/567 
f 563/563/563 564/564/564 568/568/568 
f 568/568/568 566/566/566 563/563/563 
f 569/569/569 570/570/570 564/564/564 
f 564/564/564 570/570/570 568/568/568 
f 566/566/566 568/568/568 571/571/571 
f 566/566/566 571/571/571 572/572/572 
f 573/573/573 571/571/571 568/568/568 
f 568/568/568 574/574/574 573/573/573 
f 574/574/574 568/568/568 570/570/570 
f 575/575/575 574/574/574 570/570/570 
f 576/576/576 577/577/577 578/578/578 
f 577/577/577 576/576/576 579/579/579 
f 580/580/580 579/579/579 576/576/576 
f 581/581/581 576/576/576 578/578/578 
f 576/576/576 581/581/581 582/582/582 
f 583/583/583 576/576/576 582/582/582 
f 578/578/578 584/584/584 581/581/581 
f 585/585/585 582/582/582 581/581/581 
f 584/584/584 585/585/585 581/581/581 
f 584/584/584 578/578/578 586/586/586 
f 577/577/577 586/586/586 578/578/578 
f 586/586/586 587/587/587 584/584/584 
f 586/586/586 577/577/577 588/588/588 
f 588/588/588 589/589/589 586/586/586 
f 577/577/577 590/590/590 588/588/588 
f 590/590/590 591/591/591 588/588/588 
f 585/585/585 584/584/584 592/592/592 
f 584/584/584 593/593/593 592/592/592 
f 582/582/582 585/585/585 594/594/594 
f 595/595/595 582/582/582 594/594/594 
f 592/592/592 596/596/596 585/585/585 
f 596/596/596 594/594/594 585/585/585 
f 592/592/592 597/597/597 598/598/598 
f 596/596/596 592/592/592 598/598/598 
f 599/599/599 594/594/594 600/600/600 
f 594/594/594 596/596/596 600/600/600 
f 596/596/596 601/601/601 600/600/600 
f 602/602/602 600/600/600 601/601/601 
f 603/603/603 596/596/596 598/598/598 
f 598/598/598 604/604/604 603/603/603 
f 601/601/601 596/596/596 605/605/605 
f 596/596/596 603/603/603 605/605/605 
f 605/605/605 606/606/606 601/601/601 
f 607/607/607 601/601/601 606/606/606 
f 606/606/606 605/605/605 608/608/608 
f 603/603/603 608/608/608 605/605/605 
f 608/608/608 603/603/603 609/609/609 
f 603/603/603 610/610/610 609/609/609 
f 611/611/611 612/612/612 613/613/613 
f 614/614/614 613/613/613 612/612/612 
f 615/615/615 611/611/611 613/613/613 
f 616/616/616 615/615/615 613/613/613 
f 612/612/612 611/611/611 617/617/617 
f 618/618/618 619/619/619 615/615/615 
f 620/620/620 612/612/612 621/621/621 
f 612/612/612 617/617/617 621/621/621 
f 622/622/622 621/621/621 623/623/623 
f 621/621/621 624/624/624 623/623/623 
f 624/624/624 621/621/621 625/625/625 
f 621/621/621 617/617/617 625/625/625 
f 625/625/625 626/626/626 624/624/624 
f 626/626/626 625/625/625 627/627/627 
f 626/626/626 627/627/627 628/628/628 
f 625/625/625 629/629/629 627/627/627 
f 629/629/629 625/625/625 617/617/617 
f 627/627/627 629/629/629 630/630/630 
f 617/617/617 631/631/631 629/629/629 
f 629/629/629 631/631/631 632/632/632 
f 631/631/631 617/617/617 611/611/611 
f 633/633/633 631/631/631 611/611/611 
f 611/611/611 615/615/615 633/633/633 
f 631/631/631 633/633/633 634/634/634 
f 631/631/631 634/634/634 635/635/635 
f 615/615/615 636/636/636 633/633/633 
f 619/619/619 636/636/636 615/615/615 
f 633/633/633 637/637/637 634/634/634 
f 636/636/636 637/637/637 633/633/633 
f 634/634/634 637/637/637 638/638/638 
f 639/639/639 636/636/636 619/619/619 
f 640/640/640 639/639/639 619/619/619 
f 641/641/641 637/637/637 636/636/636 
f 636/636/636 639/639/639 641/641/641 
f 637/637/637 641/641/641 642/642/642 
f 637/637/637 642/642/642 643/643/643 
f 644/644/644 641/641/641 639/639/639 
f 645/645/645 644/644/644 639/639/639 
f 646/646/646 642/642/642 641/641/641 
f 641/641/641 644/644/644 646/646/646 
f 642/642/642 646/646/646 647/647/647 
f 642/642/642 647/647/647 648/648/648 
f 647/647/647 646/646/646 649/649/649 
f 647/647/647 649/649/649 650/650/650 
f 651/651/651 649/649/649 646/646/646 
f 644/644/644 651/651/651 646/646/646 
f 651/651/651 644/644/644 652/652/652 
f 653/653/653 652/652/652 644/644/644 
f 654/654/654 655/655/655 656/656/656 
f 655/655/655 654/654/654 657/657/657 
f 658/658/658 657/657/657 654/654/654 
f 656/656/656 659/659/659 654/654/654 
f 660/660/660 654/654/654 659/659/659 
f 659/659/659 656/656/656 661/661/661 
f 661/661/661 662/662/662 659/659/659 
f 663/663/663 659/659/659 662/662/662 
f 664/664/664 661/661/661 656/656/656 
f 662/662/662 661/661/661 665/665/665 
f 664/664/664 665/665/665 661/661/661 
f 664/664/664 656/656/656 666/666/666 
f 666/666/666 656/656/656 655/655/655 
f 666/666/666 667/667/667 664/664/664 
f 665/665/665 664/664/664 668/668/668 
f 664/664/664 669/669/669 668/668/668 
f 666/666/666 655/655/655 670/670/670 
f 670/670/670 671/671/671 666/666/666 
f 655/655/655 672/672/672 670/670/670 
f 672/672/672 673/673/673 670/670/670 
f 674/674/674 675/675/675 672/672/672 
f 672/672/672 676/676/676 674/674/674 
f 676/676/676 672/672/672 677/677/677 
f 672/672/672 655/655/655 677/677/677 
f 677/677/677 678/678/678 676/676/676 
f 655/655/655 679/679/679 677/677/677 
f 678/678/678 677/677/677 679/679/679 
f 680/680/680 678/678/678 679/679/679 
f 655/655/655 657/657/657 679/679/679 
f 681/681/681 679/679/679 657/657/657 
f 682/682/682 683/683/683 684/684/684 
f 684/684/684 683/683/683 685/685/685 
f 683/683/683 682/682/682 686/686/686 
f 682/682/682 687/687/687 686/686/686 
f 688/688/688 685/685/685 687/687/687 
f 687/687/687 682/682/682 688/688/688 
f 685/685/685 689/689/689 684/684/684 
f 685/685/685 688/688/688 689/689/689 
f 690/690/690 682/682/682 684/684/684 
f 690/690/690 684/684/684 689/689/689 
f 691/691/691 688/688/688 682/682/682 
f 682/682/682 690/690/690 691/691/691 
f 692/692/692 689/689/689 688/688/688 
f 689/689/689 692/692/692 690/690/690 
f 693/693/693 690/690/690 692/692/692 
f 693/693/693 691/691/691 690/690/690 
f 692/692/692 694/694/694 693/693/693 
f 691/691/691 693/693/693 695/695/695 
f 688/688/688 696/696/696 692/692/692 
f 688/688/688 691/691/691 696/696/696 
f 694/694/694 692/692/692 696/696/696 
f 695/695/695 696/696/696 691/691/691 
f 696/696/696 697/697/697 694/694/694 
f 696/696/696 695/695/695 697/697/697 
f 698/698/698 699/699/699 700/700/700 
f 699/699/699 698/698/698 701/701/701 
f 702/702/702 701/701/701 698/698/698 
f 703/703/703 698/698/698 700/700/700 
f 704/704/704 698/698/698 705/705/705 
f 698/698/698 703/703/703 705/705/705 
f 703/703/703 706/706/706 705/705/705 
f 707/707/707 705/705/705 706/706/706 
f 700/700/700 708/708/708 703/703/703 
f 706/706/706 703/703/703 709/709/709 
f 708/708/708 709/709/709 703/703/703 
f 708/708/708 700/700/700 710/710/710 
f 699/699/699 710/710/710 700/700/700 
f 710/710/710 711/711/711 708/708/708 
f 710/710/710 699/699/699 712/712/712 
f 712/712/712 713/713/713 710/710/710 
f 709/709/709 708/708/708 714/714/714 
f 708/708/708 715/715/715 714/714/714 
f 714/714/714 716/716/716 709/709/709 
f 716/716/716 706/706/706 709/709/709 
f 714/714/714 717/717/717 718/718/718 
f 716/716/716 714/714/714 718/718/718 
f 719/719/719 706/706/706 720/720/720 
f 706/706/706 716/716/716 720/720/720 
f 716/716/716 721/721/721 720/720/720 
f 722/722/722 720/720/720 721/721/721 
f 723/723/723 716/716/716 718/718/718 
f 718/718/718 724/724/724 723/723/723 
f 721/721/721 716/716/716 725/725/725 
f 716/716/716 723/723/723 725/725/725 
f 725/725/725 726/726/726 721/721/721 
f 727/727/727 721/721/721 726/726/726 
f 726/726/726 725/725/725 728/728/728 
f 723/723/723 728/728/728 725/725/725 
f 728/728/728 723/723/723 729/729/729 
f 723/723/723 730/730/730 729/729/729 
f 731/731/731 732/732/732 733/733/733 
f 734/734/734 732/732/732 735/735/735 
f 732/732/732 731/731/731 735/735/735 
f 736/736/736 737/737/737 732/732/732 
f 737/737/737 733/733/733 732/732/732 
f 738/738/738 739/739/739 737/737/737 
f 739/739/739 740/740/740 737/737/737 
f 733/733/733 737/737/737 740/740/740 
f 740/740/740 739/739/739 741/741/741 
f 742/742/742 740/740/740 741/741/741 
f 740/740/740 742/742/742 743/743/743 
f 743/743/743 733/733/733 740/740/740 
f 742/742/742 744/744/744 743/743/743 
f 733/733/733 743/743/743 745/745/745 
f 743/743/743 746/746/746 745/745/745 
f 747/747/747 733/733/733 745/745/745 
f 745/745/745 748/748/748 747/747/747 
f 733/733/733 747/747/747 731/731/731 
f 749/749/749 731/731/731 747/747/747 
f 747/747/747 750/750/750 749/749/749 
f 731/731/731 749/749/749 751/751/751 
f 752/752/752 731/731/731 751/751/751 
f 731/731/731 752/752/752 735/735/735 
f 753/753/753 735/735/735 752/752/752 
f 754/754/754 752/752/752 751/751/751 
f 749/749/749 754/754/754 751/751/751 
f 752/752/752 754/754/754 755/755/755 
f 756/756/756 752/752/752 755/755/755 
f 754/754/754 749/749/749 757/757/757 
f 749/749/749 758/758/758 757/757/757 
f 759/759/759 755/755/755 754/754/754 
f 757/757/757 759/759/759 754/754/754 
f 760/760/760 755/755/755 761/761/761 
f 755/755/755 759/759/759 761/761/761 
f 759/759/759 757/757/757 762/762/762 
f 757/757/757 763/763/763 762/762/762 
f 759/759/759 764/764/764 761/761/761 
f 765/765/765 761/761/761 764/764/764 
f 762/762/762 766/766/766 759/759/759 
f 764/764/764 759/759/759 766/766/766 
f 762/762/762 767/767/767 768/768/768 
f 766/766/766 762/762/762 768/768/768 
f 766/766/766 769/769/769 764/764/764 
f 770/770/770 764/764/764 769/769/769 
f 769/769/769 766/766/766 771/771/771 
f 766/766/766 772/772/772 771/771/771 
f 772/772/772 766/766/766 768/768/768 
f 768/768/768 773/773/773 772/772/772 
f 774/774/774 775/775/775 776/776/776 
f 777/777/777 775/775/775 778/778/778 
f 775/775/775 774/774/774 778/778/778 
f 779/779/779 780/780/780 775/775/775 
f 780/780/780 776/776/776 775/775/775 
f 781/781/781 782/782/782 780/780/780 
f 782/782/782 783/783/783 780/780/780 
f 776/776/776 780/780/780 783/783/783 
f 783/783/783 782/782/782 784/784/784 
f 785/785/785 783/783/783 784/784/784 
f 783/783/783 785/785/785 786/786/786 
f 786/786/786 776/776/776 783/783/783 
f 785/785/785 787/787/787 786/786/786 
f 776/776/776 786/786/786 788/788/788 
f 786/786/786 789/789/789 788/788/788 
f 790/790/790 776/776/776 788/788/788 
f 788/788/788 791/791/791 790/790/790 
f 776/776/776 790/790/790 774/774/774 
f 792/792/792 774/774/774 790/790/790 
f 790/790/790 793/793/793 792/792/792 
f 774/774/774 792/792/792 794/794/794 
f 795/795/795 774/774/774 794/794/794 
f 774/774/774 795/795/795 778/778/778 
f 796/796/796 778/778/778 795/795/795 
f 797/797/797 795/795/795 794/794/794 
f 792/792/792 797/797/797 794/794/794 
f 795/795/795 797/797/797 798/798/798 
f 799/799/799 795/795/795 798/798/798 
f 797/797/797 792/792/792 800/800/800 
f 792/792/792 801/801/801 800/800/800 
f 802/802/802 798/798/798 797/797/797 
f 800/800/800 802/802/802 797/797/797 
f 803/803/803 798/798/798 804/804/804 
f 798/798/798 802/802/802 804/804/804 
f 802/802/802 800/800/800 805/805/805 
f 800/800/800 806/806/806 805/805/805 
f 802/802/802 807/807/807 804/804/804 
f 808/808/808 804/804/804 807/807/807 
f 805/805/805 809/809/809 802/802/802 
f 807/807/807 802/802/802 809/809/809 
f 805/805/805 810/810/810 811/811/811 
f 809/809/809 805/805/805 811/811/811 
f 809/809/809 812/812/812 807/807/807 
f 813/813/813 807/807/807 812/812/812 
f 812/812/812 809/809/809 814/814/814 
f 809/809/809 815/815/815 814/814/814 
f 815/815/815 809/809/809 811/811/811 
f 811/811/811 816/816/816 815/815/815 
f 817/817/817 818/818/818 819/819/819 
f 819/819/819 820/820/820 817/817/817 
f 819/819/819 818/818/818 821/821/821 
f 821/821/821 820/820/820 819/819/819 
f 818/818/818 817/817/817 822/822/822 
f 823/823/823 818/818/818 822/822/822 
f 821/821/821 818/818/818 824/824/824 
f 825/825/825 824/824/824 818/818/818 
f 820/820/820 821/821/821 826/826/826 
f 820/820/820 826/826/826 827/827/827 
f 824/824/824 828/828/828 821/821/821 
f 828/828/828 826/826/826 821/821/821 
f 829/829/829 830/830/830 824/824/824 
f 828/828/828 824/824/824 830/830/830 
f 826/826/826 831/831/831 832/832/832 
f 826/826/826 828/828/828 831/831/831 
f 828/828/828 833/833/833 831/831/831 
f 831/831/831 833/833/833 834/834/834 
f 835/835/835 828/828/828 830/830/830 
f 836/836/836 835/835/835 830/830/830 
f 833/833/833 828/828/828 837/837/837 
f 828/828/828 835/835/835 837/837/837 
f 837/837/837 838/838/838 833/833/833 
f 833/833/833 838/838/838 839/839/839 
f 840/840/840 837/837/837 835/835/835 
f 841/841/841 840/840/840 835/835/835 
f 838/838/838 837/837/837 842/842/842 
f 837/837/837 840/840/840 842/842/842 
f 843/843/843 838/838/838 842/842/842 
f 840/840/840 843/843/843 842/842/842 
f 838/838/838 843/843/843 844/844/844 
f 838/838/838 844/844/844 845/845/845 
f 843/843/843 840/840/840 846/846/846 
f 847/847/847 846/846/846 840/840/840 
f 848/848/848 849/849/849 850/850/850 
f 851/851/851 852/852/852 849/849/849 
f 849/849/849 852/852/852 850/850/850 
f 853/853/853 850/850/850 852/852/852 
f 854/854/854 853/853/853 852/852/852 
f 850/850/850 853/853/853 855/855/855 
f 856/856/856 849/849/849 857/857/857 
f 849/849/849 848/848/848 857/857/857 
f 858/858/858 857/857/857 859/859/859 
f 857/857/857 860/860/860 859/859/859 
f 860/860/860 857/857/857 861/861/861 
f 861/861/861 857/857/857 848/848/848 
f 861/861/861 862/862/862 860/860/860 
f 862/862/862 861/861/861 863/863/863 
f 848/848/848 863/863/863 861/861/861 
f 862/862/862 863/863/863 864/864/864 
f 863/863/863 848/848/848 865/865/865 
f 863/863/863 865/865/865 866/866/866 
f 848/848/848 867/867/867 865/865/865 
f 867/867/867 848/848/848 850/850/850 
f 865/865/865 867/867/867 868/868/868 
f 855/855/855 867/867/867 850/850/850 
f 867/867/867 855/855/855 869/869/869 
f 867/867/867 869/869/869 870/870/870 
f 855/855/855 871/871/871 869/869/869 
f 869/869/869 871/871/871 872/872/872 
f 873/873/873 871/871/871 855/855/855 
f 853/853/853 873/873/873 855/855/855 
f 873/873/873 853/853/853 874/874/874 
f 875/875/875 874/874/874 853/853/853 
f 876/876/876 871/871/871 873/873/873 
f 874/874/874 876/876/876 873/873/873 
f 877/877/877 878/878/878 874/874/874 
f 876/876/876 874/874/874 878/878/878 
f 871/871/871 876/876/876 879/879/879 
f 871/871/871 879/879/879 880/880/880 
f 881/881/881 876/876/876 878/878/878 
f 882/882/882 881/881/881 878/878/878 
f 883/883/883 879/879/879 876/876/876 
f 876/876/876 881/881/881 883/883/883 
f 879/879/879 883/883/883 884/884/884 
f 879/879/879 884/884/884 885/885/885 
f 884/884/884 883/883/883 886/886/886 
f 884/884/884 886/886/886 887/887/887 
f 888/888/888 886/886/886 883/883/883 
f 881/881/881 888/888/888 883/883/883 
f 889/889/889 888/888/888 881/881/881 
f 890/890/890 889/889/889 881/881/881 
f 891/891/891 892/892/892 893/893/893 
f 894/894/894 892/892/892 895/895/895 
f 892/892/892 891/891/891 895/895/895 
f 891/891/891 896/896/896 895/895/895 
f 897/897/897 895/895/895 896/896/896 
f 896/896/896 891/891/891 898/898/898 
f 893/893/893 899/899/899 891/891/891 
f 899/899/899 898/898/898 891/891/891 
f 899/899/899 893/893/893 900/900/900 
f 900/900/900 901/901/901 899/899/899 
f 898/898/898 899/899/899 902/902/902 
f 899/899/899 903/903/903 902/902/902 
f 898/898/898 902/902/902 904/904/904 
f 902/902/902 905/905/905 904/904/904 
f 893/893/893 906/906/906 900/900/900 
f 906/906/906 907/907/907 900/900/900 
f 906/906/906 893/893/893 908/908/908 
f 892/892/892 908/908/908 893/893/893 
f 908/908/908 909/909/909 906/906/906 
f 909/909/909 910/910/910 906/906/906 
f 909/909/909 908/908/908 911/911/911 
f 908/908/908 892/892/892 912/912/912 
f 912/912/912 911/911/911 908/908/908 
f 913/913/913 912/912/912 892/892/892 
f 911/911/911 912/912/912 914/914/914 
f 915/915/915 914/914/914 912/912/912 
f 904/904/904 916/916/916 898/898/898 
f 896/896/896 898/898/898 916/916/916 
f 917/917/917 916/916/916 904/904/904 
f 904/904/904 918/918/918 917/917/917 
f 916/916/916 919/919/919 896/896/896 
f 920/920/920 896/896/896 919/919/919 
f 921/921/921 919/919/919 916/916/916 
f 917/917/917 921/921/921 916/916/916 
f 921/921/921 922/922/922 919/919/919 
f 923/923/923 919/919/919 922/922/922 
f 921/921/921 924/924/924 922/922/922 
f 925/925/925 922/922/922 924/924/924 
f 917/917/917 926/926/926 921/921/921 
f 924/924/924 921/921/921 926/926/926 
f 926/926/926 917/917/917 927/927/927 
f 917/917/917 928/928/928 927/927/927 
f 926/926/926 927/927/927 929/929/929 
f 927/927/927 930/930/930 929/929/929 
f 926/926/926 929/929/929 931/931/931 
f 924/924/924 926/926/926 931/931/931 
f 924/924/924 931/931/931 932/932/932 
f 933/933/933 924/924/924 932/932/932 
f 934/934/934 935/935/935 936/936/936 
f 937/937/937 936/936/936 935/935/935 
f 938/938/938 934/934/934 936/936/936 
f 939/939/939 938/938/938 936/936/936 
f 940/940/940 941/941/941 938/938/938 
f 941/941/941 942/942/942 938/938/938 
f 938/938/938 942/942/942 934/934/934 
f 941/941/941 943/943/943 942/942/942 
f 944/944/944 942/942/942 943/943/943 
f 942/942/942 944/944/944 945/945/945 
f 944/944/944 946/946/946 945/945/945 
f 942/942/942 945/945/945 947/947/947 
f 942/942/942 947/947/947 934/934/934 
f 945/945/945 948/948/948 947/947/947 
f 934/934/934 947/947/947 949/949/949 
f 947/947/947 950/950/950 949/949/949 
f 949/949/949 951/951/951 934/934/934 
f 935/935/935 934/934/934 951/951/951 
f 949/949/949 952/952/952 951/951/951 
f 951/951/951 953/953/953 935/935/935 
f 953/953/953 951/951/951 952/952/952 
f 954/954/954 935/935/935 953/953/953 
f 952/952/952 949/949/949 955/955/955 
f 949/949/949 956/956/956 955/955/955 
f 953/953/953 952/952/952 957/957/957 
f 955/955/955 957/957/957 952/952/952 
f 958/958/958 953/953/953 959/959/959 
f 957/957/957 959/959/959 953/953/953 
f 957/957/957 955/955/955 960/960/960 
f 955/955/955 961/961/961 960/960/960 
f 957/957/957 962/962/962 959/959/959 
f 963/963/963 959/959/959 962/962/962 
f 960/960/960 964/964/964 957/957/957 
f 962/962/962 957/957/957 964/964/964 
f 960/960/960 965/965/965 966/966/966 
f 964/964/964 960/960/960 966/966/966 
f 964/964/964 967/967/967 962/962/962 
f 968/968/968 962/962/962 967/967/967 
f 969/969/969 964/964/964 966/966/966 
f 966/966/966 970/970/970 969/969/969 
f 967/967/967 964/964/964 971/971/971 
f 969/969/969 971/971/971 964/964/964 
f 972/972/972 971/971/971 969/969/969 
f 969/969/969 973/973/973 972/972/972 
f 971/971/971 972/972/972 974/974/974 
f 974/974/974 967/967/967 971/971/971 
f 974/974/974 975/975/975 967/967/967 
f 976/976/976 967/967/967 975/975/975 
f 977/977/977 978/978/978 979/979/979 
f 978/978/978 977/977/977 980/980/980 
f 981/981/981 980/980/980 977/977/977 
f 982/982/982 977/977/977 979/979/979 
f 983/983/983 977/977/977 984/984/984 
f 977/977/977 982/982/982 984/984/984 
f 982/982/982 985/985/985 984/984/984 
f 986/986/986 984/984/984 985/985/985 
f 979/979/979 987/987/987 982/982/982 
f 985/985/985 982/982/982 988/988/988 
f 987/987/987 988/988/988 982/982/982 
f 987/987/987 979/979/979 989/989/989 
f 978/978/978 989/989/989 979/979/979 
f 989/989/989 990/990/990 987/987/987 
f 989/989/989 978/978/978 991/991/991 
f 991/991/991 992/992/992 989/989/989 
f 988/988/988 987/987/987 993/993/993 
f 987/987/987 994/994/994 993/993/993 
f 993/993/993 995/995/995 988/988/988 
f 995/995/995 985/985/985 988/988/988 
f 993/993/993 996/996/996 997/997/997 
f 995/995/995 993/993/993 997/997/997 
f 998/998/998 985/985/985 999/999/999 
f 985/985/985 995/995/995 999/999/999 
f 995/995/995 1000/1000/1000 999/999/999 
f 1001/1001/1001 999/999/999 1000/1000/1000 
f 1002/1002/1002 995/995/995 997/997/997 
f 997/997/997 1003/1003/1003 1002/1002/1002 
f 1000/1000/1000 995/995/995 1004/1004/1004 
f 995/995/995 1002/1002/1002 1004/1004/1004 
f 1004/1004/1004 1005/1005/1005 1000/1000/1000 
f 1006/1006/1006 1000/1000/1000 1005/1005/1005 
f 1005/1005/1005 1004/1004/1004 1007/1007/1007 
f 1002/1002/1002 1007/1007/1007 1004/1004/1004 
f 1007/1007/1007 1002/1002/1002 1008/1008/1008 
f 1002/1002/1002 1009/1009/1009 1008/1008/1008 
f 1010/1010/1010 1011/1011/1011 1012/1012/1012 
f 1013/1013/1013 1012/1012/1012 980/980/980 
f 1012/1012/1012 978/978/978 980/980/980 
f 1011/1011/1011 1014/1014/1014 1012/1012/1012 
f 978/978/978 1012/1012/1012 1014/1014/1014 
f 1014/1014/1014 1011/1011/1011 1015/1015/1015 
f 1016/1016/1016 978/978/978 1014/1014/1014 
f 1015/1015/1015 1016/1016/1016 1014/1014/1014 
f 978/978/978 1016/1016/1016 991/991/991 
f 1016/1016/1016 1017/1017/1017 991/991/991 
f 1016/1016/1016 1015/1015/1015 1018/1018/1018 
f 1018/1018/1018 1019/1019/1019 1016/1016/1016 
f 1020/1020/1020 1021/1021/1021 1022/1022/1022 
f 1023/1023/1023 1021/1021/1021 1024/1024/1024 
f 1021/1021/1021 1020/1020/1020 1024/1024/1024 
f 1020/1020/1020 1025/1025/1025 1024/1024/1024 
f 1026/1026/1026 1024/1024/1024 1025/1025/1025 
f 1025/1025/1025 1020/1020/1020 1027/1027/1027 
f 1022/1022/1022 1028/1028/1028 1020/1020/1020 
f 1028/1028/1028 1027/1027/1027 1020/1020/1020 
f 1028/1028/1028 1022/1022/1022 1029/1029/1029 
f 1029/1029/1029 1030/1030/1030 1028/1028/1028 
f 1027/1027/1027 1028/1028/1028 1031/1031/1031 
f 1028/1028/1028 1032/1032/1032 1031/1031/1031 
f 1022/1022/1022 1033/1033/1033 1029/1029/1029 
f 1033/1033/1033 1034/1034/1034 1029/1029/1029 
f 1033/1033/1033 1022/1022/1022 1035/1035/1035 
f 1021/1021/1021 1035/1035/1035 1022/1022/1022 
f 1035/1035/1035 1036/1036/1036 1033/1033/1033 
f 1036/1036/1036 1037/1037/1037 1033/1033/1033 
f 1036/1036/1036 1035/1035/1035 1038/1038/1038 
f 1035/1035/1035 1021/1021/1021 1039/1039/1039 
f 1039/1039/1039 1038/1038/1038 1035/1035/1035 
f 1040/1040/1040 1039/1039/1039 1021/1021/1021 
f 1038/1038/1038 1039/1039/1039 1041/1041/1041 
f 1042/1042/1042 1041/1041/1041 1039/1039/1039 
f 1031/1031/1031 1043/1043/1043 1044/1044/1044 
f 1027/1027/1027 1031/1031/1031 1044/1044/1044 
f 1044/1044/1044 1045/1045/1045 1027/1027/1027 
f 1025/1025/1025 1027/1027/1027 1045/1045/1045 
f 1045/1045/1045 1046/1046/1046 1025/1025/1025 
f 1047/1047/1047 1025/1025/1025 1046/1046/1046 
f 1044/1044/1044 1048/1048/1048 1045/1045/1045 
f 1048/1048/1048 1046/1046/1046 1045/1045/1045 
f 1049/1049/1049 1046/1046/1046 1050/1050/1050 
f 1048/1048/1048 1050/1050/1050 1046/1046/1046 
f 1048/1048/1048 1044/1044/1044 1051/1051/1051 
f 1044/1044/1044 1052/1052/1052 1051/1051/1051 
f 1048/1048/1048 1053/1053/1053 1050/1050/1050 
f 1054/1054/1054 1050/1050/1050 1053/1053/1053 
f 1051/1051/1051 1055/1055/1055 1048/1048/1048 
f 1053/1053/1053 1048/1048/1048 1055/1055/1055 
f 1055/1055/1055 1051/1051/1051 1056/1056/1056 
f 1051/1051/1051 1057/1057/1057 1056/1056/1056 
f 1055/1055/1055 1056/1056/1056 1058/1058/1058 
f 1056/1056/1056 1059/1059/1059 1058/1058/1058 
f 1055/1055/1055 1058/1058/1058 1060/1060/1060 
f 1053/1053/1053 1055/1055/1055 1060/1060/1060 
f 1053/1053/1053 1060/1060/1060 1061/1061/1061 
f 1062/1062/1062 1053/1053/1053 1061/1061/1061 
f 1063/1063/1063 820/820/820 1064/1064/1064 
f 817/817/817 820/820/820 1063/1063/1063 
f 817/817/817 1063/1063/1063 1065/1065/1065 
f 1065/1065/1065 822/822/822 817/817/817 
f 1066/1066/1066 1063/1063/1063 1067/1067/1067 
f 1066/1066/1066 1065/1065/1065 1063/1063/1063 
f 1068/1068/1068 1065/1065/1065 1066/1066/1066 
f 1068/1068/1068 1066/1066/1066 1069/1069/1069 
f 1065/1065/1065 1068/1068/1068 1070/1070/1070 
f 1070/1070/1070 1071/1071/1071 1065/1065/1065 
f 822/822/822 1065/1065/1065 1072/1072/1072 
f 1072/1072/1072 1065/1065/1065 1071/1071/1071 
f 1073/1073/1073 822/822/822 1072/1072/1072 
f 1074/1074/1074 1072/1072/1072 1071/1071/1071 
f 1075/1075/1075 1076/1076/1076 1077/1077/1077 
f 1078/1078/1078 1077/1077/1077 701/701/701 
f 1077/1077/1077 699/699/699 701/701/701 
f 1076/1076/1076 1079/1079/1079 1077/1077/1077 
f 699/699/699 1077/1077/1077 1079/1079/1079 
f 1079/1079/1079 1076/1076/1076 1080/1080/1080 
f 1081/1081/1081 699/699/699 1079/1079/1079 
f 1080/1080/1080 1081/1081/1081 1079/1079/1079 
f 699/699/699 1081/1081/1081 712/712/712 
f 1081/1081/1081 1082/1082/1082 712/712/712 
f 1081/1081/1081 1080/1080/1080 1083/1083/1083 
f 1083/1083/1083 1084/1084/1084 1081/1081/1081 
f 1085/1085/1085 1086/1086/1086 1087/1087/1087 
f 1088/1088/1088 1087/1087/1087 1086/1086/1086 
f 1089/1089/1089 1090/1090/1090 1087/1087/1087 
f 1091/1091/1091 1087/1087/1087 1090/1090/1090 
f 1087/1087/1087 1091/1091/1091 1085/1085/1085 
f 1092/1092/1092 1093/1093/1093 1090/1090/1090 
f 1093/1093/1093 1091/1091/1091 1090/1090/1090 
f 1093/1093/1093 1094/1094/1094 1091/1091/1091 
f 1095/1095/1095 1091/1091/1091 1094/1094/1094 
f 1091/1091/1091 1095/1095/1095 1096/1096/1096 
f 1096/1096/1096 1085/1085/1085 1091/1091/1091 
f 1095/1095/1095 1097/1097/1097 1096/1096/1096 
f 1085/1085/1085 1096/1096/1096 1098/1098/1098 
f 1096/1096/1096 1099/1099/1099 1098/1098/1098 
f 1085/1085/1085 1098/1098/1098 1100/1100/1100 
f 1098/1098/1098 1101/1101/1101 1100/1100/1100 
f 1085/1085/1085 1100/1100/1100 1102/1102/1102 
f 1086/1086/1086 1085/1085/1085 1102/1102/1102 
f 1103/1103/1103 1102/1102/1102 1100/1100/1100 
f 1100/1100/1100 1104/1104/1104 1103/1103/1103 
f 1102/1102/1102 1105/1105/1105 1086/1086/1086 
f 1106/1106/1106 1086/1086/1086 1105/1105/1105 
f 1102/1102/1102 1103/1103/1103 1107/1107/1107 
f 1105/1105/1105 1102/1102/1102 1107/1107/1107 
f 1103/1103/1103 1108/1108/1108 1107/1107/1107 
f 1108/1108/1108 1105/1105/1105 1107/1107/1107 
f 1103/1103/1103 1109/1109/1109 1110/1110/1110 
f 1108/1108/1108 1103/1103/1103 1110/1110/1110 
f 1108/1108/1108 1111/1111/1111 1105/1105/1105 
f 1112/1112/1112 1105/1105/1105 1111/1111/1111 
f 1113/1113/1113 1108/1108/1108 1110/1110/1110 
f 1110/1110/1110 1114/1114/1114 1113/1113/1113 
f 1115/1115/1115 1111/1111/1111 1108/1108/1108 
f 1113/1113/1113 1115/1115/1115 1108/1108/1108 
f 1116/1116/1116 1111/1111/1111 1117/1117/1117 
f 1115/1115/1115 1117/1117/1117 1111/1111/1111 
f 1118/1118/1118 1115/1115/1115 1113/1113/1113 
f 1113/1113/1113 1119/1119/1119 1118/1118/1118 
f 1115/1115/1115 1120/1120/1120 1117/1117/1117 
f 1121/1121/1121 1117/1117/1117 1120/1120/1120 
f 1118/1118/1118 1122/1122/1122 1115/1115/1115 
f 1120/1120/1120 1115/1115/1115 1122/1122/1122 
f 1123/1123/1123 1122/1122/1122 1118/1118/1118 
f 1118/1118/1118 1124/1124/1124 1123/1123/1123 
f 1122/1122/1122 1123/1123/1123 1125/1125/1125 
f 1126/1126/1126 1122/1122/1122 1125/1125/1125 
f 1122/1122/1122 1126/1126/1126 1120/1120/1120 
f 1127/1127/1127 1120/1120/1120 1126/1126/1126 
f 1128/1128/1128 1129/1129/1129 1130/1130/1130 
f 1131/1131/1131 1132/1132/1132 1129/1129/1129 
f 1129/1129/1129 1132/1132/1132 1130/1130/1130 
f 1133/1133/1133 1130/1130/1130 1132/1132/1132 
f 1134/1134/1134 1133/1133/1133 1132/1132/1132 
f 1130/1130/1130 1133/1133/1133 1135/1135/1135 
f 1136/1136/1136 1137/1137/1137 1133/1133/1133 
f 1137/1137/1137 1138/1138/1138 1133/1133/1133 
f 1133/1133/1133 1138/1138/1138 1135/1135/1135 
f 1139/1139/1139 1138/1138/1138 1137/1137/1137 
f 1140/1140/1140 1139/1139/1139 1137/1137/1137 
f 1135/1135/1135 1141/1141/1141 1130/1130/1130 
f 1141/1141/1141 1128/1128/1128 1130/1130/1130 
f 1141/1141/1141 1135/1135/1135 1142/1142/1142 
f 1141/1141/1141 1142/1142/1142 1143/1143/1143 
f 1135/1135/1135 1144/1144/1144 1142/1142/1142 
f 1144/1144/1144 1135/1135/1135 1138/1138/1138 
f 1142/1142/1142 1144/1144/1144 1145/1145/1145 
f 1128/1128/1128 1141/1141/1141 1146/1146/1146 
f 1146/1146/1146 1141/1141/1141 1147/1147/1147 
f 1148/1148/1148 1144/1144/1144 1138/1138/1138 
f 1138/1138/1138 1139/1139/1139 1148/1148/1148 
f 1144/1144/1144 1148/1148/1148 1149/1149/1149 
f 1144/1144/1144 1149/1149/1149 1150/1150/1150 
f 1151/1151/1151 1148/1148/1148 1139/1139/1139 
f 1152/1152/1152 1151/1151/1151 1139/1139/1139 
f 1153/1153/1153 1149/1149/1149 1148/1148/1148 
f 1148/1148/1148 1151/1151/1151 1153/1153/1153 
f 1149/1149/1149 1153/1153/1153 1154/1154/1154 
f 1149/1149/1149 1154/1154/1154 1155/1155/1155 
f 1154/1154/1154 1153/1153/1153 1156/1156/1156 
f 1154/1154/1154 1156/1156/1156 1157/1157/1157 
f 1158/1158/1158 1156/1156/1156 1153/1153/1153 
f 1153/1153/1153 1151/1151/1151 1158/1158/1158 
f 1159/1159/1159 1158/1158/1158 1151/1151/1151 
f 1160/1160/1160 1159/1159/1159 1151/1151/1151 
f 1161/1161/1161 1146/1146/1146 1162/1162/1162 
f 1161/1161/1161 1163/1163/1163 1146/1146/1146 
f 1128/1128/1128 1146/1146/1146 1163/1163/1163 
f 1164/1164/1164 1163/1163/1163 1161/1161/1161 
f 1164/1164/1164 1161/1161/1161 1165/1165/1165 
f 1163/1163/1163 1164/1164/1164 1166/1166/1166 
f 1163/1163/1163 1167/1167/1167 1128/1128/1128 
f 1166/1166/1166 1167/1167/1167 1163/1163/1163 
f 1129/1129/1129 1128/1128/1128 1167/1167/1167 
f 1168/1168/1168 1129/1129/1129 1167/1167/1167 
f 1167/1167/1167 1166/1166/1166 1169/1169/1169 
f 1170/1170/1170 1167/1167/1167 1169/1169/1169 
f 662/662/662 665/665/665 1171/1171/1171 
f 668/668/668 1171/1171/1171 665/665/665 
f 1172/1172/1172 662/662/662 1173/1173/1173 
f 662/662/662 1171/1171/1171 1173/1173/1173 
f 1171/1171/1171 668/668/668 1174/1174/1174 
f 668/668/668 1175/1175/1175 1174/1174/1174 
f 1171/1171/1171 1176/1176/1176 1173/1173/1173 
f 1177/1177/1177 1173/1173/1173 1176/1176/1176 
f 1178/1178/1178 1171/1171/1171 1174/1174/1174 
f 1174/1174/1174 1179/1179/1179 1178/1178/1178 
f 1176/1176/1176 1171/1171/1171 1180/1180/1180 
f 1171/1171/1171 1178/1178/1178 1180/1180/1180 
f 1180/1180/1180 1181/1181/1181 1176/1176/1176 
f 1182/1182/1182 1176/1176/1176 1181/1181/1181 
f 1181/1181/1181 1180/1180/1180 1183/1183/1183 
f 1180/1180/1180 1184/1184/1184 1183/1183/1183 
f 1180/1180/1180 1178/1178/1178 1184/1184/1184 
f 1178/1178/1178 1185/1185/1185 1184/1184/1184 
f 1186/1186/1186 1187/1187/1187 1188/1188/1188 
f 1189/1189/1189 1190/1190/1190 1187/1187/1187 
f 1187/1187/1187 1190/1190/1190 1188/1188/1188 
f 1191/1191/1191 1188/1188/1188 1190/1190/1190 
f 1192/1192/1192 1191/1191/1191 1190/1190/1190 
f 1188/1188/1188 1191/1191/1191 1193/1193/1193 
f 1194/1194/1194 1195/1195/1195 1191/1191/1191 
f 1195/1195/1195 1196/1196/1196 1191/1191/1191 
f 1191/1191/1191 1196/1196/1196 1193/1193/1193 
f 1197/1197/1197 1196/1196/1196 1195/1195/1195 
f 1198/1198/1198 1197/1197/1197 1195/1195/1195 
f 1193/1193/1193 1199/1199/1199 1188/1188/1188 
f 1199/1199/1199 1186/1186/1186 1188/1188/1188 
f 1199/1199/1199 1193/1193/1193 1200/1200/1200 
f 1199/1199/1199 1200/1200/1200 1201/1201/1201 
f 1193/1193/1193 1202/1202/1202 1200/1200/1200 
f 1202/1202/1202 1193/1193/1193 1196/1196/1196 
f 1200/1200/1200 1202/1202/1202 1203/1203/1203 
f 1186/1186/1186 1199/1199/1199 1204/1204/1204 
f 1204/1204/1204 1199/1199/1199 1205/1205/1205 
f 1206/1206/1206 1202/1202/1202 1196/1196/1196 
f 1196/1196/1196 1197/1197/1197 1206/1206/1206 
f 1202/1202/1202 1206/1206/1206 1207/1207/1207 
f 1202/1202/1202 1207/1207/1207 1208/1208/1208 
f 1209/1209/1209 1206/1206/1206 1197/1197/1197 
f 1210/1210/1210 1209/1209/1209 1197/1197/1197 
f 1211/1211/1211 1207/1207/1207 1206/1206/1206 
f 1206/1206/1206 1209/1209/1209 1211/1211/1211 
f 1207/1207/1207 1211/1211/1211 1212/1212/1212 
f 1207/1207/1207 1212/1212/1212 1213/1213/1213 
f 1212/1212/1212 1211/1211/1211 1214/1214/1214 
f 1212/1212/1212 1214/1214/1214 1215/1215/1215 
f 1216/1216/1216 1214/1214/1214 1211/1211/1211 
f 1211/1211/1211 1209/1209/1209 1216/1216/1216 
f 1217/1217/1217 1216/1216/1216 1209/1209/1209 
f 1218/1218/1218 1217/1217/1217 1209/1209/1209 
f 1219/1219/1219 1204/1204/1204 1220/1220/1220 
f 1219/1219/1219 1221/1221/1221 1204/1204/1204 
f 1186/1186/1186 1204/1204/1204 1221/1221/1221 
f 1222/1222/1222 1221/1221/1221 1219/1219/1219 
f 1222/1222/1222 1219/1219/1219 1223/1223/1223 
f 1221/1221/1221 1222/1222/1222 1224/1224/1224 
f 1221/1221/1221 1225/1225/1225 1186/1186/1186 
f 1224/1224/1224 1225/1225/1225 1221/1221/1221 
f 1187/1187/1187 1186/1186/1186 1225/1225/1225 
f 1226/1226/1226 1187/1187/1187 1225/1225/1225 
f 1225/1225/1225 1224/1224/1224 1227/1227/1227 
f 1228/1228/1228 1225/1225/1225 1227/1227/1227 
f 1229/1229/1229 1230/1230/1230 1231/1231/1231 
f 1232/1232/1232 1231/1231/1231 579/579/579 
f 1231/1231/1231 577/577/577 579/579/579 
f 1230/1230/1230 1233/1233/1233 1231/1231/1231 
f 577/577/577 1231/1231/1231 1233/1233/1233 
f 1233/1233/1233 1230/1230/1230 1234/1234/1234 
f 590/590/590 577/577/577 1233/1233/1233 
f 1235/1235/1235 1233/1233/1233 1234/1234/1234 
f 1233/1233/1233 1235/1235/1235 590/590/590 
f 1235/1235/1235 1236/1236/1236 590/590/590 
f 1237/1237/1237 529/529/529 1238/1238/1238 
f 1239/1239/1239 1237/1237/1237 1240/1240/1240 
f 1238/1238/1238 1240/1240/1240 1237/1237/1237 
f 529/529/529 1237/1237/1237 527/527/527 
f 1241/1241/1241 527/527/527 1237/1237/1237 
f 1240/1240/1240 1238/1238/1238 1242/1242/1242 
f 1242/1242/1242 1243/1243/1243 1240/1240/1240 
f 1244/1244/1244 1240/1240/1240 1243/1243/1243 
f 1245/1245/1245 1242/1242/1242 1238/1238/1238 
f 1243/1243/1243 1242/1242/1242 1246/1246/1246 
f 1245/1245/1245 1246/1246/1246 1242/1242/1242 
f 1245/1245/1245 1238/1238/1238 1247/1247/1247 
f 529/529/529 1247/1247/1247 1238/1238/1238 
f 1247/1247/1247 1248/1248/1248 1245/1245/1245 
f 1247/1247/1247 529/529/529 1249/1249/1249 
f 1249/1249/1249 1250/1250/1250 1247/1247/1247 
f 529/529/529 530/530/530 1249/1249/1249 
f 530/530/530 1251/1251/1251 1249/1249/1249 
f 1246/1246/1246 1245/1245/1245 1252/1252/1252 
f 1245/1245/1245 1253/1253/1253 1252/1252/1252 
f 1252/1252/1252 1254/1254/1254 1246/1246/1246 
f 1243/1243/1243 1246/1246/1246 1254/1254/1254 
f 1252/1252/1252 1255/1255/1255 1256/1256/1256 
f 1254/1254/1254 1252/1252/1252 1256/1256/1256 
f 1243/1243/1243 1254/1254/1254 1257/1257/1257 
f 1258/1258/1258 1243/1243/1243 1257/1257/1257 
f 1259/1259/1259 1254/1254/1254 1256/1256/1256 
f 1256/1256/1256 1260/1260/1260 1259/1259/1259 
f 1261/1261/1261 1257/1257/1257 1254/1254/1254 
f 1254/1254/1254 1259/1259/1259 1261/1261/1261 
f 1262/1262/1262 1257/1257/1257 1263/1263/1263 
f 1257/1257/1257 1261/1261/1261 1263/1263/1263 
f 1264/1264/1264 1261/1261/1261 1259/1259/1259 
f 1259/1259/1259 1265/1265/1265 1264/1264/1264 
f 1261/1261/1261 1264/1264/1264 1266/1266/1266 
f 1267/1267/1267 1261/1261/1261 1266/1266/1266 
f 1261/1261/1261 1267/1267/1267 1263/1263/1263 
f 1268/1268/1268 1263/1263/1263 1267/1267/1267 
f 1269/1269/1269 1270/1270/1270 1271/1271/1271 
f 1270/1270/1270 1272/1272/1272 1271/1271/1271 
f 1270/1270/1270 1269/1269/1269 1273/1273/1273 
f 1274/1274/1274 1270/1270/1270 1273/1273/1273 
f 1269/1269/1269 1275/1275/1275 1273/1273/1273 
f 1276/1276/1276 1273/1273/1273 1275/1275/1275 
f 1271/1271/1271 1277/1277/1277 1269/1269/1269 
f 1278/1278/1278 1279/1279/1279 1270/1270/1270 
f 1272/1272/1272 1270/1270/1270 1279/1279/1279 
f 1280/1280/1280 1281/1281/1281 1279/1279/1279 
f 1282/1282/1282 1279/1279/1279 1281/1281/1281 
f 1279/1279/1279 1282/1282/1282 1272/1272/1272 
f 1283/1283/1283 1272/1272/1272 1282/1282/1282 
f 1272/1272/1272 1283/1283/1283 1284/1284/1284 
f 1283/1283/1283 1285/1285/1285 1284/1284/1284 
f 1286/1286/1286 1271/1271/1271 1272/1272/1272 
f 1286/1286/1286 1272/1272/1272 1284/1284/1284 
f 1284/1284/1284 1287/1287/1287 1286/1286/1286 
f 1277/1277/1277 1271/1271/1271 1286/1286/1286 
f 1286/1286/1286 1288/1288/1288 1277/1277/1277 
f 1277/1277/1277 1289/1289/1289 1290/1290/1290 
f 1291/1291/1291 1277/1277/1277 1290/1290/1290 
f 1277/1277/1277 1291/1291/1291 1269/1269/1269 
f 1275/1275/1275 1269/1269/1269 1291/1291/1291 
f 1291/1291/1291 1290/1290/1290 1292/1292/1292 
f 1290/1290/1290 1293/1293/1293 1292/1292/1292 
f 1275/1275/1275 1291/1291/1291 1294/1294/1294 
f 1292/1292/1292 1294/1294/1294 1291/1291/1291 
f 1295/1295/1295 1275/1275/1275 1296/1296/1296 
f 1294/1294/1294 1296/1296/1296 1275/1275/1275 
f 1297/1297/1297 1294/1294/1294 1292/1292/1292 
f 1292/1292/1292 1298/1298/1298 1297/1297/1297 
f 1294/1294/1294 1299/1299/1299 1296/1296/1296 
f 1300/1300/1300 1296/1296/1296 1299/1299/1299 
f 1297/1297/1297 1301/1301/1301 1294/1294/1294 
f 1299/1299/1299 1294/1294/1294 1301/1301/1301 
f 1297/1297/1297 1302/1302/1302 1303/1303/1303 
f 1301/1301/1301 1304/1304/1304 1299/1299/1299 
f 1305/1305/1305 1299/1299/1299 1304/1304/1304 
f 1297/1297/1297 1306/1306/1306 1301/1301/1301 
f 1306/1306/1306 1297/1297/1297 1303/1303/1303 
f 1304/1304/1304 1301/1301/1301 1306/1306/1306 
f 1306/1306/1306 1303/1303/1303 1307/1307/1307 
f 1303/1303/1303 1308/1308/1308 1307/1307/1307 
f 1306/1306/1306 1307/1307/1307 1309/1309/1309 
f 1304/1304/1304 1306/1306/1306 1309/1309/1309 
f 1309/1309/1309 1310/1310/1310 1304/1304/1304 
f 1311/1311/1311 1304/1304/1304 1310/1310/1310 
f 1312/1312/1312 1313/1313/1313 1314/1314/1314 
f 1315/1315/1315 1314/1314/1314 1313/1313/1313 
f 1316/1316/1316 1317/1317/1317 1314/1314/1314 
f 1318/1318/1318 1314/1314/1314 1317/1317/1317 
f 1314/1314/1314 1318/1318/1318 1312/1312/1312 
f 1319/1319/1319 1320/1320/1320 1317/1317/1317 
f 1320/1320/1320 1318/1318/1318 1317/1317/1317 
f 1320/1320/1320 1321/1321/1321 1318/1318/1318 
f 1322/1322/1322 1318/1318/1318 1321/1321/1321 
f 1318/1318/1318 1322/1322/1322 1323/1323/1323 
f 1323/1323/1323 1312/1312/1312 1318/1318/1318 
f 1322/1322/1322 1324/1324/1324 1323/1323/1323 
f 1312/1312/1312 1323/1323/1323 1325/1325/1325 
f 1323/1323/1323 1326/1326/1326 1325/1325/1325 
f 1312/1312/1312 1325/1325/1325 1327/1327/1327 
f 1325/1325/1325 1328/1328/1328 1327/1327/1327 
f 1312/1312/1312 1327/1327/1327 1329/1329/1329 
f 1313/1313/1313 1312/1312/1312 1329/1329/1329 
f 1330/1330/1330 1329/1329/1329 1327/1327/1327 
f 1327/1327/1327 1331/1331/1331 1330/1330/1330 
f 1329/1329/1329 1332/1332/1332 1313/1313/1313 
f 1333/1333/1333 1313/1313/1313 1332/1332/1332 
f 1329/1329/1329 1330/1330/1330 1334/1334/1334 
f 1332/1332/1332 1329/1329/1329 1334/1334/1334 
f 1330/1330/1330 1335/1335/1335 1334/1334/1334 
f 1335/1335/1335 1332/1332/1332 1334/1334/1334 
f 1330/1330/1330 1336/1336/1336 1337/1337/1337 
f 1335/1335/1335 1330/1330/1330 1337/1337/1337 
f 1335/1335/1335 1338/1338/1338 1332/1332/1332 
f 1339/1339/1339 1332/1332/1332 1338/1338/1338 
f 1340/1340/1340 1335/1335/1335 1337/1337/1337 
f 1337/1337/1337 1341/1341/1341 1340/1340/1340 
f 1342/1342/1342 1338/1338/1338 1335/1335/1335 
f 1340/1340/1340 1342/1342/1342 1335/1335/1335 
f 1343/1343/1343 1338/1338/1338 1344/1344/1344 
f 1342/1342/1342 1344/1344/1344 1338/1338/1338 
f 1345/1345/1345 1342/1342/1342 1340/1340/1340 
f 1340/1340/1340 1346/1346/1346 1345/1345/1345 
f 1342/1342/1342 1347/1347/1347 1344/1344/1344 
f 1348/1348/1348 1344/1344/1344 1347/1347/1347 
f 1345/1345/1345 1349/1349/1349 1342/1342/1342 
f 1347/1347/1347 1342/1342/1342 1349/1349/1349 
f 1350/1350/1350 1349/1349/1349 1345/1345/1345 
f 1345/1345/1345 1351/1351/1351 1350/1350/1350 
f 1349/1349/1349 1350/1350/1350 1352/1352/1352 
f 1353/1353/1353 1349/1349/1349 1352/1352/1352 
f 1349/1349/1349 1353/1353/1353 1347/1347/1347 
f 1354/1354/1354 1347/1347/1347 1353/1353/1353 
f 1355/1355/1355 1356/1356/1356 1357/1357/1357 
f 1358/1358/1358 1359/1359/1359 1356/1356/1356 
f 1356/1356/1356 1359/1359/1359 1357/1357/1357 
f 1360/1360/1360 1356/1356/1356 1361/1361/1361 
f 1356/1356/1356 1362/1362/1362 1361/1361/1361 
f 1362/1362/1362 1356/1356/1356 1355/1355/1355 
f 1363/1363/1363 1361/1361/1361 1364/1364/1364 
f 1362/1362/1362 1364/1364/1364 1361/1361/1361 
f 1365/1365/1365 1364/1364/1364 1362/1362/1362 
f 1362/1362/1362 1366/1366/1366 1365/1365/1365 
f 1366/1366/1366 1362/1362/1362 1367/1367/1367 
f 1355/1355/1355 1367/1367/1367 1362/1362/1362 
f 1366/1366/1366 1367/1367/1367 1368/1368/1368 
f 1367/1367/1367 1355/1355/1355 1369/1369/1369 
f 1367/1367/1367 1369/1369/1369 1370/1370/1370 
f 1369/1369/1369 1355/1355/1355 1371/1371/1371 
f 1369/1369/1369 1371/1371/1371 1372/1372/1372 
f 1355/1355/1355 1357/1357/1357 1371/1371/1371 
f 1371/1371/1371 1357/1357/1357 1373/1373/1373 
f 1371/1371/1371 1373/1373/1373 1374/1374/1374 
f 1357/1357/1357 1375/1375/1375 1373/1373/1373 
f 1357/1357/1357 1376/1376/1376 1375/1375/1375 
f 1376/1376/1376 1357/1357/1357 1359/1359/1359 
f 1377/1377/1377 1376/1376/1376 1359/1359/1359 
f 1375/1375/1375 1376/1376/1376 1378/1378/1378 
f 1378/1378/1378 1373/1373/1373 1375/1375/1375 
f 1373/1373/1373 1379/1379/1379 1380/1380/1380 
f 1373/1373/1373 1378/1378/1378 1379/1379/1379 
f 1376/1376/1376 1381/1381/1381 1378/1378/1378 
f 1382/1382/1382 1381/1381/1381 1376/1376/1376 
f 1379/1379/1379 1378/1378/1378 1383/1383/1383 
f 1379/1379/1379 1383/1383/1383 1384/1384/1384 
f 1378/1378/1378 1381/1381/1381 1385/1385/1385 
f 1378/1378/1378 1385/1385/1385 1383/1383/1383 
f 1385/1385/1385 1381/1381/1381 1386/1386/1386 
f 1387/1387/1387 1386/1386/1386 1381/1381/1381 
f 1388/1388/1388 1385/1385/1385 1386/1386/1386 
f 1389/1389/1389 1388/1388/1388 1386/1386/1386 
f 1390/1390/1390 1383/1383/1383 1385/1385/1385 
f 1385/1385/1385 1388/1388/1388 1390/1390/1390 
f 1383/1383/1383 1391/1391/1391 1392/1392/1392 
f 1383/1383/1383 1390/1390/1390 1391/1391/1391 
f 1393/1393/1393 1390/1390/1390 1388/1388/1388 
f 1394/1394/1394 1393/1393/1393 1388/1388/1388 
f 1390/1390/1390 1393/1393/1393 1395/1395/1395 
f 1396/1396/1396 1390/1390/1390 1395/1395/1395 
f 1391/1391/1391 1390/1390/1390 1396/1396/1396 
f 1391/1391/1391 1396/1396/1396 1397/1397/1397 
f 1398/1398/1398 1399/1399/1399 1400/1400/1400 
f 1401/1401/1401 1399/1399/1399 1402/1402/1402 
f 1399/1399/1399 1398/1398/1398 1402/1402/1402 
f 1403/1403/1403 1404/1404/1404 1399/1399/1399 
f 1405/1405/1405 1399/1399/1399 1404/1404/1404 
f 1399/1399/1399 1405/1405/1405 1400/1400/1400 
f 1406/1406/1406 1407/1407/1407 1404/1404/1404 
f 1407/1407/1407 1405/1405/1405 1404/1404/1404 
f 1405/1405/1405 1407/1407/1407 1408/1408/1408 
f 1409/1409/1409 1405/1405/1405 1408/1408/1408 
f 1405/1405/1405 1409/1409/1409 1410/1410/1410 
f 1410/1410/1410 1400/1400/1400 1405/1405/1405 
f 1409/1409/1409 1411/1411/1411 1410/1410/1410 
f 1400/1400/1400 1410/1410/1410 1412/1412/1412 
f 1410/1410/1410 1413/1413/1413 1412/1412/1412 
f 1414/1414/1414 1400/1400/1400 1412/1412/1412 
f 1412/1412/1412 1415/1415/1415 1414/1414/1414 
f 1400/1400/1400 1414/1414/1414 1398/1398/1398 
f 1416/1416/1416 1398/1398/1398 1414/1414/1414 
f 1414/1414/1414 1417/1417/1417 1416/1416/1416 
f 1398/1398/1398 1416/1416/1416 1418/1418/1418 
f 1419/1419/1419 1398/1398/1398 1418/1418/1418 
f 1398/1398/1398 1419/1419/1419 1402/1402/1402 
f 1420/1420/1420 1402/1402/1402 1419/1419/1419 
f 1421/1421/1421 1419/1419/1419 1418/1418/1418 
f 1416/1416/1416 1421/1421/1421 1418/1418/1418 
f 1416/1416/1416 1422/1422/1422 1423/1423/1423 
f 1421/1421/1421 1416/1416/1416 1423/1423/1423 
f 1419/1419/1419 1421/1421/1421 1424/1424/1424 
f 1425/1425/1425 1419/1419/1419 1424/1424/1424 
f 1426/1426/1426 1421/1421/1421 1423/1423/1423 
f 1423/1423/1423 1427/1427/1427 1426/1426/1426 
f 1428/1428/1428 1424/1424/1424 1421/1421/1421 
f 1421/1421/1421 1426/1426/1426 1428/1428/1428 
f 1424/1424/1424 1428/1428/1428 1429/1429/1429 
f 1430/1430/1430 1424/1424/1424 1429/1429/1429 
f 1428/1428/1428 1431/1431/1431 1429/1429/1429 
f 1432/1432/1432 1429/1429/1429 1431/1431/1431 
f 1426/1426/1426 1433/1433/1433 1428/1428/1428 
f 1431/1431/1431 1428/1428/1428 1433/1433/1433 
f 1426/1426/1426 1434/1434/1434 1435/1435/1435 
f 1433/1433/1433 1426/1426/1426 1435/1435/1435 
f 1433/1433/1433 1436/1436/1436 1431/1431/1431 
f 1437/1437/1437 1431/1431/1431 1436/1436/1436 
f 1436/1436/1436 1433/1433/1433 1438/1438/1438 
f 1433/1433/1433 1439/1439/1439 1438/1438/1438 
f 1439/1439/1439 1433/1433/1433 1435/1435/1435 
f 1435/1435/1435 1440/1440/1440 1439/1439/1439 
f 389/389/389 1441/1441/1441 1442/1442/1442 
f 1443/1443/1443 1444/1444/1444 1441/1441/1441 
f 1441/1441/1441 389/389/389 1445/1445/1445 
f 1446/1446/1446 1441/1441/1441 1445/1445/1445 
f 1445/1445/1445 389/389/389 386/386/386 
f 1447/1447/1447 1445/1445/1445 386/386/386 
f 1448/1448/1448 1441/1441/1441 1444/1444/1444 
f 1441/1441/1441 1448/1448/1448 1442/1442/1442 
f 1449/1449/1449 1448/1448/1448 1444/1444/1444 
f 1450/1450/1450 1449/1449/1449 1444/1444/1444 
f 1448/1448/1448 1449/1449/1449 1451/1451/1451 
f 1448/1448/1448 1452/1452/1452 1442/1442/1442 
f 1451/1451/1451 1452/1452/1452 1448/1448/1448 
f 1442/1442/1442 1452/1452/1452 1453/1453/1453 
f 1453/1453/1453 1452/1452/1452 1454/1454/1454 
f 391/391/391 1442/1442/1442 1453/1453/1453 
f 1442/1442/1442 391/391/391 389/389/389 
f 391/391/391 1453/1453/1453 1455/1455/1455 
f 1452/1452/1452 1451/1451/1451 1456/1456/1456 
f 1452/1452/1452 1456/1456/1456 1457/1457/1457 
f 1458/1458/1458 1456/1456/1456 1451/1451/1451 
f 1449/1449/1449 1458/1458/1458 1451/1451/1451 
f 1456/1456/1456 1459/1459/1459 1460/1460/1460 
f 1456/1456/1456 1458/1458/1458 1459/1459/1459 
f 1461/1461/1461 1458/1458/1458 1449/1449/1449 
f 1462/1462/1462 1461/1461/1461 1449/1449/1449 
f 1459/1459/1459 1458/1458/1458 1463/1463/1463 
f 1459/1459/1459 1463/1463/1463 1464/1464/1464 
f 1458/1458/1458 1461/1461/1461 1465/1465/1465 
f 1465/1465/1465 1463/1463/1463 1458/1458/1458 
f 1466/1466/1466 1465/1465/1465 1461/1461/1461 
f 1467/1467/1467 1466/1466/1466 1461/1461/1461 
f 1468/1468/1468 1465/1465/1465 1466/1466/1466 
f 1469/1469/1469 1468/1468/1468 1466/1466/1466 
f 1465/1465/1465 1468/1468/1468 1470/1470/1470 
f 1470/1470/1470 1463/1463/1463 1465/1465/1465 
f 1463/1463/1463 1470/1470/1470 1471/1471/1471 
f 1463/1463/1463 1471/1471/1471 1472/1472/1472 
f 1473/1473/1473 1474/1474/1474 1475/1475/1475 
f 1476/1476/1476 1477/1477/1477 1474/1474/1474 
f 1474/1474/1474 1477/1477/1477 1475/1475/1475 
f 1478/1478/1478 1474/1474/1474 1479/1479/1479 
f 1474/1474/1474 1480/1480/1480 1479/1479/1479 
f 1480/1480/1480 1474/1474/1474 1473/1473/1473 
f 1481/1481/1481 1479/1479/1479 1482/1482/1482 
f 1480/1480/1480 1482/1482/1482 1479/1479/1479 
f 1483/1483/1483 1482/1482/1482 1480/1480/1480 
f 1480/1480/1480 1484/1484/1484 1483/1483/1483 
f 1484/1484/1484 1480/1480/1480 1485/1485/1485 
f 1473/1473/1473 1485/1485/1485 1480/1480/1480 
f 1484/1484/1484 1485/1485/1485 1486/1486/1486 
f 1485/1485/1485 1473/1473/1473 1487/1487/1487 
f 1485/1485/1485 1487/1487/1487 1488/1488/1488 
f 1487/1487/1487 1473/1473/1473 1489/1489/1489 
f 1487/1487/1487 1489/1489/1489 1490/1490/1490 
f 1473/1473/1473 1475/1475/1475 1489/1489/1489 
f 1489/1489/1489 1475/1475/1475 1491/1491/1491 
f 1489/1489/1489 1491/1491/1491 1492/1492/1492 
f 1493/1493/1493 1491/1491/1491 1475/1475/1475 
f 1475/1475/1475 1494/1494/1494 1493/1493/1493 
f 1494/1494/1494 1475/1475/1475 1477/1477/1477 
f 1495/1495/1495 1494/1494/1494 1477/1477/1477 
f 1493/1493/1493 1494/1494/1494 1496/1496/1496 
f 1496/1496/1496 1491/1491/1491 1493/1493/1493 
f 1491/1491/1491 1497/1497/1497 1498/1498/1498 
f 1491/1491/1491 1496/1496/1496 1497/1497/1497 
f 1494/1494/1494 1499/1499/1499 1496/1496/1496 
f 1500/1500/1500 1499/1499/1499 1494/1494/1494 
f 1497/1497/1497 1496/1496/1496 1501/1501/1501 
f 1497/1497/1497 1501/1501/1501 1502/1502/1502 
f 1496/1496/1496 1499/1499/1499 1503/1503/1503 
f 1496/1496/1496 1503/1503/1503 1501/1501/1501 
f 1503/1503/1503 1499/1499/1499 1504/1504/1504 
f 1505/1505/1505 1504/1504/1504 1499/1499/1499 
f 1506/1506/1506 1503/1503/1503 1504/1504/1504 
f 1507/1507/1507 1506/1506/1506 1504/1504/1504 
f 1508/1508/1508 1501/1501/1501 1503/1503/1503 
f 1503/1503/1503 1506/1506/1506 1508/1508/1508 
f 1501/1501/1501 1509/1509/1509 1510/1510/1510 
f 1501/1501/1501 1508/1508/1508 1509/1509/1509 
f 1511/1511/1511 1508/1508/1508 1506/1506/1506 
f 1512/1512/1512 1511/1511/1511 1506/1506/1506 
f 1508/1508/1508 1511/1511/1511 1513/1513/1513 
f 1514/1514/1514 1508/1508/1508 1513/1513/1513 
f 1509/1509/1509 1508/1508/1508 1514/1514/1514 
f 1509/1509/1509 1514/1514/1514 1515/1515/1515 
f 1516/1516/1516 1517/1517/1517 1518/1518/1518 
f 1519/1519/1519 1518/1518/1518 1517/1517/1517 
f 1520/1520/1520 1516/1516/1516 1518/1518/1518 
f 1521/1521/1521 1520/1520/1520 1518/1518/1518 
f 1522/1522/1522 1523/1523/1523 1520/1520/1520 
f 1524/1524/1524 1520/1520/1520 1523/1523/1523 
f 1520/1520/1520 1524/1524/1524 1525/1525/1525 
f 1520/1520/1520 1525/1525/1525 1516/1516/1516 
f 1526/1526/1526 1525/1525/1525 1524/1524/1524 
f 1525/1525/1525 1526/1526/1526 1527/1527/1527 
f 1526/1526/1526 1528/1528/1528 1527/1527/1527 
f 1529/1529/1529 1525/1525/1525 1527/1527/1527 
f 1525/1525/1525 1529/1529/1529 1516/1516/1516 
f 1527/1527/1527 1530/1530/1530 1529/1529/1529 
f 1531/1531/1531 1516/1516/1516 1529/1529/1529 
f 1529/1529/1529 1532/1532/1532 1531/1531/1531 
f 1516/1516/1516 1531/1531/1531 1533/1533/1533 
f 1517/1517/1517 1516/1516/1516 1533/1533/1533 
f 1531/1531/1531 1534/1534/1534 1535/1535/1535 
f 1533/1533/1533 1536/1536/1536 1517/1517/1517 
f 1537/1537/1537 1517/1517/1517 1536/1536/1536 
f 1531/1531/1531 1538/1538/1538 1533/1533/1533 
f 1538/1538/1538 1531/1531/1531 1535/1535/1535 
f 1536/1536/1536 1533/1533/1533 1538/1538/1538 
f 1538/1538/1538 1535/1535/1535 1539/1539/1539 
f 1535/1535/1535 1540/1540/1540 1539/1539/1539 
f 1536/1536/1536 1538/1538/1538 1541/1541/1541 
f 1539/1539/1539 1541/1541/1541 1538/1538/1538 
f 1541/1541/1541 1542/1542/1542 1536/1536/1536 
f 1543/1543/1543 1536/1536/1536 1542/1542/1542 
f 1541/1541/1541 1544/1544/1544 1542/1542/1542 
f 1545/1545/1545 1542/1542/1542 1544/1544/1544 
f 1539/1539/1539 1546/1546/1546 1541/1541/1541 
f 1544/1544/1544 1541/1541/1541 1546/1546/1546 
f 1546/1546/1546 1539/1539/1539 1547/1547/1547 
f 1539/1539/1539 1548/1548/1548 1547/1547/1547 
f 1546/1546/1546 1547/1547/1547 1549/1549/1549 
f 1547/1547/1547 1550/1550/1550 1549/1549/1549 
f 1544/1544/1544 1546/1546/1546 1551/1551/1551 
f 1551/1551/1551 1546/1546/1546 1549/1549/1549 
f 1551/1551/1551 1549/1549/1549 1552/1552/1552 
f 1549/1549/1549 1553/1553/1553 1552/1552/1552 
f 1551/1551/1551 1552/1552/1552 1554/1554/1554 
f 1544/1544/1544 1551/1551/1551 1555/1555/1555 
f 1555/1555/1555 1551/1551/1551 1554/1554/1554 
f 1556/1556/1556 1544/1544/1544 1555/1555/1555 
f 1555/1555/1555 1554/1554/1554 1557/1557/1557 
f 1558/1558/1558 1555/1555/1555 1557/1557/1557 
f 1559/1559/1559 1560/1560/1560 1561/1561/1561 
f 1562/1562/1562 1561/1561/1561 1560/1560/1560 
f 1563/1563/1563 1564/1564/1564 1561/1561/1561 
f 1565/1565/1565 1561/1561/1561 1564/1564/1564 
f 1561/1561/1561 1565/1565/1565 1559/1559/1559 
f 1566/1566/1566 1567/1567/1567 1564/1564/1564 
f 1567/1567/1567 1565/1565/1565 1564/1564/1564 
f 1567/1567/1567 1568/1568/1568 1565/1565/1565 
f 1569/1569/1569 1565/1565/1565 1568/1568/1568 
f 1565/1565/1565 1569/1569/1569 1570/1570/1570 
f 1569/1569/1569 1571/1571/1571 1570/1570/1570 
f 1565/1565/1565 1570/1570/1570 1572/1572/1572 
f 1565/1565/1565 1572/1572/1572 1559/1559/1559 
f 1570/1570/1570 1573/1573/1573 1572/1572/1572 
f 1559/1559/1559 1572/1572/1572 1574/1574/1574 
f 1572/1572/1572 1575/1575/1575 1574/1574/1574 
f 1574/1574/1574 1576/1576/1576 1559/1559/1559 
f 1560/1560/1560 1559/1559/1559 1576/1576/1576 
f 1577/1577/1577 1576/1576/1576 1574/1574/1574 
f 1574/1574/1574 1578/1578/1578 1577/1577/1577 
f 1579/1579/1579 1560/1560/1560 1576/1576/1576 
f 1577/1577/1577 1579/1579/1579 1576/1576/1576 
f 1560/1560/1560 1579/1579/1579 1580/1580/1580 
f 1581/1581/1581 1560/1560/1560 1580/1580/1580 
f 1577/1577/1577 1582/1582/1582 1579/1579/1579 
f 1582/1582/1582 1580/1580/1580 1579/1579/1579 
f 1577/1577/1577 1583/1583/1583 1584/1584/1584 
f 1582/1582/1582 1577/1577/1577 1584/1584/1584 
f 1585/1585/1585 1580/1580/1580 1586/1586/1586 
f 1582/1582/1582 1586/1586/1586 1580/1580/1580 
f 1582/1582/1582 1587/1587/1587 1586/1586/1586 
f 1588/1588/1588 1586/1586/1586 1587/1587/1587 
f 1589/1589/1589 1582/1582/1582 1584/1584/1584 
f 1584/1584/1584 1590/1590/1590 1589/1589/1589 
f 1587/1587/1587 1582/1582/1582 1591/1591/1591 
f 1589/1589/1589 1591/1591/1591 1582/1582/1582 
f 1591/1591/1591 1592/1592/1592 1587/1587/1587 
f 1593/1593/1593 1587/1587/1587 1592/1592/1592 
f 1594/1594/1594 1591/1591/1591 1589/1589/1589 
f 1589/1589/1589 1595/1595/1595 1594/1594/1594 
f 1592/1592/1592 1591/1591/1591 1596/1596/1596 
f 1594/1594/1594 1596/1596/1596 1591/1591/1591 
f 1597/1597/1597 1592/1592/1592 1596/1596/1596 
f 1594/1594/1594 1597/1597/1597 1596/1596/1596 
f 1597/1597/1597 1598/1598/1598 1592/1592/1592 
f 1599/1599/1599 1592/1592/1592 1598/1598/1598 
f 1597/1597/1597 1594/1594/1594 1600/1600/1600 
f 1594/1594/1594 1601/1601/1601 1600/1600/1600 
f 308/308/308 1602/1602/1602 309/309/309 
f 1603/1603/1603 309/309/309 1602/1602/1602 
f 1604/1604/1604 1602/1602/1602 1605/1605/1605 
f 1606/1606/1606 1605/1605/1605 1602/1602/1602 
f 1602/1602/1602 308/308/308 1606/1606/1606 
f 1606/1606/1606 1607/1607/1607 1605/1605/1605 
f 1608/1608/1608 1605/1605/1605 1607/1607/1607 
f 314/314/314 1606/1606/1606 308/308/308 
f 1607/1607/1607 1606/1606/1606 1609/1609/1609 
f 314/314/314 1609/1609/1609 1606/1606/1606 
f 1610/1610/1610 1607/1607/1607 1611/1611/1611 
f 1609/1609/1609 314/314/314 1612/1612/1612 
f 314/314/314 1613/1613/1613 1612/1612/1612 
f 1614/1614/1614 1607/1607/1607 1609/1609/1609 
f 1607/1607/1607 1614/1614/1614 1611/1611/1611 
f 1615/1615/1615 1609/1609/1609 1612/1612/1612 
f 1609/1609/1609 1615/1615/1615 1614/1614/1614 
f 1612/1612/1612 1616/1616/1616 1615/1615/1615 
f 1614/1614/1614 1617/1617/1617 1611/1611/1611 
f 1618/1618/1618 1611/1611/1611 1617/1617/1617 
f 1615/1615/1615 1619/1619/1619 1614/1614/1614 
f 1617/1617/1617 1614/1614/1614 1619/1619/1619 
f 1619/1619/1619 1620/1620/1620 1617/1617/1617 
f 1621/1621/1621 1617/1617/1617 1620/1620/1620 
f 1620/1620/1620 1619/1619/1619 1622/1622/1622 
f 1619/1619/1619 1615/1615/1615 1623/1623/1623 
f 1623/1623/1623 1622/1622/1622 1619/1619/1619 
f 1615/1615/1615 1624/1624/1624 1623/1623/1623 
f 1622/1622/1622 1623/1623/1623 1625/1625/1625 
f 1623/1623/1623 1626/1626/1626 1625/1625/1625 
f 1627/1627/1627 1628/1628/1628 288/288/288 
f 288/288/288 280/280/280 1627/1627/1627 
f 1627/1627/1627 280/280/280 1629/1629/1629 
f 280/280/280 282/282/282 1629/1629/1629 
f 1627/1627/1627 1629/1629/1629 1630/1630/1630 
f 1630/1630/1630 1631/1631/1631 1627/1627/1627 
f 1632/1632/1632 1629/1629/1629 282/282/282 
f 1633/1633/1633 1632/1632/1632 282/282/282 
f 1634/1634/1634 1630/1630/1630 1629/1629/1629 
f 1629/1629/1629 1632/1632/1632 1634/1634/1634 
f 1635/1635/1635 1636/1636/1636 1630/1630/1630 
f 1630/1630/1630 1634/1634/1634 1635/1635/1635 
f 1637/1637/1637 1634/1634/1634 1632/1632/1632 
f 1638/1638/1638 1637/1637/1637 1632/1632/1632 
f 1634/1634/1634 1637/1637/1637 1639/1639/1639 
f 1640/1640/1640 1634/1634/1634 1639/1639/1639 
f 1634/1634/1634 1640/1640/1640 1635/1635/1635 
f 1640/1640/1640 1641/1641/1641 1635/1635/1635 
f 1642/1642/1642 1643/1643/1643 1644/1644/1644 
f 1645/1645/1645 1644/1644/1644 1643/1643/1643 
f 1646/1646/1646 1647/1647/1647 1644/1644/1644 
f 1648/1648/1648 1649/1649/1649 1647/1647/1647 
f 1650/1650/1650 1647/1647/1647 1649/1649/1649 
f 1651/1651/1651 1644/1644/1644 1647/1647/1647 
f 1647/1647/1647 1650/1650/1650 1651/1651/1651 
f 1644/1644/1644 1651/1651/1651 1642/1642/1642 
f 1652/1652/1652 1651/1651/1651 1650/1650/1650 
f 1651/1651/1651 1652/1652/1652 1653/1653/1653 
f 1653/1653/1653 1642/1642/1642 1651/1651/1651 
f 1652/1652/1652 1654/1654/1654 1653/1653/1653 
f 1642/1642/1642 1653/1653/1653 1655/1655/1655 
f 1653/1653/1653 1656/1656/1656 1655/1655/1655 
f 1657/1657/1657 1642/1642/1642 1655/1655/1655 
f 1655/1655/1655 1658/1658/1658 1657/1657/1657 
f 1642/1642/1642 1657/1657/1657 1659/1659/1659 
f 1643/1643/1643 1642/1642/1642 1659/1659/1659 
f 1659/1659/1659 1657/1657/1657 1660/1660/1660 
f 1657/1657/1657 1661/1661/1661 1660/1660/1660 
f 1659/1659/1659 1662/1662/1662 1643/1643/1643 
f 1663/1663/1663 1643/1643/1643 1662/1662/1662 
f 1664/1664/1664 1659/1659/1659 1660/1660/1660 
f 1662/1662/1662 1659/1659/1659 1664/1664/1664 
f 1665/1665/1665 1664/1664/1664 1660/1660/1660 
f 1660/1660/1660 1666/1666/1666 1665/1665/1665 
f 1667/1667/1667 1662/1662/1662 1664/1664/1664 
f 1664/1664/1664 1665/1665/1665 1667/1667/1667 
f 1667/1667/1667 1668/1668/1668 1662/1662/1662 
f 1669/1669/1669 1662/1662/1662 1668/1668/1668 
f 1665/1665/1665 1670/1670/1670 1667/1667/1667 
f 1670/1670/1670 1668/1668/1668 1667/1667/1667 
f 1665/1665/1665 1671/1671/1671 1672/1672/1672 
f 1670/1670/1670 1665/1665/1665 1672/1672/1672 
f 1673/1673/1673 1668/1668/1668 1674/1674/1674 
f 1670/1670/1670 1674/1674/1674 1668/1668/1668 
f 1670/1670/1670 1675/1675/1675 1674/1674/1674 
f 1676/1676/1676 1674/1674/1674 1675/1675/1675 
f 1677/1677/1677 1670/1670/1670 1672/1672/1672 
f 1672/1672/1672 1678/1678/1678 1677/1677/1677 
f 1675/1675/1675 1670/1670/1670 1679/1679/1679 
f 1670/1670/1670 1677/1677/1677 1679/1679/1679 
f 1679/1679/1679 1680/1680/1680 1675/1675/1675 
f 1681/1681/1681 1675/1675/1675 1680/1680/1680 
f 1680/1680/1680 1679/1679/1679 1682/1682/1682 
f 1679/1679/1679 1683/1683/1683 1682/1682/1682 
f 1683/1683/1683 1679/1679/1679 1677/1677/1677 
f 1677/1677/1677 1684/1684/1684 1683/1683/1683 
f 1685/1685/1685 1686/1686/1686 1687/1687/1687 
f 1688/1688/1688 1687/1687/1687 1686/1686/1686 
f 1689/1689/1689 1685/1685/1685 1687/1687/1687 
f 1690/1690/1690 1689/1689/1689 1687/1687/1687 
f 1686/1686/1686 1685/1685/1685 1691/1691/1691 
f 1692/1692/1692 1686/1686/1686 1693/1693/1693 
f 1691/1691/1691 1693/1693/1693 1686/1686/1686 
f 1694/1694/1694 1693/1693/1693 1695/1695/1695 
f 1693/1693/1693 1696/1696/1696 1695/1695/1695 
f 1691/1691/1691 1697/1697/1697 1693/1693/1693 
f 1696/1696/1696 1693/1693/1693 1697/1697/1697 
f 1697/1697/1697 1698/1698/1698 1696/1696/1696 
f 1691/1691/1691 1698/1698/1698 1697/1697/1697 
f 1699/1699/1699 1696/1696/1696 1698/1698/1698 
f 1699/1699/1699 1698/1698/1698 1700/1700/1700 
f 1698/1698/1698 1691/1691/1691 1701/1701/1701 
f 1698/1698/1698 1701/1701/1701 1702/1702/1702 
f 1685/1685/1685 1701/1701/1701 1691/1691/1691 
f 1701/1701/1701 1685/1685/1685 1703/1703/1703 
f 1701/1701/1701 1703/1703/1703 1704/1704/1704 
f 1685/1685/1685 1705/1705/1705 1703/1703/1703 
f 1703/1703/1703 1705/1705/1705 1706/1706/1706 
f 1705/1705/1705 1685/1685/1685 1707/1707/1707 
f 1685/1685/1685 1689/1689/1689 1707/1707/1707 
f 1707/1707/1707 1708/1708/1708 1705/1705/1705 
f 1705/1705/1705 1708/1708/1708 1709/1709/1709 
f 1710/1710/1710 1707/1707/1707 1689/1689/1689 
f 1711/1711/1711 1710/1710/1710 1689/1689/1689 
f 1708/1708/1708 1707/1707/1707 1712/1712/1712 
f 1707/1707/1707 1710/1710/1710 1712/1712/1712 
f 1713/1713/1713 1708/1708/1708 1712/1712/1712 
f 1712/1712/1712 1710/1710/1710 1713/1713/1713 
f 1708/1708/1708 1713/1713/1713 1714/1714/1714 
f 1708/1708/1708 1714/1714/1714 1715/1715/1715 
f 1710/1710/1710 1716/1716/1716 1713/1713/1713 
f 1717/1717/1717 1716/1716/1716 1710/1710/1710 
f 1718/1718/1718 1714/1714/1714 1713/1713/1713 
f 1716/1716/1716 1718/1718/1718 1713/1713/1713 
f 1714/1714/1714 1719/1719/1719 1720/1720/1720 
f 1714/1714/1714 1718/1718/1718 1719/1719/1719 
f 1721/1721/1721 1718/1718/1718 1716/1716/1716 
f 1722/1722/1722 1721/1721/1721 1716/1716/1716 
f 1718/1718/1718 1723/1723/1723 1719/1719/1719 
f 1719/1719/1719 1723/1723/1723 1724/1724/1724 
f 1725/1725/1725 1723/1723/1723 1718/1718/1718 
f 1718/1718/1718 1726/1726/1726 1725/1725/1725 
f 1726/1726/1726 1718/1718/1718 1721/1721/1721 
f 1727/1727/1727 1726/1726/1726 1721/1721/1721 
f 1728/1728/1728 1729/1729/1729 1730/1730/1730 
f 1731/1731/1731 1732/1732/1732 1729/1729/1729 
f 1733/1733/1733 1729/1729/1729 1732/1732/1732 
f 1730/1730/1730 1729/1729/1729 1733/1733/1733 
f 1732/1732/1732 1734/1734/1734 1733/1733/1733 
f 1735/1735/1735 1730/1730/1730 1733/1733/1733 
f 1734/1734/1734 1735/1735/1735 1733/1733/1733 
f 1730/1730/1730 1735/1735/1735 1736/1736/1736 
f 1736/1736/1736 1735/1735/1735 1737/1737/1737 
f 1738/1738/1738 1730/1730/1730 1736/1736/1736 
f 1738/1738/1738 1736/1736/1736 1739/1739/1739 
f 1730/1730/1730 1738/1738/1738 1728/1728/1728 
f 1735/1735/1735 1734/1734/1734 1740/1740/1740 
f 1735/1735/1735 1740/1740/1740 1741/1741/1741 
f 1734/1734/1734 1742/1742/1742 1740/1740/1740 
f 1740/1740/1740 1742/1742/1742 1743/1743/1743 
f 1744/1744/1744 1728/1728/1728 1738/1738/1738 
f 1744/1744/1744 1738/1738/1738 1745/1745/1745 
f 1728/1728/1728 1744/1744/1744 1746/1746/1746 
f 1747/1747/1747 1744/1744/1744 1748/1748/1748 
f 1747/1747/1747 1746/1746/1746 1744/1744/1744 
f 1746/1746/1746 1747/1747/1747 1749/1749/1749 
f 1749/1749/1749 1750/1750/1750 1746/1746/1746 
f 1751/1751/1751 1746/1746/1746 1750/1750/1750 
f 1752/1752/1752 1751/1751/1751 1750/1750/1750 
f 1746/1746/1746 1753/1753/1753 1728/1728/1728 
f 1753/1753/1753 1746/1746/1746 1751/1751/1751 
f 1754/1754/1754 1753/1753/1753 1751/1751/1751 
f 1729/1729/1729 1728/1728/1728 1753/1753/1753 
f 1755/1755/1755 1729/1729/1729 1753/1753/1753 
f 1742/1742/1742 1756/1756/1756 1757/1757/1757 
f 1756/1756/1756 1758/1758/1758 1759/1759/1759 
f 1756/1756/1756 1760/1760/1760 1758/1758/1758 
f 1761/1761/1761 1756/1756/1756 1742/1742/1742 
f 1760/1760/1760 1756/1756/1756 1762/1762/1762 
f 1756/1756/1756 1761/1761/1761 1762/1762/1762 
f 1762/1762/1762 1763/1763/1763 1760/1760/1760 
f 1742/1742/1742 1734/1734/1734 1761/1761/1761 
f 1763/1763/1763 1762/1762/1762 1764/1764/1764 
f 1765/1765/1765 1763/1763/1763 1764/1764/1764 
f 1762/1762/1762 1766/1766/1766 1764/1764/1764 
f 1766/1766/1766 1762/1762/1762 1761/1761/1761 
f 1767/1767/1767 1764/1764/1764 1766/1766/1766 
f 1768/1768/1768 1761/1761/1761 1734/1734/1734 
f 1761/1761/1761 1768/1768/1768 1766/1766/1766 
f 1769/1769/1769 1766/1766/1766 1768/1768/1768 
f 1734/1734/1734 1732/1732/1732 1768/1768/1768 
f 1770/1770/1770 1768/1768/1768 1732/1732/1732 
f 1771/1771/1771 1772/1772/1772 222/222/222 
f 222/222/222 211/211/211 1771/1771/1771 
f 1773/1773/1773 1774/1774/1774 1771/1771/1771 
f 1771/1771/1771 211/211/211 1775/1775/1775 
f 1771/1771/1771 1775/1775/1775 1773/1773/1773 
f 1775/1775/1775 1776/1776/1776 1773/1773/1773 
f 1776/1776/1776 1777/1777/1777 1773/1773/1773 
f 1776/1776/1776 1775/1775/1775 1778/1778/1778 
f 1775/1775/1775 211/211/211 1779/1779/1779 
f 1779/1779/1779 1778/1778/1778 1775/1775/1775 
f 1779/1779/1779 211/211/211 210/210/210 
f 1780/1780/1780 1779/1779/1779 210/210/210 
f 1778/1778/1778 1779/1779/1779 1781/1781/1781 
f 1782/1782/1782 1781/1781/1781 1779/1779/1779 
f 1783/1783/1783 1784/1784/1784 1785/1785/1785 
f 1786/1786/1786 1785/1785/1785 1784/1784/1784 
f 1783/1783/1783 1787/1787/1787 1784/1784/1784 
f 1788/1788/1788 1784/1784/1784 1787/1787/1787 
f 1783/1783/1783 1785/1785/1785 1789/1789/1789 
f 1790/1790/1790 1791/1791/1791 1785/1785/1785 
f 1791/1791/1791 1789/1789/1789 1785/1785/1785 
f 1792/1792/1792 1793/1793/1793 1791/1791/1791 
f 1794/1794/1794 1791/1791/1791 1793/1793/1793 
f 1789/1789/1789 1791/1791/1791 1795/1795/1795 
f 1791/1791/1791 1794/1794/1794 1795/1795/1795 
f 1794/1794/1794 1796/1796/1796 1795/1795/1795 
f 1794/1794/1794 1797/1797/1797 1796/1796/1796 
f 1797/1797/1797 1798/1798/1798 1796/1796/1796 
f 1799/1799/1799 1795/1795/1795 1796/1796/1796 
f 1795/1795/1795 1799/1799/1799 1789/1789/1789 
f 1796/1796/1796 1800/1800/1800 1799/1799/1799 
f 1801/1801/1801 1789/1789/1789 1799/1799/1799 
f 1801/1801/1801 1783/1783/1783 1789/1789/1789 
f 1799/1799/1799 1802/1802/1802 1801/1801/1801 
f 1803/1803/1803 1783/1783/1783 1801/1801/1801 
f 1801/1801/1801 1804/1804/1804 1803/1803/1803 
f 1803/1803/1803 1805/1805/1805 1783/1783/1783 
f 1787/1787/1787 1783/1783/1783 1805/1805/1805 
f 1806/1806/1806 1805/1805/1805 1803/1803/1803 
f 1803/1803/1803 1807/1807/1807 1806/1806/1806 
f 1805/1805/1805 1808/1808/1808 1787/1787/1787 
f 1809/1809/1809 1787/1787/1787 1808/1808/1808 
f 1808/1808/1808 1805/1805/1805 1810/1810/1810 
f 1805/1805/1805 1806/1806/1806 1810/1810/1810 
f 1810/1810/1810 1811/1811/1811 1808/1808/1808 
f 1812/1812/1812 1808/1808/1808 1811/1811/1811 
f 1806/1806/1806 1813/1813/1813 1810/1810/1810 
f 1811/1811/1811 1810/1810/1810 1813/1813/1813 
f 1813/1813/1813 1806/1806/1806 1814/1814/1814 
f 1806/1806/1806 1815/1815/1815 1814/1814/1814 
f 1813/1813/1813 1816/1816/1816 1811/1811/1811 
f 1817/1817/1817 1811/1811/1811 1816/1816/1816 
f 1814/1814/1814 1818/1818/1818 1813/1813/1813 
f 1816/1816/1816 1813/1813/1813 1818/1818/1818 
f 1814/1814/1814 1819/1819/1819 1820/1820/1820 
f 1818/1818/1818 1814/1814/1814 1820/1820/1820 
f 1818/1818/1818 1821/1821/1821 1816/1816/1816 
f 1822/1822/1822 1816/1816/1816 1821/1821/1821 
f 1821/1821/1821 1818/1818/1818 1823/1823/1823 
f 1818/1818/1818 1824/1824/1824 1823/1823/1823 
f 1818/1818/1818 1820/1820/1820 1824/1824/1824 
f 1820/1820/1820 1825/1825/1825 1824/1824/1824 
f 97/97/97 99/99/99 1826/1826/1826 
f 1826/1826/1826 1827/1827/1827 97/97/97 
f 1826/1826/1826 99/99/99 103/103/103 
f 1826/1826/1826 1828/1828/1828 1827/1827/1827 
f 1828/1828/1828 1826/1826/1826 103/103/103 
f 1827/1827/1827 1828/1828/1828 1829/1829/1829 
f 1830/1830/1830 97/97/97 1827/1827/1827 
f 1830/1830/1830 1827/1827/1827 1831/1831/1831 
f 104/104/104 1828/1828/1828 103/103/103 
f 97/97/97 1830/1830/1830 95/95/95 
f 1828/1828/1828 104/104/104 111/111/111 
f 1828/1828/1828 111/111/111 1832/1832/1832 
f 1833/1833/1833 95/95/95 1830/1830/1830 
f 1833/1833/1833 1830/1830/1830 1834/1834/1834 
f 1835/1835/1835 95/95/95 1833/1833/1833 
f 1835/1835/1835 1833/1833/1833 1836/1836/1836 
f 95/95/95 1835/1835/1835 1837/1837/1837 
f 1837/1837/1837 1838/1838/1838 95/95/95 
f 96/96/96 95/95/95 1838/1838/1838 
f 1839/1839/1839 96/96/96 1838/1838/1838 

g Handle2

v 364.625 4.87766 200.178 
v 364.598 4.93661 200.546 
v 364.626 4.9001 200.175 
v 364.828 4.94132 201.25 
v 364.666 4.94637 200.914 
v 364.665 4.92392 200.917 
v 364.597 4.91417 200.549 
v 364.598 4.93661 200.546 
v 364.625 4.87766 200.178 
v 364.749 4.82398 199.828 
v 364.625 4.87766 200.178 
v 364.626 4.9001 200.175 
v 364.748 4.80153 199.83 
v 364.959 4.75474 199.523 
v 364.958 4.73229 199.525 
v 364.958 4.73229 199.525 
v 365.242 4.71611 199.282 
v 365.241 4.69366 199.284 
v 364.959 4.75474 199.523 
v 365.573 4.67183 199.123 
v 365.241 4.69366 199.284 
v 365.242 4.71611 199.282 
v 365.241 4.69366 199.284 
v 365.573 4.67183 199.123 
v 365.573 4.64938 199.125 
v 365.941 4.62466 199.058 
v 365.941 4.60221 199.061 
v 366.313 4.60556 199.089 
v 365.941 4.60221 199.061 
v 365.941 4.62466 199.058 
v 365.066 4.9171 201.537 
v 365.375 4.9352 201.744 
v 365.066 4.93955 201.535 
v 365.375 4.91275 201.747 
v 365.728 4.91867 201.869 
v 365.728 4.94111 201.866 
v 366.101 4.96777 201.893 
v 366.112 4.94872 201.898 
v 366.251 5.00174 201.85 
v 366.237 5.01853 201.845 
v 365.066 4.93955 201.535 
v 364.827 4.91887 201.253 
v 364.828 4.94132 201.25 
v 364.665 4.92392 200.917 
v 364.827 4.91887 201.253 
v 364.666 4.94637 200.914 
v 364.597 4.91417 200.549 
v 366.313 4.62801 199.086 
v 366.313 4.60556 199.089 
v 366.566 4.64587 199.162 
v 366.572 4.62512 199.166 
v 366.819 4.6846 199.239 
v 366.83 4.66555 199.243 
v 366.949 4.7753 199.332 
v 366.963 4.75816 199.337 
v 367.069 4.88321 199.433 
v 367.05 4.89844 199.427 
v 366.819 4.6846 199.239 
v 366.572 4.62512 199.166 
v 366.566 4.64587 199.162 
v 366.949 4.7753 199.332 
v 366.83 4.66555 199.243 
v 367.069 4.88321 199.433 
v 366.963 4.75816 199.337 
v 367.05 4.89844 199.427 
v 367.068 5.05758 199.549 
v 367.049 5.06264 199.543 
v 366.458 5.21228 201.587 
v 366.362 5.07548 201.796 
v 366.378 5.06096 201.802 
v 366.251 5.00174 201.85 
v 366.237 5.01853 201.845 
v 366.112 4.94872 201.898 
v 366.101 4.96777 201.893 
v 367.037 5.23506 199.652 
v 367.068 5.05758 199.549 
v 367.049 5.06264 199.543 
v 367.016 5.22995 199.645 
v 365.259 4.85675 200.518 
v 365.237 4.89337 200.489 
v 365.251 4.85189 200.496 
v 365.245 4.89823 200.511 
v 365.261 4.85202 200.475 
v 365.237 4.89337 200.489 
v 365.247 4.8935 200.468 
v 365.251 4.85189 200.496 
v 366.648 5.28671 200.894 
v 366.614 5.02024 201.013 
v 366.711 5.05063 200.828 
v 366.576 5.18723 201.156 
v 366.819 5.28726 200.338 
v 366.85 4.99096 200.227 
v 366.903 5.1729 200.081 
v 366.827 5.05355 200.422 
v 366.827 5.05355 200.422 
v 366.723 5.33138 200.613 
v 366.786 5.07507 200.628 
v 366.819 5.28726 200.338 
v 366.576 5.18723 201.156 
v 366.517 4.99021 201.173 
v 366.614 5.02024 201.013 
v 366.504 5.10285 201.379 
v 366.648 5.28671 200.894 
v 366.511 5.30676 201.219 
v 366.576 5.18723 201.156 
v 366.529 5.41941 200.908 
v 366.903 5.1729 200.081 
v 366.718 5.43984 200.275 
v 366.819 5.28726 200.338 
v 366.884 5.31597 199.998 
v 366.786 5.07507 200.628 
v 366.648 5.28671 200.894 
v 366.711 5.05063 200.828 
v 366.723 5.33138 200.613 
v 366.723 5.33138 200.613 
v 366.529 5.41941 200.908 
v 366.601 5.47083 200.586 
v 366.85 4.99096 200.227 
v 366.978 5.03784 199.862 
v 366.903 5.1729 200.081 
v 367.037 5.23506 199.652 
v 366.837 5.4715 199.909 
v 366.884 5.31597 199.998 
v 367.007 5.13645 199.757 
v 366.884 5.31597 199.998 
v 366.978 5.03784 199.862 
v 366.903 5.1729 200.081 
v 366.697 4.99198 200.6 
v 366.711 4.98651 200.418 
v 366.721 5.00473 200.417 
v 366.697 5.00349 200.602 
v 366.637 4.99483 200.773 
v 366.697 4.99198 200.6 
v 366.697 5.00349 200.602 
v 366.635 5.00537 200.774 
v 366.48 5.59426 200.56 
v 366.718 5.43984 200.275 
v 366.611 5.56816 200.211 
v 366.601 5.47083 200.586 
v 366.819 5.28726 200.338 
v 366.718 5.43984 200.275 
v 366.723 5.33138 200.613 
v 366.48 5.59426 200.56 
v 366.401 5.53836 200.921 
v 366.529 5.41941 200.908 
v 366.601 5.47083 200.586 
v 366.491 5.16012 201.486 
v 366.374 5.02663 201.668 
v 366.37 4.9923 201.534 
v 366.504 5.10285 201.379 
v 366.37 4.9923 201.534 
v 366.517 4.99021 201.173 
v 366.46 5.38908 201.286 
v 366.491 5.16012 201.486 
v 366.511 5.30676 201.219 
v 366.479 5.2174 201.594 
v 366.511 5.30676 201.219 
v 366.504 5.10285 201.379 
v 366.576 5.18723 201.156 
v 366.884 5.31597 199.998 
v 366.611 5.56816 200.211 
v 366.718 5.43984 200.275 
v 366.837 5.4715 199.909 
v 365.608 5.50323 200.668 
v 365.569 5.40168 200.705 
v 365.692 5.51436 200.765 
v 365.661 5.41385 200.811 
v 366.401 5.53836 200.921 
v 366.511 5.30676 201.219 
v 366.529 5.41941 200.908 
v 366.46 5.38908 201.286 
v 366.686 4.96787 200.235 
v 366.721 5.00473 200.417 
v 366.711 4.98651 200.418 
v 366.677 4.95449 200.239 
v 365.626 5.23651 200.871 
v 365.732 5.06616 201.021 
v 365.753 5.24647 200.957 
v 365.594 5.05538 200.928 
v 365.525 5.22314 200.754 
v 365.484 5.04092 200.802 
v 365.626 5.23651 200.871 
v 365.594 5.05538 200.928 
v 365.692 5.51436 200.765 
v 365.777 5.42292 200.889 
v 365.798 5.52265 200.837 
v 365.661 5.41385 200.811 
v 365.608 5.50323 200.668 
v 365.549 5.49133 200.553 
v 365.508 5.38724 200.579 
v 365.569 5.40168 200.705 
v 365.458 5.20727 200.616 
v 365.412 5.02376 200.652 
v 365.525 5.22314 200.754 
v 365.484 5.04092 200.802 
v 365.569 5.40168 200.705 
v 365.525 5.22314 200.754 
v 365.661 5.41385 200.811 
v 365.626 5.23651 200.871 
v 365.798 5.52265 200.837 
v 365.91 5.42826 200.936 
v 365.919 5.52754 200.879 
v 365.777 5.42292 200.889 
v 365.661 5.41385 200.811 
v 365.753 5.24647 200.957 
v 365.777 5.42292 200.889 
v 365.626 5.23651 200.871 
v 365.508 5.38724 200.579 
v 365.458 5.20727 200.616 
v 365.569 5.40168 200.705 
v 365.525 5.22314 200.754 
v 365.458 5.20727 200.616 
v 365.429 5.18998 200.465 
v 365.381 5.00506 200.489 
v 365.412 5.02376 200.652 
v 365.549 5.49133 200.553 
v 365.519 5.47901 200.427 
v 365.482 5.37151 200.441 
v 365.508 5.38724 200.579 
v 365.482 5.37151 200.441 
v 365.429 5.18998 200.465 
v 365.508 5.38724 200.579 
v 365.458 5.20727 200.616 
v 365.753 5.24647 200.957 
v 365.889 5.07251 201.076 
v 365.899 5.25234 201.008 
v 365.732 5.06616 201.021 
v 366.053 5.25373 201.02 
v 365.91 5.42826 200.936 
v 366.05 5.42953 200.946 
v 365.526 5.46507 200.297 
v 365.482 5.37151 200.441 
v 365.519 5.47901 200.427 
v 365.493 5.35556 200.302 
v 366.188 5.42662 200.92 
v 366.174 5.52603 200.865 
v 366.119 5.42807 200.933 
v 366.111 5.52736 200.877 
v 365.441 5.17246 200.312 
v 365.381 5.00506 200.489 
v 365.429 5.18998 200.465 
v 365.394 4.98611 200.324 
v 365.493 5.35556 200.302 
v 365.441 5.17246 200.312 
v 365.482 5.37151 200.441 
v 366.22 5.07055 201.058 
v 366.205 5.25053 200.991 
v 366.138 5.07228 201.073 
v 366.129 5.25213 201.005 
v 366.138 5.07228 201.073 
v 366.129 5.25213 201.005 
v 366.056 5.07401 201.089 
v 366.053 5.25373 201.02 
v 365.777 5.42292 200.889 
v 365.899 5.25234 201.008 
v 365.91 5.42826 200.936 
v 365.753 5.24647 200.957 
v 366.05 5.42953 200.946 
v 365.919 5.52754 200.879 
v 366.048 5.52869 200.888 
v 366.05 5.42953 200.946 
v 366.111 5.52736 200.877 
v 366.119 5.42807 200.933 
v 366.205 5.25053 200.991 
v 366.188 5.42662 200.92 
v 366.129 5.25213 201.005 
v 366.119 5.42807 200.933 
v 366.129 5.25213 201.005 
v 366.119 5.42807 200.933 
v 366.053 5.25373 201.02 
v 366.05 5.42953 200.946 
v 365.692 5.51436 200.765 
v 365.848 5.59886 200.727 
v 365.766 5.59245 200.672 
v 365.798 5.52265 200.837 
v 365.608 5.50323 200.668 
v 365.766 5.59245 200.672 
v 365.701 5.58385 200.597 
v 365.692 5.51436 200.765 
v 365.701 5.58385 200.597 
v 365.549 5.49133 200.553 
v 365.608 5.50323 200.668 
v 365.658 5.57364 200.508 
v 366.736 5.00794 200.522 
v 366.765 5.04126 200.522 
v 366.75 5.02531 200.531 
v 366.773 5.04644 200.501 
v 366.732 4.99932 200.5 
v 366.77 5.03782 200.479 
v 366.741 5.0045 200.478 
v 366.756 5.02044 200.469 
v 365.492 5.15589 200.167 
v 365.394 4.98611 200.324 
v 365.441 5.17246 200.312 
v 365.449 4.96819 200.167 
v 366.174 5.52603 200.865 
v 366.188 5.42662 200.92 
v 366.29 5.51974 200.809 
v 366.315 5.41973 200.86 
v 365.58 5.4473 200.179 
v 365.493 5.35556 200.302 
v 365.526 5.46507 200.297 
v 365.539 5.34048 200.17 
v 366.978 5.03784 199.862 
v 366.85 4.99096 200.227 
v 366.81 4.91843 200.027 
v 366.205 5.25053 200.991 
v 366.22 5.07055 201.058 
v 366.344 5.24297 200.925 
v 366.371 5.06237 200.986 
v 365.539 5.34048 200.17 
v 365.441 5.17246 200.312 
v 365.493 5.35556 200.302 
v 365.492 5.15589 200.167 
v 366.243 4.98913 201.138 
v 366.406 4.97428 201.05 
v 366.411 4.98 201.058 
v 366.24 4.98328 201.129 
v 366.543 4.9988 200.927 
v 366.537 4.9902 200.922 
v 366.537 4.9902 200.922 
v 366.635 5.00537 200.774 
v 366.637 4.99483 200.773 
v 365.519 5.47901 200.427 
v 365.64 5.56252 200.411 
v 365.526 5.46507 200.297 
v 365.64 5.5568 200.31 
v 365.58 5.4473 200.179 
v 365.526 5.46507 200.297 
v 365.64 5.5568 200.31 
v 365.672 5.54703 200.214 
v 366.188 5.42662 200.92 
v 366.205 5.25053 200.991 
v 366.315 5.41973 200.86 
v 366.344 5.24297 200.925 
v 365.653 5.43519 200.073 
v 365.539 5.34048 200.17 
v 365.58 5.4473 200.179 
v 365.619 5.3273 200.055 
v 366.654 4.89108 200.431 
v 366.827 5.05355 200.422 
v 366.642 4.90987 200.595 
v 366.786 5.07507 200.628 
v 365.579 5.14141 200.04 
v 365.449 4.96819 200.167 
v 365.492 5.15589 200.167 
v 365.543 4.95252 200.03 
v 366.29 5.51974 200.809 
v 366.315 5.41973 200.86 
v 366.387 5.51024 200.726 
v 366.422 5.40935 200.768 
v 365.619 5.3273 200.055 
v 365.492 5.15589 200.167 
v 365.539 5.34048 200.17 
v 365.579 5.14141 200.04 
v 366.498 5.05003 200.878 
v 366.462 5.23156 200.824 
v 366.371 5.06237 200.986 
v 366.344 5.24297 200.925 
v 366.174 5.52603 200.865 
v 366.139 5.59431 200.75 
v 366.111 5.52736 200.877 
v 366.09 5.59892 200.759 
v 366.041 5.60353 200.767 
v 366.111 5.52736 200.877 
v 366.048 5.52869 200.888 
v 365.736 5.53127 200.137 
v 365.653 5.43519 200.073 
v 365.672 5.54703 200.214 
v 365.58 5.4473 200.179 
v 366.462 5.23156 200.824 
v 366.422 5.40935 200.768 
v 366.344 5.24297 200.925 
v 366.315 5.41973 200.86 
v 365.658 5.57364 200.508 
v 365.519 5.47901 200.427 
v 365.549 5.49133 200.553 
v 365.64 5.56252 200.411 
v 365.818 5.64595 200.513 
v 365.79 5.63947 200.457 
v 365.701 5.58385 200.597 
v 365.653 5.43519 200.073 
v 365.725 5.31692 199.964 
v 365.619 5.3273 200.055 
v 365.75 5.4257 199.99 
v 365.701 5.58385 200.597 
v 365.859 5.65141 200.561 
v 365.818 5.64595 200.513 
v 365.766 5.59245 200.672 
v 365.579 5.14141 200.04 
v 365.67 4.94018 199.921 
v 365.543 4.95252 200.03 
v 365.696 5.13 199.94 
v 365.911 5.65547 200.596 
v 365.848 5.59886 200.727 
v 365.971 5.65787 200.617 
v 365.766 5.59245 200.672 
v 365.859 5.65141 200.561 
v 365.942 5.60264 200.76 
v 366.034 5.65844 200.621 
v 366.041 5.60353 200.767 
v 365.848 5.59886 200.727 
v 365.798 5.52265 200.837 
v 365.919 5.52754 200.879 
v 366.041 5.60353 200.767 
v 366.048 5.52869 200.888 
v 366.501 5.39617 200.653 
v 366.387 5.51024 200.726 
v 366.422 5.40935 200.768 
v 366.46 5.49818 200.62 
v 366.786 5.07507 200.628 
v 366.587 4.92764 200.75 
v 366.642 4.90987 200.595 
v 366.711 5.05063 200.828 
v 366.695 4.93457 200.519 
v 366.728 4.96397 200.519 
v 366.711 4.9502 200.528 
v 366.69 4.92623 200.497 
v 366.737 4.9678 200.497 
v 366.699 4.93006 200.475 
v 366.732 4.95946 200.475 
v 366.716 4.94383 200.466 
v 365.619 5.3273 200.055 
v 365.696 5.13 199.94 
v 365.579 5.14141 200.04 
v 365.725 5.31692 199.964 
v 365.79 5.63947 200.457 
v 365.64 5.56252 200.411 
v 365.658 5.57364 200.508 
v 365.779 5.63241 200.395 
v 366.592 5.03437 200.741 
v 366.462 5.23156 200.824 
v 366.498 5.05003 200.878 
v 366.549 5.21708 200.698 
v 365.736 5.53127 200.137 
v 365.812 5.52393 200.073 
v 365.75 5.4257 199.99 
v 365.653 5.43519 200.073 
v 365.779 5.63241 200.395 
v 365.64 5.5568 200.31 
v 365.64 5.56252 200.411 
v 365.783 5.62542 200.332 
v 366.549 5.21708 200.698 
v 366.422 5.40935 200.768 
v 366.462 5.23156 200.824 
v 366.501 5.39617 200.653 
v 365.75 5.4257 199.99 
v 365.852 5.31004 199.903 
v 365.725 5.31692 199.964 
v 365.866 5.4194 199.935 
v 365.717 5.0225 201.055 
v 365.883 5.02916 201.112 
v 365.732 5.06616 201.021 
v 365.889 5.07251 201.076 
v 365.732 5.06616 201.021 
v 365.572 5.01119 200.957 
v 365.594 5.05538 200.928 
v 366.056 5.07401 201.089 
v 365.899 5.25234 201.008 
v 366.053 5.25373 201.02 
v 365.64 5.5568 200.31 
v 365.783 5.62542 200.332 
v 365.672 5.54703 200.214 
v 365.802 5.62234 200.272 
v 366.139 5.59431 200.75 
v 366.096 5.65713 200.61 
v 366.09 5.59892 200.759 
v 366.065 5.65779 200.615 
v 366.034 5.65844 200.621 
v 366.09 5.59892 200.759 
v 366.041 5.60353 200.767 
v 366.548 5.38109 200.521 
v 366.46 5.49818 200.62 
v 366.501 5.39617 200.653 
v 366.502 5.48439 200.5 
v 366.29 5.51974 200.809 
v 366.139 5.59431 200.75 
v 366.174 5.52603 200.865 
v 366.219 5.58273 200.706 
v 366.479 5.2174 201.594 
v 366.378 5.06096 201.802 
v 366.374 5.02663 201.668 
v 366.491 5.16012 201.486 
v 365.866 5.4194 199.935 
v 365.812 5.52393 200.073 
v 365.901 5.51906 200.03 
v 365.75 5.4257 199.99 
v 365.725 5.31692 199.964 
v 365.835 5.12244 199.874 
v 365.696 5.13 199.94 
v 365.852 5.31004 199.903 
v 366.647 5.01645 200.584 
v 366.549 5.21708 200.698 
v 366.592 5.03437 200.741 
v 366.6 5.20051 200.553 
v 365.837 5.6169 200.219 
v 365.736 5.53127 200.137 
v 365.802 5.62234 200.272 
v 365.672 5.54703 200.214 
v 366.6 5.20051 200.553 
v 366.501 5.39617 200.653 
v 366.549 5.21708 200.698 
v 366.548 5.38109 200.521 
v 366.219 5.58273 200.706 
v 366.096 5.65713 200.61 
v 366.139 5.59431 200.75 
v 366.152 5.65405 200.583 
v 366.558 5.36514 200.382 
v 366.502 5.48439 200.5 
v 366.548 5.38109 200.521 
v 366.512 5.4698 200.372 
v 365.993 5.41674 199.911 
v 365.901 5.51906 200.03 
v 365.999 5.517 200.012 
v 365.866 5.4194 199.935 
v 365.887 5.60867 200.18 
v 365.812 5.52393 200.073 
v 365.837 5.6169 200.219 
v 365.736 5.53127 200.137 
v 365.835 5.12244 199.874 
v 365.985 4.92855 199.818 
v 365.82 4.932 199.849 
v 365.987 5.11924 199.845 
v 365.852 5.31004 199.903 
v 365.987 5.11924 199.845 
v 365.835 5.12244 199.874 
v 365.99 5.30713 199.877 
v 366.294 5.57539 200.641 
v 366.29 5.51974 200.809 
v 366.387 5.51024 200.726 
v 366.219 5.58273 200.706 
v 365.949 5.66988 200.424 
v 365.79 5.63947 200.457 
v 365.818 5.64595 200.513 
v 365.94 5.66762 200.404 
v 365.94 5.66762 200.404 
v 365.779 5.63241 200.395 
v 365.79 5.63947 200.457 
v 365.936 5.66516 200.382 
v 366.532 5.34941 200.244 
v 366.488 5.45542 200.247 
v 366.558 5.36514 200.382 
v 366.512 5.4698 200.372 
v 365.901 5.51906 200.03 
v 365.812 5.52393 200.073 
v 365.887 5.60867 200.18 
v 365.945 5.60483 200.153 
v 366.294 5.57539 200.641 
v 366.152 5.65405 200.583 
v 366.219 5.58273 200.706 
v 366.2 5.64106 200.543 
v 366.611 5.18299 200.4 
v 366.548 5.38109 200.521 
v 366.6 5.20051 200.553 
v 366.558 5.36514 200.382 
v 365.783 5.62542 200.332 
v 365.938 5.66266 200.361 
v 365.802 5.62234 200.272 
v 365.945 5.6603 200.34 
v 365.993 5.41674 199.911 
v 366.098 5.5179 200.019 
v 366.121 5.41789 199.92 
v 365.999 5.517 200.012 
v 366.182 5.42034 199.942 
v 366.145 5.51979 200.036 
v 366.192 5.52168 200.052 
v 366.242 5.42278 199.963 
v 366.614 5.02024 201.013 
v 366.587 4.92764 200.75 
v 366.711 5.05063 200.828 
v 366.13 5.30839 199.888 
v 366.182 5.42034 199.942 
v 366.197 5.31106 199.911 
v 366.121 5.41789 199.92 
v 366.46 5.49818 200.62 
v 366.294 5.57539 200.641 
v 366.387 5.51024 200.726 
v 366.35 5.56607 200.56 
v 366.471 5.33497 200.119 
v 366.432 5.44221 200.132 
v 366.532 5.34941 200.244 
v 366.488 5.45542 200.247 
v 365.82 4.932 199.849 
v 365.983 4.87808 199.792 
v 365.811 4.88171 199.825 
v 365.985 4.92855 199.818 
v 365.696 5.13 199.94 
v 365.835 5.12244 199.874 
v 365.67 4.94018 199.921 
v 366.66 4.99749 200.418 
v 366.6 5.20051 200.553 
v 366.647 5.01645 200.584 
v 366.611 5.18299 200.4 
v 366.583 5.1657 200.249 
v 366.611 5.18299 200.4 
v 366.629 4.9788 200.255 
v 366.263 5.31373 199.934 
v 366.296 5.42693 199.999 
v 366.321 5.31827 199.973 
v 366.242 5.42278 199.963 
v 366.379 5.3228 200.013 
v 366.349 5.43108 200.035 
v 366.425 5.32888 200.066 
v 366.391 5.43664 200.083 
v 366.242 5.42278 199.963 
v 366.192 5.52168 200.052 
v 366.296 5.42693 199.999 
v 366.233 5.5213 200.08 
v 366.274 5.52092 200.108 
v 366.296 5.42693 199.999 
v 366.349 5.43108 200.035 
v 366.425 5.32888 200.066 
v 366.391 5.43664 200.083 
v 366.471 5.33497 200.119 
v 366.432 5.44221 200.132 
v 366.321 5.31827 199.973 
v 366.349 5.43108 200.035 
v 366.379 5.3228 200.013 
v 366.296 5.42693 199.999 
v 366.583 5.1657 200.249 
v 366.532 5.34941 200.244 
v 366.611 5.18299 200.4 
v 366.558 5.36514 200.382 
v 366.23 4.93322 199.858 
v 366.287 5.1265 199.907 
v 366.309 4.9364 199.886 
v 366.214 5.12356 199.882 
v 366.556 4.96164 200.105 
v 366.516 5.14983 200.11 
v 366.629 4.9788 200.255 
v 366.583 5.1657 200.249 
v 366.141 5.12063 199.857 
v 366.197 5.31106 199.911 
v 366.214 5.12356 199.882 
v 366.13 5.30839 199.888 
v 365.99 5.30713 199.877 
v 366.121 5.41789 199.92 
v 365.993 5.41674 199.911 
v 366.35 5.56607 200.56 
v 366.502 5.48439 200.5 
v 366.383 5.55541 200.467 
v 366.46 5.49818 200.62 
v 366.309 4.9364 199.886 
v 366.351 5.13148 199.951 
v 366.378 4.94179 199.933 
v 366.287 5.1265 199.907 
v 366.447 4.94717 199.979 
v 366.415 5.13646 199.994 
v 366.502 4.9544 200.042 
v 366.465 5.14315 200.052 
v 366.35 5.56607 200.56 
v 366.2 5.64106 200.543 
v 366.294 5.57539 200.641 
v 366.226 5.6296 200.489 
v 366.502 4.9544 200.042 
v 366.465 5.14315 200.052 
v 366.556 4.96164 200.105 
v 366.516 5.14983 200.11 
v 366.197 5.31106 199.911 
v 366.242 5.42278 199.963 
v 366.263 5.31373 199.934 
v 366.182 5.42034 199.942 
v 366.263 5.31373 199.934 
v 366.214 5.12356 199.882 
v 366.287 5.1265 199.907 
v 366.378 4.94179 199.933 
v 366.415 5.13646 199.994 
v 366.447 4.94717 199.979 
v 366.351 5.13148 199.951 
v 365.985 4.92855 199.818 
v 366.141 5.12063 199.857 
v 366.151 4.93005 199.831 
v 365.987 5.11924 199.845 
v 366.23 4.93322 199.858 
v 366.158 4.87965 199.806 
v 366.241 4.88299 199.834 
v 366.007 5.60353 200.142 
v 366.037 5.65528 200.296 
v 366.07 5.60409 200.146 
v 366.015 5.65508 200.294 
v 366.099 5.60529 200.157 
v 365.994 5.65553 200.298 
v 365.945 5.60483 200.153 
v 366.015 5.65508 200.294 
v 366.048 5.65569 200.299 
v 366.151 4.93005 199.831 
v 366.214 5.12356 199.882 
v 366.23 4.93322 199.858 
v 366.141 5.12063 199.857 
v 365.987 5.11924 199.845 
v 366.13 5.30839 199.888 
v 365.99 5.30713 199.877 
v 365.866 5.4194 199.935 
v 365.993 5.41674 199.911 
v 365.852 5.31004 199.903 
v 366.287 5.1265 199.907 
v 366.321 5.31827 199.973 
v 366.351 5.13148 199.951 
v 366.263 5.31373 199.934 
v 366.415 5.13646 199.994 
v 366.379 5.3228 200.013 
v 366.465 5.14315 200.052 
v 366.425 5.32888 200.066 
v 366.383 5.55541 200.467 
v 366.512 5.4698 200.372 
v 366.391 5.54414 200.368 
v 366.502 5.48439 200.5 
v 366.351 5.13148 199.951 
v 366.379 5.3228 200.013 
v 366.415 5.13646 199.994 
v 366.321 5.31827 199.973 
v 366.516 5.14983 200.11 
v 366.471 5.33497 200.119 
v 366.583 5.1657 200.249 
v 366.532 5.34941 200.244 
v 366.516 5.14983 200.11 
v 366.425 5.32888 200.066 
v 366.465 5.14315 200.052 
v 366.349 5.43108 200.035 
v 366.274 5.52092 200.108 
v 366.391 5.43664 200.083 
v 366.302 5.52186 200.145 
v 366.329 5.52281 200.182 
v 366.391 5.43664 200.083 
v 366.432 5.44221 200.132 
v 366.104 5.66416 200.373 
v 366.252 5.61568 200.368 
v 366.1 5.6617 200.352 
v 366.25 5.61417 200.308 
v 366.036 5.67401 200.459 
v 365.949 5.66988 200.424 
v 365.964 5.67178 200.44 
v 365.982 5.6732 200.452 
v 365.94 5.66762 200.404 
v 365.938 5.66266 200.361 
v 365.936 5.66516 200.382 
v 365.783 5.62542 200.332 
v 365.779 5.63241 200.395 
v 366.003 5.67404 200.46 
v 366.025 5.67424 200.461 
v 365.982 5.6732 200.452 
v 365.911 5.65547 200.596 
v 365.859 5.65141 200.561 
v 365.964 5.67178 200.44 
v 365.964 5.67178 200.44 
v 365.818 5.64595 200.513 
v 365.949 5.66988 200.424 
v 366.025 5.67424 200.461 
v 366.034 5.65844 200.621 
v 366.065 5.65779 200.615 
v 366.036 5.67401 200.459 
v 366.046 5.67378 200.457 
v 366.096 5.65713 200.61 
v 366.152 5.65405 200.583 
v 366.046 5.67378 200.457 
v 366.066 5.6727 200.448 
v 366.2 5.64106 200.543 
v 366.152 5.65405 200.583 
v 366.083 5.67108 200.434 
v 366.226 5.6296 200.489 
v 366.383 5.55541 200.467 
v 366.247 5.62283 200.43 
v 366.35 5.56607 200.56 
v 366.181 5.61056 200.203 
v 366.076 5.65753 200.315 
v 366.202 5.61329 200.226 
v 366.083 5.65848 200.324 
v 366.091 5.65944 200.332 
v 366.222 5.61602 200.25 
v 366.1 5.6617 200.352 
v 366.222 5.61602 200.25 
v 366.25 5.61417 200.308 
v 366.391 5.54414 200.368 
v 366.488 5.45542 200.247 
v 366.372 5.53302 200.271 
v 366.512 5.4698 200.372 
v 366.247 5.62283 200.43 
v 366.095 5.66902 200.415 
v 366.226 5.6296 200.489 
v 366.103 5.66666 200.395 
v 366.083 5.67108 200.434 
v 366.226 5.6296 200.489 
v 366.2 5.64106 200.543 
v 366.372 5.53302 200.271 
v 366.432 5.44221 200.132 
v 366.329 5.52281 200.182 
v 366.488 5.45542 200.247 
v 366.618 4.8932 200.075 
v 366.686 4.96787 200.235 
v 366.677 4.95449 200.239 
v 366.604 4.88385 200.081 
v 366.557 4.87234 200.005 
v 366.49 4.84764 199.943 
v 366.547 4.86574 200.012 
v 366.419 4.84548 199.883 
v 366.414 4.84172 199.892 
v 365.999 5.517 200.012 
v 366.145 5.51979 200.036 
v 366.007 5.60353 200.142 
v 365.945 5.60483 200.153 
v 365.901 5.51906 200.03 
v 366.099 5.60529 200.157 
v 366.129 5.60649 200.167 
v 366.192 5.52168 200.052 
v 366.192 5.52168 200.052 
v 366.233 5.5213 200.08 
v 366.155 5.60853 200.185 
v 366.181 5.61056 200.203 
v 366.233 5.5213 200.08 
v 366.274 5.52092 200.108 
v 366.274 5.52092 200.108 
v 366.302 5.52186 200.145 
v 366.202 5.61329 200.226 
v 366.222 5.61602 200.25 
v 366.302 5.52186 200.145 
v 366.329 5.52281 200.182 
v 366.25 5.61417 200.308 
v 366.329 5.52281 200.182 
v 366.222 5.61602 200.25 
v 366.372 5.53302 200.271 
v 366.252 5.61568 200.368 
v 366.391 5.54414 200.368 
v 366.25 5.61417 200.308 
v 366.372 5.53302 200.271 
v 366.247 5.62283 200.43 
v 366.391 5.54414 200.368 
v 366.252 5.61568 200.368 
v 366.383 5.55541 200.467 
v 365.994 5.65553 200.298 
v 365.974 5.65661 200.308 
v 365.957 5.65824 200.322 
v 365.945 5.60483 200.153 
v 365.974 5.65661 200.308 
v 365.887 5.60867 200.18 
v 365.887 5.60867 200.18 
v 365.957 5.65824 200.322 
v 365.837 5.6169 200.219 
v 365.957 5.65824 200.322 
v 365.945 5.6603 200.34 
v 365.802 5.62234 200.272 
v 365.945 5.6603 200.34 
v 366.067 5.65682 200.309 
v 366.058 5.65611 200.303 
v 366.129 5.60649 200.167 
v 366.155 5.60853 200.185 
v 366.067 5.65682 200.309 
v 366.076 5.65753 200.315 
v 366.181 5.61056 200.203 
v 366.083 5.65848 200.324 
v 366.076 5.65753 200.315 
v 366.1 5.6617 200.352 
v 366.091 5.65944 200.332 
v 366.104 5.66416 200.373 
v 366.103 5.66666 200.395 
v 366.095 5.66902 200.415 
v 366.252 5.61568 200.368 
v 366.247 5.62283 200.43 
v 366.083 5.67108 200.434 
v 366.066 5.6727 200.448 
v 366.046 5.67378 200.457 
v 367.068 5.05758 199.549 
v 366.967 4.86324 199.546 
v 367.069 4.88321 199.433 
v 366.987 4.99985 199.651 
v 367.068 5.05758 199.549 
v 367.007 5.13645 199.757 
v 367.037 5.23506 199.652 
v 366.842 4.75599 199.459 
v 366.963 4.75816 199.337 
v 367.069 4.88321 199.433 
v 366.987 4.99985 199.651 
v 366.864 4.84328 199.659 
v 366.921 4.94056 199.76 
v 367.007 5.13645 199.757 
v 366.921 4.94056 199.76 
v 366.978 5.03784 199.862 
v 366.624 4.87253 200.269 
v 366.827 5.05355 200.422 
v 366.654 4.89108 200.431 
v 366.85 4.99096 200.227 
v 365.544 4.9722 200.993 
v 365.431 4.9507 200.847 
v 365.551 4.9666 200.986 
v 365.423 4.95607 200.852 
v 365.307 4.91607 200.503 
v 365.321 4.89493 200.319 
v 365.331 4.89044 200.321 
v 366.152 4.99105 201.155 
v 366.24 4.98328 201.129 
v 366.243 4.98913 201.138 
v 366.15 4.98518 201.146 
v 366.06 4.98708 201.163 
v 366.06 4.99298 201.172 
v 365.307 4.91607 200.503 
v 365.331 4.89044 200.321 
v 365.318 4.91128 200.503 
v 365.342 4.93692 200.685 
v 365.352 4.93183 200.683 
v 365.423 4.95607 200.852 
v 365.431 4.9507 200.847 
v 365.698 4.98422 201.097 
v 365.551 4.9666 200.986 
v 365.703 4.97845 201.089 
v 365.544 4.9722 200.993 
v 365.874 4.99131 201.159 
v 365.876 4.98543 201.149 
v 366.06 4.99298 201.172 
v 365.876 4.98543 201.149 
v 366.06 4.98708 201.163 
v 365.496 4.85352 199.998 
v 365.392 4.87074 200.149 
v 365.383 4.87494 200.144 
v 365.458 4.99601 200.825 
v 365.594 5.05538 200.928 
v 365.484 5.04092 200.802 
v 365.572 5.01119 200.957 
v 365.382 4.978 200.667 
v 365.484 5.04092 200.802 
v 365.412 5.02376 200.652 
v 365.458 4.99601 200.825 
v 365.349 4.95838 200.496 
v 365.412 5.02376 200.652 
v 365.381 5.00506 200.489 
v 365.382 4.978 200.667 
v 366.058 5.03074 201.126 
v 366.138 5.07228 201.073 
v 366.056 5.07401 201.089 
v 366.144 5.02892 201.109 
v 365.889 5.07251 201.076 
v 366.058 5.03074 201.126 
v 365.883 5.02916 201.112 
v 366.81 4.91843 200.027 
v 366.66 4.82035 199.886 
v 366.864 4.84328 199.659 
v 366.81 4.91843 200.027 
v 366.921 4.94056 199.76 
v 366.978 5.03784 199.862 
v 366.144 5.02892 201.109 
v 366.22 5.07055 201.058 
v 366.138 5.07228 201.073 
v 366.23 5.02711 201.093 
v 366.543 4.9988 200.927 
v 366.411 4.98 201.058 
v 366.406 4.97428 201.05 
v 366.23 5.02711 201.093 
v 366.371 5.06237 200.986 
v 366.22 5.07055 201.058 
v 366.388 5.01852 201.018 
v 366.378 5.06096 201.802 
v 366.479 5.2174 201.594 
v 366.458 5.21228 201.587 
v 365.565 5.0103 200.965 
v 365.423 4.95607 200.852 
v 365.544 4.9722 200.993 
v 365.449 4.99489 200.83 
v 365.713 5.02179 201.064 
v 365.544 4.9722 200.993 
v 365.698 4.98422 201.097 
v 365.565 5.0103 200.965 
v 365.342 4.93692 200.685 
v 365.449 4.99489 200.83 
v 365.372 4.9766 200.671 
v 365.423 4.95607 200.852 
v 365.394 4.98611 200.324 
v 365.349 4.95838 200.496 
v 365.381 5.00506 200.489 
v 365.363 4.93849 200.322 
v 365.449 4.96819 200.167 
v 365.394 4.98611 200.324 
v 365.421 4.91968 200.158 
v 365.543 4.95252 200.03 
v 365.519 4.90324 200.014 
v 365.449 4.96819 200.167 
v 366.167 4.83239 199.769 
v 365.981 4.82716 199.766 
v 365.981 4.83071 199.755 
v 366.164 4.82881 199.78 
v 366.255 4.83593 199.8 
v 366.167 4.83239 199.769 
v 366.251 4.8323 199.81 
v 366.338 4.8358 199.84 
v 366.342 4.83947 199.83 
v 366.419 4.84548 199.883 
v 366.414 4.84172 199.892 
v 366.497 4.85149 199.935 
v 366.49 4.84764 199.943 
v 366.557 4.87234 200.005 
v 366.604 4.88385 200.081 
v 366.547 4.86574 200.012 
v 365.321 4.89493 200.319 
v 365.383 4.87494 200.144 
v 365.392 4.87074 200.149 
v 365.331 4.89044 200.321 
v 365.488 4.85746 199.991 
v 365.496 4.85352 199.998 
v 365.635 4.83996 199.879 
v 365.629 4.84369 199.87 
v 365.801 4.83096 199.8 
v 365.797 4.83457 199.79 
v 365.981 4.82716 199.766 
v 365.981 4.83071 199.755 
v 365.307 4.91607 200.503 
v 365.372 4.9766 200.671 
v 365.339 4.95668 200.497 
v 365.342 4.93692 200.685 
v 365.543 4.95252 200.03 
v 365.652 4.89029 199.9 
v 365.519 4.90324 200.014 
v 365.67 4.94018 199.921 
v 365.352 4.93648 200.321 
v 365.307 4.91607 200.503 
v 365.339 4.95668 200.497 
v 365.321 4.89493 200.319 
v 365.698 4.98422 201.097 
v 365.881 5.02856 201.123 
v 365.713 5.02179 201.064 
v 365.874 4.99131 201.159 
v 366.06 4.99298 201.172 
v 366.058 5.03015 201.136 
v 366.06 4.99298 201.172 
v 366.146 5.02831 201.12 
v 366.058 5.03015 201.136 
v 366.152 4.99105 201.155 
v 366.233 5.02647 201.103 
v 366.243 4.98913 201.138 
v 365.67 4.94018 199.921 
v 365.811 4.88171 199.825 
v 365.652 4.89029 199.9 
v 365.82 4.932 199.849 
v 365.411 4.91739 200.154 
v 365.321 4.89493 200.319 
v 365.352 4.93648 200.321 
v 365.383 4.87494 200.144 
v 366.394 5.01775 201.026 
v 366.233 5.02647 201.103 
v 366.411 4.98 201.058 
v 366.243 4.98913 201.138 
v 366.498 5.05003 200.878 
v 366.371 5.06237 200.986 
v 366.513 5.02561 200.898 
v 366.388 5.01852 201.018 
v 365.512 4.90069 200.007 
v 365.383 4.87494 200.144 
v 365.411 4.91739 200.154 
v 365.488 4.85746 199.991 
v 366.151 4.93005 199.831 
v 365.983 4.87808 199.792 
v 365.985 4.92855 199.818 
v 366.158 4.87965 199.806 
v 366.494 4.94318 200.886 
v 366.587 4.92764 200.75 
v 366.614 5.02024 201.013 
v 366.23 4.93322 199.858 
v 366.309 4.9364 199.886 
v 366.241 4.88299 199.834 
v 366.323 4.88632 199.863 
v 365.512 4.90069 200.007 
v 365.629 4.84369 199.87 
v 365.488 4.85746 199.991 
v 365.647 4.88754 199.892 
v 366.378 4.94179 199.933 
v 366.447 4.94717 199.979 
v 366.396 4.89197 199.912 
v 366.468 4.89763 199.961 
v 366.309 4.9364 199.886 
v 366.378 4.94179 199.933 
v 366.323 4.88632 199.863 
v 366.396 4.89197 199.912 
v 366.624 4.87253 200.269 
v 366.81 4.91843 200.027 
v 366.85 4.99096 200.227 
v 366.624 4.87253 200.269 
v 366.552 4.85551 200.12 
v 365.647 4.88754 199.892 
v 365.797 4.83457 199.79 
v 365.629 4.84369 199.87 
v 365.807 4.87883 199.815 
v 365.245 4.89823 200.511 
v 365.259 4.85675 200.518 
v 365.28 4.86375 200.527 
v 365.266 4.90522 200.52 
v 366.517 4.99021 201.173 
v 366.494 4.94318 200.886 
v 366.614 5.02024 201.013 
v 365.807 4.87883 199.815 
v 365.981 4.83071 199.755 
v 365.797 4.83457 199.79 
v 365.982 4.87514 199.782 
v 366.502 4.9544 200.042 
v 366.556 4.96164 200.105 
v 366.522 4.91434 200.027 
v 366.575 4.93105 200.093 
v 366.522 4.91434 200.027 
v 366.447 4.94717 199.979 
v 366.468 4.89763 199.961 
v 366.52 5.02464 200.905 
v 366.394 5.01775 201.026 
v 366.543 4.9988 200.927 
v 366.411 4.98 201.058 
v 366.402 4.88925 199.904 
v 366.475 4.89499 199.954 
v 366.419 4.84548 199.883 
v 366.497 4.85149 199.935 
v 366.342 4.83947 199.83 
v 366.328 4.88351 199.854 
v 366.244 4.88012 199.825 
v 366.328 4.88351 199.854 
v 366.255 4.83593 199.8 
v 366.342 4.83947 199.83 
v 366.167 4.83239 199.769 
v 366.16 4.87674 199.796 
v 365.981 4.83071 199.755 
v 365.982 4.87514 199.782 
v 366.557 4.87234 200.005 
v 366.497 4.85149 199.935 
v 366.529 4.91281 200.021 
v 366.475 4.89499 199.954 
v 366.749 5.06455 200.494 
v 366.77 5.03782 200.479 
v 366.745 5.05593 200.472 
v 366.773 5.04644 200.501 
v 366.737 4.9678 200.497 
v 366.701 4.99058 200.467 
v 366.706 4.99892 200.489 
v 366.732 4.95946 200.475 
v 366.706 4.99892 200.489 
v 366.728 4.96397 200.519 
v 366.737 4.9678 200.497 
v 366.698 4.99508 200.511 
v 366.592 5.03437 200.741 
v 366.498 5.05003 200.878 
v 366.593 5.03488 200.749 
v 366.513 5.02561 200.898 
v 366.618 4.8932 200.075 
v 366.557 4.87234 200.005 
v 366.583 4.93063 200.088 
v 366.529 4.91281 200.021 
v 366.251 5.00174 201.85 
v 366.237 4.98127 201.706 
v 366.378 5.06096 201.802 
v 366.374 5.02663 201.668 
v 366.101 4.95255 201.744 
v 366.237 4.98127 201.706 
v 366.112 4.94872 201.898 
v 366.229 4.96412 201.562 
v 366.374 5.02663 201.668 
v 366.37 4.9923 201.534 
v 366.842 4.75599 199.459 
v 366.967 4.86324 199.546 
v 366.864 4.84328 199.659 
v 366.737 4.76205 199.577 
v 366.442 5.37687 201.28 
v 366.401 5.53836 200.921 
v 366.383 5.52615 200.915 
v 366.46 5.38908 201.286 
v 366.458 5.21228 201.587 
v 366.479 5.2174 201.594 
v 366.602 5.03366 200.754 
v 366.52 5.02464 200.905 
v 366.635 5.00537 200.774 
v 366.543 4.9988 200.927 
v 366.749 5.06455 200.494 
v 366.765 5.04126 200.522 
v 366.773 5.04644 200.501 
v 366.741 5.05937 200.516 
v 366.864 4.84328 199.659 
v 366.66 4.82035 199.886 
v 366.737 4.76205 199.577 
v 366.524 4.79247 199.816 
v 365.168 4.9154 201.422 
v 364.827 4.91887 201.253 
v 364.954 4.91212 201.169 
v 365.066 4.9171 201.537 
v 365.271 4.91371 201.307 
v 364.665 4.92392 200.917 
v 364.81 4.88735 200.869 
v 364.827 4.91887 201.253 
v 365.081 4.90536 201.085 
v 365.475 4.91031 201.077 
v 364.81 4.88735 200.869 
v 365.336 4.89185 200.917 
v 364.954 4.88155 200.821 
v 365.244 4.86994 200.726 
v 364.749 4.87407 200.541 
v 364.901 4.86473 200.533 
v 365.204 4.84607 200.517 
v 365.244 4.86994 200.726 
v 365.22 4.82187 200.306 
v 364.923 4.83438 200.242 
v 364.749 4.87407 200.541 
v 366.639 4.96978 200.239 
v 366.556 4.96164 200.105 
v 366.629 4.9788 200.255 
v 366.575 4.93105 200.093 
v 364.774 4.84063 200.21 
v 365.291 4.79899 200.106 
v 365.399 4.87978 200.337 
v 365.22 4.82187 200.306 
v 365.454 4.86201 200.181 
v 365.019 4.79042 199.968 
v 364.774 4.84063 200.21 
v 364.597 4.91417 200.549 
v 364.625 4.87766 200.178 
v 364.749 4.87407 200.541 
v 364.81 4.88735 200.869 
v 364.665 4.92392 200.917 
v 364.883 4.78613 199.899 
v 364.625 4.87766 200.178 
v 364.748 4.80153 199.83 
v 364.958 4.73229 199.525 
v 365.071 4.74397 199.626 
v 365.241 4.69366 199.284 
v 365.184 4.75564 199.728 
v 365.291 4.79899 200.106 
v 365.411 4.77899 199.931 
v 365.324 4.71106 199.411 
v 365.573 4.64938 199.125 
v 365.621 4.67523 199.269 
v 365.407 4.72845 199.538 
v 365.573 4.76324 199.792 
v 365.669 4.70109 199.413 
v 365.669 4.70109 199.413 
v 365.573 4.76324 199.792 
v 365.765 4.7528 199.7 
v 365.958 4.6753 199.361 
v 365.765 4.7528 199.7 
v 365.975 4.74838 199.661 
v 366.188 4.75029 199.677 
v 366.25 4.67793 199.383 
v 366.25 4.67793 199.383 
v 366.288 4.75435 199.712 
v 366.43 4.69495 199.439 
v 366.501 4.66526 199.303 
v 366.61 4.71198 199.495 
v 366.725 4.68001 199.377 
v 365.949 4.63875 199.211 
v 365.621 4.67523 199.269 
v 366.282 4.64175 199.236 
v 365.941 4.60221 199.061 
v 365.573 4.64938 199.125 
v 366.313 4.60556 199.089 
v 366.282 4.64175 199.236 
v 366.43 4.69495 199.439 
v 366.501 4.66526 199.303 
v 366.313 4.60556 199.089 
v 366.501 4.66526 199.303 
v 366.572 4.62512 199.166 
v 366.368 4.95542 200.994 
v 366.494 4.94318 200.886 
v 366.517 4.99021 201.173 
v 366.81 4.91843 200.027 
v 366.552 4.85551 200.12 
v 366.66 4.82035 199.886 
v 366.444 4.84117 199.996 
v 365.261 4.85202 200.475 
v 365.247 4.8935 200.468 
v 365.268 4.89854 200.459 
v 365.282 4.85706 200.465 
v 366.83 4.66555 199.243 
v 366.963 4.75816 199.337 
v 366.842 4.75599 199.459 
v 366.725 4.68001 199.377 
v 366.302 4.96076 201.249 
v 366.517 4.99021 201.173 
v 366.37 4.9923 201.534 
v 366.101 4.95255 201.744 
v 366.089 4.94777 201.59 
v 366.237 4.98127 201.706 
v 366.229 4.96412 201.562 
v 366.611 5.56816 200.211 
v 366.837 5.4715 199.909 
v 366.819 5.45929 199.903 
v 367.016 5.22995 199.645 
v 367.037 5.23506 199.652 
v 366.593 5.55595 200.205 
v 366.48 5.59426 200.56 
v 366.462 5.58205 200.554 
v 366.602 5.03366 200.754 
v 366.697 5.00349 200.602 
v 366.661 5.01982 200.587 
v 366.635 5.00537 200.774 
v 366.229 4.96412 201.562 
v 366.302 4.96076 201.249 
v 366.37 4.9923 201.534 
v 366.184 4.94321 201.266 
v 366.066 4.9341 201.283 
v 366.229 4.96412 201.562 
v 366.089 4.94777 201.59 
v 366.572 4.62512 199.166 
v 366.83 4.66555 199.243 
v 366.725 4.68001 199.377 
v 366.501 4.66526 199.303 
v 366.61 4.71198 199.495 
v 366.389 4.75841 199.747 
v 366.43 4.69495 199.439 
v 366.288 4.75435 199.712 
v 366.737 4.76205 199.577 
v 366.524 4.79247 199.816 
v 366.61 4.71198 199.495 
v 366.389 4.75841 199.747 
v 366.302 4.96076 201.249 
v 366.368 4.95542 200.994 
v 366.517 4.99021 201.173 
v 366.219 4.96353 201.065 
v 366.745 5.05593 200.472 
v 366.77 5.03782 200.479 
v 366.756 5.02044 200.469 
v 366.732 5.03855 200.463 
v 366.725 4.68001 199.377 
v 366.842 4.75599 199.459 
v 366.737 4.76205 199.577 
v 366.61 4.71198 199.495 
v 366.686 4.96787 200.235 
v 366.618 4.8932 200.075 
v 366.649 4.97131 200.236 
v 366.583 4.93063 200.088 
v 366.732 4.95946 200.475 
v 366.686 4.97494 200.458 
v 366.701 4.99058 200.467 
v 366.716 4.94383 200.466 
v 366.66 4.82035 199.886 
v 366.444 4.84117 199.996 
v 366.524 4.79247 199.816 
v 366.375 4.83583 199.949 
v 366.48 5.59426 200.56 
v 366.383 5.52615 200.915 
v 366.401 5.53836 200.921 
v 366.462 5.58205 200.554 
v 366.698 4.99508 200.511 
v 366.711 4.9502 200.528 
v 366.728 4.96397 200.519 
v 366.68 4.98132 200.52 
v 365.728 4.91867 201.869 
v 366.101 4.95255 201.744 
v 366.112 4.94872 201.898 
v 365.759 4.93934 201.718 
v 365.444 4.92219 201.609 
v 365.728 4.91867 201.869 
v 365.375 4.91275 201.747 
v 365.513 4.93102 201.472 
v 365.79 4.94495 201.568 
v 365.066 4.9171 201.537 
v 365.652 4.92407 201.197 
v 365.853 4.93218 201.267 
v 366.089 4.94777 201.59 
v 365.759 4.93934 201.718 
v 366.101 4.95255 201.744 
v 366.056 4.96696 201.096 
v 366.066 4.9341 201.283 
v 365.89 4.96547 201.083 
v 365.652 4.92407 201.197 
v 365.734 4.95917 201.029 
v 366.066 4.9341 201.283 
v 365.79 4.94495 201.568 
v 366.089 4.94777 201.59 
v 365.475 4.91031 201.077 
v 365.734 4.95917 201.029 
v 365.597 4.94849 200.936 
v 366.741 5.05937 200.516 
v 366.75 5.02531 200.531 
v 366.765 5.04126 200.522 
v 366.726 5.04342 200.525 
v 366.664 4.99619 200.411 
v 366.629 4.9788 200.255 
v 366.66 4.99749 200.418 
v 366.639 4.96978 200.239 
v 366.524 4.79247 199.816 
v 366.375 4.83583 199.949 
v 366.389 4.75841 199.747 
v 366.307 4.83049 199.903 
v 366.184 4.94321 201.266 
v 366.219 4.96353 201.065 
v 366.302 4.96076 201.249 
v 366.137 4.96524 201.08 
v 366.056 4.96696 201.096 
v 366.184 4.94321 201.266 
v 366.066 4.9341 201.283 
v 365.673 4.83424 199.938 
v 365.765 4.7528 199.7 
v 365.822 4.82613 199.867 
v 365.573 4.76324 199.792 
v 365.975 4.74838 199.661 
v 365.822 4.82613 199.867 
v 365.985 4.8227 199.836 
v 366.15 4.82419 199.848 
v 366.188 4.75029 199.677 
v 366.288 4.75435 199.712 
v 366.229 4.82734 199.876 
v 366.307 4.83049 199.903 
v 366.389 4.75841 199.747 
v 365.259 4.85675 200.518 
v 365.302 4.86879 200.518 
v 365.28 4.86375 200.527 
v 365.251 4.85189 200.496 
v 365.311 4.86892 200.496 
v 365.261 4.85202 200.475 
v 365.303 4.86406 200.475 
v 365.282 4.85706 200.465 
v 365.547 4.84648 200.045 
v 365.573 4.76324 199.792 
v 365.673 4.83424 199.938 
v 365.411 4.77899 199.931 
v 365.411 4.77899 199.931 
v 365.454 4.86201 200.181 
v 365.291 4.79899 200.106 
v 365.547 4.84648 200.045 
v 365.597 4.94849 200.936 
v 365.336 4.89185 200.917 
v 365.489 4.93414 200.811 
v 365.475 4.91031 201.077 
v 365.244 4.86994 200.726 
v 365.489 4.93414 200.811 
v 365.417 4.91712 200.663 
v 365.22 4.82187 200.306 
v 365.386 4.89858 200.501 
v 365.204 4.84607 200.517 
v 365.399 4.87978 200.337 
v 365.204 4.84607 200.517 
v 365.417 4.91712 200.663 
v 365.244 4.86994 200.726 
v 365.386 4.89858 200.501 
v 365.213 4.88159 200.513 
v 365.252 4.90521 200.719 
v 365.352 4.93183 200.683 
v 365.318 4.91128 200.503 
v 366.661 5.01982 200.587 
v 366.721 5.00473 200.417 
v 366.674 5.00199 200.41 
v 366.697 5.00349 200.602 
v 365.229 4.85765 200.304 
v 365.213 4.88159 200.513 
v 365.318 4.91128 200.503 
v 365.331 4.89044 200.321 
v 365.245 4.89823 200.511 
v 365.288 4.91026 200.511 
v 365.237 4.89337 200.489 
v 365.266 4.90522 200.52 
v 365.297 4.91039 200.489 
v 365.247 4.8935 200.468 
v 365.289 4.90553 200.468 
v 365.268 4.89854 200.459 
v 365.298 4.83502 200.106 
v 365.229 4.85765 200.304 
v 365.331 4.89044 200.321 
v 365.392 4.87074 200.149 
v 365.417 4.81523 199.932 
v 365.392 4.87074 200.149 
v 365.496 4.85352 199.998 
v 365.298 4.83502 200.106 
v 365.578 4.79964 199.795 
v 365.496 4.85352 199.998 
v 365.635 4.83996 199.879 
v 365.417 4.81523 199.932 
v 366.592 5.03437 200.741 
v 366.651 5.01608 200.585 
v 366.647 5.01645 200.584 
v 366.593 5.03488 200.749 
v 366.651 5.01608 200.585 
v 366.66 4.99749 200.418 
v 366.647 5.01645 200.584 
v 366.664 4.99619 200.411 
v 365.881 5.02856 201.123 
v 366.058 5.03074 201.126 
v 365.883 5.02916 201.112 
v 365.352 4.93648 200.321 
v 365.349 4.95838 200.496 
v 365.363 4.93849 200.322 
v 366.146 5.02831 201.12 
v 366.233 5.02647 201.103 
v 366.23 5.02711 201.093 
v 365.411 4.91739 200.154 
v 365.352 4.93648 200.321 
v 365.363 4.93849 200.322 
v 365.421 4.91968 200.158 
v 366.146 5.02831 201.12 
v 366.058 5.03074 201.126 
v 366.058 5.03015 201.136 
v 365.881 5.02856 201.123 
v 366.144 5.02892 201.109 
v 366.23 5.02711 201.093 
v 366.394 5.01775 201.026 
v 366.233 5.02647 201.103 
v 366.388 5.01852 201.018 
v 366.52 5.02464 200.905 
v 365.647 4.88754 199.892 
v 365.519 4.90324 200.014 
v 365.652 4.89029 199.9 
v 365.572 5.01119 200.957 
v 365.458 4.99601 200.825 
v 365.449 4.99489 200.83 
v 365.382 4.978 200.667 
v 365.372 4.9766 200.671 
v 365.339 4.95668 200.497 
v 365.349 4.95838 200.496 
v 365.352 4.93648 200.321 
v 366.158 4.87965 199.806 
v 365.982 4.87514 199.782 
v 365.983 4.87808 199.792 
v 365.713 5.02179 201.064 
v 365.883 5.02916 201.112 
v 365.717 5.0225 201.055 
v 365.881 5.02856 201.123 
v 365.565 5.0103 200.965 
v 365.572 5.01119 200.957 
v 365.449 4.99489 200.83 
v 365.372 4.9766 200.671 
v 365.458 4.99601 200.825 
v 365.339 4.95668 200.497 
v 365.382 4.978 200.667 
v 366.732 5.03855 200.463 
v 366.756 5.02044 200.469 
v 366.741 5.0045 200.478 
v 366.717 5.02261 200.472 
v 366.244 4.88012 199.825 
v 366.323 4.88632 199.863 
v 366.328 4.88351 199.854 
v 366.241 4.88299 199.834 
v 366.158 4.87965 199.806 
v 366.16 4.87674 199.796 
v 365.982 4.87514 199.782 
v 366.402 4.88925 199.904 
v 366.396 4.89197 199.912 
v 366.468 4.89763 199.961 
v 366.475 4.89499 199.954 
v 366.529 4.91281 200.021 
v 365.982 4.87514 199.782 
v 365.807 4.87883 199.815 
v 365.811 4.88171 199.825 
v 365.983 4.87808 199.792 
v 365.652 4.89029 199.9 
v 365.647 4.88754 199.892 
v 365.519 4.90324 200.014 
v 365.512 4.90069 200.007 
v 365.421 4.91968 200.158 
v 365.411 4.91739 200.154 
v 366.686 4.97494 200.458 
v 366.716 4.94383 200.466 
v 366.699 4.93006 200.475 
v 366.669 4.96118 200.467 
v 366.388 5.01852 201.018 
v 366.52 5.02464 200.905 
v 366.513 5.02561 200.898 
v 366.602 5.03366 200.754 
v 366.593 5.03488 200.749 
v 366.661 5.01982 200.587 
v 366.593 5.03488 200.749 
v 366.651 5.01608 200.585 
v 366.468 4.89763 199.961 
v 366.402 4.88925 199.904 
v 366.396 4.89197 199.912 
v 366.328 4.88351 199.854 
v 366.323 4.88632 199.863 
v 366.529 4.91281 200.021 
v 366.522 4.91434 200.027 
v 366.575 4.93105 200.093 
v 366.583 4.93063 200.088 
v 366.237 5.01853 201.845 
v 366.101 4.98377 201.746 
v 366.101 4.96777 201.893 
v 366.223 5.00853 201.706 
v 366.674 5.00199 200.41 
v 366.686 4.96787 200.235 
v 366.649 4.97131 200.236 
v 366.721 5.00473 200.417 
v 366.514 4.67065 199.299 
v 366.56 4.75107 199.556 
v 366.736 4.70274 199.362 
v 366.4 4.73075 199.507 
v 366.726 5.04342 200.525 
v 366.736 5.00794 200.522 
v 366.75 5.02531 200.531 
v 366.712 5.02605 200.516 
v 365.801 4.83096 199.8 
v 365.981 4.82716 199.766 
v 365.975 4.78494 199.666 
v 365.768 4.78931 199.704 
v 366.164 4.82881 199.78 
v 365.635 4.83996 199.879 
v 365.578 4.79964 199.795 
v 365.801 4.83096 199.8 
v 366.186 4.78683 199.681 
v 366.286 4.79084 199.716 
v 366.251 4.8323 199.81 
v 366.338 4.8358 199.84 
v 366.385 4.79486 199.751 
v 366.414 4.84172 199.892 
v 366.385 4.79486 199.751 
v 366.511 4.82863 199.817 
v 366.286 4.79084 199.716 
v 366.234 4.72074 199.455 
v 366.4 4.73075 199.507 
v 365.962 4.7183 199.435 
v 365.975 4.78494 199.666 
v 365.768 4.78931 199.704 
v 366.234 4.72074 199.455 
v 365.694 4.74366 199.483 
v 365.578 4.79964 199.795 
v 365.451 4.76747 199.6 
v 365.768 4.78931 199.704 
v 365.949 4.65165 199.205 
v 365.62 4.69802 199.262 
v 366.283 4.65466 199.23 
v 365.941 4.62466 199.058 
v 365.573 4.67183 199.123 
v 366.313 4.62801 199.086 
v 366.4 4.73075 199.507 
v 366.283 4.65466 199.23 
v 366.514 4.67065 199.299 
v 366.566 4.64587 199.162 
v 366.283 4.65466 199.23 
v 366.514 4.67065 199.299 
v 365.656 4.95877 201.185 
v 365.876 4.98543 201.149 
v 365.703 4.97845 201.089 
v 365.855 4.96679 201.254 
v 366.06 4.98708 201.163 
v 366.065 4.96869 201.27 
v 365.703 4.97845 201.089 
v 365.481 4.94516 201.067 
v 365.551 4.9666 200.986 
v 365.344 4.92689 200.908 
v 365.431 4.9507 200.847 
v 365.252 4.90521 200.719 
v 365.431 4.9507 200.847 
v 365.352 4.93183 200.683 
v 365.806 4.978 201.487 
v 366.065 4.96869 201.27 
v 366.083 4.96938 201.508 
v 365.656 4.95877 201.185 
v 365.806 4.978 201.487 
v 365.549 4.96763 201.397 
v 365.481 4.94516 201.067 
v 365.758 4.97721 201.719 
v 366.083 4.96938 201.508 
v 366.101 4.98377 201.746 
v 365.442 4.96418 201.609 
v 365.323 4.95003 201.244 
v 365.165 4.9549 201.421 
v 365.442 4.96418 201.609 
v 365.066 4.93955 201.535 
v 365.375 4.9352 201.744 
v 365.758 4.97721 201.719 
v 365.728 4.94111 201.866 
v 366.101 4.96777 201.893 
v 365.758 4.97721 201.719 
v 366.101 4.98377 201.746 
v 365.165 4.9549 201.421 
v 364.828 4.94132 201.25 
v 364.952 4.93711 201.169 
v 364.952 4.93711 201.169 
v 365.148 4.932 201.038 
v 365.481 4.94516 201.067 
v 365.323 4.95003 201.244 
v 365.344 4.92689 200.908 
v 365.148 4.932 201.038 
v 365.03 4.90892 200.793 
v 365.252 4.90521 200.719 
v 364.808 4.94339 200.868 
v 364.952 4.93711 201.169 
v 364.979 4.88618 200.526 
v 365.213 4.88159 200.513 
v 366.4 4.73075 199.507 
v 366.385 4.79486 199.751 
v 366.56 4.75107 199.556 
v 366.286 4.79084 199.716 
v 366.736 4.70274 199.362 
v 366.681 4.79934 199.635 
v 366.852 4.78526 199.453 
v 366.56 4.75107 199.556 
v 366.56 4.75107 199.556 
v 366.511 4.82863 199.817 
v 366.681 4.79934 199.635 
v 366.385 4.79486 199.751 
v 366.575 4.93105 200.093 
v 366.649 4.97131 200.236 
v 366.583 4.93063 200.088 
v 366.362 5.07548 201.796 
v 366.223 5.00853 201.706 
v 366.237 5.01853 201.845 
v 366.345 5.07236 201.665 
v 366.173 4.9822 201.251 
v 366.06 4.98708 201.163 
v 366.065 4.96869 201.27 
v 366.15 4.98518 201.146 
v 366.21 4.99328 201.481 
v 366.083 4.96938 201.508 
v 366.173 4.9822 201.251 
v 366.21 4.99328 201.481 
v 366.282 4.99571 201.233 
v 366.336 5.03662 201.454 
v 366.173 4.9822 201.251 
v 366.24 4.98328 201.129 
v 366.282 4.99571 201.233 
v 366.455 5.01424 201.138 
v 366.282 4.99571 201.233 
v 366.406 4.97428 201.05 
v 365.28 4.86375 200.527 
v 365.288 4.91026 200.511 
v 365.266 4.90522 200.52 
v 365.302 4.86879 200.518 
v 366.223 5.00853 201.706 
v 366.083 4.96938 201.508 
v 366.101 4.98377 201.746 
v 366.21 4.99328 201.481 
v 366.681 4.79934 199.635 
v 366.636 4.86241 199.884 
v 366.797 4.85793 199.711 
v 366.511 4.82863 199.817 
v 365.324 4.7353 199.405 
v 365.62 4.69802 199.262 
v 365.573 4.67183 199.123 
v 365.242 4.71611 199.282 
v 366.949 4.7753 199.332 
v 366.819 4.6846 199.239 
v 366.736 4.70274 199.362 
v 366.852 4.78526 199.453 
v 366.711 4.9502 200.528 
v 366.68 4.98132 200.52 
v 366.665 4.96569 200.511 
v 366.695 4.93457 200.519 
v 366.66 4.95734 200.489 
v 366.69 4.92623 200.497 
v 366.511 4.82863 199.817 
v 366.49 4.84764 199.943 
v 366.636 4.86241 199.884 
v 366.414 4.84172 199.892 
v 366.639 4.96978 200.239 
v 366.674 5.00199 200.41 
v 366.649 4.97131 200.236 
v 366.566 4.64587 199.162 
v 366.736 4.70274 199.362 
v 366.819 4.6846 199.239 
v 366.514 4.67065 199.299 
v 366.732 4.99932 200.5 
v 366.717 5.02261 200.472 
v 366.741 5.0045 200.478 
v 366.708 5.01743 200.494 
v 366.345 5.07236 201.665 
v 366.21 4.99328 201.481 
v 366.223 5.00853 201.706 
v 366.336 5.03662 201.454 
v 366.852 4.78526 199.453 
v 366.797 4.85793 199.711 
v 366.958 4.88388 199.538 
v 366.681 4.79934 199.635 
v 366.636 4.86241 199.884 
v 366.547 4.86574 200.012 
v 366.69 4.89771 199.96 
v 366.49 4.84764 199.943 
v 366.669 4.96118 200.467 
v 366.699 4.93006 200.475 
v 366.69 4.92623 200.497 
v 366.66 4.95734 200.489 
v 366.852 4.78526 199.453 
v 367.05 4.89844 199.427 
v 366.949 4.7753 199.332 
v 366.958 4.88388 199.538 
v 365.324 4.7353 199.405 
v 365.244 4.79257 199.776 
v 365.451 4.76747 199.6 
v 365.07 4.76992 199.621 
v 365.417 4.81523 199.932 
v 365.578 4.79964 199.795 
v 365.298 4.83502 200.106 
v 365.09 4.82127 200 
v 365.229 4.85765 200.304 
v 365 4.85788 200.255 
v 364.881 4.8272 199.895 
v 365.229 4.85765 200.304 
v 364.979 4.88618 200.526 
v 364.771 4.88888 200.207 
v 364.746 4.92154 200.54 
v 365.03 4.90892 200.793 
v 364.808 4.94339 200.868 
v 364.771 4.88888 200.207 
v 364.666 4.94637 200.914 
v 364.828 4.94132 201.25 
v 364.598 4.93661 200.546 
v 364.626 4.9001 200.175 
v 364.749 4.82398 199.828 
v 364.959 4.75474 199.523 
v 365.07 4.76992 199.621 
v 365.09 4.82127 200 
v 365.242 4.71611 199.282 
v 365.324 4.7353 199.405 
v 365.451 4.76747 199.6 
v 365.62 4.69802 199.262 
v 365.694 4.74366 199.483 
v 366.841 4.92706 199.803 
v 366.636 4.86241 199.884 
v 366.69 4.89771 199.96 
v 366.797 4.85793 199.711 
v 366.732 4.99932 200.5 
v 366.712 5.02605 200.516 
v 366.708 5.01743 200.494 
v 366.736 5.00794 200.522 
v 366.674 5.00199 200.41 
v 366.651 5.01608 200.585 
v 366.661 5.01982 200.587 
v 366.362 5.07548 201.796 
v 366.458 5.21228 201.587 
v 366.345 5.07236 201.665 
v 366.426 5.13131 201.474 
v 366.69 4.89771 199.96 
v 366.604 4.88385 200.081 
v 366.744 4.93302 200.036 
v 366.547 4.86574 200.012 
v 365.268 4.89854 200.459 
v 365.303 4.86406 200.475 
v 365.282 4.85706 200.465 
v 365.289 4.90553 200.468 
v 366.649 4.97131 200.236 
v 366.575 4.93105 200.093 
v 366.639 4.96978 200.239 
v 366.674 5.00199 200.41 
v 366.664 4.99619 200.411 
v 366.651 5.01608 200.585 
v 366.677 4.95449 200.239 
v 366.744 4.93302 200.036 
v 366.604 4.88385 200.081 
v 366.808 5.0172 200.219 
v 366.451 5.07493 201.298 
v 366.282 4.99571 201.233 
v 366.336 5.03662 201.454 
v 366.455 5.01424 201.138 
v 366.444 4.84117 199.996 
v 366.408 4.93502 200.025 
v 366.375 4.83583 199.949 
v 366.345 4.93013 199.983 
v 366.408 4.93502 200.025 
v 366.552 4.85551 200.12 
v 366.507 4.94815 200.139 
v 366.444 4.84117 199.996 
v 366.375 4.83583 199.949 
v 366.345 4.93013 199.983 
v 366.307 4.83049 199.903 
v 366.283 4.92524 199.94 
v 366.507 4.94815 200.139 
v 366.624 4.87253 200.269 
v 366.573 4.96374 200.275 
v 366.552 4.85551 200.12 
v 366.307 4.83049 199.903 
v 366.283 4.92524 199.94 
v 366.229 4.82734 199.876 
v 366.211 4.92236 199.915 
v 365.839 4.92125 199.907 
v 365.985 4.8227 199.836 
v 365.988 4.91811 199.879 
v 365.822 4.82613 199.867 
v 365.985 4.8227 199.836 
v 366.139 4.91947 199.89 
v 366.15 4.82419 199.848 
v 366.573 4.96374 200.275 
v 366.654 4.89108 200.431 
v 366.601 4.98071 200.423 
v 366.624 4.87253 200.269 
v 366.539 5.01419 200.716 
v 366.589 4.99792 200.574 
v 366.642 4.90987 200.595 
v 366.587 4.92764 200.75 
v 366.654 4.89108 200.431 
v 366.642 4.90987 200.595 
v 366.601 4.98071 200.423 
v 366.885 4.99619 199.896 
v 366.69 4.89771 199.96 
v 366.744 4.93302 200.036 
v 366.841 4.92706 199.803 
v 365.702 4.92868 199.972 
v 365.822 4.82613 199.867 
v 365.839 4.92125 199.907 
v 365.673 4.83424 199.938 
v 366.247 5.5405 200.377 
v 365.789 5.55017 200.342 
v 365.809 5.54355 200.284 
v 365.844 5.53776 200.234 
v 365.891 5.5332 200.193 
v 365.946 5.53018 200.167 
v 366.242 5.5475 200.438 
v 365.784 5.55717 200.403 
v 366.222 5.55412 200.496 
v 365.795 5.56408 200.464 
v 365.822 5.57042 200.519 
v 365.862 5.57576 200.565 
v 365.913 5.57974 200.6 
v 366.098 5.53063 200.17 
v 366.007 5.5289 200.156 
v 366.068 5.52946 200.16 
v 366.152 5.5338 200.198 
v 366.127 5.53181 200.18 
v 366.218 5.54113 200.261 
v 366.178 5.53579 200.215 
v 366.245 5.54747 200.317 
v 366.17 5.36927 199.982 
v 366.127 5.53181 200.18 
v 366.226 5.37153 200.002 
v 366.068 5.52946 200.16 
v 366.113 5.36701 199.962 
v 365.995 5.36594 199.954 
v 366.007 5.5289 200.156 
v 366.454 5.02841 200.841 
v 366.539 5.01419 200.716 
v 366.587 4.92764 200.75 
v 366.494 4.94318 200.886 
v 365.587 4.93988 200.071 
v 365.673 4.83424 199.938 
v 365.702 4.92868 199.972 
v 365.547 4.84648 200.045 
v 366.966 5.01387 199.641 
v 366.973 5.14385 199.743 
v 367.016 5.22995 199.645 
v 367.049 5.06264 199.543 
v 366.958 4.88388 199.538 
v 367.049 5.06264 199.543 
v 367.05 4.89844 199.427 
v 366.368 4.95542 200.994 
v 366.454 5.02841 200.841 
v 366.494 4.94318 200.886 
v 366.339 5.03961 200.939 
v 365.547 4.84648 200.045 
v 365.587 4.93988 200.071 
v 365.454 4.86201 200.181 
v 365.501 4.9541 200.195 
v 366.219 4.96353 201.065 
v 366.339 5.03961 200.939 
v 366.368 4.95542 200.994 
v 366.202 5.04704 201.004 
v 365.399 4.87978 200.337 
v 365.454 4.86201 200.181 
v 365.501 4.9541 200.195 
v 365.451 4.97037 200.337 
v 366.137 4.96524 201.08 
v 366.202 5.04704 201.004 
v 366.219 4.96353 201.065 
v 366.127 5.04861 201.018 
v 366.056 4.96696 201.096 
v 366.127 5.04861 201.018 
v 366.137 4.96524 201.08 
v 366.053 5.05018 201.032 
v 366.056 4.96696 201.096 
v 365.901 5.04882 201.021 
v 365.89 4.96547 201.083 
v 365.386 4.89858 200.501 
v 365.399 4.87978 200.337 
v 365.451 4.97037 200.337 
v 365.44 4.98758 200.488 
v 366.579 5.04291 200.993 
v 366.406 4.97428 201.05 
v 366.455 5.01424 201.138 
v 366.537 4.9902 200.922 
v 365.386 4.89858 200.501 
v 365.468 5.00455 200.636 
v 365.417 4.91712 200.663 
v 365.44 4.98758 200.488 
v 366.426 5.13131 201.474 
v 366.442 5.37687 201.28 
v 366.484 5.29618 201.214 
v 366.458 5.21228 201.587 
v 365.417 4.91712 200.663 
v 365.534 5.02014 200.772 
v 365.489 4.93414 200.811 
v 365.468 5.00455 200.636 
v 365.633 5.03327 200.886 
v 365.734 4.95917 201.029 
v 365.597 4.94849 200.936 
v 365.758 5.04305 200.971 
v 366.247 5.5405 200.377 
v 366.475 5.41504 200.381 
v 366.242 5.5475 200.438 
v 366.467 5.42854 200.499 
v 365.489 4.93414 200.811 
v 365.633 5.03327 200.886 
v 365.597 4.94849 200.936 
v 365.534 5.02014 200.772 
v 366.427 5.44131 200.61 
v 366.222 5.55412 200.496 
v 366.467 5.42854 200.499 
v 366.242 5.5475 200.438 
v 366.218 5.54113 200.261 
v 366.324 5.37921 200.068 
v 366.402 5.38951 200.158 
v 366.178 5.53579 200.215 
v 366.245 5.54747 200.317 
v 366.475 5.41504 200.381 
v 366.247 5.5405 200.377 
v 366.453 5.40173 200.264 
v 366.178 5.53579 200.215 
v 366.275 5.37537 200.035 
v 366.324 5.37921 200.068 
v 366.152 5.5338 200.198 
v 366.127 5.53181 200.18 
v 366.226 5.37153 200.002 
v 366.245 5.54747 200.317 
v 366.402 5.38951 200.158 
v 366.453 5.40173 200.264 
v 366.218 5.54113 200.261 
v 366.785 5.06128 200.412 
v 366.677 4.95449 200.239 
v 366.711 4.98651 200.418 
v 366.808 5.0172 200.219 
v 366.36 5.45246 200.708 
v 366.196 5.57379 200.547 
v 366.427 5.44131 200.61 
v 366.222 5.55412 200.496 
v 365.946 5.53018 200.167 
v 365.995 5.36594 199.954 
v 366.007 5.5289 200.156 
v 365.878 5.3684 199.976 
v 366.139 4.91947 199.89 
v 366.127 5.17802 199.921 
v 365.988 4.91811 199.879 
v 365.991 5.1768 199.911 
v 366.15 4.82419 199.848 
v 366.211 4.92236 199.915 
v 366.229 4.82734 199.876 
v 365.878 5.3684 199.976 
v 365.858 5.17961 199.936 
v 365.995 5.36594 199.954 
v 366.367 5.19193 200.042 
v 366.324 5.37921 200.068 
v 366.311 5.18755 200.004 
v 366.275 5.37537 200.035 
v 366.324 5.37921 200.068 
v 366.455 5.20367 200.144 
v 366.402 5.38951 200.158 
v 366.367 5.19193 200.042 
v 366.311 5.18755 200.004 
v 366.275 5.37537 200.035 
v 366.255 5.18318 199.966 
v 366.226 5.37153 200.002 
v 366.283 4.92524 199.94 
v 366.255 5.18318 199.966 
v 366.211 4.92236 199.915 
v 366.191 5.1806 199.943 
v 366.17 5.36927 199.982 
v 366.226 5.37153 200.002 
v 366.255 5.18318 199.966 
v 365.995 5.36594 199.954 
v 365.991 5.1768 199.911 
v 366.113 5.36701 199.962 
v 366.127 5.17802 199.921 
v 366.139 4.91947 199.89 
v 366.191 5.1806 199.943 
v 366.211 4.92236 199.915 
v 366.15 5.57835 200.587 
v 366.064 5.58201 200.619 
v 366.196 5.57379 200.547 
v 366.094 5.58137 200.613 
v 365.972 5.58209 200.62 
v 366.033 5.58264 200.625 
v 365.814 5.46395 200.81 
v 365.913 5.57974 200.6 
v 365.927 5.46847 200.849 
v 366.033 5.58264 200.625 
v 366.046 5.46954 200.858 
v 365.716 5.45627 200.744 
v 365.814 5.46395 200.81 
v 365.862 5.57576 200.565 
v 366.104 5.46831 200.847 
v 366.046 5.46954 200.858 
v 366.064 5.58201 200.619 
v 366.094 5.58137 200.613 
v 366.163 5.46708 200.836 
v 365.891 5.5332 200.193 
v 365.878 5.3684 199.976 
v 365.946 5.53018 200.167 
v 365.77 5.37423 200.027 
v 366.408 4.93502 200.025 
v 366.367 5.19193 200.042 
v 366.345 4.93013 199.983 
v 366.311 5.18755 200.004 
v 366.367 5.19193 200.042 
v 366.507 4.94815 200.139 
v 366.455 5.20367 200.144 
v 366.408 4.93502 200.025 
v 366.402 5.38951 200.158 
v 366.514 5.2176 200.265 
v 366.453 5.40173 200.264 
v 366.455 5.20367 200.144 
v 366.345 4.93013 199.983 
v 366.311 5.18755 200.004 
v 366.283 4.92524 199.94 
v 366.255 5.18318 199.966 
v 366.191 5.1806 199.943 
v 366.17 5.36927 199.982 
v 366.127 5.17802 199.921 
v 366.113 5.36701 199.962 
v 366.455 5.20367 200.144 
v 366.573 4.96374 200.275 
v 366.514 5.2176 200.265 
v 366.507 4.94815 200.139 
v 366.453 5.40173 200.264 
v 366.539 5.23278 200.398 
v 366.475 5.41504 200.381 
v 366.514 5.2176 200.265 
v 365.844 5.53776 200.234 
v 365.77 5.37423 200.027 
v 365.891 5.5332 200.193 
v 365.68 5.38302 200.104 
v 366.514 5.2176 200.265 
v 366.601 4.98071 200.423 
v 366.539 5.23278 200.398 
v 366.573 4.96374 200.275 
v 366.27 5.46125 200.785 
v 366.15 5.57835 200.587 
v 366.36 5.45246 200.708 
v 366.196 5.57379 200.547 
v 365.68 5.38302 200.104 
v 365.809 5.54355 200.284 
v 365.613 5.39417 200.202 
v 365.844 5.53776 200.234 
v 366.475 5.41504 200.381 
v 366.539 5.23278 200.398 
v 366.467 5.42854 200.499 
v 366.529 5.24817 200.532 
v 366.094 5.58137 200.613 
v 366.27 5.46125 200.785 
v 366.163 5.46708 200.836 
v 366.15 5.57835 200.587 
v 366.539 5.23278 200.398 
v 366.601 4.98071 200.423 
v 366.529 5.24817 200.532 
v 366.589 4.99792 200.574 
v 365.613 5.39417 200.202 
v 365.789 5.55017 200.342 
v 365.574 5.40691 200.313 
v 365.809 5.54355 200.284 
v 365.858 5.17961 199.936 
v 365.988 4.91811 199.879 
v 365.991 5.1768 199.911 
v 365.839 4.92125 199.907 
v 366.467 5.42854 200.499 
v 366.529 5.24817 200.532 
v 366.427 5.44131 200.61 
v 366.484 5.26272 200.66 
v 365.574 5.40691 200.313 
v 365.784 5.55717 200.403 
v 365.565 5.42043 200.431 
v 365.789 5.55017 200.342 
v 366.529 5.24817 200.532 
v 366.589 4.99792 200.574 
v 366.484 5.26272 200.66 
v 366.539 5.01419 200.716 
v 365.77 5.37423 200.027 
v 365.858 5.17961 199.936 
v 365.878 5.3684 199.976 
v 365.736 5.18625 199.995 
v 365.565 5.42043 200.431 
v 365.795 5.56408 200.464 
v 365.587 5.43375 200.547 
v 365.784 5.55717 200.403 
v 365.736 5.18625 199.995 
v 365.839 4.92125 199.907 
v 365.858 5.17961 199.936 
v 365.702 4.92868 199.972 
v 365.587 5.43375 200.547 
v 365.822 5.57042 200.519 
v 365.639 5.44597 200.654 
v 365.795 5.56408 200.464 
v 365.862 5.57576 200.565 
v 365.639 5.44597 200.654 
v 365.822 5.57042 200.519 
v 365.716 5.45627 200.744 
v 366.427 5.44131 200.61 
v 366.484 5.26272 200.66 
v 366.36 5.45246 200.708 
v 366.408 5.27544 200.771 
v 366.484 5.26272 200.66 
v 366.539 5.01419 200.716 
v 366.408 5.27544 200.771 
v 366.454 5.02841 200.841 
v 365.68 5.38302 200.104 
v 365.736 5.18625 199.995 
v 365.77 5.37423 200.027 
v 365.633 5.19627 200.082 
v 365.633 5.19627 200.082 
v 365.702 4.92868 199.972 
v 365.736 5.18625 199.995 
v 365.587 4.93988 200.071 
v 366.885 4.99619 199.896 
v 366.973 5.14385 199.743 
v 366.841 4.92706 199.803 
v 366.966 5.01387 199.641 
v 366.966 5.01387 199.641 
v 366.797 4.85793 199.711 
v 366.958 4.88388 199.538 
v 366.305 5.28546 200.859 
v 366.36 5.45246 200.708 
v 366.408 5.27544 200.771 
v 366.27 5.46125 200.785 
v 366.339 5.03961 200.939 
v 366.408 5.27544 200.771 
v 366.454 5.02841 200.841 
v 366.305 5.28546 200.859 
v 365.633 5.19627 200.082 
v 365.68 5.38302 200.104 
v 365.556 5.20899 200.194 
v 365.613 5.39417 200.202 
v 365.587 4.93988 200.071 
v 365.633 5.19627 200.082 
v 365.501 4.9541 200.195 
v 365.556 5.20899 200.194 
v 366.665 4.96569 200.511 
v 366.698 4.99508 200.511 
v 366.66 4.95734 200.489 
v 366.68 4.98132 200.52 
v 366.706 4.99892 200.489 
v 366.669 4.96118 200.467 
v 366.701 4.99058 200.467 
v 366.686 4.97494 200.458 
v 366.183 5.2921 200.917 
v 366.27 5.46125 200.785 
v 366.305 5.28546 200.859 
v 366.163 5.46708 200.836 
v 365.758 5.04305 200.971 
v 365.89 4.96547 201.083 
v 365.734 4.95917 201.029 
v 365.901 5.04882 201.021 
v 365.914 5.29369 200.932 
v 366.053 5.05018 201.032 
v 366.049 5.29491 200.943 
v 366.202 5.04704 201.004 
v 366.305 5.28546 200.859 
v 366.339 5.03961 200.939 
v 366.183 5.2921 200.917 
v 365.556 5.20899 200.194 
v 365.613 5.39417 200.202 
v 365.511 5.22354 200.321 
v 365.574 5.40691 200.313 
v 365.501 4.9541 200.195 
v 365.556 5.20899 200.194 
v 365.451 4.97037 200.337 
v 365.511 5.22354 200.321 
v 366.049 5.29491 200.943 
v 366.104 5.46831 200.847 
v 366.116 5.29351 200.93 
v 366.046 5.46954 200.858 
v 366.116 5.29351 200.93 
v 366.163 5.46708 200.836 
v 366.183 5.2921 200.917 
v 366.104 5.46831 200.847 
v 365.511 5.22354 200.321 
v 365.574 5.40691 200.313 
v 365.501 5.23893 200.456 
v 365.565 5.42043 200.431 
v 366.053 5.05018 201.032 
v 366.116 5.29351 200.93 
v 366.127 5.04861 201.018 
v 366.049 5.29491 200.943 
v 366.127 5.04861 201.018 
v 366.183 5.2921 200.917 
v 366.202 5.04704 201.004 
v 366.116 5.29351 200.93 
v 365.786 5.28854 200.888 
v 365.901 5.04882 201.021 
v 365.758 5.04305 200.971 
v 365.914 5.29369 200.932 
v 365.927 5.46847 200.849 
v 366.049 5.29491 200.943 
v 366.046 5.46954 200.858 
v 365.451 4.97037 200.337 
v 365.511 5.22354 200.321 
v 365.44 4.98758 200.488 
v 365.501 5.23893 200.456 
v 365.501 5.23893 200.456 
v 365.587 5.43375 200.547 
v 365.526 5.25411 200.588 
v 365.565 5.42043 200.431 
v 366.383 5.52615 200.915 
v 366.484 5.29618 201.214 
v 366.442 5.37687 201.28 
v 366.482 5.40383 200.897 
v 365.814 5.46395 200.81 
v 365.914 5.29369 200.932 
v 365.786 5.28854 200.888 
v 365.927 5.46847 200.849 
v 365.44 4.98758 200.488 
v 365.526 5.25411 200.588 
v 365.468 5.00455 200.636 
v 365.501 5.23893 200.456 
v 365.526 5.25411 200.588 
v 365.639 5.44597 200.654 
v 365.585 5.26805 200.71 
v 365.587 5.43375 200.547 
v 365.716 5.45627 200.744 
v 365.786 5.28854 200.888 
v 365.674 5.27979 200.812 
v 365.814 5.46395 200.81 
v 365.585 5.26805 200.71 
v 365.716 5.45627 200.744 
v 365.674 5.27979 200.812 
v 365.639 5.44597 200.654 
v 365.468 5.00455 200.636 
v 365.585 5.26805 200.71 
v 365.534 5.02014 200.772 
v 365.526 5.25411 200.588 
v 365.674 5.27979 200.812 
v 365.758 5.04305 200.971 
v 365.633 5.03327 200.886 
v 365.786 5.28854 200.888 
v 365.534 5.02014 200.772 
v 365.674 5.27979 200.812 
v 365.633 5.03327 200.886 
v 365.585 5.26805 200.71 
v 366.885 4.99619 199.896 
v 366.744 4.93302 200.036 
v 366.867 5.1095 200.111 
v 366.808 5.0172 200.219 
v 366.745 5.05593 200.472 
v 366.717 5.02261 200.472 
v 366.708 5.01743 200.494 
v 366.732 5.03855 200.463 
v 366.749 5.06455 200.494 
v 366.712 5.02605 200.516 
v 366.741 5.05937 200.516 
v 366.726 5.04342 200.525 
v 366.67 5.06687 200.813 
v 366.537 4.9902 200.922 
v 366.579 5.04291 200.993 
v 366.637 4.99483 200.773 
v 366.785 5.06128 200.412 
v 366.697 4.99198 200.6 
v 366.739 5.06893 200.615 
v 366.711 4.98651 200.418 
v 366.843 5.32513 199.984 
v 366.867 5.1095 200.111 
v 366.671 5.43053 200.261 
v 366.776 5.21227 200.347 
v 366.671 5.43053 200.261 
v 366.593 5.55595 200.205 
v 366.819 5.45929 199.903 
v 366.553 5.45392 200.574 
v 366.695 5.24781 200.605 
v 366.671 5.43053 200.261 
v 366.462 5.58205 200.554 
v 366.593 5.55595 200.205 
v 366.671 5.43053 200.261 
v 366.553 5.45392 200.574 
v 366.482 5.40383 200.897 
v 366.553 5.45392 200.574 
v 366.695 5.24781 200.605 
v 366.617 5.21988 200.864 
v 366.383 5.52615 200.915 
v 366.482 5.40383 200.897 
v 366.462 5.58205 200.554 
v 366.547 5.12389 201.107 
v 366.482 5.40383 200.897 
v 366.484 5.29618 201.214 
v 366.885 4.99619 199.896 
v 366.867 5.1095 200.111 
v 366.843 5.32513 199.984 
v 366.973 5.14385 199.743 
v 366.819 5.45929 199.903 
v 367.016 5.22995 199.645 
v 366.843 5.32513 199.984 
v 366.739 5.06893 200.615 
v 366.637 4.99483 200.773 
v 366.67 5.06687 200.813 
v 366.697 4.99198 200.6 
v 366.579 5.04291 200.993 
v 366.617 5.21988 200.864 
v 366.547 5.12389 201.107 
v 366.455 5.01424 201.138 
v 366.547 5.12389 201.107 
v 366.451 5.07493 201.298 
v 366.336 5.03662 201.454 
v 366.426 5.13131 201.474 
v 366.345 5.07236 201.665 
v 366.484 5.29618 201.214 
v 366.451 5.07493 201.298 
v 366.426 5.13131 201.474 
v 366.547 5.12389 201.107 
v 366.695 5.24781 200.605 
v 366.67 5.06687 200.813 
v 366.617 5.21988 200.864 
v 366.739 5.06893 200.615 
v 366.695 5.24781 200.605 
v 366.776 5.21227 200.347 
v 366.785 5.06128 200.412 
v 366.739 5.06893 200.615 
v 366.776 5.21227 200.347 
v 366.867 5.1095 200.111 
v 366.808 5.0172 200.219 
v 366.785 5.06128 200.412 
v 365.288 4.91026 200.511 
v 365.302 4.86879 200.518 
v 365.311 4.86892 200.496 
v 365.297 4.91039 200.489 
v 365.311 4.86892 200.496 
v 365.289 4.90553 200.468 
v 365.297 4.91039 200.489 
v 365.303 4.86406 200.475 

vn -0.976378 0.023622 -0.212598 
vn -1 0.0551181 0.0472441 
vn -0.976378 0.023622 -0.204724 
vn -0.84252 0.0866142 0.535433 
vn -0.952756 0.0787402 0.299213 
vn -0.944882 0.0787402 0.314961 
vn -1 0.0551181 0.0551181 
vn -1 0.0551181 0.0472441 
vn -0.976378 0.023622 -0.212598 
vn -0.897638 -0.00787402 -0.448819 
vn -0.976378 0.023622 -0.212598 
vn -0.976378 0.023622 -0.204724 
vn -0.889764 -0.00787402 -0.456693 
vn -0.748031 -0.0314961 -0.661417 
vn -0.740157 -0.0314961 -0.669291 
vn -0.740157 -0.0314961 -0.669291 
vn -0.551181 -0.0708661 -0.834646 
vn -0.551181 -0.0708661 -0.834646 
vn -0.748031 -0.0314961 -0.661417 
vn -0.322835 -0.102362 -0.944882 
vn -0.551181 -0.0708661 -0.834646 
vn -0.551181 -0.0708661 -0.834646 
vn -0.551181 -0.0708661 -0.834646 
vn -0.322835 -0.102362 -0.944882 
vn -0.307087 -0.102362 -0.944882 
vn -0.0629921 -0.110236 -0.992126 
vn -0.0472441 -0.110236 -0.992126 
vn 0.181102 -0.110236 -0.976378 
vn -0.0472441 -0.110236 -0.992126 
vn -0.0629921 -0.110236 -0.992126 
vn -0.661417 0.0944882 0.748031 
vn -0.448819 0.102362 0.889764 
vn -0.669291 0.0944882 0.732283 
vn -0.440945 0.102362 0.889764 
vn -0.212598 0.133858 0.968504 
vn -0.204724 0.133858 0.968504 
vn 0.023622 0.251969 0.968504 
vn 0.0708661 0.291339 0.952756 
vn 0.149606 0.417323 0.897638 
vn 0.15748 0.409449 0.897638 
vn -0.669291 0.0944882 0.732283 
vn -0.834646 0.0866142 0.543307 
vn -0.84252 0.0866142 0.535433 
vn -0.944882 0.0787402 0.314961 
vn -0.834646 0.0866142 0.543307 
vn -0.952756 0.0787402 0.299213 
vn -1 0.0551181 0.0551181 
vn 0.188976 -0.110236 -0.976378 
vn 0.181102 -0.110236 -0.976378 
vn 0.291339 -0.0944882 -0.952756 
vn 0.299213 -0.0866142 -0.952756 
vn 0.393701 0.00787402 -0.92126 
vn 0.433071 0.0393701 -0.905512 
vn 0.511811 0.165354 -0.84252 
vn 0.511811 0.173228 -0.84252 
vn 0.511811 0.346457 -0.787402 
vn 0.511811 0.370079 -0.779528 
vn 0.393701 0.00787402 -0.92126 
vn 0.299213 -0.0866142 -0.952756 
vn 0.291339 -0.0944882 -0.952756 
vn 0.511811 0.165354 -0.84252 
vn 0.433071 0.0393701 -0.905512 
vn 0.511811 0.346457 -0.787402 
vn 0.511811 0.173228 -0.84252 
vn 0.511811 0.370079 -0.779528 
vn 0.393701 0.511811 -0.76378 
vn 0.370079 0.519685 -0.771654 
vn -0.23622 0.818898 0.527559 
vn 0.0787402 0.645669 0.755906 
vn 0.0787402 0.645669 0.755906 
vn 0.149606 0.417323 0.897638 
vn 0.15748 0.409449 0.897638 
vn 0.0708661 0.291339 0.952756 
vn 0.023622 0.251969 0.968504 
vn 0.0866142 0.629921 -0.771654 
vn 0.393701 0.511811 -0.76378 
vn 0.370079 0.519685 -0.771654 
vn 0.0866142 0.629921 -0.771654 
vn -0.692913 -0.110236 0.716535 
vn -0.944882 -0.314961 -0.00787402 
vn -0.952756 -0.314961 0.015748 
vn -0.708661 -0.11811 0.692913 
vn -0.637795 -0.330709 -0.692913 
vn -0.944882 -0.314961 -0.00787402 
vn -0.637795 -0.330709 -0.692913 
vn -0.952756 -0.314961 0.015748 
vn 0.866142 0.370079 0.330709 
vn 0.80315 -0.519685 0.299213 
vn 0.889764 -0.330709 0.314961 
vn 0.937008 0.11811 0.330709 
vn 0.913386 0.346457 0.220472 
vn 0.826772 -0.511811 0.23622 
vn 0.944882 0.165354 0.267717 
vn 0.913386 -0.330709 0.23622 
vn 0.913386 -0.330709 0.23622 
vn 0.850394 0.448819 0.259843 
vn 0.929134 -0.251969 0.275591 
vn 0.913386 0.346457 0.220472 
vn 0.937008 0.11811 0.330709 
vn 0.590551 -0.771654 0.23622 
vn 0.80315 -0.519685 0.299213 
vn 0.92126 -0.244094 0.299213 
vn 0.866142 0.370079 0.330709 
vn 0.889764 0.401575 0.228346 
vn 0.937008 0.11811 0.330709 
vn 0.740157 0.622047 0.259843 
vn 0.944882 0.165354 0.267717 
vn 0.771654 0.598425 0.228346 
vn 0.913386 0.346457 0.220472 
vn 0.88189 0.385827 0.283465 
vn 0.929134 -0.251969 0.275591 
vn 0.866142 0.370079 0.330709 
vn 0.889764 -0.330709 0.314961 
vn 0.850394 0.448819 0.259843 
vn 0.850394 0.448819 0.259843 
vn 0.740157 0.622047 0.259843 
vn 0.700787 0.669291 0.228346 
vn 0.826772 -0.511811 0.23622 
vn 0.92126 -0.299213 0.23622 
vn 0.944882 0.165354 0.267717 
vn 0.937008 0.0629921 0.346457 
vn 0.834646 0.456693 0.314961 
vn 0.88189 0.385827 0.283465 
vn 0.96063 -0.015748 0.283465 
vn 0.88189 0.385827 0.283465 
vn 0.92126 -0.299213 0.23622 
vn 0.944882 0.165354 0.267717 
vn 0.968504 -0.15748 0.204724 
vn 0.905512 -0.433071 0.015748 
vn 0.905512 -0.425197 0.023622 
vn 0.968504 -0.110236 0.23622 
vn 0.897638 -0.125984 0.417323 
vn 0.968504 -0.15748 0.204724 
vn 0.968504 -0.110236 0.23622 
vn 0.88189 -0.173228 0.433071 
vn 0.677165 0.700787 0.228346 
vn 0.771654 0.598425 0.228346 
vn 0.724409 0.637795 0.244094 
vn 0.700787 0.669291 0.228346 
vn 0.913386 0.346457 0.220472 
vn 0.771654 0.598425 0.228346 
vn 0.850394 0.448819 0.259843 
vn 0.677165 0.700787 0.228346 
vn 0.716535 0.661417 0.228346 
vn 0.740157 0.622047 0.259843 
vn 0.700787 0.669291 0.228346 
vn 0.968504 -0.141732 0.212598 
vn 0.645669 -0.740157 0.188976 
vn 0.511811 -0.84252 0.181102 
vn 0.92126 -0.244094 0.299213 
vn 0.511811 -0.84252 0.181102 
vn 0.590551 -0.771654 0.23622 
vn 0.889764 0.425197 0.165354 
vn 0.968504 -0.141732 0.212598 
vn 0.889764 0.401575 0.228346 
vn 0.96063 -0.204724 0.181102 
vn 0.889764 0.401575 0.228346 
vn 0.92126 -0.244094 0.299213 
vn 0.937008 0.11811 0.330709 
vn 0.88189 0.385827 0.283465 
vn 0.724409 0.637795 0.244094 
vn 0.771654 0.598425 0.228346 
vn 0.834646 0.456693 0.314961 
vn -0.661417 0.645669 0.370079 
vn -0.787402 0.393701 0.480315 
vn -0.535433 0.669291 0.519685 
vn -0.629921 0.417323 0.661417 
vn 0.716535 0.661417 0.228346 
vn 0.889764 0.401575 0.228346 
vn 0.740157 0.622047 0.259843 
vn 0.889764 0.425197 0.165354 
vn 0.787402 -0.614173 -0.0314961 
vn 0.905512 -0.425197 0.023622 
vn 0.905512 -0.433071 0.015748 
vn 0.771654 -0.629921 -0.023622 
vn -0.645669 0.346457 0.685039 
vn -0.409449 0.503937 0.755906 
vn -0.433071 0.362205 0.826772 
vn -0.606299 0.488189 0.629921 
vn -0.811024 0.322835 0.496063 
vn -0.76378 0.472441 0.448819 
vn -0.645669 0.346457 0.685039 
vn -0.606299 0.488189 0.629921 
vn -0.535433 0.669291 0.519685 
vn -0.425197 0.433071 0.795276 
vn -0.362205 0.677165 0.637795 
vn -0.629921 0.417323 0.661417 
vn -0.661417 0.645669 0.370079 
vn -0.755906 0.622047 0.19685 
vn -0.897638 0.354331 0.267717 
vn -0.787402 0.393701 0.480315 
vn -0.913386 0.299213 0.267717 
vn -0.866142 0.440945 0.23622 
vn -0.811024 0.322835 0.496063 
vn -0.76378 0.472441 0.448819 
vn -0.787402 0.393701 0.480315 
vn -0.811024 0.322835 0.496063 
vn -0.629921 0.417323 0.661417 
vn -0.645669 0.346457 0.685039 
vn -0.362205 0.677165 0.637795 
vn -0.188976 0.440945 0.874016 
vn -0.165354 0.685039 0.708661 
vn -0.425197 0.433071 0.795276 
vn -0.629921 0.417323 0.661417 
vn -0.433071 0.362205 0.826772 
vn -0.425197 0.433071 0.795276 
vn -0.645669 0.346457 0.685039 
vn -0.897638 0.354331 0.267717 
vn -0.913386 0.299213 0.267717 
vn -0.787402 0.393701 0.480315 
vn -0.811024 0.322835 0.496063 
vn -0.913386 0.299213 0.267717 
vn -0.96063 0.267717 0.023622 
vn -0.905512 0.417323 0 
vn -0.866142 0.440945 0.23622 
vn -0.755906 0.622047 0.19685 
vn -0.811024 0.590551 0.00787402 
vn -0.952756 0.307087 0.023622 
vn -0.897638 0.354331 0.267717 
vn -0.952756 0.307087 0.023622 
vn -0.96063 0.267717 0.023622 
vn -0.897638 0.354331 0.267717 
vn -0.913386 0.299213 0.267717 
vn -0.433071 0.362205 0.826772 
vn -0.188976 0.511811 0.834646 
vn -0.19685 0.370079 0.905512 
vn -0.409449 0.503937 0.755906 
vn 0.0551181 0.370079 0.929134 
vn -0.188976 0.440945 0.874016 
vn 0.0551181 0.440945 0.897638 
vn -0.80315 0.543307 -0.23622 
vn -0.952756 0.307087 0.023622 
vn -0.811024 0.590551 0.00787402 
vn -0.929134 0.283465 -0.23622 
vn 0.291339 0.440945 0.850394 
vn 0.259843 0.700787 0.661417 
vn 0.173228 0.440945 0.88189 
vn 0.15748 0.700787 0.692913 
vn -0.944882 0.23622 -0.228346 
vn -0.905512 0.417323 0 
vn -0.96063 0.267717 0.023622 
vn -0.889764 0.393701 -0.228346 
vn -0.929134 0.283465 -0.23622 
vn -0.944882 0.23622 -0.228346 
vn -0.952756 0.307087 0.023622 
vn 0.283465 0.511811 0.811024 
vn 0.299213 0.370079 0.88189 
vn 0.165354 0.503937 0.84252 
vn 0.181102 0.370079 0.913386 
vn 0.165354 0.503937 0.84252 
vn 0.181102 0.370079 0.913386 
vn 0.0472441 0.519685 0.858268 
vn 0.0551181 0.370079 0.929134 
vn -0.425197 0.433071 0.795276 
vn -0.19685 0.370079 0.905512 
vn -0.188976 0.440945 0.874016 
vn -0.433071 0.362205 0.826772 
vn 0.0551181 0.440945 0.897638 
vn -0.165354 0.685039 0.708661 
vn 0.0472441 0.692913 0.724409 
vn 0.0551181 0.440945 0.897638 
vn 0.15748 0.700787 0.692913 
vn 0.173228 0.440945 0.88189 
vn 0.299213 0.370079 0.88189 
vn 0.291339 0.440945 0.850394 
vn 0.181102 0.370079 0.913386 
vn 0.173228 0.440945 0.88189 
vn 0.181102 0.370079 0.913386 
vn 0.173228 0.440945 0.88189 
vn 0.0551181 0.370079 0.929134 
vn 0.0551181 0.440945 0.897638 
vn -0.535433 0.669291 0.519685 
vn -0.244094 0.889764 0.385827 
vn -0.362205 0.88189 0.307087 
vn -0.362205 0.677165 0.637795 
vn -0.661417 0.645669 0.370079 
vn -0.362205 0.88189 0.307087 
vn -0.456693 0.866142 0.204724 
vn -0.535433 0.669291 0.519685 
vn -0.456693 0.866142 0.204724 
vn -0.755906 0.622047 0.19685 
vn -0.661417 0.645669 0.370079 
vn -0.503937 0.858268 0.0787402 
vn 0.748031 -0.653543 0.125984 
vn 0.748031 -0.653543 0.125984 
vn 0.748031 -0.653543 0.125984 
vn 0.748031 -0.653543 0.125984 
vn 0.748031 -0.653543 0.125984 
vn 0.748031 -0.653543 0.125984 
vn 0.748031 -0.653543 0.125984 
vn 0.748031 -0.653543 0.125984 
vn -0.858268 0.212598 -0.464567 
vn -0.889764 0.393701 -0.228346 
vn -0.944882 0.23622 -0.228346 
vn -0.811024 0.362205 -0.456693 
vn 0.259843 0.700787 0.661417 
vn 0.291339 0.440945 0.850394 
vn 0.433071 0.700787 0.566929 
vn 0.511811 0.425197 0.740157 
vn -0.716535 0.527559 -0.456693 
vn -0.929134 0.283465 -0.23622 
vn -0.80315 0.543307 -0.23622 
vn -0.84252 0.275591 -0.472441 
vn 0.92126 -0.299213 0.23622 
vn 0.826772 -0.511811 0.23622 
vn 0.496063 -0.850394 0.188976 
vn 0.299213 0.370079 0.88189 
vn 0.283465 0.511811 0.811024 
vn 0.527559 0.354331 0.771654 
vn 0.488189 0.511811 0.708661 
vn -0.84252 0.275591 -0.472441 
vn -0.944882 0.23622 -0.228346 
vn -0.929134 0.283465 -0.23622 
vn -0.858268 0.212598 -0.464567 
vn 0.133858 -0.858268 0.496063 
vn 0.338583 -0.826772 0.440945 
vn 0.346457 -0.826772 0.440945 
vn 0.133858 -0.858268 0.496063 
vn 0.669291 -0.574803 0.464567 
vn 0.669291 -0.582677 0.464567 
vn 0.669291 -0.582677 0.464567 
vn 0.88189 -0.173228 0.433071 
vn 0.897638 -0.125984 0.417323 
vn -0.811024 0.590551 0.00787402 
vn -0.519685 0.850394 -0.0314961 
vn -0.80315 0.543307 -0.23622 
vn -0.527559 0.834646 -0.181102 
vn -0.716535 0.527559 -0.456693 
vn -0.80315 0.543307 -0.23622 
vn -0.527559 0.834646 -0.181102 
vn -0.480315 0.795276 -0.370079 
vn 0.291339 0.440945 0.850394 
vn 0.299213 0.370079 0.88189 
vn 0.511811 0.425197 0.740157 
vn 0.527559 0.354331 0.771654 
vn -0.590551 0.527559 -0.606299 
vn -0.84252 0.275591 -0.472441 
vn -0.716535 0.527559 -0.456693 
vn -0.700787 0.267717 -0.661417 
vn -0.102362 -0.968504 0.220472 
vn 0.913386 -0.330709 0.23622 
vn -0.0629921 -0.992126 0.0866142 
vn 0.929134 -0.251969 0.275591 
vn -0.716535 0.188976 -0.669291 
vn -0.811024 0.362205 -0.456693 
vn -0.858268 0.212598 -0.464567 
vn -0.677165 0.346457 -0.653543 
vn 0.433071 0.700787 0.566929 
vn 0.511811 0.425197 0.740157 
vn 0.566929 0.700787 0.433071 
vn 0.700787 0.409449 0.582677 
vn -0.700787 0.267717 -0.661417 
vn -0.858268 0.212598 -0.464567 
vn -0.84252 0.275591 -0.472441 
vn -0.716535 0.188976 -0.669291 
vn 0.645669 0.543307 0.535433 
vn 0.716535 0.338583 0.606299 
vn 0.488189 0.511811 0.708661 
vn 0.527559 0.354331 0.771654 
vn 0.259843 0.700787 0.661417 
vn 0.204724 0.889764 0.401575 
vn 0.15748 0.700787 0.692913 
vn 0.133858 0.897638 0.425197 
vn 0.0472441 0.897638 0.440945 
vn 0.15748 0.700787 0.692913 
vn 0.0472441 0.692913 0.724409 
vn -0.393701 0.779528 -0.488189 
vn -0.590551 0.527559 -0.606299 
vn -0.480315 0.795276 -0.370079 
vn -0.716535 0.527559 -0.456693 
vn 0.716535 0.338583 0.606299 
vn 0.700787 0.409449 0.582677 
vn 0.527559 0.354331 0.771654 
vn 0.511811 0.425197 0.740157 
vn -0.503937 0.858268 0.0787402 
vn -0.811024 0.590551 0.00787402 
vn -0.755906 0.622047 0.19685 
vn -0.519685 0.850394 -0.0314961 
vn -0.291339 0.952756 0.0787402 
vn -0.330709 0.944882 0 
vn -0.456693 0.866142 0.204724 
vn -0.590551 0.527559 -0.606299 
vn -0.511811 0.244094 -0.818898 
vn -0.700787 0.267717 -0.661417 
vn -0.440945 0.519685 -0.732283 
vn -0.456693 0.866142 0.204724 
vn -0.228346 0.96063 0.149606 
vn -0.291339 0.952756 0.0787402 
vn -0.362205 0.88189 0.307087 
vn -0.716535 0.188976 -0.669291 
vn -0.496063 0.322835 -0.80315 
vn -0.677165 0.346457 -0.653543 
vn -0.527559 0.173228 -0.834646 
vn -0.15748 0.968504 0.19685 
vn -0.244094 0.889764 0.385827 
vn -0.0708661 0.968504 0.228346 
vn -0.362205 0.88189 0.307087 
vn -0.228346 0.96063 0.149606 
vn -0.110236 0.889764 0.433071 
vn 0.0314961 0.968504 0.23622 
vn 0.0472441 0.897638 0.440945 
vn -0.244094 0.889764 0.385827 
vn -0.362205 0.677165 0.637795 
vn -0.165354 0.685039 0.708661 
vn 0.0472441 0.897638 0.440945 
vn 0.0472441 0.692913 0.724409 
vn 0.84252 0.385827 0.385827 
vn 0.566929 0.700787 0.433071 
vn 0.700787 0.409449 0.582677 
vn 0.685039 0.677165 0.267717 
vn 0.929134 -0.251969 0.275591 
vn -0.0787402 -0.992126 -0.0393701 
vn -0.0629921 -0.992126 0.0866142 
vn 0.889764 -0.330709 0.314961 
vn 0.661417 -0.740157 0.133858 
vn 0.661417 -0.740157 0.133858 
vn 0.661417 -0.740157 0.133858 
vn 0.661417 -0.740157 0.133858 
vn 0.661417 -0.740157 0.133858 
vn 0.661417 -0.740157 0.133858 
vn 0.661417 -0.740157 0.133858 
vn 0.661417 -0.740157 0.133858 
vn -0.700787 0.267717 -0.661417 
vn -0.527559 0.173228 -0.834646 
vn -0.716535 0.188976 -0.669291 
vn -0.511811 0.244094 -0.818898 
vn -0.330709 0.944882 0 
vn -0.519685 0.850394 -0.0314961 
vn -0.503937 0.858268 0.0787402 
vn -0.338583 0.937008 -0.0708661 
vn 0.614173 0.755906 0.23622 
vn 0.716535 0.338583 0.606299 
vn 0.645669 0.543307 0.535433 
vn 0.858268 0.314961 0.401575 
vn -0.393701 0.779528 -0.488189 
vn -0.291339 0.779528 -0.559055 
vn -0.440945 0.519685 -0.732283 
vn -0.590551 0.527559 -0.606299 
vn -0.338583 0.937008 -0.0708661 
vn -0.527559 0.834646 -0.181102 
vn -0.519685 0.850394 -0.0314961 
vn -0.322835 0.937008 -0.133858 
vn 0.858268 0.314961 0.401575 
vn 0.700787 0.409449 0.582677 
vn 0.716535 0.338583 0.606299 
vn 0.84252 0.385827 0.385827 
vn -0.440945 0.519685 -0.732283 
vn -0.291339 0.23622 -0.929134 
vn -0.511811 0.244094 -0.818898 
vn -0.251969 0.511811 -0.818898 
vn -0.377953 0.637795 0.669291 
vn -0.173228 0.645669 0.740157 
vn -0.409449 0.503937 0.755906 
vn -0.188976 0.511811 0.834646 
vn -0.409449 0.503937 0.755906 
vn -0.551181 0.622047 0.551181 
vn -0.606299 0.488189 0.629921 
vn 0.0472441 0.519685 0.858268 
vn -0.19685 0.370079 0.905512 
vn 0.0551181 0.370079 0.929134 
vn -0.527559 0.834646 -0.181102 
vn -0.322835 0.937008 -0.133858 
vn -0.480315 0.795276 -0.370079 
vn -0.291339 0.92126 -0.244094 
vn 0.204724 0.889764 0.401575 
vn 0.141732 0.96063 0.23622 
vn 0.133858 0.897638 0.425197 
vn 0.0866142 0.968504 0.228346 
vn 0.0314961 0.968504 0.23622 
vn 0.133858 0.897638 0.425197 
vn 0.0472441 0.897638 0.440945 
vn 0.92126 0.362205 0.149606 
vn 0.685039 0.677165 0.267717 
vn 0.84252 0.385827 0.385827 
vn 0.748031 0.661417 0.0787402 
vn 0.433071 0.700787 0.566929 
vn 0.204724 0.889764 0.401575 
vn 0.259843 0.700787 0.661417 
vn 0.314961 0.889764 0.330709 
vn 0.96063 -0.204724 0.181102 
vn 0.614173 -0.771654 0.173228 
vn 0.645669 -0.740157 0.188976 
vn 0.968504 -0.141732 0.212598 
vn -0.251969 0.511811 -0.818898 
vn -0.291339 0.779528 -0.559055 
vn -0.173228 0.771654 -0.614173 
vn -0.440945 0.519685 -0.732283 
vn -0.511811 0.244094 -0.818898 
vn -0.299213 0.15748 -0.937008 
vn -0.527559 0.173228 -0.834646 
vn -0.291339 0.23622 -0.929134 
vn 0.614173 0.787402 0.0393701 
vn 0.858268 0.314961 0.401575 
vn 0.614173 0.755906 0.23622 
vn 0.944882 0.283465 0.165354 
vn -0.228346 0.905512 -0.354331 
vn -0.393701 0.779528 -0.488189 
vn -0.291339 0.92126 -0.244094 
vn -0.480315 0.795276 -0.370079 
vn 0.944882 0.283465 0.165354 
vn 0.84252 0.385827 0.385827 
vn 0.858268 0.314961 0.401575 
vn 0.92126 0.362205 0.149606 
vn 0.314961 0.889764 0.330709 
vn 0.141732 0.96063 0.23622 
vn 0.204724 0.889764 0.401575 
vn 0.251969 0.952756 0.188976 
vn 0.937008 0.330709 -0.0944882 
vn 0.748031 0.661417 0.0787402 
vn 0.92126 0.362205 0.149606 
vn 0.76378 0.637795 -0.11811 
vn -0.0472441 0.503937 -0.858268 
vn -0.173228 0.771654 -0.614173 
vn -0.0314961 0.771654 -0.637795 
vn -0.251969 0.511811 -0.818898 
vn -0.173228 0.897638 -0.409449 
vn -0.291339 0.779528 -0.559055 
vn -0.228346 0.905512 -0.354331 
vn -0.393701 0.779528 -0.488189 
vn -0.299213 0.15748 -0.937008 
vn -0.0472441 0.307087 -0.952756 
vn -0.283465 0.314961 -0.905512 
vn -0.0551181 0.15748 -0.984252 
vn -0.291339 0.23622 -0.929134 
vn -0.0551181 0.15748 -0.984252 
vn -0.299213 0.15748 -0.937008 
vn -0.0551181 0.228346 -0.968504 
vn 0.401575 0.889764 0.228346 
vn 0.433071 0.700787 0.566929 
vn 0.566929 0.700787 0.433071 
vn 0.314961 0.889764 0.330709 
vn -0.0944882 0.992126 -0.0472441 
vn -0.330709 0.944882 0 
vn -0.291339 0.952756 0.0787402 
vn -0.110236 0.992126 -0.0787402 
vn -0.110236 0.992126 -0.0787402 
vn -0.338583 0.937008 -0.0708661 
vn -0.330709 0.944882 0 
vn -0.11811 0.984252 -0.102362 
vn 0.889764 0.307087 -0.330709 
vn 0.724409 0.614173 -0.307087 
vn 0.937008 0.330709 -0.0944882 
vn 0.76378 0.637795 -0.11811 
vn -0.173228 0.771654 -0.614173 
vn -0.291339 0.779528 -0.559055 
vn -0.173228 0.897638 -0.409449 
vn -0.102362 0.897638 -0.433071 
vn 0.401575 0.889764 0.228346 
vn 0.251969 0.952756 0.188976 
vn 0.314961 0.889764 0.330709 
vn 0.346457 0.929134 0.110236 
vn 0.96063 0.259843 -0.0866142 
vn 0.92126 0.362205 0.149606 
vn 0.944882 0.283465 0.165354 
vn 0.937008 0.330709 -0.0944882 
vn -0.322835 0.937008 -0.133858 
vn -0.110236 0.984252 -0.11811 
vn -0.291339 0.92126 -0.244094 
vn -0.0944882 0.984252 -0.141732 
vn -0.0472441 0.503937 -0.858268 
vn 0.110236 0.771654 -0.622047 
vn 0.165354 0.511811 -0.84252 
vn -0.0314961 0.771654 -0.637795 
vn 0.259843 0.519685 -0.811024 
vn 0.181102 0.779528 -0.606299 
vn 0.259843 0.779528 -0.566929 
vn 0.362205 0.519685 -0.771654 
vn 0.80315 -0.519685 0.299213 
vn -0.0787402 -0.992126 -0.0393701 
vn 0.889764 -0.330709 0.314961 
vn 0.188976 0.228346 -0.952756 
vn 0.259843 0.519685 -0.811024 
vn 0.307087 0.23622 -0.92126 
vn 0.165354 0.511811 -0.84252 
vn 0.685039 0.677165 0.267717 
vn 0.401575 0.889764 0.228346 
vn 0.566929 0.700787 0.433071 
vn 0.448819 0.88189 0.110236 
vn 0.787402 0.275591 -0.551181 
vn 0.645669 0.590551 -0.480315 
vn 0.889764 0.307087 -0.330709 
vn 0.724409 0.614173 -0.307087 
vn -0.283465 0.314961 -0.905512 
vn -0.0472441 0.456693 -0.889764 
vn -0.259843 0.464567 -0.850394 
vn -0.0472441 0.307087 -0.952756 
vn -0.527559 0.173228 -0.834646 
vn -0.299213 0.15748 -0.937008 
vn -0.496063 0.322835 -0.80315 
vn 0.653543 0.748031 -0.125984 
vn 0.944882 0.283465 0.165354 
vn 0.614173 0.787402 0.0393701 
vn 0.96063 0.259843 -0.0866142 
vn 0.913386 0.228346 -0.330709 
vn 0.96063 0.259843 -0.0866142 
vn 0.732283 0.606299 -0.314961 
vn 0.425197 0.244094 -0.874016 
vn 0.456693 0.543307 -0.708661 
vn 0.527559 0.244094 -0.811024 
vn 0.362205 0.519685 -0.771654 
vn 0.629921 0.259843 -0.732283 
vn 0.535433 0.551181 -0.645669 
vn 0.716535 0.267717 -0.645669 
vn 0.598425 0.574803 -0.559055 
vn 0.362205 0.519685 -0.771654 
vn 0.259843 0.779528 -0.566929 
vn 0.456693 0.543307 -0.708661 
vn 0.330709 0.787402 -0.519685 
vn 0.393701 0.787402 -0.472441 
vn 0.456693 0.543307 -0.708661 
vn 0.535433 0.551181 -0.645669 
vn 0.716535 0.267717 -0.645669 
vn 0.598425 0.574803 -0.559055 
vn 0.787402 0.275591 -0.551181 
vn 0.645669 0.590551 -0.480315 
vn 0.527559 0.244094 -0.811024 
vn 0.535433 0.551181 -0.645669 
vn 0.629921 0.259843 -0.732283 
vn 0.456693 0.543307 -0.708661 
vn 0.913386 0.228346 -0.330709 
vn 0.889764 0.307087 -0.330709 
vn 0.96063 0.259843 -0.0866142 
vn 0.937008 0.330709 -0.0944882 
vn 0.299213 0.307087 -0.905512 
vn 0.433071 0.165354 -0.88189 
vn 0.409449 0.322835 -0.850394 
vn 0.314961 0.15748 -0.937008 
vn 0.716535 0.433071 -0.543307 
vn 0.80315 0.204724 -0.551181 
vn 0.732283 0.606299 -0.314961 
vn 0.913386 0.228346 -0.330709 
vn 0.19685 0.15748 -0.968504 
vn 0.307087 0.23622 -0.92126 
vn 0.314961 0.15748 -0.937008 
vn 0.188976 0.228346 -0.952756 
vn -0.0551181 0.228346 -0.968504 
vn 0.165354 0.511811 -0.84252 
vn -0.0472441 0.503937 -0.858268 
vn 0.448819 0.88189 0.110236 
vn 0.748031 0.661417 0.0787402 
vn 0.480315 0.874016 0 
vn 0.685039 0.677165 0.267717 
vn 0.409449 0.322835 -0.850394 
vn 0.543307 0.173228 -0.818898 
vn 0.511811 0.322835 -0.795276 
vn 0.433071 0.165354 -0.88189 
vn 0.598425 0.338583 -0.724409 
vn 0.645669 0.181102 -0.748031 
vn 0.677165 0.354331 -0.637795 
vn 0.732283 0.188976 -0.653543 
vn 0.448819 0.88189 0.110236 
vn 0.346457 0.929134 0.110236 
vn 0.401575 0.889764 0.228346 
vn 0.362205 0.929134 0.0393701 
vn 0.677165 0.354331 -0.637795 
vn 0.732283 0.188976 -0.653543 
vn 0.716535 0.433071 -0.543307 
vn 0.80315 0.204724 -0.551181 
vn 0.307087 0.23622 -0.92126 
vn 0.362205 0.519685 -0.771654 
vn 0.425197 0.244094 -0.874016 
vn 0.259843 0.519685 -0.811024 
vn 0.425197 0.244094 -0.874016 
vn 0.314961 0.15748 -0.937008 
vn 0.433071 0.165354 -0.88189 
vn 0.511811 0.322835 -0.795276 
vn 0.645669 0.181102 -0.748031 
vn 0.598425 0.338583 -0.724409 
vn 0.543307 0.173228 -0.818898 
vn -0.0472441 0.307087 -0.952756 
vn 0.19685 0.15748 -0.968504 
vn 0.188976 0.314961 -0.929134 
vn -0.0551181 0.15748 -0.984252 
vn 0.299213 0.307087 -0.905512 
vn 0.173228 0.464567 -0.874016 
vn 0.275591 0.464567 -0.84252 
vn -0.015748 0.889764 -0.448819 
vn 0.023622 0.976378 -0.220472 
vn 0.0708661 0.897638 -0.440945 
vn -0.00787402 0.976378 -0.228346 
vn 0.110236 0.897638 -0.425197 
vn -0.0314961 0.976378 -0.220472 
vn -0.102362 0.897638 -0.433071 
vn -0.00787402 0.976378 -0.228346 
vn 0.0314961 0.976378 -0.212598 
vn 0.188976 0.314961 -0.929134 
vn 0.314961 0.15748 -0.937008 
vn 0.299213 0.307087 -0.905512 
vn 0.19685 0.15748 -0.968504 
vn -0.0551181 0.15748 -0.984252 
vn 0.188976 0.228346 -0.952756 
vn -0.0551181 0.228346 -0.968504 
vn -0.251969 0.511811 -0.818898 
vn -0.0472441 0.503937 -0.858268 
vn -0.291339 0.23622 -0.929134 
vn 0.433071 0.165354 -0.88189 
vn 0.527559 0.244094 -0.811024 
vn 0.543307 0.173228 -0.818898 
vn 0.425197 0.244094 -0.874016 
vn 0.645669 0.181102 -0.748031 
vn 0.629921 0.259843 -0.732283 
vn 0.732283 0.188976 -0.653543 
vn 0.716535 0.267717 -0.645669 
vn 0.480315 0.874016 0 
vn 0.76378 0.637795 -0.11811 
vn 0.496063 0.858268 -0.11811 
vn 0.748031 0.661417 0.0787402 
vn 0.543307 0.173228 -0.818898 
vn 0.629921 0.259843 -0.732283 
vn 0.645669 0.181102 -0.748031 
vn 0.527559 0.244094 -0.811024 
vn 0.80315 0.204724 -0.551181 
vn 0.787402 0.275591 -0.551181 
vn 0.913386 0.228346 -0.330709 
vn 0.889764 0.307087 -0.330709 
vn 0.80315 0.204724 -0.551181 
vn 0.716535 0.267717 -0.645669 
vn 0.732283 0.188976 -0.653543 
vn 0.535433 0.551181 -0.645669 
vn 0.393701 0.787402 -0.472441 
vn 0.598425 0.574803 -0.559055 
vn 0.440945 0.795276 -0.409449 
vn 0.464567 0.811024 -0.362205 
vn 0.598425 0.574803 -0.559055 
vn 0.645669 0.590551 -0.480315 
vn 0.165354 0.984252 -0.0944882 
vn 0.393701 0.913386 -0.0866142 
vn 0.149606 0.984252 -0.102362 
vn 0.401575 0.905512 -0.165354 
vn 0.015748 1 -0.00787402 
vn -0.0944882 0.992126 -0.0472441 
vn -0.0787402 1 -0.0314961 
vn -0.0551181 1 -0.00787402 
vn -0.110236 0.992126 -0.0787402 
vn -0.110236 0.984252 -0.11811 
vn -0.11811 0.984252 -0.102362 
vn -0.322835 0.937008 -0.133858 
vn -0.338583 0.937008 -0.0708661 
vn -0.023622 1 0 
vn 0.00787402 1 0 
vn -0.0551181 1 -0.00787402 
vn -0.15748 0.968504 0.19685 
vn -0.228346 0.96063 0.149606 
vn -0.0787402 1 -0.0314961 
vn -0.0787402 1 -0.0314961 
vn -0.291339 0.952756 0.0787402 
vn -0.0944882 0.992126 -0.0472441 
vn 0.00787402 1 0 
vn 0.0314961 0.968504 0.23622 
vn 0.0866142 0.968504 0.228346 
vn 0.015748 1 -0.00787402 
vn 0.0314961 1 -0.00787402 
vn 0.141732 0.96063 0.23622 
vn 0.251969 0.952756 0.188976 
vn 0.0314961 1 -0.00787402 
vn 0.0866142 0.992126 -0.0314961 
vn 0.346457 0.929134 0.110236 
vn 0.251969 0.952756 0.188976 
vn 0.141732 0.992126 -0.0551181 
vn 0.362205 0.929134 0.0393701 
vn 0.480315 0.874016 0 
vn 0.377953 0.92126 -0.023622 
vn 0.448819 0.88189 0.110236 
vn 0.259843 0.897638 -0.362205 
vn 0.0787402 0.976378 -0.19685 
vn 0.299213 0.897638 -0.322835 
vn 0.0787402 0.976378 -0.181102 
vn 0.110236 0.984252 -0.15748 
vn 0.346457 0.897638 -0.275591 
vn 0.149606 0.984252 -0.102362 
vn 0.346457 0.897638 -0.275591 
vn 0.401575 0.905512 -0.165354 
vn 0.496063 0.858268 -0.11811 
vn 0.724409 0.614173 -0.307087 
vn 0.496063 0.834646 -0.23622 
vn 0.76378 0.637795 -0.11811 
vn 0.377953 0.92126 -0.023622 
vn 0.15748 0.984252 -0.0629921 
vn 0.362205 0.929134 0.0393701 
vn 0.165354 0.984252 -0.0787402 
vn 0.141732 0.992126 -0.0551181 
vn 0.362205 0.929134 0.0393701 
vn 0.346457 0.929134 0.110236 
vn 0.496063 0.834646 -0.23622 
vn 0.645669 0.590551 -0.480315 
vn 0.464567 0.811024 -0.362205 
vn 0.724409 0.614173 -0.307087 
vn 0.629921 -0.779528 -0.0629921 
vn 0.787402 -0.614173 -0.0314961 
vn 0.771654 -0.629921 -0.023622 
vn 0.590551 -0.80315 -0.102362 
vn 0.464567 -0.874016 -0.149606 
vn 0.338583 -0.92126 -0.181102 
vn 0.464567 -0.874016 -0.149606 
vn 0.23622 -0.944882 -0.244094 
vn 0.23622 -0.944882 -0.244094 
vn -0.0314961 0.771654 -0.637795 
vn 0.181102 0.779528 -0.606299 
vn -0.015748 0.889764 -0.448819 
vn -0.102362 0.897638 -0.433071 
vn -0.173228 0.771654 -0.614173 
vn 0.110236 0.897638 -0.425197 
vn 0.165354 0.897638 -0.409449 
vn 0.259843 0.779528 -0.566929 
vn 0.259843 0.779528 -0.566929 
vn 0.330709 0.787402 -0.519685 
vn 0.212598 0.897638 -0.377953 
vn 0.259843 0.897638 -0.362205 
vn 0.330709 0.787402 -0.519685 
vn 0.393701 0.787402 -0.472441 
vn 0.393701 0.787402 -0.472441 
vn 0.440945 0.795276 -0.409449 
vn 0.299213 0.897638 -0.322835 
vn 0.346457 0.897638 -0.275591 
vn 0.440945 0.795276 -0.409449 
vn 0.464567 0.811024 -0.362205 
vn 0.401575 0.905512 -0.165354 
vn 0.464567 0.811024 -0.362205 
vn 0.346457 0.897638 -0.275591 
vn 0.496063 0.834646 -0.23622 
vn 0.393701 0.913386 -0.0866142 
vn 0.496063 0.858268 -0.11811 
vn 0.401575 0.905512 -0.165354 
vn 0.496063 0.834646 -0.23622 
vn 0.377953 0.92126 -0.023622 
vn 0.496063 0.858268 -0.11811 
vn 0.393701 0.913386 -0.0866142 
vn 0.480315 0.874016 0 
vn -0.0314961 0.976378 -0.220472 
vn -0.0472441 0.976378 -0.212598 
vn -0.0629921 0.976378 -0.188976 
vn -0.102362 0.897638 -0.433071 
vn -0.0472441 0.976378 -0.212598 
vn -0.173228 0.897638 -0.409449 
vn -0.173228 0.897638 -0.409449 
vn -0.0629921 0.976378 -0.188976 
vn -0.228346 0.905512 -0.354331 
vn -0.0629921 0.976378 -0.188976 
vn -0.0944882 0.984252 -0.141732 
vn -0.291339 0.92126 -0.244094 
vn -0.0944882 0.984252 -0.141732 
vn 0.0629921 0.976378 -0.19685 
vn 0.0472441 0.976378 -0.212598 
vn 0.165354 0.897638 -0.409449 
vn 0.212598 0.897638 -0.377953 
vn 0.0629921 0.976378 -0.19685 
vn 0.0787402 0.976378 -0.19685 
vn 0.259843 0.897638 -0.362205 
vn 0.0787402 0.976378 -0.181102 
vn 0.0787402 0.976378 -0.19685 
vn 0.149606 0.984252 -0.102362 
vn 0.110236 0.984252 -0.15748 
vn 0.165354 0.984252 -0.0944882 
vn 0.165354 0.984252 -0.0787402 
vn 0.15748 0.984252 -0.0629921 
vn 0.393701 0.913386 -0.0866142 
vn 0.377953 0.92126 -0.023622 
vn 0.141732 0.992126 -0.0551181 
vn 0.0866142 0.992126 -0.0314961 
vn 0.0314961 1 -0.00787402 
vn 0.84252 -0.307087 0.433071 
vn 0.622047 -0.661417 0.417323 
vn 0.629921 -0.629921 0.456693 
vn 0.850394 -0.401575 0.338583 
vn 0.84252 -0.307087 0.433071 
vn 0.96063 -0.015748 0.283465 
vn 0.937008 0.0629921 0.346457 
vn 0.370079 -0.858268 0.354331 
vn 0.417323 -0.826772 0.370079 
vn 0.629921 -0.629921 0.456693 
vn 0.850394 -0.401575 0.338583 
vn 0.519685 -0.795276 0.307087 
vn 0.779528 -0.574803 0.23622 
vn 0.96063 -0.015748 0.283465 
vn 0.779528 -0.574803 0.23622 
vn 0.92126 -0.299213 0.23622 
vn -0.19685 -0.937008 0.291339 
vn 0.913386 -0.330709 0.23622 
vn -0.102362 -0.968504 0.220472 
vn 0.826772 -0.511811 0.23622 
vn -0.275591 -0.866142 0.409449 
vn -0.346457 -0.874016 0.330709 
vn -0.275591 -0.866142 0.409449 
vn -0.346457 -0.874016 0.330709 
vn -0.417323 -0.897638 0.125984 
vn -0.409449 -0.913386 0.015748 
vn -0.409449 -0.913386 0.015748 
vn 0.0787402 -0.858268 0.511811 
vn 0.133858 -0.858268 0.496063 
vn 0.133858 -0.858268 0.496063 
vn 0.0787402 -0.858268 0.511811 
vn 0.023622 -0.858268 0.519685 
vn 0.023622 -0.858268 0.519685 
vn -0.417323 -0.897638 0.125984 
vn -0.409449 -0.913386 0.015748 
vn -0.417323 -0.897638 0.125984 
vn -0.393701 -0.889764 0.23622 
vn -0.393701 -0.889764 0.23622 
vn -0.346457 -0.874016 0.330709 
vn -0.346457 -0.874016 0.330709 
vn -0.188976 -0.858268 0.472441 
vn -0.275591 -0.866142 0.409449 
vn -0.188976 -0.858268 0.472441 
vn -0.275591 -0.866142 0.409449 
vn -0.0866142 -0.858268 0.511811 
vn -0.0866142 -0.858268 0.511811 
vn 0.023622 -0.858268 0.519685 
vn -0.0866142 -0.858268 0.511811 
vn 0.023622 -0.858268 0.519685 
vn -0.307087 -0.937008 -0.173228 
vn -0.370079 -0.92126 -0.0866142 
vn -0.370079 -0.92126 -0.0866142 
vn -0.692913 0.606299 0.385827 
vn -0.606299 0.488189 0.629921 
vn -0.76378 0.472441 0.448819 
vn -0.551181 0.622047 0.551181 
vn -0.787402 0.582677 0.19685 
vn -0.76378 0.472441 0.448819 
vn -0.866142 0.440945 0.23622 
vn -0.692913 0.606299 0.385827 
vn -0.826772 0.559055 -0.015748 
vn -0.866142 0.440945 0.23622 
vn -0.905512 0.417323 0 
vn -0.787402 0.582677 0.19685 
vn 0.0472441 0.645669 0.76378 
vn 0.165354 0.503937 0.84252 
vn 0.0472441 0.519685 0.858268 
vn 0.15748 0.645669 0.748031 
vn -0.188976 0.511811 0.834646 
vn 0.0472441 0.645669 0.76378 
vn -0.173228 0.645669 0.740157 
vn 0.496063 -0.850394 0.188976 
vn 0.220472 -0.944882 0.244094 
vn 0.519685 -0.795276 0.307087 
vn 0.496063 -0.850394 0.188976 
vn 0.779528 -0.574803 0.23622 
vn 0.92126 -0.299213 0.23622 
vn 0.15748 0.645669 0.748031 
vn 0.283465 0.511811 0.811024 
vn 0.165354 0.503937 0.84252 
vn 0.259843 0.645669 0.716535 
vn 0.669291 -0.574803 0.464567 
vn 0.346457 -0.826772 0.440945 
vn 0.338583 -0.826772 0.440945 
vn 0.259843 0.645669 0.716535 
vn 0.488189 0.511811 0.708661 
vn 0.283465 0.511811 0.811024 
vn 0.433071 0.653543 0.622047 
vn 0.0787402 0.645669 0.755906 
vn -0.244094 0.811024 0.527559 
vn -0.23622 0.818898 0.527559 
vn -0.527559 0.677165 0.511811 
vn -0.661417 0.661417 0.362205 
vn -0.527559 0.677165 0.511811 
vn -0.661417 0.661417 0.362205 
vn -0.354331 0.692913 0.629921 
vn -0.527559 0.677165 0.511811 
vn -0.354331 0.692913 0.629921 
vn -0.527559 0.677165 0.511811 
vn -0.748031 0.637795 0.173228 
vn -0.661417 0.661417 0.362205 
vn -0.748031 0.637795 0.173228 
vn -0.661417 0.661417 0.362205 
vn -0.889764 0.393701 -0.228346 
vn -0.826772 0.559055 -0.015748 
vn -0.905512 0.417323 0 
vn -0.811024 0.535433 -0.228346 
vn -0.811024 0.362205 -0.456693 
vn -0.889764 0.393701 -0.228346 
vn -0.740157 0.511811 -0.433071 
vn -0.677165 0.346457 -0.653543 
vn -0.622047 0.488189 -0.614173 
vn -0.811024 0.362205 -0.456693 
vn 0.0866142 -0.952756 -0.299213 
vn -0.023622 -0.952756 -0.307087 
vn -0.023622 -0.952756 -0.307087 
vn 0.0866142 -0.952756 -0.299213 
vn 0.141732 -0.944882 -0.291339 
vn 0.0866142 -0.952756 -0.299213 
vn 0.141732 -0.944882 -0.291339 
vn 0.188976 -0.944882 -0.267717 
vn 0.188976 -0.944882 -0.267717 
vn 0.23622 -0.944882 -0.244094 
vn 0.23622 -0.944882 -0.244094 
vn 0.338583 -0.92126 -0.181102 
vn 0.338583 -0.92126 -0.181102 
vn 0.464567 -0.874016 -0.149606 
vn 0.590551 -0.80315 -0.102362 
vn 0.464567 -0.874016 -0.149606 
vn -0.409449 -0.913386 0.015748 
vn -0.370079 -0.92126 -0.0866142 
vn -0.370079 -0.92126 -0.0866142 
vn -0.409449 -0.913386 0.015748 
vn -0.307087 -0.937008 -0.173228 
vn -0.307087 -0.937008 -0.173228 
vn -0.228346 -0.944882 -0.244094 
vn -0.228346 -0.944882 -0.244094 
vn -0.125984 -0.944882 -0.291339 
vn -0.125984 -0.944882 -0.291339 
vn -0.023622 -0.952756 -0.307087 
vn -0.023622 -0.952756 -0.307087 
vn -0.787402 0.614173 -0.023622 
vn -0.748031 0.637795 0.173228 
vn -0.787402 0.614173 -0.023622 
vn -0.748031 0.637795 0.173228 
vn -0.677165 0.346457 -0.653543 
vn -0.456693 0.472441 -0.755906 
vn -0.622047 0.488189 -0.614173 
vn -0.496063 0.322835 -0.80315 
vn -0.771654 0.590551 -0.228346 
vn -0.787402 0.614173 -0.023622 
vn -0.787402 0.614173 -0.023622 
vn -0.771654 0.590551 -0.228346 
vn -0.354331 0.692913 0.629921 
vn -0.165354 0.700787 0.700787 
vn -0.354331 0.692913 0.629921 
vn -0.165354 0.700787 0.700787 
vn 0.0472441 0.700787 0.716535 
vn 0.0472441 0.700787 0.716535 
vn 0.0472441 0.700787 0.716535 
vn 0.149606 0.692913 0.700787 
vn 0.0472441 0.700787 0.716535 
vn 0.149606 0.692913 0.700787 
vn 0.244094 0.692913 0.677165 
vn 0.244094 0.692913 0.677165 
vn -0.496063 0.322835 -0.80315 
vn -0.259843 0.464567 -0.850394 
vn -0.456693 0.472441 -0.755906 
vn -0.283465 0.314961 -0.905512 
vn -0.700787 0.566929 -0.425197 
vn -0.771654 0.590551 -0.228346 
vn -0.771654 0.590551 -0.228346 
vn -0.700787 0.566929 -0.425197 
vn 0.393701 0.708661 0.582677 
vn 0.244094 0.692913 0.677165 
vn 0.393701 0.708661 0.590551 
vn 0.244094 0.692913 0.677165 
vn 0.645669 0.543307 0.535433 
vn 0.488189 0.511811 0.708661 
vn 0.535433 0.708661 0.456693 
vn 0.433071 0.653543 0.622047 
vn -0.590551 0.551181 -0.590551 
vn -0.700787 0.566929 -0.425197 
vn -0.700787 0.566929 -0.425197 
vn -0.590551 0.551181 -0.590551 
vn 0.188976 0.314961 -0.929134 
vn -0.0472441 0.456693 -0.889764 
vn -0.0472441 0.307087 -0.952756 
vn 0.173228 0.464567 -0.874016 
vn -0.212598 -0.968504 -0.149606 
vn -0.0787402 -0.992126 -0.0393701 
vn 0.80315 -0.519685 0.299213 
vn 0.299213 0.307087 -0.905512 
vn 0.409449 0.322835 -0.850394 
vn 0.275591 0.464567 -0.84252 
vn 0.377953 0.472441 -0.80315 
vn -0.590551 0.551181 -0.590551 
vn -0.433071 0.535433 -0.724409 
vn -0.590551 0.551181 -0.590551 
vn -0.433071 0.535433 -0.724409 
vn 0.511811 0.322835 -0.795276 
vn 0.598425 0.338583 -0.724409 
vn 0.472441 0.472441 -0.748031 
vn 0.543307 0.488189 -0.685039 
vn 0.409449 0.322835 -0.850394 
vn 0.511811 0.322835 -0.795276 
vn 0.377953 0.472441 -0.80315 
vn 0.472441 0.472441 -0.748031 
vn -0.19685 -0.937008 0.291339 
vn 0.496063 -0.850394 0.188976 
vn 0.826772 -0.511811 0.23622 
vn -0.19685 -0.937008 0.291339 
vn -0.275591 -0.88189 0.385827 
vn -0.433071 0.535433 -0.724409 
vn -0.244094 0.527559 -0.818898 
vn -0.433071 0.535433 -0.724409 
vn -0.244094 0.527559 -0.818898 
vn -0.708661 -0.11811 0.692913 
vn -0.692913 -0.110236 0.716535 
vn -0.0314961 0.15748 0.984252 
vn -0.0551181 0.149606 0.984252 
vn 0.590551 -0.771654 0.23622 
vn -0.212598 -0.968504 -0.149606 
vn 0.80315 -0.519685 0.299213 
vn -0.244094 0.527559 -0.818898 
vn -0.0472441 0.519685 -0.850394 
vn -0.244094 0.527559 -0.818898 
vn -0.0472441 0.519685 -0.850394 
vn 0.677165 0.354331 -0.637795 
vn 0.716535 0.433071 -0.543307 
vn 0.606299 0.527559 -0.598425 
vn 0.590551 0.622047 -0.511811 
vn 0.606299 0.527559 -0.598425 
vn 0.598425 0.338583 -0.724409 
vn 0.543307 0.488189 -0.685039 
vn 0.488189 0.76378 0.425197 
vn 0.393701 0.708661 0.582677 
vn 0.480315 0.755906 0.440945 
vn 0.393701 0.708661 0.590551 
vn 0.448819 0.535433 -0.716535 
vn 0.496063 0.551181 -0.669291 
vn 0.448819 0.535433 -0.716535 
vn 0.496063 0.551181 -0.669291 
vn 0.354331 0.527559 -0.771654 
vn 0.354331 0.527559 -0.771654 
vn 0.259843 0.519685 -0.811024 
vn 0.354331 0.527559 -0.771654 
vn 0.259843 0.519685 -0.811024 
vn 0.354331 0.527559 -0.771654 
vn 0.15748 0.519685 -0.834646 
vn 0.15748 0.519685 -0.834646 
vn -0.0472441 0.519685 -0.850394 
vn -0.0472441 0.519685 -0.850394 
vn 0.527559 0.598425 -0.606299 
vn 0.496063 0.551181 -0.669291 
vn 0.519685 0.598425 -0.606299 
vn 0.496063 0.551181 -0.669291 
vn 0.606299 0.795276 -0.023622 
vn 0.551181 0.488189 -0.677165 
vn 0.535433 0.456693 -0.708661 
vn 0.598425 0.80315 0.015748 
vn 0.716535 0.700787 0 
vn 0.582677 0.385827 -0.716535 
vn 0.716535 0.692913 -0.023622 
vn 0.598425 0.409449 -0.692913 
vn 0.716535 0.692913 -0.023622 
vn 0.425197 0.590551 0.692913 
vn 0.716535 0.700787 0 
vn 0.425197 0.590551 0.685039 
vn 0.614173 0.755906 0.23622 
vn 0.645669 0.543307 0.535433 
vn 0.503937 0.818898 0.267717 
vn 0.535433 0.708661 0.456693 
vn 0.440945 0.716535 -0.535433 
vn 0.527559 0.598425 -0.606299 
vn 0.440945 0.724409 -0.535433 
vn 0.519685 0.598425 -0.606299 
vn 0.346457 -0.937008 0.0866142 
vn 0.291339 -0.952756 0.102362 
vn 0.614173 -0.771654 0.173228 
vn 0.645669 -0.740157 0.188976 
vn 0.141732 -0.992126 0 
vn 0.291339 -0.952756 0.102362 
vn 0.173228 -0.984252 -0.023622 
vn 0.188976 -0.976378 0.0787402 
vn 0.645669 -0.740157 0.188976 
vn 0.511811 -0.84252 0.181102 
vn 0.370079 -0.858268 0.354331 
vn 0.622047 -0.661417 0.417323 
vn 0.519685 -0.795276 0.307087 
vn 0.259843 -0.913386 0.299213 
vn -0.543307 0.732283 0.409449 
vn -0.590551 0.779528 0.204724 
vn -0.590551 0.787402 0.188976 
vn -0.535433 0.732283 0.417323 
vn -0.23622 0.818898 0.527559 
vn -0.244094 0.811024 0.527559 
vn 0.503937 0.834646 0.228346 
vn 0.488189 0.76378 0.425197 
vn 0.503937 0.826772 0.244094 
vn 0.480315 0.755906 0.440945 
vn 0.606299 0.795276 -0.023622 
vn 0.307087 0.653543 0.692913 
vn 0.598425 0.80315 0.015748 
vn 0.307087 0.653543 0.685039 
vn 0.519685 -0.795276 0.307087 
vn 0.220472 -0.944882 0.244094 
vn 0.259843 -0.913386 0.299213 
vn 0.0944882 -0.952756 0.283465 
vn 0.00787402 -1 0.00787402 
vn -0.0708661 -1 0.0551181 
vn -0.0393701 -1 0.0551181 
vn 0 -1 0 
vn 0.023622 -1 0.0314961 
vn -0.173228 -0.984252 0.0787402 
vn -0.110236 -0.992126 0.0787402 
vn -0.0708661 -1 0.0551181 
vn 0 -1 0.0708661 
vn 0.102362 -0.992126 -0.015748 
vn -0.110236 -0.992126 0.0787402 
vn 0.11811 -0.992126 0.023622 
vn -0.015748 -1 0.0787402 
vn 0.11811 -0.992126 0.0629921 
vn -0.15748 -0.984252 0.0787402 
vn -0.0472441 -0.992126 0.0866142 
vn 0.110236 -0.992126 0.0944882 
vn 0.11811 -0.992126 0.0629921 
vn 0.102362 -0.984252 0.141732 
vn -0.0551181 -0.992126 0.11811 
vn -0.15748 -0.984252 0.0787402 
vn 0.527559 0.771654 -0.354331 
vn 0.716535 0.433071 -0.543307 
vn 0.732283 0.606299 -0.314961 
vn 0.590551 0.622047 -0.511811 
vn -0.15748 -0.984252 0.110236 
vn 0.102362 -0.976378 0.173228 
vn 0.582677 -0.787402 0.212598 
vn 0.102362 -0.984252 0.141732 
vn 0.527559 -0.771654 0.354331 
vn -0.0393701 -0.992126 0.125984 
vn -0.15748 -0.984252 0.110236 
vn -0.244094 -0.968504 0.0787402 
vn -0.23622 -0.968504 0.0944882 
vn -0.15748 -0.984252 0.0787402 
vn -0.110236 -0.992126 0.0787402 
vn -0.173228 -0.984252 0.0787402 
vn -0.102362 -0.984252 0.125984 
vn -0.23622 -0.968504 0.0944882 
vn -0.15748 -0.976378 0.11811 
vn -0.0551181 -0.992126 0.133858 
vn -0.0393701 -0.992126 0.133858 
vn -0.023622 -0.984252 0.15748 
vn -0.015748 -0.992126 0.125984 
vn 0.102362 -0.976378 0.173228 
vn 0.0944882 -0.976378 0.204724 
vn -0.023622 -0.984252 0.15748 
vn -0.0629921 -0.976378 0.19685 
vn -0.0551181 -0.976378 0.19685 
vn -0.015748 -0.992126 0.149606 
vn 0.0708661 -0.968504 0.23622 
vn -0.0314961 -0.984252 0.188976 
vn -0.0314961 -0.984252 0.188976 
vn 0.0708661 -0.968504 0.23622 
vn 0.0314961 -0.96063 0.275591 
vn -0.023622 -0.976378 0.228346 
vn 0.0314961 -0.96063 0.275591 
vn 0 -0.952756 0.299213 
vn -0.0314961 -0.952756 0.299213 
vn 0 -0.968504 0.23622 
vn 0 -0.968504 0.23622 
vn -0.0472441 -0.952756 0.299213 
vn 0.00787402 -0.976378 0.228346 
vn 0.015748 -0.968504 0.23622 
vn 0.0944882 -0.96063 0.267717 
vn 0.15748 -0.944882 0.291339 
vn -0.0393701 -0.976378 0.228346 
vn -0.0551181 -0.976378 0.19685 
vn 0.00787402 -0.968504 0.244094 
vn -0.0393701 -0.968504 0.228346 
vn -0.0629921 -0.976378 0.19685 
vn 0 -0.968504 0.251969 
vn 0.00787402 -0.968504 0.244094 
vn 0.00787402 -0.976378 0.228346 
vn 0.015748 -0.968504 0.23622 
vn 0 -0.968504 0.251969 
vn 0.015748 -0.968504 0.23622 
vn 0.023622 -0.968504 0.244094 
vn -0.220472 -0.929134 -0.299213 
vn -0.212598 -0.968504 -0.149606 
vn 0.590551 -0.771654 0.23622 
vn 0.496063 -0.850394 0.188976 
vn -0.275591 -0.88189 0.385827 
vn 0.220472 -0.944882 0.244094 
vn -0.259843 -0.811024 0.519685 
vn -0.637795 -0.330709 -0.692913 
vn -0.637795 -0.330709 -0.692913 
vn 0.0314961 -0.15748 -0.984252 
vn 0.0551181 -0.149606 -0.984252 
vn 0.212598 -0.929134 0.299213 
vn 0.417323 -0.826772 0.370079 
vn 0.370079 -0.858268 0.354331 
vn 0.15748 -0.944882 0.291339 
vn 0.125984 -0.992126 0.023622 
vn 0.590551 -0.771654 0.23622 
vn 0.511811 -0.84252 0.181102 
vn 0.141732 -0.992126 0 
vn 0.0787402 -1 0.0393701 
vn 0.291339 -0.952756 0.102362 
vn 0.188976 -0.976378 0.0787402 
vn -0.425197 0.818898 -0.393701 
vn -0.228346 0.748031 -0.622047 
vn -0.228346 0.755906 -0.614173 
vn 0.0866142 0.629921 -0.771654 
vn 0.0866142 0.629921 -0.771654 
vn -0.433071 0.818898 -0.377953 
vn -0.527559 0.84252 -0.11811 
vn -0.527559 0.84252 -0.11811 
vn 0.503937 0.834646 0.228346 
vn 0.354331 0.937008 0.0629921 
vn 0.322835 0.944882 0.0472441 
vn 0.503937 0.826772 0.244094 
vn 0.188976 -0.976378 0.0787402 
vn 0.125984 -0.992126 0.023622 
vn 0.511811 -0.84252 0.181102 
vn 0.0944882 -0.992126 -0.0314961 
vn 0.0393701 -1 -0.0472441 
vn 0.188976 -0.976378 0.0787402 
vn 0.0787402 -1 0.0393701 
vn 0.023622 -0.968504 0.244094 
vn 0.212598 -0.929134 0.299213 
vn 0.15748 -0.944882 0.291339 
vn 0.015748 -0.968504 0.23622 
vn 0.0944882 -0.96063 0.267717 
vn 0.00787402 -0.952756 0.299213 
vn 0.00787402 -0.976378 0.228346 
vn -0.0472441 -0.952756 0.299213 
vn 0.259843 -0.913386 0.299213 
vn 0.0944882 -0.952756 0.283465 
vn 0.0944882 -0.96063 0.267717 
vn 0.00787402 -0.952756 0.299213 
vn 0.125984 -0.992126 0.023622 
vn -0.220472 -0.929134 -0.299213 
vn 0.590551 -0.771654 0.23622 
vn -0.102362 -0.905512 -0.409449 
vn 0.535433 0.456693 -0.708661 
vn 0.551181 0.488189 -0.677165 
vn 0.173228 -0.11811 -0.976378 
vn 0.15748 -0.141732 -0.976378 
vn 0.15748 -0.944882 0.291339 
vn 0.370079 -0.858268 0.354331 
vn 0.259843 -0.913386 0.299213 
vn 0.0944882 -0.96063 0.267717 
vn 0.173228 0.937008 -0.314961 
vn 0.440945 0.716535 -0.535433 
vn 0.220472 0.905512 -0.354331 
vn 0.440945 0.724409 -0.535433 
vn 0.598425 0.409449 -0.692913 
vn 0.110236 -0.141732 -0.984252 
vn 0.582677 0.385827 -0.716535 
vn 0.125984 -0.125984 -0.984252 
vn 0.220472 -0.944882 0.244094 
vn -0.259843 -0.811024 0.519685 
vn 0.0944882 -0.952756 0.283465 
vn -0.275591 -0.755906 0.598425 
vn -0.527559 0.84252 -0.11811 
vn -0.590551 0.787402 0.188976 
vn -0.590551 0.779528 0.204724 
vn -0.527559 0.84252 -0.11811 
vn 0.425197 0.590551 0.685039 
vn -0.110236 0.141732 0.984252 
vn 0.425197 0.590551 0.692913 
vn -0.125984 0.125984 0.984252 
vn 0.0629921 -0.992126 -0.0787402 
vn 0.141732 -0.992126 0 
vn 0.173228 -0.984252 -0.023622 
vn 0.0551181 -1 -0.0472441 
vn 0.0472441 -1 -0.0314961 
vn 0.0629921 -0.992126 -0.0787402 
vn 0.0393701 -1 -0.0472441 
vn 0.0472441 -1 0.015748 
vn 0.0314961 -1 0.015748 
vn 0 -1 0 
vn 0.0787402 -0.992126 -0.0393701 
vn 0.0393701 -1 -0.0551181 
vn 0.0787402 -1 0.0393701 
vn 0.0551181 -1 -0.0472441 
vn 0.141732 -0.992126 0 
vn -0.015748 -0.874016 -0.488189 
vn 0.0393701 -1 -0.0472441 
vn 0.125984 -0.866142 -0.488189 
vn 0.0787402 -0.992126 -0.0393701 
vn 0.267717 -0.858268 -0.433071 
vn 0.0393701 -1 -0.0472441 
vn 0.0314961 -1 0.015748 
vn 0.0787402 -1 0.0393701 
vn 0.102362 -0.992126 -0.015748 
vn 0.267717 -0.858268 -0.433071 
vn 0.393701 -0.850394 -0.346457 
vn 0.307087 0.653543 0.685039 
vn -0.15748 0.141732 0.976378 
vn 0.307087 0.653543 0.692913 
vn -0.173228 0.11811 0.976378 
vn 0.322835 0.929134 -0.173228 
vn 0.732283 0.606299 -0.314961 
vn 0.653543 0.748031 -0.125984 
vn 0.527559 0.771654 -0.354331 
vn 0.0944882 -0.952756 0.283465 
vn -0.275591 -0.755906 0.598425 
vn 0.00787402 -0.952756 0.299213 
vn -0.228346 -0.748031 0.622047 
vn 0.0944882 -0.992126 -0.0314961 
vn -0.102362 -0.905512 -0.409449 
vn 0.125984 -0.992126 0.023622 
vn -0.0629921 -0.866142 -0.488189 
vn -0.015748 -0.874016 -0.488189 
vn 0.0944882 -0.992126 -0.0314961 
vn 0.0393701 -1 -0.0472441 
vn 0.322835 -0.740157 0.582677 
vn 0.0314961 -0.96063 0.275591 
vn 0.188976 -0.732283 0.653543 
vn 0.0708661 -0.968504 0.23622 
vn 0 -0.952756 0.299213 
vn 0.188976 -0.732283 0.653543 
vn 0.0314961 -0.732283 0.677165 
vn -0.11811 -0.732283 0.669291 
vn -0.0314961 -0.952756 0.299213 
vn -0.0472441 -0.952756 0.299213 
vn -0.204724 -0.716535 0.669291 
vn -0.228346 -0.748031 0.622047 
vn 0.00787402 -0.952756 0.299213 
vn 0.267717 -0.952756 0.110236 
vn 0.267717 -0.952756 0.110236 
vn 0.267717 -0.952756 0.110236 
vn 0.267717 -0.952756 0.110236 
vn 0.267717 -0.952756 0.110236 
vn 0.267717 -0.952756 0.110236 
vn 0.267717 -0.952756 0.110236 
vn 0.267717 -0.952756 0.110236 
vn 0.440945 -0.755906 0.488189 
vn 0.0708661 -0.968504 0.23622 
vn 0.322835 -0.740157 0.582677 
vn 0.0944882 -0.976378 0.204724 
vn 0.0944882 -0.976378 0.204724 
vn 0.527559 -0.771654 0.354331 
vn 0.102362 -0.976378 0.173228 
vn 0.440945 -0.755906 0.488189 
vn 0.393701 -0.850394 -0.346457 
vn 0.11811 -0.992126 0.023622 
vn 0.496063 -0.834646 -0.228346 
vn 0.102362 -0.992126 -0.015748 
vn 0.11811 -0.992126 0.0629921 
vn 0.496063 -0.834646 -0.228346 
vn 0.566929 -0.818898 -0.0944882 
vn 0.102362 -0.984252 0.141732 
vn 0.590551 -0.80315 0.0551181 
vn 0.110236 -0.992126 0.0944882 
vn 0.582677 -0.787402 0.212598 
vn 0.110236 -0.992126 0.0944882 
vn 0.566929 -0.818898 -0.0944882 
vn 0.11811 -0.992126 0.0629921 
vn 0.590551 -0.80315 0.0551181 
vn -0.125984 0.984252 -0.102362 
vn -0.133858 0.992126 -0.0629921 
vn -0.267717 0.96063 -0.023622 
vn -0.275591 0.952756 -0.0944882 
vn 0.322835 0.944882 0.0472441 
vn 0.102362 0.992126 -0.102362 
vn 0.0866142 0.992126 -0.11811 
vn 0.354331 0.937008 0.0629921 
vn -0.11811 0.984252 -0.141732 
vn -0.125984 0.984252 -0.102362 
vn -0.275591 0.952756 -0.0944882 
vn -0.275591 0.944882 -0.165354 
vn -0.267717 0.952756 -0.110236 
vn -0.267717 0.952756 -0.110236 
vn -0.267717 0.952756 -0.110236 
vn -0.267717 0.952756 -0.110236 
vn -0.267717 0.952756 -0.110236 
vn -0.267717 0.952756 -0.110236 
vn -0.267717 0.952756 -0.110236 
vn -0.267717 0.952756 -0.110236 
vn -0.11811 0.976378 -0.173228 
vn -0.11811 0.984252 -0.141732 
vn -0.275591 0.944882 -0.165354 
vn -0.251969 0.937008 -0.23622 
vn -0.102362 0.968504 -0.212598 
vn -0.251969 0.937008 -0.23622 
vn -0.204724 0.929134 -0.291339 
vn -0.11811 0.976378 -0.173228 
vn -0.0787402 0.968504 -0.244094 
vn -0.204724 0.929134 -0.291339 
vn -0.149606 0.929134 -0.338583 
vn -0.102362 0.968504 -0.212598 
vn 0.614173 0.755906 0.23622 
vn 0.11811 0.992126 -0.0866142 
vn 0.614173 0.787402 0.0393701 
vn 0.503937 0.818898 0.267717 
vn 0.11811 0.992126 -0.0866142 
vn 0.653543 0.748031 -0.125984 
vn 0.614173 0.787402 0.0393701 
vn 0.322835 0.929134 -0.173228 
vn -0.0314961 1 0.0551181 
vn 0.00787402 1 0.0551181 
vn -0.0314961 1 0.0551181 
vn -0.165354 0.976378 -0.149606 
vn -0.165354 0.976378 -0.102362 
vn -0.165354 0.976378 -0.149606 
vn 0.0314961 1 0.0551181 
vn 0.0551181 1 0.0472441 
vn 0.0551181 1 0.0472441 
vn -0.149606 0.968504 -0.188976 
vn -0.165354 0.976378 -0.149606 
vn -0.165354 0.976378 -0.149606 
vn -0.149606 0.968504 -0.188976 
vn 0.0314961 1 0.0551181 
vn 0.00787402 1 0.0551181 
vn 0.00787402 1 0.0551181 
vn -0.0314961 1 0.0551181 
vn 0.0314961 1 0.0551181 
vn 0.0551181 1 0.0472441 
vn 0.0472441 1 0.0629921 
vn 0.0551181 1 0.0472441 
vn 0.0472441 1 0.0629921 
vn 0.0472441 0.992126 0.0866142 
vn -0.0944882 0.96063 -0.251969 
vn -0.125984 0.968504 -0.220472 
vn -0.0944882 0.96063 -0.251969 
vn -0.110236 0.992126 0.015748 
vn -0.141732 0.992126 -0.023622 
vn -0.141732 0.992126 -0.023622 
vn -0.15748 0.984252 -0.0629921 
vn -0.15748 0.984252 -0.0629921 
vn -0.165354 0.976378 -0.102362 
vn -0.165354 0.976378 -0.102362 
vn -0.165354 0.976378 -0.149606 
vn 0.0314961 0.96063 -0.275591 
vn -0.00787402 0.96063 -0.283465 
vn -0.00787402 0.96063 -0.283465 
vn -0.0787402 1 0.0393701 
vn -0.0314961 1 0.0551181 
vn -0.0787402 1 0.0393701 
vn -0.0314961 1 0.0551181 
vn -0.110236 0.992126 0.015748 
vn -0.110236 0.992126 0.015748 
vn -0.141732 0.992126 -0.023622 
vn -0.15748 0.984252 -0.0629921 
vn -0.141732 0.992126 -0.023622 
vn -0.165354 0.976378 -0.102362 
vn -0.15748 0.984252 -0.0629921 
vn 0.15748 -0.141732 -0.976378 
vn 0.173228 -0.11811 -0.976378 
vn -0.307087 -0.653543 -0.685039 
vn -0.307087 -0.653543 -0.692913 
vn 0.0551181 0.96063 -0.267717 
vn 0.0787402 0.96063 -0.259843 
vn 0.0787402 0.96063 -0.259843 
vn 0.0551181 0.96063 -0.267717 
vn 0.0314961 0.96063 -0.275591 
vn 0.0314961 0.96063 -0.275591 
vn -0.00787402 0.96063 -0.283465 
vn 0.0944882 0.96063 -0.251969 
vn 0.0944882 0.96063 -0.251969 
vn 0.0551181 0.96063 -0.259843 
vn 0.0551181 0.96063 -0.259843 
vn -0.00787402 0.968504 -0.244094 
vn -0.00787402 0.96063 -0.283465 
vn -0.0551181 0.96063 -0.267717 
vn -0.0551181 0.96063 -0.267717 
vn -0.00787402 0.96063 -0.283465 
vn -0.0944882 0.96063 -0.251969 
vn -0.0944882 0.96063 -0.251969 
vn -0.125984 0.968504 -0.220472 
vn -0.125984 0.968504 -0.220472 
vn -0.149606 0.968504 -0.188976 
vn -0.149606 0.968504 -0.188976 
vn 0.110236 -0.141732 -0.984252 
vn 0.125984 -0.125984 -0.984252 
vn -0.425197 -0.590551 -0.685039 
vn -0.425197 -0.590551 -0.692913 
vn 0.0472441 1 0.0629921 
vn 0.0472441 0.992126 0.0866142 
vn 0.0472441 0.992126 0.0944882 
vn -0.00787402 1 -0.015748 
vn -0.015748 1 -0.023622 
vn -0.244094 0.96063 -0.125984 
vn -0.015748 1 -0.023622 
vn -0.259843 0.96063 -0.125984 
vn 0.0551181 0.96063 -0.259843 
vn 0.0944882 0.96063 -0.251969 
vn 0.0944882 0.96063 -0.251969 
vn 0.0787402 0.96063 -0.259843 
vn 0.0787402 0.96063 -0.259843 
vn -0.00787402 0.968504 -0.244094 
vn -0.015748 0.968504 -0.244094 
vn -0.0944882 0.976378 -0.204724 
vn -0.0944882 0.976378 -0.204724 
vn -0.346457 0.937008 0.023622 
vn -0.141732 0.992126 0.0393701 
vn -0.15748 0.984252 0.110236 
vn -0.330709 0.944882 -0.023622 
vn 0.0866142 0.992126 -0.11811 
vn 0.173228 0.937008 -0.314961 
vn 0.220472 0.905512 -0.354331 
vn 0.102362 0.992126 -0.102362 
vn -0.0314961 0.968504 -0.23622 
vn -0.110236 0.944882 -0.307087 
vn -0.188976 0.937008 -0.307087 
vn 0 0.96063 -0.267717 
vn -0.173228 0.11811 0.976378 
vn -0.535433 -0.456693 0.708661 
vn -0.15748 0.141732 0.976378 
vn -0.551181 -0.488189 0.677165 
vn -0.0866142 0.92126 -0.370079 
vn -0.015748 0.92126 -0.385827 
vn 0 0.944882 -0.322835 
vn -0.0393701 0.96063 -0.291339 
vn 0.0551181 0.92126 -0.377953 
vn -0.149606 0.929134 -0.338583 
vn -0.0787402 0.968504 -0.244094 
vn -0.0866142 0.92126 -0.370079 
vn 0.0393701 0.944882 -0.322835 
vn 0.0551181 0.944882 -0.314961 
vn 0.0944882 0.92126 -0.370079 
vn 0.0472441 0.937008 -0.346457 
vn -0.00787402 0.952756 -0.307087 
vn -0.0393701 0.968504 -0.259843 
vn -0.00787402 0.952756 -0.307087 
vn -0.110236 0.96063 -0.259843 
vn 0.0551181 0.944882 -0.314961 
vn 0.015748 0.96063 -0.275591 
vn 0 0.96063 -0.267717 
vn 0.0314961 0.96063 -0.267717 
vn 0 0.944882 -0.322835 
vn -0.0393701 0.96063 -0.291339 
vn 0.015748 0.96063 -0.275591 
vn 0.023622 0.976378 -0.220472 
vn -0.0787402 0.968504 -0.244094 
vn 0 0.984252 -0.165354 
vn -0.0393701 0.96063 -0.291339 
vn 0.0472441 0.976378 -0.228346 
vn 0.0551181 0.976378 -0.204724 
vn 0.00787402 0.976378 -0.228346 
vn 0.0472441 0.984252 -0.188976 
vn 0.0629921 0.976378 -0.19685 
vn -0.00787402 0.984252 -0.181102 
vn 0 0.96063 -0.267717 
vn 0.00787402 0.976378 -0.228346 
vn -0.0314961 0.968504 -0.23622 
vn -0.0472441 0.976378 -0.19685 
vn 0.00787402 0.976378 -0.228346 
vn -0.0314961 0.968504 -0.23622 
vn -0.0708661 1 0.0314961 
vn -0.0551181 0.984252 0.165354 
vn -0.125984 0.984252 0.141732 
vn -0.0314961 1 0.0551181 
vn -0.0314961 0.992126 0.133858 
vn -0.0551181 1 0.0551181 
vn -0.125984 0.984252 0.141732 
vn -0.102362 0.992126 0.00787402 
vn -0.188976 0.976378 0.0944882 
vn -0.125984 0.992126 -0.023622 
vn -0.23622 0.968504 0.0393701 
vn -0.133858 0.992126 -0.0629921 
vn -0.23622 0.968504 0.0393701 
vn -0.267717 0.96063 -0.023622 
vn -0.00787402 1 -0.023622 
vn -0.0551181 1 0.0551181 
vn -0.0866142 0.992126 -0.0314961 
vn -0.0708661 1 0.0314961 
vn -0.00787402 1 -0.023622 
vn -0.0314961 1 -0.0314961 
vn -0.102362 0.992126 0.00787402 
vn -0.0472441 0.992126 0.0944882 
vn -0.0866142 0.992126 -0.0314961 
vn -0.141732 0.992126 0.0393701 
vn -0.0629921 0.992126 0.0787402 
vn -0.0314961 1 -0.0551181 
vn -0.0472441 1 0.015748 
vn -0.0629921 0.992126 0.0787402 
vn -0.0629921 0.992126 0.0629921 
vn -0.0944882 0.984252 0.15748 
vn -0.0472441 0.992126 0.0944882 
vn -0.0787402 0.984252 0.181102 
vn -0.15748 0.984252 0.110236 
vn -0.0472441 0.992126 0.0944882 
vn -0.141732 0.992126 0.0393701 
vn -0.0472441 1 0.015748 
vn -0.00787402 1 0.00787402 
vn 0.00787402 1 -0.023622 
vn 0.00787402 1 -0.023622 
vn 0 1 -0.0708661 
vn -0.102362 0.992126 0.00787402 
vn -0.0314961 1 -0.0551181 
vn -0.125984 0.992126 -0.023622 
vn 0 1 -0.0708661 
vn 0.0472441 0.992126 -0.0866142 
vn -0.133858 0.992126 -0.0629921 
vn 0.0629921 1 -0.0472441 
vn 0.00787402 1 -0.023622 
vn 0.0787402 0.992126 -0.0944882 
vn -0.125984 0.984252 -0.102362 
vn 0 0.96063 -0.267717 
vn -0.00787402 0.952756 -0.307087 
vn -0.110236 0.944882 -0.307087 
vn 0.0551181 0.944882 -0.314961 
vn -0.188976 0.937008 -0.307087 
vn -0.23622 0.92126 -0.314961 
vn -0.370079 0.858268 -0.362205 
vn -0.110236 0.944882 -0.307087 
vn -0.110236 0.944882 -0.307087 
vn -0.110236 0.96063 -0.259843 
vn -0.23622 0.92126 -0.314961 
vn -0.00787402 0.952756 -0.307087 
vn -0.0944882 0.976378 -0.204724 
vn -0.259843 0.952756 -0.149606 
vn -0.0944882 0.976378 -0.204724 
vn -0.559055 0.826772 -0.015748 
vn -0.330709 0.944882 -0.023622 
vn -0.346457 0.937008 0.023622 
vn -0.614173 0.787402 -0.0629921 
vn -0.125984 0.992126 0 
vn -0.0314961 0.992126 0.133858 
vn -0.0551181 1 0.0551181 
vn -0.0472441 1 0.0393701 
vn -0.259843 0.96063 -0.0472441 
vn -0.0866142 0.992126 -0.0314961 
vn -0.125984 0.992126 0 
vn -0.259843 0.96063 -0.0472441 
vn -0.212598 0.968504 -0.125984 
vn -0.480315 0.866142 -0.141732 
vn -0.125984 0.992126 0 
vn -0.0944882 0.992126 -0.110236 
vn -0.212598 0.968504 -0.125984 
vn -0.488189 0.818898 -0.291339 
vn -0.212598 0.968504 -0.125984 
vn -0.291339 0.929134 -0.23622 
vn -0.0314961 0.15748 0.984252 
vn 0.637795 0.330709 0.692913 
vn -0.0551181 0.149606 0.984252 
vn 0.637795 0.330709 0.692913 
vn -0.330709 0.944882 -0.023622 
vn -0.0866142 0.992126 -0.0314961 
vn -0.141732 0.992126 0.0393701 
vn -0.259843 0.96063 -0.0472441 
vn -0.23622 0.92126 -0.314961 
vn -0.251969 0.937008 -0.244094 
vn -0.448819 0.826772 -0.346457 
vn -0.110236 0.96063 -0.259843 
vn 0.015748 0.984252 -0.173228 
vn 0.0551181 0.976378 -0.204724 
vn 0.0629921 0.976378 -0.19685 
vn 0.015748 0.984252 -0.173228 
vn -0.417323 0.826772 -0.370079 
vn -0.228346 0.929134 -0.291339 
vn -0.188976 0.937008 -0.307087 
vn -0.370079 0.858268 -0.362205 
vn -0.110236 0.141732 0.984252 
vn -0.125984 0.125984 0.984252 
vn -0.598425 -0.409449 0.692913 
vn -0.582677 -0.385827 0.716535 
vn -0.716535 -0.700787 0 
vn -0.716535 -0.692913 0.023622 
vn -0.110236 0.96063 -0.259843 
vn -0.141732 0.976378 -0.173228 
vn -0.251969 0.937008 -0.244094 
vn -0.0393701 0.968504 -0.259843 
vn -0.251969 0.952756 -0.149606 
vn -0.385827 0.913386 -0.11811 
vn -0.259843 0.952756 -0.149606 
vn -0.0472441 0.976378 -0.19685 
vn -0.188976 0.937008 -0.307087 
vn -0.228346 0.929134 -0.291339 
vn -0.0314961 0.968504 -0.23622 
vn -0.606299 -0.795276 0.015748 
vn -0.307087 -0.653543 -0.692913 
vn -0.307087 -0.653543 -0.685039 
vn -0.598425 -0.80315 -0.015748 
vn -0.614173 0.787402 -0.0629921 
vn -0.259843 0.96063 -0.0472441 
vn -0.330709 0.944882 -0.023622 
vn -0.480315 0.866142 -0.141732 
vn -0.370079 0.858268 -0.362205 
vn -0.448819 0.826772 -0.346457 
vn -0.614173 0.661417 -0.433071 
vn -0.23622 0.92126 -0.314961 
vn -0.251969 0.937008 -0.244094 
vn -0.259843 0.952756 -0.15748 
vn -0.370079 0.905512 -0.204724 
vn -0.141732 0.976378 -0.173228 
vn -0.425197 -0.590551 -0.692913 
vn -0.425197 -0.590551 -0.685039 
vn -0.716535 -0.692913 0.023622 
vn -0.716535 -0.700787 0 
vn -0.370079 0.858268 -0.362205 
vn -0.629921 0.629921 -0.456693 
vn -0.417323 0.826772 -0.370079 
vn -0.614173 0.661417 -0.433071 
vn 0.015748 0.984252 -0.173228 
vn 0.00787402 0.992126 -0.141732 
vn 0 0.984252 -0.165354 
vn 0.023622 0.984252 -0.15748 
vn -0.102362 0.968504 -0.212598 
vn -0.0787402 0.968504 -0.244094 
vn -0.11811 0.976378 -0.173228 
vn 0.0472441 0.992126 -0.125984 
vn -0.11811 0.984252 -0.141732 
vn 0.0787402 0.992126 -0.110236 
vn 0.0787402 0.984252 -0.15748 
vn -0.11811 0.984252 -0.141732 
vn 0.0787402 0.992126 -0.0944882 
vn 0.110236 0.984252 -0.11811 
vn 0.102362 0.992126 -0.0787402 
vn 0.0472441 0.992126 -0.0866142 
vn 0.0629921 1 -0.0472441 
vn 0.110236 0.984252 -0.11811 
vn 0.0393701 1 -0.023622 
vn -0.00787402 1 0.00787402 
vn 0.0708661 0.992126 -0.0708661 
vn 0.0944882 0.984252 -0.133858 
vn 0.0708661 0.984252 -0.173228 
vn 0.023622 0.984252 -0.165354 
vn 0.023622 0.984252 -0.15748 
vn 0.0472441 0.992126 -0.125984 
vn 0.015748 0.984252 -0.173228 
vn 0.015748 0.984252 -0.173228 
vn 0 0.984252 -0.165354 
vn 0.0551181 0.976378 -0.204724 
vn 0.023622 0.976378 -0.220472 
vn -0.637795 0.708661 -0.307087 
vn -0.251969 0.937008 -0.244094 
vn -0.370079 0.905512 -0.204724 
vn -0.448819 0.826772 -0.346457 
vn -0.606299 -0.795276 0.015748 
vn -0.551181 -0.488189 0.677165 
vn -0.598425 -0.80315 -0.015748 
vn -0.535433 -0.456693 0.708661 
vn -0.385827 0.913386 -0.11811 
vn -0.259843 0.96063 -0.125984 
vn -0.244094 0.96063 -0.125984 
vn -0.559055 0.826772 -0.015748 
vn -0.913386 0.401575 -0.0629921 
vn -0.614173 0.787402 -0.0629921 
vn -0.897638 0.417323 -0.15748 
vn -0.370079 0.905512 -0.204724 
vn -0.354331 0.92126 -0.15748 
vn -0.527559 0.826772 -0.212598 
vn -0.259843 0.952756 -0.15748 
vn 0.0314961 -0.15748 -0.984252 
vn 0.708661 0.11811 -0.692913 
vn 0.0551181 -0.149606 -0.984252 
vn 0.692913 0.110236 -0.716535 
vn -0.259843 0.952756 -0.149606 
vn -0.0944882 0.976378 -0.204724 
vn -0.251969 0.952756 -0.149606 
vn -0.385827 0.913386 -0.11811 
vn -0.385827 0.913386 -0.11811 
vn -0.259843 0.96063 -0.125984 
vn -0.480315 0.850394 -0.19685 
vn -0.527559 0.826772 -0.212598 
vn -0.354331 0.92126 -0.15748 
vn -0.795276 0.551181 -0.244094 
vn -0.771654 0.559055 -0.299213 
vn -0.212598 0.968504 -0.125984 
vn -0.480315 0.866142 -0.141732 
vn -0.488189 0.818898 -0.291339 
vn -0.259843 -0.811024 0.519685 
vn -0.614173 -0.299213 0.724409 
vn -0.275591 -0.755906 0.598425 
vn -0.519685 -0.283465 0.80315 
vn -0.614173 -0.299213 0.724409 
vn -0.275591 -0.88189 0.385827 
vn -0.771654 -0.322835 0.543307 
vn -0.259843 -0.811024 0.519685 
vn -0.275591 -0.755906 0.598425 
vn -0.519685 -0.283465 0.80315 
vn -0.228346 -0.748031 0.622047 
vn -0.417323 -0.283465 0.866142 
vn -0.771654 -0.322835 0.543307 
vn -0.19685 -0.937008 0.291339 
vn -0.874016 -0.346457 0.330709 
vn -0.275591 -0.88189 0.385827 
vn -0.228346 -0.748031 0.622047 
vn -0.417323 -0.283465 0.866142 
vn -0.204724 -0.716535 0.669291 
vn -0.307087 -0.275591 0.913386 
vn 0.291339 -0.283465 0.913386 
vn 0.0314961 -0.732283 0.677165 
vn 0.0551181 -0.275591 0.96063 
vn 0.188976 -0.732283 0.653543 
vn 0.0314961 -0.732283 0.677165 
vn -0.188976 -0.275591 0.944882 
vn -0.11811 -0.732283 0.669291 
vn -0.874016 -0.346457 0.330709 
vn -0.102362 -0.968504 0.220472 
vn -0.92126 -0.377953 0.0944882 
vn -0.19685 -0.937008 0.291339 
vn -0.826772 -0.425197 -0.370079 
vn -0.905512 -0.401575 -0.141732 
vn -0.0629921 -0.992126 0.0866142 
vn -0.0787402 -0.992126 -0.0393701 
vn -0.102362 -0.968504 0.220472 
vn -0.0629921 -0.992126 0.0866142 
vn -0.92126 -0.377953 0.0944882 
vn -0.84252 0.472441 -0.267717 
vn -0.370079 0.905512 -0.204724 
vn -0.527559 0.826772 -0.212598 
vn -0.637795 0.708661 -0.307087 
vn 0.503937 -0.291339 0.811024 
vn 0.188976 -0.732283 0.653543 
vn 0.291339 -0.283465 0.913386 
vn 0.322835 -0.740157 0.582677 
vn -0.283465 -0.952756 0.102362 
vn 0.291339 -0.944882 0.165354 
vn 0.259843 -0.937008 0.244094 
vn 0.220472 -0.929134 0.307087 
vn 0.15748 -0.92126 0.354331 
vn 0.0866142 -0.913386 0.393701 
vn -0.267717 -0.96063 0.0551181 
vn 0.291339 -0.952756 0.0944882 
vn -0.259843 -0.968504 0.00787402 
vn 0.275591 -0.96063 0.015748 
vn 0.244094 -0.968504 -0.0551181 
vn 0.19685 -0.976378 -0.11811 
vn 0.125984 -0.976378 -0.15748 
vn -0.102362 -0.92126 0.370079 
vn 0.00787402 -0.913386 0.401575 
vn -0.0708661 -0.913386 0.401575 
vn -0.165354 -0.929134 0.338583 
vn -0.141732 -0.913386 0.370079 
vn -0.259843 -0.929134 0.267717 
vn -0.204724 -0.92126 0.330709 
vn -0.299213 -0.937008 0.173228 
vn -0.259843 -0.527559 0.80315 
vn -0.141732 -0.913386 0.370079 
vn -0.354331 -0.527559 0.771654 
vn -0.0708661 -0.913386 0.401575 
vn -0.165354 -0.519685 0.84252 
vn 0.0472441 -0.511811 0.858268 
vn 0.00787402 -0.913386 0.401575 
vn -0.685039 -0.448819 -0.566929 
vn -0.826772 -0.425197 -0.370079 
vn -0.0787402 -0.992126 -0.0393701 
vn -0.212598 -0.968504 -0.149606 
vn 0.685039 -0.307087 0.653543 
vn 0.322835 -0.740157 0.582677 
vn 0.503937 -0.291339 0.811024 
vn 0.440945 -0.755906 0.488189 
vn -0.811024 0.417323 -0.401575 
vn -0.929134 0.0866142 -0.354331 
vn -0.913386 0 -0.417323 
vn -0.818898 0.314961 -0.472441 
vn -0.614173 0.661417 -0.433071 
vn -0.818898 0.314961 -0.472441 
vn -0.629921 0.629921 -0.456693 
vn -0.220472 -0.929134 -0.299213 
vn -0.685039 -0.448819 -0.566929 
vn -0.212598 -0.968504 -0.149606 
vn -0.503937 -0.464567 -0.724409 
vn 0.440945 -0.755906 0.488189 
vn 0.685039 -0.307087 0.653543 
vn 0.527559 -0.771654 0.354331 
vn 0.826772 -0.330709 0.456693 
vn -0.102362 -0.905512 -0.409449 
vn -0.503937 -0.464567 -0.724409 
vn -0.220472 -0.929134 -0.299213 
vn -0.291339 -0.480315 -0.826772 
vn 0.582677 -0.787402 0.212598 
vn 0.527559 -0.771654 0.354331 
vn 0.826772 -0.330709 0.456693 
vn 0.905512 -0.354331 0.228346 
vn -0.0629921 -0.866142 -0.488189 
vn -0.291339 -0.480315 -0.826772 
vn -0.102362 -0.905512 -0.409449 
vn -0.173228 -0.480315 -0.858268 
vn -0.015748 -0.874016 -0.488189 
vn -0.173228 -0.480315 -0.858268 
vn -0.0629921 -0.866142 -0.488189 
vn -0.0551181 -0.488189 -0.874016 
vn -0.015748 -0.874016 -0.488189 
vn 0.188976 -0.480315 -0.858268 
vn 0.125984 -0.866142 -0.488189 
vn 0.590551 -0.80315 0.0551181 
vn 0.582677 -0.787402 0.212598 
vn 0.905512 -0.354331 0.228346 
vn 0.92126 -0.385827 -0.00787402 
vn -0.795276 0.472441 -0.370079 
vn -0.291339 0.929134 -0.23622 
vn -0.488189 0.818898 -0.291339 
vn -0.566929 0.771654 -0.299213 
vn 0.590551 -0.80315 0.0551181 
vn 0.874016 -0.409449 -0.244094 
vn 0.566929 -0.818898 -0.0944882 
vn 0.92126 -0.385827 -0.00787402 
vn -0.897638 0.417323 -0.15748 
vn -0.968504 -0.23622 -0.0944882 
vn -0.952756 -0.244094 -0.19685 
vn -0.913386 0.401575 -0.0629921 
vn 0.566929 -0.818898 -0.0944882 
vn 0.771654 -0.440945 -0.456693 
vn 0.496063 -0.834646 -0.228346 
vn 0.874016 -0.409449 -0.244094 
vn 0.614173 -0.456693 -0.637795 
vn 0.267717 -0.858268 -0.433071 
vn 0.393701 -0.850394 -0.346457 
vn 0.417323 -0.472441 -0.771654 
vn -0.283465 -0.952756 0.102362 
vn -0.779528 -0.614173 0.0944882 
vn -0.267717 -0.96063 0.0551181 
vn -0.755906 -0.645669 -0.0866142 
vn 0.496063 -0.834646 -0.228346 
vn 0.614173 -0.456693 -0.637795 
vn 0.393701 -0.850394 -0.346457 
vn 0.771654 -0.440945 -0.456693 
vn -0.708661 -0.661417 -0.259843 
vn -0.259843 -0.968504 0.00787402 
vn -0.755906 -0.645669 -0.0866142 
vn -0.267717 -0.96063 0.0551181 
vn -0.259843 -0.929134 0.267717 
vn -0.527559 -0.535433 0.653543 
vn -0.661417 -0.559055 0.503937 
vn -0.204724 -0.92126 0.330709 
vn -0.299213 -0.937008 0.173228 
vn -0.779528 -0.614173 0.0944882 
vn -0.283465 -0.952756 0.102362 
vn -0.755906 -0.582677 0.291339 
vn -0.204724 -0.92126 0.330709 
vn -0.440945 -0.543307 0.716535 
vn -0.527559 -0.535433 0.653543 
vn -0.165354 -0.929134 0.338583 
vn -0.141732 -0.913386 0.370079 
vn -0.354331 -0.527559 0.771654 
vn -0.299213 -0.937008 0.173228 
vn -0.661417 -0.559055 0.503937 
vn -0.755906 -0.582677 0.291339 
vn -0.259843 -0.929134 0.267717 
vn -0.92126 0.307087 -0.228346 
vn -0.480315 0.850394 -0.19685 
vn -0.677165 0.724409 -0.149606 
vn -0.795276 0.551181 -0.244094 
vn -0.598425 -0.669291 -0.433071 
vn -0.244094 -0.968504 -0.0708661 
vn -0.708661 -0.661417 -0.259843 
vn -0.259843 -0.968504 0.00787402 
vn 0.0866142 -0.913386 0.393701 
vn 0.0472441 -0.511811 0.858268 
vn 0.00787402 -0.913386 0.401575 
vn 0.251969 -0.519685 0.818898 
vn -0.188976 -0.275591 0.944882 
vn -0.19685 -0.173228 0.968504 
vn 0.0551181 -0.275591 0.96063 
vn 0.0551181 -0.173228 0.984252 
vn -0.11811 -0.732283 0.669291 
vn -0.307087 -0.275591 0.913386 
vn -0.204724 -0.716535 0.669291 
vn 0.251969 -0.519685 0.818898 
vn 0.299213 -0.173228 0.937008 
vn 0.0472441 -0.511811 0.858268 
vn -0.637795 -0.19685 0.740157 
vn -0.527559 -0.535433 0.653543 
vn -0.543307 -0.188976 0.818898 
vn -0.440945 -0.543307 0.716535 
vn -0.527559 -0.535433 0.653543 
vn -0.80315 -0.220472 0.551181 
vn -0.661417 -0.559055 0.503937 
vn -0.637795 -0.19685 0.740157 
vn -0.543307 -0.188976 0.818898 
vn -0.440945 -0.543307 0.716535 
vn -0.433071 -0.181102 0.88189 
vn -0.354331 -0.527559 0.771654 
vn -0.417323 -0.283465 0.866142 
vn -0.433071 -0.181102 0.88189 
vn -0.307087 -0.275591 0.913386 
vn -0.314961 -0.173228 0.929134 
vn -0.259843 -0.527559 0.80315 
vn -0.354331 -0.527559 0.771654 
vn -0.433071 -0.181102 0.88189 
vn 0.0472441 -0.511811 0.858268 
vn 0.0551181 -0.173228 0.984252 
vn -0.165354 -0.519685 0.84252 
vn -0.19685 -0.173228 0.968504 
vn -0.188976 -0.275591 0.944882 
vn -0.314961 -0.173228 0.929134 
vn -0.307087 -0.275591 0.913386 
vn -0.173228 -0.976378 -0.141732 
vn -0.0551181 -0.984252 -0.165354 
vn -0.244094 -0.968504 -0.0708661 
vn -0.102362 -0.976378 -0.173228 
vn 0.0551181 -0.984252 -0.181102 
vn -0.023622 -0.984252 -0.188976 
vn 0.354331 -0.685039 -0.637795 
vn 0.125984 -0.976378 -0.15748 
vn 0.165354 -0.692913 -0.700787 
vn -0.023622 -0.984252 -0.188976 
vn -0.0472441 -0.692913 -0.716535 
vn 0.527559 -0.669291 -0.519685 
vn 0.354331 -0.685039 -0.637795 
vn 0.19685 -0.976378 -0.11811 
vn -0.141732 -0.700787 -0.692913 
vn -0.0472441 -0.692913 -0.716535 
vn -0.0551181 -0.984252 -0.165354 
vn -0.102362 -0.976378 -0.173228 
vn -0.244094 -0.692913 -0.677165 
vn 0.15748 -0.92126 0.354331 
vn 0.251969 -0.519685 0.818898 
vn 0.0866142 -0.913386 0.393701 
vn 0.433071 -0.527559 0.732283 
vn -0.614173 -0.299213 0.724409 
vn -0.637795 -0.19685 0.740157 
vn -0.519685 -0.283465 0.80315 
vn -0.543307 -0.188976 0.818898 
vn -0.637795 -0.19685 0.740157 
vn -0.771654 -0.322835 0.543307 
vn -0.80315 -0.220472 0.551181 
vn -0.614173 -0.299213 0.724409 
vn -0.661417 -0.559055 0.503937 
vn -0.913386 -0.244094 0.330709 
vn -0.755906 -0.582677 0.291339 
vn -0.80315 -0.220472 0.551181 
vn -0.519685 -0.283465 0.80315 
vn -0.543307 -0.188976 0.818898 
vn -0.417323 -0.283465 0.866142 
vn -0.433071 -0.181102 0.88189 
vn -0.314961 -0.173228 0.929134 
vn -0.259843 -0.527559 0.80315 
vn -0.19685 -0.173228 0.968504 
vn -0.165354 -0.519685 0.84252 
vn -0.80315 -0.220472 0.551181 
vn -0.874016 -0.346457 0.330709 
vn -0.913386 -0.244094 0.330709 
vn -0.771654 -0.322835 0.543307 
vn -0.755906 -0.582677 0.291339 
vn -0.96063 -0.275591 0.0866142 
vn -0.779528 -0.614173 0.0944882 
vn -0.913386 -0.244094 0.330709 
vn 0.220472 -0.929134 0.307087 
vn 0.433071 -0.527559 0.732283 
vn 0.15748 -0.92126 0.354331 
vn 0.590551 -0.543307 0.598425 
vn -0.913386 -0.244094 0.330709 
vn -0.92126 -0.377953 0.0944882 
vn -0.96063 -0.275591 0.0866142 
vn -0.874016 -0.346457 0.330709 
vn -0.433071 -0.677165 -0.590551 
vn -0.173228 -0.976378 -0.141732 
vn -0.598425 -0.669291 -0.433071 
vn -0.244094 -0.968504 -0.0708661 
vn 0.590551 -0.543307 0.598425 
vn 0.259843 -0.937008 0.244094 
vn 0.708661 -0.566929 0.425197 
vn 0.220472 -0.929134 0.307087 
vn -0.779528 -0.614173 0.0944882 
vn -0.96063 -0.275591 0.0866142 
vn -0.755906 -0.645669 -0.0866142 
vn -0.937008 -0.299213 -0.165354 
vn -0.102362 -0.976378 -0.173228 
vn -0.433071 -0.677165 -0.590551 
vn -0.244094 -0.692913 -0.677165 
vn -0.173228 -0.976378 -0.141732 
vn -0.96063 -0.275591 0.0866142 
vn -0.92126 -0.377953 0.0944882 
vn -0.937008 -0.299213 -0.165354 
vn -0.905512 -0.401575 -0.141732 
vn 0.708661 -0.566929 0.425197 
vn 0.291339 -0.944882 0.165354 
vn 0.779528 -0.582677 0.228346 
vn 0.259843 -0.937008 0.244094 
vn 0.299213 -0.173228 0.937008 
vn 0.0551181 -0.275591 0.96063 
vn 0.0551181 -0.173228 0.984252 
vn 0.291339 -0.283465 0.913386 
vn -0.755906 -0.645669 -0.0866142 
vn -0.937008 -0.299213 -0.165354 
vn -0.708661 -0.661417 -0.259843 
vn -0.858268 -0.330709 -0.401575 
vn 0.779528 -0.582677 0.228346 
vn 0.291339 -0.952756 0.0944882 
vn 0.795276 -0.606299 0.023622 
vn 0.291339 -0.944882 0.165354 
vn -0.937008 -0.299213 -0.165354 
vn -0.905512 -0.401575 -0.141732 
vn -0.858268 -0.330709 -0.401575 
vn -0.826772 -0.425197 -0.370079 
vn 0.433071 -0.527559 0.732283 
vn 0.299213 -0.173228 0.937008 
vn 0.251969 -0.519685 0.818898 
vn 0.527559 -0.188976 0.826772 
vn 0.795276 -0.606299 0.023622 
vn 0.275591 -0.96063 0.015748 
vn 0.755906 -0.629921 -0.173228 
vn 0.291339 -0.952756 0.0944882 
vn 0.527559 -0.188976 0.826772 
vn 0.291339 -0.283465 0.913386 
vn 0.299213 -0.173228 0.937008 
vn 0.503937 -0.291339 0.811024 
vn 0.755906 -0.629921 -0.173228 
vn 0.244094 -0.968504 -0.0551181 
vn 0.661417 -0.653543 -0.362205 
vn 0.275591 -0.96063 0.015748 
vn 0.19685 -0.976378 -0.11811 
vn 0.661417 -0.653543 -0.362205 
vn 0.244094 -0.968504 -0.0551181 
vn 0.527559 -0.669291 -0.519685 
vn -0.708661 -0.661417 -0.259843 
vn -0.858268 -0.330709 -0.401575 
vn -0.598425 -0.669291 -0.433071 
vn -0.716535 -0.354331 -0.606299 
vn -0.858268 -0.330709 -0.401575 
vn -0.826772 -0.425197 -0.370079 
vn -0.716535 -0.354331 -0.606299 
vn -0.685039 -0.448819 -0.566929 
vn 0.590551 -0.543307 0.598425 
vn 0.527559 -0.188976 0.826772 
vn 0.433071 -0.527559 0.732283 
vn 0.716535 -0.204724 0.669291 
vn 0.716535 -0.204724 0.669291 
vn 0.503937 -0.291339 0.811024 
vn 0.527559 -0.188976 0.826772 
vn 0.685039 -0.307087 0.653543 
vn -0.84252 0.472441 -0.267717 
vn -0.929134 0.0866142 -0.354331 
vn -0.637795 0.708661 -0.307087 
vn -0.811024 0.417323 -0.401575 
vn -0.811024 0.417323 -0.401575 
vn -0.448819 0.826772 -0.346457 
vn -0.614173 0.661417 -0.433071 
vn -0.527559 -0.370079 -0.76378 
vn -0.598425 -0.669291 -0.433071 
vn -0.716535 -0.354331 -0.606299 
vn -0.433071 -0.677165 -0.590551 
vn -0.503937 -0.464567 -0.724409 
vn -0.716535 -0.354331 -0.606299 
vn -0.685039 -0.448819 -0.566929 
vn -0.527559 -0.370079 -0.76378 
vn 0.716535 -0.204724 0.669291 
vn 0.590551 -0.543307 0.598425 
vn 0.858268 -0.228346 0.464567 
vn 0.708661 -0.566929 0.425197 
vn 0.685039 -0.307087 0.653543 
vn 0.716535 -0.204724 0.669291 
vn 0.826772 -0.330709 0.456693 
vn 0.858268 -0.228346 0.464567 
vn -0.661417 0.740157 -0.133858 
vn -0.661417 0.740157 -0.133858 
vn -0.661417 0.740157 -0.133858 
vn -0.661417 0.740157 -0.133858 
vn -0.661417 0.740157 -0.133858 
vn -0.661417 0.740157 -0.133858 
vn -0.661417 0.740157 -0.133858 
vn -0.661417 0.740157 -0.133858 
vn -0.299213 -0.385827 -0.874016 
vn -0.433071 -0.677165 -0.590551 
vn -0.527559 -0.370079 -0.76378 
vn -0.244094 -0.692913 -0.677165 
vn 0.417323 -0.472441 -0.771654 
vn 0.125984 -0.866142 -0.488189 
vn 0.267717 -0.858268 -0.433071 
vn 0.188976 -0.480315 -0.858268 
vn 0.19685 -0.385827 -0.897638 
vn -0.0551181 -0.488189 -0.874016 
vn -0.0551181 -0.385827 -0.92126 
vn -0.291339 -0.480315 -0.826772 
vn -0.527559 -0.370079 -0.76378 
vn -0.503937 -0.464567 -0.724409 
vn -0.299213 -0.385827 -0.874016 
vn 0.858268 -0.228346 0.464567 
vn 0.708661 -0.566929 0.425197 
vn 0.937008 -0.259843 0.228346 
vn 0.779528 -0.582677 0.228346 
vn 0.826772 -0.330709 0.456693 
vn 0.858268 -0.228346 0.464567 
vn 0.905512 -0.354331 0.228346 
vn 0.937008 -0.259843 0.228346 
vn -0.0551181 -0.385827 -0.92126 
vn -0.141732 -0.700787 -0.692913 
vn -0.181102 -0.385827 -0.905512 
vn -0.0472441 -0.692913 -0.716535 
vn -0.181102 -0.385827 -0.905512 
vn -0.244094 -0.692913 -0.677165 
vn -0.299213 -0.385827 -0.874016 
vn -0.141732 -0.700787 -0.692913 
vn 0.937008 -0.259843 0.228346 
vn 0.779528 -0.582677 0.228346 
vn 0.96063 -0.283465 -0.023622 
vn 0.795276 -0.606299 0.023622 
vn -0.0551181 -0.488189 -0.874016 
vn -0.181102 -0.385827 -0.905512 
vn -0.173228 -0.480315 -0.858268 
vn -0.0551181 -0.385827 -0.92126 
vn -0.173228 -0.480315 -0.858268 
vn -0.299213 -0.385827 -0.874016 
vn -0.291339 -0.480315 -0.826772 
vn -0.181102 -0.385827 -0.905512 
vn 0.433071 -0.377953 -0.818898 
vn 0.188976 -0.480315 -0.858268 
vn 0.417323 -0.472441 -0.771654 
vn 0.19685 -0.385827 -0.897638 
vn 0.165354 -0.692913 -0.700787 
vn -0.0551181 -0.385827 -0.92126 
vn -0.0472441 -0.692913 -0.716535 
vn 0.905512 -0.354331 0.228346 
vn 0.937008 -0.259843 0.228346 
vn 0.92126 -0.385827 -0.00787402 
vn 0.96063 -0.283465 -0.023622 
vn 0.96063 -0.283465 -0.023622 
vn 0.755906 -0.629921 -0.173228 
vn 0.913386 -0.314961 -0.267717 
vn 0.795276 -0.606299 0.023622 
vn -0.80315 -0.559055 -0.19685 
vn -0.952756 -0.244094 -0.19685 
vn -0.968504 -0.23622 -0.0944882 
vn -0.826772 -0.519685 -0.228346 
vn 0.354331 -0.685039 -0.637795 
vn 0.19685 -0.385827 -0.897638 
vn 0.433071 -0.377953 -0.818898 
vn 0.165354 -0.692913 -0.700787 
vn 0.92126 -0.385827 -0.00787402 
vn 0.913386 -0.314961 -0.267717 
vn 0.874016 -0.409449 -0.244094 
vn 0.96063 -0.283465 -0.023622 
vn 0.913386 -0.314961 -0.267717 
vn 0.661417 -0.653543 -0.362205 
vn 0.80315 -0.338583 -0.488189 
vn 0.755906 -0.629921 -0.173228 
vn 0.527559 -0.669291 -0.519685 
vn 0.433071 -0.377953 -0.818898 
vn 0.637795 -0.362205 -0.677165 
vn 0.354331 -0.685039 -0.637795 
vn 0.80315 -0.338583 -0.488189 
vn 0.527559 -0.669291 -0.519685 
vn 0.637795 -0.362205 -0.677165 
vn 0.661417 -0.653543 -0.362205 
vn 0.874016 -0.409449 -0.244094 
vn 0.80315 -0.338583 -0.488189 
vn 0.771654 -0.440945 -0.456693 
vn 0.913386 -0.314961 -0.267717 
vn 0.637795 -0.362205 -0.677165 
vn 0.417323 -0.472441 -0.771654 
vn 0.614173 -0.456693 -0.637795 
vn 0.433071 -0.377953 -0.818898 
vn 0.771654 -0.440945 -0.456693 
vn 0.637795 -0.362205 -0.677165 
vn 0.614173 -0.456693 -0.637795 
vn 0.80315 -0.338583 -0.488189 
vn -0.84252 0.472441 -0.267717 
vn -0.527559 0.826772 -0.212598 
vn -0.952756 0.0866142 -0.283465 
vn -0.795276 0.551181 -0.244094 
vn -0.748031 0.653543 -0.133858 
vn -0.748031 0.653543 -0.133858 
vn -0.748031 0.653543 -0.133858 
vn -0.748031 0.653543 -0.133858 
vn -0.748031 0.653543 -0.133858 
vn -0.748031 0.653543 -0.133858 
vn -0.748031 0.653543 -0.133858 
vn -0.748031 0.653543 -0.133858 
vn -0.905512 0.228346 -0.354331 
vn -0.566929 0.771654 -0.299213 
vn -0.795276 0.472441 -0.370079 
vn -0.748031 0.590551 -0.299213 
vn -0.92126 0.307087 -0.228346 
vn -0.795276 0.566929 -0.212598 
vn -0.944882 0.181102 -0.267717 
vn -0.677165 0.724409 -0.149606 
vn -0.889764 -0.307087 -0.338583 
vn -0.952756 0.0866142 -0.283465 
vn -0.811024 -0.511811 -0.283465 
vn -0.92126 -0.299213 -0.259843 
vn -0.811024 -0.511811 -0.283465 
vn -0.779528 -0.543307 -0.307087 
vn -0.84252 -0.377953 -0.377953 
vn -0.787402 -0.566929 -0.251969 
vn -0.874016 -0.401575 -0.267717 
vn -0.811024 -0.511811 -0.283465 
vn -0.771654 -0.582677 -0.251969 
vn -0.779528 -0.543307 -0.307087 
vn -0.811024 -0.511811 -0.283465 
vn -0.787402 -0.566929 -0.251969 
vn -0.826772 -0.519685 -0.228346 
vn -0.787402 -0.566929 -0.251969 
vn -0.874016 -0.401575 -0.267717 
vn -0.889764 -0.330709 -0.307087 
vn -0.80315 -0.559055 -0.19685 
vn -0.826772 -0.519685 -0.228346 
vn -0.771654 -0.582677 -0.251969 
vn -0.929134 0.0787402 -0.354331 
vn -0.826772 -0.519685 -0.228346 
vn -0.952756 -0.244094 -0.19685 
vn -0.84252 0.472441 -0.267717 
vn -0.952756 0.0866142 -0.283465 
vn -0.889764 -0.307087 -0.338583 
vn -0.929134 0.0866142 -0.354331 
vn -0.84252 -0.377953 -0.377953 
vn -0.913386 0 -0.417323 
vn -0.889764 -0.307087 -0.338583 
vn -0.944882 0.181102 -0.267717 
vn -0.748031 0.590551 -0.299213 
vn -0.905512 0.228346 -0.354331 
vn -0.795276 0.566929 -0.212598 
vn -0.795276 0.472441 -0.370079 
vn -0.889764 -0.330709 -0.307087 
vn -0.929134 0.0787402 -0.354331 
vn -0.488189 0.818898 -0.291339 
vn -0.929134 0.0787402 -0.354331 
vn -0.771654 0.559055 -0.299213 
vn -0.480315 0.866142 -0.141732 
vn -0.897638 0.417323 -0.15748 
vn -0.614173 0.787402 -0.0629921 
vn -0.952756 -0.244094 -0.19685 
vn -0.771654 0.559055 -0.299213 
vn -0.897638 0.417323 -0.15748 
vn -0.929134 0.0787402 -0.354331 
vn -0.874016 -0.401575 -0.267717 
vn -0.905512 0.228346 -0.354331 
vn -0.889764 -0.330709 -0.307087 
vn -0.944882 0.181102 -0.267717 
vn -0.874016 -0.401575 -0.267717 
vn -0.92126 -0.299213 -0.259843 
vn -0.92126 0.307087 -0.228346 
vn -0.944882 0.181102 -0.267717 
vn -0.92126 -0.299213 -0.259843 
vn -0.952756 0.0866142 -0.283465 
vn -0.795276 0.551181 -0.244094 
vn -0.92126 0.307087 -0.228346 
vn 0.637795 0.330709 0.692913 
vn 0.637795 0.330709 0.692913 
vn 0.944882 0.314961 0.00787402 
vn 0.952756 0.314961 -0.015748 
vn 0.944882 0.314961 0.00787402 
vn 0.692913 0.110236 -0.716535 
vn 0.952756 0.314961 -0.015748 
vn 0.708661 0.11811 -0.692913 

vt 0.5 0.984722 
vt 0.374117 0.968149 
vt 0.5 0.984722 
vt 0.156083 0.842267 
vt 0.256814 0.91956 
vt 0.256814 0.91956 
vt 0.374117 0.968149 
vt 0.374117 0.968149 
vt 0.5 0.984722 
vt 0.625882 0.968149 
vt 0.5 0.984722 
vt 0.5 0.984722 
vt 0.625882 0.968149 
vt 0.743186 0.91956 
vt 0.743186 0.91956 
vt 0.743186 0.91956 
vt 0.843917 0.842267 
vt 0.843917 0.842267 
vt 0.743186 0.91956 
vt 0.921211 0.741536 
vt 0.843917 0.842267 
vt 0.843917 0.842267 
vt 0.843917 0.842267 
vt 0.921211 0.741536 
vt 0.921211 0.741536 
vt 0.9698 0.624232 
vt 0.9698 0.624232 
vt 0.986372 0.49835 
vt 0.9698 0.624232 
vt 0.9698 0.624232 
vt 0.078789 0.741536 
vt 0.030201 0.624232 
vt 0.078789 0.741536 
vt 0.030201 0.624232 
vt 0.013628 0.49835 
vt 0.013628 0.49835 
vt 0.030201 0.372468 
vt 0.030201 0.372468 
vt 0.054495 0.313816 
vt 0.054495 0.313816 
vt 0.078789 0.741536 
vt 0.156083 0.842267 
vt 0.156083 0.842267 
vt 0.256814 0.91956 
vt 0.156083 0.842267 
vt 0.256814 0.91956 
vt 0.374117 0.968149 
vt 0.986372 0.49835 
vt 0.986372 0.49835 
vt 0.978086 0.435409 
vt 0.978086 0.435409 
vt 0.9698 0.372468 
vt 0.9698 0.372468 
vt 0.945505 0.313816 
vt 0.945505 0.313816 
vt 0.921211 0.255164 
vt 0.921211 0.255164 
vt 0.9698 0.372468 
vt 0.978086 0.435409 
vt 0.978086 0.435409 
vt 0.945505 0.313816 
vt 0.9698 0.372468 
vt 0.921211 0.255164 
vt 0.945505 0.313816 
vt 0.921211 0.255164 
vt 0.882564 0.204798 
vt 0.882564 0.204798 
vt 0.156083 0.154433 
vt 0.078789 0.255164 
vt 0.078789 0.255164 
vt 0.054495 0.313816 
vt 0.054495 0.313816 
vt 0.030201 0.372468 
vt 0.030201 0.372468 
vt 0.843918 0.154433 
vt 0.882564 0.204798 
vt 0.882564 0.204798 
vt 0.843918 0.154433 
vt 0.975671 0.837617 
vt 0.971423 0.854608 
vt 0.971423 0.837617 
vt 0.975671 0.854608 
vt 0.967175 0.837617 
vt 0.971423 0.854608 
vt 0.967175 0.854608 
vt 0.971423 0.837617 
vt 0.401114 0.129302 
vt 0.36112 0.257802 
vt 0.42811 0.230053 
vt 0.308967 0.16747 
vt 0.598886 0.129302 
vt 0.638881 0.257802 
vt 0.691034 0.16747 
vt 0.57189 0.230053 
vt 0.57189 0.230053 
vt 0.5 0.116283 
vt 0.5 0.220589 
vt 0.598886 0.129302 
vt 0.308967 0.16747 
vt 0.303593 0.301943 
vt 0.36112 0.257802 
vt 0.229838 0.228188 
vt 0.401114 0.129302 
vt 0.28289 0.122305 
vt 0.308967 0.16747 
vt 0.387616 0.078926 
vt 0.691034 0.16747 
vt 0.612384 0.078926 
vt 0.598886 0.129302 
vt 0.71711 0.122305 
vt 0.5 0.220589 
vt 0.401114 0.129302 
vt 0.42811 0.230053 
vt 0.5 0.116283 
vt 0.5 0.116283 
vt 0.387616 0.078926 
vt 0.5 0.064131 
vt 0.638881 0.257802 
vt 0.770162 0.228188 
vt 0.691034 0.16747 
vt 0.843918 0.154433 
vt 0.743186 0.077139 
vt 0.71711 0.122305 
vt 0.80704 0.191311 
vt 0.71711 0.122305 
vt 0.770162 0.228188 
vt 0.691034 0.16747 
vt 0.066406 0.910304 
vt 0.072007 0.911041 
vt 0.072007 0.911041 
vt 0.066406 0.910304 
vt 0.060806 0.911041 
vt 0.066406 0.910304 
vt 0.066406 0.910304 
vt 0.060806 0.911041 
vt 0.5 0.011978 
vt 0.612384 0.078926 
vt 0.625882 0.02855 
vt 0.5 0.064131 
vt 0.598886 0.129302 
vt 0.612384 0.078926 
vt 0.5 0.116283 
vt 0.5 0.011978 
vt 0.374118 0.02855 
vt 0.387616 0.078926 
vt 0.5 0.064131 
vt 0.192961 0.191311 
vt 0.123955 0.28124 
vt 0.169121 0.307317 
vt 0.229838 0.228188 
vt 0.169121 0.307317 
vt 0.303593 0.301943 
vt 0.256814 0.077139 
vt 0.192961 0.191311 
vt 0.28289 0.122305 
vt 0.156083 0.154433 
vt 0.28289 0.122305 
vt 0.229838 0.228188 
vt 0.308967 0.16747 
vt 0.71711 0.122305 
vt 0.625882 0.02855 
vt 0.612384 0.078926 
vt 0.743186 0.077139 
vt 0.409615 0.588735 
vt 0.381051 0.617298 
vt 0.389301 0.562262 
vt 0.354318 0.582459 
vt 0.374118 0.02855 
vt 0.28289 0.122305 
vt 0.387616 0.078926 
vt 0.256814 0.077139 
vt 0.077226 0.913203 
vt 0.072007 0.911041 
vt 0.072007 0.911041 
vt 0.077226 0.913203 
vt 0.270246 0.630998 
vt 0.127873 0.598061 
vt 0.243742 0.567014 
vt 0.16636 0.690977 
vt 0.312406 0.685943 
vt 0.227584 0.770766 
vt 0.270246 0.630998 
vt 0.16636 0.690977 
vt 0.389301 0.562262 
vt 0.337513 0.541888 
vt 0.376531 0.531433 
vt 0.354318 0.582459 
vt 0.409615 0.588735 
vt 0.436088 0.609049 
vt 0.415891 0.644032 
vt 0.381051 0.617298 
vt 0.367351 0.728104 
vt 0.307373 0.83199 
vt 0.312406 0.685943 
vt 0.227584 0.770766 
vt 0.381051 0.617298 
vt 0.312406 0.685943 
vt 0.354318 0.582459 
vt 0.270246 0.630998 
vt 0.376531 0.531433 
vt 0.331781 0.49835 
vt 0.372176 0.49835 
vt 0.337513 0.541888 
vt 0.354318 0.582459 
vt 0.243742 0.567014 
vt 0.337513 0.541888 
vt 0.270246 0.630998 
vt 0.415891 0.644032 
vt 0.367351 0.728104 
vt 0.381051 0.617298 
vt 0.312406 0.685943 
vt 0.367351 0.728104 
vt 0.431336 0.754608 
vt 0.400289 0.870477 
vt 0.307373 0.83199 
vt 0.436088 0.609049 
vt 0.466917 0.621819 
vt 0.456462 0.660837 
vt 0.415891 0.644032 
vt 0.456462 0.660837 
vt 0.431336 0.754608 
vt 0.415891 0.644032 
vt 0.367351 0.728104 
vt 0.243742 0.567014 
vt 0.114746 0.49835 
vt 0.234702 0.49835 
vt 0.127873 0.598061 
vt 0.243742 0.429685 
vt 0.331781 0.49835 
vt 0.337513 0.454812 
vt 0.5 0.626174 
vt 0.456462 0.660837 
vt 0.466917 0.621819 
vt 0.5 0.666569 
vt 0.354318 0.41424 
vt 0.389301 0.434438 
vt 0.345915 0.434526 
vt 0.382916 0.449852 
vt 0.5 0.763647 
vt 0.400289 0.870477 
vt 0.431336 0.754608 
vt 0.5 0.883604 
vt 0.5 0.666569 
vt 0.5 0.763647 
vt 0.456462 0.660837 
vt 0.16636 0.305723 
vt 0.270245 0.365701 
vt 0.147117 0.352181 
vt 0.256994 0.397693 
vt 0.147117 0.352181 
vt 0.256994 0.397693 
vt 0.127873 0.398638 
vt 0.243742 0.429685 
vt 0.337513 0.541888 
vt 0.234702 0.49835 
vt 0.331781 0.49835 
vt 0.243742 0.567014 
vt 0.337513 0.454812 
vt 0.372176 0.49835 
vt 0.376531 0.465266 
vt 0.337513 0.454812 
vt 0.382916 0.449852 
vt 0.345915 0.434526 
vt 0.270245 0.365701 
vt 0.354318 0.41424 
vt 0.256994 0.397693 
vt 0.345915 0.434526 
vt 0.256994 0.397693 
vt 0.345915 0.434526 
vt 0.243742 0.429685 
vt 0.337513 0.454812 
vt 0.354995 0.582068 
vt 0.374997 0.531844 
vt 0.387925 0.563056 
vt 0.338269 0.541686 
vt 0.381604 0.616745 
vt 0.387925 0.563056 
vt 0.408491 0.589859 
vt 0.354995 0.582068 
vt 0.408491 0.589859 
vt 0.416282 0.643354 
vt 0.381604 0.616745 
vt 0.435294 0.610425 
vt 0.962181 0.875618 
vt 0.962181 0.959736 
vt 0.979602 0.917677 
vt 0.920121 0.977158 
vt 0.920121 0.858196 
vt 0.878062 0.959736 
vt 0.878062 0.875618 
vt 0.860641 0.917677 
vt 0.568665 0.754608 
vt 0.5 0.883604 
vt 0.5 0.763647 
vt 0.599711 0.870477 
vt 0.389301 0.434438 
vt 0.354318 0.41424 
vt 0.409615 0.407964 
vt 0.381051 0.379401 
vt 0.533083 0.621819 
vt 0.5 0.666569 
vt 0.5 0.626174 
vt 0.543538 0.660837 
vt 0.770162 0.228188 
vt 0.638881 0.257802 
vt 0.696407 0.301943 
vt 0.270245 0.365701 
vt 0.16636 0.305723 
vt 0.312406 0.310756 
vt 0.227584 0.225934 
vt 0.543538 0.660837 
vt 0.5 0.763647 
vt 0.5 0.666569 
vt 0.568665 0.754608 
vt 0.047666 0.921124 
vt 0.051105 0.916642 
vt 0.051105 0.916642 
vt 0.047666 0.921124 
vt 0.055586 0.913203 
vt 0.055586 0.913203 
vt 0.055586 0.913203 
vt 0.060806 0.911041 
vt 0.060806 0.911041 
vt 0.456664 0.660081 
vt 0.466506 0.623353 
vt 0.5 0.665787 
vt 0.5 0.627763 
vt 0.543336 0.660081 
vt 0.5 0.665787 
vt 0.5 0.627763 
vt 0.533495 0.623353 
vt 0.354318 0.41424 
vt 0.270245 0.365701 
vt 0.381051 0.379401 
vt 0.312406 0.310756 
vt 0.563912 0.609049 
vt 0.543538 0.660837 
vt 0.533083 0.621819 
vt 0.58411 0.644032 
vt 0.555843 0.289943 
vt 0.57189 0.230053 
vt 0.5 0.282591 
vt 0.5 0.220589 
vt 0.632649 0.728104 
vt 0.599711 0.870477 
vt 0.568665 0.754608 
vt 0.692628 0.83199 
vt 0.409615 0.407964 
vt 0.381051 0.379401 
vt 0.436088 0.387651 
vt 0.415891 0.352668 
vt 0.58411 0.644032 
vt 0.568665 0.754608 
vt 0.543538 0.660837 
vt 0.632649 0.728104 
vt 0.307373 0.16471 
vt 0.367351 0.268595 
vt 0.227584 0.225934 
vt 0.312406 0.310756 
vt 0.354995 0.414631 
vt 0.387925 0.433644 
vt 0.346632 0.434823 
vt 0.381461 0.449249 
vt 0.374997 0.464855 
vt 0.346632 0.434823 
vt 0.338269 0.455014 
vt 0.564707 0.610425 
vt 0.583719 0.643354 
vt 0.533495 0.623353 
vt 0.543336 0.660081 
vt 0.367351 0.268595 
vt 0.415891 0.352668 
vt 0.312406 0.310756 
vt 0.381051 0.379401 
vt 0.435294 0.610425 
vt 0.456664 0.660081 
vt 0.416282 0.643354 
vt 0.466506 0.623353 
vt 0.441928 0.556422 
vt 0.458937 0.569473 
vt 0.408491 0.589859 
vt 0.563912 0.609049 
vt 0.618949 0.617298 
vt 0.58411 0.644032 
vt 0.590386 0.588735 
vt 0.408491 0.589859 
vt 0.428876 0.539413 
vt 0.441928 0.556422 
vt 0.387925 0.563056 
vt 0.632649 0.728104 
vt 0.772416 0.770766 
vt 0.692628 0.83199 
vt 0.687594 0.685943 
vt 0.420672 0.519606 
vt 0.374997 0.531844 
vt 0.417874 0.49835 
vt 0.387925 0.563056 
vt 0.428876 0.539413 
vt 0.370587 0.49835 
vt 0.420672 0.477094 
vt 0.374997 0.464855 
vt 0.374997 0.531844 
vt 0.338269 0.541686 
vt 0.332563 0.49835 
vt 0.374997 0.464855 
vt 0.338269 0.455014 
vt 0.456462 0.335863 
vt 0.436088 0.387651 
vt 0.415891 0.352668 
vt 0.466917 0.374881 
vt 0.5 0.220589 
vt 0.444158 0.289943 
vt 0.5 0.282591 
vt 0.42811 0.230053 
vt 0.963427 0.873679 
vt 0.963427 0.95794 
vt 0.980878 0.915809 
vt 0.921297 0.856228 
vt 0.921297 0.975391 
vt 0.879166 0.873679 
vt 0.879166 0.95794 
vt 0.861715 0.915809 
vt 0.58411 0.644032 
vt 0.687594 0.685943 
vt 0.632649 0.728104 
vt 0.618949 0.617298 
vt 0.458937 0.569473 
vt 0.466506 0.623353 
vt 0.435294 0.610425 
vt 0.478744 0.577677 
vt 0.400289 0.126223 
vt 0.367351 0.268595 
vt 0.307373 0.16471 
vt 0.431336 0.242092 
vt 0.564707 0.610425 
vt 0.591509 0.589859 
vt 0.618396 0.616746 
vt 0.583719 0.643354 
vt 0.478744 0.577677 
vt 0.5 0.627763 
vt 0.466506 0.623353 
vt 0.5 0.580476 
vt 0.431336 0.242092 
vt 0.415891 0.352668 
vt 0.367351 0.268595 
vt 0.456462 0.335863 
vt 0.590386 0.588735 
vt 0.645682 0.582459 
vt 0.618949 0.617298 
vt 0.610699 0.562262 
vt 0.064186 0.615126 
vt 0.048812 0.49835 
vt 0.127873 0.598061 
vt 0.114746 0.49835 
vt 0.127873 0.598061 
vt 0.10926 0.723944 
vt 0.16636 0.690977 
vt 0.127873 0.398638 
vt 0.234702 0.49835 
vt 0.243742 0.429685 
vt 0.5 0.627763 
vt 0.5 0.580476 
vt 0.533495 0.623353 
vt 0.521256 0.577677 
vt 0.387925 0.433644 
vt 0.428876 0.457287 
vt 0.381461 0.449249 
vt 0.424774 0.46719 
vt 0.420672 0.477094 
vt 0.381461 0.449249 
vt 0.374997 0.464855 
vt 0.5 0.330131 
vt 0.466917 0.374881 
vt 0.456462 0.335863 
vt 0.5 0.370526 
vt 0.381604 0.379954 
vt 0.387925 0.433644 
vt 0.354995 0.414631 
vt 0.408491 0.406841 
vt 0.156083 0.154433 
vt 0.078789 0.255164 
vt 0.123955 0.28124 
vt 0.192961 0.191311 
vt 0.645005 0.582068 
vt 0.591509 0.589859 
vt 0.612075 0.563056 
vt 0.618396 0.616746 
vt 0.618949 0.617298 
vt 0.729755 0.630998 
vt 0.687594 0.685943 
vt 0.645682 0.582459 
vt 0.5 0.113096 
vt 0.431336 0.242092 
vt 0.400289 0.126223 
vt 0.5 0.233053 
vt 0.541063 0.569473 
vt 0.564707 0.610425 
vt 0.521256 0.577677 
vt 0.533495 0.623353 
vt 0.5 0.233053 
vt 0.456462 0.335863 
vt 0.431336 0.242092 
vt 0.5 0.330131 
vt 0.408491 0.406841 
vt 0.428876 0.457287 
vt 0.387925 0.433644 
vt 0.441928 0.440278 
vt 0.543538 0.335863 
vt 0.5 0.370526 
vt 0.5 0.330131 
vt 0.533083 0.374881 
vt 0.661732 0.541686 
vt 0.612075 0.563056 
vt 0.625003 0.531844 
vt 0.645005 0.582068 
vt 0.558072 0.556422 
vt 0.591509 0.589859 
vt 0.541063 0.569473 
vt 0.564707 0.610425 
vt 0.729755 0.630998 
vt 0.872127 0.598061 
vt 0.83364 0.690977 
vt 0.756258 0.567014 
vt 0.645682 0.582459 
vt 0.756258 0.567014 
vt 0.729755 0.630998 
vt 0.662487 0.541888 
vt 0.435294 0.386275 
vt 0.381604 0.379954 
vt 0.416282 0.353346 
vt 0.408491 0.406841 
vt 0.479739 0.518611 
vt 0.458937 0.569473 
vt 0.441928 0.556422 
vt 0.485673 0.523165 
vt 0.485673 0.523165 
vt 0.478744 0.577677 
vt 0.458937 0.569473 
vt 0.492584 0.526027 
vt 0.58411 0.352668 
vt 0.563912 0.387651 
vt 0.543538 0.335863 
vt 0.533083 0.374881 
vt 0.612075 0.563056 
vt 0.591509 0.589859 
vt 0.558072 0.556422 
vt 0.571124 0.539413 
vt 0.435294 0.386275 
vt 0.441928 0.440278 
vt 0.408491 0.406841 
vt 0.458937 0.427227 
vt 0.568664 0.242092 
vt 0.5 0.330131 
vt 0.5 0.233053 
vt 0.543538 0.335863 
vt 0.5 0.580476 
vt 0.5 0.527004 
vt 0.521256 0.577677 
vt 0.507416 0.526027 
vt 0.661732 0.541686 
vt 0.629413 0.49835 
vt 0.667437 0.49835 
vt 0.625003 0.531844 
vt 0.664584 0.476682 
vt 0.627208 0.481603 
vt 0.625003 0.464855 
vt 0.661732 0.455014 
vt 0.36112 0.257802 
vt 0.444158 0.289943 
vt 0.42811 0.230053 
vt 0.668219 0.49835 
vt 0.625647 0.481808 
vt 0.665353 0.476581 
vt 0.627824 0.49835 
vt 0.456664 0.336618 
vt 0.435294 0.386275 
vt 0.416282 0.353346 
vt 0.466506 0.373347 
vt 0.618949 0.379401 
vt 0.590386 0.407964 
vt 0.58411 0.352668 
vt 0.563912 0.387651 
vt 0.83364 0.690977 
vt 0.935814 0.615126 
vt 0.89074 0.723943 
vt 0.872127 0.598061 
vt 0.687594 0.685943 
vt 0.729755 0.630998 
vt 0.772416 0.770766 
vt 0.599711 0.126223 
vt 0.5 0.233053 
vt 0.5 0.113096 
vt 0.568664 0.242092 
vt 0.632649 0.268595 
vt 0.568664 0.242092 
vt 0.692628 0.16471 
vt 0.662487 0.454812 
vt 0.617084 0.449852 
vt 0.654085 0.434526 
vt 0.623469 0.465266 
vt 0.645682 0.41424 
vt 0.610699 0.434438 
vt 0.632316 0.396821 
vt 0.600542 0.421201 
vt 0.661732 0.455014 
vt 0.625003 0.464855 
vt 0.653368 0.434823 
vt 0.618539 0.449249 
vt 0.612075 0.433644 
vt 0.653368 0.434823 
vt 0.645005 0.414631 
vt 0.632316 0.396821 
vt 0.600542 0.421201 
vt 0.618949 0.379401 
vt 0.590386 0.407964 
vt 0.654085 0.434526 
vt 0.610699 0.434438 
vt 0.645682 0.41424 
vt 0.617084 0.449852 
vt 0.632649 0.268595 
vt 0.58411 0.352668 
vt 0.568664 0.242092 
vt 0.543538 0.335863 
vt 0.878691 0.448494 
vt 0.756258 0.429685 
vt 0.872127 0.398638 
vt 0.760778 0.464018 
vt 0.772416 0.225934 
vt 0.687594 0.310756 
vt 0.692628 0.16471 
vt 0.632649 0.268595 
vt 0.765298 0.49835 
vt 0.665353 0.476581 
vt 0.760778 0.464018 
vt 0.668219 0.49835 
vt 0.662487 0.541888 
vt 0.627824 0.49835 
vt 0.623469 0.531433 
vt 0.466506 0.373347 
vt 0.5 0.330913 
vt 0.5 0.368937 
vt 0.456664 0.336618 
vt 0.872127 0.398638 
vt 0.743006 0.397693 
vt 0.852884 0.352181 
vt 0.756258 0.429685 
vt 0.83364 0.305723 
vt 0.729755 0.365701 
vt 0.803028 0.265828 
vt 0.708675 0.338229 
vt 0.466506 0.373347 
vt 0.458937 0.427227 
vt 0.435294 0.386275 
vt 0.478744 0.419022 
vt 0.803028 0.265828 
vt 0.708675 0.338229 
vt 0.772416 0.225934 
vt 0.687594 0.310756 
vt 0.665353 0.476581 
vt 0.623469 0.465266 
vt 0.662487 0.454812 
vt 0.625647 0.481808 
vt 0.662487 0.454812 
vt 0.760778 0.464018 
vt 0.756258 0.429685 
vt 0.852884 0.352181 
vt 0.729755 0.365701 
vt 0.83364 0.305723 
vt 0.743006 0.397693 
vt 0.872127 0.598061 
vt 0.765298 0.49835 
vt 0.885254 0.49835 
vt 0.756258 0.567014 
vt 0.878691 0.448494 
vt 0.951188 0.49835 
vt 0.943501 0.439962 
vt 0.579328 0.519606 
vt 0.528654 0.49835 
vt 0.582126 0.49835 
vt 0.527678 0.505766 
vt 0.580727 0.487722 
vt 0.524815 0.512677 
vt 0.571124 0.539413 
vt 0.527678 0.505766 
vt 0.528166 0.494642 
vt 0.885254 0.49835 
vt 0.760778 0.464018 
vt 0.878691 0.448494 
vt 0.765298 0.49835 
vt 0.756258 0.567014 
vt 0.668219 0.49835 
vt 0.662487 0.541888 
vt 0.610699 0.562262 
vt 0.623469 0.531433 
vt 0.645682 0.582459 
vt 0.756258 0.429685 
vt 0.654085 0.434526 
vt 0.743006 0.397693 
vt 0.662487 0.454812 
vt 0.729755 0.365701 
vt 0.645682 0.41424 
vt 0.708675 0.338229 
vt 0.632316 0.396821 
vt 0.5 0.368937 
vt 0.543336 0.336618 
vt 0.533495 0.373347 
vt 0.5 0.330913 
vt 0.743006 0.397693 
vt 0.645682 0.41424 
vt 0.729755 0.365701 
vt 0.654085 0.434526 
vt 0.687594 0.310756 
vt 0.618949 0.379401 
vt 0.632649 0.268595 
vt 0.58411 0.352668 
vt 0.687594 0.310756 
vt 0.632316 0.396821 
vt 0.708675 0.338229 
vt 0.645005 0.414631 
vt 0.612075 0.433644 
vt 0.6317 0.397293 
vt 0.601792 0.420242 
vt 0.591509 0.406841 
vt 0.6317 0.397293 
vt 0.618396 0.379954 
vt 0.507416 0.470672 
vt 0.521256 0.419022 
vt 0.514327 0.473535 
vt 0.541063 0.427227 
vt 0.473754 0.487478 
vt 0.479739 0.518611 
vt 0.475185 0.512677 
vt 0.472322 0.505766 
vt 0.485673 0.523165 
vt 0.5 0.527004 
vt 0.492584 0.526027 
vt 0.5 0.580476 
vt 0.478744 0.577677 
vt 0.471346 0.49835 
vt 0.472322 0.490934 
vt 0.472322 0.505766 
vt 0.420672 0.519606 
vt 0.428876 0.539413 
vt 0.475185 0.512677 
vt 0.475185 0.512677 
vt 0.441928 0.556422 
vt 0.479739 0.518611 
vt 0.472322 0.490934 
vt 0.420672 0.477094 
vt 0.424774 0.46719 
vt 0.473754 0.487478 
vt 0.475185 0.484023 
vt 0.428876 0.457287 
vt 0.441928 0.440278 
vt 0.475185 0.484023 
vt 0.479739 0.478088 
vt 0.458937 0.427227 
vt 0.441928 0.440278 
vt 0.485673 0.473535 
vt 0.478744 0.419022 
vt 0.5 0.368937 
vt 0.5 0.416223 
vt 0.466506 0.373347 
vt 0.571124 0.457287 
vt 0.524815 0.484023 
vt 0.564598 0.448782 
vt 0.522538 0.481056 
vt 0.520261 0.478088 
vt 0.558072 0.440278 
vt 0.514327 0.473535 
vt 0.558072 0.440278 
vt 0.541063 0.427227 
vt 0.533495 0.373347 
vt 0.583719 0.353346 
vt 0.564707 0.386275 
vt 0.543336 0.336618 
vt 0.5 0.416223 
vt 0.492584 0.470672 
vt 0.478744 0.419022 
vt 0.5 0.469696 
vt 0.485673 0.473535 
vt 0.478744 0.419022 
vt 0.458937 0.427227 
vt 0.564707 0.386275 
vt 0.618396 0.379954 
vt 0.591509 0.406841 
vt 0.583719 0.353346 
vt 0.081708 0.916642 
vt 0.077226 0.913203 
vt 0.077226 0.913203 
vt 0.081708 0.916642 
vt 0.083428 0.918883 
vt 0.085147 0.921124 
vt 0.083428 0.918883 
vt 0.086228 0.923733 
vt 0.086228 0.923733 
vt 0.625003 0.531844 
vt 0.627208 0.481603 
vt 0.579328 0.519606 
vt 0.571124 0.539413 
vt 0.612075 0.563056 
vt 0.580727 0.487722 
vt 0.579328 0.477094 
vt 0.625003 0.464855 
vt 0.625003 0.464855 
vt 0.618539 0.449249 
vt 0.575226 0.46719 
vt 0.571124 0.457287 
vt 0.618539 0.449249 
vt 0.612075 0.433644 
vt 0.612075 0.433644 
vt 0.601792 0.420242 
vt 0.564598 0.448782 
vt 0.558072 0.440278 
vt 0.601792 0.420242 
vt 0.591509 0.406841 
vt 0.541063 0.427227 
vt 0.591509 0.406841 
vt 0.558072 0.440278 
vt 0.564707 0.386275 
vt 0.521256 0.419022 
vt 0.533495 0.373347 
vt 0.541063 0.427227 
vt 0.564707 0.386275 
vt 0.5 0.416223 
vt 0.533495 0.373347 
vt 0.521256 0.419022 
vt 0.5 0.368937 
vt 0.524815 0.512677 
vt 0.520261 0.518611 
vt 0.514327 0.523165 
vt 0.571124 0.539413 
vt 0.520261 0.518611 
vt 0.558072 0.556422 
vt 0.558072 0.556422 
vt 0.514327 0.523165 
vt 0.541063 0.569473 
vt 0.514327 0.523165 
vt 0.507416 0.526027 
vt 0.521256 0.577677 
vt 0.507416 0.526027 
vt 0.526247 0.487478 
vt 0.527678 0.490934 
vt 0.579328 0.477094 
vt 0.575226 0.46719 
vt 0.526247 0.487478 
vt 0.524815 0.484023 
vt 0.571124 0.457287 
vt 0.522538 0.481056 
vt 0.524815 0.484023 
vt 0.514327 0.473535 
vt 0.520261 0.478088 
vt 0.507416 0.470672 
vt 0.5 0.469696 
vt 0.492584 0.470672 
vt 0.521256 0.419022 
vt 0.5 0.416223 
vt 0.485673 0.473535 
vt 0.479739 0.478088 
vt 0.475185 0.484023 
vt 0.882564 0.204798 
vt 0.876045 0.28124 
vt 0.921211 0.255164 
vt 0.841543 0.236275 
vt 0.882564 0.204798 
vt 0.80704 0.191311 
vt 0.843918 0.154433 
vt 0.897735 0.333603 
vt 0.945505 0.313816 
vt 0.921211 0.255164 
vt 0.841543 0.236275 
vt 0.83088 0.307317 
vt 0.800521 0.267752 
vt 0.80704 0.191311 
vt 0.800521 0.267752 
vt 0.770162 0.228188 
vt 0.607879 0.311498 
vt 0.57189 0.230053 
vt 0.555843 0.289943 
vt 0.638881 0.257802 
vt 0.047666 0.942764 
vt 0.051105 0.947245 
vt 0.047666 0.942764 
vt 0.051105 0.947245 
vt 0.060806 0.952846 
vt 0.066406 0.953583 
vt 0.066406 0.953583 
vt 0.046585 0.923733 
vt 0.047666 0.921124 
vt 0.047666 0.921124 
vt 0.046585 0.923733 
vt 0.045504 0.926343 
vt 0.045504 0.926343 
vt 0.060806 0.952846 
vt 0.066406 0.953583 
vt 0.060806 0.952846 
vt 0.055586 0.950684 
vt 0.055586 0.950684 
vt 0.051105 0.947245 
vt 0.051105 0.947245 
vt 0.045504 0.937544 
vt 0.047666 0.942764 
vt 0.045504 0.937544 
vt 0.047666 0.942764 
vt 0.044767 0.931944 
vt 0.044767 0.931944 
vt 0.045504 0.926343 
vt 0.044767 0.931944 
vt 0.045504 0.926343 
vt 0.077226 0.950684 
vt 0.072007 0.952846 
vt 0.072007 0.952846 
vt 0.180962 0.817388 
vt 0.16636 0.690977 
vt 0.227584 0.770766 
vt 0.10926 0.723944 
vt 0.274406 0.88909 
vt 0.227584 0.770766 
vt 0.307373 0.83199 
vt 0.180962 0.817388 
vt 0.383224 0.934164 
vt 0.307373 0.83199 
vt 0.400289 0.870477 
vt 0.274406 0.88909 
vt 0.064186 0.381574 
vt 0.147117 0.352181 
vt 0.127873 0.398638 
vt 0.086723 0.327165 
vt 0.114746 0.49835 
vt 0.064186 0.381574 
vt 0.048812 0.49835 
vt 0.696407 0.301943 
vt 0.740548 0.359469 
vt 0.83088 0.307317 
vt 0.696407 0.301943 
vt 0.800521 0.267752 
vt 0.770162 0.228188 
vt 0.086723 0.327165 
vt 0.16636 0.305723 
vt 0.147117 0.352181 
vt 0.10926 0.272756 
vt 0.055586 0.913203 
vt 0.051105 0.916642 
vt 0.051105 0.916642 
vt 0.10926 0.272756 
vt 0.227584 0.225934 
vt 0.16636 0.305723 
vt 0.180962 0.179312 
vt 0.078789 0.255164 
vt 0.156083 0.154433 
vt 0.156083 0.154433 
vt 0.058626 0.963861 
vt 0.061729 0.969824 
vt 0.057606 0.964449 
vt 0.062562 0.968991 
vt 0.056151 0.957886 
vt 0.057606 0.964449 
vt 0.055013 0.958191 
vt 0.058626 0.963861 
vt 0.067104 0.973947 
vt 0.062562 0.968991 
vt 0.067693 0.972928 
vt 0.061729 0.969824 
vt 0.5 0.883604 
vt 0.383224 0.934164 
vt 0.400289 0.870477 
vt 0.5 0.949538 
vt 0.599711 0.870477 
vt 0.5 0.883604 
vt 0.616776 0.934164 
vt 0.692628 0.83199 
vt 0.725595 0.88909 
vt 0.599711 0.870477 
vt 0.088046 0.931944 
vt 0.087309 0.937544 
vt 0.087309 0.937544 
vt 0.088046 0.931944 
vt 0.087678 0.929143 
vt 0.088046 0.931944 
vt 0.087678 0.929143 
vt 0.087309 0.926343 
vt 0.087309 0.926343 
vt 0.086228 0.923733 
vt 0.086228 0.923733 
vt 0.085147 0.921124 
vt 0.085147 0.921124 
vt 0.083428 0.918883 
vt 0.081708 0.916642 
vt 0.083428 0.918883 
vt 0.066406 0.953583 
vt 0.072007 0.952846 
vt 0.072007 0.952846 
vt 0.066406 0.953583 
vt 0.077226 0.950684 
vt 0.077226 0.950684 
vt 0.081708 0.947245 
vt 0.081708 0.947245 
vt 0.085147 0.942764 
vt 0.085147 0.942764 
vt 0.087309 0.937544 
vt 0.087309 0.937544 
vt 0.073362 0.97654 
vt 0.067693 0.972928 
vt 0.073667 0.975402 
vt 0.067104 0.973947 
vt 0.692628 0.83199 
vt 0.819039 0.817388 
vt 0.725595 0.88909 
vt 0.772416 0.770766 
vt 0.080078 0.976246 
vt 0.073362 0.97654 
vt 0.073667 0.975402 
vt 0.080078 0.977424 
vt 0.055013 0.958191 
vt 0.055307 0.951475 
vt 0.056151 0.957886 
vt 0.054129 0.951475 
vt 0.055013 0.944759 
vt 0.056151 0.945063 
vt 0.055013 0.944759 
vt 0.057388 0.942076 
vt 0.056151 0.945063 
vt 0.056309 0.941629 
vt 0.058626 0.939089 
vt 0.057606 0.9385 
vt 0.772416 0.770766 
vt 0.89074 0.723943 
vt 0.819039 0.817388 
vt 0.83364 0.690977 
vt 0.08649 0.975402 
vt 0.080078 0.977424 
vt 0.080078 0.976246 
vt 0.086794 0.97654 
vt 0.062562 0.933959 
vt 0.058626 0.939089 
vt 0.061729 0.933126 
vt 0.057606 0.9385 
vt 0.307373 0.16471 
vt 0.227584 0.225934 
vt 0.274406 0.10761 
vt 0.180962 0.179312 
vt 0.092464 0.972928 
vt 0.086794 0.97654 
vt 0.08649 0.975402 
vt 0.093053 0.973947 
vt 0.885254 0.49835 
vt 0.935814 0.615126 
vt 0.872127 0.598061 
vt 0.951188 0.49835 
vt 0.392121 0.311498 
vt 0.444158 0.289943 
vt 0.36112 0.257802 
vt 0.878691 0.448494 
vt 0.872127 0.398638 
vt 0.943501 0.439962 
vt 0.935815 0.381574 
vt 0.092464 0.972928 
vt 0.098427 0.969824 
vt 0.093053 0.973947 
vt 0.097594 0.968991 
vt 0.852884 0.352181 
vt 0.83364 0.305723 
vt 0.913278 0.327165 
vt 0.890741 0.272756 
vt 0.872127 0.398638 
vt 0.852884 0.352181 
vt 0.935815 0.381574 
vt 0.913278 0.327165 
vt 0.607879 0.311498 
vt 0.696407 0.301943 
vt 0.638881 0.257802 
vt 0.607879 0.311498 
vt 0.652564 0.345786 
vt 0.097594 0.968991 
vt 0.102551 0.964449 
vt 0.098427 0.969824 
vt 0.101531 0.963861 
vt 0.817459 0.969465 
vt 0.817459 0.945987 
vt 0.823328 0.945987 
vt 0.823328 0.969465 
vt 0.303593 0.301943 
vt 0.392121 0.311498 
vt 0.36112 0.257802 
vt 0.101531 0.963861 
vt 0.105143 0.958191 
vt 0.102551 0.964449 
vt 0.104006 0.957886 
vt 0.803028 0.265828 
vt 0.772416 0.225934 
vt 0.85489 0.226034 
vt 0.819038 0.179312 
vt 0.85489 0.226034 
vt 0.83364 0.305723 
vt 0.890741 0.272756 
vt 0.067693 0.930022 
vt 0.062562 0.933959 
vt 0.067104 0.929002 
vt 0.061729 0.933126 
vt 0.102768 0.942076 
vt 0.101531 0.939089 
vt 0.103847 0.941629 
vt 0.102551 0.9385 
vt 0.105143 0.944759 
vt 0.104006 0.945063 
vt 0.104428 0.948269 
vt 0.104006 0.945063 
vt 0.105585 0.948117 
vt 0.105143 0.944759 
vt 0.106027 0.951475 
vt 0.10485 0.951475 
vt 0.105143 0.958191 
vt 0.104006 0.957886 
vt 0.100489 0.935813 
vt 0.102551 0.9385 
vt 0.099563 0.936524 
vt 0.101531 0.939089 
vt 0.950569 0.850213 
vt 0.955753 0.829475 
vt 0.955753 0.850213 
vt 0.950569 0.829475 
vt 0.961423 0.844997 
vt 0.957604 0.829718 
vt 0.961423 0.829718 
vt 0.957604 0.844997 
vt 0.835067 0.969465 
vt 0.829198 0.945987 
vt 0.835067 0.945987 
vt 0.829198 0.969465 
vt 0.400289 0.126223 
vt 0.307373 0.16471 
vt 0.383224 0.062536 
vt 0.274406 0.10761 
vt 0.098427 0.933126 
vt 0.100489 0.935813 
vt 0.097594 0.933959 
vt 0.099563 0.936524 
vt 0.054495 0.313816 
vt 0.102266 0.333603 
vt 0.078789 0.255164 
vt 0.123955 0.28124 
vt 0.080576 0.385966 
vt 0.102266 0.333603 
vt 0.030201 0.372468 
vt 0.150036 0.35339 
vt 0.123955 0.28124 
vt 0.169121 0.307317 
vt 0.897735 0.333603 
vt 0.876045 0.28124 
vt 0.83088 0.307317 
vt 0.849964 0.35339 
vt 0.256814 0.077139 
vt 0.374118 0.02855 
vt 0.374118 0.02855 
vt 0.256814 0.077139 
vt 0.156083 0.154433 
vt 0.156083 0.154433 
vt 0.073667 0.927547 
vt 0.067693 0.930022 
vt 0.073362 0.92641 
vt 0.067104 0.929002 
vt 0.835067 0.969465 
vt 0.829198 0.945987 
vt 0.835067 0.945987 
vt 0.829198 0.969465 
vt 0.83088 0.307317 
vt 0.740548 0.359469 
vt 0.849964 0.35339 
vt 0.754422 0.392965 
vt 0.123955 0.71546 
vt 0.156083 0.842267 
vt 0.192961 0.805389 
vt 0.078789 0.741536 
vt 0.169121 0.689383 
vt 0.256814 0.91956 
vt 0.28289 0.874395 
vt 0.156083 0.842267 
vt 0.229838 0.768512 
vt 0.259452 0.63723 
vt 0.28289 0.874395 
vt 0.303593 0.694756 
vt 0.308967 0.829229 
vt 0.36112 0.738898 
vt 0.387616 0.917774 
vt 0.401114 0.867398 
vt 0.42811 0.766646 
vt 0.36112 0.738898 
vt 0.5 0.776111 
vt 0.5 0.880417 
vt 0.387616 0.917774 
vt 0.725595 0.10761 
vt 0.772416 0.225934 
vt 0.692628 0.16471 
vt 0.819038 0.179312 
vt 0.5 0.932569 
vt 0.57189 0.766646 
vt 0.5 0.714108 
vt 0.5 0.776111 
vt 0.555843 0.706757 
vt 0.598886 0.867398 
vt 0.5 0.932569 
vt 0.374117 0.968149 
vt 0.5 0.984722 
vt 0.387616 0.917774 
vt 0.28289 0.874395 
vt 0.256814 0.91956 
vt 0.612384 0.917774 
vt 0.5 0.984722 
vt 0.625882 0.968149 
vt 0.743186 0.91956 
vt 0.71711 0.874395 
vt 0.843917 0.842267 
vt 0.691034 0.829229 
vt 0.57189 0.766646 
vt 0.638881 0.738898 
vt 0.80704 0.805389 
vt 0.921211 0.741536 
vt 0.876045 0.71546 
vt 0.770162 0.768512 
vt 0.696407 0.694757 
vt 0.83088 0.689383 
vt 0.83088 0.689383 
vt 0.696407 0.694757 
vt 0.740548 0.63723 
vt 0.869048 0.597236 
vt 0.740548 0.63723 
vt 0.768297 0.57024 
vt 0.777761 0.49835 
vt 0.882067 0.49835 
vt 0.882067 0.49835 
vt 0.773029 0.462405 
vt 0.875557 0.448907 
vt 0.926822 0.442158 
vt 0.869048 0.399464 
vt 0.919424 0.385966 
vt 0.919424 0.610734 
vt 0.876045 0.71546 
vt 0.93422 0.49835 
vt 0.9698 0.624232 
vt 0.921211 0.741536 
vt 0.986372 0.49835 
vt 0.93422 0.49835 
vt 0.875557 0.448907 
vt 0.926822 0.442158 
vt 0.986372 0.49835 
vt 0.926822 0.442158 
vt 0.978086 0.435409 
vt 0.347436 0.345786 
vt 0.392121 0.311498 
vt 0.303593 0.301943 
vt 0.696407 0.301943 
vt 0.652564 0.345786 
vt 0.740548 0.359469 
vt 0.686852 0.390471 
vt 0.967175 0.837617 
vt 0.967175 0.854608 
vt 0.962927 0.854608 
vt 0.962927 0.837617 
vt 0.9698 0.372468 
vt 0.945505 0.313816 
vt 0.897735 0.333603 
vt 0.919424 0.385966 
vt 0.259452 0.359469 
vt 0.303593 0.301943 
vt 0.169121 0.307317 
vt 0.080576 0.385966 
vt 0.130952 0.399464 
vt 0.102266 0.333603 
vt 0.150036 0.35339 
vt 0.625882 0.02855 
vt 0.743186 0.077139 
vt 0.743186 0.077139 
vt 0.843918 0.154433 
vt 0.843918 0.154433 
vt 0.625882 0.02855 
vt 0.5 0.011978 
vt 0.5 0.011978 
vt 0.073667 0.927547 
vt 0.080078 0.925526 
vt 0.080078 0.926703 
vt 0.073362 0.92641 
vt 0.150036 0.35339 
vt 0.259452 0.359469 
vt 0.169121 0.307317 
vt 0.245578 0.392965 
vt 0.231704 0.42646 
vt 0.150036 0.35339 
vt 0.130952 0.399464 
vt 0.978086 0.435409 
vt 0.9698 0.372468 
vt 0.919424 0.385966 
vt 0.926822 0.442158 
vt 0.869048 0.399464 
vt 0.768297 0.42646 
vt 0.875557 0.448907 
vt 0.773029 0.462405 
vt 0.849964 0.35339 
vt 0.754422 0.392965 
vt 0.869048 0.399464 
vt 0.768297 0.42646 
vt 0.259452 0.359469 
vt 0.347436 0.345786 
vt 0.303593 0.301943 
vt 0.313148 0.390471 
vt 0.955753 0.850213 
vt 0.955753 0.829475 
vt 0.960938 0.829475 
vt 0.960938 0.850213 
vt 0.919424 0.385966 
vt 0.897735 0.333603 
vt 0.849964 0.35339 
vt 0.869048 0.399464 
vt 0.093053 0.929002 
vt 0.098427 0.933126 
vt 0.092464 0.930022 
vt 0.097594 0.933959 
vt 0.967674 0.810442 
vt 0.979871 0.859232 
vt 0.967674 0.859232 
vt 0.979871 0.810442 
vt 0.740548 0.359469 
vt 0.686852 0.390471 
vt 0.754422 0.392965 
vt 0.69763 0.416489 
vt 0.5 0.011978 
vt 0.374118 0.02855 
vt 0.374118 0.02855 
vt 0.5 0.011978 
vt 0.829198 0.969465 
vt 0.823328 0.945987 
vt 0.829198 0.945987 
vt 0.823328 0.969465 
vt 0.013628 0.49835 
vt 0.080576 0.385966 
vt 0.030201 0.372468 
vt 0.06578 0.49835 
vt 0.080576 0.610734 
vt 0.013628 0.49835 
vt 0.030201 0.624232 
vt 0.130952 0.597236 
vt 0.117933 0.49835 
vt 0.078789 0.741536 
vt 0.231704 0.57024 
vt 0.222239 0.49835 
vt 0.130952 0.399464 
vt 0.06578 0.49835 
vt 0.080576 0.385966 
vt 0.291594 0.442508 
vt 0.231704 0.42646 
vt 0.284242 0.49835 
vt 0.231704 0.57024 
vt 0.291594 0.554192 
vt 0.231704 0.42646 
vt 0.117933 0.49835 
vt 0.130952 0.399464 
vt 0.259452 0.63723 
vt 0.291594 0.554192 
vt 0.313148 0.606229 
vt 0.829198 0.969465 
vt 0.823328 0.945987 
vt 0.829198 0.945987 
vt 0.823328 0.969465 
vt 0.616776 0.062536 
vt 0.692628 0.16471 
vt 0.599711 0.126223 
vt 0.725595 0.10761 
vt 0.754422 0.392965 
vt 0.69763 0.416489 
vt 0.768297 0.42646 
vt 0.708407 0.442508 
vt 0.245578 0.392965 
vt 0.313148 0.390471 
vt 0.259452 0.359469 
vt 0.302371 0.416489 
vt 0.291594 0.442508 
vt 0.245578 0.392965 
vt 0.231704 0.42646 
vt 0.652564 0.650914 
vt 0.740548 0.63723 
vt 0.686852 0.606229 
vt 0.696407 0.694757 
vt 0.768297 0.57024 
vt 0.686852 0.606229 
vt 0.708407 0.554192 
vt 0.715759 0.49835 
vt 0.777761 0.49835 
vt 0.773029 0.462405 
vt 0.712083 0.470429 
vt 0.708407 0.442508 
vt 0.768297 0.42646 
vt 0.963245 0.876599 
vt 0.963245 0.959338 
vt 0.980381 0.917969 
vt 0.921875 0.859463 
vt 0.921875 0.976474 
vt 0.880505 0.876599 
vt 0.880505 0.959338 
vt 0.863369 0.917969 
vt 0.607879 0.685202 
vt 0.696407 0.694757 
vt 0.652564 0.650914 
vt 0.638881 0.738898 
vt 0.638881 0.738898 
vt 0.555843 0.706757 
vt 0.57189 0.766646 
vt 0.607879 0.685202 
vt 0.313148 0.606229 
vt 0.303593 0.694756 
vt 0.347436 0.650914 
vt 0.259452 0.63723 
vt 0.36112 0.738898 
vt 0.347436 0.650914 
vt 0.392121 0.685202 
vt 0.5 0.776111 
vt 0.444158 0.706757 
vt 0.42811 0.766646 
vt 0.5 0.714108 
vt 0.42811 0.766646 
vt 0.392121 0.685202 
vt 0.36112 0.738898 
vt 0.444158 0.706757 
vt 0.428871 0.763808 
vt 0.362589 0.736353 
vt 0.380414 0.705478 
vt 0.438098 0.729372 
vt 0.080078 0.926703 
vt 0.086794 0.92641 
vt 0.08649 0.927547 
vt 0.080078 0.925526 
vt 0.5 0.773172 
vt 0.428871 0.763808 
vt 0.438098 0.729372 
vt 0.5 0.737521 
vt 0.961973 0.875618 
vt 0.961973 0.959736 
vt 0.919914 0.858196 
vt 0.979395 0.917677 
vt 0.919914 0.977158 
vt 0.877855 0.875618 
vt 0.877855 0.959736 
vt 0.860433 0.917677 
vt 0.57113 0.763808 
vt 0.5 0.773172 
vt 0.5 0.737521 
vt 0.561902 0.729372 
vt 0.637411 0.736353 
vt 0.561902 0.729372 
vt 0.619586 0.705478 
vt 0.57113 0.763808 
vt 0.694329 0.692679 
vt 0.619586 0.705478 
vt 0.66912 0.66747 
vt 0.637411 0.736353 
vt 0.400289 0.126223 
vt 0.5 0.047162 
vt 0.5 0.113096 
vt 0.383224 0.062536 
vt 0.5 0.047162 
vt 0.599711 0.126223 
vt 0.5 0.113096 
vt 0.616776 0.062536 
vt 0.050699 0.943662 
vt 0.051633 0.936564 
vt 0.050699 0.943662 
vt 0.078125 0.971089 
vt 0.071027 0.970154 
vt 0.078125 0.971089 
vt 0.053003 0.933257 
vt 0.054373 0.929949 
vt 0.054373 0.929949 
vt 0.085224 0.970154 
vt 0.078125 0.971089 
vt 0.078125 0.971089 
vt 0.085224 0.970154 
vt 0.053003 0.933257 
vt 0.051633 0.936564 
vt 0.051633 0.936564 
vt 0.050699 0.943662 
vt 0.053003 0.933257 
vt 0.054373 0.929949 
vt 0.058732 0.924269 
vt 0.054373 0.929949 
vt 0.058732 0.924269 
vt 0.064412 0.91991 
vt 0.097519 0.963056 
vt 0.091838 0.967414 
vt 0.097519 0.963056 
vt 0.054373 0.957376 
vt 0.058732 0.963056 
vt 0.058732 0.963056 
vt 0.064412 0.967414 
vt 0.064412 0.967414 
vt 0.071027 0.970154 
vt 0.071027 0.970154 
vt 0.078125 0.971089 
vt 0.105552 0.943662 
vt 0.104617 0.950761 
vt 0.104617 0.950761 
vt 0.051633 0.950761 
vt 0.050699 0.943662 
vt 0.051633 0.950761 
vt 0.050699 0.943662 
vt 0.054373 0.957376 
vt 0.054373 0.957376 
vt 0.058732 0.963056 
vt 0.064412 0.967414 
vt 0.058732 0.963056 
vt 0.071027 0.970154 
vt 0.064412 0.967414 
vt 0.960938 0.850213 
vt 0.960938 0.829475 
vt 0.966122 0.829475 
vt 0.966122 0.850213 
vt 0.105084 0.940113 
vt 0.104617 0.936564 
vt 0.104617 0.936564 
vt 0.105084 0.940113 
vt 0.105552 0.943662 
vt 0.105552 0.943662 
vt 0.104617 0.950761 
vt 0.103247 0.933257 
vt 0.103247 0.933257 
vt 0.101877 0.929949 
vt 0.101877 0.929949 
vt 0.099698 0.927109 
vt 0.104617 0.950761 
vt 0.101877 0.957376 
vt 0.101877 0.957376 
vt 0.104617 0.950761 
vt 0.097519 0.963056 
vt 0.097519 0.963056 
vt 0.091838 0.967414 
vt 0.091838 0.967414 
vt 0.085224 0.970154 
vt 0.085224 0.970154 
vt 0.953784 0.829718 
vt 0.953784 0.844997 
vt 0.949964 0.844997 
vt 0.949964 0.829718 
vt 0.058732 0.924269 
vt 0.064412 0.91991 
vt 0.064412 0.91991 
vt 0.071027 0.91717 
vt 0.071027 0.91717 
vt 0.078125 0.916236 
vt 0.071027 0.91717 
vt 0.078125 0.916236 
vt 0.101877 0.929949 
vt 0.103247 0.933257 
vt 0.103247 0.933257 
vt 0.104617 0.936564 
vt 0.104617 0.936564 
vt 0.099698 0.927109 
vt 0.099698 0.927109 
vt 0.097519 0.924269 
vt 0.097519 0.924269 
vt 0.054495 0.313816 
vt 0.079002 0.385544 
vt 0.030201 0.372468 
vt 0.100773 0.332985 
vt 0.08649 0.927547 
vt 0.093053 0.929002 
vt 0.092464 0.930022 
vt 0.086794 0.92641 
vt 0.928424 0.441947 
vt 0.843228 0.406382 
vt 0.920998 0.385544 
vt 0.849282 0.452366 
vt 0.823328 0.969465 
vt 0.817459 0.945987 
vt 0.823328 0.945987 
vt 0.817459 0.969465 
vt 0.707129 0.617935 
vt 0.731022 0.560252 
vt 0.765458 0.569479 
vt 0.738003 0.635761 
vt 0.739172 0.49835 
vt 0.66912 0.66747 
vt 0.694329 0.692679 
vt 0.707129 0.617935 
vt 0.774822 0.49835 
vt 0.77014 0.462785 
vt 0.735097 0.467399 
vt 0.731022 0.436448 
vt 0.765458 0.42722 
vt 0.719076 0.407606 
vt 0.765458 0.42722 
vt 0.75173 0.39408 
vt 0.77014 0.462785 
vt 0.855336 0.49835 
vt 0.849282 0.452366 
vt 0.843228 0.590317 
vt 0.765458 0.569479 
vt 0.738003 0.635761 
vt 0.855336 0.49835 
vt 0.80773 0.676018 
vt 0.694329 0.692679 
vt 0.751261 0.74961 
vt 0.738003 0.635761 
vt 0.920998 0.611156 
vt 0.877457 0.716275 
vt 0.935849 0.49835 
vt 0.9698 0.624232 
vt 0.921211 0.741536 
vt 0.986372 0.49835 
vt 0.849282 0.452366 
vt 0.935849 0.49835 
vt 0.928424 0.441947 
vt 0.978086 0.435409 
vt 0.935849 0.49835 
vt 0.928424 0.441947 
vt 0.234542 0.569479 
vt 0.260829 0.49835 
vt 0.268978 0.560252 
vt 0.225178 0.49835 
vt 0.268978 0.436448 
vt 0.234542 0.42722 
vt 0.268978 0.560252 
vt 0.261997 0.635761 
vt 0.292871 0.617936 
vt 0.305672 0.692679 
vt 0.33088 0.66747 
vt 0.362589 0.736353 
vt 0.33088 0.66747 
vt 0.380414 0.705478 
vt 0.144664 0.49835 
vt 0.234542 0.42722 
vt 0.156772 0.406382 
vt 0.234542 0.569479 
vt 0.144664 0.49835 
vt 0.156772 0.590317 
vt 0.261997 0.635761 
vt 0.06415 0.49835 
vt 0.156772 0.406382 
vt 0.079002 0.385544 
vt 0.079002 0.611156 
vt 0.19227 0.676018 
vt 0.122543 0.716275 
vt 0.079002 0.611156 
vt 0.078789 0.741536 
vt 0.030201 0.624232 
vt 0.06415 0.49835 
vt 0.013628 0.49835 
vt 0.030201 0.372468 
vt 0.06415 0.49835 
vt 0.079002 0.385544 
vt 0.122543 0.716275 
vt 0.156083 0.842267 
vt 0.191808 0.806542 
vt 0.191808 0.806542 
vt 0.24874 0.74961 
vt 0.261997 0.635761 
vt 0.19227 0.676018 
vt 0.305672 0.692679 
vt 0.24874 0.74961 
vt 0.322332 0.80608 
vt 0.362589 0.736353 
vt 0.282075 0.875807 
vt 0.191808 0.806542 
vt 0.408032 0.841578 
vt 0.428871 0.763808 
vt 0.849282 0.452366 
vt 0.765458 0.42722 
vt 0.843228 0.406382 
vt 0.77014 0.462785 
vt 0.920998 0.385544 
vt 0.825479 0.363532 
vt 0.899228 0.332985 
vt 0.843228 0.406382 
vt 0.843228 0.406382 
vt 0.75173 0.39408 
vt 0.825479 0.363532 
vt 0.765458 0.42722 
vt 0.097519 0.924269 
vt 0.091838 0.91991 
vt 0.097519 0.924269 
vt 0.078789 0.255164 
vt 0.100773 0.332985 
vt 0.054495 0.313816 
vt 0.122543 0.280425 
vt 0.24827 0.39408 
vt 0.268978 0.436448 
vt 0.234542 0.42722 
vt 0.280925 0.407606 
vt 0.174521 0.363532 
vt 0.156772 0.406382 
vt 0.24827 0.39408 
vt 0.174521 0.363532 
vt 0.261997 0.360939 
vt 0.19227 0.320682 
vt 0.24827 0.39408 
vt 0.292871 0.378764 
vt 0.261997 0.360939 
vt 0.305672 0.304021 
vt 0.261997 0.360939 
vt 0.33088 0.32923 
vt 0.823328 0.945987 
vt 0.829198 0.969465 
vt 0.823328 0.969465 
vt 0.829198 0.945987 
vt 0.100773 0.332985 
vt 0.156772 0.406382 
vt 0.079002 0.385544 
vt 0.174521 0.363532 
vt 0.825479 0.363532 
vt 0.738003 0.360939 
vt 0.80773 0.320682 
vt 0.75173 0.39408 
vt 0.808192 0.806542 
vt 0.877457 0.716275 
vt 0.921211 0.741536 
vt 0.843917 0.842267 
vt 0.945505 0.313816 
vt 0.9698 0.372468 
vt 0.920998 0.385544 
vt 0.899228 0.332985 
vt 0.823328 0.945987 
vt 0.823328 0.969465 
vt 0.817459 0.969465 
vt 0.817459 0.945987 
vt 0.811589 0.969465 
vt 0.811589 0.945987 
vt 0.75173 0.39408 
vt 0.707129 0.378764 
vt 0.738003 0.360939 
vt 0.719076 0.407606 
vt 0.091838 0.91991 
vt 0.085224 0.91717 
vt 0.091838 0.91991 
vt 0.978086 0.435409 
vt 0.920998 0.385544 
vt 0.9698 0.372468 
vt 0.928424 0.441947 
vt 0.971306 0.829475 
vt 0.966122 0.850213 
vt 0.966122 0.829475 
vt 0.971306 0.850213 
vt 0.122543 0.280425 
vt 0.174521 0.363532 
vt 0.100773 0.332985 
vt 0.19227 0.320682 
vt 0.899228 0.332985 
vt 0.80773 0.320682 
vt 0.877457 0.280425 
vt 0.825479 0.363532 
vt 0.738003 0.360939 
vt 0.688125 0.353997 
vt 0.716166 0.33248 
vt 0.707129 0.378764 
vt 0.949964 0.829718 
vt 0.949964 0.844997 
vt 0.946145 0.844997 
vt 0.946145 0.829718 
vt 0.899228 0.332985 
vt 0.921211 0.255164 
vt 0.945505 0.313816 
vt 0.877457 0.280425 
vt 0.808192 0.806542 
vt 0.677668 0.80608 
vt 0.751261 0.74961 
vt 0.717925 0.875807 
vt 0.637411 0.736353 
vt 0.694329 0.692679 
vt 0.57113 0.763808 
vt 0.591968 0.841578 
vt 0.5 0.773172 
vt 0.5 0.853686 
vt 0.612806 0.919348 
vt 0.5 0.773172 
vt 0.408032 0.841578 
vt 0.5 0.934199 
vt 0.387194 0.919348 
vt 0.322332 0.80608 
vt 0.282075 0.875807 
vt 0.5 0.934199 
vt 0.256814 0.91956 
vt 0.156083 0.842267 
vt 0.374117 0.968149 
vt 0.5 0.984722 
vt 0.625882 0.968149 
vt 0.743186 0.91956 
vt 0.717925 0.875807 
vt 0.591968 0.841578 
vt 0.843917 0.842267 
vt 0.808192 0.806542 
vt 0.751261 0.74961 
vt 0.877457 0.716275 
vt 0.80773 0.676018 
vt 0.779495 0.283886 
vt 0.738003 0.360939 
vt 0.716166 0.33248 
vt 0.80773 0.320682 
vt 0.811589 0.945987 
vt 0.817459 0.969465 
vt 0.811589 0.969465 
vt 0.817459 0.945987 
vt 0.085224 0.91717 
vt 0.078125 0.916236 
vt 0.078125 0.916236 
vt 0.078789 0.255164 
vt 0.156083 0.154433 
vt 0.122543 0.280425 
vt 0.191808 0.190158 
vt 0.716166 0.33248 
vt 0.66912 0.32923 
vt 0.694329 0.304021 
vt 0.688125 0.353997 
vt 0.962927 0.854608 
vt 0.958679 0.837617 
vt 0.962927 0.837617 
vt 0.958679 0.854608 
vt 0.091838 0.91991 
vt 0.097519 0.924269 
vt 0.091838 0.91991 
vt 0.085224 0.91717 
vt 0.085224 0.91717 
vt 0.078125 0.916236 
vt 0.619586 0.291221 
vt 0.694329 0.304021 
vt 0.66912 0.32923 
vt 0.637411 0.260347 
vt 0.24874 0.247089 
vt 0.261997 0.360939 
vt 0.19227 0.320682 
vt 0.305672 0.304021 
vt 0.776093 0.338948 
vt 0.683988 0.392125 
vt 0.792017 0.377393 
vt 0.6946 0.417744 
vt 0.683988 0.392125 
vt 0.725429 0.272921 
vt 0.650226 0.348125 
vt 0.776093 0.338948 
vt 0.792017 0.377393 
vt 0.6946 0.417744 
vt 0.807942 0.415837 
vt 0.705212 0.443364 
vt 0.650226 0.348125 
vt 0.659402 0.222258 
vt 0.606226 0.314362 
vt 0.725429 0.272921 
vt 0.807942 0.415837 
vt 0.705212 0.443364 
vt 0.813373 0.457094 
vt 0.708831 0.470857 
vt 0.683988 0.604575 
vt 0.807942 0.580862 
vt 0.705212 0.553336 
vt 0.776093 0.657752 
vt 0.807942 0.580862 
vt 0.712451 0.49835 
vt 0.818805 0.49835 
vt 0.606226 0.314362 
vt 0.582513 0.190409 
vt 0.554986 0.293139 
vt 0.659402 0.222258 
vt 0.445014 0.293139 
vt 0.5 0.285899 
vt 0.5 0.179546 
vt 0.417488 0.190409 
vt 0.582513 0.190409 
vt 0.5 0.179546 
vt 0.554986 0.293139 
vt 0.751261 0.247089 
vt 0.716166 0.33248 
vt 0.694329 0.304021 
vt 0.779495 0.283886 
vt 0.650226 0.648575 
vt 0.776093 0.657752 
vt 0.683988 0.604575 
vt 0.725429 0.723779 
vt 0.520802 0.420715 
vt 0.5 0.578723 
vt 0.520802 0.575985 
vt 0.540187 0.567955 
vt 0.556833 0.555183 
vt 0.569606 0.538537 
vt 0.5 0.417977 
vt 0.479198 0.575985 
vt 0.479198 0.420715 
vt 0.459813 0.567955 
vt 0.443167 0.555183 
vt 0.430395 0.538537 
vt 0.422365 0.519152 
vt 0.579004 0.487949 
vt 0.577635 0.519152 
vt 0.580374 0.49835 
vt 0.57362 0.467855 
vt 0.577635 0.477548 
vt 0.556833 0.441517 
vt 0.569606 0.458163 
vt 0.540187 0.428744 
vt 0.652306 0.478298 
vt 0.577635 0.477548 
vt 0.649666 0.458247 
vt 0.580374 0.49835 
vt 0.654946 0.49835 
vt 0.649666 0.538453 
vt 0.577635 0.519152 
vt 0.393775 0.314362 
vt 0.445014 0.293139 
vt 0.417488 0.190409 
vt 0.340598 0.222258 
vt 0.606226 0.682338 
vt 0.725429 0.723779 
vt 0.650226 0.648575 
vt 0.659402 0.774443 
vt 0.842825 0.235292 
vt 0.808192 0.190158 
vt 0.843918 0.154433 
vt 0.882564 0.204798 
vt 0.877457 0.280425 
vt 0.882564 0.204798 
vt 0.921211 0.255164 
vt 0.274571 0.272921 
vt 0.393775 0.314362 
vt 0.340598 0.222258 
vt 0.349775 0.348125 
vt 0.659402 0.774443 
vt 0.606226 0.682338 
vt 0.582513 0.806292 
vt 0.554986 0.703561 
vt 0.223907 0.338948 
vt 0.349775 0.348125 
vt 0.274571 0.272921 
vt 0.316012 0.392125 
vt 0.5 0.817154 
vt 0.582513 0.806292 
vt 0.554986 0.703561 
vt 0.5 0.710801 
vt 0.207983 0.377393 
vt 0.316012 0.392125 
vt 0.223907 0.338948 
vt 0.3054 0.417744 
vt 0.192059 0.415837 
vt 0.3054 0.417744 
vt 0.207983 0.377393 
vt 0.294788 0.443363 
vt 0.192059 0.415837 
vt 0.287549 0.49835 
vt 0.181196 0.49835 
vt 0.417488 0.806292 
vt 0.5 0.817154 
vt 0.5 0.710801 
vt 0.445014 0.703561 
vt 0.362589 0.260347 
vt 0.33088 0.32923 
vt 0.305672 0.304021 
vt 0.380414 0.291221 
vt 0.417488 0.806292 
vt 0.393775 0.682338 
vt 0.340598 0.774443 
vt 0.445014 0.703561 
vt 0.191808 0.190158 
vt 0.256814 0.077139 
vt 0.282075 0.120893 
vt 0.156083 0.154433 
vt 0.340598 0.774443 
vt 0.349775 0.648575 
vt 0.274571 0.723779 
vt 0.393775 0.682338 
vt 0.316012 0.604575 
vt 0.192059 0.580862 
vt 0.223907 0.657752 
vt 0.294788 0.553336 
vt 0.520802 0.420715 
vt 0.540103 0.348683 
vt 0.5 0.417977 
vt 0.5 0.343404 
vt 0.274571 0.723779 
vt 0.316012 0.604575 
vt 0.223907 0.657752 
vt 0.349775 0.648575 
vt 0.459897 0.348683 
vt 0.479198 0.420715 
vt 0.5 0.343404 
vt 0.5 0.417977 
vt 0.556833 0.441517 
vt 0.634187 0.420877 
vt 0.609563 0.388787 
vt 0.569606 0.458163 
vt 0.540187 0.428744 
vt 0.540103 0.348683 
vt 0.520802 0.420715 
vt 0.577473 0.364163 
vt 0.569606 0.458163 
vt 0.641927 0.439562 
vt 0.634187 0.420877 
vt 0.57362 0.467855 
vt 0.577635 0.477548 
vt 0.649666 0.458247 
vt 0.540187 0.428744 
vt 0.609563 0.388787 
vt 0.577473 0.364163 
vt 0.556833 0.441517 
vt 0.571129 0.232892 
vt 0.619586 0.291221 
vt 0.561902 0.267328 
vt 0.637411 0.260347 
vt 0.422527 0.364163 
vt 0.459813 0.428744 
vt 0.459897 0.348683 
vt 0.479198 0.420715 
vt 0.569606 0.538537 
vt 0.649666 0.538453 
vt 0.577635 0.519152 
vt 0.634187 0.575823 
vt 0.712451 0.49835 
vt 0.646713 0.49835 
vt 0.705212 0.553336 
vt 0.641714 0.536322 
vt 0.818805 0.49835 
vt 0.708831 0.470857 
vt 0.813373 0.457094 
vt 0.596017 0.553785 
vt 0.627057 0.571706 
vt 0.607093 0.527045 
vt 0.627057 0.424993 
vt 0.596017 0.442915 
vt 0.634386 0.442686 
vt 0.601555 0.456285 
vt 0.596017 0.442915 
vt 0.603742 0.394608 
vt 0.578398 0.419952 
vt 0.627057 0.424993 
vt 0.634386 0.442686 
vt 0.601555 0.456285 
vt 0.641714 0.460378 
vt 0.607093 0.469654 
vt 0.705212 0.443364 
vt 0.641714 0.460378 
vt 0.708831 0.470857 
vt 0.644214 0.479364 
vt 0.608982 0.484002 
vt 0.607093 0.469654 
vt 0.641714 0.460378 
vt 0.607093 0.527045 
vt 0.641714 0.536322 
vt 0.610871 0.49835 
vt 0.646713 0.49835 
vt 0.712451 0.49835 
vt 0.644214 0.479364 
vt 0.708831 0.470857 
vt 0.443167 0.441517 
vt 0.42638 0.467855 
vt 0.459813 0.428744 
vt 0.430395 0.458163 
vt 0.419627 0.49835 
vt 0.422365 0.477548 
vt 0.350334 0.538453 
vt 0.422365 0.519152 
vt 0.345054 0.49835 
vt 0.422365 0.477548 
vt 0.350334 0.458247 
vt 0.365813 0.575823 
vt 0.350334 0.538453 
vt 0.430395 0.538537 
vt 0.358073 0.439562 
vt 0.350334 0.458247 
vt 0.42638 0.467855 
vt 0.430395 0.458163 
vt 0.365813 0.420877 
vt 0.556833 0.555183 
vt 0.634187 0.575823 
vt 0.569606 0.538537 
vt 0.609563 0.607913 
vt 0.683988 0.392125 
vt 0.627057 0.424993 
vt 0.6946 0.417744 
vt 0.634386 0.442686 
vt 0.627057 0.424993 
vt 0.650226 0.348125 
vt 0.603742 0.394608 
vt 0.683988 0.392125 
vt 0.578398 0.419952 
vt 0.573357 0.371292 
vt 0.555436 0.402333 
vt 0.603742 0.394608 
vt 0.6946 0.417744 
vt 0.634386 0.442686 
vt 0.705212 0.443364 
vt 0.641714 0.460378 
vt 0.644214 0.479364 
vt 0.608982 0.484002 
vt 0.646713 0.49835 
vt 0.610871 0.49835 
vt 0.603742 0.394608 
vt 0.606226 0.314362 
vt 0.573357 0.371292 
vt 0.650226 0.348125 
vt 0.555436 0.402333 
vt 0.537972 0.356636 
vt 0.528695 0.391257 
vt 0.573357 0.371292 
vt 0.540187 0.567955 
vt 0.609563 0.607913 
vt 0.556833 0.555183 
vt 0.577473 0.632537 
vt 0.573357 0.371292 
vt 0.554986 0.293139 
vt 0.537972 0.356636 
vt 0.606226 0.314362 
vt 0.390437 0.388787 
vt 0.443167 0.441517 
vt 0.422527 0.364163 
vt 0.459813 0.428744 
vt 0.577473 0.632537 
vt 0.520802 0.575985 
vt 0.540103 0.648016 
vt 0.540187 0.567955 
vt 0.528695 0.391257 
vt 0.537972 0.356636 
vt 0.5 0.387479 
vt 0.5 0.351637 
vt 0.430395 0.458163 
vt 0.390437 0.388787 
vt 0.365813 0.420877 
vt 0.443167 0.441517 
vt 0.537972 0.356636 
vt 0.554986 0.293139 
vt 0.5 0.351637 
vt 0.5 0.285899 
vt 0.540103 0.648016 
vt 0.5 0.578723 
vt 0.5 0.653296 
vt 0.520802 0.575985 
vt 0.627057 0.571706 
vt 0.705212 0.553336 
vt 0.641714 0.536322 
vt 0.683988 0.604575 
vt 0.5 0.387479 
vt 0.5 0.351637 
vt 0.471305 0.391257 
vt 0.462028 0.356636 
vt 0.5 0.653296 
vt 0.479198 0.575985 
vt 0.459897 0.648016 
vt 0.5 0.578723 
vt 0.5 0.351637 
vt 0.5 0.285899 
vt 0.462028 0.356636 
vt 0.445014 0.293139 
vt 0.578398 0.576747 
vt 0.627057 0.571706 
vt 0.596017 0.553785 
vt 0.603742 0.602092 
vt 0.459897 0.648016 
vt 0.459813 0.567955 
vt 0.422527 0.632537 
vt 0.479198 0.575985 
vt 0.603742 0.602092 
vt 0.683988 0.604575 
vt 0.627057 0.571706 
vt 0.650226 0.648575 
vt 0.422527 0.632537 
vt 0.443167 0.555183 
vt 0.390437 0.607913 
vt 0.459813 0.567955 
vt 0.430395 0.538537 
vt 0.390437 0.607913 
vt 0.443167 0.555183 
vt 0.365813 0.575823 
vt 0.471305 0.391257 
vt 0.462028 0.356636 
vt 0.444565 0.402333 
vt 0.426644 0.371292 
vt 0.462028 0.356636 
vt 0.445014 0.293139 
vt 0.426644 0.371292 
vt 0.393775 0.314362 
vt 0.555436 0.594367 
vt 0.603742 0.602092 
vt 0.578398 0.576747 
vt 0.573357 0.625407 
vt 0.573357 0.625407 
vt 0.650226 0.648575 
vt 0.603742 0.602092 
vt 0.606226 0.682338 
vt 0.751261 0.247089 
vt 0.808192 0.190158 
vt 0.779495 0.283886 
vt 0.842825 0.235292 
vt 0.842825 0.235292 
vt 0.80773 0.320682 
vt 0.877457 0.280425 
vt 0.396258 0.394608 
vt 0.444565 0.402333 
vt 0.426644 0.371292 
vt 0.421603 0.419952 
vt 0.349775 0.348125 
vt 0.426644 0.371292 
vt 0.393775 0.314362 
vt 0.396258 0.394608 
vt 0.573357 0.625407 
vt 0.555436 0.594367 
vt 0.537972 0.640064 
vt 0.528695 0.605443 
vt 0.606226 0.682338 
vt 0.573357 0.625407 
vt 0.554986 0.703561 
vt 0.537972 0.640064 
vt 0.419706 0.080294 
vt 0.419706 0.419706 
vt 0.25 0.00999999 
vt 0.49 0.25 
vt 0.25 0.49 
vt 0.080294 0.080294 
vt 0.080294 0.419706 
vt 0.01 0.25 
vt 0.372943 0.424993 
vt 0.421603 0.419952 
vt 0.396258 0.394608 
vt 0.403983 0.442915 
vt 0.294788 0.553336 
vt 0.181196 0.49835 
vt 0.192059 0.580862 
vt 0.287549 0.49835 
vt 0.353287 0.49835 
vt 0.294788 0.443363 
vt 0.358286 0.460378 
vt 0.316012 0.392125 
vt 0.396258 0.394608 
vt 0.349775 0.348125 
vt 0.372943 0.424993 
vt 0.537972 0.640064 
vt 0.528695 0.605443 
vt 0.5 0.645063 
vt 0.5 0.609221 
vt 0.554986 0.703561 
vt 0.537972 0.640064 
vt 0.5 0.710801 
vt 0.5 0.645063 
vt 0.358286 0.460378 
vt 0.398445 0.456285 
vt 0.365614 0.442685 
vt 0.392907 0.469654 
vt 0.365614 0.442685 
vt 0.403983 0.442915 
vt 0.372943 0.424993 
vt 0.398445 0.456285 
vt 0.5 0.645063 
vt 0.5 0.609221 
vt 0.462028 0.640064 
vt 0.471304 0.605443 
vt 0.294788 0.443363 
vt 0.365614 0.442685 
vt 0.3054 0.417744 
vt 0.358286 0.460378 
vt 0.3054 0.417744 
vt 0.372943 0.424993 
vt 0.316012 0.392125 
vt 0.365614 0.442685 
vt 0.358286 0.536322 
vt 0.287549 0.49835 
vt 0.294788 0.553336 
vt 0.353287 0.49835 
vt 0.389129 0.49835 
vt 0.358286 0.460378 
vt 0.392907 0.469654 
vt 0.5 0.710801 
vt 0.5 0.645063 
vt 0.445014 0.703561 
vt 0.462028 0.640064 
vt 0.462028 0.640064 
vt 0.444565 0.594367 
vt 0.426644 0.625407 
vt 0.471304 0.605443 
vt 0.374118 0.02855 
vt 0.282075 0.120893 
vt 0.256814 0.077139 
vt 0.387194 0.077351 
vt 0.392907 0.527045 
vt 0.353287 0.49835 
vt 0.358286 0.536322 
vt 0.389129 0.49835 
vt 0.445014 0.703561 
vt 0.426644 0.625407 
vt 0.393775 0.682338 
vt 0.462028 0.640064 
vt 0.426644 0.625407 
vt 0.421603 0.576747 
vt 0.396258 0.602092 
vt 0.444565 0.594367 
vt 0.403983 0.553785 
vt 0.358286 0.536322 
vt 0.372943 0.571706 
vt 0.392907 0.527045 
vt 0.396258 0.602092 
vt 0.403983 0.553785 
vt 0.372943 0.571706 
vt 0.421603 0.576747 
vt 0.393775 0.682338 
vt 0.396258 0.602092 
vt 0.349775 0.648575 
vt 0.426644 0.625407 
vt 0.372943 0.571706 
vt 0.294788 0.553336 
vt 0.316012 0.604575 
vt 0.358286 0.536322 
vt 0.349775 0.648575 
vt 0.372943 0.571706 
vt 0.316012 0.604575 
vt 0.396258 0.602092 
vt 0.751261 0.247089 
vt 0.694329 0.304021 
vt 0.677668 0.19062 
vt 0.637411 0.260347 
vt 0.875388 0.960881 
vt 0.875388 0.872288 
vt 0.919685 0.85394 
vt 0.85704 0.916584 
vt 0.919685 0.979229 
vt 0.963981 0.872288 
vt 0.963981 0.960881 
vt 0.982329 0.916584 
vt 0.428871 0.232892 
vt 0.380414 0.291221 
vt 0.362589 0.260347 
vt 0.438098 0.267328 
vt 0.571129 0.232892 
vt 0.5 0.259178 
vt 0.5 0.223528 
vt 0.561902 0.267328 
vt 0.717925 0.120893 
vt 0.677668 0.19062 
vt 0.612806 0.077351 
vt 0.591968 0.155122 
vt 0.612806 0.077351 
vt 0.625882 0.02855 
vt 0.743186 0.077139 
vt 0.5 0.062501 
vt 0.5 0.143014 
vt 0.612806 0.077351 
vt 0.5 0.011978 
vt 0.625882 0.02855 
vt 0.612806 0.077351 
vt 0.5 0.062501 
vt 0.387194 0.077351 
vt 0.5 0.062501 
vt 0.5 0.143014 
vt 0.408032 0.155122 
vt 0.374118 0.02855 
vt 0.387194 0.077351 
vt 0.5 0.011978 
vt 0.322332 0.19062 
vt 0.387194 0.077351 
vt 0.282075 0.120893 
vt 0.751261 0.247089 
vt 0.677668 0.19062 
vt 0.717925 0.120893 
vt 0.808192 0.190158 
vt 0.743186 0.077139 
vt 0.843918 0.154433 
vt 0.717925 0.120893 
vt 0.5 0.223528 
vt 0.438098 0.267328 
vt 0.428871 0.232892 
vt 0.5 0.259178 
vt 0.362589 0.260347 
vt 0.408032 0.155122 
vt 0.322332 0.19062 
vt 0.305672 0.304021 
vt 0.322332 0.19062 
vt 0.24874 0.247089 
vt 0.19227 0.320682 
vt 0.191808 0.190158 
vt 0.122543 0.280425 
vt 0.282075 0.120893 
vt 0.24874 0.247089 
vt 0.191808 0.190158 
vt 0.322332 0.19062 
vt 0.5 0.143014 
vt 0.428871 0.232892 
vt 0.408032 0.155122 
vt 0.5 0.223528 
vt 0.5 0.143014 
vt 0.591968 0.155122 
vt 0.571129 0.232892 
vt 0.5 0.223528 
vt 0.591968 0.155122 
vt 0.677668 0.19062 
vt 0.637411 0.260347 
vt 0.571129 0.232892 
vt 0.829198 0.969465 
vt 0.829198 0.945987 
vt 0.835067 0.945987 
vt 0.835067 0.969465 
vt 0.788112 0.945987 
vt 0.793981 0.969465 
vt 0.788112 0.969465 
vt 0.793981 0.945987 

usemtl Handle2Mtl

f 1840/1840/1840 1841/1841/1841 1842/1842/1842 
f 1843/1843/1843 1844/1844/1844 1845/1845/1845 
f 1846/1846/1846 1844/1844/1844 1847/1847/1847 
f 1847/1847/1847 1848/1848/1848 1846/1846/1846 
f 1849/1849/1849 1850/1850/1850 1851/1851/1851 
f 1850/1850/1850 1849/1849/1849 1852/1852/1852 
f 1853/1853/1853 1852/1852/1852 1849/1849/1849 
f 1852/1852/1852 1853/1853/1853 1854/1854/1854 
f 1855/1855/1855 1856/1856/1856 1857/1857/1857 
f 1856/1856/1856 1855/1855/1855 1858/1858/1858 
f 1859/1859/1859 1860/1860/1860 1861/1861/1861 
f 1862/1862/1862 1863/1863/1863 1864/1864/1864 
f 1865/1865/1865 1864/1864/1864 1863/1863/1863 
f 1864/1864/1864 1865/1865/1865 1866/1866/1866 
f 1867/1867/1867 1868/1868/1868 1869/1869/1869 
f 1870/1870/1870 1871/1871/1871 1872/1872/1872 
f 1871/1871/1871 1870/1870/1870 1873/1873/1873 
f 1874/1874/1874 1871/1871/1871 1873/1873/1873 
f 1871/1871/1871 1874/1874/1874 1875/1875/1875 
f 1874/1874/1874 1876/1876/1876 1875/1875/1875 
f 1874/1874/1874 1877/1877/1877 1876/1876/1876 
f 1877/1877/1877 1878/1878/1878 1879/1879/1879 
f 1880/1880/1880 1881/1881/1881 1870/1870/1870 
f 1880/1880/1880 1882/1882/1882 1881/1881/1881 
f 1882/1882/1882 1883/1883/1883 1884/1884/1884 
f 1885/1885/1885 1886/1886/1886 1883/1883/1883 
f 1865/1865/1865 1887/1887/1887 1888/1888/1888 
f 1889/1889/1889 1888/1888/1888 1887/1887/1887 
f 1888/1888/1888 1889/1889/1889 1890/1890/1890 
f 1890/1890/1890 1891/1891/1891 1892/1892/1892 
f 1892/1892/1892 1893/1893/1893 1894/1894/1894 
f 1895/1895/1895 1893/1893/1893 1896/1896/1896 
f 1897/1897/1897 1898/1898/1898 1899/1899/1899 
f 1900/1900/1900 1901/1901/1901 1897/1897/1897 
f 1902/1902/1902 1903/1903/1903 1900/1900/1900 
f 1904/1904/1904 1905/1905/1905 1902/1902/1902 
f 1904/1904/1904 1906/1906/1906 1905/1905/1905 
f 1907/1907/1907 1908/1908/1908 1909/1909/1909 
f 1910/1910/1910 1909/1909/1909 1908/1908/1908 
f 1910/1910/1910 1908/1908/1908 1911/1911/1911 
f 1912/1912/1912 1911/1911/1911 1913/1913/1913 
f 1914/1914/1914 1915/1915/1915 1916/1916/1916 
f 1916/1916/1916 1917/1917/1917 1914/1914/1914 
f 1918/1918/1918 1919/1919/1919 1920/1920/1920 
f 1919/1919/1919 1918/1918/1918 1921/1921/1921 
f 1922/1922/1922 1923/1923/1923 1924/1924/1924 
f 1923/1923/1923 1922/1922/1922 1925/1925/1925 
f 1926/1926/1926 1927/1927/1927 1928/1928/1928 
f 1927/1927/1927 1926/1926/1926 1929/1929/1929 
f 1930/1930/1930 1931/1931/1931 1932/1932/1932 
f 1931/1931/1931 1930/1930/1930 1933/1933/1933 
f 1934/1934/1934 1935/1935/1935 1936/1936/1936 
f 1935/1935/1935 1934/1934/1934 1937/1937/1937 
f 1938/1938/1938 1939/1939/1939 1940/1940/1940 
f 1938/1938/1938 1941/1941/1941 1939/1939/1939 
f 1942/1942/1942 1943/1943/1943 1944/1944/1944 
f 1943/1943/1943 1942/1942/1942 1945/1945/1945 
f 1946/1946/1946 1947/1947/1947 1948/1948/1948 
f 1947/1947/1947 1946/1946/1946 1949/1949/1949 
f 1950/1950/1950 1951/1951/1951 1952/1952/1952 
f 1951/1951/1951 1950/1950/1950 1953/1953/1953 
f 1954/1954/1954 1955/1955/1955 1951/1951/1951 
f 1955/1955/1955 1954/1954/1954 1956/1956/1956 
f 1957/1957/1957 1958/1958/1958 1959/1959/1959 
f 1960/1960/1960 1961/1961/1961 1962/1962/1962 
f 1962/1962/1962 1963/1963/1963 1960/1960/1960 
f 1964/1964/1964 1965/1965/1965 1963/1963/1963 
f 1965/1965/1965 1964/1964/1964 1966/1966/1966 
f 1967/1967/1967 1968/1968/1968 1969/1969/1969 
f 1967/1967/1967 1969/1969/1969 1970/1970/1970 
f 1971/1971/1971 1972/1972/1972 1973/1973/1973 
f 1971/1971/1971 1973/1973/1973 1974/1974/1974 
f 1975/1975/1975 1976/1976/1976 1977/1977/1977 
f 1976/1976/1976 1975/1975/1975 1978/1978/1978 
f 1978/1978/1978 1979/1979/1979 1980/1980/1980 
f 1979/1979/1979 1978/1978/1978 1981/1981/1981 
f 1982/1982/1982 1983/1983/1983 1984/1984/1984 
f 1982/1982/1982 1984/1984/1984 1985/1985/1985 
f 1986/1986/1986 1987/1987/1987 1988/1988/1988 
f 1986/1986/1986 1988/1988/1988 1989/1989/1989 
f 1990/1990/1990 1991/1991/1991 1989/1989/1989 
f 1992/1992/1992 1993/1993/1993 1994/1994/1994 
f 1992/1992/1992 1995/1995/1995 1993/1993/1993 
f 1996/1996/1996 1993/1993/1993 1997/1997/1997 
f 1996/1996/1996 1997/1997/1997 1998/1998/1998 
f 1999/1999/1999 2000/2000/2000 2001/2001/2001 
f 2000/2000/2000 1999/1999/1999 2002/2002/2002 
f 2003/2003/2003 2004/2004/2004 2005/2005/2005 
f 2004/2004/2004 2006/2006/2006 2005/2005/2005 
f 2007/2007/2007 2008/2008/2008 2009/2009/2009 
f 2008/2008/2008 2007/2007/2007 2010/2010/2010 
f 2011/2011/2011 2012/2012/2012 2013/2013/2013 
f 2013/2013/2013 2014/2014/2014 2011/2011/2011 
f 2015/2015/2015 2016/2016/2016 2017/2017/2017 
f 2016/2016/2016 2015/2015/2015 2018/2018/2018 
f 2019/2019/2019 2020/2020/2020 2021/2021/2021 
f 2020/2020/2020 2022/2022/2022 2021/2021/2021 
f 2023/2023/2023 2024/2024/2024 2025/2025/2025 
f 2024/2024/2024 2023/2023/2023 2026/2026/2026 
f 2027/2027/2027 2028/2028/2028 2029/2029/2029 
f 2029/2029/2029 2030/2030/2030 2027/2027/2027 
f 2031/2031/2031 2032/2032/2032 2033/2033/2033 
f 2032/2032/2032 2034/2034/2034 2033/2033/2033 
f 2035/2035/2035 2036/2036/2036 2037/2037/2037 
f 2036/2036/2036 2038/2038/2038 2037/2037/2037 
f 2039/2039/2039 2040/2040/2040 2041/2041/2041 
f 2040/2040/2040 2039/2039/2039 2042/2042/2042 
f 2043/2043/2043 2044/2044/2044 2045/2045/2045 
f 2044/2044/2044 2043/2043/2043 2046/2046/2046 
f 2047/2047/2047 2048/2048/2048 2049/2049/2049 
f 2048/2048/2048 2050/2050/2050 2049/2049/2049 
f 2051/2051/2051 2052/2052/2052 2053/2053/2053 
f 2053/2053/2053 2054/2054/2054 2051/2051/2051 
f 2055/2055/2055 2056/2056/2056 2057/2057/2057 
f 2057/2057/2057 2058/2058/2058 2055/2055/2055 
f 2059/2059/2059 2060/2060/2060 2061/2061/2061 
f 2060/2060/2060 2062/2062/2062 2061/2061/2061 
f 2063/2063/2063 2064/2064/2064 2065/2065/2065 
f 2064/2064/2064 2063/2063/2063 2066/2066/2066 
f 2067/2067/2067 2068/2068/2068 2065/2065/2065 
f 2068/2068/2068 2067/2067/2067 2069/2069/2069 
f 2070/2070/2070 2071/2071/2071 2072/2072/2072 
f 2071/2071/2071 2070/2070/2070 2073/2073/2073 
f 2074/2074/2074 2075/2075/2075 2076/2076/2076 
f 2077/2077/2077 2076/2076/2076 2075/2075/2075 
f 2078/2078/2078 2079/2079/2079 2080/2080/2080 
f 2079/2079/2079 2078/2078/2078 2081/2081/2081 
f 2080/2080/2080 2082/2082/2082 2083/2083/2083 
f 2082/2082/2082 2080/2080/2080 2084/2084/2084 
f 2085/2085/2085 2086/2086/2086 2087/2087/2087 
f 2088/2088/2088 2087/2087/2087 2086/2086/2086 
f 2089/2089/2089 2090/2090/2090 2091/2091/2091 
f 2092/2092/2092 2091/2091/2091 2090/2090/2090 
f 2093/2093/2093 2094/2094/2094 2095/2095/2095 
f 2094/2094/2094 2093/2093/2093 2096/2096/2096 
f 2097/2097/2097 2098/2098/2098 2095/2095/2095 
f 2098/2098/2098 2097/2097/2097 2099/2099/2099 
f 2099/2099/2099 2100/2100/2100 2101/2101/2101 
f 2100/2100/2100 2102/2102/2102 2101/2101/2101 
f 2103/2103/2103 2104/2104/2104 2105/2105/2105 
f 2106/2106/2106 2105/2105/2105 2104/2104/2104 
f 2107/2107/2107 2108/2108/2108 2109/2109/2109 
f 2110/2110/2110 2109/2109/2109 2108/2108/2108 
f 2111/2111/2111 2112/2112/2112 2113/2113/2113 
f 2112/2112/2112 2111/2111/2111 2114/2114/2114 
f 2115/2115/2115 2116/2116/2116 2117/2117/2117 
f 2116/2116/2116 2115/2115/2115 2118/2118/2118 
f 2119/2119/2119 2120/2120/2120 2121/2121/2121 
f 2120/2120/2120 2119/2119/2119 2122/2122/2122 
f 2123/2123/2123 2124/2124/2124 2125/2125/2125 
f 2124/2124/2124 2123/2123/2123 2126/2126/2126 
f 2127/2127/2127 2126/2126/2126 2123/2123/2123 
f 2127/2127/2127 2128/2128/2128 2126/2126/2126 
f 2128/2128/2128 2127/2127/2127 2129/2129/2129 
f 2128/2128/2128 2129/2129/2129 2130/2130/2130 
f 2131/2131/2131 2132/2132/2132 2133/2133/2133 
f 2132/2132/2132 2131/2131/2131 2134/2134/2134 
f 2135/2135/2135 2136/2136/2136 2137/2137/2137 
f 2136/2136/2136 2138/2138/2138 2137/2137/2137 
f 2139/2139/2139 2140/2140/2140 2141/2141/2141 
f 2140/2140/2140 2139/2139/2139 2142/2142/2142 
f 2143/2143/2143 2144/2144/2144 2145/2145/2145 
f 2146/2146/2146 2147/2147/2147 2148/2148/2148 
f 2147/2147/2147 2149/2149/2149 2148/2148/2148 
f 2150/2150/2150 2151/2151/2151 2152/2152/2152 
f 2151/2151/2151 2150/2150/2150 2153/2153/2153 
f 2154/2154/2154 2155/2155/2155 2156/2156/2156 
f 2155/2155/2155 2154/2154/2154 2157/2157/2157 
f 2158/2158/2158 2155/2155/2155 2159/2159/2159 
f 2160/2160/2160 2161/2161/2161 2158/2158/2158 
f 2161/2161/2161 2160/2160/2160 2162/2162/2162 
f 2163/2163/2163 2164/2164/2164 2165/2165/2165 
f 2165/2165/2165 2164/2164/2164 2166/2166/2166 
f 2167/2167/2167 2168/2168/2168 2169/2169/2169 
f 2167/2167/2167 2169/2169/2169 2170/2170/2170 
f 2171/2171/2171 2172/2172/2172 2173/2173/2173 
f 2172/2172/2172 2174/2174/2174 2173/2173/2173 
f 2175/2175/2175 2176/2176/2176 2177/2177/2177 
f 2176/2176/2176 2175/2175/2175 2178/2178/2178 
f 2179/2179/2179 2180/2180/2180 2181/2181/2181 
f 2181/2181/2181 2180/2180/2180 2182/2182/2182 
f 2183/2183/2183 2184/2184/2184 2185/2185/2185 
f 2184/2184/2184 2183/2183/2183 2186/2186/2186 
f 2187/2187/2187 2188/2188/2188 2189/2189/2189 
f 2188/2188/2188 2190/2190/2190 2189/2189/2189 
f 2191/2191/2191 2192/2192/2192 2193/2193/2193 
f 2192/2192/2192 2191/2191/2191 2194/2194/2194 
f 2195/2195/2195 2196/2196/2196 2197/2197/2197 
f 2198/2198/2198 2197/2197/2197 2196/2196/2196 
f 2199/2199/2199 2200/2200/2200 2201/2201/2201 
f 2202/2202/2202 2201/2201/2201 2200/2200/2200 
f 2203/2203/2203 2204/2204/2204 2202/2202/2202 
f 2204/2204/2204 2203/2203/2203 2205/2205/2205 
f 2206/2206/2206 2207/2207/2207 2208/2208/2208 
f 2207/2207/2207 2209/2209/2209 2208/2208/2208 
f 2210/2210/2210 2211/2211/2211 2212/2212/2212 
f 2213/2213/2213 2212/2212/2212 2211/2211/2211 
f 2214/2214/2214 2215/2215/2215 2216/2216/2216 
f 2215/2215/2215 2214/2214/2214 2217/2217/2217 
f 2214/2214/2214 2218/2218/2218 2219/2219/2219 
f 2218/2218/2218 2214/2214/2214 2220/2220/2220 
f 2221/2221/2221 2222/2222/2222 2223/2223/2223 
f 2222/2222/2222 2221/2221/2221 2224/2224/2224 
f 2225/2225/2225 2226/2226/2226 2227/2227/2227 
f 2226/2226/2226 2225/2225/2225 2228/2228/2228 
f 2229/2229/2229 2230/2230/2230 2231/2231/2231 
f 2230/2230/2230 2229/2229/2229 2232/2232/2232 
f 2233/2233/2233 2234/2234/2234 2235/2235/2235 
f 2233/2233/2233 2236/2236/2236 2234/2234/2234 
f 2236/2236/2236 2233/2233/2233 2237/2237/2237 
f 2234/2234/2234 2238/2238/2238 2235/2235/2235 
f 2235/2235/2235 2238/2238/2238 2239/2239/2239 
f 2238/2238/2238 2240/2240/2240 2239/2239/2239 
f 2238/2238/2238 2241/2241/2241 2242/2242/2242 
f 2242/2242/2242 2243/2243/2243 2238/2238/2238 
f 2238/2238/2238 2243/2243/2243 2244/2244/2244 
f 2243/2243/2243 2245/2245/2245 2244/2244/2244 
f 2246/2246/2246 2247/2247/2247 2248/2248/2248 
f 2247/2247/2247 2246/2246/2246 2249/2249/2249 
f 2250/2250/2250 2251/2251/2251 2252/2252/2252 
f 2251/2251/2251 2250/2250/2250 2253/2253/2253 
f 2254/2254/2254 2255/2255/2255 2256/2256/2256 
f 2257/2257/2257 2255/2255/2255 2254/2254/2254 
f 2255/2255/2255 2257/2257/2257 2258/2258/2258 
f 2258/2258/2258 2257/2257/2257 2259/2259/2259 
f 2259/2259/2259 2260/2260/2260 2258/2258/2258 
f 2260/2260/2260 2259/2259/2259 2261/2261/2261 
f 2262/2262/2262 2263/2263/2263 2264/2264/2264 
f 2263/2263/2263 2262/2262/2262 2265/2265/2265 
f 2266/2266/2266 2267/2267/2267 2268/2268/2268 
f 2267/2267/2267 2266/2266/2266 2269/2269/2269 
f 2270/2270/2270 2271/2271/2271 2272/2272/2272 
f 2271/2271/2271 2270/2270/2270 2273/2273/2273 
f 2274/2274/2274 2275/2275/2275 2276/2276/2276 
f 2276/2276/2276 2277/2277/2277 2274/2274/2274 
f 2278/2278/2278 2279/2279/2279 2280/2280/2280 
f 2279/2279/2279 2278/2278/2278 2281/2281/2281 
f 2282/2282/2282 2283/2283/2283 2284/2284/2284 
f 2283/2283/2283 2282/2282/2282 2285/2285/2285 
f 2286/2286/2286 2287/2287/2287 2288/2288/2288 
f 2287/2287/2287 2286/2286/2286 2289/2289/2289 
f 2290/2290/2290 2291/2291/2291 2292/2292/2292 
f 2292/2292/2292 2291/2291/2291 2293/2293/2293 
f 2294/2294/2294 2295/2295/2295 2290/2290/2290 
f 2295/2295/2295 2294/2294/2294 2296/2296/2296 
f 2297/2297/2297 2298/2298/2298 2293/2293/2293 
f 2298/2298/2298 2297/2297/2297 2299/2299/2299 
f 2300/2300/2300 2301/2301/2301 2302/2302/2302 
f 2302/2302/2302 2301/2301/2301 2303/2303/2303 
f 2304/2304/2304 2305/2305/2305 2306/2306/2306 
f 2307/2307/2307 2306/2306/2306 2305/2305/2305 
f 2308/2308/2308 2309/2309/2309 2307/2307/2307 
f 2309/2309/2309 2308/2308/2308 2310/2310/2310 
f 2311/2311/2311 2312/2312/2312 2313/2313/2313 
f 2312/2312/2312 2311/2311/2311 2314/2314/2314 
f 2315/2315/2315 2316/2316/2316 2317/2317/2317 
f 2316/2316/2316 2315/2315/2315 2318/2318/2318 
f 2319/2319/2319 2320/2320/2320 2321/2321/2321 
f 2319/2319/2319 2321/2321/2321 2322/2322/2322 
f 2323/2323/2323 2324/2324/2324 2325/2325/2325 
f 2324/2324/2324 2323/2323/2323 2326/2326/2326 
f 2327/2327/2327 2328/2328/2328 2329/2329/2329 
f 2328/2328/2328 2327/2327/2327 2330/2330/2330 
f 2331/2331/2331 2332/2332/2332 2333/2333/2333 
f 2332/2332/2332 2331/2331/2331 2334/2334/2334 
f 2335/2335/2335 2336/2336/2336 2337/2337/2337 
f 2336/2336/2336 2338/2338/2338 2337/2337/2337 
f 2339/2339/2339 2340/2340/2340 2341/2341/2341 
f 2340/2340/2340 2339/2339/2339 2342/2342/2342 
f 2343/2343/2343 2344/2344/2344 2345/2345/2345 
f 2344/2344/2344 2343/2343/2343 2346/2346/2346 
f 2347/2347/2347 2348/2348/2348 2349/2349/2349 
f 2348/2348/2348 2347/2347/2347 2350/2350/2350 
f 2351/2351/2351 2352/2352/2352 2353/2353/2353 
f 2352/2352/2352 2351/2351/2351 2354/2354/2354 
f 2355/2355/2355 2356/2356/2356 2357/2357/2357 
f 2356/2356/2356 2358/2358/2358 2357/2357/2357 
f 2359/2359/2359 2360/2360/2360 2361/2361/2361 
f 2360/2360/2360 2359/2359/2359 2362/2362/2362 
f 2363/2363/2363 2364/2364/2364 2365/2365/2365 
f 2364/2364/2364 2363/2363/2363 2366/2366/2366 
f 2367/2367/2367 2368/2368/2368 2369/2369/2369 
f 2368/2368/2368 2367/2367/2367 2370/2370/2370 
f 2371/2371/2371 2372/2372/2372 2373/2373/2373 
f 2372/2372/2372 2371/2371/2371 2374/2374/2374 
f 2375/2375/2375 2376/2376/2376 2377/2377/2377 
f 2376/2376/2376 2375/2375/2375 2378/2378/2378 
f 2379/2379/2379 2380/2380/2380 2381/2381/2381 
f 2381/2381/2381 2380/2380/2380 2382/2382/2382 
f 2383/2383/2383 2384/2384/2384 2385/2385/2385 
f 2383/2383/2383 2385/2385/2385 2386/2386/2386 
f 2387/2387/2387 2388/2388/2388 2389/2389/2389 
f 2388/2388/2388 2387/2387/2387 2390/2390/2390 
f 2391/2391/2391 2392/2392/2392 2393/2393/2393 
f 2392/2392/2392 2391/2391/2391 2394/2394/2394 
f 2395/2395/2395 2396/2396/2396 2397/2397/2397 
f 2398/2398/2398 2397/2397/2397 2396/2396/2396 
f 2399/2399/2399 2400/2400/2400 2401/2401/2401 
f 2400/2400/2400 2399/2399/2399 2402/2402/2402 
f 2400/2400/2400 2403/2403/2403 2401/2401/2401 
f 2403/2403/2403 2400/2400/2400 2404/2404/2404 
f 2405/2405/2405 2403/2403/2403 2404/2404/2404 
f 2403/2403/2403 2405/2405/2405 2406/2406/2406 
f 2407/2407/2407 2408/2408/2408 2409/2409/2409 
f 2410/2410/2410 2411/2411/2411 2412/2412/2412 
f 2411/2411/2411 2410/2410/2410 2413/2413/2413 
f 2414/2414/2414 2415/2415/2415 2416/2416/2416 
f 2415/2415/2415 2414/2414/2414 2417/2417/2417 
f 2418/2418/2418 2419/2419/2419 2420/2420/2420 
f 2420/2420/2420 2419/2419/2419 2421/2421/2421 
f 2422/2422/2422 2423/2423/2423 2424/2424/2424 
f 2423/2423/2423 2422/2422/2422 2425/2425/2425 
f 2422/2422/2422 2426/2426/2426 2427/2427/2427 
f 2426/2426/2426 2422/2422/2422 2428/2428/2428 
f 2429/2429/2429 2430/2430/2430 2431/2431/2431 
f 2430/2430/2430 2429/2429/2429 2432/2432/2432 
f 2429/2429/2429 2433/2433/2433 2434/2434/2434 
f 2435/2435/2435 2433/2433/2433 2429/2429/2429 
f 2436/2436/2436 2437/2437/2437 2438/2438/2438 
f 2437/2437/2437 2436/2436/2436 2439/2439/2439 
f 2440/2440/2440 2441/2441/2441 2442/2442/2442 
f 2442/2442/2442 2441/2441/2441 2443/2443/2443 
f 2444/2444/2444 2445/2445/2445 2446/2446/2446 
f 2446/2446/2446 2445/2445/2445 2447/2447/2447 
f 2448/2448/2448 2449/2449/2449 2447/2447/2447 
f 2449/2449/2449 2448/2448/2448 2450/2450/2450 
f 2451/2451/2451 2452/2452/2452 2453/2453/2453 
f 2453/2453/2453 2452/2452/2452 2454/2454/2454 
f 2455/2455/2455 2456/2456/2456 2457/2457/2457 
f 2456/2456/2456 2455/2455/2455 2458/2458/2458 
f 2459/2459/2459 2460/2460/2460 2461/2461/2461 
f 2461/2461/2461 2460/2460/2460 2462/2462/2462 
f 2463/2463/2463 2464/2464/2464 2465/2465/2465 
f 2464/2464/2464 2463/2463/2463 2466/2466/2466 
f 2467/2467/2467 2468/2468/2468 2469/2469/2469 
f 2469/2469/2469 2468/2468/2468 2470/2470/2470 
f 2471/2471/2471 2472/2472/2472 2473/2473/2473 
f 2472/2472/2472 2471/2471/2471 2474/2474/2474 
f 2475/2475/2475 2476/2476/2476 2474/2474/2474 
f 2476/2476/2476 2475/2475/2475 2477/2477/2477 
f 2478/2478/2478 2479/2479/2479 2480/2480/2480 
f 2479/2479/2479 2478/2478/2478 2481/2481/2481 
f 2482/2482/2482 2483/2483/2483 2484/2484/2484 
f 2483/2483/2483 2482/2482/2482 2485/2485/2485 
f 2486/2486/2486 2487/2487/2487 2488/2488/2488 
f 2488/2488/2488 2487/2487/2487 2489/2489/2489 
f 2490/2490/2490 2491/2491/2491 2492/2492/2492 
f 2491/2491/2491 2490/2490/2490 2493/2493/2493 
f 2494/2494/2494 2495/2495/2495 2496/2496/2496 
f 2496/2496/2496 2495/2495/2495 2497/2497/2497 
f 2498/2498/2498 2499/2499/2499 2500/2500/2500 
f 2499/2499/2499 2498/2498/2498 2501/2501/2501 
f 2502/2502/2502 2503/2503/2503 2498/2498/2498 
f 2503/2503/2503 2502/2502/2502 2504/2504/2504 
f 2505/2505/2505 2506/2506/2506 2507/2507/2507 
f 2506/2506/2506 2505/2505/2505 2508/2508/2508 
f 2509/2509/2509 2510/2510/2510 2511/2511/2511 
f 2510/2510/2510 2509/2509/2509 2512/2512/2512 
f 2511/2511/2511 2513/2513/2513 2514/2514/2514 
f 2514/2514/2514 2513/2513/2513 2515/2515/2515 
f 2516/2516/2516 2517/2517/2517 2518/2518/2518 
f 2517/2517/2517 2516/2516/2516 2519/2519/2519 
f 2517/2517/2517 2520/2520/2520 2518/2518/2518 
f 2521/2521/2521 2516/2516/2516 2522/2522/2522 
f 2516/2516/2516 2521/2521/2521 2523/2523/2523 
f 2523/2523/2523 2524/2524/2524 2517/2517/2517 
f 2520/2520/2520 2517/2517/2517 2524/2524/2524 
f 2525/2525/2525 2526/2526/2526 2527/2527/2527 
f 2526/2526/2526 2525/2525/2525 2528/2528/2528 
f 2529/2529/2529 2530/2530/2530 2528/2528/2528 
f 2530/2530/2530 2529/2529/2529 2531/2531/2531 
f 2531/2531/2531 2532/2532/2532 2533/2533/2533 
f 2532/2532/2532 2531/2531/2531 2534/2534/2534 
f 2535/2535/2535 2536/2536/2536 2537/2537/2537 
f 2536/2536/2536 2535/2535/2535 2538/2538/2538 
f 2539/2539/2539 2540/2540/2540 2541/2541/2541 
f 2541/2541/2541 2540/2540/2540 2542/2542/2542 
f 2543/2543/2543 2544/2544/2544 2545/2545/2545 
f 2544/2544/2544 2543/2543/2543 2546/2546/2546 
f 2547/2547/2547 2548/2548/2548 2549/2549/2549 
f 2548/2548/2548 2547/2547/2547 2550/2550/2550 
f 2551/2551/2551 2552/2552/2552 2553/2553/2553 
f 2553/2553/2553 2552/2552/2552 2554/2554/2554 
f 2555/2555/2555 2556/2556/2556 2552/2552/2552 
f 2557/2557/2557 2556/2556/2556 2555/2555/2555 
f 2558/2558/2558 2559/2559/2559 2560/2560/2560 
f 2561/2561/2561 2560/2560/2560 2559/2559/2559 
f 2562/2562/2562 2563/2563/2563 2561/2561/2561 
f 2563/2563/2563 2562/2562/2562 2564/2564/2564 
f 2565/2565/2565 2566/2566/2566 2567/2567/2567 
f 2566/2566/2566 2568/2568/2568 2567/2567/2567 
f 2569/2569/2569 2570/2570/2570 2571/2571/2571 
f 2569/2569/2569 2571/2571/2571 2572/2572/2572 
f 2569/2569/2569 2573/2573/2573 2570/2570/2570 
f 2569/2569/2569 2574/2574/2574 2573/2573/2573 
f 2573/2573/2573 2574/2574/2574 2575/2575/2575 
f 2576/2576/2576 2575/2575/2575 2574/2574/2574 
f 2577/2577/2577 2575/2575/2575 2576/2576/2576 
f 2569/2569/2569 2572/2572/2572 2578/2578/2578 
f 2569/2569/2569 2578/2578/2578 2579/2579/2579 
f 2580/2580/2580 2581/2581/2581 2578/2578/2578 
f 2580/2580/2580 2582/2582/2582 2581/2581/2581 
f 2583/2583/2583 2582/2582/2582 2580/2580/2580 
f 2581/2581/2581 2235/2235/2235 2578/2578/2578 
f 2584/2584/2584 2585/2585/2585 2582/2582/2582 
f 2585/2585/2585 2584/2584/2584 2586/2586/2586 
f 2578/2578/2578 2235/2235/2235 2587/2587/2587 
f 2588/2588/2588 2587/2587/2587 2235/2235/2235 
f 2589/2589/2589 2587/2587/2587 2588/2588/2588 
f 2587/2587/2587 2589/2589/2589 2590/2590/2590 
f 2590/2590/2590 2589/2589/2589 2591/2591/2591 
f 2592/2592/2592 2591/2591/2591 2589/2589/2589 
f 2593/2593/2593 2594/2594/2594 2592/2592/2592 
f 2594/2594/2594 2593/2593/2593 2595/2595/2595 
f 2596/2596/2596 2595/2595/2595 2597/2597/2597 
f 2595/2595/2595 2596/2596/2596 2598/2598/2598 
f 2599/2599/2599 2600/2600/2600 2601/2601/2601 
f 2600/2600/2600 2599/2599/2599 2602/2602/2602 
f 2603/2603/2603 2604/2604/2604 2605/2605/2605 
f 2606/2606/2606 2605/2605/2605 2604/2604/2604 
f 2607/2607/2607 2605/2605/2605 2606/2606/2606 
f 2605/2605/2605 2607/2607/2607 2608/2608/2608 
f 2609/2609/2609 2610/2610/2610 2607/2607/2607 
f 2610/2610/2610 2609/2609/2609 2611/2611/2611 
f 2612/2612/2612 2613/2613/2613 2614/2614/2614 
f 2613/2613/2613 2612/2612/2612 2615/2615/2615 
f 2616/2616/2616 2617/2617/2617 2618/2618/2618 
f 2617/2617/2617 2616/2616/2616 2619/2619/2619 
f 2620/2620/2620 2621/2621/2621 2617/2617/2617 
f 2621/2621/2621 2620/2620/2620 2622/2622/2622 
f 2623/2623/2623 2624/2624/2624 2625/2625/2625 
f 2624/2624/2624 2623/2623/2623 2626/2626/2626 
f 2627/2627/2627 2628/2628/2628 2629/2629/2629 
f 2629/2629/2629 2630/2630/2630 2627/2627/2627 
f 2631/2631/2631 2627/2627/2627 2630/2630/2630 
f 2632/2632/2632 2631/2631/2631 2633/2633/2633 
f 2634/2634/2634 2632/2632/2632 2635/2635/2635 
f 2636/2636/2636 2518/2518/2518 2400/2400/2400 
f 2518/2518/2518 2637/2637/2637 2400/2400/2400 
f 2518/2518/2518 2636/2636/2636 2638/2638/2638 
f 2636/2636/2636 2639/2639/2639 2638/2638/2638 
f 2639/2639/2639 2636/2636/2636 2640/2640/2640 
f 2637/2637/2637 2518/2518/2518 2641/2641/2641 
f 2642/2642/2642 2637/2637/2637 2641/2641/2641 
f 2637/2637/2637 2642/2642/2642 2643/2643/2643 
f 2644/2644/2644 2642/2642/2642 2645/2645/2645 
f 2645/2645/2645 2642/2642/2642 2646/2646/2646 
f 2647/2647/2647 2648/2648/2648 2646/2646/2646 
f 2648/2648/2648 2647/2647/2647 2649/2649/2649 
f 2650/2650/2650 2647/2647/2647 2651/2651/2651 
f 2652/2652/2652 2651/2651/2651 2647/2647/2647 
f 2653/2653/2653 2654/2654/2654 2652/2652/2652 
f 2654/2654/2654 2653/2653/2653 2655/2655/2655 
f 2656/2656/2656 2657/2657/2657 2658/2658/2658 
f 2657/2657/2657 2656/2656/2656 2659/2659/2659 
f 2660/2660/2660 2661/2661/2661 2662/2662/2662 
f 2661/2661/2661 2663/2663/2663 2662/2662/2662 
f 2664/2664/2664 2665/2665/2665 2666/2666/2666 
f 2665/2665/2665 2664/2664/2664 2667/2667/2667 
f 2668/2668/2668 2524/2524/2524 2523/2523/2523 
f 2669/2669/2669 2524/2524/2524 2668/2668/2668 
f 2670/2670/2670 2524/2524/2524 2669/2669/2669 
f 2521/2521/2521 2671/2671/2671 2672/2672/2672 
f 2671/2671/2671 2673/2673/2673 2672/2672/2672 
f 2672/2672/2672 2674/2674/2674 2675/2675/2675 
f 2674/2674/2674 2676/2676/2676 2675/2675/2675 
f 2677/2677/2677 2676/2676/2676 2678/2678/2678 
f 2679/2679/2679 2678/2678/2678 2676/2676/2676 
f 2670/2670/2670 2569/2569/2569 2524/2524/2524 
f 2680/2680/2680 2569/2569/2569 2670/2670/2670 
f 2574/2574/2574 2569/2569/2569 2680/2680/2680 
f 2569/2569/2569 2681/2681/2681 2524/2524/2524 
f 2524/2524/2524 2681/2681/2681 2682/2682/2682 
f 2682/2682/2682 2520/2520/2520 2524/2524/2524 
f 2520/2520/2520 2682/2682/2682 2683/2683/2683 
f 2683/2683/2683 2682/2682/2682 2684/2684/2684 
f 2684/2684/2684 2682/2682/2682 2685/2685/2685 
f 2686/2686/2686 2684/2684/2684 2685/2685/2685 
f 2684/2684/2684 2686/2686/2686 2687/2687/2687 
f 2681/2681/2681 2688/2688/2688 2689/2689/2689 
f 2569/2569/2569 2688/2688/2688 2681/2681/2681 
f 2688/2688/2688 2690/2690/2690 2691/2691/2691 
f 2688/2688/2688 2692/2692/2692 2690/2690/2690 
f 2688/2688/2688 2693/2693/2693 2692/2692/2692 
f 2688/2688/2688 2694/2694/2694 2693/2693/2693 
f 2569/2569/2569 2694/2694/2694 2688/2688/2688 
f 2695/2695/2695 2693/2693/2693 2696/2696/2696 
f 2693/2693/2693 2695/2695/2695 2565/2565/2565 
f 2569/2569/2569 2697/2697/2697 2694/2694/2694 
f 2697/2697/2697 2569/2569/2569 2698/2698/2698 
f 2698/2698/2698 2569/2569/2569 2699/2699/2699 
f 2700/2700/2700 2701/2701/2701 2702/2702/2702 
f 2701/2701/2701 2700/2700/2700 2703/2703/2703 
f 2704/2704/2704 2705/2705/2705 2703/2703/2703 
f 2704/2704/2704 2706/2706/2706 2705/2705/2705 
f 2701/2701/2701 2707/2707/2707 2708/2708/2708 
f 2708/2708/2708 2709/2709/2709 2701/2701/2701 
f 2710/2710/2710 2711/2711/2711 2701/2701/2701 
f 2711/2711/2711 2710/2710/2710 2712/2712/2712 
f 2713/2713/2713 2714/2714/2714 2710/2710/2710 
f 2714/2714/2714 2713/2713/2713 2715/2715/2715 
f 2716/2716/2716 2717/2717/2717 2718/2718/2718 
f 2717/2717/2717 2716/2716/2716 2719/2719/2719 
f 2720/2720/2720 2721/2721/2721 2722/2722/2722 
f 2721/2721/2721 2720/2720/2720 2723/2723/2723 
f 2724/2724/2724 2725/2725/2725 2726/2726/2726 
f 2727/2727/2727 2728/2728/2728 2729/2729/2729 
f 2728/2728/2728 2727/2727/2727 2730/2730/2730 
f 2731/2731/2731 2730/2730/2730 2727/2727/2727 
f 2727/2727/2727 2732/2732/2732 2731/2731/2731 
f 2733/2733/2733 2734/2734/2734 2735/2735/2735 
f 2736/2736/2736 2733/2733/2733 2735/2735/2735 
f 2736/2736/2736 2735/2735/2735 2737/2737/2737 
f 2737/2737/2737 2738/2738/2738 2736/2736/2736 
f 2738/2738/2738 2737/2737/2737 2739/2739/2739 
f 2740/2740/2740 2741/2741/2741 2742/2742/2742 
f 2741/2741/2741 2740/2740/2740 2743/2743/2743 
f 2744/2744/2744 2740/2740/2740 2742/2742/2742 
f 2742/2742/2742 2745/2745/2745 2744/2744/2744 
f 2746/2746/2746 2744/2744/2744 2747/2747/2747 
f 2747/2747/2747 2748/2748/2748 2746/2746/2746 
f 2749/2749/2749 2750/2750/2750 2751/2751/2751 
f 2752/2752/2752 2753/2753/2753 2754/2754/2754 
f 2753/2753/2753 2752/2752/2752 2755/2755/2755 
f 2756/2756/2756 2757/2757/2757 2758/2758/2758 
f 2757/2757/2757 2756/2756/2756 2759/2759/2759 
f 2760/2760/2760 2761/2761/2761 2762/2762/2762 
f 2761/2761/2761 2760/2760/2760 2763/2763/2763 
f 2764/2764/2764 2765/2765/2765 2766/2766/2766 
f 2765/2765/2765 2764/2764/2764 2767/2767/2767 
f 2768/2768/2768 2769/2769/2769 2766/2766/2766 
f 2770/2770/2770 2769/2769/2769 2768/2768/2768 
f 2771/2771/2771 2772/2772/2772 2773/2773/2773 
f 2774/2774/2774 2773/2773/2773 2775/2775/2775 
f 2774/2774/2774 2775/2775/2775 2776/2776/2776 
f 2777/2777/2777 2778/2778/2778 2779/2779/2779 
f 2778/2778/2778 2777/2777/2777 2780/2780/2780 
f 2781/2781/2781 2782/2782/2782 2783/2783/2783 
f 2784/2784/2784 2785/2785/2785 2786/2786/2786 
f 2785/2785/2785 2784/2784/2784 2787/2787/2787 
f 2788/2788/2788 2789/2789/2789 2790/2790/2790 
f 2791/2791/2791 2792/2792/2792 2793/2793/2793 
f 2792/2792/2792 2791/2791/2791 2794/2794/2794 
f 2795/2795/2795 2796/2796/2796 2797/2797/2797 
f 2796/2796/2796 2795/2795/2795 2798/2798/2798 
f 2799/2799/2799 2800/2800/2800 2801/2801/2801 
f 2800/2800/2800 2799/2799/2799 2802/2802/2802 
f 2803/2803/2803 2804/2804/2804 2805/2805/2805 
f 2804/2804/2804 2803/2803/2803 2806/2806/2806 
f 2807/2807/2807 2806/2806/2806 2808/2808/2808 
f 2806/2806/2806 2807/2807/2807 2809/2809/2809 
f 2809/2809/2809 2810/2810/2810 2811/2811/2811 
f 2810/2810/2810 2809/2809/2809 2812/2812/2812 
f 2813/2813/2813 2814/2814/2814 2815/2815/2815 
f 2814/2814/2814 2813/2813/2813 2816/2816/2816 
f 2817/2817/2817 2816/2816/2816 2818/2818/2818 
f 2816/2816/2816 2817/2817/2817 2819/2819/2819 
f 2817/2817/2817 2820/2820/2820 2819/2819/2819 
f 2817/2817/2817 2821/2821/2821 2820/2820/2820 
f 2822/2822/2822 2820/2820/2820 2821/2821/2821 
f 2820/2820/2820 2822/2822/2822 2823/2823/2823 
f 2822/2822/2822 2824/2824/2824 2825/2825/2825 
f 2826/2826/2826 2825/2825/2825 2824/2824/2824 
f 2827/2827/2827 2828/2828/2828 2826/2826/2826 
f 2829/2829/2829 2830/2830/2830 2831/2831/2831 
f 2831/2831/2831 2832/2832/2832 2829/2829/2829 
f 2830/2830/2830 2833/2833/2833 2834/2834/2834 
f 2835/2835/2835 2834/2834/2834 2833/2833/2833 
f 2833/2833/2833 2836/2836/2836 2835/2835/2835 
f 2836/2836/2836 2837/2837/2837 2835/2835/2835 
f 2837/2837/2837 2836/2836/2836 2838/2838/2838 
f 2838/2838/2838 2839/2839/2839 2837/2837/2837 
f 2839/2839/2839 2838/2838/2838 2840/2840/2840 
f 2841/2841/2841 2842/2842/2842 2843/2843/2843 
f 2842/2842/2842 2841/2841/2841 2844/2844/2844 
f 2845/2845/2845 2846/2846/2846 2847/2847/2847 
f 2846/2846/2846 2845/2845/2845 2848/2848/2848 
f 2849/2849/2849 2850/2850/2850 2851/2851/2851 
f 2850/2850/2850 2849/2849/2849 2852/2852/2852 
f 2853/2853/2853 2854/2854/2854 2855/2855/2855 
f 2854/2854/2854 2853/2853/2853 2856/2856/2856 
f 2856/2856/2856 2857/2857/2857 2854/2854/2854 
f 2854/2854/2854 2857/2857/2857 2858/2858/2858 
f 2859/2859/2859 2860/2860/2860 2861/2861/2861 
f 2860/2860/2860 2859/2859/2859 2862/2862/2862 
f 2862/2862/2862 2863/2863/2863 2860/2860/2860 
f 2863/2863/2863 2862/2862/2862 2864/2864/2864 
f 2865/2865/2865 2866/2866/2866 2867/2867/2867 
f 2866/2866/2866 2865/2865/2865 2868/2868/2868 
f 2869/2869/2869 2870/2870/2870 2871/2871/2871 
f 2870/2870/2870 2869/2869/2869 2872/2872/2872 
f 2873/2873/2873 2874/2874/2874 2875/2875/2875 
f 2876/2876/2876 2875/2875/2875 2874/2874/2874 
f 2877/2877/2877 2878/2878/2878 2879/2879/2879 
f 2880/2880/2880 2879/2879/2879 2878/2878/2878 
f 2881/2881/2881 2882/2882/2882 2883/2883/2883 
f 2882/2882/2882 2881/2881/2881 2884/2884/2884 
f 2885/2885/2885 2886/2886/2886 2887/2887/2887 
f 2886/2886/2886 2885/2885/2885 2888/2888/2888 
f 2889/2889/2889 2890/2890/2890 2891/2891/2891 
f 2892/2892/2892 2893/2893/2893 2894/2894/2894 
f 2894/2894/2894 2893/2893/2893 2895/2895/2895 
f 2896/2896/2896 2897/2897/2897 2898/2898/2898 
f 2897/2897/2897 2896/2896/2896 2899/2899/2899 
f 2900/2900/2900 2901/2901/2901 2902/2902/2902 
f 2903/2903/2903 2902/2902/2902 2901/2901/2901 
f 2904/2904/2904 2905/2905/2905 2906/2906/2906 
f 2906/2906/2906 2905/2905/2905 2907/2907/2907 
f 2908/2908/2908 2909/2909/2909 2910/2910/2910 
f 2909/2909/2909 2911/2911/2911 2912/2912/2912 
f 2913/2913/2913 2914/2914/2914 2915/2915/2915 
f 2914/2914/2914 2913/2913/2913 2916/2916/2916 
f 2917/2917/2917 2918/2918/2918 2919/2919/2919 
f 2919/2919/2919 2920/2920/2920 2917/2917/2917 
f 2921/2921/2921 2922/2922/2922 2923/2923/2923 
f 2924/2924/2924 2925/2925/2925 2926/2926/2926 
f 2925/2925/2925 2924/2924/2924 2927/2927/2927 
f 2928/2928/2928 2929/2929/2929 2930/2930/2930 
f 2931/2931/2931 2930/2930/2930 2929/2929/2929 
f 2932/2932/2932 2933/2933/2933 2928/2928/2928 
f 2933/2933/2933 2932/2932/2932 2934/2934/2934 
f 2935/2935/2935 2936/2936/2936 2937/2937/2937 
f 2938/2938/2938 2937/2937/2937 2936/2936/2936 
f 2939/2939/2939 2940/2940/2940 2941/2941/2941 
f 2942/2942/2942 2941/2941/2941 2940/2940/2940 
f 2941/2941/2941 2943/2943/2943 2939/2939/2939 
f 2944/2944/2944 2939/2939/2939 2943/2943/2943 
f 2945/2945/2945 2946/2946/2946 2947/2947/2947 
f 2947/2947/2947 2946/2946/2946 2948/2948/2948 
f 2949/2949/2949 2945/2945/2945 2947/2947/2947 
f 2950/2950/2950 2945/2945/2945 2949/2949/2949 
f 2951/2951/2951 2950/2950/2950 2949/2949/2949 
f 2950/2950/2950 2951/2951/2951 2952/2952/2952 
f 2953/2953/2953 2954/2954/2954 2955/2955/2955 
f 2954/2954/2954 2956/2956/2956 2955/2955/2955 
f 2957/2957/2957 2958/2958/2958 2959/2959/2959 
f 2958/2958/2958 2957/2957/2957 2960/2960/2960 
f 2961/2961/2961 2962/2962/2962 2963/2963/2963 
f 2962/2962/2962 2961/2961/2961 2964/2964/2964 
f 2965/2965/2965 2966/2966/2966 2967/2967/2967 
f 2966/2966/2966 2965/2965/2965 2968/2968/2968 
f 2969/2969/2969 2970/2970/2970 2971/2971/2971 
f 2972/2972/2972 2971/2971/2971 2970/2970/2970 
f 2973/2973/2973 2974/2974/2974 2975/2975/2975 
f 2974/2974/2974 2976/2976/2976 2975/2975/2975 
f 2977/2977/2977 2978/2978/2978 2979/2979/2979 
f 2978/2978/2978 2980/2980/2980 2979/2979/2979 
f 2981/2981/2981 2982/2982/2982 2977/2977/2977 
f 2983/2983/2983 2981/2981/2981 2977/2977/2977 
f 2978/2978/2978 2984/2984/2984 2985/2985/2985 
f 2984/2984/2984 2986/2986/2986 2985/2985/2985 
f 2987/2987/2987 2988/2988/2988 2989/2989/2989 
f 2989/2989/2989 2990/2990/2990 2987/2987/2987 
f 2991/2991/2991 2992/2992/2992 2993/2993/2993 
f 2992/2992/2992 2991/2991/2991 2994/2994/2994 
f 2995/2995/2995 2994/2994/2994 2991/2991/2991 
f 2994/2994/2994 2995/2995/2995 2996/2996/2996 
f 2997/2997/2997 2998/2998/2998 2999/2999/2999 
f 2999/2999/2999 2998/2998/2998 3000/3000/3000 
f 3001/3001/3001 3002/3002/3002 3003/3003/3003 
f 3002/3002/3002 3001/3001/3001 3004/3004/3004 
f 3005/3005/3005 3006/3006/3006 3007/3007/3007 
f 3006/3006/3006 3008/3008/3008 3007/3007/3007 
f 3009/3009/3009 3010/3010/3010 3011/3011/3011 
f 3010/3010/3010 3009/3009/3009 3012/3012/3012 
f 3011/3011/3011 3013/3013/3013 3009/3009/3009 
f 3011/3011/3011 3014/3014/3014 3015/3015/3015 
f 3014/3014/3014 3011/3011/3011 3016/3016/3016 
f 3013/3013/3013 3011/3011/3011 3017/3017/3017 
f 3017/3017/3017 3018/3018/3018 3013/3013/3013 
f 3019/3019/3019 3017/3017/3017 3011/3011/3011 
f 3018/3018/3018 3017/3017/3017 3020/3020/3020 
f 3017/3017/3017 3019/3019/3019 3021/3021/3021 
f 3021/3021/3021 3020/3020/3020 3017/3017/3017 
f 3020/3020/3020 3021/3021/3021 3022/3022/3022 
f 3023/3023/3023 3021/3021/3021 3019/3019/3019 
f 3021/3021/3021 3023/3023/3023 3024/3024/3024 
f 3021/3021/3021 3024/3024/3024 3025/3025/3025 
f 3021/3021/3021 3025/3025/3025 3026/3026/3026 
f 3024/3024/3024 3027/3027/3027 3025/3025/3025 
f 3024/3024/3024 3028/3028/3028 3027/3027/3027 
f 3029/3029/3029 3028/3028/3028 3024/3024/3024 
f 3030/3030/3030 3031/3031/3031 3032/3032/3032 
f 3031/3031/3031 3030/3030/3030 3033/3033/3033 
f 3029/3029/3029 3034/3034/3034 3028/3028/3028 
f 3035/3035/3035 3027/3027/3027 3028/3028/3028 
f 3035/3035/3035 3036/3036/3036 3037/3037/3037 
f 3036/3036/3036 3035/3035/3035 3038/3038/3038 
f 3039/3039/3039 3035/3035/3035 3028/3028/3028 
f 3039/3039/3039 3028/3028/3028 3040/3040/3040 
f 3041/3041/3041 3042/3042/3042 3040/3040/3040 
f 3041/3041/3041 3040/3040/3040 3043/3043/3043 
f 3044/3044/3044 3041/3041/3041 3043/3043/3043 
f 3041/3041/3041 3044/3044/3044 3045/3045/3045 
f 3040/3040/3040 3046/3046/3046 3039/3039/3039 
f 3046/3046/3046 3040/3040/3040 3047/3047/3047 
f 3047/3047/3047 3048/3048/3048 3046/3046/3046 
f 3049/3049/3049 3046/3046/3046 3048/3048/3048 
f 3046/3046/3046 3049/3049/3049 3050/3050/3050 
f 3050/3050/3050 3039/3039/3039 3046/3046/3046 
f 3051/3051/3051 3050/3050/3050 3049/3049/3049 
f 3039/3039/3039 3050/3050/3050 3052/3052/3052 
f 3052/3052/3052 3053/3053/3053 3039/3039/3039 
f 3053/3053/3053 3052/3052/3052 3054/3054/3054 
f 3050/3050/3050 3051/3051/3051 3055/3055/3055 
f 3055/3055/3055 3052/3052/3052 3050/3050/3050 
f 3056/3056/3056 3055/3055/3055 3051/3051/3051 
f 3055/3055/3055 3056/3056/3056 3057/3057/3057 
f 3052/3052/3052 3055/3055/3055 3058/3058/3058 
f 3058/3058/3058 3054/3054/3054 3052/3052/3052 
f 3057/3057/3057 3058/3058/3058 3055/3055/3055 
f 3054/3054/3054 3058/3058/3058 3059/3059/3059 
f 3058/3058/3058 3057/3057/3057 3060/3060/3060 
f 3061/3061/3061 3062/3062/3062 3058/3058/3058 
f 3062/3062/3062 3061/3061/3061 3063/3063/3063 
f 3064/3064/3064 3065/3065/3065 3061/3061/3061 
f 3065/3065/3065 3064/3064/3064 3066/3066/3066 
f 3064/3064/3064 3067/3067/3067 3066/3066/3066 
f 3067/3067/3067 3064/3064/3064 3068/3068/3068 
f 3069/3069/3069 3070/3070/3070 3067/3067/3067 
f 3069/3069/3069 3071/3071/3071 3070/3070/3070 
f 3072/3072/3072 3073/3073/3073 3071/3071/3071 
f 3072/3072/3072 3074/3074/3074 3073/3073/3073 
f 3061/3061/3061 3075/3075/3075 3064/3064/3064 
f 3075/3075/3075 3068/3068/3068 3064/3064/3064 
f 3075/3075/3075 3061/3061/3061 3076/3076/3076 
f 3068/3068/3068 3075/3075/3075 3077/3077/3077 
f 3076/3076/3076 3078/3078/3078 3075/3075/3075 
f 3078/3078/3078 3077/3077/3077 3075/3075/3075 
f 3078/3078/3078 3076/3076/3076 3079/3079/3079 
f 3077/3077/3077 3078/3078/3078 3080/3080/3080 
f 3081/3081/3081 3082/3082/3082 3068/3068/3068 
f 3081/3081/3081 3083/3083/3083 3082/3082/3082 
f 3084/3084/3084 3085/3085/3085 3077/3077/3077 
f 3084/3084/3084 3086/3086/3086 3085/3085/3085 
f 3087/3087/3087 3088/3088/3088 3089/3089/3089 
f 3090/3090/3090 3091/3091/3091 3092/3092/3092 
f 3091/3091/3091 3093/3093/3093 3092/3092/3092 
f 3094/3094/3094 3095/3095/3095 3096/3096/3096 
f 3094/3094/3094 3096/3096/3096 3097/3097/3097 
f 3098/3098/3098 3099/3099/3099 3100/3100/3100 
f 3100/3100/3100 3101/3101/3101 3098/3098/3098 
f 3102/3102/3102 3103/3103/3103 3104/3104/3104 
f 3105/3105/3105 3106/3106/3106 3107/3107/3107 
f 3106/3106/3106 3108/3108/3108 3107/3107/3107 
f 3109/3109/3109 3110/3110/3110 3111/3111/3111 
f 3112/3112/3112 3111/3111/3111 3110/3110/3110 
f 3110/3110/3110 3113/3113/3113 3112/3112/3112 
f 3111/3111/3111 3114/3114/3114 3109/3109/3109 
f 3115/3115/3115 3109/3109/3109 3114/3114/3114 
f 3114/3114/3114 3116/3116/3116 3115/3115/3115 
f 3117/3117/3117 3118/3118/3118 3119/3119/3119 
f 3118/3118/3118 3117/3117/3117 3120/3120/3120 
f 3121/3121/3121 3122/3122/3122 3123/3123/3123 
f 3122/3122/3122 3121/3121/3121 3124/3124/3124 
f 3125/3125/3125 3124/3124/3124 3126/3126/3126 
f 3127/3127/3127 3125/3125/3125 3126/3126/3126 
f 3128/3128/3128 3129/3129/3129 3130/3130/3130 
f 3128/3128/3128 3130/3130/3130 3131/3131/3131 
f 3132/3132/3132 3133/3133/3133 3134/3134/3134 
f 3134/3134/3134 3133/3133/3133 3135/3135/3135 
f 3136/3136/3136 3137/3137/3137 3138/3138/3138 
f 3137/3137/3137 3139/3139/3139 3138/3138/3138 
f 3140/3140/3140 3141/3141/3141 3142/3142/3142 
f 3141/3141/3141 3140/3140/3140 3143/3143/3143 
f 3144/3144/3144 3145/3145/3145 3146/3146/3146 
f 3144/3144/3144 3146/3146/3146 3147/3147/3147 
f 3148/3148/3148 3149/3149/3149 3150/3150/3150 
f 3150/3150/3150 3151/3151/3151 3148/3148/3148 
f 3152/3152/3152 3153/3153/3153 3154/3154/3154 
f 3154/3154/3154 3153/3153/3153 3155/3155/3155 
f 3156/3156/3156 3157/3157/3157 3158/3158/3158 
f 3157/3157/3157 3156/3156/3156 3159/3159/3159 
f 3160/3160/3160 3161/3161/3161 3162/3162/3162 
f 3161/3161/3161 3163/3163/3163 3162/3162/3162 
f 3164/3164/3164 3165/3165/3165 3166/3166/3166 
f 3165/3165/3165 3164/3164/3164 3167/3167/3167 
f 3168/3168/3168 3169/3169/3169 3170/3170/3170 
f 3169/3169/3169 3168/3168/3168 3171/3171/3171 
f 3172/3172/3172 3173/3173/3173 3174/3174/3174 
f 3173/3173/3173 3172/3172/3172 3175/3175/3175 
f 3176/3176/3176 3175/3175/3175 3177/3177/3177 
f 3176/3176/3176 3177/3177/3177 3178/3178/3178 
f 3179/3179/3179 3175/3175/3175 3176/3176/3176 
f 3179/3179/3179 3180/3180/3180 3175/3175/3175 
f 3178/3178/3178 3009/3009/3009 3176/3176/3176 
f 3009/3009/3009 3178/3178/3178 3181/3181/3181 
f 3176/3176/3176 3013/3013/3013 3179/3179/3179 
f 3013/3013/3013 3176/3176/3176 3009/3009/3009 
f 3182/3182/3182 3180/3180/3180 3179/3179/3179 
f 3179/3179/3179 3018/3018/3018 3182/3182/3182 
f 3018/3018/3018 3179/3179/3179 3013/3013/3013 
f 3183/3183/3183 3180/3180/3180 3182/3182/3182 
f 3184/3184/3184 3185/3185/3185 3180/3180/3180 
f 3185/3185/3185 3184/3184/3184 3186/3186/3186 
f 3183/3183/3183 3187/3187/3187 3188/3188/3188 
f 3187/3187/3187 3183/3183/3183 3189/3189/3189 
f 3190/3190/3190 3189/3189/3189 3183/3183/3183 
f 3189/3189/3189 3190/3190/3190 3191/3191/3191 
f 3192/3192/3192 3193/3193/3193 3183/3183/3183 
f 3193/3193/3193 3192/3192/3192 3194/3194/3194 
f 3195/3195/3195 3196/3196/3196 3190/3190/3190 
f 3196/3196/3196 3195/3195/3195 3197/3197/3197 
f 3198/3198/3198 3199/3199/3199 3200/3200/3200 
f 3199/3199/3199 3198/3198/3198 3201/3201/3201 
f 3202/3202/3202 3203/3203/3203 3204/3204/3204 
f 3203/3203/3203 3202/3202/3202 3205/3205/3205 
f 3206/3206/3206 3207/3207/3207 3208/3208/3208 
f 3208/3208/3208 3207/3207/3207 3209/3209/3209 
f 3210/3210/3210 3211/3211/3211 3212/3212/3212 
f 3211/3211/3211 3210/3210/3210 3213/3213/3213 
f 3214/3214/3214 3213/3213/3213 3215/3215/3215 
f 3216/3216/3216 3214/3214/3214 3215/3215/3215 
f 3217/3217/3217 3218/3218/3218 3219/3219/3219 
f 3218/3218/3218 3217/3217/3217 3220/3220/3220 
f 3221/3221/3221 3222/3222/3222 3218/3218/3218 
f 3222/3222/3222 3221/3221/3221 3223/3223/3223 
f 3221/3221/3221 3224/3224/3224 3223/3223/3223 
f 3224/3224/3224 3221/3221/3221 3225/3225/3225 
f 3226/3226/3226 3224/3224/3224 3225/3225/3225 
f 3224/3224/3224 3226/3226/3226 3227/3227/3227 
f 3226/3226/3226 3228/3228/3228 3227/3227/3227 
f 3226/3226/3226 3229/3229/3229 3228/3228/3228 
f 3230/3230/3230 3231/3231/3231 3232/3232/3232 
f 3233/3233/3233 3231/3231/3231 3230/3230/3230 
f 3233/3233/3233 3234/3234/3234 3231/3231/3231 
f 3234/3234/3234 3233/3233/3233 3235/3235/3235 
f 3235/3235/3235 3236/3236/3236 3234/3234/3234 
f 3236/3236/3236 3235/3235/3235 3237/3237/3237 
f 3238/3238/3238 3239/3239/3239 3240/3240/3240 
f 3239/3239/3239 3238/3238/3238 3241/3241/3241 
f 3242/3242/3242 3243/3243/3243 3244/3244/3244 
f 3243/3243/3243 3242/3242/3242 3245/3245/3245 
f 3246/3246/3246 3247/3247/3247 3248/3248/3248 
f 3247/3247/3247 3246/3246/3246 3249/3249/3249 
f 3250/3250/3250 3251/3251/3251 3247/3247/3247 
f 3251/3251/3251 3250/3250/3250 3252/3252/3252 
f 3253/3253/3253 3254/3254/3254 3255/3255/3255 
f 3254/3254/3254 3253/3253/3253 3256/3256/3256 
f 3257/3257/3257 3258/3258/3258 3259/3259/3259 
f 3258/3258/3258 3257/3257/3257 3260/3260/3260 
f 3261/3261/3261 3262/3262/3262 3263/3263/3263 
f 3261/3261/3261 3263/3263/3263 3264/3264/3264 
f 3265/3265/3265 3266/3266/3266 3267/3267/3267 
f 3266/3266/3266 3265/3265/3265 3268/3268/3268 
f 3269/3269/3269 3270/3270/3270 3271/3271/3271 
f 3269/3269/3269 3271/3271/3271 3272/3272/3272 
f 3273/3273/3273 3274/3274/3274 3275/3275/3275 
f 3274/3274/3274 3273/3273/3273 3276/3276/3276 
f 3277/3277/3277 3275/3275/3275 3274/3274/3274 
f 3277/3277/3277 3278/3278/3278 3275/3275/3275 
f 3279/3279/3279 3278/3278/3278 3277/3277/3277 
f 3278/3278/3278 3279/3279/3279 3280/3280/3280 
f 3281/3281/3281 3282/3282/3282 3283/3283/3283 
f 3281/3281/3281 3283/3283/3283 3284/3284/3284 
f 3285/3285/3285 3286/3286/3286 3287/3287/3287 
f 3286/3286/3286 3285/3285/3285 3288/3288/3288 
f 3289/3289/3289 3290/3290/3290 3291/3291/3291 
f 3290/3290/3290 3289/3289/3289 3292/3292/3292 
f 3293/3293/3293 3294/3294/3294 3295/3295/3295 
f 3296/3296/3296 3294/3294/3294 3293/3293/3293 
f 3297/3297/3297 3298/3298/3298 3299/3299/3299 
f 3298/3298/3298 3297/3297/3297 3300/3300/3300 
f 3301/3301/3301 3302/3302/3302 3303/3303/3303 
f 3304/3304/3304 3305/3305/3305 3306/3306/3306 
f 3307/3307/3307 3308/3308/3308 3309/3309/3309 
f 3310/3310/3310 3311/3311/3311 3312/3312/3312 
f 3310/3310/3310 3312/3312/3312 3313/3313/3313 
f 3314/3314/3314 3315/3315/3315 3316/3316/3316 
f 3315/3315/3315 3317/3317/3317 3316/3316/3316 
f 3315/3315/3315 3314/3314/3314 3318/3318/3318 
f 3314/3314/3314 3319/3319/3319 3318/3318/3318 
f 3320/3320/3320 3319/3319/3319 3321/3321/3321 
f 3319/3319/3319 3320/3320/3320 3322/3322/3322 
f 3323/3323/3323 3322/3322/3322 3320/3320/3320 
f 3324/3324/3324 3325/3325/3325 3326/3326/3326 
f 3327/3327/3327 3328/3328/3328 3329/3329/3329 
f 3328/3328/3328 3330/3330/3330 3331/3331/3331 
f 3332/3332/3332 3330/3330/3330 3333/3333/3333 
f 3334/3334/3334 3332/3332/3332 3333/3333/3333 
f 3335/3335/3335 3336/3336/3336 3337/3337/3337 
f 3338/3338/3338 3339/3339/3339 3340/3340/3340 
f 3339/3339/3339 3338/3338/3338 3341/3341/3341 
f 3342/3342/3342 3338/3338/3338 3340/3340/3340 
f 3340/3340/3340 3343/3343/3343 3342/3342/3342 
f 3344/3344/3344 3342/3342/3342 3343/3343/3343 
f 3345/3345/3345 3344/3344/3344 3346/3346/3346 
f 3347/3347/3347 3345/3345/3345 3348/3348/3348 
f 3349/3349/3349 3350/3350/3350 3351/3351/3351 
f 3351/3351/3351 3352/3352/3352 3349/3349/3349 
f 3353/3353/3353 3354/3354/3354 3355/3355/3355 
f 3354/3354/3354 3353/3353/3353 3356/3356/3356 
f 3353/3353/3353 3357/3357/3357 3356/3356/3356 
f 3353/3353/3353 3358/3358/3358 3357/3357/3357 
f 3359/3359/3359 3357/3357/3357 3358/3358/3358 
f 3360/3360/3360 3354/3354/3354 3361/3361/3361 
f 3360/3360/3360 3362/3362/3362 3363/3363/3363 
f 3364/3364/3364 3363/3363/3363 3362/3362/3362 
f 3365/3365/3365 3366/3366/3366 3367/3367/3367 
f 3367/3367/3367 3368/3368/3368 3365/3365/3365 
f 3369/3369/3369 3367/3367/3367 3366/3366/3366 
f 3366/3366/3366 3370/3370/3370 3369/3369/3369 
f 3371/3371/3371 3370/3370/3370 3372/3372/3372 
f 3372/3372/3372 3373/3373/3373 3371/3371/3371 
f 3373/3373/3373 3372/3372/3372 3374/3374/3374 
f 3375/3375/3375 3376/3376/3376 3377/3377/3377 
f 3377/3377/3377 3378/3378/3378 3375/3375/3375 
f 3379/3379/3379 3380/3380/3380 3381/3381/3381 
f 3382/3382/3382 3381/3381/3381 3380/3380/3380 
f 3381/3381/3381 3382/3382/3382 3383/3383/3383 
f 3384/3384/3384 3385/3385/3385 3382/3382/3382 
f 3385/3385/3385 3384/3384/3384 3386/3386/3386 
f 3387/3387/3387 3388/3388/3388 3389/3389/3389 
f 3388/3388/3388 3390/3390/3390 3391/3391/3391 
f 3392/3392/3392 3387/3387/3387 3393/3393/3393 
f 3394/3394/3394 3392/3392/3392 3393/3393/3393 
f 3392/3392/3392 3394/3394/3394 3395/3395/3395 
f 3396/3396/3396 3397/3397/3397 3398/3398/3398 
f 3397/3397/3397 3396/3396/3396 3399/3399/3399 
f 3400/3400/3400 3401/3401/3401 3402/3402/3402 
f 3401/3401/3401 3400/3400/3400 3403/3403/3403 
f 3404/3404/3404 3405/3405/3405 3406/3406/3406 
f 3405/3405/3405 3404/3404/3404 3407/3407/3407 
f 3408/3408/3408 3409/3409/3409 3410/3410/3410 
f 3409/3409/3409 3408/3408/3408 3411/3411/3411 
f 3412/3412/3412 3413/3413/3413 3414/3414/3414 
f 3412/3412/3412 3414/3414/3414 3415/3415/3415 
f 3416/3416/3416 3414/3414/3414 3413/3413/3413 
f 3417/3417/3417 3415/3415/3415 3418/3418/3418 
f 3417/3417/3417 3419/3419/3419 3415/3415/3415 
f 3414/3414/3414 3416/3416/3416 3420/3420/3420 
f 3421/3421/3421 3420/3420/3420 3416/3416/3416 
f 3416/3416/3416 3422/3422/3422 3421/3421/3421 
f 3423/3423/3423 3421/3421/3421 3422/3422/3422 
f 3421/3421/3421 3423/3423/3423 3424/3424/3424 
f 3425/3425/3425 3426/3426/3426 3423/3423/3423 
f 3426/3426/3426 3425/3425/3425 3427/3427/3427 
f 3428/3428/3428 3429/3429/3429 3420/3420/3420 
f 3429/3429/3429 3428/3428/3428 3430/3430/3430 
f 3420/3420/3420 3431/3431/3431 3432/3432/3432 
f 3433/3433/3433 3432/3432/3432 3431/3431/3431 
f 3431/3431/3431 3420/3420/3420 3434/3434/3434 
f 3433/3433/3433 3431/3431/3431 3435/3435/3435 
f 3436/3436/3436 3435/3435/3435 3437/3437/3437 
f 3438/3438/3438 3435/3435/3435 3436/3436/3436 
f 3435/3435/3435 3431/3431/3431 3439/3439/3439 
f 3434/3434/3434 3439/3439/3439 3431/3431/3431 
f 3435/3435/3435 3439/3439/3439 3440/3440/3440 
f 3439/3439/3439 3434/3434/3434 3441/3441/3441 
f 3440/3440/3440 3439/3439/3439 3442/3442/3442 
f 3441/3441/3441 3442/3442/3442 3439/3439/3439 
f 3440/3440/3440 3442/3442/3442 3443/3443/3443 
f 3442/3442/3442 3441/3441/3441 3444/3444/3444 
f 3445/3445/3445 3446/3446/3446 3434/3434/3434 
f 3446/3446/3446 3445/3445/3445 3447/3447/3447 
f 3448/3448/3448 3444/3444/3444 3449/3449/3449 
f 3448/3448/3448 3449/3449/3449 3450/3450/3450 
f 3451/3451/3451 3452/3452/3452 3453/3453/3453 
f 3452/3452/3452 3451/3451/3451 3454/3454/3454 
f 3454/3454/3454 3455/3455/3455 3452/3452/3452 
f 3455/3455/3455 3454/3454/3454 3456/3456/3456 
f 3457/3457/3457 3458/3458/3458 3451/3451/3451 
f 3457/3457/3457 3459/3459/3459 3458/3458/3458 
f 3459/3459/3459 3460/3460/3460 3458/3458/3458 
f 3459/3459/3459 3461/3461/3461 3460/3460/3460 
f 3462/3462/3462 3460/3460/3460 3463/3463/3463 
f 3463/3463/3463 3464/3464/3464 3462/3462/3462 
f 3465/3465/3465 3466/3466/3466 3454/3454/3454 
f 3466/3466/3466 3465/3465/3465 3467/3467/3467 
f 3468/3468/3468 3469/3469/3469 3454/3454/3454 
f 3469/3469/3469 3468/3468/3468 3470/3470/3470 
f 3471/3471/3471 3470/3470/3470 3468/3468/3468 
f 3470/3470/3470 3472/3472/3472 3469/3469/3469 
f 3472/3472/3472 3473/3473/3473 3469/3469/3469 
f 3473/3473/3473 3472/3472/3472 3474/3474/3474 
f 3472/3472/3472 3470/3470/3470 3475/3475/3475 
f 3470/3470/3470 3471/3471/3471 3476/3476/3476 
f 3476/3476/3476 3475/3475/3475 3470/3470/3470 
f 3475/3475/3475 3476/3476/3476 3477/3477/3477 
f 3478/3478/3478 3477/3477/3477 3479/3479/3479 
f 3478/3478/3478 3479/3479/3479 3480/3480/3480 
f 3480/3480/3480 3481/3481/3481 3478/3478/3478 
f 3481/3481/3481 3480/3480/3480 3482/3482/3482 
f 3483/3483/3483 3484/3484/3484 3482/3482/3482 
f 3484/3484/3484 3483/3483/3483 3485/3485/3485 
f 3486/3486/3486 3487/3487/3487 3479/3479/3479 
f 3486/3486/3486 3488/3488/3488 3487/3487/3487 
f 3476/3476/3476 3489/3489/3489 3486/3486/3486 
f 3476/3476/3476 3490/3490/3490 3489/3489/3489 
f 3491/3491/3491 3490/3490/3490 3492/3492/3492 
f 3491/3491/3491 3493/3493/3493 3490/3490/3490 
f 3494/3494/3494 3493/3493/3493 3495/3495/3495 
f 3493/3493/3493 3496/3496/3496 3495/3495/3495 
f 3494/3494/3494 3495/3495/3495 3497/3497/3497 
f 3498/3498/3498 3494/3494/3494 3497/3497/3497 
f 3499/3499/3499 3495/3495/3495 3496/3496/3496 
f 3499/3499/3499 3496/3496/3496 3500/3500/3500 
f 3501/3501/3501 3502/3502/3502 3503/3503/3503 
f 3502/3502/3502 3501/3501/3501 3504/3504/3504 
f 3505/3505/3505 3506/3506/3506 3507/3507/3507 
f 3506/3506/3506 3505/3505/3505 3508/3508/3508 
f 3509/3509/3509 3510/3510/3510 3511/3511/3511 
f 3510/3510/3510 3509/3509/3509 3512/3512/3512 
f 3513/3513/3513 3514/3514/3514 3515/3515/3515 
f 3516/3516/3516 3517/3517/3517 3518/3518/3518 
f 3517/3517/3517 3516/3516/3516 3519/3519/3519 
f 3520/3520/3520 3521/3521/3521 3522/3522/3522 
f 3521/3521/3521 3520/3520/3520 3523/3523/3523 
f 3524/3524/3524 3522/3522/3522 3525/3525/3525 
f 3522/3522/3522 3524/3524/3524 3526/3526/3526 
f 3527/3527/3527 3528/3528/3528 3526/3526/3526 
f 3528/3528/3528 3527/3527/3527 3529/3529/3529 
f 3530/3530/3530 3531/3531/3531 3523/3523/3523 
f 3531/3531/3531 3530/3530/3530 3532/3532/3532 
f 3533/3533/3533 3531/3531/3531 3534/3534/3534 
f 3531/3531/3531 3533/3533/3533 3535/3535/3535 
f 3536/3536/3536 3537/3537/3537 3538/3538/3538 
f 3537/3537/3537 3536/3536/3536 3539/3539/3539 
f 3540/3540/3540 3541/3541/3541 3542/3542/3542 
f 3541/3541/3541 3540/3540/3540 3543/3543/3543 
f 3544/3544/3544 3545/3545/3545 3546/3546/3546 
f 3545/3545/3545 3544/3544/3544 3547/3547/3547 
f 3548/3548/3548 3549/3549/3549 3550/3550/3550 
f 3548/3548/3548 3550/3550/3550 3551/3551/3551 
f 3552/3552/3552 3553/3553/3553 3554/3554/3554 
f 3552/3552/3552 3554/3554/3554 3555/3555/3555 
f 3556/3556/3556 3557/3557/3557 3558/3558/3558 
f 3556/3556/3556 3558/3558/3558 3559/3559/3559 
f 3560/3560/3560 3559/3559/3559 3558/3558/3558 
f 3560/3560/3560 3561/3561/3561 3559/3559/3559 
f 3562/3562/3562 3563/3563/3563 3564/3564/3564 
f 3563/3563/3563 3562/3562/3562 3565/3565/3565 
f 3566/3566/3566 3567/3567/3567 3568/3568/3568 
f 3569/3569/3569 3570/3570/3570 3571/3571/3571 
f 3570/3570/3570 3569/3569/3569 3572/3572/3572 
f 3573/3573/3573 3574/3574/3574 3575/3575/3575 
f 3574/3574/3574 3573/3573/3573 3576/3576/3576 
f 3577/3577/3577 3578/3578/3578 3579/3579/3579 
f 3578/3578/3578 3577/3577/3577 3580/3580/3580 
f 3581/3581/3581 3582/3582/3582 3583/3583/3583 
f 3582/3582/3582 3581/3581/3581 3584/3584/3584 
f 3585/3585/3585 3586/3586/3586 3587/3587/3587 
f 3586/3586/3586 3585/3585/3585 3588/3588/3588 
f 3589/3589/3589 3590/3590/3590 3591/3591/3591 
f 3589/3589/3589 3591/3591/3591 3592/3592/3592 
f 3593/3593/3593 3594/3594/3594 3595/3595/3595 
f 3594/3594/3594 3593/3593/3593 3596/3596/3596 
f 3597/3597/3597 3598/3598/3598 3599/3599/3599 
f 3598/3598/3598 3597/3597/3597 3600/3600/3600 
f 3601/3601/3601 3599/3599/3599 3598/3598/3598 
f 3599/3599/3599 3601/3601/3601 3602/3602/3602 
f 3598/3598/3598 3603/3603/3603 3601/3601/3601 
f 3603/3603/3603 3598/3598/3598 3604/3604/3604 
f 3604/3604/3604 3605/3605/3605 3603/3603/3603 
f 3605/3605/3605 3604/3604/3604 3606/3606/3606 
f 3607/3607/3607 3606/3606/3606 3604/3604/3604 
f 3606/3606/3606 3500/3500/3500 3608/3608/3608 
f 3606/3606/3606 3609/3609/3609 3500/3500/3500 
f 3610/3610/3610 3609/3609/3609 3606/3606/3606 
f 3610/3610/3610 3611/3611/3611 3609/3609/3609 
f 3611/3611/3611 3612/3612/3612 3609/3609/3609 
f 3611/3611/3611 3613/3613/3613 3612/3612/3612 
f 3606/3606/3606 3607/3607/3607 3614/3614/3614 
f 3611/3611/3611 3615/3615/3615 3613/3613/3613 
f 3616/3616/3616 3613/3613/3613 3615/3615/3615 
f 3613/3613/3613 3616/3616/3616 3489/3489/3489 
f 3615/3615/3615 3611/3611/3611 3617/3617/3617 
f 3614/3614/3614 3617/3617/3617 3611/3611/3611 
f 3617/3617/3617 3614/3614/3614 3618/3618/3618 
f 3607/3607/3607 3618/3618/3618 3614/3614/3614 
f 3618/3618/3618 3607/3607/3607 3619/3619/3619 
f 3607/3607/3607 3620/3620/3620 3619/3619/3619 
f 3620/3620/3620 3607/3607/3607 3621/3621/3621 
f 3622/3622/3622 3621/3621/3621 3607/3607/3607 
f 3621/3621/3621 3622/3622/3622 3598/3598/3598 
f 3621/3621/3621 3623/3623/3623 3620/3620/3620 
f 3623/3623/3623 3621/3621/3621 3624/3624/3624 
f 3625/3625/3625 3626/3626/3626 3624/3624/3624 
f 3627/3627/3627 3626/3626/3626 3625/3625/3625 
f 3628/3628/3628 3629/3629/3629 3630/3630/3630 
f 3629/3629/3629 3628/3628/3628 3631/3631/3631 
f 3632/3632/3632 3633/3633/3633 3634/3634/3634 
f 3633/3633/3633 3632/3632/3632 3635/3635/3635 
f 3636/3636/3636 3637/3637/3637 3638/3638/3638 
f 3639/3639/3639 3640/3640/3640 3641/3641/3641 
f 3642/3642/3642 3641/3641/3641 3640/3640/3640 
f 3643/3643/3643 3644/3644/3644 3645/3645/3645 
f 3644/3644/3644 3643/3643/3643 3646/3646/3646 
f 3647/3647/3647 3648/3648/3648 3649/3649/3649 
f 3648/3648/3648 3647/3647/3647 3650/3650/3650 
f 3651/3651/3651 3652/3652/3652 3653/3653/3653 
f 3654/3654/3654 3653/3653/3653 3655/3655/3655 
f 3656/3656/3656 3654/3654/3654 3655/3655/3655 
f 3657/3657/3657 3658/3658/3658 3659/3659/3659 
f 3658/3658/3658 3657/3657/3657 3660/3660/3660 
f 3661/3661/3661 3662/3662/3662 3663/3663/3663 
f 3662/3662/3662 3661/3661/3661 3664/3664/3664 
f 3665/3665/3665 3666/3666/3666 3667/3667/3667 
f 3668/3668/3668 3667/3667/3667 3666/3666/3666 
f 3669/3669/3669 3670/3670/3670 3671/3671/3671 
f 3670/3670/3670 3669/3669/3669 3672/3672/3672 
f 3673/3673/3673 3674/3674/3674 3675/3675/3675 
f 3676/3676/3676 3675/3675/3675 3674/3674/3674 
f 3677/3677/3677 3678/3678/3678 3679/3679/3679 
f 3678/3678/3678 3677/3677/3677 3680/3680/3680 
f 3681/3681/3681 3682/3682/3682 3683/3683/3683 
f 3684/3684/3684 3683/3683/3683 3682/3682/3682 
f 3685/3685/3685 3686/3686/3686 3687/3687/3687 
f 3686/3686/3686 3685/3685/3685 3688/3688/3688 
f 3687/3687/3687 3689/3689/3689 3690/3690/3690 
f 3689/3689/3689 3691/3691/3691 3690/3690/3690 
f 3692/3692/3692 3693/3693/3693 3694/3694/3694 
f 3693/3693/3693 3692/3692/3692 3695/3695/3695 
f 3696/3696/3696 3697/3697/3697 3698/3698/3698 
f 3698/3698/3698 3699/3699/3699 3696/3696/3696 
f 3700/3700/3700 3701/3701/3701 3697/3697/3697 
f 3697/3697/3697 3702/3702/3702 3700/3700/3700 
f 3703/3703/3703 3704/3704/3704 3705/3705/3705 
f 3704/3704/3704 3703/3703/3703 3706/3706/3706 
f 3707/3707/3707 3708/3708/3708 3709/3709/3709 
f 3708/3708/3708 3707/3707/3707 3710/3710/3710 
f 3711/3711/3711 3712/3712/3712 3713/3713/3713 
f 3711/3711/3711 3713/3713/3713 3714/3714/3714 
f 3711/3711/3711 3714/3714/3714 3715/3715/3715 
f 3711/3711/3711 3715/3715/3715 3716/3716/3716 
f 3712/3712/3712 3711/3711/3711 3717/3717/3717 
f 3712/3712/3712 3717/3717/3717 3718/3718/3718 
f 3719/3719/3719 3718/3718/3718 3717/3717/3717 
f 3718/3718/3718 3719/3719/3719 3720/3720/3720 
f 3720/3720/3720 3719/3719/3719 3721/3721/3721 
f 3719/3719/3719 3722/3722/3722 3721/3721/3721 
f 3722/3722/3722 3719/3719/3719 3723/3723/3723 
f 3711/3711/3711 3716/3716/3716 3724/3724/3724 
f 3724/3724/3724 3716/3716/3716 3725/3725/3725 
f 3724/3724/3724 3725/3725/3725 3726/3726/3726 
f 3711/3711/3711 3724/3724/3724 3727/3727/3727 
f 3727/3727/3727 3724/3724/3724 3728/3728/3728 
f 3711/3711/3711 3727/3727/3727 3729/3729/3729 
f 3729/3729/3729 3727/3727/3727 3730/3730/3730 
f 3711/3711/3711 3729/3729/3729 3731/3731/3731 
f 3732/3732/3732 3733/3733/3733 3724/3724/3724 
f 3734/3734/3734 3733/3733/3733 3732/3732/3732 
f 3735/3735/3735 3732/3732/3732 3724/3724/3724 
f 3732/3732/3732 3735/3735/3735 3736/3736/3736 
f 3736/3736/3736 3735/3735/3735 3737/3737/3737 
f 3738/3738/3738 3737/3737/3737 3735/3735/3735 
f 3739/3739/3739 3740/3740/3740 3741/3741/3741 
f 3741/3741/3741 3742/3742/3742 3739/3739/3739 
f 3743/3743/3743 3744/3744/3744 3745/3745/3745 
f 3744/3744/3744 3743/3743/3743 3746/3746/3746 
f 3747/3747/3747 3748/3748/3748 3749/3749/3749 
f 3747/3747/3747 3749/3749/3749 3750/3750/3750 
f 3751/3751/3751 3747/3747/3747 3752/3752/3752 
f 3751/3751/3751 3752/3752/3752 3753/3753/3753 
f 3754/3754/3754 3755/3755/3755 3756/3756/3756 
f 3755/3755/3755 3754/3754/3754 3757/3757/3757 
f 3758/3758/3758 3759/3759/3759 3760/3760/3760 
f 3760/3760/3760 3759/3759/3759 3761/3761/3761 
f 3762/3762/3762 3763/3763/3763 3764/3764/3764 
f 3763/3763/3763 3762/3762/3762 3765/3765/3765 
f 3766/3766/3766 3767/3767/3767 3768/3768/3768 
f 3766/3766/3766 3768/3768/3768 3769/3769/3769 
f 3770/3770/3770 3771/3771/3771 3772/3772/3772 
f 3771/3771/3771 3770/3770/3770 3773/3773/3773 
f 3774/3774/3774 3775/3775/3775 3776/3776/3776 
f 3775/3775/3775 3774/3774/3774 3777/3777/3777 
f 3778/3778/3778 3779/3779/3779 3777/3777/3777 
f 3779/3779/3779 3778/3778/3778 3780/3780/3780 
f 3781/3781/3781 3782/3782/3782 3783/3783/3783 
f 3781/3781/3781 3783/3783/3783 3784/3784/3784 
f 3785/3785/3785 3786/3786/3786 3787/3787/3787 
f 3786/3786/3786 3785/3785/3785 3788/3788/3788 
f 3789/3789/3789 3790/3790/3790 3791/3791/3791 
f 3790/3790/3790 3789/3789/3789 3792/3792/3792 
f 3793/3793/3793 3794/3794/3794 3795/3795/3795 
f 3794/3794/3794 3793/3793/3793 3796/3796/3796 
f 3797/3797/3797 3798/3798/3798 3799/3799/3799 
f 3798/3798/3798 3797/3797/3797 3800/3800/3800 
f 3801/3801/3801 3802/3802/3802 3803/3803/3803 
f 3802/3802/3802 3801/3801/3801 3804/3804/3804 
f 3805/3805/3805 3806/3806/3806 3807/3807/3807 
f 3806/3806/3806 3808/3808/3808 3807/3807/3807 
f 3809/3809/3809 3810/3810/3810 3811/3811/3811 
f 3810/3810/3810 3809/3809/3809 3812/3812/3812 
f 3813/3813/3813 3814/3814/3814 3815/3815/3815 
f 3816/3816/3816 3815/3815/3815 3814/3814/3814 
f 3817/3817/3817 3818/3818/3818 3819/3819/3819 
f 3818/3818/3818 3817/3817/3817 3820/3820/3820 
f 3821/3821/3821 3822/3822/3822 3823/3823/3823 
f 3822/3822/3822 3821/3821/3821 3824/3824/3824 
f 3825/3825/3825 3826/3826/3826 3827/3827/3827 
f 3826/3826/3826 3825/3825/3825 3828/3828/3828 
f 3829/3829/3829 3826/3826/3826 3828/3828/3828 
f 3826/3826/3826 3829/3829/3829 3830/3830/3830 
f 3831/3831/3831 3832/3832/3832 3833/3833/3833 
f 3832/3832/3832 3831/3831/3831 3834/3834/3834 
f 3835/3835/3835 3836/3836/3836 3837/3837/3837 
f 3836/3836/3836 3835/3835/3835 3838/3838/3838 
f 3839/3839/3839 3840/3840/3840 3841/3841/3841 
f 3842/3842/3842 3841/3841/3841 3840/3840/3840 
f 3843/3843/3843 3844/3844/3844 3845/3845/3845 
f 3844/3844/3844 3843/3843/3843 3846/3846/3846 
f 3847/3847/3847 3848/3848/3848 3849/3849/3849 
f 3850/3850/3850 3849/3849/3849 3848/3848/3848 
f 3847/3847/3847 3851/3851/3851 3852/3852/3852 
f 3851/3851/3851 3853/3853/3853 3852/3852/3852 
f 3850/3850/3850 3854/3854/3854 3855/3855/3855 
f 3854/3854/3854 3850/3850/3850 3856/3856/3856 
f 3857/3857/3857 3858/3858/3858 3859/3859/3859 
f 3860/3860/3860 3859/3859/3859 3858/3858/3858 
f 3861/3861/3861 3862/3862/3862 3863/3863/3863 
f 3862/3862/3862 3861/3861/3861 3864/3864/3864 
f 3865/3865/3865 3866/3866/3866 3867/3867/3867 
f 3868/3868/3868 3867/3867/3867 3866/3866/3866 
f 3869/3869/3869 3870/3870/3870 3871/3871/3871 
f 3872/3872/3872 3871/3871/3871 3870/3870/3870 
f 3873/3873/3873 3872/3872/3872 3874/3874/3874 
f 3875/3875/3875 3874/3874/3874 3872/3872/3872 
f 3876/3876/3876 3877/3877/3877 3878/3878/3878 
f 3877/3877/3877 3879/3879/3879 3878/3878/3878 
f 3879/3879/3879 3880/3880/3880 3881/3881/3881 
f 3882/3882/3882 3881/3881/3881 3880/3880/3880 
f 3719/3719/3719 3883/3883/3883 3884/3884/3884 
f 3883/3883/3883 3719/3719/3719 3885/3885/3885 
f 3884/3884/3884 3883/3883/3883 3886/3886/3886 
f 3723/3723/3723 3719/3719/3719 3884/3884/3884 
f 3723/3723/3723 3884/3884/3884 3887/3887/3887 
f 3887/3887/3887 3884/3884/3884 3888/3888/3888 
f 3887/3887/3887 3889/3889/3889 3890/3890/3890 
f 3889/3889/3889 3887/3887/3887 3891/3891/3891 
f 3892/3892/3892 3891/3891/3891 3887/3887/3887 
f 3891/3891/3891 3892/3892/3892 3893/3893/3893 
f 3894/3894/3894 3890/3890/3890 3895/3895/3895 
f 3890/3890/3890 3894/3894/3894 3896/3896/3896 
f 3892/3892/3892 3897/3897/3897 3898/3898/3898 
f 3897/3897/3897 3892/3892/3892 3899/3899/3899 
f 3900/3900/3900 3897/3897/3897 3899/3899/3899 
f 3897/3897/3897 3900/3900/3900 3901/3901/3901 
f 3902/3902/3902 3903/3903/3903 3904/3904/3904 
f 3903/3903/3903 3902/3902/3902 3905/3905/3905 
f 3906/3906/3906 3907/3907/3907 3908/3908/3908 
f 3909/3909/3909 3908/3908/3908 3907/3907/3907 
f 3910/3910/3910 3911/3911/3911 3912/3912/3912 
f 3911/3911/3911 3910/3910/3910 3913/3913/3913 
f 3914/3914/3914 3915/3915/3915 3916/3916/3916 
f 3915/3915/3915 3914/3914/3914 3917/3917/3917 
f 3918/3918/3918 3919/3919/3919 3920/3920/3920 
f 3921/3921/3921 3920/3920/3920 3919/3919/3919 
f 3922/3922/3922 3923/3923/3923 3924/3924/3924 
f 3925/3925/3925 3924/3924/3924 3923/3923/3923 
f 3926/3926/3926 3927/3927/3927 3928/3928/3928 
f 3927/3927/3927 3926/3926/3926 3929/3929/3929 
f 3930/3930/3930 3931/3931/3931 3932/3932/3932 
f 3931/3931/3931 3930/3930/3930 3933/3933/3933 
f 3934/3934/3934 3935/3935/3935 3936/3936/3936 
f 3935/3935/3935 3934/3934/3934 3937/3937/3937 
f 3938/3938/3938 3939/3939/3939 3940/3940/3940 
f 3939/3939/3939 3938/3938/3938 3941/3941/3941 
f 3942/3942/3942 3943/3943/3943 3944/3944/3944 
f 3944/3944/3944 3943/3943/3943 3945/3945/3945 
f 3946/3946/3946 3947/3947/3947 3948/3948/3948 
f 3947/3947/3947 3946/3946/3946 3949/3949/3949 
f 3950/3950/3950 3951/3951/3951 3952/3952/3952 
f 3951/3951/3951 3953/3953/3953 3952/3952/3952 
f 3954/3954/3954 3955/3955/3955 3956/3956/3956 
f 3955/3955/3955 3954/3954/3954 3957/3957/3957 
f 3958/3958/3958 3959/3959/3959 3960/3960/3960 
f 3959/3959/3959 3961/3961/3961 3960/3960/3960 
f 3962/3962/3962 3963/3963/3963 3964/3964/3964 
f 3963/3963/3963 3962/3962/3962 3965/3965/3965 
f 3966/3966/3966 3967/3967/3967 3968/3968/3968 
f 3967/3967/3967 3966/3966/3966 3969/3969/3969 
f 3970/3970/3970 3971/3971/3971 3972/3972/3972 
f 3971/3971/3971 3973/3973/3973 3972/3972/3972 
f 3974/3974/3974 3975/3975/3975 3976/3976/3976 
f 3975/3975/3975 3974/3974/3974 3977/3977/3977 
f 3978/3978/3978 3979/3979/3979 3980/3980/3980 
f 3979/3979/3979 3981/3981/3981 3980/3980/3980 
f 3982/3982/3982 3983/3983/3983 3984/3984/3984 
f 3983/3983/3983 3982/3982/3982 3985/3985/3985 
f 3986/3986/3986 3987/3987/3987 3988/3988/3988 
f 3987/3987/3987 3986/3986/3986 3989/3989/3989 
f 3990/3990/3990 3991/3991/3991 3992/3992/3992 
f 3991/3991/3991 3990/3990/3990 3993/3993/3993 
f 3994/3994/3994 3995/3995/3995 3996/3996/3996 
f 3995/3995/3995 3994/3994/3994 3997/3997/3997 
f 3998/3998/3998 3999/3999/3999 4000/4000/4000 
f 3999/3999/3999 3998/3998/3998 4001/4001/4001 
f 4002/4002/4002 4003/4003/4003 4004/4004/4004 
f 4003/4003/4003 4005/4005/4005 4004/4004/4004 
f 4006/4006/4006 4007/4007/4007 4008/4008/4008 
f 4007/4007/4007 4009/4009/4009 4008/4008/4008 
f 4010/4010/4010 4011/4011/4011 4012/4012/4012 
f 4011/4011/4011 4010/4010/4010 4013/4013/4013 
f 4014/4014/4014 4015/4015/4015 4016/4016/4016 
f 4015/4015/4015 4014/4014/4014 4017/4017/4017 
f 4018/4018/4018 4019/4019/4019 4020/4020/4020 
f 4020/4020/4020 4019/4019/4019 4021/4021/4021 
f 4020/4020/4020 4022/4022/4022 4023/4023/4023 
f 4023/4023/4023 4022/4022/4022 4024/4024/4024 
f 4025/4025/4025 4026/4026/4026 4027/4027/4027 
f 4026/4026/4026 4025/4025/4025 4028/4028/4028 
f 4029/4029/4029 4030/4030/4030 4031/4031/4031 
f 4030/4030/4030 4029/4029/4029 4032/4032/4032 
f 4033/4033/4033 4034/4034/4034 4035/4035/4035 
f 4035/4035/4035 4034/4034/4034 4036/4036/4036 
f 4037/4037/4037 4038/4038/4038 4039/4039/4039 
f 4039/4039/4039 4038/4038/4038 4040/4040/4040 
f 4041/4041/4041 4042/4042/4042 4043/4043/4043 
f 4042/4042/4042 4041/4041/4041 4044/4044/4044 
f 4043/4043/4043 4042/4042/4042 4045/4045/4045 
f 4045/4045/4045 4046/4046/4046 4043/4043/4043 
f 4046/4046/4046 4045/4045/4045 4047/4047/4047 
f 4046/4046/4046 4047/4047/4047 4048/4048/4048 
f 4049/4049/4049 4050/4050/4050 4051/4051/4051 
f 4050/4050/4050 4049/4049/4049 4052/4052/4052 
f 4053/4053/4053 4054/4054/4054 4055/4055/4055 
f 4054/4054/4054 4053/4053/4053 4056/4056/4056 
f 4057/4057/4057 4058/4058/4058 4056/4056/4056 
f 4058/4058/4058 4057/4057/4057 4059/4059/4059 
f 4060/4060/4060 4061/4061/4061 4062/4062/4062 
f 4061/4061/4061 4060/4060/4060 4063/4063/4063 
f 4064/4064/4064 4065/4065/4065 4066/4066/4066 
f 4066/4066/4066 4065/4065/4065 4067/4067/4067 
f 4068/4068/4068 4069/4069/4069 4070/4070/4070 
f 4070/4070/4070 4069/4069/4069 4071/4071/4071 
f 4072/4072/4072 4073/4073/4073 4074/4074/4074 
f 4073/4073/4073 4072/4072/4072 4075/4075/4075 
f 4076/4076/4076 4077/4077/4077 4078/4078/4078 
f 4077/4077/4077 4076/4076/4076 4079/4079/4079 
f 4080/4080/4080 4081/4081/4081 4082/4082/4082 
f 4082/4082/4082 4081/4081/4081 4083/4083/4083 
f 4084/4084/4084 4085/4085/4085 4086/4086/4086 
f 4085/4085/4085 4084/4084/4084 4087/4087/4087 
f 4088/4088/4088 4089/4089/4089 4090/4090/4090 
f 4089/4089/4089 4088/4088/4088 4091/4091/4091 
f 4092/4092/4092 4093/4093/4093 4094/4094/4094 
f 4093/4093/4093 4092/4092/4092 4095/4095/4095 
f 4096/4096/4096 4097/4097/4097 4095/4095/4095 
f 4097/4097/4097 4096/4096/4096 4098/4098/4098 
f 4099/4099/4099 4100/4100/4100 4101/4101/4101 
f 4101/4101/4101 4100/4100/4100 4102/4102/4102 
f 4103/4103/4103 4104/4104/4104 4105/4105/4105 
f 4104/4104/4104 4103/4103/4103 4106/4106/4106 
f 4107/4107/4107 4108/4108/4108 4109/4109/4109 
f 4108/4108/4108 4107/4107/4107 4110/4110/4110 
f 4111/4111/4111 4112/4112/4112 4113/4113/4113 
f 4112/4112/4112 4111/4111/4111 4114/4114/4114 
f 4115/4115/4115 4116/4116/4116 4117/4117/4117 
f 4116/4116/4116 4115/4115/4115 4118/4118/4118 
f 4119/4119/4119 4120/4120/4120 4121/4121/4121 
f 4120/4120/4120 4119/4119/4119 4122/4122/4122 
f 4123/4123/4123 4124/4124/4124 4125/4125/4125 
f 4124/4124/4124 4123/4123/4123 4126/4126/4126 
f 4127/4127/4127 4128/4128/4128 4129/4129/4129 
f 4128/4128/4128 4127/4127/4127 4130/4130/4130 
f 4131/4131/4131 4132/4132/4132 4133/4133/4133 
f 4132/4132/4132 4131/4131/4131 4134/4134/4134 
f 4135/4135/4135 4136/4136/4136 4137/4137/4137 
f 4136/4136/4136 4135/4135/4135 4138/4138/4138 
f 4139/4139/4139 4140/4140/4140 4141/4141/4141 
f 4140/4140/4140 4139/4139/4139 4142/4142/4142 
f 4143/4143/4143 4144/4144/4144 4145/4145/4145 
f 4144/4144/4144 4146/4146/4146 4145/4145/4145 
f 4147/4147/4147 4148/4148/4148 4149/4149/4149 
f 4148/4148/4148 4147/4147/4147 4150/4150/4150 
f 4147/4147/4147 4149/4149/4149 4151/4151/4151 
f 4152/4152/4152 4151/4151/4151 4149/4149/4149 
f 4151/4151/4151 4152/4152/4152 4153/4153/4153 
f 4153/4153/4153 4152/4152/4152 4154/4154/4154 
f 4155/4155/4155 4156/4156/4156 4157/4157/4157 
f 4156/4156/4156 4155/4155/4155 4158/4158/4158 
f 4159/4159/4159 4160/4160/4160 4161/4161/4161 
f 4160/4160/4160 4159/4159/4159 4162/4162/4162 
f 4163/4163/4163 4164/4164/4164 4165/4165/4165 
f 4164/4164/4164 4166/4166/4166 4165/4165/4165 
f 4163/4163/4163 4167/4167/4167 4168/4168/4168 
f 4168/4168/4168 4169/4169/4169 4163/4163/4163 
f 4170/4170/4170 4166/4166/4166 4171/4171/4171 
f 4170/4170/4170 4172/4172/4172 4166/4166/4166 
f 4173/4173/4173 4174/4174/4174 4175/4175/4175 
f 4173/4173/4173 4175/4175/4175 4176/4176/4176 
f 4177/4177/4177 4178/4178/4178 4179/4179/4179 
f 4177/4177/4177 4179/4179/4179 4180/4180/4180 
f 4181/4181/4181 4178/4178/4178 4182/4182/4182 
f 4181/4181/4181 4183/4183/4183 4178/4178/4178 
f 4184/4184/4184 4185/4185/4185 4180/4180/4180 
f 4185/4185/4185 4184/4184/4184 4186/4186/4186 
f 4187/4187/4187 4188/4188/4188 4189/4189/4189 
f 4187/4187/4187 4189/4189/4189 4190/4190/4190 
f 4190/4190/4190 4191/4191/4191 4192/4192/4192 
f 4190/4190/4190 4193/4193/4193 4191/4191/4191 
f 4194/4194/4194 4195/4195/4195 4196/4196/4196 
f 4195/4195/4195 4194/4194/4194 4197/4197/4197 
f 4198/4198/4198 4199/4199/4199 4196/4196/4196 
f 4199/4199/4199 4198/4198/4198 4200/4200/4200 
f 4201/4201/4201 4202/4202/4202 4198/4198/4198 
f 4202/4202/4202 4201/4201/4201 4203/4203/4203 
f 4204/4204/4204 4205/4205/4205 4203/4203/4203 
f 4205/4205/4205 4204/4204/4204 4206/4206/4206 
f 4207/4207/4207 4208/4208/4208 4209/4209/4209 
f 4208/4208/4208 4207/4207/4207 4210/4210/4210 
f 4211/4211/4211 4212/4212/4212 4213/4213/4213 
f 4212/4212/4212 4211/4211/4211 4214/4214/4214 
f 4215/4215/4215 4216/4216/4216 4217/4217/4217 
f 4215/4215/4215 4217/4217/4217 4218/4218/4218 
f 4219/4219/4219 4220/4220/4220 4221/4221/4221 
f 4221/4221/4221 4222/4222/4222 4219/4219/4219 
f 4223/4223/4223 4224/4224/4224 4225/4225/4225 
f 4225/4225/4225 4226/4226/4226 4223/4223/4223 
f 4227/4227/4227 4228/4228/4228 4229/4229/4229 
f 4228/4228/4228 4227/4227/4227 4230/4230/4230 

g 1

v 365.706 3.92167 200.206 
v 365.787 3.89879 200.287 
v 365.754 3.89879 200.327 
v 365.66 3.92167 200.261 
v 365.637 3.98683 200.137 
v 365.58 3.98683 200.205 
v 365.591 4.08436 200.091 
v 365.526 4.08436 200.168 
v 365.575 4.19939 200.075 
v 365.508 4.19939 200.155 
v 365.575 4.80061 200.075 
v 365.508 4.80061 200.155 
v 365.591 4.91564 200.091 
v 365.526 4.91564 200.168 
v 365.637 5.01317 200.137 
v 365.58 5.01317 200.205 
v 365.706 5.07833 200.206 
v 365.66 5.07833 200.261 
v 365.787 5.10121 200.287 
v 365.754 5.10121 200.327 
v 365.728 3.89879 200.373 
v 365.623 3.92167 200.324 
v 365.535 3.98683 200.283 
v 365.476 4.08436 200.255 
v 365.455 4.19939 200.246 
v 365.455 4.80061 200.246 
v 365.476 4.91564 200.255 
v 365.535 5.01317 200.283 
v 365.623 5.07833 200.324 
v 365.728 5.10121 200.373 
v 365.71 3.89879 200.422 
v 365.599 3.92167 200.392 
v 365.504 3.98683 200.367 
v 365.441 4.08436 200.35 
v 365.419 4.19939 200.344 
v 365.419 4.80061 200.344 
v 365.441 4.91564 200.35 
v 365.504 5.01317 200.367 
v 365.599 5.07833 200.392 
v 365.71 5.10121 200.422 
v 365.701 3.89879 200.474 
v 365.586 3.92167 200.464 
v 365.489 3.98683 200.455 
v 365.424 4.08436 200.449 
v 365.401 4.19939 200.447 
v 365.401 4.80061 200.447 
v 365.424 4.91564 200.449 
v 365.489 5.01317 200.455 
v 365.586 5.07833 200.464 
v 365.701 5.10121 200.474 
v 365.701 3.89879 200.526 
v 365.586 3.92167 200.536 
v 365.489 3.98683 200.544 
v 365.424 4.08436 200.55 
v 365.401 4.19939 200.552 
v 365.401 4.80061 200.552 
v 365.424 4.91564 200.55 
v 365.489 5.01317 200.544 
v 365.586 5.07833 200.536 
v 365.701 5.10121 200.526 
v 365.71 3.89879 200.578 
v 365.599 3.92167 200.607 
v 365.504 3.98683 200.633 
v 365.441 4.08436 200.649 
v 365.419 4.19939 200.655 
v 365.419 4.80061 200.655 
v 365.441 4.91564 200.649 
v 365.504 5.01317 200.633 
v 365.599 5.07833 200.607 
v 365.71 5.10121 200.578 
v 365.728 3.89879 200.627 
v 365.623 3.92167 200.675 
v 365.535 3.98683 200.717 
v 365.476 4.08436 200.744 
v 365.455 4.19939 200.754 
v 365.455 4.80061 200.754 
v 365.476 4.91564 200.744 
v 365.535 5.01317 200.717 
v 365.623 5.07833 200.675 
v 365.728 5.10121 200.627 
v 365.754 3.89879 200.672 
v 365.66 3.92167 200.738 
v 365.58 3.98683 200.794 
v 365.526 4.08436 200.831 
v 365.508 4.19939 200.845 
v 365.508 4.80061 200.845 
v 365.526 4.91564 200.831 
v 365.58 5.01317 200.794 
v 365.66 5.07833 200.738 
v 365.754 5.10121 200.672 
v 365.787 3.89879 200.712 
v 365.706 3.92167 200.794 
v 365.637 3.98683 200.863 
v 365.591 4.08436 200.909 
v 365.575 4.19939 200.925 
v 365.575 4.80061 200.925 
v 365.591 4.91564 200.909 
v 365.637 5.01317 200.863 
v 365.706 5.07833 200.794 
v 365.787 5.10121 200.712 
v 366 5.10121 200.5 
v 365.787 5.10121 200.712 
v 365.815 5.10121 200.737 
v 365.854 5.10121 200.762 
v 365.905 5.10121 200.785 
v 365.967 5.10121 200.798 
v 366.033 5.10121 200.798 
v 366.095 5.10121 200.785 
v 366.146 5.10121 200.762 
v 366.185 5.10121 200.737 
v 366.213 5.10121 200.712 
v 366.237 5.10121 200.684 
v 366.263 5.10121 200.646 
v 366.285 5.10121 200.595 
v 366.299 5.10121 200.533 
v 366.299 5.10121 200.467 
v 366.285 5.10121 200.405 
v 366.263 5.10121 200.354 
v 366.237 5.10121 200.315 
v 366.213 5.10121 200.287 
v 366.185 5.10121 200.262 
v 366.146 5.10121 200.237 
v 366.095 5.10121 200.215 
v 366.033 5.10121 200.201 
v 365.967 5.10121 200.201 
v 365.905 5.10121 200.215 
v 365.854 5.10121 200.237 
v 365.815 5.10121 200.262 
v 365.787 5.10121 200.287 
v 365.754 5.10121 200.327 
v 365.728 5.10121 200.373 
v 365.71 5.10121 200.422 
v 365.701 5.10121 200.474 
v 365.701 5.10121 200.526 
v 365.71 5.10121 200.578 
v 365.728 5.10121 200.627 
v 365.754 5.10121 200.672 
v 366.294 3.92167 200.206 
v 366.213 3.89879 200.287 
v 366.172 3.89879 200.253 
v 366.238 3.92167 200.159 
v 366.363 3.98683 200.137 
v 366.294 3.98683 200.079 
v 366.409 4.08436 200.091 
v 366.332 4.08436 200.026 
v 366.425 4.19939 200.075 
v 366.345 4.19939 200.007 
v 366.425 4.80061 200.075 
v 366.345 4.80061 200.007 
v 366.409 4.91564 200.091 
v 366.332 4.91564 200.026 
v 366.363 5.01317 200.137 
v 366.294 5.01317 200.079 
v 366.294 5.07833 200.206 
v 366.238 5.07833 200.159 
v 366.213 5.10121 200.287 
v 366.185 5.10121 200.262 
v 366.127 3.89879 200.227 
v 366.176 3.92167 200.123 
v 366.217 3.98683 200.035 
v 366.244 4.08436 199.976 
v 366.254 4.19939 199.955 
v 366.254 4.80061 199.955 
v 366.244 4.91564 199.976 
v 366.217 5.01317 200.035 
v 366.176 5.07833 200.123 
v 366.146 5.10121 200.237 
v 366.078 3.89879 200.209 
v 366.108 3.92167 200.098 
v 366.133 3.98683 200.004 
v 366.15 4.08436 199.941 
v 366.156 4.19939 199.919 
v 366.156 4.80061 199.919 
v 366.15 4.91564 199.941 
v 366.133 5.01317 200.004 
v 366.108 5.07833 200.098 
v 366.095 5.10121 200.215 
v 366.026 3.89879 200.2 
v 366.036 3.92167 200.086 
v 366.045 3.98683 199.989 
v 366.05 4.08436 199.924 
v 366.052 4.19939 199.901 
v 366.052 4.80061 199.901 
v 366.05 4.91564 199.924 
v 366.045 5.01317 199.989 
v 366.036 5.07833 200.086 
v 366.033 5.10121 200.201 
v 365.974 3.89879 200.2 
v 365.964 3.92167 200.086 
v 365.955 3.98683 199.989 
v 365.95 4.08436 199.924 
v 365.948 4.19939 199.901 
v 365.948 4.80061 199.901 
v 365.95 4.91564 199.924 
v 365.955 5.01317 199.989 
v 365.964 5.07833 200.086 
v 365.967 5.10121 200.201 
v 365.922 3.89879 200.209 
v 365.892 3.92167 200.098 
v 365.867 3.98683 200.004 
v 365.85 4.08436 199.941 
v 365.844 4.19939 199.919 
v 365.844 4.80061 199.919 
v 365.85 4.91564 199.941 
v 365.867 5.01317 200.004 
v 365.892 5.07833 200.098 
v 365.905 5.10121 200.215 
v 365.873 3.89879 200.227 
v 365.824 3.92167 200.123 
v 365.783 3.98683 200.035 
v 365.756 4.08436 199.976 
v 365.746 4.19939 199.955 
v 365.746 4.80061 199.955 
v 365.756 4.91564 199.976 
v 365.783 5.01317 200.035 
v 365.824 5.07833 200.123 
v 365.854 5.10121 200.237 
v 365.828 3.89879 200.253 
v 365.762 3.92167 200.159 
v 365.706 3.98683 200.079 
v 365.668 4.08436 200.026 
v 365.655 4.19939 200.007 
v 365.655 4.80061 200.007 
v 365.668 4.91564 200.026 
v 365.706 5.01317 200.079 
v 365.762 5.07833 200.159 
v 365.815 5.10121 200.262 
v 366.294 3.92167 200.794 
v 366.213 3.89879 200.712 
v 366.246 3.89879 200.672 
v 366.34 3.92167 200.738 
v 366.363 3.98683 200.863 
v 366.42 3.98683 200.794 
v 366.409 4.08436 200.909 
v 366.474 4.08436 200.831 
v 366.425 4.19939 200.925 
v 366.492 4.19939 200.845 
v 366.425 4.80061 200.925 
v 366.492 4.80061 200.845 
v 366.409 4.91564 200.909 
v 366.474 4.91564 200.831 
v 366.363 5.01317 200.863 
v 366.42 5.01317 200.794 
v 366.294 5.07833 200.794 
v 366.34 5.07833 200.738 
v 366.213 5.10121 200.712 
v 366.237 5.10121 200.684 
v 366.272 3.89879 200.627 
v 366.377 3.92167 200.675 
v 366.465 3.98683 200.717 
v 366.524 4.08436 200.744 
v 366.545 4.19939 200.754 
v 366.545 4.80061 200.754 
v 366.524 4.91564 200.744 
v 366.465 5.01317 200.717 
v 366.377 5.07833 200.675 
v 366.263 5.10121 200.646 
v 366.29 3.89879 200.578 
v 366.401 3.92167 200.607 
v 366.496 3.98683 200.633 
v 366.559 4.08436 200.649 
v 366.581 4.19939 200.655 
v 366.581 4.80061 200.655 
v 366.559 4.91564 200.649 
v 366.496 5.01317 200.633 
v 366.401 5.07833 200.607 
v 366.285 5.10121 200.595 
v 366.299 3.89879 200.526 
v 366.414 3.92167 200.536 
v 366.511 3.98683 200.544 
v 366.576 4.08436 200.55 
v 366.599 4.19939 200.552 
v 366.599 4.80061 200.552 
v 366.576 4.91564 200.55 
v 366.511 5.01317 200.544 
v 366.414 5.07833 200.536 
v 366.299 5.10121 200.533 
v 366.299 3.89879 200.474 
v 366.414 3.92167 200.464 
v 366.511 3.98683 200.455 
v 366.576 4.08436 200.449 
v 366.599 4.19939 200.447 
v 366.599 4.80061 200.447 
v 366.576 4.91564 200.449 
v 366.511 5.01317 200.455 
v 366.414 5.07833 200.464 
v 366.299 5.10121 200.467 
v 366.29 3.89879 200.422 
v 366.401 3.92167 200.392 
v 366.496 3.98683 200.367 
v 366.559 4.08436 200.35 
v 366.581 4.19939 200.344 
v 366.581 4.80061 200.344 
v 366.559 4.91564 200.35 
v 366.496 5.01317 200.367 
v 366.401 5.07833 200.392 
v 366.285 5.10121 200.405 
v 366.272 3.89879 200.373 
v 366.377 3.92167 200.324 
v 366.465 3.98683 200.283 
v 366.524 4.08436 200.255 
v 366.545 4.19939 200.246 
v 366.545 4.80061 200.246 
v 366.524 4.91564 200.255 
v 366.465 5.01317 200.283 
v 366.377 5.07833 200.324 
v 366.263 5.10121 200.354 
v 366.246 3.89879 200.327 
v 366.34 3.92167 200.261 
v 366.42 3.98683 200.205 
v 366.474 4.08436 200.168 
v 366.492 4.19939 200.155 
v 366.492 4.80061 200.155 
v 366.474 4.91564 200.168 
v 366.42 5.01317 200.205 
v 366.34 5.07833 200.261 
v 366.237 5.10121 200.315 
v 366.246 3.89879 200.672 
v 366.213 3.89879 200.712 
v 366.185 3.89879 200.737 
v 366.165 3.89879 200.665 
v 366.272 3.89879 200.627 
v 366.19 3.89879 200.636 
v 366.29 3.89879 200.578 
v 366.215 3.89879 200.592 
v 366.299 3.89879 200.526 
v 366.231 3.89879 200.533 
v 366.299 3.89879 200.474 
v 366.231 3.89879 200.467 
v 366.29 3.89879 200.422 
v 366.215 3.89879 200.408 
v 366.272 3.89879 200.373 
v 366.19 3.89879 200.364 
v 366.246 3.89879 200.327 
v 366.165 3.89879 200.334 
v 366.213 3.89879 200.287 
v 366.172 3.89879 200.253 
v 366.146 3.89879 200.762 
v 366.136 3.89879 200.69 
v 366.118 3.89879 200.618 
v 366.143 3.89879 200.586 
v 366.164 3.89879 200.532 
v 366.164 3.89879 200.467 
v 366.143 3.89879 200.414 
v 366.118 3.89879 200.382 
v 366.136 3.89879 200.309 
v 366.127 3.89879 200.227 
v 366.095 3.89879 200.785 
v 366.092 3.89879 200.715 
v 366.086 3.89879 200.643 
v 366.071 3.89879 200.571 
v 366.095 3.89879 200.531 
v 366.095 3.89879 200.468 
v 366.071 3.89879 200.429 
v 366.086 3.89879 200.357 
v 366.092 3.89879 200.285 
v 366.078 3.89879 200.209 
v 366.033 3.89879 200.798 
v 366.033 3.89879 200.731 
v 366.033 3.89879 200.663 
v 366.032 3.89879 200.595 
v 366.024 3.89879 200.523 
v 366.024 3.89879 200.476 
v 366.032 3.89879 200.405 
v 366.033 3.89879 200.336 
v 366.033 3.89879 200.268 
v 366.026 3.89879 200.2 
v 365.967 3.89879 200.798 
v 365.967 3.89879 200.731 
v 365.967 3.89879 200.663 
v 365.968 3.89879 200.595 
v 365.976 3.89879 200.523 
v 365.976 3.89879 200.476 
v 365.968 3.89879 200.405 
v 365.967 3.89879 200.336 
v 365.967 3.89879 200.268 
v 365.974 3.89879 200.2 
v 365.905 3.89879 200.785 
v 365.908 3.89879 200.715 
v 365.914 3.89879 200.643 
v 365.929 3.89879 200.571 
v 365.905 3.89879 200.531 
v 365.905 3.89879 200.468 
v 365.929 3.89879 200.429 
v 365.914 3.89879 200.357 
v 365.908 3.89879 200.285 
v 365.922 3.89879 200.209 
v 365.854 3.89879 200.762 
v 365.864 3.89879 200.69 
v 365.882 3.89879 200.618 
v 365.857 3.89879 200.586 
v 365.836 3.89879 200.532 
v 365.836 3.89879 200.467 
v 365.857 3.89879 200.414 
v 365.882 3.89879 200.382 
v 365.864 3.89879 200.309 
v 365.873 3.89879 200.227 
v 365.815 3.89879 200.737 
v 365.835 3.89879 200.665 
v 365.81 3.89879 200.636 
v 365.785 3.89879 200.592 
v 365.769 3.89879 200.533 
v 365.769 3.89879 200.467 
v 365.785 3.89879 200.408 
v 365.81 3.89879 200.364 
v 365.835 3.89879 200.334 
v 365.828 3.89879 200.253 
v 365.787 3.89879 200.712 
v 365.754 3.89879 200.672 
v 365.728 3.89879 200.627 
v 365.71 3.89879 200.578 
v 365.701 3.89879 200.526 
v 365.701 3.89879 200.474 
v 365.71 3.89879 200.422 
v 365.728 3.89879 200.373 
v 365.754 3.89879 200.327 
v 365.787 3.89879 200.287 
v 365.706 3.92167 200.794 
v 365.787 3.89879 200.712 
v 365.815 3.89879 200.737 
v 365.762 3.92167 200.84 
v 365.637 3.98683 200.863 
v 365.706 3.98683 200.92 
v 365.591 4.08436 200.909 
v 365.668 4.08436 200.973 
v 365.575 4.19939 200.925 
v 365.655 4.19939 200.992 
v 365.575 4.80061 200.925 
v 365.655 4.80061 200.992 
v 365.591 4.91564 200.909 
v 365.668 4.91564 200.973 
v 365.637 5.01317 200.863 
v 365.706 5.01317 200.92 
v 365.706 5.07833 200.794 
v 365.762 5.07833 200.84 
v 365.787 5.10121 200.712 
v 365.815 5.10121 200.737 
v 365.854 3.89879 200.762 
v 365.824 3.92167 200.876 
v 365.783 3.98683 200.965 
v 365.756 4.08436 201.024 
v 365.746 4.19939 201.045 
v 365.746 4.80061 201.045 
v 365.756 4.91564 201.024 
v 365.783 5.01317 200.965 
v 365.824 5.07833 200.876 
v 365.854 5.10121 200.762 
v 365.905 3.89879 200.785 
v 365.892 3.92167 200.901 
v 365.867 3.98683 200.995 
v 365.85 4.08436 201.058 
v 365.844 4.19939 201.08 
v 365.844 4.80061 201.08 
v 365.85 4.91564 201.058 
v 365.867 5.01317 200.995 
v 365.892 5.07833 200.901 
v 365.905 5.10121 200.785 
v 365.967 3.89879 200.798 
v 365.964 3.92167 200.914 
v 365.955 3.98683 201.011 
v 365.95 4.08436 201.076 
v 365.948 4.19939 201.099 
v 365.948 4.80061 201.099 
v 365.95 4.91564 201.076 
v 365.955 5.01317 201.011 
v 365.964 5.07833 200.914 
v 365.967 5.10121 200.798 
v 366.033 3.89879 200.798 
v 366.036 3.92167 200.914 
v 366.045 3.98683 201.011 
v 366.05 4.08436 201.076 
v 366.052 4.19939 201.099 
v 366.052 4.80061 201.099 
v 366.05 4.91564 201.076 
v 366.045 5.01317 201.011 
v 366.036 5.07833 200.914 
v 366.033 5.10121 200.798 
v 366.095 3.89879 200.785 
v 366.108 3.92167 200.901 
v 366.133 3.98683 200.995 
v 366.15 4.08436 201.058 
v 366.156 4.19939 201.08 
v 366.156 4.80061 201.08 
v 366.15 4.91564 201.058 
v 366.133 5.01317 200.995 
v 366.108 5.07833 200.901 
v 366.095 5.10121 200.785 
v 366.146 3.89879 200.762 
v 366.176 3.92167 200.876 
v 366.217 3.98683 200.965 
v 366.244 4.08436 201.024 
v 366.254 4.19939 201.045 
v 366.254 4.80061 201.045 
v 366.244 4.91564 201.024 
v 366.217 5.01317 200.965 
v 366.176 5.07833 200.876 
v 366.146 5.10121 200.762 
v 366.185 3.89879 200.737 
v 366.238 3.92167 200.84 
v 366.294 3.98683 200.92 
v 366.332 4.08436 200.973 
v 366.345 4.19939 200.992 
v 366.345 4.80061 200.992 
v 366.332 4.91564 200.973 
v 366.294 5.01317 200.92 
v 366.238 5.07833 200.84 
v 366.185 5.10121 200.737 
v 366.213 3.89879 200.712 
v 366.294 3.92167 200.794 
v 366.363 3.98683 200.863 
v 366.409 4.08436 200.909 
v 366.425 4.19939 200.925 
v 366.425 4.80061 200.925 
v 366.409 4.91564 200.909 
v 366.363 5.01317 200.863 
v 366.294 5.07833 200.794 
v 366.213 5.10121 200.712 

vn -0.267717 -0.92126 -0.267717 
vn 0 -1 0 
vn 0 -1 0 
vn -0.314961 -0.92126 -0.220472 
vn -0.496063 -0.708661 -0.496063 
vn -0.582677 -0.708661 -0.409449 
vn -0.653543 -0.385827 -0.653543 
vn -0.755906 -0.385827 -0.527559 
vn -0.708661 0 -0.708661 
vn -0.818898 0 -0.574803 
vn -0.708661 0 -0.708661 
vn -0.818898 0 -0.574803 
vn -0.653543 0.385827 -0.653543 
vn -0.755906 0.385827 -0.527559 
vn -0.496063 0.708661 -0.496063 
vn -0.582677 0.708661 -0.409449 
vn -0.267717 0.92126 -0.267717 
vn -0.314961 0.92126 -0.220472 
vn 0 1 0 
vn 0 1 0 
vn 0 -1 0 
vn -0.346457 -0.92126 -0.165354 
vn -0.637795 -0.708661 -0.299213 
vn -0.834646 -0.385827 -0.393701 
vn -0.905512 0 -0.425197 
vn -0.905512 0 -0.425197 
vn -0.834646 0.385827 -0.393701 
vn -0.637795 0.708661 -0.299213 
vn -0.346457 0.92126 -0.165354 
vn 0 1 0 
vn 0 -1 0 
vn -0.370079 -0.92126 -0.102362 
vn -0.685039 -0.708661 -0.181102 
vn -0.889764 -0.385827 -0.23622 
vn -0.968504 0 -0.259843 
vn -0.968504 0 -0.259843 
vn -0.889764 0.385827 -0.23622 
vn -0.685039 0.708661 -0.181102 
vn -0.370079 0.92126 -0.102362 
vn 0 1 0 
vn 0 -1 0 
vn -0.377953 -0.92126 -0.0314961 
vn -0.700787 -0.708661 -0.0629921 
vn -0.92126 -0.385827 -0.0787402 
vn -1 0 -0.0866142 
vn -1 0 -0.0866142 
vn -0.92126 0.385827 -0.0787402 
vn -0.700787 0.708661 -0.0629921 
vn -0.377953 0.92126 -0.0314961 
vn 0 1 0 
vn 0 -1 0 
vn -0.377953 -0.92126 0.0314961 
vn -0.700787 -0.708661 0.0629921 
vn -0.92126 -0.385827 0.0787402 
vn -1 0 0.0866142 
vn -1 0 0.0866142 
vn -0.92126 0.385827 0.0787402 
vn -0.700787 0.708661 0.0629921 
vn -0.377953 0.92126 0.0314961 
vn 0 1 0 
vn 0 -1 0 
vn -0.370079 -0.92126 0.102362 
vn -0.685039 -0.708661 0.181102 
vn -0.889764 -0.385827 0.23622 
vn -0.968504 0 0.259843 
vn -0.968504 0 0.259843 
vn -0.889764 0.385827 0.23622 
vn -0.685039 0.708661 0.181102 
vn -0.370079 0.92126 0.102362 
vn 0 1 0 
vn 0 -1 0 
vn -0.346457 -0.92126 0.165354 
vn -0.637795 -0.708661 0.299213 
vn -0.834646 -0.385827 0.393701 
vn -0.905512 0 0.425197 
vn -0.905512 0 0.425197 
vn -0.834646 0.385827 0.393701 
vn -0.637795 0.708661 0.299213 
vn -0.346457 0.92126 0.165354 
vn 0 1 0 
vn 0 -1 0 
vn -0.314961 -0.92126 0.220472 
vn -0.582677 -0.708661 0.409449 
vn -0.755906 -0.385827 0.527559 
vn -0.818898 0 0.574803 
vn -0.818898 0 0.574803 
vn -0.755906 0.385827 0.527559 
vn -0.582677 0.708661 0.409449 
vn -0.314961 0.92126 0.220472 
vn 0 1 0 
vn 0 -1 0 
vn -0.267717 -0.92126 0.267717 
vn -0.496063 -0.708661 0.503937 
vn -0.653543 -0.385827 0.653543 
vn -0.708661 0 0.708661 
vn -0.708661 0 0.708661 
vn -0.653543 0.385827 0.653543 
vn -0.496063 0.708661 0.503937 
vn -0.267717 0.92126 0.267717 
vn 0 1 0 
vn 0 1 0 
vn 0 1 0 
vn 0 1 0 
vn 0 1 0 
vn 0 1 0 
vn 0 1 0 
vn 0 1 0 
vn 0 1 0 
vn 0 1 0 
vn 0 1 0 
vn 0 1 0 
vn 0 1 0 
vn 0 1 0 
vn 0 1 0 
vn 0 1 0 
vn 0 1 0 
vn 0 1 0 
vn 0 1 0 
vn 0 1 0 
vn 0 1 0 
vn 0 1 0 
vn 0 1 0 
vn 0 1 0 
vn 0 1 0 
vn 0 1 0 
vn 0 1 0 
vn 0 1 0 
vn 0 1 0 
vn 0 1 0 
vn 0 1 0 
vn 0 1 0 
vn 0 1 0 
vn 0 1 0 
vn 0 1 0 
vn 0 1 0 
vn 0 1 0 
vn 0 1 0 
vn 0.267717 -0.92126 -0.267717 
vn 0 -1 0 
vn 0 -1 0 
vn 0.220472 -0.92126 -0.314961 
vn 0.503937 -0.708661 -0.496063 
vn 0.409449 -0.708661 -0.582677 
vn 0.653543 -0.385827 -0.653543 
vn 0.527559 -0.385827 -0.755906 
vn 0.708661 0 -0.708661 
vn 0.574803 0 -0.818898 
vn 0.708661 0 -0.708661 
vn 0.574803 0 -0.818898 
vn 0.653543 0.385827 -0.653543 
vn 0.527559 0.385827 -0.755906 
vn 0.503937 0.708661 -0.496063 
vn 0.409449 0.708661 -0.582677 
vn 0.267717 0.92126 -0.267717 
vn 0.220472 0.92126 -0.314961 
vn 0 1 0 
vn 0 1 0 
vn 0 -1 0 
vn 0.165354 -0.92126 -0.346457 
vn 0.299213 -0.708661 -0.637795 
vn 0.393701 -0.385827 -0.834646 
vn 0.425197 0 -0.905512 
vn 0.425197 0 -0.905512 
vn 0.393701 0.385827 -0.834646 
vn 0.299213 0.708661 -0.637795 
vn 0.165354 0.92126 -0.346457 
vn 0 1 0 
vn 0 -1 0 
vn 0.102362 -0.92126 -0.370079 
vn 0.181102 -0.708661 -0.685039 
vn 0.23622 -0.385827 -0.889764 
vn 0.259843 0 -0.968504 
vn 0.259843 0 -0.968504 
vn 0.23622 0.385827 -0.889764 
vn 0.181102 0.708661 -0.685039 
vn 0.102362 0.92126 -0.370079 
vn 0 1 0 
vn 0 -1 0 
vn 0.0314961 -0.92126 -0.377953 
vn 0.0629921 -0.708661 -0.700787 
vn 0.0787402 -0.385827 -0.92126 
vn 0.0866142 0 -1 
vn 0.0866142 0 -1 
vn 0.0787402 0.385827 -0.92126 
vn 0.0629921 0.708661 -0.700787 
vn 0.0314961 0.92126 -0.377953 
vn 0 1 0 
vn 0 -1 0 
vn -0.0314961 -0.92126 -0.377953 
vn -0.0629921 -0.708661 -0.700787 
vn -0.0787402 -0.385827 -0.92126 
vn -0.0866142 0 -1 
vn -0.0866142 0 -1 
vn -0.0787402 0.385827 -0.92126 
vn -0.0629921 0.708661 -0.700787 
vn -0.0314961 0.92126 -0.377953 
vn 0 1 0 
vn 0 -1 0 
vn -0.102362 -0.92126 -0.370079 
vn -0.181102 -0.708661 -0.685039 
vn -0.23622 -0.385827 -0.889764 
vn -0.259843 0 -0.968504 
vn -0.259843 0 -0.968504 
vn -0.23622 0.385827 -0.889764 
vn -0.181102 0.708661 -0.685039 
vn -0.102362 0.92126 -0.370079 
vn 0 1 0 
vn 0 -1 0 
vn -0.165354 -0.92126 -0.346457 
vn -0.299213 -0.708661 -0.637795 
vn -0.393701 -0.385827 -0.834646 
vn -0.425197 0 -0.905512 
vn -0.425197 0 -0.905512 
vn -0.393701 0.385827 -0.834646 
vn -0.299213 0.708661 -0.637795 
vn -0.165354 0.92126 -0.346457 
vn 0 1 0 
vn 0 -1 0 
vn -0.220472 -0.92126 -0.314961 
vn -0.409449 -0.708661 -0.582677 
vn -0.527559 -0.385827 -0.755906 
vn -0.574803 0 -0.818898 
vn -0.574803 0 -0.818898 
vn -0.527559 0.385827 -0.755906 
vn -0.409449 0.708661 -0.582677 
vn -0.220472 0.92126 -0.314961 
vn 0 1 0 
vn 0.267717 -0.92126 0.267717 
vn 0 -1 0 
vn 0 -1 0 
vn 0.314961 -0.92126 0.220472 
vn 0.503937 -0.708661 0.503937 
vn 0.582677 -0.708661 0.409449 
vn 0.653543 -0.385827 0.653543 
vn 0.755906 -0.385827 0.527559 
vn 0.708661 0 0.708661 
vn 0.818898 0 0.574803 
vn 0.708661 0 0.708661 
vn 0.818898 0 0.574803 
vn 0.653543 0.385827 0.653543 
vn 0.755906 0.385827 0.527559 
vn 0.503937 0.708661 0.503937 
vn 0.582677 0.708661 0.409449 
vn 0.267717 0.92126 0.267717 
vn 0.314961 0.92126 0.220472 
vn 0 1 0 
vn 0 1 0 
vn 0 -1 0 
vn 0.346457 -0.92126 0.165354 
vn 0.637795 -0.708661 0.299213 
vn 0.834646 -0.385827 0.393701 
vn 0.905512 0 0.425197 
vn 0.905512 0 0.425197 
vn 0.834646 0.385827 0.393701 
vn 0.637795 0.708661 0.299213 
vn 0.346457 0.92126 0.165354 
vn 0 1 0 
vn 0 -1 0 
vn 0.370079 -0.92126 0.102362 
vn 0.685039 -0.708661 0.181102 
vn 0.889764 -0.385827 0.23622 
vn 0.968504 0 0.259843 
vn 0.968504 0 0.259843 
vn 0.889764 0.385827 0.23622 
vn 0.685039 0.708661 0.181102 
vn 0.370079 0.92126 0.102362 
vn 0 1 0 
vn 0 -1 0 
vn 0.377953 -0.92126 0.0314961 
vn 0.700787 -0.708661 0.0629921 
vn 0.92126 -0.385827 0.0787402 
vn 1 0 0.0866142 
vn 1 0 0.0866142 
vn 0.92126 0.385827 0.0787402 
vn 0.700787 0.708661 0.0629921 
vn 0.377953 0.92126 0.0314961 
vn 0 1 0 
vn 0 -1 0 
vn 0.377953 -0.92126 -0.0314961 
vn 0.700787 -0.708661 -0.0629921 
vn 0.92126 -0.385827 -0.0787402 
vn 1 0 -0.0866142 
vn 1 0 -0.0866142 
vn 0.92126 0.385827 -0.0787402 
vn 0.700787 0.708661 -0.0629921 
vn 0.377953 0.92126 -0.0314961 
vn 0 1 0 
vn 0 -1 0 
vn 0.370079 -0.92126 -0.102362 
vn 0.685039 -0.708661 -0.181102 
vn 0.889764 -0.385827 -0.23622 
vn 0.968504 0 -0.259843 
vn 0.968504 0 -0.259843 
vn 0.889764 0.385827 -0.23622 
vn 0.685039 0.708661 -0.181102 
vn 0.370079 0.92126 -0.102362 
vn 0 1 0 
vn 0 -1 0 
vn 0.346457 -0.92126 -0.165354 
vn 0.637795 -0.708661 -0.299213 
vn 0.834646 -0.385827 -0.393701 
vn 0.905512 0 -0.425197 
vn 0.905512 0 -0.425197 
vn 0.834646 0.385827 -0.393701 
vn 0.637795 0.708661 -0.299213 
vn 0.346457 0.92126 -0.165354 
vn 0 1 0 
vn 0 -1 0 
vn 0.314961 -0.92126 -0.220472 
vn 0.582677 -0.708661 -0.409449 
vn 0.755906 -0.385827 -0.527559 
vn 0.818898 0 -0.574803 
vn 0.818898 0 -0.574803 
vn 0.755906 0.385827 -0.527559 
vn 0.582677 0.708661 -0.409449 
vn 0.314961 0.92126 -0.220472 
vn 0 1 0 
vn 0 -1 0 
vn 0 -1 0 
vn 0 -1 0 
vn 0 -1 0 
vn 0 -1 0 
vn 0 -1 0 
vn 0 -1 0 
vn 0 -1 0 
vn 0 -1 0 
vn 0 -1 0 
vn 0 -1 0 
vn 0 -1 0 
vn 0 -1 0 
vn 0 -1 0 
vn 0 -1 0 
vn 0 -1 0 
vn 0 -1 0 
vn 0 -1 0 
vn 0 -1 0 
vn 0 -1 0 
vn 0 -1 0 
vn 0 -1 0 
vn 0 -1 0 
vn 0 -1 0 
vn 0 -1 0 
vn 0 -1 0 
vn 0 -1 0 
vn 0 -1 0 
vn 0 -1 0 
vn 0 -1 0 
vn 0 -1 0 
vn 0 -1 0 
vn 0 -1 0 
vn 0 -1 0 
vn 0 -1 0 
vn 0 -1 0 
vn 0 -1 0 
vn 0 -1 0 
vn 0 -1 0 
vn 0 -1 0 
vn 0 -1 0 
vn 0 -1 0 
vn 0 -1 0 
vn 0 -1 0 
vn 0 -1 0 
vn 0 -1 0 
vn 0 -1 0 
vn 0 -1 0 
vn 0 -1 0 
vn 0 -1 0 
vn 0 -1 0 
vn 0 -1 0 
vn 0 -1 0 
vn 0 -1 0 
vn 0 -1 0 
vn 0 -1 0 
vn 0 -1 0 
vn 0 -1 0 
vn 0 -1 0 
vn 0 -1 0 
vn 0 -1 0 
vn 0 -1 0 
vn 0 -1 0 
vn 0 -1 0 
vn 0 -1 0 
vn 0 -1 0 
vn 0 -1 0 
vn 0 -1 0 
vn 0 -1 0 
vn 0 -1 0 
vn 0 -1 0 
vn 0 -1 0 
vn 0 -1 0 
vn 0 -1 0 
vn 0 -1 0 
vn 0 -1 0 
vn 0 -1 0 
vn 0 -1 0 
vn 0 -1 0 
vn 0 -1 0 
vn 0 -1 0 
vn 0 -1 0 
vn 0 -1 0 
vn 0 -1 0 
vn 0 -1 0 
vn 0 -1 0 
vn 0 -1 0 
vn 0 -1 0 
vn 0 -1 0 
vn 0 -1 0 
vn 0 -1 0 
vn 0 -1 0 
vn 0 -1 0 
vn 0 -1 0 
vn 0 -1 0 
vn 0 -1 0 
vn 0 -1 0 
vn 0 -1 0 
vn 0 -1 0 
vn 0 -1 0 
vn -0.267717 -0.92126 0.267717 
vn 0 -1 0 
vn 0 -1 0 
vn -0.220472 -0.92126 0.314961 
vn -0.496063 -0.708661 0.503937 
vn -0.409449 -0.708661 0.582677 
vn -0.653543 -0.385827 0.653543 
vn -0.527559 -0.385827 0.755906 
vn -0.708661 0 0.708661 
vn -0.574803 0 0.818898 
vn -0.708661 0 0.708661 
vn -0.574803 0 0.818898 
vn -0.653543 0.385827 0.653543 
vn -0.527559 0.385827 0.755906 
vn -0.496063 0.708661 0.503937 
vn -0.409449 0.708661 0.582677 
vn -0.267717 0.92126 0.267717 
vn -0.220472 0.92126 0.314961 
vn 0 1 0 
vn 0 1 0 
vn 0 -1 0 
vn -0.165354 -0.92126 0.346457 
vn -0.299213 -0.708661 0.637795 
vn -0.393701 -0.385827 0.834646 
vn -0.425197 0 0.905512 
vn -0.425197 0 0.905512 
vn -0.393701 0.385827 0.834646 
vn -0.299213 0.708661 0.637795 
vn -0.165354 0.92126 0.346457 
vn 0 1 0 
vn 0 -1 0 
vn -0.102362 -0.92126 0.370079 
vn -0.181102 -0.708661 0.685039 
vn -0.23622 -0.385827 0.889764 
vn -0.259843 0 0.968504 
vn -0.259843 0 0.968504 
vn -0.23622 0.385827 0.889764 
vn -0.181102 0.708661 0.685039 
vn -0.102362 0.92126 0.370079 
vn 0 1 0 
vn 0 -1 0 
vn -0.0314961 -0.92126 0.377953 
vn -0.0629921 -0.708661 0.700787 
vn -0.0787402 -0.385827 0.92126 
vn -0.0866142 0 1 
vn -0.0866142 0 1 
vn -0.0787402 0.385827 0.92126 
vn -0.0629921 0.708661 0.700787 
vn -0.0314961 0.92126 0.377953 
vn 0 1 0 
vn 0 -1 0 
vn 0.0314961 -0.92126 0.377953 
vn 0.0629921 -0.708661 0.700787 
vn 0.0787402 -0.385827 0.92126 
vn 0.0866142 0 1 
vn 0.0866142 0 1 
vn 0.0787402 0.385827 0.92126 
vn 0.0629921 0.708661 0.700787 
vn 0.0314961 0.92126 0.377953 
vn 0 1 0 
vn 0 -1 0 
vn 0.102362 -0.92126 0.370079 
vn 0.181102 -0.708661 0.685039 
vn 0.23622 -0.385827 0.889764 
vn 0.259843 0 0.968504 
vn 0.259843 0 0.968504 
vn 0.23622 0.385827 0.889764 
vn 0.181102 0.708661 0.685039 
vn 0.102362 0.92126 0.370079 
vn 0 1 0 
vn 0 -1 0 
vn 0.165354 -0.92126 0.346457 
vn 0.299213 -0.708661 0.637795 
vn 0.393701 -0.385827 0.834646 
vn 0.425197 0 0.905512 
vn 0.425197 0 0.905512 
vn 0.393701 0.385827 0.834646 
vn 0.299213 0.708661 0.637795 
vn 0.165354 0.92126 0.346457 
vn 0 1 0 
vn 0 -1 0 
vn 0.220472 -0.92126 0.314961 
vn 0.409449 -0.708661 0.582677 
vn 0.527559 -0.385827 0.755906 
vn 0.574803 0 0.818898 
vn 0.574803 0 0.818898 
vn 0.527559 0.385827 0.755906 
vn 0.409449 0.708661 0.582677 
vn 0.220472 0.92126 0.314961 
vn 0 1 0 
vn 0 -1 0 
vn 0.267717 -0.92126 0.267717 
vn 0.503937 -0.708661 0.503937 
vn 0.653543 -0.385827 0.653543 
vn 0.708661 0 0.708661 
vn 0.708661 0 0.708661 
vn 0.653543 0.385827 0.653543 
vn 0.503937 0.708661 0.503937 
vn 0.267717 0.92126 0.267717 
vn 0 1 0 

vt 0.145197 0.519366 
vt 0.145197 0.519366 
vt 0.145197 0.519366 
vt 0.145197 0.519366 
vt 0.145197 0.519366 
vt 0.145197 0.519366 
vt 0.145197 0.519366 
vt 0.145197 0.519366 
vt 0.145197 0.519366 
vt 0.145197 0.519366 
vt 0.145197 0.519366 
vt 0.145197 0.519366 
vt 0.145197 0.519366 
vt 0.145197 0.519366 
vt 0.145197 0.519366 
vt 0.145197 0.519366 
vt 0.145197 0.519366 
vt 0.145197 0.519366 
vt 0.145197 0.519366 
vt 0.145197 0.519366 
vt 0.145197 0.519366 
vt 0.145197 0.519366 
vt 0.145197 0.519366 
vt 0.145197 0.519366 
vt 0.145197 0.519366 
vt 0.145197 0.519366 
vt 0.145197 0.519366 
vt 0.145197 0.519366 
vt 0.145197 0.519366 
vt 0.145197 0.519366 
vt 0.145197 0.519366 
vt 0.145197 0.519366 
vt 0.145197 0.519366 
vt 0.145197 0.519366 
vt 0.145197 0.519366 
vt 0.145197 0.519366 
vt 0.145197 0.519366 
vt 0.145197 0.519366 
vt 0.145197 0.519366 
vt 0.145197 0.519366 
vt 0.145197 0.519366 
vt 0.145197 0.519366 
vt 0.145197 0.519366 
vt 0.145197 0.519366 
vt 0.145197 0.519366 
vt 0.145197 0.519366 
vt 0.145197 0.519366 
vt 0.145197 0.519366 
vt 0.145197 0.519366 
vt 0.145197 0.519366 
vt 0.145197 0.519366 
vt 0.145197 0.519366 
vt 0.145197 0.519366 
vt 0.145197 0.519366 
vt 0.145197 0.519366 
vt 0.145197 0.519366 
vt 0.145197 0.519366 
vt 0.145197 0.519366 
vt 0.145197 0.519366 
vt 0.145197 0.519366 
vt 0.145197 0.519366 
vt 0.145197 0.519366 
vt 0.145197 0.519366 
vt 0.145197 0.519366 
vt 0.145197 0.519366 
vt 0.145197 0.519366 
vt 0.145197 0.519366 
vt 0.145197 0.519366 
vt 0.145197 0.519366 
vt 0.145197 0.519366 
vt 0.145197 0.519366 
vt 0.145197 0.519366 
vt 0.145197 0.519366 
vt 0.145197 0.519366 
vt 0.145197 0.519366 
vt 0.145197 0.519366 
vt 0.145197 0.519366 
vt 0.145197 0.519366 
vt 0.145197 0.519366 
vt 0.145197 0.519366 
vt 0.145197 0.519366 
vt 0.145197 0.519366 
vt 0.145197 0.519366 
vt 0.145197 0.519366 
vt 0.145197 0.519366 
vt 0.145197 0.519366 
vt 0.145197 0.519366 
vt 0.145197 0.519366 
vt 0.145197 0.519366 
vt 0.145197 0.519366 
vt 0.145197 0.519366 
vt 0.145197 0.519366 
vt 0.145197 0.519366 
vt 0.145197 0.519366 
vt 0.145197 0.519366 
vt 0.145197 0.519366 
vt 0.145197 0.519366 
vt 0.145197 0.519366 
vt 0.145197 0.519366 
vt 0.145197 0.519366 
vt 0.145197 0.519366 
vt 0.145197 0.519366 
vt 0.145197 0.519366 
vt 0.145197 0.519366 
vt 0.145197 0.519366 
vt 0.145197 0.519366 
vt 0.145197 0.519366 
vt 0.145197 0.519366 
vt 0.145197 0.519366 
vt 0.145197 0.519366 
vt 0.145197 0.519366 
vt 0.145197 0.519366 
vt 0.145197 0.519366 
vt 0.145197 0.519366 
vt 0.145197 0.519366 
vt 0.145197 0.519366 
vt 0.145197 0.519366 
vt 0.145197 0.519366 
vt 0.145197 0.519366 
vt 0.145197 0.519366 
vt 0.145197 0.519366 
vt 0.145197 0.519366 
vt 0.145197 0.519366 
vt 0.145197 0.519366 
vt 0.145197 0.519366 
vt 0.145197 0.519366 
vt 0.145197 0.519366 
vt 0.145197 0.519366 
vt 0.145197 0.519366 
vt 0.145197 0.519366 
vt 0.145197 0.519366 
vt 0.145197 0.519366 
vt 0.145197 0.519366 
vt 0.145197 0.519366 
vt 0.145197 0.519366 
vt 0.145197 0.519366 
vt 0.145197 0.519366 
vt 0.145197 0.519366 
vt 0.145197 0.519366 
vt 0.145197 0.519366 
vt 0.145197 0.519366 
vt 0.145197 0.519366 
vt 0.145197 0.519366 
vt 0.145197 0.519366 
vt 0.145197 0.519366 
vt 0.145197 0.519366 
vt 0.145197 0.519366 
vt 0.145197 0.519366 
vt 0.145197 0.519366 
vt 0.145197 0.519366 
vt 0.145197 0.519366 
vt 0.145197 0.519366 
vt 0.145197 0.519366 
vt 0.145197 0.519366 
vt 0.145197 0.519366 
vt 0.145197 0.519366 
vt 0.145197 0.519366 
vt 0.145197 0.519366 
vt 0.145197 0.519366 
vt 0.145197 0.519366 
vt 0.145197 0.519366 
vt 0.145197 0.519366 
vt 0.145197 0.519366 
vt 0.145197 0.519366 
vt 0.145197 0.519366 
vt 0.145197 0.519366 
vt 0.145197 0.519366 
vt 0.145197 0.519366 
vt 0.145197 0.519366 
vt 0.145197 0.519366 
vt 0.145197 0.519366 
vt 0.145197 0.519366 
vt 0.145197 0.519366 
vt 0.145197 0.519366 
vt 0.145197 0.519366 
vt 0.145197 0.519366 
vt 0.145197 0.519366 
vt 0.145197 0.519366 
vt 0.145197 0.519366 
vt 0.145197 0.519366 
vt 0.145197 0.519366 
vt 0.145197 0.519366 
vt 0.145197 0.519366 
vt 0.145197 0.519366 
vt 0.145197 0.519366 
vt 0.145197 0.519366 
vt 0.145197 0.519366 
vt 0.145197 0.519366 
vt 0.145197 0.519366 
vt 0.145197 0.519366 
vt 0.145197 0.519366 
vt 0.145197 0.519366 
vt 0.145197 0.519366 
vt 0.145197 0.519366 
vt 0.145197 0.519366 
vt 0.145197 0.519366 
vt 0.145197 0.519366 
vt 0.145197 0.519366 
vt 0.145197 0.519366 
vt 0.145197 0.519366 
vt 0.145197 0.519366 
vt 0.145197 0.519366 
vt 0.145197 0.519366 
vt 0.145197 0.519366 
vt 0.145197 0.519366 
vt 0.145197 0.519366 
vt 0.145197 0.519366 
vt 0.145197 0.519366 
vt 0.145197 0.519366 
vt 0.145197 0.519366 
vt 0.145197 0.519366 
vt 0.145197 0.519366 
vt 0.145197 0.519366 
vt 0.145197 0.519366 
vt 0.145197 0.519366 
vt 0.145197 0.519366 
vt 0.145197 0.519366 
vt 0.145197 0.519366 
vt 0.145197 0.519366 
vt 0.145197 0.519366 
vt 0.145197 0.519366 
vt 0.145197 0.519366 
vt 0.145197 0.519366 
vt 0.145197 0.519366 
vt 0.145197 0.519366 
vt 0.145197 0.519366 
vt 0.145197 0.519366 
vt 0.145197 0.519366 
vt 0.145197 0.519366 
vt 0.145197 0.519366 
vt 0.145197 0.519366 
vt 0.145197 0.519366 
vt 0.145197 0.519366 
vt 0.145197 0.519366 
vt 0.145197 0.519366 
vt 0.145197 0.519366 
vt 0.145197 0.519366 
vt 0.145197 0.519366 
vt 0.145197 0.519366 
vt 0.145197 0.519366 
vt 0.145197 0.519366 
vt 0.145197 0.519366 
vt 0.145197 0.519366 
vt 0.145197 0.519366 
vt 0.145197 0.519366 
vt 0.145197 0.519366 
vt 0.145197 0.519366 
vt 0.145197 0.519366 
vt 0.145197 0.519366 
vt 0.145197 0.519366 
vt 0.145197 0.519366 
vt 0.145197 0.519366 
vt 0.145197 0.519366 
vt 0.145197 0.519366 
vt 0.145197 0.519366 
vt 0.145197 0.519366 
vt 0.145197 0.519366 
vt 0.145197 0.519366 
vt 0.145197 0.519366 
vt 0.145197 0.519366 
vt 0.145197 0.519366 
vt 0.145197 0.519366 
vt 0.145197 0.519366 
vt 0.145197 0.519366 
vt 0.145197 0.519366 
vt 0.145197 0.519366 
vt 0.145197 0.519366 
vt 0.145197 0.519366 
vt 0.145197 0.519366 
vt 0.145197 0.519366 
vt 0.145197 0.519366 
vt 0.145197 0.519366 
vt 0.145197 0.519366 
vt 0.145197 0.519366 
vt 0.145197 0.519366 
vt 0.145197 0.519366 
vt 0.145197 0.519366 
vt 0.145197 0.519366 
vt 0.145197 0.519366 
vt 0.145197 0.519366 
vt 0.145197 0.519366 
vt 0.145197 0.519366 
vt 0.145197 0.519366 
vt 0.145197 0.519366 
vt 0.145197 0.519366 
vt 0.145197 0.519366 
vt 0.145197 0.519366 
vt 0.145197 0.519366 
vt 0.145197 0.519366 
vt 0.145197 0.519366 
vt 0.145197 0.519366 
vt 0.145197 0.519366 
vt 0.145197 0.519366 
vt 0.145197 0.519366 
vt 0.145197 0.519366 
vt 0.145197 0.519366 
vt 0.145197 0.519366 
vt 0.145197 0.519366 
vt 0.145197 0.519366 
vt 0.145197 0.519366 
vt 0.145197 0.519366 
vt 0.145197 0.519366 
vt 0.145197 0.519366 
vt 0.145197 0.519366 
vt 0.145197 0.519366 
vt 0.145197 0.519366 
vt 0.145197 0.519366 
vt 0.145197 0.519366 
vt 0.145197 0.519366 
vt 0.145197 0.519366 
vt 0.145197 0.519366 
vt 0.145197 0.519366 
vt 0.145197 0.519366 
vt 0.145197 0.519366 
vt 0.145197 0.519366 
vt 0.145197 0.519366 
vt 0.145197 0.519366 
vt 0.145197 0.519366 
vt 0.145197 0.519366 
vt 0.145197 0.519366 
vt 0.145197 0.519366 
vt 0.145197 0.519366 
vt 0.145197 0.519366 
vt 0.145197 0.519366 
vt 0.145197 0.519366 
vt 0.145197 0.519366 
vt 0.145197 0.519366 
vt 0.145197 0.519366 
vt 0.145197 0.519366 
vt 0.145197 0.519366 
vt 0.145197 0.519366 
vt 0.145197 0.519366 
vt 0.145197 0.519366 
vt 0.145197 0.519366 
vt 0.145197 0.519366 
vt 0.145197 0.519366 
vt 0.145197 0.519366 
vt 0.145197 0.519366 
vt 0.145197 0.519366 
vt 0.145197 0.519366 
vt 0.145197 0.519366 
vt 0.145197 0.519366 
vt 0.145197 0.519366 
vt 0.145197 0.519366 
vt 0.145197 0.519366 
vt 0.145197 0.519366 
vt 0.145197 0.519366 
vt 0.145197 0.519366 
vt 0.145197 0.519366 
vt 0.145197 0.519366 
vt 0.145197 0.519366 
vt 0.145197 0.519366 
vt 0.145197 0.519366 
vt 0.145197 0.519366 
vt 0.145197 0.519366 
vt 0.145197 0.519366 
vt 0.145197 0.519366 
vt 0.145197 0.519366 
vt 0.145197 0.519366 
vt 0.145197 0.519366 
vt 0.145197 0.519366 
vt 0.145197 0.519366 
vt 0.145197 0.519366 
vt 0.145197 0.519366 
vt 0.145197 0.519366 
vt 0.145197 0.519366 
vt 0.145197 0.519366 
vt 0.145197 0.519366 
vt 0.145197 0.519366 
vt 0.145197 0.519366 
vt 0.145197 0.519366 
vt 0.145197 0.519366 
vt 0.145197 0.519366 
vt 0.145197 0.519366 
vt 0.145197 0.519366 
vt 0.145197 0.519366 
vt 0.145197 0.519366 
vt 0.145197 0.519366 
vt 0.145197 0.519366 
vt 0.145197 0.519366 
vt 0.145197 0.519366 
vt 0.145197 0.519366 
vt 0.145197 0.519366 
vt 0.145197 0.519366 
vt 0.145197 0.519366 
vt 0.145197 0.519366 
vt 0.145197 0.519366 
vt 0.145197 0.519366 
vt 0.145197 0.519366 
vt 0.145197 0.519366 
vt 0.145197 0.519366 
vt 0.145197 0.519366 
vt 0.145197 0.519366 
vt 0.145197 0.519366 
vt 0.145197 0.519366 
vt 0.145197 0.519366 
vt 0.145197 0.519366 
vt 0.145197 0.519366 
vt 0.145197 0.519366 
vt 0.145197 0.519366 
vt 0.145197 0.519366 
vt 0.145197 0.519366 
vt 0.145197 0.519366 
vt 0.145197 0.519366 
vt 0.145197 0.519366 
vt 0.145197 0.519366 
vt 0.145197 0.519366 
vt 0.145197 0.519366 
vt 0.145197 0.519366 
vt 0.145197 0.519366 
vt 0.145197 0.519366 
vt 0.145197 0.519366 
vt 0.145197 0.519366 
vt 0.145197 0.519366 
vt 0.145197 0.519366 
vt 0.145197 0.519366 
vt 0.145197 0.519366 
vt 0.216065 0.0116107 
vt 0.234824 0.0017606 
vt 0.244081 0.0017606 
vt 0.228864 0.0116107 
vt 0.200162 0.0396614 
vt 0.215965 0.0396614 
vt 0.189536 0.0816423 
vt 0.207345 0.0816423 
vt 0.185805 0.131162 
vt 0.204319 0.131162 
vt 0.185805 0.389965 
vt 0.204319 0.389965 
vt 0.189536 0.439485 
vt 0.207345 0.439485 
vt 0.200162 0.481465 
vt 0.215965 0.481465 
vt 0.216065 0.509516 
vt 0.228864 0.509516 
vt 0.234824 0.519366 
vt 0.244081 0.519366 
vt 0.254546 0.0017606 
vt 0.243334 0.0116107 
vt 0.233829 0.0396614 
vt 0.227478 0.0816423 
vt 0.225248 0.131162 
vt 0.225248 0.389965 
vt 0.227478 0.439485 
vt 0.233829 0.481465 
vt 0.243334 0.509516 
vt 0.254546 0.519366 
vt 0.265901 0.0017606 
vt 0.259034 0.0116107 
vt 0.253214 0.0396614 
vt 0.249324 0.0816423 
vt 0.247959 0.131162 
vt 0.247959 0.389965 
vt 0.249324 0.439485 
vt 0.253214 0.481465 
vt 0.259034 0.509516 
vt 0.265901 0.519366 
vt 0.277801 0.0017606 
vt 0.275489 0.0116107 
vt 0.273529 0.0396614 
vt 0.272219 0.0816423 
vt 0.271759 0.131162 
vt 0.271759 0.389965 
vt 0.272219 0.439485 
vt 0.273529 0.481465 
vt 0.275489 0.509516 
vt 0.277801 0.519366 
vt 0.289885 0.0017606 
vt 0.292197 0.0116107 
vt 0.294157 0.0396614 
vt 0.295467 0.0816423 
vt 0.295927 0.131162 
vt 0.295927 0.389965 
vt 0.295467 0.439485 
vt 0.294157 0.481465 
vt 0.292197 0.509516 
vt 0.289885 0.519366 
vt 0.301785 0.0017606 
vt 0.308651 0.0116107 
vt 0.314472 0.0396614 
vt 0.318361 0.0816423 
vt 0.319727 0.131162 
vt 0.319727 0.389965 
vt 0.318361 0.439485 
vt 0.314472 0.481465 
vt 0.308651 0.509516 
vt 0.301785 0.519366 
vt 0.31314 0.0017606 
vt 0.324352 0.0116107 
vt 0.333856 0.0396614 
vt 0.340207 0.0816423 
vt 0.342437 0.131162 
vt 0.342437 0.389965 
vt 0.340207 0.439485 
vt 0.333856 0.481465 
vt 0.324352 0.509516 
vt 0.31314 0.519366 
vt 0.323605 0.0017606 
vt 0.338821 0.0116107 
vt 0.351721 0.0396614 
vt 0.36034 0.0816423 
vt 0.363367 0.131162 
vt 0.363367 0.389965 
vt 0.36034 0.439485 
vt 0.351721 0.481465 
vt 0.338821 0.509516 
vt 0.323605 0.519366 
vt 0.332862 0.0017606 
vt 0.35162 0.0116107 
vt 0.367523 0.0396614 
vt 0.378149 0.0816423 
vt 0.381881 0.131162 
vt 0.381881 0.389965 
vt 0.378149 0.439485 
vt 0.367523 0.481465 
vt 0.35162 0.509516 
vt 0.332862 0.519366 

usemtl 1Mtl

f 4231/4231/4231 4232/4232/4232 4233/4233/4233 
f 4233/4233/4233 4234/4234/4234 4231/4231/4231 
f 4235/4235/4235 4231/4231/4231 4234/4234/4234 
f 4234/4234/4234 4236/4236/4236 4235/4235/4235 
f 4237/4237/4237 4235/4235/4235 4236/4236/4236 
f 4236/4236/4236 4238/4238/4238 4237/4237/4237 
f 4239/4239/4239 4237/4237/4237 4238/4238/4238 
f 4238/4238/4238 4240/4240/4240 4239/4239/4239 
f 4241/4241/4241 4239/4239/4239 4240/4240/4240 
f 4240/4240/4240 4242/4242/4242 4241/4241/4241 
f 4243/4243/4243 4241/4241/4241 4242/4242/4242 
f 4242/4242/4242 4244/4244/4244 4243/4243/4243 
f 4245/4245/4245 4243/4243/4243 4244/4244/4244 
f 4244/4244/4244 4246/4246/4246 4245/4245/4245 
f 4247/4247/4247 4245/4245/4245 4246/4246/4246 
f 4246/4246/4246 4248/4248/4248 4247/4247/4247 
f 4249/4249/4249 4247/4247/4247 4248/4248/4248 
f 4248/4248/4248 4250/4250/4250 4249/4249/4249 
f 4234/4234/4234 4233/4233/4233 4251/4251/4251 
f 4251/4251/4251 4252/4252/4252 4234/4234/4234 
f 4236/4236/4236 4234/4234/4234 4252/4252/4252 
f 4252/4252/4252 4253/4253/4253 4236/4236/4236 
f 4238/4238/4238 4236/4236/4236 4253/4253/4253 
f 4253/4253/4253 4254/4254/4254 4238/4238/4238 
f 4240/4240/4240 4238/4238/4238 4254/4254/4254 
f 4254/4254/4254 4255/4255/4255 4240/4240/4240 
f 4242/4242/4242 4240/4240/4240 4255/4255/4255 
f 4255/4255/4255 4256/4256/4256 4242/4242/4242 
f 4244/4244/4244 4242/4242/4242 4256/4256/4256 
f 4256/4256/4256 4257/4257/4257 4244/4244/4244 
f 4246/4246/4246 4244/4244/4244 4257/4257/4257 
f 4257/4257/4257 4258/4258/4258 4246/4246/4246 
f 4248/4248/4248 4246/4246/4246 4258/4258/4258 
f 4258/4258/4258 4259/4259/4259 4248/4248/4248 
f 4250/4250/4250 4248/4248/4248 4259/4259/4259 
f 4259/4259/4259 4260/4260/4260 4250/4250/4250 
f 4252/4252/4252 4251/4251/4251 4261/4261/4261 
f 4261/4261/4261 4262/4262/4262 4252/4252/4252 
f 4253/4253/4253 4252/4252/4252 4262/4262/4262 
f 4262/4262/4262 4263/4263/4263 4253/4253/4253 
f 4254/4254/4254 4253/4253/4253 4263/4263/4263 
f 4263/4263/4263 4264/4264/4264 4254/4254/4254 
f 4255/4255/4255 4254/4254/4254 4264/4264/4264 
f 4264/4264/4264 4265/4265/4265 4255/4255/4255 
f 4256/4256/4256 4255/4255/4255 4265/4265/4265 
f 4265/4265/4265 4266/4266/4266 4256/4256/4256 
f 4257/4257/4257 4256/4256/4256 4266/4266/4266 
f 4266/4266/4266 4267/4267/4267 4257/4257/4257 
f 4258/4258/4258 4257/4257/4257 4267/4267/4267 
f 4267/4267/4267 4268/4268/4268 4258/4258/4258 
f 4259/4259/4259 4258/4258/4258 4268/4268/4268 
f 4268/4268/4268 4269/4269/4269 4259/4259/4259 
f 4260/4260/4260 4259/4259/4259 4269/4269/4269 
f 4269/4269/4269 4270/4270/4270 4260/4260/4260 
f 4262/4262/4262 4261/4261/4261 4271/4271/4271 
f 4271/4271/4271 4272/4272/4272 4262/4262/4262 
f 4263/4263/4263 4262/4262/4262 4272/4272/4272 
f 4272/4272/4272 4273/4273/4273 4263/4263/4263 
f 4264/4264/4264 4263/4263/4263 4273/4273/4273 
f 4273/4273/4273 4274/4274/4274 4264/4264/4264 
f 4265/4265/4265 4264/4264/4264 4274/4274/4274 
f 4274/4274/4274 4275/4275/4275 4265/4265/4265 
f 4266/4266/4266 4265/4265/4265 4275/4275/4275 
f 4275/4275/4275 4276/4276/4276 4266/4266/4266 
f 4267/4267/4267 4266/4266/4266 4276/4276/4276 
f 4276/4276/4276 4277/4277/4277 4267/4267/4267 
f 4268/4268/4268 4267/4267/4267 4277/4277/4277 
f 4277/4277/4277 4278/4278/4278 4268/4268/4268 
f 4269/4269/4269 4268/4268/4268 4278/4278/4278 
f 4278/4278/4278 4279/4279/4279 4269/4269/4269 
f 4270/4270/4270 4269/4269/4269 4279/4279/4279 
f 4279/4279/4279 4280/4280/4280 4270/4270/4270 
f 4272/4272/4272 4271/4271/4271 4281/4281/4281 
f 4281/4281/4281 4282/4282/4282 4272/4272/4272 
f 4273/4273/4273 4272/4272/4272 4282/4282/4282 
f 4282/4282/4282 4283/4283/4283 4273/4273/4273 
f 4274/4274/4274 4273/4273/4273 4283/4283/4283 
f 4283/4283/4283 4284/4284/4284 4274/4274/4274 
f 4275/4275/4275 4274/4274/4274 4284/4284/4284 
f 4284/4284/4284 4285/4285/4285 4275/4275/4275 
f 4276/4276/4276 4275/4275/4275 4285/4285/4285 
f 4285/4285/4285 4286/4286/4286 4276/4276/4276 
f 4277/4277/4277 4276/4276/4276 4286/4286/4286 
f 4286/4286/4286 4287/4287/4287 4277/4277/4277 
f 4278/4278/4278 4277/4277/4277 4287/4287/4287 
f 4287/4287/4287 4288/4288/4288 4278/4278/4278 
f 4279/4279/4279 4278/4278/4278 4288/4288/4288 
f 4288/4288/4288 4289/4289/4289 4279/4279/4279 
f 4280/4280/4280 4279/4279/4279 4289/4289/4289 
f 4289/4289/4289 4290/4290/4290 4280/4280/4280 
f 4282/4282/4282 4281/4281/4281 4291/4291/4291 
f 4291/4291/4291 4292/4292/4292 4282/4282/4282 
f 4283/4283/4283 4282/4282/4282 4292/4292/4292 
f 4292/4292/4292 4293/4293/4293 4283/4283/4283 
f 4284/4284/4284 4283/4283/4283 4293/4293/4293 
f 4293/4293/4293 4294/4294/4294 4284/4284/4284 
f 4285/4285/4285 4284/4284/4284 4294/4294/4294 
f 4294/4294/4294 4295/4295/4295 4285/4285/4285 
f 4286/4286/4286 4285/4285/4285 4295/4295/4295 
f 4295/4295/4295 4296/4296/4296 4286/4286/4286 
f 4287/4287/4287 4286/4286/4286 4296/4296/4296 
f 4296/4296/4296 4297/4297/4297 4287/4287/4287 
f 4288/4288/4288 4287/4287/4287 4297/4297/4297 
f 4297/4297/4297 4298/4298/4298 4288/4288/4288 
f 4289/4289/4289 4288/4288/4288 4298/4298/4298 
f 4298/4298/4298 4299/4299/4299 4289/4289/4289 
f 4290/4290/4290 4289/4289/4289 4299/4299/4299 
f 4299/4299/4299 4300/4300/4300 4290/4290/4290 
f 4292/4292/4292 4291/4291/4291 4301/4301/4301 
f 4301/4301/4301 4302/4302/4302 4292/4292/4292 
f 4293/4293/4293 4292/4292/4292 4302/4302/4302 
f 4302/4302/4302 4303/4303/4303 4293/4293/4293 
f 4294/4294/4294 4293/4293/4293 4303/4303/4303 
f 4303/4303/4303 4304/4304/4304 4294/4294/4294 
f 4295/4295/4295 4294/4294/4294 4304/4304/4304 
f 4304/4304/4304 4305/4305/4305 4295/4295/4295 
f 4296/4296/4296 4295/4295/4295 4305/4305/4305 
f 4305/4305/4305 4306/4306/4306 4296/4296/4296 
f 4297/4297/4297 4296/4296/4296 4306/4306/4306 
f 4306/4306/4306 4307/4307/4307 4297/4297/4297 
f 4298/4298/4298 4297/4297/4297 4307/4307/4307 
f 4307/4307/4307 4308/4308/4308 4298/4298/4298 
f 4299/4299/4299 4298/4298/4298 4308/4308/4308 
f 4308/4308/4308 4309/4309/4309 4299/4299/4299 
f 4300/4300/4300 4299/4299/4299 4309/4309/4309 
f 4309/4309/4309 4310/4310/4310 4300/4300/4300 
f 4302/4302/4302 4301/4301/4301 4311/4311/4311 
f 4311/4311/4311 4312/4312/4312 4302/4302/4302 
f 4303/4303/4303 4302/4302/4302 4312/4312/4312 
f 4312/4312/4312 4313/4313/4313 4303/4303/4303 
f 4304/4304/4304 4303/4303/4303 4313/4313/4313 
f 4313/4313/4313 4314/4314/4314 4304/4304/4304 
f 4305/4305/4305 4304/4304/4304 4314/4314/4314 
f 4314/4314/4314 4315/4315/4315 4305/4305/4305 
f 4306/4306/4306 4305/4305/4305 4315/4315/4315 
f 4315/4315/4315 4316/4316/4316 4306/4306/4306 
f 4307/4307/4307 4306/4306/4306 4316/4316/4316 
f 4316/4316/4316 4317/4317/4317 4307/4307/4307 
f 4308/4308/4308 4307/4307/4307 4317/4317/4317 
f 4317/4317/4317 4318/4318/4318 4308/4308/4308 
f 4309/4309/4309 4308/4308/4308 4318/4318/4318 
f 4318/4318/4318 4319/4319/4319 4309/4309/4309 
f 4310/4310/4310 4309/4309/4309 4319/4319/4319 
f 4319/4319/4319 4320/4320/4320 4310/4310/4310 
f 4312/4312/4312 4311/4311/4311 4321/4321/4321 
f 4321/4321/4321 4322/4322/4322 4312/4312/4312 
f 4313/4313/4313 4312/4312/4312 4322/4322/4322 
f 4322/4322/4322 4323/4323/4323 4313/4313/4313 
f 4314/4314/4314 4313/4313/4313 4323/4323/4323 
f 4323/4323/4323 4324/4324/4324 4314/4314/4314 
f 4315/4315/4315 4314/4314/4314 4324/4324/4324 
f 4324/4324/4324 4325/4325/4325 4315/4315/4315 
f 4316/4316/4316 4315/4315/4315 4325/4325/4325 
f 4325/4325/4325 4326/4326/4326 4316/4316/4316 
f 4317/4317/4317 4316/4316/4316 4326/4326/4326 
f 4326/4326/4326 4327/4327/4327 4317/4317/4317 
f 4318/4318/4318 4317/4317/4317 4327/4327/4327 
f 4327/4327/4327 4328/4328/4328 4318/4318/4318 
f 4319/4319/4319 4318/4318/4318 4328/4328/4328 
f 4328/4328/4328 4329/4329/4329 4319/4319/4319 
f 4320/4320/4320 4319/4319/4319 4329/4329/4329 
f 4329/4329/4329 4330/4330/4330 4320/4320/4320 
f 4331/4331/4331 4332/4332/4332 4333/4333/4333 
f 4331/4331/4331 4333/4333/4333 4334/4334/4334 
f 4331/4331/4331 4334/4334/4334 4335/4335/4335 
f 4331/4331/4331 4335/4335/4335 4336/4336/4336 
f 4331/4331/4331 4336/4336/4336 4337/4337/4337 
f 4331/4331/4331 4337/4337/4337 4338/4338/4338 
f 4331/4331/4331 4338/4338/4338 4339/4339/4339 
f 4331/4331/4331 4339/4339/4339 4340/4340/4340 
f 4331/4331/4331 4340/4340/4340 4341/4341/4341 
f 4331/4331/4331 4341/4341/4341 4342/4342/4342 
f 4331/4331/4331 4342/4342/4342 4343/4343/4343 
f 4331/4331/4331 4343/4343/4343 4344/4344/4344 
f 4331/4331/4331 4344/4344/4344 4345/4345/4345 
f 4331/4331/4331 4345/4345/4345 4346/4346/4346 
f 4331/4331/4331 4346/4346/4346 4347/4347/4347 
f 4331/4331/4331 4347/4347/4347 4348/4348/4348 
f 4331/4331/4331 4348/4348/4348 4349/4349/4349 
f 4331/4331/4331 4349/4349/4349 4350/4350/4350 
f 4331/4331/4331 4350/4350/4350 4351/4351/4351 
f 4331/4331/4331 4351/4351/4351 4352/4352/4352 
f 4331/4331/4331 4352/4352/4352 4353/4353/4353 
f 4331/4331/4331 4353/4353/4353 4354/4354/4354 
f 4331/4331/4331 4354/4354/4354 4355/4355/4355 
f 4331/4331/4331 4355/4355/4355 4356/4356/4356 
f 4331/4331/4331 4356/4356/4356 4357/4357/4357 
f 4331/4331/4331 4357/4357/4357 4358/4358/4358 
f 4331/4331/4331 4358/4358/4358 4359/4359/4359 
f 4331/4331/4331 4359/4359/4359 4360/4360/4360 
f 4331/4331/4331 4360/4360/4360 4361/4361/4361 
f 4331/4331/4331 4361/4361/4361 4362/4362/4362 
f 4331/4331/4331 4362/4362/4362 4363/4363/4363 
f 4331/4331/4331 4363/4363/4363 4364/4364/4364 
f 4331/4331/4331 4364/4364/4364 4365/4365/4365 
f 4331/4331/4331 4365/4365/4365 4366/4366/4366 
f 4331/4331/4331 4366/4366/4366 4367/4367/4367 
f 4331/4331/4331 4367/4367/4367 4332/4332/4332 
f 4368/4368/4368 4369/4369/4369 4370/4370/4370 
f 4370/4370/4370 4371/4371/4371 4368/4368/4368 
f 4372/4372/4372 4368/4368/4368 4371/4371/4371 
f 4371/4371/4371 4373/4373/4373 4372/4372/4372 
f 4374/4374/4374 4372/4372/4372 4373/4373/4373 
f 4373/4373/4373 4375/4375/4375 4374/4374/4374 
f 4376/4376/4376 4374/4374/4374 4375/4375/4375 
f 4375/4375/4375 4377/4377/4377 4376/4376/4376 
f 4378/4378/4378 4376/4376/4376 4377/4377/4377 
f 4377/4377/4377 4379/4379/4379 4378/4378/4378 
f 4380/4380/4380 4378/4378/4378 4379/4379/4379 
f 4379/4379/4379 4381/4381/4381 4380/4380/4380 
f 4382/4382/4382 4380/4380/4380 4381/4381/4381 
f 4381/4381/4381 4383/4383/4383 4382/4382/4382 
f 4384/4384/4384 4382/4382/4382 4383/4383/4383 
f 4383/4383/4383 4385/4385/4385 4384/4384/4384 
f 4386/4386/4386 4384/4384/4384 4385/4385/4385 
f 4385/4385/4385 4387/4387/4387 4386/4386/4386 
f 4371/4371/4371 4370/4370/4370 4388/4388/4388 
f 4388/4388/4388 4389/4389/4389 4371/4371/4371 
f 4373/4373/4373 4371/4371/4371 4389/4389/4389 
f 4389/4389/4389 4390/4390/4390 4373/4373/4373 
f 4375/4375/4375 4373/4373/4373 4390/4390/4390 
f 4390/4390/4390 4391/4391/4391 4375/4375/4375 
f 4377/4377/4377 4375/4375/4375 4391/4391/4391 
f 4391/4391/4391 4392/4392/4392 4377/4377/4377 
f 4379/4379/4379 4377/4377/4377 4392/4392/4392 
f 4392/4392/4392 4393/4393/4393 4379/4379/4379 
f 4381/4381/4381 4379/4379/4379 4393/4393/4393 
f 4393/4393/4393 4394/4394/4394 4381/4381/4381 
f 4383/4383/4383 4381/4381/4381 4394/4394/4394 
f 4394/4394/4394 4395/4395/4395 4383/4383/4383 
f 4385/4385/4385 4383/4383/4383 4395/4395/4395 
f 4395/4395/4395 4396/4396/4396 4385/4385/4385 
f 4387/4387/4387 4385/4385/4385 4396/4396/4396 
f 4396/4396/4396 4397/4397/4397 4387/4387/4387 
f 4389/4389/4389 4388/4388/4388 4398/4398/4398 
f 4398/4398/4398 4399/4399/4399 4389/4389/4389 
f 4390/4390/4390 4389/4389/4389 4399/4399/4399 
f 4399/4399/4399 4400/4400/4400 4390/4390/4390 
f 4391/4391/4391 4390/4390/4390 4400/4400/4400 
f 4400/4400/4400 4401/4401/4401 4391/4391/4391 
f 4392/4392/4392 4391/4391/4391 4401/4401/4401 
f 4401/4401/4401 4402/4402/4402 4392/4392/4392 
f 4393/4393/4393 4392/4392/4392 4402/4402/4402 
f 4402/4402/4402 4403/4403/4403 4393/4393/4393 
f 4394/4394/4394 4393/4393/4393 4403/4403/4403 
f 4403/4403/4403 4404/4404/4404 4394/4394/4394 
f 4395/4395/4395 4394/4394/4394 4404/4404/4404 
f 4404/4404/4404 4405/4405/4405 4395/4395/4395 
f 4396/4396/4396 4395/4395/4395 4405/4405/4405 
f 4405/4405/4405 4406/4406/4406 4396/4396/4396 
f 4397/4397/4397 4396/4396/4396 4406/4406/4406 
f 4406/4406/4406 4407/4407/4407 4397/4397/4397 
f 4399/4399/4399 4398/4398/4398 4408/4408/4408 
f 4408/4408/4408 4409/4409/4409 4399/4399/4399 
f 4400/4400/4400 4399/4399/4399 4409/4409/4409 
f 4409/4409/4409 4410/4410/4410 4400/4400/4400 
f 4401/4401/4401 4400/4400/4400 4410/4410/4410 
f 4410/4410/4410 4411/4411/4411 4401/4401/4401 
f 4402/4402/4402 4401/4401/4401 4411/4411/4411 
f 4411/4411/4411 4412/4412/4412 4402/4402/4402 
f 4403/4403/4403 4402/4402/4402 4412/4412/4412 
f 4412/4412/4412 4413/4413/4413 4403/4403/4403 
f 4404/4404/4404 4403/4403/4403 4413/4413/4413 
f 4413/4413/4413 4414/4414/4414 4404/4404/4404 
f 4405/4405/4405 4404/4404/4404 4414/4414/4414 
f 4414/4414/4414 4415/4415/4415 4405/4405/4405 
f 4406/4406/4406 4405/4405/4405 4415/4415/4415 
f 4415/4415/4415 4416/4416/4416 4406/4406/4406 
f 4407/4407/4407 4406/4406/4406 4416/4416/4416 
f 4416/4416/4416 4417/4417/4417 4407/4407/4407 
f 4409/4409/4409 4408/4408/4408 4418/4418/4418 
f 4418/4418/4418 4419/4419/4419 4409/4409/4409 
f 4410/4410/4410 4409/4409/4409 4419/4419/4419 
f 4419/4419/4419 4420/4420/4420 4410/4410/4410 
f 4411/4411/4411 4410/4410/4410 4420/4420/4420 
f 4420/4420/4420 4421/4421/4421 4411/4411/4411 
f 4412/4412/4412 4411/4411/4411 4421/4421/4421 
f 4421/4421/4421 4422/4422/4422 4412/4412/4412 
f 4413/4413/4413 4412/4412/4412 4422/4422/4422 
f 4422/4422/4422 4423/4423/4423 4413/4413/4413 
f 4414/4414/4414 4413/4413/4413 4423/4423/4423 
f 4423/4423/4423 4424/4424/4424 4414/4414/4414 
f 4415/4415/4415 4414/4414/4414 4424/4424/4424 
f 4424/4424/4424 4425/4425/4425 4415/4415/4415 
f 4416/4416/4416 4415/4415/4415 4425/4425/4425 
f 4425/4425/4425 4426/4426/4426 4416/4416/4416 
f 4417/4417/4417 4416/4416/4416 4426/4426/4426 
f 4426/4426/4426 4427/4427/4427 4417/4417/4417 
f 4419/4419/4419 4418/4418/4418 4428/4428/4428 
f 4428/4428/4428 4429/4429/4429 4419/4419/4419 
f 4420/4420/4420 4419/4419/4419 4429/4429/4429 
f 4429/4429/4429 4430/4430/4430 4420/4420/4420 
f 4421/4421/4421 4420/4420/4420 4430/4430/4430 
f 4430/4430/4430 4431/4431/4431 4421/4421/4421 
f 4422/4422/4422 4421/4421/4421 4431/4431/4431 
f 4431/4431/4431 4432/4432/4432 4422/4422/4422 
f 4423/4423/4423 4422/4422/4422 4432/4432/4432 
f 4432/4432/4432 4433/4433/4433 4423/4423/4423 
f 4424/4424/4424 4423/4423/4423 4433/4433/4433 
f 4433/4433/4433 4434/4434/4434 4424/4424/4424 
f 4425/4425/4425 4424/4424/4424 4434/4434/4434 
f 4434/4434/4434 4435/4435/4435 4425/4425/4425 
f 4426/4426/4426 4425/4425/4425 4435/4435/4435 
f 4435/4435/4435 4436/4436/4436 4426/4426/4426 
f 4427/4427/4427 4426/4426/4426 4436/4436/4436 
f 4436/4436/4436 4437/4437/4437 4427/4427/4427 
f 4429/4429/4429 4428/4428/4428 4438/4438/4438 
f 4438/4438/4438 4439/4439/4439 4429/4429/4429 
f 4430/4430/4430 4429/4429/4429 4439/4439/4439 
f 4439/4439/4439 4440/4440/4440 4430/4430/4430 
f 4431/4431/4431 4430/4430/4430 4440/4440/4440 
f 4440/4440/4440 4441/4441/4441 4431/4431/4431 
f 4432/4432/4432 4431/4431/4431 4441/4441/4441 
f 4441/4441/4441 4442/4442/4442 4432/4432/4432 
f 4433/4433/4433 4432/4432/4432 4442/4442/4442 
f 4442/4442/4442 4443/4443/4443 4433/4433/4433 
f 4434/4434/4434 4433/4433/4433 4443/4443/4443 
f 4443/4443/4443 4444/4444/4444 4434/4434/4434 
f 4435/4435/4435 4434/4434/4434 4444/4444/4444 
f 4444/4444/4444 4445/4445/4445 4435/4435/4435 
f 4436/4436/4436 4435/4435/4435 4445/4445/4445 
f 4445/4445/4445 4446/4446/4446 4436/4436/4436 
f 4437/4437/4437 4436/4436/4436 4446/4446/4446 
f 4446/4446/4446 4447/4447/4447 4437/4437/4437 
f 4439/4439/4439 4438/4438/4438 4448/4448/4448 
f 4448/4448/4448 4449/4449/4449 4439/4439/4439 
f 4440/4440/4440 4439/4439/4439 4449/4449/4449 
f 4449/4449/4449 4450/4450/4450 4440/4440/4440 
f 4441/4441/4441 4440/4440/4440 4450/4450/4450 
f 4450/4450/4450 4451/4451/4451 4441/4441/4441 
f 4442/4442/4442 4441/4441/4441 4451/4451/4451 
f 4451/4451/4451 4452/4452/4452 4442/4442/4442 
f 4443/4443/4443 4442/4442/4442 4452/4452/4452 
f 4452/4452/4452 4453/4453/4453 4443/4443/4443 
f 4444/4444/4444 4443/4443/4443 4453/4453/4453 
f 4453/4453/4453 4454/4454/4454 4444/4444/4444 
f 4445/4445/4445 4444/4444/4444 4454/4454/4454 
f 4454/4454/4454 4455/4455/4455 4445/4445/4445 
f 4446/4446/4446 4445/4445/4445 4455/4455/4455 
f 4455/4455/4455 4456/4456/4456 4446/4446/4446 
f 4447/4447/4447 4446/4446/4446 4456/4456/4456 
f 4456/4456/4456 4457/4457/4457 4447/4447/4447 
f 4449/4449/4449 4448/4448/4448 4232/4232/4232 
f 4232/4232/4232 4231/4231/4231 4449/4449/4449 
f 4450/4450/4450 4449/4449/4449 4231/4231/4231 
f 4231/4231/4231 4235/4235/4235 4450/4450/4450 
f 4451/4451/4451 4450/4450/4450 4235/4235/4235 
f 4235/4235/4235 4237/4237/4237 4451/4451/4451 
f 4452/4452/4452 4451/4451/4451 4237/4237/4237 
f 4237/4237/4237 4239/4239/4239 4452/4452/4452 
f 4453/4453/4453 4452/4452/4452 4239/4239/4239 
f 4239/4239/4239 4241/4241/4241 4453/4453/4453 
f 4454/4454/4454 4453/4453/4453 4241/4241/4241 
f 4241/4241/4241 4243/4243/4243 4454/4454/4454 
f 4455/4455/4455 4454/4454/4454 4243/4243/4243 
f 4243/4243/4243 4245/4245/4245 4455/4455/4455 
f 4456/4456/4456 4455/4455/4455 4245/4245/4245 
f 4245/4245/4245 4247/4247/4247 4456/4456/4456 
f 4457/4457/4457 4456/4456/4456 4247/4247/4247 
f 4247/4247/4247 4249/4249/4249 4457/4457/4457 
f 4458/4458/4458 4459/4459/4459 4460/4460/4460 
f 4460/4460/4460 4461/4461/4461 4458/4458/4458 
f 4462/4462/4462 4458/4458/4458 4461/4461/4461 
f 4461/4461/4461 4463/4463/4463 4462/4462/4462 
f 4464/4464/4464 4462/4462/4462 4463/4463/4463 
f 4463/4463/4463 4465/4465/4465 4464/4464/4464 
f 4466/4466/4466 4464/4464/4464 4465/4465/4465 
f 4465/4465/4465 4467/4467/4467 4466/4466/4466 
f 4468/4468/4468 4466/4466/4466 4467/4467/4467 
f 4467/4467/4467 4469/4469/4469 4468/4468/4468 
f 4470/4470/4470 4468/4468/4468 4469/4469/4469 
f 4469/4469/4469 4471/4471/4471 4470/4470/4470 
f 4472/4472/4472 4470/4470/4470 4471/4471/4471 
f 4471/4471/4471 4473/4473/4473 4472/4472/4472 
f 4474/4474/4474 4472/4472/4472 4473/4473/4473 
f 4473/4473/4473 4475/4475/4475 4474/4474/4474 
f 4476/4476/4476 4474/4474/4474 4475/4475/4475 
f 4475/4475/4475 4477/4477/4477 4476/4476/4476 
f 4461/4461/4461 4460/4460/4460 4478/4478/4478 
f 4478/4478/4478 4479/4479/4479 4461/4461/4461 
f 4463/4463/4463 4461/4461/4461 4479/4479/4479 
f 4479/4479/4479 4480/4480/4480 4463/4463/4463 
f 4465/4465/4465 4463/4463/4463 4480/4480/4480 
f 4480/4480/4480 4481/4481/4481 4465/4465/4465 
f 4467/4467/4467 4465/4465/4465 4481/4481/4481 
f 4481/4481/4481 4482/4482/4482 4467/4467/4467 
f 4469/4469/4469 4467/4467/4467 4482/4482/4482 
f 4482/4482/4482 4483/4483/4483 4469/4469/4469 
f 4471/4471/4471 4469/4469/4469 4483/4483/4483 
f 4483/4483/4483 4484/4484/4484 4471/4471/4471 
f 4473/4473/4473 4471/4471/4471 4484/4484/4484 
f 4484/4484/4484 4485/4485/4485 4473/4473/4473 
f 4475/4475/4475 4473/4473/4473 4485/4485/4485 
f 4485/4485/4485 4486/4486/4486 4475/4475/4475 
f 4477/4477/4477 4475/4475/4475 4486/4486/4486 
f 4486/4486/4486 4487/4487/4487 4477/4477/4477 
f 4479/4479/4479 4478/4478/4478 4488/4488/4488 
f 4488/4488/4488 4489/4489/4489 4479/4479/4479 
f 4480/4480/4480 4479/4479/4479 4489/4489/4489 
f 4489/4489/4489 4490/4490/4490 4480/4480/4480 
f 4481/4481/4481 4480/4480/4480 4490/4490/4490 
f 4490/4490/4490 4491/4491/4491 4481/4481/4481 
f 4482/4482/4482 4481/4481/4481 4491/4491/4491 
f 4491/4491/4491 4492/4492/4492 4482/4482/4482 
f 4483/4483/4483 4482/4482/4482 4492/4492/4492 
f 4492/4492/4492 4493/4493/4493 4483/4483/4483 
f 4484/4484/4484 4483/4483/4483 4493/4493/4493 
f 4493/4493/4493 4494/4494/4494 4484/4484/4484 
f 4485/4485/4485 4484/4484/4484 4494/4494/4494 
f 4494/4494/4494 4495/4495/4495 4485/4485/4485 
f 4486/4486/4486 4485/4485/4485 4495/4495/4495 
f 4495/4495/4495 4496/4496/4496 4486/4486/4486 
f 4487/4487/4487 4486/4486/4486 4496/4496/4496 
f 4496/4496/4496 4497/4497/4497 4487/4487/4487 
f 4489/4489/4489 4488/4488/4488 4498/4498/4498 
f 4498/4498/4498 4499/4499/4499 4489/4489/4489 
f 4490/4490/4490 4489/4489/4489 4499/4499/4499 
f 4499/4499/4499 4500/4500/4500 4490/4490/4490 
f 4491/4491/4491 4490/4490/4490 4500/4500/4500 
f 4500/4500/4500 4501/4501/4501 4491/4491/4491 
f 4492/4492/4492 4491/4491/4491 4501/4501/4501 
f 4501/4501/4501 4502/4502/4502 4492/4492/4492 
f 4493/4493/4493 4492/4492/4492 4502/4502/4502 
f 4502/4502/4502 4503/4503/4503 4493/4493/4493 
f 4494/4494/4494 4493/4493/4493 4503/4503/4503 
f 4503/4503/4503 4504/4504/4504 4494/4494/4494 
f 4495/4495/4495 4494/4494/4494 4504/4504/4504 
f 4504/4504/4504 4505/4505/4505 4495/4495/4495 
f 4496/4496/4496 4495/4495/4495 4505/4505/4505 
f 4505/4505/4505 4506/4506/4506 4496/4496/4496 
f 4497/4497/4497 4496/4496/4496 4506/4506/4506 
f 4506/4506/4506 4507/4507/4507 4497/4497/4497 
f 4499/4499/4499 4498/4498/4498 4508/4508/4508 
f 4508/4508/4508 4509/4509/4509 4499/4499/4499 
f 4500/4500/4500 4499/4499/4499 4509/4509/4509 
f 4509/4509/4509 4510/4510/4510 4500/4500/4500 
f 4501/4501/4501 4500/4500/4500 4510/4510/4510 
f 4510/4510/4510 4511/4511/4511 4501/4501/4501 
f 4502/4502/4502 4501/4501/4501 4511/4511/4511 
f 4511/4511/4511 4512/4512/4512 4502/4502/4502 
f 4503/4503/4503 4502/4502/4502 4512/4512/4512 
f 4512/4512/4512 4513/4513/4513 4503/4503/4503 
f 4504/4504/4504 4503/4503/4503 4513/4513/4513 
f 4513/4513/4513 4514/4514/4514 4504/4504/4504 
f 4505/4505/4505 4504/4504/4504 4514/4514/4514 
f 4514/4514/4514 4515/4515/4515 4505/4505/4505 
f 4506/4506/4506 4505/4505/4505 4515/4515/4515 
f 4515/4515/4515 4516/4516/4516 4506/4506/4506 
f 4507/4507/4507 4506/4506/4506 4516/4516/4516 
f 4516/4516/4516 4517/4517/4517 4507/4507/4507 
f 4509/4509/4509 4508/4508/4508 4518/4518/4518 
f 4518/4518/4518 4519/4519/4519 4509/4509/4509 
f 4510/4510/4510 4509/4509/4509 4519/4519/4519 
f 4519/4519/4519 4520/4520/4520 4510/4510/4510 
f 4511/4511/4511 4510/4510/4510 4520/4520/4520 
f 4520/4520/4520 4521/4521/4521 4511/4511/4511 
f 4512/4512/4512 4511/4511/4511 4521/4521/4521 
f 4521/4521/4521 4522/4522/4522 4512/4512/4512 
f 4513/4513/4513 4512/4512/4512 4522/4522/4522 
f 4522/4522/4522 4523/4523/4523 4513/4513/4513 
f 4514/4514/4514 4513/4513/4513 4523/4523/4523 
f 4523/4523/4523 4524/4524/4524 4514/4514/4514 
f 4515/4515/4515 4514/4514/4514 4524/4524/4524 
f 4524/4524/4524 4525/4525/4525 4515/4515/4515 
f 4516/4516/4516 4515/4515/4515 4525/4525/4525 
f 4525/4525/4525 4526/4526/4526 4516/4516/4516 
f 4517/4517/4517 4516/4516/4516 4526/4526/4526 
f 4526/4526/4526 4527/4527/4527 4517/4517/4517 
f 4519/4519/4519 4518/4518/4518 4528/4528/4528 
f 4528/4528/4528 4529/4529/4529 4519/4519/4519 
f 4520/4520/4520 4519/4519/4519 4529/4529/4529 
f 4529/4529/4529 4530/4530/4530 4520/4520/4520 
f 4521/4521/4521 4520/4520/4520 4530/4530/4530 
f 4530/4530/4530 4531/4531/4531 4521/4521/4521 
f 4522/4522/4522 4521/4521/4521 4531/4531/4531 
f 4531/4531/4531 4532/4532/4532 4522/4522/4522 
f 4523/4523/4523 4522/4522/4522 4532/4532/4532 
f 4532/4532/4532 4533/4533/4533 4523/4523/4523 
f 4524/4524/4524 4523/4523/4523 4533/4533/4533 
f 4533/4533/4533 4534/4534/4534 4524/4524/4524 
f 4525/4525/4525 4524/4524/4524 4534/4534/4534 
f 4534/4534/4534 4535/4535/4535 4525/4525/4525 
f 4526/4526/4526 4525/4525/4525 4535/4535/4535 
f 4535/4535/4535 4536/4536/4536 4526/4526/4526 
f 4527/4527/4527 4526/4526/4526 4536/4536/4536 
f 4536/4536/4536 4537/4537/4537 4527/4527/4527 
f 4529/4529/4529 4528/4528/4528 4538/4538/4538 
f 4538/4538/4538 4539/4539/4539 4529/4529/4529 
f 4530/4530/4530 4529/4529/4529 4539/4539/4539 
f 4539/4539/4539 4540/4540/4540 4530/4530/4530 
f 4531/4531/4531 4530/4530/4530 4540/4540/4540 
f 4540/4540/4540 4541/4541/4541 4531/4531/4531 
f 4532/4532/4532 4531/4531/4531 4541/4541/4541 
f 4541/4541/4541 4542/4542/4542 4532/4532/4532 
f 4533/4533/4533 4532/4532/4532 4542/4542/4542 
f 4542/4542/4542 4543/4543/4543 4533/4533/4533 
f 4534/4534/4534 4533/4533/4533 4543/4543/4543 
f 4543/4543/4543 4544/4544/4544 4534/4534/4534 
f 4535/4535/4535 4534/4534/4534 4544/4544/4544 
f 4544/4544/4544 4545/4545/4545 4535/4535/4535 
f 4536/4536/4536 4535/4535/4535 4545/4545/4545 
f 4545/4545/4545 4546/4546/4546 4536/4536/4536 
f 4537/4537/4537 4536/4536/4536 4546/4546/4546 
f 4546/4546/4546 4547/4547/4547 4537/4537/4537 
f 4539/4539/4539 4538/4538/4538 4369/4369/4369 
f 4369/4369/4369 4368/4368/4368 4539/4539/4539 
f 4540/4540/4540 4539/4539/4539 4368/4368/4368 
f 4368/4368/4368 4372/4372/4372 4540/4540/4540 
f 4541/4541/4541 4540/4540/4540 4372/4372/4372 
f 4372/4372/4372 4374/4374/4374 4541/4541/4541 
f 4542/4542/4542 4541/4541/4541 4374/4374/4374 
f 4374/4374/4374 4376/4376/4376 4542/4542/4542 
f 4543/4543/4543 4542/4542/4542 4376/4376/4376 
f 4376/4376/4376 4378/4378/4378 4543/4543/4543 
f 4544/4544/4544 4543/4543/4543 4378/4378/4378 
f 4378/4378/4378 4380/4380/4380 4544/4544/4544 
f 4545/4545/4545 4544/4544/4544 4380/4380/4380 
f 4380/4380/4380 4382/4382/4382 4545/4545/4545 
f 4546/4546/4546 4545/4545/4545 4382/4382/4382 
f 4382/4382/4382 4384/4384/4384 4546/4546/4546 
f 4547/4547/4547 4546/4546/4546 4384/4384/4384 
f 4384/4384/4384 4386/4386/4386 4547/4547/4547 
f 4548/4548/4548 4549/4549/4549 4550/4550/4550 
f 4550/4550/4550 4551/4551/4551 4548/4548/4548 
f 4552/4552/4552 4548/4548/4548 4551/4551/4551 
f 4551/4551/4551 4553/4553/4553 4552/4552/4552 
f 4554/4554/4554 4552/4552/4552 4553/4553/4553 
f 4553/4553/4553 4555/4555/4555 4554/4554/4554 
f 4556/4556/4556 4554/4554/4554 4555/4555/4555 
f 4555/4555/4555 4557/4557/4557 4556/4556/4556 
f 4558/4558/4558 4556/4556/4556 4557/4557/4557 
f 4557/4557/4557 4559/4559/4559 4558/4558/4558 
f 4560/4560/4560 4558/4558/4558 4559/4559/4559 
f 4559/4559/4559 4561/4561/4561 4560/4560/4560 
f 4562/4562/4562 4560/4560/4560 4561/4561/4561 
f 4561/4561/4561 4563/4563/4563 4562/4562/4562 
f 4564/4564/4564 4562/4562/4562 4563/4563/4563 
f 4563/4563/4563 4565/4565/4565 4564/4564/4564 
f 4566/4566/4566 4564/4564/4564 4565/4565/4565 
f 4565/4565/4565 4567/4567/4567 4566/4566/4566 
f 4551/4551/4551 4550/4550/4550 4568/4568/4568 
f 4568/4568/4568 4569/4569/4569 4551/4551/4551 
f 4553/4553/4553 4551/4551/4551 4569/4569/4569 
f 4569/4569/4569 4570/4570/4570 4553/4553/4553 
f 4555/4555/4555 4553/4553/4553 4570/4570/4570 
f 4570/4570/4570 4571/4571/4571 4555/4555/4555 
f 4557/4557/4557 4555/4555/4555 4571/4571/4571 
f 4571/4571/4571 4572/4572/4572 4557/4557/4557 
f 4559/4559/4559 4557/4557/4557 4572/4572/4572 
f 4572/4572/4572 4573/4573/4573 4559/4559/4559 
f 4561/4561/4561 4559/4559/4559 4573/4573/4573 
f 4573/4573/4573 4574/4574/4574 4561/4561/4561 
f 4563/4563/4563 4561/4561/4561 4574/4574/4574 
f 4574/4574/4574 4575/4575/4575 4563/4563/4563 
f 4565/4565/4565 4563/4563/4563 4575/4575/4575 
f 4575/4575/4575 4576/4576/4576 4565/4565/4565 
f 4567/4567/4567 4565/4565/4565 4576/4576/4576 
f 4576/4576/4576 4577/4577/4577 4567/4567/4567 
f 4569/4569/4569 4568/4568/4568 4578/4578/4578 
f 4578/4578/4578 4579/4579/4579 4569/4569/4569 
f 4570/4570/4570 4569/4569/4569 4579/4579/4579 
f 4579/4579/4579 4580/4580/4580 4570/4570/4570 
f 4571/4571/4571 4570/4570/4570 4580/4580/4580 
f 4580/4580/4580 4581/4581/4581 4571/4571/4571 
f 4572/4572/4572 4571/4571/4571 4581/4581/4581 
f 4581/4581/4581 4582/4582/4582 4572/4572/4572 
f 4573/4573/4573 4572/4572/4572 4582/4582/4582 
f 4582/4582/4582 4583/4583/4583 4573/4573/4573 
f 4574/4574/4574 4573/4573/4573 4583/4583/4583 
f 4583/4583/4583 4584/4584/4584 4574/4574/4574 
f 4575/4575/4575 4574/4574/4574 4584/4584/4584 
f 4584/4584/4584 4585/4585/4585 4575/4575/4575 
f 4576/4576/4576 4575/4575/4575 4585/4585/4585 
f 4585/4585/4585 4586/4586/4586 4576/4576/4576 
f 4577/4577/4577 4576/4576/4576 4586/4586/4586 
f 4586/4586/4586 4587/4587/4587 4577/4577/4577 
f 4579/4579/4579 4578/4578/4578 4588/4588/4588 
f 4588/4588/4588 4589/4589/4589 4579/4579/4579 
f 4580/4580/4580 4579/4579/4579 4589/4589/4589 
f 4589/4589/4589 4590/4590/4590 4580/4580/4580 
f 4581/4581/4581 4580/4580/4580 4590/4590/4590 
f 4590/4590/4590 4591/4591/4591 4581/4581/4581 
f 4582/4582/4582 4581/4581/4581 4591/4591/4591 
f 4591/4591/4591 4592/4592/4592 4582/4582/4582 
f 4583/4583/4583 4582/4582/4582 4592/4592/4592 
f 4592/4592/4592 4593/4593/4593 4583/4583/4583 
f 4584/4584/4584 4583/4583/4583 4593/4593/4593 
f 4593/4593/4593 4594/4594/4594 4584/4584/4584 
f 4585/4585/4585 4584/4584/4584 4594/4594/4594 
f 4594/4594/4594 4595/4595/4595 4585/4585/4585 
f 4586/4586/4586 4585/4585/4585 4595/4595/4595 
f 4595/4595/4595 4596/4596/4596 4586/4586/4586 
f 4587/4587/4587 4586/4586/4586 4596/4596/4596 
f 4596/4596/4596 4597/4597/4597 4587/4587/4587 
f 4589/4589/4589 4588/4588/4588 4598/4598/4598 
f 4598/4598/4598 4599/4599/4599 4589/4589/4589 
f 4590/4590/4590 4589/4589/4589 4599/4599/4599 
f 4599/4599/4599 4600/4600/4600 4590/4590/4590 
f 4591/4591/4591 4590/4590/4590 4600/4600/4600 
f 4600/4600/4600 4601/4601/4601 4591/4591/4591 
f 4592/4592/4592 4591/4591/4591 4601/4601/4601 
f 4601/4601/4601 4602/4602/4602 4592/4592/4592 
f 4593/4593/4593 4592/4592/4592 4602/4602/4602 
f 4602/4602/4602 4603/4603/4603 4593/4593/4593 
f 4594/4594/4594 4593/4593/4593 4603/4603/4603 
f 4603/4603/4603 4604/4604/4604 4594/4594/4594 
f 4595/4595/4595 4594/4594/4594 4604/4604/4604 
f 4604/4604/4604 4605/4605/4605 4595/4595/4595 
f 4596/4596/4596 4595/4595/4595 4605/4605/4605 
f 4605/4605/4605 4606/4606/4606 4596/4596/4596 
f 4597/4597/4597 4596/4596/4596 4606/4606/4606 
f 4606/4606/4606 4607/4607/4607 4597/4597/4597 
f 4599/4599/4599 4598/4598/4598 4608/4608/4608 
f 4608/4608/4608 4609/4609/4609 4599/4599/4599 
f 4600/4600/4600 4599/4599/4599 4609/4609/4609 
f 4609/4609/4609 4610/4610/4610 4600/4600/4600 
f 4601/4601/4601 4600/4600/4600 4610/4610/4610 
f 4610/4610/4610 4611/4611/4611 4601/4601/4601 
f 4602/4602/4602 4601/4601/4601 4611/4611/4611 
f 4611/4611/4611 4612/4612/4612 4602/4602/4602 
f 4603/4603/4603 4602/4602/4602 4612/4612/4612 
f 4612/4612/4612 4613/4613/4613 4603/4603/4603 
f 4604/4604/4604 4603/4603/4603 4613/4613/4613 
f 4613/4613/4613 4614/4614/4614 4604/4604/4604 
f 4605/4605/4605 4604/4604/4604 4614/4614/4614 
f 4614/4614/4614 4615/4615/4615 4605/4605/4605 
f 4606/4606/4606 4605/4605/4605 4615/4615/4615 
f 4615/4615/4615 4616/4616/4616 4606/4606/4606 
f 4607/4607/4607 4606/4606/4606 4616/4616/4616 
f 4616/4616/4616 4617/4617/4617 4607/4607/4607 
f 4609/4609/4609 4608/4608/4608 4618/4618/4618 
f 4618/4618/4618 4619/4619/4619 4609/4609/4609 
f 4610/4610/4610 4609/4609/4609 4619/4619/4619 
f 4619/4619/4619 4620/4620/4620 4610/4610/4610 
f 4611/4611/4611 4610/4610/4610 4620/4620/4620 
f 4620/4620/4620 4621/4621/4621 4611/4611/4611 
f 4612/4612/4612 4611/4611/4611 4621/4621/4621 
f 4621/4621/4621 4622/4622/4622 4612/4612/4612 
f 4613/4613/4613 4612/4612/4612 4622/4622/4622 
f 4622/4622/4622 4623/4623/4623 4613/4613/4613 
f 4614/4614/4614 4613/4613/4613 4623/4623/4623 
f 4623/4623/4623 4624/4624/4624 4614/4614/4614 
f 4615/4615/4615 4614/4614/4614 4624/4624/4624 
f 4624/4624/4624 4625/4625/4625 4615/4615/4615 
f 4616/4616/4616 4615/4615/4615 4625/4625/4625 
f 4625/4625/4625 4626/4626/4626 4616/4616/4616 
f 4617/4617/4617 4616/4616/4616 4626/4626/4626 
f 4626/4626/4626 4627/4627/4627 4617/4617/4617 
f 4619/4619/4619 4618/4618/4618 4628/4628/4628 
f 4628/4628/4628 4629/4629/4629 4619/4619/4619 
f 4620/4620/4620 4619/4619/4619 4629/4629/4629 
f 4629/4629/4629 4630/4630/4630 4620/4620/4620 
f 4621/4621/4621 4620/4620/4620 4630/4630/4630 
f 4630/4630/4630 4631/4631/4631 4621/4621/4621 
f 4622/4622/4622 4621/4621/4621 4631/4631/4631 
f 4631/4631/4631 4632/4632/4632 4622/4622/4622 
f 4623/4623/4623 4622/4622/4622 4632/4632/4632 
f 4632/4632/4632 4633/4633/4633 4623/4623/4623 
f 4624/4624/4624 4623/4623/4623 4633/4633/4633 
f 4633/4633/4633 4634/4634/4634 4624/4624/4624 
f 4625/4625/4625 4624/4624/4624 4634/4634/4634 
f 4634/4634/4634 4635/4635/4635 4625/4625/4625 
f 4626/4626/4626 4625/4625/4625 4635/4635/4635 
f 4635/4635/4635 4636/4636/4636 4626/4626/4626 
f 4627/4627/4627 4626/4626/4626 4636/4636/4636 
f 4636/4636/4636 4637/4637/4637 4627/4627/4627 
f 4629/4629/4629 4628/4628/4628 4638/4638/4638 
f 4638/4638/4638 4639/4639/4639 4629/4629/4629 
f 4630/4630/4630 4629/4629/4629 4639/4639/4639 
f 4639/4639/4639 4640/4640/4640 4630/4630/4630 
f 4631/4631/4631 4630/4630/4630 4640/4640/4640 
f 4640/4640/4640 4641/4641/4641 4631/4631/4631 
f 4632/4632/4632 4631/4631/4631 4641/4641/4641 
f 4641/4641/4641 4642/4642/4642 4632/4632/4632 
f 4633/4633/4633 4632/4632/4632 4642/4642/4642 
f 4642/4642/4642 4643/4643/4643 4633/4633/4633 
f 4634/4634/4634 4633/4633/4633 4643/4643/4643 
f 4643/4643/4643 4644/4644/4644 4634/4634/4634 
f 4635/4635/4635 4634/4634/4634 4644/4644/4644 
f 4644/4644/4644 4645/4645/4645 4635/4635/4635 
f 4636/4636/4636 4635/4635/4635 4645/4645/4645 
f 4645/4645/4645 4646/4646/4646 4636/4636/4636 
f 4637/4637/4637 4636/4636/4636 4646/4646/4646 
f 4646/4646/4646 4647/4647/4647 4637/4637/4637 
f 4648/4648/4648 4649/4649/4649 4650/4650/4650 
f 4650/4650/4650 4651/4651/4651 4648/4648/4648 
f 4652/4652/4652 4648/4648/4648 4651/4651/4651 
f 4651/4651/4651 4653/4653/4653 4652/4652/4652 
f 4654/4654/4654 4652/4652/4652 4653/4653/4653 
f 4653/4653/4653 4655/4655/4655 4654/4654/4654 
f 4656/4656/4656 4654/4654/4654 4655/4655/4655 
f 4655/4655/4655 4657/4657/4657 4656/4656/4656 
f 4658/4658/4658 4656/4656/4656 4657/4657/4657 
f 4657/4657/4657 4659/4659/4659 4658/4658/4658 
f 4660/4660/4660 4658/4658/4658 4659/4659/4659 
f 4659/4659/4659 4661/4661/4661 4660/4660/4660 
f 4662/4662/4662 4660/4660/4660 4661/4661/4661 
f 4661/4661/4661 4663/4663/4663 4662/4662/4662 
f 4664/4664/4664 4662/4662/4662 4663/4663/4663 
f 4663/4663/4663 4665/4665/4665 4664/4664/4664 
f 4666/4666/4666 4664/4664/4664 4665/4665/4665 
f 4665/4665/4665 4667/4667/4667 4666/4666/4666 
f 4651/4651/4651 4650/4650/4650 4668/4668/4668 
f 4668/4668/4668 4669/4669/4669 4651/4651/4651 
f 4653/4653/4653 4651/4651/4651 4669/4669/4669 
f 4669/4669/4669 4670/4670/4670 4653/4653/4653 
f 4655/4655/4655 4653/4653/4653 4670/4670/4670 
f 4670/4670/4670 4671/4671/4671 4655/4655/4655 
f 4657/4657/4657 4655/4655/4655 4671/4671/4671 
f 4671/4671/4671 4672/4672/4672 4657/4657/4657 
f 4659/4659/4659 4657/4657/4657 4672/4672/4672 
f 4672/4672/4672 4673/4673/4673 4659/4659/4659 
f 4661/4661/4661 4659/4659/4659 4673/4673/4673 
f 4673/4673/4673 4674/4674/4674 4661/4661/4661 
f 4663/4663/4663 4661/4661/4661 4674/4674/4674 
f 4674/4674/4674 4675/4675/4675 4663/4663/4663 
f 4665/4665/4665 4663/4663/4663 4675/4675/4675 
f 4675/4675/4675 4676/4676/4676 4665/4665/4665 
f 4667/4667/4667 4665/4665/4665 4676/4676/4676 
f 4676/4676/4676 4677/4677/4677 4667/4667/4667 
f 4669/4669/4669 4668/4668/4668 4678/4678/4678 
f 4678/4678/4678 4679/4679/4679 4669/4669/4669 
f 4670/4670/4670 4669/4669/4669 4679/4679/4679 
f 4679/4679/4679 4680/4680/4680 4670/4670/4670 
f 4671/4671/4671 4670/4670/4670 4680/4680/4680 
f 4680/4680/4680 4681/4681/4681 4671/4671/4671 
f 4672/4672/4672 4671/4671/4671 4681/4681/4681 
f 4681/4681/4681 4682/4682/4682 4672/4672/4672 
f 4673/4673/4673 4672/4672/4672 4682/4682/4682 
f 4682/4682/4682 4683/4683/4683 4673/4673/4673 
f 4674/4674/4674 4673/4673/4673 4683/4683/4683 
f 4683/4683/4683 4684/4684/4684 4674/4674/4674 
f 4675/4675/4675 4674/4674/4674 4684/4684/4684 
f 4684/4684/4684 4685/4685/4685 4675/4675/4675 
f 4676/4676/4676 4675/4675/4675 4685/4685/4685 
f 4685/4685/4685 4686/4686/4686 4676/4676/4676 
f 4677/4677/4677 4676/4676/4676 4686/4686/4686 
f 4686/4686/4686 4687/4687/4687 4677/4677/4677 
f 4679/4679/4679 4678/4678/4678 4688/4688/4688 
f 4688/4688/4688 4689/4689/4689 4679/4679/4679 
f 4680/4680/4680 4679/4679/4679 4689/4689/4689 
f 4689/4689/4689 4690/4690/4690 4680/4680/4680 
f 4681/4681/4681 4680/4680/4680 4690/4690/4690 
f 4690/4690/4690 4691/4691/4691 4681/4681/4681 
f 4682/4682/4682 4681/4681/4681 4691/4691/4691 
f 4691/4691/4691 4692/4692/4692 4682/4682/4682 
f 4683/4683/4683 4682/4682/4682 4692/4692/4692 
f 4692/4692/4692 4693/4693/4693 4683/4683/4683 
f 4684/4684/4684 4683/4683/4683 4693/4693/4693 
f 4693/4693/4693 4694/4694/4694 4684/4684/4684 
f 4685/4685/4685 4684/4684/4684 4694/4694/4694 
f 4694/4694/4694 4695/4695/4695 4685/4685/4685 
f 4686/4686/4686 4685/4685/4685 4695/4695/4695 
f 4695/4695/4695 4696/4696/4696 4686/4686/4686 
f 4687/4687/4687 4686/4686/4686 4696/4696/4696 
f 4696/4696/4696 4697/4697/4697 4687/4687/4687 
f 4689/4689/4689 4688/4688/4688 4698/4698/4698 
f 4698/4698/4698 4699/4699/4699 4689/4689/4689 
f 4690/4690/4690 4689/4689/4689 4699/4699/4699 
f 4699/4699/4699 4700/4700/4700 4690/4690/4690 
f 4691/4691/4691 4690/4690/4690 4700/4700/4700 
f 4700/4700/4700 4701/4701/4701 4691/4691/4691 
f 4692/4692/4692 4691/4691/4691 4701/4701/4701 
f 4701/4701/4701 4702/4702/4702 4692/4692/4692 
f 4693/4693/4693 4692/4692/4692 4702/4702/4702 
f 4702/4702/4702 4703/4703/4703 4693/4693/4693 
f 4694/4694/4694 4693/4693/4693 4703/4703/4703 
f 4703/4703/4703 4704/4704/4704 4694/4694/4694 
f 4695/4695/4695 4694/4694/4694 4704/4704/4704 
f 4704/4704/4704 4705/4705/4705 4695/4695/4695 
f 4696/4696/4696 4695/4695/4695 4705/4705/4705 
f 4705/4705/4705 4706/4706/4706 4696/4696/4696 
f 4697/4697/4697 4696/4696/4696 4706/4706/4706 
f 4706/4706/4706 4707/4707/4707 4697/4697/4697 
f 4699/4699/4699 4698/4698/4698 4708/4708/4708 
f 4708/4708/4708 4709/4709/4709 4699/4699/4699 
f 4700/4700/4700 4699/4699/4699 4709/4709/4709 
f 4709/4709/4709 4710/4710/4710 4700/4700/4700 
f 4701/4701/4701 4700/4700/4700 4710/4710/4710 
f 4710/4710/4710 4711/4711/4711 4701/4701/4701 
f 4702/4702/4702 4701/4701/4701 4711/4711/4711 
f 4711/4711/4711 4712/4712/4712 4702/4702/4702 
f 4703/4703/4703 4702/4702/4702 4712/4712/4712 
f 4712/4712/4712 4713/4713/4713 4703/4703/4703 
f 4704/4704/4704 4703/4703/4703 4713/4713/4713 
f 4713/4713/4713 4714/4714/4714 4704/4704/4704 
f 4705/4705/4705 4704/4704/4704 4714/4714/4714 
f 4714/4714/4714 4715/4715/4715 4705/4705/4705 
f 4706/4706/4706 4705/4705/4705 4715/4715/4715 
f 4715/4715/4715 4716/4716/4716 4706/4706/4706 
f 4707/4707/4707 4706/4706/4706 4716/4716/4716 
f 4716/4716/4716 4717/4717/4717 4707/4707/4707 
f 4709/4709/4709 4708/4708/4708 4718/4718/4718 
f 4718/4718/4718 4719/4719/4719 4709/4709/4709 
f 4710/4710/4710 4709/4709/4709 4719/4719/4719 
f 4719/4719/4719 4720/4720/4720 4710/4710/4710 
f 4711/4711/4711 4710/4710/4710 4720/4720/4720 
f 4720/4720/4720 4721/4721/4721 4711/4711/4711 
f 4712/4712/4712 4711/4711/4711 4721/4721/4721 
f 4721/4721/4721 4722/4722/4722 4712/4712/4712 
f 4713/4713/4713 4712/4712/4712 4722/4722/4722 
f 4722/4722/4722 4723/4723/4723 4713/4713/4713 
f 4714/4714/4714 4713/4713/4713 4723/4723/4723 
f 4723/4723/4723 4724/4724/4724 4714/4714/4714 
f 4715/4715/4715 4714/4714/4714 4724/4724/4724 
f 4724/4724/4724 4725/4725/4725 4715/4715/4715 
f 4716/4716/4716 4715/4715/4715 4725/4725/4725 
f 4725/4725/4725 4726/4726/4726 4716/4716/4716 
f 4717/4717/4717 4716/4716/4716 4726/4726/4726 
f 4726/4726/4726 4727/4727/4727 4717/4717/4717 
f 4719/4719/4719 4718/4718/4718 4728/4728/4728 
f 4728/4728/4728 4729/4729/4729 4719/4719/4719 
f 4720/4720/4720 4719/4719/4719 4729/4729/4729 
f 4729/4729/4729 4730/4730/4730 4720/4720/4720 
f 4721/4721/4721 4720/4720/4720 4730/4730/4730 
f 4730/4730/4730 4731/4731/4731 4721/4721/4721 
f 4722/4722/4722 4721/4721/4721 4731/4731/4731 
f 4731/4731/4731 4732/4732/4732 4722/4722/4722 
f 4723/4723/4723 4722/4722/4722 4732/4732/4732 
f 4732/4732/4732 4733/4733/4733 4723/4723/4723 
f 4724/4724/4724 4723/4723/4723 4733/4733/4733 
f 4733/4733/4733 4734/4734/4734 4724/4724/4724 
f 4725/4725/4725 4724/4724/4724 4734/4734/4734 
f 4734/4734/4734 4735/4735/4735 4725/4725/4725 
f 4726/4726/4726 4725/4725/4725 4735/4735/4735 
f 4735/4735/4735 4736/4736/4736 4726/4726/4726 
f 4727/4727/4727 4726/4726/4726 4736/4736/4736 
f 4736/4736/4736 4737/4737/4737 4727/4727/4727 
f 4729/4729/4729 4728/4728/4728 4738/4738/4738 
f 4738/4738/4738 4739/4739/4739 4729/4729/4729 
f 4730/4730/4730 4729/4729/4729 4739/4739/4739 
f 4739/4739/4739 4740/4740/4740 4730/4730/4730 
f 4731/4731/4731 4730/4730/4730 4740/4740/4740 
f 4740/4740/4740 4741/4741/4741 4731/4731/4731 
f 4732/4732/4732 4731/4731/4731 4741/4741/4741 
f 4741/4741/4741 4742/4742/4742 4732/4732/4732 
f 4733/4733/4733 4732/4732/4732 4742/4742/4742 
f 4742/4742/4742 4743/4743/4743 4733/4733/4733 
f 4734/4734/4734 4733/4733/4733 4743/4743/4743 
f 4743/4743/4743 4744/4744/4744 4734/4734/4734 
f 4735/4735/4735 4734/4734/4734 4744/4744/4744 
f 4744/4744/4744 4745/4745/4745 4735/4735/4735 
f 4736/4736/4736 4735/4735/4735 4745/4745/4745 
f 4745/4745/4745 4746/4746/4746 4736/4736/4736 
f 4737/4737/4737 4736/4736/4736 4746/4746/4746 
f 4746/4746/4746 4747/4747/4747 4737/4737/4737 

g 2

v 367 2.36361 200.049 
v 367 2.36361 200.947 
v 367 2.04085 200.947 
v 367 2.04085 200.049 
v 367 2.04085 200.049 
v 366.939 2.04085 200 
v 366.939 2.36361 200 
v 367 2.36361 200.049 
v 366.939 2.04085 201 
v 367 2.04085 200.947 
v 367 2.36361 200.947 
v 366.939 2.36361 201 
v 365.061 2.04096 200 
v 365 2.04096 200.049 
v 365 2.36364 200.049 
v 365.061 2.36364 200 
v 365 2.04096 200.947 
v 365 2.36364 200.947 
v 365 2.36364 200.049 
v 365 2.04096 200.049 
v 365.031 2.04096 200.974 
v 365.061 2.04096 201 
v 365.061 2.36364 201 
v 365.031 2.36364 200.974 
v 365.031 2.36364 200.974 
v 365 2.36364 200.947 
v 365 2.04096 200.947 
v 365.031 2.04096 200.974 
v 366.939 2.04085 200 
v 367 2.04085 200.049 
v 366.94 1.99995 200.068 
v 366.939 2.04085 201 
v 366.94 1.99995 200.933 
v 367 2.04085 200.947 
v 366.94 1.99995 200.933 
v 366.94 1.99995 200.068 
v 367 2.04085 200.049 
v 367 2.04085 200.947 
v 367 2.36361 200.049 
v 366.939 2.36361 200 
v 366.94 2.39997 200.068 
v 367 2.36361 200.947 
v 366.94 2.39997 200.933 
v 366.939 2.36361 201 
v 365.061 2.04096 200 
v 365.064 2.00006 200.068 
v 365 2.04096 200.049 
v 366.94 2.39997 200.933 
v 367 2.36361 200.947 
v 367 2.36361 200.049 
v 366.94 2.39997 200.068 
v 365.064 2.00006 200.933 
v 365.061 2.04096 201 
v 365.031 2.04096 200.974 
v 365.031 2.04096 200.974 
v 365 2.04096 200.947 
v 365.064 2.00006 200.933 
v 365 2.36364 200.049 
v 365.064 2.4 200.068 
v 365.061 2.36364 200 
v 365.061 2.36364 201 
v 365.064 2.4 200.933 
v 365.031 2.36364 200.974 
v 365.064 2.4 200.933 
v 365 2.36364 200.947 
v 365.031 2.36364 200.974 
v 365.064 2.00006 200.933 
v 365 2.04096 200.947 
v 365 2.04096 200.049 
v 365.064 2.00006 200.068 
v 365.064 2.4 200.933 
v 365.064 2.4 200.068 
v 365 2.36364 200.049 
v 365 2.36364 200.947 
v 366.939 2.36361 200 
v 366.939 2.04085 200 
v 365.061 2.04096 200 
v 365.061 2.36364 200 
v 366.939 2.04085 201 
v 366.939 2.36361 201 
v 365.061 2.36364 201 
v 365.061 2.04096 201 
v 365.061 2.04096 200 
v 366.939 2.04085 200 
v 366.94 1.99995 200.068 
v 365.064 2.00006 200.068 
v 366.94 2.39997 200.068 
v 366.939 2.36361 200 
v 365.061 2.36364 200 
v 365.064 2.4 200.068 
v 366.94 1.99995 200.933 
v 366.939 2.04085 201 
v 365.061 2.04096 201 
v 365.064 2.00006 200.933 
v 365.064 2.4 200.933 
v 365.061 2.36364 201 
v 366.939 2.36361 201 
v 366.94 2.39997 200.933 
v 366.94 1.99995 200.068 
v 366.002 1.99994 200.5 
v 365.064 2.00006 200.068 
v 366.002 1.99994 200.5 
v 366.94 1.99995 200.068 
v 366.94 1.99995 200.933 
v 366.002 1.99994 200.5 
v 365.064 2.00006 200.933 
v 365.064 2.00006 200.068 
v 365.064 2.00006 200.933 
v 366.002 1.99994 200.5 
v 366.94 1.99995 200.933 
v 366.002 2.39999 200.5 
v 366.94 2.39997 200.068 
v 365.064 2.4 200.068 
v 366.94 2.39997 200.068 
v 366.002 2.39999 200.5 
v 366.94 2.39997 200.933 
v 365.064 2.4 200.933 
v 366.002 2.39999 200.5 
v 365.064 2.4 200.068 
v 366.002 2.39999 200.5 
v 365.064 2.4 200.933 
v 366.94 2.39997 200.933 

vn 1 0 -0.00787402 
vn 1 0 0.00787402 
vn 1 0 0.00787402 
vn 1 0 -0.00787402 
vn 0.629921 0 -0.779528 
vn 0.629921 0 -0.779528 
vn 0.629921 0 -0.779528 
vn 0.629921 0 -0.779528 
vn 0.653543 0 0.755906 
vn 0.653543 0 0.755906 
vn 0.653543 0 0.755906 
vn 0.653543 0 0.755906 
vn -0.629921 0 -0.779528 
vn -0.629921 0 -0.779528 
vn -0.629921 0 -0.779528 
vn -0.629921 0 -0.779528 
vn -1 0 0.00787402 
vn -1 0 0.00787402 
vn -1 0 -0.00787402 
vn -1 0 -0.00787402 
vn -0.653543 0 0.755906 
vn -0.653543 0 0.755906 
vn -0.653543 0 0.755906 
vn -0.653543 0 0.755906 
vn -0.653543 0 0.755906 
vn -0.653543 0 0.755906 
vn -0.653543 0 0.755906 
vn -0.653543 0 0.755906 
vn 0.417323 -0.740157 -0.519685 
vn 0.425197 -0.740157 -0.519685 
vn 0.417323 -0.740157 -0.519685 
vn 0.448819 -0.724409 0.519685 
vn 0.448819 -0.724409 0.519685 
vn 0.448819 -0.724409 0.519685 
vn 0.614173 -0.787402 0.00787402 
vn 0.614173 -0.787402 -0.00787402 
vn 0.614173 -0.787402 -0.00787402 
vn 0.614173 -0.787402 0.00787402 
vn 0.362205 0.811024 -0.448819 
vn 0.362205 0.811024 -0.456693 
vn 0.362205 0.811024 -0.448819 
vn 0.393701 0.80315 0.456693 
vn 0.393701 0.80315 0.456693 
vn 0.385827 0.80315 0.456693 
vn -0.409449 -0.755906 -0.511811 
vn -0.409449 -0.755906 -0.511811 
vn -0.409449 -0.755906 -0.511811 
vn 0.527559 0.850394 0.00787402 
vn 0.527559 0.850394 0.00787402 
vn 0.527559 0.850394 -0.00787402 
vn 0.527559 0.850394 -0.00787402 
vn -0.433071 -0.740157 0.511811 
vn -0.433071 -0.740157 0.511811 
vn -0.433071 -0.748031 0.503937 
vn -0.433071 -0.748031 0.503937 
vn -0.433071 -0.740157 0.511811 
vn -0.433071 -0.740157 0.511811 
vn -0.354331 0.826772 -0.440945 
vn -0.354331 0.826772 -0.440945 
vn -0.354331 0.826772 -0.440945 
vn -0.377953 0.811024 0.440945 
vn -0.377953 0.811024 0.440945 
vn -0.370079 0.818898 0.433071 
vn -0.377953 0.811024 0.440945 
vn -0.377953 0.811024 0.440945 
vn -0.370079 0.818898 0.433071 
vn -0.590551 -0.80315 0.00787402 
vn -0.590551 -0.80315 0.00787402 
vn -0.590551 -0.80315 -0.00787402 
vn -0.590551 -0.80315 -0.00787402 
vn -0.503937 0.866142 0.00787402 
vn -0.503937 0.866142 -0.00787402 
vn -0.503937 0.866142 -0.00787402 
vn -0.503937 0.866142 0.00787402 
vn 0.00787402 0 -1 
vn 0.00787402 0 -1 
vn -0.00787402 0 -1 
vn -0.00787402 0 -1 
vn 0.00787402 0 1 
vn 0.00787402 0 1 
vn -0.00787402 0 1 
vn -0.00787402 0 1 
vn -0.00787402 -0.818898 -0.566929 
vn 0.00787402 -0.818898 -0.566929 
vn 0.00787402 -0.826772 -0.566929 
vn -0.00787402 -0.826772 -0.566929 
vn 0.00787402 0.88189 -0.480315 
vn 0.00787402 0.874016 -0.480315 
vn -0.00787402 0.874016 -0.480315 
vn -0.00787402 0.88189 -0.480315 
vn 0.00787402 -0.818898 0.574803 
vn 0.00787402 -0.818898 0.574803 
vn -0.00787402 -0.818898 0.574803 
vn -0.00787402 -0.818898 0.574803 
vn -0.00787402 0.874016 0.488189 
vn -0.00787402 0.874016 0.488189 
vn 0.00787402 0.874016 0.488189 
vn 0.00787402 0.874016 0.488189 
vn 0.00787402 -1 -0.00787402 
vn 0 -1 0 
vn -0.00787402 -1 -0.00787402 
vn 0 -1 0 
vn 0.00787402 -1 -0.00787402 
vn 0.00787402 -1 0.00787402 
vn 0 -1 0 
vn -0.00787402 -1 0.00787402 
vn -0.00787402 -1 -0.00787402 
vn -0.00787402 -1 0.00787402 
vn 0 -1 0 
vn 0.00787402 -1 0.00787402 
vn 0 1 0 
vn 0.00787402 1 -0.00787402 
vn -0.00787402 1 -0.00787402 
vn 0.00787402 1 -0.00787402 
vn 0 1 0 
vn 0.00787402 1 0.00787402 
vn -0.00787402 1 0.00787402 
vn 0 1 0 
vn -0.00787402 1 -0.00787402 
vn 0 1 0 
vn -0.00787402 1 0.00787402 
vn 0.00787402 1 0.00787402 

vt 0.209193 0.692206 
vt 0.144732 0.692206 
vt 0.144732 0.652629 
vt 0.209195 0.652629 
vt 0.20915 0.652634 
vt 0.214967 0.652635 
vt 0.214967 0.692206 
vt 0.209177 0.692206 
vt 0.139123 0.652623 
vt 0.144732 0.652623 
vt 0.144732 0.692206 
vt 0.139123 0.692206 
vt 0.348655 0.652765 
vt 0.354965 0.652765 
vt 0.354965 0.692206 
vt 0.348655 0.692206 
vt 0.418209 0.652869 
vt 0.418209 0.692206 
vt 0.354965 0.692206 
vt 0.354965 0.652765 
vt 0.00245836 0.652637 
vt 0.00518602 0.652637 
vt 0.00518602 0.692206 
vt 0.00245836 0.692206 
vt 0.421225 0.692206 
vt 0.418209 0.692206 
vt 0.418209 0.652638 
vt 0.421225 0.652637 
vt 0.214967 0.652635 
vt 0.20915 0.652634 
vt 0.211749 0.644959 
vt 0.139123 0.652623 
vt 0.141985 0.644948 
vt 0.144732 0.652623 
vt 0.141985 0.644949 
vt 0.211749 0.644949 
vt 0.209195 0.652629 
vt 0.144732 0.652629 
vt 0.209177 0.692206 
vt 0.214967 0.692206 
vt 0.211898 0.700659 
vt 0.144732 0.692206 
vt 0.141985 0.700659 
vt 0.139123 0.692206 
vt 0.348655 0.652765 
vt 0.351497 0.645083 
vt 0.354965 0.652765 
vt 0.141985 0.700659 
vt 0.144732 0.692206 
vt 0.209193 0.692206 
vt 0.211898 0.700659 
vt 0.00245836 0.644962 
vt 0.00518602 0.652637 
vt 0.00245836 0.652637 
vt 0.421225 0.652637 
vt 0.418209 0.652638 
vt 0.421225 0.644962 
vt 0.354965 0.692206 
vt 0.351497 0.700659 
vt 0.348655 0.692206 
vt 0.00518602 0.692206 
vt 0.00245836 0.700659 
vt 0.00245836 0.692206 
vt 0.421225 0.700659 
vt 0.418209 0.692206 
vt 0.421225 0.692206 
vt 0.421225 0.645193 
vt 0.418209 0.652869 
vt 0.354965 0.652765 
vt 0.351497 0.645083 
vt 0.421225 0.700659 
vt 0.351497 0.700659 
vt 0.354965 0.692206 
vt 0.418209 0.692206 
vt 0.214967 0.692206 
vt 0.214967 0.652635 
vt 0.348655 0.652752 
vt 0.348655 0.692206 
vt 0.139123 0.652623 
vt 0.139123 0.692206 
vt 0.00518602 0.692206 
vt 0.00518602 0.652637 
vt 0.348655 0.652752 
vt 0.214967 0.652635 
vt 0.211749 0.644959 
vt 0.351497 0.645083 
vt 0.211898 0.700659 
vt 0.214967 0.692206 
vt 0.348655 0.692206 
vt 0.351497 0.700659 
vt 0.141985 0.644948 
vt 0.139123 0.652623 
vt 0.00518602 0.652637 
vt 0.00245836 0.644962 
vt 0.00245836 0.700659 
vt 0.00518602 0.692206 
vt 0.139123 0.692206 
vt 0.141985 0.700659 
vt 0.141723 0.532294 
vt 0.0700968 0.587686 
vt 0.0026137 0.532297 
vt 0.0700968 0.587686 
vt 0.141723 0.532294 
vt 0.141723 0.644519 
vt 0.0700968 0.587686 
vt 0.0026137 0.644519 
vt 0.0026137 0.532297 
vt 0.0026137 0.644519 
vt 0.0700968 0.587686 
vt 0.141723 0.644519 
vt 0.18122 0.609051 
vt 0.215667 0.637054 
vt 0.146413 0.637054 
vt 0.215667 0.637054 
vt 0.18122 0.609051 
vt 0.215667 0.581198 
vt 0.146413 0.581191 
vt 0.18122 0.609051 
vt 0.146413 0.637054 
vt 0.18122 0.609051 
vt 0.146413 0.581191 
vt 0.215667 0.581198 

usemtl 1Mtl

f 4748/4748/4748 4749/4749/4749 4750/4750/4750 
f 4748/4748/4748 4750/4750/4750 4751/4751/4751 
f 4752/4752/4752 4753/4753/4753 4754/4754/4754 
f 4752/4752/4752 4754/4754/4754 4755/4755/4755 
f 4756/4756/4756 4757/4757/4757 4758/4758/4758 
f 4756/4756/4756 4758/4758/4758 4759/4759/4759 
f 4760/4760/4760 4761/4761/4761 4762/4762/4762 
f 4760/4760/4760 4762/4762/4762 4763/4763/4763 
f 4764/4764/4764 4765/4765/4765 4766/4766/4766 
f 4764/4764/4764 4766/4766/4766 4767/4767/4767 
f 4768/4768/4768 4769/4769/4769 4770/4770/4770 
f 4768/4768/4768 4770/4770/4770 4771/4771/4771 
f 4772/4772/4772 4773/4773/4773 4774/4774/4774 
f 4772/4772/4772 4774/4774/4774 4775/4775/4775 
f 4776/4776/4776 4777/4777/4777 4778/4778/4778 
f 4779/4779/4779 4780/4780/4780 4781/4781/4781 
f 4782/4782/4782 4783/4783/4783 4784/4784/4784 
f 4782/4782/4782 4784/4784/4784 4785/4785/4785 
f 4786/4786/4786 4787/4787/4787 4788/4788/4788 
f 4789/4789/4789 4790/4790/4790 4791/4791/4791 
f 4792/4792/4792 4793/4793/4793 4794/4794/4794 
f 4795/4795/4795 4796/4796/4796 4797/4797/4797 
f 4795/4795/4795 4797/4797/4797 4798/4798/4798 
f 4799/4799/4799 4800/4800/4800 4801/4801/4801 
f 4802/4802/4802 4803/4803/4803 4804/4804/4804 
f 4805/4805/4805 4806/4806/4806 4807/4807/4807 
f 4808/4808/4808 4809/4809/4809 4810/4810/4810 
f 4811/4811/4811 4812/4812/4812 4813/4813/4813 
f 4814/4814/4814 4815/4815/4815 4816/4816/4816 
f 4814/4814/4814 4816/4816/4816 4817/4817/4817 
f 4818/4818/4818 4819/4819/4819 4820/4820/4820 
f 4818/4818/4818 4820/4820/4820 4821/4821/4821 
f 4822/4822/4822 4823/4823/4823 4824/4824/4824 
f 4822/4822/4822 4824/4824/4824 4825/4825/4825 
f 4826/4826/4826 4827/4827/4827 4828/4828/4828 
f 4826/4826/4826 4828/4828/4828 4829/4829/4829 
f 4830/4830/4830 4831/4831/4831 4832/4832/4832 
f 4830/4830/4830 4832/4832/4832 4833/4833/4833 
f 4834/4834/4834 4835/4835/4835 4836/4836/4836 
f 4834/4834/4834 4836/4836/4836 4837/4837/4837 
f 4838/4838/4838 4839/4839/4839 4840/4840/4840 
f 4838/4838/4838 4840/4840/4840 4841/4841/4841 
f 4842/4842/4842 4843/4843/4843 4844/4844/4844 
f 4842/4842/4842 4844/4844/4844 4845/4845/4845 
f 4846/4846/4846 4847/4847/4847 4848/4848/4848 
f 4849/4849/4849 4850/4850/4850 4851/4851/4851 
f 4852/4852/4852 4853/4853/4853 4854/4854/4854 
f 4855/4855/4855 4856/4856/4856 4857/4857/4857 
f 4858/4858/4858 4859/4859/4859 4860/4860/4860 
f 4861/4861/4861 4862/4862/4862 4863/4863/4863 
f 4864/4864/4864 4865/4865/4865 4866/4866/4866 
f 4867/4867/4867 4868/4868/4868 4869/4869/4869 

g 3

v 365.928 1.13363 200.044 
v 365.933 1.17921 200 
v 365.967 1.17921 200.033 
v 365.961 1.1433 200.074 
v 365.961 1.08069 200.149 
v 365.928 1.06508 200.124 
v 366 1.17921 200.067 
v 365.994 1.15088 200.105 
v 365.994 1.09407 200.175 
v 365.961 1.03254 200.245 
v 365.928 1.01182 200.226 
v 365.994 1.05059 200.263 
v 365.961 1.00636 200.364 
v 365.928 0.981988 200.355 
v 365.994 1.02808 200.374 
v 365.952 0.995985 200.502 
v 365.919 0.970933 200.502 
v 365.984 1.0184 200.502 
v 365.006 1.15088 200.105 
v 365 1.17921 200.067 
v 365.033 1.17921 200.033 
v 365.039 1.1433 200.074 
v 365.039 1.08069 200.149 
v 365.006 1.09407 200.175 
v 365.039 1.03254 200.245 
v 365.006 1.05059 200.263 
v 365.039 1.00636 200.364 
v 365.006 1.02808 200.374 
v 365.048 0.995985 200.502 
v 365.016 1.0184 200.502 
v 365 2.11948 200.364 
v 365 2.13389 200.503 
v 365.033 2.16076 200.503 
v 365.033 2.14557 200.353 
v 365.033 2.09693 200.224 
v 365 2.07466 200.243 
v 365.033 2.01552 200.121 
v 365 1.99945 200.148 
v 365.033 1.91004 200.055 
v 365 1.90146 200.087 
v 365.033 1.78081 200.033 
v 365 1.78081 200.067 
v 365 1.17921 200.067 
v 365.033 1.17921 200.033 
v 365.933 2.17156 200.343 
v 365.933 2.1875 200.503 
v 365.967 2.16076 200.503 
v 365.967 2.14557 200.353 
v 365.967 2.097 200.224 
v 365.933 2.1196 200.204 
v 366 2.13401 200.503 
v 366 2.11963 200.364 
v 366 2.07484 200.243 
v 365.967 2.01557 200.121 
v 365.933 2.03157 200.093 
v 366 1.99955 200.148 
v 365.967 1.91004 200.055 
v 365.933 1.91861 200.023 
v 366 1.90146 200.087 
v 365.967 1.78081 200.033 
v 365.933 1.78081 200 
v 366 1.78081 200.067 
v 365.967 1.17921 200.033 
v 365.933 1.17921 200 
v 366 1.17921 200.067 
v 365.984 1.0184 200.502 
v 365.984 1.02819 200.625 
v 365.952 1.00649 200.635 
v 365.952 0.995985 200.502 
v 365.994 1.05069 200.737 
v 365.961 1.03265 200.755 
v 365.919 0.982128 200.645 
v 365.919 0.970933 200.502 
v 365.961 1.08134 200.845 
v 365.928 1.01192 200.773 
v 365.994 1.09469 200.82 
v 365.961 1.12006 200.905 
v 365.928 1.06572 200.87 
v 365.994 1.12818 200.874 
v 365.967 1.17921 200.967 
v 365.928 1.10987 200.936 
v 366 1.17921 200.933 
v 365.967 1.78081 200.967 
v 365.933 1.17921 201 
v 366 1.78081 200.933 
v 365.933 1.91865 200.977 
v 365.933 1.78081 201 
v 365.967 1.91008 200.945 
v 366 1.9015 200.913 
v 365.967 2.01562 200.879 
v 365.933 2.03164 200.906 
v 366 1.99958 200.852 
v 365.967 2.09688 200.776 
v 365.933 2.1195 200.796 
v 366 2.07473 200.756 
v 365.967 2.1454 200.647 
v 365.933 2.17138 200.657 
v 366 2.11948 200.636 
v 365.967 2.16076 200.503 
v 365.933 2.1875 200.503 
v 366 2.13401 200.503 
v 365.081 0.970933 200.502 
v 365.081 0.982128 200.645 
v 365.048 1.00649 200.635 
v 365.048 0.995985 200.502 
v 365.072 1.01192 200.773 
v 365.039 1.03265 200.755 
v 365.016 1.02819 200.625 
v 365.016 1.0184 200.502 
v 365.039 1.08134 200.845 
v 365.006 1.05069 200.737 
v 365.072 1.06572 200.87 
v 365.039 1.12006 200.905 
v 365.006 1.09469 200.82 
v 365.072 1.10987 200.936 
v 365.033 1.17921 200.967 
v 365.006 1.12818 200.874 
v 365.067 1.17921 201 
v 365 1.78081 200.933 
v 365 1.17921 200.933 
v 365.033 1.78081 200.967 
v 365.067 1.78081 201 
v 365 1.9015 200.913 
v 365.033 1.91008 200.945 
v 365.067 1.91865 200.977 
v 365.033 2.01556 200.879 
v 365 1.99948 200.852 
v 365.067 2.03162 200.906 
v 365.033 2.09682 200.776 
v 365 2.07454 200.756 
v 365.067 2.1195 200.796 
v 365.033 2.1454 200.647 
v 365 2.11932 200.636 
v 365.067 2.17138 200.657 
v 365.033 2.16076 200.503 
v 365 2.13389 200.503 
v 365.067 2.1875 200.503 
v 365.067 2.17156 200.343 
v 365.067 2.1196 200.204 
v 365.033 2.09693 200.224 
v 365.033 2.14557 200.353 
v 365.033 2.16076 200.503 
v 365.067 2.1875 200.503 
v 365.067 2.03157 200.093 
v 365.033 2.01552 200.121 
v 365.067 1.91861 200.023 
v 365.033 1.91004 200.055 
v 365.067 1.78081 200 
v 365.033 1.78081 200.033 
v 365.067 1.17921 200 
v 365.033 1.17921 200.033 
v 365.067 1.17921 200 
v 365.072 1.13363 200.044 
v 365.039 1.1433 200.074 
v 365.072 1.06508 200.124 
v 365.039 1.08069 200.149 
v 365.072 1.01182 200.226 
v 365.039 1.03254 200.245 
v 365.072 0.981988 200.355 
v 365.039 1.00636 200.364 
v 365.081 0.970933 200.502 
v 365.048 0.995985 200.502 
v 365.072 1.13363 200.044 
v 365.928 1.13363 200.044 
v 365.928 1.06508 200.124 
v 365.072 1.06508 200.124 
v 365.067 1.17921 200 
v 365.933 1.17921 200 
v 365.928 1.01182 200.226 
v 365.072 1.01182 200.226 
v 365.928 0.981988 200.355 
v 365.072 0.981988 200.355 
v 365.919 0.970933 200.502 
v 365.081 0.970933 200.502 
v 365 1.17921 200.067 
v 365 1.17921 200.503 
v 365 1.78081 200.503 
v 365 1.78081 200.067 
v 365.006 1.15088 200.105 
v 365 1.90146 200.087 
v 365 1.99945 200.148 
v 365 2.07466 200.243 
v 365 2.11948 200.364 
v 365 2.13389 200.503 
v 365 2.11932 200.636 
v 365 2.07454 200.756 
v 365 1.99948 200.852 
v 365 1.9015 200.913 
v 365 1.78081 200.933 
v 365 1.17921 200.933 
v 365.006 1.12818 200.874 
v 365.006 1.09469 200.82 
v 365.006 1.05069 200.737 
v 365.006 1.09407 200.175 
v 365.006 1.05059 200.263 
v 365.006 1.02808 200.374 
v 365.016 1.0184 200.502 
v 365.016 1.02819 200.625 
v 366 1.78081 200.067 
v 366 1.78081 200.503 
v 366 1.17921 200.503 
v 366 1.17921 200.067 
v 366 1.90146 200.087 
v 366 1.99955 200.148 
v 366 2.07484 200.243 
v 366 2.11963 200.364 
v 366 2.13401 200.503 
v 366 2.11948 200.636 
v 366 2.07473 200.756 
v 366 1.99958 200.852 
v 366 1.9015 200.913 
v 366 1.78081 200.933 
v 366 1.17921 200.933 
v 365.994 1.12818 200.874 
v 365.994 1.09469 200.82 
v 365.994 1.05069 200.737 
v 365.984 1.02819 200.625 
v 365.984 1.0184 200.502 
v 366 1.17921 200.067 
v 365.994 1.15088 200.105 
v 365.994 1.09407 200.175 
v 365.994 1.05059 200.263 
v 365.994 1.02808 200.374 
v 365.067 2.17156 200.343 
v 365.933 2.17156 200.343 
v 365.933 2.1196 200.204 
v 365.067 2.1196 200.204 
v 365.067 2.1875 200.503 
v 365.933 2.1875 200.503 
v 365.933 2.03157 200.093 
v 365.067 2.03157 200.093 
v 365.933 1.91861 200.023 
v 365.067 1.91861 200.023 
v 365.933 1.78081 200 
v 365.067 1.78081 200 
v 365.933 1.17921 200 
v 365.067 1.17921 200 
v 365.081 0.970933 200.502 
v 365.919 0.970933 200.502 
v 365.919 0.982128 200.645 
v 365.081 0.982128 200.645 
v 365.928 1.01192 200.773 
v 365.072 1.01192 200.773 
v 365.928 1.06572 200.87 
v 365.072 1.06572 200.87 
v 365.928 1.10987 200.936 
v 365.072 1.10987 200.936 
v 365.933 1.17921 201 
v 365.067 1.17921 201 
v 365.933 1.78081 201 
v 365.067 1.78081 201 
v 365.933 1.91865 200.977 
v 365.067 1.91865 200.977 
v 365.933 2.03164 200.906 
v 365.067 2.03162 200.906 
v 365.933 2.1195 200.796 
v 365.067 2.1195 200.796 
v 365.933 2.17138 200.657 
v 365.067 2.17138 200.657 
v 365.933 2.1875 200.503 
v 365.067 2.1875 200.503 

vn 0.708661 -0.141732 -0.692913 
vn 0.708661 -0.141732 -0.692913 
vn 0.708661 -0.141732 -0.692913 
vn 0.708661 -0.141732 -0.692913 
vn 0.708661 -0.314961 -0.629921 
vn 0.708661 -0.314961 -0.629921 
vn 0.708661 0 -0.708661 
vn 0.708661 -0.314961 -0.629921 
vn 0.708661 -0.314961 -0.629921 
vn 0.708661 -0.503937 -0.488189 
vn 0.716535 -0.503937 -0.488189 
vn 0.708661 -0.503937 -0.488189 
vn 0.708661 -0.653543 -0.259843 
vn 0.708661 -0.653543 -0.259843 
vn 0.708661 -0.653543 -0.259843 
vn 0.708661 -0.700787 -0.0866142 
vn 0.708661 -0.700787 -0.0866142 
vn 0.708661 -0.700787 -0.0866142 
vn -0.708661 -0.149606 -0.685039 
vn -0.708661 -0.149606 -0.685039 
vn -0.708661 -0.149606 -0.685039 
vn -0.708661 -0.314961 -0.629921 
vn -0.708661 -0.314961 -0.629921 
vn -0.708661 -0.314961 -0.629921 
vn -0.716535 -0.503937 -0.488189 
vn -0.708661 -0.503937 -0.488189 
vn -0.708661 -0.653543 -0.259843 
vn -0.708661 -0.653543 -0.259843 
vn -0.708661 -0.700787 -0.0866142 
vn -0.708661 -0.700787 -0.0866142 
vn -0.700787 0.708661 -0.0866142 
vn -0.700787 0.708661 -0.0866142 
vn -0.700787 0.708661 -0.0866142 
vn -0.708661 0.637795 -0.299213 
vn -0.708661 0.637795 -0.299213 
vn -0.708661 0.645669 -0.299213 
vn -0.708661 0.503937 -0.496063 
vn -0.708661 0.503937 -0.496063 
vn -0.708661 0.322835 -0.629921 
vn -0.708661 0.322835 -0.629921 
vn -0.708661 0.11811 -0.700787 
vn -0.708661 0 -0.708661 
vn -0.708661 -0.149606 -0.685039 
vn -0.708661 -0.149606 -0.685039 
vn 0.700787 0.708661 -0.0866142 
vn 0.700787 0.708661 -0.0866142 
vn 0.700787 0.708661 -0.0866142 
vn 0.700787 0.708661 -0.0866142 
vn 0.708661 0.645669 -0.299213 
vn 0.708661 0.637795 -0.299213 
vn 0.700787 0.708661 0.0944882 
vn 0.708661 0.645669 -0.299213 
vn 0.708661 0.645669 -0.299213 
vn 0.708661 0.503937 -0.496063 
vn 0.708661 0.503937 -0.496063 
vn 0.708661 0.503937 -0.496063 
vn 0.708661 0.322835 -0.629921 
vn 0.708661 0.322835 -0.629921 
vn 0.708661 0.322835 -0.629921 
vn 0.708661 0.11811 -0.700787 
vn 0.708661 0.11811 -0.700787 
vn 0.708661 0.11811 -0.700787 
vn 0.708661 -0.141732 -0.692913 
vn 0.708661 -0.141732 -0.692913 
vn 0.708661 0 -0.708661 
vn 0.708661 -0.700787 -0.0866142 
vn 0.708661 -0.700787 0.0944882 
vn 0.708661 -0.700787 0.0944882 
vn 0.708661 -0.700787 -0.0866142 
vn 0.708661 -0.653543 0.259843 
vn 0.708661 -0.653543 0.259843 
vn 0.708661 -0.700787 0.0944882 
vn 0.708661 -0.700787 -0.0866142 
vn 0.708661 -0.503937 0.488189 
vn 0.708661 -0.653543 0.259843 
vn 0.708661 -0.503937 0.488189 
vn 0.708661 -0.314961 0.629921 
vn 0.716535 -0.503937 0.488189 
vn 0.708661 -0.314961 0.629921 
vn 0.708661 -0.149606 0.685039 
vn 0.708661 -0.314961 0.629921 
vn 0.708661 -0.149606 0.685039 
vn 0.708661 0.11811 0.700787 
vn 0.708661 -0.141732 0.692913 
vn 0.708661 0 0.708661 
vn 0.708661 0.11811 0.700787 
vn 0.708661 0.11811 0.700787 
vn 0.708661 0.11811 0.700787 
vn 0.708661 0.322835 0.629921 
vn 0.708661 0.322835 0.629921 
vn 0.708661 0.322835 0.629921 
vn 0.708661 0.322835 0.629921 
vn 0.708661 0.503937 0.496063 
vn 0.708661 0.503937 0.496063 
vn 0.708661 0.503937 0.496063 
vn 0.708661 0.645669 0.299213 
vn 0.708661 0.637795 0.299213 
vn 0.708661 0.645669 0.299213 
vn 0.700787 0.708661 -0.0866142 
vn 0.700787 0.708661 -0.0866142 
vn 0.700787 0.708661 0.0944882 
vn -0.708661 -0.700787 -0.0866142 
vn -0.708661 -0.700787 0.0944882 
vn -0.708661 -0.700787 0.0944882 
vn -0.708661 -0.700787 -0.0866142 
vn -0.708661 -0.653543 0.259843 
vn -0.708661 -0.653543 0.259843 
vn -0.708661 -0.700787 0.0944882 
vn -0.708661 -0.700787 -0.0866142 
vn -0.716535 -0.503937 0.488189 
vn -0.708661 -0.653543 0.259843 
vn -0.716535 -0.503937 0.488189 
vn -0.708661 -0.314961 0.629921 
vn -0.708661 -0.503937 0.488189 
vn -0.708661 -0.314961 0.629921 
vn -0.708661 -0.141732 0.692913 
vn -0.708661 -0.314961 0.629921 
vn -0.708661 -0.141732 0.692913 
vn -0.708661 0.11811 0.700787 
vn -0.708661 0 0.708661 
vn -0.708661 0.11811 0.700787 
vn -0.708661 0.11811 0.700787 
vn -0.708661 0.11811 0.700787 
vn -0.708661 0.322835 0.629921 
vn -0.708661 0.322835 0.629921 
vn -0.708661 0.322835 0.629921 
vn -0.708661 0.322835 0.629921 
vn -0.708661 0.322835 0.629921 
vn -0.708661 0.503937 0.496063 
vn -0.708661 0.503937 0.496063 
vn -0.708661 0.503937 0.496063 
vn -0.708661 0.637795 0.299213 
vn -0.708661 0.645669 0.299213 
vn -0.708661 0.637795 0.299213 
vn -0.700787 0.708661 -0.0866142 
vn -0.700787 0.708661 -0.0866142 
vn -0.700787 0.708661 0.0944882 
vn -0.708661 0.637795 -0.299213 
vn -0.708661 0.637795 -0.299213 
vn -0.708661 0.637795 -0.299213 
vn -0.708661 0.637795 -0.299213 
vn -0.700787 0.708661 -0.0866142 
vn -0.700787 0.708661 0.0944882 
vn -0.708661 0.503937 -0.496063 
vn -0.708661 0.503937 -0.496063 
vn -0.708661 0.322835 -0.629921 
vn -0.708661 0.322835 -0.629921 
vn -0.708661 0.11811 -0.700787 
vn -0.708661 0.11811 -0.700787 
vn -0.708661 -0.141732 -0.692913 
vn -0.708661 -0.149606 -0.685039 
vn -0.708661 -0.141732 -0.692913 
vn -0.708661 -0.314961 -0.629921 
vn -0.708661 -0.314961 -0.629921 
vn -0.708661 -0.314961 -0.629921 
vn -0.708661 -0.314961 -0.629921 
vn -0.716535 -0.503937 -0.488189 
vn -0.716535 -0.503937 -0.488189 
vn -0.708661 -0.653543 -0.259843 
vn -0.708661 -0.653543 -0.259843 
vn -0.708661 -0.700787 -0.0866142 
vn -0.708661 -0.700787 -0.0866142 
vn 0 -0.456693 -0.889764 
vn 0 -0.456693 -0.889764 
vn 0 -0.456693 -0.889764 
vn 0 -0.456693 -0.889764 
vn 0 0 -1 
vn 0 0 -1 
vn 0 -0.716535 -0.700787 
vn 0 -0.716535 -0.700787 
vn 0 -0.929134 -0.370079 
vn 0 -0.929134 -0.370079 
vn 0 -0.992126 -0.11811 
vn 0 -0.992126 -0.11811 
vn -1 0 0 
vn -1 0 0 
vn -1 0 0 
vn -1 0 0 
vn -1 -0.0551181 0 
vn -1 0 0 
vn -1 0 0 
vn -1 0 0 
vn -1 0 0 
vn -1 0 0 
vn -1 0 0 
vn -1 0 0 
vn -1 0 0 
vn -1 0 0 
vn -1 0 0 
vn -1 0 0 
vn -1 -0.00787402 0.015748 
vn -1 -0.00787402 0.00787402 
vn -1 -0.015748 0.00787402 
vn -1 -0.00787402 -0.015748 
vn -1 -0.00787402 -0.00787402 
vn -1 -0.015748 -0.00787402 
vn -1 -0.015748 0 
vn -1 -0.015748 0 
vn 1 0 0 
vn 1 0 0 
vn 1 0 0 
vn 1 0 0 
vn 1 0 0 
vn 1 0 0 
vn 1 0 0 
vn 1 0 0 
vn 1 0 0 
vn 1 0 0 
vn 1 0 0 
vn 1 0 0 
vn 1 0 0 
vn 1 0 0 
vn 1 0 0 
vn 1 -0.00787402 0.015748 
vn 1 -0.00787402 0.00787402 
vn 1 -0.015748 0.00787402 
vn 1 -0.015748 0 
vn 1 -0.015748 0 
vn 1 0 0 
vn 1 -0.0551181 0 
vn 1 -0.00787402 -0.00787402 
vn 1 -0.00787402 -0.00787402 
vn 1 -0.015748 -0.00787402 
vn 0 0.905512 -0.417323 
vn 0 0.905512 -0.417323 
vn 0 0.905512 -0.417323 
vn 0 0.905512 -0.417323 
vn 0 0.992126 0.125984 
vn 0 0.992126 0.125984 
vn 0 0.716535 -0.700787 
vn 0 0.716535 -0.700787 
vn 0 0.456693 -0.889764 
vn 0 0.456693 -0.889764 
vn 0 0 -1 
vn 0 0 -1 
vn 0 0 -1 
vn 0 0 -1 
vn 0 -0.992126 -0.11811 
vn 0 -0.992126 -0.11811 
vn 0 -0.992126 0.125984 
vn 0 -0.992126 0.125984 
vn 0 -0.929134 0.370079 
vn 0 -0.929134 0.370079 
vn 0 -0.716535 0.700787 
vn 0 -0.716535 0.700787 
vn 0 -0.456693 0.889764 
vn 0 -0.456693 0.889764 
vn 0 0 1 
vn 0 0 1 
vn 0 0 1 
vn 0 0 1 
vn 0 0.456693 0.889764 
vn 0 0.456693 0.889764 
vn 0 0.456693 0.889764 
vn 0 0.456693 0.889764 
vn 0 0.716535 0.700787 
vn 0 0.716535 0.700787 
vn 0 0.905512 0.417323 
vn 0 0.905512 0.417323 
vn 0 0.992126 0.125984 
vn 0 0.992126 0.125984 

vt 0.925927 0.288176 
vt 0.925927 0.271892 
vt 0.923807 0.271884 
vt 0.923807 0.288176 
vt 0.923807 0.302298 
vt 0.925927 0.302298 
vt 0.921686 0.271884 
vt 0.921686 0.288175 
vt 0.921686 0.302297 
vt 0.923807 0.319569 
vt 0.925927 0.319569 
vt 0.921686 0.319568 
vt 0.923807 0.338723 
vt 0.925927 0.338723 
vt 0.921686 0.338722 
vt 0.923807 0.356079 
vt 0.925927 0.356061 
vt 0.921686 0.356097 
vt 0.716618 0.287456 
vt 0.716618 0.271896 
vt 0.714647 0.271896 
vt 0.714647 0.287456 
vt 0.714647 0.301578 
vt 0.716618 0.301577 
vt 0.714647 0.318849 
vt 0.716618 0.318848 
vt 0.714647 0.338003 
vt 0.716618 0.338003 
vt 0.714647 0.35483 
vt 0.716618 0.35481 
vt 0.716631 0.37385 
vt 0.716631 0.376231 
vt 0.714648 0.380028 
vt 0.714648 0.377461 
vt 0.714648 0.370012 
vt 0.716631 0.366942 
vt 0.714648 0.35841 
vt 0.716631 0.356183 
vt 0.714648 0.343701 
vt 0.716631 0.342597 
vt 0.714648 0.332886 
vt 0.716631 0.332886 
vt 0.716631 0.271887 
vt 0.714648 0.271887 
vt 0.92593 0.38077 
vt 0.92593 0.383523 
vt 0.923807 0.379702 
vt 0.923807 0.377136 
vt 0.923807 0.369687 
vt 0.92593 0.37278 
vt 0.921683 0.375882 
vt 0.921683 0.373502 
vt 0.921683 0.366594 
vt 0.923807 0.358085 
vt 0.92593 0.360335 
vt 0.921683 0.355834 
vt 0.923807 0.343527 
vt 0.92593 0.344805 
vt 0.921683 0.342248 
vt 0.923807 0.332886 
vt 0.92593 0.332886 
vt 0.921683 0.332886 
vt 0.923807 0.271887 
vt 0.92593 0.271887 
vt 0.921683 0.271887 
vt 0.856132 0.293929 
vt 0.856132 0.290493 
vt 0.853866 0.290493 
vt 0.853866 0.293935 
vt 0.856132 0.286993 
vt 0.853866 0.286993 
vt 0.851533 0.290493 
vt 0.851533 0.293941 
vt 0.853866 0.282884 
vt 0.851533 0.286994 
vt 0.856132 0.282884 
vt 0.853885 0.278148 
vt 0.851533 0.282885 
vt 0.856136 0.278148 
vt 0.853884 0.271887 
vt 0.851632 0.278199 
vt 0.856136 0.271888 
vt 0.853884 0.332886 
vt 0.851631 0.271887 
vt 0.856136 0.332886 
vt 0.851631 0.345457 
vt 0.851631 0.332886 
vt 0.853884 0.344359 
vt 0.856136 0.343261 
vt 0.853884 0.359068 
vt 0.851631 0.361288 
vt 0.856136 0.356847 
vt 0.853884 0.37067 
vt 0.851631 0.373733 
vt 0.856136 0.367606 
vt 0.853884 0.378119 
vt 0.851631 0.381723 
vt 0.856136 0.374514 
vt 0.853884 0.380685 
vt 0.851631 0.384476 
vt 0.856136 0.376894 
vt 0.786712 0.294088 
vt 0.786712 0.290493 
vt 0.784613 0.290493 
vt 0.784603 0.294094 
vt 0.786712 0.286994 
vt 0.784608 0.286993 
vt 0.78259 0.290493 
vt 0.782514 0.294099 
vt 0.784609 0.282884 
vt 0.78259 0.286993 
vt 0.786712 0.282885 
vt 0.784609 0.278148 
vt 0.78259 0.282884 
vt 0.786712 0.278148 
vt 0.784609 0.271887 
vt 0.78259 0.278148 
vt 0.786704 0.271887 
vt 0.782514 0.332886 
vt 0.78259 0.271874 
vt 0.784609 0.332886 
vt 0.786704 0.332886 
vt 0.782514 0.342722 
vt 0.784609 0.344007 
vt 0.786704 0.345291 
vt 0.784609 0.358565 
vt 0.782514 0.356309 
vt 0.786704 0.360822 
vt 0.784609 0.370167 
vt 0.782514 0.367068 
vt 0.786704 0.373267 
vt 0.784609 0.377616 
vt 0.782514 0.373976 
vt 0.786704 0.381256 
vt 0.784609 0.380183 
vt 0.782514 0.376356 
vt 0.786704 0.38401 
vt 0.991265 0.381072 
vt 0.991265 0.373082 
vt 0.993341 0.370012 
vt 0.993341 0.377461 
vt 0.993341 0.380028 
vt 0.991265 0.383825 
vt 0.991265 0.360637 
vt 0.993341 0.35841 
vt 0.991265 0.344805 
vt 0.993341 0.343701 
vt 0.991265 0.332886 
vt 0.993341 0.332886 
vt 0.991265 0.271887 
vt 0.993341 0.271887 
vt 0.991261 0.271888 
vt 0.991261 0.288176 
vt 0.993343 0.288176 
vt 0.991261 0.302298 
vt 0.993343 0.302298 
vt 0.991261 0.319569 
vt 0.993343 0.319569 
vt 0.991261 0.338723 
vt 0.993343 0.338723 
vt 0.991261 0.355569 
vt 0.993343 0.355549 
vt 0.991261 0.288176 
vt 0.925927 0.288176 
vt 0.925927 0.302298 
vt 0.991261 0.302298 
vt 0.991261 0.271888 
vt 0.925927 0.271892 
vt 0.925927 0.319569 
vt 0.991261 0.319569 
vt 0.925927 0.338723 
vt 0.991261 0.338723 
vt 0.925927 0.356061 
vt 0.991261 0.355569 
vt 0.716575 0.271855 
vt 0.749396 0.271855 
vt 0.749396 0.332853 
vt 0.716575 0.332853 
vt 0.718463 0.28805 
vt 0.717763 0.344855 
vt 0.72243 0.359532 
vt 0.729686 0.371245 
vt 0.738829 0.378765 
vt 0.749399 0.381356 
vt 0.759533 0.378765 
vt 0.768675 0.371245 
vt 0.775931 0.359532 
vt 0.7806 0.344855 
vt 0.782511 0.332853 
vt 0.782511 0.271855 
vt 0.780895 0.2882 
vt 0.776183 0.293725 
vt 0.76886 0.294014 
vt 0.722914 0.293826 
vt 0.729834 0.294014 
vt 0.738554 0.294014 
vt 0.749403 0.294014 
vt 0.759633 0.294014 
vt 0.921656 0.332886 
vt 0.888433 0.332886 
vt 0.888433 0.271887 
vt 0.921656 0.271887 
vt 0.920347 0.344627 
vt 0.915638 0.359532 
vt 0.908319 0.371182 
vt 0.899096 0.378765 
vt 0.888433 0.381356 
vt 0.87821 0.378765 
vt 0.868988 0.371245 
vt 0.861669 0.359532 
vt 0.85777 0.344627 
vt 0.85618 0.332886 
vt 0.85618 0.271887 
vt 0.857415 0.288392 
vt 0.862055 0.292253 
vt 0.869266 0.294014 
vt 0.878352 0.294014 
vt 0.888424 0.294014 
vt 0.921683 0.271887 
vt 0.920062 0.287457 
vt 0.915518 0.292253 
vt 0.908456 0.294014 
vt 0.899557 0.294014 
vt 0.991265 0.381072 
vt 0.92593 0.38077 
vt 0.92593 0.37278 
vt 0.991265 0.373082 
vt 0.991265 0.383825 
vt 0.92593 0.383523 
vt 0.92593 0.360335 
vt 0.991265 0.360637 
vt 0.92593 0.344805 
vt 0.991265 0.344805 
vt 0.92593 0.332886 
vt 0.991265 0.332886 
vt 0.92593 0.271887 
vt 0.991265 0.271887 
vt 0.786712 0.294088 
vt 0.851533 0.293941 
vt 0.851533 0.290493 
vt 0.786712 0.290493 
vt 0.851533 0.286994 
vt 0.786712 0.286994 
vt 0.851533 0.282885 
vt 0.786712 0.282885 
vt 0.851632 0.278199 
vt 0.786712 0.278148 
vt 0.851631 0.271887 
vt 0.786704 0.271887 
vt 0.851631 0.332886 
vt 0.786704 0.332886 
vt 0.851631 0.345457 
vt 0.786704 0.345291 
vt 0.851631 0.361288 
vt 0.786704 0.360822 
vt 0.851631 0.373733 
vt 0.786704 0.373267 
vt 0.851631 0.381723 
vt 0.786704 0.381256 
vt 0.851631 0.384476 
vt 0.786704 0.38401 

usemtl 1Mtl

f 4870/4870/4870 4871/4871/4871 4872/4872/4872 
f 4870/4870/4870 4872/4872/4872 4873/4873/4873 
f 4874/4874/4874 4875/4875/4875 4870/4870/4870 
f 4874/4874/4874 4870/4870/4870 4873/4873/4873 
f 4872/4872/4872 4876/4876/4876 4877/4877/4877 
f 4872/4872/4872 4877/4877/4877 4873/4873/4873 
f 4877/4877/4877 4874/4874/4874 4873/4873/4873 
f 4877/4877/4877 4878/4878/4878 4874/4874/4874 
f 4878/4878/4878 4879/4879/4879 4874/4874/4874 
f 4879/4879/4879 4875/4875/4875 4874/4874/4874 
f 4879/4879/4879 4880/4880/4880 4875/4875/4875 
f 4878/4878/4878 4881/4881/4881 4879/4879/4879 
f 4881/4881/4881 4882/4882/4882 4879/4879/4879 
f 4882/4882/4882 4880/4880/4880 4879/4879/4879 
f 4882/4882/4882 4883/4883/4883 4880/4880/4880 
f 4881/4881/4881 4884/4884/4884 4882/4882/4882 
f 4884/4884/4884 4885/4885/4885 4882/4882/4882 
f 4885/4885/4885 4883/4883/4883 4882/4882/4882 
f 4885/4885/4885 4886/4886/4886 4883/4883/4883 
f 4884/4884/4884 4887/4887/4887 4885/4885/4885 
f 4888/4888/4888 4889/4889/4889 4890/4890/4890 
f 4888/4888/4888 4890/4890/4890 4891/4891/4891 
f 4892/4892/4892 4893/4893/4893 4888/4888/4888 
f 4892/4892/4892 4888/4888/4888 4891/4891/4891 
f 4894/4894/4894 4893/4893/4893 4892/4892/4892 
f 4894/4894/4894 4895/4895/4895 4893/4893/4893 
f 4896/4896/4896 4895/4895/4895 4894/4894/4894 
f 4896/4896/4896 4897/4897/4897 4895/4895/4895 
f 4898/4898/4898 4897/4897/4897 4896/4896/4896 
f 4898/4898/4898 4899/4899/4899 4897/4897/4897 
f 4900/4900/4900 4901/4901/4901 4902/4902/4902 
f 4900/4900/4900 4902/4902/4902 4903/4903/4903 
f 4904/4904/4904 4905/4905/4905 4900/4900/4900 
f 4904/4904/4904 4900/4900/4900 4903/4903/4903 
f 4906/4906/4906 4905/4905/4905 4904/4904/4904 
f 4906/4906/4906 4907/4907/4907 4905/4905/4905 
f 4908/4908/4908 4907/4907/4907 4906/4906/4906 
f 4908/4908/4908 4909/4909/4909 4907/4907/4907 
f 4910/4910/4910 4909/4909/4909 4908/4908/4908 
f 4910/4910/4910 4911/4911/4911 4909/4909/4909 
f 4912/4912/4912 4911/4911/4911 4910/4910/4910 
f 4912/4912/4912 4910/4910/4910 4913/4913/4913 
f 4914/4914/4914 4915/4915/4915 4916/4916/4916 
f 4914/4914/4914 4916/4916/4916 4917/4917/4917 
f 4918/4918/4918 4919/4919/4919 4914/4914/4914 
f 4918/4918/4918 4914/4914/4914 4917/4917/4917 
f 4916/4916/4916 4920/4920/4920 4921/4921/4921 
f 4916/4916/4916 4921/4921/4921 4917/4917/4917 
f 4921/4921/4921 4918/4918/4918 4917/4917/4917 
f 4921/4921/4921 4922/4922/4922 4918/4918/4918 
f 4922/4922/4922 4923/4923/4923 4918/4918/4918 
f 4923/4923/4923 4919/4919/4919 4918/4918/4918 
f 4923/4923/4923 4924/4924/4924 4919/4919/4919 
f 4922/4922/4922 4925/4925/4925 4923/4923/4923 
f 4925/4925/4925 4926/4926/4926 4923/4923/4923 
f 4926/4926/4926 4924/4924/4924 4923/4923/4923 
f 4926/4926/4926 4927/4927/4927 4924/4924/4924 
f 4925/4925/4925 4928/4928/4928 4926/4926/4926 
f 4928/4928/4928 4929/4929/4929 4926/4926/4926 
f 4929/4929/4929 4927/4927/4927 4926/4926/4926 
f 4929/4929/4929 4930/4930/4930 4927/4927/4927 
f 4928/4928/4928 4931/4931/4931 4929/4929/4929 
f 4931/4931/4931 4932/4932/4932 4929/4929/4929 
f 4932/4932/4932 4930/4930/4930 4929/4929/4929 
f 4932/4932/4932 4933/4933/4933 4930/4930/4930 
f 4931/4931/4931 4934/4934/4934 4932/4932/4932 
f 4935/4935/4935 4936/4936/4936 4937/4937/4937 
f 4935/4935/4935 4937/4937/4937 4938/4938/4938 
f 4936/4936/4936 4939/4939/4939 4940/4940/4940 
f 4936/4936/4936 4940/4940/4940 4937/4937/4937 
f 4937/4937/4937 4941/4941/4941 4942/4942/4942 
f 4937/4937/4937 4942/4942/4942 4938/4938/4938 
f 4940/4940/4940 4941/4941/4941 4937/4937/4937 
f 4939/4939/4939 4943/4943/4943 4940/4940/4940 
f 4940/4940/4940 4944/4944/4944 4941/4941/4941 
f 4943/4943/4943 4944/4944/4944 4940/4940/4940 
f 4939/4939/4939 4945/4945/4945 4943/4943/4943 
f 4945/4945/4945 4946/4946/4946 4943/4943/4943 
f 4943/4943/4943 4947/4947/4947 4944/4944/4944 
f 4946/4946/4946 4947/4947/4947 4943/4943/4943 
f 4945/4945/4945 4948/4948/4948 4946/4946/4946 
f 4948/4948/4948 4949/4949/4949 4946/4946/4946 
f 4946/4946/4946 4950/4950/4950 4947/4947/4947 
f 4949/4949/4949 4950/4950/4950 4946/4946/4946 
f 4948/4948/4948 4951/4951/4951 4949/4949/4949 
f 4951/4951/4951 4952/4952/4952 4949/4949/4949 
f 4949/4949/4949 4953/4953/4953 4950/4950/4950 
f 4952/4952/4952 4953/4953/4953 4949/4949/4949 
f 4951/4951/4951 4954/4954/4954 4952/4952/4952 
f 4955/4955/4955 4956/4956/4956 4952/4952/4952 
f 4955/4955/4955 4952/4952/4952 4957/4957/4957 
f 4952/4952/4952 4954/4954/4954 4958/4958/4958 
f 4952/4952/4952 4958/4958/4958 4957/4957/4957 
f 4952/4952/4952 4956/4956/4956 4953/4953/4953 
f 4959/4959/4959 4960/4960/4960 4955/4955/4955 
f 4959/4959/4959 4955/4955/4955 4957/4957/4957 
f 4958/4958/4958 4959/4959/4959 4957/4957/4957 
f 4958/4958/4958 4961/4961/4961 4959/4959/4959 
f 4961/4961/4961 4962/4962/4962 4959/4959/4959 
f 4962/4962/4962 4960/4960/4960 4959/4959/4959 
f 4962/4962/4962 4963/4963/4963 4960/4960/4960 
f 4961/4961/4961 4964/4964/4964 4962/4962/4962 
f 4964/4964/4964 4965/4965/4965 4962/4962/4962 
f 4965/4965/4965 4963/4963/4963 4962/4962/4962 
f 4965/4965/4965 4966/4966/4966 4963/4963/4963 
f 4964/4964/4964 4967/4967/4967 4965/4965/4965 
f 4967/4967/4967 4968/4968/4968 4965/4965/4965 
f 4968/4968/4968 4966/4966/4966 4965/4965/4965 
f 4968/4968/4968 4969/4969/4969 4966/4966/4966 
f 4967/4967/4967 4970/4970/4970 4968/4968/4968 
f 4971/4971/4971 4972/4972/4972 4973/4973/4973 
f 4971/4971/4971 4973/4973/4973 4974/4974/4974 
f 4972/4972/4972 4975/4975/4975 4976/4976/4976 
f 4972/4972/4972 4976/4976/4976 4973/4973/4973 
f 4973/4973/4973 4977/4977/4977 4978/4978/4978 
f 4973/4973/4973 4978/4978/4978 4974/4974/4974 
f 4976/4976/4976 4977/4977/4977 4973/4973/4973 
f 4975/4975/4975 4979/4979/4979 4976/4976/4976 
f 4976/4976/4976 4980/4980/4980 4977/4977/4977 
f 4979/4979/4979 4980/4980/4980 4976/4976/4976 
f 4975/4975/4975 4981/4981/4981 4979/4979/4979 
f 4981/4981/4981 4982/4982/4982 4979/4979/4979 
f 4979/4979/4979 4983/4983/4983 4980/4980/4980 
f 4982/4982/4982 4983/4983/4983 4979/4979/4979 
f 4981/4981/4981 4984/4984/4984 4982/4982/4982 
f 4984/4984/4984 4985/4985/4985 4982/4982/4982 
f 4982/4982/4982 4986/4986/4986 4983/4983/4983 
f 4985/4985/4985 4986/4986/4986 4982/4982/4982 
f 4984/4984/4984 4987/4987/4987 4985/4985/4985 
f 4988/4988/4988 4989/4989/4989 4985/4985/4985 
f 4988/4988/4988 4985/4985/4985 4990/4990/4990 
f 4985/4985/4985 4989/4989/4989 4986/4986/4986 
f 4985/4985/4985 4987/4987/4987 4991/4991/4991 
f 4985/4985/4985 4991/4991/4991 4990/4990/4990 
f 4992/4992/4992 4988/4988/4988 4990/4990/4990 
f 4992/4992/4992 4990/4990/4990 4993/4993/4993 
f 4990/4990/4990 4991/4991/4991 4994/4994/4994 
f 4990/4990/4990 4994/4994/4994 4993/4993/4993 
f 4995/4995/4995 4996/4996/4996 4992/4992/4992 
f 4995/4995/4995 4992/4992/4992 4993/4993/4993 
f 4994/4994/4994 4995/4995/4995 4993/4993/4993 
f 4994/4994/4994 4997/4997/4997 4995/4995/4995 
f 4997/4997/4997 4998/4998/4998 4995/4995/4995 
f 4998/4998/4998 4996/4996/4996 4995/4995/4995 
f 4998/4998/4998 4999/4999/4999 4996/4996/4996 
f 4997/4997/4997 5000/5000/5000 4998/4998/4998 
f 5000/5000/5000 5001/5001/5001 4998/4998/4998 
f 5001/5001/5001 4999/4999/4999 4998/4998/4998 
f 5001/5001/5001 5002/5002/5002 4999/4999/4999 
f 5000/5000/5000 5003/5003/5003 5001/5001/5001 
f 5003/5003/5003 5004/5004/5004 5001/5001/5001 
f 5004/5004/5004 5002/5002/5002 5001/5001/5001 
f 5004/5004/5004 5005/5005/5005 5002/5002/5002 
f 5003/5003/5003 5006/5006/5006 5004/5004/5004 
f 5007/5007/5007 5008/5008/5008 5009/5009/5009 
f 5007/5007/5007 5009/5009/5009 5010/5010/5010 
f 5011/5011/5011 5012/5012/5012 5007/5007/5007 
f 5011/5011/5011 5007/5007/5007 5010/5010/5010 
f 5008/5008/5008 5013/5013/5013 5014/5014/5014 
f 5008/5008/5008 5014/5014/5014 5009/5009/5009 
f 5013/5013/5013 5015/5015/5015 5016/5016/5016 
f 5013/5013/5013 5016/5016/5016 5014/5014/5014 
f 5015/5015/5015 5017/5017/5017 5018/5018/5018 
f 5015/5015/5015 5018/5018/5018 5016/5016/5016 
f 5018/5018/5018 5017/5017/5017 5019/5019/5019 
f 5018/5018/5018 5019/5019/5019 5020/5020/5020 
f 5020/5020/5020 5021/5021/5021 5022/5022/5022 
f 5020/5020/5020 5022/5022/5022 5023/5023/5023 
f 5022/5022/5022 5024/5024/5024 5025/5025/5025 
f 5022/5022/5022 5025/5025/5025 5023/5023/5023 
f 5024/5024/5024 5026/5026/5026 5027/5027/5027 
f 5024/5024/5024 5027/5027/5027 5025/5025/5025 
f 5026/5026/5026 5028/5028/5028 5029/5029/5029 
f 5026/5026/5026 5029/5029/5029 5027/5027/5027 
f 5028/5028/5028 5030/5030/5030 5031/5031/5031 
f 5028/5028/5028 5031/5031/5031 5029/5029/5029 
f 5032/5032/5032 5033/5033/5033 5034/5034/5034 
f 5032/5032/5032 5034/5034/5034 5035/5035/5035 
f 5036/5036/5036 5033/5033/5033 5032/5032/5032 
f 5036/5036/5036 5037/5037/5037 5033/5033/5033 
f 5035/5035/5035 5034/5034/5034 5038/5038/5038 
f 5035/5035/5035 5038/5038/5038 5039/5039/5039 
f 5039/5039/5039 5038/5038/5038 5040/5040/5040 
f 5039/5039/5039 5040/5040/5040 5041/5041/5041 
f 5041/5041/5041 5040/5040/5040 5042/5042/5042 
f 5041/5041/5041 5042/5042/5042 5043/5043/5043 
f 5044/5044/5044 5045/5045/5045 5046/5046/5046 
f 5044/5044/5044 5046/5046/5046 5047/5047/5047 
f 5048/5048/5048 5045/5045/5045 5044/5044/5044 
f 5047/5047/5047 5046/5046/5046 5049/5049/5049 
f 5049/5049/5049 5046/5046/5046 5050/5050/5050 
f 5050/5050/5050 5046/5046/5046 5051/5051/5051 
f 5051/5051/5051 5046/5046/5046 5052/5052/5052 
f 5052/5052/5052 5046/5046/5046 5053/5053/5053 
f 5053/5053/5053 5046/5046/5046 5054/5054/5054 
f 5054/5054/5054 5046/5046/5046 5055/5055/5055 
f 5055/5055/5055 5046/5046/5046 5056/5056/5056 
f 5056/5056/5056 5046/5046/5046 5057/5057/5057 
f 5058/5058/5058 5046/5046/5046 5045/5045/5045 
f 5057/5057/5057 5046/5046/5046 5058/5058/5058 
f 5058/5058/5058 5045/5045/5045 5059/5059/5059 
f 5059/5059/5059 5045/5045/5045 5060/5060/5060 
f 5060/5060/5060 5045/5045/5045 5061/5061/5061 
f 5061/5061/5061 5045/5045/5045 5062/5062/5062 
f 5063/5063/5063 5045/5045/5045 5048/5048/5048 
f 5064/5064/5064 5045/5045/5045 5063/5063/5063 
f 5065/5065/5065 5045/5045/5045 5064/5064/5064 
f 5066/5066/5066 5045/5045/5045 5065/5065/5065 
f 5067/5067/5067 5045/5045/5045 5066/5066/5066 
f 5062/5062/5062 5045/5045/5045 5067/5067/5067 
f 5068/5068/5068 5069/5069/5069 5070/5070/5070 
f 5068/5068/5068 5070/5070/5070 5071/5071/5071 
f 5072/5072/5072 5069/5069/5069 5068/5068/5068 
f 5073/5073/5073 5069/5069/5069 5072/5072/5072 
f 5074/5074/5074 5069/5069/5069 5073/5073/5073 
f 5075/5075/5075 5069/5069/5069 5074/5074/5074 
f 5076/5076/5076 5069/5069/5069 5075/5075/5075 
f 5077/5077/5077 5069/5069/5069 5076/5076/5076 
f 5078/5078/5078 5069/5069/5069 5077/5077/5077 
f 5079/5079/5079 5069/5069/5069 5078/5078/5078 
f 5080/5080/5080 5069/5069/5069 5079/5079/5079 
f 5081/5081/5081 5069/5069/5069 5080/5080/5080 
f 5082/5082/5082 5069/5069/5069 5081/5081/5081 
f 5082/5082/5082 5070/5070/5070 5069/5069/5069 
f 5083/5083/5083 5070/5070/5070 5082/5082/5082 
f 5084/5084/5084 5070/5070/5070 5083/5083/5083 
f 5085/5085/5085 5070/5070/5070 5084/5084/5084 
f 5086/5086/5086 5070/5070/5070 5085/5085/5085 
f 5087/5087/5087 5070/5070/5070 5086/5086/5086 
f 5088/5088/5088 5070/5070/5070 5089/5089/5089 
f 5090/5090/5090 5070/5070/5070 5091/5091/5091 
f 5091/5091/5091 5070/5070/5070 5092/5092/5092 
f 5092/5092/5092 5070/5070/5070 5087/5087/5087 
f 5070/5070/5070 5090/5090/5090 5089/5089/5089 
f 5093/5093/5093 5094/5094/5094 5095/5095/5095 
f 5093/5093/5093 5095/5095/5095 5096/5096/5096 
f 5097/5097/5097 5094/5094/5094 5093/5093/5093 
f 5097/5097/5097 5098/5098/5098 5094/5094/5094 
f 5096/5096/5096 5095/5095/5095 5099/5099/5099 
f 5096/5096/5096 5099/5099/5099 5100/5100/5100 
f 5100/5100/5100 5099/5099/5099 5101/5101/5101 
f 5100/5100/5100 5101/5101/5101 5102/5102/5102 
f 5102/5102/5102 5101/5101/5101 5103/5103/5103 
f 5102/5102/5102 5103/5103/5103 5104/5104/5104 
f 5104/5104/5104 5103/5103/5103 5105/5105/5105 
f 5104/5104/5104 5105/5105/5105 5106/5106/5106 
f 5107/5107/5107 5108/5108/5108 5109/5109/5109 
f 5107/5107/5107 5109/5109/5109 5110/5110/5110 
f 5110/5110/5110 5109/5109/5109 5111/5111/5111 
f 5110/5110/5110 5111/5111/5111 5112/5112/5112 
f 5112/5112/5112 5111/5111/5111 5113/5113/5113 
f 5112/5112/5112 5113/5113/5113 5114/5114/5114 
f 5114/5114/5114 5113/5113/5113 5115/5115/5115 
f 5114/5114/5114 5115/5115/5115 5116/5116/5116 
f 5116/5116/5116 5115/5115/5115 5117/5117/5117 
f 5116/5116/5116 5117/5117/5117 5118/5118/5118 
f 5118/5118/5118 5117/5117/5117 5119/5119/5119 
f 5118/5118/5118 5119/5119/5119 5120/5120/5120 
f 5120/5120/5120 5119/5119/5119 5121/5121/5121 
f 5120/5120/5120 5121/5121/5121 5122/5122/5122 
f 5122/5122/5122 5121/5121/5121 5123/5123/5123 
f 5122/5122/5122 5123/5123/5123 5124/5124/5124 
f 5124/5124/5124 5123/5123/5123 5125/5125/5125 
f 5124/5124/5124 5125/5125/5125 5126/5126/5126 
f 5126/5126/5126 5125/5125/5125 5127/5127/5127 
f 5126/5126/5126 5127/5127/5127 5128/5128/5128 
f 5128/5128/5128 5127/5127/5127 5129/5129/5129 
f 5128/5128/5128 5129/5129/5129 5130/5130/5130 

g 4

v 365 0.2754 200.933 
v 365.046 0.202551 200.894 
v 365.076 0.202551 200.924 
v 365.033 0.2754 200.967 
v 365.106 0.202551 200.954 
v 365.067 0.2754 201 
v 365.933 0.2754 201 
v 365.894 0.202551 200.954 
v 365.924 0.202551 200.924 
v 365.967 0.2754 200.967 
v 365.954 0.202551 200.894 
v 366 0.2754 200.933 
v 365.076 0.202551 200.076 
v 365.046 0.202551 200.106 
v 365 0.2754 200.067 
v 365.033 0.2754 200.033 
v 365.067 0.2754 200 
v 365.106 0.20255 200.046 
v 365.076 0.202551 200.076 
v 365.033 0.2754 200.033 
v 366 0.2754 200.067 
v 365.954 0.202551 200.106 
v 365.924 0.202551 200.076 
v 365.967 0.2754 200.033 
v 365.894 0.20255 200.046 
v 365.933 0.2754 200 
v 365 0.2754 200.067 
v 365.046 0.202551 200.106 
v 365.046 0.202551 200.503 
v 365 0.2754 200.503 
v 365 0.2754 200.503 
v 365.046 0.202551 200.503 
v 365.046 0.202551 200.894 
v 365 0.2754 200.933 
v 366 0.2754 200.933 
v 365.954 0.202551 200.894 
v 365.954 0.202551 200.503 
v 366 0.2754 200.503 
v 366 0.2754 200.503 
v 365.954 0.202551 200.503 
v 365.954 0.202551 200.106 
v 366 0.2754 200.067 
v 365.067 0.2754 201 
v 365.106 0.202551 200.954 
v 365.894 0.202551 200.954 
v 365.933 0.2754 201 
v 365.933 0.2754 200 
v 365.894 0.20255 200.046 
v 365.106 0.20255 200.046 
v 365.067 0.2754 200 
v 365.954 0.202551 200.894 
v 365.894 0.202551 200.895 
v 365.954 0.202551 200.503 
v 365.894 0.202551 200.895 
v 365.954 0.202551 200.894 
v 365.924 0.202551 200.924 
v 365.894 0.202551 200.954 
v 365.106 0.202551 200.954 
v 365.107 0.202551 200.895 
v 365.894 0.202551 200.895 
v 365.894 0.202551 200.954 
v 365.954 0.202551 200.503 
v 365.894 0.202551 200.104 
v 365.954 0.202551 200.106 
v 365.046 0.202551 200.503 
v 365.107 0.202551 200.895 
v 365.046 0.202551 200.894 
v 365.894 0.202551 200.104 
v 365.107 0.202551 200.895 
v 365.108 0.202551 200.106 
v 365.046 0.202551 200.106 
v 365.076 0.202551 200.076 
v 365.108 0.202551 200.106 
v 365.106 0.20255 200.046 
v 365.954 0.202551 200.503 
v 365.894 0.202551 200.895 
v 365.894 0.202551 200.104 
v 365.894 0.202551 200.104 
v 365.894 0.20255 200.046 
v 365.924 0.202551 200.076 
v 365.954 0.202551 200.106 
v 365.046 0.202551 200.106 
v 365.108 0.202551 200.106 
v 365.046 0.202551 200.503 
v 365.046 0.202551 200.503 
v 365.108 0.202551 200.106 
v 365.107 0.202551 200.895 
v 365.894 0.202551 200.895 
v 365.107 0.202551 200.895 
v 365.894 0.202551 200.104 
v 365.107 0.202551 200.895 
v 365.106 0.202551 200.954 
v 365.076 0.202551 200.924 
v 365.046 0.202551 200.894 
v 365.108 0.202551 200.106 
v 365.106 0.20255 200.046 
v 365.894 0.20255 200.046 
v 365.894 0.202551 200.104 
v 365 0.2754 200.067 
v 365 1.17921 200.067 
v 365.033 1.17921 200.033 
v 365.033 0.2754 200.033 
v 366 1.17921 200.067 
v 366 0.2754 200.067 
v 365.967 0.2754 200.033 
v 365.967 1.17921 200.033 
v 365.933 0.2754 200 
v 365.933 1.17921 200 
v 365.967 1.17921 200.033 
v 365.933 1.17921 200 
v 365.923 1.22857 200.044 
v 365.956 1.21959 200.074 
v 365.989 1.21124 200.105 
v 366 1.17921 200.067 
v 365.967 1.17921 200.033 
v 365.956 1.21959 200.074 
v 365.989 1.34069 200.374 
v 365.989 1.31073 200.263 
v 365.956 1.32887 200.245 
v 365.956 1.36181 200.365 
v 365.956 1.37364 200.502 
v 365.989 1.35136 200.502 
v 365.989 1.26598 200.175 
v 365.956 1.27978 200.15 
v 365.989 1.21124 200.105 
v 365.956 1.21959 200.074 
v 365.011 1.34069 200.374 
v 365.011 1.35136 200.502 
v 365.044 1.37364 200.502 
v 365.044 1.36181 200.365 
v 365.044 1.32887 200.245 
v 365.011 1.31073 200.263 
v 365.044 1.27978 200.15 
v 365.011 1.26598 200.175 
v 365.044 1.21959 200.074 
v 365.011 1.21124 200.105 
v 365.033 1.17921 200.033 
v 365 1.17921 200.067 
v 365.923 1.3827 200.355 
v 365.923 1.39564 200.502 
v 365.956 1.37364 200.502 
v 365.956 1.36181 200.365 
v 365.956 1.32887 200.245 
v 365.923 1.3469 200.226 
v 365.956 1.27978 200.15 
v 365.923 1.29388 200.124 
v 365.956 1.21959 200.074 
v 365.923 1.22857 200.044 
v 365.077 1.23622 200.943 
v 365.077 1.29386 200.875 
v 365.044 1.27977 200.85 
v 365.044 1.22714 200.913 
v 365.033 1.17921 200.967 
v 365.067 1.17921 201 
v 365.077 1.34439 200.767 
v 365.044 1.3264 200.748 
v 365.011 1.26599 200.825 
v 365.011 1.21863 200.882 
v 365 1.17921 200.933 
v 365.033 0.2754 200.967 
v 365.067 0.2754 201 
v 365 0.2754 200.933 
v 365.011 1.30832 200.73 
v 365.044 1.35866 200.637 
v 365.077 1.37951 200.647 
v 365.044 1.37364 200.502 
v 365.011 1.33762 200.628 
v 365.077 1.39564 200.502 
v 365.011 1.35136 200.502 
v 365.923 1.23622 200.943 
v 365.933 1.17921 201 
v 365.967 1.17921 200.967 
v 365.956 1.22714 200.913 
v 365.956 1.27977 200.85 
v 365.923 1.29386 200.875 
v 365.933 0.2754 201 
v 366 0.2754 200.933 
v 366 1.17921 200.933 
v 365.967 0.2754 200.967 
v 365.989 1.21863 200.882 
v 365.989 1.26599 200.825 
v 365.956 1.3264 200.748 
v 365.923 1.34439 200.767 
v 365.989 1.30832 200.73 
v 365.956 1.35866 200.637 
v 365.923 1.37951 200.647 
v 365.989 1.33762 200.628 
v 365.956 1.37364 200.502 
v 365.923 1.39564 200.502 
v 365.989 1.35136 200.502 
v 365.077 1.3827 200.355 
v 365.077 1.3469 200.226 
v 365.044 1.32887 200.245 
v 365.044 1.36181 200.365 
v 365.044 1.37364 200.502 
v 365.077 1.39564 200.502 
v 365.077 1.29388 200.124 
v 365.044 1.27978 200.15 
v 365.077 1.22857 200.044 
v 365.044 1.21959 200.074 
v 365.067 1.17921 200 
v 365.033 1.17921 200.033 
v 365.033 1.17921 200.033 
v 365.067 0.2754 200 
v 365.033 0.2754 200.033 
v 365.011 1.35136 200.502 
v 365 1.17921 200.503 
v 365.011 1.33762 200.628 
v 365.989 1.33762 200.628 
v 366 1.17921 200.503 
v 365.989 1.35136 200.502 
v 365.011 1.34069 200.374 
v 365 1.17921 200.503 
v 365.011 1.35136 200.502 
v 365.989 1.35136 200.502 
v 366 1.17921 200.503 
v 365.989 1.34069 200.374 
v 365.011 1.33762 200.628 
v 365 1.17921 200.503 
v 365.011 1.30832 200.73 
v 365.989 1.30832 200.73 
v 366 1.17921 200.503 
v 365.989 1.33762 200.628 
v 365.011 1.31073 200.263 
v 365 1.17921 200.503 
v 365.011 1.34069 200.374 
v 365.989 1.34069 200.374 
v 366 1.17921 200.503 
v 365.989 1.31073 200.263 
v 365 0.2754 200.067 
v 365 0.2754 200.503 
v 365 1.17921 200.503 
v 365 1.17921 200.067 
v 365 1.17921 200.933 
v 365 0.2754 200.933 
v 365.011 1.26598 200.175 
v 365.011 1.31073 200.263 
v 365.011 1.21124 200.105 
v 365.011 1.21863 200.882 
v 365.011 1.26599 200.825 
v 365.011 1.30832 200.73 
v 366 1.17921 200.067 
v 366 1.17921 200.503 
v 366 0.2754 200.503 
v 366 0.2754 200.067 
v 365.989 1.21124 200.105 
v 366 1.17921 200.503 
v 366 0.2754 200.933 
v 366 1.17921 200.933 
v 366 1.17921 200.933 
v 365.989 1.21863 200.882 
v 365.989 1.26599 200.825 
v 365.989 1.30832 200.73 
v 365.989 1.31073 200.263 
v 365.989 1.26598 200.175 
v 365.077 1.23622 200.943 
v 365.923 1.23622 200.943 
v 365.923 1.29386 200.875 
v 365.077 1.29386 200.875 
v 365.067 1.17921 201 
v 365.933 1.17921 201 
v 365.067 0.2754 201 
v 365.933 0.2754 201 
v 365.923 1.34439 200.767 
v 365.077 1.34439 200.767 
v 365.923 1.37951 200.647 
v 365.077 1.37951 200.647 
v 365.923 1.39564 200.502 
v 365.077 1.39564 200.502 
v 365.077 1.3827 200.355 
v 365.923 1.3827 200.355 
v 365.923 1.3469 200.226 
v 365.077 1.3469 200.226 
v 365.077 1.39564 200.502 
v 365.923 1.39564 200.502 
v 365.923 1.29388 200.124 
v 365.077 1.29388 200.124 
v 365.923 1.22857 200.044 
v 365.077 1.22857 200.044 
v 365.933 1.17921 200 
v 365.067 1.17921 200 
v 365.933 1.17921 200 
v 365.933 0.2754 200 
v 365.067 0.2754 200 

vn -0.574803 -0.629921 0.527559 
vn -0.574803 -0.637795 0.519685 
vn -0.574803 -0.629921 0.527559 
vn -0.574803 -0.637795 0.519685 
vn -0.574803 -0.629921 0.527559 
vn -0.574803 -0.629921 0.527559 
vn 0.574803 -0.629921 0.527559 
vn 0.574803 -0.629921 0.527559 
vn 0.574803 -0.629921 0.527559 
vn 0.574803 -0.637795 0.519685 
vn 0.574803 -0.637795 0.519685 
vn 0.574803 -0.629921 0.527559 
vn -0.574803 -0.629921 -0.527559 
vn -0.574803 -0.637795 -0.519685 
vn -0.574803 -0.629921 -0.527559 
vn -0.574803 -0.637795 -0.519685 
vn -0.574803 -0.629921 -0.527559 
vn -0.574803 -0.629921 -0.527559 
vn -0.574803 -0.629921 -0.527559 
vn -0.574803 -0.637795 -0.519685 
vn 0.574803 -0.629921 -0.527559 
vn 0.574803 -0.637795 -0.519685 
vn 0.574803 -0.629921 -0.527559 
vn 0.574803 -0.637795 -0.519685 
vn 0.574803 -0.629921 -0.527559 
vn 0.574803 -0.629921 -0.527559 
vn -0.850394 -0.527559 -0.023622 
vn -0.84252 -0.535433 -0.00787402 
vn -0.850394 -0.527559 -0.00787402 
vn -0.850394 -0.527559 -0.00787402 
vn -0.850394 -0.527559 0.00787402 
vn -0.850394 -0.527559 0.00787402 
vn -0.84252 -0.535433 0.00787402 
vn -0.850394 -0.527559 0.023622 
vn 0.850394 -0.527559 0.023622 
vn 0.84252 -0.535433 0.00787402 
vn 0.850394 -0.527559 0.00787402 
vn 0.850394 -0.527559 0.00787402 
vn 0.850394 -0.527559 -0.00787402 
vn 0.850394 -0.527559 -0.00787402 
vn 0.84252 -0.535433 -0.00787402 
vn 0.850394 -0.527559 -0.023622 
vn -0.015748 -0.527559 0.850394 
vn -0.00787402 -0.527559 0.850394 
vn 0.00787402 -0.527559 0.850394 
vn 0.015748 -0.527559 0.850394 
vn 0.015748 -0.527559 -0.850394 
vn 0.00787402 -0.527559 -0.850394 
vn -0.00787402 -0.527559 -0.850394 
vn -0.015748 -0.527559 -0.850394 
vn 0.0944882 -0.992126 0.023622 
vn 0.0944882 -0.992126 0.023622 
vn 0.0944882 -0.992126 0.015748 
vn 0.0944882 -0.992126 0.015748 
vn 0.0944882 -0.992126 0.015748 
vn 0.0944882 -0.992126 0.015748 
vn 0.0944882 -0.992126 0.015748 
vn -0.00787402 -1 0.015748 
vn -0.00787402 -1 0.00787402 
vn 0.00787402 -1 0.00787402 
vn 0.00787402 -1 0.015748 
vn 0.0944882 -0.992126 -0.015748 
vn 0.0944882 -0.992126 -0.023622 
vn 0.0944882 -0.992126 -0.023622 
vn -0.0866142 -0.992126 0.015748 
vn -0.0866142 -0.992126 0.023622 
vn -0.0866142 -0.992126 0.023622 
vn 0.00787402 -1 -0.015748 
vn -0.015748 -1 0.00787402 
vn -0.015748 -1 -0.015748 
vn -0.015748 -1 0.0629921 
vn -0.015748 -1 0.0629921 
vn -0.015748 -1 0.0629921 
vn -0.015748 -1 0.0629921 
vn 0.015748 -1 0 
vn 0.00787402 -1 0.015748 
vn 0.00787402 -1 -0.015748 
vn 0.0944882 -0.992126 -0.015748 
vn 0.0944882 -0.992126 -0.015748 
vn 0.0944882 -0.992126 -0.015748 
vn 0.0944882 -0.992126 -0.015748 
vn -0.015748 -1 -0.023622 
vn -0.015748 -1 -0.023622 
vn -0.015748 -1 -0.015748 
vn 0.0314961 -1 -0.00787402 
vn 0.0314961 -1 -0.015748 
vn 0.0314961 -1 0.00787402 
vn 0.00787402 -1 0.015748 
vn -0.00787402 -1 0.015748 
vn 0.00787402 -1 -0.015748 
vn -0.0866142 -1 0.00787402 
vn -0.0866142 -1 0.00787402 
vn -0.0866142 -0.992126 0.00787402 
vn -0.0866142 -0.992126 0.00787402 
vn -0.015748 -1 0.023622 
vn -0.015748 -1 0.023622 
vn 0.00787402 -1 0.023622 
vn 0.00787402 -1 0.023622 
vn -0.708661 0 -0.708661 
vn -0.708661 0 -0.708661 
vn -0.708661 0.173228 -0.685039 
vn -0.708661 0 -0.708661 
vn 0.708661 0 -0.708661 
vn 0.708661 0 -0.708661 
vn 0.708661 0 -0.708661 
vn 0.708661 0 -0.708661 
vn 0.708661 0 -0.708661 
vn 0.708661 0 -0.708661 
vn 0.708661 0.181102 -0.677165 
vn 0.708661 0.165354 -0.685039 
vn 0.708661 0.173228 -0.685039 
vn 0.708661 0.181102 -0.677165 
vn 0.708661 0.173228 -0.677165 
vn 0.708661 0.173228 -0.685039 
vn 0.708661 0.181102 -0.677165 
vn 0.708661 0.181102 -0.677165 
vn 0.708661 0.614173 -0.338583 
vn 0.708661 0.614173 -0.338583 
vn 0.708661 0.614173 -0.338583 
vn 0.716535 0.692913 -0.11811 
vn 0.716535 0.692913 -0.11811 
vn 0.716535 0.692913 0.11811 
vn 0.716535 0.488189 -0.503937 
vn 0.716535 0.488189 -0.503937 
vn 0.716535 0.314961 -0.622047 
vn 0.716535 0.314961 -0.622047 
vn -0.716535 0.692913 -0.11811 
vn -0.716535 0.692913 -0.11811 
vn -0.716535 0.692913 -0.11811 
vn -0.708661 0.614173 -0.338583 
vn -0.708661 0.614173 -0.338583 
vn -0.708661 0.614173 -0.338583 
vn -0.708661 0.488189 -0.503937 
vn -0.716535 0.488189 -0.503937 
vn -0.716535 0.314961 -0.622047 
vn -0.716535 0.314961 -0.622047 
vn -0.708661 0.173228 -0.685039 
vn -0.708661 0 -0.708661 
vn 0.716535 0.692913 -0.11811 
vn 0.716535 0.685039 -0.11811 
vn 0.716535 0.692913 -0.11811 
vn 0.716535 0.692913 -0.11811 
vn 0.708661 0.614173 -0.338583 
vn 0.708661 0.614173 -0.338583 
vn 0.716535 0.488189 -0.503937 
vn 0.708661 0.488189 -0.503937 
vn 0.716535 0.314961 -0.622047 
vn 0.716535 0.314961 -0.622047 
vn -0.716535 0.314961 0.622047 
vn -0.716535 0.314961 0.622047 
vn -0.716535 0.314961 0.622047 
vn -0.716535 0.314961 0.622047 
vn -0.708661 0.173228 0.677165 
vn -0.708661 0.165354 0.685039 
vn -0.708661 0.488189 0.503937 
vn -0.708661 0.488189 0.503937 
vn -0.716535 0.314961 0.622047 
vn -0.708661 0.173228 0.677165 
vn -0.708661 0.173228 0.685039 
vn -0.708661 0 0.708661 
vn -0.700787 0 0.708661 
vn -0.708661 0 0.708661 
vn -0.708661 0.488189 0.503937 
vn -0.708661 0.614173 0.338583 
vn -0.708661 0.614173 0.338583 
vn -0.716535 0.692913 -0.11811 
vn -0.708661 0.614173 0.338583 
vn -0.716535 0.685039 0.11811 
vn -0.716535 0.692913 -0.11811 
vn 0.708661 0.173228 0.685039 
vn 0.708661 0.165354 0.685039 
vn 0.708661 0.173228 0.685039 
vn 0.708661 0.173228 0.685039 
vn 0.716535 0.314961 0.622047 
vn 0.716535 0.314961 0.622047 
vn 0.700787 0 0.708661 
vn 0.708661 0 0.708661 
vn 0.708661 0 0.708661 
vn 0.708661 0 0.708661 
vn 0.716535 0.314961 0.622047 
vn 0.716535 0.314961 0.622047 
vn 0.708661 0.488189 0.503937 
vn 0.708661 0.488189 0.503937 
vn 0.708661 0.488189 0.503937 
vn 0.708661 0.614173 0.338583 
vn 0.708661 0.614173 0.338583 
vn 0.708661 0.614173 0.338583 
vn 0.716535 0.692913 -0.11811 
vn 0.716535 0.685039 -0.11811 
vn 0.716535 0.692913 0.11811 
vn -0.708661 0.614173 -0.338583 
vn -0.708661 0.614173 -0.338583 
vn -0.708661 0.614173 -0.338583 
vn -0.708661 0.614173 -0.338583 
vn -0.716535 0.692913 -0.11811 
vn -0.716535 0.685039 0.11811 
vn -0.708661 0.488189 -0.503937 
vn -0.708661 0.488189 -0.503937 
vn -0.716535 0.314961 -0.622047 
vn -0.716535 0.314961 -0.622047 
vn -0.708661 0.165354 -0.685039 
vn -0.708661 0.173228 -0.685039 
vn -0.708661 0.173228 -0.685039 
vn -0.708661 0 -0.708661 
vn -0.708661 0 -0.708661 
vn -1 0.023622 0.00787402 
vn -1 0.023622 0.00787402 
vn -1 0.023622 0.00787402 
vn 1 0.023622 0.00787402 
vn 1 0.023622 0.00787402 
vn 1 0.023622 0.00787402 
vn -1 0.023622 -0.00787402 
vn -1 0.023622 -0.00787402 
vn -1 0.023622 -0.00787402 
vn 1 0.023622 -0.00787402 
vn 1 0.023622 -0.00787402 
vn 1 0.023622 -0.00787402 
vn -1 0.023622 0.015748 
vn -1 0.023622 0.015748 
vn -1 0.023622 0.015748 
vn 1 0.023622 0.015748 
vn 1 0.023622 0.015748 
vn 1 0.023622 0.015748 
vn -1 0.023622 -0.015748 
vn -1 0.023622 -0.015748 
vn -1 0.023622 -0.015748 
vn 1 0.023622 -0.015748 
vn 1 0.023622 -0.015748 
vn 1 0.023622 -0.015748 
vn -1 0 -0.015748 
vn -1 0 0 
vn -1 0 0 
vn -1 0 -0.015748 
vn -1 0 0.015748 
vn -1 0 0.015748 
vn -1 0.015748 -0.015748 
vn -1 0.015748 -0.015748 
vn -1 0.015748 -0.023622 
vn -0.992126 0.0944882 0 
vn -1 0.015748 0.023622 
vn -1 0.015748 0.023622 
vn 1 0 -0.015748 
vn 1 0 0 
vn 1 0 0 
vn 1 0 -0.015748 
vn 1 0.015748 -0.023622 
vn 1 0 0 
vn 1 0 0.015748 
vn 1 0 0.015748 
vn 1 0 0.015748 
vn 0.992126 0.0944882 0 
vn 1 0.015748 0.023622 
vn 1 0.015748 0.023622 
vn 1 0.015748 -0.015748 
vn 1 0.015748 -0.015748 
vn 0 0.456693 0.889764 
vn 0 0.456693 0.889764 
vn 0 0.456693 0.889764 
vn 0 0.456693 0.889764 
vn -0.015748 0 1 
vn 0.015748 0 1 
vn -0.015748 0 1 
vn 0.015748 0 1 
vn 0 0.700787 0.716535 
vn 0 0.700787 0.716535 
vn 0 0.874016 0.480315 
vn 0 0.874016 0.480315 
vn 0.00787402 0.984252 0.173228 
vn -0.00787402 0.984252 0.173228 
vn 0 0.874016 -0.480315 
vn 0 0.874016 -0.480315 
vn 0 0.874016 -0.480315 
vn 0 0.874016 -0.480315 
vn -0.00787402 0.984252 0.173228 
vn 0.00787402 0.984252 0.173228 
vn 0 0.700787 -0.716535 
vn 0 0.700787 -0.716535 
vn 0 0.456693 -0.889764 
vn 0 0.456693 -0.889764 
vn 0.015748 0 -1 
vn -0.015748 0 -1 
vn 0.015748 0 -1 
vn 0.015748 0 -1 
vn -0.015748 0 -1 

vt 0.782514 0.194285 
vt 0.782524 0.187526 
vt 0.78463 0.187526 
vt 0.78459 0.194285 
vt 0.786736 0.187526 
vt 0.78672 0.194285 
vt 0.851632 0.194285 
vt 0.851636 0.187526 
vt 0.853902 0.187526 
vt 0.853884 0.194285 
vt 0.856167 0.187526 
vt 0.856136 0.194285 
vt 0.714612 0.187526 
vt 0.71666 0.187526 
vt 0.716631 0.194177 
vt 0.714648 0.194231 
vt 0.991266 0.194285 
vt 0.991266 0.187528 
vt 0.993341 0.187528 
vt 0.99334 0.194231 
vt 0.921683 0.194285 
vt 0.921629 0.187526 
vt 0.923845 0.187531 
vt 0.923845 0.194285 
vt 0.925936 0.187526 
vt 0.925936 0.194285 
vt 0.716575 0.194178 
vt 0.716598 0.187527 
vt 0.749411 0.187527 
vt 0.749411 0.194285 
vt 0.749411 0.194285 
vt 0.749411 0.187527 
vt 0.782519 0.187527 
vt 0.782511 0.194286 
vt 0.85618 0.194285 
vt 0.85621 0.187526 
vt 0.888394 0.187526 
vt 0.888394 0.194285 
vt 0.888394 0.194285 
vt 0.888394 0.187526 
vt 0.921603 0.187526 
vt 0.921656 0.194285 
vt 0.78672 0.194285 
vt 0.786736 0.187526 
vt 0.851636 0.187526 
vt 0.851632 0.194285 
vt 0.925936 0.194285 
vt 0.925936 0.187526 
vt 0.991266 0.187528 
vt 0.991266 0.194285 
vt 0.788006 0.175828 
vt 0.785698 0.175886 
vt 0.788006 0.151603 
vt 0.785698 0.175886 
vt 0.788006 0.175828 
vt 0.786852 0.177706 
vt 0.785698 0.179584 
vt 0.755749 0.179584 
vt 0.755752 0.175882 
vt 0.785698 0.175886 
vt 0.785698 0.179584 
vt 0.788006 0.151603 
vt 0.785698 0.126946 
vt 0.788006 0.127062 
vt 0.753441 0.151603 
vt 0.755752 0.175882 
vt 0.753441 0.175828 
vt 0.785698 0.126946 
vt 0.755752 0.175882 
vt 0.755791 0.127054 
vt 0.753441 0.127062 
vt 0.754595 0.125184 
vt 0.755791 0.127054 
vt 0.755749 0.123306 
vt 0.788006 0.151603 
vt 0.785698 0.175886 
vt 0.785698 0.126946 
vt 0.785698 0.126946 
vt 0.785698 0.123306 
vt 0.786852 0.125184 
vt 0.788006 0.127062 
vt 0.753441 0.127062 
vt 0.755791 0.127054 
vt 0.753441 0.151603 
vt 0.753441 0.151603 
vt 0.755791 0.127054 
vt 0.755752 0.175882 
vt 0.785698 0.175886 
vt 0.755752 0.175882 
vt 0.785698 0.126946 
vt 0.755752 0.175882 
vt 0.755749 0.179584 
vt 0.754595 0.177706 
vt 0.753441 0.175828 
vt 0.755791 0.127054 
vt 0.755749 0.123306 
vt 0.785698 0.123306 
vt 0.785698 0.126946 
vt 0.716631 0.194177 
vt 0.716631 0.271733 
vt 0.714648 0.271787 
vt 0.714648 0.194231 
vt 0.921683 0.271841 
vt 0.921683 0.194285 
vt 0.923845 0.194285 
vt 0.923844 0.271841 
vt 0.925936 0.194285 
vt 0.925936 0.271841 
vt 0.923844 0.271845 
vt 0.925936 0.271845 
vt 0.925936 0.25694 
vt 0.923844 0.25694 
vt 0.923844 0.25694 
vt 0.923844 0.271845 
vt 0.921682 0.271845 
vt 0.921682 0.25694 
vt 0.923845 0.208388 
vt 0.923845 0.225445 
vt 0.921682 0.225445 
vt 0.921578 0.208388 
vt 0.921475 0.188892 
vt 0.923845 0.188892 
vt 0.923845 0.24256 
vt 0.921682 0.24256 
vt 0.923844 0.25694 
vt 0.921682 0.25694 
vt 0.716918 0.208221 
vt 0.716918 0.188726 
vt 0.714711 0.188725 
vt 0.714711 0.208221 
vt 0.714711 0.225278 
vt 0.716918 0.225279 
vt 0.714711 0.242392 
vt 0.716918 0.242393 
vt 0.714711 0.256773 
vt 0.716918 0.256774 
vt 0.714711 0.271674 
vt 0.716955 0.27168 
vt 0.925936 0.208387 
vt 0.925936 0.188891 
vt 0.923845 0.188892 
vt 0.923845 0.208388 
vt 0.923845 0.225445 
vt 0.925936 0.225445 
vt 0.923845 0.24256 
vt 0.925936 0.242559 
vt 0.923844 0.25694 
vt 0.925936 0.25694 
vt 0.786708 0.254287 
vt 0.78671 0.235874 
vt 0.784596 0.235874 
vt 0.784612 0.254287 
vt 0.784609 0.271841 
vt 0.786704 0.271841 
vt 0.786704 0.217388 
vt 0.784595 0.217389 
vt 0.782519 0.235875 
vt 0.782519 0.254287 
vt 0.782514 0.271841 
vt 0.78459 0.194285 
vt 0.78672 0.194285 
vt 0.782514 0.194285 
vt 0.782519 0.217389 
vt 0.784592 0.200415 
vt 0.786701 0.200414 
vt 0.78463 0.187526 
vt 0.782519 0.200416 
vt 0.786736 0.187526 
vt 0.782524 0.187526 
vt 0.85162 0.254287 
vt 0.851632 0.271841 
vt 0.853884 0.271841 
vt 0.853912 0.254287 
vt 0.853912 0.235874 
vt 0.85162 0.235874 
vt 0.851632 0.194285 
vt 0.856136 0.194285 
vt 0.856136 0.271841 
vt 0.853884 0.194285 
vt 0.856084 0.254287 
vt 0.856084 0.235875 
vt 0.853912 0.217389 
vt 0.85162 0.217388 
vt 0.856084 0.21739 
vt 0.853912 0.200415 
vt 0.85162 0.200414 
vt 0.856084 0.200416 
vt 0.853902 0.187526 
vt 0.851636 0.187526 
vt 0.856167 0.187526 
vt 0.991264 0.208387 
vt 0.991264 0.225444 
vt 0.993339 0.225445 
vt 0.99334 0.208388 
vt 0.993339 0.188892 
vt 0.991265 0.188891 
vt 0.991264 0.242559 
vt 0.993339 0.24256 
vt 0.991264 0.25694 
vt 0.993342 0.25694 
vt 0.991265 0.271841 
vt 0.993341 0.271839 
vt 0.993341 0.271839 
vt 0.991266 0.194285 
vt 0.99334 0.194231 
vt 0.749444 0.226502 
vt 0.749411 0.271841 
vt 0.76114 0.228819 
vt 0.877857 0.229716 
vt 0.888394 0.271841 
vt 0.888397 0.227351 
vt 0.739239 0.228607 
vt 0.749411 0.271841 
vt 0.749444 0.226502 
vt 0.888397 0.227351 
vt 0.888394 0.271841 
vt 0.899179 0.229473 
vt 0.76114 0.228819 
vt 0.749411 0.271841 
vt 0.770789 0.235355 
vt 0.868224 0.236579 
vt 0.888394 0.271841 
vt 0.877857 0.229716 
vt 0.730089 0.23485 
vt 0.749411 0.271841 
vt 0.739239 0.228607 
vt 0.899179 0.229473 
vt 0.888394 0.271841 
vt 0.908378 0.236443 
vt 0.716575 0.194178 
vt 0.749411 0.194285 
vt 0.749411 0.271841 
vt 0.716575 0.271733 
vt 0.782511 0.271841 
vt 0.782511 0.194286 
vt 0.722804 0.244636 
vt 0.730089 0.23485 
vt 0.718088 0.257036 
vt 0.781408 0.258202 
vt 0.778422 0.245471 
vt 0.770789 0.235355 
vt 0.921656 0.271841 
vt 0.888394 0.271841 
vt 0.888394 0.194285 
vt 0.921656 0.194285 
vt 0.920375 0.261008 
vt 0.888394 0.271841 
vt 0.85618 0.194285 
vt 0.85618 0.271841 
vt 0.85618 0.271841 
vt 0.856558 0.260766 
vt 0.86058 0.247268 
vt 0.868224 0.236579 
vt 0.908378 0.236443 
vt 0.915678 0.247299 
vt 0.786708 0.254287 
vt 0.85162 0.254287 
vt 0.85162 0.235874 
vt 0.78671 0.235874 
vt 0.786704 0.271841 
vt 0.851632 0.271841 
vt 0.78672 0.194285 
vt 0.851632 0.194285 
vt 0.85162 0.217388 
vt 0.786704 0.217388 
vt 0.85162 0.200414 
vt 0.786701 0.200414 
vt 0.851636 0.187526 
vt 0.786736 0.187526 
vt 0.991264 0.208387 
vt 0.925936 0.208387 
vt 0.925936 0.225445 
vt 0.991264 0.225444 
vt 0.991265 0.188891 
vt 0.925936 0.188891 
vt 0.925936 0.242559 
vt 0.991264 0.242559 
vt 0.925936 0.25694 
vt 0.991264 0.25694 
vt 0.925936 0.271845 
vt 0.991265 0.271841 
vt 0.925936 0.271841 
vt 0.925936 0.194285 
vt 0.991266 0.194285 

usemtl 1Mtl

f 5131/5131/5131 5132/5132/5132 5133/5133/5133 
f 5131/5131/5131 5133/5133/5133 5134/5134/5134 
f 5133/5133/5133 5135/5135/5135 5136/5136/5136 
f 5133/5133/5133 5136/5136/5136 5134/5134/5134 
f 5137/5137/5137 5138/5138/5138 5139/5139/5139 
f 5137/5137/5137 5139/5139/5139 5140/5140/5140 
f 5139/5139/5139 5141/5141/5141 5142/5142/5142 
f 5139/5139/5139 5142/5142/5142 5140/5140/5140 
f 5143/5143/5143 5144/5144/5144 5145/5145/5145 
f 5143/5143/5143 5145/5145/5145 5146/5146/5146 
f 5147/5147/5147 5148/5148/5148 5149/5149/5149 
f 5147/5147/5147 5149/5149/5149 5150/5150/5150 
f 5151/5151/5151 5152/5152/5152 5153/5153/5153 
f 5151/5151/5151 5153/5153/5153 5154/5154/5154 
f 5153/5153/5153 5155/5155/5155 5156/5156/5156 
f 5153/5153/5153 5156/5156/5156 5154/5154/5154 
f 5157/5157/5157 5158/5158/5158 5159/5159/5159 
f 5157/5157/5157 5159/5159/5159 5160/5160/5160 
f 5161/5161/5161 5162/5162/5162 5163/5163/5163 
f 5161/5161/5161 5163/5163/5163 5164/5164/5164 
f 5165/5165/5165 5166/5166/5166 5167/5167/5167 
f 5165/5165/5165 5167/5167/5167 5168/5168/5168 
f 5169/5169/5169 5170/5170/5170 5171/5171/5171 
f 5169/5169/5169 5171/5171/5171 5172/5172/5172 
f 5173/5173/5173 5174/5174/5174 5175/5175/5175 
f 5173/5173/5173 5175/5175/5175 5176/5176/5176 
f 5177/5177/5177 5178/5178/5178 5179/5179/5179 
f 5177/5177/5177 5179/5179/5179 5180/5180/5180 
f 5181/5181/5181 5182/5182/5182 5183/5183/5183 
f 5184/5184/5184 5185/5185/5185 5186/5186/5186 
f 5186/5186/5186 5187/5187/5187 5184/5184/5184 
f 5188/5188/5188 5189/5189/5189 5190/5190/5190 
f 5188/5188/5188 5190/5190/5190 5191/5191/5191 
f 5192/5192/5192 5193/5193/5193 5194/5194/5194 
f 5195/5195/5195 5196/5196/5196 5197/5197/5197 
f 5198/5198/5198 5199/5199/5199 5200/5200/5200 
f 5201/5201/5201 5202/5202/5202 5203/5203/5203 
f 5202/5202/5202 5204/5204/5204 5203/5203/5203 
f 5205/5205/5205 5206/5206/5206 5207/5207/5207 
f 5208/5208/5208 5209/5209/5209 5210/5210/5210 
f 5210/5210/5210 5211/5211/5211 5208/5208/5208 
f 5212/5212/5212 5213/5213/5213 5214/5214/5214 
f 5215/5215/5215 5216/5216/5216 5217/5217/5217 
f 5218/5218/5218 5219/5219/5219 5220/5220/5220 
f 5221/5221/5221 5222/5222/5222 5223/5223/5223 
f 5223/5223/5223 5224/5224/5224 5221/5221/5221 
f 5225/5225/5225 5226/5226/5226 5227/5227/5227 
f 5225/5225/5225 5227/5227/5227 5228/5228/5228 
f 5229/5229/5229 5230/5230/5230 5231/5231/5231 
f 5229/5229/5229 5231/5231/5231 5232/5232/5232 
f 5233/5233/5233 5234/5234/5234 5235/5235/5235 
f 5233/5233/5233 5235/5235/5235 5236/5236/5236 
f 5235/5235/5235 5237/5237/5237 5238/5238/5238 
f 5235/5235/5235 5238/5238/5238 5236/5236/5236 
f 5239/5239/5239 5240/5240/5240 5241/5241/5241 
f 5239/5239/5239 5241/5241/5241 5242/5242/5242 
f 5243/5243/5243 5244/5244/5244 5245/5245/5245 
f 5243/5243/5243 5245/5245/5245 5246/5246/5246 
f 5247/5247/5247 5248/5248/5248 5249/5249/5249 
f 5247/5247/5247 5249/5249/5249 5250/5250/5250 
f 5251/5251/5251 5252/5252/5252 5247/5247/5247 
f 5251/5251/5251 5247/5247/5247 5250/5250/5250 
f 5248/5248/5248 5253/5253/5253 5254/5254/5254 
f 5248/5248/5248 5254/5254/5254 5249/5249/5249 
f 5253/5253/5253 5255/5255/5255 5256/5256/5256 
f 5253/5253/5253 5256/5256/5256 5254/5254/5254 
f 5257/5257/5257 5258/5258/5258 5259/5259/5259 
f 5257/5257/5257 5259/5259/5259 5260/5260/5260 
f 5261/5261/5261 5262/5262/5262 5257/5257/5257 
f 5261/5261/5261 5257/5257/5257 5260/5260/5260 
f 5263/5263/5263 5262/5262/5262 5261/5261/5261 
f 5263/5263/5263 5264/5264/5264 5262/5262/5262 
f 5265/5265/5265 5264/5264/5264 5263/5263/5263 
f 5265/5265/5265 5266/5266/5266 5264/5264/5264 
f 5267/5267/5267 5266/5266/5266 5265/5265/5265 
f 5267/5267/5267 5268/5268/5268 5266/5266/5266 
f 5269/5269/5269 5270/5270/5270 5271/5271/5271 
f 5269/5269/5269 5271/5271/5271 5272/5272/5272 
f 5273/5273/5273 5274/5274/5274 5269/5269/5269 
f 5273/5273/5273 5269/5269/5269 5272/5272/5272 
f 5275/5275/5275 5274/5274/5274 5273/5273/5273 
f 5275/5275/5275 5276/5276/5276 5274/5274/5274 
f 5277/5277/5277 5276/5276/5276 5275/5275/5275 
f 5277/5277/5277 5278/5278/5278 5276/5276/5276 
f 5279/5279/5279 5280/5280/5280 5281/5281/5281 
f 5279/5279/5279 5281/5281/5281 5282/5282/5282 
f 5283/5283/5283 5284/5284/5284 5279/5279/5279 
f 5283/5283/5283 5279/5279/5279 5282/5282/5282 
f 5280/5280/5280 5285/5285/5285 5286/5286/5286 
f 5280/5280/5280 5286/5286/5286 5281/5281/5281 
f 5281/5281/5281 5287/5287/5287 5288/5288/5288 
f 5281/5281/5281 5288/5288/5288 5282/5282/5282 
f 5286/5286/5286 5287/5287/5287 5281/5281/5281 
f 5288/5288/5288 5283/5283/5283 5282/5282/5282 
f 5288/5288/5288 5289/5289/5289 5283/5283/5283 
f 5289/5289/5289 5290/5290/5290 5283/5283/5283 
f 5290/5290/5290 5284/5284/5284 5283/5283/5283 
f 5290/5290/5290 5291/5291/5291 5284/5284/5284 
f 5289/5289/5289 5292/5292/5292 5290/5290/5290 
f 5286/5286/5286 5293/5293/5293 5287/5287/5287 
f 5285/5285/5285 5294/5294/5294 5286/5286/5286 
f 5294/5294/5294 5293/5293/5293 5286/5286/5286 
f 5285/5285/5285 5295/5295/5295 5294/5294/5294 
f 5295/5295/5295 5296/5296/5296 5294/5294/5294 
f 5294/5294/5294 5297/5297/5297 5293/5293/5293 
f 5296/5296/5296 5297/5297/5297 5294/5294/5294 
f 5295/5295/5295 5298/5298/5298 5296/5296/5296 
f 5296/5296/5296 5299/5299/5299 5297/5297/5297 
f 5300/5300/5300 5301/5301/5301 5302/5302/5302 
f 5300/5300/5300 5302/5302/5302 5303/5303/5303 
f 5304/5304/5304 5305/5305/5305 5300/5300/5300 
f 5304/5304/5304 5300/5300/5300 5303/5303/5303 
f 5302/5302/5302 5301/5301/5301 5306/5306/5306 
f 5307/5307/5307 5308/5308/5308 5302/5302/5302 
f 5307/5307/5307 5302/5302/5302 5309/5309/5309 
f 5302/5302/5302 5308/5308/5308 5310/5310/5310 
f 5302/5302/5302 5310/5310/5310 5303/5303/5303 
f 5302/5302/5302 5306/5306/5306 5309/5309/5309 
f 5310/5310/5310 5304/5304/5304 5303/5303/5303 
f 5310/5310/5310 5311/5311/5311 5304/5304/5304 
f 5311/5311/5311 5312/5312/5312 5304/5304/5304 
f 5312/5312/5312 5305/5305/5305 5304/5304/5304 
f 5312/5312/5312 5313/5313/5313 5305/5305/5305 
f 5311/5311/5311 5314/5314/5314 5312/5312/5312 
f 5314/5314/5314 5315/5315/5315 5312/5312/5312 
f 5315/5315/5315 5313/5313/5313 5312/5312/5312 
f 5315/5315/5315 5316/5316/5316 5313/5313/5313 
f 5314/5314/5314 5317/5317/5317 5315/5315/5315 
f 5317/5317/5317 5318/5318/5318 5315/5315/5315 
f 5318/5318/5318 5316/5316/5316 5315/5315/5315 
f 5318/5318/5318 5319/5319/5319 5316/5316/5316 
f 5317/5317/5317 5320/5320/5320 5318/5318/5318 
f 5321/5321/5321 5322/5322/5322 5323/5323/5323 
f 5321/5321/5321 5323/5323/5323 5324/5324/5324 
f 5325/5325/5325 5326/5326/5326 5321/5321/5321 
f 5325/5325/5325 5321/5321/5321 5324/5324/5324 
f 5322/5322/5322 5327/5327/5327 5328/5328/5328 
f 5322/5322/5322 5328/5328/5328 5323/5323/5323 
f 5327/5327/5327 5329/5329/5329 5330/5330/5330 
f 5327/5327/5327 5330/5330/5330 5328/5328/5328 
f 5329/5329/5329 5331/5331/5331 5332/5332/5332 
f 5329/5329/5329 5332/5332/5332 5330/5330/5330 
f 5333/5333/5333 5331/5331/5331 5334/5334/5334 
f 5333/5333/5333 5334/5334/5334 5335/5335/5335 
f 5336/5336/5336 5337/5337/5337 5338/5338/5338 
f 5339/5339/5339 5340/5340/5340 5341/5341/5341 
f 5342/5342/5342 5343/5343/5343 5344/5344/5344 
f 5345/5345/5345 5346/5346/5346 5347/5347/5347 
f 5348/5348/5348 5349/5349/5349 5350/5350/5350 
f 5351/5351/5351 5352/5352/5352 5353/5353/5353 
f 5354/5354/5354 5355/5355/5355 5356/5356/5356 
f 5357/5357/5357 5358/5358/5358 5359/5359/5359 
f 5360/5360/5360 5361/5361/5361 5362/5362/5362 
f 5360/5360/5360 5362/5362/5362 5363/5363/5363 
f 5364/5364/5364 5362/5362/5362 5361/5361/5361 
f 5364/5364/5364 5361/5361/5361 5365/5365/5365 
f 5366/5366/5366 5362/5362/5362 5367/5367/5367 
f 5368/5368/5368 5362/5362/5362 5366/5366/5366 
f 5363/5363/5363 5362/5362/5362 5368/5368/5368 
f 5369/5369/5369 5362/5362/5362 5364/5364/5364 
f 5370/5370/5370 5362/5362/5362 5369/5369/5369 
f 5371/5371/5371 5362/5362/5362 5370/5370/5370 
f 5372/5372/5372 5373/5373/5373 5374/5374/5374 
f 5372/5372/5372 5374/5374/5374 5375/5375/5375 
f 5376/5376/5376 5377/5377/5377 5372/5372/5372 
f 5378/5378/5378 5374/5374/5374 5373/5373/5373 
f 5378/5378/5378 5373/5373/5373 5379/5379/5379 
f 5380/5380/5380 5373/5373/5373 5381/5381/5381 
f 5381/5381/5381 5373/5373/5373 5382/5382/5382 
f 5382/5382/5382 5373/5373/5373 5383/5383/5383 
f 5384/5384/5384 5377/5377/5377 5385/5385/5385 
f 5385/5385/5385 5377/5377/5377 5376/5376/5376 
f 5386/5386/5386 5387/5387/5387 5388/5388/5388 
f 5386/5386/5386 5388/5388/5388 5389/5389/5389 
f 5390/5390/5390 5387/5387/5387 5386/5386/5386 
f 5390/5390/5390 5391/5391/5391 5387/5387/5387 
f 5392/5392/5392 5391/5391/5391 5390/5390/5390 
f 5392/5392/5392 5393/5393/5393 5391/5391/5391 
f 5389/5389/5389 5388/5388/5388 5394/5394/5394 
f 5389/5389/5389 5394/5394/5394 5395/5395/5395 
f 5395/5395/5395 5394/5394/5394 5396/5396/5396 
f 5395/5395/5395 5396/5396/5396 5397/5397/5397 
f 5397/5397/5397 5396/5396/5396 5398/5398/5398 
f 5397/5397/5397 5398/5398/5398 5399/5399/5399 
f 5400/5400/5400 5401/5401/5401 5402/5402/5402 
f 5400/5400/5400 5402/5402/5402 5403/5403/5403 
f 5404/5404/5404 5401/5401/5401 5400/5400/5400 
f 5404/5404/5404 5405/5405/5405 5401/5401/5401 
f 5403/5403/5403 5402/5402/5402 5406/5406/5406 
f 5403/5403/5403 5406/5406/5406 5407/5407/5407 
f 5407/5407/5407 5406/5406/5406 5408/5408/5408 
f 5407/5407/5407 5408/5408/5408 5409/5409/5409 
f 5409/5409/5409 5408/5408/5408 5410/5410/5410 
f 5409/5409/5409 5410/5410/5410 5411/5411/5411 
f 5411/5411/5411 5412/5412/5412 5413/5413/5413 
f 5411/5411/5411 5413/5413/5413 5414/5414/5414 

g 5

v 365.938 0.189686 201 
v 365.938 5.96046e-08 201 
v 366 5.96046e-08 200.947 
v 366 0.189686 200.947 
v 365 0.189686 200.948 
v 365 5.96046e-08 200.948 
v 365.064 5.96046e-08 201 
v 365.064 0.189686 201 
v 365.938 0.24948 200.949 
v 365.938 0.189686 201 
v 366 0.189686 200.947 
v 365.064 0.2496 200.949 
v 365 0.189686 200.948 
v 365.064 0.189686 201 
v 365.969 0.189686 200.025 
v 365.999 0.189686 200.049 
v 365.999 2.98023e-07 200.049 
v 365.969 2.98023e-07 200.025 
v 365.969 2.98023e-07 200.025 
v 365.938 2.98023e-07 200 
v 365.938 0.189686 200 
v 365.969 0.189686 200.025 
v 365.032 2.98023e-07 200.025 
v 365 2.98023e-07 200.051 
v 365 0.189686 200.051 
v 365.032 0.189686 200.025 
v 365.064 0.189686 200 
v 365.064 2.98023e-07 200 
v 365.032 2.98023e-07 200.025 
v 365.032 0.189686 200.025 
v 365.064 0.189686 201 
v 365.064 5.96046e-08 201 
v 365.938 5.96046e-08 201 
v 365.938 0.189686 201 
v 365.938 0.24948 200.051 
v 365.969 0.189686 200.025 
v 365.938 0.189686 200 
v 365.938 0.24948 200.051 
v 365.999 0.189686 200.049 
v 365.969 0.189686 200.025 
v 365.064 0.249552 200.051 
v 365.064 0.189686 200 
v 365.032 0.189686 200.025 
v 365.032 0.189686 200.025 
v 365 0.189686 200.051 
v 365.064 0.249552 200.051 
v 365 5.96046e-08 200.948 
v 365 0.189686 200.948 
v 365 0.189686 200.051 
v 365 2.98023e-07 200.051 
v 365.999 2.98023e-07 200.049 
v 365.999 0.189686 200.049 
v 366 0.189686 200.947 
v 366 5.96046e-08 200.947 
v 365.938 0.24948 200.949 
v 365.064 0.2496 200.949 
v 365.064 0.189686 201 
v 365.938 0.189686 201 
v 365.938 0.189686 200 
v 365.938 2.98023e-07 200 
v 365.064 2.98023e-07 200 
v 365.064 0.189686 200 
v 365.938 0.24948 200.949 
v 366 0.189686 200.947 
v 365.999 0.189686 200.049 
v 365.938 0.24948 200.051 
v 365.064 0.249552 200.051 
v 365 0.189686 200.051 
v 365 0.189686 200.948 
v 365.064 0.2496 200.949 
v 365.938 0.24948 200.051 
v 365.938 0.189686 200 
v 365.064 0.189686 200 
v 365.064 0.249552 200.051 
v 365.493 0.299436 200.502 
v 365.206 0.3 200.182 
v 365.206 0.3 200.821 
v 365.781 0.3 200.821 
v 365.781 0.3 200.182 
v 365.064 0.249552 200.051 
v 365.064 0.2496 200.949 
v 365.938 0.24948 200.949 
v 365.938 0.24948 200.051 
v 365.064 2.98023e-07 200.051 
v 365 2.98023e-07 200.051 
v 365.032 2.98023e-07 200.025 
v 365.938 5.96046e-08 200.949 
v 365.064 5.96046e-08 200.949 
v 365.938 2.98023e-07 200.051 
v 365.064 2.98023e-07 200 
v 365 5.96046e-08 200.948 
v 365.064 5.96046e-08 201 
v 365.938 5.96046e-08 201 
v 366 5.96046e-08 200.947 
v 366 5.96046e-08 200.947 
v 365.999 2.98023e-07 200.049 
v 365.938 2.98023e-07 200 
v 365.969 2.98023e-07 200.025 
v 365.999 2.98023e-07 200.049 

vn 0.527559 0.543307 0.653543 
vn 0.527559 0.535433 0.661417 
vn 0.527559 0.535433 0.661417 
vn 0.527559 0.535433 0.653543 
vn -0.551181 0.527559 0.653543 
vn -0.551181 0.519685 0.653543 
vn -0.551181 0.519685 0.653543 
vn -0.551181 0.527559 0.653543 
vn 0.511811 0.614173 0.598425 
vn 0.330709 0.850394 0.417323 
vn 0.330709 0.850394 0.417323 
vn -0.496063 0.622047 0.606299 
vn -0.354331 0.84252 0.409449 
vn -0.354331 0.84252 0.417323 
vn 0.629921 0 -0.779528 
vn 0.511811 0.535433 -0.669291 
vn 0.511811 0.535433 -0.669291 
vn 0.629921 0 -0.779528 
vn 0.629921 0 -0.779528 
vn 0.511811 0.535433 -0.669291 
vn 0.511811 0.535433 -0.669291 
vn 0.629921 0 -0.779528 
vn -0.622047 0 -0.787402 
vn -0.535433 0.519685 -0.661417 
vn -0.535433 0.527559 -0.661417 
vn -0.622047 0 -0.787402 
vn -0.535433 0.527559 -0.661417 
vn -0.535433 0.519685 -0.661417 
vn -0.622047 0 -0.787402 
vn -0.622047 0 -0.787402 
vn -0.023622 0.527559 0.850394 
vn -0.023622 0.527559 0.850394 
vn -0.023622 0.527559 0.850394 
vn -0.023622 0.527559 0.850394 
vn 0.496063 0.622047 -0.606299 
vn 0.496063 0.622047 -0.606299 
vn 0.314961 0.850394 -0.417323 
vn 0.496063 0.622047 -0.606299 
vn 0.314961 0.850394 -0.417323 
vn 0.496063 0.622047 -0.606299 
vn -0.480315 0.622047 -0.614173 
vn -0.338583 0.84252 -0.417323 
vn -0.480315 0.622047 -0.614173 
vn -0.480315 0.622047 -0.614173 
vn -0.338583 0.84252 -0.417323 
vn -0.480315 0.622047 -0.614173 
vn -0.850394 0.519685 0.00787402 
vn -0.850394 0.527559 0.00787402 
vn -0.850394 0.527559 -0.00787402 
vn -0.850394 0.519685 -0.00787402 
vn 0.84252 0.543307 -0.00787402 
vn 0.834646 0.543307 -0.00787402 
vn 0.834646 0.543307 0.00787402 
vn 0.84252 0.543307 0.00787402 
vn 0 0.716535 0.700787 
vn 0 0.716535 0.700787 
vn -0.015748 0.88189 0.464567 
vn -0.015748 0.88189 0.464567 
vn -0.023622 0.527559 -0.850394 
vn -0.023622 0.527559 -0.850394 
vn -0.023622 0.527559 -0.850394 
vn -0.023622 0.527559 -0.850394 
vn 0.629921 0.771654 0 
vn 0.393701 0.92126 0.00787402 
vn 0.393701 0.92126 -0.00787402 
vn 0.629921 0.771654 0 
vn -0.614173 0.787402 0 
vn -0.409449 0.913386 -0.00787402 
vn -0.409449 0.913386 0.00787402 
vn -0.614173 0.787402 0 
vn 0 0.708661 -0.700787 
vn -0.015748 0.88189 -0.464567 
vn -0.015748 0.88189 -0.464567 
vn 0 0.708661 -0.700787 
vn -0.015748 1 0 
vn -0.015748 1 0 
vn -0.015748 1 0.00787402 
vn 0.173228 0.984252 0.00787402 
vn 0.173228 0.984252 0 
vn 0 0.937008 -0.362205 
vn 0 0.929134 0.370079 
vn 0.307087 0.952756 0 
vn 0.307087 0.952756 0 
vn -0.0708661 -1 -0.023622 
vn -0.0708661 -1 -0.023622 
vn -0.0708661 -1 -0.023622 
vn -0.0787402 -1 0.023622 
vn -0.0708661 -1 0.023622 
vn -0.0787402 -1 -0.023622 
vn -0.0708661 -1 -0.023622 
vn -0.0708661 -1 0.023622 
vn -0.0708661 -1 0.023622 
vn -0.0708661 -1 0.023622 
vn -0.0708661 -1 0.023622 
vn -0.0708661 -1 0.023622 
vn -0.0787402 -1 -0.023622 
vn -0.0708661 -1 -0.023622 
vn -0.0708661 -1 -0.023622 
vn -0.0787402 -1 -0.023622 

vt 0.851689 0.112179 
vt 0.851689 0.088384 
vt 0.855797 0.088384 
vt 0.855797 0.112179 
vt 0.781969 0.112179 
vt 0.781969 0.088384 
vt 0.785944 0.088384 
vt 0.785944 0.112179 
vt 0.853809 0.116017 
vt 0.851689 0.112179 
vt 0.855797 0.112179 
vt 0.783926 0.116017 
vt 0.781969 0.112179 
vt 0.785944 0.112179 
vt 0.923431 0.112179 
vt 0.921619 0.112179 
vt 0.921619 0.0883839 
vt 0.923431 0.0883839 
vt 0.714208 0.0532517 
vt 0.716139 0.0532517 
vt 0.716139 0.0771211 
vt 0.714208 0.0771211 
vt 0.714104 0.0883839 
vt 0.715835 0.0883839 
vt 0.715835 0.112179 
vt 0.714104 0.112179 
vt 0.781832 0.0771211 
vt 0.781832 0.0532517 
vt 0.783572 0.0532517 
vt 0.783572 0.0771211 
vt 0.785944 0.112179 
vt 0.785944 0.088384 
vt 0.851689 0.088384 
vt 0.851689 0.112179 
vt 0.714209 0.0809641 
vt 0.714208 0.0771211 
vt 0.716139 0.0771211 
vt 0.923431 0.116034 
vt 0.921619 0.112179 
vt 0.923431 0.112179 
vt 0.783556 0.0809641 
vt 0.781832 0.0771211 
vt 0.783572 0.0771211 
vt 0.714104 0.112179 
vt 0.715835 0.112179 
vt 0.714104 0.116022 
vt 0.781969 0.088384 
vt 0.781969 0.112179 
vt 0.715835 0.112179 
vt 0.715835 0.088384 
vt 0.921619 0.088384 
vt 0.921619 0.112179 
vt 0.855797 0.112179 
vt 0.855797 0.088384 
vt 0.853809 0.116017 
vt 0.783926 0.116017 
vt 0.785944 0.112179 
vt 0.851689 0.112179 
vt 0.716139 0.0771211 
vt 0.716139 0.0532517 
vt 0.781832 0.0532517 
vt 0.781832 0.0771211 
vt 0.853809 0.116017 
vt 0.855797 0.112179 
vt 0.921619 0.112179 
vt 0.923431 0.116017 
vt 0.714104 0.116017 
vt 0.715835 0.112179 
vt 0.781969 0.112179 
vt 0.783926 0.116017 
vt 0.714209 0.0809641 
vt 0.716139 0.0771211 
vt 0.781832 0.0771211 
vt 0.783556 0.0809641 
vt 0.905589 0.0526234 
vt 0.893762 0.0727888 
vt 0.893762 0.0327783 
vt 0.918026 0.0327783 
vt 0.918026 0.0727888 
vt 0.888853 0.0807005 
vt 0.88885 0.025 
vt 0.923503 0.025 
vt 0.923503 0.0807009 
vt 0.932098 0.00945127 
vt 0.928008 0.00945127 
vt 0.930053 0.00669563 
vt 0.993658 0.110449 
vt 0.932098 0.110449 
vt 0.993658 0.00945127 
vt 0.932098 0.00393999 
vt 0.928008 0.110294 
vt 0.932098 0.116012 
vt 0.993658 0.116012 
vt 0.997577 0.110292 
vt 0.997577 0.110292 
vt 0.997526 0.00930679 
vt 0.993658 0.00394058 
vt 0.995592 0.00662369 
vt 0.997526 0.00930679 

usemtl 1Mtl

f 5415/5415/5415 5416/5416/5416 5417/5417/5417 
f 5415/5415/5415 5417/5417/5417 5418/5418/5418 
f 5419/5419/5419 5420/5420/5420 5421/5421/5421 
f 5419/5419/5419 5421/5421/5421 5422/5422/5422 
f 5423/5423/5423 5424/5424/5424 5425/5425/5425 
f 5426/5426/5426 5427/5427/5427 5428/5428/5428 
f 5429/5429/5429 5430/5430/5430 5431/5431/5431 
f 5429/5429/5429 5431/5431/5431 5432/5432/5432 
f 5433/5433/5433 5434/5434/5434 5435/5435/5435 
f 5433/5433/5433 5435/5435/5435 5436/5436/5436 
f 5437/5437/5437 5438/5438/5438 5439/5439/5439 
f 5437/5437/5437 5439/5439/5439 5440/5440/5440 
f 5441/5441/5441 5442/5442/5442 5443/5443/5443 
f 5441/5441/5441 5443/5443/5443 5444/5444/5444 
f 5445/5445/5445 5446/5446/5446 5447/5447/5447 
f 5445/5445/5445 5447/5447/5447 5448/5448/5448 
f 5449/5449/5449 5450/5450/5450 5451/5451/5451 
f 5452/5452/5452 5453/5453/5453 5454/5454/5454 
f 5455/5455/5455 5456/5456/5456 5457/5457/5457 
f 5458/5458/5458 5459/5459/5459 5460/5460/5460 
f 5461/5461/5461 5462/5462/5462 5463/5463/5463 
f 5461/5461/5461 5463/5463/5463 5464/5464/5464 
f 5465/5465/5465 5466/5466/5466 5467/5467/5467 
f 5465/5465/5465 5467/5467/5467 5468/5468/5468 
f 5469/5469/5469 5470/5470/5470 5471/5471/5471 
f 5469/5469/5469 5471/5471/5471 5472/5472/5472 
f 5473/5473/5473 5474/5474/5474 5475/5475/5475 
f 5473/5473/5473 5475/5475/5475 5476/5476/5476 
f 5477/5477/5477 5478/5478/5478 5479/5479/5479 
f 5477/5477/5477 5479/5479/5479 5480/5480/5480 
f 5481/5481/5481 5482/5482/5482 5483/5483/5483 
f 5481/5481/5481 5483/5483/5483 5484/5484/5484 
f 5485/5485/5485 5486/5486/5486 5487/5487/5487 
f 5485/5485/5485 5487/5487/5487 5488/5488/5488 
f 5489/5489/5489 5490/5490/5490 5491/5491/5491 
f 5492/5492/5492 5489/5489/5489 5491/5491/5491 
f 5489/5489/5489 5492/5492/5492 5493/5493/5493 
f 5490/5490/5490 5489/5489/5489 5493/5493/5493 
f 5494/5494/5494 5490/5490/5490 5493/5493/5493 
f 5494/5494/5494 5491/5491/5491 5490/5490/5490 
f 5491/5491/5491 5495/5495/5495 5496/5496/5496 
f 5491/5491/5491 5496/5496/5496 5492/5492/5492 
f 5494/5494/5494 5495/5495/5495 5491/5491/5491 
f 5497/5497/5497 5493/5493/5493 5492/5492/5492 
f 5497/5497/5497 5492/5492/5492 5496/5496/5496 
f 5494/5494/5494 5493/5493/5493 5497/5497/5497 
f 5498/5498/5498 5499/5499/5499 5500/5500/5500 
f 5501/5501/5501 5502/5502/5502 5498/5498/5498 
f 5501/5501/5501 5498/5498/5498 5503/5503/5503 
f 5499/5499/5499 5498/5498/5498 5502/5502/5502 
f 5503/5503/5503 5498/5498/5498 5504/5504/5504 
f 5500/5500/5500 5504/5504/5504 5498/5498/5498 
f 5499/5499/5499 5502/5502/5502 5505/5505/5505 
f 5506/5506/5506 5502/5502/5502 5501/5501/5501 
f 5505/5505/5505 5502/5502/5502 5506/5506/5506 
f 5507/5507/5507 5501/5501/5501 5508/5508/5508 
f 5506/5506/5506 5501/5501/5501 5507/5507/5507 
f 5509/5509/5509 5501/5501/5501 5503/5503/5503 
f 5509/5509/5509 5503/5503/5503 5510/5510/5510 
f 5503/5503/5503 5511/5511/5511 5512/5512/5512 
f 5503/5503/5503 5512/5512/5512 5513/5513/5513 
f 5503/5503/5503 5504/5504/5504 5511/5511/5511 

g 6

v 366.928 1.13362 200.044 
v 366.933 1.17921 200 
v 366.967 1.17921 200.033 
v 366.961 1.14329 200.074 
v 366.961 1.08068 200.15 
v 366.928 1.06507 200.124 
v 367 1.17921 200.067 
v 366.994 1.15086 200.105 
v 366.994 1.09406 200.175 
v 366.961 1.03253 200.245 
v 366.928 1.01181 200.226 
v 366.994 1.05059 200.263 
v 366.961 1.00636 200.364 
v 366.928 0.981984 200.355 
v 366.994 1.02807 200.374 
v 366.952 0.995985 200.502 
v 366.919 0.970933 200.502 
v 366.984 1.0184 200.502 
v 366.006 1.15086 200.105 
v 366 1.17921 200.067 
v 366.033 1.17921 200.033 
v 366.039 1.14329 200.074 
v 366.039 1.08068 200.15 
v 366.006 1.09406 200.175 
v 366.039 1.03253 200.245 
v 366.006 1.05059 200.263 
v 366.039 1.00636 200.364 
v 366.006 1.02807 200.374 
v 366.048 0.995985 200.502 
v 366.016 1.0184 200.502 
v 366 2.11947 200.364 
v 366 2.13389 200.503 
v 366.033 2.16076 200.503 
v 366.033 2.14556 200.353 
v 366.033 2.09692 200.224 
v 366 2.07465 200.244 
v 366.033 2.01551 200.121 
v 366 1.99943 200.148 
v 366.033 1.91002 200.055 
v 366 1.90144 200.087 
v 366.033 1.78081 200.033 
v 366 1.78081 200.067 
v 366 1.17921 200.067 
v 366.033 1.17921 200.033 
v 366.933 2.17156 200.343 
v 366.933 2.1875 200.503 
v 366.967 2.16076 200.503 
v 366.967 2.14556 200.353 
v 366.967 2.09698 200.224 
v 366.933 2.11959 200.204 
v 367 2.13401 200.503 
v 367 2.11962 200.364 
v 367 2.07483 200.244 
v 366.967 2.01555 200.121 
v 366.933 2.03155 200.093 
v 367 1.99953 200.148 
v 366.967 1.91002 200.055 
v 366.933 1.91859 200.023 
v 367 1.90144 200.087 
v 366.967 1.78081 200.033 
v 366.933 1.78081 200 
v 367 1.78081 200.067 
v 366.967 1.17921 200.033 
v 366.933 1.17921 200 
v 367 1.17921 200.067 
v 366.984 1.0184 200.502 
v 366.984 1.02819 200.626 
v 366.952 1.00649 200.635 
v 366.952 0.995985 200.502 
v 366.994 1.0507 200.737 
v 366.961 1.03265 200.755 
v 366.919 0.982132 200.645 
v 366.919 0.970933 200.502 
v 366.961 1.08135 200.845 
v 366.928 1.01192 200.773 
v 366.994 1.0947 200.82 
v 366.961 1.12008 200.905 
v 366.928 1.06573 200.87 
v 366.994 1.12819 200.874 
v 366.967 1.17921 200.967 
v 366.928 1.10988 200.936 
v 367 1.17921 200.933 
v 366.967 1.78081 200.967 
v 366.933 1.17921 201 
v 367 1.78081 200.933 
v 366.933 1.91868 200.977 
v 366.933 1.78081 201 
v 366.967 1.9101 200.945 
v 367 1.90152 200.913 
v 366.967 2.01563 200.879 
v 366.933 2.03165 200.906 
v 367 1.9996 200.852 
v 366.967 2.09689 200.776 
v 366.933 2.11951 200.796 
v 367 2.07474 200.756 
v 366.967 2.14541 200.647 
v 366.933 2.17139 200.657 
v 367 2.11948 200.636 
v 366.967 2.16076 200.503 
v 366.933 2.1875 200.503 
v 367 2.13401 200.503 
v 366.081 0.970933 200.502 
v 366.081 0.982132 200.645 
v 366.048 1.00649 200.635 
v 366.048 0.995985 200.502 
v 366.072 1.01192 200.773 
v 366.039 1.03265 200.755 
v 366.016 1.02819 200.626 
v 366.016 1.0184 200.502 
v 366.039 1.08135 200.845 
v 366.006 1.0507 200.737 
v 366.072 1.06573 200.87 
v 366.039 1.12008 200.905 
v 366.006 1.0947 200.82 
v 366.072 1.10988 200.936 
v 366.033 1.17921 200.967 
v 366.006 1.12818 200.874 
v 366.067 1.17921 201 
v 366 1.78081 200.933 
v 366 1.17921 200.933 
v 366.033 1.78081 200.967 
v 366.067 1.78081 201 
v 366 1.90152 200.913 
v 366.033 1.9101 200.945 
v 366.067 1.91868 200.977 
v 366.033 2.01558 200.879 
v 366 1.99949 200.852 
v 366.067 2.03164 200.906 
v 366.033 2.09683 200.776 
v 366 2.07455 200.756 
v 366.067 2.11951 200.796 
v 366.033 2.14541 200.647 
v 366 2.11933 200.636 
v 366.067 2.17139 200.657 
v 366.033 2.16076 200.503 
v 366 2.13389 200.503 
v 366.067 2.1875 200.503 
v 366.067 2.17156 200.343 
v 366.067 2.11959 200.204 
v 366.033 2.09692 200.224 
v 366.033 2.14556 200.353 
v 366.033 2.16076 200.503 
v 366.067 2.1875 200.503 
v 366.067 2.03155 200.093 
v 366.033 2.01551 200.121 
v 366.067 1.91859 200.023 
v 366.033 1.91002 200.055 
v 366.067 1.78081 200 
v 366.033 1.78081 200.033 
v 366.067 1.17921 200 
v 366.033 1.17921 200.033 
v 366.067 1.17921 200 
v 366.072 1.13362 200.044 
v 366.039 1.14329 200.074 
v 366.072 1.06507 200.124 
v 366.039 1.08068 200.15 
v 366.072 1.01181 200.226 
v 366.039 1.03253 200.245 
v 366.072 0.981984 200.355 
v 366.039 1.00636 200.364 
v 366.081 0.970933 200.502 
v 366.048 0.995985 200.502 
v 366.072 1.13362 200.044 
v 366.928 1.13362 200.044 
v 366.928 1.06507 200.124 
v 366.072 1.06507 200.124 
v 366.067 1.17921 200 
v 366.933 1.17921 200 
v 366.928 1.01181 200.226 
v 366.072 1.01181 200.226 
v 366.928 0.981984 200.355 
v 366.072 0.981984 200.355 
v 366.919 0.970933 200.502 
v 366.081 0.970933 200.502 
v 366 1.17921 200.067 
v 366 1.17921 200.503 
v 366 1.78081 200.503 
v 366 1.78081 200.067 
v 366.006 1.15086 200.105 
v 366 1.90144 200.087 
v 366 1.99943 200.148 
v 366 2.07465 200.244 
v 366 2.11947 200.364 
v 366 2.13389 200.503 
v 366 2.11933 200.636 
v 366 2.07455 200.756 
v 366 1.99949 200.852 
v 366 1.90152 200.913 
v 366 1.78081 200.933 
v 366 1.17921 200.933 
v 366.006 1.12818 200.874 
v 366.006 1.0947 200.82 
v 366.006 1.0507 200.737 
v 366.006 1.09406 200.175 
v 366.006 1.05059 200.263 
v 366.006 1.02807 200.374 
v 366.016 1.0184 200.502 
v 366.016 1.02819 200.626 
v 367 1.78081 200.067 
v 367 1.78081 200.503 
v 367 1.17921 200.503 
v 367 1.17921 200.067 
v 367 1.90144 200.087 
v 367 1.99953 200.148 
v 367 2.07483 200.244 
v 367 2.11962 200.364 
v 367 2.13401 200.503 
v 367 2.11948 200.636 
v 367 2.07474 200.756 
v 367 1.9996 200.852 
v 367 1.90152 200.913 
v 367 1.78081 200.933 
v 367 1.17921 200.933 
v 366.994 1.12819 200.874 
v 366.994 1.0947 200.82 
v 366.994 1.0507 200.737 
v 366.984 1.02819 200.626 
v 366.984 1.0184 200.502 
v 367 1.17921 200.067 
v 366.994 1.15086 200.105 
v 366.994 1.09406 200.175 
v 366.994 1.05059 200.263 
v 366.994 1.02807 200.374 
v 366.067 2.17156 200.343 
v 366.933 2.17156 200.343 
v 366.933 2.11959 200.204 
v 366.067 2.11959 200.204 
v 366.067 2.1875 200.503 
v 366.933 2.1875 200.503 
v 366.933 2.03155 200.093 
v 366.067 2.03155 200.093 
v 366.933 1.91859 200.023 
v 366.067 1.91859 200.023 
v 366.933 1.78081 200 
v 366.067 1.78081 200 
v 366.933 1.17921 200 
v 366.067 1.17921 200 
v 366.081 0.970933 200.502 
v 366.919 0.970933 200.502 
v 366.919 0.982132 200.645 
v 366.081 0.982132 200.645 
v 366.928 1.01192 200.773 
v 366.072 1.01192 200.773 
v 366.928 1.06573 200.87 
v 366.072 1.06573 200.87 
v 366.928 1.10988 200.936 
v 366.072 1.10988 200.936 
v 366.933 1.17921 201 
v 366.067 1.17921 201 
v 366.933 1.78081 201 
v 366.067 1.78081 201 
v 366.933 1.91868 200.977 
v 366.067 1.91868 200.977 
v 366.933 2.03165 200.906 
v 366.067 2.03164 200.906 
v 366.933 2.11951 200.796 
v 366.067 2.11951 200.796 
v 366.933 2.17139 200.657 
v 366.067 2.17139 200.657 
v 366.933 2.1875 200.503 
v 366.067 2.1875 200.503 

vn 0.708661 -0.141732 -0.692913 
vn 0.708661 -0.141732 -0.692913 
vn 0.708661 -0.141732 -0.692913 
vn 0.708661 -0.141732 -0.692913 
vn 0.708661 -0.314961 -0.629921 
vn 0.708661 -0.314961 -0.629921 
vn 0.708661 0 -0.708661 
vn 0.708661 -0.314961 -0.629921 
vn 0.708661 -0.314961 -0.629921 
vn 0.708661 -0.503937 -0.488189 
vn 0.716535 -0.503937 -0.488189 
vn 0.708661 -0.503937 -0.488189 
vn 0.708661 -0.653543 -0.259843 
vn 0.708661 -0.653543 -0.259843 
vn 0.708661 -0.653543 -0.259843 
vn 0.708661 -0.700787 -0.0866142 
vn 0.708661 -0.700787 -0.0866142 
vn 0.708661 -0.700787 -0.0866142 
vn -0.708661 -0.149606 -0.685039 
vn -0.708661 -0.149606 -0.685039 
vn -0.708661 -0.149606 -0.685039 
vn -0.708661 -0.314961 -0.629921 
vn -0.708661 -0.314961 -0.629921 
vn -0.708661 -0.314961 -0.629921 
vn -0.716535 -0.503937 -0.488189 
vn -0.708661 -0.503937 -0.488189 
vn -0.708661 -0.653543 -0.259843 
vn -0.708661 -0.653543 -0.259843 
vn -0.708661 -0.700787 -0.0866142 
vn -0.708661 -0.700787 -0.0866142 
vn -0.700787 0.708661 -0.0866142 
vn -0.700787 0.708661 -0.0866142 
vn -0.700787 0.708661 -0.0866142 
vn -0.708661 0.637795 -0.299213 
vn -0.708661 0.637795 -0.299213 
vn -0.708661 0.645669 -0.299213 
vn -0.708661 0.503937 -0.496063 
vn -0.708661 0.503937 -0.496063 
vn -0.708661 0.322835 -0.629921 
vn -0.708661 0.322835 -0.629921 
vn -0.708661 0.11811 -0.700787 
vn -0.708661 0 -0.708661 
vn -0.708661 -0.149606 -0.685039 
vn -0.708661 -0.149606 -0.685039 
vn 0.700787 0.708661 -0.0866142 
vn 0.700787 0.708661 -0.0866142 
vn 0.700787 0.708661 -0.0866142 
vn 0.700787 0.708661 -0.0866142 
vn 0.708661 0.645669 -0.299213 
vn 0.708661 0.637795 -0.299213 
vn 0.700787 0.708661 0.0944882 
vn 0.708661 0.645669 -0.299213 
vn 0.708661 0.645669 -0.299213 
vn 0.708661 0.503937 -0.496063 
vn 0.708661 0.503937 -0.496063 
vn 0.708661 0.503937 -0.496063 
vn 0.708661 0.322835 -0.629921 
vn 0.708661 0.322835 -0.629921 
vn 0.708661 0.322835 -0.629921 
vn 0.708661 0.11811 -0.700787 
vn 0.708661 0.11811 -0.700787 
vn 0.708661 0.11811 -0.700787 
vn 0.708661 -0.141732 -0.692913 
vn 0.708661 -0.141732 -0.692913 
vn 0.708661 0 -0.708661 
vn 0.708661 -0.700787 -0.0866142 
vn 0.708661 -0.700787 0.0944882 
vn 0.708661 -0.700787 0.0944882 
vn 0.708661 -0.700787 -0.0866142 
vn 0.708661 -0.653543 0.259843 
vn 0.708661 -0.653543 0.259843 
vn 0.708661 -0.700787 0.0944882 
vn 0.708661 -0.700787 -0.0866142 
vn 0.708661 -0.503937 0.488189 
vn 0.708661 -0.653543 0.259843 
vn 0.708661 -0.503937 0.488189 
vn 0.708661 -0.314961 0.629921 
vn 0.716535 -0.503937 0.488189 
vn 0.708661 -0.314961 0.629921 
vn 0.708661 -0.149606 0.685039 
vn 0.708661 -0.314961 0.629921 
vn 0.708661 -0.149606 0.685039 
vn 0.708661 0.11811 0.700787 
vn 0.708661 -0.141732 0.692913 
vn 0.708661 0 0.708661 
vn 0.708661 0.11811 0.700787 
vn 0.708661 0.11811 0.700787 
vn 0.708661 0.11811 0.700787 
vn 0.708661 0.322835 0.629921 
vn 0.708661 0.322835 0.629921 
vn 0.708661 0.322835 0.629921 
vn 0.708661 0.322835 0.629921 
vn 0.708661 0.503937 0.496063 
vn 0.708661 0.503937 0.496063 
vn 0.708661 0.503937 0.496063 
vn 0.708661 0.645669 0.299213 
vn 0.708661 0.637795 0.299213 
vn 0.708661 0.645669 0.299213 
vn 0.700787 0.708661 -0.0866142 
vn 0.700787 0.708661 -0.0866142 
vn 0.700787 0.708661 0.0944882 
vn -0.708661 -0.700787 -0.0866142 
vn -0.708661 -0.700787 0.0944882 
vn -0.708661 -0.700787 0.0944882 
vn -0.708661 -0.700787 -0.0866142 
vn -0.708661 -0.653543 0.259843 
vn -0.708661 -0.653543 0.259843 
vn -0.708661 -0.700787 0.0944882 
vn -0.708661 -0.700787 -0.0866142 
vn -0.716535 -0.503937 0.488189 
vn -0.708661 -0.653543 0.259843 
vn -0.716535 -0.503937 0.488189 
vn -0.708661 -0.314961 0.629921 
vn -0.708661 -0.503937 0.488189 
vn -0.708661 -0.314961 0.629921 
vn -0.708661 -0.141732 0.692913 
vn -0.708661 -0.314961 0.629921 
vn -0.708661 -0.141732 0.692913 
vn -0.708661 0.11811 0.700787 
vn -0.708661 0 0.708661 
vn -0.708661 0.11811 0.700787 
vn -0.708661 0.11811 0.700787 
vn -0.708661 0.11811 0.700787 
vn -0.708661 0.322835 0.629921 
vn -0.708661 0.322835 0.629921 
vn -0.708661 0.322835 0.629921 
vn -0.708661 0.322835 0.629921 
vn -0.708661 0.322835 0.629921 
vn -0.708661 0.503937 0.496063 
vn -0.708661 0.503937 0.496063 
vn -0.708661 0.503937 0.496063 
vn -0.708661 0.637795 0.299213 
vn -0.708661 0.645669 0.299213 
vn -0.708661 0.637795 0.299213 
vn -0.700787 0.708661 -0.0866142 
vn -0.700787 0.708661 -0.0866142 
vn -0.700787 0.708661 0.0944882 
vn -0.708661 0.637795 -0.299213 
vn -0.708661 0.637795 -0.299213 
vn -0.708661 0.637795 -0.299213 
vn -0.708661 0.637795 -0.299213 
vn -0.700787 0.708661 -0.0866142 
vn -0.700787 0.708661 0.0944882 
vn -0.708661 0.503937 -0.496063 
vn -0.708661 0.503937 -0.496063 
vn -0.708661 0.322835 -0.629921 
vn -0.708661 0.322835 -0.629921 
vn -0.708661 0.11811 -0.700787 
vn -0.708661 0.11811 -0.700787 
vn -0.708661 -0.141732 -0.692913 
vn -0.708661 -0.149606 -0.685039 
vn -0.708661 -0.141732 -0.692913 
vn -0.708661 -0.314961 -0.629921 
vn -0.708661 -0.314961 -0.629921 
vn -0.708661 -0.314961 -0.629921 
vn -0.708661 -0.314961 -0.629921 
vn -0.716535 -0.503937 -0.488189 
vn -0.716535 -0.503937 -0.488189 
vn -0.708661 -0.653543 -0.259843 
vn -0.708661 -0.653543 -0.259843 
vn -0.708661 -0.700787 -0.0866142 
vn -0.708661 -0.700787 -0.0866142 
vn 0 -0.456693 -0.889764 
vn 0 -0.456693 -0.889764 
vn 0 -0.456693 -0.889764 
vn 0 -0.456693 -0.889764 
vn 0 0 -1 
vn 0 0 -1 
vn 0 -0.716535 -0.700787 
vn 0 -0.716535 -0.700787 
vn 0 -0.929134 -0.370079 
vn 0 -0.929134 -0.370079 
vn 0 -0.992126 -0.11811 
vn 0 -0.992126 -0.11811 
vn -1 0 0 
vn -1 0 0 
vn -1 0 0 
vn -1 0 0 
vn -1 -0.0551181 0 
vn -1 0 0 
vn -1 0 0 
vn -1 0 0 
vn -1 0 0 
vn -1 0 0 
vn -1 0 0 
vn -1 0 0 
vn -1 0 0 
vn -1 0 0 
vn -1 0 0 
vn -1 0 0 
vn -1 -0.00787402 0.015748 
vn -1 -0.00787402 0.00787402 
vn -1 -0.015748 0.00787402 
vn -1 -0.00787402 -0.015748 
vn -1 -0.00787402 -0.00787402 
vn -1 -0.015748 -0.00787402 
vn -1 -0.015748 0 
vn -1 -0.015748 0 
vn 1 0 0 
vn 1 0 0 
vn 1 0 0 
vn 1 0 0 
vn 1 0 0 
vn 1 0 0 
vn 1 0 0 
vn 1 0 0 
vn 1 0 0 
vn 1 0 0 
vn 1 0 0 
vn 1 0 0 
vn 1 0 0 
vn 1 0 0 
vn 1 0 0 
vn 1 -0.00787402 0.015748 
vn 1 -0.00787402 0.00787402 
vn 1 -0.015748 0.00787402 
vn 1 -0.015748 0 
vn 1 -0.015748 0 
vn 1 0 0 
vn 1 -0.0551181 0 
vn 1 -0.00787402 -0.00787402 
vn 1 -0.00787402 -0.00787402 
vn 1 -0.015748 -0.00787402 
vn 0 0.905512 -0.417323 
vn 0 0.905512 -0.417323 
vn 0 0.905512 -0.417323 
vn 0 0.905512 -0.417323 
vn 0 0.992126 0.125984 
vn 0 0.992126 0.125984 
vn 0 0.716535 -0.700787 
vn 0 0.716535 -0.700787 
vn 0 0.456693 -0.889764 
vn 0 0.456693 -0.889764 
vn 0 0 -1 
vn 0 0 -1 
vn 0 0 -1 
vn 0 0 -1 
vn 0 -0.992126 -0.11811 
vn 0 -0.992126 -0.11811 
vn 0 -0.992126 0.125984 
vn 0 -0.992126 0.125984 
vn 0 -0.929134 0.370079 
vn 0 -0.929134 0.370079 
vn 0 -0.716535 0.700787 
vn 0 -0.716535 0.700787 
vn 0 -0.456693 0.889764 
vn 0 -0.456693 0.889764 
vn 0 0 1 
vn 0 0 1 
vn 0 0 1 
vn 0 0 1 
vn 0 0.456693 0.889764 
vn 0 0.456693 0.889764 
vn 0 0.456693 0.889764 
vn 0 0.456693 0.889764 
vn 0 0.716535 0.700787 
vn 0 0.716535 0.700787 
vn 0 0.905512 0.417323 
vn 0 0.905512 0.417323 
vn 0 0.992126 0.125984 
vn 0 0.992126 0.125984 

vt 0.637718 0.288176 
vt 0.637718 0.271892 
vt 0.635597 0.271884 
vt 0.635597 0.288176 
vt 0.635597 0.302298 
vt 0.637718 0.302298 
vt 0.633476 0.271884 
vt 0.633476 0.288175 
vt 0.633476 0.302297 
vt 0.635597 0.319569 
vt 0.637718 0.319569 
vt 0.633476 0.319568 
vt 0.635597 0.338723 
vt 0.637718 0.338723 
vt 0.633476 0.338722 
vt 0.635597 0.356079 
vt 0.637718 0.356061 
vt 0.633476 0.356097 
vt 0.428408 0.287456 
vt 0.428408 0.271896 
vt 0.426437 0.271896 
vt 0.426437 0.287456 
vt 0.426437 0.301578 
vt 0.428408 0.301577 
vt 0.426437 0.318849 
vt 0.428408 0.318848 
vt 0.426437 0.338003 
vt 0.428408 0.338003 
vt 0.426437 0.35483 
vt 0.428408 0.35481 
vt 0.428422 0.37385 
vt 0.428422 0.376231 
vt 0.426439 0.380028 
vt 0.426439 0.377461 
vt 0.426439 0.370012 
vt 0.428422 0.366942 
vt 0.426439 0.35841 
vt 0.428422 0.356183 
vt 0.426439 0.343701 
vt 0.428422 0.342597 
vt 0.426439 0.332886 
vt 0.428422 0.332886 
vt 0.428422 0.271887 
vt 0.426439 0.271887 
vt 0.637721 0.38077 
vt 0.637721 0.383523 
vt 0.635597 0.379702 
vt 0.635597 0.377136 
vt 0.635597 0.369687 
vt 0.637721 0.37278 
vt 0.633474 0.375882 
vt 0.633474 0.373502 
vt 0.633474 0.366594 
vt 0.635597 0.358085 
vt 0.637721 0.360335 
vt 0.633474 0.355834 
vt 0.635597 0.343527 
vt 0.637721 0.344805 
vt 0.633474 0.342248 
vt 0.635597 0.332886 
vt 0.637721 0.332886 
vt 0.633474 0.332886 
vt 0.635597 0.271887 
vt 0.637721 0.271887 
vt 0.633474 0.271887 
vt 0.567922 0.293929 
vt 0.567922 0.290493 
vt 0.565656 0.290493 
vt 0.565656 0.293935 
vt 0.567922 0.286993 
vt 0.565656 0.286993 
vt 0.563324 0.290493 
vt 0.563324 0.293941 
vt 0.565656 0.282884 
vt 0.563324 0.286994 
vt 0.567922 0.282884 
vt 0.565675 0.278148 
vt 0.563324 0.282885 
vt 0.567926 0.278148 
vt 0.565674 0.271887 
vt 0.563423 0.278199 
vt 0.567926 0.271888 
vt 0.565674 0.332886 
vt 0.563422 0.271887 
vt 0.567926 0.332886 
vt 0.563422 0.345457 
vt 0.563422 0.332886 
vt 0.565674 0.344359 
vt 0.567926 0.343261 
vt 0.565674 0.359068 
vt 0.563422 0.361288 
vt 0.567926 0.356847 
vt 0.565674 0.37067 
vt 0.563422 0.373733 
vt 0.567926 0.367606 
vt 0.565674 0.378119 
vt 0.563422 0.381723 
vt 0.567926 0.374514 
vt 0.565674 0.380685 
vt 0.563422 0.384476 
vt 0.567926 0.376894 
vt 0.498502 0.294088 
vt 0.498502 0.290493 
vt 0.496404 0.290493 
vt 0.496394 0.294094 
vt 0.498502 0.286994 
vt 0.496399 0.286993 
vt 0.49438 0.290493 
vt 0.494304 0.294099 
vt 0.496399 0.282884 
vt 0.49438 0.286993 
vt 0.498502 0.282885 
vt 0.496399 0.278148 
vt 0.49438 0.282884 
vt 0.498502 0.278148 
vt 0.4964 0.271887 
vt 0.49438 0.278148 
vt 0.498495 0.271887 
vt 0.494305 0.332886 
vt 0.49438 0.271874 
vt 0.4964 0.332886 
vt 0.498495 0.332886 
vt 0.494305 0.342722 
vt 0.4964 0.344007 
vt 0.498495 0.345291 
vt 0.4964 0.358565 
vt 0.494305 0.356309 
vt 0.498495 0.360822 
vt 0.4964 0.370167 
vt 0.494305 0.367068 
vt 0.498495 0.373267 
vt 0.4964 0.377616 
vt 0.494305 0.373976 
vt 0.498495 0.381256 
vt 0.4964 0.380183 
vt 0.494305 0.376356 
vt 0.498495 0.38401 
vt 0.703055 0.381072 
vt 0.703055 0.373082 
vt 0.705132 0.370012 
vt 0.705132 0.377461 
vt 0.705132 0.380028 
vt 0.703055 0.383825 
vt 0.703055 0.360637 
vt 0.705132 0.35841 
vt 0.703055 0.344805 
vt 0.705132 0.343701 
vt 0.703055 0.332886 
vt 0.705132 0.332886 
vt 0.703055 0.271887 
vt 0.705132 0.271887 
vt 0.703051 0.271888 
vt 0.703051 0.288176 
vt 0.705133 0.288176 
vt 0.703051 0.302298 
vt 0.705133 0.302298 
vt 0.703051 0.319569 
vt 0.705133 0.319569 
vt 0.703051 0.338723 
vt 0.705133 0.338723 
vt 0.703051 0.355569 
vt 0.705133 0.355549 
vt 0.703051 0.288176 
vt 0.637718 0.288176 
vt 0.637718 0.302298 
vt 0.703051 0.302298 
vt 0.703051 0.271888 
vt 0.637718 0.271892 
vt 0.637718 0.319569 
vt 0.703051 0.319569 
vt 0.637718 0.338723 
vt 0.703051 0.338723 
vt 0.637718 0.356061 
vt 0.703051 0.355569 
vt 0.428366 0.271855 
vt 0.461186 0.271855 
vt 0.461186 0.332853 
vt 0.428366 0.332853 
vt 0.430253 0.28805 
vt 0.429553 0.344855 
vt 0.434221 0.359532 
vt 0.441476 0.371245 
vt 0.450619 0.378765 
vt 0.461189 0.381356 
vt 0.471324 0.378765 
vt 0.480466 0.371245 
vt 0.487722 0.359532 
vt 0.49239 0.344855 
vt 0.494301 0.332853 
vt 0.494301 0.271855 
vt 0.492685 0.2882 
vt 0.487974 0.293725 
vt 0.48065 0.294014 
vt 0.434705 0.293826 
vt 0.441625 0.294014 
vt 0.450344 0.294014 
vt 0.461194 0.294014 
vt 0.471423 0.294014 
vt 0.633446 0.332886 
vt 0.600224 0.332886 
vt 0.600224 0.271887 
vt 0.633446 0.271887 
vt 0.632138 0.344627 
vt 0.627429 0.359532 
vt 0.620109 0.371182 
vt 0.610887 0.378765 
vt 0.600224 0.381356 
vt 0.590001 0.378765 
vt 0.580778 0.371245 
vt 0.573459 0.359532 
vt 0.56956 0.344627 
vt 0.56797 0.332886 
vt 0.56797 0.271887 
vt 0.569206 0.288392 
vt 0.573846 0.292253 
vt 0.581056 0.294014 
vt 0.590142 0.294014 
vt 0.600215 0.294014 
vt 0.633474 0.271887 
vt 0.631852 0.287457 
vt 0.627308 0.292253 
vt 0.620246 0.294014 
vt 0.611347 0.294014 
vt 0.703055 0.381072 
vt 0.637721 0.38077 
vt 0.637721 0.37278 
vt 0.703055 0.373082 
vt 0.703055 0.383825 
vt 0.637721 0.383523 
vt 0.637721 0.360335 
vt 0.703055 0.360637 
vt 0.637721 0.344805 
vt 0.703055 0.344805 
vt 0.637721 0.332886 
vt 0.703055 0.332886 
vt 0.637721 0.271887 
vt 0.703055 0.271887 
vt 0.498502 0.294088 
vt 0.563324 0.293941 
vt 0.563324 0.290493 
vt 0.498502 0.290493 
vt 0.563324 0.286994 
vt 0.498502 0.286994 
vt 0.563324 0.282885 
vt 0.498502 0.282885 
vt 0.563423 0.278199 
vt 0.498502 0.278148 
vt 0.563422 0.271887 
vt 0.498495 0.271887 
vt 0.563422 0.332886 
vt 0.498495 0.332886 
vt 0.563422 0.345457 
vt 0.498495 0.345291 
vt 0.563422 0.361288 
vt 0.498495 0.360822 
vt 0.563422 0.373733 
vt 0.498495 0.373267 
vt 0.563422 0.381723 
vt 0.498495 0.381256 
vt 0.563422 0.384476 
vt 0.498495 0.38401 

usemtl 1Mtl

f 5514/5514/5514 5515/5515/5515 5516/5516/5516 
f 5514/5514/5514 5516/5516/5516 5517/5517/5517 
f 5518/5518/5518 5519/5519/5519 5514/5514/5514 
f 5518/5518/5518 5514/5514/5514 5517/5517/5517 
f 5516/5516/5516 5520/5520/5520 5521/5521/5521 
f 5516/5516/5516 5521/5521/5521 5517/5517/5517 
f 5521/5521/5521 5518/5518/5518 5517/5517/5517 
f 5521/5521/5521 5522/5522/5522 5518/5518/5518 
f 5522/5522/5522 5523/5523/5523 5518/5518/5518 
f 5523/5523/5523 5519/5519/5519 5518/5518/5518 
f 5523/5523/5523 5524/5524/5524 5519/5519/5519 
f 5522/5522/5522 5525/5525/5525 5523/5523/5523 
f 5525/5525/5525 5526/5526/5526 5523/5523/5523 
f 5526/5526/5526 5524/5524/5524 5523/5523/5523 
f 5526/5526/5526 5527/5527/5527 5524/5524/5524 
f 5525/5525/5525 5528/5528/5528 5526/5526/5526 
f 5528/5528/5528 5529/5529/5529 5526/5526/5526 
f 5529/5529/5529 5527/5527/5527 5526/5526/5526 
f 5529/5529/5529 5530/5530/5530 5527/5527/5527 
f 5528/5528/5528 5531/5531/5531 5529/5529/5529 
f 5532/5532/5532 5533/5533/5533 5534/5534/5534 
f 5532/5532/5532 5534/5534/5534 5535/5535/5535 
f 5536/5536/5536 5537/5537/5537 5532/5532/5532 
f 5536/5536/5536 5532/5532/5532 5535/5535/5535 
f 5538/5538/5538 5537/5537/5537 5536/5536/5536 
f 5538/5538/5538 5539/5539/5539 5537/5537/5537 
f 5540/5540/5540 5539/5539/5539 5538/5538/5538 
f 5540/5540/5540 5541/5541/5541 5539/5539/5539 
f 5542/5542/5542 5541/5541/5541 5540/5540/5540 
f 5542/5542/5542 5543/5543/5543 5541/5541/5541 
f 5544/5544/5544 5545/5545/5545 5546/5546/5546 
f 5544/5544/5544 5546/5546/5546 5547/5547/5547 
f 5548/5548/5548 5549/5549/5549 5544/5544/5544 
f 5548/5548/5548 5544/5544/5544 5547/5547/5547 
f 5550/5550/5550 5549/5549/5549 5548/5548/5548 
f 5550/5550/5550 5551/5551/5551 5549/5549/5549 
f 5552/5552/5552 5551/5551/5551 5550/5550/5550 
f 5552/5552/5552 5553/5553/5553 5551/5551/5551 
f 5554/5554/5554 5553/5553/5553 5552/5552/5552 
f 5554/5554/5554 5555/5555/5555 5553/5553/5553 
f 5556/5556/5556 5555/5555/5555 5554/5554/5554 
f 5556/5556/5556 5554/5554/5554 5557/5557/5557 
f 5558/5558/5558 5559/5559/5559 5560/5560/5560 
f 5558/5558/5558 5560/5560/5560 5561/5561/5561 
f 5562/5562/5562 5563/5563/5563 5558/5558/5558 
f 5562/5562/5562 5558/5558/5558 5561/5561/5561 
f 5560/5560/5560 5564/5564/5564 5565/5565/5565 
f 5560/5560/5560 5565/5565/5565 5561/5561/5561 
f 5565/5565/5565 5562/5562/5562 5561/5561/5561 
f 5565/5565/5565 5566/5566/5566 5562/5562/5562 
f 5566/5566/5566 5567/5567/5567 5562/5562/5562 
f 5567/5567/5567 5563/5563/5563 5562/5562/5562 
f 5567/5567/5567 5568/5568/5568 5563/5563/5563 
f 5566/5566/5566 5569/5569/5569 5567/5567/5567 
f 5569/5569/5569 5570/5570/5570 5567/5567/5567 
f 5570/5570/5570 5568/5568/5568 5567/5567/5567 
f 5570/5570/5570 5571/5571/5571 5568/5568/5568 
f 5569/5569/5569 5572/5572/5572 5570/5570/5570 
f 5572/5572/5572 5573/5573/5573 5570/5570/5570 
f 5573/5573/5573 5571/5571/5571 5570/5570/5570 
f 5573/5573/5573 5574/5574/5574 5571/5571/5571 
f 5572/5572/5572 5575/5575/5575 5573/5573/5573 
f 5575/5575/5575 5576/5576/5576 5573/5573/5573 
f 5576/5576/5576 5574/5574/5574 5573/5573/5573 
f 5576/5576/5576 5577/5577/5577 5574/5574/5574 
f 5575/5575/5575 5578/5578/5578 5576/5576/5576 
f 5579/5579/5579 5580/5580/5580 5581/5581/5581 
f 5579/5579/5579 5581/5581/5581 5582/5582/5582 
f 5580/5580/5580 5583/5583/5583 5584/5584/5584 
f 5580/5580/5580 5584/5584/5584 5581/5581/5581 
f 5581/5581/5581 5585/5585/5585 5586/5586/5586 
f 5581/5581/5581 5586/5586/5586 5582/5582/5582 
f 5584/5584/5584 5585/5585/5585 5581/5581/5581 
f 5583/5583/5583 5587/5587/5587 5584/5584/5584 
f 5584/5584/5584 5588/5588/5588 5585/5585/5585 
f 5587/5587/5587 5588/5588/5588 5584/5584/5584 
f 5583/5583/5583 5589/5589/5589 5587/5587/5587 
f 5589/5589/5589 5590/5590/5590 5587/5587/5587 
f 5587/5587/5587 5591/5591/5591 5588/5588/5588 
f 5590/5590/5590 5591/5591/5591 5587/5587/5587 
f 5589/5589/5589 5592/5592/5592 5590/5590/5590 
f 5592/5592/5592 5593/5593/5593 5590/5590/5590 
f 5590/5590/5590 5594/5594/5594 5591/5591/5591 
f 5593/5593/5593 5594/5594/5594 5590/5590/5590 
f 5592/5592/5592 5595/5595/5595 5593/5593/5593 
f 5595/5595/5595 5596/5596/5596 5593/5593/5593 
f 5593/5593/5593 5597/5597/5597 5594/5594/5594 
f 5596/5596/5596 5597/5597/5597 5593/5593/5593 
f 5595/5595/5595 5598/5598/5598 5596/5596/5596 
f 5599/5599/5599 5600/5600/5600 5596/5596/5596 
f 5599/5599/5599 5596/5596/5596 5601/5601/5601 
f 5596/5596/5596 5598/5598/5598 5602/5602/5602 
f 5596/5596/5596 5602/5602/5602 5601/5601/5601 
f 5596/5596/5596 5600/5600/5600 5597/5597/5597 
f 5603/5603/5603 5604/5604/5604 5599/5599/5599 
f 5603/5603/5603 5599/5599/5599 5601/5601/5601 
f 5602/5602/5602 5603/5603/5603 5601/5601/5601 
f 5602/5602/5602 5605/5605/5605 5603/5603/5603 
f 5605/5605/5605 5606/5606/5606 5603/5603/5603 
f 5606/5606/5606 5604/5604/5604 5603/5603/5603 
f 5606/5606/5606 5607/5607/5607 5604/5604/5604 
f 5605/5605/5605 5608/5608/5608 5606/5606/5606 
f 5608/5608/5608 5609/5609/5609 5606/5606/5606 
f 5609/5609/5609 5607/5607/5607 5606/5606/5606 
f 5609/5609/5609 5610/5610/5610 5607/5607/5607 
f 5608/5608/5608 5611/5611/5611 5609/5609/5609 
f 5611/5611/5611 5612/5612/5612 5609/5609/5609 
f 5612/5612/5612 5610/5610/5610 5609/5609/5609 
f 5612/5612/5612 5613/5613/5613 5610/5610/5610 
f 5611/5611/5611 5614/5614/5614 5612/5612/5612 
f 5615/5615/5615 5616/5616/5616 5617/5617/5617 
f 5615/5615/5615 5617/5617/5617 5618/5618/5618 
f 5616/5616/5616 5619/5619/5619 5620/5620/5620 
f 5616/5616/5616 5620/5620/5620 5617/5617/5617 
f 5617/5617/5617 5621/5621/5621 5622/5622/5622 
f 5617/5617/5617 5622/5622/5622 5618/5618/5618 
f 5620/5620/5620 5621/5621/5621 5617/5617/5617 
f 5619/5619/5619 5623/5623/5623 5620/5620/5620 
f 5620/5620/5620 5624/5624/5624 5621/5621/5621 
f 5623/5623/5623 5624/5624/5624 5620/5620/5620 
f 5619/5619/5619 5625/5625/5625 5623/5623/5623 
f 5625/5625/5625 5626/5626/5626 5623/5623/5623 
f 5623/5623/5623 5627/5627/5627 5624/5624/5624 
f 5626/5626/5626 5627/5627/5627 5623/5623/5623 
f 5625/5625/5625 5628/5628/5628 5626/5626/5626 
f 5628/5628/5628 5629/5629/5629 5626/5626/5626 
f 5626/5626/5626 5630/5630/5630 5627/5627/5627 
f 5629/5629/5629 5630/5630/5630 5626/5626/5626 
f 5628/5628/5628 5631/5631/5631 5629/5629/5629 
f 5632/5632/5632 5633/5633/5633 5629/5629/5629 
f 5632/5632/5632 5629/5629/5629 5634/5634/5634 
f 5629/5629/5629 5633/5633/5633 5630/5630/5630 
f 5629/5629/5629 5631/5631/5631 5635/5635/5635 
f 5629/5629/5629 5635/5635/5635 5634/5634/5634 
f 5636/5636/5636 5632/5632/5632 5634/5634/5634 
f 5636/5636/5636 5634/5634/5634 5637/5637/5637 
f 5634/5634/5634 5635/5635/5635 5638/5638/5638 
f 5634/5634/5634 5638/5638/5638 5637/5637/5637 
f 5639/5639/5639 5640/5640/5640 5636/5636/5636 
f 5639/5639/5639 5636/5636/5636 5637/5637/5637 
f 5638/5638/5638 5639/5639/5639 5637/5637/5637 
f 5638/5638/5638 5641/5641/5641 5639/5639/5639 
f 5641/5641/5641 5642/5642/5642 5639/5639/5639 
f 5642/5642/5642 5640/5640/5640 5639/5639/5639 
f 5642/5642/5642 5643/5643/5643 5640/5640/5640 
f 5641/5641/5641 5644/5644/5644 5642/5642/5642 
f 5644/5644/5644 5645/5645/5645 5642/5642/5642 
f 5645/5645/5645 5643/5643/5643 5642/5642/5642 
f 5645/5645/5645 5646/5646/5646 5643/5643/5643 
f 5644/5644/5644 5647/5647/5647 5645/5645/5645 
f 5647/5647/5647 5648/5648/5648 5645/5645/5645 
f 5648/5648/5648 5646/5646/5646 5645/5645/5645 
f 5648/5648/5648 5649/5649/5649 5646/5646/5646 
f 5647/5647/5647 5650/5650/5650 5648/5648/5648 
f 5651/5651/5651 5652/5652/5652 5653/5653/5653 
f 5651/5651/5651 5653/5653/5653 5654/5654/5654 
f 5655/5655/5655 5656/5656/5656 5651/5651/5651 
f 5655/5655/5655 5651/5651/5651 5654/5654/5654 
f 5652/5652/5652 5657/5657/5657 5658/5658/5658 
f 5652/5652/5652 5658/5658/5658 5653/5653/5653 
f 5657/5657/5657 5659/5659/5659 5660/5660/5660 
f 5657/5657/5657 5660/5660/5660 5658/5658/5658 
f 5659/5659/5659 5661/5661/5661 5662/5662/5662 
f 5659/5659/5659 5662/5662/5662 5660/5660/5660 
f 5662/5662/5662 5661/5661/5661 5663/5663/5663 
f 5662/5662/5662 5663/5663/5663 5664/5664/5664 
f 5664/5664/5664 5665/5665/5665 5666/5666/5666 
f 5664/5664/5664 5666/5666/5666 5667/5667/5667 
f 5666/5666/5666 5668/5668/5668 5669/5669/5669 
f 5666/5666/5666 5669/5669/5669 5667/5667/5667 
f 5668/5668/5668 5670/5670/5670 5671/5671/5671 
f 5668/5668/5668 5671/5671/5671 5669/5669/5669 
f 5670/5670/5670 5672/5672/5672 5673/5673/5673 
f 5670/5670/5670 5673/5673/5673 5671/5671/5671 
f 5672/5672/5672 5674/5674/5674 5675/5675/5675 
f 5672/5672/5672 5675/5675/5675 5673/5673/5673 
f 5676/5676/5676 5677/5677/5677 5678/5678/5678 
f 5676/5676/5676 5678/5678/5678 5679/5679/5679 
f 5680/5680/5680 5677/5677/5677 5676/5676/5676 
f 5680/5680/5680 5681/5681/5681 5677/5677/5677 
f 5679/5679/5679 5678/5678/5678 5682/5682/5682 
f 5679/5679/5679 5682/5682/5682 5683/5683/5683 
f 5683/5683/5683 5682/5682/5682 5684/5684/5684 
f 5683/5683/5683 5684/5684/5684 5685/5685/5685 
f 5685/5685/5685 5684/5684/5684 5686/5686/5686 
f 5685/5685/5685 5686/5686/5686 5687/5687/5687 
f 5688/5688/5688 5689/5689/5689 5690/5690/5690 
f 5688/5688/5688 5690/5690/5690 5691/5691/5691 
f 5692/5692/5692 5689/5689/5689 5688/5688/5688 
f 5691/5691/5691 5690/5690/5690 5693/5693/5693 
f 5693/5693/5693 5690/5690/5690 5694/5694/5694 
f 5694/5694/5694 5690/5690/5690 5695/5695/5695 
f 5695/5695/5695 5690/5690/5690 5696/5696/5696 
f 5696/5696/5696 5690/5690/5690 5697/5697/5697 
f 5697/5697/5697 5690/5690/5690 5698/5698/5698 
f 5698/5698/5698 5690/5690/5690 5699/5699/5699 
f 5699/5699/5699 5690/5690/5690 5700/5700/5700 
f 5700/5700/5700 5690/5690/5690 5701/5701/5701 
f 5702/5702/5702 5690/5690/5690 5689/5689/5689 
f 5701/5701/5701 5690/5690/5690 5702/5702/5702 
f 5702/5702/5702 5689/5689/5689 5703/5703/5703 
f 5703/5703/5703 5689/5689/5689 5704/5704/5704 
f 5704/5704/5704 5689/5689/5689 5705/5705/5705 
f 5705/5705/5705 5689/5689/5689 5706/5706/5706 
f 5707/5707/5707 5689/5689/5689 5692/5692/5692 
f 5708/5708/5708 5689/5689/5689 5707/5707/5707 
f 5709/5709/5709 5689/5689/5689 5708/5708/5708 
f 5710/5710/5710 5689/5689/5689 5709/5709/5709 
f 5711/5711/5711 5689/5689/5689 5710/5710/5710 
f 5706/5706/5706 5689/5689/5689 5711/5711/5711 
f 5712/5712/5712 5713/5713/5713 5714/5714/5714 
f 5712/5712/5712 5714/5714/5714 5715/5715/5715 
f 5716/5716/5716 5713/5713/5713 5712/5712/5712 
f 5717/5717/5717 5713/5713/5713 5716/5716/5716 
f 5718/5718/5718 5713/5713/5713 5717/5717/5717 
f 5719/5719/5719 5713/5713/5713 5718/5718/5718 
f 5720/5720/5720 5713/5713/5713 5719/5719/5719 
f 5721/5721/5721 5713/5713/5713 5720/5720/5720 
f 5722/5722/5722 5713/5713/5713 5721/5721/5721 
f 5723/5723/5723 5713/5713/5713 5722/5722/5722 
f 5724/5724/5724 5713/5713/5713 5723/5723/5723 
f 5725/5725/5725 5713/5713/5713 5724/5724/5724 
f 5726/5726/5726 5713/5713/5713 5725/5725/5725 
f 5726/5726/5726 5714/5714/5714 5713/5713/5713 
f 5727/5727/5727 5714/5714/5714 5726/5726/5726 
f 5728/5728/5728 5714/5714/5714 5727/5727/5727 
f 5729/5729/5729 5714/5714/5714 5728/5728/5728 
f 5730/5730/5730 5714/5714/5714 5729/5729/5729 
f 5731/5731/5731 5714/5714/5714 5730/5730/5730 
f 5732/5732/5732 5714/5714/5714 5733/5733/5733 
f 5734/5734/5734 5714/5714/5714 5735/5735/5735 
f 5735/5735/5735 5714/5714/5714 5736/5736/5736 
f 5736/5736/5736 5714/5714/5714 5731/5731/5731 
f 5714/5714/5714 5734/5734/5734 5733/5733/5733 
f 5737/5737/5737 5738/5738/5738 5739/5739/5739 
f 5737/5737/5737 5739/5739/5739 5740/5740/5740 
f 5741/5741/5741 5738/5738/5738 5737/5737/5737 
f 5741/5741/5741 5742/5742/5742 5738/5738/5738 
f 5740/5740/5740 5739/5739/5739 5743/5743/5743 
f 5740/5740/5740 5743/5743/5743 5744/5744/5744 
f 5744/5744/5744 5743/5743/5743 5745/5745/5745 
f 5744/5744/5744 5745/5745/5745 5746/5746/5746 
f 5746/5746/5746 5745/5745/5745 5747/5747/5747 
f 5746/5746/5746 5747/5747/5747 5748/5748/5748 
f 5748/5748/5748 5747/5747/5747 5749/5749/5749 
f 5748/5748/5748 5749/5749/5749 5750/5750/5750 
f 5751/5751/5751 5752/5752/5752 5753/5753/5753 
f 5751/5751/5751 5753/5753/5753 5754/5754/5754 
f 5754/5754/5754 5753/5753/5753 5755/5755/5755 
f 5754/5754/5754 5755/5755/5755 5756/5756/5756 
f 5756/5756/5756 5755/5755/5755 5757/5757/5757 
f 5756/5756/5756 5757/5757/5757 5758/5758/5758 
f 5758/5758/5758 5757/5757/5757 5759/5759/5759 
f 5758/5758/5758 5759/5759/5759 5760/5760/5760 
f 5760/5760/5760 5759/5759/5759 5761/5761/5761 
f 5760/5760/5760 5761/5761/5761 5762/5762/5762 
f 5762/5762/5762 5761/5761/5761 5763/5763/5763 
f 5762/5762/5762 5763/5763/5763 5764/5764/5764 
f 5764/5764/5764 5763/5763/5763 5765/5765/5765 
f 5764/5764/5764 5765/5765/5765 5766/5766/5766 
f 5766/5766/5766 5765/5765/5765 5767/5767/5767 
f 5766/5766/5766 5767/5767/5767 5768/5768/5768 
f 5768/5768/5768 5767/5767/5767 5769/5769/5769 
f 5768/5768/5768 5769/5769/5769 5770/5770/5770 
f 5770/5770/5770 5769/5769/5769 5771/5771/5771 
f 5770/5770/5770 5771/5771/5771 5772/5772/5772 
f 5772/5772/5772 5771/5771/5771 5773/5773/5773 
f 5772/5772/5772 5773/5773/5773 5774/5774/5774 

g 7

v 366 0.2754 200.933 
v 366.046 0.20255 200.894 
v 366.076 0.20255 200.924 
v 366.033 0.2754 200.967 
v 366.106 0.20255 200.954 
v 366.067 0.2754 201 
v 366.933 0.2754 201 
v 366.894 0.20255 200.954 
v 366.924 0.20255 200.924 
v 366.967 0.2754 200.967 
v 366.954 0.20255 200.894 
v 367 0.2754 200.933 
v 366.076 0.20255 200.076 
v 366.046 0.20255 200.106 
v 366 0.2754 200.067 
v 366.033 0.2754 200.033 
v 366.067 0.2754 200 
v 366.106 0.20255 200.046 
v 366.076 0.20255 200.076 
v 366.033 0.2754 200.033 
v 367 0.2754 200.067 
v 366.954 0.20255 200.106 
v 366.924 0.20255 200.076 
v 366.967 0.2754 200.033 
v 366.894 0.20255 200.046 
v 366.933 0.2754 200 
v 366 0.2754 200.503 
v 366.046 0.20255 200.503 
v 366.046 0.20255 200.894 
v 366 0.2754 200.933 
v 366 0.2754 200.067 
v 366.046 0.20255 200.106 
v 366.046 0.20255 200.503 
v 366 0.2754 200.503 
v 367 0.2754 200.933 
v 366.954 0.20255 200.894 
v 366.954 0.20255 200.503 
v 367 0.2754 200.503 
v 367 0.2754 200.503 
v 366.954 0.20255 200.503 
v 366.954 0.20255 200.106 
v 367 0.2754 200.067 
v 366.067 0.2754 201 
v 366.106 0.20255 200.954 
v 366.894 0.20255 200.954 
v 366.933 0.2754 201 
v 366.933 0.2754 200 
v 366.894 0.20255 200.046 
v 366.106 0.20255 200.046 
v 366.067 0.2754 200 
v 366.954 0.20255 200.894 
v 366.894 0.20255 200.895 
v 366.954 0.20255 200.503 
v 366.046 0.20255 200.503 
v 366.107 0.20255 200.895 
v 366.046 0.20255 200.894 
v 366.894 0.20255 200.895 
v 366.954 0.20255 200.894 
v 366.924 0.20255 200.924 
v 366.894 0.20255 200.954 
v 366.954 0.20255 200.503 
v 366.894 0.20255 200.104 
v 366.954 0.20255 200.106 
v 366.106 0.20255 200.954 
v 366.107 0.20255 200.895 
v 366.894 0.20255 200.895 
v 366.894 0.20255 200.954 
v 366.954 0.20255 200.503 
v 366.894 0.20255 200.895 
v 366.894 0.20255 200.104 
v 366.894 0.20255 200.104 
v 366.894 0.20255 200.046 
v 366.924 0.20255 200.076 
v 366.954 0.20255 200.106 
v 366.894 0.20255 200.895 
v 366.107 0.20255 200.895 
v 366.894 0.20255 200.104 
v 366.894 0.20255 200.104 
v 366.107 0.20255 200.895 
v 366.108 0.20255 200.106 
v 366.107 0.20255 200.895 
v 366.106 0.20255 200.954 
v 366.076 0.20255 200.924 
v 366.046 0.20255 200.894 
v 366.108 0.20255 200.106 
v 366.106 0.20255 200.046 
v 366.894 0.20255 200.046 
v 366.894 0.20255 200.104 
v 366.046 0.20255 200.503 
v 366.108 0.20255 200.106 
v 366.107 0.20255 200.895 
v 366.046 0.20255 200.106 
v 366.108 0.20255 200.106 
v 366.046 0.20255 200.503 
v 366.046 0.20255 200.106 
v 366.076 0.20255 200.076 
v 366.108 0.20255 200.106 
v 366.106 0.20255 200.046 
v 366 0.2754 200.067 
v 366 1.17921 200.067 
v 366.033 1.17921 200.033 
v 366.033 0.2754 200.033 
v 367 1.17921 200.067 
v 367 0.2754 200.067 
v 366.967 0.2754 200.033 
v 366.967 1.17921 200.033 
v 366.933 0.2754 200 
v 366.933 1.17921 200 
v 366.967 1.17921 200.033 
v 366.933 1.17921 200 
v 366.923 1.22857 200.044 
v 366.956 1.21959 200.074 
v 366.989 1.21124 200.105 
v 367 1.17921 200.067 
v 366.967 1.17921 200.033 
v 366.956 1.21959 200.074 
v 366.989 1.34069 200.374 
v 366.989 1.31073 200.263 
v 366.956 1.32887 200.245 
v 366.956 1.36181 200.365 
v 366.956 1.37364 200.502 
v 366.989 1.35136 200.502 
v 366.989 1.26598 200.175 
v 366.956 1.27978 200.15 
v 366.989 1.21124 200.105 
v 366.956 1.21959 200.074 
v 366.011 1.34069 200.374 
v 366.011 1.35136 200.502 
v 366.044 1.37364 200.502 
v 366.044 1.36181 200.365 
v 366.044 1.32887 200.245 
v 366.011 1.31073 200.263 
v 366.044 1.27978 200.15 
v 366.011 1.26598 200.175 
v 366.044 1.21959 200.074 
v 366.011 1.21124 200.105 
v 366.033 1.17921 200.033 
v 366 1.17921 200.067 
v 366.923 1.3827 200.355 
v 366.923 1.39564 200.502 
v 366.956 1.37364 200.502 
v 366.956 1.36181 200.365 
v 366.956 1.32887 200.245 
v 366.923 1.3469 200.226 
v 366.956 1.27978 200.15 
v 366.923 1.29388 200.124 
v 366.956 1.21959 200.074 
v 366.923 1.22857 200.044 
v 366.077 1.23622 200.943 
v 366.077 1.29386 200.875 
v 366.044 1.27977 200.85 
v 366.044 1.22714 200.913 
v 366.033 1.17921 200.967 
v 366.067 1.17921 201 
v 366.077 1.34439 200.767 
v 366.044 1.3264 200.748 
v 366.011 1.26599 200.825 
v 366.011 1.21863 200.882 
v 366 1.17921 200.933 
v 366.033 0.2754 200.967 
v 366.067 0.2754 201 
v 366 0.2754 200.933 
v 366.011 1.30832 200.73 
v 366.044 1.35866 200.637 
v 366.077 1.37951 200.647 
v 366.044 1.37364 200.502 
v 366.011 1.33762 200.628 
v 366.077 1.39564 200.502 
v 366.011 1.35136 200.502 
v 366.923 1.23622 200.943 
v 366.933 1.17921 201 
v 366.967 1.17921 200.967 
v 366.956 1.22714 200.913 
v 366.956 1.27977 200.85 
v 366.923 1.29386 200.875 
v 366.933 0.2754 201 
v 367 0.2754 200.933 
v 367 1.17921 200.933 
v 366.967 0.2754 200.967 
v 366.989 1.21863 200.882 
v 366.989 1.26599 200.825 
v 366.956 1.3264 200.748 
v 366.923 1.34439 200.767 
v 366.989 1.30832 200.73 
v 366.956 1.35866 200.637 
v 366.923 1.37951 200.647 
v 366.989 1.33762 200.628 
v 366.956 1.37364 200.502 
v 366.923 1.39564 200.502 
v 366.989 1.35136 200.502 
v 366.077 1.3827 200.355 
v 366.077 1.34689 200.226 
v 366.044 1.32887 200.245 
v 366.044 1.36181 200.365 
v 366.044 1.37364 200.502 
v 366.077 1.39564 200.502 
v 366.077 1.29388 200.124 
v 366.044 1.27978 200.15 
v 366.077 1.22857 200.044 
v 366.044 1.21959 200.074 
v 366.067 1.17921 200 
v 366.033 1.17921 200.033 
v 366.033 1.17921 200.033 
v 366.067 0.2754 200 
v 366.033 0.2754 200.033 
v 366.011 1.35136 200.502 
v 366 1.17921 200.503 
v 366.011 1.33762 200.628 
v 366.989 1.33762 200.628 
v 367 1.17921 200.503 
v 366.989 1.35136 200.502 
v 366.011 1.34069 200.374 
v 366 1.17921 200.503 
v 366.011 1.35136 200.502 
v 366.989 1.35136 200.502 
v 367 1.17921 200.503 
v 366.989 1.34069 200.374 
v 366.011 1.33762 200.628 
v 366 1.17921 200.503 
v 366.011 1.30832 200.73 
v 366.989 1.30832 200.73 
v 367 1.17921 200.503 
v 366.989 1.33762 200.628 
v 366.011 1.31073 200.263 
v 366 1.17921 200.503 
v 366.011 1.34069 200.374 
v 366.989 1.34069 200.374 
v 367 1.17921 200.503 
v 366.989 1.31073 200.263 
v 366 0.2754 200.067 
v 366 0.2754 200.503 
v 366 1.17921 200.503 
v 366 1.17921 200.067 
v 366 1.17921 200.933 
v 366 0.2754 200.933 
v 366.011 1.26598 200.175 
v 366.011 1.31073 200.263 
v 366.011 1.21124 200.105 
v 366.011 1.21863 200.882 
v 366.011 1.26599 200.825 
v 366.011 1.30832 200.73 
v 367 1.17921 200.067 
v 367 1.17921 200.503 
v 367 0.2754 200.503 
v 367 0.2754 200.067 
v 366.989 1.21124 200.105 
v 367 1.17921 200.503 
v 367 0.2754 200.933 
v 367 1.17921 200.933 
v 367 1.17921 200.933 
v 366.989 1.21863 200.882 
v 366.989 1.26599 200.825 
v 366.989 1.30832 200.73 
v 366.989 1.31073 200.263 
v 366.989 1.26598 200.175 
v 366.077 1.23622 200.943 
v 366.923 1.23622 200.943 
v 366.923 1.29386 200.875 
v 366.077 1.29386 200.875 
v 366.067 1.17921 201 
v 366.933 1.17921 201 
v 366.067 0.2754 201 
v 366.933 0.2754 201 
v 366.923 1.34439 200.767 
v 366.077 1.34439 200.767 
v 366.923 1.37951 200.647 
v 366.077 1.37951 200.647 
v 366.923 1.39564 200.502 
v 366.077 1.39564 200.502 
v 366.077 1.3827 200.355 
v 366.923 1.3827 200.355 
v 366.923 1.3469 200.226 
v 366.077 1.34689 200.226 
v 366.077 1.39564 200.502 
v 366.923 1.39564 200.502 
v 366.923 1.29388 200.124 
v 366.077 1.29388 200.124 
v 366.923 1.22857 200.044 
v 366.077 1.22857 200.044 
v 366.933 1.17921 200 
v 366.067 1.17921 200 
v 366.933 1.17921 200 
v 366.933 0.2754 200 
v 366.067 0.2754 200 

vn -0.574803 -0.629921 0.527559 
vn -0.574803 -0.637795 0.519685 
vn -0.574803 -0.629921 0.527559 
vn -0.574803 -0.637795 0.519685 
vn -0.574803 -0.629921 0.527559 
vn -0.574803 -0.629921 0.527559 
vn 0.574803 -0.629921 0.527559 
vn 0.574803 -0.629921 0.527559 
vn 0.574803 -0.629921 0.527559 
vn 0.574803 -0.637795 0.519685 
vn 0.574803 -0.637795 0.519685 
vn 0.574803 -0.629921 0.527559 
vn -0.574803 -0.629921 -0.527559 
vn -0.574803 -0.637795 -0.519685 
vn -0.574803 -0.629921 -0.527559 
vn -0.574803 -0.637795 -0.519685 
vn -0.574803 -0.629921 -0.527559 
vn -0.574803 -0.629921 -0.527559 
vn -0.574803 -0.629921 -0.527559 
vn -0.574803 -0.637795 -0.519685 
vn 0.574803 -0.629921 -0.527559 
vn 0.574803 -0.637795 -0.519685 
vn 0.574803 -0.629921 -0.527559 
vn 0.574803 -0.637795 -0.519685 
vn 0.574803 -0.629921 -0.527559 
vn 0.574803 -0.629921 -0.527559 
vn -0.850394 -0.527559 0.00787402 
vn -0.850394 -0.527559 0.00787402 
vn -0.84252 -0.535433 0.00787402 
vn -0.850394 -0.527559 0.023622 
vn -0.850394 -0.527559 -0.023622 
vn -0.84252 -0.535433 -0.00787402 
vn -0.850394 -0.527559 -0.00787402 
vn -0.850394 -0.527559 -0.00787402 
vn 0.850394 -0.527559 0.023622 
vn 0.84252 -0.535433 0.00787402 
vn 0.850394 -0.527559 0.00787402 
vn 0.850394 -0.527559 0.00787402 
vn 0.850394 -0.527559 -0.00787402 
vn 0.850394 -0.527559 -0.00787402 
vn 0.84252 -0.535433 -0.00787402 
vn 0.850394 -0.527559 -0.023622 
vn -0.015748 -0.527559 0.850394 
vn -0.00787402 -0.527559 0.850394 
vn 0.00787402 -0.527559 0.850394 
vn 0.015748 -0.527559 0.850394 
vn 0.015748 -0.527559 -0.850394 
vn 0.00787402 -0.527559 -0.850394 
vn -0.00787402 -0.527559 -0.850394 
vn -0.015748 -0.527559 -0.850394 
vn 0.0944882 -0.992126 0.023622 
vn 0.0944882 -0.992126 0.023622 
vn 0.0944882 -0.992126 0.015748 
vn -0.0866142 -0.992126 0.015748 
vn -0.0866142 -0.992126 0.023622 
vn -0.0866142 -0.992126 0.023622 
vn 0.0944882 -0.992126 0.015748 
vn 0.0944882 -0.992126 0.015748 
vn 0.0944882 -0.992126 0.015748 
vn 0.0944882 -0.992126 0.015748 
vn 0.0944882 -0.992126 -0.015748 
vn 0.0944882 -0.992126 -0.023622 
vn 0.0944882 -0.992126 -0.023622 
vn -0.00787402 -1 0.015748 
vn -0.00787402 -1 0.00787402 
vn 0.00787402 -1 0.00787402 
vn 0.00787402 -1 0.015748 
vn 0.015748 -1 0 
vn 0.00787402 -1 0.015748 
vn 0.00787402 -1 -0.015748 
vn 0.0944882 -0.992126 -0.015748 
vn 0.0944882 -0.992126 -0.015748 
vn 0.0944882 -0.992126 -0.015748 
vn 0.0944882 -0.992126 -0.015748 
vn 0.00787402 -1 0.015748 
vn -0.00787402 -1 0.015748 
vn 0.00787402 -1 -0.015748 
vn 0.00787402 -1 -0.015748 
vn -0.015748 -1 0.00787402 
vn -0.015748 -1 -0.015748 
vn -0.0866142 -1 0.00787402 
vn -0.0866142 -1 0.00787402 
vn -0.0866142 -0.992126 0.00787402 
vn -0.0866142 -0.992126 0.00787402 
vn -0.015748 -1 0.023622 
vn -0.015748 -1 0.023622 
vn 0.00787402 -1 0.023622 
vn 0.00787402 -1 0.023622 
vn 0.0314961 -1 -0.00787402 
vn 0.0314961 -1 -0.015748 
vn 0.0314961 -1 0.00787402 
vn -0.015748 -1 -0.023622 
vn -0.015748 -1 -0.023622 
vn -0.015748 -1 -0.015748 
vn -0.015748 -1 0.0629921 
vn -0.015748 -1 0.0629921 
vn -0.015748 -1 0.0629921 
vn -0.015748 -1 0.0629921 
vn -0.708661 0 -0.708661 
vn -0.708661 0 -0.708661 
vn -0.708661 0.173228 -0.685039 
vn -0.708661 0 -0.708661 
vn 0.708661 0 -0.708661 
vn 0.708661 0 -0.708661 
vn 0.708661 0 -0.708661 
vn 0.708661 0 -0.708661 
vn 0.708661 0 -0.708661 
vn 0.708661 0 -0.708661 
vn 0.708661 0.181102 -0.677165 
vn 0.708661 0.165354 -0.685039 
vn 0.708661 0.173228 -0.685039 
vn 0.708661 0.181102 -0.677165 
vn 0.708661 0.173228 -0.677165 
vn 0.708661 0.173228 -0.685039 
vn 0.708661 0.181102 -0.677165 
vn 0.708661 0.181102 -0.677165 
vn 0.708661 0.614173 -0.338583 
vn 0.708661 0.614173 -0.338583 
vn 0.708661 0.614173 -0.338583 
vn 0.716535 0.692913 -0.11811 
vn 0.716535 0.692913 -0.11811 
vn 0.716535 0.692913 0.11811 
vn 0.716535 0.488189 -0.503937 
vn 0.716535 0.488189 -0.503937 
vn 0.716535 0.314961 -0.622047 
vn 0.716535 0.314961 -0.622047 
vn -0.716535 0.692913 -0.11811 
vn -0.716535 0.692913 -0.11811 
vn -0.716535 0.692913 -0.11811 
vn -0.708661 0.614173 -0.338583 
vn -0.708661 0.614173 -0.338583 
vn -0.708661 0.614173 -0.338583 
vn -0.708661 0.488189 -0.503937 
vn -0.716535 0.488189 -0.503937 
vn -0.716535 0.314961 -0.622047 
vn -0.716535 0.314961 -0.622047 
vn -0.708661 0.173228 -0.685039 
vn -0.708661 0 -0.708661 
vn 0.716535 0.692913 -0.11811 
vn 0.716535 0.685039 -0.11811 
vn 0.716535 0.692913 -0.11811 
vn 0.716535 0.692913 -0.11811 
vn 0.708661 0.614173 -0.338583 
vn 0.708661 0.614173 -0.338583 
vn 0.716535 0.488189 -0.503937 
vn 0.708661 0.488189 -0.503937 
vn 0.716535 0.314961 -0.622047 
vn 0.716535 0.314961 -0.622047 
vn -0.716535 0.314961 0.622047 
vn -0.716535 0.314961 0.622047 
vn -0.716535 0.314961 0.622047 
vn -0.716535 0.314961 0.622047 
vn -0.708661 0.173228 0.677165 
vn -0.708661 0.165354 0.685039 
vn -0.708661 0.488189 0.503937 
vn -0.708661 0.488189 0.503937 
vn -0.716535 0.314961 0.622047 
vn -0.708661 0.173228 0.677165 
vn -0.708661 0.173228 0.685039 
vn -0.708661 0 0.708661 
vn -0.700787 0 0.708661 
vn -0.708661 0 0.708661 
vn -0.708661 0.488189 0.503937 
vn -0.708661 0.614173 0.338583 
vn -0.708661 0.614173 0.338583 
vn -0.716535 0.692913 -0.11811 
vn -0.708661 0.614173 0.338583 
vn -0.716535 0.685039 0.11811 
vn -0.716535 0.692913 -0.11811 
vn 0.708661 0.173228 0.685039 
vn 0.708661 0.165354 0.685039 
vn 0.708661 0.173228 0.685039 
vn 0.708661 0.173228 0.685039 
vn 0.716535 0.314961 0.622047 
vn 0.716535 0.314961 0.622047 
vn 0.700787 0 0.708661 
vn 0.708661 0 0.708661 
vn 0.708661 0 0.708661 
vn 0.708661 0 0.708661 
vn 0.716535 0.314961 0.622047 
vn 0.716535 0.314961 0.622047 
vn 0.708661 0.488189 0.503937 
vn 0.708661 0.488189 0.503937 
vn 0.708661 0.488189 0.503937 
vn 0.708661 0.614173 0.338583 
vn 0.708661 0.614173 0.338583 
vn 0.708661 0.614173 0.338583 
vn 0.716535 0.692913 -0.11811 
vn 0.716535 0.685039 -0.11811 
vn 0.716535 0.692913 0.11811 
vn -0.708661 0.614173 -0.338583 
vn -0.708661 0.614173 -0.338583 
vn -0.708661 0.614173 -0.338583 
vn -0.708661 0.614173 -0.338583 
vn -0.716535 0.692913 -0.11811 
vn -0.716535 0.685039 0.11811 
vn -0.708661 0.488189 -0.503937 
vn -0.708661 0.488189 -0.503937 
vn -0.716535 0.314961 -0.622047 
vn -0.716535 0.314961 -0.622047 
vn -0.708661 0.165354 -0.685039 
vn -0.708661 0.173228 -0.685039 
vn -0.708661 0.173228 -0.685039 
vn -0.708661 0 -0.708661 
vn -0.708661 0 -0.708661 
vn -1 0.023622 0.00787402 
vn -1 0.023622 0.00787402 
vn -1 0.023622 0.00787402 
vn 1 0.023622 0.00787402 
vn 1 0.023622 0.00787402 
vn 1 0.023622 0.00787402 
vn -1 0.023622 -0.00787402 
vn -1 0.023622 -0.00787402 
vn -1 0.023622 -0.00787402 
vn 1 0.023622 -0.00787402 
vn 1 0.023622 -0.00787402 
vn 1 0.023622 -0.00787402 
vn -1 0.023622 0.015748 
vn -1 0.023622 0.015748 
vn -1 0.023622 0.015748 
vn 1 0.023622 0.015748 
vn 1 0.023622 0.015748 
vn 1 0.023622 0.015748 
vn -1 0.023622 -0.015748 
vn -1 0.023622 -0.015748 
vn -1 0.023622 -0.015748 
vn 1 0.023622 -0.015748 
vn 1 0.023622 -0.015748 
vn 1 0.023622 -0.015748 
vn -1 0 -0.015748 
vn -1 0 0 
vn -1 0 0 
vn -1 0 -0.015748 
vn -1 0 0.015748 
vn -1 0 0.015748 
vn -1 0.015748 -0.015748 
vn -1 0.015748 -0.015748 
vn -1 0.015748 -0.023622 
vn -0.992126 0.0944882 0 
vn -1 0.015748 0.023622 
vn -1 0.015748 0.023622 
vn 1 0 -0.015748 
vn 1 0 0 
vn 1 0 0 
vn 1 0 -0.015748 
vn 1 0.015748 -0.023622 
vn 1 0 0 
vn 1 0 0.015748 
vn 1 0 0.015748 
vn 1 0 0.015748 
vn 0.992126 0.0944882 0 
vn 1 0.015748 0.023622 
vn 1 0.015748 0.023622 
vn 1 0.015748 -0.015748 
vn 1 0.015748 -0.015748 
vn 0 0.456693 0.889764 
vn 0 0.456693 0.889764 
vn 0 0.456693 0.889764 
vn 0 0.456693 0.889764 
vn -0.015748 0 1 
vn 0.015748 0 1 
vn -0.015748 0 1 
vn 0.015748 0 1 
vn 0 0.700787 0.716535 
vn 0 0.700787 0.716535 
vn 0 0.874016 0.480315 
vn 0 0.874016 0.480315 
vn 0.00787402 0.984252 0.173228 
vn -0.00787402 0.984252 0.173228 
vn 0 0.874016 -0.480315 
vn 0 0.874016 -0.480315 
vn 0 0.874016 -0.480315 
vn 0 0.874016 -0.480315 
vn -0.00787402 0.984252 0.173228 
vn 0.00787402 0.984252 0.173228 
vn 0 0.700787 -0.716535 
vn 0 0.700787 -0.716535 
vn 0 0.456693 -0.889764 
vn 0 0.456693 -0.889764 
vn 0.015748 0 -1 
vn -0.015748 0 -1 
vn 0.015748 0 -1 
vn 0.015748 0 -1 
vn -0.015748 0 -1 

vt 0.494305 0.194285 
vt 0.494314 0.187526 
vt 0.49642 0.187526 
vt 0.49638 0.194285 
vt 0.498526 0.187526 
vt 0.49851 0.194285 
vt 0.563422 0.194285 
vt 0.563427 0.187526 
vt 0.565692 0.187526 
vt 0.565674 0.194285 
vt 0.567958 0.187526 
vt 0.567926 0.194285 
vt 0.426402 0.187526 
vt 0.42845 0.187526 
vt 0.428422 0.194177 
vt 0.426439 0.194231 
vt 0.703057 0.194285 
vt 0.703057 0.187528 
vt 0.705131 0.187528 
vt 0.70513 0.194231 
vt 0.633474 0.194285 
vt 0.633419 0.187526 
vt 0.635636 0.187531 
vt 0.635636 0.194285 
vt 0.637726 0.187526 
vt 0.637726 0.194285 
vt 0.461201 0.194285 
vt 0.461201 0.187527 
vt 0.49431 0.187527 
vt 0.494301 0.194286 
vt 0.428366 0.194178 
vt 0.428388 0.187527 
vt 0.461201 0.187527 
vt 0.461201 0.194285 
vt 0.56797 0.194285 
vt 0.568001 0.187526 
vt 0.600184 0.187526 
vt 0.600184 0.194285 
vt 0.600184 0.194285 
vt 0.600184 0.187526 
vt 0.633393 0.187526 
vt 0.633446 0.194285 
vt 0.49851 0.194285 
vt 0.498526 0.187526 
vt 0.563427 0.187526 
vt 0.563422 0.194285 
vt 0.637726 0.194285 
vt 0.637726 0.187526 
vt 0.703057 0.187528 
vt 0.703057 0.194285 
vt 0.499797 0.175828 
vt 0.497488 0.175886 
vt 0.499797 0.151603 
vt 0.465231 0.151603 
vt 0.467542 0.175882 
vt 0.465231 0.175828 
vt 0.497488 0.175886 
vt 0.499797 0.175828 
vt 0.498643 0.177706 
vt 0.497488 0.179584 
vt 0.499797 0.151603 
vt 0.497488 0.126946 
vt 0.499797 0.127062 
vt 0.467539 0.179584 
vt 0.467542 0.175882 
vt 0.497488 0.175886 
vt 0.497488 0.179584 
vt 0.499797 0.151603 
vt 0.497488 0.175886 
vt 0.497488 0.126946 
vt 0.497488 0.126946 
vt 0.497488 0.123306 
vt 0.498643 0.125184 
vt 0.499797 0.127062 
vt 0.497488 0.175886 
vt 0.467542 0.175882 
vt 0.497488 0.126946 
vt 0.497488 0.126946 
vt 0.467542 0.175882 
vt 0.467581 0.127054 
vt 0.467542 0.175882 
vt 0.467539 0.179584 
vt 0.466385 0.177706 
vt 0.465231 0.175828 
vt 0.467581 0.127054 
vt 0.467539 0.123306 
vt 0.497488 0.123306 
vt 0.497488 0.126946 
vt 0.465231 0.151603 
vt 0.467581 0.127054 
vt 0.467542 0.175882 
vt 0.465231 0.127062 
vt 0.467581 0.127054 
vt 0.465231 0.151603 
vt 0.465231 0.127062 
vt 0.466385 0.125184 
vt 0.467581 0.127054 
vt 0.467539 0.123306 
vt 0.428422 0.194177 
vt 0.428422 0.271733 
vt 0.426439 0.271787 
vt 0.426439 0.194231 
vt 0.633474 0.271841 
vt 0.633474 0.194285 
vt 0.635636 0.194285 
vt 0.635634 0.271841 
vt 0.637726 0.194285 
vt 0.637726 0.271841 
vt 0.635634 0.271845 
vt 0.637726 0.271845 
vt 0.637726 0.25694 
vt 0.635635 0.25694 
vt 0.635635 0.25694 
vt 0.635634 0.271845 
vt 0.633472 0.271845 
vt 0.633472 0.25694 
vt 0.635636 0.208388 
vt 0.635636 0.225445 
vt 0.633472 0.225445 
vt 0.633368 0.208388 
vt 0.633265 0.188892 
vt 0.635636 0.188892 
vt 0.635636 0.24256 
vt 0.633472 0.24256 
vt 0.635635 0.25694 
vt 0.633472 0.25694 
vt 0.428709 0.208221 
vt 0.428709 0.188726 
vt 0.426502 0.188725 
vt 0.426502 0.208221 
vt 0.426502 0.225278 
vt 0.428709 0.225279 
vt 0.426502 0.242392 
vt 0.428709 0.242393 
vt 0.426502 0.256773 
vt 0.428709 0.256774 
vt 0.426502 0.271674 
vt 0.428745 0.27168 
vt 0.637727 0.208387 
vt 0.637727 0.188891 
vt 0.635636 0.188892 
vt 0.635636 0.208388 
vt 0.635636 0.225445 
vt 0.637727 0.225445 
vt 0.635636 0.24256 
vt 0.637727 0.242559 
vt 0.635635 0.25694 
vt 0.637726 0.25694 
vt 0.498498 0.254287 
vt 0.4985 0.235874 
vt 0.496387 0.235874 
vt 0.496403 0.254287 
vt 0.4964 0.271841 
vt 0.498495 0.271841 
vt 0.498494 0.217388 
vt 0.496386 0.217389 
vt 0.49431 0.235875 
vt 0.49431 0.254287 
vt 0.494305 0.271841 
vt 0.49638 0.194285 
vt 0.49851 0.194285 
vt 0.494305 0.194285 
vt 0.49431 0.217389 
vt 0.496382 0.200415 
vt 0.498491 0.200414 
vt 0.49642 0.187526 
vt 0.49431 0.200416 
vt 0.498526 0.187526 
vt 0.494314 0.187526 
vt 0.56341 0.254287 
vt 0.563422 0.271841 
vt 0.565674 0.271841 
vt 0.565702 0.254287 
vt 0.565702 0.235874 
vt 0.56341 0.235874 
vt 0.563422 0.194285 
vt 0.567926 0.194285 
vt 0.567926 0.271841 
vt 0.565674 0.194285 
vt 0.567874 0.254287 
vt 0.567874 0.235875 
vt 0.565702 0.217389 
vt 0.56341 0.217388 
vt 0.567874 0.21739 
vt 0.565702 0.200415 
vt 0.56341 0.200414 
vt 0.567874 0.200416 
vt 0.565692 0.187526 
vt 0.563427 0.187526 
vt 0.567958 0.187526 
vt 0.703054 0.208387 
vt 0.703054 0.225444 
vt 0.70513 0.225445 
vt 0.70513 0.208388 
vt 0.705129 0.188892 
vt 0.703056 0.188891 
vt 0.703054 0.242559 
vt 0.70513 0.24256 
vt 0.703054 0.25694 
vt 0.705132 0.25694 
vt 0.703055 0.271841 
vt 0.705132 0.271839 
vt 0.705132 0.271839 
vt 0.703057 0.194285 
vt 0.70513 0.194231 
vt 0.461235 0.226502 
vt 0.461201 0.271841 
vt 0.47293 0.228819 
vt 0.589647 0.229716 
vt 0.600184 0.271841 
vt 0.600187 0.227351 
vt 0.45103 0.228607 
vt 0.461201 0.271841 
vt 0.461235 0.226502 
vt 0.600187 0.227351 
vt 0.600184 0.271841 
vt 0.610969 0.229473 
vt 0.47293 0.228819 
vt 0.461201 0.271841 
vt 0.482579 0.235355 
vt 0.580014 0.236579 
vt 0.600184 0.271841 
vt 0.589647 0.229716 
vt 0.441879 0.23485 
vt 0.461201 0.271841 
vt 0.45103 0.228607 
vt 0.610969 0.229473 
vt 0.600184 0.271841 
vt 0.620168 0.236443 
vt 0.428366 0.194178 
vt 0.461201 0.194285 
vt 0.461201 0.271841 
vt 0.428366 0.271733 
vt 0.494301 0.271841 
vt 0.494301 0.194286 
vt 0.434594 0.244636 
vt 0.441879 0.23485 
vt 0.429878 0.257036 
vt 0.493198 0.258202 
vt 0.490212 0.245471 
vt 0.482579 0.235355 
vt 0.633446 0.271841 
vt 0.600184 0.271841 
vt 0.600184 0.194285 
vt 0.633446 0.194285 
vt 0.632165 0.261008 
vt 0.600184 0.271841 
vt 0.56797 0.194285 
vt 0.56797 0.271841 
vt 0.56797 0.271841 
vt 0.568349 0.260766 
vt 0.57237 0.247268 
vt 0.580014 0.236579 
vt 0.620168 0.236443 
vt 0.627468 0.247299 
vt 0.498498 0.254287 
vt 0.56341 0.254287 
vt 0.56341 0.235874 
vt 0.4985 0.235874 
vt 0.498495 0.271841 
vt 0.563422 0.271841 
vt 0.49851 0.194285 
vt 0.563422 0.194285 
vt 0.56341 0.217388 
vt 0.498494 0.217388 
vt 0.56341 0.200414 
vt 0.498491 0.200414 
vt 0.563427 0.187526 
vt 0.498526 0.187526 
vt 0.703054 0.208387 
vt 0.637727 0.208387 
vt 0.637727 0.225445 
vt 0.703054 0.225444 
vt 0.703056 0.188891 
vt 0.637727 0.188891 
vt 0.637727 0.242559 
vt 0.703054 0.242559 
vt 0.637726 0.25694 
vt 0.703054 0.25694 
vt 0.637726 0.271845 
vt 0.703055 0.271841 
vt 0.637726 0.271841 
vt 0.637726 0.194285 
vt 0.703057 0.194285 

usemtl 1Mtl

f 5775/5775/5775 5776/5776/5776 5777/5777/5777 
f 5775/5775/5775 5777/5777/5777 5778/5778/5778 
f 5777/5777/5777 5779/5779/5779 5780/5780/5780 
f 5777/5777/5777 5780/5780/5780 5778/5778/5778 
f 5781/5781/5781 5782/5782/5782 5783/5783/5783 
f 5781/5781/5781 5783/5783/5783 5784/5784/5784 
f 5783/5783/5783 5785/5785/5785 5786/5786/5786 
f 5783/5783/5783 5786/5786/5786 5784/5784/5784 
f 5787/5787/5787 5788/5788/5788 5789/5789/5789 
f 5787/5787/5787 5789/5789/5789 5790/5790/5790 
f 5791/5791/5791 5792/5792/5792 5793/5793/5793 
f 5791/5791/5791 5793/5793/5793 5794/5794/5794 
f 5795/5795/5795 5796/5796/5796 5797/5797/5797 
f 5795/5795/5795 5797/5797/5797 5798/5798/5798 
f 5797/5797/5797 5799/5799/5799 5800/5800/5800 
f 5797/5797/5797 5800/5800/5800 5798/5798/5798 
f 5801/5801/5801 5802/5802/5802 5803/5803/5803 
f 5801/5801/5801 5803/5803/5803 5804/5804/5804 
f 5805/5805/5805 5806/5806/5806 5807/5807/5807 
f 5805/5805/5805 5807/5807/5807 5808/5808/5808 
f 5809/5809/5809 5810/5810/5810 5811/5811/5811 
f 5809/5809/5809 5811/5811/5811 5812/5812/5812 
f 5813/5813/5813 5814/5814/5814 5815/5815/5815 
f 5813/5813/5813 5815/5815/5815 5816/5816/5816 
f 5817/5817/5817 5818/5818/5818 5819/5819/5819 
f 5817/5817/5817 5819/5819/5819 5820/5820/5820 
f 5821/5821/5821 5822/5822/5822 5823/5823/5823 
f 5821/5821/5821 5823/5823/5823 5824/5824/5824 
f 5825/5825/5825 5826/5826/5826 5827/5827/5827 
f 5828/5828/5828 5829/5829/5829 5830/5830/5830 
f 5831/5831/5831 5832/5832/5832 5833/5833/5833 
f 5833/5833/5833 5834/5834/5834 5831/5831/5831 
f 5835/5835/5835 5836/5836/5836 5837/5837/5837 
f 5838/5838/5838 5839/5839/5839 5840/5840/5840 
f 5838/5838/5838 5840/5840/5840 5841/5841/5841 
f 5842/5842/5842 5843/5843/5843 5844/5844/5844 
f 5845/5845/5845 5846/5846/5846 5847/5847/5847 
f 5847/5847/5847 5848/5848/5848 5845/5845/5845 
f 5849/5849/5849 5850/5850/5850 5851/5851/5851 
f 5852/5852/5852 5853/5853/5853 5854/5854/5854 
f 5855/5855/5855 5856/5856/5856 5857/5857/5857 
f 5857/5857/5857 5858/5858/5858 5855/5855/5855 
f 5859/5859/5859 5860/5860/5860 5861/5861/5861 
f 5859/5859/5859 5861/5861/5861 5862/5862/5862 
f 5863/5863/5863 5864/5864/5864 5865/5865/5865 
f 5866/5866/5866 5867/5867/5867 5868/5868/5868 
f 5869/5869/5869 5870/5870/5870 5871/5871/5871 
f 5870/5870/5870 5872/5872/5872 5871/5871/5871 
f 5873/5873/5873 5874/5874/5874 5875/5875/5875 
f 5873/5873/5873 5875/5875/5875 5876/5876/5876 
f 5877/5877/5877 5878/5878/5878 5879/5879/5879 
f 5877/5877/5877 5879/5879/5879 5880/5880/5880 
f 5879/5879/5879 5881/5881/5881 5882/5882/5882 
f 5879/5879/5879 5882/5882/5882 5880/5880/5880 
f 5883/5883/5883 5884/5884/5884 5885/5885/5885 
f 5883/5883/5883 5885/5885/5885 5886/5886/5886 
f 5887/5887/5887 5888/5888/5888 5889/5889/5889 
f 5887/5887/5887 5889/5889/5889 5890/5890/5890 
f 5891/5891/5891 5892/5892/5892 5893/5893/5893 
f 5891/5891/5891 5893/5893/5893 5894/5894/5894 
f 5895/5895/5895 5896/5896/5896 5891/5891/5891 
f 5895/5895/5895 5891/5891/5891 5894/5894/5894 
f 5892/5892/5892 5897/5897/5897 5898/5898/5898 
f 5892/5892/5892 5898/5898/5898 5893/5893/5893 
f 5897/5897/5897 5899/5899/5899 5900/5900/5900 
f 5897/5897/5897 5900/5900/5900 5898/5898/5898 
f 5901/5901/5901 5902/5902/5902 5903/5903/5903 
f 5901/5901/5901 5903/5903/5903 5904/5904/5904 
f 5905/5905/5905 5906/5906/5906 5901/5901/5901 
f 5905/5905/5905 5901/5901/5901 5904/5904/5904 
f 5907/5907/5907 5906/5906/5906 5905/5905/5905 
f 5907/5907/5907 5908/5908/5908 5906/5906/5906 
f 5909/5909/5909 5908/5908/5908 5907/5907/5907 
f 5909/5909/5909 5910/5910/5910 5908/5908/5908 
f 5911/5911/5911 5910/5910/5910 5909/5909/5909 
f 5911/5911/5911 5912/5912/5912 5910/5910/5910 
f 5913/5913/5913 5914/5914/5914 5915/5915/5915 
f 5913/5913/5913 5915/5915/5915 5916/5916/5916 
f 5917/5917/5917 5918/5918/5918 5913/5913/5913 
f 5917/5917/5917 5913/5913/5913 5916/5916/5916 
f 5919/5919/5919 5918/5918/5918 5917/5917/5917 
f 5919/5919/5919 5920/5920/5920 5918/5918/5918 
f 5921/5921/5921 5920/5920/5920 5919/5919/5919 
f 5921/5921/5921 5922/5922/5922 5920/5920/5920 
f 5923/5923/5923 5924/5924/5924 5925/5925/5925 
f 5923/5923/5923 5925/5925/5925 5926/5926/5926 
f 5927/5927/5927 5928/5928/5928 5923/5923/5923 
f 5927/5927/5927 5923/5923/5923 5926/5926/5926 
f 5924/5924/5924 5929/5929/5929 5930/5930/5930 
f 5924/5924/5924 5930/5930/5930 5925/5925/5925 
f 5925/5925/5925 5931/5931/5931 5932/5932/5932 
f 5925/5925/5925 5932/5932/5932 5926/5926/5926 
f 5930/5930/5930 5931/5931/5931 5925/5925/5925 
f 5932/5932/5932 5927/5927/5927 5926/5926/5926 
f 5932/5932/5932 5933/5933/5933 5927/5927/5927 
f 5933/5933/5933 5934/5934/5934 5927/5927/5927 
f 5934/5934/5934 5928/5928/5928 5927/5927/5927 
f 5934/5934/5934 5935/5935/5935 5928/5928/5928 
f 5933/5933/5933 5936/5936/5936 5934/5934/5934 
f 5930/5930/5930 5937/5937/5937 5931/5931/5931 
f 5929/5929/5929 5938/5938/5938 5930/5930/5930 
f 5938/5938/5938 5937/5937/5937 5930/5930/5930 
f 5929/5929/5929 5939/5939/5939 5938/5938/5938 
f 5939/5939/5939 5940/5940/5940 5938/5938/5938 
f 5938/5938/5938 5941/5941/5941 5937/5937/5937 
f 5940/5940/5940 5941/5941/5941 5938/5938/5938 
f 5939/5939/5939 5942/5942/5942 5940/5940/5940 
f 5940/5940/5940 5943/5943/5943 5941/5941/5941 
f 5944/5944/5944 5945/5945/5945 5946/5946/5946 
f 5944/5944/5944 5946/5946/5946 5947/5947/5947 
f 5948/5948/5948 5949/5949/5949 5944/5944/5944 
f 5948/5948/5948 5944/5944/5944 5947/5947/5947 
f 5946/5946/5946 5945/5945/5945 5950/5950/5950 
f 5951/5951/5951 5952/5952/5952 5946/5946/5946 
f 5951/5951/5951 5946/5946/5946 5953/5953/5953 
f 5946/5946/5946 5952/5952/5952 5954/5954/5954 
f 5946/5946/5946 5954/5954/5954 5947/5947/5947 
f 5946/5946/5946 5950/5950/5950 5953/5953/5953 
f 5954/5954/5954 5948/5948/5948 5947/5947/5947 
f 5954/5954/5954 5955/5955/5955 5948/5948/5948 
f 5955/5955/5955 5956/5956/5956 5948/5948/5948 
f 5956/5956/5956 5949/5949/5949 5948/5948/5948 
f 5956/5956/5956 5957/5957/5957 5949/5949/5949 
f 5955/5955/5955 5958/5958/5958 5956/5956/5956 
f 5958/5958/5958 5959/5959/5959 5956/5956/5956 
f 5959/5959/5959 5957/5957/5957 5956/5956/5956 
f 5959/5959/5959 5960/5960/5960 5957/5957/5957 
f 5958/5958/5958 5961/5961/5961 5959/5959/5959 
f 5961/5961/5961 5962/5962/5962 5959/5959/5959 
f 5962/5962/5962 5960/5960/5960 5959/5959/5959 
f 5962/5962/5962 5963/5963/5963 5960/5960/5960 
f 5961/5961/5961 5964/5964/5964 5962/5962/5962 
f 5965/5965/5965 5966/5966/5966 5967/5967/5967 
f 5965/5965/5965 5967/5967/5967 5968/5968/5968 
f 5969/5969/5969 5970/5970/5970 5965/5965/5965 
f 5969/5969/5969 5965/5965/5965 5968/5968/5968 
f 5966/5966/5966 5971/5971/5971 5972/5972/5972 
f 5966/5966/5966 5972/5972/5972 5967/5967/5967 
f 5971/5971/5971 5973/5973/5973 5974/5974/5974 
f 5971/5971/5971 5974/5974/5974 5972/5972/5972 
f 5973/5973/5973 5975/5975/5975 5976/5976/5976 
f 5973/5973/5973 5976/5976/5976 5974/5974/5974 
f 5977/5977/5977 5975/5975/5975 5978/5978/5978 
f 5977/5977/5977 5978/5978/5978 5979/5979/5979 
f 5980/5980/5980 5981/5981/5981 5982/5982/5982 
f 5983/5983/5983 5984/5984/5984 5985/5985/5985 
f 5986/5986/5986 5987/5987/5987 5988/5988/5988 
f 5989/5989/5989 5990/5990/5990 5991/5991/5991 
f 5992/5992/5992 5993/5993/5993 5994/5994/5994 
f 5995/5995/5995 5996/5996/5996 5997/5997/5997 
f 5998/5998/5998 5999/5999/5999 6000/6000/6000 
f 6001/6001/6001 6002/6002/6002 6003/6003/6003 
f 6004/6004/6004 6005/6005/6005 6006/6006/6006 
f 6004/6004/6004 6006/6006/6006 6007/6007/6007 
f 6008/6008/6008 6006/6006/6006 6005/6005/6005 
f 6008/6008/6008 6005/6005/6005 6009/6009/6009 
f 6010/6010/6010 6006/6006/6006 6011/6011/6011 
f 6012/6012/6012 6006/6006/6006 6010/6010/6010 
f 6007/6007/6007 6006/6006/6006 6012/6012/6012 
f 6013/6013/6013 6006/6006/6006 6008/6008/6008 
f 6014/6014/6014 6006/6006/6006 6013/6013/6013 
f 6015/6015/6015 6006/6006/6006 6014/6014/6014 
f 6016/6016/6016 6017/6017/6017 6018/6018/6018 
f 6016/6016/6016 6018/6018/6018 6019/6019/6019 
f 6020/6020/6020 6021/6021/6021 6016/6016/6016 
f 6022/6022/6022 6018/6018/6018 6017/6017/6017 
f 6022/6022/6022 6017/6017/6017 6023/6023/6023 
f 6024/6024/6024 6017/6017/6017 6025/6025/6025 
f 6025/6025/6025 6017/6017/6017 6026/6026/6026 
f 6026/6026/6026 6017/6017/6017 6027/6027/6027 
f 6028/6028/6028 6021/6021/6021 6029/6029/6029 
f 6029/6029/6029 6021/6021/6021 6020/6020/6020 
f 6030/6030/6030 6031/6031/6031 6032/6032/6032 
f 6030/6030/6030 6032/6032/6032 6033/6033/6033 
f 6034/6034/6034 6031/6031/6031 6030/6030/6030 
f 6034/6034/6034 6035/6035/6035 6031/6031/6031 
f 6036/6036/6036 6035/6035/6035 6034/6034/6034 
f 6036/6036/6036 6037/6037/6037 6035/6035/6035 
f 6033/6033/6033 6032/6032/6032 6038/6038/6038 
f 6033/6033/6033 6038/6038/6038 6039/6039/6039 
f 6039/6039/6039 6038/6038/6038 6040/6040/6040 
f 6039/6039/6039 6040/6040/6040 6041/6041/6041 
f 6041/6041/6041 6040/6040/6040 6042/6042/6042 
f 6041/6041/6041 6042/6042/6042 6043/6043/6043 
f 6044/6044/6044 6045/6045/6045 6046/6046/6046 
f 6044/6044/6044 6046/6046/6046 6047/6047/6047 
f 6048/6048/6048 6045/6045/6045 6044/6044/6044 
f 6048/6048/6048 6049/6049/6049 6045/6045/6045 
f 6047/6047/6047 6046/6046/6046 6050/6050/6050 
f 6047/6047/6047 6050/6050/6050 6051/6051/6051 
f 6051/6051/6051 6050/6050/6050 6052/6052/6052 
f 6051/6051/6051 6052/6052/6052 6053/6053/6053 
f 6053/6053/6053 6052/6052/6052 6054/6054/6054 
f 6053/6053/6053 6054/6054/6054 6055/6055/6055 
f 6055/6055/6055 6056/6056/6056 6057/6057/6057 
f 6055/6055/6055 6057/6057/6057 6058/6058/6058 

g 8

v 366.938 0.189686 201 
v 366.938 -2.5332e-07 201 
v 367 -2.5332e-07 200.947 
v 367 0.189686 200.947 
v 366 0.189686 200.948 
v 366 -2.5332e-07 200.948 
v 366.064 -2.5332e-07 201 
v 366.064 0.189686 201 
v 366.938 0.24948 200.949 
v 366.938 0.189686 201 
v 367 0.189686 200.947 
v 366.064 0.2496 200.949 
v 366 0.189686 200.948 
v 366.064 0.189686 201 
v 366.969 0.189686 200.025 
v 366.999 0.189686 200.049 
v 366.999 -1.49012e-08 200.049 
v 366.969 -1.49012e-08 200.025 
v 366.969 -1.49012e-08 200.025 
v 366.938 -1.49012e-08 200 
v 366.938 0.189686 200 
v 366.969 0.189686 200.025 
v 366.032 -1.49012e-08 200.025 
v 366 -1.49012e-08 200.051 
v 366 0.189686 200.051 
v 366.032 0.189686 200.025 
v 366.064 0.189686 200 
v 366.064 -1.49012e-08 200 
v 366.032 -1.49012e-08 200.025 
v 366.032 0.189686 200.025 
v 366.064 0.189686 201 
v 366.064 -2.5332e-07 201 
v 366.938 -2.5332e-07 201 
v 366.938 0.189686 201 
v 366.938 0.24948 200.051 
v 366.969 0.189686 200.025 
v 366.938 0.189686 200 
v 366.938 0.24948 200.051 
v 366.999 0.189686 200.049 
v 366.969 0.189686 200.025 
v 366.064 0.249552 200.051 
v 366.064 0.189686 200 
v 366.032 0.189686 200.025 
v 366.032 0.189686 200.025 
v 366 0.189686 200.051 
v 366.064 0.249552 200.051 
v 366 -2.5332e-07 200.948 
v 366 0.189686 200.948 
v 366 0.189686 200.051 
v 366 -1.49012e-08 200.051 
v 366.999 -1.49012e-08 200.049 
v 366.999 0.189686 200.049 
v 367 0.189686 200.947 
v 367 -2.5332e-07 200.947 
v 366.938 0.24948 200.949 
v 366.064 0.2496 200.949 
v 366.064 0.189686 201 
v 366.938 0.189686 201 
v 366.938 0.189686 200 
v 366.938 -1.49012e-08 200 
v 366.064 -1.49012e-08 200 
v 366.064 0.189686 200 
v 366.938 0.24948 200.949 
v 367 0.189686 200.947 
v 366.999 0.189686 200.049 
v 366.938 0.24948 200.051 
v 366.064 0.249552 200.051 
v 366 0.189686 200.051 
v 366 0.189686 200.948 
v 366.064 0.2496 200.949 
v 366.938 0.24948 200.051 
v 366.938 0.189686 200 
v 366.064 0.189686 200 
v 366.064 0.249552 200.051 
v 366.493 0.299436 200.502 
v 366.206 0.3 200.182 
v 366.206 0.3 200.821 
v 366.781 0.3 200.821 
v 366.781 0.3 200.182 
v 366.064 0.249552 200.051 
v 366.064 0.2496 200.949 
v 366.938 0.24948 200.949 
v 366.938 0.24948 200.051 
v 366.064 -1.49012e-08 200.051 
v 366 -1.49012e-08 200.051 
v 366.032 -1.49012e-08 200.025 
v 366.938 -2.5332e-07 200.949 
v 366.064 -2.5332e-07 200.949 
v 366.938 -1.49012e-08 200.051 
v 366.064 -1.49012e-08 200 
v 366 -2.5332e-07 200.948 
v 366.064 -2.5332e-07 201 
v 366.938 -2.5332e-07 201 
v 367 -2.5332e-07 200.947 
v 367 -2.5332e-07 200.947 
v 366.999 -1.49012e-08 200.049 
v 366.938 -1.49012e-08 200 
v 366.969 -1.49012e-08 200.025 
v 366.999 -1.49012e-08 200.049 

vn 0.527559 0.543307 0.653543 
vn 0.527559 0.535433 0.661417 
vn 0.527559 0.535433 0.661417 
vn 0.527559 0.535433 0.653543 
vn -0.551181 0.527559 0.653543 
vn -0.551181 0.519685 0.653543 
vn -0.551181 0.519685 0.653543 
vn -0.551181 0.527559 0.653543 
vn 0.511811 0.614173 0.598425 
vn 0.330709 0.850394 0.417323 
vn 0.330709 0.850394 0.417323 
vn -0.496063 0.622047 0.606299 
vn -0.354331 0.84252 0.409449 
vn -0.354331 0.84252 0.417323 
vn 0.629921 0 -0.779528 
vn 0.511811 0.535433 -0.669291 
vn 0.511811 0.535433 -0.669291 
vn 0.629921 0 -0.779528 
vn 0.629921 0 -0.779528 
vn 0.511811 0.535433 -0.669291 
vn 0.511811 0.535433 -0.669291 
vn 0.629921 0 -0.779528 
vn -0.622047 0 -0.787402 
vn -0.535433 0.519685 -0.661417 
vn -0.535433 0.527559 -0.661417 
vn -0.622047 0 -0.787402 
vn -0.535433 0.527559 -0.661417 
vn -0.535433 0.519685 -0.661417 
vn -0.622047 0 -0.787402 
vn -0.622047 0 -0.787402 
vn -0.023622 0.527559 0.850394 
vn -0.023622 0.527559 0.850394 
vn -0.023622 0.527559 0.850394 
vn -0.023622 0.527559 0.850394 
vn 0.496063 0.622047 -0.606299 
vn 0.496063 0.622047 -0.606299 
vn 0.314961 0.850394 -0.417323 
vn 0.496063 0.622047 -0.606299 
vn 0.314961 0.850394 -0.417323 
vn 0.496063 0.622047 -0.606299 
vn -0.480315 0.622047 -0.614173 
vn -0.338583 0.84252 -0.417323 
vn -0.480315 0.622047 -0.614173 
vn -0.480315 0.622047 -0.614173 
vn -0.338583 0.84252 -0.417323 
vn -0.480315 0.622047 -0.614173 
vn -0.850394 0.519685 0.00787402 
vn -0.850394 0.527559 0.00787402 
vn -0.850394 0.527559 -0.00787402 
vn -0.850394 0.519685 -0.00787402 
vn 0.84252 0.543307 -0.00787402 
vn 0.834646 0.543307 -0.00787402 
vn 0.834646 0.543307 0.00787402 
vn 0.84252 0.543307 0.00787402 
vn 0 0.716535 0.700787 
vn 0 0.716535 0.700787 
vn -0.015748 0.88189 0.464567 
vn -0.015748 0.88189 0.464567 
vn -0.023622 0.527559 -0.850394 
vn -0.023622 0.527559 -0.850394 
vn -0.023622 0.527559 -0.850394 
vn -0.023622 0.527559 -0.850394 
vn 0.629921 0.771654 0 
vn 0.393701 0.92126 0.00787402 
vn 0.393701 0.92126 -0.00787402 
vn 0.629921 0.771654 0 
vn -0.614173 0.787402 0 
vn -0.409449 0.913386 -0.00787402 
vn -0.409449 0.913386 0.00787402 
vn -0.614173 0.787402 0 
vn 0 0.708661 -0.700787 
vn -0.015748 0.88189 -0.464567 
vn -0.015748 0.88189 -0.464567 
vn 0 0.708661 -0.700787 
vn -0.015748 1 0 
vn -0.015748 1 0 
vn -0.015748 1 0.00787402 
vn 0.173228 0.984252 0.00787402 
vn 0.173228 0.984252 0 
vn 0 0.937008 -0.362205 
vn 0 0.929134 0.370079 
vn 0.307087 0.952756 0 
vn 0.307087 0.952756 0 
vn -0.0708661 -1 -0.023622 
vn -0.0708661 -1 -0.023622 
vn -0.0708661 -1 -0.023622 
vn -0.0787402 -1 0.023622 
vn -0.0708661 -1 0.023622 
vn -0.0787402 -1 -0.023622 
vn -0.0708661 -1 -0.023622 
vn -0.0708661 -1 0.023622 
vn -0.0708661 -1 0.023622 
vn -0.0708661 -1 0.023622 
vn -0.0708661 -1 0.023622 
vn -0.0708661 -1 0.023622 
vn -0.0787402 -1 -0.023622 
vn -0.0708661 -1 -0.023622 
vn -0.0708661 -1 -0.023622 
vn -0.0787402 -1 -0.023622 

vt 0.563479 0.112179 
vt 0.563479 0.088384 
vt 0.567588 0.088384 
vt 0.567588 0.112179 
vt 0.493759 0.112179 
vt 0.493759 0.088384 
vt 0.497735 0.088384 
vt 0.497735 0.112179 
vt 0.565599 0.116017 
vt 0.563479 0.112179 
vt 0.567588 0.112179 
vt 0.495716 0.116017 
vt 0.493759 0.112179 
vt 0.497735 0.112179 
vt 0.635221 0.112179 
vt 0.633409 0.112179 
vt 0.633409 0.0883839 
vt 0.635221 0.0883839 
vt 0.425998 0.0532517 
vt 0.427929 0.0532517 
vt 0.427929 0.0771211 
vt 0.425998 0.0771211 
vt 0.425894 0.0883839 
vt 0.427625 0.0883839 
vt 0.427625 0.112179 
vt 0.425894 0.112179 
vt 0.493623 0.0771211 
vt 0.493623 0.0532517 
vt 0.495362 0.0532517 
vt 0.495362 0.0771211 
vt 0.497735 0.112179 
vt 0.497735 0.088384 
vt 0.563479 0.088384 
vt 0.563479 0.112179 
vt 0.425999 0.0809641 
vt 0.425998 0.0771211 
vt 0.427929 0.0771211 
vt 0.635221 0.116034 
vt 0.633409 0.112179 
vt 0.635221 0.112179 
vt 0.495347 0.0809641 
vt 0.493623 0.0771211 
vt 0.495362 0.0771211 
vt 0.425894 0.112179 
vt 0.427625 0.112179 
vt 0.425894 0.116022 
vt 0.493759 0.088384 
vt 0.493759 0.112179 
vt 0.427625 0.112179 
vt 0.427625 0.088384 
vt 0.633409 0.088384 
vt 0.633409 0.112179 
vt 0.567588 0.112179 
vt 0.567588 0.088384 
vt 0.565599 0.116017 
vt 0.495716 0.116017 
vt 0.497735 0.112179 
vt 0.563479 0.112179 
vt 0.427929 0.0771211 
vt 0.427929 0.0532517 
vt 0.493623 0.0532517 
vt 0.493623 0.0771211 
vt 0.565599 0.116017 
vt 0.567588 0.112179 
vt 0.633409 0.112179 
vt 0.635221 0.116017 
vt 0.425894 0.116017 
vt 0.427625 0.112179 
vt 0.493759 0.112179 
vt 0.495716 0.116017 
vt 0.425999 0.0809641 
vt 0.427929 0.0771211 
vt 0.493623 0.0771211 
vt 0.495347 0.0809641 
vt 0.61738 0.0526234 
vt 0.605552 0.0727888 
vt 0.605552 0.0327783 
vt 0.629816 0.0327783 
vt 0.629816 0.0727888 
vt 0.600643 0.0807005 
vt 0.600641 0.025 
vt 0.635294 0.025 
vt 0.635294 0.0807009 
vt 0.643889 0.00945127 
vt 0.639798 0.00945127 
vt 0.641844 0.00669563 
vt 0.705448 0.110449 
vt 0.643889 0.110449 
vt 0.705448 0.00945127 
vt 0.643889 0.00393999 
vt 0.639798 0.110294 
vt 0.643889 0.116012 
vt 0.705448 0.116012 
vt 0.709367 0.110292 
vt 0.709367 0.110292 
vt 0.709316 0.00930679 
vt 0.705448 0.00394058 
vt 0.707382 0.00662369 
vt 0.709316 0.00930679 

usemtl 1Mtl

f 6059/6059/6059 6060/6060/6060 6061/6061/6061 
f 6059/6059/6059 6061/6061/6061 6062/6062/6062 
f 6063/6063/6063 6064/6064/6064 6065/6065/6065 
f 6063/6063/6063 6065/6065/6065 6066/6066/6066 
f 6067/6067/6067 6068/6068/6068 6069/6069/6069 
f 6070/6070/6070 6071/6071/6071 6072/6072/6072 
f 6073/6073/6073 6074/6074/6074 6075/6075/6075 
f 6073/6073/6073 6075/6075/6075 6076/6076/6076 
f 6077/6077/6077 6078/6078/6078 6079/6079/6079 
f 6077/6077/6077 6079/6079/6079 6080/6080/6080 
f 6081/6081/6081 6082/6082/6082 6083/6083/6083 
f 6081/6081/6081 6083/6083/6083 6084/6084/6084 
f 6085/6085/6085 6086/6086/6086 6087/6087/6087 
f 6085/6085/6085 6087/6087/6087 6088/6088/6088 
f 6089/6089/6089 6090/6090/6090 6091/6091/6091 
f 6089/6089/6089 6091/6091/6091 6092/6092/6092 
f 6093/6093/6093 6094/6094/6094 6095/6095/6095 
f 6096/6096/6096 6097/6097/6097 6098/6098/6098 
f 6099/6099/6099 6100/6100/6100 6101/6101/6101 
f 6102/6102/6102 6103/6103/6103 6104/6104/6104 
f 6105/6105/6105 6106/6106/6106 6107/6107/6107 
f 6105/6105/6105 6107/6107/6107 6108/6108/6108 
f 6109/6109/6109 6110/6110/6110 6111/6111/6111 
f 6109/6109/6109 6111/6111/6111 6112/6112/6112 
f 6113/6113/6113 6114/6114/6114 6115/6115/6115 
f 6113/6113/6113 6115/6115/6115 6116/6116/6116 
f 6117/6117/6117 6118/6118/6118 6119/6119/6119 
f 6117/6117/6117 6119/6119/6119 6120/6120/6120 
f 6121/6121/6121 6122/6122/6122 6123/6123/6123 
f 6121/6121/6121 6123/6123/6123 6124/6124/6124 
f 6125/6125/6125 6126/6126/6126 6127/6127/6127 
f 6125/6125/6125 6127/6127/6127 6128/6128/6128 
f 6129/6129/6129 6130/6130/6130 6131/6131/6131 
f 6129/6129/6129 6131/6131/6131 6132/6132/6132 
f 6133/6133/6133 6134/6134/6134 6135/6135/6135 
f 6136/6136/6136 6133/6133/6133 6135/6135/6135 
f 6133/6133/6133 6136/6136/6136 6137/6137/6137 
f 6134/6134/6134 6133/6133/6133 6137/6137/6137 
f 6138/6138/6138 6134/6134/6134 6137/6137/6137 
f 6138/6138/6138 6135/6135/6135 6134/6134/6134 
f 6135/6135/6135 6139/6139/6139 6140/6140/6140 
f 6135/6135/6135 6140/6140/6140 6136/6136/6136 
f 6138/6138/6138 6139/6139/6139 6135/6135/6135 
f 6141/6141/6141 6137/6137/6137 6136/6136/6136 
f 6141/6141/6141 6136/6136/6136 6140/6140/6140 
f 6138/6138/6138 6137/6137/6137 6141/6141/6141 
f 6142/6142/6142 6143/6143/6143 6144/6144/6144 
f 6145/6145/6145 6146/6146/6146 6142/6142/6142 
f 6145/6145/6145 6142/6142/6142 6147/6147/6147 
f 6143/6143/6143 6142/6142/6142 6146/6146/6146 
f 6147/6147/6147 6142/6142/6142 6148/6148/6148 
f 6144/6144/6144 6148/6148/6148 6142/6142/6142 
f 6143/6143/6143 6146/6146/6146 6149/6149/6149 
f 6150/6150/6150 6146/6146/6146 6145/6145/6145 
f 6149/6149/6149 6146/6146/6146 6150/6150/6150 
f 6151/6151/6151 6145/6145/6145 6152/6152/6152 
f 6150/6150/6150 6145/6145/6145 6151/6151/6151 
f 6153/6153/6153 6145/6145/6145 6147/6147/6147 
f 6153/6153/6153 6147/6147/6147 6154/6154/6154 
f 6147/6147/6147 6155/6155/6155 6156/6156/6156 
f 6147/6147/6147 6156/6156/6156 6157/6157/6157 
f 6147/6147/6147 6148/6148/6148 6155/6155/6155 

g 9

v 367 3.93065 200.948 
v 367 3.93065 200.049 
v 366.94 4 200.068 
v 366.94 4 200.933 
v 367 2.46757 200.049 
v 367 2.46757 200.948 
v 366.94 2.4 200.933 
v 366.94 2.4 200.068 
v 366.94 4 200.068 
v 367 3.93065 200.049 
v 366.939 3.93065 200 
v 366.939 2.46758 200 
v 367 2.46757 200.049 
v 366.94 2.4 200.068 
v 366.94 2.4 200.933 
v 367 2.46757 200.948 
v 366.939 2.46758 201 
v 366.939 3.93065 201 
v 367 3.93065 200.948 
v 366.94 4 200.933 
v 365 3.93065 200.049 
v 365.064 4 200.068 
v 365.061 3.93065 200 
v 365.061 2.46761 200 
v 365.064 2.40003 200.068 
v 365 2.46761 200.049 
v 365.064 4 200.933 
v 365.064 4 200.068 
v 365 3.93065 200.049 
v 365 3.93065 200.948 
v 365.064 2.40003 200.068 
v 365.064 2.40003 200.933 
v 365 2.46761 200.948 
v 365 2.46761 200.049 
v 365.064 2.40003 200.933 
v 365.061 2.46761 201 
v 365.031 2.46761 200.974 
v 365.031 2.46761 200.974 
v 365 2.46761 200.948 
v 365.064 2.40003 200.933 
v 365.064 4 200.933 
v 365 3.93065 200.948 
v 365.031 3.93065 200.974 
v 365.061 3.93065 201 
v 365.064 4 200.933 
v 365.031 3.93065 200.974 
v 367 3.93065 200.948 
v 367 2.46757 200.948 
v 367 2.46757 200.049 
v 367 3.93065 200.049 
v 367 2.46757 200.049 
v 366.939 2.46758 200 
v 366.939 3.93065 200 
v 367 3.93065 200.049 
v 367 2.46757 200.948 
v 367 3.93065 200.948 
v 366.939 3.93065 201 
v 366.939 2.46758 201 
v 365.061 2.46761 200 
v 365 2.46761 200.049 
v 365 3.93065 200.049 
v 365.061 3.93065 200 
v 365 3.93065 200.049 
v 365 2.46761 200.049 
v 365 2.46761 200.948 
v 365 3.93065 200.948 
v 365.031 2.46761 200.974 
v 365.061 2.46761 201 
v 365.061 3.93065 201 
v 365.031 3.93065 200.974 
v 365.031 3.93065 200.974 
v 365 3.93065 200.948 
v 365 2.46761 200.948 
v 365.031 2.46761 200.974 
v 366.94 2.4 200.068 
v 365.064 2.40003 200.068 
v 365.061 2.46761 200 
v 366.939 2.46758 200 
v 366.94 4 200.068 
v 366.939 3.93065 200 
v 365.061 3.93065 200 
v 365.064 4 200.068 
v 366.939 2.46758 201 
v 365.061 2.46761 201 
v 365.064 2.40003 200.933 
v 366.94 2.4 200.933 
v 365.064 4 200.933 
v 365.061 3.93065 201 
v 366.939 3.93065 201 
v 366.94 4 200.933 
v 365.064 4 200.068 
v 366.002 4 200.502 
v 366.94 4 200.068 
v 366.94 4 200.933 
v 366.002 4 200.502 
v 365.064 4 200.933 
v 366.002 4 200.502 
v 365.064 4 200.068 
v 365.064 4 200.933 
v 366.002 4 200.502 
v 366.94 4 200.933 
v 366.94 4 200.068 
v 366.94 2.4 200.933 
v 366.002 2.39997 200.502 
v 366.94 2.4 200.068 
v 366.002 2.39997 200.502 
v 365.064 2.40003 200.068 
v 366.94 2.4 200.068 
v 366.002 2.39997 200.502 
v 366.94 2.4 200.933 
v 365.064 2.40003 200.933 
v 365.064 2.40003 200.068 
v 366.002 2.39997 200.502 
v 365.064 2.40003 200.933 
v 366.939 3.93065 200 
v 366.939 2.46758 200 
v 365.061 2.46761 200 
v 365.061 3.93065 200 
v 365.061 2.46761 201 
v 366.939 2.46758 201 
v 366.939 3.93065 201 
v 365.061 3.93065 201 

vn 0.748031 0.661417 0 
vn 0.748031 0.661417 0 
vn 0.748031 0.661417 0 
vn 0.748031 0.661417 0 
vn 0.748031 -0.661417 0 
vn 0.748031 -0.661417 0 
vn 0.748031 -0.661417 0 
vn 0.748031 -0.661417 0 
vn 0.496063 0.606299 -0.622047 
vn 0.496063 0.606299 -0.622047 
vn 0.496063 0.606299 -0.622047 
vn 0.496063 -0.606299 -0.614173 
vn 0.496063 -0.606299 -0.614173 
vn 0.496063 -0.606299 -0.614173 
vn 0.527559 -0.590551 0.614173 
vn 0.527559 -0.590551 0.614173 
vn 0.527559 -0.590551 0.614173 
vn 0.527559 0.590551 0.614173 
vn 0.527559 0.590551 0.614173 
vn 0.527559 0.590551 0.614173 
vn -0.488189 0.622047 -0.606299 
vn -0.488189 0.622047 -0.606299 
vn -0.488189 0.622047 -0.606299 
vn -0.488189 -0.629921 -0.606299 
vn -0.488189 -0.629921 -0.606299 
vn -0.488189 -0.629921 -0.606299 
vn -0.732283 0.685039 0 
vn -0.732283 0.685039 0 
vn -0.732283 0.685039 0 
vn -0.732283 0.685039 0 
vn -0.724409 -0.685039 0 
vn -0.724409 -0.685039 0 
vn -0.724409 -0.685039 0 
vn -0.724409 -0.685039 0 
vn -0.511811 -0.614173 0.598425 
vn -0.511811 -0.614173 0.598425 
vn -0.511811 -0.614173 0.598425 
vn -0.511811 -0.614173 0.598425 
vn -0.511811 -0.614173 0.598425 
vn -0.511811 -0.614173 0.598425 
vn -0.519685 0.606299 0.606299 
vn -0.519685 0.606299 0.606299 
vn -0.519685 0.606299 0.606299 
vn -0.519685 0.606299 0.606299 
vn -0.519685 0.606299 0.606299 
vn -0.519685 0.606299 0.606299 
vn 1 0 0 
vn 1 0 0 
vn 1 0 0 
vn 1 0 0 
vn 0.629921 0 -0.779528 
vn 0.629921 0 -0.779528 
vn 0.629921 0 -0.779528 
vn 0.629921 0 -0.779528 
vn 0.653543 0 0.755906 
vn 0.653543 0 0.755906 
vn 0.653543 0 0.755906 
vn 0.653543 0 0.755906 
vn -0.629921 0 -0.779528 
vn -0.629921 0 -0.779528 
vn -0.629921 0 -0.779528 
vn -0.629921 0 -0.779528 
vn -1 0 0 
vn -1 0 0 
vn -1 0 0 
vn -1 0 0 
vn -0.653543 0 0.755906 
vn -0.653543 0 0.755906 
vn -0.653543 0 0.755906 
vn -0.653543 0 0.755906 
vn -0.653543 0 0.755906 
vn -0.653543 0 0.755906 
vn -0.653543 0 0.755906 
vn -0.653543 0 0.755906 
vn 0 -0.708661 -0.708661 
vn 0 -0.708661 -0.708661 
vn 0 -0.708661 -0.708661 
vn 0 -0.708661 -0.708661 
vn 0 0.708661 -0.708661 
vn 0 0.708661 -0.708661 
vn 0 0.708661 -0.708661 
vn 0 0.708661 -0.708661 
vn 0 -0.700787 0.708661 
vn 0 -0.700787 0.708661 
vn 0 -0.700787 0.708661 
vn 0 -0.700787 0.708661 
vn 0 0.700787 0.716535 
vn 0 0.700787 0.716535 
vn 0 0.700787 0.716535 
vn 0 0.700787 0.716535 
vn 0 1 0 
vn 0 1 0 
vn 0 1 0 
vn 0 1 0 
vn 0 1 0 
vn 0 1 0 
vn 0 1 0 
vn 0 1 0 
vn 0 1 0 
vn 0 1 0 
vn 0 1 0 
vn 0 1 0 
vn 0 -1 0 
vn 0 -1 0 
vn 0 -1 0 
vn 0 -1 0 
vn 0 -1 0 
vn 0 -1 0 
vn 0 -1 0 
vn 0 -1 0 
vn 0 -1 0 
vn 0 -1 0 
vn 0 -1 0 
vn 0 -1 0 
vn 0 0 -1 
vn 0 0 -1 
vn 0 0 -1 
vn 0 0 -1 
vn 0 0 1 
vn 0 0 1 
vn 0 0 1 
vn 0 0 1 

vt 0.144732 0.860912 
vt 0.209118 0.860912 
vt 0.212017 0.8693 
vt 0.141985 0.8693 
vt 0.209118 0.709246 
vt 0.144732 0.709246 
vt 0.141985 0.700659 
vt 0.211898 0.700659 
vt 0.212017 0.86925 
vt 0.209115 0.860912 
vt 0.214916 0.860912 
vt 0.214916 0.709246 
vt 0.209115 0.709246 
vt 0.211898 0.700659 
vt 0.141985 0.700659 
vt 0.144732 0.709246 
vt 0.139106 0.709246 
vt 0.139106 0.860912 
vt 0.144732 0.860912 
vt 0.141985 0.869405 
vt 0.354965 0.860912 
vt 0.351497 0.86923 
vt 0.348655 0.860912 
vt 0.348655 0.709246 
vt 0.351497 0.700659 
vt 0.354965 0.709246 
vt 0.421225 0.86923 
vt 0.351497 0.86923 
vt 0.354965 0.860912 
vt 0.418209 0.860912 
vt 0.351497 0.700659 
vt 0.421225 0.700659 
vt 0.418209 0.709246 
vt 0.354965 0.709246 
vt 0.00245838 0.700659 
vt 0.00531004 0.709246 
vt 0.00245837 0.709246 
vt 0.421225 0.709246 
vt 0.418209 0.709246 
vt 0.421225 0.700659 
vt 0.421225 0.869405 
vt 0.418209 0.860912 
vt 0.421225 0.860912 
vt 0.00531004 0.860912 
vt 0.00245838 0.869405 
vt 0.00245837 0.860912 
vt 0.144732 0.860912 
vt 0.144732 0.709246 
vt 0.209118 0.709246 
vt 0.209118 0.860912 
vt 0.209115 0.709246 
vt 0.214916 0.709246 
vt 0.214916 0.860912 
vt 0.209115 0.860912 
vt 0.144732 0.709246 
vt 0.144732 0.860912 
vt 0.139106 0.860912 
vt 0.139106 0.709246 
vt 0.348655 0.709246 
vt 0.354965 0.709246 
vt 0.354965 0.860912 
vt 0.348655 0.860912 
vt 0.354965 0.860912 
vt 0.354965 0.709246 
vt 0.418209 0.709246 
vt 0.418209 0.860912 
vt 0.00245837 0.709246 
vt 0.00531004 0.709246 
vt 0.00531004 0.860912 
vt 0.00245837 0.860912 
vt 0.421225 0.860912 
vt 0.418209 0.860912 
vt 0.418209 0.709246 
vt 0.421225 0.709246 
vt 0.211898 0.700659 
vt 0.351497 0.700659 
vt 0.348655 0.709246 
vt 0.214916 0.709246 
vt 0.212017 0.86925 
vt 0.214916 0.860912 
vt 0.348655 0.860912 
vt 0.351497 0.86925 
vt 0.139106 0.709246 
vt 0.00531004 0.709246 
vt 0.00245838 0.700659 
vt 0.141985 0.700659 
vt 0.00245838 0.869405 
vt 0.00531004 0.860912 
vt 0.139106 0.860912 
vt 0.141985 0.869405 
vt 0.00250242 0.982022 
vt 0.0717693 0.926817 
vt 0.141621 0.982022 
vt 0.141621 0.870315 
vt 0.0717693 0.926817 
vt 0.00250245 0.870315 
vt 0.0717693 0.926817 
vt 0.00250242 0.982022 
vt 0.00250245 0.870315 
vt 0.0717693 0.926817 
vt 0.141621 0.870315 
vt 0.141621 0.982022 
vt 0.21596 0.932666 
vt 0.18086 0.904209 
vt 0.21596 0.877186 
vt 0.18086 0.904209 
vt 0.146596 0.877195 
vt 0.21596 0.877186 
vt 0.18086 0.904209 
vt 0.21596 0.932666 
vt 0.146595 0.932672 
vt 0.146596 0.877195 
vt 0.18086 0.904209 
vt 0.146595 0.932672 
vt 0.214916 0.860912 
vt 0.214916 0.709246 
vt 0.348655 0.709246 
vt 0.348655 0.860912 
vt 0.00531004 0.709246 
vt 0.139106 0.709246 
vt 0.139106 0.860912 
vt 0.00531004 0.860912 

usemtl 1Mtl

f 6158/6158/6158 6159/6159/6159 6160/6160/6160 
f 6158/6158/6158 6160/6160/6160 6161/6161/6161 
f 6162/6162/6162 6163/6163/6163 6164/6164/6164 
f 6162/6162/6162 6164/6164/6164 6165/6165/6165 
f 6166/6166/6166 6167/6167/6167 6168/6168/6168 
f 6169/6169/6169 6170/6170/6170 6171/6171/6171 
f 6172/6172/6172 6173/6173/6173 6174/6174/6174 
f 6175/6175/6175 6176/6176/6176 6177/6177/6177 
f 6178/6178/6178 6179/6179/6179 6180/6180/6180 
f 6181/6181/6181 6182/6182/6182 6183/6183/6183 
f 6184/6184/6184 6185/6185/6185 6186/6186/6186 
f 6184/6184/6184 6186/6186/6186 6187/6187/6187 
f 6188/6188/6188 6189/6189/6189 6190/6190/6190 
f 6188/6188/6188 6190/6190/6190 6191/6191/6191 
f 6192/6192/6192 6193/6193/6193 6194/6194/6194 
f 6195/6195/6195 6196/6196/6196 6197/6197/6197 
f 6198/6198/6198 6199/6199/6199 6200/6200/6200 
f 6201/6201/6201 6202/6202/6202 6203/6203/6203 
f 6204/6204/6204 6205/6205/6205 6206/6206/6206 
f 6204/6204/6204 6206/6206/6206 6207/6207/6207 
f 6208/6208/6208 6209/6209/6209 6210/6210/6210 
f 6208/6208/6208 6210/6210/6210 6211/6211/6211 
f 6212/6212/6212 6213/6213/6213 6214/6214/6214 
f 6212/6212/6212 6214/6214/6214 6215/6215/6215 
f 6216/6216/6216 6217/6217/6217 6218/6218/6218 
f 6216/6216/6216 6218/6218/6218 6219/6219/6219 
f 6220/6220/6220 6221/6221/6221 6222/6222/6222 
f 6220/6220/6220 6222/6222/6222 6223/6223/6223 
f 6224/6224/6224 6225/6225/6225 6226/6226/6226 
f 6224/6224/6224 6226/6226/6226 6227/6227/6227 
f 6228/6228/6228 6229/6229/6229 6230/6230/6230 
f 6228/6228/6228 6230/6230/6230 6231/6231/6231 
f 6232/6232/6232 6233/6233/6233 6234/6234/6234 
f 6232/6232/6232 6234/6234/6234 6235/6235/6235 
f 6236/6236/6236 6237/6237/6237 6238/6238/6238 
f 6236/6236/6236 6238/6238/6238 6239/6239/6239 
f 6240/6240/6240 6241/6241/6241 6242/6242/6242 
f 6240/6240/6240 6242/6242/6242 6243/6243/6243 
f 6244/6244/6244 6245/6245/6245 6246/6246/6246 
f 6244/6244/6244 6246/6246/6246 6247/6247/6247 
f 6248/6248/6248 6249/6249/6249 6250/6250/6250 
f 6251/6251/6251 6252/6252/6252 6253/6253/6253 
f 6254/6254/6254 6255/6255/6255 6256/6256/6256 
f 6257/6257/6257 6258/6258/6258 6259/6259/6259 
f 6260/6260/6260 6261/6261/6261 6262/6262/6262 
f 6263/6263/6263 6264/6264/6264 6265/6265/6265 
f 6266/6266/6266 6267/6267/6267 6268/6268/6268 
f 6269/6269/6269 6270/6270/6270 6271/6271/6271 
f 6272/6272/6272 6273/6273/6273 6274/6274/6274 
f 6272/6272/6272 6274/6274/6274 6275/6275/6275 
f 6276/6276/6276 6277/6277/6277 6278/6278/6278 
f 6276/6276/6276 6278/6278/6278 6279/6279/6279 

g 10

v 364.933 3.88396 201 
v 365 3.88396 200.933 
v 364.954 3.95299 200.894 
v 364.894 3.95301 200.954 
v 364 3.88396 200.933 
v 364.067 3.88396 201 
v 364.106 3.95301 200.954 
v 364.046 3.95299 200.894 
v 364.067 3.88396 201 
v 364.933 3.88396 201 
v 364.894 3.95301 200.954 
v 364.106 3.95301 200.954 
v 365 3.88396 200.067 
v 364.967 3.88396 200.033 
v 364.924 3.953 200.076 
v 364.954 3.95299 200.106 
v 364.933 3.88396 200 
v 364.894 3.95301 200.046 
v 364.033 3.88396 200.033 
v 364 3.88396 200.067 
v 364.046 3.95299 200.106 
v 364.076 3.953 200.076 
v 364.067 3.88396 200 
v 364.033 3.88396 200.033 
v 364.076 3.953 200.076 
v 364.106 3.95301 200.046 
v 365 3.88396 200.933 
v 365 3.88396 200.497 
v 364.954 3.95301 200.497 
v 364.954 3.95299 200.894 
v 365 3.88396 200.497 
v 365 3.88396 200.067 
v 364.954 3.95299 200.106 
v 364.954 3.95301 200.497 
v 364 3.88396 200.497 
v 364 3.88396 200.933 
v 364.046 3.95299 200.894 
v 364.046 3.95301 200.497 
v 364 3.88396 200.067 
v 364 3.88396 200.497 
v 364.046 3.95301 200.497 
v 364.046 3.95299 200.106 
v 365 3.88396 200.933 
v 364.933 3.88396 201 
v 364.933 3.03462 201 
v 365 3.03462 200.933 
v 364 3.03462 200.933 
v 364.067 3.03462 201 
v 364.067 3.88396 201 
v 364 3.88396 200.933 
v 364.964 3.00167 200.933 
v 365 3.03462 200.933 
v 364.933 3.03462 201 
v 364.919 3.00167 200.966 
v 364.081 3.00167 200.966 
v 364.067 3.03462 201 
v 364 3.03462 200.933 
v 364.036 3.00167 200.933 
v 364.954 3.95299 200.894 
v 364.954 3.95301 200.497 
v 364.894 3.95301 200.896 
v 364.894 3.95301 200.104 
v 364.954 3.95301 200.497 
v 364.954 3.95299 200.106 
v 364.954 3.95299 200.894 
v 364.894 3.95301 200.896 
v 364.894 3.95301 200.954 
v 364.954 3.95299 200.106 
v 364.924 3.953 200.076 
v 364.894 3.95301 200.104 
v 364.894 3.95301 200.046 
v 364.046 3.95299 200.894 
v 364.106 3.95299 200.894 
v 364.046 3.95301 200.497 
v 364.894 3.95301 200.896 
v 364.954 3.95301 200.497 
v 364.894 3.95301 200.104 
v 364.046 3.95301 200.497 
v 364.106 3.95299 200.106 
v 364.046 3.95299 200.106 
v 364.106 3.95299 200.106 
v 364.106 3.95299 200.894 
v 364.894 3.95301 200.896 
v 364.894 3.95301 200.104 
v 364.106 3.95301 200.046 
v 364.106 3.95299 200.106 
v 364.894 3.95301 200.104 
v 364.894 3.95301 200.046 
v 364.894 3.95301 200.954 
v 364.894 3.95301 200.896 
v 364.106 3.95299 200.894 
v 364.106 3.95301 200.954 
v 364.106 3.95299 200.106 
v 364.106 3.95301 200.046 
v 364.076 3.953 200.076 
v 364.046 3.95299 200.106 
v 364.046 3.95301 200.497 
v 364.106 3.95299 200.894 
v 364.106 3.95299 200.106 
v 364.106 3.95301 200.954 
v 364.106 3.95299 200.894 
v 364.046 3.95299 200.894 
v 364.933 3.88396 200 
v 364.067 3.88396 200 
v 364.106 3.95301 200.046 
v 364.894 3.95301 200.046 
v 364.071 2.97626 200.023 
v 364.04 2.98306 200.055 
v 364.033 3.03462 200.033 
v 364.067 3.03462 200 
v 364.074 2.89156 200.094 
v 364.009 2.9899 200.087 
v 364.045 2.9094 200.121 
v 364 3.03462 200.067 
v 364.077 2.83012 200.204 
v 364.017 2.92682 200.148 
v 364.048 2.8492 200.224 
v 364.069 2.7901 200.343 
v 364.02 2.87268 200.244 
v 364.042 2.81517 200.354 
v 364.082 2.78434 200.463 
v 364.019 2.8402 200.364 
v 364.052 2.80972 200.463 
v 364.025 2.83501 200.464 
v 364.933 3.03462 201 
v 364.933 3.88396 201 
v 364.067 3.88396 201 
v 364.067 3.03462 201 
v 364.919 3.00167 200.966 
v 364.933 3.03462 201 
v 364.067 3.03462 201 
v 364.081 3.00167 200.966 
v 364.908 2.80258 200.497 
v 364.919 2.78434 200.463 
v 364.948 2.80972 200.463 
v 364.955 2.84023 200.497 
v 364.976 2.83501 200.464 
v 364 3.88396 200.067 
v 364.033 3.88396 200.033 
v 364.033 3.03462 200.033 
v 364 3.03462 200.067 
v 364.033 3.88396 200.033 
v 364.067 3.88396 200 
v 364.067 3.03462 200 
v 364.033 3.03462 200.033 
v 364.092 2.80258 200.497 
v 364.052 2.84023 200.497 
v 364.025 2.83501 200.464 
v 364.052 2.80972 200.463 
v 364.082 2.78434 200.463 
v 364.925 2.97626 200.023 
v 364.958 2.98306 200.055 
v 364.953 2.90942 200.121 
v 364.921 2.89156 200.094 
v 364.933 3.03462 200 
v 364.992 2.9899 200.087 
v 364.967 3.03462 200.033 
v 364.984 2.92682 200.148 
v 364.95 2.8492 200.224 
v 364.981 2.87268 200.244 
v 364.918 2.83012 200.204 
v 364.954 2.81519 200.354 
v 364.982 2.8402 200.364 
v 364.926 2.79012 200.343 
v 364.948 2.80972 200.463 
v 364.976 2.83501 200.464 
v 364.919 2.78434 200.463 
v 365 3.03462 200.067 
v 364.967 3.03462 200.033 
v 364.933 3.88396 200 
v 365 3.03462 200.067 
v 364.967 3.88396 200.033 
v 365 3.88396 200.067 
v 365 3.03462 200.933 
v 364.964 3.00167 200.933 
v 364.967 3.00275 200.497 
v 365 3.03462 200.465 
v 364.036 3.00167 200.933 
v 364 3.03462 200.933 
v 364 3.03462 200.465 
v 364.033 3.00271 200.497 
v 365 3.88396 200.933 
v 365 3.03462 200.933 
v 365 3.03462 200.465 
v 365 3.88396 200.497 
v 364 3.03462 200.933 
v 364 3.88396 200.933 
v 364 3.88396 200.497 
v 364 3.03462 200.465 
v 365 3.03462 200.067 
v 365 3.88396 200.067 
v 365 3.88396 200.497 
v 365 3.03462 200.465 
v 364.992 2.9899 200.087 
v 365 3.03462 200.067 
v 364.984 2.92682 200.148 
v 364.981 2.87268 200.244 
v 364.982 2.8402 200.364 
v 364.976 2.83501 200.464 
v 364 3.88396 200.067 
v 364 3.03462 200.067 
v 364 3.03462 200.465 
v 364 3.88396 200.497 
v 364 3.03462 200.067 
v 364.009 2.9899 200.087 
v 364.017 2.92682 200.148 
v 364.02 2.87268 200.244 
v 364.019 2.8402 200.364 
v 364.025 2.83501 200.464 
v 364.955 2.84023 200.497 
v 364.976 2.83501 200.464 
v 365 3.03462 200.465 
v 364.967 3.00275 200.497 
v 364.925 2.97626 200.023 
v 364.921 2.89156 200.094 
v 364.074 2.89156 200.094 
v 364.071 2.97626 200.023 
v 364.933 3.03462 200 
v 364.918 2.83012 200.204 
v 364.077 2.83012 200.204 
v 364.926 2.79012 200.343 
v 364.069 2.7901 200.343 
v 364.919 2.78434 200.463 
v 364.082 2.78434 200.463 
v 364.067 3.03462 200 
v 364.025 2.83501 200.464 
v 364.052 2.84023 200.497 
v 364.033 3.00271 200.497 
v 364 3.03462 200.465 
v 364.933 3.88396 200 
v 364.933 3.03462 200 
v 364.067 3.03462 200 
v 364.067 3.88396 200 
v 364.919 2.78434 200.463 
v 364.908 2.80258 200.497 
v 364.092 2.80258 200.497 
v 364.082 2.78434 200.463 
v 364.955 2.84023 200.497 
v 364.052 2.84023 200.497 
v 364.964 3.00167 200.933 
v 364.919 3.00167 200.966 
v 364.081 3.00167 200.966 
v 364.036 3.00167 200.933 
v 364.036 3.00167 200.933 
v 364.033 3.00271 200.497 
v 364.964 3.00167 200.933 
v 364.964 3.00167 200.933 
v 364.033 3.00271 200.497 
v 364.967 3.00275 200.497 
v 364.033 3.00271 200.497 
v 364.052 2.84023 200.497 
v 364.955 2.84023 200.497 
v 364.033 3.00271 200.497 
v 364.955 2.84023 200.497 
v 364.967 3.00275 200.497 

vn 0.535433 0.645669 0.535433 
vn 0.535433 0.645669 0.535433 
vn 0.535433 0.645669 0.535433 
vn 0.535433 0.645669 0.535433 
vn -0.535433 0.645669 0.535433 
vn -0.535433 0.645669 0.535433 
vn -0.535433 0.645669 0.535433 
vn -0.535433 0.645669 0.535433 
vn 0 0.543307 0.84252 
vn 0 0.543307 0.84252 
vn 0 0.543307 0.84252 
vn 0 0.543307 0.84252 
vn 0.535433 0.645669 -0.535433 
vn 0.535433 0.645669 -0.535433 
vn 0.535433 0.645669 -0.535433 
vn 0.535433 0.645669 -0.535433 
vn 0.535433 0.645669 -0.535433 
vn 0.535433 0.645669 -0.535433 
vn -0.535433 0.645669 -0.535433 
vn -0.535433 0.645669 -0.535433 
vn -0.535433 0.645669 -0.535433 
vn -0.535433 0.645669 -0.535433 
vn -0.535433 0.645669 -0.535433 
vn -0.535433 0.645669 -0.535433 
vn -0.535433 0.645669 -0.535433 
vn -0.535433 0.645669 -0.535433 
vn 0.84252 0.543307 0 
vn 0.84252 0.543307 0 
vn 0.84252 0.543307 0 
vn 0.84252 0.543307 0 
vn 0.84252 0.543307 0 
vn 0.84252 0.543307 0 
vn 0.84252 0.543307 0 
vn 0.84252 0.543307 0 
vn -0.84252 0.543307 0 
vn -0.84252 0.543307 0 
vn -0.84252 0.543307 0 
vn -0.84252 0.543307 0 
vn -0.84252 0.543307 0 
vn -0.84252 0.543307 0 
vn -0.84252 0.543307 0 
vn -0.84252 0.543307 0 
vn 0.708661 0 0.708661 
vn 0.708661 0 0.708661 
vn 0.708661 0 0.708661 
vn 0.708661 0 0.708661 
vn -0.708661 0 0.708661 
vn -0.708661 0 0.708661 
vn -0.708661 0 0.708661 
vn -0.708661 0 0.708661 
vn 0.496063 -0.661417 0.559055 
vn 0.496063 -0.661417 0.559055 
vn 0.496063 -0.661417 0.559055 
vn 0.496063 -0.661417 0.559055 
vn -0.496063 -0.661417 0.559055 
vn -0.496063 -0.661417 0.559055 
vn -0.496063 -0.661417 0.559055 
vn -0.496063 -0.661417 0.559055 
vn 0 1 0 
vn 0 1 0 
vn 0 1 0 
vn 0 1 0 
vn 0 1 0 
vn 0 1 0 
vn 0 1 0 
vn 0 1 0 
vn 0 1 0 
vn 0 1 0 
vn 0 1 0 
vn 0 1 0 
vn 0 1 0 
vn 0 1 0 
vn 0 1 0 
vn 0 1 0 
vn 0 1 0 
vn 0 1 0 
vn 0 1 0 
vn 0 1 0 
vn 0 1 0 
vn 0 1 0 
vn 0 1 0 
vn 0 1 0 
vn 0 1 0 
vn 0 1 0 
vn 0 1 0 
vn 0 1 0 
vn 0 1 0 
vn 0 1 0 
vn 0 1 0 
vn 0 1 0 
vn 0 1 0 
vn 0 1 0 
vn 0 1 0 
vn 0 1 0 
vn 0 1 0 
vn 0 1 0 
vn 0 1 0 
vn 0 1 0 
vn 0 1 0 
vn 0 1 0 
vn 0 1 0 
vn 0 1 0 
vn 0 0.543307 -0.84252 
vn 0 0.543307 -0.84252 
vn 0 0.543307 -0.84252 
vn 0 0.543307 -0.84252 
vn -0.716535 -0.11811 -0.685039 
vn -0.716535 -0.11811 -0.685039 
vn -0.716535 -0.11811 -0.685039 
vn -0.716535 -0.11811 -0.685039 
vn -0.748031 -0.291339 -0.590551 
vn -0.748031 -0.307087 -0.590551 
vn -0.748031 -0.307087 -0.590551 
vn -0.708661 0 -0.708661 
vn -0.755906 -0.590551 -0.283465 
vn -0.748031 -0.307087 -0.590551 
vn -0.755906 -0.598425 -0.259843 
vn -0.779528 -0.622047 -0.0787402 
vn -0.755906 -0.598425 -0.259843 
vn -0.80315 -0.598425 -0.023622 
vn -0.795276 -0.606299 0.023622 
vn -0.80315 -0.598425 -0.023622 
vn -0.826772 -0.559055 0.015748 
vn -0.826772 -0.559055 0.015748 
vn 0 0 1 
vn 0 0 1 
vn 0 0 1 
vn 0 0 1 
vn 0 -0.716535 0.700787 
vn 0 -0.716535 0.700787 
vn 0 -0.716535 0.700787 
vn 0 -0.716535 0.700787 
vn 0.637795 -0.496063 0.590551 
vn 0.637795 -0.496063 0.590551 
vn 0.637795 -0.496063 0.590551 
vn 0.637795 -0.535433 0.543307 
vn 0.637795 -0.535433 0.543307 
vn -0.708661 0 -0.708661 
vn -0.708661 0 -0.708661 
vn -0.716535 -0.11811 -0.685039 
vn -0.708661 0 -0.708661 
vn -0.708661 0 -0.708661 
vn -0.708661 0 -0.708661 
vn -0.716535 -0.11811 -0.685039 
vn -0.716535 -0.11811 -0.685039 
vn -0.637795 -0.488189 0.598425 
vn -0.637795 -0.488189 0.598425 
vn -0.637795 -0.488189 0.598425 
vn -0.637795 -0.488189 0.598425 
vn -0.629921 -0.503937 0.598425 
vn 0.716535 -0.307087 -0.622047 
vn 0.716535 -0.307087 -0.622047 
vn 0.716535 -0.307087 -0.622047 
vn 0.716535 -0.307087 -0.622047 
vn 0.700787 -0.133858 -0.700787 
vn 0.700787 -0.133858 -0.700787 
vn 0.700787 -0.133858 -0.700787 
vn 0.716535 -0.314961 -0.614173 
vn 0.732283 -0.606299 -0.307087 
vn 0.732283 -0.622047 -0.283465 
vn 0.732283 -0.606299 -0.307087 
vn 0.76378 -0.637795 -0.0866142 
vn 0.76378 -0.645669 -0.0472441 
vn 0.76378 -0.637795 -0.0866142 
vn 0.795276 -0.606299 -0.00787402 
vn 0.80315 -0.598425 -0.00787402 
vn 0.795276 -0.606299 -0.00787402 
vn 0.700787 -0.133858 -0.700787 
vn 0.700787 -0.133858 -0.700787 
vn 0.708661 0 -0.708661 
vn 0.700787 -0.133858 -0.700787 
vn 0.708661 0 -0.708661 
vn 0.708661 0 -0.708661 
vn 0.692913 -0.724409 0 
vn 0.692913 -0.724409 0 
vn 0.692913 -0.724409 0 
vn 0.692913 -0.724409 0 
vn -0.692913 -0.724409 0 
vn -0.692913 -0.724409 0 
vn -0.692913 -0.724409 0 
vn -0.692913 -0.724409 0 
vn 1 0 0 
vn 1 0 0 
vn 1 0 0 
vn 1 0 0 
vn -1 0 0 
vn -1 0 0 
vn -1 0 0 
vn -1 0 0 
vn 1 0 0 
vn 1 0 0 
vn 1 0 0 
vn 1 0 0 
vn 1 -0.0551181 0 
vn 1 0 0 
vn 1 -0.0551181 0 
vn 0.968504 -0.212598 0.141732 
vn 0.96063 -0.220472 0.15748 
vn 0.976378 -0.19685 0.0393701 
vn -1 0 0 
vn -1 0 0 
vn -1 0 0 
vn -1 0 0 
vn -1 0 0 
vn -1 -0.0629921 0 
vn -1 -0.0629921 0 
vn -0.968504 -0.212598 0.141732 
vn -0.96063 -0.220472 0.149606 
vn -0.976378 -0.19685 0.0393701 
vn 0.80315 -0.15748 0.574803 
vn 0.80315 -0.15748 0.574803 
vn 0.80315 -0.15748 0.574803 
vn 0.80315 -0.15748 0.574803 
vn 0 -0.417323 -0.905512 
vn 0 -0.417323 -0.905512 
vn 0 -0.417323 -0.905512 
vn 0 -0.417323 -0.905512 
vn 0 0 -1 
vn 0 -0.771654 -0.637795 
vn 0 -0.771654 -0.637795 
vn 0 -0.952756 -0.307087 
vn 0 -0.952756 -0.307087 
vn 0 -0.76378 0.645669 
vn 0 -0.76378 0.645669 
vn 0 0 -1 
vn -0.779528 -0.15748 0.614173 
vn -0.779528 -0.15748 0.614173 
vn -0.779528 -0.15748 0.614173 
vn -0.779528 -0.15748 0.614173 
vn 0 0 -1 
vn 0 0 -1 
vn 0 0 -1 
vn 0 0 -1 
vn 0 -0.76378 0.645669 
vn 0 -0.76378 0.645669 
vn 0 -0.76378 0.645669 
vn 0 -0.76378 0.645669 
vn 0 0 1 
vn 0 0 1 
vn 0 -1 0 
vn 0 -1 0 
vn 0 -1 0 
vn 0 -1 0 
vn 0 -1 0 
vn 0 -1 0 
vn 0 -1 0 
vn 0 -1 0 
vn 0 -1 0 
vn 0 -1 0 
vn 0 0 1 
vn 0 0 1 
vn 0 0 1 
vn 0 0 1 
vn 0 0 1 
vn 0 0 1 

vt 0.85168 0.874764 
vt 0.856161 0.874763 
vt 0.856161 0.88379 
vt 0.85168 0.88379 
vt 0.781776 0.874764 
vt 0.786356 0.874763 
vt 0.786356 0.88379 
vt 0.781776 0.88379 
vt 0.786356 0.874763 
vt 0.85168 0.874764 
vt 0.85168 0.88379 
vt 0.786356 0.88379 
vt 0.921522 0.874763 
vt 0.923676 0.874763 
vt 0.923676 0.88379 
vt 0.921522 0.88379 
vt 0.92583 0.874764 
vt 0.92583 0.88379 
vt 0.714179 0.874764 
vt 0.716185 0.874764 
vt 0.716185 0.88379 
vt 0.714179 0.88379 
vt 0.991107 0.874764 
vt 0.993555 0.874764 
vt 0.993556 0.88379 
vt 0.991107 0.88379 
vt 0.856161 0.874763 
vt 0.889942 0.874763 
vt 0.890249 0.88379 
vt 0.856161 0.88379 
vt 0.889942 0.874763 
vt 0.921522 0.874763 
vt 0.921522 0.88379 
vt 0.890249 0.88379 
vt 0.751782 0.874764 
vt 0.781761 0.874764 
vt 0.781761 0.88379 
vt 0.751301 0.88379 
vt 0.716185 0.874764 
vt 0.751782 0.874764 
vt 0.751301 0.88379 
vt 0.716185 0.88379 
vt 0.856161 0.874763 
vt 0.85168 0.874764 
vt 0.85168 0.772154 
vt 0.856161 0.772154 
vt 0.781776 0.772154 
vt 0.786356 0.772154 
vt 0.786356 0.874763 
vt 0.781776 0.874764 
vt 0.821553 0.942947 
vt 0.822703 0.947079 
vt 0.820034 0.947078 
vt 0.820166 0.944906 
vt 0.792081 0.944906 
vt 0.790997 0.947078 
vt 0.788322 0.947079 
vt 0.790694 0.942947 
vt 0.779375 0.996456 
vt 0.748766 0.996456 
vt 0.779518 0.989037 
vt 0.7185 0.989037 
vt 0.748766 0.996456 
vt 0.718657 0.996456 
vt 0.779375 0.996456 
vt 0.779518 0.989037 
vt 0.783759 0.989037 
vt 0.718657 0.996456 
vt 0.716465 0.992746 
vt 0.7185 0.989037 
vt 0.714272 0.989037 
vt 0.779385 0.883858 
vt 0.779385 0.891238 
vt 0.748766 0.883858 
vt 0.779518 0.989037 
vt 0.748766 0.996456 
vt 0.7185 0.989037 
vt 0.748766 0.883858 
vt 0.718646 0.891238 
vt 0.718657 0.883858 
vt 0.718646 0.891238 
vt 0.779385 0.891238 
vt 0.779518 0.989037 
vt 0.7185 0.989037 
vt 0.714272 0.891277 
vt 0.718646 0.891238 
vt 0.7185 0.989037 
vt 0.714272 0.989037 
vt 0.783759 0.989037 
vt 0.779518 0.989037 
vt 0.779385 0.891238 
vt 0.783759 0.891277 
vt 0.718646 0.891238 
vt 0.714272 0.891277 
vt 0.716465 0.887568 
vt 0.718657 0.883858 
vt 0.748766 0.883858 
vt 0.779385 0.891238 
vt 0.718646 0.891238 
vt 0.783759 0.891277 
vt 0.779385 0.891238 
vt 0.779385 0.883858 
vt 0.92583 0.874764 
vt 0.991107 0.874764 
vt 0.991107 0.88379 
vt 0.92583 0.88379 
vt 0.715698 0.783451 
vt 0.721242 0.783451 
vt 0.719753 0.772155 
vt 0.714179 0.772154 
vt 0.718341 0.792253 
vt 0.726786 0.78169 
vt 0.723799 0.788732 
vt 0.725604 0.772155 
vt 0.726875 0.794014 
vt 0.728166 0.785211 
vt 0.730465 0.790493 
vt 0.735407 0.794014 
vt 0.734055 0.786972 
vt 0.737313 0.791548 
vt 0.745633 0.794014 
vt 0.739218 0.78814 
vt 0.745633 0.790493 
vt 0.745633 0.787091 
vt 0.85168 0.772154 
vt 0.85168 0.874764 
vt 0.786356 0.874763 
vt 0.786356 0.772154 
vt 0.820166 0.944906 
vt 0.820034 0.947078 
vt 0.790997 0.947078 
vt 0.792081 0.944906 
vt 0.819758 0.893484 
vt 0.823094 0.893373 
vt 0.823094 0.894785 
vt 0.821196 0.896225 
vt 0.823094 0.896197 
vt 0.716185 0.874764 
vt 0.714179 0.874764 
vt 0.714179 0.772154 
vt 0.716185 0.772154 
vt 0.993555 0.874764 
vt 0.991107 0.874764 
vt 0.991107 0.772154 
vt 0.993555 0.772154 
vt 0.792468 0.893467 
vt 0.791251 0.896224 
vt 0.788713 0.896355 
vt 0.788713 0.895099 
vt 0.788713 0.893842 
vt 0.923581 0.783451 
vt 0.920306 0.783451 
vt 0.918122 0.789613 
vt 0.920306 0.791373 
vt 0.92583 0.772154 
vt 0.917031 0.78169 
vt 0.922489 0.772154 
vt 0.914847 0.78749 
vt 0.909389 0.791629 
vt 0.90771 0.789357 
vt 0.911067 0.794014 
vt 0.899563 0.791553 
vt 0.898472 0.788732 
vt 0.900558 0.794014 
vt 0.892414 0.790493 
vt 0.892414 0.786858 
vt 0.892414 0.794014 
vt 0.918122 0.772154 
vt 0.923676 0.772154 
vt 0.92583 0.874764 
vt 0.921397 0.772154 
vt 0.923676 0.874763 
vt 0.921522 0.874763 
vt 0.822703 0.947079 
vt 0.821553 0.942947 
vt 0.821553 0.917201 
vt 0.823094 0.917358 
vt 0.790694 0.942947 
vt 0.788322 0.947079 
vt 0.788713 0.917198 
vt 0.790694 0.917201 
vt 0.856161 0.874763 
vt 0.856161 0.772154 
vt 0.892245 0.772153 
vt 0.889942 0.874763 
vt 0.781761 0.772154 
vt 0.781761 0.874764 
vt 0.751782 0.874764 
vt 0.744737 0.772154 
vt 0.921397 0.772154 
vt 0.921522 0.874763 
vt 0.889942 0.874763 
vt 0.892245 0.772153 
vt 0.917031 0.78169 
vt 0.918122 0.772154 
vt 0.914847 0.78749 
vt 0.90771 0.789357 
vt 0.898472 0.788732 
vt 0.892414 0.786858 
vt 0.716185 0.874764 
vt 0.716185 0.772154 
vt 0.744737 0.772154 
vt 0.751782 0.874764 
vt 0.725604 0.772155 
vt 0.726786 0.78169 
vt 0.728166 0.785211 
vt 0.734055 0.786972 
vt 0.739218 0.78814 
vt 0.745633 0.787091 
vt 0.821196 0.896225 
vt 0.823094 0.896197 
vt 0.823094 0.917358 
vt 0.821553 0.917201 
vt 0.923672 0.781898 
vt 0.923672 0.785634 
vt 0.993554 0.785634 
vt 0.993554 0.781898 
vt 0.923676 0.772154 
vt 0.923672 0.78831 
vt 0.993554 0.78831 
vt 0.923672 0.790493 
vt 0.993554 0.790493 
vt 0.923672 0.794014 
vt 0.993554 0.794014 
vt 0.993555 0.772154 
vt 0.788713 0.896355 
vt 0.791251 0.896224 
vt 0.790694 0.917201 
vt 0.788713 0.917198 
vt 0.92583 0.874764 
vt 0.92583 0.772153 
vt 0.991107 0.772153 
vt 0.991107 0.874764 
vt 0.819758 0.890893 
vt 0.819758 0.893484 
vt 0.792468 0.893484 
vt 0.792468 0.890893 
vt 0.821196 0.896225 
vt 0.791251 0.896224 
vt 0.821553 0.942947 
vt 0.820166 0.944906 
vt 0.792081 0.944906 
vt 0.790694 0.942947 
vt 0.790694 0.942947 
vt 0.790694 0.917201 
vt 0.821553 0.942947 
vt 0.821553 0.942947 
vt 0.790694 0.917201 
vt 0.821553 0.917201 
vt 0.790694 0.917201 
vt 0.791251 0.896224 
vt 0.821196 0.896225 
vt 0.790694 0.917201 
vt 0.821196 0.896225 
vt 0.821553 0.917201 

usemtl 1Mtl

f 6280/6280/6280 6281/6281/6281 6282/6282/6282 
f 6280/6280/6280 6282/6282/6282 6283/6283/6283 
f 6284/6284/6284 6285/6285/6285 6286/6286/6286 
f 6284/6284/6284 6286/6286/6286 6287/6287/6287 
f 6288/6288/6288 6289/6289/6289 6290/6290/6290 
f 6288/6288/6288 6290/6290/6290 6291/6291/6291 
f 6292/6292/6292 6293/6293/6293 6294/6294/6294 
f 6292/6292/6292 6294/6294/6294 6295/6295/6295 
f 6293/6293/6293 6296/6296/6296 6297/6297/6297 
f 6293/6293/6293 6297/6297/6297 6294/6294/6294 
f 6298/6298/6298 6299/6299/6299 6300/6300/6300 
f 6298/6298/6298 6300/6300/6300 6301/6301/6301 
f 6302/6302/6302 6303/6303/6303 6304/6304/6304 
f 6302/6302/6302 6304/6304/6304 6305/6305/6305 
f 6306/6306/6306 6307/6307/6307 6308/6308/6308 
f 6306/6306/6306 6308/6308/6308 6309/6309/6309 
f 6310/6310/6310 6311/6311/6311 6312/6312/6312 
f 6310/6310/6310 6312/6312/6312 6313/6313/6313 
f 6314/6314/6314 6315/6315/6315 6316/6316/6316 
f 6314/6314/6314 6316/6316/6316 6317/6317/6317 
f 6318/6318/6318 6319/6319/6319 6320/6320/6320 
f 6318/6318/6318 6320/6320/6320 6321/6321/6321 
f 6322/6322/6322 6323/6323/6323 6324/6324/6324 
f 6322/6322/6322 6324/6324/6324 6325/6325/6325 
f 6326/6326/6326 6327/6327/6327 6328/6328/6328 
f 6326/6326/6326 6328/6328/6328 6329/6329/6329 
f 6330/6330/6330 6331/6331/6331 6332/6332/6332 
f 6330/6330/6330 6332/6332/6332 6333/6333/6333 
f 6334/6334/6334 6335/6335/6335 6336/6336/6336 
f 6334/6334/6334 6336/6336/6336 6337/6337/6337 
f 6338/6338/6338 6339/6339/6339 6340/6340/6340 
f 6341/6341/6341 6342/6342/6342 6343/6343/6343 
f 6344/6344/6344 6345/6345/6345 6346/6346/6346 
f 6347/6347/6347 6348/6348/6348 6349/6349/6349 
f 6348/6348/6348 6350/6350/6350 6349/6349/6349 
f 6351/6351/6351 6352/6352/6352 6353/6353/6353 
f 6354/6354/6354 6355/6355/6355 6356/6356/6356 
f 6357/6357/6357 6358/6358/6358 6359/6359/6359 
f 6360/6360/6360 6361/6361/6361 6362/6362/6362 
f 6360/6360/6360 6362/6362/6362 6363/6363/6363 
f 6364/6364/6364 6365/6365/6365 6366/6366/6366 
f 6364/6364/6364 6366/6366/6366 6367/6367/6367 
f 6368/6368/6368 6369/6369/6369 6370/6370/6370 
f 6368/6368/6368 6370/6370/6370 6371/6371/6371 
f 6372/6372/6372 6373/6373/6373 6374/6374/6374 
f 6374/6374/6374 6375/6375/6375 6372/6372/6372 
f 6376/6376/6376 6377/6377/6377 6378/6378/6378 
f 6379/6379/6379 6380/6380/6380 6381/6381/6381 
f 6382/6382/6382 6383/6383/6383 6384/6384/6384 
f 6382/6382/6382 6384/6384/6384 6385/6385/6385 
f 6386/6386/6386 6387/6387/6387 6388/6388/6388 
f 6386/6386/6386 6388/6388/6388 6389/6389/6389 
f 6387/6387/6387 6386/6386/6386 6390/6390/6390 
f 6391/6391/6391 6387/6387/6387 6392/6392/6392 
f 6387/6387/6387 6391/6391/6391 6393/6393/6393 
f 6387/6387/6387 6393/6393/6393 6388/6388/6388 
f 6387/6387/6387 6390/6390/6390 6392/6392/6392 
f 6392/6392/6392 6390/6390/6390 6394/6394/6394 
f 6391/6391/6391 6392/6392/6392 6395/6395/6395 
f 6395/6395/6395 6392/6392/6392 6396/6396/6396 
f 6392/6392/6392 6394/6394/6394 6396/6396/6396 
f 6396/6396/6396 6394/6394/6394 6397/6397/6397 
f 6395/6395/6395 6396/6396/6396 6398/6398/6398 
f 6398/6398/6398 6396/6396/6396 6399/6399/6399 
f 6396/6396/6396 6397/6397/6397 6399/6399/6399 
f 6399/6399/6399 6397/6397/6397 6400/6400/6400 
f 6398/6398/6398 6399/6399/6399 6401/6401/6401 
f 6401/6401/6401 6399/6399/6399 6402/6402/6402 
f 6399/6399/6399 6400/6400/6400 6402/6402/6402 
f 6401/6401/6401 6402/6402/6402 6403/6403/6403 
f 6404/6404/6404 6405/6405/6405 6406/6406/6406 
f 6404/6404/6404 6406/6406/6406 6407/6407/6407 
f 6408/6408/6408 6409/6409/6409 6410/6410/6410 
f 6408/6408/6408 6410/6410/6410 6411/6411/6411 
f 6412/6412/6412 6413/6413/6413 6414/6414/6414 
f 6414/6414/6414 6415/6415/6415 6412/6412/6412 
f 6414/6414/6414 6416/6416/6416 6415/6415/6415 
f 6417/6417/6417 6418/6418/6418 6419/6419/6419 
f 6417/6417/6417 6419/6419/6419 6420/6420/6420 
f 6421/6421/6421 6422/6422/6422 6423/6423/6423 
f 6421/6421/6421 6423/6423/6423 6424/6424/6424 
f 6425/6425/6425 6426/6426/6426 6427/6427/6427 
f 6425/6425/6425 6427/6427/6427 6428/6428/6428 
f 6428/6428/6428 6429/6429/6429 6425/6425/6425 
f 6430/6430/6430 6431/6431/6431 6432/6432/6432 
f 6430/6430/6430 6432/6432/6432 6433/6433/6433 
f 6431/6431/6431 6430/6430/6430 6434/6434/6434 
f 6435/6435/6435 6431/6431/6431 6436/6436/6436 
f 6431/6431/6431 6435/6435/6435 6437/6437/6437 
f 6431/6431/6431 6437/6437/6437 6432/6432/6432 
f 6431/6431/6431 6434/6434/6434 6436/6436/6436 
f 6433/6433/6433 6432/6432/6432 6438/6438/6438 
f 6432/6432/6432 6437/6437/6437 6439/6439/6439 
f 6432/6432/6432 6439/6439/6439 6438/6438/6438 
f 6433/6433/6433 6438/6438/6438 6440/6440/6440 
f 6440/6440/6440 6438/6438/6438 6441/6441/6441 
f 6438/6438/6438 6439/6439/6439 6442/6442/6442 
f 6438/6438/6438 6442/6442/6442 6441/6441/6441 
f 6440/6440/6440 6441/6441/6441 6443/6443/6443 
f 6443/6443/6443 6441/6441/6441 6444/6444/6444 
f 6441/6441/6441 6442/6442/6442 6445/6445/6445 
f 6441/6441/6441 6445/6445/6445 6444/6444/6444 
f 6443/6443/6443 6444/6444/6444 6446/6446/6446 
f 6435/6435/6435 6436/6436/6436 6447/6447/6447 
f 6448/6448/6448 6434/6434/6434 6449/6449/6449 
f 6450/6450/6450 6448/6448/6448 6451/6451/6451 
f 6448/6448/6448 6449/6449/6449 6451/6451/6451 
f 6450/6450/6450 6451/6451/6451 6452/6452/6452 
f 6453/6453/6453 6454/6454/6454 6455/6455/6455 
f 6453/6453/6453 6455/6455/6455 6456/6456/6456 
f 6457/6457/6457 6458/6458/6458 6459/6459/6459 
f 6457/6457/6457 6459/6459/6459 6460/6460/6460 
f 6461/6461/6461 6462/6462/6462 6463/6463/6463 
f 6461/6461/6461 6463/6463/6463 6464/6464/6464 
f 6465/6465/6465 6466/6466/6466 6467/6467/6467 
f 6465/6465/6465 6467/6467/6467 6468/6468/6468 
f 6469/6469/6469 6470/6470/6470 6471/6471/6471 
f 6469/6469/6469 6471/6471/6471 6472/6472/6472 
f 6473/6473/6473 6474/6474/6474 6472/6472/6472 
f 6475/6475/6475 6473/6473/6473 6472/6472/6472 
f 6476/6476/6476 6475/6475/6475 6472/6472/6472 
f 6477/6477/6477 6476/6476/6476 6472/6472/6472 
f 6478/6478/6478 6477/6477/6477 6472/6472/6472 
f 6479/6479/6479 6480/6480/6480 6481/6481/6481 
f 6479/6479/6479 6481/6481/6481 6482/6482/6482 
f 6483/6483/6483 6484/6484/6484 6481/6481/6481 
f 6484/6484/6484 6485/6485/6485 6481/6481/6481 
f 6485/6485/6485 6486/6486/6486 6481/6481/6481 
f 6486/6486/6486 6487/6487/6487 6481/6481/6481 
f 6487/6487/6487 6488/6488/6488 6481/6481/6481 
f 6489/6489/6489 6490/6490/6490 6491/6491/6491 
f 6489/6489/6489 6491/6491/6491 6492/6492/6492 
f 6493/6493/6493 6494/6494/6494 6495/6495/6495 
f 6493/6493/6493 6495/6495/6495 6496/6496/6496 
f 6497/6497/6497 6493/6493/6493 6496/6496/6496 
f 6494/6494/6494 6498/6498/6498 6499/6499/6499 
f 6494/6494/6494 6499/6499/6499 6495/6495/6495 
f 6498/6498/6498 6500/6500/6500 6501/6501/6501 
f 6498/6498/6498 6501/6501/6501 6499/6499/6499 
f 6500/6500/6500 6502/6502/6502 6503/6503/6503 
f 6500/6500/6500 6503/6503/6503 6501/6501/6501 
f 6497/6497/6497 6496/6496/6496 6504/6504/6504 
f 6505/6505/6505 6506/6506/6506 6507/6507/6507 
f 6505/6505/6505 6507/6507/6507 6508/6508/6508 
f 6509/6509/6509 6510/6510/6510 6511/6511/6511 
f 6509/6509/6509 6511/6511/6511 6512/6512/6512 
f 6513/6513/6513 6514/6514/6514 6515/6515/6515 
f 6513/6513/6513 6515/6515/6515 6516/6516/6516 
f 6514/6514/6514 6517/6517/6517 6518/6518/6518 
f 6514/6514/6514 6518/6518/6518 6515/6515/6515 
f 6519/6519/6519 6520/6520/6520 6521/6521/6521 
f 6519/6519/6519 6521/6521/6521 6522/6522/6522 
f 6523/6523/6523 6524/6524/6524 6525/6525/6525 
f 6526/6526/6526 6527/6527/6527 6528/6528/6528 
f 6529/6529/6529 6530/6530/6530 6531/6531/6531 
f 6532/6532/6532 6533/6533/6533 6534/6534/6534 

g 11

v 364.067 2.32295 201 
v 364 2.32296 200.933 
v 364.046 2.25011 200.894 
v 364.106 2.25007 200.954 
v 365 2.32296 200.933 
v 364.933 2.32295 201 
v 364.894 2.25007 200.954 
v 364.954 2.25025 200.894 
v 364.933 2.32295 201 
v 364.067 2.32295 201 
v 364.106 2.25007 200.954 
v 364.894 2.25007 200.954 
v 364.933 2.32295 200 
v 364.967 2.32295 200.033 
v 364.924 2.25016 200.076 
v 364.894 2.25007 200.046 
v 365 2.32296 200.067 
v 364.954 2.25025 200.106 
v 364 2.32296 200.067 
v 364.033 2.32295 200.033 
v 364.076 2.25009 200.076 
v 364.046 2.25011 200.106 
v 364.033 2.32295 200.033 
v 364.067 2.32295 200 
v 364.106 2.25007 200.046 
v 364.076 2.25009 200.076 
v 364 2.32296 200.933 
v 364.067 2.32295 201 
v 364.067 3.03462 201 
v 364 3.03462 200.933 
v 365 3.03462 200.933 
v 364.933 3.03462 201 
v 364.933 2.32295 201 
v 365 2.32296 200.933 
v 364.037 3.0703 200.933 
v 364 3.03462 200.933 
v 364.067 3.03462 201 
v 364.081 3.0703 200.965 
v 365 2.32295 200.503 
v 365 2.32296 200.933 
v 364.954 2.25025 200.894 
v 364.954 2.25011 200.503 
v 365 2.32296 200.067 
v 365 2.32295 200.503 
v 364.954 2.25011 200.503 
v 364.954 2.25025 200.106 
v 364 2.32296 200.933 
v 364 2.32295 200.503 
v 364.046 2.24997 200.503 
v 364.046 2.25011 200.894 
v 364 2.32295 200.503 
v 364 2.32296 200.067 
v 364.046 2.25011 200.106 
v 364.046 2.24997 200.503 
v 364.919 3.06996 200.965 
v 364.933 3.03462 201 
v 365 3.03462 200.933 
v 364.963 3.06996 200.933 
v 364.933 2.32295 201 
v 364.933 3.03462 201 
v 364.067 3.03462 201 
v 364.067 2.32295 201 
v 364.067 2.32295 200 
v 364.933 2.32295 200 
v 364.894 2.25007 200.046 
v 364.106 2.25007 200.046 
v 364.923 3.28958 200.343 
v 364.957 3.26201 200.354 
v 364.953 3.22399 200.224 
v 364.919 3.24906 200.204 
v 364.926 3.30189 200.467 
v 364.991 3.23667 200.364 
v 364.96 3.27331 200.467 
v 364.986 3.20116 200.244 
v 364.944 3.15308 200.101 
v 364.977 3.13522 200.128 
v 364.911 3.16991 200.074 
v 364.945 3.07775 200.039 
v 364.978 3.07088 200.071 
v 364.912 3.08462 200.006 
v 364.967 3.03462 200.033 
v 365 3.03462 200.067 
v 364.933 3.03462 200 
v 364.995 3.24696 200.468 
v 364.009 3.23667 200.364 
v 364.043 3.26201 200.354 
v 364.047 3.22399 200.224 
v 364.014 3.20116 200.244 
v 364.005 3.24696 200.468 
v 364.077 3.28958 200.343 
v 364.04 3.27331 200.467 
v 364.081 3.24906 200.204 
v 364.056 3.15308 200.101 
v 364.089 3.16991 200.074 
v 364.023 3.13522 200.128 
v 364.055 3.07775 200.039 
v 364.088 3.08462 200.006 
v 364.022 3.07088 200.071 
v 364.033 3.03462 200.033 
v 364.067 3.03462 200 
v 364 3.03462 200.067 
v 364.074 3.30189 200.467 
v 364.033 3.03462 200.033 
v 364.067 3.03462 200 
v 364.067 2.32295 200 
v 364.033 2.32295 200.033 
v 364 3.03462 200.067 
v 364.033 3.03462 200.033 
v 364.033 2.32295 200.033 
v 364 2.32296 200.067 
v 365 2.32296 200.067 
v 364.967 2.32295 200.033 
v 364.967 3.03462 200.033 
v 365 3.03462 200.067 
v 364.933 2.32295 200 
v 364.933 3.03462 200 
v 364.893 2.25008 200.105 
v 364.894 2.25007 200.046 
v 364.924 2.25016 200.076 
v 364.954 2.25025 200.106 
v 364.893 2.25014 200.503 
v 364.893 2.25008 200.105 
v 364.954 2.25025 200.106 
v 364.954 2.25011 200.503 
v 364.046 2.25011 200.894 
v 364.106 2.25007 200.883 
v 364.106 2.25007 200.954 
v 364.106 2.25007 200.104 
v 364.046 2.25011 200.106 
v 364.076 2.25009 200.076 
v 364.106 2.25007 200.046 
v 364.954 2.25011 200.503 
v 364.954 2.25025 200.894 
v 364.892 2.2502 200.893 
v 364.893 2.25014 200.503 
v 364.106 2.25007 200.503 
v 364.106 2.25007 200.104 
v 364.893 2.25008 200.105 
v 364.893 2.25014 200.503 
v 364.893 2.25014 200.503 
v 364.892 2.2502 200.893 
v 364.106 2.25007 200.883 
v 364.106 2.25007 200.503 
v 364.894 2.25007 200.046 
v 364.893 2.25008 200.105 
v 364.106 2.25007 200.104 
v 364.106 2.25007 200.046 
v 364.106 2.25007 200.503 
v 364.106 2.25007 200.883 
v 364.046 2.25011 200.894 
v 364.046 2.24997 200.503 
v 364.046 2.24997 200.503 
v 364.046 2.25011 200.106 
v 364.106 2.25007 200.104 
v 364.106 2.25007 200.503 
v 364.106 2.25007 200.883 
v 364.892 2.2502 200.893 
v 364.894 2.25007 200.954 
v 364.106 2.25007 200.954 
v 364.894 2.25007 200.954 
v 364.892 2.2502 200.893 
v 364.954 2.25025 200.894 
v 364.933 3.03462 201 
v 364.919 3.06996 200.965 
v 364.081 3.0703 200.965 
v 364.067 3.03462 201 
v 364.916 3.27521 200.503 
v 364.963 3.24111 200.503 
v 364.995 3.24696 200.468 
v 364.96 3.27331 200.467 
v 364.04 3.27331 200.467 
v 364.005 3.24696 200.468 
v 364.037 3.24111 200.503 
v 364.087 3.27521 200.503 
v 364.96 3.27331 200.467 
v 364.926 3.30189 200.467 
v 364.916 3.27521 200.503 
v 364.074 3.30189 200.467 
v 364.04 3.27331 200.467 
v 364.087 3.27521 200.503 
v 364.009 3.23667 200.364 
v 364.014 3.20116 200.244 
v 364 3.03462 200.469 
v 364.005 3.24696 200.468 
v 364.023 3.13522 200.128 
v 364.022 3.07088 200.071 
v 364 3.03462 200.067 
v 364.986 3.20116 200.244 
v 364.991 3.23667 200.364 
v 365 3.03462 200.469 
v 364.977 3.13522 200.128 
v 364.995 3.24696 200.468 
v 364.978 3.07088 200.071 
v 365 3.03462 200.067 
v 364 3.03462 200.067 
v 364 2.32296 200.067 
v 364 2.32295 200.503 
v 364 3.03462 200.469 
v 364 2.32296 200.933 
v 364 3.03462 200.933 
v 365 2.32296 200.067 
v 365 3.03462 200.067 
v 365 3.03462 200.469 
v 365 2.32295 200.503 
v 365 3.03462 200.933 
v 365 2.32296 200.933 
v 364 3.03462 200.933 
v 364.037 3.0703 200.933 
v 364.034 3.07028 200.503 
v 364 3.03462 200.469 
v 364.963 3.06996 200.933 
v 365 3.03462 200.933 
v 365 3.03462 200.469 
v 364.966 3.06994 200.503 
v 364.923 3.28958 200.343 
v 364.919 3.24906 200.204 
v 364.081 3.24906 200.204 
v 364.077 3.28958 200.343 
v 364.926 3.30189 200.467 
v 364.911 3.16991 200.074 
v 364.089 3.16991 200.074 
v 364.912 3.08462 200.006 
v 364.088 3.08462 200.006 
v 364.933 3.03462 200 
v 364.067 3.03462 200 
v 364.074 3.30189 200.467 
v 364.916 3.27521 200.503 
v 364.926 3.30189 200.467 
v 364.074 3.30189 200.467 
v 364.087 3.27521 200.503 
v 364.995 3.24696 200.468 
v 364.963 3.24111 200.503 
v 364.966 3.06994 200.503 
v 365 3.03462 200.469 
v 364.037 3.24111 200.503 
v 364.005 3.24696 200.468 
v 364 3.03462 200.469 
v 364.034 3.07028 200.503 
v 364.933 3.03462 200 
v 364.933 2.32295 200 
v 364.067 2.32295 200 
v 364.067 3.03462 200 
v 364.919 3.06996 200.965 
v 364.963 3.06996 200.933 
v 364.037 3.0703 200.933 
v 364.081 3.0703 200.965 
v 364.966 3.06994 200.503 
v 364.034 3.07028 200.503 
v 364.963 3.24111 200.503 
v 364.916 3.27521 200.503 
v 364.087 3.27521 200.503 
v 364.037 3.24111 200.503 
v 364.966 3.06994 200.503 
v 364.034 3.07028 200.503 

vn -0.566929 -0.622047 0.535433 
vn -0.566929 -0.622047 0.535433 
vn -0.566929 -0.629921 0.535433 
vn -0.566929 -0.629921 0.535433 
vn 0.527559 -0.645669 0.551181 
vn 0.527559 -0.645669 0.551181 
vn 0.527559 -0.645669 0.551181 
vn 0.527559 -0.645669 0.551181 
vn -0.015748 -0.527559 0.850394 
vn -0.0393701 -0.527559 0.850394 
vn -0.0393701 -0.535433 0.84252 
vn -0.015748 -0.535433 0.84252 
vn 0.527559 -0.645669 -0.551181 
vn 0.543307 -0.637795 -0.543307 
vn 0.527559 -0.645669 -0.551181 
vn 0.527559 -0.645669 -0.551181 
vn 0.527559 -0.645669 -0.551181 
vn 0.527559 -0.645669 -0.551181 
vn -0.566929 -0.622047 -0.535433 
vn -0.543307 -0.637795 -0.543307 
vn -0.566929 -0.629921 -0.535433 
vn -0.566929 -0.629921 -0.535433 
vn -0.543307 -0.637795 -0.543307 
vn -0.566929 -0.622047 -0.535433 
vn -0.566929 -0.629921 -0.535433 
vn -0.566929 -0.629921 -0.535433 
vn -0.724409 -0.00787402 0.692913 
vn -0.716535 -0.00787402 0.692913 
vn -0.724409 0.015748 0.692913 
vn -0.724409 0.015748 0.692913 
vn 0.692913 0.015748 0.716535 
vn 0.692913 0.015748 0.724409 
vn 0.692913 -0.00787402 0.724409 
vn 0.692913 -0.00787402 0.716535 
vn -0.503937 0.645669 0.566929 
vn -0.527559 0.637795 0.559055 
vn -0.527559 0.637795 0.559055 
vn -0.503937 0.645669 0.566929 
vn 0.84252 -0.543307 0 
vn 0.84252 -0.543307 0.00787402 
vn 0.834646 -0.551181 0.00787402 
vn 0.834646 -0.551181 0 
vn 0.84252 -0.543307 -0.00787402 
vn 0.84252 -0.543307 0 
vn 0.834646 -0.551181 0 
vn 0.834646 -0.551181 -0.00787402 
vn -0.858268 -0.519685 0.00787402 
vn -0.858268 -0.519685 0 
vn -0.850394 -0.519685 0 
vn -0.850394 -0.519685 0.00787402 
vn -0.858268 -0.519685 0 
vn -0.858268 -0.519685 -0.00787402 
vn -0.850394 -0.519685 -0.00787402 
vn -0.850394 -0.519685 0 
vn 0.503937 0.645669 0.566929 
vn 0.480315 0.661417 0.574803 
vn 0.488189 0.661417 0.574803 
vn 0.503937 0.645669 0.566929 
vn -0.015748 -0.00787402 1 
vn -0.015748 0.015748 1 
vn -0.0393701 0.015748 1 
vn -0.0393701 -0.00787402 1 
vn -0.0393701 -0.527559 -0.850394 
vn -0.015748 -0.527559 -0.850394 
vn -0.015748 -0.535433 -0.84252 
vn -0.0393701 -0.535433 -0.84252 
vn 0.708661 0.669291 -0.212598 
vn 0.708661 0.669291 -0.212598 
vn 0.708661 0.566929 -0.417323 
vn 0.708661 0.566929 -0.417323 
vn 0.685039 0.724409 -0.110236 
vn 0.708661 0.669291 -0.212598 
vn 0.708661 0.700787 -0.110236 
vn 0.708661 0.566929 -0.417323 
vn 0.708661 0.417323 -0.566929 
vn 0.708661 0.417323 -0.566929 
vn 0.708661 0.417323 -0.566929 
vn 0.708661 0.259843 -0.661417 
vn 0.708661 0.259843 -0.661417 
vn 0.708661 0.259843 -0.661417 
vn 0.708661 0.102362 -0.700787 
vn 0.692913 0.11811 -0.708661 
vn 0.692913 0.110236 -0.716535 
vn 0.708661 0.700787 -0.110236 
vn -0.708661 0.669291 -0.212598 
vn -0.708661 0.669291 -0.212598 
vn -0.708661 0.566929 -0.417323 
vn -0.708661 0.566929 -0.417323 
vn -0.708661 0.700787 -0.110236 
vn -0.708661 0.669291 -0.212598 
vn -0.708661 0.700787 -0.110236 
vn -0.708661 0.566929 -0.417323 
vn -0.708661 0.417323 -0.566929 
vn -0.708661 0.417323 -0.566929 
vn -0.708661 0.417323 -0.566929 
vn -0.708661 0.259843 -0.661417 
vn -0.708661 0.259843 -0.661417 
vn -0.708661 0.259843 -0.661417 
vn -0.708661 0.102362 -0.700787 
vn -0.716535 0.110236 -0.685039 
vn -0.724409 0.110236 -0.685039 
vn -0.708661 0.700787 -0.102362 
vn -0.708661 0.102362 -0.700787 
vn -0.716535 0.110236 -0.685039 
vn -0.716535 -0.00787402 -0.692913 
vn -0.708661 0 -0.708661 
vn -0.724409 0.110236 -0.685039 
vn -0.708661 0.102362 -0.700787 
vn -0.708661 0 -0.708661 
vn -0.724409 -0.00787402 -0.692913 
vn 0.692913 -0.00787402 -0.716535 
vn 0.708661 0 -0.708661 
vn 0.708661 0.102362 -0.700787 
vn 0.692913 0.11811 -0.708661 
vn 0.692913 -0.00787402 -0.724409 
vn 0.692913 0.110236 -0.716535 
vn -0.015748 -1 -0.00787402 
vn -0.015748 -1 -0.00787402 
vn -0.015748 -1 -0.00787402 
vn -0.015748 -1 -0.00787402 
vn -0.015748 -1 0 
vn -0.015748 -1 -0.00787402 
vn -0.015748 -1 -0.00787402 
vn -0.015748 -1 0 
vn -0.0393701 -1 0.00787402 
vn -0.0393701 -1 0.00787402 
vn -0.0393701 -1 0.00787402 
vn -0.0393701 -1 -0.00787402 
vn -0.0393701 -1 -0.00787402 
vn -0.0393701 -1 -0.00787402 
vn -0.0393701 -1 -0.00787402 
vn -0.015748 -1 0 
vn -0.015748 -1 0.00787402 
vn -0.015748 -1 0.00787402 
vn -0.015748 -1 0 
vn -0.0393701 -1 0 
vn -0.0393701 -1 -0.00787402 
vn -0.015748 -1 -0.00787402 
vn -0.015748 -1 0 
vn -0.015748 -1 0 
vn -0.015748 -1 0.00787402 
vn -0.0393701 -1 0.00787402 
vn -0.0393701 -1 0 
vn -0.015748 -1 -0.00787402 
vn -0.015748 -1 -0.00787402 
vn -0.0393701 -1 -0.00787402 
vn -0.0393701 -1 -0.00787402 
vn -0.0393701 -1 0 
vn -0.0393701 -1 0.00787402 
vn -0.0393701 -1 0.00787402 
vn -0.0393701 -1 0 
vn -0.0393701 -1 0 
vn -0.0393701 -1 -0.00787402 
vn -0.0393701 -1 -0.00787402 
vn -0.0393701 -1 0 
vn -0.0393701 -1 0.00787402 
vn -0.015748 -1 0.00787402 
vn -0.015748 -1 0.00787402 
vn -0.0393701 -1 0.00787402 
vn -0.015748 -1 0.00787402 
vn -0.015748 -1 0.00787402 
vn -0.015748 -1 0.00787402 
vn -0.015748 0.708661 0.708661 
vn 0 0.700787 0.708661 
vn 0 0.700787 0.708661 
vn -0.0393701 0.700787 0.708661 
vn 0.543307 0.551181 0.629921 
vn 0.543307 0.551181 0.629921 
vn 0.543307 0.551181 0.629921 
vn 0.543307 0.551181 0.629921 
vn -0.527559 0.535433 0.653543 
vn -0.527559 0.559055 0.637795 
vn -0.527559 0.559055 0.637795 
vn -0.527559 0.535433 0.653543 
vn 0.543307 0.551181 0.629921 
vn 0.527559 0.582677 0.622047 
vn 0.543307 0.551181 0.629921 
vn -0.551181 0.551181 0.629921 
vn -0.527559 0.535433 0.653543 
vn -0.527559 0.535433 0.653543 
vn -1 0.0393701 -0.00787402 
vn -1 0.0314961 -0.023622 
vn -1 0.0314961 -0.00787402 
vn -1 0.0393701 -0.00787402 
vn -1 0.023622 -0.0314961 
vn -1 0.0708661 -0.015748 
vn -1 0.0787402 -0.00787402 
vn 1 0.0314961 -0.023622 
vn 1 0.0393701 -0.00787402 
vn 1 0.0314961 -0.00787402 
vn 1 0.023622 -0.0314961 
vn 1 0.0393701 -0.00787402 
vn 1 0.0708661 -0.015748 
vn 1 0.0787402 -0.00787402 
vn -1 0.0787402 -0.00787402 
vn -1 -0.00787402 -0.00787402 
vn -1 -0.00787402 0 
vn -1 0.0314961 -0.00787402 
vn -1 -0.00787402 0.00787402 
vn -1 0.015748 0.00787402 
vn 1 -0.00787402 -0.00787402 
vn 1 0.0787402 -0.00787402 
vn 1 0.0314961 -0.00787402 
vn 1 -0.00787402 0 
vn 1 0.015748 0.00787402 
vn 1 -0.00787402 0.00787402 
vn -0.716535 0.692913 0.015748 
vn -0.708661 0.708661 0 
vn -0.708661 0.708661 0 
vn -0.716535 0.692913 0 
vn 0.708661 0.708661 0 
vn 0.692913 0.724409 0.015748 
vn 0.692913 0.724409 0 
vn 0.708661 0.708661 0 
vn 0 0.952756 -0.307087 
vn 0 0.811024 -0.590551 
vn 0 0.811024 -0.590551 
vn 0 0.952756 -0.307087 
vn -0.015748 0.771654 0.637795 
vn 0 0.590551 -0.811024 
vn 0 0.590551 -0.811024 
vn 0 0.307087 -0.952756 
vn 0 0.307087 -0.952756 
vn -0.015748 0.0944882 -0.992126 
vn -0.0393701 0.0944882 -0.992126 
vn -0.0393701 0.771654 0.637795 
vn 0 0.755906 0.653543 
vn -0.015748 0.771654 0.637795 
vn -0.0393701 0.771654 0.637795 
vn 0 0.755906 0.653543 
vn 0.732283 0.023622 0.677165 
vn 0.732283 0.023622 0.677165 
vn 0.732283 0.023622 0.677165 
vn 0.724409 0.0472441 0.685039 
vn -0.732283 0.0314961 0.685039 
vn -0.732283 0.0314961 0.685039 
vn -0.748031 0.0393701 0.661417 
vn -0.732283 0.0314961 0.685039 
vn -0.015748 0.0944882 -0.992126 
vn -0.015748 -0.00787402 -1 
vn -0.0393701 -0.00787402 -1 
vn -0.0393701 0.0944882 -0.992126 
vn 0 1 0 
vn 0 1 0 
vn 0 1 0 
vn 0 1 0 
vn 0 1 0 
vn 0 1 0 
vn 0 0 1 
vn 0 0.755906 0.653543 
vn 0 0.755906 0.653543 
vn 0 0 1 
vn 0 0 1 
vn 0 0 1 

vt 0.786356 0.693789 
vt 0.781776 0.693789 
vt 0.781776 0.686853 
vt 0.786356 0.686853 
vt 0.856161 0.693789 
vt 0.85168 0.693789 
vt 0.85168 0.686853 
vt 0.856161 0.686853 
vt 0.85168 0.693789 
vt 0.786271 0.693789 
vt 0.786271 0.686853 
vt 0.85168 0.686853 
vt 0.92583 0.693789 
vt 0.923676 0.693789 
vt 0.923676 0.686853 
vt 0.92583 0.686853 
vt 0.921522 0.693789 
vt 0.921522 0.686853 
vt 0.716185 0.693789 
vt 0.714239 0.693789 
vt 0.714239 0.686853 
vt 0.716185 0.686853 
vt 0.993616 0.693789 
vt 0.991107 0.693789 
vt 0.991107 0.686853 
vt 0.993615 0.686853 
vt 0.781776 0.693789 
vt 0.786356 0.693789 
vt 0.786356 0.771589 
vt 0.781776 0.771589 
vt 0.856161 0.771589 
vt 0.85168 0.771589 
vt 0.85168 0.693789 
vt 0.856161 0.693789 
vt 0.715749 0.628707 
vt 0.714128 0.623498 
vt 0.716602 0.623498 
vt 0.717639 0.626431 
vt 0.888661 0.693789 
vt 0.856161 0.693789 
vt 0.856161 0.686853 
vt 0.888661 0.686853 
vt 0.921522 0.693789 
vt 0.888661 0.693789 
vt 0.888661 0.686853 
vt 0.921522 0.686853 
vt 0.781776 0.693789 
vt 0.746081 0.693789 
vt 0.746081 0.686853 
vt 0.781776 0.686853 
vt 0.746081 0.693789 
vt 0.716185 0.693789 
vt 0.716185 0.686853 
vt 0.746081 0.686853 
vt 0.745 0.626428 
vt 0.745753 0.623498 
vt 0.748576 0.623498 
vt 0.74688 0.628707 
vt 0.85168 0.693789 
vt 0.85168 0.771589 
vt 0.786271 0.771589 
vt 0.786271 0.693789 
vt 0.991107 0.693789 
vt 0.92583 0.693789 
vt 0.92583 0.686853 
vt 0.991107 0.686853 
vt 0.902318 0.759008 
vt 0.901409 0.760539 
vt 0.910998 0.761239 
vt 0.91193 0.759848 
vt 0.894613 0.759028 
vt 0.900141 0.762594 
vt 0.894269 0.760685 
vt 0.909906 0.76257 
vt 0.919566 0.763373 
vt 0.917954 0.764883 
vt 0.920778 0.762283 
vt 0.9233 0.767133 
vt 0.921298 0.767681 
vt 0.925355 0.766278 
vt 0.923676 0.771005 
vt 0.921522 0.771005 
vt 0.92583 0.771005 
vt 0.893783 0.7628 
vt 0.738207 0.762649 
vt 0.73695 0.761101 
vt 0.72964 0.762355 
vt 0.731099 0.763689 
vt 0.744421 0.763616 
vt 0.735435 0.759497 
vt 0.744421 0.761679 
vt 0.727923 0.760965 
vt 0.723329 0.764295 
vt 0.72116 0.763235 
vt 0.726016 0.765635 
vt 0.71983 0.767195 
vt 0.717092 0.766151 
vt 0.722568 0.767678 
vt 0.717326 0.771002 
vt 0.714239 0.771005 
vt 0.720155 0.771002 
vt 0.744421 0.75963 
vt 0.993616 0.771589 
vt 0.991107 0.771589 
vt 0.991107 0.693789 
vt 0.993616 0.693789 
vt 0.716185 0.771589 
vt 0.714239 0.771589 
vt 0.714239 0.693789 
vt 0.716185 0.693789 
vt 0.921522 0.693789 
vt 0.923676 0.693789 
vt 0.923676 0.771589 
vt 0.921522 0.771589 
vt 0.92583 0.693789 
vt 0.92583 0.771589 
vt 0.785766 0.627264 
vt 0.785766 0.62346 
vt 0.786924 0.625416 
vt 0.788082 0.627372 
vt 0.785766 0.651438 
vt 0.785766 0.627264 
vt 0.788082 0.627372 
vt 0.788082 0.65123 
vt 0.753602 0.675153 
vt 0.755848 0.675153 
vt 0.755848 0.679124 
vt 0.755848 0.627256 
vt 0.753602 0.627372 
vt 0.754725 0.625416 
vt 0.755848 0.62346 
vt 0.788082 0.65123 
vt 0.788082 0.675153 
vt 0.785766 0.675153 
vt 0.785766 0.651438 
vt 0.755848 0.651739 
vt 0.755848 0.627256 
vt 0.785766 0.627264 
vt 0.785766 0.651438 
vt 0.785766 0.651438 
vt 0.785766 0.675153 
vt 0.755848 0.675153 
vt 0.755848 0.651739 
vt 0.785766 0.62346 
vt 0.785766 0.627264 
vt 0.755848 0.627256 
vt 0.755848 0.62346 
vt 0.755848 0.651739 
vt 0.755848 0.675153 
vt 0.753602 0.675153 
vt 0.753602 0.65123 
vt 0.753602 0.65123 
vt 0.753602 0.627372 
vt 0.755848 0.627256 
vt 0.755848 0.651739 
vt 0.755848 0.675153 
vt 0.785766 0.675153 
vt 0.785766 0.679124 
vt 0.755848 0.679124 
vt 0.785766 0.679124 
vt 0.785766 0.675153 
vt 0.788082 0.675153 
vt 0.745753 0.623498 
vt 0.744976 0.626431 
vt 0.717639 0.626431 
vt 0.716602 0.623498 
vt 0.745116 0.67789 
vt 0.74688 0.675143 
vt 0.748836 0.677231 
vt 0.748858 0.678293 
vt 0.714128 0.678129 
vt 0.714128 0.676903 
vt 0.715744 0.675139 
vt 0.717785 0.67789 
vt 0.923676 0.769201 
vt 0.923676 0.771589 
vt 0.931549 0.769201 
vt 0.993616 0.771589 
vt 0.993616 0.7692 
vt 0.985832 0.769201 
vt 0.738207 0.762649 
vt 0.731099 0.763689 
vt 0.744726 0.771005 
vt 0.744421 0.763616 
vt 0.726016 0.765635 
vt 0.722568 0.767678 
vt 0.720155 0.771002 
vt 0.909906 0.76257 
vt 0.900141 0.762594 
vt 0.892344 0.771005 
vt 0.917954 0.764883 
vt 0.893783 0.7628 
vt 0.921298 0.767681 
vt 0.921522 0.771005 
vt 0.716185 0.771589 
vt 0.716185 0.693789 
vt 0.746081 0.693789 
vt 0.744726 0.771589 
vt 0.781776 0.693789 
vt 0.781776 0.771589 
vt 0.921522 0.693789 
vt 0.921522 0.771589 
vt 0.892344 0.771589 
vt 0.888661 0.693789 
vt 0.856161 0.771589 
vt 0.856161 0.693789 
vt 0.714128 0.623498 
vt 0.715749 0.628707 
vt 0.715763 0.65081 
vt 0.714128 0.65081 
vt 0.74688 0.628707 
vt 0.748576 0.623498 
vt 0.748544 0.65081 
vt 0.746965 0.65081 
vt 0.923677 0.759894 
vt 0.923676 0.761663 
vt 0.993618 0.761704 
vt 0.993618 0.759935 
vt 0.923676 0.759009 
vt 0.923677 0.764137 
vt 0.993618 0.764178 
vt 0.923676 0.767582 
vt 0.993618 0.767571 
vt 0.923676 0.771628 
vt 0.993616 0.771628 
vt 0.993615 0.759009 
vt 0.931549 0.769201 
vt 0.923676 0.771589 
vt 0.993616 0.771589 
vt 0.985832 0.769201 
vt 0.748836 0.677231 
vt 0.74688 0.675143 
vt 0.746965 0.65081 
vt 0.748544 0.65081 
vt 0.715744 0.675139 
vt 0.714128 0.676903 
vt 0.714128 0.65081 
vt 0.715763 0.65081 
vt 0.92583 0.771588 
vt 0.92583 0.693789 
vt 0.991107 0.693789 
vt 0.991107 0.771588 
vt 0.745 0.626428 
vt 0.74688 0.628707 
vt 0.715749 0.628707 
vt 0.717534 0.626428 
vt 0.74688 0.65081 
vt 0.715763 0.65081 
vt 0.74688 0.675143 
vt 0.745116 0.67789 
vt 0.717785 0.67789 
vt 0.715749 0.675143 
vt 0.74688 0.65081 
vt 0.715763 0.65081 

usemtl 1Mtl

f 6535/6535/6535 6536/6536/6536 6537/6537/6537 
f 6535/6535/6535 6537/6537/6537 6538/6538/6538 
f 6539/6539/6539 6540/6540/6540 6541/6541/6541 
f 6539/6539/6539 6541/6541/6541 6542/6542/6542 
f 6543/6543/6543 6544/6544/6544 6545/6545/6545 
f 6543/6543/6543 6545/6545/6545 6546/6546/6546 
f 6547/6547/6547 6548/6548/6548 6549/6549/6549 
f 6547/6547/6547 6549/6549/6549 6550/6550/6550 
f 6548/6548/6548 6551/6551/6551 6552/6552/6552 
f 6548/6548/6548 6552/6552/6552 6549/6549/6549 
f 6553/6553/6553 6554/6554/6554 6555/6555/6555 
f 6553/6553/6553 6555/6555/6555 6556/6556/6556 
f 6557/6557/6557 6558/6558/6558 6559/6559/6559 
f 6557/6557/6557 6559/6559/6559 6560/6560/6560 
f 6561/6561/6561 6562/6562/6562 6563/6563/6563 
f 6561/6561/6561 6563/6563/6563 6564/6564/6564 
f 6565/6565/6565 6566/6566/6566 6567/6567/6567 
f 6565/6565/6565 6567/6567/6567 6568/6568/6568 
f 6569/6569/6569 6570/6570/6570 6571/6571/6571 
f 6569/6569/6569 6571/6571/6571 6572/6572/6572 
f 6573/6573/6573 6574/6574/6574 6575/6575/6575 
f 6573/6573/6573 6575/6575/6575 6576/6576/6576 
f 6577/6577/6577 6578/6578/6578 6579/6579/6579 
f 6577/6577/6577 6579/6579/6579 6580/6580/6580 
f 6581/6581/6581 6582/6582/6582 6583/6583/6583 
f 6581/6581/6581 6583/6583/6583 6584/6584/6584 
f 6585/6585/6585 6586/6586/6586 6587/6587/6587 
f 6585/6585/6585 6587/6587/6587 6588/6588/6588 
f 6589/6589/6589 6590/6590/6590 6591/6591/6591 
f 6589/6589/6589 6591/6591/6591 6592/6592/6592 
f 6593/6593/6593 6594/6594/6594 6595/6595/6595 
f 6593/6593/6593 6595/6595/6595 6596/6596/6596 
f 6597/6597/6597 6598/6598/6598 6599/6599/6599 
f 6597/6597/6597 6599/6599/6599 6600/6600/6600 
f 6601/6601/6601 6602/6602/6602 6603/6603/6603 
f 6601/6601/6601 6603/6603/6603 6604/6604/6604 
f 6602/6602/6602 6601/6601/6601 6605/6605/6605 
f 6606/6606/6606 6602/6602/6602 6607/6607/6607 
f 6602/6602/6602 6606/6606/6606 6608/6608/6608 
f 6602/6602/6602 6608/6608/6608 6603/6603/6603 
f 6602/6602/6602 6605/6605/6605 6607/6607/6607 
f 6604/6604/6604 6603/6603/6603 6609/6609/6609 
f 6603/6603/6603 6608/6608/6608 6610/6610/6610 
f 6603/6603/6603 6610/6610/6610 6609/6609/6609 
f 6604/6604/6604 6609/6609/6609 6611/6611/6611 
f 6611/6611/6611 6609/6609/6609 6612/6612/6612 
f 6609/6609/6609 6610/6610/6610 6613/6613/6613 
f 6609/6609/6609 6613/6613/6613 6612/6612/6612 
f 6611/6611/6611 6612/6612/6612 6614/6614/6614 
f 6614/6614/6614 6612/6612/6612 6615/6615/6615 
f 6612/6612/6612 6613/6613/6613 6616/6616/6616 
f 6612/6612/6612 6616/6616/6616 6615/6615/6615 
f 6614/6614/6614 6615/6615/6615 6617/6617/6617 
f 6606/6606/6606 6607/6607/6607 6618/6618/6618 
f 6619/6619/6619 6620/6620/6620 6621/6621/6621 
f 6619/6619/6619 6621/6621/6621 6622/6622/6622 
f 6620/6620/6620 6619/6619/6619 6623/6623/6623 
f 6624/6624/6624 6620/6620/6620 6625/6625/6625 
f 6620/6620/6620 6624/6624/6624 6626/6626/6626 
f 6620/6620/6620 6626/6626/6626 6621/6621/6621 
f 6620/6620/6620 6623/6623/6623 6625/6625/6625 
f 6622/6622/6622 6621/6621/6621 6627/6627/6627 
f 6621/6621/6621 6626/6626/6626 6628/6628/6628 
f 6621/6621/6621 6628/6628/6628 6627/6627/6627 
f 6622/6622/6622 6627/6627/6627 6629/6629/6629 
f 6629/6629/6629 6627/6627/6627 6630/6630/6630 
f 6627/6627/6627 6628/6628/6628 6631/6631/6631 
f 6627/6627/6627 6631/6631/6631 6630/6630/6630 
f 6629/6629/6629 6630/6630/6630 6632/6632/6632 
f 6632/6632/6632 6630/6630/6630 6633/6633/6633 
f 6630/6630/6630 6631/6631/6631 6634/6634/6634 
f 6630/6630/6630 6634/6634/6634 6633/6633/6633 
f 6632/6632/6632 6633/6633/6633 6635/6635/6635 
f 6624/6624/6624 6625/6625/6625 6636/6636/6636 
f 6637/6637/6637 6638/6638/6638 6639/6639/6639 
f 6637/6637/6637 6639/6639/6639 6640/6640/6640 
f 6641/6641/6641 6642/6642/6642 6643/6643/6643 
f 6641/6641/6641 6643/6643/6643 6644/6644/6644 
f 6645/6645/6645 6646/6646/6646 6647/6647/6647 
f 6645/6645/6645 6647/6647/6647 6648/6648/6648 
f 6646/6646/6646 6649/6649/6649 6650/6650/6650 
f 6646/6646/6646 6650/6650/6650 6647/6647/6647 
f 6651/6651/6651 6652/6652/6652 6653/6653/6653 
f 6653/6653/6653 6654/6654/6654 6651/6651/6651 
f 6655/6655/6655 6656/6656/6656 6657/6657/6657 
f 6655/6655/6655 6657/6657/6657 6658/6658/6658 
f 6659/6659/6659 6660/6660/6660 6661/6661/6661 
f 6662/6662/6662 6663/6663/6663 6664/6664/6664 
f 6664/6664/6664 6665/6665/6665 6662/6662/6662 
f 6666/6666/6666 6667/6667/6667 6668/6668/6668 
f 6666/6666/6666 6668/6668/6668 6669/6669/6669 
f 6670/6670/6670 6671/6671/6671 6672/6672/6672 
f 6670/6670/6670 6672/6672/6672 6673/6673/6673 
f 6674/6674/6674 6675/6675/6675 6676/6676/6676 
f 6674/6674/6674 6676/6676/6676 6677/6677/6677 
f 6678/6678/6678 6679/6679/6679 6680/6680/6680 
f 6678/6678/6678 6680/6680/6680 6681/6681/6681 
f 6682/6682/6682 6683/6683/6683 6684/6684/6684 
f 6682/6682/6682 6684/6684/6684 6685/6685/6685 
f 6686/6686/6686 6687/6687/6687 6688/6688/6688 
f 6686/6686/6686 6688/6688/6688 6689/6689/6689 
f 6690/6690/6690 6691/6691/6691 6692/6692/6692 
f 6690/6690/6690 6692/6692/6692 6693/6693/6693 
f 6694/6694/6694 6695/6695/6695 6696/6696/6696 
f 6697/6697/6697 6698/6698/6698 6699/6699/6699 
f 6697/6697/6697 6699/6699/6699 6700/6700/6700 
f 6701/6701/6701 6702/6702/6702 6703/6703/6703 
f 6701/6701/6701 6703/6703/6703 6704/6704/6704 
f 6705/6705/6705 6706/6706/6706 6707/6707/6707 
f 6705/6705/6705 6707/6707/6707 6708/6708/6708 
f 6709/6709/6709 6710/6710/6710 6711/6711/6711 
f 6712/6712/6712 6713/6713/6713 6714/6714/6714 
f 6715/6715/6715 6716/6716/6716 6717/6717/6717 
f 6718/6718/6718 6715/6715/6715 6717/6717/6717 
f 6716/6716/6716 6719/6719/6719 6717/6717/6717 
f 6719/6719/6719 6720/6720/6720 6717/6717/6717 
f 6720/6720/6720 6721/6721/6721 6717/6717/6717 
f 6722/6722/6722 6723/6723/6723 6724/6724/6724 
f 6725/6725/6725 6722/6722/6722 6724/6724/6724 
f 6723/6723/6723 6726/6726/6726 6724/6724/6724 
f 6727/6727/6727 6725/6725/6725 6724/6724/6724 
f 6728/6728/6728 6727/6727/6727 6724/6724/6724 
f 6729/6729/6729 6730/6730/6730 6731/6731/6731 
f 6729/6729/6729 6731/6731/6731 6732/6732/6732 
f 6733/6733/6733 6732/6732/6732 6731/6731/6731 
f 6733/6733/6733 6734/6734/6734 6732/6732/6732 
f 6735/6735/6735 6736/6736/6736 6737/6737/6737 
f 6735/6735/6735 6737/6737/6737 6738/6738/6738 
f 6739/6739/6739 6738/6738/6738 6737/6737/6737 
f 6739/6739/6739 6740/6740/6740 6738/6738/6738 
f 6741/6741/6741 6742/6742/6742 6743/6743/6743 
f 6741/6741/6741 6743/6743/6743 6744/6744/6744 
f 6745/6745/6745 6746/6746/6746 6747/6747/6747 
f 6745/6745/6745 6747/6747/6747 6748/6748/6748 
f 6749/6749/6749 6750/6750/6750 6751/6751/6751 
f 6749/6749/6749 6751/6751/6751 6752/6752/6752 
f 6753/6753/6753 6749/6749/6749 6752/6752/6752 
f 6750/6750/6750 6754/6754/6754 6755/6755/6755 
f 6750/6750/6750 6755/6755/6755 6751/6751/6751 
f 6754/6754/6754 6756/6756/6756 6757/6757/6757 
f 6754/6754/6754 6757/6757/6757 6755/6755/6755 
f 6756/6756/6756 6758/6758/6758 6759/6759/6759 
f 6756/6756/6756 6759/6759/6759 6757/6757/6757 
f 6753/6753/6753 6752/6752/6752 6760/6760/6760 
f 6761/6761/6761 6762/6762/6762 6763/6763/6763 
f 6761/6761/6761 6763/6763/6763 6764/6764/6764 
f 6765/6765/6765 6766/6766/6766 6767/6767/6767 
f 6765/6765/6765 6767/6767/6767 6768/6768/6768 
f 6769/6769/6769 6770/6770/6770 6771/6771/6771 
f 6769/6769/6769 6771/6771/6771 6772/6772/6772 
f 6773/6773/6773 6774/6774/6774 6775/6775/6775 
f 6773/6773/6773 6775/6775/6775 6776/6776/6776 
f 6777/6777/6777 6778/6778/6778 6779/6779/6779 
f 6777/6777/6777 6779/6779/6779 6780/6780/6780 
f 6778/6778/6778 6781/6781/6781 6779/6779/6779 
f 6779/6779/6779 6781/6781/6781 6782/6782/6782 
f 6783/6783/6783 6784/6784/6784 6785/6785/6785 
f 6783/6783/6783 6785/6785/6785 6786/6786/6786 
f 6787/6787/6787 6783/6783/6783 6786/6786/6786 
f 6787/6787/6787 6786/6786/6786 6788/6788/6788 

g 12

v 364.93 2.04087 201 
v 365 2.04087 200.935 
v 365 2.23716 200.935 
v 364.93 2.23716 201 
v 364.066 2.23716 201 
v 364 2.23716 200.935 
v 364 2.04087 200.935 
v 364.066 2.04087 201 
v 364.033 2.04087 200.031 
v 364 2.04087 200.063 
v 364 2.23716 200.063 
v 364.033 2.23716 200.031 
v 364.066 2.04087 200 
v 364.033 2.04087 200.031 
v 364.033 2.23716 200.031 
v 364.066 2.23716 200 
v 364.965 2.23716 200.031 
v 365 2.23716 200.063 
v 365 2.04087 200.063 
v 364.965 2.04087 200.031 
v 364.965 2.04087 200.031 
v 364.93 2.04087 200 
v 364.93 2.23716 200 
v 364.965 2.23716 200.031 
v 364.066 2.23716 201 
v 364.066 2.04087 201 
v 364.93 2.04087 201 
v 364.93 2.23716 201 
v 364 2.04087 200.935 
v 364.066 1.99994 200.935 
v 364.066 2.04087 201 
v 364.93 2.04087 201 
v 364.93 2 200.935 
v 365 2.04087 200.935 
v 364.066 2.23716 201 
v 364.066 2.27819 200.935 
v 364 2.23716 200.935 
v 365 2.23716 200.935 
v 364.93 2.27819 200.935 
v 364.93 2.23716 201 
v 365 2.23716 200.063 
v 365 2.23716 200.935 
v 365 2.04087 200.935 
v 365 2.04087 200.063 
v 364.033 2.04087 200.031 
v 364.066 2.04087 200 
v 364.066 1.99994 200.063 
v 364.066 1.99994 200.063 
v 364 2.04087 200.063 
v 364.033 2.04087 200.031 
v 364 2.23716 200.935 
v 364 2.23716 200.063 
v 364 2.04087 200.063 
v 364 2.04087 200.935 
v 364.93 2 200.063 
v 364.93 2.04087 200 
v 364.965 2.04087 200.031 
v 364.965 2.04087 200.031 
v 365 2.04087 200.063 
v 364.93 2 200.063 
v 364.033 2.23716 200.031 
v 364 2.23716 200.063 
v 364.066 2.27819 200.063 
v 364.066 2.27819 200.063 
v 364.066 2.23716 200 
v 364.033 2.23716 200.031 
v 364.93 2.27819 200.063 
v 365 2.23716 200.063 
v 364.965 2.23716 200.031 
v 364.93 2.23716 200 
v 364.93 2.27819 200.063 
v 364.965 2.23716 200.031 
v 364.066 2.04087 200 
v 364.066 2.23716 200 
v 364.93 2.23716 200 
v 364.93 2.04087 200 
v 364.066 2.04087 201 
v 364.066 1.99994 200.935 
v 364.93 2 200.935 
v 364.93 2.04087 201 
v 364 2.04087 200.063 
v 364.066 1.99994 200.063 
v 364.066 1.99994 200.935 
v 364 2.04087 200.935 
v 364.93 2.23716 201 
v 364.93 2.27819 200.935 
v 364.066 2.27819 200.935 
v 364.066 2.23716 201 
v 365 2.04087 200.935 
v 364.93 2 200.935 
v 364.93 2 200.063 
v 365 2.04087 200.063 
v 364.93 2.04087 200 
v 364.93 2 200.063 
v 364.066 1.99994 200.063 
v 364.066 2.04087 200 
v 364.066 2.27819 200.935 
v 364.066 2.27819 200.063 
v 364 2.23716 200.063 
v 364 2.23716 200.935 
v 365 2.23716 200.063 
v 364.93 2.27819 200.063 
v 364.93 2.27819 200.935 
v 365 2.23716 200.935 
v 364.066 2.23716 200 
v 364.066 2.27819 200.063 
v 364.93 2.27819 200.063 
v 364.93 2.23716 200 
v 364.496 1.99994 200.5 
v 364.93 2 200.935 
v 364.066 1.99994 200.935 
v 364.066 1.99994 200.935 
v 364.066 1.99994 200.063 
v 364.496 1.99994 200.5 
v 364.93 2 200.935 
v 364.496 1.99994 200.5 
v 364.93 2 200.063 
v 364.93 2 200.063 
v 364.496 1.99994 200.5 
v 364.066 1.99994 200.063 
v 364.93 2.27819 200.935 
v 364.775 2.29997 200.779 
v 364.218 2.29997 200.779 
v 364.066 2.27819 200.935 
v 364.93 2.27819 200.063 
v 364.775 2.29997 200.222 
v 364.496 2.29972 200.501 
v 364.218 2.29997 200.222 
v 364.066 2.27819 200.063 

vn 0.677165 0.0866142 0.732283 
vn 0.677165 0.0866142 0.732283 
vn 0.677165 0.0866142 0.732283 
vn 0.677165 0.0866142 0.732283 
vn -0.692913 0.0866142 0.716535 
vn -0.692913 0.0866142 0.716535 
vn -0.692913 0.0866142 0.716535 
vn -0.692913 0.0866142 0.716535 
vn -0.692913 0 -0.724409 
vn -0.685039 0.0866142 -0.724409 
vn -0.685039 0.0866142 -0.724409 
vn -0.692913 0 -0.724409 
vn -0.685039 0.0866142 -0.724409 
vn -0.692913 0 -0.724409 
vn -0.692913 0 -0.724409 
vn -0.685039 0.0866142 -0.724409 
vn 0.669291 0 -0.740157 
vn 0.661417 0.0866142 -0.748031 
vn 0.661417 0.0866142 -0.748031 
vn 0.669291 0 -0.740157 
vn 0.669291 0 -0.740157 
vn 0.661417 0.0866142 -0.748031 
vn 0.661417 0.0866142 -0.748031 
vn 0.669291 0 -0.740157 
vn 0 0.0866142 1 
vn 0 0.0866142 1 
vn 0 0.0866142 1 
vn 0 0.0866142 1 
vn -0.496063 -0.700787 0.511811 
vn -0.496063 -0.700787 0.511811 
vn -0.496063 -0.700787 0.511811 
vn 0.472441 -0.716535 0.519685 
vn 0.472441 -0.716535 0.519685 
vn 0.472441 -0.716535 0.519685 
vn -0.433071 0.779528 0.456693 
vn -0.464567 0.748031 0.472441 
vn -0.433071 0.779528 0.448819 
vn 0.417323 0.787402 0.456693 
vn 0.448819 0.755906 0.472441 
vn 0.417323 0.787402 0.456693 
vn 1 0.0866142 -0.015748 
vn 1 0.0866142 0.015748 
vn 1 0.0866142 0.015748 
vn 1 0.0866142 -0.015748 
vn -0.464567 -0.740157 -0.480315 
vn -0.488189 -0.692913 -0.527559 
vn -0.488189 -0.692913 -0.527559 
vn -0.488189 -0.692913 -0.527559 
vn -0.488189 -0.692913 -0.527559 
vn -0.464567 -0.740157 -0.480315 
vn -1 0.0866142 0.015748 
vn -1 0.0866142 -0.015748 
vn -1 0.0866142 -0.015748 
vn -1 0.0866142 0.015748 
vn 0.464567 -0.708661 -0.527559 
vn 0.464567 -0.708661 -0.535433 
vn 0.440945 -0.755906 -0.488189 
vn 0.440945 -0.755906 -0.488189 
vn 0.464567 -0.708661 -0.527559 
vn 0.464567 -0.708661 -0.527559 
vn -0.464567 0.740157 -0.480315 
vn -0.433071 0.771654 -0.464567 
vn -0.464567 0.740157 -0.480315 
vn -0.464567 0.740157 -0.480315 
vn -0.433071 0.771654 -0.464567 
vn -0.464567 0.740157 -0.480315 
vn 0.440945 0.748031 -0.488189 
vn 0.409449 0.779528 -0.472441 
vn 0.440945 0.748031 -0.488189 
vn 0.409449 0.779528 -0.472441 
vn 0.440945 0.748031 -0.488189 
vn 0.440945 0.748031 -0.488189 
vn 0 0.0866142 -1 
vn 0 0.0866142 -1 
vn 0 0.0866142 -1 
vn 0 0.0866142 -1 
vn 0 -0.811024 0.582677 
vn 0 -0.811024 0.582677 
vn 0 -0.811024 0.582677 
vn 0 -0.811024 0.582677 
vn -0.566929 -0.818898 -0.015748 
vn -0.566929 -0.818898 -0.015748 
vn -0.566929 -0.818898 0.015748 
vn -0.566929 -0.818898 0.015748 
vn 0 0.866142 0.503937 
vn 0 0.850394 0.535433 
vn 0 0.850394 0.535433 
vn 0 0.866142 0.503937 
vn 0.543307 -0.834646 0.015748 
vn 0.543307 -0.834646 0.015748 
vn 0.543307 -0.834646 -0.015748 
vn 0.543307 -0.834646 -0.015748 
vn 0 -0.80315 -0.598425 
vn 0 -0.80315 -0.590551 
vn 0 -0.80315 -0.590551 
vn 0 -0.80315 -0.598425 
vn -0.527559 0.850394 0 
vn -0.527559 0.850394 0 
vn -0.496063 0.866142 -0.00787402 
vn -0.496063 0.866142 0.00787402 
vn 0.472441 0.88189 -0.00787402 
vn 0.511811 0.858268 0 
vn 0.511811 0.858268 0 
vn 0.472441 0.88189 0.00787402 
vn 0 0.850394 -0.519685 
vn 0 0.834646 -0.543307 
vn 0 0.834646 -0.543307 
vn 0 0.850394 -0.519685 
vn 0 -1 0 
vn 0 -1 0.015748 
vn 0 -1 0.015748 
vn 0 -1 0.015748 
vn 0 -1 -0.015748 
vn 0 -1 0 
vn 0 -1 0.015748 
vn 0 -1 0 
vn 0 -1 -0.015748 
vn 0 -1 -0.015748 
vn 0 -1 0 
vn 0 -1 -0.015748 
vn 0 0.984252 0.173228 
vn 0 0.984252 0.165354 
vn 0 0.984252 0.165354 
vn 0 0.984252 0.173228 
vn 0.173228 0.984252 0 
vn 0.15748 0.984252 -0.00787402 
vn 0 1 0 
vn 0 0.984252 -0.15748 
vn 0 0.984252 -0.165354 

vt 0.851497 0.59099 
vt 0.855846 0.59099 
vt 0.855846 0.612907 
vt 0.851497 0.612907 
vt 0.78596 0.612907 
vt 0.781737 0.612907 
vt 0.781737 0.59099 
vt 0.78596 0.59099 
vt 0.714063 0.590976 
vt 0.716063 0.590976 
vt 0.716063 0.613007 
vt 0.714063 0.613007 
vt 0.781785 0.556177 
vt 0.783736 0.556177 
vt 0.783736 0.577771 
vt 0.781785 0.577771 
vt 0.923514 0.613058 
vt 0.921521 0.613007 
vt 0.921521 0.591251 
vt 0.923514 0.591382 
vt 0.714096 0.556177 
vt 0.716058 0.556177 
vt 0.716058 0.577771 
vt 0.714096 0.577771 
vt 0.78596 0.612907 
vt 0.78596 0.59099 
vt 0.851497 0.59099 
vt 0.851497 0.612907 
vt 0.781737 0.59099 
vt 0.783788 0.588381 
vt 0.78596 0.59099 
vt 0.851497 0.59099 
vt 0.853709 0.588381 
vt 0.855846 0.59099 
vt 0.78596 0.612907 
vt 0.783788 0.616156 
vt 0.781737 0.612907 
vt 0.855846 0.612907 
vt 0.853709 0.616156 
vt 0.851497 0.612907 
vt 0.921521 0.613007 
vt 0.855846 0.612907 
vt 0.855846 0.59099 
vt 0.921521 0.591251 
vt 0.783736 0.556177 
vt 0.781785 0.556177 
vt 0.783736 0.553097 
vt 0.714063 0.588433 
vt 0.716063 0.590976 
vt 0.714063 0.590976 
vt 0.781737 0.612907 
vt 0.716063 0.613007 
vt 0.716063 0.590976 
vt 0.781737 0.59099 
vt 0.714096 0.553097 
vt 0.716058 0.556177 
vt 0.714096 0.556177 
vt 0.923514 0.591382 
vt 0.921521 0.591251 
vt 0.923514 0.588407 
vt 0.714063 0.613007 
vt 0.716063 0.613007 
vt 0.714063 0.616258 
vt 0.783736 0.580972 
vt 0.781785 0.577771 
vt 0.783736 0.577771 
vt 0.923514 0.616258 
vt 0.921521 0.613007 
vt 0.923514 0.613058 
vt 0.716058 0.577771 
vt 0.714096 0.580972 
vt 0.714096 0.577771 
vt 0.781785 0.556177 
vt 0.781785 0.577771 
vt 0.716058 0.577771 
vt 0.716058 0.556177 
vt 0.78596 0.59099 
vt 0.783788 0.588381 
vt 0.853709 0.588381 
vt 0.851497 0.59099 
vt 0.716063 0.590976 
vt 0.714063 0.588381 
vt 0.783788 0.588381 
vt 0.781737 0.59099 
vt 0.851497 0.612907 
vt 0.853709 0.616156 
vt 0.783788 0.616156 
vt 0.78596 0.612907 
vt 0.855846 0.59099 
vt 0.853709 0.588381 
vt 0.923514 0.588407 
vt 0.921521 0.591251 
vt 0.716058 0.556177 
vt 0.714096 0.553097 
vt 0.783736 0.553097 
vt 0.781785 0.556177 
vt 0.783788 0.616156 
vt 0.714063 0.616258 
vt 0.716063 0.613007 
vt 0.781737 0.612907 
vt 0.921521 0.613007 
vt 0.923514 0.616258 
vt 0.853709 0.616156 
vt 0.855846 0.612907 
vt 0.781785 0.577771 
vt 0.783736 0.580972 
vt 0.714096 0.580972 
vt 0.716058 0.577771 
vt 0.962583 0.560034 
vt 0.997712 0.616046 
vt 0.928027 0.616047 
vt 0.928027 0.616047 
vt 0.928025 0.503704 
vt 0.962583 0.560034 
vt 0.997712 0.616046 
vt 0.962583 0.560034 
vt 0.997712 0.503702 
vt 0.997712 0.503702 
vt 0.962583 0.560034 
vt 0.928025 0.503704 
vt 0.923454 0.524936 
vt 0.917631 0.534715 
vt 0.894549 0.534715 
vt 0.888801 0.524936 
vt 0.923452 0.580685 
vt 0.917631 0.570717 
vt 0.905748 0.552601 
vt 0.894549 0.570717 
vt 0.888791 0.580685 

usemtl 1Mtl

f 6789/6789/6789 6790/6790/6790 6791/6791/6791 
f 6789/6789/6789 6791/6791/6791 6792/6792/6792 
f 6793/6793/6793 6794/6794/6794 6795/6795/6795 
f 6793/6793/6793 6795/6795/6795 6796/6796/6796 
f 6797/6797/6797 6798/6798/6798 6799/6799/6799 
f 6797/6797/6797 6799/6799/6799 6800/6800/6800 
f 6801/6801/6801 6802/6802/6802 6803/6803/6803 
f 6801/6801/6801 6803/6803/6803 6804/6804/6804 
f 6805/6805/6805 6806/6806/6806 6807/6807/6807 
f 6805/6805/6805 6807/6807/6807 6808/6808/6808 
f 6809/6809/6809 6810/6810/6810 6811/6811/6811 
f 6809/6809/6809 6811/6811/6811 6812/6812/6812 
f 6813/6813/6813 6814/6814/6814 6815/6815/6815 
f 6813/6813/6813 6815/6815/6815 6816/6816/6816 
f 6817/6817/6817 6818/6818/6818 6819/6819/6819 
f 6820/6820/6820 6821/6821/6821 6822/6822/6822 
f 6823/6823/6823 6824/6824/6824 6825/6825/6825 
f 6826/6826/6826 6827/6827/6827 6828/6828/6828 
f 6829/6829/6829 6830/6830/6830 6831/6831/6831 
f 6829/6829/6829 6831/6831/6831 6832/6832/6832 
f 6833/6833/6833 6834/6834/6834 6835/6835/6835 
f 6836/6836/6836 6837/6837/6837 6838/6838/6838 
f 6839/6839/6839 6840/6840/6840 6841/6841/6841 
f 6839/6839/6839 6841/6841/6841 6842/6842/6842 
f 6843/6843/6843 6844/6844/6844 6845/6845/6845 
f 6846/6846/6846 6847/6847/6847 6848/6848/6848 
f 6849/6849/6849 6850/6850/6850 6851/6851/6851 
f 6852/6852/6852 6853/6853/6853 6854/6854/6854 
f 6855/6855/6855 6856/6856/6856 6857/6857/6857 
f 6858/6858/6858 6859/6859/6859 6860/6860/6860 
f 6861/6861/6861 6862/6862/6862 6863/6863/6863 
f 6861/6861/6861 6863/6863/6863 6864/6864/6864 
f 6865/6865/6865 6866/6866/6866 6867/6867/6867 
f 6865/6865/6865 6867/6867/6867 6868/6868/6868 
f 6869/6869/6869 6870/6870/6870 6871/6871/6871 
f 6869/6869/6869 6871/6871/6871 6872/6872/6872 
f 6873/6873/6873 6874/6874/6874 6875/6875/6875 
f 6873/6873/6873 6875/6875/6875 6876/6876/6876 
f 6877/6877/6877 6878/6878/6878 6879/6879/6879 
f 6877/6877/6877 6879/6879/6879 6880/6880/6880 
f 6881/6881/6881 6882/6882/6882 6883/6883/6883 
f 6881/6881/6881 6883/6883/6883 6884/6884/6884 
f 6885/6885/6885 6886/6886/6886 6887/6887/6887 
f 6885/6885/6885 6887/6887/6887 6888/6888/6888 
f 6889/6889/6889 6890/6890/6890 6891/6891/6891 
f 6889/6889/6889 6891/6891/6891 6892/6892/6892 
f 6893/6893/6893 6894/6894/6894 6895/6895/6895 
f 6893/6893/6893 6895/6895/6895 6896/6896/6896 
f 6897/6897/6897 6898/6898/6898 6899/6899/6899 
f 6900/6900/6900 6901/6901/6901 6902/6902/6902 
f 6903/6903/6903 6904/6904/6904 6905/6905/6905 
f 6906/6906/6906 6907/6907/6907 6908/6908/6908 
f 6909/6909/6909 6910/6910/6910 6911/6911/6911 
f 6909/6909/6909 6911/6911/6911 6912/6912/6912 
f 6910/6910/6910 6909/6909/6909 6913/6913/6913 
f 6910/6910/6910 6913/6913/6913 6914/6914/6914 
f 6914/6914/6914 6915/6915/6915 6910/6910/6910 
f 6915/6915/6915 6911/6911/6911 6910/6910/6910 
f 6912/6912/6912 6911/6911/6911 6916/6916/6916 
f 6915/6915/6915 6916/6916/6916 6911/6911/6911 
f 6912/6912/6912 6916/6916/6916 6917/6917/6917 
f 6914/6914/6914 6917/6917/6917 6916/6916/6916 
f 6914/6914/6914 6916/6916/6916 6915/6915/6915 
f 6914/6914/6914 6913/6913/6913 6917/6917/6917 

g 13

v 367.933 3.88396 201 
v 368 3.88396 200.933 
v 367.954 3.95299 200.894 
v 367.894 3.95301 200.954 
v 367 3.88396 200.933 
v 367.067 3.88396 201 
v 367.106 3.95301 200.954 
v 367.046 3.95299 200.894 
v 367.067 3.88396 201 
v 367.933 3.88396 201 
v 367.894 3.95301 200.954 
v 367.106 3.95301 200.954 
v 368 3.88396 200.067 
v 367.967 3.88396 200.033 
v 367.924 3.953 200.076 
v 367.954 3.95299 200.106 
v 367.933 3.88396 200 
v 367.894 3.95301 200.046 
v 367.033 3.88396 200.033 
v 367 3.88396 200.067 
v 367.046 3.95299 200.106 
v 367.076 3.953 200.076 
v 367.067 3.88396 200 
v 367.033 3.88396 200.033 
v 367.076 3.953 200.076 
v 367.106 3.95301 200.046 
v 368 3.88396 200.933 
v 368 3.88396 200.497 
v 367.954 3.95301 200.497 
v 367.954 3.95299 200.894 
v 368 3.88396 200.497 
v 368 3.88396 200.067 
v 367.954 3.95299 200.106 
v 367.954 3.95301 200.497 
v 367 3.88396 200.497 
v 367 3.88396 200.933 
v 367.046 3.95299 200.894 
v 367.046 3.95301 200.497 
v 367 3.88396 200.067 
v 367 3.88396 200.497 
v 367.046 3.95301 200.497 
v 367.046 3.95299 200.106 
v 368 3.88396 200.933 
v 367.933 3.88396 201 
v 367.933 3.03462 201 
v 368 3.03462 200.933 
v 367 3.03462 200.933 
v 367.067 3.03462 201 
v 367.067 3.88396 201 
v 367 3.88396 200.933 
v 367.964 3.00167 200.933 
v 368 3.03462 200.933 
v 367.933 3.03462 201 
v 367.919 3.00167 200.966 
v 367.081 3.00167 200.966 
v 367.067 3.03462 201 
v 367 3.03462 200.933 
v 367.036 3.00167 200.933 
v 367.954 3.95299 200.894 
v 367.954 3.95301 200.497 
v 367.894 3.95301 200.896 
v 367.894 3.95301 200.104 
v 367.954 3.95301 200.497 
v 367.954 3.95299 200.106 
v 367.954 3.95299 200.894 
v 367.894 3.95301 200.896 
v 367.894 3.95301 200.954 
v 367.954 3.95299 200.106 
v 367.924 3.953 200.076 
v 367.894 3.95301 200.104 
v 367.894 3.95301 200.046 
v 367.046 3.95299 200.894 
v 367.106 3.95299 200.894 
v 367.046 3.95301 200.497 
v 367.894 3.95301 200.896 
v 367.954 3.95301 200.497 
v 367.894 3.95301 200.104 
v 367.046 3.95301 200.497 
v 367.106 3.95299 200.106 
v 367.046 3.95299 200.106 
v 367.106 3.95299 200.106 
v 367.106 3.95299 200.894 
v 367.894 3.95301 200.896 
v 367.894 3.95301 200.104 
v 367.106 3.95301 200.046 
v 367.106 3.95299 200.106 
v 367.894 3.95301 200.104 
v 367.894 3.95301 200.046 
v 367.894 3.95301 200.954 
v 367.894 3.95301 200.896 
v 367.106 3.95299 200.894 
v 367.106 3.95301 200.954 
v 367.106 3.95299 200.106 
v 367.106 3.95301 200.046 
v 367.076 3.953 200.076 
v 367.046 3.95299 200.106 
v 367.046 3.95301 200.497 
v 367.106 3.95299 200.894 
v 367.106 3.95299 200.106 
v 367.106 3.95301 200.954 
v 367.106 3.95299 200.894 
v 367.046 3.95299 200.894 
v 367.933 3.88396 200 
v 367.067 3.88396 200 
v 367.106 3.95301 200.046 
v 367.894 3.95301 200.046 
v 367.071 2.97626 200.023 
v 367.04 2.98306 200.055 
v 367.033 3.03462 200.033 
v 367.067 3.03462 200 
v 367.074 2.89156 200.094 
v 367.009 2.9899 200.087 
v 367.045 2.9094 200.121 
v 367 3.03462 200.067 
v 367.077 2.83012 200.204 
v 367.017 2.92682 200.148 
v 367.048 2.8492 200.224 
v 367.069 2.7901 200.343 
v 367.02 2.87268 200.244 
v 367.042 2.81517 200.354 
v 367.082 2.78434 200.463 
v 367.019 2.8402 200.364 
v 367.052 2.80972 200.463 
v 367.025 2.83501 200.464 
v 367.933 3.03462 201 
v 367.933 3.88396 201 
v 367.067 3.88396 201 
v 367.067 3.03462 201 
v 367.919 3.00167 200.966 
v 367.933 3.03462 201 
v 367.067 3.03462 201 
v 367.081 3.00167 200.966 
v 367.908 2.80258 200.497 
v 367.919 2.78434 200.463 
v 367.948 2.80972 200.463 
v 367.955 2.84023 200.497 
v 367.976 2.83501 200.464 
v 367 3.88396 200.067 
v 367.033 3.88396 200.033 
v 367.033 3.03462 200.033 
v 367 3.03462 200.067 
v 367.033 3.88396 200.033 
v 367.067 3.88396 200 
v 367.067 3.03462 200 
v 367.033 3.03462 200.033 
v 367.092 2.80258 200.497 
v 367.052 2.84023 200.497 
v 367.025 2.83501 200.464 
v 367.052 2.80972 200.463 
v 367.082 2.78434 200.463 
v 367.925 2.97626 200.023 
v 367.958 2.98306 200.055 
v 367.953 2.90942 200.121 
v 367.921 2.89156 200.094 
v 367.933 3.03462 200 
v 367.992 2.9899 200.087 
v 367.967 3.03462 200.033 
v 367.984 2.92682 200.148 
v 367.95 2.8492 200.224 
v 367.981 2.87268 200.244 
v 367.918 2.83012 200.204 
v 367.954 2.81519 200.354 
v 367.982 2.8402 200.364 
v 367.926 2.79012 200.343 
v 367.948 2.80972 200.463 
v 367.976 2.83501 200.464 
v 367.919 2.78434 200.463 
v 368 3.03462 200.067 
v 367.967 3.03462 200.033 
v 367.933 3.88396 200 
v 368 3.03462 200.067 
v 367.967 3.88396 200.033 
v 368 3.88396 200.067 
v 368 3.03462 200.933 
v 367.964 3.00167 200.933 
v 367.967 3.00275 200.497 
v 368 3.03462 200.465 
v 367.036 3.00167 200.933 
v 367 3.03462 200.933 
v 367 3.03462 200.465 
v 367.033 3.00271 200.497 
v 368 3.88396 200.933 
v 368 3.03462 200.933 
v 368 3.03462 200.465 
v 368 3.88396 200.497 
v 367 3.03462 200.933 
v 367 3.88396 200.933 
v 367 3.88396 200.497 
v 367 3.03462 200.465 
v 368 3.03462 200.067 
v 368 3.88396 200.067 
v 368 3.88396 200.497 
v 368 3.03462 200.465 
v 367.992 2.9899 200.087 
v 368 3.03462 200.067 
v 367.984 2.92682 200.148 
v 367.981 2.87268 200.244 
v 367.982 2.8402 200.364 
v 367.976 2.83501 200.464 
v 367 3.88396 200.067 
v 367 3.03462 200.067 
v 367 3.03462 200.465 
v 367 3.88396 200.497 
v 367 3.03462 200.067 
v 367.009 2.9899 200.087 
v 367.017 2.92682 200.148 
v 367.02 2.87268 200.244 
v 367.019 2.8402 200.364 
v 367.025 2.83501 200.464 
v 367.955 2.84023 200.497 
v 367.976 2.83501 200.464 
v 368 3.03462 200.465 
v 367.967 3.00275 200.497 
v 367.925 2.97626 200.023 
v 367.921 2.89156 200.094 
v 367.074 2.89156 200.094 
v 367.071 2.97626 200.023 
v 367.933 3.03462 200 
v 367.918 2.83012 200.204 
v 367.077 2.83012 200.204 
v 367.926 2.79012 200.343 
v 367.069 2.7901 200.343 
v 367.919 2.78434 200.463 
v 367.082 2.78434 200.463 
v 367.067 3.03462 200 
v 367.025 2.83501 200.464 
v 367.052 2.84023 200.497 
v 367.033 3.00271 200.497 
v 367 3.03462 200.465 
v 367.933 3.88396 200 
v 367.933 3.03462 200 
v 367.067 3.03462 200 
v 367.067 3.88396 200 
v 367.919 2.78434 200.463 
v 367.908 2.80258 200.497 
v 367.092 2.80258 200.497 
v 367.082 2.78434 200.463 
v 367.955 2.84023 200.497 
v 367.052 2.84023 200.497 
v 367.964 3.00167 200.933 
v 367.919 3.00167 200.966 
v 367.081 3.00167 200.966 
v 367.036 3.00167 200.933 
v 367.036 3.00167 200.933 
v 367.033 3.00271 200.497 
v 367.964 3.00167 200.933 
v 367.964 3.00167 200.933 
v 367.033 3.00271 200.497 
v 367.967 3.00275 200.497 
v 367.033 3.00271 200.497 
v 367.052 2.84023 200.497 
v 367.955 2.84023 200.497 
v 367.033 3.00271 200.497 
v 367.955 2.84023 200.497 
v 367.967 3.00275 200.497 

vn 0.535433 0.645669 0.535433 
vn 0.535433 0.645669 0.535433 
vn 0.535433 0.645669 0.535433 
vn 0.535433 0.645669 0.535433 
vn -0.535433 0.645669 0.535433 
vn -0.535433 0.645669 0.535433 
vn -0.535433 0.645669 0.535433 
vn -0.535433 0.645669 0.535433 
vn 0 0.543307 0.84252 
vn 0 0.543307 0.84252 
vn 0 0.543307 0.84252 
vn 0 0.543307 0.84252 
vn 0.535433 0.645669 -0.535433 
vn 0.535433 0.645669 -0.535433 
vn 0.535433 0.645669 -0.535433 
vn 0.535433 0.645669 -0.535433 
vn 0.535433 0.645669 -0.535433 
vn 0.535433 0.645669 -0.535433 
vn -0.535433 0.645669 -0.535433 
vn -0.535433 0.645669 -0.535433 
vn -0.535433 0.645669 -0.535433 
vn -0.535433 0.645669 -0.535433 
vn -0.535433 0.645669 -0.535433 
vn -0.535433 0.645669 -0.535433 
vn -0.535433 0.645669 -0.535433 
vn -0.535433 0.645669 -0.535433 
vn 0.84252 0.543307 0 
vn 0.84252 0.543307 0 
vn 0.84252 0.543307 0 
vn 0.84252 0.543307 0 
vn 0.84252 0.543307 0 
vn 0.84252 0.543307 0 
vn 0.84252 0.543307 0 
vn 0.84252 0.543307 0 
vn -0.84252 0.543307 0 
vn -0.84252 0.543307 0 
vn -0.84252 0.543307 0 
vn -0.84252 0.543307 0 
vn -0.84252 0.543307 0 
vn -0.84252 0.543307 0 
vn -0.84252 0.543307 0 
vn -0.84252 0.543307 0 
vn 0.708661 0 0.708661 
vn 0.708661 0 0.708661 
vn 0.708661 0 0.708661 
vn 0.708661 0 0.708661 
vn -0.708661 0 0.708661 
vn -0.708661 0 0.708661 
vn -0.708661 0 0.708661 
vn -0.708661 0 0.708661 
vn 0.496063 -0.661417 0.559055 
vn 0.496063 -0.661417 0.559055 
vn 0.496063 -0.661417 0.559055 
vn 0.496063 -0.661417 0.559055 
vn -0.496063 -0.661417 0.559055 
vn -0.496063 -0.661417 0.559055 
vn -0.496063 -0.661417 0.559055 
vn -0.496063 -0.661417 0.559055 
vn 0 1 0 
vn 0 1 0 
vn 0 1 0 
vn 0 1 0 
vn 0 1 0 
vn 0 1 0 
vn 0 1 0 
vn 0 1 0 
vn 0 1 0 
vn 0 1 0 
vn 0 1 0 
vn 0 1 0 
vn 0 1 0 
vn 0 1 0 
vn 0 1 0 
vn 0 1 0 
vn 0 1 0 
vn 0 1 0 
vn 0 1 0 
vn 0 1 0 
vn 0 1 0 
vn 0 1 0 
vn 0 1 0 
vn 0 1 0 
vn 0 1 0 
vn 0 1 0 
vn 0 1 0 
vn 0 1 0 
vn 0 1 0 
vn 0 1 0 
vn 0 1 0 
vn 0 1 0 
vn 0 1 0 
vn 0 1 0 
vn 0 1 0 
vn 0 1 0 
vn 0 1 0 
vn 0 1 0 
vn 0 1 0 
vn 0 1 0 
vn 0 1 0 
vn 0 1 0 
vn 0 1 0 
vn 0 1 0 
vn 0 0.543307 -0.84252 
vn 0 0.543307 -0.84252 
vn 0 0.543307 -0.84252 
vn 0 0.543307 -0.84252 
vn -0.716535 -0.11811 -0.685039 
vn -0.716535 -0.11811 -0.685039 
vn -0.716535 -0.11811 -0.685039 
vn -0.716535 -0.11811 -0.685039 
vn -0.748031 -0.291339 -0.590551 
vn -0.748031 -0.307087 -0.590551 
vn -0.748031 -0.307087 -0.590551 
vn -0.708661 0 -0.708661 
vn -0.755906 -0.590551 -0.283465 
vn -0.748031 -0.307087 -0.590551 
vn -0.755906 -0.598425 -0.259843 
vn -0.779528 -0.622047 -0.0787402 
vn -0.755906 -0.598425 -0.259843 
vn -0.80315 -0.598425 -0.023622 
vn -0.795276 -0.606299 0.023622 
vn -0.80315 -0.598425 -0.023622 
vn -0.826772 -0.559055 0.015748 
vn -0.826772 -0.559055 0.015748 
vn 0 0 1 
vn 0 0 1 
vn 0 0 1 
vn 0 0 1 
vn 0 -0.716535 0.700787 
vn 0 -0.716535 0.700787 
vn 0 -0.716535 0.700787 
vn 0 -0.716535 0.700787 
vn 0.637795 -0.496063 0.590551 
vn 0.637795 -0.496063 0.590551 
vn 0.637795 -0.496063 0.590551 
vn 0.637795 -0.535433 0.543307 
vn 0.637795 -0.535433 0.543307 
vn -0.708661 0 -0.708661 
vn -0.708661 0 -0.708661 
vn -0.716535 -0.11811 -0.685039 
vn -0.708661 0 -0.708661 
vn -0.708661 0 -0.708661 
vn -0.708661 0 -0.708661 
vn -0.716535 -0.11811 -0.685039 
vn -0.716535 -0.11811 -0.685039 
vn -0.637795 -0.488189 0.598425 
vn -0.637795 -0.488189 0.598425 
vn -0.637795 -0.488189 0.598425 
vn -0.637795 -0.488189 0.598425 
vn -0.629921 -0.503937 0.598425 
vn 0.716535 -0.307087 -0.622047 
vn 0.716535 -0.307087 -0.622047 
vn 0.716535 -0.307087 -0.622047 
vn 0.716535 -0.307087 -0.622047 
vn 0.700787 -0.133858 -0.700787 
vn 0.700787 -0.133858 -0.700787 
vn 0.700787 -0.133858 -0.700787 
vn 0.716535 -0.314961 -0.614173 
vn 0.732283 -0.606299 -0.307087 
vn 0.732283 -0.622047 -0.283465 
vn 0.732283 -0.606299 -0.307087 
vn 0.76378 -0.637795 -0.0866142 
vn 0.76378 -0.645669 -0.0472441 
vn 0.76378 -0.637795 -0.0866142 
vn 0.795276 -0.606299 -0.00787402 
vn 0.80315 -0.598425 -0.00787402 
vn 0.795276 -0.606299 -0.00787402 
vn 0.700787 -0.133858 -0.700787 
vn 0.700787 -0.133858 -0.700787 
vn 0.708661 0 -0.708661 
vn 0.700787 -0.133858 -0.700787 
vn 0.708661 0 -0.708661 
vn 0.708661 0 -0.708661 
vn 0.692913 -0.724409 0 
vn 0.692913 -0.724409 0 
vn 0.692913 -0.724409 0 
vn 0.692913 -0.724409 0 
vn -0.692913 -0.724409 0 
vn -0.692913 -0.724409 0 
vn -0.692913 -0.724409 0 
vn -0.692913 -0.724409 0 
vn 1 0 0 
vn 1 0 0 
vn 1 0 0 
vn 1 0 0 
vn -1 0 0 
vn -1 0 0 
vn -1 0 0 
vn -1 0 0 
vn 1 0 0 
vn 1 0 0 
vn 1 0 0 
vn 1 0 0 
vn 1 -0.0551181 0 
vn 1 0 0 
vn 1 -0.0551181 0 
vn 0.968504 -0.212598 0.141732 
vn 0.96063 -0.220472 0.15748 
vn 0.976378 -0.19685 0.0393701 
vn -1 0 0 
vn -1 0 0 
vn -1 0 0 
vn -1 0 0 
vn -1 0 0 
vn -1 -0.0629921 0 
vn -1 -0.0629921 0 
vn -0.968504 -0.212598 0.141732 
vn -0.96063 -0.220472 0.149606 
vn -0.976378 -0.19685 0.0393701 
vn 0.80315 -0.15748 0.574803 
vn 0.80315 -0.15748 0.574803 
vn 0.80315 -0.15748 0.574803 
vn 0.80315 -0.15748 0.574803 
vn 0 -0.417323 -0.905512 
vn 0 -0.417323 -0.905512 
vn 0 -0.417323 -0.905512 
vn 0 -0.417323 -0.905512 
vn 0 0 -1 
vn 0 -0.771654 -0.637795 
vn 0 -0.771654 -0.637795 
vn 0 -0.952756 -0.307087 
vn 0 -0.952756 -0.307087 
vn 0 -0.76378 0.645669 
vn 0 -0.76378 0.645669 
vn 0 0 -1 
vn -0.779528 -0.15748 0.614173 
vn -0.779528 -0.15748 0.614173 
vn -0.779528 -0.15748 0.614173 
vn -0.779528 -0.15748 0.614173 
vn 0 0 -1 
vn 0 0 -1 
vn 0 0 -1 
vn 0 0 -1 
vn 0 -0.76378 0.645669 
vn 0 -0.76378 0.645669 
vn 0 -0.76378 0.645669 
vn 0 -0.76378 0.645669 
vn 0 0 1 
vn 0 0 1 
vn 0 -1 0 
vn 0 -1 0 
vn 0 -1 0 
vn 0 -1 0 
vn 0 -1 0 
vn 0 -1 0 
vn 0 -1 0 
vn 0 -1 0 
vn 0 -1 0 
vn 0 -1 0 
vn 0 0 1 
vn 0 0 1 
vn 0 0 1 
vn 0 0 1 
vn 0 0 1 
vn 0 0 1 

vt 0.563471 0.874764 
vt 0.567951 0.874763 
vt 0.567951 0.88379 
vt 0.563471 0.88379 
vt 0.493566 0.874764 
vt 0.498146 0.874763 
vt 0.498146 0.88379 
vt 0.493566 0.88379 
vt 0.498146 0.874763 
vt 0.563471 0.874764 
vt 0.563471 0.88379 
vt 0.498146 0.88379 
vt 0.633313 0.874763 
vt 0.635467 0.874763 
vt 0.635467 0.88379 
vt 0.633313 0.88379 
vt 0.637621 0.874764 
vt 0.637621 0.88379 
vt 0.425969 0.874764 
vt 0.427975 0.874764 
vt 0.427975 0.88379 
vt 0.425969 0.88379 
vt 0.702898 0.874764 
vt 0.705346 0.874764 
vt 0.705346 0.88379 
vt 0.702898 0.88379 
vt 0.567951 0.874763 
vt 0.601732 0.874763 
vt 0.602039 0.88379 
vt 0.567951 0.88379 
vt 0.601732 0.874763 
vt 0.633313 0.874763 
vt 0.633313 0.88379 
vt 0.602039 0.88379 
vt 0.463573 0.874764 
vt 0.493551 0.874764 
vt 0.493551 0.88379 
vt 0.463091 0.88379 
vt 0.427975 0.874764 
vt 0.463573 0.874764 
vt 0.463091 0.88379 
vt 0.427975 0.88379 
vt 0.567951 0.874763 
vt 0.563471 0.874764 
vt 0.563471 0.772154 
vt 0.567951 0.772154 
vt 0.493566 0.772154 
vt 0.498146 0.772154 
vt 0.498146 0.874763 
vt 0.493566 0.874764 
vt 0.533343 0.942947 
vt 0.534493 0.947079 
vt 0.531825 0.947078 
vt 0.531956 0.944906 
vt 0.503871 0.944906 
vt 0.502788 0.947078 
vt 0.500112 0.947079 
vt 0.502484 0.942947 
vt 0.491165 0.996456 
vt 0.460557 0.996456 
vt 0.491308 0.989037 
vt 0.43029 0.989037 
vt 0.460557 0.996456 
vt 0.430447 0.996456 
vt 0.491165 0.996456 
vt 0.491308 0.989037 
vt 0.495549 0.989037 
vt 0.430447 0.996456 
vt 0.428255 0.992746 
vt 0.43029 0.989037 
vt 0.426063 0.989037 
vt 0.491175 0.883858 
vt 0.491175 0.891238 
vt 0.460557 0.883858 
vt 0.491308 0.989037 
vt 0.460557 0.996456 
vt 0.43029 0.989037 
vt 0.460557 0.883858 
vt 0.430436 0.891238 
vt 0.430447 0.883858 
vt 0.430436 0.891238 
vt 0.491175 0.891238 
vt 0.491308 0.989037 
vt 0.43029 0.989037 
vt 0.426063 0.891277 
vt 0.430436 0.891238 
vt 0.43029 0.989037 
vt 0.426063 0.989037 
vt 0.495549 0.989037 
vt 0.491308 0.989037 
vt 0.491175 0.891238 
vt 0.495549 0.891277 
vt 0.430436 0.891238 
vt 0.426063 0.891277 
vt 0.428255 0.887568 
vt 0.430447 0.883858 
vt 0.460557 0.883858 
vt 0.491175 0.891238 
vt 0.430436 0.891238 
vt 0.495549 0.891277 
vt 0.491175 0.891238 
vt 0.491175 0.883858 
vt 0.637621 0.874764 
vt 0.702898 0.874764 
vt 0.702898 0.88379 
vt 0.637621 0.88379 
vt 0.427488 0.783451 
vt 0.433033 0.783451 
vt 0.431544 0.772155 
vt 0.425969 0.772154 
vt 0.430131 0.792253 
vt 0.438577 0.78169 
vt 0.43559 0.788732 
vt 0.437395 0.772155 
vt 0.438665 0.794014 
vt 0.439956 0.785211 
vt 0.442255 0.790493 
vt 0.447197 0.794014 
vt 0.445845 0.786972 
vt 0.449103 0.791548 
vt 0.457423 0.794014 
vt 0.451009 0.78814 
vt 0.457424 0.790493 
vt 0.457424 0.787091 
vt 0.563471 0.772154 
vt 0.563471 0.874764 
vt 0.498146 0.874763 
vt 0.498146 0.772154 
vt 0.531956 0.944906 
vt 0.531825 0.947078 
vt 0.502788 0.947078 
vt 0.503871 0.944906 
vt 0.531548 0.893484 
vt 0.534884 0.893373 
vt 0.534884 0.894785 
vt 0.532987 0.896225 
vt 0.534884 0.896197 
vt 0.427975 0.874764 
vt 0.425969 0.874764 
vt 0.425969 0.772154 
vt 0.427975 0.772154 
vt 0.705346 0.874764 
vt 0.702898 0.874764 
vt 0.702898 0.772154 
vt 0.705346 0.772154 
vt 0.504258 0.893467 
vt 0.503041 0.896224 
vt 0.500503 0.896355 
vt 0.500503 0.895099 
vt 0.500503 0.893842 
vt 0.635371 0.783451 
vt 0.632096 0.783451 
vt 0.629913 0.789613 
vt 0.632096 0.791373 
vt 0.637621 0.772154 
vt 0.628821 0.78169 
vt 0.634279 0.772154 
vt 0.626638 0.78749 
vt 0.621179 0.791629 
vt 0.6195 0.789357 
vt 0.622858 0.794014 
vt 0.611354 0.791553 
vt 0.610262 0.788732 
vt 0.612349 0.794014 
vt 0.604204 0.790493 
vt 0.604204 0.786858 
vt 0.604204 0.794014 
vt 0.629913 0.772154 
vt 0.635467 0.772154 
vt 0.637621 0.874764 
vt 0.633188 0.772154 
vt 0.635467 0.874763 
vt 0.633313 0.874763 
vt 0.534493 0.947079 
vt 0.533343 0.942947 
vt 0.533343 0.917201 
vt 0.534884 0.917358 
vt 0.502484 0.942947 
vt 0.500112 0.947079 
vt 0.500503 0.917198 
vt 0.502484 0.917201 
vt 0.567951 0.874763 
vt 0.567951 0.772154 
vt 0.604036 0.772153 
vt 0.601732 0.874763 
vt 0.493551 0.772154 
vt 0.493551 0.874764 
vt 0.463573 0.874764 
vt 0.456527 0.772154 
vt 0.633188 0.772154 
vt 0.633313 0.874763 
vt 0.601732 0.874763 
vt 0.604036 0.772153 
vt 0.628821 0.78169 
vt 0.629913 0.772154 
vt 0.626638 0.78749 
vt 0.6195 0.789357 
vt 0.610262 0.788732 
vt 0.604204 0.786858 
vt 0.427975 0.874764 
vt 0.427975 0.772154 
vt 0.456527 0.772154 
vt 0.463573 0.874764 
vt 0.437395 0.772155 
vt 0.438577 0.78169 
vt 0.439956 0.785211 
vt 0.445845 0.786972 
vt 0.451009 0.78814 
vt 0.457424 0.787091 
vt 0.532987 0.896225 
vt 0.534884 0.896197 
vt 0.534884 0.917358 
vt 0.533343 0.917201 
vt 0.635463 0.781898 
vt 0.635463 0.785634 
vt 0.705345 0.785634 
vt 0.705345 0.781898 
vt 0.635467 0.772154 
vt 0.635463 0.78831 
vt 0.705345 0.78831 
vt 0.635463 0.790493 
vt 0.705345 0.790493 
vt 0.635463 0.794014 
vt 0.705345 0.794014 
vt 0.705346 0.772154 
vt 0.500503 0.896355 
vt 0.503041 0.896224 
vt 0.502484 0.917201 
vt 0.500503 0.917198 
vt 0.637621 0.874764 
vt 0.637621 0.772153 
vt 0.702898 0.772153 
vt 0.702898 0.874764 
vt 0.531548 0.890893 
vt 0.531548 0.893484 
vt 0.504258 0.893484 
vt 0.504258 0.890893 
vt 0.532987 0.896225 
vt 0.503041 0.896224 
vt 0.533343 0.942947 
vt 0.531956 0.944906 
vt 0.503871 0.944906 
vt 0.502484 0.942947 
vt 0.502484 0.942947 
vt 0.502484 0.917201 
vt 0.533343 0.942947 
vt 0.533343 0.942947 
vt 0.502484 0.917201 
vt 0.533343 0.917201 
vt 0.502484 0.917201 
vt 0.503041 0.896224 
vt 0.532987 0.896225 
vt 0.502484 0.917201 
vt 0.532987 0.896225 
vt 0.533343 0.917201 

usemtl 1Mtl

f 6918/6918/6918 6919/6919/6919 6920/6920/6920 
f 6918/6918/6918 6920/6920/6920 6921/6921/6921 
f 6922/6922/6922 6923/6923/6923 6924/6924/6924 
f 6922/6922/6922 6924/6924/6924 6925/6925/6925 
f 6926/6926/6926 6927/6927/6927 6928/6928/6928 
f 6926/6926/6926 6928/6928/6928 6929/6929/6929 
f 6930/6930/6930 6931/6931/6931 6932/6932/6932 
f 6930/6930/6930 6932/6932/6932 6933/6933/6933 
f 6931/6931/6931 6934/6934/6934 6935/6935/6935 
f 6931/6931/6931 6935/6935/6935 6932/6932/6932 
f 6936/6936/6936 6937/6937/6937 6938/6938/6938 
f 6936/6936/6936 6938/6938/6938 6939/6939/6939 
f 6940/6940/6940 6941/6941/6941 6942/6942/6942 
f 6940/6940/6940 6942/6942/6942 6943/6943/6943 
f 6944/6944/6944 6945/6945/6945 6946/6946/6946 
f 6944/6944/6944 6946/6946/6946 6947/6947/6947 
f 6948/6948/6948 6949/6949/6949 6950/6950/6950 
f 6948/6948/6948 6950/6950/6950 6951/6951/6951 
f 6952/6952/6952 6953/6953/6953 6954/6954/6954 
f 6952/6952/6952 6954/6954/6954 6955/6955/6955 
f 6956/6956/6956 6957/6957/6957 6958/6958/6958 
f 6956/6956/6956 6958/6958/6958 6959/6959/6959 
f 6960/6960/6960 6961/6961/6961 6962/6962/6962 
f 6960/6960/6960 6962/6962/6962 6963/6963/6963 
f 6964/6964/6964 6965/6965/6965 6966/6966/6966 
f 6964/6964/6964 6966/6966/6966 6967/6967/6967 
f 6968/6968/6968 6969/6969/6969 6970/6970/6970 
f 6968/6968/6968 6970/6970/6970 6971/6971/6971 
f 6972/6972/6972 6973/6973/6973 6974/6974/6974 
f 6972/6972/6972 6974/6974/6974 6975/6975/6975 
f 6976/6976/6976 6977/6977/6977 6978/6978/6978 
f 6979/6979/6979 6980/6980/6980 6981/6981/6981 
f 6982/6982/6982 6983/6983/6983 6984/6984/6984 
f 6985/6985/6985 6986/6986/6986 6987/6987/6987 
f 6986/6986/6986 6988/6988/6988 6987/6987/6987 
f 6989/6989/6989 6990/6990/6990 6991/6991/6991 
f 6992/6992/6992 6993/6993/6993 6994/6994/6994 
f 6995/6995/6995 6996/6996/6996 6997/6997/6997 
f 6998/6998/6998 6999/6999/6999 7000/7000/7000 
f 6998/6998/6998 7000/7000/7000 7001/7001/7001 
f 7002/7002/7002 7003/7003/7003 7004/7004/7004 
f 7002/7002/7002 7004/7004/7004 7005/7005/7005 
f 7006/7006/7006 7007/7007/7007 7008/7008/7008 
f 7006/7006/7006 7008/7008/7008 7009/7009/7009 
f 7010/7010/7010 7011/7011/7011 7012/7012/7012 
f 7012/7012/7012 7013/7013/7013 7010/7010/7010 
f 7014/7014/7014 7015/7015/7015 7016/7016/7016 
f 7017/7017/7017 7018/7018/7018 7019/7019/7019 
f 7020/7020/7020 7021/7021/7021 7022/7022/7022 
f 7020/7020/7020 7022/7022/7022 7023/7023/7023 
f 7024/7024/7024 7025/7025/7025 7026/7026/7026 
f 7024/7024/7024 7026/7026/7026 7027/7027/7027 
f 7025/7025/7025 7024/7024/7024 7028/7028/7028 
f 7029/7029/7029 7025/7025/7025 7030/7030/7030 
f 7025/7025/7025 7029/7029/7029 7031/7031/7031 
f 7025/7025/7025 7031/7031/7031 7026/7026/7026 
f 7025/7025/7025 7028/7028/7028 7030/7030/7030 
f 7030/7030/7030 7028/7028/7028 7032/7032/7032 
f 7029/7029/7029 7030/7030/7030 7033/7033/7033 
f 7033/7033/7033 7030/7030/7030 7034/7034/7034 
f 7030/7030/7030 7032/7032/7032 7034/7034/7034 
f 7034/7034/7034 7032/7032/7032 7035/7035/7035 
f 7033/7033/7033 7034/7034/7034 7036/7036/7036 
f 7036/7036/7036 7034/7034/7034 7037/7037/7037 
f 7034/7034/7034 7035/7035/7035 7037/7037/7037 
f 7037/7037/7037 7035/7035/7035 7038/7038/7038 
f 7036/7036/7036 7037/7037/7037 7039/7039/7039 
f 7039/7039/7039 7037/7037/7037 7040/7040/7040 
f 7037/7037/7037 7038/7038/7038 7040/7040/7040 
f 7039/7039/7039 7040/7040/7040 7041/7041/7041 
f 7042/7042/7042 7043/7043/7043 7044/7044/7044 
f 7042/7042/7042 7044/7044/7044 7045/7045/7045 
f 7046/7046/7046 7047/7047/7047 7048/7048/7048 
f 7046/7046/7046 7048/7048/7048 7049/7049/7049 
f 7050/7050/7050 7051/7051/7051 7052/7052/7052 
f 7052/7052/7052 7053/7053/7053 7050/7050/7050 
f 7052/7052/7052 7054/7054/7054 7053/7053/7053 
f 7055/7055/7055 7056/7056/7056 7057/7057/7057 
f 7055/7055/7055 7057/7057/7057 7058/7058/7058 
f 7059/7059/7059 7060/7060/7060 7061/7061/7061 
f 7059/7059/7059 7061/7061/7061 7062/7062/7062 
f 7063/7063/7063 7064/7064/7064 7065/7065/7065 
f 7063/7063/7063 7065/7065/7065 7066/7066/7066 
f 7066/7066/7066 7067/7067/7067 7063/7063/7063 
f 7068/7068/7068 7069/7069/7069 7070/7070/7070 
f 7068/7068/7068 7070/7070/7070 7071/7071/7071 
f 7069/7069/7069 7068/7068/7068 7072/7072/7072 
f 7073/7073/7073 7069/7069/7069 7074/7074/7074 
f 7069/7069/7069 7073/7073/7073 7075/7075/7075 
f 7069/7069/7069 7075/7075/7075 7070/7070/7070 
f 7069/7069/7069 7072/7072/7072 7074/7074/7074 
f 7071/7071/7071 7070/7070/7070 7076/7076/7076 
f 7070/7070/7070 7075/7075/7075 7077/7077/7077 
f 7070/7070/7070 7077/7077/7077 7076/7076/7076 
f 7071/7071/7071 7076/7076/7076 7078/7078/7078 
f 7078/7078/7078 7076/7076/7076 7079/7079/7079 
f 7076/7076/7076 7077/7077/7077 7080/7080/7080 
f 7076/7076/7076 7080/7080/7080 7079/7079/7079 
f 7078/7078/7078 7079/7079/7079 7081/7081/7081 
f 7081/7081/7081 7079/7079/7079 7082/7082/7082 
f 7079/7079/7079 7080/7080/7080 7083/7083/7083 
f 7079/7079/7079 7083/7083/7083 7082/7082/7082 
f 7081/7081/7081 7082/7082/7082 7084/7084/7084 
f 7073/7073/7073 7074/7074/7074 7085/7085/7085 
f 7086/7086/7086 7072/7072/7072 7087/7087/7087 
f 7088/7088/7088 7086/7086/7086 7089/7089/7089 
f 7086/7086/7086 7087/7087/7087 7089/7089/7089 
f 7088/7088/7088 7089/7089/7089 7090/7090/7090 
f 7091/7091/7091 7092/7092/7092 7093/7093/7093 
f 7091/7091/7091 7093/7093/7093 7094/7094/7094 
f 7095/7095/7095 7096/7096/7096 7097/7097/7097 
f 7095/7095/7095 7097/7097/7097 7098/7098/7098 
f 7099/7099/7099 7100/7100/7100 7101/7101/7101 
f 7099/7099/7099 7101/7101/7101 7102/7102/7102 
f 7103/7103/7103 7104/7104/7104 7105/7105/7105 
f 7103/7103/7103 7105/7105/7105 7106/7106/7106 
f 7107/7107/7107 7108/7108/7108 7109/7109/7109 
f 7107/7107/7107 7109/7109/7109 7110/7110/7110 
f 7111/7111/7111 7112/7112/7112 7110/7110/7110 
f 7113/7113/7113 7111/7111/7111 7110/7110/7110 
f 7114/7114/7114 7113/7113/7113 7110/7110/7110 
f 7115/7115/7115 7114/7114/7114 7110/7110/7110 
f 7116/7116/7116 7115/7115/7115 7110/7110/7110 
f 7117/7117/7117 7118/7118/7118 7119/7119/7119 
f 7117/7117/7117 7119/7119/7119 7120/7120/7120 
f 7121/7121/7121 7122/7122/7122 7119/7119/7119 
f 7122/7122/7122 7123/7123/7123 7119/7119/7119 
f 7123/7123/7123 7124/7124/7124 7119/7119/7119 
f 7124/7124/7124 7125/7125/7125 7119/7119/7119 
f 7125/7125/7125 7126/7126/7126 7119/7119/7119 
f 7127/7127/7127 7128/7128/7128 7129/7129/7129 
f 7127/7127/7127 7129/7129/7129 7130/7130/7130 
f 7131/7131/7131 7132/7132/7132 7133/7133/7133 
f 7131/7131/7131 7133/7133/7133 7134/7134/7134 
f 7135/7135/7135 7131/7131/7131 7134/7134/7134 
f 7132/7132/7132 7136/7136/7136 7137/7137/7137 
f 7132/7132/7132 7137/7137/7137 7133/7133/7133 
f 7136/7136/7136 7138/7138/7138 7139/7139/7139 
f 7136/7136/7136 7139/7139/7139 7137/7137/7137 
f 7138/7138/7138 7140/7140/7140 7141/7141/7141 
f 7138/7138/7138 7141/7141/7141 7139/7139/7139 
f 7135/7135/7135 7134/7134/7134 7142/7142/7142 
f 7143/7143/7143 7144/7144/7144 7145/7145/7145 
f 7143/7143/7143 7145/7145/7145 7146/7146/7146 
f 7147/7147/7147 7148/7148/7148 7149/7149/7149 
f 7147/7147/7147 7149/7149/7149 7150/7150/7150 
f 7151/7151/7151 7152/7152/7152 7153/7153/7153 
f 7151/7151/7151 7153/7153/7153 7154/7154/7154 
f 7152/7152/7152 7155/7155/7155 7156/7156/7156 
f 7152/7152/7152 7156/7156/7156 7153/7153/7153 
f 7157/7157/7157 7158/7158/7158 7159/7159/7159 
f 7157/7157/7157 7159/7159/7159 7160/7160/7160 
f 7161/7161/7161 7162/7162/7162 7163/7163/7163 
f 7164/7164/7164 7165/7165/7165 7166/7166/7166 
f 7167/7167/7167 7168/7168/7168 7169/7169/7169 
f 7170/7170/7170 7171/7171/7171 7172/7172/7172 

g 14

v 367.067 2.32295 201 
v 367 2.32296 200.933 
v 367.046 2.25011 200.894 
v 367.106 2.25007 200.954 
v 368 2.32296 200.933 
v 367.933 2.32295 201 
v 367.894 2.25007 200.954 
v 367.954 2.25025 200.894 
v 367.933 2.32295 201 
v 367.067 2.32295 201 
v 367.106 2.25007 200.954 
v 367.894 2.25007 200.954 
v 367.933 2.32295 200 
v 367.967 2.32295 200.033 
v 367.924 2.25016 200.076 
v 367.894 2.25007 200.046 
v 368 2.32296 200.067 
v 367.954 2.25025 200.106 
v 367 2.32296 200.067 
v 367.033 2.32295 200.033 
v 367.076 2.25009 200.076 
v 367.046 2.25011 200.106 
v 367.033 2.32295 200.033 
v 367.067 2.32295 200 
v 367.106 2.25007 200.046 
v 367.076 2.25009 200.076 
v 367 2.32296 200.933 
v 367.067 2.32295 201 
v 367.067 3.03462 201 
v 367 3.03462 200.933 
v 368 3.03462 200.933 
v 367.933 3.03462 201 
v 367.933 2.32295 201 
v 368 2.32296 200.933 
v 367.037 3.0703 200.933 
v 367 3.03462 200.933 
v 367.067 3.03462 201 
v 367.081 3.0703 200.965 
v 368 2.32295 200.503 
v 368 2.32296 200.933 
v 367.954 2.25025 200.894 
v 367.954 2.25011 200.503 
v 368 2.32296 200.067 
v 368 2.32295 200.503 
v 367.954 2.25011 200.503 
v 367.954 2.25025 200.106 
v 367 2.32296 200.933 
v 367 2.32295 200.503 
v 367.046 2.24997 200.503 
v 367.046 2.25011 200.894 
v 367 2.32295 200.503 
v 367 2.32296 200.067 
v 367.046 2.25011 200.106 
v 367.046 2.24997 200.503 
v 367.919 3.06996 200.965 
v 367.933 3.03462 201 
v 368 3.03462 200.933 
v 367.963 3.06996 200.933 
v 367.933 2.32295 201 
v 367.933 3.03462 201 
v 367.067 3.03462 201 
v 367.067 2.32295 201 
v 367.067 2.32295 200 
v 367.933 2.32295 200 
v 367.894 2.25007 200.046 
v 367.106 2.25007 200.046 
v 367.923 3.28958 200.343 
v 367.957 3.26201 200.354 
v 367.953 3.22399 200.224 
v 367.919 3.24906 200.204 
v 367.926 3.30189 200.467 
v 367.991 3.23667 200.364 
v 367.96 3.27331 200.467 
v 367.986 3.20116 200.244 
v 367.944 3.15308 200.101 
v 367.977 3.13522 200.128 
v 367.911 3.16991 200.074 
v 367.945 3.07775 200.039 
v 367.978 3.07088 200.071 
v 367.912 3.08462 200.006 
v 367.967 3.03462 200.033 
v 368 3.03462 200.067 
v 367.933 3.03462 200 
v 367.995 3.24696 200.468 
v 367.009 3.23667 200.364 
v 367.043 3.26201 200.354 
v 367.047 3.22399 200.224 
v 367.014 3.20116 200.244 
v 367.005 3.24696 200.468 
v 367.077 3.28958 200.343 
v 367.04 3.27331 200.467 
v 367.081 3.24906 200.204 
v 367.056 3.15308 200.101 
v 367.089 3.16991 200.074 
v 367.023 3.13522 200.128 
v 367.055 3.07775 200.039 
v 367.088 3.08462 200.006 
v 367.022 3.07088 200.071 
v 367.033 3.03462 200.033 
v 367.067 3.03462 200 
v 367 3.03462 200.067 
v 367.074 3.30189 200.467 
v 367.033 3.03462 200.033 
v 367.067 3.03462 200 
v 367.067 2.32295 200 
v 367.033 2.32295 200.033 
v 367 3.03462 200.067 
v 367.033 3.03462 200.033 
v 367.033 2.32295 200.033 
v 367 2.32296 200.067 
v 368 2.32296 200.067 
v 367.967 2.32295 200.033 
v 367.967 3.03462 200.033 
v 368 3.03462 200.067 
v 367.933 2.32295 200 
v 367.933 3.03462 200 
v 367.893 2.25008 200.105 
v 367.894 2.25007 200.046 
v 367.924 2.25016 200.076 
v 367.954 2.25025 200.106 
v 367.893 2.25014 200.503 
v 367.893 2.25008 200.105 
v 367.954 2.25025 200.106 
v 367.954 2.25011 200.503 
v 367.046 2.25011 200.894 
v 367.106 2.25007 200.883 
v 367.106 2.25007 200.954 
v 367.106 2.25007 200.104 
v 367.046 2.25011 200.106 
v 367.076 2.25009 200.076 
v 367.106 2.25007 200.046 
v 367.954 2.25011 200.503 
v 367.954 2.25025 200.894 
v 367.892 2.2502 200.893 
v 367.893 2.25014 200.503 
v 367.106 2.25007 200.503 
v 367.106 2.25007 200.104 
v 367.893 2.25008 200.105 
v 367.893 2.25014 200.503 
v 367.893 2.25014 200.503 
v 367.892 2.2502 200.893 
v 367.106 2.25007 200.883 
v 367.106 2.25007 200.503 
v 367.894 2.25007 200.046 
v 367.893 2.25008 200.105 
v 367.106 2.25007 200.104 
v 367.106 2.25007 200.046 
v 367.106 2.25007 200.503 
v 367.106 2.25007 200.883 
v 367.046 2.25011 200.894 
v 367.046 2.24997 200.503 
v 367.046 2.24997 200.503 
v 367.046 2.25011 200.106 
v 367.106 2.25007 200.104 
v 367.106 2.25007 200.503 
v 367.106 2.25007 200.883 
v 367.892 2.2502 200.893 
v 367.894 2.25007 200.954 
v 367.106 2.25007 200.954 
v 367.894 2.25007 200.954 
v 367.892 2.2502 200.893 
v 367.954 2.25025 200.894 
v 367.933 3.03462 201 
v 367.919 3.06996 200.965 
v 367.081 3.0703 200.965 
v 367.067 3.03462 201 
v 367.916 3.27521 200.503 
v 367.963 3.24111 200.503 
v 367.995 3.24696 200.468 
v 367.96 3.27331 200.467 
v 367.04 3.27331 200.467 
v 367.005 3.24696 200.468 
v 367.037 3.24111 200.503 
v 367.087 3.27521 200.503 
v 367.96 3.27331 200.467 
v 367.926 3.30189 200.467 
v 367.916 3.27521 200.503 
v 367.074 3.30189 200.467 
v 367.04 3.27331 200.467 
v 367.087 3.27521 200.503 
v 367.009 3.23667 200.364 
v 367.014 3.20116 200.244 
v 367 3.03462 200.469 
v 367.005 3.24696 200.468 
v 367.023 3.13522 200.128 
v 367.022 3.07088 200.071 
v 367 3.03462 200.067 
v 367.986 3.20116 200.244 
v 367.991 3.23667 200.364 
v 368 3.03462 200.469 
v 367.977 3.13522 200.128 
v 367.995 3.24696 200.468 
v 367.978 3.07088 200.071 
v 368 3.03462 200.067 
v 367 3.03462 200.067 
v 367 2.32296 200.067 
v 367 2.32295 200.503 
v 367 3.03462 200.469 
v 367 2.32296 200.933 
v 367 3.03462 200.933 
v 368 2.32296 200.067 
v 368 3.03462 200.067 
v 368 3.03462 200.469 
v 368 2.32295 200.503 
v 368 3.03462 200.933 
v 368 2.32296 200.933 
v 367 3.03462 200.933 
v 367.037 3.0703 200.933 
v 367.034 3.07028 200.503 
v 367 3.03462 200.469 
v 367.963 3.06996 200.933 
v 368 3.03462 200.933 
v 368 3.03462 200.469 
v 367.966 3.06994 200.503 
v 367.923 3.28958 200.343 
v 367.919 3.24906 200.204 
v 367.081 3.24906 200.204 
v 367.077 3.28958 200.343 
v 367.926 3.30189 200.467 
v 367.911 3.16991 200.074 
v 367.089 3.16991 200.074 
v 367.912 3.08462 200.006 
v 367.088 3.08462 200.006 
v 367.933 3.03462 200 
v 367.067 3.03462 200 
v 367.074 3.30189 200.467 
v 367.916 3.27521 200.503 
v 367.926 3.30189 200.467 
v 367.074 3.30189 200.467 
v 367.087 3.27521 200.503 
v 367.995 3.24696 200.468 
v 367.963 3.24111 200.503 
v 367.966 3.06994 200.503 
v 368 3.03462 200.469 
v 367.037 3.24111 200.503 
v 367.005 3.24696 200.468 
v 367 3.03462 200.469 
v 367.034 3.07028 200.503 
v 367.933 3.03462 200 
v 367.933 2.32295 200 
v 367.067 2.32295 200 
v 367.067 3.03462 200 
v 367.919 3.06996 200.965 
v 367.963 3.06996 200.933 
v 367.037 3.0703 200.933 
v 367.081 3.0703 200.965 
v 367.966 3.06994 200.503 
v 367.034 3.07028 200.503 
v 367.963 3.24111 200.503 
v 367.916 3.27521 200.503 
v 367.087 3.27521 200.503 
v 367.037 3.24111 200.503 
v 367.966 3.06994 200.503 
v 367.034 3.07028 200.503 

vn -0.566929 -0.622047 0.535433 
vn -0.566929 -0.622047 0.535433 
vn -0.566929 -0.629921 0.535433 
vn -0.566929 -0.629921 0.535433 
vn 0.527559 -0.645669 0.551181 
vn 0.527559 -0.645669 0.551181 
vn 0.527559 -0.645669 0.551181 
vn 0.527559 -0.645669 0.551181 
vn -0.015748 -0.527559 0.850394 
vn -0.0393701 -0.527559 0.850394 
vn -0.0393701 -0.535433 0.84252 
vn -0.015748 -0.535433 0.84252 
vn 0.527559 -0.645669 -0.551181 
vn 0.543307 -0.637795 -0.543307 
vn 0.527559 -0.645669 -0.551181 
vn 0.527559 -0.645669 -0.551181 
vn 0.527559 -0.645669 -0.551181 
vn 0.527559 -0.645669 -0.551181 
vn -0.566929 -0.622047 -0.535433 
vn -0.543307 -0.637795 -0.543307 
vn -0.566929 -0.629921 -0.535433 
vn -0.566929 -0.629921 -0.535433 
vn -0.543307 -0.637795 -0.543307 
vn -0.566929 -0.622047 -0.535433 
vn -0.566929 -0.629921 -0.535433 
vn -0.566929 -0.629921 -0.535433 
vn -0.724409 -0.00787402 0.692913 
vn -0.716535 -0.00787402 0.692913 
vn -0.724409 0.015748 0.692913 
vn -0.724409 0.015748 0.692913 
vn 0.692913 0.015748 0.716535 
vn 0.692913 0.015748 0.724409 
vn 0.692913 -0.00787402 0.724409 
vn 0.692913 -0.00787402 0.716535 
vn -0.503937 0.645669 0.566929 
vn -0.527559 0.637795 0.559055 
vn -0.527559 0.637795 0.559055 
vn -0.503937 0.645669 0.566929 
vn 0.84252 -0.543307 0 
vn 0.84252 -0.543307 0.00787402 
vn 0.834646 -0.551181 0.00787402 
vn 0.834646 -0.551181 0 
vn 0.84252 -0.543307 -0.00787402 
vn 0.84252 -0.543307 0 
vn 0.834646 -0.551181 0 
vn 0.834646 -0.551181 -0.00787402 
vn -0.858268 -0.519685 0.00787402 
vn -0.858268 -0.519685 0 
vn -0.850394 -0.519685 0 
vn -0.850394 -0.519685 0.00787402 
vn -0.858268 -0.519685 0 
vn -0.858268 -0.519685 -0.00787402 
vn -0.850394 -0.519685 -0.00787402 
vn -0.850394 -0.519685 0 
vn 0.503937 0.645669 0.566929 
vn 0.480315 0.661417 0.574803 
vn 0.488189 0.661417 0.574803 
vn 0.503937 0.645669 0.566929 
vn -0.015748 -0.00787402 1 
vn -0.015748 0.015748 1 
vn -0.0393701 0.015748 1 
vn -0.0393701 -0.00787402 1 
vn -0.0393701 -0.527559 -0.850394 
vn -0.015748 -0.527559 -0.850394 
vn -0.015748 -0.535433 -0.84252 
vn -0.0393701 -0.535433 -0.84252 
vn 0.708661 0.669291 -0.212598 
vn 0.708661 0.669291 -0.212598 
vn 0.708661 0.566929 -0.417323 
vn 0.708661 0.566929 -0.417323 
vn 0.685039 0.724409 -0.110236 
vn 0.708661 0.669291 -0.212598 
vn 0.708661 0.700787 -0.110236 
vn 0.708661 0.566929 -0.417323 
vn 0.708661 0.417323 -0.566929 
vn 0.708661 0.417323 -0.566929 
vn 0.708661 0.417323 -0.566929 
vn 0.708661 0.259843 -0.661417 
vn 0.708661 0.259843 -0.661417 
vn 0.708661 0.259843 -0.661417 
vn 0.708661 0.102362 -0.700787 
vn 0.692913 0.11811 -0.708661 
vn 0.692913 0.110236 -0.716535 
vn 0.708661 0.700787 -0.110236 
vn -0.708661 0.669291 -0.212598 
vn -0.708661 0.669291 -0.212598 
vn -0.708661 0.566929 -0.417323 
vn -0.708661 0.566929 -0.417323 
vn -0.708661 0.700787 -0.110236 
vn -0.708661 0.669291 -0.212598 
vn -0.708661 0.700787 -0.110236 
vn -0.708661 0.566929 -0.417323 
vn -0.708661 0.417323 -0.566929 
vn -0.708661 0.417323 -0.566929 
vn -0.708661 0.417323 -0.566929 
vn -0.708661 0.259843 -0.661417 
vn -0.708661 0.259843 -0.661417 
vn -0.708661 0.259843 -0.661417 
vn -0.708661 0.102362 -0.700787 
vn -0.716535 0.110236 -0.685039 
vn -0.724409 0.110236 -0.685039 
vn -0.708661 0.700787 -0.102362 
vn -0.708661 0.102362 -0.700787 
vn -0.716535 0.110236 -0.685039 
vn -0.716535 -0.00787402 -0.692913 
vn -0.708661 0 -0.708661 
vn -0.724409 0.110236 -0.685039 
vn -0.708661 0.102362 -0.700787 
vn -0.708661 0 -0.708661 
vn -0.724409 -0.00787402 -0.692913 
vn 0.692913 -0.00787402 -0.716535 
vn 0.708661 0 -0.708661 
vn 0.708661 0.102362 -0.700787 
vn 0.692913 0.11811 -0.708661 
vn 0.692913 -0.00787402 -0.724409 
vn 0.692913 0.110236 -0.716535 
vn -0.015748 -1 -0.00787402 
vn -0.015748 -1 -0.00787402 
vn -0.015748 -1 -0.00787402 
vn -0.015748 -1 -0.00787402 
vn -0.015748 -1 0 
vn -0.015748 -1 -0.00787402 
vn -0.015748 -1 -0.00787402 
vn -0.015748 -1 0 
vn -0.0393701 -1 0.00787402 
vn -0.0393701 -1 0.00787402 
vn -0.0393701 -1 0.00787402 
vn -0.0393701 -1 -0.00787402 
vn -0.0393701 -1 -0.00787402 
vn -0.0393701 -1 -0.00787402 
vn -0.0393701 -1 -0.00787402 
vn -0.015748 -1 0 
vn -0.015748 -1 0.00787402 
vn -0.015748 -1 0.00787402 
vn -0.015748 -1 0 
vn -0.0393701 -1 0 
vn -0.0393701 -1 -0.00787402 
vn -0.015748 -1 -0.00787402 
vn -0.015748 -1 0 
vn -0.015748 -1 0 
vn -0.015748 -1 0.00787402 
vn -0.0393701 -1 0.00787402 
vn -0.0393701 -1 0 
vn -0.015748 -1 -0.00787402 
vn -0.015748 -1 -0.00787402 
vn -0.0393701 -1 -0.00787402 
vn -0.0393701 -1 -0.00787402 
vn -0.0393701 -1 0 
vn -0.0393701 -1 0.00787402 
vn -0.0393701 -1 0.00787402 
vn -0.0393701 -1 0 
vn -0.0393701 -1 0 
vn -0.0393701 -1 -0.00787402 
vn -0.0393701 -1 -0.00787402 
vn -0.0393701 -1 0 
vn -0.0393701 -1 0.00787402 
vn -0.015748 -1 0.00787402 
vn -0.015748 -1 0.00787402 
vn -0.0393701 -1 0.00787402 
vn -0.015748 -1 0.00787402 
vn -0.015748 -1 0.00787402 
vn -0.015748 -1 0.00787402 
vn -0.015748 0.708661 0.708661 
vn 0 0.700787 0.708661 
vn 0 0.700787 0.708661 
vn -0.0393701 0.700787 0.708661 
vn 0.543307 0.551181 0.629921 
vn 0.543307 0.551181 0.629921 
vn 0.543307 0.551181 0.629921 
vn 0.543307 0.551181 0.629921 
vn -0.527559 0.535433 0.653543 
vn -0.527559 0.559055 0.637795 
vn -0.527559 0.559055 0.637795 
vn -0.527559 0.535433 0.653543 
vn 0.543307 0.551181 0.629921 
vn 0.527559 0.582677 0.622047 
vn 0.543307 0.551181 0.629921 
vn -0.551181 0.551181 0.629921 
vn -0.527559 0.535433 0.653543 
vn -0.527559 0.535433 0.653543 
vn -1 0.0393701 -0.00787402 
vn -1 0.0314961 -0.023622 
vn -1 0.0314961 -0.00787402 
vn -1 0.0393701 -0.00787402 
vn -1 0.023622 -0.0314961 
vn -1 0.0708661 -0.015748 
vn -1 0.0787402 -0.00787402 
vn 1 0.0314961 -0.023622 
vn 1 0.0393701 -0.00787402 
vn 1 0.0314961 -0.00787402 
vn 1 0.023622 -0.0314961 
vn 1 0.0393701 -0.00787402 
vn 1 0.0708661 -0.015748 
vn 1 0.0787402 -0.00787402 
vn -1 0.0787402 -0.00787402 
vn -1 -0.00787402 -0.00787402 
vn -1 -0.00787402 0 
vn -1 0.0314961 -0.00787402 
vn -1 -0.00787402 0.00787402 
vn -1 0.015748 0.00787402 
vn 1 -0.00787402 -0.00787402 
vn 1 0.0787402 -0.00787402 
vn 1 0.0314961 -0.00787402 
vn 1 -0.00787402 0 
vn 1 0.015748 0.00787402 
vn 1 -0.00787402 0.00787402 
vn -0.716535 0.692913 0.015748 
vn -0.708661 0.708661 0 
vn -0.708661 0.708661 0 
vn -0.716535 0.692913 0 
vn 0.708661 0.708661 0 
vn 0.692913 0.724409 0.015748 
vn 0.692913 0.724409 0 
vn 0.708661 0.708661 0 
vn 0 0.952756 -0.307087 
vn 0 0.811024 -0.590551 
vn 0 0.811024 -0.590551 
vn 0 0.952756 -0.307087 
vn -0.015748 0.771654 0.637795 
vn 0 0.590551 -0.811024 
vn 0 0.590551 -0.811024 
vn 0 0.307087 -0.952756 
vn 0 0.307087 -0.952756 
vn -0.015748 0.0944882 -0.992126 
vn -0.0393701 0.0944882 -0.992126 
vn -0.0393701 0.771654 0.637795 
vn 0 0.755906 0.653543 
vn -0.015748 0.771654 0.637795 
vn -0.0393701 0.771654 0.637795 
vn 0 0.755906 0.653543 
vn 0.732283 0.023622 0.677165 
vn 0.732283 0.023622 0.677165 
vn 0.732283 0.023622 0.677165 
vn 0.724409 0.0472441 0.685039 
vn -0.732283 0.0314961 0.685039 
vn -0.732283 0.0314961 0.685039 
vn -0.748031 0.0393701 0.661417 
vn -0.732283 0.0314961 0.685039 
vn -0.015748 0.0944882 -0.992126 
vn -0.015748 -0.00787402 -1 
vn -0.0393701 -0.00787402 -1 
vn -0.0393701 0.0944882 -0.992126 
vn 0 1 0 
vn 0 1 0 
vn 0 1 0 
vn 0 1 0 
vn 0 1 0 
vn 0 1 0 
vn 0 0 1 
vn 0 0.755906 0.653543 
vn 0 0.755906 0.653543 
vn 0 0 1 
vn 0 0 1 
vn 0 0 1 

vt 0.498146 0.693789 
vt 0.493566 0.693789 
vt 0.493566 0.686853 
vt 0.498146 0.686853 
vt 0.567951 0.693789 
vt 0.563471 0.693789 
vt 0.563471 0.686853 
vt 0.567951 0.686853 
vt 0.563471 0.693789 
vt 0.498061 0.693789 
vt 0.498061 0.686853 
vt 0.563471 0.686853 
vt 0.637621 0.693789 
vt 0.635467 0.693789 
vt 0.635467 0.686853 
vt 0.637621 0.686853 
vt 0.633313 0.693789 
vt 0.633313 0.686853 
vt 0.427975 0.693789 
vt 0.426029 0.693789 
vt 0.426029 0.686853 
vt 0.427975 0.686853 
vt 0.705406 0.693789 
vt 0.702898 0.693789 
vt 0.702898 0.686853 
vt 0.705406 0.686853 
vt 0.493566 0.693789 
vt 0.498146 0.693789 
vt 0.498146 0.771589 
vt 0.493566 0.771589 
vt 0.567951 0.771589 
vt 0.563471 0.771589 
vt 0.563471 0.693789 
vt 0.567951 0.693789 
vt 0.427539 0.628707 
vt 0.425919 0.623498 
vt 0.428392 0.623498 
vt 0.429429 0.626431 
vt 0.600452 0.693789 
vt 0.567951 0.693789 
vt 0.567951 0.686853 
vt 0.600452 0.686853 
vt 0.633313 0.693789 
vt 0.600452 0.693789 
vt 0.600452 0.686853 
vt 0.633313 0.686853 
vt 0.493566 0.693789 
vt 0.457871 0.693789 
vt 0.457871 0.686853 
vt 0.493566 0.686853 
vt 0.457871 0.693789 
vt 0.427975 0.693789 
vt 0.427975 0.686853 
vt 0.457871 0.686853 
vt 0.45679 0.626428 
vt 0.457543 0.623498 
vt 0.460367 0.623498 
vt 0.458671 0.628707 
vt 0.563471 0.693789 
vt 0.563471 0.771589 
vt 0.498061 0.771589 
vt 0.498061 0.693789 
vt 0.702898 0.693789 
vt 0.637621 0.693789 
vt 0.637621 0.686853 
vt 0.702898 0.686853 
vt 0.614109 0.759008 
vt 0.613199 0.760539 
vt 0.622788 0.761239 
vt 0.62372 0.759848 
vt 0.606403 0.759028 
vt 0.611932 0.762594 
vt 0.606059 0.760685 
vt 0.621696 0.76257 
vt 0.631356 0.763373 
vt 0.629744 0.764883 
vt 0.632568 0.762283 
vt 0.635091 0.767133 
vt 0.633089 0.767681 
vt 0.637146 0.766278 
vt 0.635467 0.771005 
vt 0.633313 0.771005 
vt 0.637621 0.771005 
vt 0.605574 0.7628 
vt 0.449998 0.762649 
vt 0.448741 0.761101 
vt 0.44143 0.762355 
vt 0.442889 0.763689 
vt 0.456212 0.763616 
vt 0.447225 0.759497 
vt 0.456212 0.761679 
vt 0.439713 0.760965 
vt 0.43512 0.764295 
vt 0.43295 0.763235 
vt 0.437806 0.765635 
vt 0.431621 0.767195 
vt 0.428882 0.766151 
vt 0.434359 0.767678 
vt 0.429117 0.771002 
vt 0.426029 0.771005 
vt 0.431945 0.771002 
vt 0.456212 0.75963 
vt 0.705406 0.771589 
vt 0.702898 0.771589 
vt 0.702898 0.693789 
vt 0.705406 0.693789 
vt 0.427975 0.771589 
vt 0.426029 0.771589 
vt 0.426029 0.693789 
vt 0.427975 0.693789 
vt 0.633313 0.693789 
vt 0.635467 0.693789 
vt 0.635467 0.771589 
vt 0.633313 0.771589 
vt 0.637621 0.693789 
vt 0.637621 0.771589 
vt 0.497557 0.627264 
vt 0.497557 0.62346 
vt 0.498714 0.625416 
vt 0.499872 0.627372 
vt 0.497557 0.651438 
vt 0.497557 0.627264 
vt 0.499872 0.627372 
vt 0.499872 0.65123 
vt 0.465393 0.675153 
vt 0.467638 0.675153 
vt 0.467638 0.679124 
vt 0.467638 0.627256 
vt 0.465393 0.627372 
vt 0.466516 0.625416 
vt 0.467638 0.62346 
vt 0.499872 0.65123 
vt 0.499872 0.675153 
vt 0.497557 0.675153 
vt 0.497557 0.651438 
vt 0.467638 0.651739 
vt 0.467638 0.627256 
vt 0.497557 0.627264 
vt 0.497557 0.651438 
vt 0.497557 0.651438 
vt 0.497557 0.675153 
vt 0.467638 0.675153 
vt 0.467638 0.651739 
vt 0.497557 0.62346 
vt 0.497557 0.627264 
vt 0.467638 0.627256 
vt 0.467638 0.62346 
vt 0.467638 0.651739 
vt 0.467638 0.675153 
vt 0.465393 0.675153 
vt 0.465393 0.65123 
vt 0.465393 0.65123 
vt 0.465393 0.627372 
vt 0.467638 0.627256 
vt 0.467638 0.651739 
vt 0.467638 0.675153 
vt 0.497557 0.675153 
vt 0.497557 0.679124 
vt 0.467638 0.679124 
vt 0.497557 0.679124 
vt 0.497557 0.675153 
vt 0.499872 0.675153 
vt 0.457543 0.623498 
vt 0.456767 0.626431 
vt 0.429429 0.626431 
vt 0.428392 0.623498 
vt 0.456906 0.67789 
vt 0.458671 0.675143 
vt 0.460626 0.677231 
vt 0.460648 0.678293 
vt 0.425919 0.678129 
vt 0.425919 0.676903 
vt 0.427534 0.675139 
vt 0.429575 0.67789 
vt 0.635467 0.769201 
vt 0.635467 0.771589 
vt 0.643339 0.769201 
vt 0.705406 0.771589 
vt 0.705406 0.7692 
vt 0.697623 0.769201 
vt 0.449998 0.762649 
vt 0.442889 0.763689 
vt 0.456517 0.771005 
vt 0.456212 0.763616 
vt 0.437806 0.765635 
vt 0.434359 0.767678 
vt 0.431945 0.771002 
vt 0.621696 0.76257 
vt 0.611932 0.762594 
vt 0.604135 0.771005 
vt 0.629744 0.764883 
vt 0.605574 0.7628 
vt 0.633089 0.767681 
vt 0.633313 0.771005 
vt 0.427975 0.771589 
vt 0.427975 0.693789 
vt 0.457871 0.693789 
vt 0.456517 0.771589 
vt 0.493566 0.693789 
vt 0.493566 0.771589 
vt 0.633313 0.693789 
vt 0.633313 0.771589 
vt 0.604135 0.771589 
vt 0.600452 0.693789 
vt 0.567951 0.771589 
vt 0.567951 0.693789 
vt 0.425919 0.623498 
vt 0.427539 0.628707 
vt 0.427554 0.65081 
vt 0.425919 0.65081 
vt 0.458671 0.628707 
vt 0.460367 0.623498 
vt 0.460335 0.65081 
vt 0.458755 0.65081 
vt 0.635467 0.759894 
vt 0.635467 0.761663 
vt 0.705408 0.761704 
vt 0.705408 0.759935 
vt 0.635467 0.759009 
vt 0.635467 0.764137 
vt 0.705408 0.764178 
vt 0.635467 0.767582 
vt 0.705408 0.767571 
vt 0.635467 0.771628 
vt 0.705406 0.771628 
vt 0.705406 0.759009 
vt 0.643339 0.769201 
vt 0.635467 0.771589 
vt 0.705406 0.771589 
vt 0.697623 0.769201 
vt 0.460626 0.677231 
vt 0.458671 0.675143 
vt 0.458755 0.65081 
vt 0.460335 0.65081 
vt 0.427534 0.675139 
vt 0.425919 0.676903 
vt 0.425919 0.65081 
vt 0.427554 0.65081 
vt 0.637621 0.771588 
vt 0.637621 0.693789 
vt 0.702898 0.693789 
vt 0.702898 0.771588 
vt 0.45679 0.626428 
vt 0.458671 0.628707 
vt 0.427539 0.628707 
vt 0.429324 0.626428 
vt 0.458671 0.65081 
vt 0.427554 0.65081 
vt 0.458671 0.675143 
vt 0.456906 0.67789 
vt 0.429575 0.67789 
vt 0.427539 0.675143 
vt 0.458671 0.65081 
vt 0.427554 0.65081 

usemtl 1Mtl

f 7173/7173/7173 7174/7174/7174 7175/7175/7175 
f 7173/7173/7173 7175/7175/7175 7176/7176/7176 
f 7177/7177/7177 7178/7178/7178 7179/7179/7179 
f 7177/7177/7177 7179/7179/7179 7180/7180/7180 
f 7181/7181/7181 7182/7182/7182 7183/7183/7183 
f 7181/7181/7181 7183/7183/7183 7184/7184/7184 
f 7185/7185/7185 7186/7186/7186 7187/7187/7187 
f 7185/7185/7185 7187/7187/7187 7188/7188/7188 
f 7186/7186/7186 7189/7189/7189 7190/7190/7190 
f 7186/7186/7186 7190/7190/7190 7187/7187/7187 
f 7191/7191/7191 7192/7192/7192 7193/7193/7193 
f 7191/7191/7191 7193/7193/7193 7194/7194/7194 
f 7195/7195/7195 7196/7196/7196 7197/7197/7197 
f 7195/7195/7195 7197/7197/7197 7198/7198/7198 
f 7199/7199/7199 7200/7200/7200 7201/7201/7201 
f 7199/7199/7199 7201/7201/7201 7202/7202/7202 
f 7203/7203/7203 7204/7204/7204 7205/7205/7205 
f 7203/7203/7203 7205/7205/7205 7206/7206/7206 
f 7207/7207/7207 7208/7208/7208 7209/7209/7209 
f 7207/7207/7207 7209/7209/7209 7210/7210/7210 
f 7211/7211/7211 7212/7212/7212 7213/7213/7213 
f 7211/7211/7211 7213/7213/7213 7214/7214/7214 
f 7215/7215/7215 7216/7216/7216 7217/7217/7217 
f 7215/7215/7215 7217/7217/7217 7218/7218/7218 
f 7219/7219/7219 7220/7220/7220 7221/7221/7221 
f 7219/7219/7219 7221/7221/7221 7222/7222/7222 
f 7223/7223/7223 7224/7224/7224 7225/7225/7225 
f 7223/7223/7223 7225/7225/7225 7226/7226/7226 
f 7227/7227/7227 7228/7228/7228 7229/7229/7229 
f 7227/7227/7227 7229/7229/7229 7230/7230/7230 
f 7231/7231/7231 7232/7232/7232 7233/7233/7233 
f 7231/7231/7231 7233/7233/7233 7234/7234/7234 
f 7235/7235/7235 7236/7236/7236 7237/7237/7237 
f 7235/7235/7235 7237/7237/7237 7238/7238/7238 
f 7239/7239/7239 7240/7240/7240 7241/7241/7241 
f 7239/7239/7239 7241/7241/7241 7242/7242/7242 
f 7240/7240/7240 7239/7239/7239 7243/7243/7243 
f 7244/7244/7244 7240/7240/7240 7245/7245/7245 
f 7240/7240/7240 7244/7244/7244 7246/7246/7246 
f 7240/7240/7240 7246/7246/7246 7241/7241/7241 
f 7240/7240/7240 7243/7243/7243 7245/7245/7245 
f 7242/7242/7242 7241/7241/7241 7247/7247/7247 
f 7241/7241/7241 7246/7246/7246 7248/7248/7248 
f 7241/7241/7241 7248/7248/7248 7247/7247/7247 
f 7242/7242/7242 7247/7247/7247 7249/7249/7249 
f 7249/7249/7249 7247/7247/7247 7250/7250/7250 
f 7247/7247/7247 7248/7248/7248 7251/7251/7251 
f 7247/7247/7247 7251/7251/7251 7250/7250/7250 
f 7249/7249/7249 7250/7250/7250 7252/7252/7252 
f 7252/7252/7252 7250/7250/7250 7253/7253/7253 
f 7250/7250/7250 7251/7251/7251 7254/7254/7254 
f 7250/7250/7250 7254/7254/7254 7253/7253/7253 
f 7252/7252/7252 7253/7253/7253 7255/7255/7255 
f 7244/7244/7244 7245/7245/7245 7256/7256/7256 
f 7257/7257/7257 7258/7258/7258 7259/7259/7259 
f 7257/7257/7257 7259/7259/7259 7260/7260/7260 
f 7258/7258/7258 7257/7257/7257 7261/7261/7261 
f 7262/7262/7262 7258/7258/7258 7263/7263/7263 
f 7258/7258/7258 7262/7262/7262 7264/7264/7264 
f 7258/7258/7258 7264/7264/7264 7259/7259/7259 
f 7258/7258/7258 7261/7261/7261 7263/7263/7263 
f 7260/7260/7260 7259/7259/7259 7265/7265/7265 
f 7259/7259/7259 7264/7264/7264 7266/7266/7266 
f 7259/7259/7259 7266/7266/7266 7265/7265/7265 
f 7260/7260/7260 7265/7265/7265 7267/7267/7267 
f 7267/7267/7267 7265/7265/7265 7268/7268/7268 
f 7265/7265/7265 7266/7266/7266 7269/7269/7269 
f 7265/7265/7265 7269/7269/7269 7268/7268/7268 
f 7267/7267/7267 7268/7268/7268 7270/7270/7270 
f 7270/7270/7270 7268/7268/7268 7271/7271/7271 
f 7268/7268/7268 7269/7269/7269 7272/7272/7272 
f 7268/7268/7268 7272/7272/7272 7271/7271/7271 
f 7270/7270/7270 7271/7271/7271 7273/7273/7273 
f 7262/7262/7262 7263/7263/7263 7274/7274/7274 
f 7275/7275/7275 7276/7276/7276 7277/7277/7277 
f 7275/7275/7275 7277/7277/7277 7278/7278/7278 
f 7279/7279/7279 7280/7280/7280 7281/7281/7281 
f 7279/7279/7279 7281/7281/7281 7282/7282/7282 
f 7283/7283/7283 7284/7284/7284 7285/7285/7285 
f 7283/7283/7283 7285/7285/7285 7286/7286/7286 
f 7284/7284/7284 7287/7287/7287 7288/7288/7288 
f 7284/7284/7284 7288/7288/7288 7285/7285/7285 
f 7289/7289/7289 7290/7290/7290 7291/7291/7291 
f 7291/7291/7291 7292/7292/7292 7289/7289/7289 
f 7293/7293/7293 7294/7294/7294 7295/7295/7295 
f 7293/7293/7293 7295/7295/7295 7296/7296/7296 
f 7297/7297/7297 7298/7298/7298 7299/7299/7299 
f 7300/7300/7300 7301/7301/7301 7302/7302/7302 
f 7302/7302/7302 7303/7303/7303 7300/7300/7300 
f 7304/7304/7304 7305/7305/7305 7306/7306/7306 
f 7304/7304/7304 7306/7306/7306 7307/7307/7307 
f 7308/7308/7308 7309/7309/7309 7310/7310/7310 
f 7308/7308/7308 7310/7310/7310 7311/7311/7311 
f 7312/7312/7312 7313/7313/7313 7314/7314/7314 
f 7312/7312/7312 7314/7314/7314 7315/7315/7315 
f 7316/7316/7316 7317/7317/7317 7318/7318/7318 
f 7316/7316/7316 7318/7318/7318 7319/7319/7319 
f 7320/7320/7320 7321/7321/7321 7322/7322/7322 
f 7320/7320/7320 7322/7322/7322 7323/7323/7323 
f 7324/7324/7324 7325/7325/7325 7326/7326/7326 
f 7324/7324/7324 7326/7326/7326 7327/7327/7327 
f 7328/7328/7328 7329/7329/7329 7330/7330/7330 
f 7328/7328/7328 7330/7330/7330 7331/7331/7331 
f 7332/7332/7332 7333/7333/7333 7334/7334/7334 
f 7335/7335/7335 7336/7336/7336 7337/7337/7337 
f 7335/7335/7335 7337/7337/7337 7338/7338/7338 
f 7339/7339/7339 7340/7340/7340 7341/7341/7341 
f 7339/7339/7339 7341/7341/7341 7342/7342/7342 
f 7343/7343/7343 7344/7344/7344 7345/7345/7345 
f 7343/7343/7343 7345/7345/7345 7346/7346/7346 
f 7347/7347/7347 7348/7348/7348 7349/7349/7349 
f 7350/7350/7350 7351/7351/7351 7352/7352/7352 
f 7353/7353/7353 7354/7354/7354 7355/7355/7355 
f 7356/7356/7356 7353/7353/7353 7355/7355/7355 
f 7354/7354/7354 7357/7357/7357 7355/7355/7355 
f 7357/7357/7357 7358/7358/7358 7355/7355/7355 
f 7358/7358/7358 7359/7359/7359 7355/7355/7355 
f 7360/7360/7360 7361/7361/7361 7362/7362/7362 
f 7363/7363/7363 7360/7360/7360 7362/7362/7362 
f 7361/7361/7361 7364/7364/7364 7362/7362/7362 
f 7365/7365/7365 7363/7363/7363 7362/7362/7362 
f 7366/7366/7366 7365/7365/7365 7362/7362/7362 
f 7367/7367/7367 7368/7368/7368 7369/7369/7369 
f 7367/7367/7367 7369/7369/7369 7370/7370/7370 
f 7371/7371/7371 7370/7370/7370 7369/7369/7369 
f 7371/7371/7371 7372/7372/7372 7370/7370/7370 
f 7373/7373/7373 7374/7374/7374 7375/7375/7375 
f 7373/7373/7373 7375/7375/7375 7376/7376/7376 
f 7377/7377/7377 7376/7376/7376 7375/7375/7375 
f 7377/7377/7377 7378/7378/7378 7376/7376/7376 
f 7379/7379/7379 7380/7380/7380 7381/7381/7381 
f 7379/7379/7379 7381/7381/7381 7382/7382/7382 
f 7383/7383/7383 7384/7384/7384 7385/7385/7385 
f 7383/7383/7383 7385/7385/7385 7386/7386/7386 
f 7387/7387/7387 7388/7388/7388 7389/7389/7389 
f 7387/7387/7387 7389/7389/7389 7390/7390/7390 
f 7391/7391/7391 7387/7387/7387 7390/7390/7390 
f 7388/7388/7388 7392/7392/7392 7393/7393/7393 
f 7388/7388/7388 7393/7393/7393 7389/7389/7389 
f 7392/7392/7392 7394/7394/7394 7395/7395/7395 
f 7392/7392/7392 7395/7395/7395 7393/7393/7393 
f 7394/7394/7394 7396/7396/7396 7397/7397/7397 
f 7394/7394/7394 7397/7397/7397 7395/7395/7395 
f 7391/7391/7391 7390/7390/7390 7398/7398/7398 
f 7399/7399/7399 7400/7400/7400 7401/7401/7401 
f 7399/7399/7399 7401/7401/7401 7402/7402/7402 
f 7403/7403/7403 7404/7404/7404 7405/7405/7405 
f 7403/7403/7403 7405/7405/7405 7406/7406/7406 
f 7407/7407/7407 7408/7408/7408 7409/7409/7409 
f 7407/7407/7407 7409/7409/7409 7410/7410/7410 
f 7411/7411/7411 7412/7412/7412 7413/7413/7413 
f 7411/7411/7411 7413/7413/7413 7414/7414/7414 
f 7415/7415/7415 7416/7416/7416 7417/7417/7417 
f 7415/7415/7415 7417/7417/7417 7418/7418/7418 
f 7416/7416/7416 7419/7419/7419 7417/7417/7417 
f 7417/7417/7417 7419/7419/7419 7420/7420/7420 
f 7421/7421/7421 7422/7422/7422 7423/7423/7423 
f 7421/7421/7421 7423/7423/7423 7424/7424/7424 
f 7425/7425/7425 7421/7421/7421 7424/7424/7424 
f 7425/7425/7425 7424/7424/7424 7426/7426/7426 

g 15

v 367.93 2.04087 201 
v 368 2.04087 200.935 
v 368 2.23716 200.935 
v 367.93 2.23716 201 
v 367.066 2.23716 201 
v 367 2.23716 200.935 
v 367 2.04087 200.935 
v 367.066 2.04087 201 
v 367.033 2.04087 200.031 
v 367 2.04087 200.063 
v 367 2.23716 200.063 
v 367.033 2.23716 200.031 
v 367.066 2.04087 200 
v 367.033 2.04087 200.031 
v 367.033 2.23716 200.031 
v 367.066 2.23716 200 
v 367.965 2.23716 200.031 
v 368 2.23716 200.063 
v 368 2.04087 200.063 
v 367.965 2.04087 200.031 
v 367.965 2.04087 200.031 
v 367.93 2.04087 200 
v 367.93 2.23716 200 
v 367.965 2.23716 200.031 
v 367.066 2.23716 201 
v 367.066 2.04087 201 
v 367.93 2.04087 201 
v 367.93 2.23716 201 
v 367 2.04087 200.935 
v 367.066 1.99994 200.935 
v 367.066 2.04087 201 
v 367.93 2.04087 201 
v 367.93 2 200.935 
v 368 2.04087 200.935 
v 367.066 2.23716 201 
v 367.066 2.27819 200.935 
v 367 2.23716 200.935 
v 368 2.23716 200.935 
v 367.93 2.27819 200.935 
v 367.93 2.23716 201 
v 368 2.23716 200.063 
v 368 2.23716 200.935 
v 368 2.04087 200.935 
v 368 2.04087 200.063 
v 367.033 2.04087 200.031 
v 367.066 2.04087 200 
v 367.066 1.99994 200.063 
v 367.066 1.99994 200.063 
v 367 2.04087 200.063 
v 367.033 2.04087 200.031 
v 367 2.23716 200.935 
v 367 2.23716 200.063 
v 367 2.04087 200.063 
v 367 2.04087 200.935 
v 367.93 2 200.063 
v 367.93 2.04087 200 
v 367.965 2.04087 200.031 
v 367.965 2.04087 200.031 
v 368 2.04087 200.063 
v 367.93 2 200.063 
v 367.033 2.23716 200.031 
v 367 2.23716 200.063 
v 367.066 2.27819 200.063 
v 367.066 2.27819 200.063 
v 367.066 2.23716 200 
v 367.033 2.23716 200.031 
v 367.93 2.27819 200.063 
v 368 2.23716 200.063 
v 367.965 2.23716 200.031 
v 367.93 2.23716 200 
v 367.93 2.27819 200.063 
v 367.965 2.23716 200.031 
v 367.066 2.04087 200 
v 367.066 2.23716 200 
v 367.93 2.23716 200 
v 367.93 2.04087 200 
v 367.066 2.04087 201 
v 367.066 1.99994 200.935 
v 367.93 2 200.935 
v 367.93 2.04087 201 
v 367 2.04087 200.063 
v 367.066 1.99994 200.063 
v 367.066 1.99994 200.935 
v 367 2.04087 200.935 
v 367.93 2.23716 201 
v 367.93 2.27819 200.935 
v 367.066 2.27819 200.935 
v 367.066 2.23716 201 
v 368 2.04087 200.935 
v 367.93 2 200.935 
v 367.93 2 200.063 
v 368 2.04087 200.063 
v 367.93 2.04087 200 
v 367.93 2 200.063 
v 367.066 1.99994 200.063 
v 367.066 2.04087 200 
v 367.066 2.27819 200.935 
v 367.066 2.27819 200.063 
v 367 2.23716 200.063 
v 367 2.23716 200.935 
v 368 2.23716 200.063 
v 367.93 2.27819 200.063 
v 367.93 2.27819 200.935 
v 368 2.23716 200.935 
v 367.066 2.23716 200 
v 367.066 2.27819 200.063 
v 367.93 2.27819 200.063 
v 367.93 2.23716 200 
v 367.496 1.99994 200.5 
v 367.93 2 200.935 
v 367.066 1.99994 200.935 
v 367.066 1.99994 200.935 
v 367.066 1.99994 200.063 
v 367.496 1.99994 200.5 
v 367.93 2 200.935 
v 367.496 1.99994 200.5 
v 367.93 2 200.063 
v 367.93 2 200.063 
v 367.496 1.99994 200.5 
v 367.066 1.99994 200.063 
v 367.93 2.27819 200.935 
v 367.775 2.29997 200.779 
v 367.218 2.29997 200.779 
v 367.066 2.27819 200.935 
v 367.93 2.27819 200.063 
v 367.775 2.29997 200.222 
v 367.496 2.29972 200.501 
v 367.218 2.29997 200.222 
v 367.066 2.27819 200.063 

vn 0.677165 0.0866142 0.732283 
vn 0.677165 0.0866142 0.732283 
vn 0.677165 0.0866142 0.732283 
vn 0.677165 0.0866142 0.732283 
vn -0.692913 0.0866142 0.716535 
vn -0.692913 0.0866142 0.716535 
vn -0.692913 0.0866142 0.716535 
vn -0.692913 0.0866142 0.716535 
vn -0.692913 0 -0.724409 
vn -0.685039 0.0866142 -0.724409 
vn -0.685039 0.0866142 -0.724409 
vn -0.692913 0 -0.724409 
vn -0.685039 0.0866142 -0.724409 
vn -0.692913 0 -0.724409 
vn -0.692913 0 -0.724409 
vn -0.685039 0.0866142 -0.724409 
vn 0.669291 0 -0.740157 
vn 0.661417 0.0866142 -0.748031 
vn 0.661417 0.0866142 -0.748031 
vn 0.669291 0 -0.740157 
vn 0.669291 0 -0.740157 
vn 0.661417 0.0866142 -0.748031 
vn 0.661417 0.0866142 -0.748031 
vn 0.669291 0 -0.740157 
vn 0 0.0866142 1 
vn 0 0.0866142 1 
vn 0 0.0866142 1 
vn 0 0.0866142 1 
vn -0.496063 -0.700787 0.511811 
vn -0.496063 -0.700787 0.511811 
vn -0.496063 -0.700787 0.511811 
vn 0.472441 -0.716535 0.519685 
vn 0.472441 -0.716535 0.519685 
vn 0.472441 -0.716535 0.519685 
vn -0.433071 0.779528 0.456693 
vn -0.464567 0.748031 0.472441 
vn -0.433071 0.779528 0.448819 
vn 0.417323 0.787402 0.456693 
vn 0.448819 0.755906 0.472441 
vn 0.417323 0.787402 0.456693 
vn 1 0.0866142 -0.015748 
vn 1 0.0866142 0.015748 
vn 1 0.0866142 0.015748 
vn 1 0.0866142 -0.015748 
vn -0.464567 -0.740157 -0.480315 
vn -0.488189 -0.692913 -0.527559 
vn -0.488189 -0.692913 -0.527559 
vn -0.488189 -0.692913 -0.527559 
vn -0.488189 -0.692913 -0.527559 
vn -0.464567 -0.740157 -0.480315 
vn -1 0.0866142 0.015748 
vn -1 0.0866142 -0.015748 
vn -1 0.0866142 -0.015748 
vn -1 0.0866142 0.015748 
vn 0.464567 -0.708661 -0.527559 
vn 0.464567 -0.708661 -0.535433 
vn 0.440945 -0.755906 -0.488189 
vn 0.440945 -0.755906 -0.488189 
vn 0.464567 -0.708661 -0.527559 
vn 0.464567 -0.708661 -0.527559 
vn -0.464567 0.740157 -0.480315 
vn -0.433071 0.771654 -0.464567 
vn -0.464567 0.740157 -0.480315 
vn -0.464567 0.740157 -0.480315 
vn -0.433071 0.771654 -0.464567 
vn -0.464567 0.740157 -0.480315 
vn 0.440945 0.748031 -0.488189 
vn 0.409449 0.779528 -0.472441 
vn 0.440945 0.748031 -0.488189 
vn 0.409449 0.779528 -0.472441 
vn 0.440945 0.748031 -0.488189 
vn 0.440945 0.748031 -0.488189 
vn 0 0.0866142 -1 
vn 0 0.0866142 -1 
vn 0 0.0866142 -1 
vn 0 0.0866142 -1 
vn 0 -0.811024 0.582677 
vn 0 -0.811024 0.582677 
vn 0 -0.811024 0.582677 
vn 0 -0.811024 0.582677 
vn -0.566929 -0.818898 -0.015748 
vn -0.566929 -0.818898 -0.015748 
vn -0.566929 -0.818898 0.015748 
vn -0.566929 -0.818898 0.015748 
vn 0 0.866142 0.503937 
vn 0 0.850394 0.535433 
vn 0 0.850394 0.535433 
vn 0 0.866142 0.503937 
vn 0.543307 -0.834646 0.015748 
vn 0.543307 -0.834646 0.015748 
vn 0.543307 -0.834646 -0.015748 
vn 0.543307 -0.834646 -0.015748 
vn 0 -0.80315 -0.598425 
vn 0 -0.80315 -0.590551 
vn 0 -0.80315 -0.590551 
vn 0 -0.80315 -0.598425 
vn -0.527559 0.850394 0 
vn -0.527559 0.850394 0 
vn -0.496063 0.866142 -0.00787402 
vn -0.496063 0.866142 0.00787402 
vn 0.472441 0.88189 -0.00787402 
vn 0.511811 0.858268 0 
vn 0.511811 0.858268 0 
vn 0.472441 0.88189 0.00787402 
vn 0 0.850394 -0.519685 
vn 0 0.834646 -0.543307 
vn 0 0.834646 -0.543307 
vn 0 0.850394 -0.519685 
vn 0 -1 0 
vn 0 -1 0.015748 
vn 0 -1 0.015748 
vn 0 -1 0.015748 
vn 0 -1 -0.015748 
vn 0 -1 0 
vn 0 -1 0.015748 
vn 0 -1 0 
vn 0 -1 -0.015748 
vn 0 -1 -0.015748 
vn 0 -1 0 
vn 0 -1 -0.015748 
vn 0 0.984252 0.173228 
vn 0 0.984252 0.165354 
vn 0 0.984252 0.165354 
vn 0 0.984252 0.173228 
vn 0.173228 0.984252 0 
vn 0.15748 0.984252 -0.00787402 
vn 0 1 0 
vn 0 0.984252 -0.15748 
vn 0 0.984252 -0.165354 

vt 0.563287 0.59099 
vt 0.567636 0.59099 
vt 0.567636 0.612907 
vt 0.563287 0.612907 
vt 0.497751 0.612907 
vt 0.493527 0.612907 
vt 0.493527 0.59099 
vt 0.497751 0.59099 
vt 0.425853 0.590976 
vt 0.427853 0.590976 
vt 0.427853 0.613007 
vt 0.425853 0.613007 
vt 0.493576 0.556177 
vt 0.495527 0.556177 
vt 0.495527 0.577771 
vt 0.493576 0.577771 
vt 0.635305 0.613058 
vt 0.633312 0.613007 
vt 0.633312 0.591251 
vt 0.635305 0.591382 
vt 0.425886 0.556177 
vt 0.427849 0.556177 
vt 0.427849 0.577771 
vt 0.425886 0.577771 
vt 0.497751 0.612907 
vt 0.497751 0.59099 
vt 0.563287 0.59099 
vt 0.563287 0.612907 
vt 0.493527 0.59099 
vt 0.495578 0.588381 
vt 0.497751 0.59099 
vt 0.563287 0.59099 
vt 0.565499 0.588381 
vt 0.567636 0.59099 
vt 0.497751 0.612907 
vt 0.495578 0.616156 
vt 0.493527 0.612907 
vt 0.567636 0.612907 
vt 0.565499 0.616156 
vt 0.563287 0.612907 
vt 0.633312 0.613007 
vt 0.567636 0.612907 
vt 0.567636 0.59099 
vt 0.633312 0.591251 
vt 0.495527 0.556177 
vt 0.493576 0.556177 
vt 0.495527 0.553097 
vt 0.425853 0.588433 
vt 0.427853 0.590976 
vt 0.425853 0.590976 
vt 0.493527 0.612907 
vt 0.427853 0.613007 
vt 0.427853 0.590976 
vt 0.493527 0.59099 
vt 0.425886 0.553097 
vt 0.427849 0.556177 
vt 0.425886 0.556177 
vt 0.635305 0.591382 
vt 0.633312 0.591251 
vt 0.635305 0.588407 
vt 0.425853 0.613007 
vt 0.427853 0.613007 
vt 0.425853 0.616258 
vt 0.495527 0.580972 
vt 0.493576 0.577771 
vt 0.495527 0.577771 
vt 0.635305 0.616258 
vt 0.633312 0.613007 
vt 0.635305 0.613058 
vt 0.427849 0.577771 
vt 0.425886 0.580972 
vt 0.425886 0.577771 
vt 0.493576 0.556177 
vt 0.493576 0.577771 
vt 0.427849 0.577771 
vt 0.427849 0.556177 
vt 0.497751 0.59099 
vt 0.495578 0.588381 
vt 0.565499 0.588381 
vt 0.563287 0.59099 
vt 0.427853 0.590976 
vt 0.425853 0.588381 
vt 0.495578 0.588381 
vt 0.493527 0.59099 
vt 0.563287 0.612907 
vt 0.565499 0.616156 
vt 0.495578 0.616156 
vt 0.497751 0.612907 
vt 0.567636 0.59099 
vt 0.565499 0.588381 
vt 0.635305 0.588407 
vt 0.633312 0.591251 
vt 0.427849 0.556177 
vt 0.425886 0.553097 
vt 0.495527 0.553097 
vt 0.493576 0.556177 
vt 0.495578 0.616156 
vt 0.425853 0.616258 
vt 0.427853 0.613007 
vt 0.493527 0.612907 
vt 0.633312 0.613007 
vt 0.635305 0.616258 
vt 0.565499 0.616156 
vt 0.567636 0.612907 
vt 0.493576 0.577771 
vt 0.495527 0.580972 
vt 0.425886 0.580972 
vt 0.427849 0.577771 
vt 0.674374 0.560034 
vt 0.709502 0.616046 
vt 0.639817 0.616047 
vt 0.639817 0.616047 
vt 0.639816 0.503704 
vt 0.674374 0.560034 
vt 0.709502 0.616046 
vt 0.674374 0.560034 
vt 0.709502 0.503702 
vt 0.709502 0.503702 
vt 0.674374 0.560034 
vt 0.639816 0.503704 
vt 0.635245 0.524936 
vt 0.629421 0.534715 
vt 0.60634 0.534715 
vt 0.600591 0.524936 
vt 0.635243 0.580685 
vt 0.629421 0.570717 
vt 0.617538 0.552601 
vt 0.60634 0.570717 
vt 0.600581 0.580685 

usemtl 1Mtl

f 7427/7427/7427 7428/7428/7428 7429/7429/7429 
f 7427/7427/7427 7429/7429/7429 7430/7430/7430 
f 7431/7431/7431 7432/7432/7432 7433/7433/7433 
f 7431/7431/7431 7433/7433/7433 7434/7434/7434 
f 7435/7435/7435 7436/7436/7436 7437/7437/7437 
f 7435/7435/7435 7437/7437/7437 7438/7438/7438 
f 7439/7439/7439 7440/7440/7440 7441/7441/7441 
f 7439/7439/7439 7441/7441/7441 7442/7442/7442 
f 7443/7443/7443 7444/7444/7444 7445/7445/7445 
f 7443/7443/7443 7445/7445/7445 7446/7446/7446 
f 7447/7447/7447 7448/7448/7448 7449/7449/7449 
f 7447/7447/7447 7449/7449/7449 7450/7450/7450 
f 7451/7451/7451 7452/7452/7452 7453/7453/7453 
f 7451/7451/7451 7453/7453/7453 7454/7454/7454 
f 7455/7455/7455 7456/7456/7456 7457/7457/7457 
f 7458/7458/7458 7459/7459/7459 7460/7460/7460 
f 7461/7461/7461 7462/7462/7462 7463/7463/7463 
f 7464/7464/7464 7465/7465/7465 7466/7466/7466 
f 7467/7467/7467 7468/7468/7468 7469/7469/7469 
f 7467/7467/7467 7469/7469/7469 7470/7470/7470 
f 7471/7471/7471 7472/7472/7472 7473/7473/7473 
f 7474/7474/7474 7475/7475/7475 7476/7476/7476 
f 7477/7477/7477 7478/7478/7478 7479/7479/7479 
f 7477/7477/7477 7479/7479/7479 7480/7480/7480 
f 7481/7481/7481 7482/7482/7482 7483/7483/7483 
f 7484/7484/7484 7485/7485/7485 7486/7486/7486 
f 7487/7487/7487 7488/7488/7488 7489/7489/7489 
f 7490/7490/7490 7491/7491/7491 7492/7492/7492 
f 7493/7493/7493 7494/7494/7494 7495/7495/7495 
f 7496/7496/7496 7497/7497/7497 7498/7498/7498 
f 7499/7499/7499 7500/7500/7500 7501/7501/7501 
f 7499/7499/7499 7501/7501/7501 7502/7502/7502 
f 7503/7503/7503 7504/7504/7504 7505/7505/7505 
f 7503/7503/7503 7505/7505/7505 7506/7506/7506 
f 7507/7507/7507 7508/7508/7508 7509/7509/7509 
f 7507/7507/7507 7509/7509/7509 7510/7510/7510 
f 7511/7511/7511 7512/7512/7512 7513/7513/7513 
f 7511/7511/7511 7513/7513/7513 7514/7514/7514 
f 7515/7515/7515 7516/7516/7516 7517/7517/7517 
f 7515/7515/7515 7517/7517/7517 7518/7518/7518 
f 7519/7519/7519 7520/7520/7520 7521/7521/7521 
f 7519/7519/7519 7521/7521/7521 7522/7522/7522 
f 7523/7523/7523 7524/7524/7524 7525/7525/7525 
f 7523/7523/7523 7525/7525/7525 7526/7526/7526 
f 7527/7527/7527 7528/7528/7528 7529/7529/7529 
f 7527/7527/7527 7529/7529/7529 7530/7530/7530 
f 7531/7531/7531 7532/7532/7532 7533/7533/7533 
f 7531/7531/7531 7533/7533/7533 7534/7534/7534 
f 7535/7535/7535 7536/7536/7536 7537/7537/7537 
f 7538/7538/7538 7539/7539/7539 7540/7540/7540 
f 7541/7541/7541 7542/7542/7542 7543/7543/7543 
f 7544/7544/7544 7545/7545/7545 7546/7546/7546 
f 7547/7547/7547 7548/7548/7548 7549/7549/7549 
f 7547/7547/7547 7549/7549/7549 7550/7550/7550 
f 7548/7548/7548 7547/7547/7547 7551/7551/7551 
f 7548/7548/7548 7551/7551/7551 7552/7552/7552 
f 7552/7552/7552 7553/7553/7553 7548/7548/7548 
f 7553/7553/7553 7549/7549/7549 7548/7548/7548 
f 7550/7550/7550 7549/7549/7549 7554/7554/7554 
f 7553/7553/7553 7554/7554/7554 7549/7549/7549 
f 7550/7550/7550 7554/7554/7554 7555/7555/7555 
f 7552/7552/7552 7555/7555/7555 7554/7554/7554 
f 7552/7552/7552 7554/7554/7554 7553/7553/7553 
f 7552/7552/7552 7551/7551/7551 7555/7555/7555 

